Time,Temperature,Humidity
20260808T000006Z,26.2,81.9
20260808T000021Z,26.2,82.2
20260808T000036Z,26.2,82.4
20260808T000051Z,26.2,82.4
20260808T000106Z,26.3,82.3
20260808T000121Z,26.3,82.6
20260808T000136Z,26.3,82.8
20260808T000151Z,26.3,83.0
20260808T000206Z,26.3,83.1
20260808T000221Z,26.3,83.3
20260808T000236Z,26.3,83.5
20260808T000251Z,26.4,83.7
20260808T000306Z,26.4,83.8
20260808T000321Z,26.4,83.8
20260808T000336Z,26.4,83.9
20260808T000351Z,26.4,84.2
20260808T000406Z,26.4,84.3
20260808T000421Z,26.4,84.5
20260808T000436Z,26.4,84.5
20260808T000451Z,26.5,84.5
20260808T000506Z,26.5,84.8
20260808T000521Z,26.5,84.8
20260808T000536Z,26.5,85.0
20260808T000551Z,26.5,84.9
20260808T000606Z,26.5,85.0
20260808T000621Z,26.5,85.0
20260808T000636Z,26.6,85.0
20260808T000651Z,26.6,85.1
20260808T000706Z,26.6,85.1
20260808T000721Z,26.6,85.1
20260808T000736Z,26.6,85.2
20260808T000751Z,26.6,85.2
20260808T000806Z,26.7,85.3
20260808T000821Z,26.7,85.3
20260808T000836Z,26.7,85.3
20260808T000851Z,26.7,85.3
20260808T000906Z,26.7,84.3
20260808T000921Z,26.7,84.7
20260808T000936Z,26.7,83.2
20260808T000951Z,26.7,82.2
20260808T001006Z,26.7,82.1
20260808T001021Z,26.7,81.3
20260808T001036Z,26.7,80.4
20260808T001051Z,26.7,79.7
20260808T001106Z,26.6,79.2
20260808T001121Z,26.6,78.0
20260808T001136Z,26.6,78.3
20260808T001151Z,26.5,77.7
20260808T001206Z,26.5,77.1
20260808T001221Z,26.5,76.7
20260808T001236Z,26.4,76.3
20260808T001251Z,26.4,75.4
20260808T001306Z,26.4,75.2
20260808T001321Z,26.3,73.9
20260808T001336Z,26.2,73.4
20260808T001351Z,26.2,72.9
20260808T001406Z,26.2,71.7
20260808T001421Z,26.1,71.6
20260808T001436Z,26.1,71.6
20260808T001451Z,26.0,71.5
20260808T001506Z,26.0,72.0
20260808T001521Z,26.0,73.7
20260808T001536Z,26.0,74.9
20260808T001551Z,26.0,75.3
20260808T001606Z,26.0,75.7
20260808T001621Z,26.0,76.0
20260808T001636Z,26.0,76.3
20260808T001651Z,26.0,76.4
20260808T001706Z,26.0,76.8
20260808T001721Z,26.0,77.0
20260808T001736Z,26.0,77.6
20260808T001751Z,26.0,78.0
20260808T001806Z,26.0,78.3
20260808T001821Z,26.0,78.6
20260808T001836Z,26.0,78.9
20260808T001851Z,26.0,79.3
20260808T001906Z,26.0,79.3
20260808T001921Z,26.0,79.7
20260808T001936Z,26.0,79.9
20260808T001951Z,26.0,80.3
20260808T002006Z,26.0,80.6
20260808T002021Z,26.1,80.8
20260808T002036Z,26.1,81.0
20260808T002051Z,26.1,81.4
20260808T002106Z,26.1,81.5
20260808T002121Z,26.1,81.7
20260808T002136Z,26.1,81.8
20260808T002151Z,26.1,82.1
20260808T002206Z,26.2,82.2
20260808T002221Z,26.2,82.6
20260808T002236Z,26.1,82.7
20260808T002251Z,26.2,82.8
20260808T002306Z,26.2,83.0
20260808T002321Z,26.2,83.2
20260808T002336Z,26.2,83.4
20260808T002351Z,26.2,83.6
20260808T002406Z,26.2,83.8
20260808T002421Z,26.2,83.7
20260808T002436Z,26.3,83.9
20260808T002451Z,26.3,83.9
20260808T002506Z,26.3,84.0
20260808T002521Z,26.3,84.2
20260808T002536Z,26.3,84.2
20260808T002551Z,26.3,84.4
20260808T002606Z,26.4,84.5
20260808T002621Z,26.4,84.7
20260808T002636Z,26.4,84.8
20260808T002651Z,26.4,84.6
20260808T002706Z,26.4,84.8
20260808T002721Z,26.4,84.8
20260808T002736Z,26.4,84.9
20260808T002751Z,26.4,85.0
20260808T002806Z,26.5,85.0
20260808T002821Z,26.5,85.1
20260808T002836Z,26.5,85.1
20260808T002851Z,26.5,85.1
20260808T002906Z,26.6,85.1
20260808T002921Z,26.6,85.2
20260808T002936Z,26.6,85.3
20260808T002951Z,26.6,85.2
20260808T003006Z,26.6,85.3
20260808T003021Z,26.6,85.3
20260808T003036Z,26.7,85.3
20260808T003051Z,26.7,85.3
20260808T003106Z,26.7,85.4
20260808T003121Z,26.7,85.1
20260808T003136Z,26.7,84.9
20260808T003151Z,26.7,83.3
20260808T003206Z,26.7,82.6
20260808T003221Z,26.7,82.5
20260808T003236Z,26.7,81.7
20260808T003251Z,26.7,80.6
20260808T003306Z,26.7,80.4
20260808T003321Z,26.7,79.9
20260808T003336Z,26.6,79.1
20260808T003351Z,26.6,78.6
20260808T003406Z,26.6,77.5
20260808T003421Z,26.6,77.5
20260808T003436Z,26.5,76.5
20260808T003451Z,26.5,75.9
20260808T003506Z,26.4,75.4
20260808T003521Z,26.4,74.5
20260808T003536Z,26.3,74.6
20260808T003551Z,26.3,73.8
20260808T003606Z,26.3,72.5
20260808T003621Z,26.2,72.7
20260808T003636Z,26.2,72.1
20260808T003651Z,26.1,71.3
20260808T003706Z,26.0,70.8
20260808T003721Z,26.0,70.5
20260808T003736Z,26.0,71.9
20260808T003751Z,25.9,72.8
20260808T003806Z,25.9,74.4
20260808T003821Z,25.9,75.0
20260808T003836Z,25.9,75.4
20260808T003851Z,25.9,75.9
20260808T003906Z,25.9,76.1
20260808T003921Z,25.9,76.4
20260808T003936Z,26.0,76.5
20260808T003951Z,25.9,77.1
20260808T004006Z,26.0,77.1
20260808T004021Z,26.0,77.7
20260808T004036Z,26.0,77.9
20260808T004051Z,26.0,78.2
20260808T004106Z,26.0,78.5
20260808T004121Z,26.0,78.7
20260808T004136Z,26.0,78.8
20260808T004151Z,26.0,79.3
20260808T004206Z,26.0,79.5
20260808T004221Z,26.1,79.7
20260808T004236Z,26.1,79.9
20260808T004251Z,26.1,80.1
20260808T004306Z,26.1,80.3
20260808T004321Z,26.1,80.6
20260808T004336Z,26.1,80.7
20260808T004351Z,26.1,80.9
20260808T004406Z,26.2,81.1
20260808T004421Z,26.2,81.3
20260808T004436Z,26.2,81.6
20260808T004451Z,26.2,81.7
20260808T004506Z,26.2,82.1
20260808T004521Z,26.2,82.1
20260808T004536Z,26.2,82.3
20260808T004551Z,26.3,82.5
20260808T004606Z,26.3,83.0
20260808T004621Z,26.3,83.0
20260808T004636Z,26.3,83.3
20260808T004651Z,26.3,83.3
20260808T004706Z,26.3,83.4
20260808T004721Z,26.3,83.6
20260808T004736Z,26.3,83.8
20260808T004751Z,26.3,83.7
20260808T004806Z,26.3,83.7
20260808T004821Z,26.4,84.0
20260808T004836Z,26.4,84.0
20260808T004851Z,26.4,84.3
20260808T004906Z,26.4,84.2
20260808T004921Z,26.4,84.4
20260808T004936Z,26.5,84.5
20260808T004951Z,26.5,84.6
20260808T005006Z,26.5,84.6
20260808T005021Z,26.5,84.7
20260808T005036Z,26.5,84.8
20260808T005051Z,26.5,84.8
20260808T005106Z,26.5,84.8
20260808T005121Z,26.5,84.9
20260808T005136Z,26.6,84.9
20260808T005151Z,26.6,85.0
20260808T005206Z,26.6,85.1
20260808T005221Z,26.6,85.2
20260808T005236Z,26.6,85.1
20260808T005251Z,26.6,85.2
20260808T005306Z,26.7,85.1
20260808T005321Z,26.7,85.2
20260808T005336Z,26.7,85.1
20260808T005351Z,26.7,84.7
20260808T005406Z,26.7,83.7
20260808T005421Z,26.7,82.6
20260808T005436Z,26.7,82.5
20260808T005451Z,26.7,82.1
20260808T005506Z,26.7,81.3
20260808T005521Z,26.7,80.8
20260808T005536Z,26.7,79.9
20260808T005551Z,26.6,79.0
20260808T005606Z,26.6,78.0
20260808T005621Z,26.6,77.8
20260808T005636Z,26.5,76.9
20260808T005651Z,26.5,77.0
20260808T005706Z,26.4,76.0
20260808T005721Z,26.4,75.7
20260808T005736Z,26.4,75.1
20260808T005751Z,26.3,74.3
20260808T005806Z,26.3,74.1
20260808T005821Z,26.2,73.8
20260808T005836Z,26.2,73.0
20260808T005851Z,26.2,72.6
20260808T005906Z,26.1,71.8
20260808T005921Z,26.1,71.3
20260808T005936Z,26.0,71.0
20260808T005951Z,26.0,72.2
20260808T010006Z,26.0,73.3
20260808T010021Z,26.0,74.1
20260808T010036Z,26.0,75.1
20260808T010051Z,25.9,75.6
20260808T010106Z,26.0,75.9
20260808T010121Z,26.0,76.2
20260808T010136Z,26.0,76.5
20260808T010151Z,26.0,76.7
20260808T010206Z,26.0,77.0
20260808T010221Z,26.0,77.5
20260808T010236Z,26.0,77.8
20260808T010251Z,26.0,78.0
20260808T010306Z,26.0,78.5
20260808T010321Z,26.0,78.5
20260808T010336Z,26.0,78.8
20260808T010351Z,26.0,79.0
20260808T010406Z,26.0,79.2
20260808T010421Z,26.0,79.8
20260808T010436Z,26.0,79.9
20260808T010451Z,26.1,80.2
20260808T010506Z,26.1,80.4
20260808T010521Z,26.1,80.4
20260808T010536Z,26.1,80.8
20260808T010551Z,26.1,81.1
20260808T010606Z,26.1,81.2
20260808T010621Z,26.1,81.5
20260808T010636Z,26.1,81.5
20260808T010651Z,26.1,81.9
20260808T010706Z,26.2,81.9
20260808T010721Z,26.2,82.2
20260808T010736Z,26.2,82.2
20260808T010751Z,26.2,82.6
20260808T010806Z,26.2,82.7
20260808T010821Z,26.2,82.9
20260808T010836Z,26.3,82.9
20260808T010851Z,26.3,83.2
20260808T010906Z,26.3,83.5
20260808T010921Z,26.3,83.5
20260808T010936Z,26.3,83.7
20260808T010951Z,26.3,83.9
20260808T011006Z,26.3,83.8
20260808T011021Z,26.3,84.1
20260808T011036Z,26.3,84.2
20260808T011051Z,26.4,84.3
20260808T011106Z,26.4,84.4
20260808T011121Z,26.4,84.4
20260808T011136Z,26.4,84.6
20260808T011151Z,26.4,84.7
20260808T011206Z,26.4,84.7
20260808T011221Z,26.4,84.8
20260808T011236Z,26.5,84.8
20260808T011251Z,26.5,84.8
20260808T011306Z,26.5,85.0
20260808T011321Z,26.5,85.1
20260808T011336Z,26.5,85.1
20260808T011351Z,26.5,85.2
20260808T011406Z,26.5,85.2
20260808T011421Z,26.5,85.3
20260808T011436Z,26.6,85.3
20260808T011451Z,26.6,85.2
20260808T011506Z,26.6,85.3
20260808T011521Z,26.6,85.4
20260808T011536Z,26.6,85.5
20260808T011551Z,26.6,85.5
20260808T011606Z,26.7,85.5
20260808T011621Z,26.7,85.5
20260808T011636Z,26.7,84.6
20260808T011651Z,26.7,84.2
20260808T011706Z,26.6,82.9
20260808T011721Z,26.6,82.6
20260808T011736Z,26.6,82.2
20260808T011751Z,26.6,81.4
20260808T011806Z,26.6,80.4
20260808T011821Z,26.6,80.1
20260808T011836Z,26.5,79.9
20260808T011851Z,26.5,78.8
20260808T011906Z,26.5,78.1
20260808T011921Z,26.5,77.8
20260808T011936Z,26.4,77.3
20260808T011951Z,26.4,76.9
20260808T012006Z,26.3,75.7
20260808T012021Z,26.3,75.7
20260808T012036Z,26.3,75.0
20260808T012051Z,26.2,74.5
20260808T012106Z,26.2,73.8
20260808T012121Z,26.1,73.1
20260808T012136Z,26.1,72.3
20260808T012151Z,26.0,72.0
20260808T012206Z,26.0,70.9
20260808T012221Z,25.9,72.0
20260808T012236Z,25.9,72.8
20260808T012251Z,25.9,74.3
20260808T012306Z,25.9,75.4
20260808T012321Z,25.9,76.1
20260808T012336Z,25.9,76.1
20260808T012351Z,25.8,76.4
20260808T012406Z,25.9,76.7
20260808T012421Z,25.9,77.1
20260808T012436Z,25.9,77.5
20260808T012451Z,25.9,77.8
20260808T012506Z,25.9,78.0
20260808T012521Z,25.9,78.4
20260808T012536Z,25.9,78.6
20260808T012551Z,25.9,79.0
20260808T012606Z,25.9,79.2
20260808T012621Z,25.9,79.3
20260808T012636Z,26.0,79.9
20260808T012651Z,26.0,80.0
20260808T012706Z,26.0,80.3
20260808T012721Z,26.0,80.4
20260808T012736Z,26.0,80.6
20260808T012751Z,26.0,80.7
20260808T012806Z,26.0,80.9
20260808T012821Z,26.0,81.2
20260808T012836Z,26.0,81.6
20260808T012851Z,26.1,81.9
20260808T012906Z,26.1,81.9
20260808T012921Z,26.1,82.0
20260808T012936Z,26.1,82.2
20260808T012951Z,26.1,82.5
20260808T013006Z,26.1,82.8
20260808T013021Z,26.2,82.9
20260808T013036Z,26.2,83.1
20260808T013051Z,26.2,83.1
20260808T013106Z,26.2,83.2
20260808T013121Z,26.2,83.4
20260808T013136Z,26.2,83.7
20260808T013151Z,26.2,83.8
20260808T013206Z,26.2,84.0
20260808T013221Z,26.3,84.2
20260808T013236Z,26.3,84.2
20260808T013251Z,26.3,84.4
20260808T013306Z,26.3,84.6
20260808T013321Z,26.3,84.6
20260808T013336Z,26.3,84.8
20260808T013351Z,26.3,84.9
20260808T013406Z,26.3,85.0
20260808T013421Z,26.4,85.1
20260808T013436Z,26.4,85.1
20260808T013451Z,26.4,85.2
20260808T013506Z,26.4,85.2
20260808T013521Z,26.4,85.2
20260808T013536Z,26.4,85.3
20260808T013551Z,26.5,85.2
20260808T013606Z,26.5,85.4
20260808T013621Z,26.5,85.5
20260808T013636Z,26.5,85.6
20260808T013651Z,26.5,85.7
20260808T013706Z,26.5,85.6
20260808T013721Z,26.6,85.7
20260808T013736Z,26.6,85.7
20260808T013751Z,26.6,85.7
20260808T013806Z,26.6,85.7
20260808T013821Z,26.6,84.9
20260808T013836Z,26.6,85.0
20260808T013851Z,26.6,83.6
20260808T013906Z,26.5,82.9
20260808T013921Z,26.5,82.1
20260808T013936Z,26.4,81.2
20260808T013951Z,26.4,81.2
20260808T014006Z,26.3,80.2
20260808T014021Z,26.3,79.3
20260808T014036Z,26.2,79.0
20260808T014051Z,26.1,78.3
20260808T014106Z,26.1,78.0
20260808T014121Z,26.0,77.7
20260808T014136Z,26.0,76.8
20260808T014151Z,25.9,76.8
20260808T014206Z,25.8,75.4
20260808T014221Z,25.8,75.6
20260808T014236Z,25.7,74.7
20260808T014251Z,25.7,74.7
20260808T014306Z,25.6,74.4
20260808T014321Z,25.6,73.9
20260808T014336Z,25.6,73.5
20260808T014351Z,25.6,72.9
20260808T014406Z,25.5,72.1
20260808T014421Z,25.5,71.9
20260808T014436Z,25.5,71.2
20260808T014451Z,25.5,70.8
20260808T014506Z,25.5,69.8
20260808T014521Z,25.5,69.3
20260808T014536Z,25.5,68.8
20260808T014551Z,25.4,68.6
20260808T014606Z,25.4,68.2
20260808T014621Z,25.4,67.0
20260808T014636Z,25.4,68.1
20260808T014651Z,25.4,69.3
20260808T014706Z,25.4,71.3
20260808T014721Z,25.4,72.6
20260808T014736Z,25.4,73.1
20260808T014751Z,25.4,73.6
20260808T014806Z,25.4,73.8
20260808T014821Z,25.4,74.5
20260808T014836Z,25.4,75.0
20260808T014851Z,25.4,75.3
20260808T014906Z,25.4,75.7
20260808T014921Z,25.4,76.1
20260808T014936Z,25.4,76.6
20260808T014951Z,25.4,76.8
20260808T015006Z,25.4,77.6
20260808T015021Z,25.4,78.2
20260808T015036Z,25.4,78.3
20260808T015051Z,25.4,78.9
20260808T015106Z,25.5,79.4
20260808T015121Z,25.5,79.6
20260808T015136Z,25.5,79.9
20260808T015151Z,25.5,80.3
20260808T015206Z,25.5,80.6
20260808T015221Z,25.5,80.8
20260808T015236Z,25.6,81.1
20260808T015251Z,25.6,81.4
20260808T015306Z,25.6,81.7
20260808T015321Z,25.6,81.9
20260808T015336Z,25.7,82.3
20260808T015351Z,25.7,82.2
20260808T015406Z,25.7,82.6
20260808T015421Z,25.7,82.9
20260808T015436Z,25.8,83.1
20260808T015451Z,25.8,83.2
20260808T015506Z,25.8,83.2
20260808T015521Z,25.8,83.3
20260808T015536Z,25.8,81.4
20260808T015551Z,25.8,80.9
20260808T015606Z,25.8,80.0
20260808T015621Z,25.8,79.1
20260808T015636Z,25.7,78.4
20260808T015651Z,25.7,77.2
20260808T015706Z,25.6,76.7
20260808T015721Z,25.6,76.5
20260808T015736Z,25.5,75.3
20260808T015751Z,25.5,75.0
20260808T015806Z,25.5,75.3
20260808T015821Z,25.4,73.8
20260808T015836Z,25.4,74.3
20260808T015851Z,25.4,73.0
20260808T015906Z,25.3,72.3
20260808T015921Z,25.3,72.5
20260808T015936Z,25.3,71.7
20260808T015951Z,25.2,71.4
20260808T020006Z,25.2,70.8
20260808T020021Z,25.2,69.6
20260808T020036Z,25.2,69.7
20260808T020051Z,25.1,69.5
20260808T020106Z,25.1,70.1
20260808T020121Z,25.1,71.4
20260808T020136Z,25.2,73.5
20260808T020151Z,25.2,74.3
20260808T020206Z,25.2,74.6
20260808T020221Z,25.2,75.1
20260808T020236Z,25.2,75.5
20260808T020251Z,25.2,76.0
20260808T020306Z,25.2,76.0
20260808T020321Z,25.2,76.7
20260808T020336Z,25.2,77.1
20260808T020351Z,25.2,77.4
20260808T020406Z,25.3,78.2
20260808T020421Z,25.3,78.4
20260808T020436Z,25.3,78.6
20260808T020451Z,25.3,78.9
20260808T020506Z,25.3,79.5
20260808T020521Z,25.3,79.7
20260808T020536Z,25.4,80.2
20260808T020551Z,25.4,80.4
20260808T020606Z,25.4,80.6
20260808T020621Z,25.4,80.9
20260808T020636Z,25.4,81.3
20260808T020651Z,25.5,81.5
20260808T020706Z,25.5,81.9
20260808T020721Z,25.5,82.1
20260808T020736Z,25.5,82.2
20260808T020751Z,25.6,82.6
20260808T020806Z,25.6,82.9
20260808T020821Z,25.6,83.0
20260808T020836Z,25.6,83.1
20260808T020851Z,25.7,83.3
20260808T020906Z,25.7,83.6
20260808T020921Z,25.7,83.7
20260808T020936Z,25.7,83.9
20260808T020951Z,25.7,84.1
20260808T021006Z,25.7,84.1
20260808T021021Z,25.8,84.2
20260808T021036Z,25.8,83.5
20260808T021051Z,25.8,83.4
20260808T021106Z,25.8,81.7
20260808T021121Z,25.8,81.0
20260808T021136Z,25.7,80.3
20260808T021151Z,25.7,79.6
20260808T021206Z,25.7,79.3
20260808T021221Z,25.6,78.0
20260808T021236Z,25.6,77.9
20260808T021251Z,25.5,77.1
20260808T021306Z,25.5,76.0
20260808T021321Z,25.4,75.9
20260808T021336Z,25.4,74.8
20260808T021351Z,25.3,74.6
20260808T021406Z,25.3,74.0
20260808T021421Z,25.2,73.7
20260808T021436Z,25.2,73.6
20260808T021451Z,25.2,73.4
20260808T021506Z,25.1,72.7
20260808T021521Z,25.1,72.1
20260808T021536Z,25.1,71.3
20260808T021551Z,25.1,70.5
20260808T021606Z,25.1,70.1
20260808T021621Z,25.1,71.3
20260808T021636Z,25.0,72.7
20260808T021651Z,25.1,74.3
20260808T021706Z,25.1,75.2
20260808T021721Z,25.1,75.9
20260808T021736Z,25.1,76.0
20260808T021751Z,25.1,76.5
20260808T021806Z,25.1,76.6
20260808T021821Z,25.1,77.2
20260808T021836Z,25.1,77.7
20260808T021851Z,25.1,78.0
20260808T021906Z,25.2,78.2
20260808T021921Z,25.2,78.7
20260808T021936Z,25.2,79.2
20260808T021951Z,25.2,79.5
20260808T022006Z,25.2,79.7
20260808T022021Z,25.2,80.4
20260808T022036Z,25.3,80.8
20260808T022051Z,25.3,81.0
20260808T022106Z,25.3,81.3
20260808T022121Z,25.3,81.7
20260808T022136Z,25.3,81.9
20260808T022151Z,25.4,82.1
20260808T022206Z,25.4,82.4
20260808T022221Z,25.4,82.6
20260808T022236Z,25.4,82.8
20260808T022251Z,25.4,83.1
20260808T022306Z,25.5,83.1
20260808T022321Z,25.5,83.7
20260808T022336Z,25.5,83.6
20260808T022351Z,25.5,83.7
20260808T022406Z,25.6,83.9
20260808T022421Z,25.6,84.2
20260808T022436Z,25.6,84.3
20260808T022451Z,25.6,84.4
20260808T022506Z,25.7,84.7
20260808T022521Z,25.7,84.8
20260808T022536Z,25.7,84.8
20260808T022551Z,25.7,85.0
20260808T022606Z,25.8,84.1
20260808T022621Z,25.8,84.0
20260808T022636Z,25.7,82.7
20260808T022651Z,25.7,81.9
20260808T022706Z,25.7,81.2
20260808T022721Z,25.7,80.1
20260808T022736Z,25.7,79.5
20260808T022751Z,25.6,78.6
20260808T022806Z,25.6,77.8
20260808T022821Z,25.5,77.6
20260808T022836Z,25.5,76.3
20260808T022851Z,25.4,76.0
20260808T022906Z,25.4,75.2
20260808T022921Z,25.3,74.1
20260808T022936Z,25.3,73.9
20260808T022951Z,25.2,74.0
20260808T023006Z,25.2,73.7
20260808T023021Z,25.1,73.5
20260808T023036Z,25.1,71.5
20260808T023051Z,25.1,72.2
20260808T023106Z,25.0,71.9
20260808T023121Z,25.0,71.3
20260808T023136Z,25.0,70.9
20260808T023151Z,25.0,70.8
20260808T023206Z,25.0,72.4
20260808T023221Z,25.0,73.4
20260808T023236Z,25.0,75.0
20260808T023251Z,25.0,75.7
20260808T023306Z,25.0,76.3
20260808T023321Z,25.0,76.6
20260808T023336Z,25.0,76.8
20260808T023351Z,25.0,77.4
20260808T023406Z,25.0,77.7
20260808T023421Z,25.1,78.4
20260808T023436Z,25.1,78.5
20260808T023451Z,25.1,78.9
20260808T023506Z,25.1,79.2
20260808T023521Z,25.1,79.5
20260808T023536Z,25.1,80.2
20260808T023551Z,25.2,80.6
20260808T023606Z,25.2,80.9
20260808T023621Z,25.2,81.1
20260808T023636Z,25.2,81.4
20260808T023651Z,25.3,81.8
20260808T023706Z,25.3,81.8
20260808T023721Z,25.3,82.2
20260808T023736Z,25.3,82.7
20260808T023751Z,25.4,82.8
20260808T023806Z,25.4,83.1
20260808T023821Z,25.4,83.1
20260808T023836Z,25.4,83.4
20260808T023851Z,25.5,83.7
20260808T023906Z,25.5,84.0
20260808T023921Z,25.5,83.9
20260808T023936Z,25.5,84.2
20260808T023951Z,25.5,84.3
20260808T024006Z,25.6,84.5
20260808T024021Z,25.6,84.8
20260808T024036Z,25.6,84.8
20260808T024051Z,25.7,85.0
20260808T024106Z,25.7,85.2
20260808T024121Z,25.7,85.2
20260808T024136Z,25.7,84.5
20260808T024151Z,25.7,84.6
20260808T024206Z,25.7,82.5
20260808T024221Z,25.7,81.9
20260808T024236Z,25.7,81.4
20260808T024251Z,25.6,80.4
20260808T024306Z,25.6,79.7
20260808T024321Z,25.5,78.4
20260808T024336Z,25.5,78.8
20260808T024351Z,25.4,77.3
20260808T024406Z,25.4,77.3
20260808T024421Z,25.3,77.0
20260808T024436Z,25.3,75.5
20260808T024451Z,25.2,75.6
20260808T024506Z,25.2,74.7
20260808T024521Z,25.1,74.9
20260808T024536Z,25.1,74.4
20260808T024551Z,25.1,73.5
20260808T024606Z,25.0,73.3
20260808T024621Z,25.0,73.0
20260808T024636Z,25.0,72.3
20260808T024651Z,25.0,71.8
20260808T024706Z,25.0,71.3
20260808T024721Z,25.0,71.2
20260808T024736Z,25.0,72.1
20260808T024751Z,25.0,74.0
20260808T024806Z,25.0,75.3
20260808T024821Z,25.0,76.0
20260808T024836Z,25.0,76.3
20260808T024851Z,25.0,76.8
20260808T024906Z,25.0,77.1
20260808T024921Z,25.0,77.5
20260808T024936Z,25.1,77.8
20260808T024951Z,25.1,78.3
20260808T025006Z,25.1,78.5
20260808T025021Z,25.1,79.0
20260808T025036Z,25.1,79.5
20260808T025051Z,25.1,79.8
20260808T025106Z,25.2,80.4
20260808T025121Z,25.2,80.7
20260808T025137Z,25.2,80.8
20260808T025152Z,25.2,81.2
20260808T025207Z,25.2,81.4
20260808T025222Z,25.2,81.8
20260808T025237Z,25.3,82.3
20260808T025252Z,25.3,82.7
20260808T025307Z,25.3,82.9
20260808T025322Z,25.3,82.9
20260808T025337Z,25.4,83.0
20260808T025352Z,25.4,83.3
20260808T025407Z,25.4,83.6
20260808T025422Z,25.4,83.9
20260808T025437Z,25.5,84.1
20260808T025452Z,25.5,84.3
20260808T025507Z,25.5,84.4
20260808T025522Z,25.5,84.7
20260808T025537Z,25.5,84.9
20260808T025552Z,25.6,85.0
20260808T025607Z,25.6,85.1
20260808T025622Z,25.6,85.3
20260808T025637Z,25.6,85.3
20260808T025652Z,25.6,85.4
20260808T025707Z,25.7,85.2
20260808T025722Z,25.7,85.1
20260808T025737Z,25.7,83.4
20260808T025752Z,25.7,82.6
20260808T025807Z,25.7,81.6
20260808T025822Z,25.6,81.1
20260808T025837Z,25.6,80.4
20260808T025852Z,25.6,79.4
20260808T025907Z,25.5,78.6
20260808T025922Z,25.5,78.3
20260808T025937Z,25.4,77.5
20260808T025952Z,25.4,77.6
20260808T030007Z,25.3,76.8
20260808T030022Z,25.3,76.9
20260808T030037Z,25.3,75.6
20260808T030052Z,25.3,74.4
20260808T030107Z,25.2,73.9
20260808T030122Z,25.2,73.1
20260808T030137Z,25.1,73.3
20260808T030152Z,25.1,72.7
20260808T030207Z,25.0,72.1
20260808T030222Z,25.0,71.8
20260808T030237Z,25.0,71.5
20260808T030252Z,24.9,71.4
20260808T030307Z,24.9,71.9
20260808T030322Z,24.9,73.7
20260808T030337Z,24.9,75.2
20260808T030352Z,25.0,76.2
20260808T030407Z,25.0,76.5
20260808T030422Z,25.0,76.9
20260808T030437Z,25.0,77.2
20260808T030452Z,25.0,77.4
20260808T030507Z,25.0,78.2
20260808T030522Z,25.1,78.7
20260808T030537Z,25.1,79.0
20260808T030552Z,25.1,79.8
20260808T030607Z,25.1,80.3
20260808T030622Z,25.1,80.5
20260808T030637Z,25.2,81.0
20260808T030652Z,25.2,81.4
20260808T030707Z,25.2,81.6
20260808T030722Z,25.2,82.0
20260808T030737Z,25.2,82.2
20260808T030752Z,25.3,82.5
20260808T030807Z,25.3,82.8
20260808T030822Z,25.3,83.2
20260808T030837Z,25.3,83.6
20260808T030852Z,25.3,83.7
20260808T030907Z,25.4,84.0
20260808T030922Z,25.4,84.2
20260808T030937Z,25.4,84.5
20260808T030952Z,25.5,84.7
20260808T031007Z,25.5,85.0
20260808T031022Z,25.5,84.9
20260808T031037Z,25.5,85.2
20260808T031052Z,25.6,85.5
20260808T031107Z,25.6,85.7
20260808T031122Z,25.6,85.3
20260808T031137Z,25.6,85.5
20260808T031152Z,25.6,83.8
20260808T031207Z,25.6,83.0
20260808T031222Z,25.6,82.2
20260808T031237Z,25.6,81.9
20260808T031252Z,25.6,80.8
20260808T031307Z,25.6,80.1
20260808T031322Z,25.6,79.6
20260808T031337Z,25.5,78.6
20260808T031352Z,25.5,77.6
20260808T031407Z,25.4,77.1
20260808T031422Z,25.4,76.8
20260808T031437Z,25.4,75.5
20260808T031452Z,25.3,75.7
20260808T031507Z,25.3,74.7
20260808T031522Z,25.2,74.3
20260808T031537Z,25.2,74.5
20260808T031552Z,25.2,73.5
20260808T031607Z,25.2,73.2
20260808T031622Z,25.1,72.1
20260808T031637Z,25.1,71.6
20260808T031652Z,25.1,71.3
20260808T031707Z,25.1,70.7
20260808T031722Z,25.0,70.1
20260808T031737Z,25.0,69.9
20260808T031752Z,25.0,69.4
20260808T031807Z,25.0,69.8
20260808T031822Z,25.0,71.4
20260808T031837Z,25.0,72.7
20260808T031852Z,25.0,73.9
20260808T031907Z,25.0,74.6
20260808T031922Z,25.0,75.1
20260808T031937Z,25.0,75.4
20260808T031952Z,25.0,76.1
20260808T032007Z,25.0,76.6
20260808T032022Z,25.0,76.9
20260808T032037Z,25.1,77.4
20260808T032052Z,25.1,77.8
20260808T032107Z,25.1,78.4
20260808T032122Z,25.1,78.7
20260808T032137Z,25.1,79.2
20260808T032152Z,25.2,79.9
20260808T032207Z,25.2,80.2
20260808T032222Z,25.2,80.7
20260808T032237Z,25.2,80.8
20260808T032252Z,25.2,81.0
20260808T032307Z,25.2,81.7
20260808T032322Z,25.2,82.1
20260808T032337Z,25.3,82.2
20260808T032352Z,25.3,82.4
20260808T032407Z,25.3,82.8
20260808T032422Z,25.3,83.0
20260808T032437Z,25.3,83.2
20260808T032452Z,25.4,83.7
20260808T032507Z,25.4,83.8
20260808T032522Z,25.4,84.0
20260808T032537Z,25.5,84.3
20260808T032552Z,25.5,84.4
20260808T032607Z,25.5,84.7
20260808T032622Z,25.5,84.7
20260808T032637Z,25.6,84.8
20260808T032652Z,25.6,85.1
20260808T032707Z,25.6,85.4
20260808T032722Z,25.6,85.5
20260808T032737Z,25.7,85.4
20260808T032752Z,25.7,85.6
20260808T032807Z,25.7,85.7
20260808T032822Z,25.7,85.8
20260808T032837Z,25.8,85.9
20260808T032852Z,25.8,86.0
20260808T032907Z,25.8,86.1
20260808T032922Z,25.8,86.2
20260808T032937Z,25.9,86.2
20260808T032952Z,25.9,86.3
20260808T033007Z,25.9,86.3
20260808T033022Z,25.9,86.3
20260808T033037Z,26.0,86.4
20260808T033052Z,26.0,86.5
20260808T033107Z,26.0,86.6
20260808T033122Z,26.0,86.5
20260808T033137Z,26.1,86.6
20260808T033152Z,26.1,86.7
20260808T033207Z,26.1,86.6
20260808T033222Z,26.1,86.6
20260808T033237Z,26.2,86.8
20260808T033252Z,26.2,86.7
20260808T033307Z,26.2,86.7
20260808T033322Z,26.2,86.8
20260808T033337Z,26.3,86.8
20260808T033352Z,26.3,86.8
20260808T033407Z,26.3,86.8
20260808T033422Z,26.3,86.7
20260808T033437Z,26.3,86.8
20260808T033452Z,26.4,86.7
20260808T033507Z,26.4,86.7
20260808T033522Z,26.4,86.8
20260808T033537Z,26.4,86.8
20260808T033552Z,26.4,86.8
20260808T033607Z,26.4,86.7
20260808T033622Z,26.5,86.6
20260808T033637Z,26.4,84.4
20260808T033652Z,26.4,84.1
20260808T033707Z,26.4,83.3
20260808T033722Z,26.3,82.3
20260808T033737Z,26.3,81.9
20260808T033752Z,26.2,81.0
20260808T033807Z,26.2,80.3
20260808T033822Z,26.1,79.9
20260808T033837Z,26.0,79.0
20260808T033852Z,25.9,78.8
20260808T033907Z,25.9,78.1
20260808T033922Z,25.8,77.2
20260808T033937Z,25.7,77.5
20260808T033952Z,25.7,76.7
20260808T034007Z,25.6,76.0
20260808T034022Z,25.5,75.0
20260808T034037Z,25.5,74.8
20260808T034052Z,25.4,74.8
20260808T034107Z,25.4,73.9
20260808T034122Z,25.3,74.9
20260808T034137Z,25.3,76.1
20260808T034152Z,25.3,77.5
20260808T034207Z,25.3,78.4
20260808T034222Z,25.3,79.4
20260808T034237Z,25.3,79.8
20260808T034252Z,25.3,80.0
20260808T034307Z,25.3,80.4
20260808T034322Z,25.3,81.0
20260808T034337Z,25.3,81.3
20260808T034352Z,25.3,81.7
20260808T034407Z,25.3,81.9
20260808T034422Z,25.4,82.2
20260808T034437Z,25.4,82.8
20260808T034452Z,25.4,83.1
20260808T034507Z,25.4,83.4
20260808T034522Z,25.4,83.8
20260808T034537Z,25.5,84.1
20260808T034552Z,25.5,84.3
20260808T034607Z,25.5,84.6
20260808T034622Z,25.5,85.0
20260808T034637Z,25.5,85.1
20260808T034652Z,25.5,85.4
20260808T034707Z,25.6,85.5
20260808T034722Z,25.6,85.7
20260808T034737Z,25.6,86.0
20260808T034752Z,25.6,86.0
20260808T034807Z,25.6,86.3
20260808T034822Z,25.7,86.5
20260808T034837Z,25.7,86.6
20260808T034852Z,25.7,86.7
20260808T034907Z,25.7,87.0
20260808T034922Z,25.8,86.9
20260808T034937Z,25.8,87.0
20260808T034952Z,25.8,87.0
20260808T035007Z,25.8,87.2
20260808T035022Z,25.9,87.2
20260808T035037Z,25.9,87.4
20260808T035052Z,25.9,87.4
20260808T035107Z,25.9,87.4
20260808T035122Z,26.0,87.4
20260808T035137Z,26.0,87.4
20260808T035152Z,26.0,87.6
20260808T035207Z,26.0,87.5
20260808T035222Z,26.1,87.5
20260808T035237Z,26.1,87.5
20260808T035252Z,26.1,87.6
20260808T035307Z,26.1,87.6
20260808T035322Z,26.2,87.6
20260808T035337Z,26.2,87.6
20260808T035352Z,26.2,87.6
20260808T035407Z,26.2,87.6
20260808T035422Z,26.3,87.6
20260808T035437Z,26.3,87.5
20260808T035452Z,26.3,87.6
20260808T035507Z,26.3,87.6
20260808T035522Z,26.4,87.5
20260808T035537Z,26.4,87.5
20260808T035552Z,26.4,87.5
20260808T035607Z,26.4,87.5
20260808T035622Z,26.4,87.4
20260808T035637Z,26.5,87.5
20260808T035652Z,26.5,87.4
20260808T035707Z,26.5,87.4
20260808T035722Z,26.5,87.4
20260808T035737Z,26.5,87.4
20260808T035752Z,26.6,87.4
20260808T035807Z,26.6,87.4
20260808T035822Z,26.6,87.4
20260808T035837Z,26.6,87.3
20260808T035852Z,26.6,87.3
20260808T035907Z,26.6,87.3
20260808T035922Z,26.7,87.3
20260808T035937Z,26.7,87.2
20260808T035952Z,26.7,87.2
20260808T040007Z,26.7,87.2
20260808T040022Z,26.7,87.2
20260808T040037Z,26.7,87.2
20260808T040052Z,26.8,87.1
20260808T040107Z,26.8,87.1
20260808T040122Z,26.8,87.1
20260808T040137Z,26.8,87.1
20260808T040152Z,26.8,87.0
20260808T040207Z,26.8,87.0
20260808T040222Z,26.8,87.0
20260808T040237Z,26.8,87.0
20260808T040252Z,26.8,87.0
20260808T040307Z,26.9,86.9
20260808T040322Z,26.9,86.9
20260808T040337Z,26.9,86.9
20260808T040352Z,26.9,86.9
20260808T040407Z,26.9,86.9
20260808T040422Z,26.9,86.9
20260808T040437Z,26.9,86.9
20260808T040452Z,26.9,86.9
20260808T040507Z,26.9,86.9
20260808T040522Z,26.9,86.9
20260808T040537Z,27.0,86.8
20260808T040552Z,27.0,86.8
20260808T040607Z,27.0,86.8
20260808T040622Z,27.0,86.8
20260808T040637Z,27.0,86.8
20260808T040652Z,27.0,86.8
20260808T040707Z,27.0,86.8
20260808T040722Z,27.0,86.7
20260808T040737Z,27.0,86.7
20260808T040752Z,27.0,86.7
20260808T040807Z,27.1,86.7
20260808T040822Z,27.1,86.7
20260808T040837Z,27.1,86.7
20260808T040852Z,27.1,86.7
20260808T040907Z,27.1,86.6
20260808T040922Z,27.1,86.7
20260808T040937Z,27.1,86.7
20260808T040952Z,27.1,86.6
20260808T041007Z,27.1,86.7
20260808T041022Z,27.1,86.6
20260808T041037Z,27.1,86.6
20260808T041052Z,27.1,86.6
20260808T041107Z,27.1,86.6
20260808T041122Z,27.2,86.6
20260808T041137Z,27.2,86.5
20260808T041152Z,27.2,86.6
20260808T041207Z,27.2,86.5
20260808T041222Z,27.2,86.5
20260808T041237Z,27.2,86.5
20260808T041252Z,27.2,86.5
20260808T041307Z,27.2,86.5
20260808T041322Z,27.2,86.5
20260808T041337Z,27.2,86.5
20260808T041352Z,27.2,86.5
20260808T041407Z,27.2,86.5
20260808T041422Z,27.2,86.5
20260808T041437Z,27.2,86.5
20260808T041452Z,27.3,86.4
20260808T041507Z,27.2,86.5
20260808T041522Z,27.3,86.5
20260808T041537Z,27.3,86.4
20260808T041552Z,27.3,86.4
20260808T041607Z,27.3,86.4
20260808T041622Z,27.3,86.4
20260808T041637Z,27.3,86.4
20260808T041652Z,27.3,86.4
20260808T041707Z,27.3,86.4
20260808T041722Z,27.3,86.4
20260808T041737Z,27.3,86.3
20260808T041752Z,27.3,86.4
20260808T041807Z,27.3,86.3
20260808T041822Z,27.3,86.4
20260808T041837Z,27.4,86.3
20260808T041852Z,27.3,86.3
20260808T041907Z,27.3,86.3
20260808T041922Z,27.4,86.3
20260808T041937Z,27.4,86.2
20260808T041952Z,27.4,86.3
20260808T042007Z,27.4,86.2
20260808T042022Z,27.4,86.2
20260808T042037Z,27.4,86.2
20260808T042052Z,27.4,86.2
20260808T042107Z,27.4,86.2
20260808T042122Z,27.4,86.2
20260808T042137Z,27.4,86.1
20260808T042152Z,27.4,86.2
20260808T042207Z,27.4,84.2
20260808T042222Z,27.3,83.8
20260808T042237Z,27.3,83.1
20260808T042252Z,27.2,82.7
20260808T042307Z,27.1,81.9
20260808T042322Z,27.0,81.2
20260808T042337Z,27.0,80.3
20260808T042352Z,26.8,79.8
20260808T042407Z,26.8,78.9
20260808T042422Z,26.7,79.1
20260808T042437Z,26.6,78.3
20260808T042452Z,26.4,78.3
20260808T042507Z,26.4,78.4
20260808T042522Z,26.3,77.0
20260808T042537Z,26.2,76.2
20260808T042552Z,26.1,76.7
20260808T042607Z,26.0,77.3
20260808T042622Z,25.9,79.0
20260808T042637Z,25.9,80.1
20260808T042652Z,25.9,81.2
20260808T042707Z,25.8,81.8
20260808T042722Z,25.8,82.2
20260808T042737Z,25.9,82.6
20260808T042752Z,25.8,83.2
20260808T042807Z,25.8,83.5
20260808T042822Z,25.9,83.8
20260808T042837Z,25.9,84.2
20260808T042852Z,25.9,84.6
20260808T042907Z,25.9,84.8
20260808T042922Z,25.9,85.2
20260808T042937Z,25.9,85.4
20260808T042952Z,25.9,85.9
20260808T043007Z,25.9,85.9
20260808T043022Z,26.0,86.3
20260808T043037Z,26.0,86.4
20260808T043052Z,26.0,86.5
20260808T043107Z,26.0,86.9
20260808T043122Z,26.1,87.0
20260808T043137Z,26.1,87.1
20260808T043152Z,26.1,87.3
20260808T043207Z,26.1,87.4
20260808T043222Z,26.1,87.6
20260808T043237Z,26.2,87.6
20260808T043252Z,26.2,87.7
20260808T043307Z,26.2,87.9
20260808T043322Z,26.2,87.9
20260808T043337Z,26.3,88.0
20260808T043352Z,26.3,88.0
20260808T043407Z,26.3,88.1
20260808T043422Z,26.3,88.1
20260808T043437Z,26.3,88.1
20260808T043452Z,26.4,88.3
20260808T043507Z,26.4,88.2
20260808T043522Z,26.4,88.2
20260808T043537Z,26.4,88.3
20260808T043552Z,26.5,88.2
20260808T043607Z,26.5,88.2
20260808T043622Z,26.5,88.2
20260808T043637Z,26.6,88.2
20260808T043652Z,26.6,88.2
20260808T043707Z,26.6,88.2
20260808T043722Z,26.6,88.2
20260808T043737Z,26.6,88.2
20260808T043752Z,26.7,88.1
20260808T043807Z,26.7,88.1
20260808T043822Z,26.7,88.0
20260808T043837Z,26.7,88.1
20260808T043852Z,26.8,88.1
20260808T043907Z,26.8,88.0
20260808T043922Z,26.8,87.9
20260808T043937Z,26.8,87.9
20260808T043952Z,26.8,87.9
20260808T044007Z,26.9,87.9
20260808T044022Z,26.9,87.8
20260808T044037Z,26.9,87.7
20260808T044052Z,26.9,87.7
20260808T044107Z,26.9,87.7
20260808T044122Z,27.0,87.7
20260808T044137Z,27.0,87.6
20260808T044152Z,27.0,87.6
20260808T044207Z,27.0,87.6
20260808T044222Z,27.0,87.5
20260808T044237Z,27.0,87.5
20260808T044252Z,27.1,87.5
20260808T044307Z,27.1,87.4
20260808T044322Z,27.1,87.4
20260808T044337Z,27.1,87.4
20260808T044352Z,27.1,87.4
20260808T044407Z,27.1,87.4
20260808T044422Z,27.1,87.3
20260808T044437Z,27.1,87.3
20260808T044452Z,27.2,87.3
20260808T044507Z,27.2,87.2
20260808T044522Z,27.2,87.2
20260808T044537Z,27.2,87.2
20260808T044552Z,27.2,87.2
20260808T044607Z,27.2,87.2
20260808T044622Z,27.2,87.1
20260808T044637Z,27.2,87.1
20260808T044652Z,27.2,87.0
20260808T044707Z,27.3,87.1
20260808T044722Z,27.3,87.1
20260808T044737Z,27.3,87.0
20260808T044752Z,27.3,87.0
20260808T044807Z,27.3,86.9
20260808T044822Z,27.3,86.9
20260808T044837Z,27.3,86.9
20260808T044852Z,27.3,86.9
20260808T044907Z,27.3,86.9
20260808T044922Z,27.3,86.8
20260808T044937Z,27.4,86.9
20260808T044952Z,27.4,86.8
20260808T045007Z,27.4,86.8
20260808T045022Z,27.4,86.8
20260808T045037Z,27.4,86.8
20260808T045052Z,27.4,86.7
20260808T045107Z,27.4,86.8
20260808T045122Z,27.4,86.7
20260808T045137Z,27.4,86.7
20260808T045152Z,27.4,86.7
20260808T045207Z,27.4,86.7
20260808T045222Z,27.5,86.4
20260808T045237Z,27.4,84.8
20260808T045252Z,27.4,84.5
20260808T045307Z,27.3,83.8
20260808T045322Z,27.3,82.8
20260808T045337Z,27.2,82.7
20260808T045352Z,27.2,82.1
20260808T045407Z,27.1,81.5
20260808T045422Z,27.0,80.3
20260808T045437Z,26.8,79.7
20260808T045452Z,26.8,79.8
20260808T045507Z,26.7,78.5
20260808T045522Z,26.5,78.6
20260808T045537Z,26.4,78.2
20260808T045552Z,26.3,77.4
20260808T045607Z,26.2,77.3
20260808T045622Z,26.2,76.5
20260808T045637Z,26.1,76.7
20260808T045652Z,26.0,77.8
20260808T045707Z,25.9,79.1
20260808T045722Z,25.9,80.7
20260808T045737Z,25.8,81.8
20260808T045752Z,25.8,82.2
20260808T045807Z,25.8,82.7
20260808T045822Z,25.8,83.1
20260808T045837Z,25.8,83.4
20260808T045852Z,25.9,83.8
20260808T045907Z,25.9,84.1
20260808T045922Z,25.9,84.5
20260808T045937Z,25.9,84.8
20260808T045952Z,25.9,85.1
20260808T050007Z,25.9,85.4
20260808T050022Z,26.0,85.8
20260808T050037Z,26.0,86.1
20260808T050052Z,26.0,86.2
20260808T050107Z,26.0,86.5
20260808T050122Z,26.1,86.9
20260808T050137Z,26.1,87.2
20260808T050152Z,26.1,87.3
20260808T050207Z,26.1,87.5
20260808T050222Z,26.2,87.7
20260808T050237Z,26.2,87.7
20260808T050252Z,26.2,88.1
20260808T050307Z,26.3,88.1
20260808T050322Z,26.3,88.3
20260808T050337Z,26.3,88.4
20260808T050352Z,26.4,88.6
20260808T050407Z,26.4,88.6
20260808T050422Z,26.4,88.7
20260808T050437Z,26.4,88.9
20260808T050452Z,26.5,88.9
20260808T050507Z,26.5,88.9
20260808T050522Z,26.5,89.0
20260808T050537Z,26.5,89.0
20260808T050552Z,26.6,89.0
20260808T050607Z,26.6,89.0
20260808T050622Z,26.6,89.1
20260808T050637Z,26.7,89.1
20260808T050652Z,26.7,89.0
20260808T050707Z,26.7,89.1
20260808T050722Z,26.7,89.1
20260808T050737Z,26.8,89.0
20260808T050752Z,26.8,89.0
20260808T050807Z,26.8,89.0
20260808T050822Z,26.8,89.0
20260808T050837Z,26.9,89.0
20260808T050852Z,26.9,89.0
20260808T050907Z,26.9,89.0
20260808T050922Z,26.9,89.0
20260808T050937Z,27.0,88.9
20260808T050952Z,27.0,88.9
20260808T051007Z,27.0,88.8
20260808T051022Z,27.0,88.9
20260808T051037Z,27.1,88.8
20260808T051052Z,27.1,88.8
20260808T051107Z,27.1,88.8
20260808T051122Z,27.1,88.8
20260808T051137Z,27.1,88.8
20260808T051152Z,27.2,88.8
20260808T051207Z,27.2,88.7
20260808T051222Z,27.2,88.6
20260808T051237Z,27.2,88.7
20260808T051252Z,27.2,88.6
20260808T051307Z,27.3,88.6
20260808T051322Z,27.3,88.5
20260808T051337Z,27.3,88.5
20260808T051352Z,27.3,88.5
20260808T051407Z,27.3,88.5
20260808T051422Z,27.3,88.4
20260808T051437Z,27.4,88.4
20260808T051452Z,27.4,88.4
20260808T051507Z,27.4,88.4
20260808T051522Z,27.4,88.4
20260808T051537Z,27.4,88.4
20260808T051552Z,27.4,88.3
20260808T051607Z,27.4,88.3
20260808T051622Z,27.5,88.3
20260808T051637Z,27.5,88.3
20260808T051652Z,27.5,87.4
20260808T051707Z,27.5,87.4
20260808T051722Z,27.4,85.6
20260808T051737Z,27.4,85.3
20260808T051752Z,27.4,84.6
20260808T051807Z,27.3,84.1
20260808T051822Z,27.2,83.3
20260808T051837Z,27.1,83.0
20260808T051852Z,27.0,82.3
20260808T051907Z,27.0,81.7
20260808T051922Z,26.9,81.2
20260808T051937Z,26.8,80.4
20260808T051952Z,26.7,80.0
20260808T052007Z,26.6,78.9
20260808T052022Z,26.5,78.8
20260808T052037Z,26.4,78.7
20260808T052052Z,26.4,78.2
20260808T052107Z,26.3,78.2
20260808T052122Z,26.2,78.6
20260808T052137Z,26.1,77.3
20260808T052152Z,26.1,77.5
20260808T052207Z,26.0,77.9
20260808T052222Z,26.0,79.4
20260808T052237Z,25.9,80.6
20260808T052252Z,25.9,81.5
20260808T052307Z,25.9,81.9
20260808T052322Z,25.9,82.3
20260808T052337Z,25.9,82.5
20260808T052352Z,26.0,83.1
20260808T052407Z,26.0,83.5
20260808T052422Z,26.0,83.8
20260808T052437Z,26.0,84.3
20260808T052452Z,26.0,84.4
20260808T052507Z,26.0,84.8
20260808T052522Z,26.1,85.1
20260808T052537Z,26.1,85.4
20260808T052552Z,26.1,85.7
20260808T052607Z,26.1,86.0
20260808T052622Z,26.2,86.2
20260808T052637Z,26.2,86.5
20260808T052652Z,26.2,86.7
20260808T052707Z,26.2,86.9
20260808T052722Z,26.2,87.2
20260808T052737Z,26.2,87.3
20260808T052752Z,26.3,87.6
20260808T052807Z,26.3,87.6
20260808T052822Z,26.3,88.0
20260808T052837Z,26.4,88.0
20260808T052852Z,26.4,88.1
20260808T052907Z,26.4,88.3
20260808T052922Z,26.4,88.5
20260808T052937Z,26.5,88.4
20260808T052952Z,26.5,88.6
20260808T053007Z,26.5,88.6
20260808T053022Z,26.5,88.8
20260808T053037Z,26.5,88.9
20260808T053052Z,26.6,89.0
20260808T053107Z,26.6,89.0
20260808T053122Z,26.6,89.0
20260808T053137Z,26.7,89.1
20260808T053152Z,26.7,89.1
20260808T053207Z,26.7,89.1
20260808T053222Z,26.7,89.2
20260808T053237Z,26.8,89.2
20260808T053252Z,26.8,89.2
20260808T053307Z,26.8,89.2
20260808T053322Z,26.8,89.2
20260808T053337Z,26.9,89.2
20260808T053352Z,26.9,89.1
20260808T053407Z,26.9,89.2
20260808T053422Z,26.9,89.1
20260808T053437Z,26.9,89.1
20260808T053452Z,27.0,89.2
20260808T053507Z,27.0,89.2
20260808T053522Z,27.0,89.1
20260808T053537Z,27.1,89.1
20260808T053552Z,27.1,89.1
20260808T053607Z,27.1,89.1
20260808T053622Z,27.1,89.0
20260808T053637Z,27.1,89.0
20260808T053652Z,27.2,89.0
20260808T053707Z,27.2,89.0
20260808T053722Z,27.2,88.9
20260808T053737Z,27.2,88.9
20260808T053752Z,27.2,88.9
20260808T053807Z,27.3,88.8
20260808T053822Z,27.3,88.8
20260808T053837Z,27.3,88.7
20260808T053852Z,27.3,88.7
20260808T053907Z,27.3,88.7
20260808T053922Z,27.4,88.6
20260808T053937Z,27.4,88.7
20260808T053952Z,27.4,88.6
20260808T054007Z,27.4,88.6
20260808T054022Z,27.4,88.5
20260808T054037Z,27.4,88.5
20260808T054052Z,27.4,88.5
20260808T054107Z,27.5,88.0
20260808T054122Z,27.5,88.1
20260808T054137Z,27.4,86.1
20260808T054152Z,27.4,85.5
20260808T054207Z,27.4,84.9
20260808T054222Z,27.3,84.3
20260808T054237Z,27.2,83.5
20260808T054252Z,27.2,82.6
20260808T054307Z,27.1,82.2
20260808T054322Z,27.0,82.2
20260808T054337Z,26.9,81.0
20260808T054352Z,26.8,80.6
20260808T054407Z,26.7,80.1
20260808T054422Z,26.7,79.4
20260808T054437Z,26.6,79.1
20260808T054452Z,26.5,78.1
20260808T054507Z,26.4,78.3
20260808T054522Z,26.3,77.4
20260808T054537Z,26.2,77.1
20260808T054552Z,26.2,77.3
20260808T054607Z,26.1,76.0
20260808T054622Z,26.0,77.7
20260808T054637Z,26.0,78.9
20260808T054652Z,26.0,80.0
20260808T054707Z,25.9,81.0
20260808T054722Z,25.9,81.6
20260808T054737Z,25.9,82.1
20260808T054752Z,25.9,82.5
20260808T054807Z,26.0,82.8
20260808T054822Z,26.0,83.2
20260808T054837Z,26.0,83.7
20260808T054852Z,26.0,83.9
20260808T054907Z,26.0,84.3
20260808T054922Z,26.0,84.6
20260808T054937Z,26.0,84.8
20260808T054952Z,26.1,85.1
20260808T055007Z,26.1,85.5
20260808T055022Z,26.1,85.7
20260808T055037Z,26.2,86.0
20260808T055052Z,26.2,86.3
20260808T055107Z,26.2,86.5
20260808T055122Z,26.2,86.8
20260808T055137Z,26.2,87.0
20260808T055152Z,26.3,87.1
20260808T055207Z,26.3,87.2
20260808T055222Z,26.3,87.6
20260808T055237Z,26.4,87.8
20260808T055252Z,26.4,87.9
20260808T055307Z,26.4,88.0
20260808T055322Z,26.4,88.2
20260808T055337Z,26.4,88.3
20260808T055352Z,26.5,88.5
20260808T055407Z,26.5,88.6
20260808T055422Z,26.5,88.7
20260808T055437Z,26.6,88.7
20260808T055452Z,26.6,88.8
20260808T055507Z,26.6,88.9
20260808T055522Z,26.6,89.0
20260808T055537Z,26.6,89.0
20260808T055552Z,26.7,89.1
20260808T055607Z,26.7,89.1
20260808T055622Z,26.7,89.1
20260808T055637Z,26.7,89.1
20260808T055652Z,26.8,89.1
20260808T055707Z,26.8,89.2
20260808T055722Z,26.8,89.1
20260808T055737Z,26.8,89.2
20260808T055752Z,26.9,89.1
20260808T055807Z,26.9,89.1
20260808T055822Z,26.9,89.1
20260808T055837Z,26.9,89.1
20260808T055852Z,27.0,89.1
20260808T055907Z,27.0,89.1
20260808T055922Z,27.0,89.1
20260808T055937Z,27.0,89.0
20260808T055952Z,27.1,89.1
20260808T060007Z,27.1,89.1
20260808T060022Z,27.1,89.1
20260808T060037Z,27.1,89.0
20260808T060052Z,27.2,89.0
20260808T060107Z,27.2,88.9
20260808T060122Z,27.2,88.9
20260808T060137Z,27.2,89.0
20260808T060152Z,27.2,88.9
20260808T060207Z,27.3,88.8
20260808T060222Z,27.3,88.9
20260808T060237Z,27.3,88.9
20260808T060252Z,27.3,88.8
20260808T060307Z,27.3,88.8
20260808T060322Z,27.3,88.8
20260808T060337Z,27.4,88.8
20260808T060352Z,27.4,88.8
20260808T060407Z,27.4,88.7
20260808T060422Z,27.4,88.6
20260808T060437Z,27.4,88.1
20260808T060452Z,27.4,86.9
20260808T060507Z,27.4,86.1
20260808T060522Z,27.4,85.0
20260808T060537Z,27.3,84.5
20260808T060552Z,27.3,83.9
20260808T060607Z,27.2,83.0
20260808T060622Z,27.1,82.8
20260808T060637Z,27.0,82.0
20260808T060652Z,26.9,81.5
20260808T060707Z,26.9,81.4
20260808T060722Z,26.8,81.3
20260808T060737Z,26.7,80.4
20260808T060752Z,26.6,79.6
20260808T060807Z,26.6,79.5
20260808T060822Z,26.5,78.8
20260808T060837Z,26.4,78.9
20260808T060852Z,26.4,77.8
20260808T060907Z,26.3,77.1
20260808T060922Z,26.2,76.2
20260808T060937Z,26.1,75.1
20260808T060952Z,26.0,75.9
20260808T061007Z,26.0,77.8
20260808T061022Z,26.0,79.3
20260808T061037Z,25.9,80.2
20260808T061052Z,25.9,80.9
20260808T061107Z,25.9,81.6
20260808T061122Z,25.9,82.0
20260808T061137Z,26.0,82.2
20260808T061152Z,26.0,82.7
20260808T061207Z,26.0,83.3
20260808T061222Z,26.0,83.6
20260808T061237Z,26.0,83.8
20260808T061252Z,26.0,84.3
20260808T061307Z,26.1,84.6
20260808T061322Z,26.1,84.9
20260808T061337Z,26.1,85.1
20260808T061352Z,26.1,85.5
20260808T061407Z,26.1,85.7
20260808T061422Z,26.2,85.9
20260808T061437Z,26.2,86.4
20260808T061452Z,26.2,86.5
20260808T061507Z,26.2,86.6
20260808T061522Z,26.3,86.9
20260808T061537Z,26.3,87.2
20260808T061552Z,26.3,87.3
20260808T061607Z,26.3,87.5
20260808T061622Z,26.4,87.7
20260808T061637Z,26.4,87.8
20260808T061652Z,26.4,88.0
20260808T061707Z,26.5,88.1
20260808T061722Z,26.5,88.3
20260808T061737Z,26.5,88.4
20260808T061752Z,26.5,88.4
20260808T061807Z,26.5,88.6
20260808T061822Z,26.5,88.7
20260808T061837Z,26.6,88.8
20260808T061852Z,26.6,88.8
20260808T061907Z,26.6,88.8
20260808T061922Z,26.7,89.0
20260808T061937Z,26.7,89.0
20260808T061952Z,26.7,89.0
20260808T062007Z,26.7,89.1
20260808T062022Z,26.8,89.0
20260808T062037Z,26.8,89.0
20260808T062052Z,26.8,89.1
20260808T062107Z,26.8,89.1
20260808T062122Z,26.9,89.1
20260808T062137Z,26.9,89.1
20260808T062152Z,26.9,89.1
20260808T062207Z,26.9,89.1
20260808T062222Z,27.0,89.1
20260808T062237Z,27.0,89.1
20260808T062252Z,27.0,89.1
20260808T062307Z,27.0,89.0
20260808T062322Z,27.1,89.0
20260808T062337Z,27.1,89.0
20260808T062352Z,27.1,88.9
20260808T062407Z,27.1,88.9
20260808T062422Z,27.1,88.9
20260808T062437Z,27.2,88.9
20260808T062452Z,27.2,88.9
20260808T062507Z,27.2,88.9
20260808T062522Z,27.2,88.8
20260808T062537Z,27.3,88.8
20260808T062552Z,27.3,88.8
20260808T062607Z,27.3,88.7
20260808T062622Z,27.3,88.7
20260808T062637Z,27.3,88.7
20260808T062652Z,27.3,88.6
20260808T062707Z,27.4,88.7
20260808T062722Z,27.4,88.6
20260808T062737Z,27.4,88.6
20260808T062752Z,27.4,88.5
20260808T062807Z,27.4,88.5
20260808T062822Z,27.5,88.4
20260808T062837Z,27.5,88.2
20260808T062852Z,27.5,86.4
20260808T062907Z,27.4,86.0
20260808T062922Z,27.4,84.7
20260808T062937Z,27.3,84.2
20260808T062952Z,27.3,83.2
20260808T063007Z,27.2,83.0
20260808T063022Z,27.1,82.4
20260808T063037Z,27.0,81.8
20260808T063052Z,26.9,81.3
20260808T063107Z,26.9,80.7
20260808T063122Z,26.8,80.1
20260808T063137Z,26.7,79.5
20260808T063152Z,26.6,79.9
20260808T063207Z,26.6,78.7
20260808T063222Z,26.5,78.6
20260808T063237Z,26.4,77.8
20260808T063252Z,26.3,77.6
20260808T063307Z,26.3,76.6
20260808T063322Z,26.2,77.5
20260808T063337Z,26.2,76.2
20260808T063352Z,26.1,77.6
20260808T063407Z,26.0,78.8
20260808T063422Z,26.0,80.1
20260808T063437Z,26.0,81.0
20260808T063452Z,26.0,81.4
20260808T063507Z,26.0,81.7
20260808T063522Z,26.0,82.0
20260808T063537Z,26.0,82.7
20260808T063552Z,26.1,82.8
20260808T063607Z,26.1,83.2
20260808T063622Z,26.1,83.7
20260808T063637Z,26.1,84.0
20260808T063652Z,26.1,84.2
20260808T063707Z,26.2,84.5
20260808T063722Z,26.2,85.0
20260808T063737Z,26.2,85.1
20260808T063752Z,26.3,85.4
20260808T063807Z,26.3,85.7
20260808T063822Z,26.3,85.9
20260808T063837Z,26.3,86.2
20260808T063852Z,26.3,86.3
20260808T063907Z,26.4,86.6
20260808T063922Z,26.4,86.8
20260808T063937Z,26.4,87.1
20260808T063952Z,26.4,87.4
20260808T064007Z,26.5,87.5
20260808T064022Z,26.5,87.7
20260808T064037Z,26.5,87.7
20260808T064052Z,26.5,87.9
20260808T064107Z,26.5,88.1
20260808T064122Z,26.6,88.2
20260808T064137Z,26.6,88.3
20260808T064152Z,26.6,88.4
20260808T064207Z,26.6,88.5
20260808T064222Z,26.7,88.5
20260808T064237Z,26.7,88.7
20260808T064252Z,26.7,88.6
20260808T064307Z,26.8,88.7
20260808T064322Z,26.8,88.6
20260808T064337Z,26.8,88.8
20260808T064352Z,26.8,88.8
20260808T064407Z,26.9,88.8
20260808T064422Z,26.9,88.8
20260808T064437Z,26.9,88.8
20260808T064452Z,26.9,88.8
20260808T064507Z,27.0,88.9
20260808T064522Z,27.0,88.9
20260808T064537Z,27.0,88.8
20260808T064552Z,27.0,88.9
20260808T064607Z,27.0,88.8
20260808T064622Z,27.1,88.8
20260808T064637Z,27.1,88.8
20260808T064652Z,27.2,88.8
20260808T064708Z,27.2,88.7
20260808T064723Z,27.2,88.6
20260808T064737Z,27.2,88.7
20260808T064753Z,27.3,88.6
20260808T064808Z,27.3,88.6
20260808T064823Z,27.3,88.5
20260808T064838Z,27.3,88.5
20260808T064853Z,27.4,88.5
20260808T064908Z,27.4,88.4
20260808T064923Z,27.4,88.4
20260808T064938Z,27.4,88.4
20260808T064953Z,27.5,88.3
20260808T065008Z,27.5,88.3
20260808T065023Z,27.5,88.3
20260808T065038Z,27.5,88.3
20260808T065053Z,27.5,88.3
20260808T065108Z,27.6,87.4
20260808T065123Z,27.6,87.0
20260808T065138Z,27.5,85.8
20260808T065153Z,27.5,85.5
20260808T065208Z,27.5,84.7
20260808T065223Z,27.4,83.7
20260808T065238Z,27.3,82.5
20260808T065253Z,27.2,81.6
20260808T065308Z,27.2,82.0
20260808T065323Z,27.1,80.4
20260808T065338Z,27.0,80.1
20260808T065353Z,26.9,79.4
20260808T065408Z,26.8,79.7
20260808T065423Z,26.7,79.1
20260808T065438Z,26.6,78.2
20260808T065453Z,26.5,78.5
20260808T065508Z,26.4,77.9
20260808T065523Z,26.3,77.0
20260808T065538Z,26.2,76.9
20260808T065553Z,26.2,76.8
20260808T065608Z,26.1,77.9
20260808T065623Z,26.0,79.3
20260808T065638Z,26.0,80.3
20260808T065653Z,26.0,81.5
20260808T065708Z,26.0,82.3
20260808T065723Z,26.0,82.6
20260808T065738Z,26.1,82.8
20260808T065753Z,26.1,83.3
20260808T065808Z,26.1,83.6
20260808T065823Z,26.1,83.9
20260808T065838Z,26.1,84.1
20260808T065853Z,26.2,84.6
20260808T065908Z,26.2,84.9
20260808T065923Z,26.2,85.3
20260808T065938Z,26.2,85.4
20260808T065953Z,26.3,85.6
20260808T070008Z,26.3,86.1
20260808T070023Z,26.3,86.2
20260808T070038Z,26.3,86.5
20260808T070053Z,26.4,86.7
20260808T070108Z,26.4,87.0
20260808T070123Z,26.4,87.1
20260808T070138Z,26.4,87.3
20260808T070153Z,26.5,87.6
20260808T070208Z,26.5,87.8
20260808T070223Z,26.5,87.8
20260808T070238Z,26.5,88.0
20260808T070253Z,26.6,88.3
20260808T070308Z,26.6,88.2
20260808T070323Z,26.6,88.5
20260808T070338Z,26.7,88.4
20260808T070353Z,26.7,88.7
20260808T070408Z,26.7,88.7
20260808T070423Z,26.8,88.7
20260808T070438Z,26.8,88.8
20260808T070453Z,26.8,88.8
20260808T070508Z,26.8,88.9
20260808T070523Z,26.9,88.9
20260808T070538Z,26.9,88.9
20260808T070553Z,27.0,88.9
20260808T070608Z,27.0,88.9
20260808T070623Z,27.0,88.9
20260808T070638Z,27.1,88.9
20260808T070653Z,27.1,88.8
20260808T070708Z,27.1,88.9
20260808T070723Z,27.1,88.9
20260808T070738Z,27.2,88.9
20260808T070753Z,27.2,88.8
20260808T070808Z,27.2,88.9
20260808T070823Z,27.2,88.8
20260808T070838Z,27.3,88.8
20260808T070853Z,27.3,88.7
20260808T070908Z,27.3,88.7
20260808T070923Z,27.3,88.7
20260808T070938Z,27.4,88.7
20260808T070953Z,27.4,88.7
20260808T071008Z,27.4,88.7
20260808T071023Z,27.4,88.6
20260808T071038Z,27.4,88.6
20260808T071053Z,27.5,88.6
20260808T071108Z,27.5,88.6
20260808T071123Z,27.5,88.5
20260808T071138Z,27.5,88.5
20260808T071153Z,27.5,88.5
20260808T071208Z,27.6,88.2
20260808T071223Z,27.6,88.2
20260808T071238Z,27.6,86.1
20260808T071253Z,27.5,85.6
20260808T071308Z,27.5,84.7
20260808T071323Z,27.4,84.3
20260808T071338Z,27.4,83.6
20260808T071353Z,27.3,82.9
20260808T071408Z,27.2,81.9
20260808T071423Z,27.2,81.7
20260808T071438Z,27.1,80.9
20260808T071453Z,27.0,81.0
20260808T071508Z,26.9,80.7
20260808T071523Z,26.8,80.2
20260808T071538Z,26.8,80.4
20260808T071553Z,26.7,80.6
20260808T071608Z,26.7,79.4
20260808T071623Z,26.6,79.5
20260808T071638Z,26.6,78.5
20260808T071653Z,26.5,77.5
20260808T071708Z,26.5,76.3
20260808T071723Z,26.4,75.3
20260808T071738Z,26.3,74.8
20260808T071753Z,26.2,75.8
20260808T071808Z,26.2,76.1
20260808T071823Z,26.1,77.4
20260808T071838Z,26.1,78.8
20260808T071853Z,26.1,80.0
20260808T071908Z,26.0,80.7
20260808T071923Z,26.0,80.9
20260808T071938Z,26.1,81.4
20260808T071953Z,26.1,81.6
20260808T072008Z,26.1,82.4
20260808T072023Z,26.1,82.6
20260808T072038Z,26.1,83.0
20260808T072053Z,26.2,83.4
20260808T072108Z,26.2,83.7
20260808T072123Z,26.2,83.9
20260808T072138Z,26.2,84.2
20260808T072153Z,26.2,84.5
20260808T072208Z,26.3,84.8
20260808T072223Z,26.3,85.1
20260808T072238Z,26.3,85.3
20260808T072253Z,26.3,85.5
20260808T072308Z,26.4,85.9
20260808T072323Z,26.4,86.2
20260808T072338Z,26.4,86.3
20260808T072353Z,26.4,86.4
20260808T072408Z,26.5,86.8
20260808T072423Z,26.5,86.6
20260808T072438Z,26.5,87.1
20260808T072453Z,26.5,87.4
20260808T072508Z,26.6,87.5
20260808T072523Z,26.6,87.5
20260808T072538Z,26.6,87.7
20260808T072553Z,26.6,87.9
20260808T072608Z,26.7,88.0
20260808T072623Z,26.7,88.3
20260808T072638Z,26.7,88.3
20260808T072653Z,26.7,88.4
20260808T072708Z,26.8,88.6
20260808T072723Z,26.8,88.7
20260808T072738Z,26.8,88.6
20260808T072753Z,26.8,88.6
20260808T072808Z,26.9,88.8
20260808T072823Z,26.9,88.8
20260808T072838Z,26.9,88.8
20260808T072853Z,26.9,88.7
20260808T072908Z,27.0,88.7
20260808T072923Z,27.0,88.8
20260808T072938Z,27.0,88.8
20260808T072953Z,27.0,88.8
20260808T073008Z,27.0,88.8
20260808T073023Z,27.1,88.8
20260808T073038Z,27.1,88.9
20260808T073053Z,27.1,88.8
20260808T073108Z,27.1,88.8
20260808T073123Z,27.1,88.8
20260808T073138Z,27.2,88.8
20260808T073153Z,27.2,88.8
20260808T073208Z,27.2,88.7
20260808T073223Z,27.2,88.8
20260808T073238Z,27.2,88.8
20260808T073253Z,27.3,88.7
20260808T073308Z,27.3,88.7
20260808T073323Z,27.3,88.7
20260808T073338Z,27.3,88.6
20260808T073353Z,27.3,88.6
20260808T073408Z,27.3,88.6
20260808T073423Z,27.4,88.6
20260808T073438Z,27.4,88.6
20260808T073453Z,27.4,88.6
20260808T073508Z,27.4,88.5
20260808T073523Z,27.4,88.5
20260808T073538Z,27.4,88.5
20260808T073553Z,27.4,88.5
20260808T073608Z,27.5,88.4
20260808T073623Z,27.5,88.4
20260808T073638Z,27.5,88.4
20260808T073653Z,27.5,88.2
20260808T073708Z,27.5,88.1
20260808T073723Z,27.5,86.1
20260808T073738Z,27.5,85.8
20260808T073753Z,27.4,85.1
20260808T073808Z,27.4,84.7
20260808T073823Z,27.3,83.5
20260808T073838Z,27.3,83.0
20260808T073853Z,27.2,82.8
20260808T073908Z,27.1,82.3
20260808T073923Z,27.1,81.2
20260808T073938Z,27.0,80.9
20260808T073953Z,26.9,80.3
20260808T074008Z,26.8,80.0
20260808T074023Z,26.8,79.7
20260808T074038Z,26.7,78.5
20260808T074053Z,26.6,78.6
20260808T074108Z,26.5,79.6
20260808T074123Z,26.5,79.3
20260808T074138Z,26.5,78.9
20260808T074153Z,26.4,76.1
20260808T074208Z,26.3,76.0
20260808T074223Z,26.3,76.8
20260808T074238Z,26.3,77.3
20260808T074253Z,26.2,78.3
20260808T074308Z,26.2,79.6
20260808T074323Z,26.2,80.0
20260808T074338Z,26.2,80.7
20260808T074353Z,26.2,81.0
20260808T074408Z,26.2,81.3
20260808T074423Z,26.2,81.8
20260808T074438Z,26.2,82.3
20260808T074453Z,26.2,82.6
20260808T074508Z,26.2,83.0
20260808T074523Z,26.2,83.3
20260808T074538Z,26.3,83.5
20260808T074553Z,26.3,83.9
20260808T074608Z,26.3,84.2
20260808T074623Z,26.3,84.6
20260808T074638Z,26.3,84.9
20260808T074653Z,26.4,85.1
20260808T074708Z,26.4,85.3
20260808T074723Z,26.4,85.7
20260808T074738Z,26.4,85.9
20260808T074753Z,26.5,86.1
20260808T074808Z,26.5,86.2
20260808T074823Z,26.5,86.7
20260808T074838Z,26.5,86.6
20260808T074853Z,26.5,87.0
20260808T074908Z,26.6,87.2
20260808T074923Z,26.6,87.3
20260808T074938Z,26.6,87.4
20260808T074953Z,26.6,87.6
20260808T075008Z,26.7,87.7
20260808T075023Z,26.7,87.8
20260808T075038Z,26.7,87.8
20260808T075053Z,26.7,88.1
20260808T075108Z,26.7,88.0
20260808T075123Z,26.8,88.1
20260808T075138Z,26.8,88.2
20260808T075153Z,26.8,88.3
20260808T075208Z,26.8,88.4
20260808T075223Z,26.9,88.4
20260808T075238Z,26.9,88.5
20260808T075253Z,26.9,88.5
20260808T075308Z,26.9,88.5
20260808T075323Z,27.0,88.6
20260808T075338Z,27.0,88.6
20260808T075353Z,27.0,88.5
20260808T075408Z,27.1,88.6
20260808T075423Z,27.1,88.7
20260808T075438Z,27.1,88.6
20260808T075453Z,27.1,88.5
20260808T075508Z,27.2,88.6
20260808T075523Z,27.2,88.6
20260808T075538Z,27.2,88.6
20260808T075553Z,27.2,88.6
20260808T075608Z,27.2,88.6
20260808T075623Z,27.2,88.5
20260808T075638Z,27.3,88.5
20260808T075653Z,27.3,88.5
20260808T075708Z,27.3,88.4
20260808T075723Z,27.3,88.4
20260808T075738Z,27.4,88.4
20260808T075753Z,27.4,88.5
20260808T075808Z,27.4,88.4
20260808T075823Z,27.4,88.4
20260808T075838Z,27.4,88.5
20260808T075853Z,27.5,88.4
20260808T075908Z,27.5,88.3
20260808T075923Z,27.5,88.3
20260808T075938Z,27.5,88.4
20260808T075953Z,27.5,88.3
20260808T080008Z,27.6,88.0
20260808T080023Z,27.5,87.9
20260808T080038Z,27.5,86.4
20260808T080053Z,27.5,85.5
20260808T080108Z,27.5,84.8
20260808T080123Z,27.4,84.1
20260808T080138Z,27.4,83.5
20260808T080153Z,27.3,83.0
20260808T080208Z,27.2,82.3
20260808T080223Z,27.2,81.6
20260808T080238Z,27.1,81.8
20260808T080253Z,27.0,80.9
20260808T080308Z,26.9,80.1
20260808T080323Z,26.9,79.8
20260808T080338Z,26.8,79.6
20260808T080353Z,26.7,79.0
20260808T080408Z,26.7,79.5
20260808T080423Z,26.6,78.4
20260808T080438Z,26.6,77.3
20260808T080453Z,26.5,76.7
20260808T080508Z,26.4,76.3
20260808T080523Z,26.4,77.3
20260808T080538Z,26.3,76.3
20260808T080553Z,26.3,76.7
20260808T080608Z,26.3,77.7
20260808T080623Z,26.2,78.7
20260808T080638Z,26.2,79.7
20260808T080653Z,26.2,80.3
20260808T080708Z,26.2,80.7
20260808T080723Z,26.2,80.9
20260808T080738Z,26.2,81.5
20260808T080753Z,26.2,81.8
20260808T080808Z,26.2,82.2
20260808T080823Z,26.2,82.6
20260808T080838Z,26.3,82.8
20260808T080853Z,26.3,83.2
20260808T080908Z,26.3,83.7
20260808T080923Z,26.3,83.9
20260808T080938Z,26.3,84.2
20260808T080953Z,26.4,84.5
20260808T081008Z,26.4,84.7
20260808T081023Z,26.4,85.0
20260808T081038Z,26.4,85.4
20260808T081053Z,26.5,85.4
20260808T081108Z,26.5,85.6
20260808T081123Z,26.5,86.0
20260808T081138Z,26.5,86.2
20260808T081153Z,26.5,86.3
20260808T081208Z,26.6,86.6
20260808T081223Z,26.6,86.9
20260808T081238Z,26.6,86.9
20260808T081253Z,26.6,87.1
20260808T081308Z,26.6,87.2
20260808T081323Z,26.7,87.4
20260808T081338Z,26.7,87.4
20260808T081353Z,26.7,87.6
20260808T081408Z,26.7,87.7
20260808T081423Z,26.8,87.8
20260808T081438Z,26.8,88.0
20260808T081453Z,26.8,88.0
20260808T081508Z,26.8,88.0
20260808T081523Z,26.9,88.1
20260808T081538Z,26.9,88.2
20260808T081553Z,26.9,88.3
20260808T081608Z,26.9,88.3
20260808T081623Z,27.0,88.2
20260808T081638Z,27.0,88.2
20260808T081653Z,27.0,88.3
20260808T081708Z,27.0,88.3
20260808T081723Z,27.1,88.4
20260808T081738Z,27.1,88.3
20260808T081753Z,27.1,88.3
20260808T081808Z,27.2,88.3
20260808T081823Z,27.2,88.3
20260808T081838Z,27.2,88.3
20260808T081853Z,27.2,88.2
20260808T081908Z,27.3,88.2
20260808T081923Z,27.3,88.2
20260808T081938Z,27.3,88.2
20260808T081953Z,27.3,88.2
20260808T082008Z,27.3,88.2
20260808T082023Z,27.3,88.1
20260808T082038Z,27.4,88.1
20260808T082053Z,27.4,88.1
20260808T082108Z,27.4,88.1
20260808T082123Z,27.4,88.0
20260808T082138Z,27.5,88.0
20260808T082153Z,27.5,88.0
20260808T082208Z,27.5,88.0
20260808T082223Z,27.5,88.0
20260808T082238Z,27.5,88.0
20260808T082253Z,27.5,87.9
20260808T082308Z,27.6,87.8
20260808T082323Z,27.5,85.8
20260808T082338Z,27.5,85.2
20260808T082353Z,27.5,84.5
20260808T082408Z,27.4,84.2
20260808T082423Z,27.4,83.3
20260808T082438Z,27.3,82.4
20260808T082453Z,27.2,82.3
20260808T082508Z,27.2,81.4
20260808T082523Z,27.1,80.1
20260808T082538Z,27.0,80.1
20260808T082553Z,26.9,80.1
20260808T082608Z,26.8,79.5
20260808T082623Z,26.8,79.9
20260808T082638Z,26.7,78.2
20260808T082653Z,26.6,77.2
20260808T082708Z,26.5,78.8
20260808T082723Z,26.5,77.5
20260808T082738Z,26.4,77.8
20260808T082753Z,26.3,77.7
20260808T082808Z,26.3,76.8
20260808T082823Z,26.2,75.8
20260808T082838Z,26.2,75.9
20260808T082853Z,26.2,77.4
20260808T082908Z,26.1,78.6
20260808T082923Z,26.1,79.9
20260808T082938Z,26.1,80.4
20260808T082953Z,26.1,80.8
20260808T083008Z,26.1,81.4
20260808T083023Z,26.1,81.7
20260808T083038Z,26.1,82.1
20260808T083053Z,26.1,82.3
20260808T083108Z,26.1,82.7
20260808T083123Z,26.2,83.0
20260808T083138Z,26.2,83.4
20260808T083153Z,26.2,83.7
20260808T083208Z,26.2,83.8
20260808T083223Z,26.2,84.3
20260808T083238Z,26.3,84.6
20260808T083253Z,26.3,84.8
20260808T083308Z,26.3,85.0
20260808T083323Z,26.3,85.3
20260808T083338Z,26.3,85.6
20260808T083353Z,26.4,85.8
20260808T083408Z,26.4,86.1
20260808T083423Z,26.4,86.3
20260808T083438Z,26.4,86.4
20260808T083453Z,26.5,86.7
20260808T083508Z,26.5,86.9
20260808T083523Z,26.5,87.0
20260808T083538Z,26.5,87.1
20260808T083553Z,26.5,87.4
20260808T083608Z,26.5,87.6
20260808T083623Z,26.6,87.7
20260808T083638Z,26.6,87.8
20260808T083653Z,26.6,87.9
20260808T083708Z,26.6,88.0
20260808T083723Z,26.6,87.9
20260808T083738Z,26.7,88.1
20260808T083753Z,26.7,88.2
20260808T083808Z,26.7,88.3
20260808T083823Z,26.7,88.3
20260808T083838Z,26.7,88.5
20260808T083853Z,26.8,88.5
20260808T083908Z,26.8,88.6
20260808T083923Z,26.8,88.6
20260808T083938Z,26.9,88.7
20260808T083953Z,26.9,88.6
20260808T084008Z,26.9,88.7
20260808T084023Z,27.0,88.8
20260808T084038Z,27.0,88.7
20260808T084053Z,27.0,88.7
20260808T084108Z,27.0,88.8
20260808T084123Z,27.1,88.7
20260808T084138Z,27.1,88.7
20260808T084153Z,27.1,88.8
20260808T084208Z,27.1,88.8
20260808T084223Z,27.2,88.8
20260808T084238Z,27.2,88.7
20260808T084253Z,27.2,88.8
20260808T084308Z,27.2,88.7
20260808T084323Z,27.3,88.8
20260808T084338Z,27.3,88.7
20260808T084353Z,27.3,88.7
20260808T084408Z,27.3,88.7
20260808T084423Z,27.3,88.6
20260808T084438Z,27.4,88.6
20260808T084453Z,27.4,88.6
20260808T084508Z,27.4,88.5
20260808T084523Z,27.4,88.6
20260808T084538Z,27.4,88.5
20260808T084553Z,27.5,88.5
20260808T084608Z,27.5,88.5
20260808T084623Z,27.5,88.5
20260808T084638Z,27.5,88.3
20260808T084653Z,27.5,88.3
20260808T084708Z,27.5,86.4
20260808T084723Z,27.5,85.9
20260808T084738Z,27.4,85.1
20260808T084753Z,27.4,84.4
20260808T084808Z,27.4,83.8
20260808T084823Z,27.3,83.2
20260808T084838Z,27.2,82.4
20260808T084853Z,27.1,82.1
20260808T084908Z,27.1,81.1
20260808T084923Z,27.0,80.7
20260808T084938Z,27.0,81.5
20260808T084953Z,26.9,80.2
20260808T085008Z,26.8,80.0
20260808T085023Z,26.8,79.5
20260808T085038Z,26.7,78.7
20260808T085053Z,26.6,77.8
20260808T085108Z,26.5,76.3
20260808T085123Z,26.5,77.6
20260808T085138Z,26.4,76.1
20260808T085153Z,26.3,75.2
20260808T085208Z,26.3,76.9
20260808T085223Z,26.2,78.1
20260808T085238Z,26.2,79.5
20260808T085253Z,26.2,80.4
20260808T085308Z,26.2,81.1
20260808T085323Z,26.2,81.5
20260808T085338Z,26.2,82.0
20260808T085353Z,26.2,82.3
20260808T085408Z,26.2,82.8
20260808T085423Z,26.2,83.0
20260808T085438Z,26.2,83.6
20260808T085453Z,26.2,83.8
20260808T085508Z,26.3,84.1
20260808T085523Z,26.3,84.4
20260808T085538Z,26.3,84.6
20260808T085553Z,26.3,84.9
20260808T085608Z,26.3,85.4
20260808T085623Z,26.4,85.6
20260808T085638Z,26.4,85.8
20260808T085653Z,26.4,86.1
20260808T085708Z,26.4,86.3
20260808T085723Z,26.5,86.5
20260808T085738Z,26.5,86.6
20260808T085753Z,26.5,86.8
20260808T085808Z,26.5,87.1
20260808T085823Z,26.5,87.2
20260808T085838Z,26.5,87.4
20260808T085853Z,26.6,87.7
20260808T085908Z,26.6,87.7
20260808T085923Z,26.6,87.8
20260808T085938Z,26.6,88.1
20260808T085953Z,26.6,88.1
20260808T090008Z,26.6,88.1
20260808T090023Z,26.7,88.3
20260808T090038Z,26.7,88.3
20260808T090053Z,26.7,88.4
20260808T090108Z,26.7,88.5
20260808T090123Z,26.8,88.6
20260808T090138Z,26.8,88.6
20260808T090153Z,26.8,88.6
20260808T090208Z,26.8,88.7
20260808T090223Z,26.8,88.7
20260808T090238Z,26.9,88.7
20260808T090253Z,26.9,88.7
20260808T090308Z,26.9,88.7
20260808T090323Z,26.9,88.6
20260808T090338Z,26.9,88.7
20260808T090353Z,27.0,88.8
20260808T090408Z,27.0,88.7
20260808T090423Z,27.0,88.7
20260808T090438Z,27.0,88.6
20260808T090453Z,27.1,88.7
20260808T090508Z,27.1,88.7
20260808T090523Z,27.1,88.7
20260808T090538Z,27.1,88.7
20260808T090553Z,27.1,88.7
20260808T090608Z,27.2,88.6
20260808T090623Z,27.2,88.7
20260808T090638Z,27.2,88.6
20260808T090653Z,27.2,88.6
20260808T090708Z,27.2,88.6
20260808T090723Z,27.3,88.5
20260808T090738Z,27.3,88.5
20260808T090753Z,27.3,88.5
20260808T090808Z,27.3,88.4
20260808T090823Z,27.3,88.5
20260808T090838Z,27.3,88.4
20260808T090853Z,27.4,88.5
20260808T090908Z,27.4,88.4
20260808T090923Z,27.4,88.4
20260808T090938Z,27.4,88.3
20260808T090953Z,27.4,88.3
20260808T091008Z,27.4,88.3
20260808T091023Z,27.4,88.2
20260808T091038Z,27.5,88.2
20260808T091053Z,27.5,88.2
20260808T091108Z,27.5,88.2
20260808T091123Z,27.5,88.0
20260808T091138Z,27.5,88.0
20260808T091153Z,27.5,86.0
20260808T091208Z,27.5,85.6
20260808T091223Z,27.4,85.0
20260808T091238Z,27.4,84.2
20260808T091253Z,27.3,83.5
20260808T091308Z,27.3,83.2
20260808T091323Z,27.2,82.5
20260808T091338Z,27.1,82.2
20260808T091353Z,27.0,81.0
20260808T091408Z,27.0,80.5
20260808T091423Z,26.9,80.4
20260808T091438Z,26.8,79.5
20260808T091453Z,26.7,79.1
20260808T091508Z,26.7,79.6
20260808T091523Z,26.6,79.2
20260808T091538Z,26.5,78.0
20260808T091553Z,26.5,77.7
20260808T091608Z,26.4,77.9
20260808T091623Z,26.4,77.5
20260808T091638Z,26.3,76.3
20260808T091653Z,26.2,77.0
20260808T091708Z,26.2,78.4
20260808T091723Z,26.2,79.6
20260808T091738Z,26.2,80.4
20260808T091753Z,26.2,81.2
20260808T091808Z,26.2,81.5
20260808T091823Z,26.2,81.7
20260808T091838Z,26.2,82.3
20260808T091853Z,26.2,82.6
20260808T091908Z,26.2,82.9
20260808T091923Z,26.2,83.4
20260808T091938Z,26.2,83.8
20260808T091953Z,26.2,84.1
20260808T092008Z,26.3,84.3
20260808T092023Z,26.3,84.6
20260808T092038Z,26.3,84.9
20260808T092053Z,26.3,85.2
20260808T092108Z,26.4,85.4
20260808T092123Z,26.4,85.6
20260808T092138Z,26.4,86.0
20260808T092153Z,26.4,86.1
20260808T092208Z,26.4,86.4
20260808T092223Z,26.5,86.5
20260808T092238Z,26.5,86.8
20260808T092253Z,26.5,87.1
20260808T092308Z,26.5,87.0
20260808T092323Z,26.5,87.1
20260808T092338Z,26.6,87.5
20260808T092353Z,26.6,87.6
20260808T092408Z,26.6,87.8
20260808T092423Z,26.6,87.9
20260808T092438Z,26.7,88.1
20260808T092453Z,26.7,88.0
20260808T092508Z,26.7,88.2
20260808T092523Z,26.7,88.1
20260808T092538Z,26.7,88.3
20260808T092553Z,26.8,88.3
20260808T092608Z,26.8,88.4
20260808T092623Z,26.8,88.4
20260808T092638Z,26.8,88.5
20260808T092653Z,26.8,88.5
20260808T092708Z,26.9,88.6
20260808T092723Z,26.9,88.6
20260808T092738Z,26.9,88.7
20260808T092753Z,26.9,88.7
20260808T092808Z,27.0,88.7
20260808T092823Z,27.0,88.7
20260808T092838Z,27.0,88.7
20260808T092853Z,27.0,88.7
20260808T092908Z,27.1,88.7
20260808T092923Z,27.1,88.7
20260808T092938Z,27.1,88.7
20260808T092953Z,27.1,88.7
20260808T093008Z,27.1,88.7
20260808T093023Z,27.2,88.7
20260808T093038Z,27.2,88.6
20260808T093053Z,27.2,88.7
20260808T093108Z,27.2,88.6
20260808T093123Z,27.3,88.7
20260808T093138Z,27.3,88.6
20260808T093153Z,27.3,88.6
20260808T093208Z,27.3,88.5
20260808T093223Z,27.4,88.6
20260808T093238Z,27.4,88.5
20260808T093253Z,27.4,88.4
20260808T093308Z,27.4,88.5
20260808T093323Z,27.4,88.5
20260808T093338Z,27.4,88.5
20260808T093353Z,27.4,88.4
20260808T093408Z,27.5,88.4
20260808T093423Z,27.5,87.9
20260808T093438Z,27.5,86.8
20260808T093453Z,27.5,86.0
20260808T093508Z,27.4,85.2
20260808T093523Z,27.4,84.9
20260808T093538Z,27.3,84.0
20260808T093553Z,27.3,83.5
20260808T093608Z,27.2,82.8
20260808T093623Z,27.1,82.3
20260808T093638Z,27.1,81.9
20260808T093653Z,27.0,81.3
20260808T093708Z,26.9,81.0
20260808T093723Z,26.9,80.4
20260808T093738Z,26.8,80.5
20260808T093753Z,26.7,79.5
20260808T093808Z,26.7,80.4
20260808T093823Z,26.6,77.8
20260808T093838Z,26.5,77.3
20260808T093853Z,26.4,76.4
20260808T093908Z,26.3,76.3
20260808T093923Z,26.3,76.7
20260808T093938Z,26.2,77.2
20260808T093953Z,26.2,78.5
20260808T094008Z,26.1,79.5
20260808T094023Z,26.1,80.7
20260808T094038Z,26.1,81.4
20260808T094053Z,26.1,81.7
20260808T094108Z,26.1,81.9
20260808T094123Z,26.1,82.4
20260808T094138Z,26.1,82.6
20260808T094153Z,26.1,83.0
20260808T094208Z,26.2,83.4
20260808T094223Z,26.2,83.6
20260808T094238Z,26.2,83.9
20260808T094253Z,26.2,84.4
20260808T094308Z,26.2,84.8
20260808T094323Z,26.2,84.8
20260808T094338Z,26.3,85.0
20260808T094353Z,26.3,85.3
20260808T094408Z,26.3,85.6
20260808T094423Z,26.3,86.0
20260808T094438Z,26.4,86.2
20260808T094453Z,26.4,86.3
20260808T094508Z,26.4,86.4
20260808T094523Z,26.4,86.7
20260808T094538Z,26.4,86.9
20260808T094553Z,26.5,87.1
20260808T094608Z,26.5,87.2
20260808T094623Z,26.5,87.4
20260808T094638Z,26.5,87.7
20260808T094653Z,26.5,87.8
20260808T094708Z,26.6,87.9
20260808T094723Z,26.6,88.0
20260808T094738Z,26.6,88.1
20260808T094753Z,26.6,88.2
20260808T094808Z,26.7,88.3
20260808T094823Z,26.7,88.4
20260808T094838Z,26.7,88.3
20260808T094853Z,26.8,88.4
20260808T094908Z,26.8,88.5
20260808T094923Z,26.8,88.5
20260808T094938Z,26.8,88.6
20260808T094953Z,26.9,88.6
20260808T095008Z,26.9,88.6
20260808T095023Z,26.9,88.6
20260808T095038Z,26.9,88.6
20260808T095053Z,27.0,88.6
20260808T095108Z,27.0,88.6
20260808T095123Z,27.0,88.7
20260808T095138Z,27.0,88.6
20260808T095153Z,27.1,88.6
20260808T095208Z,27.1,88.6
20260808T095223Z,27.1,88.6
20260808T095238Z,27.1,88.7
20260808T095253Z,27.2,88.6
20260808T095308Z,27.2,88.5
20260808T095323Z,27.2,88.6
20260808T095338Z,27.2,88.5
20260808T095353Z,27.3,88.5
20260808T095408Z,27.3,88.5
20260808T095423Z,27.3,88.5
20260808T095438Z,27.3,88.5
20260808T095453Z,27.3,88.4
20260808T095508Z,27.3,88.5
20260808T095523Z,27.4,88.3
20260808T095538Z,27.4,88.3
20260808T095553Z,27.4,88.3
20260808T095608Z,27.4,88.4
20260808T095623Z,27.5,88.3
20260808T095638Z,27.5,88.2
20260808T095653Z,27.5,88.2
20260808T095708Z,27.5,88.1
20260808T095723Z,27.5,88.1
20260808T095738Z,27.5,88.0
20260808T095753Z,27.5,86.5
20260808T095808Z,27.5,85.7
20260808T095823Z,27.4,84.9
20260808T095838Z,27.4,84.4
20260808T095853Z,27.3,83.9
20260808T095908Z,27.3,82.6
20260808T095923Z,27.2,82.1
20260808T095938Z,27.1,81.7
20260808T095953Z,27.0,81.1
20260808T100008Z,27.0,80.8
20260808T100023Z,26.9,81.5
20260808T100038Z,26.8,80.8
20260808T100053Z,26.8,79.8
20260808T100108Z,26.7,79.5
20260808T100123Z,26.6,78.8
20260808T100138Z,26.6,78.1
20260808T100153Z,26.5,78.6
20260808T100208Z,26.4,77.0
20260808T100223Z,26.4,77.3
20260808T100238Z,26.3,76.8
20260808T100253Z,26.3,77.3
20260808T100308Z,26.3,77.8
20260808T100323Z,26.2,78.3
20260808T100338Z,26.2,79.6
20260808T100353Z,26.2,80.2
20260808T100408Z,26.2,80.6
20260808T100423Z,26.2,81.1
20260808T100438Z,26.2,81.3
20260808T100453Z,26.2,82.0
20260808T100508Z,26.2,82.2
20260808T100523Z,26.2,82.6
20260808T100538Z,26.2,82.9
20260808T100553Z,26.2,83.3
20260808T100608Z,26.3,83.7
20260808T100623Z,26.3,84.0
20260808T100638Z,26.3,84.1
20260808T100653Z,26.3,84.4
20260808T100708Z,26.3,84.8
20260808T100723Z,26.4,85.0
20260808T100738Z,26.4,85.4
20260808T100753Z,26.4,85.6
20260808T100808Z,26.4,85.7
20260808T100823Z,26.4,86.1
20260808T100838Z,26.5,86.4
20260808T100853Z,26.5,86.4
20260808T100908Z,26.5,86.8
20260808T100923Z,26.5,86.8
20260808T100938Z,26.5,87.2
20260808T100953Z,26.5,87.1
20260808T101008Z,26.6,87.3
20260808T101023Z,26.6,87.6
20260808T101038Z,26.6,87.5
20260808T101053Z,26.6,87.7
20260808T101108Z,26.7,87.8
20260808T101123Z,26.7,87.9
20260808T101138Z,26.7,88.0
20260808T101153Z,26.7,88.0
20260808T101208Z,26.8,88.2
20260808T101223Z,26.8,88.2
20260808T101238Z,26.8,88.2
20260808T101253Z,26.8,88.2
20260808T101308Z,26.9,88.3
20260808T101323Z,26.9,88.4
20260808T101338Z,26.9,88.3
20260808T101353Z,26.9,88.3
20260808T101408Z,27.0,88.3
20260808T101423Z,27.0,88.3
20260808T101438Z,27.0,88.4
20260808T101453Z,27.0,88.4
20260808T101508Z,27.0,88.4
20260808T101523Z,27.1,88.4
20260808T101538Z,27.1,88.4
20260808T101553Z,27.1,88.4
20260808T101608Z,27.1,88.4
20260808T101623Z,27.2,88.3
20260808T101638Z,27.2,88.4
20260808T101653Z,27.2,88.3
20260808T101708Z,27.2,88.3
20260808T101723Z,27.3,88.3
20260808T101738Z,27.3,88.3
20260808T101753Z,27.3,88.3
20260808T101808Z,27.3,88.3
20260808T101823Z,27.3,88.3
20260808T101838Z,27.4,88.2
20260808T101853Z,27.4,88.2
20260808T101908Z,27.4,88.2
20260808T101923Z,27.4,88.2
20260808T101938Z,27.4,88.1
20260808T101953Z,27.4,88.1
20260808T102008Z,27.4,88.2
20260808T102023Z,27.5,88.2
20260808T102038Z,27.5,88.2
20260808T102053Z,27.5,88.1
20260808T102108Z,27.5,87.8
20260808T102123Z,27.5,87.8
20260808T102138Z,27.5,85.8
20260808T102153Z,27.5,85.4
20260808T102208Z,27.4,84.8
20260808T102223Z,27.4,84.2
20260808T102238Z,27.3,83.4
20260808T102253Z,27.2,83.0
20260808T102308Z,27.2,82.3
20260808T102323Z,27.1,81.5
20260808T102338Z,27.0,80.8
20260808T102353Z,27.0,80.7
20260808T102408Z,26.9,79.9
20260808T102423Z,26.8,79.9
20260808T102438Z,26.7,79.3
20260808T102453Z,26.7,78.9
20260808T102508Z,26.6,78.0
20260808T102523Z,26.5,78.2
20260808T102538Z,26.5,77.0
20260808T102553Z,26.4,76.8
20260808T102608Z,26.3,75.6
20260808T102623Z,26.2,75.7
20260808T102638Z,26.2,76.8
20260808T102653Z,26.1,78.0
20260808T102708Z,26.1,79.2
20260808T102723Z,26.1,80.3
20260808T102738Z,26.1,80.7
20260808T102753Z,26.1,81.1
20260808T102808Z,26.1,81.5
20260808T102823Z,26.1,81.7
20260808T102838Z,26.1,82.2
20260808T102853Z,26.1,82.6
20260808T102908Z,26.1,82.9
20260808T102923Z,26.2,83.1
20260808T102938Z,26.2,83.6
20260808T102953Z,26.2,83.9
20260808T103008Z,26.2,84.0
20260808T103023Z,26.3,84.4
20260808T103038Z,26.3,84.8
20260808T103053Z,26.3,84.9
20260808T103108Z,26.3,85.3
20260808T103123Z,26.3,85.5
20260808T103138Z,26.4,85.8
20260808T103153Z,26.4,86.0
20260808T103208Z,26.4,86.2
20260808T103223Z,26.4,86.5
20260808T103238Z,26.4,86.6
20260808T103253Z,26.5,86.7
20260808T103308Z,26.5,87.0
20260808T103323Z,26.5,87.2
20260808T103338Z,26.5,87.2
20260808T103353Z,26.6,87.4
20260808T103408Z,26.6,87.4
20260808T103423Z,26.6,87.7
20260808T103438Z,26.6,87.8
20260808T103453Z,26.6,87.8
20260808T103508Z,26.7,87.9
20260808T103523Z,26.7,88.0
20260808T103538Z,26.7,88.1
20260808T103553Z,26.7,88.1
20260808T103608Z,26.8,88.2
20260808T103623Z,26.8,88.2
20260808T103638Z,26.8,88.2
20260808T103653Z,26.8,88.3
20260808T103708Z,26.9,88.2
20260808T103723Z,26.9,88.3
20260808T103738Z,26.9,88.4
20260808T103753Z,26.9,88.4
20260808T103808Z,27.0,88.3
20260808T103823Z,27.0,88.4
20260808T103838Z,27.0,88.4
20260808T103853Z,27.0,88.4
20260808T103908Z,27.1,88.3
20260808T103923Z,27.1,88.3
20260808T103938Z,27.1,88.3
20260808T103953Z,27.1,88.3
20260808T104008Z,27.2,88.3
20260808T104023Z,27.2,88.3
20260808T104038Z,27.2,88.3
20260808T104053Z,27.2,88.2
20260808T104108Z,27.2,88.1
20260808T104123Z,27.3,88.2
20260808T104138Z,27.3,88.2
20260808T104153Z,27.3,88.1
20260808T104209Z,27.3,88.1
20260808T104223Z,27.3,88.1
20260808T104239Z,27.4,88.1
20260808T104254Z,27.4,88.0
20260808T104309Z,27.4,88.0
20260808T104324Z,27.4,88.0
20260808T104339Z,27.4,88.0
20260808T104354Z,27.4,88.0
20260808T104409Z,27.5,88.0
20260808T104424Z,27.5,87.9
20260808T104439Z,27.5,87.9
20260808T104454Z,27.5,87.8
20260808T104509Z,27.5,87.7
20260808T104524Z,27.5,85.7
20260808T104539Z,27.5,85.2
20260808T104554Z,27.4,84.4
20260808T104609Z,27.4,84.0
20260808T104624Z,27.3,83.0
20260808T104639Z,27.2,82.9
20260808T104654Z,27.2,82.1
20260808T104709Z,27.1,82.0
20260808T104724Z,27.0,81.0
20260808T104739Z,27.0,80.9
20260808T104754Z,26.9,80.3
20260808T104809Z,26.8,79.7
20260808T104824Z,26.7,78.6
20260808T104839Z,26.7,78.6
20260808T104854Z,26.6,77.8
20260808T104909Z,26.5,77.5
20260808T104924Z,26.4,76.8
20260808T104939Z,26.4,77.3
20260808T104954Z,26.3,76.8
20260808T105009Z,26.3,77.6
20260808T105024Z,26.2,78.2
20260808T105039Z,26.2,79.3
20260808T105054Z,26.2,80.7
20260808T105109Z,26.2,81.1
20260808T105124Z,26.2,81.4
20260808T105139Z,26.2,81.7
20260808T105154Z,26.2,82.0
20260808T105209Z,26.2,82.4
20260808T105224Z,26.2,82.8
20260808T105239Z,26.2,83.3
20260808T105254Z,26.2,83.5
20260808T105309Z,26.2,83.7
20260808T105324Z,26.2,84.1
20260808T105339Z,26.2,84.3
20260808T105354Z,26.3,84.7
20260808T105409Z,26.3,85.0
20260808T105424Z,26.3,85.4
20260808T105439Z,26.3,85.5
20260808T105454Z,26.3,85.6
20260808T105509Z,26.3,86.0
20260808T105524Z,26.4,86.3
20260808T105539Z,26.4,86.4
20260808T105554Z,26.4,86.5
20260808T105609Z,26.4,86.8
20260808T105624Z,26.4,87.0
20260808T105639Z,26.4,87.1
20260808T105654Z,26.5,87.2
20260808T105709Z,26.5,87.3
20260808T105724Z,26.5,87.4
20260808T105739Z,26.5,87.6
20260808T105754Z,26.6,87.7
20260808T105809Z,26.6,87.8
20260808T105824Z,26.6,87.8
20260808T105839Z,26.6,87.9
20260808T105854Z,26.6,88.0
20260808T105909Z,26.7,88.0
20260808T105924Z,26.7,88.0
20260808T105939Z,26.7,88.0
20260808T105954Z,26.8,88.1
20260808T110009Z,26.8,88.1
20260808T110024Z,26.8,88.1
20260808T110039Z,26.8,88.1
20260808T110054Z,26.8,88.1
20260808T110109Z,26.9,88.1
20260808T110124Z,26.9,88.1
20260808T110139Z,26.9,88.1
20260808T110154Z,26.9,88.1
20260808T110209Z,26.9,88.1
20260808T110224Z,27.0,88.0
20260808T110239Z,27.0,88.1
20260808T110254Z,27.0,88.1
20260808T110309Z,27.0,88.0
20260808T110324Z,27.1,88.0
20260808T110339Z,27.1,87.9
20260808T110354Z,27.1,87.9
20260808T110409Z,27.1,87.9
20260808T110424Z,27.1,87.8
20260808T110439Z,27.2,87.9
20260808T110454Z,27.2,87.8
20260808T110509Z,27.2,87.8
20260808T110524Z,27.2,87.8
20260808T110539Z,27.2,87.8
20260808T110554Z,27.3,87.8
20260808T110609Z,27.3,87.7
20260808T110624Z,27.3,87.7
20260808T110639Z,27.3,87.6
20260808T110654Z,27.3,87.7
20260808T110709Z,27.4,87.6
20260808T110724Z,27.4,87.6
20260808T110739Z,27.4,87.5
20260808T110754Z,27.4,87.5
20260808T110809Z,27.4,87.5
20260808T110824Z,27.4,87.4
20260808T110839Z,27.4,87.5
20260808T110854Z,27.5,87.4
20260808T110909Z,27.5,87.4
20260808T110924Z,27.5,86.9
20260808T110939Z,27.5,85.8
20260808T110954Z,27.4,84.8
20260808T111009Z,27.4,84.7
20260808T111024Z,27.3,84.0
20260808T111039Z,27.3,83.3
20260808T111054Z,27.2,82.7
20260808T111109Z,27.2,82.3
20260808T111124Z,27.1,81.7
20260808T111139Z,27.0,81.3
20260808T111154Z,27.0,80.8
20260808T111209Z,26.9,80.2
20260808T111224Z,26.8,79.5
20260808T111239Z,26.8,79.6
20260808T111254Z,26.7,78.3
20260808T111309Z,26.6,78.1
20260808T111324Z,26.6,78.4
20260808T111339Z,26.5,77.5
20260808T111354Z,26.4,76.8
20260808T111409Z,26.4,76.0
20260808T111424Z,26.3,76.6
20260808T111439Z,26.3,77.1
20260808T111454Z,26.2,78.4
20260808T111509Z,26.2,79.5
20260808T111524Z,26.2,80.3
20260808T111539Z,26.2,80.8
20260808T111554Z,26.2,81.1
20260808T111609Z,26.2,81.4
20260808T111624Z,26.2,81.8
20260808T111639Z,26.2,82.4
20260808T111654Z,26.2,82.5
20260808T111709Z,26.2,82.9
20260808T111724Z,26.3,83.3
20260808T111739Z,26.3,83.7
20260808T111754Z,26.3,84.0
20260808T111809Z,26.3,84.3
20260808T111824Z,26.3,84.7
20260808T111839Z,26.3,84.9
20260808T111854Z,26.3,85.3
20260808T111909Z,26.4,85.4
20260808T111924Z,26.4,85.7
20260808T111939Z,26.4,85.8
20260808T111954Z,26.4,86.1
20260808T112009Z,26.4,86.3
20260808T112024Z,26.5,86.6
20260808T112039Z,26.5,86.7
20260808T112054Z,26.5,86.6
20260808T112109Z,26.5,86.8
20260808T112124Z,26.5,87.0
20260808T112139Z,26.6,87.2
20260808T112154Z,26.6,87.3
20260808T112209Z,26.6,87.4
20260808T112224Z,26.6,87.5
20260808T112239Z,26.7,87.5
20260808T112254Z,26.7,87.7
20260808T112309Z,26.7,87.7
20260808T112324Z,26.7,87.7
20260808T112339Z,26.8,87.7
20260808T112354Z,26.8,87.9
20260808T112409Z,26.8,87.8
20260808T112424Z,26.9,87.8
20260808T112439Z,26.9,87.9
20260808T112454Z,26.9,87.9
20260808T112509Z,26.9,87.9
20260808T112524Z,26.9,87.9
20260808T112539Z,27.0,87.8
20260808T112554Z,27.0,87.8
20260808T112609Z,27.0,87.8
20260808T112624Z,27.0,87.8
20260808T112639Z,27.1,87.9
20260808T112654Z,27.1,87.7
20260808T112709Z,27.1,87.8
20260808T112724Z,27.1,87.7
20260808T112739Z,27.1,87.7
20260808T112754Z,27.2,87.7
20260808T112809Z,27.2,87.7
20260808T112824Z,27.2,87.7
20260808T112839Z,27.2,87.6
20260808T112854Z,27.2,87.6
20260808T112909Z,27.3,87.7
20260808T112924Z,27.3,87.6
20260808T112939Z,27.3,87.6
20260808T112954Z,27.3,87.6
20260808T113009Z,27.4,87.6
20260808T113024Z,27.4,87.5
20260808T113039Z,27.4,87.5
20260808T113054Z,27.4,87.5
20260808T113109Z,27.4,87.4
20260808T113124Z,27.4,87.4
20260808T113139Z,27.5,87.4
20260808T113154Z,27.5,87.4
20260808T113209Z,27.5,87.4
20260808T113224Z,27.5,86.9
20260808T113239Z,27.5,85.9
20260808T113254Z,27.5,84.9
20260808T113309Z,27.4,84.6
20260808T113324Z,27.4,83.8
20260808T113339Z,27.3,82.8
20260808T113354Z,27.3,82.4
20260808T113409Z,27.2,81.8
20260808T113424Z,27.1,81.4
20260808T113439Z,27.1,81.3
20260808T113454Z,27.0,80.0
20260808T113509Z,26.9,79.9
20260808T113524Z,26.8,79.2
20260808T113539Z,26.7,78.4
20260808T113554Z,26.7,78.8
20260808T113609Z,26.6,78.1
20260808T113624Z,26.5,77.7
20260808T113639Z,26.5,77.4
20260808T113654Z,26.4,77.1
20260808T113709Z,26.3,76.4
20260808T113724Z,26.3,76.9
20260808T113739Z,26.2,76.9
20260808T113754Z,26.2,78.3
20260808T113809Z,26.2,79.5
20260808T113824Z,26.2,80.3
20260808T113839Z,26.2,80.8
20260808T113854Z,26.2,81.1
20260808T113909Z,26.2,81.3
20260808T113924Z,26.2,81.7
20260808T113939Z,26.2,82.2
20260808T113954Z,26.2,82.6
20260808T114009Z,26.2,82.9
20260808T114024Z,26.2,83.1
20260808T114039Z,26.2,83.6
20260808T114054Z,26.3,83.9
20260808T114109Z,26.3,84.1
20260808T114124Z,26.3,84.5
20260808T114139Z,26.3,84.8
20260808T114154Z,26.3,84.9
20260808T114209Z,26.4,85.4
20260808T114224Z,26.4,85.4
20260808T114239Z,26.4,85.6
20260808T114254Z,26.4,85.8
20260808T114309Z,26.4,86.2
20260808T114324Z,26.4,86.2
20260808T114339Z,26.5,86.5
20260808T114354Z,26.5,86.8
20260808T114409Z,26.5,86.9
20260808T114424Z,26.5,87.0
20260808T114439Z,26.6,87.1
20260808T114454Z,26.6,87.3
20260808T114509Z,26.6,87.4
20260808T114524Z,26.6,87.4
20260808T114539Z,26.7,87.4
20260808T114554Z,26.7,87.5
20260808T114609Z,26.7,87.7
20260808T114624Z,26.7,87.6
20260808T114639Z,26.7,87.8
20260808T114654Z,26.8,87.9
20260808T114709Z,26.8,87.8
20260808T114724Z,26.8,87.9
20260808T114739Z,26.8,87.9
20260808T114754Z,26.9,88.0
20260808T114809Z,26.9,88.0
20260808T114824Z,26.9,87.9
20260808T114839Z,26.9,88.0
20260808T114854Z,27.0,88.0
20260808T114909Z,27.0,88.0
20260808T114924Z,27.0,88.0
20260808T114939Z,27.0,88.0
20260808T114954Z,27.0,88.0
20260808T115009Z,27.1,88.0
20260808T115024Z,27.1,88.0
20260808T115039Z,27.1,88.0
20260808T115054Z,27.2,88.0
20260808T115109Z,27.2,88.0
20260808T115124Z,27.2,87.9
20260808T115139Z,27.2,88.0
20260808T115154Z,27.2,87.9
20260808T115209Z,27.3,87.9
20260808T115224Z,27.3,87.9
20260808T115239Z,27.3,87.9
20260808T115254Z,27.3,87.9
20260808T115309Z,27.3,87.8
20260808T115324Z,27.3,87.8
20260808T115339Z,27.4,87.7
20260808T115354Z,27.4,87.8
20260808T115409Z,27.4,87.8
20260808T115424Z,27.4,87.8
20260808T115439Z,27.4,87.6
20260808T115454Z,27.5,87.5
20260808T115509Z,27.5,87.6
20260808T115524Z,27.5,87.3
20260808T115539Z,27.5,85.7
20260808T115554Z,27.4,85.1
20260808T115609Z,27.4,84.9
20260808T115624Z,27.4,84.0
20260808T115639Z,27.3,83.1
20260808T115654Z,27.2,82.8
20260808T115709Z,27.2,81.7
20260808T115724Z,27.1,81.0
20260808T115739Z,27.0,80.6
20260808T115754Z,26.9,80.2
20260808T115809Z,26.9,80.7
20260808T115824Z,26.8,78.7
20260808T115839Z,26.7,78.8
20260808T115854Z,26.6,78.0
20260808T115909Z,26.5,77.6
20260808T115924Z,26.4,77.1
20260808T115939Z,26.4,76.6
20260808T115954Z,26.3,76.4
20260808T120009Z,26.2,78.1
20260808T120024Z,26.2,79.4
20260808T120039Z,26.1,80.8
20260808T120054Z,26.1,81.3
20260808T120109Z,26.1,81.7
20260808T120124Z,26.1,82.3
20260808T120139Z,26.1,82.6
20260808T120154Z,26.1,82.9
20260808T120209Z,26.1,83.2
20260808T120224Z,26.1,83.6
20260808T120239Z,26.2,84.0
20260808T120254Z,26.2,84.3
20260808T120309Z,26.2,84.4
20260808T120324Z,26.2,84.9
20260808T120339Z,26.2,85.3
20260808T120354Z,26.2,85.4
20260808T120409Z,26.3,85.7
20260808T120424Z,26.3,86.0
20260808T120439Z,26.3,86.2
20260808T120454Z,26.3,86.3
20260808T120509Z,26.4,86.8
20260808T120524Z,26.4,86.8
20260808T120539Z,26.4,87.0
20260808T120554Z,26.4,86.9
20260808T120609Z,26.5,87.3
20260808T120624Z,26.5,87.4
20260808T120639Z,26.5,87.7
20260808T120654Z,26.5,87.7
20260808T120709Z,26.6,87.7
20260808T120724Z,26.6,87.9
20260808T120739Z,26.6,87.9
20260808T120754Z,26.6,87.9
20260808T120809Z,26.7,88.0
20260808T120824Z,26.7,88.1
20260808T120839Z,26.7,88.0
20260808T120854Z,26.7,88.1
20260808T120909Z,26.8,88.1
20260808T120924Z,26.8,88.2
20260808T120939Z,26.8,88.2
20260808T120954Z,26.8,88.2
20260808T121009Z,26.9,88.2
20260808T121024Z,26.9,88.2
20260808T121039Z,26.9,88.2
20260808T121054Z,27.0,88.2
20260808T121109Z,27.0,88.2
20260808T121124Z,27.0,88.2
20260808T121139Z,27.0,88.1
20260808T121154Z,27.1,88.1
20260808T121209Z,27.1,88.1
20260808T121224Z,27.1,88.1
20260808T121239Z,27.1,88.1
20260808T121254Z,27.2,88.1
20260808T121309Z,27.2,88.1
20260808T121324Z,27.2,88.0
20260808T121339Z,27.2,87.9
20260808T121354Z,27.3,87.9
20260808T121409Z,27.3,88.0
20260808T121424Z,27.3,87.9
20260808T121439Z,27.3,87.9
20260808T121454Z,27.3,87.9
20260808T121509Z,27.3,87.8
20260808T121524Z,27.4,87.8
20260808T121539Z,27.4,87.8
20260808T121554Z,27.4,87.8
20260808T121609Z,27.4,87.7
20260808T121624Z,27.4,87.7
20260808T121639Z,27.4,87.7
20260808T121654Z,27.5,87.7
20260808T121709Z,27.5,87.6
20260808T121724Z,27.5,87.6
20260808T121739Z,27.5,87.6
20260808T121754Z,27.5,87.3
20260808T121809Z,27.5,85.9
20260808T121824Z,27.5,85.2
20260808T121839Z,27.5,84.7
20260808T121854Z,27.4,83.9
20260808T121909Z,27.3,83.0
20260808T121924Z,27.3,82.3
20260808T121939Z,27.2,81.8
20260808T121954Z,27.1,81.8
20260808T122009Z,27.1,80.8
20260808T122024Z,27.0,80.3
20260808T122039Z,26.9,79.9
20260808T122054Z,26.8,80.4
20260808T122109Z,26.8,80.1
20260808T122124Z,26.7,78.3
20260808T122139Z,26.6,77.6
20260808T122154Z,26.6,77.4
20260808T122209Z,26.5,76.7
20260808T122224Z,26.4,76.3
20260808T122239Z,26.4,76.4
20260808T122254Z,26.3,76.2
20260808T122309Z,26.2,77.4
20260808T122324Z,26.2,78.8
20260808T122339Z,26.2,80.0
20260808T122354Z,26.2,80.8
20260808T122409Z,26.1,81.1
20260808T122424Z,26.1,81.5
20260808T122439Z,26.1,81.7
20260808T122454Z,26.2,82.3
20260808T122509Z,26.2,82.7
20260808T122524Z,26.2,83.1
20260808T122539Z,26.2,83.2
20260808T122554Z,26.2,83.5
20260808T122609Z,26.2,84.0
20260808T122624Z,26.2,84.2
20260808T122639Z,26.3,84.4
20260808T122654Z,26.3,84.7
20260808T122709Z,26.3,85.0
20260808T122724Z,26.3,85.3
20260808T122739Z,26.4,85.6
20260808T122754Z,26.4,85.8
20260808T122809Z,26.4,86.1
20260808T122824Z,26.4,86.3
20260808T122839Z,26.4,86.5
20260808T122854Z,26.5,86.7
20260808T122909Z,26.5,86.8
20260808T122924Z,26.5,87.0
20260808T122939Z,26.5,87.1
20260808T122954Z,26.5,87.3
20260808T123009Z,26.6,87.4
20260808T123024Z,26.6,87.5
20260808T123039Z,26.6,87.6
20260808T123054Z,26.7,87.6
20260808T123109Z,26.7,87.7
20260808T123124Z,26.7,87.7
20260808T123139Z,26.7,87.9
20260808T123154Z,26.7,87.9
20260808T123209Z,26.8,87.9
20260808T123224Z,26.8,88.0
20260808T123239Z,26.8,88.0
20260808T123254Z,26.8,88.0
20260808T123309Z,26.9,88.0
20260808T123324Z,26.9,88.0
20260808T123339Z,26.9,88.1
20260808T123354Z,27.0,88.1
20260808T123409Z,27.0,88.0
20260808T123424Z,27.0,88.0
20260808T123439Z,27.0,88.1
20260808T123454Z,27.1,88.1
20260808T123509Z,27.1,88.1
20260808T123524Z,27.1,88.1
20260808T123539Z,27.1,88.1
20260808T123554Z,27.1,88.0
20260808T123609Z,27.1,88.0
20260808T123624Z,27.2,88.0
20260808T123639Z,27.2,88.0
20260808T123654Z,27.2,88.0
20260808T123709Z,27.2,87.9
20260808T123724Z,27.3,87.9
20260808T123739Z,27.3,87.9
20260808T123754Z,27.3,87.9
20260808T123809Z,27.3,87.8
20260808T123824Z,27.3,87.9
20260808T123839Z,27.4,87.8
20260808T123854Z,27.4,87.7
20260808T123909Z,27.4,87.7
20260808T123924Z,27.4,87.7
20260808T123939Z,27.4,87.7
20260808T123954Z,27.5,87.7
20260808T124009Z,27.5,87.6
20260808T124024Z,27.5,87.6
20260808T124039Z,27.5,87.6
20260808T124054Z,27.5,87.3
20260808T124109Z,27.5,87.1
20260808T124124Z,27.5,85.2
20260808T124139Z,27.5,85.2
20260808T124154Z,27.4,84.2
20260808T124209Z,27.4,83.7
20260808T124224Z,27.3,82.8
20260808T124239Z,27.2,82.2
20260808T124254Z,27.1,81.6
20260808T124309Z,27.1,81.1
20260808T124324Z,27.0,80.8
20260808T124339Z,26.9,80.0
20260808T124354Z,26.8,79.6
20260808T124409Z,26.8,79.6
20260808T124424Z,26.7,79.0
20260808T124439Z,26.6,78.4
20260808T124454Z,26.5,77.7
20260808T124509Z,26.5,77.5
20260808T124524Z,26.4,77.8
20260808T124539Z,26.4,76.8
20260808T124554Z,26.3,77.4
20260808T124609Z,26.3,76.2
20260808T124624Z,26.2,77.5
20260808T124639Z,26.2,78.4
20260808T124654Z,26.2,79.6
20260808T124709Z,26.2,80.2
20260808T124724Z,26.2,80.8
20260808T124739Z,26.1,81.1
20260808T124754Z,26.2,81.3
20260808T124809Z,26.2,81.6
20260808T124824Z,26.2,82.3
20260808T124839Z,26.2,82.6
20260808T124854Z,26.2,82.7
20260808T124909Z,26.2,83.2
20260808T124924Z,26.2,83.5
20260808T124939Z,26.3,83.8
20260808T124954Z,26.3,84.0
20260808T125009Z,26.3,84.3
20260808T125024Z,26.3,84.7
20260808T125039Z,26.3,85.0
20260808T125054Z,26.4,85.2
20260808T125109Z,26.4,85.5
20260808T125124Z,26.4,85.8
20260808T125139Z,26.4,85.9
20260808T125154Z,26.4,86.1
20260808T125209Z,26.5,86.3
20260808T125224Z,26.5,86.4
20260808T125239Z,26.5,85.7
20260808T125254Z,26.5,86.0
20260808T125309Z,26.5,84.2
20260808T125324Z,26.5,83.5
20260808T125339Z,26.5,83.2
20260808T125354Z,26.5,82.5
20260808T125409Z,26.4,81.6
20260808T125424Z,26.4,81.2
20260808T125439Z,26.4,80.4
20260808T125454Z,26.3,80.0
20260808T125509Z,26.3,79.4
20260808T125524Z,26.3,78.4
20260808T125539Z,26.2,77.8
20260808T125554Z,26.2,77.6
20260808T125609Z,26.1,76.3
20260808T125624Z,26.1,76.2
20260808T125639Z,26.0,76.1
20260808T125654Z,26.0,76.2
20260808T125709Z,25.9,75.7
20260808T125724Z,25.9,74.3
20260808T125739Z,25.9,74.1
20260808T125754Z,25.8,72.7
20260808T125809Z,25.8,73.3
20260808T125824Z,25.7,72.9
20260808T125839Z,25.7,72.7
20260808T125854Z,25.6,71.2
20260808T125909Z,25.6,70.4
20260808T125924Z,25.6,70.4
20260808T125939Z,25.5,70.4
20260808T125954Z,25.5,70.6
20260808T130009Z,25.4,71.9
20260808T130024Z,25.4,73.5
20260808T130039Z,25.4,74.4
20260808T130054Z,25.4,75.3
20260808T130109Z,25.5,75.6
20260808T130124Z,25.5,76.0
20260808T130139Z,25.5,76.6
20260808T130154Z,25.6,77.0
20260808T130209Z,25.6,77.6
20260808T130224Z,25.6,77.8
20260808T130239Z,25.6,78.1
20260808T130254Z,25.7,78.5
20260808T130309Z,25.7,79.1
20260808T130324Z,25.7,79.5
20260808T130339Z,25.8,79.8
20260808T130354Z,25.8,80.1
20260808T130409Z,25.8,80.7
20260808T130424Z,25.9,80.8
20260808T130439Z,25.9,81.1
20260808T130454Z,25.9,81.5
20260808T130509Z,25.9,81.8
20260808T130524Z,25.9,82.1
20260808T130539Z,26.0,82.3
20260808T130554Z,26.0,82.6
20260808T130609Z,26.0,83.0
20260808T130624Z,26.0,83.2
20260808T130639Z,26.1,83.3
20260808T130654Z,26.1,83.7
20260808T130709Z,26.1,83.8
20260808T130724Z,26.1,83.9
20260808T130739Z,26.2,84.2
20260808T130754Z,26.2,84.5
20260808T130809Z,26.2,84.5
20260808T130824Z,26.2,84.8
20260808T130839Z,26.3,84.9
20260808T130854Z,26.3,85.0
20260808T130909Z,26.3,85.2
20260808T130924Z,26.3,85.2
20260808T130939Z,26.4,85.3
20260808T130954Z,26.4,85.5
20260808T131009Z,26.4,85.5
20260808T131024Z,26.4,85.6
20260808T131039Z,26.5,85.7
20260808T131054Z,26.5,85.6
20260808T131109Z,26.5,85.8
20260808T131124Z,26.6,85.0
20260808T131139Z,26.6,84.8
20260808T131154Z,26.6,83.0
20260808T131209Z,26.5,82.7
20260808T131224Z,26.5,81.9
20260808T131239Z,26.5,81.4
20260808T131254Z,26.5,80.5
20260808T131309Z,26.4,80.4
20260808T131324Z,26.4,79.5
20260808T131339Z,26.3,78.9
20260808T131354Z,26.3,78.2
20260808T131409Z,26.2,78.2
20260808T131424Z,26.2,77.1
20260808T131439Z,26.1,76.4
20260808T131454Z,26.1,76.1
20260808T131509Z,26.0,75.5
20260808T131524Z,26.0,74.7
20260808T131539Z,25.9,75.3
20260808T131554Z,25.9,74.6
20260808T131609Z,25.8,74.1
20260808T131624Z,25.8,74.7
20260808T131639Z,25.8,73.2
20260808T131654Z,25.8,73.5
20260808T131709Z,25.7,72.7
20260808T131724Z,25.7,71.7
20260808T131739Z,25.7,70.8
20260808T131754Z,25.6,70.5
20260808T131809Z,25.6,70.5
20260808T131824Z,25.5,69.3
20260808T131839Z,25.5,69.7
20260808T131854Z,25.5,71.4
20260808T131909Z,25.4,73.1
20260808T131924Z,25.4,74.2
20260808T131939Z,25.4,74.8
20260808T131954Z,25.4,75.3
20260808T132009Z,25.4,75.7
20260808T132024Z,25.5,76.1
20260808T132039Z,25.5,76.6
20260808T132054Z,25.5,77.2
20260808T132109Z,25.5,77.7
20260808T132124Z,25.6,77.9
20260808T132139Z,25.6,78.7
20260808T132154Z,25.6,79.0
20260808T132209Z,25.7,79.6
20260808T132224Z,25.7,79.9
20260808T132239Z,25.7,80.3
20260808T132254Z,25.7,80.8
20260808T132309Z,25.8,81.1
20260808T132324Z,25.8,81.4
20260808T132339Z,25.8,81.7
20260808T132354Z,25.9,82.3
20260808T132409Z,25.9,82.5
20260808T132424Z,25.9,82.9
20260808T132439Z,26.0,83.1
20260808T132454Z,26.0,83.3
20260808T132509Z,26.0,83.5
20260808T132524Z,26.1,83.8
20260808T132539Z,26.1,83.8
20260808T132554Z,26.1,84.2
20260808T132609Z,26.1,84.4
20260808T132624Z,26.1,84.5
20260808T132639Z,26.1,84.7
20260808T132654Z,26.2,85.0
20260808T132709Z,26.2,85.0
20260808T132724Z,26.2,85.2
20260808T132739Z,26.2,85.3
20260808T132754Z,26.3,85.4
20260808T132809Z,26.2,85.5
20260808T132824Z,26.3,85.6
20260808T132839Z,26.3,85.5
20260808T132854Z,26.3,85.6
20260808T132909Z,26.4,85.8
20260808T132924Z,26.4,85.9
20260808T132939Z,26.4,86.1
20260808T132954Z,26.4,86.0
20260808T133009Z,26.4,86.0
20260808T133024Z,26.5,85.9
20260808T133039Z,26.5,85.6
20260808T133054Z,26.5,84.0
20260808T133109Z,26.5,83.4
20260808T133124Z,26.4,83.0
20260808T133139Z,26.4,82.0
20260808T133154Z,26.4,81.0
20260808T133209Z,26.4,80.4
20260808T133224Z,26.3,79.6
20260808T133239Z,26.3,78.7
20260808T133254Z,26.2,78.4
20260808T133309Z,26.1,77.7
20260808T133324Z,26.1,77.1
20260808T133339Z,26.0,77.3
20260808T133354Z,25.9,77.2
20260808T133409Z,25.9,76.1
20260808T133424Z,25.9,75.2
20260808T133439Z,25.8,75.1
20260808T133454Z,25.7,74.6
20260808T133509Z,25.7,74.1
20260808T133524Z,25.7,73.0
20260808T133539Z,25.6,72.4
20260808T133554Z,25.6,72.6
20260808T133609Z,25.5,72.6
20260808T133624Z,25.5,71.8
20260808T133639Z,25.5,71.9
20260808T133654Z,25.4,71.6
20260808T133709Z,25.4,73.1
20260808T133724Z,25.4,74.6
20260808T133739Z,25.4,75.5
20260808T133754Z,25.4,76.1
20260808T133809Z,25.4,76.4
20260808T133824Z,25.4,76.7
20260808T133839Z,25.4,77.3
20260808T133854Z,25.5,77.8
20260808T133909Z,25.5,78.4
20260808T133924Z,25.5,78.7
20260808T133939Z,25.5,79.0
20260808T133954Z,25.6,79.3
20260808T134009Z,25.6,79.8
20260808T134024Z,25.6,80.1
20260808T134039Z,25.6,80.6
20260808T134054Z,25.7,80.8
20260808T134109Z,25.7,81.1
20260808T134124Z,25.7,81.6
20260808T134139Z,25.7,81.9
20260808T134154Z,25.8,82.3
20260808T134209Z,25.8,82.5
20260808T134224Z,25.8,82.7
20260808T134239Z,25.8,82.9
20260808T134254Z,25.9,83.2
20260808T134309Z,25.9,83.5
20260808T134324Z,25.9,83.8
20260808T134339Z,25.9,83.9
20260808T134354Z,26.0,84.1
20260808T134409Z,26.0,84.1
20260808T134424Z,26.0,84.4
20260808T134439Z,26.0,84.6
20260808T134454Z,26.1,84.7
20260808T134509Z,26.1,84.8
20260808T134524Z,26.1,84.8
20260808T134539Z,26.1,85.0
20260808T134554Z,26.2,85.2
20260808T134609Z,26.2,85.2
20260808T134624Z,26.2,85.2
20260808T134639Z,26.2,85.3
20260808T134654Z,26.3,85.4
20260808T134709Z,26.3,85.5
20260808T134724Z,26.3,85.5
20260808T134739Z,26.3,85.6
20260808T134754Z,26.4,85.7
20260808T134809Z,26.4,85.8
20260808T134824Z,26.4,85.7
20260808T134839Z,26.5,85.7
20260808T134854Z,26.5,85.8
20260808T134909Z,26.5,85.8
20260808T134924Z,26.5,85.4
20260808T134939Z,26.5,83.8
20260808T134954Z,26.5,83.0
20260808T135009Z,26.5,82.4
20260808T135024Z,26.5,81.7
20260808T135039Z,26.4,80.8
20260808T135054Z,26.4,80.3
20260808T135109Z,26.3,79.7
20260808T135124Z,26.3,79.1
20260808T135139Z,26.2,78.6
20260808T135154Z,26.2,77.9
20260808T135209Z,26.1,77.7
20260808T135224Z,26.1,77.0
20260808T135239Z,26.0,76.5
20260808T135254Z,26.0,75.2
20260808T135309Z,25.9,76.0
20260808T135324Z,25.9,74.6
20260808T135339Z,25.8,73.6
20260808T135354Z,25.7,73.1
20260808T135409Z,25.7,73.5
20260808T135424Z,25.6,73.4
20260808T135439Z,25.6,72.3
20260808T135454Z,25.5,71.7
20260808T135509Z,25.5,71.6
20260808T135524Z,25.5,73.0
20260808T135539Z,25.4,74.1
20260808T135554Z,25.4,75.5
20260808T135609Z,25.4,76.1
20260808T135624Z,25.4,76.9
20260808T135639Z,25.4,77.2
20260808T135654Z,25.5,77.5
20260808T135709Z,25.5,78.0
20260808T135724Z,25.5,78.4
20260808T135739Z,25.5,78.8
20260808T135754Z,25.5,79.3
20260808T135809Z,25.6,79.7
20260808T135824Z,25.6,79.9
20260808T135839Z,25.6,80.3
20260808T135854Z,25.6,80.8
20260808T135909Z,25.7,81.1
20260808T135924Z,25.7,81.5
20260808T135939Z,25.7,81.7
20260808T135954Z,25.7,82.0
20260808T140009Z,25.7,82.3
20260808T140024Z,25.8,82.6
20260808T140039Z,25.8,82.7
20260808T140054Z,25.8,82.9
20260808T140109Z,25.8,83.3
20260808T140124Z,25.9,83.6
20260808T140139Z,25.9,83.7
20260808T140154Z,25.9,83.9
20260808T140209Z,25.9,84.1
20260808T140224Z,25.9,84.4
20260808T140239Z,26.0,84.5
20260808T140254Z,26.0,84.7
20260808T140309Z,26.0,84.7
20260808T140324Z,26.0,84.9
20260808T140339Z,26.1,85.1
20260808T140354Z,26.1,85.2
20260808T140409Z,26.1,85.1
20260808T140424Z,26.1,85.3
20260808T140439Z,26.2,85.3
20260808T140454Z,26.2,85.4
20260808T140509Z,26.2,85.5
20260808T140524Z,26.3,85.5
20260808T140539Z,26.3,85.5
20260808T140554Z,26.3,85.6
20260808T140609Z,26.3,85.6
20260808T140624Z,26.4,85.7
20260808T140639Z,26.4,85.6
20260808T140654Z,26.4,85.7
20260808T140709Z,26.4,85.7
20260808T140724Z,26.5,85.7
20260808T140739Z,26.5,85.7
20260808T140754Z,26.5,85.2
20260808T140809Z,26.5,83.7
20260808T140824Z,26.5,83.1
20260808T140839Z,26.4,82.3
20260808T140854Z,26.4,81.6
20260808T140909Z,26.4,80.3
20260808T140924Z,26.4,80.2
20260808T140939Z,26.3,79.1
20260808T140954Z,26.2,78.9
20260808T141009Z,26.2,78.2
20260808T141024Z,26.1,78.5
20260808T141039Z,26.1,77.3
20260808T141054Z,26.0,77.0
20260808T141109Z,26.0,76.4
20260808T141124Z,25.9,75.5
20260808T141139Z,25.8,75.4
20260808T141154Z,25.8,74.3
20260808T141209Z,25.7,75.2
20260808T141224Z,25.7,73.9
20260808T141239Z,25.6,73.0
20260808T141254Z,25.6,73.1
20260808T141309Z,25.6,72.3
20260808T141324Z,25.5,71.7
20260808T141339Z,25.5,71.8
20260808T141354Z,25.4,71.8
20260808T141409Z,25.4,72.9
20260808T141424Z,25.4,74.2
20260808T141439Z,25.4,74.9
20260808T141454Z,25.4,76.0
20260808T141509Z,25.4,76.2
20260808T141524Z,25.4,76.8
20260808T141539Z,25.4,77.3
20260808T141554Z,25.4,77.7
20260808T141609Z,25.5,77.9
20260808T141624Z,25.5,78.4
20260808T141639Z,25.5,79.0
20260808T141654Z,25.5,79.3
20260808T141709Z,25.5,79.8
20260808T141724Z,25.5,80.0
20260808T141739Z,25.6,80.5
20260808T141754Z,25.6,81.0
20260808T141809Z,25.6,81.1
20260808T141824Z,25.6,81.4
20260808T141839Z,25.7,81.7
20260808T141854Z,25.7,82.1
20260808T141909Z,25.7,82.2
20260808T141924Z,25.7,82.6
20260808T141939Z,25.8,83.1
20260808T141954Z,25.8,83.0
20260808T142009Z,25.8,83.4
20260808T142024Z,25.8,83.7
20260808T142039Z,25.8,83.7
20260808T142054Z,25.9,83.9
20260808T142109Z,25.9,84.2
20260808T142124Z,25.9,84.4
20260808T142139Z,25.9,84.4
20260808T142154Z,25.9,84.7
20260808T142209Z,26.0,84.7
20260808T142224Z,26.0,84.8
20260808T142239Z,26.0,85.0
20260808T142254Z,26.0,85.0
20260808T142309Z,26.1,85.1
20260808T142324Z,26.1,85.2
20260808T142339Z,26.1,85.3
20260808T142354Z,26.2,85.3
20260808T142409Z,26.2,85.4
20260808T142424Z,26.2,85.5
20260808T142439Z,26.2,85.5
20260808T142454Z,26.3,85.5
20260808T142509Z,26.3,85.5
20260808T142524Z,26.3,85.6
20260808T142539Z,26.4,85.5
20260808T142554Z,26.4,85.6
20260808T142609Z,26.4,85.7
20260808T142624Z,26.4,85.6
20260808T142639Z,26.5,85.7
20260808T142654Z,26.5,85.6
20260808T142709Z,26.5,85.3
20260808T142724Z,26.5,85.1
20260808T142739Z,26.5,83.3
20260808T142754Z,26.5,83.0
20260808T142809Z,26.5,82.1
20260808T142824Z,26.5,81.5
20260808T142839Z,26.4,80.6
20260808T142854Z,26.4,80.5
20260808T142909Z,26.3,79.2
20260808T142924Z,26.3,78.9
20260808T142939Z,26.2,78.5
20260808T142954Z,26.1,77.3
20260808T143009Z,26.1,77.1
20260808T143024Z,26.0,76.4
20260808T143039Z,25.9,75.8
20260808T143054Z,25.9,74.8
20260808T143109Z,25.8,75.1
20260808T143124Z,25.8,74.5
20260808T143139Z,25.7,74.3
20260808T143154Z,25.6,73.4
20260808T143209Z,25.6,73.3
20260808T143224Z,25.5,72.3
20260808T143239Z,25.4,71.8
20260808T143254Z,25.4,72.8
20260808T143309Z,25.4,72.8
20260808T143324Z,25.3,73.6
20260808T143339Z,25.3,75.1
20260808T143354Z,25.3,76.0
20260808T143409Z,25.3,76.6
20260808T143424Z,25.3,77.2
20260808T143439Z,25.4,77.5
20260808T143454Z,25.4,78.1
20260808T143509Z,25.4,78.4
20260808T143524Z,25.4,78.8
20260808T143539Z,25.4,79.1
20260808T143554Z,25.4,79.5
20260808T143609Z,25.5,79.8
20260808T143624Z,25.5,80.3
20260808T143639Z,25.5,80.6
20260808T143654Z,25.5,81.2
20260808T143709Z,25.6,81.2
20260808T143725Z,25.6,81.5
20260808T143740Z,25.6,81.9
20260808T143755Z,25.6,82.4
20260808T143810Z,25.7,82.5
20260808T143825Z,25.7,82.8
20260808T143840Z,25.7,83.1
20260808T143855Z,25.7,83.1
20260808T143910Z,25.8,83.4
20260808T143925Z,25.8,83.8
20260808T143940Z,25.8,84.0
20260808T143955Z,25.8,84.1
20260808T144010Z,25.9,84.4
20260808T144025Z,25.9,84.5
20260808T144040Z,25.9,84.5
20260808T144055Z,26.0,84.8
20260808T144110Z,26.0,85.0
20260808T144125Z,26.0,84.9
20260808T144140Z,26.0,85.0
20260808T144155Z,26.0,85.2
20260808T144210Z,26.1,85.2
20260808T144225Z,26.1,85.3
20260808T144240Z,26.1,85.4
20260808T144255Z,26.1,85.4
20260808T144310Z,26.2,85.5
20260808T144325Z,26.2,85.5
20260808T144340Z,26.2,85.6
20260808T144355Z,26.3,85.5
20260808T144410Z,26.3,85.6
20260808T144425Z,26.3,85.6
20260808T144440Z,26.3,85.7
20260808T144455Z,26.4,85.6
20260808T144510Z,26.4,85.7
20260808T144525Z,26.4,85.7
20260808T144540Z,26.4,85.7
20260808T144555Z,26.5,85.7
20260808T144610Z,26.5,85.4
20260808T144625Z,26.5,85.3
20260808T144640Z,26.5,83.3
20260808T144655Z,26.5,83.1
20260808T144710Z,26.5,82.2
20260808T144725Z,26.4,81.3
20260808T144740Z,26.4,81.0
20260808T144755Z,26.3,80.3
20260808T144810Z,26.3,79.4
20260808T144825Z,26.2,78.6
20260808T144840Z,26.2,78.4
20260808T144855Z,26.1,77.6
20260808T144910Z,26.0,76.9
20260808T144925Z,26.0,76.9
20260808T144940Z,25.9,76.2
20260808T144955Z,25.9,75.9
20260808T145010Z,25.8,74.5
20260808T145025Z,25.7,74.7
20260808T145040Z,25.7,74.5
20260808T145055Z,25.6,74.0
20260808T145110Z,25.6,73.6
20260808T145125Z,25.5,72.0
20260808T145140Z,25.5,71.4
20260808T145155Z,25.4,72.4
20260808T145210Z,25.4,73.9
20260808T145225Z,25.3,75.3
20260808T145240Z,25.3,76.5
20260808T145255Z,25.3,76.9
20260808T145310Z,25.3,77.7
20260808T145325Z,25.3,77.9
20260808T145340Z,25.4,78.4
20260808T145355Z,25.4,78.7
20260808T145410Z,25.4,79.1
20260808T145425Z,25.4,79.6
20260808T145440Z,25.5,80.0
20260808T145455Z,25.5,80.3
20260808T145510Z,25.5,80.5
20260808T145525Z,25.5,81.1
20260808T145540Z,25.5,81.4
20260808T145555Z,25.6,81.7
20260808T145610Z,25.6,82.0
20260808T145625Z,25.6,82.2
20260808T145640Z,25.6,82.6
20260808T145655Z,25.7,82.9
20260808T145710Z,25.7,83.3
20260808T145725Z,25.7,83.4
20260808T145740Z,25.7,83.5
20260808T145755Z,25.8,83.8
20260808T145810Z,25.8,83.9
20260808T145825Z,25.8,84.1
20260808T145840Z,25.8,84.5
20260808T145855Z,25.9,84.5
20260808T145910Z,25.9,84.7
20260808T145925Z,25.9,84.8
20260808T145940Z,25.9,85.0
20260808T145955Z,26.0,85.2
20260808T150010Z,26.0,85.3
20260808T150025Z,26.0,85.4
20260808T150040Z,26.0,85.3
20260808T150055Z,26.1,85.4
20260808T150110Z,26.1,85.4
20260808T150125Z,26.1,85.6
20260808T150140Z,26.2,85.6
20260808T150155Z,26.2,85.6
20260808T150210Z,26.2,85.6
20260808T150225Z,26.2,85.7
20260808T150240Z,26.2,85.8
20260808T150255Z,26.3,85.8
20260808T150310Z,26.3,85.7
20260808T150325Z,26.3,85.8
20260808T150340Z,26.4,85.8
20260808T150355Z,26.4,85.8
20260808T150410Z,26.4,85.8
20260808T150425Z,26.4,85.8
20260808T150440Z,26.4,85.9
20260808T150455Z,26.5,85.8
20260808T150510Z,26.5,85.1
20260808T150525Z,26.5,84.4
20260808T150540Z,26.5,83.4
20260808T150555Z,26.5,82.9
20260808T150610Z,26.4,81.8
20260808T150625Z,26.4,81.1
20260808T150640Z,26.4,80.5
20260808T150655Z,26.3,80.0
20260808T150710Z,26.2,79.5
20260808T150725Z,26.2,78.7
20260808T150740Z,26.1,78.1
20260808T150755Z,26.1,77.3
20260808T150810Z,26.0,77.5
20260808T150825Z,25.9,77.0
20260808T150840Z,25.9,76.0
20260808T150855Z,25.8,76.7
20260808T150910Z,25.8,75.4
20260808T150925Z,25.7,74.6
20260808T150940Z,25.7,74.1
20260808T150955Z,25.6,74.1
20260808T151010Z,25.6,73.7
20260808T151025Z,25.5,72.7
20260808T151040Z,25.5,72.2
20260808T151055Z,25.4,72.7
20260808T151110Z,25.4,73.6
20260808T151125Z,25.4,75.1
20260808T151140Z,25.4,76.2
20260808T151155Z,25.4,77.0
20260808T151210Z,25.4,77.4
20260808T151225Z,25.4,77.9
20260808T151240Z,25.4,78.2
20260808T151255Z,25.4,78.7
20260808T151310Z,25.4,79.0
20260808T151325Z,25.4,79.4
20260808T151340Z,25.5,79.9
20260808T151355Z,25.5,80.3
20260808T151410Z,25.5,80.5
20260808T151425Z,25.5,80.9
20260808T151440Z,25.6,81.3
20260808T151455Z,25.6,81.7
20260808T151510Z,25.6,82.0
20260808T151525Z,25.6,82.1
20260808T151540Z,25.6,82.5
20260808T151555Z,25.6,82.8
20260808T151610Z,25.7,83.0
20260808T151625Z,25.7,83.4
20260808T151640Z,25.7,83.6
20260808T151655Z,25.8,83.9
20260808T151710Z,25.8,84.1
20260808T151725Z,25.8,84.1
20260808T151740Z,25.8,84.4
20260808T151755Z,25.8,84.5
20260808T151810Z,25.9,84.8
20260808T151825Z,25.9,84.8
20260808T151840Z,25.9,84.9
20260808T151855Z,25.9,85.2
20260808T151910Z,25.9,85.2
20260808T151925Z,26.0,85.4
20260808T151940Z,26.0,85.4
20260808T151955Z,26.0,85.5
20260808T152010Z,26.1,85.5
20260808T152025Z,26.1,85.6
20260808T152040Z,26.1,85.7
20260808T152055Z,26.2,85.7
20260808T152110Z,26.2,85.6
20260808T152125Z,26.2,85.8
20260808T152140Z,26.2,85.8
20260808T152155Z,26.3,85.7
20260808T152210Z,26.3,85.9
20260808T152225Z,26.3,85.8
20260808T152240Z,26.3,85.9
20260808T152255Z,26.4,85.9
20260808T152310Z,26.4,85.9
20260808T152325Z,26.4,85.9
20260808T152340Z,26.4,85.9
20260808T152355Z,26.5,85.9
20260808T152410Z,26.5,85.1
20260808T152425Z,26.5,85.1
20260808T152440Z,26.5,83.3
20260808T152455Z,26.5,83.2
20260808T152510Z,26.4,82.2
20260808T152525Z,26.4,81.6
20260808T152540Z,26.4,81.2
20260808T152555Z,26.3,80.3
20260808T152610Z,26.3,79.5
20260808T152625Z,26.2,79.0
20260808T152640Z,26.1,78.1
20260808T152655Z,26.1,77.6
20260808T152710Z,26.0,77.1
20260808T152725Z,25.9,76.8
20260808T152740Z,25.9,76.3
20260808T152755Z,25.8,76.7
20260808T152810Z,25.7,75.1
20260808T152825Z,25.7,75.1
20260808T152840Z,25.6,74.1
20260808T152855Z,25.6,74.3
20260808T152910Z,25.5,73.8
20260808T152925Z,25.5,73.3
20260808T152940Z,25.4,72.2
20260808T152955Z,25.4,72.0
20260808T153010Z,25.3,73.1
20260808T153025Z,25.3,74.7
20260808T153040Z,25.3,75.5
20260808T153055Z,25.3,76.7
20260808T153110Z,25.3,77.0
20260808T153125Z,25.3,77.7
20260808T153140Z,25.3,78.1
20260808T153155Z,25.4,78.4
20260808T153210Z,25.4,79.0
20260808T153225Z,25.4,79.2
20260808T153240Z,25.4,79.6
20260808T153255Z,25.4,80.2
20260808T153310Z,25.5,80.6
20260808T153325Z,25.5,80.9
20260808T153340Z,25.5,81.1
20260808T153355Z,25.5,81.4
20260808T153410Z,25.6,81.8
20260808T153425Z,25.6,82.1
20260808T153440Z,25.6,82.5
20260808T153455Z,25.6,82.5
20260808T153510Z,25.6,83.0
20260808T153525Z,25.7,83.0
20260808T153540Z,25.7,83.4
20260808T153555Z,25.7,83.8
20260808T153610Z,25.8,84.0
20260808T153625Z,25.8,84.1
20260808T153640Z,25.8,84.2
20260808T153655Z,25.8,84.5
20260808T153710Z,25.8,84.8
20260808T153725Z,25.9,84.9
20260808T153740Z,25.9,85.0
20260808T153755Z,25.9,85.0
20260808T153810Z,25.9,85.1
20260808T153825Z,25.9,85.3
20260808T153840Z,26.0,85.4
20260808T153855Z,26.0,85.5
20260808T153910Z,26.0,85.6
20260808T153925Z,26.1,85.5
20260808T153940Z,26.1,85.6
20260808T153955Z,26.1,85.6
20260808T154010Z,26.1,85.7
20260808T154025Z,26.2,85.7
20260808T154040Z,26.2,85.8
20260808T154055Z,26.2,85.8
20260808T154110Z,26.3,85.8
20260808T154125Z,26.3,85.8
20260808T154140Z,26.3,85.8
20260808T154155Z,26.3,85.9
20260808T154210Z,26.4,85.9
20260808T154225Z,26.4,86.0
20260808T154240Z,26.4,85.8
20260808T154255Z,26.5,85.9
20260808T154310Z,26.5,85.9
20260808T154325Z,26.5,85.8
20260808T154340Z,26.5,85.6
20260808T154355Z,26.5,83.8
20260808T154410Z,26.5,83.2
20260808T154425Z,26.5,82.4
20260808T154440Z,26.4,81.8
20260808T154455Z,26.4,81.0
20260808T154510Z,26.3,80.4
20260808T154525Z,26.3,80.0
20260808T154540Z,26.2,79.3
20260808T154555Z,26.2,78.6
20260808T154610Z,26.1,78.5
20260808T154625Z,26.0,77.8
20260808T154640Z,26.0,77.3
20260808T154655Z,25.9,76.2
20260808T154710Z,25.8,76.5
20260808T154725Z,25.8,75.1
20260808T154740Z,25.7,75.2
20260808T154755Z,25.6,75.0
20260808T154810Z,25.6,74.4
20260808T154825Z,25.5,73.5
20260808T154840Z,25.5,72.8
20260808T154855Z,25.4,73.2
20260808T154910Z,25.4,71.7
20260808T154925Z,25.3,72.3
20260808T154940Z,25.3,73.4
20260808T154955Z,25.3,74.9
20260808T155010Z,25.3,76.0
20260808T155025Z,25.3,76.9
20260808T155040Z,25.3,77.3
20260808T155055Z,25.3,77.5
20260808T155110Z,25.3,77.9
20260808T155125Z,25.3,78.5
20260808T155140Z,25.3,78.8
20260808T155155Z,25.3,79.4
20260808T155210Z,25.3,79.7
20260808T155225Z,25.4,80.0
20260808T155240Z,25.4,80.6
20260808T155255Z,25.4,80.8
20260808T155310Z,25.4,81.2
20260808T155325Z,25.5,81.7
20260808T155340Z,25.5,81.8
20260808T155355Z,25.5,82.1
20260808T155410Z,25.5,82.6
20260808T155425Z,25.6,82.8
20260808T155440Z,25.6,82.9
20260808T155455Z,25.6,83.2
20260808T155510Z,25.6,83.6
20260808T155525Z,25.7,83.7
20260808T155540Z,25.7,84.0
20260808T155555Z,25.7,84.2
20260808T155610Z,25.7,84.3
20260808T155625Z,25.8,84.5
20260808T155640Z,25.8,84.7
20260808T155655Z,25.8,84.8
20260808T155710Z,25.8,84.9
20260808T155725Z,25.9,85.1
20260808T155740Z,25.9,85.2
20260808T155755Z,25.9,85.2
20260808T155810Z,25.9,85.2
20260808T155825Z,26.0,85.5
20260808T155840Z,26.0,85.5
20260808T155855Z,26.0,85.4
20260808T155910Z,26.1,85.6
20260808T155925Z,26.1,85.6
20260808T155940Z,26.1,85.7
20260808T155955Z,26.1,85.7
20260808T160010Z,26.2,85.8
20260808T160025Z,26.2,85.8
20260808T160040Z,26.2,85.8
20260808T160055Z,26.3,85.9
20260808T160110Z,26.3,85.8
20260808T160125Z,26.3,85.8
20260808T160140Z,26.3,85.9
20260808T160155Z,26.4,85.8
20260808T160210Z,26.4,85.8
20260808T160225Z,26.4,85.9
20260808T160240Z,26.4,85.9
20260808T160255Z,26.5,85.8
20260808T160310Z,26.5,85.6
20260808T160325Z,26.5,84.0
20260808T160340Z,26.5,83.1
20260808T160355Z,26.5,82.4
20260808T160410Z,26.4,81.9
20260808T160425Z,26.4,81.1
20260808T160440Z,26.3,80.6
20260808T160455Z,26.3,79.7
20260808T160510Z,26.2,78.9
20260808T160525Z,26.1,78.3
20260808T160540Z,26.1,77.8
20260808T160555Z,26.0,77.4
20260808T160610Z,25.9,76.9
20260808T160625Z,25.9,76.7
20260808T160640Z,25.8,76.3
20260808T160655Z,25.7,75.8
20260808T160710Z,25.7,75.5
20260808T160725Z,25.6,75.2
20260808T160740Z,25.6,74.5
20260808T160755Z,25.5,73.7
20260808T160810Z,25.5,73.4
20260808T160825Z,25.4,73.3
20260808T160840Z,25.4,72.1
20260808T160855Z,25.4,72.8
20260808T160910Z,25.3,73.8
20260808T160925Z,25.3,74.4
20260808T160940Z,25.3,76.1
20260808T160955Z,25.3,76.7
20260808T161010Z,25.3,77.1
20260808T161025Z,25.3,77.6
20260808T161040Z,25.3,78.0
20260808T161055Z,25.3,78.4
20260808T161110Z,25.4,78.9
20260808T161125Z,25.4,79.3
20260808T161140Z,25.4,79.7
20260808T161155Z,25.4,80.1
20260808T161210Z,25.5,80.5
20260808T161225Z,25.5,80.8
20260808T161240Z,25.5,80.9
20260808T161255Z,25.5,81.5
20260808T161310Z,25.5,82.0
20260808T161325Z,25.5,82.1
20260808T161340Z,25.6,82.5
20260808T161355Z,25.6,82.6
20260808T161410Z,25.6,83.0
20260808T161425Z,25.6,83.2
20260808T161440Z,25.7,83.5
20260808T161455Z,25.7,83.8
20260808T161510Z,25.7,84.0
20260808T161525Z,25.7,84.2
20260808T161540Z,25.8,84.3
20260808T161555Z,25.8,84.5
20260808T161610Z,25.8,84.7
20260808T161625Z,25.8,84.7
20260808T161640Z,25.8,84.9
20260808T161655Z,25.9,85.1
20260808T161710Z,25.9,85.1
20260808T161725Z,25.9,85.4
20260808T161740Z,25.9,85.3
20260808T161755Z,26.0,85.4
20260808T161810Z,26.0,85.5
20260808T161825Z,26.0,85.5
20260808T161840Z,26.1,85.6
20260808T161855Z,26.1,85.7
20260808T161910Z,26.1,85.7
20260808T161925Z,26.1,85.7
20260808T161940Z,26.2,85.8
20260808T161955Z,26.2,85.7
20260808T162010Z,26.2,85.8
20260808T162025Z,26.3,85.8
20260808T162040Z,26.3,85.8
20260808T162055Z,26.3,85.9
20260808T162110Z,26.3,85.9
20260808T162125Z,26.4,85.9
20260808T162140Z,26.4,85.9
20260808T162155Z,26.4,85.9
20260808T162210Z,26.4,85.8
20260808T162225Z,26.5,85.5
20260808T162240Z,26.5,85.3
20260808T162255Z,26.5,83.6
20260808T162310Z,26.4,83.0
20260808T162325Z,26.4,82.2
20260808T162340Z,26.4,81.7
20260808T162355Z,26.3,80.8
20260808T162410Z,26.3,80.7
20260808T162425Z,26.2,80.2
20260808T162440Z,26.2,79.0
20260808T162455Z,26.1,78.5
20260808T162510Z,26.1,77.8
20260808T162525Z,26.0,76.9
20260808T162540Z,25.9,76.8
20260808T162555Z,25.8,76.2
20260808T162610Z,25.8,76.3
20260808T162625Z,25.7,75.6
20260808T162640Z,25.7,74.9
20260808T162655Z,25.6,75.2
20260808T162710Z,25.5,73.6
20260808T162725Z,25.5,73.9
20260808T162740Z,25.4,72.7
20260808T162755Z,25.4,72.7
20260808T162810Z,25.3,72.3
20260808T162825Z,25.3,73.4
20260808T162840Z,25.3,74.4
20260808T162855Z,25.2,76.0
20260808T162910Z,25.2,76.8
20260808T162925Z,25.2,77.5
20260808T162940Z,25.2,77.8
20260808T162955Z,25.2,78.3
20260808T163010Z,25.3,78.7
20260808T163025Z,25.3,79.3
20260808T163040Z,25.3,79.5
20260808T163055Z,25.3,79.7
20260808T163110Z,25.3,80.4
20260808T163125Z,25.4,80.7
20260808T163140Z,25.4,80.8
20260808T163155Z,25.4,81.3
20260808T163210Z,25.4,81.7
20260808T163225Z,25.5,82.1
20260808T163240Z,25.5,82.3
20260808T163255Z,25.5,82.7
20260808T163310Z,25.6,82.9
20260808T163325Z,25.6,83.1
20260808T163340Z,25.6,83.3
20260808T163355Z,25.6,83.7
20260808T163410Z,25.6,84.0
20260808T163425Z,25.7,84.0
20260808T163440Z,25.7,84.3
20260808T163455Z,25.7,84.4
20260808T163510Z,25.7,84.7
20260808T163525Z,25.8,84.6
20260808T163540Z,25.8,85.0
20260808T163555Z,25.8,85.1
20260808T163610Z,25.8,85.2
20260808T163625Z,25.9,85.3
20260808T163640Z,25.9,85.5
20260808T163655Z,25.9,85.5
20260808T163710Z,25.9,85.5
20260808T163725Z,26.0,85.7
20260808T163740Z,26.0,85.8
20260808T163755Z,26.0,85.8
20260808T163810Z,26.1,85.7
20260808T163825Z,26.1,85.9
20260808T163840Z,26.1,85.8
20260808T163855Z,26.1,85.9
20260808T163910Z,26.2,85.9
20260808T163925Z,26.2,85.9
20260808T163940Z,26.2,86.0
20260808T163955Z,26.2,85.9
20260808T164010Z,26.3,86.0
20260808T164025Z,26.3,85.9
20260808T164040Z,26.3,85.9
20260808T164055Z,26.4,86.0
20260808T164110Z,26.4,85.9
20260808T164125Z,26.4,85.9
20260808T164140Z,26.4,85.9
20260808T164155Z,26.4,85.0
20260808T164210Z,26.5,85.0
20260808T164225Z,26.4,83.6
20260808T164240Z,26.4,83.3
20260808T164255Z,26.4,82.1
20260808T164310Z,26.3,81.7
20260808T164325Z,26.3,81.0
20260808T164340Z,26.2,80.3
20260808T164355Z,26.2,79.6
20260808T164410Z,26.1,79.1
20260808T164425Z,26.1,78.8
20260808T164440Z,26.0,77.9
20260808T164455Z,26.0,77.8
20260808T164510Z,25.9,77.0
20260808T164525Z,25.8,76.1
20260808T164540Z,25.8,75.1
20260808T164555Z,25.7,74.9
20260808T164610Z,25.6,74.5
20260808T164625Z,25.5,74.0
20260808T164640Z,25.5,73.7
20260808T164655Z,25.4,73.5
20260808T164710Z,25.4,73.0
20260808T164725Z,25.3,73.2
20260808T164740Z,25.3,72.6
20260808T164755Z,25.2,73.5
20260808T164810Z,25.2,74.4
20260808T164825Z,25.2,76.1
20260808T164840Z,25.2,76.6
20260808T164855Z,25.2,77.2
20260808T164910Z,25.2,77.5
20260808T164925Z,25.2,77.9
20260808T164940Z,25.3,78.4
20260808T164955Z,25.3,79.1
20260808T165010Z,25.3,79.4
20260808T165025Z,25.3,79.5
20260808T165040Z,25.3,80.1
20260808T165055Z,25.3,80.3
20260808T165110Z,25.4,80.9
20260808T165125Z,25.4,81.1
20260808T165140Z,25.4,81.5
20260808T165155Z,25.5,81.7
20260808T165210Z,25.5,82.2
20260808T165225Z,25.5,82.4
20260808T165240Z,25.5,82.7
20260808T165255Z,25.6,83.0
20260808T165310Z,25.6,83.1
20260808T165325Z,25.6,83.5
20260808T165340Z,25.6,83.9
20260808T165355Z,25.6,84.0
20260808T165410Z,25.7,84.0
20260808T165425Z,25.7,84.3
20260808T165440Z,25.7,84.5
20260808T165455Z,25.7,84.8
20260808T165510Z,25.8,84.8
20260808T165525Z,25.8,85.0
20260808T165540Z,25.8,85.2
20260808T165555Z,25.8,85.2
20260808T165610Z,25.9,85.3
20260808T165625Z,25.9,85.4
20260808T165640Z,25.9,85.3
20260808T165655Z,25.9,85.4
20260808T165710Z,26.0,85.5
20260808T165725Z,26.0,85.6
20260808T165740Z,26.0,85.6
20260808T165755Z,26.0,85.7
20260808T165810Z,26.1,85.7
20260808T165825Z,26.1,85.8
20260808T165840Z,26.1,85.7
20260808T165855Z,26.2,85.9
20260808T165910Z,26.2,85.8
20260808T165925Z,26.2,85.8
20260808T165940Z,26.3,85.9
20260808T165955Z,26.3,85.8
20260808T170010Z,26.3,85.8
20260808T170025Z,26.4,85.9
20260808T170040Z,26.4,85.9
20260808T170055Z,26.4,85.9
20260808T170110Z,26.4,85.8
20260808T170125Z,26.4,85.7
20260808T170140Z,26.4,85.5
20260808T170155Z,26.4,83.5
20260808T170210Z,26.4,83.2
20260808T170225Z,26.4,82.5
20260808T170240Z,26.4,81.5
20260808T170255Z,26.3,81.2
20260808T170310Z,26.3,80.5
20260808T170325Z,26.2,79.8
20260808T170340Z,26.2,79.4
20260808T170355Z,26.1,78.3
20260808T170410Z,26.0,78.2
20260808T170425Z,26.0,77.1
20260808T170440Z,25.9,76.7
20260808T170455Z,25.8,76.8
20260808T170510Z,25.8,76.4
20260808T170525Z,25.7,75.2
20260808T170540Z,25.6,75.5
20260808T170555Z,25.6,74.2
20260808T170610Z,25.5,73.7
20260808T170625Z,25.5,73.4
20260808T170640Z,25.4,73.0
20260808T170655Z,25.4,72.7
20260808T170710Z,25.3,72.3
20260808T170725Z,25.3,73.6
20260808T170740Z,25.2,74.6
20260808T170755Z,25.2,76.2
20260808T170810Z,25.2,76.7
20260808T170825Z,25.2,77.2
20260808T170840Z,25.2,77.6
20260808T170855Z,25.2,78.2
20260808T170910Z,25.2,78.5
20260808T170925Z,25.3,78.9
20260808T170940Z,25.3,79.3
20260808T170955Z,25.3,79.7
20260808T171010Z,25.3,80.2
20260808T171025Z,25.4,80.5
20260808T171040Z,25.4,80.8
20260808T171055Z,25.4,81.2
20260808T171110Z,25.4,81.6
20260808T171125Z,25.4,82.0
20260808T171140Z,25.5,82.2
20260808T171155Z,25.5,82.5
20260808T171210Z,25.5,82.7
20260808T171225Z,25.5,83.0
20260808T171240Z,25.6,83.3
20260808T171255Z,25.6,83.6
20260808T171310Z,25.6,83.9
20260808T171325Z,25.6,84.2
20260808T171340Z,25.7,84.3
20260808T171355Z,25.7,84.4
20260808T171410Z,25.7,84.7
20260808T171425Z,25.7,84.8
20260808T171440Z,25.7,85.0
20260808T171455Z,25.8,85.0
20260808T171510Z,25.8,85.2
20260808T171525Z,25.8,85.3
20260808T171540Z,25.9,85.3
20260808T171555Z,25.9,85.5
20260808T171610Z,25.9,85.5
20260808T171625Z,25.9,85.6
20260808T171640Z,26.0,85.6
20260808T171655Z,26.0,85.6
20260808T171710Z,26.0,85.8
20260808T171725Z,26.1,85.7
20260808T171740Z,26.1,85.8
20260808T171755Z,26.1,85.8
20260808T171810Z,26.1,85.8
20260808T171825Z,26.2,85.9
20260808T171840Z,26.2,85.8
20260808T171855Z,26.2,85.8
20260808T171910Z,26.3,85.9
20260808T171925Z,26.3,85.9
20260808T171940Z,26.3,85.8
20260808T171955Z,26.3,85.9
20260808T172010Z,26.4,85.9
20260808T172025Z,26.4,85.8
20260808T172040Z,26.4,85.8
20260808T172055Z,26.4,85.8
20260808T172110Z,26.5,85.5
20260808T172125Z,26.5,85.5
20260808T172140Z,26.5,83.6
20260808T172155Z,26.4,83.2
20260808T172210Z,26.4,82.5
20260808T172225Z,26.4,81.9
20260808T172240Z,26.3,80.8
20260808T172255Z,26.3,80.3
20260808T172310Z,26.2,79.7
20260808T172325Z,26.2,79.2
20260808T172340Z,26.1,78.8
20260808T172355Z,26.0,77.9
20260808T172410Z,26.0,77.6
20260808T172425Z,25.9,76.8
20260808T172440Z,25.8,76.1
20260808T172455Z,25.8,76.1
20260808T172510Z,25.7,75.4
20260808T172525Z,25.7,74.7
20260808T172540Z,25.6,74.3
20260808T172555Z,25.5,74.2
20260808T172610Z,25.5,73.6
20260808T172625Z,25.4,73.0
20260808T172640Z,25.4,72.8
20260808T172655Z,25.3,72.3
20260808T172710Z,25.3,73.7
20260808T172725Z,25.3,74.7
20260808T172740Z,25.3,75.9
20260808T172755Z,25.3,76.6
20260808T172810Z,25.3,77.8
20260808T172825Z,25.3,78.2
20260808T172840Z,25.3,78.5
20260808T172855Z,25.3,78.8
20260808T172910Z,25.3,79.1
20260808T172925Z,25.3,79.8
20260808T172940Z,25.3,80.3
20260808T172955Z,25.4,80.6
20260808T173010Z,25.4,81.0
20260808T173025Z,25.4,81.5
20260808T173040Z,25.5,81.6
20260808T173055Z,25.5,82.1
20260808T173110Z,25.5,82.5
20260808T173125Z,25.5,82.7
20260808T173140Z,25.6,82.9
20260808T173155Z,25.6,83.3
20260808T173210Z,25.6,83.2
20260808T173225Z,25.7,83.6
20260808T173240Z,25.7,83.8
20260808T173255Z,25.7,84.1
20260808T173310Z,25.7,84.3
20260808T173325Z,25.7,84.4
20260808T173340Z,25.7,84.8
20260808T173355Z,25.7,84.8
20260808T173410Z,25.8,85.0
20260808T173425Z,25.8,85.2
20260808T173440Z,25.8,85.3
20260808T173455Z,25.8,85.5
20260808T173510Z,25.8,85.5
20260808T173525Z,25.9,85.7
20260808T173540Z,25.9,85.8
20260808T173555Z,25.9,85.8
20260808T173610Z,25.9,85.9
20260808T173625Z,25.9,85.9
20260808T173640Z,26.0,86.0
20260808T173655Z,26.0,86.1
20260808T173710Z,26.0,86.1
20260808T173725Z,26.0,86.1
20260808T173740Z,26.1,86.1
20260808T173755Z,26.1,86.2
20260808T173810Z,26.1,86.2
20260808T173825Z,26.1,86.3
20260808T173840Z,26.2,86.2
20260808T173855Z,26.2,86.2
20260808T173910Z,26.2,86.3
20260808T173925Z,26.2,86.2
20260808T173940Z,26.2,86.3
20260808T173955Z,26.3,86.2
20260808T174010Z,26.3,86.3
20260808T174025Z,26.3,86.3
20260808T174040Z,26.3,86.3
20260808T174055Z,26.3,86.3
20260808T174110Z,26.4,86.2
20260808T174125Z,26.4,86.3
20260808T174140Z,26.4,86.2
20260808T174155Z,26.4,86.2
20260808T174210Z,26.4,86.1
20260808T174225Z,26.5,86.2
20260808T174240Z,26.5,86.2
20260808T174255Z,26.5,85.7
20260808T174310Z,26.5,84.5
20260808T174325Z,26.5,84.0
20260808T174340Z,26.4,83.2
20260808T174355Z,26.4,82.6
20260808T174410Z,26.3,81.6
20260808T174425Z,26.3,81.2
20260808T174440Z,26.2,79.9
20260808T174455Z,26.1,79.6
20260808T174510Z,26.0,78.9
20260808T174525Z,26.0,78.6
20260808T174540Z,25.9,77.8
20260808T174555Z,25.8,77.7
20260808T174610Z,25.7,78.0
20260808T174625Z,25.7,76.0
20260808T174640Z,25.6,76.7
20260808T174655Z,25.5,75.0
20260808T174710Z,25.5,75.8
20260808T174725Z,25.4,76.9
20260808T174740Z,25.4,78.0
20260808T174755Z,25.4,79.2
20260808T174810Z,25.4,80.0
20260808T174825Z,25.4,80.7
20260808T174840Z,25.4,80.8
20260808T174855Z,25.4,81.4
20260808T174910Z,25.4,81.8
20260808T174925Z,25.4,82.3
20260808T174940Z,25.4,82.8
20260808T174955Z,25.4,83.2
20260808T175010Z,25.5,83.3
20260808T175025Z,25.5,83.7
20260808T175040Z,25.5,84.1
20260808T175055Z,25.5,84.5
20260808T175110Z,25.6,84.7
20260808T175125Z,25.6,84.8
20260808T175140Z,25.6,85.3
20260808T175155Z,25.6,85.4
20260808T175210Z,25.6,85.5
20260808T175225Z,25.7,85.8
20260808T175240Z,25.7,86.0
20260808T175255Z,25.7,86.2
20260808T175310Z,25.7,86.1
20260808T175325Z,25.8,86.4
20260808T175340Z,25.8,86.6
20260808T175355Z,25.8,86.7
20260808T175410Z,25.9,86.7
20260808T175425Z,25.9,86.9
20260808T175440Z,25.9,86.8
20260808T175455Z,26.0,87.0
20260808T175510Z,26.0,87.1
20260808T175525Z,26.0,87.0
20260808T175540Z,26.0,87.1
20260808T175555Z,26.1,87.1
20260808T175610Z,26.1,87.2
20260808T175625Z,26.1,87.2
20260808T175640Z,26.1,87.3
20260808T175655Z,26.2,87.2
20260808T175710Z,26.2,87.4
20260808T175725Z,26.2,87.4
20260808T175740Z,26.2,87.4
20260808T175755Z,26.3,87.4
20260808T175810Z,26.3,87.4
20260808T175825Z,26.3,87.4
20260808T175840Z,26.3,87.4
20260808T175855Z,26.4,87.5
20260808T175910Z,26.4,87.5
20260808T175925Z,26.4,87.5
20260808T175940Z,26.4,87.4
20260808T175955Z,26.4,87.5
20260808T180010Z,26.5,87.5
20260808T180025Z,26.5,87.5
20260808T180040Z,26.5,87.5
20260808T180055Z,26.5,86.8
20260808T180110Z,26.5,86.9
20260808T180125Z,26.5,85.6
20260808T180140Z,26.5,84.7
20260808T180155Z,26.5,83.8
20260808T180210Z,26.4,83.1
20260808T180225Z,26.4,82.4
20260808T180240Z,26.3,82.1
20260808T180255Z,26.3,81.1
20260808T180310Z,26.2,80.6
20260808T180325Z,26.1,79.3
20260808T180340Z,26.1,79.1
20260808T180355Z,26.0,78.6
20260808T180410Z,25.9,77.6
20260808T180425Z,25.9,78.2
20260808T180440Z,25.8,77.1
20260808T180455Z,25.7,76.5
20260808T180510Z,25.7,76.6
20260808T180525Z,25.6,75.7
20260808T180540Z,25.5,75.4
20260808T180555Z,25.5,76.9
20260808T180610Z,25.5,78.1
20260808T180625Z,25.4,79.4
20260808T180640Z,25.4,79.9
20260808T180655Z,25.4,80.4
20260808T180710Z,25.4,80.8
20260808T180725Z,25.4,81.1
20260808T180740Z,25.4,81.3
20260808T180755Z,25.4,81.8
20260808T180810Z,25.5,82.0
20260808T180825Z,25.5,82.5
20260808T180840Z,25.5,82.8
20260808T180855Z,25.5,82.9
20260808T180910Z,25.5,83.4
20260808T180925Z,25.5,83.7
20260808T180940Z,25.6,83.9
20260808T180955Z,25.6,84.1
20260808T181010Z,25.6,84.4
20260808T181025Z,25.6,84.6
20260808T181040Z,25.7,85.0
20260808T181055Z,25.7,85.1
20260808T181110Z,25.7,85.4
20260808T181125Z,25.8,85.5
20260808T181140Z,25.7,85.8
20260808T181155Z,25.8,85.9
20260808T181210Z,25.8,86.0
20260808T181225Z,25.8,86.2
20260808T181240Z,25.8,86.4
20260808T181255Z,25.9,86.5
20260808T181310Z,25.9,86.6
20260808T181325Z,25.9,86.7
20260808T181340Z,25.9,86.9
20260808T181355Z,25.9,86.9
20260808T181410Z,26.0,87.0
20260808T181425Z,26.0,86.9
20260808T181440Z,26.0,87.2
20260808T181455Z,26.0,87.3
20260808T181510Z,26.1,87.4
20260808T181525Z,26.1,87.4
20260808T181540Z,26.1,87.4
20260808T181555Z,26.1,87.5
20260808T181610Z,26.2,87.4
20260808T181625Z,26.2,87.6
20260808T181640Z,26.2,87.5
20260808T181655Z,26.2,87.6
20260808T181710Z,26.2,87.6
20260808T181725Z,26.3,87.6
20260808T181740Z,26.3,87.7
20260808T181755Z,26.3,87.6
20260808T181810Z,26.3,87.6
20260808T181825Z,26.3,87.6
20260808T181840Z,26.4,87.6
20260808T181855Z,26.4,87.6
20260808T181910Z,26.4,87.6
20260808T181925Z,26.4,87.7
20260808T181940Z,26.4,87.6
20260808T181955Z,26.5,87.6
20260808T182010Z,26.5,87.6
20260808T182025Z,26.5,87.6
20260808T182040Z,26.5,87.6
20260808T182055Z,26.5,87.6
20260808T182110Z,26.6,87.6
20260808T182125Z,26.6,87.0
20260808T182140Z,26.6,86.6
20260808T182155Z,26.6,85.1
20260808T182210Z,26.5,84.8
20260808T182225Z,26.5,83.7
20260808T182240Z,26.4,83.2
20260808T182255Z,26.4,82.5
20260808T182310Z,26.3,82.0
20260808T182325Z,26.2,81.3
20260808T182340Z,26.2,80.7
20260808T182355Z,26.1,80.4
20260808T182410Z,26.1,79.3
20260808T182425Z,26.0,78.4
20260808T182440Z,25.9,78.3
20260808T182455Z,25.9,78.2
20260808T182510Z,25.8,76.9
20260808T182525Z,25.7,77.6
20260808T182540Z,25.6,77.0
20260808T182555Z,25.6,76.4
20260808T182610Z,25.5,77.3
20260808T182625Z,25.5,78.7
20260808T182640Z,25.5,79.4
20260808T182655Z,25.5,80.4
20260808T182710Z,25.5,80.8
20260808T182725Z,25.5,81.1
20260808T182740Z,25.5,81.3
20260808T182755Z,25.5,81.8
20260808T182810Z,25.5,82.3
20260808T182825Z,25.5,82.8
20260808T182840Z,25.5,82.7
20260808T182855Z,25.5,83.2
20260808T182910Z,25.5,83.5
20260808T182925Z,25.5,83.8
20260808T182940Z,25.6,84.1
20260808T182955Z,25.6,84.4
20260808T183010Z,25.6,84.7
20260808T183025Z,25.6,84.9
20260808T183040Z,25.7,85.3
20260808T183055Z,25.7,85.4
20260808T183110Z,25.7,85.7
20260808T183125Z,25.7,85.8
20260808T183140Z,25.7,85.9
20260808T183155Z,25.8,86.1
20260808T183210Z,25.8,86.2
20260808T183225Z,25.8,86.5
20260808T183240Z,25.8,86.6
20260808T183256Z,25.8,86.8
20260808T183311Z,25.9,86.9
20260808T183326Z,25.9,87.1
20260808T183341Z,25.9,87.2
20260808T183356Z,26.0,87.2
20260808T183411Z,26.0,87.4
20260808T183426Z,26.0,87.5
20260808T183441Z,26.0,87.5
20260808T183456Z,26.0,87.6
20260808T183511Z,26.0,87.6
20260808T183526Z,26.1,87.7
20260808T183541Z,26.1,87.7
20260808T183556Z,26.1,87.7
20260808T183611Z,26.1,87.8
20260808T183626Z,26.2,87.8
20260808T183641Z,26.2,87.9
20260808T183656Z,26.2,87.9
20260808T183711Z,26.2,87.9
20260808T183726Z,26.3,87.9
20260808T183741Z,26.3,88.0
20260808T183756Z,26.3,88.0
20260808T183811Z,26.3,88.0
20260808T183826Z,26.3,88.0
20260808T183841Z,26.4,88.0
20260808T183856Z,26.4,88.1
20260808T183911Z,26.4,88.0
20260808T183926Z,26.4,88.0
20260808T183941Z,26.4,88.0
20260808T183956Z,26.5,88.1
20260808T184011Z,26.5,88.0
20260808T184026Z,26.5,88.0
20260808T184041Z,26.5,88.0
20260808T184056Z,26.5,87.9
20260808T184111Z,26.6,88.0
20260808T184126Z,26.6,87.9
20260808T184141Z,26.6,87.4
20260808T184156Z,26.6,86.8
20260808T184211Z,26.6,85.9
20260808T184226Z,26.5,85.3
20260808T184241Z,26.5,84.2
20260808T184256Z,26.5,83.6
20260808T184311Z,26.4,82.2
20260808T184326Z,26.3,82.5
20260808T184341Z,26.3,81.1
20260808T184356Z,26.2,80.6
20260808T184411Z,26.1,80.3
20260808T184426Z,26.0,79.6
20260808T184441Z,26.0,78.9
20260808T184456Z,25.9,78.0
20260808T184511Z,25.8,78.1
20260808T184526Z,25.7,77.1
20260808T184541Z,25.6,77.0
20260808T184556Z,25.5,76.8
20260808T184611Z,25.5,77.4
20260808T184626Z,25.4,78.7
20260808T184641Z,25.4,79.9
20260808T184656Z,25.4,80.7
20260808T184711Z,25.4,81.6
20260808T184726Z,25.4,81.7
20260808T184741Z,25.4,81.8
20260808T184756Z,25.4,82.6
20260808T184811Z,25.4,82.8
20260808T184826Z,25.4,83.1
20260808T184841Z,25.4,83.5
20260808T184856Z,25.5,84.0
20260808T184911Z,25.4,84.1
20260808T184926Z,25.5,84.4
20260808T184941Z,25.5,84.6
20260808T184956Z,25.5,84.8
20260808T185011Z,25.6,85.1
20260808T185026Z,25.6,85.4
20260808T185041Z,25.6,85.5
20260808T185056Z,25.6,85.7
20260808T185111Z,25.6,86.0
20260808T185126Z,25.7,86.2
20260808T185141Z,25.7,86.4
20260808T185156Z,25.7,86.5
20260808T185211Z,25.8,86.8
20260808T185226Z,25.8,86.8
20260808T185241Z,25.8,87.2
20260808T185256Z,25.8,87.2
20260808T185311Z,25.8,87.4
20260808T185326Z,25.9,87.5
20260808T185341Z,25.9,87.6
20260808T185356Z,25.9,87.7
20260808T185411Z,25.9,87.8
20260808T185426Z,25.9,87.8
20260808T185441Z,26.0,87.9
20260808T185456Z,26.0,88.0
20260808T185511Z,26.0,88.1
20260808T185526Z,26.0,88.1
20260808T185541Z,26.0,88.2
20260808T185556Z,26.1,88.2
20260808T185611Z,26.1,88.3
20260808T185626Z,26.1,88.3
20260808T185641Z,26.1,88.3
20260808T185656Z,26.2,88.4
20260808T185711Z,26.2,88.3
20260808T185726Z,26.2,88.3
20260808T185741Z,26.2,88.4
20260808T185756Z,26.2,88.4
20260808T185811Z,26.3,88.5
20260808T185826Z,26.3,88.3
20260808T185841Z,26.3,88.5
20260808T185856Z,26.3,88.4
20260808T185911Z,26.3,88.4
20260808T185926Z,26.3,88.4
20260808T185941Z,26.4,88.4
20260808T185956Z,26.4,88.4
20260808T190011Z,26.4,88.4
20260808T190026Z,26.4,88.4
20260808T190041Z,26.4,88.4
20260808T190056Z,26.5,88.4
20260808T190111Z,26.5,88.4
20260808T190126Z,26.5,88.3
20260808T190141Z,26.5,88.3
20260808T190156Z,26.5,88.4
20260808T190211Z,26.5,88.3
20260808T190226Z,26.5,88.3
20260808T190241Z,26.6,88.3
20260808T190256Z,26.6,88.3
20260808T190311Z,26.6,88.0
20260808T190326Z,26.6,86.7
20260808T190341Z,26.6,86.0
20260808T190356Z,26.5,85.0
20260808T190411Z,26.5,84.3
20260808T190426Z,26.4,83.3
20260808T190441Z,26.4,83.0
20260808T190456Z,26.3,82.0
20260808T190511Z,26.2,81.8
20260808T190526Z,26.2,81.0
20260808T190541Z,26.1,81.2
20260808T190556Z,26.0,80.4
20260808T190611Z,26.0,79.1
20260808T190626Z,25.9,79.4
20260808T190641Z,25.8,79.4
20260808T190656Z,25.8,77.3
20260808T190711Z,25.7,77.7
20260808T190726Z,25.6,76.8
20260808T190741Z,25.6,78.2
20260808T190756Z,25.5,79.7
20260808T190811Z,25.5,80.6
20260808T190826Z,25.5,81.1
20260808T190841Z,25.4,81.8
20260808T190856Z,25.4,82.1
20260808T190911Z,25.4,82.4
20260808T190926Z,25.4,82.7
20260808T190941Z,25.5,83.0
20260808T190956Z,25.5,83.5
20260808T191011Z,25.5,83.9
20260808T191026Z,25.5,84.0
20260808T191041Z,25.5,84.4
20260808T191056Z,25.5,84.7
20260808T191111Z,25.5,85.0
20260808T191126Z,25.5,85.1
20260808T191141Z,25.6,85.2
20260808T191156Z,25.6,85.7
20260808T191211Z,25.6,85.9
20260808T191226Z,25.6,86.2
20260808T191241Z,25.6,86.2
20260808T191256Z,25.7,86.4
20260808T191311Z,25.7,86.7
20260808T191326Z,25.7,86.8
20260808T191341Z,25.7,86.9
20260808T191356Z,25.8,87.2
20260808T191411Z,25.8,87.4
20260808T191426Z,25.8,87.4
20260808T191441Z,25.8,87.5
20260808T191456Z,25.8,87.7
20260808T191511Z,25.9,87.8
20260808T191526Z,25.9,87.9
20260808T191541Z,25.9,88.0
20260808T191556Z,25.9,88.1
20260808T191611Z,25.9,88.1
20260808T191626Z,25.9,88.2
20260808T191641Z,26.0,88.3
20260808T191656Z,26.0,88.4
20260808T191711Z,26.0,88.3
20260808T191726Z,26.0,88.3
20260808T191741Z,26.1,88.4
20260808T191756Z,26.1,88.5
20260808T191811Z,26.1,88.5
20260808T191826Z,26.1,88.5
20260808T191841Z,26.1,88.5
20260808T191856Z,26.2,88.5
20260808T191911Z,26.2,88.5
20260808T191926Z,26.2,88.6
20260808T191941Z,26.2,88.6
20260808T191956Z,26.2,88.6
20260808T192011Z,26.2,88.6
20260808T192026Z,26.3,88.5
20260808T192041Z,26.3,88.5
20260808T192056Z,26.3,88.5
20260808T192111Z,26.3,88.5
20260808T192126Z,26.4,88.5
20260808T192141Z,26.4,88.5
20260808T192156Z,26.4,88.5
20260808T192211Z,26.4,88.5
20260808T192226Z,26.4,88.5
20260808T192241Z,26.4,88.5
20260808T192256Z,26.5,88.5
20260808T192311Z,26.5,88.5
20260808T192326Z,26.5,88.5
20260808T192341Z,26.5,88.5
20260808T192356Z,26.5,88.5
20260808T192411Z,26.5,88.5
20260808T192426Z,26.5,88.5
20260808T192441Z,26.6,88.4
20260808T192456Z,26.6,88.4
20260808T192511Z,26.6,87.8
20260808T192526Z,26.6,87.4
20260808T192541Z,26.6,86.3
20260808T192556Z,26.5,86.1
20260808T192611Z,26.5,84.9
20260808T192626Z,26.4,83.6
20260808T192641Z,26.4,83.3
20260808T192656Z,26.3,82.6
20260808T192711Z,26.3,81.7
20260808T192726Z,26.2,82.2
20260808T192741Z,26.1,80.7
20260808T192756Z,26.0,80.7
20260808T192811Z,26.0,80.0
20260808T192826Z,25.9,80.2
20260808T192841Z,25.9,79.4
20260808T192856Z,25.8,79.0
20260808T192911Z,25.7,79.1
20260808T192926Z,25.7,77.3
20260808T192941Z,25.6,79.2
20260808T192956Z,25.6,79.6
20260808T193011Z,25.5,80.3
20260808T193026Z,25.5,81.4
20260808T193041Z,25.5,81.8
20260808T193056Z,25.5,82.1
20260808T193111Z,25.5,82.4
20260808T193126Z,25.5,82.9
20260808T193141Z,25.5,83.2
20260808T193156Z,25.5,83.6
20260808T193211Z,25.5,83.8
20260808T193226Z,25.5,84.2
20260808T193241Z,25.5,84.5
20260808T193256Z,25.5,84.9
20260808T193311Z,25.5,85.2
20260808T193326Z,25.6,85.5
20260808T193341Z,25.6,85.9
20260808T193356Z,25.6,86.1
20260808T193411Z,25.6,86.3
20260808T193426Z,25.7,86.5
20260808T193441Z,25.7,86.7
20260808T193456Z,25.7,86.9
20260808T193511Z,25.7,87.1
20260808T193526Z,25.7,87.3
20260808T193541Z,25.7,87.4
20260808T193556Z,25.8,87.6
20260808T193611Z,25.8,87.7
20260808T193626Z,25.8,87.9
20260808T193641Z,25.8,88.0
20260808T193656Z,25.8,88.1
20260808T193711Z,25.9,88.2
20260808T193726Z,25.9,88.4
20260808T193741Z,25.9,88.3
20260808T193756Z,25.9,88.5
20260808T193811Z,25.9,88.5
20260808T193826Z,26.0,88.7
20260808T193841Z,26.0,88.6
20260808T193856Z,26.0,88.7
20260808T193911Z,26.0,88.8
20260808T193926Z,26.1,88.8
20260808T193941Z,26.1,88.8
20260808T193956Z,26.1,88.7
20260808T194011Z,26.1,88.8
20260808T194026Z,26.1,88.9
20260808T194041Z,26.2,88.9
20260808T194056Z,26.2,88.9
20260808T194111Z,26.2,88.9
20260808T194126Z,26.2,88.9
20260808T194141Z,26.2,89.0
20260808T194156Z,26.3,88.8
20260808T194211Z,26.3,88.9
20260808T194226Z,26.3,88.9
20260808T194241Z,26.3,88.9
20260808T194256Z,26.3,88.9
20260808T194311Z,26.4,88.8
20260808T194326Z,26.4,88.8
20260808T194341Z,26.4,88.8
20260808T194356Z,26.4,88.7
20260808T194411Z,26.4,88.7
20260808T194426Z,26.5,88.7
20260808T194441Z,26.5,88.7
20260808T194456Z,26.5,88.7
20260808T194511Z,26.5,88.7
20260808T194526Z,26.5,88.6
20260808T194541Z,26.5,88.6
20260808T194556Z,26.6,88.6
20260808T194611Z,26.6,88.6
20260808T194626Z,26.6,87.9
20260808T194641Z,26.6,87.6
20260808T194656Z,26.6,86.4
20260808T194711Z,26.5,85.9
20260808T194726Z,26.5,84.8
20260808T194741Z,26.5,83.7
20260808T194756Z,26.4,83.3
20260808T194811Z,26.3,82.8
20260808T194826Z,26.3,82.1
20260808T194841Z,26.2,81.1
20260808T194856Z,26.1,81.0
20260808T194911Z,26.0,81.0
20260808T194926Z,26.0,79.4
20260808T194941Z,25.9,78.9
20260808T194956Z,25.8,79.6
20260808T195011Z,25.7,78.1
20260808T195026Z,25.7,77.6
20260808T195041Z,25.6,77.8
20260808T195056Z,25.6,78.3
20260808T195111Z,25.5,79.2
20260808T195126Z,25.5,80.1
20260808T195141Z,25.5,80.7
20260808T195156Z,25.5,81.7
20260808T195211Z,25.5,82.0
20260808T195226Z,25.5,82.2
20260808T195241Z,25.4,82.7
20260808T195256Z,25.5,83.2
20260808T195311Z,25.5,83.5
20260808T195326Z,25.5,83.8
20260808T195341Z,25.5,84.1
20260808T195356Z,25.5,84.3
20260808T195411Z,25.5,84.6
20260808T195426Z,25.5,84.9
20260808T195441Z,25.5,85.2
20260808T195456Z,25.6,85.5
20260808T195511Z,25.6,85.6
20260808T195526Z,25.6,85.8
20260808T195541Z,25.6,86.2
20260808T195556Z,25.7,86.3
20260808T195611Z,25.7,86.5
20260808T195626Z,25.7,86.7
20260808T195641Z,25.7,86.9
20260808T195656Z,25.7,87.1
20260808T195711Z,25.7,87.1
20260808T195726Z,25.8,87.4
20260808T195741Z,25.8,87.6
20260808T195756Z,25.8,87.7
20260808T195811Z,25.8,87.8
20260808T195826Z,25.8,87.9
20260808T195841Z,25.9,88.1
20260808T195856Z,25.9,88.1
20260808T195911Z,25.9,88.2
20260808T195926Z,25.9,88.2
20260808T195941Z,26.0,88.3
20260808T195956Z,26.0,88.3
20260808T200011Z,26.0,88.4
20260808T200211Z,26.2,88.6
20260808T200226Z,26.2,88.6
20260808T200241Z,26.2,88.6
20260808T200256Z,26.2,88.6
20260808T200311Z,26.2,88.6
20260808T200326Z,26.2,88.7
20260808T200341Z,26.3,88.6
20260808T200356Z,26.3,88.6
20260808T200411Z,26.3,88.6
20260808T200426Z,26.3,88.6
20260808T200441Z,26.4,88.6
20260808T200456Z,26.4,88.6
20260808T200511Z,26.4,88.6
20260808T200526Z,26.4,88.6
20260808T200541Z,26.4,88.6
20260808T200556Z,26.4,88.5
20260808T200611Z,26.4,88.5
20260808T200626Z,26.5,88.5
20260808T200641Z,26.5,88.5
20260808T200656Z,26.5,88.5
20260808T200711Z,26.5,88.5
20260808T200726Z,26.5,88.5
20260808T200741Z,26.6,88.4
20260808T200756Z,26.6,88.4
20260808T200811Z,26.6,88.3
20260808T200826Z,26.6,88.2
20260808T200841Z,26.6,86.9
20260808T200856Z,26.5,86.1
20260808T200911Z,26.5,85.5
20260808T200926Z,26.5,84.5
20260808T200941Z,26.4,83.9
20260808T200956Z,26.4,82.9
20260808T201011Z,26.3,82.5
20260808T201026Z,26.2,81.7
20260808T201041Z,26.1,81.2
20260808T201056Z,26.1,81.0
20260808T201111Z,26.0,81.0
20260808T201126Z,25.9,80.8
20260808T201141Z,25.9,79.8
20260808T201156Z,25.8,78.6
20260808T201211Z,25.8,77.6
20260808T201226Z,25.7,78.3
20260808T201241Z,25.6,78.4
20260808T201256Z,25.6,78.9
20260808T201311Z,25.6,80.1
20260808T201326Z,25.5,81.1
20260808T201341Z,25.5,81.7
20260808T201356Z,25.5,82.2
20260808T201411Z,25.5,82.5
20260808T201426Z,25.5,82.7
20260808T201441Z,25.5,83.2
20260808T201456Z,25.5,83.7
20260808T201511Z,25.5,84.1
20260808T201526Z,25.5,84.3
20260808T201541Z,25.5,84.7
20260808T201556Z,25.5,84.7
20260808T201611Z,25.5,85.2
20260808T201626Z,25.6,85.3
20260808T201641Z,25.6,85.6
20260808T201656Z,25.6,85.8
20260808T201711Z,25.6,86.1
20260808T201726Z,25.6,86.3
20260808T201741Z,25.7,86.5
20260808T201756Z,25.7,86.7
20260808T201811Z,25.7,86.9
20260808T201826Z,25.7,87.0
20260808T201841Z,25.7,87.2
20260808T201856Z,25.8,87.4
20260808T201911Z,25.8,87.5
20260808T201926Z,25.8,87.6
20260808T201941Z,25.8,87.8
20260808T201956Z,25.8,87.9
20260808T202011Z,25.9,88.0
20260808T202026Z,25.9,88.1
20260808T202041Z,25.9,88.2
20260808T202056Z,25.9,88.2
20260808T202111Z,25.9,88.3
20260808T202126Z,26.0,88.4
20260808T202141Z,26.0,88.5
20260808T202156Z,26.0,88.5
20260808T202211Z,26.0,88.6
20260808T202226Z,26.0,88.6
20260808T202241Z,26.1,88.5
20260808T202256Z,26.1,88.6
20260808T202311Z,26.1,88.6
20260808T202326Z,26.1,88.6
20260808T202341Z,26.1,88.7
20260808T202356Z,26.2,88.7
20260808T202411Z,26.2,88.7
20260808T202426Z,26.2,88.8
20260808T202441Z,26.2,88.7
20260808T202456Z,26.2,88.7
20260808T202511Z,26.3,88.8
20260808T202526Z,26.3,88.8
20260808T202541Z,26.3,88.7
20260808T202556Z,26.3,88.7
20260808T202611Z,26.4,88.7
20260808T202626Z,26.4,88.7
20260808T202641Z,26.4,88.6
20260808T202656Z,26.4,88.6
20260808T202711Z,26.4,88.6
20260808T202726Z,26.4,88.6
20260808T202741Z,26.5,88.6
20260808T202756Z,26.5,88.6
20260808T202811Z,26.5,88.5
20260808T202826Z,26.5,88.5
20260808T202841Z,26.5,88.5
20260808T202856Z,26.5,88.4
20260808T202911Z,26.6,88.5
20260808T202926Z,26.6,88.4
20260808T202941Z,26.6,88.4
20260808T202956Z,26.6,88.4
20260808T203011Z,26.6,88.0
20260808T203026Z,26.6,87.0
20260808T203041Z,26.6,86.2
20260808T203056Z,26.5,85.4
20260808T203111Z,26.5,84.8
20260808T203126Z,26.4,83.6
20260808T203141Z,26.4,83.5
20260808T203156Z,26.3,82.6
20260808T203211Z,26.3,81.6
20260808T203226Z,26.2,81.4
20260808T203241Z,26.1,81.5
20260808T203256Z,26.0,80.2
20260808T203311Z,26.0,79.6
20260808T203326Z,25.9,78.7
20260808T203341Z,25.8,77.6
20260808T203356Z,25.7,77.8
20260808T203411Z,25.7,77.7
20260808T203426Z,25.6,76.4
20260808T203441Z,25.5,77.7
20260808T203456Z,25.4,79.0
20260808T203511Z,25.4,80.3
20260808T203526Z,25.4,81.3
20260808T203541Z,25.4,81.7
20260808T203556Z,25.4,82.1
20260808T203611Z,25.4,82.5
20260808T203626Z,25.4,82.8
20260808T203641Z,25.4,83.1
20260808T203656Z,25.4,83.5
20260808T203711Z,25.4,83.9
20260808T203726Z,25.4,84.1
20260808T203741Z,25.5,84.4
20260808T203756Z,25.5,84.7
20260808T203811Z,25.5,84.9
20260808T203826Z,25.5,85.2
20260808T203841Z,25.5,85.4
20260808T203856Z,25.6,85.7
20260808T203911Z,25.6,85.9
20260808T203926Z,25.6,86.0
20260808T203941Z,25.6,86.1
20260808T203956Z,25.7,86.4
20260808T204011Z,25.7,86.6
20260808T204026Z,25.7,86.7
20260808T204041Z,25.7,87.0
20260808T204056Z,25.8,87.0
20260808T204111Z,25.8,87.1
20260808T204126Z,25.8,87.3
20260808T204141Z,25.8,87.4
20260808T204156Z,25.8,87.5
20260808T204211Z,25.9,87.7
20260808T204226Z,25.9,87.7
20260808T204241Z,25.9,87.8
20260808T204256Z,25.9,88.0
20260808T204311Z,25.9,88.1
20260808T204326Z,26.0,88.1
20260808T204341Z,26.0,88.1
20260808T204356Z,26.0,88.2
20260808T204411Z,26.0,88.3
20260808T204426Z,26.0,88.3
20260808T204441Z,26.1,88.3
20260808T204456Z,26.1,88.3
20260808T204511Z,26.1,88.4
20260808T204526Z,26.2,88.4
20260808T204541Z,26.2,88.4
20260808T204556Z,26.2,88.3
20260808T204611Z,26.2,88.4
20260808T204626Z,26.2,88.4
20260808T204641Z,26.2,88.5
20260808T204656Z,26.3,88.4
20260808T204711Z,26.3,88.5
20260808T204726Z,26.3,88.4
20260808T204741Z,26.3,88.5
20260808T204756Z,26.3,88.4
20260808T204811Z,26.4,88.4
20260808T204826Z,26.4,88.4
20260808T204841Z,26.4,88.4
20260808T204856Z,26.4,88.4
20260808T204911Z,26.4,88.4
20260808T204926Z,26.5,88.3
20260808T204941Z,26.5,88.3
20260808T204956Z,26.5,88.3
20260808T205011Z,26.5,88.4
20260808T205026Z,26.5,88.3
20260808T205041Z,26.5,88.3
20260808T205056Z,26.5,88.3
20260808T205111Z,26.6,88.2
20260808T205126Z,26.6,88.2
20260808T205141Z,26.6,88.2
20260808T205156Z,26.6,88.2
20260808T205211Z,26.6,88.2
20260808T205226Z,26.6,88.1
20260808T205241Z,26.6,87.5
20260808T205256Z,26.6,87.2
20260808T205311Z,26.6,86.1
20260808T205326Z,26.6,85.6
20260808T205341Z,26.6,84.6
20260808T205356Z,26.5,83.8
20260808T205411Z,26.5,82.9
20260808T205426Z,26.4,82.6
20260808T205441Z,26.3,81.4
20260808T205456Z,26.2,80.9
20260808T205511Z,26.2,80.6
20260808T205526Z,26.1,80.8
20260808T205541Z,26.0,79.7
20260808T205556Z,25.9,79.1
20260808T205611Z,25.8,79.0
20260808T205626Z,25.8,78.5
20260808T205641Z,25.7,77.8
20260808T205656Z,25.6,78.1
20260808T205711Z,25.6,79.3
20260808T205726Z,25.6,79.7
20260808T205741Z,25.5,80.6
20260808T205756Z,25.5,81.1
20260808T205811Z,25.5,81.9
20260808T205826Z,25.5,82.2
20260808T205841Z,25.5,82.6
20260808T205856Z,25.5,82.8
20260808T205911Z,25.5,83.4
20260808T205926Z,25.5,83.7
20260808T205941Z,25.5,84.0
20260808T205956Z,25.5,84.3
20260808T210011Z,25.5,84.4
20260808T210026Z,25.6,84.8
20260808T210041Z,25.6,85.0
20260808T210056Z,25.6,85.2
20260808T210111Z,25.6,85.5
20260808T210126Z,25.6,85.8
20260808T210141Z,25.6,86.0
20260808T210156Z,25.7,86.0
20260808T210211Z,25.7,86.5
20260808T210226Z,25.7,86.6
20260808T210241Z,25.7,86.9
20260808T210256Z,25.8,87.0
20260808T210311Z,25.8,87.2
20260808T210326Z,25.8,87.3
20260808T210341Z,25.8,87.5
20260808T210356Z,25.8,87.5
20260808T210411Z,25.8,87.7
20260808T210426Z,25.9,87.9
20260808T210441Z,25.9,87.9
20260808T210456Z,25.9,87.9
20260808T210511Z,25.9,88.1
20260808T210526Z,25.9,88.1
20260808T210541Z,25.9,88.3
20260808T210556Z,26.0,88.2
20260808T210611Z,26.0,88.4
20260808T210626Z,26.0,88.3
20260808T210641Z,26.0,88.4
20260808T210656Z,26.0,88.4
20260808T210711Z,26.1,88.5
20260808T210726Z,26.1,88.5
20260808T210741Z,26.1,88.5
20260808T210756Z,26.1,88.5
20260808T210811Z,26.1,88.6
20260808T210826Z,26.2,88.6
20260808T210841Z,26.2,88.6
20260808T210856Z,26.2,88.6
20260808T210911Z,26.3,88.5
20260808T210926Z,26.3,88.5
20260808T210941Z,26.3,88.5
20260808T210956Z,26.3,88.6
20260808T211011Z,26.3,88.6
20260808T211026Z,26.3,88.6
20260808T211041Z,26.4,88.6
20260808T211056Z,26.4,88.5
20260808T211111Z,26.4,88.5
20260808T211126Z,26.4,88.5
20260808T211141Z,26.4,88.5
20260808T211156Z,26.4,88.5
20260808T211211Z,26.4,88.5
20260808T211226Z,26.5,88.5
20260808T211241Z,26.5,88.4
20260808T211256Z,26.5,88.4
20260808T211311Z,26.5,88.5
20260808T211326Z,26.5,88.4
20260808T211341Z,26.5,88.4
20260808T211356Z,26.6,88.4
20260808T211411Z,26.6,88.3
20260808T211426Z,26.6,88.3
20260808T211441Z,26.6,88.2
20260808T211456Z,26.6,86.8
20260808T211511Z,26.6,86.0
20260808T211526Z,26.5,85.2
20260808T211541Z,26.5,84.8
20260808T211556Z,26.5,83.3
20260808T211611Z,26.4,83.5
20260808T211626Z,26.3,82.6
20260808T211641Z,26.3,81.5
20260808T211656Z,26.2,81.0
20260808T211711Z,26.1,81.0
20260808T211726Z,26.0,80.7
20260808T211741Z,25.9,79.2
20260808T211756Z,25.9,79.1
20260808T211811Z,25.8,78.9
20260808T211826Z,25.7,77.7
20260808T211841Z,25.7,77.4
20260808T211856Z,25.6,77.9
20260808T211911Z,25.6,79.0
20260808T211926Z,25.5,80.2
20260808T211941Z,25.5,80.9
20260808T211956Z,25.5,81.9
20260808T212011Z,25.5,82.1
20260808T212026Z,25.5,82.4
20260808T212041Z,25.5,82.7
20260808T212056Z,25.4,83.2
20260808T212111Z,25.5,83.4
20260808T212126Z,25.5,83.8
20260808T212141Z,25.5,84.0
20260808T212156Z,25.5,84.4
20260808T212211Z,25.5,84.7
20260808T212226Z,25.5,85.0
20260808T212241Z,25.5,85.3
20260808T212256Z,25.6,85.5
20260808T212311Z,25.6,85.7
20260808T212326Z,25.6,86.0
20260808T212341Z,25.6,86.1
20260808T212356Z,25.6,86.4
20260808T212411Z,25.7,86.5
20260808T212426Z,25.7,86.6
20260808T212441Z,25.7,86.8
20260808T212456Z,25.7,87.0
20260808T212511Z,25.8,87.2
20260808T212526Z,25.8,87.3
20260808T212541Z,25.8,87.4
20260808T212556Z,25.8,87.6
20260808T212611Z,25.8,87.8
20260808T212626Z,25.9,87.8
20260808T212641Z,25.9,88.0
20260808T212656Z,25.9,88.0
20260808T212711Z,25.9,88.1
20260808T212726Z,25.9,88.3
20260808T212741Z,26.0,88.3
20260808T212756Z,26.0,88.3
20260808T212811Z,26.0,88.4
20260808T212826Z,26.0,88.4
20260808T212841Z,26.1,88.5
20260808T212856Z,26.1,88.5
20260808T212911Z,26.1,88.6
20260808T212926Z,26.1,88.5
20260808T212941Z,26.1,88.6
20260808T212956Z,26.1,88.6
20260808T213011Z,26.2,88.6
20260808T213026Z,26.2,88.5
20260808T213041Z,26.2,88.6
20260808T213056Z,26.2,88.6
20260808T213111Z,26.2,88.6
20260808T213126Z,26.3,88.6
20260808T213141Z,26.3,88.6
20260808T213156Z,26.3,88.7
20260808T213211Z,26.3,88.6
20260808T213226Z,26.3,88.7
20260808T213241Z,26.4,88.6
20260808T213256Z,26.4,88.6
20260808T213311Z,26.4,88.6
20260808T213326Z,26.4,88.5
20260808T213341Z,26.4,88.6
20260808T213356Z,26.5,88.5
20260808T213411Z,26.5,88.5
20260808T213426Z,26.5,88.5
20260808T213441Z,26.5,88.5
20260808T213456Z,26.5,88.4
20260808T213511Z,26.5,88.5
20260808T213526Z,26.5,88.4
20260808T213541Z,26.6,88.4
20260808T213556Z,26.6,88.4
20260808T213611Z,26.6,88.4
20260808T213626Z,26.6,88.4
20260808T213641Z,26.6,87.8
20260808T213656Z,26.6,87.8
20260808T213711Z,26.6,86.4
20260808T213726Z,26.6,86.0
20260808T213741Z,26.5,85.3
20260808T213756Z,26.5,84.6
20260808T213811Z,26.4,83.6
20260808T213826Z,26.4,83.1
20260808T213841Z,26.3,82.0
20260808T213856Z,26.3,81.9
20260808T213911Z,26.2,81.1
20260808T213926Z,26.1,80.2
20260808T213941Z,26.0,80.0
20260808T213956Z,26.0,79.4
20260808T214011Z,25.9,78.9
20260808T214026Z,25.8,78.4
20260808T214041Z,25.7,78.0
20260808T214056Z,25.7,77.3
20260808T214111Z,25.6,77.6
20260808T214126Z,25.6,78.7
20260808T214141Z,25.5,79.9
20260808T214156Z,25.5,80.9
20260808T214211Z,25.5,82.0
20260808T214226Z,25.5,82.0
20260808T214241Z,25.4,82.4
20260808T214256Z,25.4,82.8
20260808T214311Z,25.4,83.1
20260808T214326Z,25.4,83.4
20260808T214341Z,25.4,83.6
20260808T214356Z,25.4,84.0
20260808T214411Z,25.5,84.3
20260808T214426Z,25.5,84.6
20260808T214441Z,25.5,84.8
20260808T214456Z,25.5,85.1
20260808T214511Z,25.6,85.4
20260808T214526Z,25.6,85.6
20260808T214541Z,25.6,85.9
20260808T214556Z,25.6,86.1
20260808T214611Z,25.7,86.3
20260808T214626Z,25.7,86.5
20260808T214641Z,25.7,86.8
20260808T214656Z,25.7,86.8
20260808T214711Z,25.7,87.0
20260808T214726Z,25.8,87.2
20260808T214741Z,25.8,87.2
20260808T214756Z,25.8,87.4
20260808T214811Z,25.8,87.7
20260808T214826Z,25.8,87.7
20260808T214841Z,25.8,88.0
20260808T214856Z,25.8,88.0
20260808T214911Z,25.9,88.1
20260808T214926Z,25.9,88.3
20260808T214941Z,25.9,88.3
20260808T214956Z,25.9,88.4
20260808T215011Z,26.0,88.4
20260808T215026Z,26.0,88.5
20260808T215041Z,26.0,88.5
20260808T215056Z,26.0,88.6
20260808T215111Z,26.0,88.6
20260808T215126Z,26.1,88.7
20260808T215141Z,26.1,88.6
20260808T215156Z,26.1,88.7
20260808T215211Z,26.1,88.6
20260808T215226Z,26.1,88.7
20260808T215241Z,26.2,88.7
20260808T215256Z,26.2,88.7
20260808T215311Z,26.2,88.7
20260808T215326Z,26.2,88.6
20260808T215341Z,26.3,88.7
20260808T215356Z,26.3,88.7
20260808T215411Z,26.3,88.7
20260808T215426Z,26.3,88.7
20260808T215441Z,26.3,88.7
20260808T215456Z,26.4,88.7
20260808T215511Z,26.4,88.6
20260808T215526Z,26.4,88.6
20260808T215541Z,26.4,88.5
20260808T215556Z,26.4,88.6
20260808T215611Z,26.4,88.6
20260808T215626Z,26.5,88.6
20260808T215641Z,26.5,88.6
20260808T215656Z,26.5,88.6
20260808T215711Z,26.5,88.6
20260808T215726Z,26.5,88.5
20260808T215741Z,26.5,88.5
20260808T215756Z,26.5,88.5
20260808T215811Z,26.6,88.5
20260808T215826Z,26.6,88.5
20260808T215841Z,26.6,88.4
20260808T215856Z,26.6,88.4
20260808T215911Z,26.6,88.1
20260808T215926Z,26.6,88.1
20260808T215941Z,26.6,86.8
20260808T215956Z,26.6,86.2
20260808T220011Z,26.5,85.3
20260808T220026Z,26.5,84.3
20260808T220041Z,26.4,83.7
20260808T220056Z,26.4,83.1
20260808T220111Z,26.3,82.2
20260808T220126Z,26.2,81.9
20260808T220141Z,26.2,81.2
20260808T220156Z,26.1,80.1
20260808T220211Z,26.0,80.1
20260808T220226Z,25.9,80.0
20260808T220241Z,25.8,79.4
20260808T220256Z,25.8,79.6
20260808T220311Z,25.7,79.9
20260808T220326Z,25.7,77.2
20260808T220341Z,25.6,78.4
20260808T220356Z,25.5,79.7
20260808T220411Z,25.5,80.6
20260808T220426Z,25.5,81.2
20260808T220441Z,25.5,81.8
20260808T220456Z,25.5,82.4
20260808T220511Z,25.5,82.7
20260808T220526Z,25.5,82.9
20260808T220541Z,25.5,83.5
20260808T220556Z,25.5,83.5
20260808T220611Z,25.5,84.1
20260808T220626Z,25.5,84.4
20260808T220641Z,25.5,84.6
20260808T220656Z,25.5,84.9
20260808T220711Z,25.5,85.3
20260808T220726Z,25.6,85.5
20260808T220741Z,25.6,85.8
20260808T220756Z,25.6,86.0
20260808T220811Z,25.6,86.3
20260808T220826Z,25.6,86.5
20260808T220841Z,25.6,86.6
20260808T220856Z,25.7,86.8
20260808T220911Z,25.7,87.1
20260808T220926Z,25.7,87.2
20260808T220941Z,25.7,87.4
20260808T220956Z,25.8,87.6
20260808T221011Z,25.8,87.7
20260808T221026Z,25.8,88.0
20260808T221041Z,25.8,88.0
20260808T221056Z,25.8,88.1
20260808T221111Z,25.8,88.2
20260808T221126Z,25.9,88.3
20260808T221141Z,25.9,88.4
20260808T221156Z,25.9,88.6
20260808T221211Z,25.9,88.7
20260808T221226Z,25.9,88.7
20260808T221241Z,25.9,88.7
20260808T221256Z,26.0,88.9
20260808T221311Z,26.0,88.8
20260808T221326Z,26.0,88.9
20260808T221341Z,26.0,89.0
20260808T221356Z,26.0,88.9
20260808T221411Z,26.1,89.0
20260808T221426Z,26.1,89.0
20260808T221441Z,26.1,89.0
20260808T221456Z,26.1,89.0
20260808T221511Z,26.2,89.0
20260808T221526Z,26.2,89.0
20260808T221541Z,26.2,89.0
20260808T221556Z,26.2,89.0
20260808T221611Z,26.3,89.0
20260808T221626Z,26.3,89.0
20260808T221641Z,26.3,89.0
20260808T221656Z,26.3,89.0
20260808T221711Z,26.3,89.0
20260808T221726Z,26.3,88.9
20260808T221741Z,26.4,88.9
20260808T221756Z,26.4,88.9
20260808T221811Z,26.4,88.9
20260808T221826Z,26.4,88.9
20260808T221841Z,26.4,88.8
20260808T221856Z,26.4,88.8
20260808T221911Z,26.4,88.8
20260808T221926Z,26.5,88.8
20260808T221941Z,26.5,88.7
20260808T221956Z,26.5,88.7
20260808T222011Z,26.5,88.7
20260808T222026Z,26.5,88.7
20260808T222041Z,26.5,88.7
20260808T222056Z,26.6,88.6
20260808T222111Z,26.6,88.6
20260808T222126Z,26.6,88.6
20260808T222141Z,26.6,88.6
20260808T222156Z,26.6,88.3
20260808T222211Z,26.6,87.3
20260808T222226Z,26.6,86.3
20260808T222241Z,26.5,85.8
20260808T222256Z,26.5,84.7
20260808T222311Z,26.4,84.1
20260808T222326Z,26.4,83.3
20260808T222341Z,26.3,82.6
20260808T222356Z,26.2,82.1
20260808T222411Z,26.2,82.1
20260808T222426Z,26.1,81.2
20260808T222441Z,26.0,80.4
20260808T222456Z,25.9,80.5
20260808T222511Z,25.9,79.8
20260808T222526Z,25.8,79.6
20260808T222541Z,25.7,78.9
20260808T222556Z,25.7,77.9
20260808T222611Z,25.6,78.3
20260808T222626Z,25.6,78.6
20260808T222641Z,25.5,79.9
20260808T222656Z,25.5,80.9
20260808T222712Z,25.5,81.6
20260808T222726Z,25.5,82.1
20260808T222742Z,25.4,82.4
20260808T222757Z,25.4,82.8
20260808T222812Z,25.5,83.2
20260808T222827Z,25.4,83.4
20260808T222842Z,25.5,83.7
20260808T222857Z,25.5,84.0
20260808T222912Z,25.5,84.2
20260808T222927Z,25.5,84.6
20260808T222942Z,25.5,84.9
20260808T222957Z,25.5,85.1
20260808T223012Z,25.6,85.5
20260808T223027Z,25.6,85.8
20260808T223042Z,25.6,85.9
20260808T223057Z,25.6,86.2
20260808T223112Z,25.6,86.4
20260808T223127Z,25.6,86.6
20260808T223142Z,25.7,86.8
20260808T223157Z,25.7,87.0
20260808T223212Z,25.7,87.3
20260808T223227Z,25.7,87.4
20260808T223242Z,25.7,87.6
20260808T223257Z,25.7,87.8
20260808T223312Z,25.7,87.9
20260808T223327Z,25.8,88.1
20260808T223342Z,25.8,88.2
20260808T223357Z,25.8,88.3
20260808T223412Z,25.8,88.5
20260808T223427Z,25.9,88.6
20260808T223442Z,25.9,88.6
20260808T223457Z,25.9,88.8
20260808T223512Z,25.9,88.7
20260808T223527Z,25.9,88.8
20260808T223542Z,25.9,89.0
20260808T223557Z,26.0,89.0
20260808T223612Z,26.0,89.0
20260808T223627Z,26.0,89.1
20260808T223642Z,26.0,89.1
20260808T223657Z,26.0,89.1
20260808T223712Z,26.0,89.0
20260808T223727Z,26.1,89.2
20260808T223742Z,26.1,89.1
20260808T223757Z,26.1,89.2
20260808T223812Z,26.1,89.2
20260808T223827Z,26.2,89.2
20260808T223842Z,26.2,89.1
20260808T223857Z,26.2,89.1
20260808T223912Z,26.2,89.2
20260808T223927Z,26.2,89.2
20260808T223942Z,26.2,89.2
20260808T223957Z,26.3,89.2
20260808T224012Z,26.3,89.1
20260808T224027Z,26.3,89.0
20260808T224042Z,26.3,89.0
20260808T224057Z,26.4,89.0
20260808T224112Z,26.4,89.0
20260808T224127Z,26.4,89.0
20260808T224142Z,26.4,89.0
20260808T224157Z,26.4,89.0
20260808T224212Z,26.4,89.0
20260808T224227Z,26.4,89.0
20260808T224242Z,26.5,89.0
20260808T224257Z,26.5,88.9
20260808T224312Z,26.5,88.9
20260808T224327Z,26.5,88.9
20260808T224342Z,26.5,88.8
20260808T224357Z,26.5,88.8
20260808T224412Z,26.5,88.8
20260808T224427Z,26.6,88.8
20260808T224442Z,26.6,88.2
20260808T224457Z,26.6,87.6
20260808T224512Z,26.6,86.6
20260808T224527Z,26.5,86.2
20260808T224542Z,26.5,85.4
20260808T224557Z,26.5,84.4
20260808T224612Z,26.4,83.6
20260808T224627Z,26.3,83.1
20260808T224642Z,26.3,82.1
20260808T224657Z,26.2,81.6
20260808T224712Z,26.1,82.0
20260808T224727Z,26.0,81.4
20260808T224742Z,26.0,80.3
20260808T224757Z,25.9,80.1
20260808T224812Z,25.8,78.7
20260808T224827Z,25.8,79.3
20260808T224842Z,25.7,78.9
20260808T224857Z,25.6,77.5
20260808T224912Z,25.6,78.0
20260808T224927Z,25.5,78.9
20260808T224942Z,25.5,80.0
20260808T224957Z,25.5,81.0
20260808T225012Z,25.4,81.9
20260808T225027Z,25.4,82.2
20260808T225042Z,25.4,82.4
20260808T225057Z,25.4,82.7
20260808T225112Z,25.4,83.2
20260808T225127Z,25.4,83.7
20260808T225142Z,25.4,83.9
20260808T225157Z,25.4,84.2
20260808T225212Z,25.5,84.4
20260808T225227Z,25.5,84.7
20260808T225242Z,25.5,85.0
20260808T225257Z,25.5,85.2
20260808T225312Z,25.5,85.4
20260808T225327Z,25.6,85.5
20260808T225342Z,25.6,86.0
20260808T225357Z,25.6,86.2
20260808T225412Z,25.6,86.4
20260808T225427Z,25.6,86.6
20260808T225442Z,25.7,86.9
20260808T225457Z,25.7,86.9
20260808T225512Z,25.7,87.1
20260808T225527Z,25.7,87.3
20260808T225542Z,25.8,87.5
20260808T225557Z,25.8,87.6
20260808T225612Z,25.8,87.8
20260808T225627Z,25.8,87.9
20260808T225642Z,25.8,88.0
20260808T225657Z,25.9,88.0
20260808T225712Z,25.9,88.3
20260808T225727Z,25.9,88.4
20260808T225742Z,25.9,88.4
20260808T225757Z,25.9,88.5
20260808T225812Z,26.0,88.6
20260808T225827Z,26.0,88.6
20260808T225842Z,26.0,88.7
20260808T225857Z,26.0,88.7
20260808T225912Z,26.0,88.8
20260808T225927Z,26.1,88.9
20260808T225942Z,26.1,88.9
20260808T225957Z,26.1,88.9
20260808T230012Z,26.1,89.0
20260808T230027Z,26.1,89.0
20260808T230042Z,26.2,88.9
20260808T230057Z,26.2,89.0
20260808T230112Z,26.2,88.9
20260808T230127Z,26.2,89.0
20260808T230142Z,26.2,89.0
20260808T230157Z,26.2,89.0
20260808T230212Z,26.3,89.0
20260808T230227Z,26.3,89.0
20260808T230242Z,26.3,89.0
20260808T230257Z,26.3,89.0
20260808T230312Z,26.3,89.0
20260808T230327Z,26.4,89.0
20260808T230342Z,26.4,89.0
20260808T230357Z,26.4,88.9
20260808T230412Z,26.4,89.0
20260808T230427Z,26.4,89.0
20260808T230442Z,26.5,88.9
20260808T230457Z,26.5,88.9
20260808T230512Z,26.5,88.9
20260808T230527Z,26.5,88.9
20260808T230542Z,26.5,88.8
20260808T230557Z,26.5,88.8
20260808T230612Z,26.6,88.8
20260808T230627Z,26.6,88.5
20260808T230642Z,26.6,88.6
20260808T230657Z,26.6,86.7
20260808T230712Z,26.5,86.3
20260808T230727Z,26.5,85.7
20260808T230742Z,26.5,85.0
20260808T230757Z,26.4,83.5
20260808T230812Z,26.3,83.3
20260808T230827Z,26.3,82.7
20260808T230842Z,26.2,81.7
20260808T230857Z,26.2,81.3
20260808T230912Z,26.1,80.7
20260808T230927Z,26.0,80.0
20260808T230942Z,25.9,79.6
20260808T230957Z,25.8,79.3
20260808T231012Z,25.8,78.7
20260808T231027Z,25.7,77.2
20260808T231042Z,25.6,78.0
20260808T231057Z,25.5,77.6
20260808T231112Z,25.5,78.8
20260808T231127Z,25.4,79.5
20260808T231142Z,25.4,80.7
20260808T231157Z,25.4,81.8
20260808T231212Z,25.4,82.1
20260808T231227Z,25.4,82.5
20260808T231242Z,25.4,82.9
20260808T231257Z,25.4,83.2
20260808T231312Z,25.4,83.4
20260808T231327Z,25.4,83.6
20260808T231342Z,25.4,84.1
20260808T231357Z,25.4,84.4
20260808T231412Z,25.4,84.6
20260808T231427Z,25.5,84.8
20260808T231442Z,25.5,85.2
20260808T231457Z,25.5,85.5
20260808T231512Z,25.5,85.8
20260808T231527Z,25.6,85.9
20260808T231542Z,25.6,86.2
20260808T231557Z,25.6,86.5
20260808T231612Z,25.6,86.7
20260808T231627Z,25.6,86.9
20260808T231642Z,25.6,87.1
20260808T231657Z,25.7,87.2
20260808T231712Z,25.7,87.4
20260808T231727Z,25.7,87.5
20260808T231742Z,25.7,87.6
20260808T231757Z,25.8,87.9
20260808T231812Z,25.8,88.0
20260808T231827Z,25.8,88.1
20260808T231842Z,25.8,88.3
20260808T231857Z,25.8,88.3
20260808T231912Z,25.9,88.5
20260808T231927Z,25.9,88.5
20260808T231942Z,25.9,88.6
20260808T231957Z,25.9,88.6
20260808T232012Z,25.9,88.7
20260808T232027Z,26.0,88.8
20260808T232042Z,26.0,88.8
20260808T232057Z,26.0,88.9
20260808T232112Z,26.0,88.9
20260808T232127Z,26.0,89.0
20260808T232142Z,26.1,88.9
20260808T232157Z,26.1,89.0
20260808T232212Z,26.1,89.0
20260808T232227Z,26.1,89.0
20260808T232242Z,26.2,89.1
20260808T232257Z,26.2,89.0
20260808T232312Z,26.2,89.0
20260808T232327Z,26.2,89.0
20260808T232342Z,26.2,89.0
20260808T232357Z,26.3,89.0
20260808T232412Z,26.3,89.0
20260808T232427Z,26.3,89.0
20260808T232442Z,26.3,89.0
20260808T232457Z,26.3,89.0
20260808T232512Z,26.4,88.9
20260808T232527Z,26.4,88.9
20260808T232542Z,26.4,89.0
20260808T232557Z,26.4,88.9
20260808T232612Z,26.4,88.8
20260808T232627Z,26.5,88.9
20260808T232642Z,26.5,88.9
20260808T232657Z,26.5,88.9
20260808T232712Z,26.5,88.9
20260808T232727Z,26.5,88.8
20260808T232742Z,26.5,88.8
20260808T232757Z,26.5,88.9
20260808T232812Z,26.6,88.7
20260808T232827Z,26.6,88.6
20260808T232842Z,26.6,86.8
20260808T232857Z,26.5,86.1
20260808T232912Z,26.5,85.2
20260808T232927Z,26.4,84.7
20260808T232942Z,26.4,84.2
20260808T232957Z,26.3,83.2
20260808T233012Z,26.2,82.1
20260808T233027Z,26.2,82.3
20260808T233042Z,26.1,81.1
20260808T233057Z,26.0,81.0
20260808T233112Z,25.9,80.3
20260808T233127Z,25.9,80.6
20260808T233142Z,25.8,79.6
20260808T233157Z,25.7,78.2
20260808T233212Z,25.7,78.5
20260808T233227Z,25.6,78.7
20260808T233242Z,25.5,77.9
20260808T233257Z,25.5,78.0
20260808T233312Z,25.4,79.4
20260808T233327Z,25.4,80.7
20260808T233342Z,25.4,81.4
20260808T233357Z,25.4,82.2
20260808T233412Z,25.4,82.5
20260808T233427Z,25.4,82.6
20260808T233442Z,25.4,82.9
20260808T233457Z,25.4,83.2
20260808T233512Z,25.4,83.6
20260808T233527Z,25.4,83.9
20260808T233542Z,25.4,84.1
20260808T233557Z,25.4,84.3
20260808T233612Z,25.5,84.7
20260808T233627Z,25.5,85.2
20260808T233642Z,25.5,85.5
20260808T233657Z,25.5,85.6
20260808T233712Z,25.6,86.0
20260808T233727Z,25.6,86.1
20260808T233742Z,25.6,86.3
20260808T233757Z,25.6,86.6
20260808T233812Z,25.6,86.7
20260808T233827Z,25.7,87.0
20260808T233842Z,25.7,87.2
20260808T233857Z,25.7,87.3
20260808T233912Z,25.7,87.5
20260808T233927Z,25.7,87.6
20260808T233942Z,25.7,87.8
20260808T233957Z,25.8,87.8
20260808T234012Z,25.8,88.0
20260808T234027Z,25.8,88.2
20260808T234042Z,25.8,88.3
20260808T234057Z,25.9,88.3
20260808T234112Z,25.9,88.5
20260808T234127Z,25.9,88.5
20260808T234142Z,25.9,88.6
20260808T234157Z,25.9,88.7
20260808T234212Z,26.0,88.7
20260808T234227Z,26.0,88.8
20260808T234242Z,26.0,88.9
20260808T234257Z,26.0,88.8
20260808T234312Z,26.0,88.8
20260808T234327Z,26.1,88.9
20260808T234342Z,26.1,88.9
20260808T234357Z,26.1,89.0
20260808T234412Z,26.1,89.0
20260808T234427Z,26.1,88.9
20260808T234442Z,26.2,89.0
20260808T234457Z,26.2,89.0
20260808T234512Z,26.2,89.0
20260808T234527Z,26.2,89.0
20260808T234542Z,26.3,89.0
20260808T234557Z,26.3,89.0
20260808T234612Z,26.3,89.0
20260808T234627Z,26.3,88.9
20260808T234642Z,26.3,89.0
20260808T234657Z,26.3,89.0
20260808T234712Z,26.4,88.9
20260808T234727Z,26.4,88.9
20260808T234742Z,26.4,89.0
20260808T234757Z,26.4,88.9
20260808T234812Z,26.4,88.9
20260808T234827Z,26.5,88.9
20260808T234842Z,26.5,88.9
20260808T234857Z,26.5,88.9
20260808T234912Z,26.5,88.9
20260808T234927Z,26.5,88.9
20260808T234942Z,26.5,88.8
20260808T234957Z,26.5,88.8
20260808T235012Z,26.5,88.6
20260808T235027Z,26.5,88.6
20260808T235042Z,26.5,86.9
20260808T235057Z,26.5,86.1
20260808T235112Z,26.5,85.6
20260808T235127Z,26.4,85.1
20260808T235142Z,26.4,84.0
20260808T235157Z,26.3,83.6
20260808T235212Z,26.2,82.4
20260808T235227Z,26.2,82.6
20260808T235242Z,26.1,81.5
20260808T235257Z,26.0,80.6
20260808T235312Z,25.9,80.4
20260808T235327Z,25.9,79.7
20260808T235342Z,25.8,79.1
20260808T235357Z,25.7,79.0
20260808T235412Z,25.6,78.3
20260808T235427Z,25.6,79.2
20260808T235442Z,25.5,77.1
20260808T235457Z,25.5,78.4
20260808T235512Z,25.4,79.8
20260808T235527Z,25.4,81.0
20260808T235542Z,25.4,81.8
20260808T235557Z,25.4,82.3
20260808T235612Z,25.4,82.5
20260808T235627Z,25.4,82.9
20260808T235642Z,25.4,83.2
20260808T235657Z,25.4,83.5
20260808T235712Z,25.4,83.7
20260808T235727Z,25.4,84.2
20260808T235742Z,25.4,84.5
20260808T235757Z,25.5,84.7
20260808T235812Z,25.5,85.2
20260808T235827Z,25.5,85.2
20260808T235842Z,25.5,85.5
20260808T235857Z,25.5,85.8
20260808T235912Z,25.6,86.1
20260808T235927Z,25.6,86.2
20260808T235942Z,25.6,86.5
20260808T235957Z,25.6,86.7