Time,Temperature,Humidity
20260813T000001Z,26.2,89.2
20260813T000016Z,26.2,89.1
20260813T000031Z,26.2,89.3
20260813T000046Z,26.2,89.5
20260813T000101Z,26.2,89.4
20260813T000116Z,26.2,89.6
20260813T000131Z,26.2,89.7
20260813T000146Z,26.3,89.6
20260813T000201Z,26.3,89.7
20260813T000216Z,26.3,89.8
20260813T000231Z,26.3,90.0
20260813T000246Z,26.3,90.0
20260813T000301Z,26.3,90.1
20260813T000316Z,26.3,90.1
20260813T000331Z,26.3,90.2
20260813T000346Z,26.3,90.3
20260813T000401Z,26.4,90.4
20260813T000416Z,26.4,90.3
20260813T000431Z,26.4,90.3
20260813T000446Z,26.4,90.4
20260813T000501Z,26.4,90.5
20260813T000516Z,26.4,90.5
20260813T000531Z,26.4,90.5
20260813T000546Z,26.4,90.7
20260813T000601Z,26.4,90.7
20260813T000616Z,26.5,90.8
20260813T000631Z,26.5,90.8
20260813T000646Z,26.5,90.7
20260813T000701Z,26.5,90.8
20260813T000716Z,26.5,90.8
20260813T000731Z,26.5,90.9
20260813T000746Z,26.5,90.9
20260813T000801Z,26.5,90.9
20260813T000816Z,26.5,90.8
20260813T000831Z,26.6,90.9
20260813T000846Z,26.6,90.8
20260813T000901Z,26.6,90.9
20260813T000916Z,26.6,91.0
20260813T000931Z,26.6,91.0
20260813T000946Z,26.6,91.0
20260813T001001Z,26.6,91.0
20260813T001016Z,26.6,91.0
20260813T001031Z,26.6,91.0
20260813T001046Z,26.6,91.0
20260813T001101Z,26.6,90.9
20260813T001116Z,26.7,91.0
20260813T001131Z,26.7,90.2
20260813T001146Z,26.7,90.1
20260813T001201Z,26.7,88.3
20260813T001216Z,26.6,87.7
20260813T001231Z,26.6,87.1
20260813T001246Z,26.6,86.0
20260813T001301Z,26.5,85.3
20260813T001316Z,26.4,84.7
20260813T001331Z,26.4,83.9
20260813T001346Z,26.3,83.5
20260813T001401Z,26.2,83.2
20260813T001416Z,26.2,83.2
20260813T001431Z,26.1,82.6
20260813T001446Z,26.1,81.7
20260813T001501Z,26.0,81.1
20260813T001516Z,25.9,80.9
20260813T001531Z,25.9,80.6
20260813T001546Z,25.8,80.0
20260813T001601Z,25.8,79.4
20260813T001616Z,25.7,79.0
20260813T001631Z,25.7,80.4
20260813T001646Z,25.6,81.3
20260813T001701Z,25.6,81.7
20260813T001716Z,25.6,82.3
20260813T001731Z,25.6,83.0
20260813T001746Z,25.6,83.4
20260813T001801Z,25.6,83.6
20260813T001816Z,25.6,83.7
20260813T001831Z,25.6,84.0
20260813T001846Z,25.6,84.2
20260813T001901Z,25.6,84.6
20260813T001916Z,25.7,84.8
20260813T001931Z,25.7,84.9
20260813T001946Z,25.7,85.0
20260813T002001Z,25.7,85.2
20260813T002016Z,25.8,85.3
20260813T002031Z,25.8,85.4
20260813T002046Z,25.8,85.6
20260813T002101Z,25.8,85.8
20260813T002116Z,25.9,86.0
20260813T002131Z,25.9,86.2
20260813T002146Z,25.9,86.3
20260813T002201Z,25.9,86.5
20260813T002216Z,25.9,86.7
20260813T002231Z,25.9,86.9
20260813T002246Z,25.9,87.0
20260813T002301Z,26.0,87.1
20260813T002316Z,26.0,87.2
20260813T002331Z,26.0,87.5
20260813T002346Z,26.0,87.6
20260813T002401Z,26.0,87.7
20260813T002416Z,26.0,87.8
20260813T002431Z,26.1,88.0
20260813T002446Z,26.1,88.1
20260813T002501Z,26.1,88.2
20260813T002516Z,26.1,88.2
20260813T002531Z,26.1,88.5
20260813T002546Z,26.1,88.5
20260813T002601Z,26.2,88.8
20260813T002616Z,26.2,88.7
20260813T002631Z,26.2,89.0
20260813T002646Z,26.2,88.9
20260813T002701Z,26.2,89.0
20260813T002716Z,26.2,89.3
20260813T002731Z,26.2,89.3
20260813T002746Z,26.2,89.5
20260813T002801Z,26.2,89.6
20260813T002816Z,26.2,89.6
20260813T002831Z,26.3,89.7
20260813T002846Z,26.3,89.8
20260813T002901Z,26.3,89.8
20260813T002916Z,26.3,89.9
20260813T002931Z,26.3,90.0
20260813T002946Z,26.3,90.1
20260813T003001Z,26.3,90.1
20260813T003016Z,26.3,90.1
20260813T003031Z,26.3,90.4
20260813T003046Z,26.4,90.4
20260813T003101Z,26.4,90.4
20260813T003116Z,26.4,90.5
20260813T003131Z,26.4,90.5
20260813T003146Z,26.4,90.6
20260813T003201Z,26.4,90.7
20260813T003216Z,26.4,90.7
20260813T003231Z,26.5,90.7
20260813T003246Z,26.5,90.7
20260813T003301Z,26.5,90.8
20260813T003316Z,26.5,90.8
20260813T003331Z,26.5,90.9
20260813T003346Z,26.5,90.8
20260813T003401Z,26.5,90.9
20260813T003416Z,26.5,90.9
20260813T003431Z,26.5,90.8
20260813T003446Z,26.5,90.9
20260813T003501Z,26.5,90.9
20260813T003516Z,26.6,91.0
20260813T003531Z,26.6,91.0
20260813T003546Z,26.6,91.0
20260813T003601Z,26.6,91.0
20260813T003616Z,26.6,91.1
20260813T003631Z,26.6,91.0
20260813T003646Z,26.6,91.1
20260813T003701Z,26.6,91.0
20260813T003716Z,26.6,90.2
20260813T003731Z,26.6,89.5
20260813T003746Z,26.6,88.5
20260813T003801Z,26.6,87.9
20260813T003816Z,26.6,87.6
20260813T003831Z,26.5,85.9
20260813T003846Z,26.5,85.9
20260813T003901Z,26.5,85.6
20260813T003916Z,26.4,85.2
20260813T003931Z,26.4,84.5
20260813T003946Z,26.4,84.0
20260813T004001Z,26.4,83.2
20260813T004016Z,26.3,82.7
20260813T004031Z,26.3,81.9
20260813T004046Z,26.3,81.5
20260813T004101Z,26.2,80.8
20260813T004116Z,26.2,80.6
20260813T004131Z,26.1,79.6
20260813T004146Z,26.1,78.9
20260813T004201Z,26.1,77.9
20260813T004216Z,26.0,77.4
20260813T004231Z,25.9,77.1
20260813T004246Z,25.9,76.5
20260813T004301Z,25.8,78.0
20260813T004316Z,25.8,79.3
20260813T004331Z,25.8,80.3
20260813T004346Z,25.8,80.9
20260813T004401Z,25.8,81.3
20260813T004416Z,25.8,81.5
20260813T004431Z,25.8,81.8
20260813T004446Z,25.8,81.8
20260813T004501Z,25.8,82.2
20260813T004516Z,25.8,82.3
20260813T004531Z,25.8,82.2
20260813T004546Z,25.8,82.8
20260813T004601Z,25.8,82.8
20260813T004616Z,25.8,83.2
20260813T004631Z,25.8,83.5
20260813T004646Z,25.8,83.7
20260813T004701Z,25.9,83.7
20260813T004716Z,25.9,84.1
20260813T004731Z,25.9,84.2
20260813T004746Z,25.9,84.6
20260813T004801Z,25.9,84.8
20260813T004816Z,25.9,84.9
20260813T004831Z,25.9,85.0
20260813T004846Z,26.0,85.4
20260813T004901Z,26.0,85.7
20260813T004916Z,26.0,85.8
20260813T004931Z,26.0,86.0
20260813T004946Z,26.0,86.2
20260813T005001Z,26.0,86.4
20260813T005016Z,26.1,86.4
20260813T005031Z,26.1,86.7
20260813T005046Z,26.1,86.8
20260813T005101Z,26.1,87.0
20260813T005116Z,26.1,87.3
20260813T005131Z,26.1,87.3
20260813T005146Z,26.1,87.6
20260813T005201Z,26.1,87.6
20260813T005216Z,26.1,87.8
20260813T005231Z,26.2,87.8
20260813T005246Z,26.2,88.1
20260813T005301Z,26.2,88.3
20260813T005316Z,26.2,88.5
20260813T005331Z,26.2,88.6
20260813T005346Z,26.2,88.7
20260813T005401Z,26.2,88.9
20260813T005416Z,26.2,88.9
20260813T005431Z,26.2,89.2
20260813T005446Z,26.3,89.3
20260813T005501Z,26.3,89.4
20260813T005516Z,26.3,89.4
20260813T005531Z,26.3,89.6
20260813T005546Z,26.3,89.8
20260813T005601Z,26.3,89.8
20260813T005616Z,26.3,90.0
20260813T005631Z,26.3,90.1
20260813T005646Z,26.3,90.2
20260813T005701Z,26.4,90.2
20260813T005716Z,26.4,90.3
20260813T005731Z,26.4,90.2
20260813T005746Z,26.4,90.4
20260813T005801Z,26.4,90.4
20260813T005816Z,26.4,90.3
20260813T005831Z,26.4,90.5
20260813T005846Z,26.4,90.5
20260813T005901Z,26.5,90.6
20260813T005916Z,26.5,90.6
20260813T005931Z,26.5,90.6
20260813T005946Z,26.5,90.7
20260813T010001Z,26.5,90.7
20260813T010016Z,26.5,90.8
20260813T010031Z,26.5,90.9
20260813T010046Z,26.6,90.9
20260813T010101Z,26.6,90.9
20260813T010116Z,26.6,89.9
20260813T010131Z,26.6,89.6
20260813T010146Z,26.6,88.2
20260813T010201Z,26.6,87.9
20260813T010216Z,26.5,87.4
20260813T010231Z,26.5,86.3
20260813T010246Z,26.5,86.0
20260813T010301Z,26.5,85.8
20260813T010316Z,26.5,84.6
20260813T010331Z,26.5,84.4
20260813T010347Z,26.5,83.7
20260813T010401Z,26.4,83.2
20260813T010417Z,26.4,82.6
20260813T010432Z,26.4,81.9
20260813T010447Z,26.3,80.9
20260813T010502Z,26.3,79.9
20260813T010517Z,26.2,79.1
20260813T010532Z,26.2,78.3
20260813T010547Z,26.2,79.1
20260813T010602Z,26.2,77.7
20260813T010617Z,26.1,77.1
20260813T010632Z,26.0,76.8
20260813T010647Z,26.0,76.7
20260813T010702Z,26.0,76.5
20260813T010717Z,25.9,76.6
20260813T010732Z,25.9,76.1
20260813T010747Z,25.9,74.8
20260813T010802Z,25.8,74.2
20260813T010817Z,25.8,74.6
20260813T010832Z,25.8,75.9
20260813T010847Z,25.8,77.0
20260813T010902Z,25.8,78.0
20260813T010917Z,25.8,78.7
20260813T010932Z,25.8,79.1
20260813T010947Z,25.8,79.2
20260813T011002Z,25.8,79.8
20260813T011017Z,25.8,79.8
20260813T011032Z,25.8,80.1
20260813T011047Z,25.9,80.4
20260813T011102Z,25.9,80.6
20260813T011117Z,25.9,81.0
20260813T011132Z,25.9,81.3
20260813T011147Z,25.9,81.6
20260813T011202Z,25.9,81.8
20260813T011217Z,25.9,82.2
20260813T011232Z,26.0,82.4
20260813T011247Z,26.0,82.6
20260813T011302Z,26.0,82.9
20260813T011317Z,26.0,83.0
20260813T011332Z,26.0,83.2
20260813T011347Z,26.0,83.5
20260813T011402Z,26.1,83.9
20260813T011417Z,26.1,83.9
20260813T011432Z,26.1,84.2
20260813T011447Z,26.1,84.4
20260813T011502Z,26.1,84.7
20260813T011517Z,26.1,84.7
20260813T011532Z,26.1,85.0
20260813T011547Z,26.2,85.2
20260813T011602Z,26.2,85.6
20260813T011617Z,26.2,85.6
20260813T011632Z,26.2,85.9
20260813T011647Z,26.2,86.0
20260813T011702Z,26.2,86.2
20260813T011717Z,26.2,86.4
20260813T011732Z,26.3,86.5
20260813T011747Z,26.2,86.7
20260813T011802Z,26.3,87.0
20260813T011817Z,26.3,87.1
20260813T011832Z,26.3,87.3
20260813T011847Z,26.3,87.5
20260813T011902Z,26.3,87.4
20260813T011917Z,26.3,87.7
20260813T011932Z,26.3,88.0
20260813T011947Z,26.3,88.2
20260813T012002Z,26.3,88.3
20260813T012017Z,26.3,88.6
20260813T012032Z,26.4,88.7
20260813T012047Z,26.4,88.9
20260813T012102Z,26.4,89.0
20260813T012117Z,26.4,89.2
20260813T012132Z,26.4,89.2
20260813T012147Z,26.5,89.5
20260813T012202Z,26.5,89.7
20260813T012217Z,26.5,89.7
20260813T012232Z,26.5,89.7
20260813T012247Z,26.5,89.7
20260813T012302Z,26.5,89.9
20260813T012317Z,26.5,89.9
20260813T012332Z,26.5,89.9
20260813T012347Z,26.5,90.0
20260813T012402Z,26.6,89.3
20260813T012417Z,26.6,89.4
20260813T012432Z,26.6,87.8
20260813T012447Z,26.5,86.8
20260813T012502Z,26.6,86.8
20260813T012517Z,26.6,86.3
20260813T012532Z,26.5,85.8
20260813T012547Z,26.5,85.3
20260813T012602Z,26.5,84.7
20260813T012617Z,26.5,83.4
20260813T012632Z,26.5,82.9
20260813T012647Z,26.5,82.4
20260813T012702Z,26.5,81.5
20260813T012717Z,26.5,81.0
20260813T012732Z,26.4,80.6
20260813T012747Z,26.4,80.0
20260813T012802Z,26.4,78.8
20260813T012817Z,26.3,78.0
20260813T012832Z,26.3,77.9
20260813T012847Z,26.3,76.6
20260813T012902Z,26.2,76.1
20260813T012917Z,26.2,76.0
20260813T012932Z,26.1,75.3
20260813T012947Z,26.1,74.9
20260813T013002Z,26.1,74.4
20260813T013017Z,26.0,75.0
20260813T013032Z,26.0,73.8
20260813T013047Z,26.0,72.5
20260813T013102Z,25.9,72.8
20260813T013117Z,25.9,72.1
20260813T013132Z,25.8,72.4
20260813T013147Z,25.8,72.0
20260813T013202Z,25.8,71.9
20260813T013217Z,25.8,71.6
20260813T013232Z,25.7,72.6
20260813T013247Z,25.7,74.1
20260813T013302Z,25.7,74.9
20260813T013317Z,25.7,75.7
20260813T013332Z,25.7,76.3
20260813T013347Z,25.7,76.5
20260813T013402Z,25.8,77.0
20260813T013417Z,25.8,77.1
20260813T013432Z,25.8,77.5
20260813T013447Z,25.8,77.8
20260813T013502Z,25.8,78.1
20260813T013517Z,25.8,78.5
20260813T013532Z,25.8,78.7
20260813T013547Z,25.9,79.0
20260813T013602Z,25.9,79.3
20260813T013617Z,25.9,79.6
20260813T013632Z,25.9,79.9
20260813T013647Z,26.0,80.1
20260813T013702Z,26.0,80.3
20260813T013717Z,26.0,80.5
20260813T013732Z,26.0,80.8
20260813T013747Z,26.0,81.2
20260813T013802Z,26.1,81.6
20260813T013817Z,26.1,81.6
20260813T013832Z,26.1,81.7
20260813T013847Z,26.1,81.9
20260813T013902Z,26.1,82.3
20260813T013917Z,26.1,82.6
20260813T013932Z,26.2,82.6
20260813T013947Z,26.2,83.0
20260813T014002Z,26.2,83.2
20260813T014017Z,26.2,83.4
20260813T014032Z,26.2,83.6
20260813T014047Z,26.2,83.6
20260813T014102Z,26.3,83.9
20260813T014117Z,26.3,84.1
20260813T014132Z,26.3,84.2
20260813T014147Z,26.3,84.5
20260813T014202Z,26.3,84.6
20260813T014217Z,26.3,84.8
20260813T014232Z,26.4,84.6
20260813T014247Z,26.4,84.7
20260813T014302Z,26.4,85.0
20260813T014317Z,26.4,85.1
20260813T014332Z,26.4,85.2
20260813T014347Z,26.4,85.4
20260813T014402Z,26.4,85.7
20260813T014417Z,26.5,85.8
20260813T014432Z,26.5,86.0
20260813T014447Z,26.5,85.9
20260813T014502Z,26.5,86.1
20260813T014517Z,26.5,86.3
20260813T014532Z,26.5,86.4
20260813T014547Z,26.5,86.6
20260813T014602Z,26.5,86.8
20260813T014617Z,26.5,86.7
20260813T014632Z,26.5,87.0
20260813T014647Z,26.6,87.0
20260813T014702Z,26.6,87.1
20260813T014717Z,26.6,87.1
20260813T014732Z,26.6,87.3
20260813T014747Z,26.6,87.4
20260813T014802Z,26.6,87.4
20260813T014817Z,26.6,87.5
20260813T014832Z,26.6,87.7
20260813T014847Z,26.6,87.7
20260813T014902Z,26.7,87.8
20260813T014917Z,26.7,87.8
20260813T014932Z,26.7,87.9
20260813T014947Z,26.7,87.8
20260813T015002Z,26.7,87.1
20260813T015017Z,26.7,87.2
20260813T015032Z,26.7,85.4
20260813T015047Z,26.7,84.0
20260813T015102Z,26.7,83.5
20260813T015117Z,26.7,83.0
20260813T015132Z,26.7,81.9
20260813T015147Z,26.6,81.3
20260813T015202Z,26.6,80.3
20260813T015217Z,26.5,80.0
20260813T015232Z,26.5,79.6
20260813T015247Z,26.4,79.7
20260813T015302Z,26.4,78.1
20260813T015317Z,26.3,77.4
20260813T015332Z,26.3,76.3
20260813T015347Z,26.2,77.2
20260813T015402Z,26.1,76.3
20260813T015417Z,26.1,75.7
20260813T015432Z,26.0,75.1
20260813T015447Z,26.0,75.1
20260813T015502Z,25.9,74.8
20260813T015517Z,25.8,73.6
20260813T015532Z,25.8,73.1
20260813T015547Z,25.7,73.1
20260813T015602Z,25.7,74.2
20260813T015617Z,25.7,75.5
20260813T015632Z,25.6,76.8
20260813T015647Z,25.6,77.5
20260813T015702Z,25.6,77.9
20260813T015717Z,25.6,78.4
20260813T015732Z,25.6,78.8
20260813T015747Z,25.6,79.1
20260813T015802Z,25.7,79.4
20260813T015817Z,25.7,79.7
20260813T015832Z,25.7,79.8
20260813T015847Z,25.7,80.0
20260813T015902Z,25.8,80.5
20260813T015917Z,25.8,80.7
20260813T015932Z,25.8,81.0
20260813T015947Z,25.9,81.2
20260813T020002Z,25.9,81.4
20260813T020017Z,25.9,81.6
20260813T020032Z,25.9,81.9
20260813T020047Z,26.0,82.1
20260813T020102Z,26.0,82.2
20260813T020117Z,26.0,82.5
20260813T020132Z,26.0,82.7
20260813T020147Z,26.1,82.7
20260813T020202Z,26.1,82.9
20260813T020217Z,26.1,83.3
20260813T020232Z,26.1,83.4
20260813T020247Z,26.1,83.6
20260813T020302Z,26.2,83.7
20260813T020317Z,26.2,83.8
20260813T020332Z,26.2,84.2
20260813T020347Z,26.2,84.2
20260813T020402Z,26.2,84.4
20260813T020417Z,26.3,84.7
20260813T020432Z,26.3,84.7
20260813T020447Z,26.3,84.8
20260813T020502Z,26.3,84.9
20260813T020517Z,26.3,85.0
20260813T020532Z,26.4,85.0
20260813T020547Z,26.4,85.1
20260813T020602Z,26.4,85.2
20260813T020617Z,26.4,85.3
20260813T020632Z,26.4,85.4
20260813T020647Z,26.4,85.4
20260813T020702Z,26.4,85.6
20260813T020717Z,26.5,85.6
20260813T020732Z,26.5,85.8
20260813T020747Z,26.5,85.9
20260813T020802Z,26.5,86.1
20260813T020817Z,26.5,86.1
20260813T020832Z,26.6,86.2
20260813T020847Z,26.6,86.2
20260813T020902Z,26.6,86.3
20260813T020917Z,26.6,86.3
20260813T020932Z,26.6,86.4
20260813T020947Z,26.6,86.5
20260813T021002Z,26.6,86.5
20260813T021017Z,26.7,86.6
20260813T021032Z,26.7,86.6
20260813T021047Z,26.7,86.7
20260813T021102Z,26.7,86.8
20260813T021117Z,26.7,86.8
20260813T021132Z,26.7,86.8
20260813T021147Z,26.7,86.9
20260813T021202Z,26.8,86.8
20260813T021217Z,26.8,86.7
20260813T021232Z,26.8,85.0
20260813T021247Z,26.7,84.5
20260813T021302Z,26.7,83.7
20260813T021317Z,26.7,83.5
20260813T021332Z,26.7,82.6
20260813T021347Z,26.6,81.7
20260813T021402Z,26.6,81.0
20260813T021417Z,26.6,80.0
20260813T021432Z,26.5,80.3
20260813T021447Z,26.4,79.5
20260813T021502Z,26.4,79.1
20260813T021517Z,26.4,78.3
20260813T021532Z,26.3,77.4
20260813T021547Z,26.2,76.5
20260813T021602Z,26.2,76.1
20260813T021617Z,26.1,75.8
20260813T021632Z,26.0,75.8
20260813T021647Z,26.0,75.6
20260813T021702Z,25.9,75.1
20260813T021717Z,25.9,74.7
20260813T021732Z,25.8,74.3
20260813T021747Z,25.8,73.7
20260813T021802Z,25.8,73.3
20260813T021817Z,25.7,73.2
20260813T021832Z,25.7,74.2
20260813T021847Z,25.7,75.2
20260813T021902Z,25.7,76.1
20260813T021917Z,25.7,76.4
20260813T021932Z,25.7,77.1
20260813T021947Z,25.7,77.3
20260813T022002Z,25.7,77.6
20260813T022017Z,25.8,78.0
20260813T022032Z,25.8,78.1
20260813T022047Z,25.8,78.4
20260813T022102Z,25.9,78.7
20260813T022117Z,25.9,78.8
20260813T022132Z,25.9,79.1
20260813T022147Z,25.9,79.3
20260813T022202Z,26.0,79.5
20260813T022217Z,26.0,79.7
20260813T022232Z,26.0,79.6
20260813T022247Z,26.0,79.7
20260813T022302Z,26.1,80.0
20260813T022317Z,26.1,80.4
20260813T022332Z,26.1,80.7
20260813T022347Z,26.1,81.0
20260813T022402Z,26.1,81.1
20260813T022417Z,26.1,81.2
20260813T022432Z,26.2,81.4
20260813T022447Z,26.2,81.7
20260813T022502Z,26.2,82.0
20260813T022517Z,26.2,82.2
20260813T022532Z,26.2,82.3
20260813T022547Z,26.2,82.5
20260813T022602Z,26.3,82.6
20260813T022617Z,26.3,82.8
20260813T022632Z,26.3,83.0
20260813T022647Z,26.3,83.2
20260813T022702Z,26.3,83.2
20260813T022717Z,26.3,83.5
20260813T022732Z,26.4,83.6
20260813T022747Z,26.4,83.7
20260813T022802Z,26.4,83.9
20260813T022817Z,26.4,84.1
20260813T022832Z,26.4,84.3
20260813T022847Z,26.4,84.4
20260813T022902Z,26.4,84.4
20260813T022917Z,26.5,84.4
20260813T022932Z,26.5,84.6
20260813T022947Z,26.5,84.6
20260813T023002Z,26.5,84.6
20260813T023017Z,26.5,84.5
20260813T023032Z,26.5,84.6
20260813T023047Z,26.6,84.7
20260813T023102Z,26.6,84.9
20260813T023117Z,26.6,85.0
20260813T023132Z,26.6,85.0
20260813T023147Z,26.6,85.0
20260813T023202Z,26.6,85.1
20260813T023217Z,26.7,85.1
20260813T023232Z,26.7,85.3
20260813T023247Z,26.7,85.3
20260813T023302Z,26.7,85.3
20260813T023317Z,26.7,85.3
20260813T023332Z,26.8,85.3
20260813T023347Z,26.8,85.3
20260813T023402Z,26.8,85.4
20260813T023417Z,26.8,85.4
20260813T023432Z,26.8,85.5
20260813T023447Z,26.8,84.8
20260813T023502Z,26.8,83.8
20260813T023517Z,26.8,83.0
20260813T023532Z,26.8,82.3
20260813T023547Z,26.8,81.9
20260813T023602Z,26.8,81.4
20260813T023617Z,26.8,80.6
20260813T023632Z,26.7,78.9
20260813T023647Z,26.7,78.7
20260813T023702Z,26.6,78.5
20260813T023717Z,26.5,78.2
20260813T023732Z,26.5,77.4
20260813T023747Z,26.4,77.3
20260813T023802Z,26.4,76.9
20260813T023817Z,26.3,75.6
20260813T023832Z,26.3,75.0
20260813T023847Z,26.2,74.7
20260813T023902Z,26.1,74.3
20260813T023917Z,26.1,74.7
20260813T023932Z,26.0,73.6
20260813T023947Z,26.0,73.6
20260813T024002Z,25.9,73.2
20260813T024017Z,25.9,72.9
20260813T024032Z,25.8,72.3
20260813T024047Z,25.8,72.6
20260813T024102Z,25.8,73.9
20260813T024117Z,25.7,75.1
20260813T024132Z,25.7,75.9
20260813T024147Z,25.7,76.6
20260813T024202Z,25.7,76.9
20260813T024217Z,25.7,77.3
20260813T024232Z,25.7,77.6
20260813T024247Z,25.7,77.8
20260813T024302Z,25.8,78.1
20260813T024317Z,25.8,78.4
20260813T024332Z,25.8,78.8
20260813T024347Z,25.8,79.0
20260813T024402Z,25.9,79.3
20260813T024417Z,25.9,79.5
20260813T024432Z,25.9,79.8
20260813T024447Z,25.9,80.0
20260813T024502Z,26.0,80.3
20260813T024517Z,26.0,80.4
20260813T024532Z,26.0,80.6
20260813T024547Z,26.0,81.0
20260813T024602Z,26.0,81.2
20260813T024617Z,26.1,81.4
20260813T024632Z,26.1,81.5
20260813T024647Z,26.1,81.6
20260813T024702Z,26.1,81.9
20260813T024717Z,26.1,82.3
20260813T024732Z,26.1,82.4
20260813T024747Z,26.2,82.7
20260813T024802Z,26.2,82.6
20260813T024817Z,26.2,83.0
20260813T024832Z,26.2,83.1
20260813T024847Z,26.2,83.2
20260813T024902Z,26.2,83.4
20260813T024917Z,26.2,83.5
20260813T024932Z,26.3,83.8
20260813T024947Z,26.3,83.8
20260813T025002Z,26.3,84.0
20260813T025017Z,26.3,84.0
20260813T025032Z,26.3,84.2
20260813T025047Z,26.3,84.3
20260813T025102Z,26.3,84.5
20260813T025117Z,26.4,84.6
20260813T025132Z,26.4,84.7
20260813T025147Z,26.4,84.7
20260813T025202Z,26.4,84.8
20260813T025217Z,26.4,84.8
20260813T025232Z,26.4,85.0
20260813T025247Z,26.4,85.0
20260813T025302Z,26.4,85.0
20260813T025317Z,26.5,85.1
20260813T025332Z,26.5,85.2
20260813T025347Z,26.5,85.3
20260813T025402Z,26.5,85.3
20260813T025417Z,26.5,85.3
20260813T025432Z,26.5,85.4
20260813T025447Z,26.6,85.5
20260813T025502Z,26.6,85.5
20260813T025517Z,26.6,85.5
20260813T025532Z,26.6,85.6
20260813T025547Z,26.6,85.5
20260813T025602Z,26.7,85.6
20260813T025617Z,26.7,85.6
20260813T025632Z,26.7,85.7
20260813T025647Z,26.7,85.6
20260813T025702Z,26.7,85.7
20260813T025717Z,26.7,85.8
20260813T025732Z,26.8,85.3
20260813T025747Z,26.8,85.4
20260813T025802Z,26.8,83.3
20260813T025817Z,26.7,82.9
20260813T025832Z,26.7,82.6
20260813T025847Z,26.7,82.1
20260813T025902Z,26.7,81.7
20260813T025917Z,26.7,81.6
20260813T025932Z,26.7,80.4
20260813T025947Z,26.7,79.7
20260813T030002Z,26.6,78.8
20260813T030017Z,26.6,78.1
20260813T030032Z,26.6,77.5
20260813T030047Z,26.5,77.0
20260813T030102Z,26.5,76.0
20260813T030117Z,26.5,75.2
20260813T030132Z,26.4,75.2
20260813T030147Z,26.4,74.5
20260813T030202Z,26.4,73.9
20260813T030217Z,26.3,73.5
20260813T030232Z,26.3,72.4
20260813T030247Z,26.2,71.5
20260813T030302Z,26.2,71.0
20260813T030317Z,26.1,70.8
20260813T030332Z,26.1,70.5
20260813T030347Z,26.0,70.0
20260813T030402Z,26.0,70.8
20260813T030417Z,25.9,72.1
20260813T030432Z,25.9,73.3
20260813T030447Z,25.9,74.3
20260813T030502Z,25.9,74.7
20260813T030517Z,25.9,75.0
20260813T030532Z,25.9,75.4
20260813T030547Z,25.9,75.7
20260813T030602Z,25.9,76.0
20260813T030617Z,26.0,76.5
20260813T030632Z,26.0,76.7
20260813T030647Z,26.0,77.0
20260813T030702Z,26.0,77.2
20260813T030717Z,26.0,77.5
20260813T030732Z,26.0,77.7
20260813T030747Z,26.0,78.2
20260813T030802Z,26.1,78.5
20260813T030817Z,26.1,78.8
20260813T030832Z,26.1,79.1
20260813T030847Z,26.1,79.4
20260813T030902Z,26.1,79.5
20260813T030917Z,26.1,79.8
20260813T030932Z,26.1,80.1
20260813T030947Z,26.2,80.5
20260813T031002Z,26.1,80.6
20260813T031017Z,26.2,80.9
20260813T031032Z,26.2,81.1
20260813T031047Z,26.2,81.3
20260813T031102Z,26.2,81.6
20260813T031117Z,26.2,81.7
20260813T031132Z,26.2,81.8
20260813T031147Z,26.2,82.0
20260813T031202Z,26.2,82.1
20260813T031217Z,26.3,82.5
20260813T031232Z,26.3,82.6
20260813T031247Z,26.3,82.9
20260813T031302Z,26.3,82.8
20260813T031317Z,26.3,83.1
20260813T031332Z,26.3,83.4
20260813T031347Z,26.3,83.4
20260813T031402Z,26.4,83.5
20260813T031417Z,26.4,83.6
20260813T031432Z,26.4,83.8
20260813T031447Z,26.4,84.0
20260813T031502Z,26.4,84.0
20260813T031517Z,26.4,84.1
20260813T031532Z,26.4,84.2
20260813T031547Z,26.4,84.3
20260813T031602Z,26.5,84.4
20260813T031617Z,26.5,84.4
20260813T031632Z,26.5,84.6
20260813T031647Z,26.5,84.6
20260813T031702Z,26.5,84.7
20260813T031717Z,26.5,84.8
20260813T031732Z,26.5,84.8
20260813T031747Z,26.5,84.8
20260813T031802Z,26.5,84.9
20260813T031817Z,26.6,85.0
20260813T031832Z,26.6,85.0
20260813T031847Z,26.6,85.0
20260813T031902Z,26.6,85.0
20260813T031917Z,26.7,85.0
20260813T031932Z,26.7,84.9
20260813T031947Z,26.7,85.0
20260813T032002Z,26.7,85.0
20260813T032017Z,26.7,85.1
20260813T032032Z,26.7,85.1
20260813T032047Z,26.7,85.1
20260813T032102Z,26.8,85.1
20260813T032117Z,26.8,85.1
20260813T032132Z,26.8,84.4
20260813T032147Z,26.8,84.3
20260813T032202Z,26.8,82.3
20260813T032217Z,26.8,82.1
20260813T032232Z,26.8,82.1
20260813T032247Z,26.7,81.7
20260813T032302Z,26.7,81.0
20260813T032317Z,26.7,79.5
20260813T032332Z,26.7,79.4
20260813T032347Z,26.7,79.1
20260813T032402Z,26.6,78.5
20260813T032417Z,26.6,76.8
20260813T032432Z,26.6,76.6
20260813T032447Z,26.5,75.9
20260813T032502Z,26.5,75.6
20260813T032517Z,26.4,75.2
20260813T032532Z,26.4,74.8
20260813T032547Z,26.4,74.2
20260813T032602Z,26.3,73.7
20260813T032617Z,26.3,72.7
20260813T032632Z,26.2,72.1
20260813T032647Z,26.2,71.7
20260813T032702Z,26.1,71.5
20260813T032717Z,26.1,70.5
20260813T032732Z,26.1,69.7
20260813T032747Z,26.0,69.9
20260813T032802Z,26.0,70.9
20260813T032817Z,25.9,72.0
20260813T032832Z,25.9,73.4
20260813T032847Z,25.9,74.1
20260813T032902Z,25.9,74.5
20260813T032917Z,25.9,74.8
20260813T032932Z,25.9,75.0
20260813T032947Z,26.0,75.5
20260813T033002Z,26.0,75.9
20260813T033017Z,26.0,76.1
20260813T033032Z,26.0,76.5
20260813T033047Z,26.0,76.8
20260813T033102Z,26.0,77.2
20260813T033117Z,26.0,77.4
20260813T033132Z,26.0,77.7
20260813T033147Z,26.0,78.0
20260813T033202Z,26.1,78.3
20260813T033217Z,26.1,78.6
20260813T033232Z,26.1,78.9
20260813T033247Z,26.1,79.2
20260813T033302Z,26.1,79.5
20260813T033317Z,26.1,79.5
20260813T033332Z,26.1,80.0
20260813T033347Z,26.1,80.0
20260813T033402Z,26.2,80.4
20260813T033417Z,26.2,80.5
20260813T033432Z,26.2,80.7
20260813T033447Z,26.2,80.8
20260813T033502Z,26.2,80.8
20260813T033517Z,26.2,80.9
20260813T033532Z,26.2,81.0
20260813T033547Z,26.3,81.2
20260813T033602Z,26.3,81.2
20260813T033617Z,26.3,81.4
20260813T033632Z,26.3,81.5
20260813T033647Z,26.3,81.7
20260813T033702Z,26.3,81.7
20260813T033717Z,26.3,81.7
20260813T033732Z,26.3,81.7
20260813T033747Z,26.3,82.1
20260813T033802Z,26.3,81.9
20260813T033817Z,26.4,81.9
20260813T033832Z,26.4,82.2
20260813T033847Z,26.4,82.3
20260813T033902Z,26.4,82.3
20260813T033917Z,26.4,82.4
20260813T033932Z,26.5,82.5
20260813T033947Z,26.5,82.5
20260813T034002Z,26.5,82.6
20260813T034017Z,26.5,82.7
20260813T034032Z,26.5,82.8
20260813T034047Z,26.5,82.8
20260813T034102Z,26.5,82.9
20260813T034117Z,26.6,83.0
20260813T034132Z,26.6,83.1
20260813T034147Z,26.6,83.1
20260813T034202Z,26.6,83.1
20260813T034217Z,26.6,83.2
20260813T034232Z,26.7,83.2
20260813T034247Z,26.7,83.3
20260813T034302Z,26.7,83.3
20260813T034317Z,26.7,83.3
20260813T034332Z,26.7,83.4
20260813T034347Z,26.7,83.4
20260813T034402Z,26.7,83.4
20260813T034417Z,26.8,83.5
20260813T034432Z,26.8,83.5
20260813T034447Z,26.8,83.0
20260813T034502Z,26.8,82.5
20260813T034517Z,26.8,81.2
20260813T034532Z,26.8,80.9
20260813T034547Z,26.7,80.2
20260813T034602Z,26.7,79.1
20260813T034617Z,26.7,79.0
20260813T034632Z,26.6,78.5
20260813T034647Z,26.6,77.5
20260813T034702Z,26.5,76.8
20260813T034717Z,26.5,76.8
20260813T034732Z,26.4,76.2
20260813T034747Z,26.4,75.9
20260813T034802Z,26.3,75.4
20260813T034817Z,26.3,75.0
20260813T034832Z,26.3,73.6
20260813T034847Z,26.2,73.6
20260813T034902Z,26.2,73.6
20260813T034917Z,26.1,72.5
20260813T034932Z,26.1,72.1
20260813T034947Z,26.0,71.8
20260813T035002Z,26.0,71.1
20260813T035017Z,25.9,70.6
20260813T035032Z,25.8,70.5
20260813T035047Z,25.8,70.3
20260813T035102Z,25.8,70.6
20260813T035117Z,25.7,71.3
20260813T035132Z,25.7,72.5
20260813T035147Z,25.7,73.8
20260813T035202Z,25.7,74.5
20260813T035217Z,25.7,74.9
20260813T035232Z,25.8,75.3
20260813T035247Z,25.8,75.5
20260813T035302Z,25.8,75.7
20260813T035317Z,25.8,76.1
20260813T035332Z,25.8,76.4
20260813T035347Z,25.8,76.7
20260813T035402Z,25.9,77.1
20260813T035417Z,25.9,77.4
20260813T035432Z,25.9,77.7
20260813T035447Z,25.9,78.1
20260813T035502Z,25.9,78.3
20260813T035517Z,25.9,78.5
20260813T035532Z,26.0,78.7
20260813T035547Z,26.0,78.8
20260813T035602Z,26.0,79.3
20260813T035617Z,26.0,79.5
20260813T035632Z,26.1,79.7
20260813T035647Z,26.1,79.9
20260813T035702Z,26.1,80.3
20260813T035717Z,26.1,80.4
20260813T035732Z,26.1,80.7
20260813T035747Z,26.2,80.9
20260813T035802Z,26.2,81.0
20260813T035817Z,26.2,81.4
20260813T035832Z,26.2,81.3
20260813T035847Z,26.2,81.6
20260813T035902Z,26.3,81.8
20260813T035917Z,26.3,81.9
20260813T035932Z,26.3,82.1
20260813T035947Z,26.3,82.3
20260813T040002Z,26.3,82.6
20260813T040017Z,26.3,82.6
20260813T040032Z,26.4,82.7
20260813T040047Z,26.4,82.7
20260813T040102Z,26.4,82.9
20260813T040117Z,26.4,83.0
20260813T040132Z,26.4,83.2
20260813T040147Z,26.4,83.3
20260813T040202Z,26.5,83.4
20260813T040217Z,26.5,83.4
20260813T040232Z,26.5,83.5
20260813T040247Z,26.5,83.8
20260813T040302Z,26.5,83.7
20260813T040317Z,26.5,83.8
20260813T040332Z,26.5,83.9
20260813T040347Z,26.6,84.0
20260813T040402Z,26.6,84.0
20260813T040417Z,26.6,84.1
20260813T040432Z,26.6,84.1
20260813T040447Z,26.6,84.1
20260813T040502Z,26.7,84.1
20260813T040517Z,26.7,84.2
20260813T040532Z,26.7,84.1
20260813T040547Z,26.7,84.2
20260813T040602Z,26.7,84.3
20260813T040617Z,26.8,84.2
20260813T040632Z,26.8,84.1
20260813T040647Z,26.8,83.6
20260813T040702Z,26.8,82.0
20260813T040717Z,26.8,80.8
20260813T040732Z,26.8,80.6
20260813T040747Z,26.8,79.7
20260813T040802Z,26.7,78.9
20260813T040817Z,26.7,78.2
20260813T040832Z,26.7,77.9
20260813T040847Z,26.6,77.0
20260813T040902Z,26.6,77.1
20260813T040917Z,26.5,76.8
20260813T040932Z,26.5,76.1
20260813T040947Z,26.5,75.6
20260813T041002Z,26.4,74.6
20260813T041017Z,26.4,74.4
20260813T041032Z,26.4,73.4
20260813T041047Z,26.3,73.1
20260813T041102Z,26.3,72.4
20260813T041117Z,26.2,72.0
20260813T041132Z,26.2,71.5
20260813T041147Z,26.2,71.2
20260813T041202Z,26.1,70.8
20260813T041217Z,26.1,70.5
20260813T041232Z,26.0,69.5
20260813T041247Z,26.0,68.9
20260813T041302Z,26.0,68.7
20260813T041317Z,25.9,68.7
20260813T041332Z,25.9,69.8
20260813T041347Z,25.9,70.9
20260813T041402Z,25.9,72.3
20260813T041417Z,25.9,72.9
20260813T041432Z,25.9,73.6
20260813T041447Z,25.9,73.9
20260813T041502Z,25.9,74.3
20260813T041517Z,25.9,74.7
20260813T041532Z,25.9,75.1
20260813T041547Z,26.0,75.4
20260813T041602Z,26.0,75.9
20260813T041617Z,26.0,76.2
20260813T041632Z,26.0,76.3
20260813T041647Z,26.0,76.8
20260813T041702Z,26.1,77.2
20260813T041717Z,26.1,77.2
20260813T041732Z,26.1,77.7
20260813T041747Z,26.1,77.9
20260813T041802Z,26.1,78.2
20260813T041817Z,26.1,78.2
20260813T041832Z,26.1,78.8
20260813T041847Z,26.2,79.0
20260813T041902Z,26.2,79.2
20260813T041917Z,26.2,79.4
20260813T041932Z,26.2,79.5
20260813T041947Z,26.2,79.8
20260813T042002Z,26.2,79.9
20260813T042017Z,26.3,80.0
20260813T042032Z,26.3,80.4
20260813T042047Z,26.3,80.7
20260813T042102Z,26.3,80.9
20260813T042117Z,26.3,81.1
20260813T042132Z,26.3,81.3
20260813T042147Z,26.3,81.5
20260813T042202Z,26.4,81.5
20260813T042217Z,26.4,81.7
20260813T042232Z,26.4,81.9
20260813T042247Z,26.4,82.2
20260813T042302Z,26.4,82.3
20260813T042317Z,26.4,82.4
20260813T042332Z,26.4,82.5
20260813T042347Z,26.4,82.7
20260813T042402Z,26.5,82.8
20260813T042417Z,26.5,82.9
20260813T042432Z,26.5,82.9
20260813T042447Z,26.5,83.0
20260813T042502Z,26.5,83.1
20260813T042517Z,26.5,83.3
20260813T042532Z,26.5,83.3
20260813T042547Z,26.5,83.4
20260813T042602Z,26.6,83.4
20260813T042617Z,26.6,83.5
20260813T042632Z,26.6,83.6
20260813T042647Z,26.6,83.6
20260813T042702Z,26.6,83.6
20260813T042717Z,26.6,83.7
20260813T042732Z,26.6,83.8
20260813T042747Z,26.6,83.7
20260813T042802Z,26.7,83.9
20260813T042817Z,26.7,83.8
20260813T042832Z,26.7,83.9
20260813T042847Z,26.7,84.0
20260813T042902Z,26.7,84.0
20260813T042917Z,26.8,84.1
20260813T042932Z,26.8,84.1
20260813T042947Z,26.8,84.1
20260813T043002Z,26.8,83.4
20260813T043017Z,26.8,83.1
20260813T043032Z,26.8,81.7
20260813T043047Z,26.8,81.4
20260813T043102Z,26.7,81.1
20260813T043117Z,26.7,80.3
20260813T043132Z,26.7,79.5
20260813T043147Z,26.7,79.5
20260813T043202Z,26.6,78.5
20260813T043217Z,26.6,78.3
20260813T043232Z,26.6,77.4
20260813T043247Z,26.5,76.8
20260813T043302Z,26.5,76.7
20260813T043317Z,26.5,76.5
20260813T043332Z,26.4,75.4
20260813T043347Z,26.4,74.9
20260813T043402Z,26.4,74.1
20260813T043417Z,26.3,73.7
20260813T043432Z,26.3,72.9
20260813T043447Z,26.2,71.9
20260813T043502Z,26.2,71.9
20260813T043517Z,26.1,71.2
20260813T043532Z,26.0,70.9
20260813T043547Z,26.0,70.8
20260813T043602Z,26.0,72.0
20260813T043617Z,25.9,73.4
20260813T043632Z,25.9,74.4
20260813T043647Z,25.9,74.8
20260813T043702Z,26.0,75.1
20260813T043717Z,25.9,75.5
20260813T043732Z,25.9,75.7
20260813T043747Z,26.0,76.1
20260813T043802Z,26.0,76.3
20260813T043817Z,26.0,76.5
20260813T043832Z,26.0,76.9
20260813T043847Z,26.0,77.1
20260813T043902Z,26.1,77.4
20260813T043917Z,26.1,77.6
20260813T043932Z,26.1,78.1
20260813T043947Z,26.1,78.3
20260813T044002Z,26.1,78.5
20260813T044017Z,26.2,78.7
20260813T044032Z,26.2,79.2
20260813T044047Z,26.2,79.4
20260813T044102Z,26.2,79.6
20260813T044117Z,26.2,79.9
20260813T044132Z,26.2,80.2
20260813T044147Z,26.2,80.3
20260813T044202Z,26.3,80.5
20260813T044217Z,26.3,80.7
20260813T044232Z,26.3,81.0
20260813T044247Z,26.3,81.1
20260813T044302Z,26.3,81.4
20260813T044317Z,26.3,81.8
20260813T044332Z,26.4,81.8
20260813T044347Z,26.4,81.9
20260813T044402Z,26.4,82.0
20260813T044417Z,26.4,82.2
20260813T044432Z,26.4,82.4
20260813T044447Z,26.4,82.5
20260813T044502Z,26.5,82.7
20260813T044517Z,26.5,82.7
20260813T044532Z,26.5,82.6
20260813T044547Z,26.5,82.6
20260813T044602Z,26.5,82.7
20260813T044617Z,26.5,82.7
20260813T044632Z,26.6,82.8
20260813T044647Z,26.6,82.8
20260813T044702Z,26.6,82.8
20260813T044717Z,26.6,83.0
20260813T044732Z,26.6,83.1
20260813T044747Z,26.7,83.0
20260813T044802Z,26.7,83.2
20260813T044817Z,26.7,83.3
20260813T044832Z,26.7,83.3
20260813T044847Z,26.7,83.3
20260813T044902Z,26.7,83.3
20260813T044917Z,26.8,83.4
20260813T044932Z,26.8,83.4
20260813T044947Z,26.8,83.4
20260813T045002Z,26.8,83.5
20260813T045017Z,26.8,83.5
20260813T045032Z,26.9,83.5
20260813T045047Z,26.9,83.5
20260813T045102Z,26.9,83.5
20260813T045117Z,26.9,83.5
20260813T045132Z,26.9,83.5
20260813T045147Z,26.9,83.6
20260813T045202Z,27.0,83.6
20260813T045217Z,27.0,83.6
20260813T045232Z,27.0,83.6
20260813T045247Z,27.0,83.6
20260813T045302Z,27.0,83.5
20260813T045317Z,27.0,83.5
20260813T045332Z,27.1,83.5
20260813T045347Z,27.1,83.5
20260813T045402Z,27.1,83.4
20260813T045417Z,27.1,83.4
20260813T045432Z,27.1,83.5
20260813T045447Z,27.2,83.4
20260813T045502Z,27.2,83.5
20260813T045517Z,27.2,83.5
20260813T045532Z,27.2,83.4
20260813T045547Z,27.2,83.5
20260813T045602Z,27.2,83.4
20260813T045617Z,27.2,83.4
20260813T045632Z,27.3,83.4
20260813T045647Z,27.3,83.4
20260813T045702Z,27.3,83.3
20260813T045717Z,27.3,83.4
20260813T045732Z,27.3,83.3
20260813T045748Z,27.4,83.3
20260813T045802Z,27.4,83.3
20260813T045817Z,27.4,83.4
20260813T045832Z,27.4,83.4
20260813T045847Z,27.4,83.4
20260813T045902Z,27.4,83.3
20260813T045917Z,27.4,83.3
20260813T045932Z,27.4,83.3
20260813T045948Z,27.5,83.3
20260813T050003Z,27.5,83.3
20260813T050018Z,27.5,83.3
20260813T050033Z,27.5,83.3
20260813T050048Z,27.5,83.3
20260813T050103Z,27.5,83.2
20260813T050118Z,27.5,83.3
20260813T050133Z,27.5,83.2
20260813T050148Z,27.5,83.2
20260813T050203Z,27.5,83.2
20260813T050218Z,27.6,83.2
20260813T050233Z,27.6,83.2
20260813T050248Z,27.6,83.2
20260813T050303Z,27.6,83.2
20260813T050318Z,27.6,83.2
20260813T050333Z,27.6,83.2
20260813T050348Z,27.6,83.3
20260813T050403Z,27.6,83.2
20260813T050418Z,27.6,83.2
20260813T050433Z,27.7,83.2
20260813T050448Z,27.7,83.2
20260813T050503Z,27.7,83.2
20260813T050518Z,27.7,83.2
20260813T050533Z,27.7,83.2
20260813T050548Z,27.7,83.2
20260813T050603Z,27.7,83.2
20260813T050618Z,27.7,83.2
20260813T050633Z,27.7,83.2
20260813T050648Z,27.7,83.2
20260813T050703Z,27.7,83.2
20260813T050718Z,27.7,83.2
20260813T050733Z,27.8,83.0
20260813T050748Z,27.8,83.1
20260813T050803Z,27.7,81.8
20260813T050818Z,27.7,80.3
20260813T050833Z,27.7,80.0
20260813T050848Z,27.7,79.7
20260813T050903Z,27.6,78.9
20260813T050918Z,27.6,78.3
20260813T050933Z,27.5,78.0
20260813T050948Z,27.5,77.0
20260813T051003Z,27.4,76.8
20260813T051018Z,27.3,76.4
20260813T051033Z,27.3,76.3
20260813T051048Z,27.2,75.7
20260813T051103Z,27.1,75.6
20260813T051118Z,27.0,75.5
20260813T051133Z,27.0,75.2
20260813T051148Z,27.0,75.3
20260813T051203Z,26.9,74.1
20260813T051218Z,26.8,73.6
20260813T051233Z,26.8,72.5
20260813T051248Z,26.7,72.5
20260813T051303Z,26.7,73.8
20260813T051318Z,26.6,75.2
20260813T051333Z,26.6,76.3
20260813T051348Z,26.6,77.1
20260813T051403Z,26.6,77.4
20260813T051418Z,26.6,77.8
20260813T051433Z,26.5,78.2
20260813T051448Z,26.5,78.6
20260813T051503Z,26.5,78.9
20260813T051518Z,26.5,79.3
20260813T051533Z,26.5,79.5
20260813T051548Z,26.5,80.0
20260813T051603Z,26.5,80.2
20260813T051618Z,26.6,80.4
20260813T051633Z,26.6,80.6
20260813T051648Z,26.6,80.8
20260813T051703Z,26.6,81.1
20260813T051718Z,26.6,81.3
20260813T051733Z,26.6,81.4
20260813T051748Z,26.7,81.7
20260813T051803Z,26.7,82.0
20260813T051818Z,26.7,82.0
20260813T051833Z,26.7,82.3
20260813T051848Z,26.7,82.5
20260813T051903Z,26.7,82.7
20260813T051918Z,26.8,83.0
20260813T051933Z,26.8,83.1
20260813T051948Z,26.8,83.1
20260813T052003Z,26.8,83.2
20260813T052018Z,26.8,83.4
20260813T052033Z,26.9,83.5
20260813T052048Z,26.9,83.6
20260813T052103Z,26.9,83.8
20260813T052118Z,26.9,83.8
20260813T052133Z,26.9,83.9
20260813T052148Z,27.0,84.1
20260813T052203Z,27.0,84.0
20260813T052218Z,27.0,84.1
20260813T052233Z,27.0,84.2
20260813T052248Z,27.0,84.0
20260813T052303Z,27.1,84.2
20260813T052318Z,27.1,84.2
20260813T052333Z,27.1,84.3
20260813T052348Z,27.1,84.3
20260813T052403Z,27.1,84.4
20260813T052418Z,27.2,84.4
20260813T052433Z,27.2,84.3
20260813T052448Z,27.2,84.5
20260813T052503Z,27.2,84.5
20260813T052518Z,27.2,84.5
20260813T052533Z,27.3,84.5
20260813T052548Z,27.3,84.5
20260813T052603Z,27.3,84.5
20260813T052618Z,27.3,84.5
20260813T052633Z,27.4,84.5
20260813T052648Z,27.4,84.5
20260813T052703Z,27.4,84.5
20260813T052718Z,27.4,84.5
20260813T052733Z,27.4,84.5
20260813T052748Z,27.5,84.5
20260813T052803Z,27.5,84.5
20260813T052818Z,27.5,84.5
20260813T052833Z,27.5,84.5
20260813T052848Z,27.5,84.5
20260813T052903Z,27.6,84.4
20260813T052918Z,27.6,84.4
20260813T052933Z,27.6,84.4
20260813T052948Z,27.6,84.3
20260813T053003Z,27.6,84.2
20260813T053018Z,27.6,84.2
20260813T053033Z,27.7,84.2
20260813T053048Z,27.7,84.2
20260813T053103Z,27.7,84.1
20260813T053118Z,27.7,84.1
20260813T053133Z,27.7,84.1
20260813T053148Z,27.7,84.1
20260813T053203Z,27.8,84.1
20260813T053218Z,27.8,84.1
20260813T053233Z,27.8,84.1
20260813T053248Z,27.8,84.1
20260813T053303Z,27.8,84.1
20260813T053318Z,27.8,83.5
20260813T053333Z,27.8,83.5
20260813T053348Z,27.8,81.6
20260813T053403Z,27.8,81.1
20260813T053418Z,27.8,80.4
20260813T053433Z,27.7,80.5
20260813T053448Z,27.7,79.9
20260813T053503Z,27.6,78.8
20260813T053518Z,27.6,78.5
20260813T053533Z,27.6,77.5
20260813T053548Z,27.5,77.5
20260813T053603Z,27.5,76.6
20260813T053618Z,27.4,76.5
20260813T053633Z,27.4,76.4
20260813T053648Z,27.3,75.7
20260813T053703Z,27.3,74.6
20260813T053718Z,27.2,74.4
20260813T053733Z,27.2,74.6
20260813T053748Z,27.1,73.5
20260813T053803Z,27.1,72.3
20260813T053818Z,27.0,71.5
20260813T053833Z,27.0,71.0
20260813T053848Z,26.9,70.8
20260813T053903Z,26.8,70.3
20260813T053918Z,26.8,69.4
20260813T053933Z,26.7,71.1
20260813T053948Z,26.7,72.8
20260813T054003Z,26.7,73.8
20260813T054018Z,26.7,74.5
20260813T054033Z,26.7,74.8
20260813T054048Z,26.7,75.2
20260813T054103Z,26.7,75.6
20260813T054118Z,26.7,75.9
20260813T054133Z,26.7,76.3
20260813T054148Z,26.7,76.7
20260813T054203Z,26.7,77.0
20260813T054218Z,26.7,77.3
20260813T054233Z,26.7,77.8
20260813T054248Z,26.7,78.1
20260813T054303Z,26.8,78.3
20260813T054318Z,26.8,78.6
20260813T054333Z,26.8,78.9
20260813T054348Z,26.8,79.3
20260813T054403Z,26.8,79.6
20260813T054418Z,26.8,79.8
20260813T054433Z,26.8,79.9
20260813T054448Z,26.8,80.2
20260813T054503Z,26.9,80.5
20260813T054518Z,26.9,80.8
20260813T054533Z,26.9,80.8
20260813T054548Z,26.9,81.0
20260813T054603Z,26.9,81.3
20260813T054618Z,26.9,81.5
20260813T054633Z,26.9,81.7
20260813T054648Z,27.0,81.8
20260813T054703Z,27.0,82.0
20260813T054718Z,27.0,82.0
20260813T054733Z,27.0,82.4
20260813T054748Z,27.0,82.4
20260813T054803Z,27.0,82.6
20260813T054818Z,27.0,82.7
20260813T054833Z,27.1,82.8
20260813T054848Z,27.1,83.0
20260813T054903Z,27.1,83.1
20260813T054918Z,27.1,83.2
20260813T054933Z,27.1,83.3
20260813T054948Z,27.2,83.5
20260813T055003Z,27.2,83.5
20260813T055018Z,27.2,83.7
20260813T055033Z,27.2,83.7
20260813T055048Z,27.2,83.6
20260813T055103Z,27.3,83.8
20260813T055118Z,27.3,83.7
20260813T055133Z,27.3,83.8
20260813T055148Z,27.3,83.9
20260813T055203Z,27.4,84.0
20260813T055218Z,27.4,84.0
20260813T055233Z,27.4,84.0
20260813T055248Z,27.4,84.1
20260813T055303Z,27.4,84.1
20260813T055318Z,27.5,84.0
20260813T055333Z,27.5,84.0
20260813T055348Z,27.5,84.0
20260813T055403Z,27.5,84.0
20260813T055418Z,27.6,84.0
20260813T055433Z,27.6,84.0
20260813T055448Z,27.6,84.1
20260813T055503Z,27.6,84.0
20260813T055518Z,27.7,84.0
20260813T055533Z,27.7,84.0
20260813T055548Z,27.7,83.9
20260813T055603Z,27.7,83.9
20260813T055618Z,27.7,84.0
20260813T055633Z,27.7,83.9
20260813T055648Z,27.8,83.8
20260813T055703Z,27.8,83.8
20260813T055718Z,27.8,83.8
20260813T055733Z,27.8,83.9
20260813T055748Z,27.9,83.8
20260813T055803Z,27.9,83.5
20260813T055818Z,27.9,83.6
20260813T055833Z,27.9,81.7
20260813T055848Z,27.9,80.6
20260813T055903Z,27.8,80.2
20260813T055918Z,27.8,79.5
20260813T055933Z,27.8,78.8
20260813T055948Z,27.7,78.5
20260813T060003Z,27.7,78.2
20260813T060018Z,27.6,77.8
20260813T060033Z,27.6,76.2
20260813T060048Z,27.5,76.3
20260813T060103Z,27.4,76.1
20260813T060118Z,27.4,75.6
20260813T060133Z,27.3,75.3
20260813T060148Z,27.2,75.4
20260813T060203Z,27.2,74.4
20260813T060218Z,27.1,73.8
20260813T060233Z,27.1,73.6
20260813T060248Z,27.0,73.2
20260813T060303Z,27.0,72.8
20260813T060318Z,26.9,72.7
20260813T060333Z,26.9,72.4
20260813T060348Z,26.8,72.1
20260813T060403Z,26.8,72.3
20260813T060418Z,26.8,73.1
20260813T060433Z,26.7,74.4
20260813T060448Z,26.7,75.3
20260813T060503Z,26.7,75.5
20260813T060518Z,26.7,76.3
20260813T060533Z,26.7,76.6
20260813T060548Z,26.7,77.1
20260813T060603Z,26.6,77.4
20260813T060618Z,26.7,77.6
20260813T060633Z,26.7,78.0
20260813T060648Z,26.7,78.2
20260813T060703Z,26.7,78.4
20260813T060718Z,26.7,78.7
20260813T060733Z,26.7,79.0
20260813T060748Z,26.7,79.3
20260813T060803Z,26.8,79.6
20260813T060818Z,26.8,79.7
20260813T060833Z,26.8,79.9
20260813T060848Z,26.8,80.2
20260813T060903Z,26.8,80.5
20260813T060918Z,26.8,80.5
20260813T060933Z,26.9,80.8
20260813T060948Z,26.9,81.0
20260813T061003Z,26.9,81.0
20260813T061018Z,26.9,81.3
20260813T061033Z,26.9,81.6
20260813T061048Z,26.9,81.7
20260813T061103Z,26.9,81.8
20260813T061118Z,27.0,82.1
20260813T061133Z,27.0,82.1
20260813T061148Z,27.0,82.2
20260813T061203Z,27.0,82.4
20260813T061218Z,27.0,82.5
20260813T061233Z,27.0,82.7
20260813T061248Z,27.1,82.8
20260813T061303Z,27.1,82.9
20260813T061318Z,27.1,82.9
20260813T061333Z,27.1,83.0
20260813T061348Z,27.1,82.9
20260813T061403Z,27.1,83.0
20260813T061418Z,27.2,83.0
20260813T061433Z,27.2,82.9
20260813T061448Z,27.2,83.0
20260813T061503Z,27.2,83.1
20260813T061518Z,27.2,83.2
20260813T061533Z,27.3,83.2
20260813T061548Z,27.3,83.3
20260813T061603Z,27.3,83.3
20260813T061618Z,27.3,83.3
20260813T061633Z,27.3,83.5
20260813T061648Z,27.3,83.5
20260813T061703Z,27.3,83.5
20260813T061718Z,27.4,83.4
20260813T061733Z,27.4,83.4
20260813T061748Z,27.4,83.3
20260813T061803Z,27.4,83.4
20260813T061818Z,27.4,83.4
20260813T061833Z,27.4,83.4
20260813T061848Z,27.5,83.4
20260813T061903Z,27.5,83.4
20260813T061918Z,27.5,83.4
20260813T061933Z,27.5,83.5
20260813T061948Z,27.5,83.4
20260813T062003Z,27.5,83.4
20260813T062018Z,27.5,83.4
20260813T062033Z,27.6,83.4
20260813T062048Z,27.6,83.4
20260813T062103Z,27.6,83.5
20260813T062118Z,27.6,83.4
20260813T062133Z,27.6,83.4
20260813T062148Z,27.6,83.5
20260813T062203Z,27.6,83.5
20260813T062218Z,27.7,83.4
20260813T062233Z,27.7,83.5
20260813T062248Z,27.7,83.4
20260813T062303Z,27.7,83.5
20260813T062318Z,27.7,83.5
20260813T062333Z,27.7,83.5
20260813T062348Z,27.7,83.5
20260813T062403Z,27.8,83.4
20260813T062418Z,27.8,83.4
20260813T062433Z,27.8,83.4
20260813T062448Z,27.8,83.4
20260813T062503Z,27.8,83.5
20260813T062518Z,27.8,83.4
20260813T062533Z,27.8,83.0
20260813T062548Z,27.8,83.1
20260813T062603Z,27.8,80.9
20260813T062618Z,27.8,80.3
20260813T062633Z,27.8,80.2
20260813T062648Z,27.7,79.7
20260813T062703Z,27.7,79.4
20260813T062718Z,27.6,78.3
20260813T062733Z,27.6,77.4
20260813T062748Z,27.5,77.3
20260813T062803Z,27.5,76.9
20260813T062818Z,27.4,76.1
20260813T062833Z,27.4,75.2
20260813T062848Z,27.3,75.1
20260813T062903Z,27.2,74.1
20260813T062918Z,27.1,73.5
20260813T062933Z,27.1,73.2
20260813T062948Z,27.0,73.2
20260813T063003Z,26.9,72.5
20260813T063018Z,26.9,71.7
20260813T063033Z,26.8,71.8
20260813T063048Z,26.7,71.9
20260813T063103Z,26.7,73.0
20260813T063118Z,26.6,74.7
20260813T063133Z,26.6,75.5
20260813T063148Z,26.6,76.3
20260813T063203Z,26.6,76.9
20260813T063218Z,26.5,77.2
20260813T063233Z,26.5,77.5
20260813T063248Z,26.5,78.0
20260813T063303Z,26.5,78.3
20260813T063318Z,26.5,78.6
20260813T063333Z,26.5,78.9
20260813T063348Z,26.6,79.2
20260813T063403Z,26.6,79.5
20260813T063418Z,26.6,79.7
20260813T063433Z,26.6,80.1
20260813T063448Z,26.6,80.2
20260813T063503Z,26.7,80.4
20260813T063518Z,26.7,80.8
20260813T063533Z,26.7,81.0
20260813T063548Z,26.7,81.2
20260813T063603Z,26.7,81.3
20260813T063618Z,26.7,81.4
20260813T063633Z,26.8,81.8
20260813T063648Z,26.8,81.9
20260813T063703Z,26.8,82.2
20260813T063718Z,26.8,82.2
20260813T063733Z,26.8,82.5
20260813T063748Z,26.9,82.7
20260813T063803Z,26.9,82.7
20260813T063818Z,26.9,83.0
20260813T063833Z,26.9,83.1
20260813T063848Z,26.9,83.2
20260813T063903Z,26.9,83.4
20260813T063918Z,27.0,83.6
20260813T063933Z,27.0,83.6
20260813T063948Z,27.0,83.6
20260813T064003Z,27.0,83.8
20260813T064018Z,27.0,83.8
20260813T064033Z,27.0,84.0
20260813T064048Z,27.1,84.0
20260813T064103Z,27.1,84.0
20260813T064118Z,27.1,84.1
20260813T064133Z,27.1,84.2
20260813T064148Z,27.1,84.3
20260813T064203Z,27.1,84.3
20260813T064218Z,27.2,84.4
20260813T064233Z,27.2,84.5
20260813T064248Z,27.2,84.5
20260813T064303Z,27.2,84.6
20260813T064318Z,27.2,84.7
20260813T064333Z,27.2,84.6
20260813T064348Z,27.2,84.6
20260813T064403Z,27.3,84.7
20260813T064418Z,27.3,84.7
20260813T064433Z,27.3,84.7
20260813T064448Z,27.3,84.7
20260813T064503Z,27.3,84.8
20260813T064518Z,27.4,84.7
20260813T064533Z,27.4,84.7
20260813T064548Z,27.4,84.8
20260813T064603Z,27.4,84.8
20260813T064618Z,27.4,84.8
20260813T064633Z,27.4,84.8
20260813T064648Z,27.4,84.8
20260813T064703Z,27.4,84.8
20260813T064718Z,27.4,84.9
20260813T064733Z,27.5,84.9
20260813T064748Z,27.5,84.8
20260813T064803Z,27.5,84.8
20260813T064818Z,27.5,84.8
20260813T064833Z,27.6,84.8
20260813T064848Z,27.6,84.8
20260813T064903Z,27.6,84.8
20260813T064918Z,27.6,84.8
20260813T064933Z,27.6,84.8
20260813T064948Z,27.6,84.8
20260813T065003Z,27.6,84.7
20260813T065018Z,27.6,84.7
20260813T065033Z,27.7,84.8
20260813T065048Z,27.7,84.8
20260813T065103Z,27.7,84.8
20260813T065118Z,27.7,84.8
20260813T065133Z,27.7,84.8
20260813T065148Z,27.7,84.7
20260813T065203Z,27.7,84.7
20260813T065218Z,27.8,84.8
20260813T065233Z,27.8,84.7
20260813T065248Z,27.8,84.7
20260813T065303Z,27.8,84.7
20260813T065318Z,27.8,84.7
20260813T065333Z,27.8,84.4
20260813T065348Z,27.8,84.1
20260813T065403Z,27.8,82.2
20260813T065418Z,27.8,81.9
20260813T065433Z,27.7,81.4
20260813T065448Z,27.7,80.8
20260813T065503Z,27.6,80.2
20260813T065518Z,27.6,79.5
20260813T065533Z,27.5,78.7
20260813T065548Z,27.5,78.6
20260813T065603Z,27.4,78.2
20260813T065618Z,27.3,77.1
20260813T065633Z,27.3,77.5
20260813T065648Z,27.2,76.7
20260813T065703Z,27.2,76.5
20260813T065718Z,27.1,75.7
20260813T065733Z,27.0,75.2
20260813T065748Z,27.0,74.4
20260813T065803Z,26.9,74.2
20260813T065818Z,26.9,73.2
20260813T065833Z,26.8,73.0
20260813T065848Z,26.8,73.3
20260813T065903Z,26.7,74.4
20260813T065918Z,26.7,75.6
20260813T065933Z,26.7,76.6
20260813T065948Z,26.6,77.2
20260813T070003Z,26.6,77.7
20260813T070018Z,26.6,77.9
20260813T070033Z,26.6,78.2
20260813T070048Z,26.6,78.5
20260813T070103Z,26.6,78.7
20260813T070118Z,26.6,79.0
20260813T070133Z,26.7,79.3
20260813T070148Z,26.7,79.6
20260813T070203Z,26.7,79.9
20260813T070218Z,26.7,80.0
20260813T070233Z,26.7,80.3
20260813T070248Z,26.7,80.5
20260813T070303Z,26.8,80.8
20260813T070318Z,26.8,80.9
20260813T070333Z,26.8,81.1
20260813T070348Z,26.8,81.4
20260813T070403Z,26.8,81.4
20260813T070418Z,26.8,81.7
20260813T070433Z,26.8,82.0
20260813T070448Z,26.9,82.1
20260813T070503Z,26.9,82.4
20260813T070518Z,26.9,82.5
20260813T070533Z,26.9,82.7
20260813T070548Z,26.9,82.9
20260813T070603Z,26.9,83.0
20260813T070618Z,27.0,83.2
20260813T070633Z,27.0,83.4
20260813T070648Z,27.0,83.6
20260813T070703Z,27.0,83.7
20260813T070718Z,27.0,83.7
20260813T070733Z,27.0,83.9
20260813T070748Z,27.0,84.0
20260813T070803Z,27.0,84.1
20260813T070818Z,27.0,84.2
20260813T070833Z,27.1,84.3
20260813T070848Z,27.1,84.4
20260813T070903Z,27.1,84.5
20260813T070918Z,27.1,84.6
20260813T070933Z,27.1,84.7
20260813T070948Z,27.1,84.8
20260813T071003Z,27.1,84.8
20260813T071018Z,27.2,84.9
20260813T071033Z,27.2,84.9
20260813T071048Z,27.2,85.0
20260813T071103Z,27.2,85.0
20260813T071118Z,27.2,85.1
20260813T071133Z,27.2,85.0
20260813T071148Z,27.3,85.1
20260813T071203Z,27.3,85.1
20260813T071218Z,27.3,85.2
20260813T071233Z,27.3,85.2
20260813T071248Z,27.3,85.1
20260813T071303Z,27.3,85.3
20260813T071318Z,27.4,85.3
20260813T071333Z,27.4,85.3
20260813T071348Z,27.4,85.3
20260813T071403Z,27.4,85.3
20260813T071418Z,27.4,85.3
20260813T071433Z,27.4,85.3
20260813T071448Z,27.5,85.3
20260813T071503Z,27.5,85.3
20260813T071518Z,27.5,85.3
20260813T071533Z,27.5,85.3
20260813T071548Z,27.5,85.3
20260813T071603Z,27.5,85.3
20260813T071618Z,27.6,85.3
20260813T071633Z,27.5,85.3
20260813T071648Z,27.6,85.3
20260813T071703Z,27.6,85.2
20260813T071718Z,27.6,85.3
20260813T071733Z,27.6,85.2
20260813T071748Z,27.6,85.2
20260813T071803Z,27.6,85.3
20260813T071818Z,27.7,85.2
20260813T071833Z,27.7,85.2
20260813T071848Z,27.7,85.2
20260813T071903Z,27.7,85.2
20260813T071918Z,27.7,85.1
20260813T071933Z,27.7,85.2
20260813T071948Z,27.7,85.2
20260813T072003Z,27.8,85.2
20260813T072018Z,27.8,85.2
20260813T072033Z,27.8,85.1
20260813T072048Z,27.8,85.1
20260813T072103Z,27.8,85.1
20260813T072118Z,27.8,85.1
20260813T072133Z,27.8,85.1
20260813T072148Z,27.8,85.1
20260813T072203Z,27.8,84.8
20260813T072218Z,27.8,83.5
20260813T072233Z,27.8,82.2
20260813T072248Z,27.8,82.1
20260813T072303Z,27.8,81.8
20260813T072318Z,27.7,81.1
20260813T072333Z,27.7,80.6
20260813T072348Z,27.7,80.3
20260813T072403Z,27.6,79.6
20260813T072418Z,27.6,79.0
20260813T072433Z,27.5,78.3
20260813T072448Z,27.5,77.6
20260813T072503Z,27.4,77.3
20260813T072518Z,27.4,77.1
20260813T072533Z,27.4,76.8
20260813T072548Z,27.3,75.3
20260813T072603Z,27.3,74.6
20260813T072618Z,27.2,73.9
20260813T072633Z,27.2,73.8
20260813T072648Z,27.1,73.0
20260813T072703Z,27.1,72.7
20260813T072718Z,27.0,72.3
20260813T072733Z,26.9,71.9
20260813T072748Z,26.9,72.4
20260813T072803Z,26.8,73.7
20260813T072818Z,26.8,74.8
20260813T072833Z,26.8,75.6
20260813T072848Z,26.8,75.9
20260813T072903Z,26.8,76.3
20260813T072918Z,26.8,76.6
20260813T072933Z,26.8,77.0
20260813T072948Z,26.8,77.4
20260813T073003Z,26.8,77.6
20260813T073018Z,26.8,77.9
20260813T073033Z,26.8,78.2
20260813T073048Z,26.8,78.5
20260813T073103Z,26.8,78.9
20260813T073118Z,26.8,79.0
20260813T073133Z,26.9,79.3
20260813T073148Z,26.8,79.6
20260813T073203Z,26.9,79.9
20260813T073218Z,26.9,80.0
20260813T073233Z,26.9,80.3
20260813T073248Z,26.9,80.6
20260813T073303Z,26.9,80.8
20260813T073318Z,26.9,81.1
20260813T073333Z,26.9,81.3
20260813T073348Z,27.0,81.5
20260813T073403Z,27.0,81.8
20260813T073418Z,27.0,82.0
20260813T073433Z,27.0,82.2
20260813T073448Z,27.0,82.5
20260813T073503Z,27.0,82.7
20260813T073518Z,27.0,82.8
20260813T073533Z,27.0,83.0
20260813T073548Z,27.0,83.1
20260813T073603Z,27.1,83.5
20260813T073618Z,27.0,83.6
20260813T073633Z,27.1,83.9
20260813T073648Z,27.1,83.9
20260813T073703Z,27.1,84.0
20260813T073718Z,27.1,84.2
20260813T073733Z,27.1,84.3
20260813T073748Z,27.1,84.5
20260813T073803Z,27.1,84.6
20260813T073818Z,27.1,84.6
20260813T073833Z,27.1,84.7
20260813T073848Z,27.1,84.8
20260813T073903Z,27.1,85.0
20260813T073918Z,27.2,85.2
20260813T073933Z,27.2,85.1
20260813T073948Z,27.2,85.3
20260813T074003Z,27.2,85.4
20260813T074018Z,27.2,85.3
20260813T074033Z,27.2,85.4
20260813T074048Z,27.2,85.4
20260813T074103Z,27.3,85.5
20260813T074118Z,27.3,85.6
20260813T074133Z,27.3,85.6
20260813T074148Z,27.3,85.7
20260813T074203Z,27.3,85.6
20260813T074218Z,27.3,85.7
20260813T074233Z,27.4,85.7
20260813T074248Z,27.4,85.7
20260813T074303Z,27.4,85.8
20260813T074318Z,27.4,85.7
20260813T074333Z,27.4,85.8
20260813T074348Z,27.4,85.7
20260813T074403Z,27.4,85.8
20260813T074418Z,27.5,85.8
20260813T074433Z,27.5,85.8
20260813T074448Z,27.5,85.8
20260813T074503Z,27.5,85.8
20260813T074518Z,27.5,85.8
20260813T074533Z,27.5,85.8
20260813T074548Z,27.6,85.8
20260813T074603Z,27.6,85.8
20260813T074618Z,27.6,85.8
20260813T074633Z,27.6,85.8
20260813T074648Z,27.6,85.8
20260813T074703Z,27.6,85.9
20260813T074718Z,27.6,85.8
20260813T074733Z,27.6,85.7
20260813T074748Z,27.7,85.8
20260813T074803Z,27.7,85.7
20260813T074818Z,27.7,85.8
20260813T074833Z,27.7,85.7
20260813T074848Z,27.7,85.8
20260813T074903Z,27.7,85.7
20260813T074918Z,27.7,85.7
20260813T074933Z,27.7,85.7
20260813T074948Z,27.8,85.7
20260813T075003Z,27.8,85.6
20260813T075018Z,27.8,85.7
20260813T075033Z,27.8,85.6
20260813T075048Z,27.8,85.6
20260813T075103Z,27.8,85.6
20260813T075118Z,27.8,85.4
20260813T075133Z,27.8,85.2
20260813T075148Z,27.8,83.3
20260813T075203Z,27.8,82.9
20260813T075218Z,27.8,82.4
20260813T075233Z,27.7,82.3
20260813T075248Z,27.7,81.6
20260813T075303Z,27.7,80.8
20260813T075318Z,27.6,79.7
20260813T075333Z,27.6,79.6
20260813T075348Z,27.6,78.4
20260813T075403Z,27.5,77.9
20260813T075418Z,27.5,78.2
20260813T075433Z,27.4,77.1
20260813T075448Z,27.4,76.4
20260813T075503Z,27.3,76.0
20260813T075518Z,27.3,75.1
20260813T075533Z,27.2,74.7
20260813T075548Z,27.2,74.3
20260813T075603Z,27.1,73.4
20260813T075618Z,27.1,73.3
20260813T075633Z,27.0,73.0
20260813T075648Z,26.9,72.7
20260813T075703Z,26.9,73.3
20260813T075718Z,26.9,74.5
20260813T075733Z,26.9,75.6
20260813T075748Z,26.8,76.2
20260813T075803Z,26.9,76.5
20260813T075818Z,26.8,76.9
20260813T075833Z,26.8,77.1
20260813T075848Z,26.8,77.6
20260813T075903Z,26.8,77.9
20260813T075918Z,26.8,78.2
20260813T075933Z,26.9,78.5
20260813T075948Z,26.8,78.9
20260813T080003Z,26.9,79.2
20260813T080018Z,26.9,79.4
20260813T080033Z,26.9,79.9
20260813T080048Z,26.9,80.2
20260813T080103Z,26.9,80.7
20260813T080118Z,26.9,80.8
20260813T080133Z,26.9,81.2
20260813T080148Z,26.9,81.5
20260813T080203Z,26.9,81.7
20260813T080218Z,26.9,81.8
20260813T080233Z,26.9,82.1
20260813T080248Z,26.9,82.4
20260813T080303Z,27.0,82.6
20260813T080318Z,27.0,82.9
20260813T080333Z,27.0,83.0
20260813T080348Z,27.0,83.3
20260813T080403Z,27.0,83.6
20260813T080418Z,27.0,83.7
20260813T080433Z,27.0,84.0
20260813T080448Z,27.1,84.1
20260813T080503Z,27.0,84.2
20260813T080518Z,27.1,84.4
20260813T080533Z,27.1,84.5
20260813T080548Z,27.1,84.6
20260813T080603Z,27.1,84.8
20260813T080618Z,27.1,84.9
20260813T080633Z,27.1,85.0
20260813T080648Z,27.1,85.2
20260813T080703Z,27.1,85.3
20260813T080718Z,27.1,85.4
20260813T080733Z,27.1,85.5
20260813T080748Z,27.2,85.6
20260813T080803Z,27.2,85.7
20260813T080818Z,27.2,85.8
20260813T080833Z,27.2,86.0
20260813T080848Z,27.2,86.0
20260813T080903Z,27.2,86.0
20260813T080918Z,27.2,86.0
20260813T080933Z,27.2,86.2
20260813T080948Z,27.3,86.2
20260813T081003Z,27.3,86.3
20260813T081018Z,27.3,86.3
20260813T081033Z,27.3,86.3
20260813T081048Z,27.3,86.3
20260813T081103Z,27.3,86.3
20260813T081118Z,27.3,86.5
20260813T081133Z,27.4,86.3
20260813T081148Z,27.4,86.4
20260813T081203Z,27.4,86.4
20260813T081218Z,27.4,86.4
20260813T081233Z,27.4,86.4
20260813T081248Z,27.4,86.5
20260813T081303Z,27.5,86.5
20260813T081318Z,27.5,86.5
20260813T081333Z,27.5,86.5
20260813T081348Z,27.5,86.5
20260813T081403Z,27.5,86.5
20260813T081418Z,27.5,86.5
20260813T081433Z,27.5,86.5
20260813T081448Z,27.5,86.5
20260813T081503Z,27.6,86.5
20260813T081518Z,27.6,86.5
20260813T081533Z,27.6,86.6
20260813T081548Z,27.6,86.6
20260813T081603Z,27.6,86.6
20260813T081618Z,27.6,86.6
20260813T081633Z,27.6,86.6
20260813T081648Z,27.7,86.5
20260813T081703Z,27.7,86.5
20260813T081718Z,27.7,86.5
20260813T081733Z,27.7,86.6
20260813T081748Z,27.7,86.5
20260813T081803Z,27.7,86.4
20260813T081818Z,27.7,86.3
20260813T081833Z,27.7,86.2
20260813T081848Z,27.7,86.0
20260813T081903Z,27.8,84.0
20260813T081918Z,27.7,83.5
20260813T081933Z,27.7,83.0
20260813T081948Z,27.7,82.8
20260813T082003Z,27.7,82.3
20260813T082018Z,27.6,81.4
20260813T082033Z,27.6,80.7
20260813T082048Z,27.6,80.4
20260813T082103Z,27.6,79.6
20260813T082118Z,27.5,78.4
20260813T082133Z,27.5,78.3
20260813T082148Z,27.5,77.1
20260813T082203Z,27.4,76.6
20260813T082218Z,27.4,75.8
20260813T082233Z,27.3,75.2
20260813T082248Z,27.3,74.7
20260813T082303Z,27.2,73.6
20260813T082318Z,27.1,73.1
20260813T082333Z,27.1,73.5
20260813T082348Z,27.1,72.7
20260813T082403Z,27.0,73.7
20260813T082418Z,27.0,74.6
20260813T082433Z,27.0,75.7
20260813T082448Z,27.0,76.8
20260813T082503Z,26.9,77.2
20260813T082518Z,26.9,77.7
20260813T082533Z,26.9,77.9
20260813T082548Z,26.9,78.2
20260813T082603Z,26.9,78.4
20260813T082618Z,26.9,78.6
20260813T082633Z,26.9,79.0
20260813T082648Z,26.9,79.3
20260813T082703Z,26.9,79.6
20260813T082718Z,26.9,79.6
20260813T082733Z,26.9,80.0
20260813T082748Z,26.9,79.9
20260813T082803Z,27.0,80.3
20260813T082818Z,27.0,80.5
20260813T082833Z,27.0,80.7
20260813T082848Z,27.0,80.9
20260813T082903Z,27.0,81.1
20260813T082918Z,27.0,81.4
20260813T082933Z,27.0,81.6
20260813T082948Z,27.0,81.8
20260813T083003Z,27.0,82.1
20260813T083018Z,27.0,82.3
20260813T083033Z,27.0,82.5
20260813T083048Z,27.0,82.5
20260813T083103Z,27.1,82.8
20260813T083118Z,27.1,83.0
20260813T083133Z,27.1,83.2
20260813T083148Z,27.1,83.3
20260813T083203Z,27.1,83.6
20260813T083218Z,27.1,83.9
20260813T083233Z,27.1,83.9
20260813T083248Z,27.1,84.1
20260813T083303Z,27.1,84.2
20260813T083318Z,27.2,84.3
20260813T083333Z,27.2,84.5
20260813T083348Z,27.2,84.6
20260813T083403Z,27.2,84.8
20260813T083418Z,27.2,84.8
20260813T083433Z,27.2,84.9
20260813T083448Z,27.2,84.9
20260813T083503Z,27.2,85.0
20260813T083518Z,27.2,85.1
20260813T083533Z,27.3,85.2
20260813T083548Z,27.3,85.2
20260813T083603Z,27.3,85.4
20260813T083618Z,27.3,85.3
20260813T083633Z,27.3,85.5
20260813T083648Z,27.4,85.5
20260813T083703Z,27.4,85.5
20260813T083718Z,27.4,85.6
20260813T083733Z,27.4,85.5
20260813T083748Z,27.4,85.6
20260813T083803Z,27.4,85.5
20260813T083818Z,27.5,85.6
20260813T083833Z,27.5,85.6
20260813T083848Z,27.5,85.6
20260813T083903Z,27.5,85.5
20260813T083918Z,27.5,85.6
20260813T083933Z,27.6,85.6
20260813T083948Z,27.6,85.6
20260813T084003Z,27.6,85.6
20260813T084018Z,27.6,85.6
20260813T084033Z,27.6,85.6
20260813T084048Z,27.6,85.6
20260813T084103Z,27.7,85.6
20260813T084118Z,27.7,85.6
20260813T084133Z,27.7,85.5
20260813T084148Z,27.7,85.6
20260813T084203Z,27.7,85.5
20260813T084218Z,27.8,85.5
20260813T084233Z,27.8,85.5
20260813T084248Z,27.8,85.5
20260813T084303Z,27.8,85.5
20260813T084318Z,27.8,85.5
20260813T084333Z,27.8,85.5
20260813T084348Z,27.8,85.5
20260813T084403Z,27.9,85.4
20260813T084418Z,27.9,85.3
20260813T084433Z,27.9,85.2
20260813T084448Z,27.9,85.1
20260813T084503Z,27.9,84.5
20260813T084518Z,27.9,83.2
20260813T084533Z,27.9,82.4
20260813T084548Z,27.9,82.2
20260813T084603Z,27.8,82.0
20260813T084618Z,27.8,81.7
20260813T084633Z,27.8,81.0
20260813T084648Z,27.8,80.1
20260813T084703Z,27.7,79.3
20260813T084718Z,27.7,79.0
20260813T084733Z,27.7,77.8
20260813T084748Z,27.6,77.5
20260813T084803Z,27.6,77.3
20260813T084818Z,27.5,76.6
20260813T084833Z,27.5,75.4
20260813T084848Z,27.4,75.4
20260813T084903Z,27.4,74.2
20260813T084918Z,27.3,74.1
20260813T084933Z,27.3,73.2
20260813T084948Z,27.2,72.1
20260813T085003Z,27.2,71.3
20260813T085018Z,27.1,72.0
20260813T085033Z,27.1,72.9
20260813T085048Z,27.0,73.8
20260813T085103Z,27.0,75.2
20260813T085118Z,27.0,75.8
20260813T085133Z,27.0,76.2
20260813T085148Z,27.0,76.7
20260813T085203Z,27.0,76.7
20260813T085218Z,26.9,77.1
20260813T085233Z,26.9,77.2
20260813T085248Z,26.9,77.6
20260813T085303Z,26.9,78.0
20260813T085319Z,26.9,78.2
20260813T085333Z,26.9,78.6
20260813T085348Z,27.0,78.8
20260813T085404Z,27.0,79.1
20260813T085419Z,27.0,79.4
20260813T085434Z,27.0,79.6
20260813T085449Z,27.0,79.8
20260813T085504Z,27.0,80.1
20260813T085519Z,27.0,80.3
20260813T085534Z,27.0,80.7
20260813T085549Z,27.0,80.8
20260813T085604Z,27.0,81.0
20260813T085619Z,27.0,81.3
20260813T085634Z,27.1,81.6
20260813T085649Z,27.1,81.8
20260813T085704Z,27.1,81.9
20260813T085719Z,27.1,82.0
20260813T085734Z,27.1,82.3
20260813T085749Z,27.1,82.5
20260813T085804Z,27.1,82.7
20260813T085819Z,27.1,82.8
20260813T085834Z,27.1,83.0
20260813T085849Z,27.1,83.1
20260813T085904Z,27.1,83.3
20260813T085919Z,27.1,83.4
20260813T085934Z,27.2,83.4
20260813T085949Z,27.2,83.7
20260813T090004Z,27.2,83.8
20260813T090019Z,27.2,83.9
20260813T090034Z,27.2,84.0
20260813T090049Z,27.2,84.1
20260813T090104Z,27.2,84.2
20260813T090119Z,27.2,84.2
20260813T090134Z,27.2,84.4
20260813T090149Z,27.2,84.4
20260813T090204Z,27.3,84.5
20260813T090219Z,27.3,84.6
20260813T090234Z,27.3,84.6
20260813T090249Z,27.3,84.6
20260813T090304Z,27.3,84.8
20260813T090319Z,27.3,84.8
20260813T090334Z,27.3,84.8
20260813T090349Z,27.3,84.9
20260813T090404Z,27.4,84.8
20260813T090419Z,27.4,84.9
20260813T090434Z,27.4,84.9
20260813T090449Z,27.4,84.9
20260813T090504Z,27.4,84.9
20260813T090519Z,27.4,85.0
20260813T090534Z,27.4,84.9
20260813T090549Z,27.5,85.0
20260813T090604Z,27.5,84.9
20260813T090619Z,27.5,85.0
20260813T090634Z,27.5,85.0
20260813T090649Z,27.5,85.0
20260813T090704Z,27.5,84.9
20260813T090719Z,27.5,85.0
20260813T090734Z,27.5,84.9
20260813T090749Z,27.5,84.9
20260813T090804Z,27.6,84.9
20260813T090819Z,27.6,85.0
20260813T090834Z,27.6,84.9
20260813T090849Z,27.6,84.9
20260813T090904Z,27.6,85.0
20260813T090919Z,27.6,84.9
20260813T090934Z,27.6,84.9
20260813T090949Z,27.6,84.9
20260813T091004Z,27.7,84.9
20260813T091019Z,27.7,84.9
20260813T091034Z,27.7,84.9
20260813T091049Z,27.7,84.9
20260813T091104Z,27.7,84.9
20260813T091119Z,27.7,84.9
20260813T091134Z,27.7,84.9
20260813T091149Z,27.7,84.9
20260813T091204Z,27.7,84.8
20260813T091219Z,27.8,84.8
20260813T091234Z,27.8,84.8
20260813T091249Z,27.8,84.9
20260813T091304Z,27.8,84.9
20260813T091319Z,27.8,84.8
20260813T091334Z,27.8,84.9
20260813T091349Z,27.8,84.9
20260813T091404Z,27.8,84.9
20260813T091419Z,27.8,84.3
20260813T091434Z,27.8,83.7
20260813T091449Z,27.8,82.2
20260813T091504Z,27.8,82.0
20260813T091519Z,27.8,81.2
20260813T091534Z,27.7,80.2
20260813T091549Z,27.6,79.7
20260813T091604Z,27.6,79.2
20260813T091619Z,27.5,78.6
20260813T091634Z,27.4,78.4
20260813T091649Z,27.4,77.4
20260813T091704Z,27.3,76.6
20260813T091719Z,27.2,75.8
20260813T091734Z,27.1,75.4
20260813T091749Z,27.0,75.3
20260813T091804Z,26.9,74.8
20260813T091819Z,26.9,74.5
20260813T091834Z,26.8,74.3
20260813T091849Z,26.7,74.2
20260813T091904Z,26.7,74.0
20260813T091919Z,26.6,75.4
20260813T091934Z,26.6,76.4
20260813T091949Z,26.5,77.4
20260813T092004Z,26.5,78.3
20260813T092019Z,26.5,78.8
20260813T092034Z,26.5,79.1
20260813T092049Z,26.5,79.3
20260813T092104Z,26.5,79.7
20260813T092119Z,26.6,79.9
20260813T092134Z,26.6,80.3
20260813T092149Z,26.6,80.4
20260813T092204Z,26.6,80.8
20260813T092219Z,26.7,80.9
20260813T092234Z,26.7,81.2
20260813T092249Z,26.7,81.3
20260813T092304Z,26.7,81.6
20260813T092319Z,26.7,81.8
20260813T092334Z,26.8,82.1
20260813T092349Z,26.8,82.2
20260813T092404Z,26.8,82.3
20260813T092419Z,26.8,82.5
20260813T092434Z,26.8,82.6
20260813T092449Z,26.9,82.9
20260813T092504Z,26.9,83.1
20260813T092519Z,26.9,83.2
20260813T092534Z,26.9,83.5
20260813T092549Z,26.9,83.6
20260813T092604Z,26.9,83.7
20260813T092619Z,27.0,83.7
20260813T092634Z,27.0,83.9
20260813T092649Z,27.0,84.1
20260813T092704Z,27.0,84.2
20260813T092719Z,27.0,84.4
20260813T092734Z,27.0,84.4
20260813T092749Z,27.1,84.5
20260813T092804Z,27.1,84.7
20260813T092819Z,27.1,84.7
20260813T092834Z,27.1,84.8
20260813T092849Z,27.1,84.9
20260813T092904Z,27.1,85.0
20260813T092919Z,27.2,85.1
20260813T092934Z,27.2,85.2
20260813T092949Z,27.2,85.1
20260813T093004Z,27.2,85.1
20260813T093019Z,27.2,85.3
20260813T093034Z,27.2,85.3
20260813T093049Z,27.2,85.4
20260813T093104Z,27.3,85.4
20260813T093119Z,27.3,85.4
20260813T093134Z,27.3,85.5
20260813T093149Z,27.3,85.5
20260813T093204Z,27.3,85.5
20260813T093219Z,27.3,85.5
20260813T093234Z,27.3,85.6
20260813T093249Z,27.4,85.6
20260813T093304Z,27.3,85.7
20260813T093319Z,27.4,85.6
20260813T093334Z,27.4,85.6
20260813T093349Z,27.4,85.6
20260813T093404Z,27.4,85.7
20260813T093419Z,27.4,85.6
20260813T093434Z,27.4,85.7
20260813T093449Z,27.5,85.7
20260813T093504Z,27.5,85.7
20260813T093519Z,27.5,85.7
20260813T093534Z,27.5,85.6
20260813T093549Z,27.5,85.6
20260813T093604Z,27.5,85.6
20260813T093619Z,27.6,85.7
20260813T093634Z,27.6,85.7
20260813T093649Z,27.6,85.6
20260813T093704Z,27.6,85.6
20260813T093719Z,27.6,85.6
20260813T093734Z,27.6,85.6
20260813T093749Z,27.6,85.5
20260813T093804Z,27.6,85.6
20260813T093819Z,27.7,85.6
20260813T093834Z,27.7,85.5
20260813T093849Z,27.7,85.5
20260813T093904Z,27.7,85.5
20260813T093919Z,27.7,85.6
20260813T093934Z,27.7,85.5
20260813T093949Z,27.7,85.5
20260813T094004Z,27.7,85.5
20260813T094019Z,27.7,85.5
20260813T094034Z,27.8,85.5
20260813T094049Z,27.8,85.4
20260813T094104Z,27.8,85.1
20260813T094119Z,27.8,85.1
20260813T094134Z,27.8,85.0
20260813T094149Z,27.8,85.0
20260813T094204Z,27.8,84.9
20260813T094219Z,27.9,84.6
20260813T094234Z,27.9,84.7
20260813T094249Z,27.9,82.3
20260813T094304Z,27.8,81.8
20260813T094319Z,27.8,82.0
20260813T094334Z,27.8,81.8
20260813T094349Z,27.8,80.8
20260813T094404Z,27.7,80.4
20260813T094419Z,27.7,79.9
20260813T094434Z,27.6,79.5
20260813T094449Z,27.6,78.4
20260813T094504Z,27.6,78.4
20260813T094519Z,27.6,77.3
20260813T094534Z,27.5,76.6
20260813T094549Z,27.5,75.7
20260813T094604Z,27.4,75.3
20260813T094619Z,27.4,74.6
20260813T094634Z,27.3,73.8
20260813T094649Z,27.3,73.8
20260813T094704Z,27.2,73.0
20260813T094719Z,27.2,72.4
20260813T094734Z,27.1,71.2
20260813T094749Z,27.1,71.8
20260813T094804Z,27.0,71.8
20260813T094819Z,27.0,73.1
20260813T094834Z,26.9,74.3
20260813T094849Z,26.9,75.1
20260813T094904Z,26.9,75.8
20260813T094919Z,26.9,76.0
20260813T094934Z,26.9,76.3
20260813T094949Z,26.9,76.9
20260813T095004Z,26.9,77.2
20260813T095019Z,26.9,77.5
20260813T095034Z,26.9,77.7
20260813T095049Z,26.9,78.1
20260813T095104Z,26.9,78.4
20260813T095119Z,27.0,78.7
20260813T095134Z,26.9,79.0
20260813T095149Z,27.0,79.3
20260813T095204Z,27.0,79.6
20260813T095219Z,27.0,79.9
20260813T095234Z,27.0,80.1
20260813T095249Z,27.0,80.5
20260813T095304Z,27.0,80.8
20260813T095319Z,27.0,81.0
20260813T095334Z,27.0,81.2
20260813T095349Z,27.0,81.4
20260813T095404Z,27.0,81.7
20260813T095419Z,27.0,82.0
20260813T095434Z,27.0,82.2
20260813T095449Z,27.0,82.3
20260813T095504Z,27.0,82.6
20260813T095519Z,27.1,82.9
20260813T095534Z,27.1,83.1
20260813T095549Z,27.1,83.2
20260813T095604Z,27.1,83.4
20260813T095619Z,27.1,83.6
20260813T095634Z,27.1,83.8
20260813T095649Z,27.1,84.0
20260813T095704Z,27.1,84.1
20260813T095719Z,27.1,84.3
20260813T095734Z,27.1,84.5
20260813T095749Z,27.1,84.7
20260813T095804Z,27.1,84.7
20260813T095819Z,27.2,84.8
20260813T095834Z,27.2,85.0
20260813T095849Z,27.2,85.1
20260813T095904Z,27.2,85.2
20260813T095919Z,27.2,85.3
20260813T095934Z,27.2,85.4
20260813T095949Z,27.2,85.3
20260813T100004Z,27.2,85.4
20260813T100019Z,27.3,85.6
20260813T100034Z,27.3,85.8
20260813T100049Z,27.3,85.7
20260813T100104Z,27.3,85.8
20260813T100119Z,27.3,85.8
20260813T100134Z,27.3,85.9
20260813T100149Z,27.3,85.9
20260813T100204Z,27.3,86.1
20260813T100219Z,27.4,86.1
20260813T100234Z,27.4,86.2
20260813T100249Z,27.4,86.1
20260813T100304Z,27.4,86.2
20260813T100319Z,27.4,86.2
20260813T100334Z,27.4,86.2
20260813T100349Z,27.5,86.1
20260813T100404Z,27.5,86.2
20260813T100419Z,27.5,86.2
20260813T100434Z,27.5,86.2
20260813T100449Z,27.5,86.2
20260813T100504Z,27.5,86.3
20260813T100519Z,27.6,86.3
20260813T100534Z,27.6,86.3
20260813T100549Z,27.6,86.2
20260813T100604Z,27.6,86.2
20260813T100619Z,27.6,86.2
20260813T100634Z,27.6,86.2
20260813T100649Z,27.6,86.2
20260813T100704Z,27.7,86.3
20260813T100719Z,27.7,86.3
20260813T100734Z,27.7,86.2
20260813T100749Z,27.7,86.2
20260813T100804Z,27.7,85.9
20260813T100819Z,27.7,85.9
20260813T100834Z,27.7,85.9
20260813T100849Z,27.8,85.9
20260813T100904Z,27.8,85.9
20260813T100919Z,27.8,85.8
20260813T100934Z,27.8,85.8
20260813T100949Z,27.8,85.9
20260813T101004Z,27.8,85.9
20260813T101019Z,27.8,85.9
20260813T101034Z,27.8,85.8
20260813T101049Z,27.8,85.8
20260813T101104Z,27.8,85.1
20260813T101119Z,27.8,85.3
20260813T101134Z,27.8,83.8
20260813T101149Z,27.8,83.2
20260813T101204Z,27.7,82.2
20260813T101219Z,27.7,81.5
20260813T101234Z,27.6,80.9
20260813T101249Z,27.6,80.0
20260813T101304Z,27.5,79.3
20260813T101319Z,27.4,79.3
20260813T101334Z,27.4,78.5
20260813T101349Z,27.3,77.3
20260813T101404Z,27.2,76.8
20260813T101419Z,27.1,76.5
20260813T101434Z,27.0,76.4
20260813T101449Z,27.0,76.4
20260813T101504Z,26.9,75.9
20260813T101519Z,26.8,74.5
20260813T101534Z,26.7,73.6
20260813T101549Z,26.7,74.6
20260813T101604Z,26.6,76.1
20260813T101619Z,26.5,77.4
20260813T101634Z,26.5,78.3
20260813T101649Z,26.5,79.2
20260813T101704Z,26.5,79.6
20260813T101719Z,26.5,79.9
20260813T101734Z,26.5,80.2
20260813T101749Z,26.5,80.6
20260813T101804Z,26.5,80.9
20260813T101819Z,26.5,81.2
20260813T101834Z,26.5,81.5
20260813T101849Z,26.6,81.6
20260813T101904Z,26.6,82.0
20260813T101919Z,26.6,82.1
20260813T101934Z,26.7,82.3
20260813T101949Z,26.7,82.5
20260813T102004Z,26.7,82.6
20260813T102019Z,26.7,82.9
20260813T102034Z,26.8,83.1
20260813T102049Z,26.8,83.2
20260813T102104Z,26.8,83.4
20260813T102119Z,26.8,83.6
20260813T102134Z,26.9,83.7
20260813T102149Z,26.9,83.9
20260813T102204Z,26.9,84.0
20260813T102219Z,26.9,84.1
20260813T102234Z,26.9,84.4
20260813T102249Z,26.9,84.5
20260813T102304Z,27.0,84.6
20260813T102319Z,27.0,84.8
20260813T102334Z,27.0,84.8
20260813T102349Z,27.0,85.1
20260813T102404Z,27.0,85.2
20260813T102419Z,27.0,85.1
20260813T102434Z,27.0,85.3
20260813T102449Z,27.1,85.5
20260813T102504Z,27.1,85.5
20260813T102519Z,27.1,85.7
20260813T102534Z,27.1,85.7
20260813T102549Z,27.1,85.8
20260813T102604Z,27.2,85.9
20260813T102619Z,27.2,85.9
20260813T102634Z,27.2,85.9
20260813T102649Z,27.2,86.1
20260813T102704Z,27.2,86.0
20260813T102719Z,27.2,86.1
20260813T102734Z,27.2,86.1
20260813T102749Z,27.2,86.2
20260813T102804Z,27.3,86.2
20260813T102819Z,27.3,86.3
20260813T102834Z,27.3,86.3
20260813T102849Z,27.3,86.3
20260813T102904Z,27.3,86.4
20260813T102919Z,27.3,86.4
20260813T102934Z,27.4,86.4
20260813T102949Z,27.4,86.3
20260813T103004Z,27.4,86.4
20260813T103019Z,27.4,86.4
20260813T103034Z,27.4,86.4
20260813T103049Z,27.4,86.3
20260813T103104Z,27.5,86.4
20260813T103119Z,27.5,86.3
20260813T103134Z,27.5,86.4
20260813T103149Z,27.5,86.4
20260813T103204Z,27.5,86.4
20260813T103219Z,27.5,86.3
20260813T103234Z,27.5,86.4
20260813T103249Z,27.6,86.3
20260813T103304Z,27.6,86.4
20260813T103319Z,27.6,86.3
20260813T103334Z,27.6,86.4
20260813T103349Z,27.6,86.3
20260813T103404Z,27.6,86.3
20260813T103419Z,27.6,86.3
20260813T103434Z,27.6,86.2
20260813T103449Z,27.6,86.2
20260813T103504Z,27.7,86.2
20260813T103519Z,27.7,86.2
20260813T103534Z,27.7,86.2
20260813T103549Z,27.7,86.1
20260813T103604Z,27.7,86.2
20260813T103619Z,27.7,86.2
20260813T103634Z,27.7,86.1
20260813T103649Z,27.8,86.1
20260813T103704Z,27.8,86.0
20260813T103719Z,27.8,86.1
20260813T103734Z,27.8,86.1
20260813T103749Z,27.8,86.1
20260813T103804Z,27.8,86.0
20260813T103819Z,27.8,85.2
20260813T103834Z,27.8,84.9
20260813T103849Z,27.8,83.2
20260813T103904Z,27.8,83.0
20260813T103919Z,27.7,81.9
20260813T103934Z,27.7,81.1
20260813T103949Z,27.6,80.7
20260813T104004Z,27.6,80.1
20260813T104019Z,27.5,79.6
20260813T104034Z,27.5,79.8
20260813T104049Z,27.4,78.3
20260813T104104Z,27.3,77.0
20260813T104119Z,27.3,76.4
20260813T104134Z,27.2,76.3
20260813T104149Z,27.1,75.3
20260813T104204Z,27.0,75.7
20260813T104219Z,27.0,74.8
20260813T104234Z,26.9,74.2
20260813T104249Z,26.8,74.1
20260813T104304Z,26.7,73.9
20260813T104319Z,26.7,74.3
20260813T104334Z,26.6,75.1
20260813T104349Z,26.6,76.2
20260813T104404Z,26.6,77.2
20260813T104419Z,26.6,78.1
20260813T104434Z,26.5,78.3
20260813T104449Z,26.5,78.9
20260813T104504Z,26.6,79.3
20260813T104519Z,26.6,79.6
20260813T104534Z,26.6,79.7
20260813T104549Z,26.6,80.0
20260813T104604Z,26.6,80.5
20260813T104619Z,26.6,80.7
20260813T104634Z,26.6,80.9
20260813T104649Z,26.7,81.0
20260813T104704Z,26.7,81.3
20260813T104719Z,26.7,81.5
20260813T104734Z,26.7,81.6
20260813T104749Z,26.8,81.8
20260813T104804Z,26.8,82.0
20260813T104819Z,26.8,82.3
20260813T104834Z,26.8,82.5
20260813T104849Z,26.9,82.6
20260813T104904Z,26.9,82.8
20260813T104919Z,26.9,83.1
20260813T104934Z,26.9,83.2
20260813T104949Z,26.9,83.3
20260813T105004Z,26.9,83.5
20260813T105019Z,27.0,83.8
20260813T105034Z,27.0,83.8
20260813T105049Z,27.0,84.1
20260813T105104Z,27.0,84.0
20260813T105119Z,27.0,84.4
20260813T105134Z,27.0,84.6
20260813T105149Z,27.0,84.6
20260813T105204Z,27.0,84.7
20260813T105219Z,27.1,84.8
20260813T105234Z,27.1,85.0
20260813T105249Z,27.1,85.1
20260813T105304Z,27.1,85.2
20260813T105319Z,27.1,85.4
20260813T105334Z,27.1,85.3
20260813T105349Z,27.1,85.4
20260813T105404Z,27.2,85.4
20260813T105419Z,27.2,85.6
20260813T105434Z,27.2,85.5
20260813T105449Z,27.2,85.6
20260813T105504Z,27.2,85.7
20260813T105519Z,27.2,85.8
20260813T105534Z,27.3,85.8
20260813T105549Z,27.3,85.8
20260813T105604Z,27.3,85.9
20260813T105619Z,27.3,86.0
20260813T105634Z,27.3,86.0
20260813T105649Z,27.3,86.0
20260813T105704Z,27.3,86.1
20260813T105719Z,27.4,86.1
20260813T105734Z,27.4,86.1
20260813T105749Z,27.4,86.2
20260813T105804Z,27.4,86.1
20260813T105819Z,27.4,86.2
20260813T105834Z,27.4,86.2
20260813T105849Z,27.4,86.3
20260813T105904Z,27.4,86.2
20260813T105919Z,27.5,86.3
20260813T105934Z,27.5,86.3
20260813T105949Z,27.5,86.2
20260813T110004Z,27.5,86.3
20260813T110019Z,27.5,86.2
20260813T110034Z,27.5,86.3
20260813T110049Z,27.5,86.3
20260813T110104Z,27.6,86.3
20260813T110119Z,27.6,86.3
20260813T110134Z,27.6,86.3
20260813T110149Z,27.6,86.3
20260813T110204Z,27.6,86.3
20260813T110219Z,27.6,86.3
20260813T110234Z,27.6,86.3
20260813T110249Z,27.7,86.4
20260813T110304Z,27.7,86.3
20260813T110319Z,27.7,86.4
20260813T110334Z,27.7,86.3
20260813T110349Z,27.7,86.3
20260813T110404Z,27.7,86.3
20260813T110419Z,27.7,86.3
20260813T110434Z,27.7,86.3
20260813T110449Z,27.7,86.4
20260813T110504Z,27.8,86.3
20260813T110519Z,27.8,86.3
20260813T110534Z,27.8,86.3
20260813T110549Z,27.8,86.3
20260813T110604Z,27.8,86.3
20260813T110619Z,27.8,86.3
20260813T110634Z,27.8,86.1
20260813T110649Z,27.8,85.9
20260813T110704Z,27.8,83.8
20260813T110719Z,27.8,82.9
20260813T110734Z,27.8,83.0
20260813T110749Z,27.7,82.5
20260813T110804Z,27.7,82.2
20260813T110819Z,27.7,81.6
20260813T110834Z,27.7,81.0
20260813T110849Z,27.6,80.5
20260813T110904Z,27.6,79.5
20260813T110919Z,27.6,79.2
20260813T110934Z,27.5,78.4
20260813T110949Z,27.5,78.0
20260813T111004Z,27.4,77.3
20260813T111019Z,27.4,76.4
20260813T111034Z,27.3,76.0
20260813T111049Z,27.3,75.5
20260813T111104Z,27.2,74.7
20260813T111119Z,27.2,73.6
20260813T111134Z,27.1,73.4
20260813T111149Z,27.1,72.7
20260813T111204Z,27.0,72.3
20260813T111219Z,27.0,73.0
20260813T111234Z,26.9,74.1
20260813T111249Z,26.9,75.1
20260813T111304Z,26.9,75.9
20260813T111319Z,26.9,76.5
20260813T111334Z,26.9,77.0
20260813T111349Z,26.9,77.4
20260813T111404Z,26.9,77.6
20260813T111419Z,26.9,78.1
20260813T111434Z,26.9,78.4
20260813T111449Z,26.9,78.7
20260813T111504Z,26.9,78.9
20260813T111519Z,26.9,79.1
20260813T111534Z,26.9,79.6
20260813T111549Z,26.9,79.9
20260813T111604Z,26.9,80.1
20260813T111619Z,26.9,80.4
20260813T111634Z,26.9,80.6
20260813T111649Z,26.9,80.9
20260813T111704Z,26.9,81.1
20260813T111719Z,26.9,81.4
20260813T111734Z,27.0,81.6
20260813T111749Z,27.0,81.9
20260813T111804Z,27.0,82.0
20260813T111819Z,27.0,82.3
20260813T111834Z,27.0,82.5
20260813T111849Z,27.0,82.7
20260813T111904Z,27.0,83.0
20260813T111919Z,27.0,83.1
20260813T111934Z,27.1,83.3
20260813T111949Z,27.1,83.4
20260813T112004Z,27.1,83.7
20260813T112019Z,27.1,83.8
20260813T112034Z,27.1,83.9
20260813T112049Z,27.1,84.1
20260813T112104Z,27.1,84.3
20260813T112119Z,27.1,84.6
20260813T112134Z,27.1,84.5
20260813T112149Z,27.1,84.8
20260813T112204Z,27.2,84.8
20260813T112219Z,27.2,85.0
20260813T112234Z,27.2,85.1
20260813T112249Z,27.2,85.2
20260813T112304Z,27.2,85.4
20260813T112319Z,27.2,85.2
20260813T112334Z,27.2,85.1
20260813T112349Z,27.2,85.1
20260813T112404Z,27.2,85.4
20260813T112419Z,27.3,85.3
20260813T112434Z,27.3,85.5
20260813T112449Z,27.3,85.6
20260813T112504Z,27.3,85.6
20260813T112519Z,27.3,85.7
20260813T112534Z,27.3,85.8
20260813T112549Z,27.3,85.8
20260813T112604Z,27.3,85.9
20260813T112619Z,27.3,85.9
20260813T112634Z,27.3,85.9
20260813T112649Z,27.3,86.0
20260813T112704Z,27.4,86.0
20260813T112719Z,27.4,86.0
20260813T112734Z,27.4,86.0
20260813T112749Z,27.4,86.1
20260813T112804Z,27.4,86.1
20260813T112819Z,27.4,86.2
20260813T112834Z,27.4,86.1
20260813T112849Z,27.5,86.1
20260813T112904Z,27.5,86.1
20260813T112919Z,27.5,86.1
20260813T112934Z,27.5,86.1
20260813T112949Z,27.5,86.1
20260813T113004Z,27.5,86.1
20260813T113019Z,27.5,86.1
20260813T113034Z,27.6,86.2
20260813T113049Z,27.6,86.1
20260813T113104Z,27.6,86.1
20260813T113119Z,27.6,86.2
20260813T113134Z,27.6,86.1
20260813T113149Z,27.6,86.2
20260813T113204Z,27.6,86.1
20260813T113219Z,27.7,86.1
20260813T113234Z,27.7,86.1
20260813T113249Z,27.7,86.2
20260813T113304Z,27.7,86.1
20260813T113319Z,27.7,86.2
20260813T113334Z,27.7,86.2
20260813T113349Z,27.7,86.1
20260813T113404Z,27.7,86.2
20260813T113419Z,27.8,86.1
20260813T113434Z,27.8,86.1
20260813T113449Z,27.8,86.1
20260813T113504Z,27.8,86.1
20260813T113519Z,27.8,86.2
20260813T113534Z,27.8,86.1
20260813T113549Z,27.8,86.1
20260813T113604Z,27.8,86.1
20260813T113619Z,27.8,85.7
20260813T113634Z,27.9,85.5
20260813T113649Z,27.8,83.7
20260813T113704Z,27.8,83.3
20260813T113719Z,27.8,82.8
20260813T113734Z,27.7,82.1
20260813T113749Z,27.7,80.9
20260813T113804Z,27.7,80.8
20260813T113819Z,27.6,79.8
20260813T113834Z,27.6,79.9
20260813T113849Z,27.6,78.9
20260813T113904Z,27.5,78.8
20260813T113919Z,27.5,78.3
20260813T113934Z,27.4,77.6
20260813T113949Z,27.4,76.8
20260813T114004Z,27.3,76.3
20260813T114019Z,27.3,76.6
20260813T114034Z,27.2,75.3
20260813T114049Z,27.2,74.3
20260813T114104Z,27.1,73.2
20260813T114119Z,27.1,73.4
20260813T114134Z,27.0,72.8
20260813T114149Z,27.0,72.8
20260813T114204Z,27.0,73.7
20260813T114219Z,26.9,75.3
20260813T114234Z,26.9,76.1
20260813T114249Z,26.9,76.7
20260813T114304Z,26.9,76.9
20260813T114319Z,26.9,77.2
20260813T114334Z,26.9,77.6
20260813T114349Z,26.9,78.0
20260813T114404Z,26.9,78.1
20260813T114419Z,26.9,78.5
20260813T114434Z,26.9,78.8
20260813T114449Z,26.9,79.1
20260813T114504Z,26.9,79.3
20260813T114519Z,26.9,79.7
20260813T114534Z,26.9,80.0
20260813T114549Z,26.9,80.3
20260813T114604Z,26.9,80.4
20260813T114619Z,26.9,80.8
20260813T114634Z,26.9,81.0
20260813T114649Z,27.0,81.2
20260813T114704Z,27.0,81.4
20260813T114719Z,27.0,81.6
20260813T114734Z,27.0,81.9
20260813T114749Z,27.0,82.0
20260813T114804Z,27.0,82.3
20260813T114819Z,27.0,82.6
20260813T114834Z,27.0,82.7
20260813T114849Z,27.1,82.9
20260813T114904Z,27.1,83.1
20260813T114919Z,27.1,83.3
20260813T114934Z,27.1,83.5
20260813T114949Z,27.1,83.8
20260813T115004Z,27.1,83.8
20260813T115019Z,27.1,83.9
20260813T115034Z,27.1,84.2
20260813T115049Z,27.1,84.4
20260813T115104Z,27.1,84.5
20260813T115119Z,27.2,84.7
20260813T115134Z,27.2,84.7
20260813T115149Z,27.2,84.8
20260813T115204Z,27.2,85.0
20260813T115219Z,27.2,85.2
20260813T115234Z,27.2,85.3
20260813T115249Z,27.2,85.4
20260813T115304Z,27.2,85.4
20260813T115319Z,27.2,85.5
20260813T115334Z,27.2,85.7
20260813T115349Z,27.2,85.7
20260813T115404Z,27.3,85.8
20260813T115419Z,27.3,85.9
20260813T115434Z,27.3,86.0
20260813T115449Z,27.3,86.1
20260813T115504Z,27.3,86.1
20260813T115519Z,27.3,86.2
20260813T115534Z,27.3,86.2
20260813T115549Z,27.4,86.2
20260813T115604Z,27.4,86.3
20260813T115619Z,27.4,86.3
20260813T115634Z,27.4,86.3
20260813T115649Z,27.4,86.4
20260813T115704Z,27.4,86.4
20260813T115719Z,27.4,86.4
20260813T115734Z,27.4,86.4
20260813T115749Z,27.5,86.5
20260813T115804Z,27.5,86.4
20260813T115819Z,27.5,86.5
20260813T115834Z,27.5,86.5
20260813T115849Z,27.5,86.4
20260813T115904Z,27.5,86.4
20260813T115919Z,27.5,86.5
20260813T115934Z,27.6,86.5
20260813T115949Z,27.6,86.5
20260813T120004Z,27.6,86.5
20260813T120019Z,27.6,86.4
20260813T120034Z,27.6,86.5
20260813T120049Z,27.6,86.4
20260813T120104Z,27.6,86.5
20260813T120119Z,27.7,86.5
20260813T120134Z,27.7,86.5
20260813T120149Z,27.7,86.4
20260813T120204Z,27.7,86.4
20260813T120219Z,27.7,86.4
20260813T120234Z,27.7,86.4
20260813T120249Z,27.7,86.4
20260813T120304Z,27.7,86.4
20260813T120319Z,27.8,86.4
20260813T120334Z,27.8,86.4
20260813T120349Z,27.8,86.3
20260813T120404Z,27.8,86.3
20260813T120419Z,27.8,86.4
20260813T120434Z,27.8,86.3
20260813T120449Z,27.8,86.3
20260813T120504Z,27.8,86.3
20260813T120519Z,27.9,86.3
20260813T120534Z,27.9,86.3
20260813T120549Z,27.9,86.0
20260813T120604Z,27.8,84.1
20260813T120619Z,27.8,83.4
20260813T120634Z,27.8,83.2
20260813T120649Z,27.7,82.2
20260813T120704Z,27.7,81.6
20260813T120719Z,27.6,81.0
20260813T120734Z,27.6,80.8
20260813T120749Z,27.5,79.8
20260813T120804Z,27.4,80.1
20260813T120819Z,27.4,78.8
20260813T120834Z,27.3,78.5
20260813T120849Z,27.3,78.1
20260813T120904Z,27.2,76.9
20260813T120919Z,27.1,76.9
20260813T120934Z,27.1,76.4
20260813T120949Z,27.0,76.0
20260813T121004Z,26.9,75.4
20260813T121019Z,26.9,74.7
20260813T121034Z,26.8,74.9
20260813T121049Z,26.8,75.0
20260813T121104Z,26.7,75.9
20260813T121119Z,26.7,77.1
20260813T121134Z,26.6,77.9
20260813T121149Z,26.6,78.4
20260813T121204Z,26.6,79.2
20260813T121219Z,26.6,79.4
20260813T121234Z,26.6,79.7
20260813T121249Z,26.6,79.9
20260813T121304Z,26.6,80.2
20260813T121319Z,26.6,80.3
20260813T121334Z,26.7,80.5
20260813T121349Z,26.7,80.7
20260813T121404Z,26.7,81.1
20260813T121419Z,26.7,81.3
20260813T121434Z,26.7,81.5
20260813T121449Z,26.7,81.6
20260813T121504Z,26.7,81.8
20260813T121519Z,26.7,82.2
20260813T121534Z,26.8,82.2
20260813T121549Z,26.8,82.5
20260813T121604Z,26.8,82.6
20260813T121619Z,26.8,83.0
20260813T121634Z,26.8,83.2
20260813T121649Z,26.8,83.2
20260813T121704Z,26.8,83.3
20260813T121719Z,26.9,83.5
20260813T121734Z,26.8,83.9
20260813T121749Z,26.9,83.9
20260813T121804Z,26.9,84.0
20260813T121819Z,26.9,84.1
20260813T121834Z,26.9,84.3
20260813T121849Z,26.9,84.5
20260813T121904Z,26.9,84.7
20260813T121919Z,26.9,84.8
20260813T121934Z,26.9,84.9
20260813T121949Z,26.9,85.0
20260813T122004Z,27.0,85.2
20260813T122019Z,27.0,85.3
20260813T122034Z,27.0,85.4
20260813T122049Z,27.0,85.6
20260813T122104Z,27.0,85.6
20260813T122119Z,27.0,85.7
20260813T122134Z,27.0,85.8
20260813T122149Z,27.0,85.8
20260813T122204Z,27.0,86.0
20260813T122219Z,27.0,86.0
20260813T122234Z,27.1,86.2
20260813T122249Z,27.1,86.2
20260813T122304Z,27.1,86.2
20260813T122319Z,27.1,86.2
20260813T122334Z,27.1,86.3
20260813T122349Z,27.1,86.4
20260813T122404Z,27.1,86.5
20260813T122419Z,27.1,86.5
20260813T122434Z,27.1,86.5
20260813T122449Z,27.1,86.4
20260813T122504Z,27.1,86.6
20260813T122519Z,27.2,86.6
20260813T122534Z,27.2,86.5
20260813T122549Z,27.2,86.6
20260813T122604Z,27.2,86.7
20260813T122619Z,27.2,86.7
20260813T122634Z,27.2,86.7
20260813T122649Z,27.2,86.7
20260813T122704Z,27.2,86.7
20260813T122719Z,27.3,86.7
20260813T122734Z,27.3,86.8
20260813T122749Z,27.3,86.8
20260813T122804Z,27.3,86.8
20260813T122819Z,27.3,86.8
20260813T122834Z,27.3,86.8
20260813T122849Z,27.3,86.8
20260813T122904Z,27.4,86.8
20260813T122919Z,27.3,86.8
20260813T122934Z,27.4,86.8
20260813T122949Z,27.4,86.8
20260813T123004Z,27.4,86.8
20260813T123019Z,27.4,86.8
20260813T123034Z,27.4,86.8
20260813T123049Z,27.4,86.8
20260813T123104Z,27.4,86.8
20260813T123119Z,27.4,86.9
20260813T123134Z,27.4,86.8
20260813T123149Z,27.4,86.8
20260813T123204Z,27.4,86.8
20260813T123219Z,27.4,86.9
20260813T123234Z,27.5,86.8
20260813T123249Z,27.5,86.8
20260813T123304Z,27.5,86.8
20260813T123319Z,27.5,86.8
20260813T123334Z,27.5,86.8
20260813T123349Z,27.5,86.8
20260813T123404Z,27.5,86.8
20260813T123419Z,27.5,86.8
20260813T123434Z,27.5,86.8
20260813T123449Z,27.5,86.8
20260813T123504Z,27.5,86.8
20260813T123519Z,27.5,86.8
20260813T123534Z,27.5,86.8
20260813T123549Z,27.6,86.8
20260813T123604Z,27.6,86.8
20260813T123619Z,27.6,86.7
20260813T123634Z,27.6,86.6
20260813T123649Z,27.6,86.6
20260813T123704Z,27.6,86.6
20260813T123719Z,27.6,86.6
20260813T123734Z,27.6,86.6
20260813T123749Z,27.6,86.6
20260813T123804Z,27.6,86.6
20260813T123819Z,27.6,86.6
20260813T123834Z,27.6,86.6
20260813T123849Z,27.6,86.5
20260813T123904Z,27.6,86.5
20260813T123919Z,27.6,86.5
20260813T123934Z,27.6,86.6
20260813T123949Z,27.7,86.5
20260813T124004Z,27.6,86.6
20260813T124019Z,27.7,86.5
20260813T124034Z,27.6,86.5
20260813T124049Z,27.7,86.5
20260813T124104Z,27.7,86.5
20260813T124119Z,27.7,86.5
20260813T124134Z,27.7,86.5
20260813T124149Z,27.7,86.5
20260813T124204Z,27.7,86.5
20260813T124219Z,27.7,86.5
20260813T124234Z,27.7,86.5
20260813T124249Z,27.7,86.5
20260813T124304Z,27.7,86.5
20260813T124319Z,27.7,86.5
20260813T124334Z,27.7,86.5
20260813T124349Z,27.7,86.5
20260813T124404Z,27.7,86.5
20260813T124419Z,27.7,86.5
20260813T124434Z,27.7,86.2
20260813T124449Z,27.7,84.3
20260813T124504Z,27.7,84.5
20260813T124519Z,27.6,83.7
20260813T124534Z,27.6,82.8
20260813T124549Z,27.5,81.8
20260813T124604Z,27.5,81.9
20260813T124619Z,27.4,81.6
20260813T124634Z,27.4,80.8
20260813T124649Z,27.3,79.7
20260813T124704Z,27.2,78.8
20260813T124719Z,27.1,78.7
20260813T124734Z,27.1,78.3
20260813T124749Z,27.0,77.7
20260813T124805Z,26.9,76.6
20260813T124820Z,26.8,77.2
20260813T124835Z,26.8,77.1
20260813T124850Z,26.7,77.8
20260813T124905Z,26.7,78.8
20260813T124920Z,26.6,79.5
20260813T124935Z,26.6,80.3
20260813T124950Z,26.6,81.0
20260813T125005Z,26.6,81.2
20260813T125020Z,26.6,81.8
20260813T125035Z,26.6,82.0
20260813T125050Z,26.6,82.4
20260813T125105Z,26.6,82.4
20260813T125120Z,26.6,82.6
20260813T125135Z,26.6,82.9
20260813T125150Z,26.6,83.1
20260813T125205Z,26.6,83.3
20260813T125220Z,26.6,83.5
20260813T125235Z,26.6,83.9
20260813T125250Z,26.7,83.9
20260813T125305Z,26.7,84.1
20260813T125320Z,26.7,84.2
20260813T125335Z,26.7,84.4
20260813T125350Z,26.7,84.7
20260813T125405Z,26.7,84.7
20260813T125420Z,26.8,84.9
20260813T125435Z,26.8,84.9
20260813T125450Z,26.8,85.1
20260813T125505Z,26.8,85.3
20260813T125520Z,26.8,85.5
20260813T125535Z,26.8,85.7
20260813T125550Z,26.8,85.7
20260813T125605Z,26.8,85.9
20260813T125620Z,26.9,85.9
20260813T125635Z,26.9,86.2
20260813T125650Z,26.9,86.2
20260813T125705Z,26.9,86.3
20260813T125720Z,26.9,86.4
20260813T125735Z,26.9,86.5
20260813T125750Z,26.9,86.6
20260813T125805Z,26.9,86.7
20260813T125820Z,26.9,86.8
20260813T125835Z,27.0,86.9
20260813T125850Z,27.0,86.9
20260813T125905Z,27.0,86.9
20260813T125920Z,27.0,87.1
20260813T125935Z,27.0,87.0
20260813T125950Z,27.0,87.2
20260813T130005Z,27.0,87.2
20260813T130020Z,27.0,87.1
20260813T130035Z,27.1,87.3
20260813T130050Z,27.1,87.3
20260813T130105Z,27.1,87.3
20260813T130120Z,27.1,87.4
20260813T130135Z,27.1,87.3
20260813T130150Z,27.1,87.5
20260813T130205Z,27.1,87.5
20260813T130220Z,27.1,87.5
20260813T130235Z,27.1,87.5
20260813T130250Z,27.2,87.5
20260813T130305Z,27.2,87.5
20260813T130320Z,27.2,87.5
20260813T130335Z,27.2,87.5
20260813T130350Z,27.2,87.5
20260813T130405Z,27.2,87.6
20260813T130420Z,27.2,87.6
20260813T130435Z,27.2,87.6
20260813T130450Z,27.3,87.6
20260813T130505Z,27.3,87.6
20260813T130520Z,27.3,87.6
20260813T130535Z,27.3,87.6
20260813T130550Z,27.3,87.5
20260813T130605Z,27.3,87.6
20260813T130620Z,27.3,87.6
20260813T130635Z,27.3,87.6
20260813T130650Z,27.3,87.5
20260813T130705Z,27.4,87.6
20260813T130720Z,27.4,87.6
20260813T130735Z,27.4,87.6
20260813T130750Z,27.4,87.6
20260813T130805Z,27.4,87.5
20260813T130820Z,27.4,87.5
20260813T130835Z,27.4,87.5
20260813T130850Z,27.4,87.6
20260813T130905Z,27.4,87.5
20260813T130920Z,27.4,87.5
20260813T130935Z,27.5,87.6
20260813T130950Z,27.5,87.5
20260813T131005Z,27.5,87.6
20260813T131020Z,27.5,87.5
20260813T131035Z,27.5,87.5
20260813T131050Z,27.5,87.5
20260813T131105Z,27.5,87.5
20260813T131120Z,27.5,87.5
20260813T131135Z,27.5,87.5
20260813T131150Z,27.5,87.5
20260813T131205Z,27.5,87.5
20260813T131220Z,27.5,87.5
20260813T131235Z,27.5,87.4
20260813T131250Z,27.5,87.5
20260813T131305Z,27.6,87.5
20260813T131320Z,27.5,87.4
20260813T131335Z,27.6,87.4
20260813T131350Z,27.6,87.4
20260813T131405Z,27.6,87.4
20260813T131420Z,27.6,87.4
20260813T131435Z,27.6,87.4
20260813T131450Z,27.6,87.4
20260813T131505Z,27.6,87.4
20260813T131520Z,27.6,87.3
20260813T131535Z,27.6,87.4
20260813T131550Z,27.6,87.4
20260813T131605Z,27.6,87.3
20260813T131620Z,27.6,87.3
20260813T131635Z,27.6,87.3
20260813T131650Z,27.6,87.1
20260813T131705Z,27.7,87.2
20260813T131720Z,27.7,87.2
20260813T131735Z,27.7,87.2
20260813T131750Z,27.7,87.2
20260813T131805Z,27.7,87.2
20260813T131820Z,27.7,87.2
20260813T131835Z,27.7,87.2
20260813T131850Z,27.7,87.1
20260813T131905Z,27.7,87.1
20260813T131920Z,27.7,87.1
20260813T131935Z,27.7,87.2
20260813T131950Z,27.7,87.1
20260813T132005Z,27.7,87.1
20260813T132020Z,27.7,87.1
20260813T132035Z,27.7,87.1
20260813T132050Z,27.7,87.1
20260813T132105Z,27.7,87.0
20260813T132120Z,27.7,86.8
20260813T132135Z,27.7,85.3
20260813T132150Z,27.7,84.9
20260813T132205Z,27.7,84.8
20260813T132220Z,27.6,84.2
20260813T132235Z,27.6,83.4
20260813T132250Z,27.6,82.8
20260813T132305Z,27.5,82.2
20260813T132320Z,27.5,81.8
20260813T132335Z,27.4,81.3
20260813T132350Z,27.4,80.8
20260813T132405Z,27.3,79.8
20260813T132420Z,27.3,79.7
20260813T132435Z,27.3,78.0
20260813T132450Z,27.2,78.1
20260813T132505Z,27.2,77.0
20260813T132520Z,27.1,76.3
20260813T132535Z,27.1,75.6
20260813T132550Z,27.0,76.6
20260813T132605Z,27.0,77.3
20260813T132620Z,27.0,78.4
20260813T132635Z,26.9,79.2
20260813T132650Z,26.9,79.8
20260813T132705Z,26.9,80.2
20260813T132720Z,26.9,80.4
20260813T132735Z,26.9,80.5
20260813T132750Z,26.8,80.8
20260813T132805Z,26.8,81.1
20260813T132820Z,26.8,81.3
20260813T132835Z,26.8,81.7
20260813T132850Z,26.8,81.9
20260813T132905Z,26.8,82.2
20260813T132920Z,26.8,82.3
20260813T132935Z,26.8,82.6
20260813T132950Z,26.8,82.8
20260813T133005Z,26.8,83.1
20260813T133020Z,26.8,83.3
20260813T133035Z,26.8,83.5
20260813T133050Z,26.8,83.7
20260813T133105Z,26.8,83.9
20260813T133120Z,26.8,84.1
20260813T133135Z,26.8,84.3
20260813T133150Z,26.8,84.5
20260813T133205Z,26.8,84.6
20260813T133220Z,26.8,84.8
20260813T133235Z,26.9,85.0
20260813T133250Z,26.9,85.0
20260813T133305Z,26.9,85.2
20260813T133320Z,26.9,85.4
20260813T133335Z,26.9,85.5
20260813T133350Z,26.9,85.8
20260813T133405Z,26.9,85.9
20260813T133420Z,26.9,86.0
20260813T133435Z,26.9,86.2
20260813T133450Z,26.9,86.4
20260813T133505Z,26.9,86.7
20260813T133520Z,26.9,86.6
20260813T133535Z,26.9,86.6
20260813T133550Z,26.9,86.2
20260813T133605Z,27.0,85.9
20260813T133620Z,27.0,84.9
20260813T133635Z,26.9,84.6
20260813T133650Z,26.9,84.1
20260813T133705Z,26.9,83.4
20260813T133720Z,26.9,82.2
20260813T133735Z,26.9,82.4
20260813T133750Z,26.9,81.8
20260813T133805Z,26.8,81.3
20260813T133820Z,26.8,80.9
20260813T133835Z,26.8,80.1
20260813T133850Z,26.8,79.4
20260813T133905Z,26.7,78.1
20260813T133920Z,26.7,77.9
20260813T133935Z,26.6,76.8
20260813T133950Z,26.6,76.6
20260813T134005Z,26.5,75.9
20260813T134020Z,26.5,74.8
20260813T134035Z,26.4,75.0
20260813T134050Z,26.3,74.7
20260813T134105Z,26.3,73.9
20260813T134120Z,26.2,73.8
20260813T134135Z,26.1,72.9
20260813T134150Z,26.1,73.1
20260813T134205Z,26.0,72.5
20260813T134220Z,26.0,72.1
20260813T134235Z,26.0,71.6
20260813T134250Z,25.9,70.4
20260813T134305Z,25.8,69.9
20260813T134320Z,25.8,69.2
20260813T134335Z,25.7,69.2
20260813T134350Z,25.7,69.4
20260813T134405Z,25.6,69.2
20260813T134420Z,25.6,68.3
20260813T134435Z,25.6,68.4
20260813T134450Z,25.5,68.0
20260813T134505Z,25.5,67.6
20260813T134520Z,25.5,66.8
20260813T134535Z,25.4,66.6
20260813T134550Z,25.4,66.2
20260813T134605Z,25.4,65.9
20260813T134620Z,25.3,65.6
20260813T134635Z,25.3,64.9
20260813T134650Z,25.3,65.0
20260813T134705Z,25.3,65.6
20260813T134720Z,25.3,66.9
20260813T134735Z,25.3,68.5
20260813T134750Z,25.3,69.8
20260813T134805Z,25.3,70.4
20260813T134820Z,25.4,71.2
20260813T134835Z,25.4,71.7
20260813T134850Z,25.4,72.0
20260813T134905Z,25.5,72.2
20260813T134920Z,25.5,72.6
20260813T134935Z,25.5,72.9
20260813T134950Z,25.6,73.5
20260813T135005Z,25.6,73.7
20260813T135020Z,25.7,73.9
20260813T135035Z,25.7,74.3
20260813T135050Z,25.7,74.8
20260813T135105Z,25.8,75.1
20260813T135120Z,25.8,75.4
20260813T135135Z,25.8,75.7
20260813T135150Z,25.9,76.0
20260813T135205Z,25.9,76.5
20260813T135220Z,25.9,76.7
20260813T135235Z,26.0,76.8
20260813T135250Z,26.0,77.4
20260813T135305Z,26.0,77.5
20260813T135320Z,26.1,77.7
20260813T135335Z,26.1,78.1
20260813T135350Z,26.1,78.2
20260813T135405Z,26.2,78.6
20260813T135420Z,26.2,78.8
20260813T135435Z,26.2,78.8
20260813T135450Z,26.2,79.2
20260813T135505Z,26.3,79.2
20260813T135520Z,26.3,79.1
20260813T135535Z,26.3,78.3
20260813T135550Z,26.3,77.7
20260813T135605Z,26.3,77.2
20260813T135620Z,26.3,76.5
20260813T135635Z,26.3,75.8
20260813T135650Z,26.3,74.9
20260813T135705Z,26.3,73.3
20260813T135720Z,26.2,72.6
20260813T135735Z,26.2,72.5
20260813T135750Z,26.2,71.6
20260813T135805Z,26.1,71.5
20260813T135820Z,26.0,70.8
20260813T135835Z,26.0,70.5
20260813T135850Z,26.0,69.7
20260813T135905Z,25.9,69.7
20260813T135920Z,25.8,69.4
20260813T135935Z,25.8,68.7
20260813T135950Z,25.7,68.0
20260813T140005Z,25.7,67.9
20260813T140020Z,25.7,67.6
20260813T140035Z,25.6,67.1
20260813T140050Z,25.5,66.6
20260813T140105Z,25.5,66.3
20260813T140120Z,25.5,66.0
20260813T140135Z,25.5,65.5
20260813T140150Z,25.4,65.0
20260813T140205Z,25.4,64.7
20260813T140220Z,25.4,64.4
20260813T140235Z,25.3,64.2
20260813T140250Z,25.3,65.0
20260813T140305Z,25.3,66.3
20260813T140320Z,25.3,67.9
20260813T140335Z,25.3,69.1
20260813T140350Z,25.3,69.7
20260813T140405Z,25.4,70.2
20260813T140420Z,25.4,70.5
20260813T140435Z,25.4,70.9
20260813T140450Z,25.5,71.2
20260813T140505Z,25.5,71.5
20260813T140520Z,25.5,72.1
20260813T140535Z,25.6,72.4
20260813T140550Z,25.6,72.7
20260813T140605Z,25.6,73.0
20260813T140620Z,25.7,73.4
20260813T140635Z,25.7,73.8
20260813T140650Z,25.7,74.0
20260813T140705Z,25.8,74.4
20260813T140720Z,25.8,74.6
20260813T140735Z,25.8,75.4
20260813T140750Z,25.9,75.9
20260813T140805Z,25.9,76.1
20260813T140820Z,25.9,76.5
20260813T140835Z,25.9,76.9
20260813T140850Z,26.0,76.9
20260813T140905Z,26.0,77.3
20260813T140920Z,26.0,77.4
20260813T140935Z,26.0,77.8
20260813T140950Z,26.1,77.7
20260813T141005Z,26.1,78.3
20260813T141020Z,26.1,78.5
20260813T141035Z,26.1,78.8
20260813T141050Z,26.2,78.8
20260813T141105Z,26.2,78.7
20260813T141120Z,26.2,77.8
20260813T141135Z,26.2,77.1
20260813T141150Z,26.2,76.6
20260813T141205Z,26.2,75.7
20260813T141220Z,26.2,74.6
20260813T141235Z,26.2,73.8
20260813T141250Z,26.1,73.0
20260813T141305Z,26.1,72.8
20260813T141320Z,26.0,72.1
20260813T141335Z,26.0,71.4
20260813T141350Z,26.0,71.2
20260813T141405Z,25.9,70.2
20260813T141420Z,25.8,69.8
20260813T141435Z,25.8,69.7
20260813T141450Z,25.7,69.6
20260813T141505Z,25.7,68.7
20260813T141520Z,25.6,68.3
20260813T141535Z,25.6,68.0
20260813T141550Z,25.5,67.6
20260813T141605Z,25.5,67.1
20260813T141620Z,25.4,66.9
20260813T141635Z,25.4,66.3
20260813T141650Z,25.3,65.7
20260813T141705Z,25.3,65.8
20260813T141720Z,25.3,65.1
20260813T141735Z,25.2,65.1
20260813T141750Z,25.2,64.9
20260813T141805Z,25.2,64.3
20260813T141820Z,25.1,64.9
20260813T141835Z,25.1,66.7
20260813T141850Z,25.2,68.0
20260813T141905Z,25.2,69.0
20260813T141920Z,25.2,69.9
20260813T141935Z,25.2,70.3
20260813T141950Z,25.3,70.6
20260813T142005Z,25.3,71.0
20260813T142020Z,25.3,71.3
20260813T142035Z,25.4,71.6
20260813T142050Z,25.4,71.9
20260813T142105Z,25.4,72.2
20260813T142120Z,25.5,72.7
20260813T142135Z,25.5,73.0
20260813T142150Z,25.5,73.4
20260813T142205Z,25.6,73.8
20260813T142220Z,25.6,74.2
20260813T142235Z,25.6,74.4
20260813T142250Z,25.6,74.7
20260813T142305Z,25.7,75.0
20260813T142320Z,25.7,75.3
20260813T142335Z,25.7,75.7
20260813T142350Z,25.8,75.8
20260813T142405Z,25.8,76.2
20260813T142420Z,25.8,76.5
20260813T142435Z,25.8,76.8
20260813T142450Z,25.9,77.0
20260813T142505Z,25.9,77.1
20260813T142520Z,25.9,77.4
20260813T142535Z,26.0,77.7
20260813T142550Z,26.0,77.9
20260813T142605Z,26.0,78.1
20260813T142620Z,26.0,78.4
20260813T142635Z,26.1,78.7
20260813T142650Z,26.1,79.0
20260813T142705Z,26.1,79.4
20260813T142720Z,26.1,79.4
20260813T142735Z,26.1,79.6
20260813T142750Z,26.1,80.0
20260813T142805Z,26.2,80.1
20260813T142820Z,26.2,79.3
20260813T142835Z,26.2,79.0
20260813T142850Z,26.2,78.1
20260813T142905Z,26.2,77.6
20260813T142920Z,26.2,77.1
20260813T142935Z,26.2,76.4
20260813T142950Z,26.2,75.5
20260813T143005Z,26.2,74.7
20260813T143020Z,26.1,73.8
20260813T143035Z,26.1,73.2
20260813T143050Z,26.1,72.6
20260813T143105Z,26.0,72.1
20260813T143120Z,25.9,71.2
20260813T143135Z,25.9,71.3
20260813T143150Z,25.8,70.5
20260813T143205Z,25.8,69.8
20260813T143220Z,25.7,69.4
20260813T143235Z,25.7,68.7
20260813T143250Z,25.6,68.7
20260813T143305Z,25.6,68.0
20260813T143320Z,25.5,67.8
20260813T143335Z,25.5,67.2
20260813T143350Z,25.4,66.5
20260813T143405Z,25.4,66.2
20260813T143420Z,25.3,65.9
20260813T143435Z,25.3,65.7
20260813T143450Z,25.3,65.1
20260813T143505Z,25.2,65.1
20260813T143520Z,25.2,64.8
20260813T143535Z,25.2,65.9
20260813T143550Z,25.1,67.1
20260813T143605Z,25.1,68.8
20260813T143620Z,25.2,69.9
20260813T143635Z,25.2,70.4
20260813T143650Z,25.2,70.8
20260813T143705Z,25.2,71.4
20260813T143720Z,25.3,71.5
20260813T143735Z,25.3,71.9
20260813T143750Z,25.3,72.2
20260813T143805Z,25.3,72.6
20260813T143820Z,25.4,72.9
20260813T143835Z,25.4,73.2
20260813T143850Z,25.4,73.5
20260813T143905Z,25.5,73.9
20260813T143920Z,25.5,74.2
20260813T143935Z,25.5,74.6
20260813T143950Z,25.6,74.9
20260813T144005Z,25.6,75.1
20260813T144020Z,25.6,75.3
20260813T144035Z,25.7,75.6
20260813T144050Z,25.7,76.0
20260813T144105Z,25.7,76.2
20260813T144120Z,25.8,76.3
20260813T144135Z,25.8,76.7
20260813T144150Z,25.8,77.0
20260813T144205Z,25.8,77.4
20260813T144220Z,25.9,77.6
20260813T144235Z,25.9,77.7
20260813T144250Z,25.9,78.3
20260813T144305Z,25.9,78.4
20260813T144320Z,25.9,78.6
20260813T144335Z,25.9,78.8
20260813T144350Z,26.0,79.0
20260813T144405Z,26.0,79.1
20260813T144420Z,26.0,79.4
20260813T144435Z,26.0,79.8
20260813T144450Z,26.0,79.9
20260813T144505Z,26.1,80.1
20260813T144520Z,26.1,80.2
20260813T144535Z,26.1,80.5
20260813T144550Z,26.1,80.6
20260813T144605Z,26.1,80.0
20260813T144620Z,26.1,79.8
20260813T144635Z,26.1,78.6
20260813T144650Z,26.1,78.2
20260813T144705Z,26.1,77.5
20260813T144720Z,26.1,77.0
20260813T144735Z,26.1,76.2
20260813T144750Z,26.1,75.4
20260813T144805Z,26.1,73.9
20260813T144820Z,26.0,72.8
20260813T144835Z,26.0,72.1
20260813T144850Z,25.9,71.6
20260813T144905Z,25.9,71.7
20260813T144920Z,25.8,71.3
20260813T144935Z,25.8,70.6
20260813T144950Z,25.7,70.2
20260813T145005Z,25.6,69.9
20260813T145020Z,25.6,69.3
20260813T145035Z,25.5,68.8
20260813T145050Z,25.5,68.7
20260813T145105Z,25.4,68.3
20260813T145120Z,25.4,67.6
20260813T145135Z,25.3,67.2
20260813T145150Z,25.3,66.8
20260813T145205Z,25.3,66.3
20260813T145220Z,25.2,66.0
20260813T145235Z,25.2,65.9
20260813T145250Z,25.2,67.0
20260813T145305Z,25.1,68.4
20260813T145320Z,25.1,69.9
20260813T145335Z,25.1,70.8
20260813T145350Z,25.2,71.3
20260813T145405Z,25.2,71.7
20260813T145420Z,25.2,72.3
20260813T145435Z,25.3,72.6
20260813T145450Z,25.3,72.7
20260813T145505Z,25.3,73.1
20260813T145520Z,25.3,73.4
20260813T145535Z,25.3,73.8
20260813T145550Z,25.4,74.2
20260813T145605Z,25.4,74.5
20260813T145620Z,25.5,74.8
20260813T145635Z,25.5,74.9
20260813T145650Z,25.5,75.4
20260813T145705Z,25.5,75.7
20260813T145720Z,25.6,75.9
20260813T145735Z,25.6,76.1
20260813T145750Z,25.7,76.6
20260813T145805Z,25.7,76.8
20260813T145820Z,25.7,77.1
20260813T145835Z,25.7,77.3
20260813T145850Z,25.8,77.4
20260813T145905Z,25.8,77.7
20260813T145920Z,25.8,78.0
20260813T145935Z,25.8,78.4
20260813T145950Z,25.8,78.4
20260813T150005Z,25.9,78.8
20260813T150020Z,25.9,79.1
20260813T150035Z,25.9,79.3
20260813T150050Z,25.9,79.3
20260813T150105Z,25.9,79.6
20260813T150120Z,26.0,79.9
20260813T150135Z,26.0,80.1
20260813T150150Z,26.0,80.4
20260813T150205Z,26.0,80.5
20260813T150220Z,26.0,80.6
20260813T150235Z,26.0,80.8
20260813T150250Z,26.1,80.9
20260813T150305Z,26.1,81.1
20260813T150320Z,26.1,81.3
20260813T150335Z,26.1,80.6
20260813T150350Z,26.1,80.1
20260813T150405Z,26.1,79.4
20260813T150420Z,26.1,78.8
20260813T150435Z,26.1,78.2
20260813T150450Z,26.1,77.3
20260813T150505Z,26.1,76.5
20260813T150520Z,26.1,75.3
20260813T150535Z,26.1,74.9
20260813T150550Z,26.0,74.1
20260813T150605Z,26.0,73.1
20260813T150620Z,26.0,72.6
20260813T150635Z,25.9,72.3
20260813T150652Z,25.9,71.0
20260813T150705Z,25.8,70.5
20260813T150720Z,25.7,70.5
20260813T150735Z,25.7,70.0
20260813T150750Z,25.6,69.5
20260813T150805Z,25.6,69.0
20260813T150820Z,25.5,68.8
20260813T150835Z,25.5,67.8
20260813T150850Z,25.4,67.9
20260813T150905Z,25.4,66.9
20260813T150920Z,25.3,66.3
20260813T150935Z,25.3,66.3
20260813T150950Z,25.2,65.8
20260813T151005Z,25.2,66.5
20260813T151020Z,25.1,68.0
20260813T151035Z,25.1,69.5
20260813T151050Z,25.1,70.7
20260813T151105Z,25.1,71.5
20260813T151120Z,25.1,72.0
20260813T151135Z,25.1,72.6
20260813T151150Z,25.2,73.1
20260813T151205Z,25.2,73.3
20260813T151220Z,25.2,73.7
20260813T151235Z,25.2,73.9
20260813T151250Z,25.3,74.5
20260813T151305Z,25.3,74.7
20260813T151320Z,25.3,74.9
20260813T151335Z,25.4,75.4
20260813T151350Z,25.4,75.7
20260813T151405Z,25.4,75.8
20260813T151420Z,25.5,75.9
20260813T151435Z,25.5,76.4
20260813T151450Z,25.5,76.8
20260813T151505Z,25.6,76.9
20260813T151520Z,25.6,77.2
20260813T151535Z,25.6,77.4
20260813T151550Z,25.6,77.8
20260813T151605Z,25.7,78.0
20260813T151620Z,25.7,78.3
20260813T151635Z,25.7,78.5
20260813T151650Z,25.7,78.6
20260813T151705Z,25.7,79.1
20260813T151720Z,25.8,79.3
20260813T151735Z,25.8,79.4
20260813T151750Z,25.8,79.4
20260813T151805Z,25.8,79.8
20260813T151820Z,25.8,80.1
20260813T151835Z,25.9,80.1
20260813T151850Z,25.9,80.4
20260813T151905Z,25.9,80.7
20260813T151920Z,25.9,80.7
20260813T151935Z,25.9,81.0
20260813T151950Z,25.9,81.1
20260813T152005Z,26.0,81.4
20260813T152020Z,26.0,81.6
20260813T152035Z,26.0,81.7
20260813T152050Z,26.0,81.7
20260813T152105Z,26.1,81.3
20260813T152120Z,26.0,80.6
20260813T152135Z,26.1,79.9
20260813T152150Z,26.1,79.2
20260813T152205Z,26.1,78.5
20260813T152220Z,26.1,78.0
20260813T152235Z,26.1,77.3
20260813T152250Z,26.0,76.2
20260813T152305Z,26.0,75.5
20260813T152320Z,26.0,74.8
20260813T152335Z,26.0,74.0
20260813T152350Z,26.0,72.9
20260813T152405Z,25.9,72.8
20260813T152420Z,25.9,72.2
20260813T152435Z,25.9,71.6
20260813T152450Z,25.9,71.0
20260813T152505Z,25.8,70.2
20260813T152520Z,25.8,69.3
20260813T152535Z,25.7,68.6
20260813T152550Z,25.7,68.1
20260813T152605Z,25.7,68.0
20260813T152620Z,25.6,67.0
20260813T152635Z,25.6,66.5
20260813T152650Z,25.5,65.8
20260813T152705Z,25.5,65.6
20260813T152720Z,25.4,65.4
20260813T152735Z,25.4,64.8
20260813T152750Z,25.3,64.3
20260813T152805Z,25.3,63.5
20260813T152820Z,25.2,64.3
20260813T152835Z,25.2,66.1
20260813T152850Z,25.2,67.9
20260813T152905Z,25.2,69.2
20260813T152920Z,25.2,69.9
20260813T152935Z,25.2,70.4
20260813T152950Z,25.2,70.8
20260813T153005Z,25.3,71.2
20260813T153020Z,25.3,71.5
20260813T153035Z,25.3,71.8
20260813T153050Z,25.3,72.0
20260813T153105Z,25.3,72.4
20260813T153120Z,25.3,72.7
20260813T153135Z,25.4,73.1
20260813T153150Z,25.4,73.6
20260813T153205Z,25.4,73.9
20260813T153220Z,25.4,74.0
20260813T153235Z,25.5,74.4
20260813T153250Z,25.5,75.0
20260813T153305Z,25.5,75.2
20260813T153320Z,25.5,75.5
20260813T153335Z,25.6,75.6
20260813T153350Z,25.6,75.9
20260813T153405Z,25.6,76.3
20260813T153420Z,25.7,76.6
20260813T153435Z,25.7,76.9
20260813T153450Z,25.7,77.2
20260813T153505Z,25.7,77.3
20260813T153520Z,25.7,77.7
20260813T153535Z,25.8,77.8
20260813T153550Z,25.8,78.1
20260813T153605Z,25.8,78.4
20260813T153620Z,25.8,78.8
20260813T153635Z,25.8,79.0
20260813T153650Z,25.8,79.2
20260813T153705Z,25.8,79.4
20260813T153720Z,25.9,79.4
20260813T153735Z,25.9,79.8
20260813T153750Z,25.9,79.9
20260813T153805Z,25.9,80.3
20260813T153820Z,25.9,80.4
20260813T153835Z,25.9,80.6
20260813T153850Z,25.9,80.8
20260813T153905Z,25.9,81.0
20260813T153920Z,26.0,81.2
20260813T153935Z,26.0,81.2
20260813T153950Z,26.0,81.7
20260813T154005Z,26.0,81.3
20260813T154020Z,26.0,81.2
20260813T154035Z,26.0,79.9
20260813T154050Z,26.0,79.5
20260813T154105Z,26.0,78.9
20260813T154120Z,26.0,78.5
20260813T154135Z,26.0,77.6
20260813T154150Z,26.0,76.7
20260813T154205Z,26.0,75.1
20260813T154220Z,26.0,74.2
20260813T154235Z,25.9,73.7
20260813T154250Z,25.9,73.3
20260813T154305Z,25.8,72.9
20260813T154320Z,25.7,72.5
20260813T154335Z,25.7,71.8
20260813T154350Z,25.6,71.6
20260813T154405Z,25.6,72.3
20260813T154420Z,25.6,73.6
20260813T154435Z,25.5,74.9
20260813T154450Z,25.5,75.7
20260813T154505Z,25.5,76.4
20260813T154520Z,25.5,76.7
20260813T154535Z,25.5,77.4
20260813T154550Z,25.5,78.1
20260813T154605Z,25.5,78.4
20260813T154620Z,25.5,78.7
20260813T154635Z,25.5,79.2
20260813T154650Z,25.5,79.7
20260813T154705Z,25.5,80.1
20260813T154720Z,25.5,80.4
20260813T154735Z,25.5,80.8
20260813T154750Z,25.5,81.1
20260813T154805Z,25.6,81.4
20260813T154820Z,25.6,81.8
20260813T154835Z,25.6,82.0
20260813T154850Z,25.6,82.3
20260813T154905Z,25.6,82.5
20260813T154920Z,25.6,82.9
20260813T154935Z,25.6,83.0
20260813T154950Z,25.7,83.3
20260813T155005Z,25.7,83.6
20260813T155020Z,25.7,83.7
20260813T155035Z,25.7,84.1
20260813T155050Z,25.7,84.1
20260813T155105Z,25.7,84.3
20260813T155120Z,25.8,84.6
20260813T155135Z,25.8,84.6
20260813T155150Z,25.8,84.8
20260813T155205Z,25.8,85.0
20260813T155220Z,25.9,85.2
20260813T155235Z,25.9,85.3
20260813T155250Z,25.9,85.5
20260813T155305Z,25.9,85.6
20260813T155320Z,25.9,85.7
20260813T155335Z,26.0,85.9
20260813T155350Z,26.0,85.9
20260813T155405Z,26.0,86.1
20260813T155420Z,26.0,86.0
20260813T155435Z,26.0,86.2
20260813T155450Z,26.0,86.3
20260813T155505Z,26.1,86.4
20260813T155520Z,26.1,86.4
20260813T155535Z,26.1,86.4
20260813T155550Z,26.1,86.6
20260813T155605Z,26.1,86.7
20260813T155620Z,26.2,86.8
20260813T155635Z,26.2,86.8
20260813T155650Z,26.2,86.9
20260813T155705Z,26.2,86.9
20260813T155720Z,26.2,87.1
20260813T155735Z,26.2,87.0
20260813T155750Z,26.3,87.0
20260813T155805Z,26.3,87.0
20260813T155820Z,26.3,87.1
20260813T155835Z,26.3,87.2
20260813T155850Z,26.3,87.3
20260813T155905Z,26.3,87.3
20260813T155920Z,26.3,87.4
20260813T155935Z,26.4,87.3
20260813T155950Z,26.4,87.3
20260813T160005Z,26.4,87.3
20260813T160020Z,26.4,87.5
20260813T160035Z,26.4,87.4
20260813T160050Z,26.4,87.4
20260813T160105Z,26.5,87.4
20260813T160120Z,26.5,87.4
20260813T160135Z,26.5,87.4
20260813T160150Z,26.5,87.4
20260813T160205Z,26.5,87.5
20260813T160220Z,26.5,87.4
20260813T160235Z,26.5,87.4
20260813T160250Z,26.6,87.3
20260813T160305Z,26.6,87.4
20260813T160320Z,26.6,87.4
20260813T160335Z,26.6,87.4
20260813T160350Z,26.6,87.5
20260813T160405Z,26.6,87.4
20260813T160420Z,26.7,87.4
20260813T160435Z,26.7,87.4
20260813T160450Z,26.7,87.4
20260813T160505Z,26.7,87.4
20260813T160520Z,26.7,87.4
20260813T160535Z,26.7,87.4
20260813T160550Z,26.7,87.4
20260813T160605Z,26.8,87.4
20260813T160620Z,26.8,87.5
20260813T160635Z,26.8,87.4
20260813T160650Z,26.8,87.4
20260813T160705Z,26.8,87.4
20260813T160720Z,26.8,87.3
20260813T160735Z,26.8,87.4
20260813T160750Z,26.8,87.4
20260813T160805Z,26.8,87.4
20260813T160820Z,26.8,87.4
20260813T160835Z,26.9,87.4
20260813T160850Z,26.9,87.4
20260813T160905Z,26.9,87.4
20260813T160920Z,26.9,87.4
20260813T160935Z,26.9,87.4
20260813T160950Z,26.9,87.4
20260813T161005Z,26.9,87.3
20260813T161020Z,26.9,87.4
20260813T161035Z,26.9,87.4
20260813T161050Z,26.9,87.3
20260813T161105Z,26.9,87.4
20260813T161120Z,26.9,87.4
20260813T161135Z,26.9,87.4
20260813T161150Z,26.9,87.3
20260813T161205Z,26.9,87.4
20260813T161220Z,27.0,87.4
20260813T161235Z,27.0,87.3
20260813T161250Z,27.0,87.3
20260813T161305Z,27.0,87.4
20260813T161320Z,27.0,87.4
20260813T161335Z,27.0,87.3
20260813T161350Z,27.0,87.4
20260813T161405Z,27.0,87.3
20260813T161420Z,27.0,87.3
20260813T161435Z,27.0,87.2
20260813T161450Z,27.1,87.3
20260813T161505Z,27.1,87.3
20260813T161520Z,27.1,87.3
20260813T161535Z,27.1,87.3
20260813T161550Z,27.1,87.3
20260813T161605Z,27.1,87.2
20260813T161620Z,27.1,87.3
20260813T161635Z,27.1,87.3
20260813T161650Z,27.1,87.2
20260813T161705Z,27.1,87.2
20260813T161720Z,27.1,87.2
20260813T161735Z,27.1,87.2
20260813T161750Z,27.1,87.2
20260813T161805Z,27.1,87.2
20260813T161820Z,27.1,87.2
20260813T161835Z,27.1,87.2
20260813T161850Z,27.1,87.2
20260813T161905Z,27.2,87.1
20260813T161920Z,27.2,87.1
20260813T161935Z,27.2,87.1
20260813T161950Z,27.2,87.1
20260813T162005Z,27.2,87.2
20260813T162020Z,27.2,87.1
20260813T162035Z,27.2,87.2
20260813T162050Z,27.2,87.2
20260813T162105Z,27.2,87.1
20260813T162120Z,27.2,87.1
20260813T162135Z,27.2,87.1
20260813T162150Z,27.2,87.1
20260813T162205Z,27.2,87.1
20260813T162220Z,27.2,87.1
20260813T162235Z,27.2,87.1
20260813T162250Z,27.2,87.1
20260813T162305Z,27.2,87.1
20260813T162320Z,27.2,87.1
20260813T162335Z,27.2,87.1
20260813T162350Z,27.2,87.0
20260813T162405Z,27.2,87.0
20260813T162420Z,27.2,87.1
20260813T162435Z,27.2,87.0
20260813T162450Z,27.2,87.1
20260813T162505Z,27.3,87.0
20260813T162520Z,27.2,87.1
20260813T162535Z,27.3,87.0
20260813T162550Z,27.2,87.0
20260813T162605Z,27.2,87.0
20260813T162620Z,27.3,87.0
20260813T162635Z,27.3,87.0
20260813T162650Z,27.2,87.0
20260813T162705Z,27.3,87.0
20260813T162720Z,27.3,87.0
20260813T162735Z,27.2,87.0
20260813T162750Z,27.3,87.0
20260813T162805Z,27.3,87.0
20260813T162820Z,27.3,87.0
20260813T162835Z,27.3,87.0
20260813T162850Z,27.3,87.1
20260813T162905Z,27.3,87.0
20260813T162920Z,27.3,87.0
20260813T162935Z,27.3,87.0
20260813T162950Z,27.3,87.0
20260813T163005Z,27.3,87.0
20260813T163020Z,27.3,87.0
20260813T163035Z,27.3,87.0
20260813T163050Z,27.3,87.0
20260813T163105Z,27.3,87.0
20260813T163120Z,27.3,87.0
20260813T163135Z,27.3,87.0
20260813T163150Z,27.3,87.0
20260813T163205Z,27.3,87.0
20260813T163220Z,27.3,86.9
20260813T163235Z,27.3,87.0
20260813T163250Z,27.3,87.0
20260813T163305Z,27.3,87.0
20260813T163320Z,27.3,87.0
20260813T163335Z,27.3,86.9
20260813T163350Z,27.3,86.9
20260813T163405Z,27.3,86.9
20260813T163420Z,27.3,86.9
20260813T163435Z,27.3,86.9
20260813T163450Z,27.3,86.9
20260813T163505Z,27.3,86.9
20260813T163520Z,27.3,86.9
20260813T163535Z,27.3,86.9
20260813T163550Z,27.3,86.9
20260813T163605Z,27.4,86.9
20260813T163620Z,27.3,86.9
20260813T163635Z,27.3,86.8
20260813T163650Z,27.4,86.8
20260813T163705Z,27.3,86.8
20260813T163720Z,27.4,86.8
20260813T163735Z,27.4,86.8
20260813T163750Z,27.4,86.8
20260813T163805Z,27.4,86.9
20260813T163820Z,27.4,86.8
20260813T163835Z,27.4,86.8
20260813T163850Z,27.4,86.8
20260813T163905Z,27.4,86.8
20260813T163920Z,27.4,86.8
20260813T163935Z,27.4,86.8
20260813T163950Z,27.4,86.8
20260813T164005Z,27.4,86.8
20260813T164020Z,27.4,86.8
20260813T164035Z,27.4,86.8
20260813T164050Z,27.4,86.9
20260813T164105Z,27.4,87.0
20260813T164120Z,27.4,87.1
20260813T164135Z,27.4,87.1
20260813T164150Z,27.4,86.6
20260813T164205Z,27.4,85.6
20260813T164220Z,27.4,84.7
20260813T164235Z,27.3,84.5
20260813T164250Z,27.3,83.4
20260813T164305Z,27.2,83.3
20260813T164320Z,27.2,82.9
20260813T164335Z,27.1,82.0
20260813T164351Z,27.0,82.1
20260813T164406Z,26.9,81.0
20260813T164421Z,26.9,81.1
20260813T164436Z,26.8,79.7
20260813T164451Z,26.7,80.2
20260813T164506Z,26.6,79.9
20260813T164521Z,26.6,78.8
20260813T164536Z,26.5,78.9
20260813T164551Z,26.4,78.1
20260813T164606Z,26.3,78.2
20260813T164621Z,26.2,77.3
20260813T164636Z,26.2,77.8
20260813T164651Z,26.1,77.0
20260813T164706Z,26.0,78.2
20260813T164721Z,26.0,77.3
20260813T164736Z,25.9,76.6
20260813T164751Z,25.9,75.8
20260813T164806Z,25.8,75.2
20260813T164821Z,25.8,75.6
20260813T164836Z,25.8,74.5
20260813T164851Z,25.7,74.2
20260813T164906Z,25.7,73.9
20260813T164921Z,25.6,72.9
20260813T164936Z,25.6,72.5
20260813T164951Z,25.6,72.0
20260813T165006Z,25.5,71.5
20260813T165021Z,25.5,71.4
20260813T165036Z,25.4,70.8
20260813T165051Z,25.4,70.3
20260813T165106Z,25.4,69.7
20260813T165121Z,25.4,70.2
20260813T165136Z,25.3,71.7
20260813T165151Z,25.3,72.7
20260813T165206Z,25.3,73.5
20260813T165221Z,25.3,74.5
20260813T165236Z,25.3,74.8
20260813T165251Z,25.4,75.1
20260813T165306Z,25.4,75.5
20260813T165321Z,25.4,76.1
20260813T165336Z,25.4,76.7
20260813T165351Z,25.4,77.1
20260813T165406Z,25.5,77.5
20260813T165421Z,25.5,78.1
20260813T165436Z,25.5,78.5
20260813T165451Z,25.6,78.7
20260813T165506Z,25.6,79.1
20260813T165521Z,25.6,79.4
20260813T165536Z,25.6,79.7
20260813T165551Z,25.7,80.1
20260813T165606Z,25.7,80.6
20260813T165621Z,25.7,80.8
20260813T165636Z,25.7,81.1
20260813T165651Z,25.7,81.5
20260813T165706Z,25.8,81.6
20260813T165721Z,25.8,81.8
20260813T165736Z,25.8,82.2
20260813T165751Z,25.8,82.3
20260813T165806Z,25.9,82.8
20260813T165821Z,25.9,82.9
20260813T165836Z,25.9,83.1
20260813T165851Z,25.9,83.6
20260813T165906Z,25.9,83.6
20260813T165921Z,25.9,83.8
20260813T165936Z,26.0,84.2
20260813T165951Z,26.0,84.2
20260813T170006Z,26.0,84.6
20260813T170021Z,26.0,84.5
20260813T170036Z,26.0,84.4
20260813T170051Z,26.1,83.0
20260813T170106Z,26.1,82.5
20260813T170121Z,26.1,82.2
20260813T170136Z,26.1,81.0
20260813T170151Z,26.0,79.8
20260813T170206Z,26.0,79.6
20260813T170221Z,26.0,79.1
20260813T170236Z,25.9,78.2
20260813T170251Z,25.9,77.8
20260813T170306Z,25.9,77.2
20260813T170321Z,25.8,76.7
20260813T170336Z,25.8,76.6
20260813T170351Z,25.7,75.6
20260813T170406Z,25.7,75.2
20260813T170421Z,25.7,74.5
20260813T170436Z,25.6,74.1
20260813T170451Z,25.6,73.9
20260813T170506Z,25.5,73.0
20260813T170521Z,25.5,72.8
20260813T170536Z,25.5,71.9
20260813T170551Z,25.4,71.8
20260813T170606Z,25.4,72.2
20260813T170621Z,25.4,73.3
20260813T170636Z,25.4,74.5
20260813T170651Z,25.4,75.4
20260813T170706Z,25.4,75.9
20260813T170721Z,25.4,76.5
20260813T170736Z,25.4,76.7
20260813T170751Z,25.4,77.2
20260813T170806Z,25.4,77.5
20260813T170821Z,25.4,77.9
20260813T170836Z,25.4,78.3
20260813T170851Z,25.5,78.6
20260813T170906Z,25.5,79.0
20260813T170921Z,25.5,79.4
20260813T170936Z,25.5,79.7
20260813T170951Z,25.5,80.0
20260813T171006Z,25.6,80.4
20260813T171021Z,25.6,80.7
20260813T171036Z,25.6,81.0
20260813T171051Z,25.6,81.4
20260813T171106Z,25.6,81.6
20260813T171121Z,25.7,81.9
20260813T171136Z,25.7,82.1
20260813T171151Z,25.7,82.6
20260813T171206Z,25.7,82.7
20260813T171221Z,25.7,82.9
20260813T171236Z,25.8,83.1
20260813T171251Z,25.8,83.3
20260813T171306Z,25.8,83.4
20260813T171321Z,25.8,83.7
20260813T171336Z,25.8,84.0
20260813T171351Z,25.8,84.1
20260813T171406Z,25.9,84.3
20260813T171421Z,25.9,84.4
20260813T171436Z,25.9,84.7
20260813T171451Z,25.9,84.9
20260813T171506Z,26.0,85.0
20260813T171521Z,26.0,85.0
20260813T171536Z,26.0,85.0
20260813T171551Z,26.0,85.3
20260813T171606Z,26.0,85.4
20260813T171621Z,26.0,85.7
20260813T171636Z,26.1,85.8
20260813T171651Z,26.1,85.1
20260813T171706Z,26.1,84.6
20260813T171721Z,26.1,83.7
20260813T171736Z,26.1,83.1
20260813T171751Z,26.0,82.8
20260813T171806Z,26.0,81.9
20260813T171821Z,26.0,81.4
20260813T171836Z,26.0,80.2
20260813T171851Z,26.0,79.5
20260813T171906Z,25.9,78.7
20260813T171921Z,25.9,78.5
20260813T171936Z,25.8,78.6
20260813T171951Z,25.8,77.6
20260813T172006Z,25.7,76.3
20260813T172021Z,25.7,76.3
20260813T172036Z,25.7,75.5
20260813T172051Z,25.6,74.8
20260813T172106Z,25.6,74.6
20260813T172121Z,25.5,74.3
20260813T172136Z,25.5,73.7
20260813T172151Z,25.4,72.9
20260813T172206Z,25.4,72.9
20260813T172221Z,25.4,73.6
20260813T172236Z,25.3,74.8
20260813T172251Z,25.3,75.4
20260813T172306Z,25.3,76.2
20260813T172321Z,25.3,76.8
20260813T172336Z,25.3,77.5
20260813T172351Z,25.3,77.8
20260813T172406Z,25.3,78.3
20260813T172421Z,25.3,78.6
20260813T172436Z,25.3,78.9
20260813T172451Z,25.4,79.3
20260813T172506Z,25.4,79.7
20260813T172521Z,25.4,80.0
20260813T172536Z,25.4,80.4
20260813T172551Z,25.4,80.5
20260813T172606Z,25.5,81.0
20260813T172621Z,25.5,81.2
20260813T172636Z,25.5,81.4
20260813T172651Z,25.5,82.0
20260813T172706Z,25.5,82.1
20260813T172721Z,25.5,82.7
20260813T172736Z,25.6,82.6
20260813T172751Z,25.6,82.8
20260813T172806Z,25.6,83.1
20260813T172821Z,25.6,83.1
20260813T172836Z,25.7,83.4
20260813T172851Z,25.7,83.7
20260813T172906Z,25.7,83.9
20260813T172921Z,25.7,83.9
20260813T172936Z,25.7,84.3
20260813T172951Z,25.8,84.5
20260813T173006Z,25.8,84.6
20260813T173021Z,25.8,84.9
20260813T173036Z,25.8,85.0
20260813T173051Z,25.8,85.2
20260813T173106Z,25.8,85.3
20260813T173121Z,25.9,85.4
20260813T173136Z,25.9,85.6
20260813T173151Z,25.9,85.6
20260813T173206Z,25.9,85.7
20260813T173221Z,25.9,85.9
20260813T173236Z,25.9,86.0
20260813T173251Z,26.0,86.1
20260813T173306Z,26.0,86.3
20260813T173321Z,26.0,86.3
20260813T173336Z,26.0,86.4
20260813T173351Z,26.1,86.2
20260813T173406Z,26.1,86.2
20260813T173421Z,26.1,85.0
20260813T173436Z,26.1,84.1
20260813T173451Z,26.1,83.2
20260813T173506Z,26.0,82.6
20260813T173521Z,26.0,82.4
20260813T173536Z,26.0,81.0
20260813T173551Z,26.0,80.5
20260813T173606Z,25.9,80.2
20260813T173621Z,25.9,79.6
20260813T173636Z,25.9,79.3
20260813T173651Z,25.8,78.7
20260813T173706Z,25.8,78.1
20260813T173721Z,25.7,77.3
20260813T173736Z,25.7,76.9
20260813T173751Z,25.7,76.3
20260813T173806Z,25.6,75.2
20260813T173821Z,25.6,75.0
20260813T173836Z,25.5,74.7
20260813T173851Z,25.5,73.9
20260813T173906Z,25.4,74.0
20260813T173921Z,25.4,74.7
20260813T173936Z,25.4,75.9
20260813T173951Z,25.4,76.9
20260813T174006Z,25.3,77.3
20260813T174021Z,25.3,77.8
20260813T174036Z,25.3,78.3
20260813T174051Z,25.3,78.7
20260813T174106Z,25.3,79.0
20260813T174121Z,25.3,79.3
20260813T174136Z,25.3,79.7
20260813T174151Z,25.4,80.1
20260813T174206Z,25.4,80.4
20260813T174221Z,25.4,80.7
20260813T174236Z,25.4,81.1
20260813T174251Z,25.4,81.4
20260813T174306Z,25.4,81.7
20260813T174321Z,25.5,81.9
20260813T174336Z,25.5,82.2
20260813T174351Z,25.5,82.4
20260813T174406Z,25.5,82.6
20260813T174421Z,25.5,82.9
20260813T174436Z,25.6,83.1
20260813T174451Z,25.6,83.4
20260813T174506Z,25.6,83.5
20260813T174521Z,25.6,83.9
20260813T174536Z,25.6,84.1
20260813T174551Z,25.7,84.4
20260813T174606Z,25.7,84.6
20260813T174621Z,25.7,84.7
20260813T174636Z,25.7,84.7
20260813T174651Z,25.7,85.0
20260813T174706Z,25.8,85.2
20260813T174721Z,25.8,85.4
20260813T174736Z,25.8,85.5
20260813T174751Z,25.8,85.7
20260813T174806Z,25.8,85.8
20260813T174821Z,25.9,85.8
20260813T174836Z,25.9,86.0
20260813T174851Z,25.9,86.0
20260813T174906Z,25.9,86.1
20260813T174921Z,25.9,86.3
20260813T174936Z,25.9,86.5
20260813T174951Z,26.0,86.6
20260813T175006Z,26.0,86.5
20260813T175021Z,26.0,86.5
20260813T175036Z,26.0,86.6
20260813T175051Z,26.0,86.9
20260813T175106Z,26.0,86.7
20260813T175121Z,26.0,86.6
20260813T175136Z,26.1,85.2
20260813T175151Z,26.0,84.5
20260813T175206Z,26.0,83.5
20260813T175221Z,26.0,82.8
20260813T175236Z,26.0,82.4
20260813T175251Z,25.9,81.4
20260813T175306Z,25.9,81.6
20260813T175321Z,25.9,80.9
20260813T175336Z,25.8,80.0
20260813T175351Z,25.8,78.6
20260813T175406Z,25.7,79.0
20260813T175421Z,25.7,78.1
20260813T175436Z,25.7,77.7
20260813T175451Z,25.6,77.2
20260813T175506Z,25.6,76.5
20260813T175521Z,25.5,76.1
20260813T175536Z,25.5,75.5
20260813T175551Z,25.4,74.7
20260813T175606Z,25.4,74.0
20260813T175621Z,25.3,74.4
20260813T175636Z,25.3,75.4
20260813T175651Z,25.2,76.2
20260813T175706Z,25.2,77.4
20260813T175721Z,25.2,77.9
20260813T175736Z,25.2,78.5
20260813T175751Z,25.2,78.8
20260813T175806Z,25.2,79.1
20260813T175821Z,25.2,79.6
20260813T175836Z,25.2,79.9
20260813T175851Z,25.2,80.3
20260813T175906Z,25.2,80.6
20260813T175921Z,25.3,80.9
20260813T175936Z,25.3,81.1
20260813T175951Z,25.3,81.6
20260813T180006Z,25.4,82.0
20260813T180021Z,25.4,82.1
20260813T180036Z,25.4,82.4
20260813T180051Z,25.4,82.8
20260813T180106Z,25.4,82.9
20260813T180121Z,25.4,83.3
20260813T180136Z,25.5,83.5
20260813T180151Z,25.5,83.7
20260813T180206Z,25.5,83.9
20260813T180221Z,25.5,84.1
20260813T180236Z,25.5,84.3
20260813T180251Z,25.6,84.6
20260813T180306Z,25.6,84.8
20260813T180321Z,25.6,84.7
20260813T180336Z,25.6,85.1
20260813T180351Z,25.6,85.3
20260813T180406Z,25.7,85.4
20260813T180421Z,25.7,85.4
20260813T180436Z,25.7,85.7
20260813T180451Z,25.7,85.9
20260813T180506Z,25.8,86.0
20260813T180521Z,25.8,86.1
20260813T180536Z,25.8,86.2
20260813T180551Z,25.8,86.3
20260813T180606Z,25.8,86.4
20260813T180621Z,25.8,86.5
20260813T180636Z,25.9,86.6
20260813T180651Z,25.9,86.7
20260813T180706Z,25.9,86.8
20260813T180721Z,25.9,86.9
20260813T180736Z,25.9,87.0
20260813T180751Z,25.9,87.0
20260813T180806Z,25.9,87.1
20260813T180821Z,26.0,87.2
20260813T180836Z,26.0,87.3
20260813T180851Z,26.0,87.3
20260813T180906Z,26.0,86.6
20260813T180921Z,26.0,86.5
20260813T180936Z,26.0,85.3
20260813T180951Z,26.0,84.6
20260813T181006Z,26.0,83.9
20260813T181021Z,26.0,83.5
20260813T181036Z,25.9,82.7
20260813T181051Z,25.9,82.0
20260813T181106Z,25.9,81.9
20260813T181121Z,25.8,81.3
20260813T181136Z,25.8,80.3
20260813T181151Z,25.8,79.7
20260813T181206Z,25.7,78.8
20260813T181221Z,25.7,78.2
20260813T181236Z,25.6,78.1
20260813T181251Z,25.6,77.5
20260813T181306Z,25.5,77.0
20260813T181321Z,25.5,76.4
20260813T181336Z,25.5,75.5
20260813T181351Z,25.4,74.8
20260813T181406Z,25.4,74.8
20260813T181421Z,25.3,75.4
20260813T181436Z,25.3,76.4
20260813T181451Z,25.3,77.4
20260813T181506Z,25.3,78.1
20260813T181521Z,25.3,78.7
20260813T181536Z,25.3,79.0
20260813T181551Z,25.3,79.2
20260813T181606Z,25.3,79.7
20260813T181621Z,25.3,80.0
20260813T181636Z,25.3,80.4
20260813T181651Z,25.3,80.8
20260813T181706Z,25.3,81.1
20260813T181721Z,25.3,81.5
20260813T181736Z,25.3,81.7
20260813T181751Z,25.4,82.1
20260813T181806Z,25.4,82.2
20260813T181821Z,25.4,82.5
20260813T181836Z,25.4,82.7
20260813T181851Z,25.4,83.0
20260813T181906Z,25.5,83.4
20260813T181921Z,25.5,83.7
20260813T181936Z,25.5,83.8
20260813T181951Z,25.5,84.0
20260813T182006Z,25.5,84.3
20260813T182021Z,25.5,84.6
20260813T182036Z,25.5,84.8
20260813T182051Z,25.6,85.0
20260813T182106Z,25.6,85.1
20260813T182121Z,25.6,85.3
20260813T182136Z,25.6,85.5
20260813T182151Z,25.6,85.7
20260813T182206Z,25.7,85.9
20260813T182221Z,25.7,86.1
20260813T182236Z,25.7,86.2
20260813T182251Z,25.7,86.2
20260813T182306Z,25.7,86.4
20260813T182321Z,25.7,86.6
20260813T182336Z,25.8,86.6
20260813T182351Z,25.8,86.8
20260813T182406Z,25.8,86.9
20260813T182421Z,25.8,87.1
20260813T182436Z,25.8,87.1
20260813T182451Z,25.8,87.1
20260813T182506Z,25.8,87.2
20260813T182521Z,25.9,87.4
20260813T182536Z,25.9,87.5
20260813T182551Z,25.9,87.5
20260813T182606Z,25.9,87.6
20260813T182621Z,25.9,87.6
20260813T182636Z,25.9,87.7
20260813T182651Z,26.0,87.4
20260813T182706Z,25.9,86.1
20260813T182721Z,25.9,85.4
20260813T182736Z,25.9,84.5
20260813T182751Z,25.9,83.7
20260813T182806Z,25.9,83.6
20260813T182821Z,25.8,82.7
20260813T182836Z,25.8,82.2
20260813T182851Z,25.8,81.6
20260813T182906Z,25.7,81.2
20260813T182921Z,25.7,80.4
20260813T182936Z,25.7,79.4
20260813T182951Z,25.6,79.2
20260813T183006Z,25.6,78.8
20260813T183021Z,25.5,78.2
20260813T183036Z,25.5,77.9
20260813T183051Z,25.5,77.0
20260813T183106Z,25.4,76.4
20260813T183121Z,25.4,76.0
20260813T183136Z,25.4,75.6
20260813T183151Z,25.3,76.1
20260813T183206Z,25.3,76.8
20260813T183221Z,25.3,77.5
20260813T183236Z,25.3,78.4
20260813T183251Z,25.2,78.8
20260813T183306Z,25.2,79.3
20260813T183321Z,25.2,79.7
20260813T183336Z,25.2,80.0
20260813T183351Z,25.2,80.4
20260813T183406Z,25.2,80.8
20260813T183421Z,25.3,81.0
20260813T183436Z,25.3,81.3
20260813T183451Z,25.3,81.9
20260813T183506Z,25.3,81.9
20260813T183521Z,25.3,82.4
20260813T183536Z,25.3,82.6
20260813T183551Z,25.3,83.1
20260813T183606Z,25.3,83.2
20260813T183621Z,25.4,83.4
20260813T183636Z,25.4,83.7
20260813T183651Z,25.4,84.1
20260813T183706Z,25.4,84.2
20260813T183721Z,25.4,84.6
20260813T183736Z,25.4,84.6
20260813T183751Z,25.5,84.8
20260813T183806Z,25.5,85.2
20260813T183821Z,25.5,85.4
20260813T183836Z,25.5,85.5
20260813T183851Z,25.5,85.7
20260813T183906Z,25.5,85.9
20260813T183921Z,25.6,86.1
20260813T183936Z,25.6,86.2
20260813T183951Z,25.6,86.3
20260813T184006Z,25.6,86.4
20260813T184021Z,25.6,86.5
20260813T184036Z,25.7,86.7
20260813T184051Z,25.7,86.8
20260813T184106Z,25.7,87.0
20260813T184121Z,25.7,87.0
20260813T184136Z,25.7,87.2
20260813T184151Z,25.7,87.3
20260813T184206Z,25.8,87.3
20260813T184221Z,25.8,87.3
20260813T184236Z,25.8,87.4
20260813T184251Z,25.8,87.5
20260813T184306Z,25.8,87.7
20260813T184321Z,25.8,87.7
20260813T184336Z,25.8,87.9
20260813T184351Z,25.9,87.9
20260813T184406Z,25.9,87.9
20260813T184421Z,25.9,87.9
20260813T184436Z,25.9,88.0
20260813T184451Z,25.9,88.0
20260813T184506Z,25.9,88.2
20260813T184521Z,25.9,87.4
20260813T184536Z,25.9,87.2
20260813T184551Z,25.9,85.9
20260813T184606Z,25.9,85.4
20260813T184621Z,25.9,84.7
20260813T184636Z,25.9,83.8
20260813T184651Z,25.8,83.6
20260813T184706Z,25.8,82.6
20260813T184721Z,25.8,82.1
20260813T184736Z,25.7,81.4
20260813T184751Z,25.7,81.1
20260813T184806Z,25.6,80.5
20260813T184821Z,25.6,79.9
20260813T184836Z,25.6,79.3
20260813T184851Z,25.5,78.9
20260813T184906Z,25.4,78.1
20260813T184921Z,25.4,77.6
20260813T184936Z,25.4,77.3
20260813T184951Z,25.3,76.5
20260813T185006Z,25.3,75.8
20260813T185021Z,25.2,76.2
20260813T185036Z,25.2,77.2
20260813T185051Z,25.2,78.3
20260813T185106Z,25.1,79.1
20260813T185121Z,25.2,79.5
20260813T185136Z,25.1,79.9
20260813T185151Z,25.1,80.3
20260813T185206Z,25.1,80.6
20260813T185221Z,25.2,81.2
20260813T185236Z,25.2,81.4
20260813T185251Z,25.2,81.8
20260813T185306Z,25.2,82.1
20260813T185321Z,25.2,82.4
20260813T185336Z,25.2,82.6
20260813T185351Z,25.2,83.1
20260813T185406Z,25.2,83.2
20260813T185421Z,25.3,83.5
20260813T185436Z,25.3,83.7
20260813T185451Z,25.3,83.9
20260813T185506Z,25.3,84.2
20260813T185521Z,25.3,84.4
20260813T185536Z,25.4,84.7
20260813T185551Z,25.4,84.9
20260813T185606Z,25.4,85.1
20260813T185621Z,25.4,85.3
20260813T185636Z,25.4,85.5
20260813T185651Z,25.5,85.6
20260813T185706Z,25.5,86.0
20260813T185721Z,25.5,86.1
20260813T185736Z,25.5,86.3
20260813T185751Z,25.5,86.4
20260813T185806Z,25.6,86.5
20260813T185821Z,25.6,86.7
20260813T185836Z,25.6,86.8
20260813T185851Z,25.6,87.0
20260813T185906Z,25.6,87.1
20260813T185921Z,25.6,87.2
20260813T185936Z,25.6,87.4
20260813T185951Z,25.7,87.4
20260813T190006Z,25.7,87.4
20260813T190021Z,25.7,87.6
20260813T190036Z,25.7,87.7
20260813T190051Z,25.7,87.8
20260813T190106Z,25.7,87.9
20260813T190121Z,25.7,88.0
20260813T190136Z,25.8,87.9
20260813T190151Z,25.8,88.2
20260813T190206Z,25.8,88.2
20260813T190221Z,25.8,88.3
20260813T190236Z,25.8,88.3
20260813T190251Z,25.8,88.3
20260813T190306Z,25.8,88.5
20260813T190321Z,25.9,88.4
20260813T190336Z,25.9,88.5
20260813T190351Z,25.9,88.6
20260813T190406Z,25.9,88.1
20260813T190421Z,25.9,87.2
20260813T190436Z,25.9,86.6
20260813T190451Z,25.9,85.9
20260813T190506Z,25.9,84.9
20260813T190521Z,25.9,84.1
20260813T190536Z,25.9,83.8
20260813T190551Z,25.8,83.1
20260813T190606Z,25.8,82.6
20260813T190621Z,25.8,82.0
20260813T190636Z,25.8,81.2
20260813T190651Z,25.7,81.0
20260813T190706Z,25.7,80.2
20260813T190721Z,25.6,79.4
20260813T190736Z,25.6,78.9
20260813T190751Z,25.6,78.1
20260813T190806Z,25.5,78.1
20260813T190821Z,25.5,76.9
20260813T190836Z,25.4,76.6
20260813T190851Z,25.4,76.1
20260813T190906Z,25.3,75.4
20260813T190921Z,25.3,75.8
20260813T190936Z,25.3,76.4
20260813T190951Z,25.2,77.4
20260813T191006Z,25.2,78.3
20260813T191021Z,25.2,78.9
20260813T191036Z,25.2,79.3
20260813T191051Z,25.2,79.6
20260813T191106Z,25.2,80.0
20260813T191121Z,25.2,80.4
20260813T191136Z,25.2,80.8
20260813T191151Z,25.2,81.1
20260813T191206Z,25.2,81.5
20260813T191221Z,25.3,81.8
20260813T191236Z,25.3,82.1
20260813T191251Z,25.3,82.4
20260813T191306Z,25.3,82.7
20260813T191321Z,25.3,83.1
20260813T191336Z,25.3,83.2
20260813T191351Z,25.3,83.6
20260813T191406Z,25.4,84.0
20260813T191421Z,25.4,84.1
20260813T191436Z,25.4,84.3
20260813T191451Z,25.4,84.5
20260813T191506Z,25.4,84.8
20260813T191521Z,25.5,85.1
20260813T191536Z,25.5,85.3
20260813T191551Z,25.5,85.4
20260813T191606Z,25.5,85.8
20260813T191621Z,25.5,85.9
20260813T191636Z,25.5,86.1
20260813T191651Z,25.5,86.2
20260813T191706Z,25.6,86.4
20260813T191721Z,25.6,86.5
20260813T191736Z,25.6,86.7
20260813T191751Z,25.6,86.9
20260813T191806Z,25.6,87.2
20260813T191821Z,25.6,87.1
20260813T191836Z,25.7,87.3
20260813T191851Z,25.6,87.4
20260813T191906Z,25.7,87.5
20260813T191921Z,25.7,87.6
20260813T191936Z,25.7,87.7
20260813T191951Z,25.7,87.7
20260813T192006Z,25.7,87.8
20260813T192021Z,25.8,87.9
20260813T192036Z,25.8,87.9
20260813T192051Z,25.8,88.1
20260813T192106Z,25.8,88.2
20260813T192121Z,25.8,88.2
20260813T192136Z,25.8,88.3
20260813T192151Z,25.8,88.3
20260813T192206Z,25.9,88.3
20260813T192221Z,25.9,88.4
20260813T192236Z,25.9,87.7
20260813T192251Z,25.9,87.7
20260813T192306Z,25.9,86.6
20260813T192321Z,25.9,85.7
20260813T192336Z,25.9,84.8
20260813T192351Z,25.8,84.0
20260813T192406Z,25.8,83.9
20260813T192421Z,25.8,83.4
20260813T192436Z,25.7,82.7
20260813T192451Z,25.7,81.9
20260813T192506Z,25.7,81.7
20260813T192521Z,25.6,80.8
20260813T192536Z,25.6,80.0
20260813T192551Z,25.5,79.1
20260813T192606Z,25.5,78.9
20260813T192621Z,25.4,77.8
20260813T192636Z,25.4,77.7
20260813T192651Z,25.4,77.4
20260813T192706Z,25.3,77.1
20260813T192721Z,25.2,76.0
20260813T192736Z,25.2,76.5
20260813T192751Z,25.2,77.1
20260813T192806Z,25.1,78.2
20260813T192821Z,25.1,79.1
20260813T192836Z,25.1,79.6
20260813T192851Z,25.1,80.1
20260813T192906Z,25.1,80.4
20260813T192921Z,25.1,80.8
20260813T192936Z,25.1,81.1
20260813T192951Z,25.1,81.3
20260813T193006Z,25.1,81.7
20260813T193021Z,25.2,82.0
20260813T193036Z,25.2,82.3
20260813T193051Z,25.2,82.6
20260813T193106Z,25.2,82.9
20260813T193121Z,25.2,83.2
20260813T193136Z,25.2,83.4
20260813T193151Z,25.2,83.7
20260813T193206Z,25.3,84.0
20260813T193221Z,25.3,84.4
20260813T193236Z,25.3,84.6
20260813T193251Z,25.3,84.8
20260813T193306Z,25.4,85.0
20260813T193321Z,25.4,85.1
20260813T193336Z,25.4,85.5
20260813T193351Z,25.4,85.7
20260813T193406Z,25.4,85.9
20260813T193421Z,25.4,86.0
20260813T193436Z,25.5,86.3
20260813T193451Z,25.5,86.5
20260813T193506Z,25.5,86.7
20260813T193521Z,25.5,86.7
20260813T193536Z,25.5,87.0
20260813T193551Z,25.5,87.1
20260813T193606Z,25.5,87.4
20260813T193621Z,25.6,87.4
20260813T193636Z,25.6,87.5
20260813T193651Z,25.6,87.6
20260813T193706Z,25.6,87.7
20260813T193721Z,25.6,87.8
20260813T193736Z,25.6,87.8
20260813T193751Z,25.6,88.0
20260813T193806Z,25.7,88.1
20260813T193821Z,25.7,88.2
20260813T193836Z,25.7,88.3
20260813T193851Z,25.7,88.4
20260813T193906Z,25.7,88.3
20260813T193921Z,25.7,88.5
20260813T193936Z,25.8,88.5
20260813T193951Z,25.8,88.6
20260813T194006Z,25.8,88.7
20260813T194021Z,25.8,88.7
20260813T194036Z,25.8,88.7
20260813T194051Z,25.8,88.7
20260813T194106Z,25.8,88.2
20260813T194121Z,25.8,87.9
20260813T194136Z,25.8,86.7
20260813T194151Z,25.8,86.2
20260813T194206Z,25.8,85.7
20260813T194221Z,25.8,84.5
20260813T194236Z,25.8,84.2
20260813T194251Z,25.8,83.6
20260813T194306Z,25.7,82.3
20260813T194321Z,25.7,82.1
20260813T194336Z,25.6,81.2
20260813T194351Z,25.6,80.0
20260813T194406Z,25.5,80.4
20260813T194421Z,25.5,79.8
20260813T194436Z,25.4,79.3
20260813T194451Z,25.4,78.5
20260813T194506Z,25.3,77.8
20260813T194521Z,25.3,77.9
20260813T194536Z,25.3,77.3
20260813T194551Z,25.2,76.1
20260813T194606Z,25.2,76.9
20260813T194621Z,25.1,77.4
20260813T194636Z,25.1,78.4
20260813T194651Z,25.1,79.2
20260813T194706Z,25.1,79.9
20260813T194721Z,25.1,80.4
20260813T194736Z,25.1,80.7
20260813T194751Z,25.1,81.1
20260813T194806Z,25.1,81.4
20260813T194821Z,25.1,81.7
20260813T194836Z,25.1,82.1
20260813T194851Z,25.1,82.4
20260813T194906Z,25.1,82.8
20260813T194921Z,25.1,82.9
20260813T194936Z,25.1,83.3
20260813T194951Z,25.2,83.6
20260813T195006Z,25.2,83.8
20260813T195021Z,25.2,84.2
20260813T195036Z,25.2,84.5
20260813T195051Z,25.2,84.7
20260813T195106Z,25.2,84.9
20260813T195121Z,25.3,85.1
20260813T195136Z,25.3,85.4
20260813T195151Z,25.3,85.5
20260813T195206Z,25.3,85.9
20260813T195221Z,25.3,86.1
20260813T195236Z,25.4,86.1
20260813T195251Z,25.4,86.3
20260813T195306Z,25.4,86.6
20260813T195321Z,25.4,86.7
20260813T195336Z,25.4,86.8
20260813T195351Z,25.4,87.0
20260813T195406Z,25.5,87.1
20260813T195421Z,25.5,87.3
20260813T195436Z,25.5,87.4
20260813T195451Z,25.5,87.5
20260813T195506Z,25.5,87.7
20260813T195521Z,25.5,87.9
20260813T195536Z,25.5,87.9
20260813T195551Z,25.6,88.0
20260813T195606Z,25.6,88.2
20260813T195621Z,25.6,88.2
20260813T195636Z,25.6,88.3
20260813T195651Z,25.6,88.4
20260813T195706Z,25.6,88.5
20260813T195721Z,25.7,88.6
20260813T195736Z,25.7,88.6
20260813T195751Z,25.7,88.6
20260813T195806Z,25.7,88.7
20260813T195821Z,25.7,88.8
20260813T195836Z,25.7,88.8
20260813T195851Z,25.7,89.0
20260813T195906Z,25.8,89.0
20260813T195921Z,25.8,89.0
20260813T195936Z,25.8,89.0
20260813T195951Z,25.8,89.1
20260813T200006Z,25.8,88.6
20260813T200021Z,25.8,88.8
20260813T200036Z,25.8,87.3
20260813T200051Z,25.8,86.6
20260813T200106Z,25.8,86.1
20260813T200121Z,25.8,85.1
20260813T200136Z,25.7,84.5
20260813T200151Z,25.7,83.5
20260813T200206Z,25.7,83.2
20260813T200221Z,25.6,83.0
20260813T200236Z,25.6,82.7
20260813T200251Z,25.5,81.6
20260813T200306Z,25.5,81.0
20260813T200321Z,25.5,80.3
20260813T200336Z,25.4,79.5
20260813T200351Z,25.4,79.5
20260813T200406Z,25.3,79.1
20260813T200421Z,25.3,78.7
20260813T200436Z,25.3,77.6
20260813T200451Z,25.2,76.4
20260813T200506Z,25.2,77.2
20260813T200521Z,25.1,78.0
20260813T200536Z,25.1,78.8
20260813T200551Z,25.1,79.6
20260813T200606Z,25.1,79.9
20260813T200621Z,25.1,80.5
20260813T200636Z,25.1,80.9
20260813T200651Z,25.1,81.1
20260813T200706Z,25.1,81.7
20260813T200721Z,25.1,81.9
20260813T200736Z,25.1,82.3
20260813T200751Z,25.1,82.6
20260813T200806Z,25.1,82.9
20260813T200821Z,25.1,83.1
20260813T200836Z,25.1,83.4
20260813T200851Z,25.2,83.7
20260813T200906Z,25.2,84.0
20260813T200921Z,25.2,84.4
20260813T200936Z,25.2,84.5
20260813T200951Z,25.2,85.0
20260813T201006Z,25.2,85.1
20260813T201021Z,25.3,85.2
20260813T201036Z,25.3,85.4
20260813T201051Z,25.3,85.8
20260813T201106Z,25.3,86.0
20260813T201121Z,25.3,86.2
20260813T201136Z,25.4,86.3
20260813T201151Z,25.4,86.5
20260813T201206Z,25.4,86.8
20260813T201221Z,25.4,86.8
20260813T201236Z,25.4,87.1
20260813T201251Z,25.4,87.2
20260813T201306Z,25.4,87.3
20260813T201321Z,25.5,87.6
20260813T201336Z,25.5,87.7
20260813T201351Z,25.5,87.8
20260813T201406Z,25.5,87.9
20260813T201421Z,25.5,88.1
20260813T201436Z,25.6,88.2
20260813T201451Z,25.6,88.2
20260813T201506Z,25.6,88.3
20260813T201521Z,25.6,88.4
20260813T201536Z,25.6,88.5
20260813T201551Z,25.6,88.6
20260813T201606Z,25.7,88.7
20260813T201621Z,25.7,88.8
20260813T201636Z,25.7,88.8
20260813T201651Z,25.7,88.9
20260813T201706Z,25.7,88.9
20260813T201721Z,25.7,88.9
20260813T201736Z,25.8,89.0
20260813T201751Z,25.8,89.0
20260813T201806Z,25.8,89.1
20260813T201821Z,25.8,89.0
20260813T201836Z,25.8,89.2
20260813T201851Z,25.8,89.2
20260813T201906Z,25.8,89.3
20260813T201921Z,25.9,88.9
20260813T201936Z,25.8,87.9
20260813T201951Z,25.8,87.0
20260813T202006Z,25.8,86.1
20260813T202021Z,25.8,85.7
20260813T202036Z,25.8,84.8
20260813T202051Z,25.8,84.2
20260813T202106Z,25.7,84.2
20260813T202121Z,25.7,83.4
20260813T202136Z,25.7,82.0
20260813T202151Z,25.6,81.7
20260813T202206Z,25.6,81.2
20260813T202221Z,25.5,80.7
20260813T202236Z,25.5,80.4
20260813T202251Z,25.4,79.9
20260813T202306Z,25.4,79.3
20260813T202321Z,25.3,78.5
20260813T202336Z,25.3,77.5
20260813T202351Z,25.2,76.9
20260813T202406Z,25.2,77.8
20260813T202421Z,25.2,78.2
20260813T202436Z,25.1,79.3
20260813T202451Z,25.1,80.2
20260813T202506Z,25.1,80.5
20260813T202521Z,25.1,80.9
20260813T202536Z,25.1,81.2
20260813T202551Z,25.1,81.6
20260813T202606Z,25.1,81.9
20260813T202621Z,25.1,82.3
20260813T202636Z,25.1,82.6
20260813T202651Z,25.1,83.0
20260813T202706Z,25.1,83.3
20260813T202721Z,25.1,83.4
20260813T202736Z,25.1,83.8
20260813T202751Z,25.2,84.0
20260813T202806Z,25.2,84.2
20260813T202821Z,25.2,84.7
20260813T202836Z,25.2,84.8
20260813T202851Z,25.2,85.1
20260813T202906Z,25.2,85.3
20260813T202921Z,25.3,85.6
20260813T202936Z,25.3,85.6
20260813T202951Z,25.3,85.9
20260813T203006Z,25.3,86.2
20260813T203021Z,25.3,86.4
20260813T203036Z,25.4,86.7
20260813T203051Z,25.4,86.8
20260813T203106Z,25.4,86.9
20260813T203121Z,25.4,87.2
20260813T203136Z,25.4,87.4
20260813T203151Z,25.4,87.4
20260813T203206Z,25.5,87.6
20260813T203221Z,25.5,87.9
20260813T203236Z,25.5,88.0
20260813T203251Z,25.5,88.2
20260813T203306Z,25.5,88.3
20260813T203322Z,25.5,88.3
20260813T203336Z,25.5,88.4
20260813T203351Z,25.5,88.6
20260813T203406Z,25.6,88.6
20260813T203421Z,25.6,88.7
20260813T203436Z,25.6,88.9
20260813T203451Z,25.6,88.9
20260813T203506Z,25.6,89.0
20260813T203521Z,25.6,89.0
20260813T203536Z,25.7,89.1
20260813T203551Z,25.7,89.1
20260813T203606Z,25.7,89.2
20260813T203621Z,25.7,89.3
20260813T203636Z,25.7,89.3
20260813T203651Z,25.7,89.4
20260813T203706Z,25.8,89.4
20260813T203722Z,25.8,89.5
20260813T203736Z,25.8,89.6
20260813T203751Z,25.8,89.6
20260813T203806Z,25.8,89.7
20260813T203821Z,25.8,89.0
20260813T203836Z,25.8,88.3
20260813T203852Z,25.8,87.5
20260813T203907Z,25.8,86.8
20260813T203922Z,25.8,85.9
20260813T203937Z,25.7,85.3
20260813T203952Z,25.7,84.4
20260813T204007Z,25.7,84.2
20260813T204022Z,25.6,83.9
20260813T204037Z,25.6,82.7
20260813T204052Z,25.6,82.9
20260813T204107Z,25.5,82.4
20260813T204122Z,25.5,80.9
20260813T204137Z,25.4,79.6
20260813T204152Z,25.4,80.1
20260813T204207Z,25.3,79.2
20260813T204222Z,25.3,78.8
20260813T204237Z,25.2,78.3
20260813T204252Z,25.2,77.8
20260813T204307Z,25.2,77.9
20260813T204322Z,25.1,78.5
20260813T204337Z,25.1,79.4
20260813T204352Z,25.1,79.9
20260813T204407Z,25.1,80.8
20260813T204422Z,25.0,81.0
20260813T204437Z,25.1,81.5
20260813T204452Z,25.1,81.8
20260813T204507Z,25.1,82.0
20260813T204522Z,25.1,82.4
20260813T204537Z,25.1,82.7
20260813T204552Z,25.1,83.1
20260813T204607Z,25.1,83.3
20260813T204622Z,25.1,83.8
20260813T204637Z,25.1,83.9
20260813T204652Z,25.1,84.3
20260813T204707Z,25.1,84.6
20260813T204722Z,25.2,84.8
20260813T204737Z,25.2,85.1
20260813T204752Z,25.2,85.4
20260813T204807Z,25.2,85.6
20260813T204822Z,25.2,85.8
20260813T204837Z,25.3,86.1
20260813T204852Z,25.3,86.3
20260813T204907Z,25.3,86.4
20260813T204922Z,25.3,86.5
20260813T204937Z,25.3,86.8
20260813T204952Z,25.3,87.0
20260813T205007Z,25.3,87.2
20260813T205022Z,25.4,87.4
20260813T205037Z,25.4,87.5
20260813T205052Z,25.4,87.7
20260813T205107Z,25.4,87.9
20260813T205122Z,25.4,88.0
20260813T205137Z,25.4,88.1
20260813T205152Z,25.5,88.3
20260813T205207Z,25.4,88.3
20260813T205222Z,25.5,88.4
20260813T205237Z,25.5,88.6
20260813T205252Z,25.5,88.7
20260813T205307Z,25.5,88.8
20260813T205322Z,25.6,88.8
20260813T205337Z,25.6,89.0
20260813T205352Z,25.6,89.0
20260813T205407Z,25.6,89.2
20260813T205422Z,25.6,89.2
20260813T205437Z,25.6,89.2
20260813T205452Z,25.6,89.3
20260813T205507Z,25.6,89.3
20260813T205522Z,25.7,89.4
20260813T205537Z,25.7,89.4
20260813T205552Z,25.7,89.5
20260813T205607Z,25.7,89.5
20260813T205622Z,25.7,89.6
20260813T205637Z,25.7,89.6
20260813T205652Z,25.7,89.6
20260813T205707Z,25.8,89.7
20260813T205722Z,25.8,89.7
20260813T205737Z,25.8,89.3
20260813T205752Z,25.8,88.7
20260813T205807Z,25.8,87.5
20260813T205822Z,25.8,87.0
20260813T205837Z,25.8,86.3
20260813T205852Z,25.8,85.3
20260813T205907Z,25.7,84.6
20260813T205922Z,25.7,84.2
20260813T205937Z,25.6,84.0
20260813T205952Z,25.6,82.5
20260813T210007Z,25.6,82.7
20260813T210022Z,25.5,81.9
20260813T210037Z,25.5,81.8
20260813T210052Z,25.4,80.8
20260813T210107Z,25.4,80.4
20260813T210122Z,25.3,79.0
20260813T210137Z,25.3,78.9
20260813T210152Z,25.2,78.5
20260813T210207Z,25.2,77.7
20260813T210222Z,25.2,78.1
20260813T210237Z,25.1,78.8
20260813T210252Z,25.1,79.5
20260813T210307Z,25.1,80.5
20260813T210322Z,25.1,81.1
20260813T210337Z,25.0,81.5
20260813T210352Z,25.0,81.9
20260813T210407Z,25.0,82.0
20260813T210422Z,25.0,82.4
20260813T210437Z,25.0,82.7
20260813T210452Z,25.1,83.2
20260813T210507Z,25.1,83.3
20260813T210522Z,25.1,83.7
20260813T210537Z,25.1,83.9
20260813T210552Z,25.1,84.1
20260813T210607Z,25.1,84.3
20260813T210622Z,25.1,84.7
20260813T210637Z,25.2,84.9
20260813T210652Z,25.2,85.2
20260813T210707Z,25.2,85.6
20260813T210722Z,25.2,85.7
20260813T210737Z,25.2,86.0
20260813T210752Z,25.2,86.2
20260813T210807Z,25.2,86.4
20260813T210822Z,25.3,86.6
20260813T210837Z,25.3,86.9
20260813T210852Z,25.3,87.0
20260813T210907Z,25.3,87.2
20260813T210922Z,25.3,87.3
20260813T210937Z,25.4,87.5
20260813T210952Z,25.4,87.6
20260813T211007Z,25.4,87.8
20260813T211022Z,25.4,87.9
20260813T211037Z,25.4,88.1
20260813T211052Z,25.4,88.2
20260813T211107Z,25.4,88.3
20260813T211122Z,25.5,88.5
20260813T211137Z,25.5,88.6
20260813T211152Z,25.5,88.6
20260813T211207Z,25.5,88.8
20260813T211222Z,25.5,88.9
20260813T211237Z,25.5,89.0
20260813T211252Z,25.5,89.0
20260813T211307Z,25.6,89.1
20260813T211322Z,25.6,89.2
20260813T211337Z,25.6,89.3
20260813T211352Z,25.6,89.2
20260813T211407Z,25.6,89.5
20260813T211422Z,25.6,89.4
20260813T211437Z,25.6,89.6
20260813T211452Z,25.7,89.5
20260813T211507Z,25.7,89.7
20260813T211522Z,25.7,89.7
20260813T211537Z,25.7,89.8
20260813T211552Z,25.7,89.9
20260813T211607Z,25.7,89.8
20260813T211622Z,25.7,89.9
20260813T211637Z,25.8,89.9
20260813T211652Z,25.8,90.0
20260813T211707Z,25.8,89.4
20260813T211722Z,25.8,88.6
20260813T211737Z,25.8,87.8
20260813T211752Z,25.8,86.9
20260813T211807Z,25.8,86.5
20260813T211822Z,25.7,85.2
20260813T211837Z,25.7,85.3
20260813T211852Z,25.7,84.6
20260813T211907Z,25.6,83.2
20260813T211922Z,25.6,83.1
20260813T211937Z,25.5,82.1
20260813T211952Z,25.4,82.2
20260813T212007Z,25.4,81.9
20260813T212022Z,25.4,80.8
20260813T212037Z,25.3,80.8
20260813T212052Z,25.3,79.5
20260813T212107Z,25.2,79.3
20260813T212122Z,25.2,79.1
20260813T212137Z,25.1,77.7
20260813T212152Z,25.1,78.4
20260813T212207Z,25.1,79.5
20260813T212222Z,25.0,80.2
20260813T212237Z,25.0,80.9
20260813T212252Z,25.0,81.4
20260813T212307Z,25.0,81.8
20260813T212322Z,25.0,82.0
20260813T212337Z,25.0,82.2
20260813T212352Z,25.0,82.7
20260813T212407Z,25.0,83.1
20260813T212422Z,25.0,83.4
20260813T212437Z,25.0,83.8
20260813T212452Z,25.0,84.0
20260813T212507Z,25.1,84.1
20260813T212522Z,25.1,84.6
20260813T212537Z,25.1,84.8
20260813T212552Z,25.1,85.1
20260813T212607Z,25.1,85.4
20260813T212622Z,25.2,85.6
20260813T212637Z,25.2,85.8
20260813T212652Z,25.2,86.1
20260813T212707Z,25.2,86.3
20260813T212722Z,25.2,86.5
20260813T212737Z,25.2,86.6
20260813T212752Z,25.3,86.8
20260813T212807Z,25.3,87.0
20260813T212822Z,25.3,87.3
20260813T212837Z,25.3,87.5
20260813T212852Z,25.3,87.6
20260813T212907Z,25.3,87.8
20260813T212922Z,25.3,87.8
20260813T212937Z,25.4,88.1
20260813T212952Z,25.4,88.2
20260813T213007Z,25.4,88.4
20260813T213022Z,25.4,88.5
20260813T213037Z,25.4,88.6
20260813T213052Z,25.4,88.6
20260813T213107Z,25.5,88.8
20260813T213122Z,25.5,88.9
20260813T213137Z,25.5,89.1
20260813T213152Z,25.5,89.2
20260813T213207Z,25.5,89.2
20260813T213222Z,25.5,89.3
20260813T213237Z,25.5,89.3
20260813T213252Z,25.6,89.5
20260813T213307Z,25.6,89.5
20260813T213322Z,25.6,89.6
20260813T213337Z,25.6,89.7
20260813T213352Z,25.6,89.7
20260813T213407Z,25.6,89.8
20260813T213422Z,25.6,89.8
20260813T213437Z,25.7,89.9
20260813T213452Z,25.7,89.8
20260813T213507Z,25.7,89.9
20260813T213522Z,25.7,90.0
20260813T213537Z,25.7,90.0
20260813T213552Z,25.7,90.1
20260813T213607Z,25.8,90.1
20260813T213622Z,25.8,89.6
20260813T213637Z,25.8,89.4
20260813T213652Z,25.8,88.2
20260813T213707Z,25.8,87.5
20260813T213722Z,25.7,86.6
20260813T213737Z,25.7,86.0
20260813T213752Z,25.7,85.0
20260813T213807Z,25.6,84.8
20260813T213822Z,25.6,84.3
20260813T213837Z,25.6,83.9
20260813T213852Z,25.5,82.5
20260813T213907Z,25.4,82.2
20260813T213922Z,25.4,81.9
20260813T213937Z,25.4,81.4
20260813T213952Z,25.3,80.8
20260813T214007Z,25.3,80.6
20260813T214022Z,25.2,79.6
20260813T214037Z,25.2,79.1
20260813T214052Z,25.1,78.5
20260813T214107Z,25.1,78.1
20260813T214122Z,25.1,78.6
20260813T214137Z,25.0,79.5
20260813T214152Z,25.0,80.5
20260813T214207Z,25.0,81.0
20260813T214222Z,25.0,81.4
20260813T214237Z,25.0,81.8
20260813T214252Z,24.9,82.2
20260813T214307Z,25.0,82.5
20260813T214322Z,24.9,82.9
20260813T214337Z,25.0,83.4
20260813T214352Z,25.0,83.6
20260813T214407Z,25.0,83.9
20260813T214422Z,25.0,84.2
20260813T214437Z,25.0,84.5
20260813T214452Z,25.0,84.8
20260813T214507Z,25.1,85.0
20260813T214522Z,25.1,85.3
20260813T214537Z,25.1,85.7
20260813T214552Z,25.1,85.8
20260813T214607Z,25.1,86.0
20260813T214622Z,25.1,86.1
20260813T214637Z,25.2,86.4
20260813T214652Z,25.1,86.7
20260813T214707Z,25.2,86.9
20260813T214722Z,25.2,87.1
20260813T214737Z,25.2,87.3
20260813T214752Z,25.2,87.5
20260813T214807Z,25.3,87.8
20260813T214822Z,25.3,87.9
20260813T214837Z,25.3,87.9
20260813T214852Z,25.3,88.1
20260813T214907Z,25.3,88.3
20260813T214922Z,25.3,88.5
20260813T214937Z,25.3,88.6
20260813T214952Z,25.4,88.8
20260813T215007Z,25.4,88.9
20260813T215022Z,25.4,89.0
20260813T215037Z,25.4,89.1
20260813T215052Z,25.4,89.2
20260813T215107Z,25.5,89.2
20260813T215122Z,25.5,89.3
20260813T215137Z,25.5,89.4
20260813T215152Z,25.5,89.6
20260813T215207Z,25.5,89.6
20260813T215222Z,25.5,89.8
20260813T215237Z,25.5,89.7
20260813T215252Z,25.5,89.8
20260813T215307Z,25.6,89.9
20260813T215322Z,25.6,89.9
20260813T215337Z,25.6,90.0
20260813T215352Z,25.6,90.0
20260813T215407Z,25.6,90.0
20260813T215422Z,25.7,90.1
20260813T215437Z,25.7,90.1
20260813T215452Z,25.7,90.1
20260813T215507Z,25.7,90.1
20260813T215522Z,25.7,90.1
20260813T215537Z,25.7,90.2
20260813T215552Z,25.7,90.2
20260813T215607Z,25.8,89.8
20260813T215622Z,25.8,88.8
20260813T215637Z,25.7,87.9
20260813T215652Z,25.7,87.2
20260813T215707Z,25.7,86.4
20260813T215722Z,25.7,85.5
20260813T215737Z,25.6,85.0
20260813T215752Z,25.6,84.5
20260813T215807Z,25.6,84.2
20260813T215822Z,25.5,83.4
20260813T215837Z,25.5,82.4
20260813T215852Z,25.4,82.9
20260813T215907Z,25.4,82.3
20260813T215922Z,25.4,81.4
20260813T215937Z,25.3,80.9
20260813T215952Z,25.3,80.4
20260813T220007Z,25.2,79.7
20260813T220022Z,25.2,79.4
20260813T220037Z,25.1,78.3
20260813T220052Z,25.1,78.8
20260813T220107Z,25.1,79.4
20260813T220122Z,25.0,80.2
20260813T220137Z,25.0,81.1
20260813T220152Z,25.0,81.5
20260813T220207Z,25.0,81.9
20260813T220222Z,25.0,82.1
20260813T220237Z,25.0,82.5
20260813T220252Z,25.0,82.8
20260813T220307Z,25.0,83.1
20260813T220322Z,25.0,83.5
20260813T220337Z,25.0,83.7
20260813T220352Z,25.0,84.1
20260813T220407Z,25.0,84.4
20260813T220422Z,25.0,84.5
20260813T220437Z,25.1,84.8
20260813T220452Z,25.1,85.1
20260813T220507Z,25.1,85.5
20260813T220522Z,25.1,85.7
20260813T220537Z,25.1,85.9
20260813T220552Z,25.1,86.2
20260813T220607Z,25.2,86.5
20260813T220622Z,25.2,86.5
20260813T220637Z,25.2,86.9
20260813T220652Z,25.2,87.0
20260813T220707Z,25.2,87.1
20260813T220722Z,25.2,87.3
20260813T220737Z,25.2,87.5
20260813T220752Z,25.2,87.7
20260813T220807Z,25.3,87.8
20260813T220822Z,25.3,88.0
20260813T220837Z,25.3,88.1
20260813T220852Z,25.3,88.2
20260813T220907Z,25.3,88.4
20260813T220922Z,25.4,88.6
20260813T220937Z,25.4,88.7
20260813T220952Z,25.4,88.9
20260813T221007Z,25.4,89.0
20260813T221022Z,25.4,89.0
20260813T221037Z,25.4,89.2
20260813T221052Z,25.5,89.3
20260813T221107Z,25.5,89.4
20260813T221122Z,25.5,89.6
20260813T221137Z,25.5,89.5
20260813T221152Z,25.5,89.7
20260813T221207Z,25.5,89.7
20260813T221222Z,25.6,89.8
20260813T221237Z,25.6,89.8
20260813T221252Z,25.6,90.0
20260813T221307Z,25.6,89.9
20260813T221322Z,25.6,89.9
20260813T221337Z,25.6,90.0
20260813T221352Z,25.6,90.2
20260813T221407Z,25.6,90.1
20260813T221422Z,25.7,90.2
20260813T221437Z,25.7,90.2
20260813T221452Z,25.7,90.2
20260813T221507Z,25.7,90.2
20260813T221522Z,25.7,90.3
20260813T221537Z,25.8,90.3
20260813T221552Z,25.8,90.2
20260813T221607Z,25.8,89.9
20260813T221622Z,25.8,89.0
20260813T221637Z,25.8,88.0
20260813T221652Z,25.8,87.8
20260813T221707Z,25.7,86.6
20260813T221722Z,25.7,85.9
20260813T221737Z,25.7,85.3
20260813T221752Z,25.6,85.2
20260813T221807Z,25.6,84.5
20260813T221822Z,25.6,83.0
20260813T221837Z,25.5,82.6
20260813T221852Z,25.5,82.7
20260813T221907Z,25.4,81.9
20260813T221922Z,25.4,80.9
20260813T221937Z,25.3,80.6
20260813T221952Z,25.3,80.0
20260813T222007Z,25.2,79.1
20260813T222022Z,25.2,78.8
20260813T222037Z,25.1,79.0
20260813T222052Z,25.1,79.1
20260813T222107Z,25.0,79.4
20260813T222122Z,25.0,80.4
20260813T222137Z,25.0,80.9
20260813T222152Z,25.0,81.7
20260813T222207Z,25.0,82.0
20260813T222222Z,25.0,82.3
20260813T222237Z,25.0,82.8
20260813T222252Z,25.0,83.0
20260813T222307Z,25.0,83.4
20260813T222322Z,25.0,83.7
20260813T222337Z,25.0,84.1
20260813T222352Z,25.0,84.3
20260813T222407Z,25.0,84.6
20260813T222422Z,25.0,84.9
20260813T222437Z,25.0,85.3
20260813T222452Z,25.1,85.4
20260813T222507Z,25.1,85.7
20260813T222522Z,25.1,85.8
20260813T222537Z,25.1,86.1
20260813T222552Z,25.1,86.2
20260813T222607Z,25.2,86.6
20260813T222622Z,25.2,86.7
20260813T222637Z,25.2,87.0
20260813T222652Z,25.2,87.3
20260813T222707Z,25.2,87.4
20260813T222722Z,25.2,87.7
20260813T222737Z,25.2,87.7
20260813T222752Z,25.3,88.0
20260813T222807Z,25.3,88.1
20260813T222822Z,25.3,88.3
20260813T222837Z,25.3,88.4
20260813T222852Z,25.3,88.6
20260813T222907Z,25.3,88.7
20260813T222922Z,25.4,88.8
20260813T222937Z,25.4,88.9
20260813T222952Z,25.4,89.1
20260813T223007Z,25.4,89.1
20260813T223022Z,25.4,89.2
20260813T223037Z,25.4,89.5
20260813T223052Z,25.4,89.6
20260813T223107Z,25.5,89.6
20260813T223122Z,25.5,89.7
20260813T223137Z,25.5,89.7
20260813T223152Z,25.5,89.8
20260813T223207Z,25.5,89.9
20260813T223222Z,25.6,90.0
20260813T223237Z,25.6,90.0
20260813T223252Z,25.6,90.1
20260813T223307Z,25.6,90.1
20260813T223322Z,25.6,90.1
20260813T223337Z,25.6,90.1
20260813T223352Z,25.6,90.1
20260813T223407Z,25.7,90.3
20260813T223422Z,25.7,90.4
20260813T223437Z,25.7,90.3
20260813T223452Z,25.7,90.2
20260813T223507Z,25.7,90.4
20260813T223522Z,25.7,90.4
20260813T223537Z,25.7,90.1
20260813T223552Z,25.7,90.2
20260813T223607Z,25.8,88.9
20260813T223622Z,25.8,87.9
20260813T223637Z,25.7,87.4
20260813T223652Z,25.7,86.7
20260813T223707Z,25.7,85.8
20260813T223722Z,25.6,85.2
20260813T223737Z,25.6,84.2
20260813T223752Z,25.5,83.8
20260813T223807Z,25.5,83.6
20260813T223822Z,25.5,82.5
20260813T223837Z,25.4,82.4
20260813T223852Z,25.4,81.7
20260813T223907Z,25.3,80.9
20260813T223922Z,25.3,79.9
20260813T223937Z,25.2,80.0
20260813T223952Z,25.2,79.3
20260813T224007Z,25.1,79.2
20260813T224022Z,25.1,79.0
20260813T224037Z,25.0,79.2
20260813T224052Z,25.0,79.9
20260813T224107Z,25.0,80.8
20260813T224122Z,25.0,81.2
20260813T224137Z,24.9,81.9
20260813T224152Z,25.0,82.2
20260813T224207Z,24.9,82.6
20260813T224222Z,24.9,82.9
20260813T224237Z,24.9,83.1
20260813T224252Z,24.9,83.6
20260813T224307Z,25.0,84.0
20260813T224322Z,25.0,84.1
20260813T224337Z,25.0,84.3
20260813T224352Z,25.0,84.7
20260813T224407Z,25.0,85.0
20260813T224422Z,25.0,85.4
20260813T224437Z,25.0,85.5
20260813T224452Z,25.0,85.8
20260813T224507Z,25.1,86.0
20260813T224522Z,25.1,86.2
20260813T224537Z,25.1,86.5
20260813T224552Z,25.1,86.7
20260813T224607Z,25.1,86.9
20260813T224622Z,25.2,87.0
20260813T224637Z,25.2,87.3
20260813T224652Z,25.2,87.5
20260813T224707Z,25.2,87.7
20260813T224722Z,25.2,87.8
20260813T224737Z,25.3,88.1
20260813T224752Z,25.3,88.3
20260813T224807Z,25.3,88.4
20260813T224822Z,25.3,88.5
20260813T224837Z,25.3,88.7
20260813T224852Z,25.3,88.8
20260813T224907Z,25.3,89.0
20260813T224922Z,25.4,89.2
20260813T224937Z,25.4,89.2
20260813T224952Z,25.4,89.3
20260813T225007Z,25.4,89.4
20260813T225022Z,25.4,89.5
20260813T225037Z,25.4,89.6
20260813T225052Z,25.4,89.7
20260813T225107Z,25.5,89.8
20260813T225122Z,25.5,89.9
20260813T225137Z,25.5,89.9
20260813T225152Z,25.5,90.0
20260813T225207Z,25.5,90.0
20260813T225222Z,25.5,90.1
20260813T225237Z,25.5,90.2
20260813T225252Z,25.6,90.2
20260813T225307Z,25.6,90.3
20260813T225322Z,25.6,90.3
20260813T225337Z,25.6,90.4
20260813T225352Z,25.6,90.4
20260813T225407Z,25.6,90.4
20260813T225422Z,25.6,90.4
20260813T225437Z,25.7,90.5
20260813T225452Z,25.7,90.5
20260813T225507Z,25.7,90.5
20260813T225522Z,25.7,90.3
20260813T225537Z,25.7,90.2
20260813T225552Z,25.7,88.9
20260813T225607Z,25.7,88.2
20260813T225622Z,25.7,87.2
20260813T225637Z,25.7,86.6
20260813T225652Z,25.6,85.7
20260813T225707Z,25.6,85.4
20260813T225722Z,25.6,85.0
20260813T225737Z,25.5,84.6
20260813T225752Z,25.5,83.7
20260813T225807Z,25.4,83.0
20260813T225822Z,25.4,82.7
20260813T225837Z,25.4,81.8
20260813T225852Z,25.3,81.1
20260813T225907Z,25.3,81.0
20260813T225922Z,25.2,80.5
20260813T225937Z,25.2,80.1
20260813T225952Z,25.1,78.9
20260813T230007Z,25.1,79.1
20260813T230022Z,25.0,79.9
20260813T230037Z,25.0,80.7
20260813T230052Z,25.0,81.3
20260813T230107Z,25.0,81.7
20260813T230122Z,25.0,82.3
20260813T230137Z,24.9,82.4
20260813T230152Z,24.9,82.8
20260813T230207Z,24.9,83.1
20260813T230222Z,24.9,83.5
20260813T230237Z,25.0,84.0
20260813T230252Z,25.0,84.3
20260813T230307Z,25.0,84.5
20260813T230322Z,25.0,84.8
20260813T230337Z,25.0,85.0
20260813T230352Z,25.0,85.3
20260813T230407Z,25.0,85.5
20260813T230422Z,25.0,85.9
20260813T230437Z,25.1,86.1
20260813T230452Z,25.1,86.3
20260813T230507Z,25.1,86.5
20260813T230522Z,25.1,86.9
20260813T230537Z,25.1,87.1
20260813T230552Z,25.1,87.2
20260813T230607Z,25.2,87.4
20260813T230622Z,25.2,87.7
20260813T230637Z,25.2,87.8
20260813T230652Z,25.2,88.0
20260813T230707Z,25.2,88.2
20260813T230722Z,25.2,88.3
20260813T230737Z,25.3,88.4
20260813T230752Z,25.3,88.6
20260813T230807Z,25.3,88.8
20260813T230822Z,25.3,88.9
20260813T230837Z,25.3,89.1
20260813T230852Z,25.3,89.2
20260813T230907Z,25.3,89.3
20260813T230922Z,25.4,89.4
20260813T230937Z,25.4,89.5
20260813T230952Z,25.4,89.6
20260813T231007Z,25.4,89.7
20260813T231022Z,25.4,89.7
20260813T231037Z,25.4,89.9
20260813T231052Z,25.4,89.9
20260813T231107Z,25.5,89.9
20260813T231122Z,25.5,90.0
20260813T231137Z,25.5,90.2
20260813T231152Z,25.5,90.2
20260813T231207Z,25.5,90.2
20260813T231222Z,25.5,90.3
20260813T231237Z,25.6,90.3
20260813T231252Z,25.6,90.3
20260813T231307Z,25.6,90.4
20260813T231322Z,25.6,90.4
20260813T231337Z,25.6,90.5
20260813T231352Z,25.6,90.5
20260813T231407Z,25.7,90.6
20260813T231422Z,25.7,90.5
20260813T231437Z,25.7,90.6
20260813T231452Z,25.7,90.0
20260813T231507Z,25.7,89.9
20260813T231522Z,25.7,88.6
20260813T231537Z,25.7,88.1
20260813T231552Z,25.7,87.2
20260813T231607Z,25.6,86.5
20260813T231622Z,25.6,85.3
20260813T231637Z,25.5,85.5
20260813T231652Z,25.5,84.4
20260813T231707Z,25.5,83.6
20260813T231722Z,25.4,83.3
20260813T231737Z,25.4,82.9
20260813T231752Z,25.3,82.6
20260813T231807Z,25.3,81.6
20260813T231822Z,25.3,81.4
20260813T231837Z,25.2,80.9
20260813T231852Z,25.2,80.0
20260813T231907Z,25.1,79.9
20260813T231922Z,25.1,79.4
20260813T231937Z,25.0,78.6
20260813T231952Z,25.0,79.2
20260813T232007Z,25.0,79.8
20260813T232022Z,25.0,80.7
20260813T232037Z,25.0,81.1
20260813T232052Z,25.0,82.0
20260813T232107Z,25.0,82.1
20260813T232122Z,24.9,82.4
20260813T232137Z,24.9,82.7
20260813T232152Z,24.9,83.0
20260813T232207Z,25.0,83.4
20260813T232222Z,25.0,83.9
20260813T232237Z,25.0,84.1
20260813T232252Z,25.0,84.4
20260813T232307Z,25.0,84.7
20260813T232322Z,25.0,85.0
20260813T232337Z,25.0,85.2
20260813T232352Z,25.0,85.5
20260813T232407Z,25.0,85.6
20260813T232422Z,25.1,85.9
20260813T232437Z,25.1,86.2
20260813T232452Z,25.1,86.4
20260813T232507Z,25.1,86.6
20260813T232522Z,25.1,86.8
20260813T232537Z,25.2,87.1
20260813T232552Z,25.2,87.3
20260813T232607Z,25.2,87.5
20260813T232622Z,25.2,87.7
20260813T232637Z,25.2,87.8
20260813T232652Z,25.2,88.1
20260813T232707Z,25.2,88.2
20260813T232722Z,25.3,88.4
20260813T232737Z,25.3,88.6
20260813T232752Z,25.3,88.6
20260813T232807Z,25.3,88.8
20260813T232822Z,25.3,89.0
20260813T232837Z,25.3,89.2
20260813T232852Z,25.4,89.2
20260813T232907Z,25.4,89.3
20260813T232922Z,25.4,89.4
20260813T232937Z,25.4,89.4
20260813T232952Z,25.4,89.6
20260813T233007Z,25.4,89.6
20260813T233022Z,25.5,89.8
20260813T233037Z,25.5,90.0
20260813T233052Z,25.5,90.0
20260813T233107Z,25.5,90.0
20260813T233122Z,25.5,90.0
20260813T233137Z,25.5,90.2
20260813T233152Z,25.5,90.2
20260813T233207Z,25.6,90.3
20260813T233222Z,25.6,90.2
20260813T233237Z,25.6,90.4
20260813T233252Z,25.6,90.4
20260813T233307Z,25.6,90.4
20260813T233322Z,25.6,90.5
20260813T233337Z,25.7,90.5
20260813T233352Z,25.7,90.6
20260813T233407Z,25.7,90.5
20260813T233422Z,25.7,90.5
20260813T233437Z,25.7,90.0
20260813T233452Z,25.7,89.3
20260813T233507Z,25.7,88.5
20260813T233522Z,25.7,87.8
20260813T233537Z,25.7,87.2
20260813T233552Z,25.6,86.4
20260813T233607Z,25.6,85.9
20260813T233622Z,25.6,85.3
20260813T233637Z,25.5,84.7
20260813T233652Z,25.5,83.5
20260813T233707Z,25.5,83.6
20260813T233722Z,25.4,83.0
20260813T233737Z,25.4,82.1
20260813T233752Z,25.3,81.6
20260813T233807Z,25.3,81.3
20260813T233822Z,25.2,80.9
20260813T233837Z,25.2,80.5
20260813T233852Z,25.1,79.7
20260813T233907Z,25.1,79.0
20260813T233922Z,25.1,78.3
20260813T233937Z,25.0,78.9
20260813T233952Z,25.0,80.0
20260813T234007Z,25.0,80.9
20260813T234022Z,24.9,81.5
20260813T234037Z,24.9,82.2
20260813T234052Z,24.9,82.3
20260813T234107Z,24.9,82.6
20260813T234122Z,24.9,82.9
20260813T234137Z,24.9,83.2
20260813T234152Z,24.9,83.5
20260813T234207Z,24.9,84.0
20260813T234222Z,25.0,84.2
20260813T234237Z,25.0,84.5
20260813T234252Z,25.0,84.7
20260813T234307Z,25.0,85.0
20260813T234322Z,25.0,85.4
20260813T234337Z,25.0,85.5
20260813T234352Z,25.1,85.9
20260813T234407Z,25.1,86.2
20260813T234422Z,25.1,86.4
20260813T234437Z,25.1,86.6
20260813T234452Z,25.1,86.8
20260813T234507Z,25.1,87.1
20260813T234522Z,25.1,87.2
20260813T234537Z,25.2,87.5
20260813T234552Z,25.2,87.5
20260813T234607Z,25.2,87.8
20260813T234622Z,25.2,88.0
20260813T234637Z,25.2,88.2
20260813T234652Z,25.3,88.3
20260813T234707Z,25.3,88.5
20260813T234722Z,25.3,88.6
20260813T234737Z,25.3,88.7
20260813T234752Z,25.3,88.9
20260813T234807Z,25.3,89.1
20260813T234822Z,25.4,89.2
20260813T234837Z,25.4,89.4
20260813T234852Z,25.4,89.5
20260813T234907Z,25.4,89.4
20260813T234922Z,25.4,89.6
20260813T234937Z,25.4,89.6
20260813T234952Z,25.5,89.8
20260813T235007Z,25.5,89.9
20260813T235022Z,25.5,90.0
20260813T235037Z,25.5,90.0
20260813T235052Z,25.5,90.2
20260813T235107Z,25.5,90.3
20260813T235122Z,25.5,90.3
20260813T235137Z,25.6,90.3
20260813T235152Z,25.6,90.4
20260813T235207Z,25.6,90.3
20260813T235222Z,25.6,90.4
20260813T235237Z,25.6,90.5
20260813T235252Z,25.6,90.5
20260813T235307Z,25.7,90.6
20260813T235322Z,25.7,90.6
20260813T235337Z,25.7,89.9
20260813T235352Z,25.7,90.2
20260813T235407Z,25.7,88.4
20260813T235422Z,25.7,87.9
20260813T235437Z,25.6,87.0
20260813T235452Z,25.6,86.3
20260813T235507Z,25.6,85.1
20260813T235522Z,25.5,85.2
20260813T235537Z,25.5,84.1
20260813T235552Z,25.5,84.6
20260813T235607Z,25.4,83.9
20260813T235622Z,25.4,83.1
20260813T235637Z,25.3,82.8
20260813T235652Z,25.3,81.4
20260813T235707Z,25.3,81.7
20260813T235722Z,25.2,80.9
20260813T235737Z,25.2,80.7
20260813T235752Z,25.1,79.8
20260813T235807Z,25.1,79.7
20260813T235822Z,25.0,79.2
20260813T235837Z,25.0,79.5
20260813T235852Z,25.0,79.6
20260813T235907Z,24.9,80.1
20260813T235922Z,24.9,80.9
20260813T235937Z,24.9,81.6
20260813T235952Z,24.9,82.2