Time,Temperature,Humidity
20260812T000013Z,25.1,88.9
20260812T000028Z,25.2,89.2
20260812T000043Z,25.2,89.4
20260812T000058Z,25.2,89.4
20260812T000113Z,25.2,89.6
20260812T000128Z,25.2,89.9
20260812T000143Z,25.2,89.9
20260812T000158Z,25.2,90.1
20260812T000213Z,25.3,90.2
20260812T000228Z,25.3,90.4
20260812T000243Z,25.3,90.4
20260812T000258Z,25.3,90.6
20260812T000313Z,25.3,90.8
20260812T000328Z,25.3,90.9
20260812T000343Z,25.3,91.1
20260812T000358Z,25.4,91.0
20260812T000413Z,25.4,91.1
20260812T000428Z,25.4,91.2
20260812T000443Z,25.4,91.3
20260812T000458Z,25.4,91.3
20260812T000513Z,25.4,91.4
20260812T000528Z,25.4,91.6
20260812T000543Z,25.4,91.7
20260812T000558Z,25.5,91.7
20260812T000613Z,25.5,91.7
20260812T000628Z,25.5,91.8
20260812T000643Z,25.5,91.9
20260812T000658Z,25.5,92.0
20260812T000713Z,25.5,91.9
20260812T000728Z,25.6,92.0
20260812T000743Z,25.6,92.2
20260812T000758Z,25.6,91.5
20260812T000813Z,25.6,90.4
20260812T000828Z,25.6,89.4
20260812T000843Z,25.6,88.5
20260812T000858Z,25.5,88.2
20260812T000913Z,25.5,87.5
20260812T000928Z,25.5,86.9
20260812T000943Z,25.4,86.4
20260812T000958Z,25.4,85.4
20260812T001013Z,25.4,85.8
20260812T001028Z,25.4,85.1
20260812T001043Z,25.3,85.2
20260812T001058Z,25.3,84.1
20260812T001113Z,25.3,84.6
20260812T001128Z,25.2,83.5
20260812T001143Z,25.2,83.1
20260812T001158Z,25.2,82.6
20260812T001213Z,25.1,81.4
20260812T001228Z,25.1,80.3
20260812T001243Z,25.1,79.6
20260812T001258Z,25.0,80.0
20260812T001313Z,25.0,79.6
20260812T001328Z,25.0,79.8
20260812T001343Z,25.0,81.0
20260812T001358Z,25.0,81.5
20260812T001413Z,24.9,81.9
20260812T001428Z,24.9,82.4
20260812T001443Z,24.9,82.8
20260812T001458Z,24.9,82.9
20260812T001513Z,24.9,83.2
20260812T001528Z,24.9,83.4
20260812T001543Z,24.9,83.8
20260812T001558Z,24.9,84.0
20260812T001613Z,24.9,84.4
20260812T001628Z,24.9,84.8
20260812T001643Z,24.9,85.1
20260812T001658Z,24.9,85.4
20260812T001713Z,24.9,85.7
20260812T001728Z,25.0,86.0
20260812T001743Z,25.0,86.2
20260812T001758Z,25.0,86.4
20260812T001813Z,25.0,86.7
20260812T001828Z,25.0,86.9
20260812T001843Z,25.0,87.4
20260812T001858Z,25.0,87.4
20260812T001913Z,25.0,87.6
20260812T001928Z,25.1,87.9
20260812T001943Z,25.1,88.0
20260812T001958Z,25.1,88.3
20260812T002013Z,25.1,88.5
20260812T002028Z,25.1,88.7
20260812T002043Z,25.2,88.8
20260812T002058Z,25.2,89.0
20260812T002113Z,25.2,89.2
20260812T002128Z,25.2,89.2
20260812T002143Z,25.2,89.5
20260812T002158Z,25.2,89.8
20260812T002213Z,25.2,89.8
20260812T002228Z,25.2,89.9
20260812T002243Z,25.3,90.2
20260812T002258Z,25.3,90.2
20260812T002313Z,25.3,90.3
20260812T002328Z,25.3,90.5
20260812T002343Z,25.3,90.6
20260812T002358Z,25.3,90.7
20260812T002413Z,25.3,90.9
20260812T002428Z,25.4,91.0
20260812T002443Z,25.4,91.1
20260812T002458Z,25.4,91.1
20260812T002513Z,25.4,91.2
20260812T002528Z,25.4,91.3
20260812T002543Z,25.4,91.4
20260812T002558Z,25.4,91.4
20260812T002613Z,25.5,91.5
20260812T002628Z,25.5,91.5
20260812T002643Z,25.5,91.6
20260812T002658Z,25.5,91.7
20260812T002713Z,25.5,91.8
20260812T002728Z,25.6,91.9
20260812T002743Z,25.6,91.5
20260812T002758Z,25.6,91.6
20260812T002813Z,25.6,89.7
20260812T002828Z,25.5,89.2
20260812T002843Z,25.5,88.4
20260812T002858Z,25.5,87.5
20260812T002913Z,25.5,86.3
20260812T002928Z,25.4,85.6
20260812T002943Z,25.4,85.6
20260812T002958Z,25.3,85.1
20260812T003013Z,25.3,84.5
20260812T003028Z,25.3,83.2
20260812T003043Z,25.2,83.0
20260812T003058Z,25.2,84.5
20260812T003113Z,25.1,85.5
20260812T003128Z,25.1,86.2
20260812T003143Z,25.1,86.7
20260812T003158Z,25.1,87.1
20260812T003213Z,25.0,87.6
20260812T003228Z,25.0,87.8
20260812T003243Z,25.0,88.4
20260812T003258Z,25.1,88.4
20260812T003313Z,25.1,88.8
20260812T003328Z,25.1,89.1
20260812T003343Z,25.1,89.3
20260812T003358Z,25.1,89.4
20260812T003413Z,25.1,89.7
20260812T003428Z,25.2,89.8
20260812T003443Z,25.2,90.0
20260812T003458Z,25.2,90.3
20260812T003513Z,25.2,90.5
20260812T003528Z,25.2,90.7
20260812T003543Z,25.2,90.9
20260812T003558Z,25.2,91.0
20260812T003613Z,25.2,91.1
20260812T003628Z,25.3,91.3
20260812T003643Z,25.3,91.4
20260812T003658Z,25.3,91.5
20260812T003713Z,25.3,91.5
20260812T003728Z,25.4,91.6
20260812T003743Z,25.4,91.8
20260812T003758Z,25.4,91.8
20260812T003813Z,25.4,92.0
20260812T003828Z,25.4,92.2
20260812T003843Z,25.4,92.2
20260812T003858Z,25.5,92.3
20260812T003913Z,25.5,92.4
20260812T003928Z,25.5,92.4
20260812T003943Z,25.5,92.5
20260812T003958Z,25.5,92.7
20260812T004013Z,25.5,92.6
20260812T004028Z,25.6,92.7
20260812T004043Z,25.6,92.7
20260812T004058Z,25.6,92.8
20260812T004113Z,25.6,92.9
20260812T004128Z,25.6,92.9
20260812T004143Z,25.6,92.9
20260812T004158Z,25.7,92.9
20260812T004213Z,25.7,92.9
20260812T004228Z,25.7,93.0
20260812T004243Z,25.7,93.0
20260812T004258Z,25.7,93.0
20260812T004313Z,25.7,93.0
20260812T004328Z,25.8,93.0
20260812T004343Z,25.8,93.0
20260812T004358Z,25.8,93.1
20260812T004413Z,25.8,92.9
20260812T004428Z,25.8,93.0
20260812T004443Z,25.8,93.1
20260812T004458Z,25.9,93.2
20260812T004513Z,25.9,93.1
20260812T004528Z,25.9,93.2
20260812T004543Z,25.9,93.2
20260812T004558Z,25.9,93.1
20260812T004613Z,26.0,93.1
20260812T004628Z,25.9,93.1
20260812T004643Z,26.0,93.1
20260812T004658Z,26.0,93.2
20260812T004713Z,26.0,93.1
20260812T004728Z,26.0,93.1
20260812T004743Z,26.0,93.3
20260812T004758Z,26.0,93.3
20260812T004813Z,26.1,93.3
20260812T004828Z,26.1,93.4
20260812T004843Z,26.1,93.3
20260812T004858Z,26.1,93.3
20260812T004913Z,26.1,93.4
20260812T004928Z,26.1,93.6
20260812T004943Z,26.1,93.5
20260812T004958Z,26.2,93.5
20260812T005013Z,26.2,93.4
20260812T005028Z,26.2,93.4
20260812T005043Z,26.2,93.4
20260812T005058Z,26.2,93.3
20260812T005113Z,26.3,93.3
20260812T005128Z,26.3,93.3
20260812T005143Z,26.3,93.3
20260812T005158Z,26.3,93.1
20260812T005213Z,26.3,93.3
20260812T005228Z,26.3,93.2
20260812T005243Z,26.3,93.2
20260812T005258Z,26.3,93.2
20260812T005313Z,26.3,92.3
20260812T005328Z,26.3,92.4
20260812T005343Z,26.3,91.3
20260812T005358Z,26.3,90.3
20260812T005413Z,26.3,89.6
20260812T005428Z,26.2,88.8
20260812T005443Z,26.2,88.2
20260812T005458Z,26.1,86.9
20260812T005513Z,26.0,87.0
20260812T005528Z,25.9,86.2
20260812T005543Z,25.9,85.8
20260812T005558Z,25.8,84.8
20260812T005613Z,25.7,84.7
20260812T005628Z,25.7,85.0
20260812T005643Z,25.6,84.9
20260812T005658Z,25.5,84.3
20260812T005713Z,25.5,84.3
20260812T005728Z,25.5,83.9
20260812T005743Z,25.4,83.0
20260812T005758Z,25.4,82.9
20260812T005813Z,25.3,82.8
20260812T005828Z,25.3,83.2
20260812T005843Z,25.3,83.2
20260812T005858Z,25.2,83.2
20260812T005913Z,25.2,82.2
20260812T005928Z,25.2,82.9
20260812T005943Z,25.2,83.7
20260812T005958Z,25.1,84.5
20260812T010013Z,25.1,85.0
20260812T010028Z,25.1,85.2
20260812T010043Z,25.1,85.5
20260812T010058Z,25.1,85.9
20260812T010113Z,25.1,86.3
20260812T010128Z,25.1,86.6
20260812T010143Z,25.2,86.8
20260812T010158Z,25.2,87.2
20260812T010213Z,25.2,87.5
20260812T010228Z,25.2,87.8
20260812T010243Z,25.2,87.9
20260812T010258Z,25.2,88.4
20260812T010313Z,25.2,88.5
20260812T010328Z,25.3,88.9
20260812T010343Z,25.3,89.2
20260812T010358Z,25.3,89.3
20260812T010413Z,25.3,89.5
20260812T010428Z,25.3,89.8
20260812T010443Z,25.4,89.9
20260812T010458Z,25.4,90.1
20260812T010513Z,25.4,90.4
20260812T010528Z,25.4,90.5
20260812T010543Z,25.4,90.6
20260812T010558Z,25.4,90.9
20260812T010613Z,25.5,91.0
20260812T010628Z,25.5,91.1
20260812T010643Z,25.5,91.3
20260812T010658Z,25.5,91.4
20260812T010713Z,25.5,91.6
20260812T010728Z,25.5,91.7
20260812T010743Z,25.6,91.8
20260812T010758Z,25.6,92.0
20260812T010813Z,25.6,92.3
20260812T010828Z,25.6,92.3
20260812T010843Z,25.6,92.3
20260812T010858Z,25.7,92.5
20260812T010913Z,25.7,92.7
20260812T010928Z,25.7,92.7
20260812T010943Z,25.7,92.9
20260812T010958Z,25.8,92.9
20260812T011013Z,25.8,93.1
20260812T011028Z,25.8,93.0
20260812T011043Z,25.8,93.2
20260812T011058Z,25.8,93.3
20260812T011113Z,25.9,93.3
20260812T011128Z,25.9,93.3
20260812T011143Z,25.9,93.4
20260812T011158Z,25.9,93.5
20260812T011213Z,25.9,93.6
20260812T011228Z,25.9,93.5
20260812T011243Z,26.0,93.7
20260812T011258Z,26.0,93.7
20260812T011313Z,26.0,93.8
20260812T011328Z,26.0,93.8
20260812T011343Z,26.1,93.7
20260812T011358Z,26.1,93.7
20260812T011413Z,26.1,93.8
20260812T011428Z,26.1,93.8
20260812T011443Z,26.1,93.8
20260812T011458Z,26.2,93.8
20260812T011513Z,26.2,93.8
20260812T011528Z,26.2,93.9
20260812T011543Z,26.2,93.9
20260812T011558Z,26.2,93.9
20260812T011613Z,26.2,93.9
20260812T011628Z,26.3,93.9
20260812T011643Z,26.3,93.8
20260812T011658Z,26.3,93.9
20260812T011713Z,26.3,93.9
20260812T011728Z,26.3,94.0
20260812T011743Z,26.4,93.9
20260812T011758Z,26.4,94.0
20260812T011813Z,26.4,93.9
20260812T011828Z,26.4,93.8
20260812T011843Z,26.4,93.9
20260812T011858Z,26.4,93.9
20260812T011913Z,26.5,93.9
20260812T011928Z,26.5,94.0
20260812T011943Z,26.5,94.0
20260812T011958Z,26.6,94.0
20260812T012013Z,26.6,93.9
20260812T012028Z,26.6,93.7
20260812T012043Z,26.6,93.7
20260812T012058Z,26.6,93.6
20260812T012113Z,26.6,93.7
20260812T012128Z,26.6,93.6
20260812T012143Z,26.6,93.5
20260812T012158Z,26.7,93.5
20260812T012213Z,26.6,93.5
20260812T012228Z,26.7,93.4
20260812T012243Z,26.7,93.4
20260812T012258Z,26.7,93.4
20260812T012313Z,26.7,93.4
20260812T012328Z,26.7,93.4
20260812T012343Z,26.7,93.4
20260812T012358Z,26.7,93.4
20260812T012413Z,26.7,93.3
20260812T012428Z,26.7,93.4
20260812T012443Z,26.7,93.3
20260812T012458Z,26.7,93.4
20260812T012513Z,26.7,93.3
20260812T012528Z,26.7,93.3
20260812T012543Z,26.7,93.3
20260812T012558Z,26.7,93.3
20260812T012613Z,26.7,93.3
20260812T012628Z,26.7,93.3
20260812T012643Z,26.7,93.2
20260812T012658Z,26.7,93.2
20260812T012713Z,26.7,93.3
20260812T012728Z,26.7,93.2
20260812T012743Z,26.7,93.3
20260812T012758Z,26.7,93.3
20260812T012813Z,26.7,93.2
20260812T012828Z,26.7,93.2
20260812T012843Z,26.7,93.2
20260812T012858Z,26.7,93.2
20260812T012913Z,26.7,93.2
20260812T012928Z,26.7,93.2
20260812T012943Z,26.7,93.2
20260812T012958Z,26.8,93.1
20260812T013013Z,26.7,93.1
20260812T013028Z,26.8,93.1
20260812T013043Z,26.8,93.1
20260812T013058Z,26.8,93.1
20260812T013113Z,26.8,93.1
20260812T013128Z,26.8,93.1
20260812T013143Z,26.8,93.1
20260812T013158Z,26.8,93.0
20260812T013213Z,26.8,93.0
20260812T013228Z,26.8,93.0
20260812T013243Z,26.8,93.0
20260812T013258Z,26.8,93.0
20260812T013313Z,26.8,93.0
20260812T013328Z,26.8,93.0
20260812T013343Z,26.8,93.0
20260812T013358Z,26.8,93.0
20260812T013413Z,26.8,93.0
20260812T013428Z,26.8,93.0
20260812T013443Z,26.8,92.9
20260812T013458Z,26.9,92.9
20260812T013513Z,26.9,92.9
20260812T013528Z,26.9,92.9
20260812T013543Z,26.9,92.8
20260812T013558Z,26.9,92.8
20260812T013613Z,26.9,92.8
20260812T013628Z,26.9,92.8
20260812T013643Z,26.9,92.8
20260812T013658Z,26.9,92.7
20260812T013713Z,26.9,92.8
20260812T013728Z,26.9,92.7
20260812T013743Z,26.9,92.7
20260812T013758Z,26.9,92.7
20260812T013813Z,26.9,92.7
20260812T013828Z,26.9,92.7
20260812T013843Z,26.9,92.7
20260812T013858Z,26.9,92.7
20260812T013913Z,26.9,92.6
20260812T013928Z,26.9,92.6
20260812T013943Z,26.9,92.7
20260812T013958Z,26.9,92.6
20260812T014013Z,27.0,92.6
20260812T014028Z,27.0,92.6
20260812T014043Z,27.0,92.6
20260812T014058Z,27.0,92.6
20260812T014113Z,27.0,92.5
20260812T014128Z,27.0,92.5
20260812T014143Z,27.0,92.6
20260812T014158Z,27.0,92.5
20260812T014213Z,27.0,92.5
20260812T014228Z,27.0,92.5
20260812T014243Z,27.0,92.5
20260812T014258Z,27.0,92.5
20260812T014313Z,27.0,92.5
20260812T014328Z,27.0,92.5
20260812T014343Z,27.0,92.5
20260812T014358Z,27.0,92.5
20260812T014413Z,27.0,92.4
20260812T014428Z,27.0,92.4
20260812T014443Z,27.0,92.4
20260812T014458Z,27.0,92.4
20260812T014513Z,27.0,92.4
20260812T014528Z,27.0,92.4
20260812T014543Z,27.0,92.4
20260812T014558Z,27.1,92.4
20260812T014613Z,27.1,92.3
20260812T014628Z,27.1,92.4
20260812T014643Z,27.1,92.3
20260812T014658Z,27.1,92.3
20260812T014713Z,27.0,92.3
20260812T014728Z,27.1,92.3
20260812T014743Z,27.1,92.3
20260812T014758Z,27.1,92.3
20260812T014813Z,27.1,92.3
20260812T014828Z,27.1,92.2
20260812T014843Z,27.1,92.2
20260812T014858Z,27.1,92.2
20260812T014913Z,27.1,92.2
20260812T014928Z,27.1,92.2
20260812T014943Z,27.1,92.2
20260812T014958Z,27.1,92.2
20260812T015013Z,27.1,92.2
20260812T015028Z,27.1,92.2
20260812T015043Z,27.1,92.1
20260812T015058Z,27.1,92.2
20260812T015113Z,27.1,92.2
20260812T015128Z,27.1,92.1
20260812T015143Z,27.1,92.1
20260812T015158Z,27.1,92.1
20260812T015213Z,27.1,92.1
20260812T015228Z,27.1,92.1
20260812T015243Z,27.1,92.1
20260812T015258Z,27.2,92.1
20260812T015313Z,27.2,92.0
20260812T015328Z,27.2,92.1
20260812T015343Z,27.2,92.1
20260812T015358Z,27.2,92.1
20260812T015413Z,27.2,92.0
20260812T015428Z,27.2,92.0
20260812T015443Z,27.2,92.0
20260812T015458Z,27.2,92.0
20260812T015513Z,27.2,92.0
20260812T015528Z,27.2,92.0
20260812T015543Z,27.2,92.0
20260812T015558Z,27.2,91.9
20260812T015613Z,27.2,91.9
20260812T015628Z,27.2,91.9
20260812T015643Z,27.2,91.9
20260812T015658Z,27.2,91.9
20260812T015713Z,27.2,92.0
20260812T015728Z,27.2,92.0
20260812T015743Z,27.2,92.0
20260812T015758Z,27.3,91.9
20260812T015813Z,27.3,91.9
20260812T015828Z,27.3,91.9
20260812T015843Z,27.3,91.9
20260812T015858Z,27.3,91.9
20260812T015913Z,27.3,91.9
20260812T015928Z,27.3,91.8
20260812T015943Z,27.3,91.8
20260812T015958Z,27.3,91.8
20260812T020013Z,27.3,91.8
20260812T020028Z,27.3,91.8
20260812T020043Z,27.3,91.8
20260812T020058Z,27.3,91.7
20260812T020113Z,27.4,91.7
20260812T020128Z,27.4,91.7
20260812T020143Z,27.4,91.7
20260812T020158Z,27.4,91.7
20260812T020213Z,27.4,91.6
20260812T020228Z,27.4,91.7
20260812T020243Z,27.4,91.6
20260812T020258Z,27.4,91.6
20260812T020313Z,27.4,91.6
20260812T020328Z,27.4,91.5
20260812T020343Z,27.5,91.5
20260812T020358Z,27.5,91.5
20260812T020413Z,27.5,91.5
20260812T020428Z,27.5,91.5
20260812T020443Z,27.5,91.4
20260812T020458Z,27.5,91.5
20260812T020513Z,27.5,91.4
20260812T020528Z,27.5,91.4
20260812T020543Z,27.5,91.4
20260812T020558Z,27.5,91.4
20260812T020613Z,27.5,91.4
20260812T020628Z,27.5,91.4
20260812T020643Z,27.5,91.4
20260812T020658Z,27.5,91.4
20260812T020713Z,27.5,91.3
20260812T020728Z,27.5,91.3
20260812T020743Z,27.6,91.3
20260812T020758Z,27.6,90.1
20260812T020813Z,27.5,90.8
20260812T020828Z,27.5,88.9
20260812T020843Z,27.5,88.7
20260812T020858Z,27.4,87.9
20260812T020913Z,27.4,87.3
20260812T020928Z,27.3,86.6
20260812T020943Z,27.2,86.1
20260812T020958Z,27.2,85.8
20260812T021013Z,27.1,85.7
20260812T021028Z,27.0,85.1
20260812T021043Z,26.9,84.5
20260812T021058Z,26.9,84.3
20260812T021113Z,26.8,84.0
20260812T021128Z,26.7,83.7
20260812T021143Z,26.7,84.0
20260812T021158Z,26.6,83.4
20260812T021213Z,26.6,82.6
20260812T021228Z,26.5,83.4
20260812T021243Z,26.4,81.6
20260812T021258Z,26.4,82.9
20260812T021313Z,26.3,83.2
20260812T021328Z,26.3,82.3
20260812T021344Z,26.3,83.2
20260812T021359Z,26.2,83.8
20260812T021414Z,26.2,84.5
20260812T021429Z,26.2,84.7
20260812T021444Z,26.1,85.0
20260812T021459Z,26.1,85.4
20260812T021514Z,26.1,85.8
20260812T021529Z,26.1,85.9
20260812T021544Z,26.2,86.3
20260812T021559Z,26.2,86.5
20260812T021614Z,26.2,86.7
20260812T021629Z,26.2,86.8
20260812T021644Z,26.2,87.1
20260812T021659Z,26.2,87.1
20260812T021714Z,26.2,87.5
20260812T021729Z,26.2,87.7
20260812T021744Z,26.2,87.8
20260812T021759Z,26.3,88.0
20260812T021814Z,26.3,88.2
20260812T021829Z,26.3,88.4
20260812T021844Z,26.3,88.5
20260812T021859Z,26.4,88.6
20260812T021914Z,26.4,88.8
20260812T021929Z,26.4,89.1
20260812T021944Z,26.4,89.3
20260812T021959Z,26.4,89.4
20260812T022014Z,26.4,89.5
20260812T022029Z,26.5,89.6
20260812T022044Z,26.5,89.8
20260812T022059Z,26.5,89.9
20260812T022114Z,26.5,90.1
20260812T022129Z,26.5,90.2
20260812T022144Z,26.5,90.4
20260812T022159Z,26.5,90.5
20260812T022214Z,26.5,90.6
20260812T022229Z,26.6,90.6
20260812T022244Z,26.6,90.8
20260812T022259Z,26.6,90.8
20260812T022314Z,26.6,91.0
20260812T022329Z,26.6,91.0
20260812T022344Z,26.6,91.1
20260812T022359Z,26.6,91.3
20260812T022414Z,26.6,91.3
20260812T022429Z,26.7,91.4
20260812T022444Z,26.7,91.6
20260812T022459Z,26.7,91.7
20260812T022514Z,26.7,91.7
20260812T022529Z,26.7,91.8
20260812T022544Z,26.7,91.8
20260812T022559Z,26.7,91.9
20260812T022614Z,26.7,92.0
20260812T022629Z,26.8,92.1
20260812T022644Z,26.8,92.1
20260812T022659Z,26.8,92.2
20260812T022714Z,26.8,92.2
20260812T022729Z,26.8,92.2
20260812T022744Z,26.8,92.3
20260812T022759Z,26.8,92.3
20260812T022814Z,26.9,92.3
20260812T022829Z,26.9,92.3
20260812T022844Z,26.9,92.4
20260812T022859Z,26.9,92.4
20260812T022914Z,26.9,92.4
20260812T022929Z,26.9,92.3
20260812T022944Z,26.9,92.4
20260812T022959Z,26.9,92.4
20260812T023014Z,27.0,92.5
20260812T023029Z,27.0,92.3
20260812T023044Z,27.0,92.4
20260812T023059Z,27.0,92.4
20260812T023114Z,27.0,92.4
20260812T023129Z,27.0,92.4
20260812T023144Z,27.0,92.4
20260812T023159Z,27.1,92.4
20260812T023214Z,27.1,92.4
20260812T023229Z,27.1,92.3
20260812T023244Z,27.1,92.2
20260812T023259Z,27.1,92.3
20260812T023314Z,27.1,92.2
20260812T023329Z,27.2,92.3
20260812T023344Z,27.2,92.3
20260812T023359Z,27.2,92.2
20260812T023414Z,27.2,92.2
20260812T023429Z,27.2,92.2
20260812T023444Z,27.2,92.2
20260812T023459Z,27.2,92.2
20260812T023514Z,27.3,92.1
20260812T023529Z,27.3,92.1
20260812T023544Z,27.3,92.1
20260812T023559Z,27.3,92.1
20260812T023614Z,27.3,92.0
20260812T023629Z,27.3,92.1
20260812T023644Z,27.3,92.0
20260812T023659Z,27.4,92.0
20260812T023714Z,27.4,91.9
20260812T023729Z,27.4,92.0
20260812T023744Z,27.4,92.0
20260812T023759Z,27.4,91.9
20260812T023814Z,27.4,91.9
20260812T023829Z,27.4,91.9
20260812T023844Z,27.4,91.9
20260812T023859Z,27.4,91.9
20260812T023914Z,27.4,91.9
20260812T023929Z,27.4,91.8
20260812T023944Z,27.5,91.8
20260812T023959Z,27.5,91.8
20260812T024014Z,27.5,91.7
20260812T024029Z,27.5,91.7
20260812T024044Z,27.5,91.7
20260812T024059Z,27.5,91.7
20260812T024114Z,27.5,91.7
20260812T024129Z,27.5,91.6
20260812T024144Z,27.5,91.6
20260812T024159Z,27.5,91.6
20260812T024214Z,27.6,91.6
20260812T024229Z,27.6,91.6
20260812T024244Z,27.6,91.5
20260812T024259Z,27.6,91.6
20260812T024314Z,27.6,91.5
20260812T024329Z,27.6,91.5
20260812T024344Z,27.6,91.0
20260812T024359Z,27.6,90.2
20260812T024414Z,27.6,88.3
20260812T024429Z,27.5,88.1
20260812T024444Z,27.5,87.8
20260812T024459Z,27.4,86.7
20260812T024514Z,27.4,86.2
20260812T024529Z,27.3,85.6
20260812T024544Z,27.2,85.3
20260812T024559Z,27.1,85.1
20260812T024614Z,27.1,84.3
20260812T024629Z,27.0,84.8
20260812T024644Z,26.9,84.7
20260812T024659Z,26.9,83.7
20260812T024714Z,26.8,83.1
20260812T024729Z,26.7,83.3
20260812T024744Z,26.7,83.4
20260812T024759Z,26.6,81.8
20260812T024814Z,26.6,82.3
20260812T024829Z,26.5,81.3
20260812T024844Z,26.5,82.2
20260812T024859Z,26.4,81.5
20260812T024914Z,26.4,81.1
20260812T024929Z,26.4,81.8
20260812T024944Z,26.3,82.8
20260812T024959Z,26.3,83.3
20260812T025014Z,26.3,83.9
20260812T025029Z,26.3,84.1
20260812T025044Z,26.3,84.5
20260812T025059Z,26.3,84.6
20260812T025114Z,26.3,84.9
20260812T025129Z,26.3,85.2
20260812T025144Z,26.3,85.3
20260812T025159Z,26.3,85.6
20260812T025214Z,26.3,85.9
20260812T025229Z,26.3,86.2
20260812T025244Z,26.3,86.5
20260812T025259Z,26.3,86.5
20260812T025314Z,26.4,86.7
20260812T025329Z,26.4,87.1
20260812T025344Z,26.4,87.2
20260812T025359Z,26.4,87.4
20260812T025414Z,26.4,87.6
20260812T025429Z,26.4,87.7
20260812T025444Z,26.5,87.7
20260812T025459Z,26.5,88.2
20260812T025514Z,26.5,88.3
20260812T025529Z,26.5,88.5
20260812T025544Z,26.5,88.6
20260812T025559Z,26.6,88.8
20260812T025614Z,26.6,89.0
20260812T025629Z,26.6,89.0
20260812T025644Z,26.6,89.3
20260812T025659Z,26.6,89.2
20260812T025714Z,26.6,89.4
20260812T025729Z,26.6,89.6
20260812T025744Z,26.7,89.7
20260812T025759Z,26.7,89.9
20260812T025814Z,26.7,90.0
20260812T025829Z,26.7,90.1
20260812T025844Z,26.7,90.1
20260812T025859Z,26.7,90.3
20260812T025914Z,26.7,90.5
20260812T025929Z,26.7,90.6
20260812T025944Z,26.7,90.7
20260812T025959Z,26.8,90.9
20260812T030014Z,26.8,90.9
20260812T030029Z,26.8,91.0
20260812T030044Z,26.8,91.0
20260812T030059Z,26.8,91.2
20260812T030114Z,26.8,91.3
20260812T030129Z,26.8,91.3
20260812T030144Z,26.8,91.4
20260812T030159Z,26.9,91.6
20260812T030214Z,26.9,91.6
20260812T030229Z,26.9,91.7
20260812T030244Z,26.9,91.6
20260812T030259Z,26.9,91.7
20260812T030314Z,26.9,91.8
20260812T030329Z,26.9,91.8
20260812T030344Z,27.0,91.9
20260812T030359Z,27.0,91.9
20260812T030414Z,27.0,91.9
20260812T030429Z,27.0,91.9
20260812T030444Z,27.0,92.0
20260812T030459Z,27.0,92.0
20260812T030514Z,27.0,92.0
20260812T030529Z,27.1,92.1
20260812T030544Z,27.1,92.1
20260812T030559Z,27.1,92.2
20260812T030614Z,27.1,92.1
20260812T030629Z,27.1,92.2
20260812T030644Z,27.2,92.2
20260812T030659Z,27.2,92.2
20260812T030714Z,27.2,92.3
20260812T030729Z,27.2,92.3
20260812T030744Z,27.3,92.4
20260812T030759Z,27.3,92.3
20260812T030814Z,27.3,92.3
20260812T030829Z,27.3,92.2
20260812T030844Z,27.3,92.1
20260812T030859Z,27.3,92.1
20260812T030914Z,27.3,92.1
20260812T030929Z,27.3,92.1
20260812T030944Z,27.4,92.0
20260812T030959Z,27.4,92.0
20260812T031014Z,27.4,92.0
20260812T031029Z,27.4,92.0
20260812T031044Z,27.4,92.0
20260812T031059Z,27.4,92.0
20260812T031114Z,27.4,91.9
20260812T031129Z,27.4,91.9
20260812T031144Z,27.4,91.9
20260812T031159Z,27.4,91.9
20260812T031214Z,27.4,91.9
20260812T031229Z,27.4,91.9
20260812T031244Z,27.5,91.9
20260812T031259Z,27.5,91.9
20260812T031314Z,27.5,91.9
20260812T031329Z,27.5,91.9
20260812T031344Z,27.5,91.8
20260812T031359Z,27.5,91.8
20260812T031414Z,27.5,91.8
20260812T031429Z,27.5,91.8
20260812T031444Z,27.5,91.8
20260812T031459Z,27.5,91.8
20260812T031514Z,27.5,91.7
20260812T031529Z,27.5,91.8
20260812T031544Z,27.5,91.7
20260812T031559Z,27.6,91.7
20260812T031614Z,27.5,91.7
20260812T031629Z,27.6,91.6
20260812T031644Z,27.6,91.1
20260812T031659Z,27.5,89.7
20260812T031714Z,27.5,89.0
20260812T031729Z,27.5,88.5
20260812T031744Z,27.5,87.6
20260812T031759Z,27.4,87.1
20260812T031814Z,27.4,86.5
20260812T031829Z,27.3,86.1
20260812T031844Z,27.3,85.5
20260812T031859Z,27.2,84.8
20260812T031914Z,27.1,84.5
20260812T031929Z,27.1,85.0
20260812T031944Z,27.0,83.7
20260812T031959Z,26.9,83.0
20260812T032014Z,26.9,81.8
20260812T032029Z,26.8,81.0
20260812T032044Z,26.7,81.8
20260812T032059Z,26.6,80.6
20260812T032114Z,26.6,81.3
20260812T032129Z,26.5,81.4
20260812T032144Z,26.4,80.0
20260812T032159Z,26.4,80.9
20260812T032214Z,26.3,81.3
20260812T032229Z,26.3,82.5
20260812T032244Z,26.3,83.5
20260812T032259Z,26.2,83.8
20260812T032314Z,26.2,84.2
20260812T032329Z,26.2,84.6
20260812T032344Z,26.2,85.0
20260812T032359Z,26.2,85.1
20260812T032414Z,26.2,85.4
20260812T032429Z,26.2,85.9
20260812T032444Z,26.3,86.0
20260812T032459Z,26.3,86.1
20260812T032514Z,26.3,86.4
20260812T032529Z,26.3,86.6
20260812T032544Z,26.3,86.8
20260812T032559Z,26.3,87.0
20260812T032614Z,26.4,87.2
20260812T032629Z,26.4,87.3
20260812T032644Z,26.4,87.5
20260812T032659Z,26.4,87.7
20260812T032714Z,26.4,87.9
20260812T032729Z,26.5,88.0
20260812T032744Z,26.5,88.3
20260812T032759Z,26.5,88.4
20260812T032814Z,26.5,88.5
20260812T032829Z,26.5,88.8
20260812T032844Z,26.5,88.8
20260812T032859Z,26.6,88.9
20260812T032914Z,26.6,89.1
20260812T032929Z,26.6,89.2
20260812T032944Z,26.6,89.4
20260812T032959Z,26.6,89.5
20260812T033014Z,26.6,89.5
20260812T033029Z,26.7,89.7
20260812T033044Z,26.7,89.8
20260812T033059Z,26.7,90.0
20260812T033114Z,26.7,90.1
20260812T033129Z,26.7,90.3
20260812T033144Z,26.7,90.3
20260812T033159Z,26.7,90.4
20260812T033214Z,26.7,90.4
20260812T033229Z,26.7,90.6
20260812T033244Z,26.8,90.9
20260812T033259Z,26.8,90.9
20260812T033314Z,26.8,91.1
20260812T033329Z,26.8,91.1
20260812T033344Z,26.8,91.0
20260812T033359Z,26.9,91.2
20260812T033414Z,26.9,91.2
20260812T033429Z,26.9,91.4
20260812T033444Z,26.9,91.5
20260812T033459Z,26.9,91.5
20260812T033514Z,26.9,91.6
20260812T033529Z,26.9,91.7
20260812T033544Z,27.0,91.6
20260812T033559Z,27.0,91.7
20260812T033614Z,27.0,91.7
20260812T033629Z,27.0,91.7
20260812T033644Z,27.0,91.7
20260812T033659Z,27.0,91.7
20260812T033714Z,27.1,91.8
20260812T033729Z,27.1,91.9
20260812T033744Z,27.1,91.9
20260812T033759Z,27.1,91.8
20260812T033814Z,27.1,91.9
20260812T033829Z,27.1,91.9
20260812T033844Z,27.2,91.8
20260812T033859Z,27.2,91.8
20260812T033914Z,27.2,91.8
20260812T033929Z,27.2,91.9
20260812T033944Z,27.3,91.8
20260812T033959Z,27.2,91.8
20260812T034014Z,27.3,91.8
20260812T034029Z,27.3,91.8
20260812T034044Z,27.3,91.8
20260812T034059Z,27.3,91.8
20260812T034114Z,27.3,91.8
20260812T034129Z,27.3,91.7
20260812T034144Z,27.4,91.8
20260812T034159Z,27.4,91.7
20260812T034214Z,27.4,91.8
20260812T034229Z,27.4,91.8
20260812T034244Z,27.4,91.7
20260812T034259Z,27.4,91.7
20260812T034314Z,27.4,91.7
20260812T034329Z,27.5,91.7
20260812T034344Z,27.5,91.7
20260812T034359Z,27.5,91.7
20260812T034414Z,27.5,91.7
20260812T034429Z,27.5,91.6
20260812T034444Z,27.6,91.6
20260812T034459Z,27.6,91.6
20260812T034514Z,27.6,91.6
20260812T034529Z,27.6,91.5
20260812T034544Z,27.6,91.5
20260812T034559Z,27.6,91.5
20260812T034614Z,27.6,91.5
20260812T034629Z,27.6,91.3
20260812T034644Z,27.6,91.1
20260812T034659Z,27.6,89.1
20260812T034714Z,27.6,88.2
20260812T034729Z,27.6,87.8
20260812T034744Z,27.5,87.5
20260812T034759Z,27.5,86.7
20260812T034814Z,27.4,86.0
20260812T034829Z,27.4,85.7
20260812T034844Z,27.3,85.0
20260812T034859Z,27.3,84.3
20260812T034914Z,27.2,83.9
20260812T034929Z,27.1,83.9
20260812T034944Z,27.1,83.5
20260812T034959Z,27.0,83.0
20260812T035014Z,27.0,83.1
20260812T035029Z,26.9,82.3
20260812T035044Z,26.8,81.9
20260812T035059Z,26.8,81.0
20260812T035114Z,26.7,80.9
20260812T035129Z,26.7,81.3
20260812T035144Z,26.6,80.9
20260812T035159Z,26.6,80.0
20260812T035214Z,26.5,79.1
20260812T035229Z,26.5,79.6
20260812T035244Z,26.5,80.2
20260812T035259Z,26.4,80.6
20260812T035314Z,26.4,81.3
20260812T035329Z,26.4,82.2
20260812T035344Z,26.4,82.6
20260812T035359Z,26.4,83.0
20260812T035414Z,26.4,83.3
20260812T035429Z,26.4,83.6
20260812T035444Z,26.4,83.3
20260812T035459Z,26.4,84.1
20260812T035514Z,26.4,84.1
20260812T035529Z,26.4,84.6
20260812T035544Z,26.5,84.8
20260812T035559Z,26.5,85.0
20260812T035614Z,26.5,85.2
20260812T035629Z,26.5,85.6
20260812T035644Z,26.5,85.8
20260812T035659Z,26.6,85.9
20260812T035714Z,26.6,86.1
20260812T035729Z,26.6,86.4
20260812T035744Z,26.6,86.7
20260812T035759Z,26.6,86.7
20260812T035814Z,26.7,86.9
20260812T035829Z,26.7,87.2
20260812T035844Z,26.7,87.5
20260812T035859Z,26.7,87.5
20260812T035914Z,26.7,87.8
20260812T035929Z,26.7,87.9
20260812T035944Z,26.7,88.1
20260812T035959Z,26.8,88.2
20260812T040014Z,26.8,88.3
20260812T040029Z,26.8,88.4
20260812T040044Z,26.8,88.7
20260812T040059Z,26.8,88.8
20260812T040114Z,26.9,88.9
20260812T040129Z,26.9,89.0
20260812T040144Z,26.9,89.2
20260812T040159Z,26.9,89.3
20260812T040214Z,26.9,89.4
20260812T040229Z,26.9,89.5
20260812T040244Z,26.9,89.4
20260812T040259Z,27.0,89.6
20260812T040314Z,27.0,89.7
20260812T040329Z,27.0,89.9
20260812T040344Z,27.0,90.2
20260812T040359Z,27.0,90.3
20260812T040414Z,27.0,90.3
20260812T040429Z,27.0,90.4
20260812T040444Z,27.1,90.4
20260812T040459Z,27.1,90.5
20260812T040514Z,27.1,90.6
20260812T040529Z,27.1,90.6
20260812T040544Z,27.1,90.8
20260812T040559Z,27.1,90.8
20260812T040614Z,27.1,90.9
20260812T040629Z,27.2,90.8
20260812T040644Z,27.2,90.9
20260812T040659Z,27.2,91.0
20260812T040714Z,27.2,91.0
20260812T040729Z,27.2,91.1
20260812T040744Z,27.2,91.1
20260812T040759Z,27.3,91.1
20260812T040814Z,27.3,91.2
20260812T040829Z,27.3,91.2
20260812T040844Z,27.3,91.3
20260812T040859Z,27.3,91.3
20260812T040914Z,27.3,91.3
20260812T040929Z,27.4,91.3
20260812T040944Z,27.4,91.3
20260812T040959Z,27.4,91.3
20260812T041014Z,27.4,91.3
20260812T041029Z,27.4,91.3
20260812T041044Z,27.4,91.3
20260812T041059Z,27.5,91.3
20260812T041114Z,27.5,91.2
20260812T041129Z,27.5,91.2
20260812T041144Z,27.5,91.2
20260812T041159Z,27.5,91.2
20260812T041214Z,27.5,91.3
20260812T041229Z,27.6,91.2
20260812T041244Z,27.6,91.2
20260812T041259Z,27.6,91.2
20260812T041314Z,27.6,91.2
20260812T041329Z,27.6,91.2
20260812T041344Z,27.6,91.1
20260812T041359Z,27.6,91.1
20260812T041414Z,27.7,91.1
20260812T041429Z,27.7,90.4
20260812T041444Z,27.7,90.2
20260812T041459Z,27.7,88.3
20260812T041514Z,27.6,87.7
20260812T041529Z,27.6,87.4
20260812T041544Z,27.6,87.4
20260812T041559Z,27.6,87.1
20260812T041614Z,27.5,86.2
20260812T041629Z,27.5,85.6
20260812T041644Z,27.5,85.2
20260812T041659Z,27.4,84.5
20260812T041714Z,27.4,83.4
20260812T041729Z,27.3,81.8
20260812T041744Z,27.3,82.2
20260812T041759Z,27.2,82.0
20260812T041814Z,27.2,81.7
20260812T041829Z,27.1,81.0
20260812T041844Z,27.1,81.0
20260812T041859Z,27.0,80.8
20260812T041914Z,27.0,79.7
20260812T041929Z,26.9,79.8
20260812T041944Z,26.9,79.5
20260812T041959Z,26.8,79.2
20260812T042014Z,26.8,78.3
20260812T042029Z,26.7,77.7
20260812T042044Z,26.7,77.4
20260812T042059Z,26.6,76.1
20260812T042114Z,26.6,76.8
20260812T042129Z,26.5,77.0
20260812T042144Z,26.5,78.4
20260812T042159Z,26.5,79.0
20260812T042214Z,26.5,79.6
20260812T042229Z,26.5,79.8
20260812T042244Z,26.5,80.2
20260812T042259Z,26.5,80.5
20260812T042314Z,26.5,81.0
20260812T042329Z,26.5,81.1
20260812T042344Z,26.5,81.5
20260812T042359Z,26.5,81.8
20260812T042414Z,26.5,82.1
20260812T042429Z,26.5,82.3
20260812T042444Z,26.6,82.6
20260812T042459Z,26.6,83.0
20260812T042514Z,26.6,83.3
20260812T042529Z,26.6,83.5
20260812T042544Z,26.6,83.8
20260812T042559Z,26.6,84.1
20260812T042614Z,26.7,84.3
20260812T042629Z,26.7,84.5
20260812T042644Z,26.7,84.9
20260812T042659Z,26.7,85.1
20260812T042714Z,26.7,85.2
20260812T042729Z,26.7,85.4
20260812T042744Z,26.8,85.6
20260812T042759Z,26.8,85.8
20260812T042814Z,26.8,86.0
20260812T042829Z,26.8,86.3
20260812T042844Z,26.8,86.4
20260812T042859Z,26.9,86.6
20260812T042914Z,26.9,86.8
20260812T042929Z,26.9,86.9
20260812T042944Z,26.9,87.1
20260812T042959Z,26.9,87.3
20260812T043014Z,26.9,87.4
20260812T043029Z,27.0,87.4
20260812T043044Z,27.0,87.6
20260812T043059Z,27.0,87.8
20260812T043114Z,27.0,88.0
20260812T043129Z,27.0,88.1
20260812T043144Z,27.1,88.2
20260812T043159Z,27.1,88.3
20260812T043214Z,27.1,88.4
20260812T043229Z,27.1,88.5
20260812T043244Z,27.1,88.7
20260812T043259Z,27.1,88.8
20260812T043314Z,27.1,89.0
20260812T043329Z,27.2,89.0
20260812T043344Z,27.2,89.1
20260812T043359Z,27.2,89.3
20260812T043414Z,27.2,89.3
20260812T043429Z,27.2,89.4
20260812T043444Z,27.2,89.5
20260812T043459Z,27.2,89.6
20260812T043514Z,27.3,89.7
20260812T043529Z,27.3,89.9
20260812T043544Z,27.3,89.7
20260812T043559Z,27.3,89.9
20260812T043614Z,27.3,89.9
20260812T043629Z,27.3,89.9
20260812T043644Z,27.4,89.9
20260812T043659Z,27.4,89.9
20260812T043714Z,27.4,90.0
20260812T043729Z,27.4,90.1
20260812T043744Z,27.4,90.1
20260812T043759Z,27.4,90.0
20260812T043814Z,27.5,90.2
20260812T043829Z,27.5,90.1
20260812T043844Z,27.5,90.2
20260812T043859Z,27.5,90.1
20260812T043914Z,27.5,90.1
20260812T043929Z,27.5,90.2
20260812T043944Z,27.6,90.2
20260812T043959Z,27.6,90.2
20260812T044014Z,27.6,90.2
20260812T044029Z,27.6,90.2
20260812T044044Z,27.6,90.2
20260812T044059Z,27.6,90.2
20260812T044114Z,27.7,90.2
20260812T044129Z,27.7,90.2
20260812T044144Z,27.7,89.6
20260812T044159Z,27.7,88.4
20260812T044214Z,27.7,87.0
20260812T044229Z,27.6,86.8
20260812T044244Z,27.6,86.5
20260812T044259Z,27.6,85.4
20260812T044314Z,27.6,84.8
20260812T044329Z,27.5,84.7
20260812T044344Z,27.5,84.4
20260812T044359Z,27.4,83.5
20260812T044414Z,27.4,83.2
20260812T044429Z,27.4,82.1
20260812T044444Z,27.3,82.4
20260812T044459Z,27.3,81.9
20260812T044514Z,27.2,81.9
20260812T044529Z,27.2,81.2
20260812T044544Z,27.1,80.1
20260812T044559Z,27.1,79.1
20260812T044614Z,27.1,79.1
20260812T044629Z,27.0,78.6
20260812T044644Z,26.9,78.6
20260812T044659Z,26.9,77.2
20260812T044714Z,26.8,76.5
20260812T044729Z,26.8,76.5
20260812T044744Z,26.7,76.6
20260812T044759Z,26.7,76.0
20260812T044814Z,26.6,74.5
20260812T044829Z,26.6,74.4
20260812T044844Z,26.5,75.0
20260812T044859Z,26.5,76.1
20260812T044914Z,26.5,77.2
20260812T044929Z,26.5,77.8
20260812T044944Z,26.5,78.4
20260812T044959Z,26.5,78.8
20260812T045014Z,26.5,78.9
20260812T045029Z,26.5,79.3
20260812T045044Z,26.5,79.7
20260812T045059Z,26.5,80.4
20260812T045114Z,26.6,80.4
20260812T045129Z,26.6,80.9
20260812T045144Z,26.6,81.1
20260812T045159Z,26.6,81.4
20260812T045214Z,26.6,81.6
20260812T045229Z,26.6,82.0
20260812T045244Z,26.6,82.2
20260812T045259Z,26.7,82.4
20260812T045314Z,26.7,82.7
20260812T045329Z,26.7,82.9
20260812T045344Z,26.7,83.2
20260812T045359Z,26.7,83.4
20260812T045414Z,26.7,83.8
20260812T045429Z,26.8,84.0
20260812T045444Z,26.8,84.2
20260812T045459Z,26.8,84.4
20260812T045514Z,26.8,84.6
20260812T045529Z,26.8,84.7
20260812T045544Z,26.8,84.9
20260812T045559Z,26.8,85.2
20260812T045614Z,26.9,85.4
20260812T045629Z,26.9,85.6
20260812T045644Z,26.9,86.0
20260812T045659Z,26.9,86.0
20260812T045714Z,26.9,86.2
20260812T045729Z,26.9,86.3
20260812T045744Z,26.9,86.3
20260812T045759Z,27.0,86.5
20260812T045814Z,27.0,86.7
20260812T045829Z,27.0,87.0
20260812T045844Z,27.0,87.0
20260812T045859Z,27.0,87.1
20260812T045914Z,27.0,87.3
20260812T045929Z,27.0,87.4
20260812T045944Z,27.1,87.5
20260812T045959Z,27.1,87.7
20260812T050014Z,27.1,87.8
20260812T050029Z,27.1,88.2
20260812T050044Z,27.1,88.3
20260812T050059Z,27.2,88.4
20260812T050114Z,27.2,88.5
20260812T050129Z,27.2,88.5
20260812T050144Z,27.2,88.6
20260812T050159Z,27.2,88.7
20260812T050214Z,27.2,88.8
20260812T050229Z,27.3,89.0
20260812T050244Z,27.3,88.9
20260812T050259Z,27.3,88.8
20260812T050314Z,27.3,89.1
20260812T050329Z,27.4,89.1
20260812T050344Z,27.4,89.1
20260812T050359Z,27.4,89.1
20260812T050414Z,27.4,89.2
20260812T050429Z,27.4,89.1
20260812T050444Z,27.5,89.2
20260812T050459Z,27.5,89.2
20260812T050514Z,27.5,89.3
20260812T050529Z,27.5,89.3
20260812T050544Z,27.5,89.3
20260812T050559Z,27.5,89.3
20260812T050614Z,27.6,89.2
20260812T050629Z,27.6,89.2
20260812T050644Z,27.6,89.2
20260812T050659Z,27.6,89.3
20260812T050714Z,27.6,88.6
20260812T050729Z,27.6,88.7
20260812T050744Z,27.6,87.2
20260812T050759Z,27.6,86.2
20260812T050814Z,27.6,85.7
20260812T050829Z,27.6,85.5
20260812T050844Z,27.5,84.8
20260812T050859Z,27.5,83.8
20260812T050914Z,27.5,83.6
20260812T050929Z,27.4,82.5
20260812T050944Z,27.4,82.4
20260812T050959Z,27.3,81.9
20260812T051014Z,27.3,81.7
20260812T051029Z,27.2,80.8
20260812T051044Z,27.2,80.5
20260812T051059Z,27.1,79.7
20260812T051114Z,27.1,79.1
20260812T051129Z,27.0,79.2
20260812T051144Z,26.9,78.5
20260812T051159Z,26.9,78.5
20260812T051214Z,26.8,78.3
20260812T051229Z,26.8,77.9
20260812T051244Z,26.8,77.6
20260812T051259Z,26.7,77.8
20260812T051314Z,26.7,77.1
20260812T051329Z,26.7,76.8
20260812T051344Z,26.7,77.7
20260812T051359Z,26.6,78.7
20260812T051414Z,26.6,79.2
20260812T051429Z,26.6,79.8
20260812T051444Z,26.6,80.0
20260812T051459Z,26.6,80.1
20260812T051514Z,26.6,80.4
20260812T051529Z,26.6,80.6
20260812T051544Z,26.6,81.1
20260812T051559Z,26.6,81.3
20260812T051614Z,26.6,81.6
20260812T051629Z,26.6,81.9
20260812T051644Z,26.7,82.1
20260812T051659Z,26.7,82.3
20260812T051714Z,26.7,82.7
20260812T051729Z,26.7,82.9
20260812T051744Z,26.7,83.1
20260812T051759Z,26.7,83.6
20260812T051814Z,26.7,83.7
20260812T051829Z,26.7,83.9
20260812T051844Z,26.8,84.1
20260812T051859Z,26.8,84.3
20260812T051914Z,26.8,84.5
20260812T051929Z,26.8,84.8
20260812T051944Z,26.8,85.0
20260812T051959Z,26.9,85.0
20260812T052014Z,26.9,85.3
20260812T052029Z,26.9,85.6
20260812T052044Z,26.9,85.8
20260812T052059Z,26.9,86.1
20260812T052114Z,26.9,86.1
20260812T052129Z,27.0,86.4
20260812T052144Z,27.0,86.5
20260812T052159Z,27.0,86.5
20260812T052214Z,27.0,86.5
20260812T052229Z,27.0,87.0
20260812T052244Z,27.0,87.0
20260812T052259Z,27.0,87.2
20260812T052314Z,27.1,87.2
20260812T052329Z,27.1,87.3
20260812T052344Z,27.1,87.3
20260812T052359Z,27.1,87.6
20260812T052414Z,27.1,87.5
20260812T052429Z,27.1,87.7
20260812T052444Z,27.2,87.9
20260812T052459Z,27.2,88.0
20260812T052514Z,27.2,88.0
20260812T052529Z,27.2,88.0
20260812T052544Z,27.2,88.0
20260812T052559Z,27.2,88.3
20260812T052614Z,27.3,88.2
20260812T052629Z,27.3,88.5
20260812T052644Z,27.3,88.3
20260812T052659Z,27.3,88.5
20260812T052714Z,27.3,88.5
20260812T052729Z,27.3,88.5
20260812T052744Z,27.4,88.5
20260812T052759Z,27.4,88.6
20260812T052814Z,27.4,88.6
20260812T052829Z,27.4,88.6
20260812T052844Z,27.4,88.6
20260812T052859Z,27.4,88.6
20260812T052914Z,27.4,88.7
20260812T052929Z,27.5,88.6
20260812T052944Z,27.5,88.6
20260812T052959Z,27.5,88.6
20260812T053014Z,27.5,88.7
20260812T053029Z,27.6,88.8
20260812T053044Z,27.6,88.6
20260812T053059Z,27.6,87.0
20260812T053114Z,27.6,85.9
20260812T053129Z,27.6,85.5
20260812T053144Z,27.5,85.0
20260812T053159Z,27.5,84.5
20260812T053214Z,27.5,84.0
20260812T053229Z,27.5,83.4
20260812T053244Z,27.4,82.6
20260812T053259Z,27.4,82.4
20260812T053314Z,27.3,82.0
20260812T053329Z,27.3,81.8
20260812T053344Z,27.2,81.0
20260812T053359Z,27.2,80.5
20260812T053414Z,27.2,80.3
20260812T053429Z,27.1,80.0
20260812T053444Z,27.1,78.5
20260812T053459Z,27.0,78.6
20260812T053514Z,27.0,78.9
20260812T053529Z,26.9,77.4
20260812T053544Z,26.9,77.4
20260812T053559Z,26.8,77.2
20260812T053614Z,26.7,75.5
20260812T053629Z,26.7,75.7
20260812T053644Z,26.7,75.2
20260812T053659Z,26.6,75.7
20260812T053714Z,26.6,76.1
20260812T053729Z,26.5,77.3
20260812T053744Z,26.5,78.3
20260812T053759Z,26.5,78.9
20260812T053814Z,26.5,79.2
20260812T053829Z,26.5,79.6
20260812T053844Z,26.5,79.9
20260812T053859Z,26.5,80.2
20260812T053914Z,26.5,80.6
20260812T053929Z,26.5,81.0
20260812T053944Z,26.5,81.1
20260812T053959Z,26.5,81.6
20260812T054014Z,26.6,81.8
20260812T054029Z,26.6,82.3
20260812T054044Z,26.6,82.3
20260812T054059Z,26.6,82.6
20260812T054114Z,26.6,83.0
20260812T054129Z,26.7,83.2
20260812T054144Z,26.7,83.5
20260812T054159Z,26.7,83.8
20260812T054214Z,26.7,84.0
20260812T054229Z,26.8,84.3
20260812T054244Z,26.8,84.4
20260812T054259Z,26.8,83.7
20260812T054314Z,26.8,84.0
20260812T054329Z,26.8,82.3
20260812T054344Z,26.8,81.6
20260812T054359Z,26.8,81.2
20260812T054414Z,26.8,81.0
20260812T054429Z,26.8,80.3
20260812T054444Z,26.8,80.1
20260812T054459Z,26.8,79.4
20260812T054514Z,26.8,78.8
20260812T054529Z,26.7,78.2
20260812T054544Z,26.7,77.6
20260812T054559Z,26.7,76.8
20260812T054614Z,26.7,76.2
20260812T054629Z,26.6,76.3
20260812T054644Z,26.6,75.5
20260812T054659Z,26.5,75.1
20260812T054714Z,26.5,74.6
20260812T054729Z,26.5,73.9
20260812T054744Z,26.4,74.1
20260812T054759Z,26.4,73.6
20260812T054814Z,26.4,73.7
20260812T054829Z,26.3,72.6
20260812T054844Z,26.3,72.1
20260812T054859Z,26.3,72.3
20260812T054914Z,26.2,72.1
20260812T054929Z,26.2,71.6
20260812T054944Z,26.2,70.5
20260812T054959Z,26.1,70.1
20260812T055014Z,26.1,70.3
20260812T055029Z,26.1,69.9
20260812T055044Z,26.1,69.1
20260812T055059Z,26.0,69.7
20260812T055114Z,26.0,68.2
20260812T055129Z,26.0,68.2
20260812T055144Z,25.9,67.9
20260812T055159Z,25.9,67.9
20260812T055214Z,25.9,67.5
20260812T055229Z,25.9,67.3
20260812T055244Z,25.9,66.5
20260812T055259Z,25.9,66.5
20260812T055314Z,25.9,66.0
20260812T055329Z,25.8,65.5
20260812T055344Z,25.8,65.2
20260812T055359Z,25.8,65.3
20260812T055414Z,25.7,64.7
20260812T055429Z,25.7,64.8
20260812T055444Z,25.7,66.4
20260812T055459Z,25.7,68.2
20260812T055514Z,25.7,69.2
20260812T055529Z,25.7,69.7
20260812T055544Z,25.7,70.1
20260812T055559Z,25.8,70.6
20260812T055614Z,25.8,71.1
20260812T055629Z,25.8,71.3
20260812T055644Z,25.9,71.8
20260812T055659Z,25.9,72.1
20260812T055714Z,25.9,72.5
20260812T055729Z,25.9,72.8
20260812T055744Z,26.0,73.5
20260812T055759Z,26.0,73.9
20260812T055814Z,26.0,74.2
20260812T055829Z,26.1,74.6
20260812T055844Z,26.1,75.1
20260812T055859Z,26.1,75.5
20260812T055914Z,26.2,75.8
20260812T055929Z,26.2,76.2
20260812T055944Z,26.2,76.5
20260812T055959Z,26.3,76.8
20260812T060014Z,26.3,77.2
20260812T060029Z,26.3,77.5
20260812T060044Z,26.3,77.7
20260812T060059Z,26.3,78.1
20260812T060114Z,26.4,78.5
20260812T060129Z,26.4,78.6
20260812T060144Z,26.4,78.8
20260812T060159Z,26.5,79.3
20260812T060214Z,26.5,79.8
20260812T060229Z,26.5,79.9
20260812T060244Z,26.5,80.2
20260812T060259Z,26.5,80.6
20260812T060314Z,26.6,80.8
20260812T060329Z,26.6,81.0
20260812T060344Z,26.6,81.2
20260812T060359Z,26.6,81.5
20260812T060414Z,26.6,82.0
20260812T060429Z,26.7,82.1
20260812T060444Z,26.7,81.3
20260812T060459Z,26.7,80.8
20260812T060514Z,26.7,79.5
20260812T060529Z,26.7,78.8
20260812T060544Z,26.7,78.7
20260812T060559Z,26.7,78.3
20260812T060614Z,26.6,77.2
20260812T060629Z,26.6,76.5
20260812T060644Z,26.6,76.4
20260812T060659Z,26.6,76.4
20260812T060715Z,26.5,76.2
20260812T060729Z,26.5,75.1
20260812T060745Z,26.5,75.0
20260812T060759Z,26.5,74.4
20260812T060814Z,26.4,74.6
20260812T060830Z,26.4,73.9
20260812T060845Z,26.4,73.6
20260812T060900Z,26.4,72.5
20260812T060915Z,26.3,72.0
20260812T060930Z,26.3,71.0
20260812T060945Z,26.3,71.2
20260812T061000Z,26.3,70.9
20260812T061015Z,26.2,70.6
20260812T061030Z,26.2,69.8
20260812T061045Z,26.2,69.0
20260812T061100Z,26.1,69.4
20260812T061115Z,26.1,69.1
20260812T061130Z,26.1,68.7
20260812T061145Z,26.1,68.6
20260812T061200Z,26.0,68.4
20260812T061215Z,26.0,67.3
20260812T061230Z,26.0,67.3
20260812T061245Z,26.0,66.4
20260812T061300Z,25.9,65.8
20260812T061315Z,25.9,65.7
20260812T061330Z,25.9,64.8
20260812T061345Z,25.9,65.2
20260812T061400Z,25.8,64.9
20260812T061415Z,25.8,64.7
20260812T061430Z,25.8,64.5
20260812T061445Z,25.8,65.7
20260812T061500Z,25.8,67.1
20260812T061515Z,25.8,68.8
20260812T061530Z,25.8,69.5
20260812T061545Z,25.8,70.0
20260812T061600Z,25.8,70.2
20260812T061615Z,25.9,70.7
20260812T061630Z,25.9,71.1
20260812T061645Z,25.9,71.6
20260812T061700Z,25.9,72.2
20260812T061715Z,25.9,72.7
20260812T061730Z,25.9,72.9
20260812T061745Z,26.0,73.4
20260812T061800Z,26.0,73.6
20260812T061815Z,26.0,74.0
20260812T061830Z,26.0,74.4
20260812T061845Z,26.1,74.9
20260812T061900Z,26.1,75.3
20260812T061915Z,26.1,75.4
20260812T061930Z,26.1,75.8
20260812T061945Z,26.2,76.1
20260812T062000Z,26.2,76.5
20260812T062015Z,26.2,76.9
20260812T062030Z,26.3,77.2
20260812T062045Z,26.3,77.8
20260812T062100Z,26.3,78.1
20260812T062115Z,26.3,78.4
20260812T062130Z,26.3,78.6
20260812T062145Z,26.4,78.8
20260812T062200Z,26.4,79.1
20260812T062215Z,26.4,79.6
20260812T062230Z,26.4,79.7
20260812T062245Z,26.5,80.1
20260812T062300Z,26.5,80.2
20260812T062315Z,26.5,80.4
20260812T062330Z,26.5,80.6
20260812T062345Z,26.6,80.7
20260812T062400Z,26.6,81.1
20260812T062415Z,26.6,81.4
20260812T062430Z,26.6,81.7
20260812T062445Z,26.6,81.9
20260812T062500Z,26.7,81.1
20260812T062515Z,26.7,81.6
20260812T062530Z,26.7,79.5
20260812T062545Z,26.7,79.1
20260812T062600Z,26.7,79.2
20260812T062615Z,26.7,78.5
20260812T062630Z,26.7,77.8
20260812T062645Z,26.6,77.0
20260812T062700Z,26.6,76.5
20260812T062715Z,26.6,75.9
20260812T062730Z,26.6,75.3
20260812T062745Z,26.5,74.7
20260812T062800Z,26.5,74.8
20260812T062815Z,26.5,73.6
20260812T062830Z,26.4,73.4
20260812T062845Z,26.4,73.1
20260812T062900Z,26.4,72.1
20260812T062915Z,26.3,71.7
20260812T062930Z,26.3,72.0
20260812T062945Z,26.2,71.1
20260812T063000Z,26.2,70.6
20260812T063015Z,26.2,70.7
20260812T063030Z,26.1,70.0
20260812T063045Z,26.1,70.0
20260812T063100Z,26.0,69.8
20260812T063115Z,26.0,69.0
20260812T063130Z,26.0,68.9
20260812T063145Z,26.0,68.5
20260812T063200Z,25.9,67.5
20260812T063215Z,25.9,66.9
20260812T063230Z,25.9,67.0
20260812T063245Z,25.8,66.3
20260812T063300Z,25.8,66.7
20260812T063315Z,25.8,67.8
20260812T063330Z,25.7,69.4
20260812T063345Z,25.8,70.4
20260812T063400Z,25.8,70.9
20260812T063415Z,25.8,71.5
20260812T063430Z,25.8,72.0
20260812T063445Z,25.8,72.5
20260812T063500Z,25.8,72.8
20260812T063515Z,25.9,73.3
20260812T063530Z,25.9,73.4
20260812T063545Z,25.9,74.0
20260812T063600Z,26.0,74.5
20260812T063615Z,26.0,74.7
20260812T063630Z,26.0,75.1
20260812T063645Z,26.0,75.4
20260812T063700Z,26.0,75.7
20260812T063715Z,26.1,76.2
20260812T063730Z,26.1,76.4
20260812T063745Z,26.1,76.8
20260812T063800Z,26.1,77.3
20260812T063815Z,26.1,77.5
20260812T063830Z,26.2,77.8
20260812T063845Z,26.2,77.9
20260812T063900Z,26.2,78.3
20260812T063915Z,26.2,78.7
20260812T063930Z,26.3,79.2
20260812T063945Z,26.3,79.3
20260812T064000Z,26.3,79.6
20260812T064015Z,26.3,79.8
20260812T064030Z,26.3,80.1
20260812T064045Z,26.3,80.3
20260812T064100Z,26.4,80.5
20260812T064115Z,26.4,80.7
20260812T064130Z,26.4,81.0
20260812T064145Z,26.4,81.4
20260812T064200Z,26.4,81.5
20260812T064215Z,26.5,81.3
20260812T064230Z,26.5,82.3
20260812T064245Z,26.5,82.6
20260812T064300Z,26.5,82.8
20260812T064315Z,26.5,82.8
20260812T064330Z,26.6,82.9
20260812T064345Z,26.6,83.1
20260812T064400Z,26.6,82.4
20260812T064415Z,26.6,81.5
20260812T064430Z,26.6,80.8
20260812T064445Z,26.6,80.3
20260812T064500Z,26.6,79.4
20260812T064515Z,26.5,79.0
20260812T064530Z,26.5,78.3
20260812T064545Z,26.5,77.4
20260812T064600Z,26.4,77.0
20260812T064615Z,26.4,75.8
20260812T064630Z,26.3,76.2
20260812T064645Z,26.3,75.2
20260812T064700Z,26.2,74.7
20260812T064715Z,26.2,74.3
20260812T064730Z,26.1,74.4
20260812T064745Z,26.1,74.3
20260812T064800Z,26.1,73.2
20260812T064815Z,26.0,72.7
20260812T064830Z,26.0,72.5
20260812T064845Z,25.9,72.0
20260812T064900Z,25.9,71.4
20260812T064915Z,25.9,71.0
20260812T064930Z,25.8,71.5
20260812T064945Z,25.8,70.7
20260812T065000Z,25.8,69.9
20260812T065015Z,25.8,69.5
20260812T065030Z,25.7,69.4
20260812T065045Z,25.7,68.9
20260812T065100Z,25.7,68.5
20260812T065115Z,25.6,67.9
20260812T065130Z,25.6,68.6
20260812T065145Z,25.6,69.7
20260812T065200Z,25.6,71.0
20260812T065215Z,25.6,72.0
20260812T065230Z,25.7,72.6
20260812T065245Z,25.7,72.9
20260812T065300Z,25.7,73.4
20260812T065315Z,25.7,73.7
20260812T065330Z,25.7,74.3
20260812T065345Z,25.8,74.6
20260812T065400Z,25.8,74.8
20260812T065415Z,25.8,74.9
20260812T065430Z,25.8,75.5
20260812T065445Z,25.9,76.1
20260812T065500Z,25.9,76.3
20260812T065515Z,25.9,76.6
20260812T065530Z,25.9,77.0
20260812T065545Z,25.9,77.3
20260812T065600Z,25.9,77.4
20260812T065615Z,26.0,78.0
20260812T065630Z,26.0,78.5
20260812T065645Z,26.0,78.6
20260812T065700Z,26.1,78.7
20260812T065715Z,26.1,79.0
20260812T065730Z,26.1,79.4
20260812T065745Z,26.1,79.8
20260812T065800Z,26.1,79.9
20260812T065815Z,26.1,80.1
20260812T065830Z,26.2,80.3
20260812T065845Z,26.2,80.7
20260812T065900Z,26.2,80.9
20260812T065915Z,26.2,81.0
20260812T065930Z,26.2,81.2
20260812T065945Z,26.3,81.5
20260812T070000Z,26.3,81.8
20260812T070015Z,26.3,82.1
20260812T070030Z,26.3,82.3
20260812T070045Z,26.3,82.2
20260812T070100Z,26.4,82.8
20260812T070115Z,26.4,82.9
20260812T070130Z,26.4,83.1
20260812T070145Z,26.4,83.3
20260812T070200Z,26.4,83.4
20260812T070215Z,26.4,83.8
20260812T070230Z,26.4,83.9
20260812T070245Z,26.5,84.0
20260812T070300Z,26.5,84.0
20260812T070315Z,26.5,84.2
20260812T070330Z,26.5,84.4
20260812T070345Z,26.6,84.5
20260812T070400Z,26.6,84.7
20260812T070415Z,26.6,84.9
20260812T070430Z,26.6,84.8
20260812T070445Z,26.6,84.3
20260812T070500Z,26.6,83.1
20260812T070515Z,26.6,81.7
20260812T070530Z,26.6,82.0
20260812T070545Z,26.6,81.0
20260812T070600Z,26.5,80.2
20260812T070615Z,26.5,79.9
20260812T070630Z,26.5,79.3
20260812T070645Z,26.4,78.6
20260812T070700Z,26.4,78.1
20260812T070715Z,26.4,77.7
20260812T070730Z,26.3,76.7
20260812T070745Z,26.3,76.1
20260812T070800Z,26.3,75.8
20260812T070815Z,26.2,75.0
20260812T070830Z,26.2,74.6
20260812T070845Z,26.1,73.7
20260812T070900Z,26.0,73.5
20260812T070915Z,26.0,73.1
20260812T070930Z,25.9,73.1
20260812T070945Z,25.9,72.2
20260812T071000Z,25.9,71.9
20260812T071015Z,25.8,71.8
20260812T071030Z,25.8,71.2
20260812T071045Z,25.8,70.5
20260812T071100Z,25.7,70.2
20260812T071115Z,25.7,70.2
20260812T071130Z,25.7,70.5
20260812T071145Z,25.6,71.0
20260812T071200Z,25.6,72.7
20260812T071215Z,25.6,73.5
20260812T071230Z,25.6,74.3
20260812T071245Z,25.7,74.7
20260812T071300Z,25.7,75.1
20260812T071315Z,25.7,75.3
20260812T071330Z,25.7,75.8
20260812T071345Z,25.7,76.3
20260812T071400Z,25.8,76.4
20260812T071415Z,25.8,76.9
20260812T071430Z,25.8,77.1
20260812T071445Z,25.9,77.7
20260812T071500Z,25.9,77.9
20260812T071515Z,25.9,78.2
20260812T071530Z,25.9,78.5
20260812T071545Z,25.9,78.9
20260812T071600Z,26.0,79.2
20260812T071615Z,26.0,79.5
20260812T071630Z,26.0,79.8
20260812T071645Z,26.0,80.2
20260812T071700Z,26.1,80.2
20260812T071715Z,26.1,80.5
20260812T071730Z,26.1,80.6
20260812T071745Z,26.1,81.0
20260812T071800Z,26.1,81.4
20260812T071815Z,26.2,81.6
20260812T071830Z,26.2,81.9
20260812T071845Z,26.2,81.8
20260812T071900Z,26.2,82.2
20260812T071915Z,26.2,82.2
20260812T071930Z,26.2,82.6
20260812T071945Z,26.3,82.9
20260812T072000Z,26.3,83.1
20260812T072015Z,26.3,83.3
20260812T072030Z,26.3,83.5
20260812T072045Z,26.3,83.6
20260812T072100Z,26.4,83.6
20260812T072115Z,26.4,84.1
20260812T072130Z,26.4,84.1
20260812T072145Z,26.4,84.4
20260812T072200Z,26.4,84.6
20260812T072215Z,26.4,84.8
20260812T072230Z,26.5,84.8
20260812T072245Z,26.5,84.8
20260812T072300Z,26.5,85.1
20260812T072315Z,26.5,85.4
20260812T072330Z,26.5,85.4
20260812T072345Z,26.5,85.6
20260812T072400Z,26.6,85.7
20260812T072415Z,26.5,85.9
20260812T072430Z,26.6,85.9
20260812T072445Z,26.6,86.1
20260812T072500Z,26.6,85.2
20260812T072515Z,26.6,84.7
20260812T072530Z,26.6,83.4
20260812T072545Z,26.6,83.1
20260812T072600Z,26.6,82.3
20260812T072615Z,26.6,82.3
20260812T072630Z,26.6,80.8
20260812T072645Z,26.5,79.3
20260812T072700Z,26.5,78.4
20260812T072715Z,26.4,77.9
20260812T072730Z,26.3,78.1
20260812T072745Z,26.3,77.8
20260812T072800Z,26.2,77.4
20260812T072815Z,26.2,76.2
20260812T072830Z,26.1,75.8
20260812T072845Z,26.1,75.2
20260812T072900Z,26.0,75.1
20260812T072915Z,25.9,74.5
20260812T072930Z,25.9,73.5
20260812T072945Z,25.8,73.1
20260812T073000Z,25.8,72.7
20260812T073015Z,25.7,72.6
20260812T073030Z,25.7,72.5
20260812T073045Z,25.6,72.2
20260812T073100Z,25.6,72.1
20260812T073115Z,25.6,71.8
20260812T073130Z,25.6,70.8
20260812T073145Z,25.5,71.2
20260812T073200Z,25.5,72.5
20260812T073215Z,25.5,73.8
20260812T073230Z,25.5,74.7
20260812T073245Z,25.5,75.4
20260812T073300Z,25.6,75.9
20260812T073315Z,25.6,76.2
20260812T073330Z,25.6,76.5
20260812T073345Z,25.6,76.8
20260812T073400Z,25.7,77.2
20260812T073415Z,25.7,77.6
20260812T073430Z,25.7,77.9
20260812T073445Z,25.7,78.2
20260812T073500Z,25.8,78.5
20260812T073515Z,25.8,78.8
20260812T073530Z,25.8,79.0
20260812T073545Z,25.8,79.3
20260812T073600Z,25.9,79.5
20260812T073615Z,25.9,79.9
20260812T073630Z,25.9,80.1
20260812T073645Z,25.9,80.7
20260812T073700Z,26.0,80.9
20260812T073715Z,26.0,81.0
20260812T073730Z,26.0,81.0
20260812T073745Z,26.0,81.4
20260812T073800Z,26.1,81.6
20260812T073815Z,26.1,81.8
20260812T073830Z,26.1,82.2
20260812T073845Z,26.1,82.5
20260812T073900Z,26.2,82.7
20260812T073915Z,26.2,82.8
20260812T073930Z,26.2,83.1
20260812T073945Z,26.2,83.3
20260812T074000Z,26.2,83.4
20260812T074015Z,26.3,83.6
20260812T074030Z,26.3,83.7
20260812T074045Z,26.3,83.8
20260812T074100Z,26.3,84.2
20260812T074115Z,26.3,84.3
20260812T074130Z,26.3,84.5
20260812T074145Z,26.4,84.5
20260812T074200Z,26.4,84.7
20260812T074215Z,26.4,85.1
20260812T074230Z,26.4,85.1
20260812T074245Z,26.4,85.4
20260812T074300Z,26.4,85.6
20260812T074315Z,26.5,85.5
20260812T074330Z,26.5,85.9
20260812T074345Z,26.5,86.0
20260812T074400Z,26.5,86.0
20260812T074415Z,26.5,86.2
20260812T074430Z,26.5,86.1
20260812T074445Z,26.6,86.4
20260812T074500Z,26.6,86.3
20260812T074515Z,26.6,86.6
20260812T074530Z,26.6,86.5
20260812T074545Z,26.6,85.9
20260812T074600Z,26.6,85.8
20260812T074615Z,26.6,84.4
20260812T074630Z,26.6,83.6
20260812T074645Z,26.6,83.1
20260812T074700Z,26.6,82.5
20260812T074715Z,26.6,82.0
20260812T074730Z,26.5,80.0
20260812T074745Z,26.5,79.4
20260812T074800Z,26.4,79.0
20260812T074815Z,26.3,79.7
20260812T074830Z,26.3,78.8
20260812T074845Z,26.2,78.2
20260812T074900Z,26.2,76.8
20260812T074915Z,26.1,76.7
20260812T074930Z,26.0,75.8
20260812T074945Z,25.9,75.7
20260812T075000Z,25.9,75.4
20260812T075015Z,25.8,75.1
20260812T075030Z,25.8,74.7
20260812T075045Z,25.7,74.9
20260812T075100Z,25.7,75.2
20260812T075115Z,25.7,73.6
20260812T075130Z,25.6,73.6
20260812T075145Z,25.6,73.3
20260812T075200Z,25.6,72.6
20260812T075215Z,25.5,73.2
20260812T075230Z,25.5,72.5
20260812T075245Z,25.5,72.5
20260812T075300Z,25.5,72.8
20260812T075315Z,25.5,74.0
20260812T075330Z,25.5,74.6
20260812T075345Z,25.5,75.8
20260812T075400Z,25.5,76.6
20260812T075415Z,25.5,77.1
20260812T075430Z,25.6,77.4
20260812T075445Z,25.6,77.8
20260812T075500Z,25.6,78.2
20260812T075515Z,25.6,78.4
20260812T075530Z,25.7,78.7
20260812T075545Z,25.7,78.9
20260812T075600Z,25.7,79.6
20260812T075615Z,25.8,79.6
20260812T075630Z,25.8,80.0
20260812T075645Z,25.8,80.7
20260812T075700Z,25.9,81.1
20260812T075715Z,25.9,80.9
20260812T075730Z,25.9,81.5
20260812T075745Z,25.9,81.8
20260812T075800Z,26.0,82.1
20260812T075815Z,26.0,82.3
20260812T075830Z,26.0,82.3
20260812T075845Z,26.0,82.9
20260812T075900Z,26.0,83.0
20260812T075915Z,26.1,83.3
20260812T075930Z,26.1,83.6
20260812T075945Z,26.1,83.8
20260812T080000Z,26.1,84.1
20260812T080015Z,26.1,84.4
20260812T080030Z,26.2,84.5
20260812T080045Z,26.2,84.8
20260812T080100Z,26.2,85.1
20260812T080115Z,26.2,85.0
20260812T080130Z,26.2,85.3
20260812T080145Z,26.3,85.4
20260812T080200Z,26.2,85.8
20260812T080215Z,26.3,85.9
20260812T080230Z,26.3,86.1
20260812T080245Z,26.3,86.3
20260812T080300Z,26.3,86.4
20260812T080315Z,26.3,86.4
20260812T080330Z,26.3,86.7
20260812T080345Z,26.4,86.9
20260812T080400Z,26.4,86.9
20260812T080415Z,26.4,87.1
20260812T080430Z,26.4,87.3
20260812T080445Z,26.4,87.7
20260812T080500Z,26.4,87.5
20260812T080515Z,26.4,87.7
20260812T080530Z,26.4,87.9
20260812T080545Z,26.5,88.0
20260812T080600Z,26.5,88.1
20260812T080615Z,26.5,88.2
20260812T080630Z,26.5,88.3
20260812T080645Z,26.5,87.6
20260812T080700Z,26.5,87.4
20260812T080715Z,26.5,85.6
20260812T080730Z,26.5,85.3
20260812T080745Z,26.5,84.8
20260812T080800Z,26.5,84.4
20260812T080815Z,26.5,83.8
20260812T080830Z,26.5,82.7
20260812T080845Z,26.4,80.9
20260812T080900Z,26.4,80.2
20260812T080915Z,26.3,80.1
20260812T080930Z,26.3,80.1
20260812T080945Z,26.3,79.2
20260812T081000Z,26.2,78.3
20260812T081015Z,26.1,78.2
20260812T081030Z,26.1,77.8
20260812T081045Z,26.0,76.9
20260812T081100Z,26.0,76.4
20260812T081115Z,25.9,75.8
20260812T081130Z,25.9,75.5
20260812T081145Z,25.8,75.1
20260812T081200Z,25.7,74.4
20260812T081215Z,25.7,74.8
20260812T081230Z,25.6,74.7
20260812T081245Z,25.6,73.5
20260812T081300Z,25.6,73.5
20260812T081315Z,25.5,72.9
20260812T081330Z,25.5,72.3
20260812T081345Z,25.4,71.8
20260812T081400Z,25.4,72.7
20260812T081415Z,25.4,74.0
20260812T081430Z,25.4,75.5
20260812T081445Z,25.4,76.6
20260812T081500Z,25.4,77.0
20260812T081515Z,25.4,77.6
20260812T081530Z,25.4,78.0
20260812T081545Z,25.4,78.4
20260812T081600Z,25.5,78.7
20260812T081615Z,25.5,79.1
20260812T081630Z,25.5,79.3
20260812T081645Z,25.6,79.6
20260812T081700Z,25.6,79.9
20260812T081715Z,25.6,80.0
20260812T081730Z,25.7,80.5
20260812T081745Z,25.7,80.9
20260812T081800Z,25.7,80.9
20260812T081815Z,25.8,81.2
20260812T081830Z,25.8,81.5
20260812T081845Z,25.9,81.8
20260812T081900Z,25.9,82.0
20260812T081915Z,25.9,82.4
20260812T081930Z,25.9,82.3
20260812T081945Z,25.9,82.5
20260812T082000Z,26.0,82.8
20260812T082015Z,26.0,82.8
20260812T082030Z,26.0,83.3
20260812T082045Z,26.1,83.4
20260812T082100Z,26.1,83.6
20260812T082115Z,26.1,84.1
20260812T082130Z,26.1,84.1
20260812T082145Z,26.1,84.5
20260812T082200Z,26.2,84.6
20260812T082215Z,26.2,84.8
20260812T082230Z,26.2,84.8
20260812T082245Z,26.2,85.1
20260812T082300Z,26.2,85.2
20260812T082315Z,26.3,85.5
20260812T082330Z,26.3,85.5
20260812T082345Z,26.3,85.7
20260812T082400Z,26.3,86.0
20260812T082415Z,26.3,86.1
20260812T082430Z,26.4,86.4
20260812T082445Z,26.4,86.4
20260812T082500Z,26.4,86.6
20260812T082515Z,26.4,86.9
20260812T082530Z,26.4,86.9
20260812T082545Z,26.4,87.0
20260812T082600Z,26.5,87.2
20260812T082615Z,26.5,87.2
20260812T082630Z,26.5,87.3
20260812T082645Z,26.5,87.4
20260812T082700Z,26.5,87.3
20260812T082715Z,26.5,87.7
20260812T082730Z,26.6,87.9
20260812T082745Z,26.6,87.9
20260812T082800Z,26.6,88.0
20260812T082815Z,26.6,87.0
20260812T082830Z,26.6,86.2
20260812T082845Z,26.6,85.0
20260812T082900Z,26.6,84.4
20260812T082915Z,26.5,83.7
20260812T082930Z,26.5,83.3
20260812T082945Z,26.5,81.8
20260812T083000Z,26.5,80.4
20260812T083015Z,26.4,79.7
20260812T083030Z,26.3,79.7
20260812T083045Z,26.3,79.0
20260812T083100Z,26.2,78.9
20260812T083115Z,26.1,78.6
20260812T083130Z,26.0,77.7
20260812T083145Z,26.0,77.0
20260812T083200Z,25.9,76.9
20260812T083215Z,25.9,76.7
20260812T083230Z,25.8,76.7
20260812T083245Z,25.7,76.1
20260812T083300Z,25.7,76.7
20260812T083315Z,25.7,74.8
20260812T083330Z,25.6,74.8
20260812T083345Z,25.6,74.9
20260812T083400Z,25.6,74.7
20260812T083415Z,25.5,73.7
20260812T083430Z,25.5,72.8
20260812T083445Z,25.5,73.6
20260812T083500Z,25.4,75.1
20260812T083515Z,25.4,76.2
20260812T083530Z,25.4,77.6
20260812T083545Z,25.5,78.1
20260812T083600Z,25.5,78.4
20260812T083615Z,25.5,79.1
20260812T083630Z,25.5,79.5
20260812T083645Z,25.6,79.9
20260812T083700Z,25.6,80.2
20260812T083715Z,25.6,80.7
20260812T083730Z,25.7,80.9
20260812T083745Z,25.7,81.1
20260812T083800Z,25.7,81.2
20260812T083815Z,25.7,82.1
20260812T083830Z,25.8,82.3
20260812T083845Z,25.8,82.4
20260812T083900Z,25.9,82.8
20260812T083915Z,25.9,82.9
20260812T083930Z,25.9,83.2
20260812T083945Z,26.0,83.3
20260812T084000Z,26.0,83.3
20260812T084015Z,26.0,84.0
20260812T084030Z,26.0,84.8
20260812T084045Z,26.1,84.8
20260812T084100Z,26.1,85.1
20260812T084115Z,26.1,85.2
20260812T084130Z,26.1,85.3
20260812T084145Z,26.2,85.4
20260812T084200Z,26.2,85.7
20260812T084215Z,26.2,86.0
20260812T084230Z,26.2,86.0
20260812T084245Z,26.3,86.2
20260812T084300Z,26.3,86.2
20260812T084315Z,26.3,86.7
20260812T084330Z,26.3,86.8
20260812T084345Z,26.3,86.8
20260812T084400Z,26.3,86.8
20260812T084415Z,26.3,87.0
20260812T084430Z,26.4,87.2
20260812T084445Z,26.4,87.4
20260812T084500Z,26.4,87.6
20260812T084515Z,26.4,87.8
20260812T084530Z,26.4,87.9
20260812T084545Z,26.5,88.0
20260812T084600Z,26.5,88.0
20260812T084615Z,26.5,88.3
20260812T084630Z,26.5,88.4
20260812T084645Z,26.5,88.4
20260812T084700Z,26.5,87.7
20260812T084715Z,26.5,86.4
20260812T084730Z,26.5,85.5
20260812T084745Z,26.5,85.1
20260812T084800Z,26.4,84.3
20260812T084815Z,26.4,83.4
20260812T084830Z,26.4,82.6
20260812T084845Z,26.3,82.1
20260812T084900Z,26.3,81.3
20260812T084915Z,26.2,81.0
20260812T084930Z,26.2,80.2
20260812T084945Z,26.1,80.0
20260812T085000Z,26.1,79.0
20260812T085015Z,26.0,79.0
20260812T085030Z,26.0,78.6
20260812T085045Z,25.9,78.0
20260812T085100Z,25.9,78.4
20260812T085115Z,25.8,77.9
20260812T085130Z,25.8,77.3
20260812T085145Z,25.8,78.1
20260812T085200Z,25.7,78.3
20260812T085215Z,25.8,79.2
20260812T085230Z,25.8,79.5
20260812T085245Z,25.8,79.7
20260812T085300Z,25.8,79.9
20260812T085315Z,25.8,79.9
20260812T085330Z,25.9,80.1
20260812T085345Z,25.9,80.0
20260812T085400Z,25.9,79.9
20260812T085415Z,26.0,80.0
20260812T085430Z,26.0,80.2
20260812T085445Z,26.0,80.4
20260812T085500Z,26.1,80.3
20260812T085515Z,26.1,80.2
20260812T085530Z,26.2,80.4
20260812T085545Z,26.2,80.3
20260812T085600Z,26.2,80.0
20260812T085615Z,26.3,79.7
20260812T085630Z,26.3,79.7
20260812T085645Z,26.3,79.4
20260812T085700Z,26.4,79.4
20260812T085715Z,26.4,79.3
20260812T085730Z,26.4,79.4
20260812T085745Z,26.5,79.3
20260812T085800Z,26.5,79.4
20260812T085815Z,26.5,79.4
20260812T085830Z,26.6,79.3
20260812T085845Z,26.6,79.3
20260812T085900Z,26.6,79.3
20260812T085915Z,26.6,79.2
20260812T085930Z,26.7,79.2
20260812T085945Z,26.7,79.1
20260812T090000Z,26.7,79.1
20260812T090015Z,26.7,79.1
20260812T090030Z,26.8,79.1
20260812T090045Z,26.8,79.2
20260812T090100Z,26.8,79.2
20260812T090115Z,26.8,79.2
20260812T090130Z,26.8,79.3
20260812T090145Z,26.8,79.4
20260812T090200Z,26.9,79.4
20260812T090215Z,26.9,79.4
20260812T090230Z,26.9,79.5
20260812T090245Z,26.9,79.5
20260812T090300Z,26.9,79.7
20260812T090315Z,27.0,79.8
20260812T090330Z,27.0,79.8
20260812T090345Z,27.0,79.7
20260812T090400Z,27.0,79.6
20260812T090415Z,27.0,79.8
20260812T090430Z,27.0,79.8
20260812T090445Z,27.0,79.9
20260812T090500Z,27.1,79.9
20260812T090515Z,27.1,80.0
20260812T090530Z,27.1,80.0
20260812T090545Z,27.1,80.0
20260812T090600Z,27.1,80.1
20260812T090615Z,27.1,80.1
20260812T090630Z,27.1,80.2
20260812T090645Z,27.1,80.1
20260812T090700Z,27.2,80.2
20260812T090715Z,27.2,80.3
20260812T090730Z,27.2,80.4
20260812T090745Z,27.2,80.5
20260812T090800Z,27.2,80.6
20260812T090815Z,27.2,80.8
20260812T090830Z,27.2,80.7
20260812T090845Z,27.2,80.7
20260812T090900Z,27.2,80.7
20260812T090915Z,27.2,80.7
20260812T090930Z,27.2,80.8
20260812T090945Z,27.3,80.9
20260812T091000Z,27.3,81.0
20260812T091015Z,27.3,81.1
20260812T091030Z,27.3,81.1
20260812T091045Z,27.3,81.0
20260812T091100Z,27.3,81.1
20260812T091115Z,27.3,81.1
20260812T091130Z,27.3,81.1
20260812T091145Z,27.3,81.2
20260812T091200Z,27.3,81.2
20260812T091215Z,27.3,81.2
20260812T091230Z,27.3,81.3
20260812T091245Z,27.3,81.3
20260812T091300Z,27.4,81.3
20260812T091315Z,27.4,81.3
20260812T091330Z,27.4,81.5
20260812T091345Z,27.4,81.5
20260812T091400Z,27.4,81.6
20260812T091415Z,27.4,81.7
20260812T091430Z,27.4,81.7
20260812T091445Z,27.4,81.8
20260812T091500Z,27.4,81.9
20260812T091515Z,27.4,82.0
20260812T091530Z,27.4,82.2
20260812T091545Z,27.4,82.1
20260812T091600Z,27.4,82.2
20260812T091615Z,27.4,82.2
20260812T091630Z,27.4,82.3
20260812T091645Z,27.5,82.3
20260812T091700Z,27.4,82.4
20260812T091715Z,27.4,82.4
20260812T091730Z,27.5,82.5
20260812T091745Z,27.5,82.7
20260812T091800Z,27.5,82.6
20260812T091815Z,27.5,82.7
20260812T091830Z,27.5,82.8
20260812T091845Z,27.5,82.9
20260812T091900Z,27.5,82.8
20260812T091915Z,27.5,82.7
20260812T091930Z,27.5,82.7
20260812T091945Z,27.5,82.9
20260812T092000Z,27.5,83.0
20260812T092015Z,27.5,83.1
20260812T092030Z,27.5,83.2
20260812T092045Z,27.5,83.1
20260812T092100Z,27.5,83.2
20260812T092115Z,27.5,83.2
20260812T092130Z,27.5,83.2
20260812T092145Z,27.6,83.3
20260812T092200Z,27.6,83.4
20260812T092215Z,27.6,83.4
20260812T092230Z,27.6,83.5
20260812T092245Z,27.6,83.5
20260812T092300Z,27.6,83.5
20260812T092315Z,27.6,83.6
20260812T092330Z,27.6,83.6
20260812T092345Z,27.6,83.6
20260812T092400Z,27.6,83.7
20260812T092415Z,27.6,83.7
20260812T092430Z,27.6,83.9
20260812T092445Z,27.6,83.9
20260812T092500Z,27.6,83.8
20260812T092515Z,27.6,83.9
20260812T092530Z,27.6,84.1
20260812T092545Z,27.6,84.2
20260812T092600Z,27.6,84.1
20260812T092615Z,27.6,84.5
20260812T092630Z,27.6,84.6
20260812T092645Z,27.6,84.5
20260812T092700Z,27.6,84.3
20260812T092715Z,27.6,84.2
20260812T092730Z,27.6,84.4
20260812T092745Z,27.6,84.5
20260812T092800Z,27.7,84.7
20260812T092815Z,27.7,84.7
20260812T092830Z,27.7,84.7
20260812T092845Z,27.7,84.6
20260812T092900Z,27.7,84.7
20260812T092915Z,27.7,84.8
20260812T092930Z,27.7,84.9
20260812T092945Z,27.7,85.0
20260812T093000Z,27.7,84.9
20260812T093015Z,27.7,85.0
20260812T093030Z,27.7,85.0
20260812T093045Z,27.7,85.0
20260812T093100Z,27.7,85.1
20260812T093115Z,27.7,85.0
20260812T093130Z,27.7,85.1
20260812T093145Z,27.7,85.1
20260812T093200Z,27.7,85.1
20260812T093215Z,27.7,85.2
20260812T093230Z,27.7,85.4
20260812T093245Z,27.7,85.5
20260812T093300Z,27.7,85.4
20260812T093315Z,27.7,85.3
20260812T093330Z,27.7,85.5
20260812T093345Z,27.7,85.4
20260812T093400Z,27.7,85.5
20260812T093415Z,27.7,85.5
20260812T093430Z,27.7,85.6
20260812T093445Z,27.7,85.8
20260812T093500Z,27.8,85.7
20260812T093515Z,27.8,85.8
20260812T093530Z,27.7,85.9
20260812T093545Z,27.8,86.1
20260812T093600Z,27.8,86.2
20260812T093615Z,27.8,86.2
20260812T093630Z,27.8,86.2
20260812T093645Z,27.8,86.4
20260812T093700Z,27.8,86.4
20260812T093715Z,27.8,86.4
20260812T093730Z,27.8,86.4
20260812T093745Z,27.8,86.4
20260812T093800Z,27.8,86.5
20260812T093815Z,27.8,86.5
20260812T093830Z,27.8,86.4
20260812T093845Z,27.8,86.4
20260812T093900Z,27.8,86.3
20260812T093915Z,27.8,86.4
20260812T093930Z,27.8,86.4
20260812T093945Z,27.8,86.3
20260812T094000Z,27.8,86.2
20260812T094015Z,27.8,86.2
20260812T094030Z,27.8,86.3
20260812T094045Z,27.8,86.4
20260812T094100Z,27.8,86.4
20260812T094115Z,27.8,86.5
20260812T094130Z,27.8,86.4
20260812T094145Z,27.8,86.4
20260812T094200Z,27.8,86.5
20260812T094215Z,27.9,86.5
20260812T094230Z,27.8,86.5
20260812T094245Z,27.9,86.6
20260812T094300Z,27.9,86.6
20260812T094315Z,27.8,86.6
20260812T094330Z,27.9,86.6
20260812T094345Z,27.9,86.6
20260812T094400Z,27.8,86.6
20260812T094415Z,27.9,86.5
20260812T094430Z,27.9,86.6
20260812T094445Z,27.9,86.5
20260812T094500Z,27.9,86.5
20260812T094515Z,27.9,86.5
20260812T094530Z,27.9,86.6
20260812T094545Z,27.9,86.6
20260812T094600Z,27.9,86.6
20260812T094615Z,27.9,86.6
20260812T094630Z,27.9,86.5
20260812T094645Z,27.9,86.7
20260812T094700Z,27.9,86.7
20260812T094715Z,27.9,86.6
20260812T094730Z,27.9,86.6
20260812T094745Z,27.9,86.7
20260812T094800Z,27.9,86.7
20260812T094815Z,27.9,86.8
20260812T094830Z,27.9,86.8
20260812T094845Z,27.9,86.8
20260812T094900Z,27.9,86.8
20260812T094915Z,27.9,86.7
20260812T094930Z,27.9,86.7
20260812T094945Z,27.9,86.7
20260812T095000Z,27.9,86.7
20260812T095015Z,27.9,86.6
20260812T095030Z,27.9,86.6
20260812T095045Z,27.9,86.7
20260812T095100Z,27.9,86.7
20260812T095115Z,27.9,86.8
20260812T095130Z,27.9,86.8
20260812T095145Z,27.9,86.7
20260812T095200Z,27.9,86.7
20260812T095215Z,27.9,86.6
20260812T095230Z,27.9,86.6
20260812T095245Z,27.9,86.6
20260812T095300Z,27.9,86.7
20260812T095315Z,27.9,86.7
20260812T095330Z,27.9,86.7
20260812T095345Z,27.9,86.8
20260812T095400Z,27.9,86.8
20260812T095415Z,27.9,86.8
20260812T095430Z,27.9,86.9
20260812T095445Z,27.9,86.9
20260812T095500Z,27.9,86.8
20260812T095515Z,27.9,86.9
20260812T095530Z,27.9,86.8
20260812T095545Z,27.9,86.8
20260812T095600Z,28.0,86.7
20260812T095615Z,27.9,86.8
20260812T095630Z,27.9,86.7
20260812T095645Z,28.0,86.8
20260812T095700Z,28.0,86.8
20260812T095715Z,27.9,86.8
20260812T095730Z,28.0,86.8
20260812T095745Z,28.0,86.8
20260812T095800Z,28.0,86.8
20260812T095815Z,28.0,86.8
20260812T095830Z,28.0,86.8
20260812T095845Z,27.9,86.8
20260812T095900Z,28.0,86.8
20260812T095915Z,28.0,86.8
20260812T095930Z,28.0,86.9
20260812T095945Z,28.0,86.9
20260812T100000Z,28.0,86.9
20260812T100015Z,28.0,86.9
20260812T100030Z,28.0,86.9
20260812T100045Z,28.0,86.9
20260812T100100Z,28.0,86.8
20260812T100115Z,28.0,86.8
20260812T100130Z,28.0,86.8
20260812T100145Z,28.0,86.9
20260812T100200Z,28.0,87.0
20260812T100216Z,28.0,87.0
20260812T100230Z,28.0,87.0
20260812T100246Z,28.0,87.1
20260812T100300Z,28.0,87.1
20260812T100316Z,28.0,86.9
20260812T100331Z,28.0,86.9
20260812T100345Z,28.0,86.9
20260812T100401Z,28.0,86.9
20260812T100416Z,28.0,87.0
20260812T100431Z,28.0,87.0
20260812T100446Z,28.0,86.9
20260812T100501Z,28.0,87.0
20260812T100516Z,28.0,87.0
20260812T100531Z,28.0,87.0
20260812T100546Z,28.0,86.9
20260812T100601Z,28.0,86.9
20260812T100616Z,28.0,87.0
20260812T100631Z,28.0,87.0
20260812T100646Z,28.0,87.0
20260812T100701Z,28.0,87.1
20260812T100716Z,28.0,87.1
20260812T100731Z,28.0,87.1
20260812T100746Z,28.0,87.2
20260812T100801Z,28.0,87.2
20260812T100816Z,28.0,87.2
20260812T100831Z,28.0,87.2
20260812T100846Z,28.1,87.2
20260812T100901Z,28.0,87.1
20260812T100916Z,28.0,87.0
20260812T100931Z,28.1,87.0
20260812T100946Z,28.1,87.0
20260812T101001Z,28.1,87.0
20260812T101016Z,28.0,87.0
20260812T101031Z,28.1,87.0
20260812T101046Z,28.0,87.1
20260812T101101Z,28.1,87.0
20260812T101116Z,28.1,87.0
20260812T101131Z,28.1,87.0
20260812T101146Z,28.1,87.1
20260812T101201Z,28.1,87.0
20260812T101216Z,28.1,87.0
20260812T101231Z,28.1,87.0
20260812T101246Z,28.1,87.0
20260812T101301Z,28.1,87.0
20260812T101316Z,28.1,87.0
20260812T101331Z,28.1,87.1
20260812T101346Z,28.1,87.0
20260812T101401Z,28.1,87.0
20260812T101416Z,28.1,87.0
20260812T101431Z,28.1,87.0
20260812T101446Z,28.1,86.9
20260812T101501Z,28.1,87.0
20260812T101516Z,28.1,87.0
20260812T101531Z,28.1,87.1
20260812T101546Z,28.1,87.0
20260812T101601Z,28.1,87.0
20260812T101616Z,28.1,87.0
20260812T101631Z,28.1,87.0
20260812T101646Z,28.1,87.0
20260812T101701Z,28.1,87.0
20260812T101716Z,28.1,87.0
20260812T101731Z,28.1,87.0
20260812T101746Z,28.1,87.0
20260812T101801Z,28.1,87.1
20260812T101816Z,28.1,87.1
20260812T101831Z,28.1,87.1
20260812T101846Z,28.1,87.1
20260812T101901Z,28.1,87.1
20260812T101916Z,28.1,86.9
20260812T101931Z,28.1,87.0
20260812T101946Z,28.1,87.0
20260812T102001Z,28.1,87.0
20260812T102016Z,28.1,87.0
20260812T102031Z,28.1,87.0
20260812T102046Z,28.1,87.0
20260812T102101Z,28.1,87.0
20260812T102116Z,28.1,87.0
20260812T102131Z,28.1,87.0
20260812T102146Z,28.1,87.1
20260812T102201Z,28.1,87.1
20260812T102216Z,28.1,87.2
20260812T102231Z,28.1,87.1
20260812T102246Z,28.1,87.0
20260812T102301Z,28.1,87.1
20260812T102316Z,28.1,87.1
20260812T102331Z,28.1,87.1
20260812T102346Z,28.1,87.0
20260812T102401Z,28.1,87.0
20260812T102416Z,28.1,87.1
20260812T102431Z,28.1,87.0
20260812T102446Z,28.1,87.1
20260812T102501Z,28.1,87.2
20260812T102516Z,28.1,87.1
20260812T102531Z,28.1,87.1
20260812T102546Z,28.1,87.1
20260812T102601Z,28.1,87.1
20260812T102616Z,28.1,87.1
20260812T102631Z,28.1,87.2
20260812T102646Z,28.1,87.2
20260812T102701Z,28.2,87.2
20260812T102716Z,28.2,87.2
20260812T102731Z,28.1,87.1
20260812T102746Z,28.1,87.1
20260812T102801Z,28.2,87.1
20260812T102816Z,28.2,87.1
20260812T102831Z,28.2,87.1
20260812T102846Z,28.2,87.3
20260812T102901Z,28.2,87.3
20260812T102916Z,28.2,87.2
20260812T102931Z,28.2,87.2
20260812T102946Z,28.2,87.2
20260812T103001Z,28.2,87.1
20260812T103016Z,28.2,87.2
20260812T103031Z,28.2,87.2
20260812T103046Z,28.2,87.4
20260812T103101Z,28.2,87.2
20260812T103116Z,28.2,87.3
20260812T103131Z,28.2,87.4
20260812T103146Z,28.2,87.4
20260812T103201Z,28.2,87.4
20260812T103216Z,28.2,87.4
20260812T103231Z,28.2,87.4
20260812T103246Z,28.2,87.4
20260812T103301Z,28.2,87.4
20260812T103316Z,28.2,87.4
20260812T103331Z,28.2,87.4
20260812T103346Z,28.2,87.3
20260812T103401Z,28.2,87.4
20260812T103416Z,28.2,87.3
20260812T103431Z,28.2,87.3
20260812T103446Z,28.2,87.3
20260812T103501Z,28.2,87.4
20260812T103516Z,28.2,87.5
20260812T103531Z,28.2,87.5
20260812T103546Z,28.2,87.6
20260812T103601Z,28.2,87.6
20260812T103616Z,28.2,87.6
20260812T103631Z,28.2,87.6
20260812T103646Z,28.2,87.5
20260812T103701Z,28.2,87.5
20260812T103716Z,28.2,87.5
20260812T103731Z,28.2,87.5
20260812T103746Z,28.2,87.5
20260812T103801Z,28.2,87.4
20260812T103816Z,28.2,87.4
20260812T103831Z,28.2,87.5
20260812T103846Z,28.2,87.5
20260812T103901Z,28.2,87.5
20260812T103916Z,28.2,87.5
20260812T103931Z,28.2,87.6
20260812T103946Z,28.2,87.6
20260812T104001Z,28.2,87.6
20260812T104016Z,28.2,87.5
20260812T104031Z,28.2,87.6
20260812T104046Z,28.2,87.6
20260812T104101Z,28.2,87.6
20260812T104116Z,28.2,87.6
20260812T104131Z,28.2,87.6
20260812T104146Z,28.2,87.6
20260812T104201Z,28.2,87.7
20260812T104216Z,28.2,87.6
20260812T104231Z,28.2,87.6
20260812T104246Z,28.2,87.6
20260812T104301Z,28.2,87.6
20260812T104316Z,28.2,87.6
20260812T104331Z,28.2,87.6
20260812T104346Z,28.2,87.6
20260812T104401Z,28.2,87.5
20260812T104416Z,28.2,87.5
20260812T104431Z,28.2,87.5
20260812T104446Z,28.3,87.5
20260812T104501Z,28.2,87.6
20260812T104516Z,28.3,87.6
20260812T104531Z,28.3,87.6
20260812T104546Z,28.3,87.6
20260812T104601Z,28.2,87.6
20260812T104616Z,28.3,87.6
20260812T104631Z,28.2,87.6
20260812T104646Z,28.3,87.6
20260812T104701Z,28.2,87.6
20260812T104716Z,28.3,87.5
20260812T104731Z,28.3,87.5
20260812T104746Z,28.3,87.5
20260812T104801Z,28.3,87.6
20260812T104816Z,28.3,87.6
20260812T104831Z,28.3,87.6
20260812T104846Z,28.3,87.6
20260812T104901Z,28.2,87.6
20260812T104916Z,28.2,87.6
20260812T104931Z,28.3,87.6
20260812T104946Z,28.3,87.5
20260812T105001Z,28.3,87.5
20260812T105016Z,28.2,87.4
20260812T105031Z,28.3,87.5
20260812T105046Z,28.3,87.5
20260812T105101Z,28.2,87.5
20260812T105116Z,28.3,87.6
20260812T105131Z,28.3,87.6
20260812T105146Z,28.3,87.6
20260812T105201Z,28.3,87.5
20260812T105216Z,28.3,87.5
20260812T105231Z,28.3,87.6
20260812T105246Z,28.3,87.6
20260812T105301Z,28.3,87.5
20260812T105316Z,28.3,87.5
20260812T105331Z,28.3,87.6
20260812T105346Z,28.3,87.6
20260812T105401Z,28.3,87.6
20260812T105416Z,28.3,87.6
20260812T105431Z,28.3,87.6
20260812T105446Z,28.3,87.6
20260812T105501Z,28.3,87.6
20260812T105516Z,28.3,87.6
20260812T105531Z,28.3,87.6
20260812T105546Z,28.3,87.5
20260812T105601Z,28.3,87.5
20260812T105616Z,28.3,87.5
20260812T105631Z,28.3,87.6
20260812T105646Z,28.3,87.6
20260812T105701Z,28.3,87.6
20260812T105716Z,28.3,87.6
20260812T105731Z,28.3,87.6
20260812T105746Z,28.3,87.6
20260812T105801Z,28.3,87.6
20260812T105816Z,28.3,87.7
20260812T105831Z,28.3,87.6
20260812T105846Z,28.3,87.7
20260812T105901Z,28.3,87.7
20260812T105916Z,28.3,87.7
20260812T105931Z,28.3,87.7
20260812T105946Z,28.3,88.0
20260812T110001Z,28.3,87.9
20260812T110016Z,28.3,87.8
20260812T110031Z,28.3,87.8
20260812T110046Z,28.3,87.8
20260812T110101Z,28.3,87.9
20260812T110116Z,28.3,87.8
20260812T110131Z,28.3,87.8
20260812T110146Z,28.3,87.8
20260812T110201Z,28.3,87.8
20260812T110216Z,28.3,87.9
20260812T110231Z,28.3,87.9
20260812T110246Z,28.3,87.9
20260812T110301Z,28.3,87.8
20260812T110316Z,28.3,87.8
20260812T110331Z,28.3,87.8
20260812T110346Z,28.3,87.8
20260812T110401Z,28.3,87.8
20260812T110416Z,28.3,87.8
20260812T110431Z,28.3,87.9
20260812T110446Z,28.3,87.9
20260812T110501Z,28.3,87.9
20260812T110516Z,28.3,87.9
20260812T110531Z,28.3,87.8
20260812T110546Z,28.3,87.8
20260812T110601Z,28.3,87.8
20260812T110616Z,28.3,87.8
20260812T110631Z,28.3,87.9
20260812T110646Z,28.3,87.9
20260812T110701Z,28.3,87.8
20260812T110716Z,28.3,87.8
20260812T110731Z,28.3,87.8
20260812T110746Z,28.3,87.8
20260812T110801Z,28.3,87.9
20260812T110816Z,28.3,87.9
20260812T110831Z,28.3,87.9
20260812T110846Z,28.3,87.9
20260812T110901Z,28.3,87.9
20260812T110916Z,28.3,87.9
20260812T110931Z,28.3,87.8
20260812T110946Z,28.3,87.8
20260812T111001Z,28.4,87.8
20260812T111016Z,28.4,87.8
20260812T111031Z,28.3,87.9
20260812T111046Z,28.3,87.9
20260812T111101Z,28.4,87.9
20260812T111116Z,28.3,87.9
20260812T111131Z,28.3,87.9
20260812T111146Z,28.3,87.9
20260812T111201Z,28.4,87.9
20260812T111216Z,28.4,87.9
20260812T111231Z,28.4,87.9
20260812T111246Z,28.4,87.9
20260812T111301Z,28.4,87.9
20260812T111316Z,28.3,87.8
20260812T111331Z,28.4,87.9
20260812T111346Z,28.4,87.9
20260812T111401Z,28.4,87.8
20260812T111416Z,28.4,87.8
20260812T111431Z,28.4,87.8
20260812T111446Z,28.4,87.8
20260812T111501Z,28.4,87.9
20260812T111516Z,28.4,87.8
20260812T111531Z,28.4,87.8
20260812T111546Z,28.4,87.8
20260812T111601Z,28.4,87.8
20260812T111616Z,28.4,87.8
20260812T111631Z,28.4,87.8
20260812T111646Z,28.4,87.8
20260812T111701Z,28.4,87.8
20260812T111716Z,28.4,87.8
20260812T111731Z,28.4,87.8
20260812T111746Z,28.4,87.8
20260812T111801Z,28.4,87.8
20260812T111816Z,28.4,87.9
20260812T111831Z,28.4,87.9
20260812T111846Z,28.4,87.8
20260812T111901Z,28.4,87.8
20260812T111916Z,28.4,87.8
20260812T111931Z,28.4,87.7
20260812T111946Z,28.4,87.8
20260812T112001Z,28.4,87.8
20260812T112016Z,28.4,87.8
20260812T112031Z,28.4,87.8
20260812T112046Z,28.4,87.8
20260812T112101Z,28.4,87.8
20260812T112116Z,28.4,87.7
20260812T112131Z,28.4,87.8
20260812T112146Z,28.4,87.8
20260812T112201Z,28.4,87.8
20260812T112216Z,28.4,87.8
20260812T112231Z,28.4,87.8
20260812T112246Z,28.4,87.8
20260812T112301Z,28.4,87.8
20260812T112316Z,28.4,87.8
20260812T112331Z,28.4,87.8
20260812T112346Z,28.4,87.8
20260812T112401Z,28.4,87.8
20260812T112416Z,28.4,87.8
20260812T112431Z,28.4,87.8
20260812T112446Z,28.4,87.8
20260812T112501Z,28.4,87.8
20260812T112516Z,28.4,87.8
20260812T112531Z,28.4,87.8
20260812T112546Z,28.4,87.8
20260812T112601Z,28.4,87.7
20260812T112616Z,28.4,87.8
20260812T112631Z,28.4,87.8
20260812T112646Z,28.4,87.8
20260812T112701Z,28.4,87.7
20260812T112716Z,28.4,87.8
20260812T112731Z,28.4,87.9
20260812T112746Z,28.4,87.8
20260812T112801Z,28.4,87.8
20260812T112816Z,28.4,87.8
20260812T112831Z,28.4,87.8
20260812T112846Z,28.4,87.8
20260812T112901Z,28.4,87.7
20260812T112916Z,28.4,87.7
20260812T112931Z,28.4,87.7
20260812T112946Z,28.4,87.6
20260812T113001Z,28.4,87.7
20260812T113016Z,28.4,87.7
20260812T113031Z,28.4,87.8
20260812T113046Z,28.4,87.9
20260812T113101Z,28.4,87.8
20260812T113116Z,28.4,87.8
20260812T113131Z,28.4,87.8
20260812T113146Z,28.4,87.8
20260812T113201Z,28.4,87.8
20260812T113216Z,28.4,87.8
20260812T113231Z,28.4,87.9
20260812T113246Z,28.4,87.9
20260812T113301Z,28.4,87.9
20260812T113316Z,28.4,87.9
20260812T113331Z,28.4,87.9
20260812T113346Z,28.4,87.8
20260812T113401Z,28.4,87.8
20260812T113416Z,28.4,87.8
20260812T113431Z,28.4,87.8
20260812T113446Z,28.4,87.8
20260812T113501Z,28.4,87.8
20260812T113516Z,28.4,87.9
20260812T113531Z,28.4,87.8
20260812T113546Z,28.4,87.9
20260812T113601Z,28.4,87.9
20260812T113616Z,28.4,87.9
20260812T113631Z,28.4,87.9
20260812T113646Z,28.4,87.9
20260812T113701Z,28.4,87.9
20260812T113716Z,28.5,87.9
20260812T113731Z,28.4,87.9
20260812T113746Z,28.4,87.9
20260812T113801Z,28.4,87.9
20260812T113816Z,28.4,87.9
20260812T113831Z,28.4,87.9
20260812T113846Z,28.5,87.9
20260812T113901Z,28.4,87.9
20260812T113916Z,28.5,87.9
20260812T113931Z,28.5,87.9
20260812T113946Z,28.5,87.9
20260812T114001Z,28.5,87.9
20260812T114016Z,28.5,87.9
20260812T114031Z,28.4,87.9
20260812T114046Z,28.5,87.9
20260812T114101Z,28.5,88.0
20260812T114116Z,28.4,88.0
20260812T114131Z,28.5,88.0
20260812T114146Z,28.5,87.9
20260812T114201Z,28.5,87.9
20260812T114216Z,28.5,88.0
20260812T114231Z,28.5,88.1
20260812T114246Z,28.5,88.0
20260812T114301Z,28.5,88.0
20260812T114316Z,28.5,88.0
20260812T114331Z,28.5,88.0
20260812T114346Z,28.5,88.0
20260812T114401Z,28.5,88.1
20260812T114416Z,28.5,88.0
20260812T114431Z,28.5,88.0
20260812T114446Z,28.5,87.9
20260812T114501Z,28.5,88.0
20260812T114516Z,28.5,88.1
20260812T114531Z,28.5,88.1
20260812T114546Z,28.5,88.1
20260812T114601Z,28.5,88.1
20260812T114616Z,28.5,88.0
20260812T114631Z,28.5,88.0
20260812T114646Z,28.5,88.0
20260812T114701Z,28.5,88.0
20260812T114716Z,28.5,88.0
20260812T114731Z,28.5,88.0
20260812T114746Z,28.5,88.1
20260812T114801Z,28.5,88.2
20260812T114816Z,28.5,88.2
20260812T114831Z,28.5,88.1
20260812T114846Z,28.5,88.1
20260812T114901Z,28.5,88.1
20260812T114916Z,28.5,88.1
20260812T114931Z,28.5,88.1
20260812T114946Z,28.5,88.0
20260812T115001Z,28.5,88.0
20260812T115016Z,28.5,88.1
20260812T115031Z,28.5,88.1
20260812T115046Z,28.5,88.0
20260812T115101Z,28.5,88.1
20260812T115116Z,28.5,88.1
20260812T115131Z,28.5,88.1
20260812T115146Z,28.5,88.2
20260812T115201Z,28.5,88.1
20260812T115216Z,28.5,88.1
20260812T115231Z,28.5,88.0
20260812T115246Z,28.5,88.1
20260812T115301Z,28.5,88.1
20260812T115316Z,28.5,88.1
20260812T115331Z,28.5,88.1
20260812T115346Z,28.5,88.1
20260812T115401Z,28.5,88.1
20260812T115416Z,28.5,88.2
20260812T115431Z,28.5,88.2
20260812T115446Z,28.5,88.2
20260812T115501Z,28.5,88.3
20260812T115516Z,28.5,88.2
20260812T115531Z,28.5,88.2
20260812T115546Z,28.5,88.2
20260812T115601Z,28.5,88.1
20260812T115616Z,28.5,88.2
20260812T115631Z,28.5,88.1
20260812T115646Z,28.5,88.1
20260812T115701Z,28.5,88.1
20260812T115716Z,28.5,88.2
20260812T115731Z,28.5,88.2
20260812T115746Z,28.5,88.2
20260812T115801Z,28.5,88.2
20260812T115816Z,28.5,88.2
20260812T115831Z,28.5,88.2
20260812T115846Z,28.5,88.4
20260812T115901Z,28.5,88.3
20260812T115916Z,28.5,88.4
20260812T115931Z,28.5,88.3
20260812T115946Z,28.5,88.3
20260812T120001Z,28.5,88.3
20260812T120016Z,28.5,88.3
20260812T120031Z,28.5,88.3
20260812T120046Z,28.5,88.4
20260812T120101Z,28.5,88.4
20260812T120116Z,28.5,88.5
20260812T120131Z,28.5,88.4
20260812T120146Z,28.5,88.4
20260812T120201Z,28.5,88.4
20260812T120216Z,28.5,88.5
20260812T120231Z,28.5,88.4
20260812T120246Z,28.5,88.3
20260812T120301Z,28.5,88.3
20260812T120316Z,28.5,88.4
20260812T120331Z,28.5,88.4
20260812T120346Z,28.5,88.4
20260812T120401Z,28.5,88.4
20260812T120416Z,28.5,88.4
20260812T120431Z,28.5,88.4
20260812T120446Z,28.5,88.4
20260812T120501Z,28.5,88.3
20260812T120516Z,28.5,88.3
20260812T120531Z,28.6,88.3
20260812T120546Z,28.6,88.3
20260812T120601Z,28.5,88.3
20260812T120616Z,28.5,88.3
20260812T120631Z,28.5,88.3
20260812T120646Z,28.5,88.3
20260812T120701Z,28.6,88.3
20260812T120716Z,28.6,88.2
20260812T120731Z,28.6,88.3
20260812T120746Z,28.6,88.3
20260812T120801Z,28.6,88.3
20260812T120816Z,28.6,88.3
20260812T120831Z,28.6,88.2
20260812T120846Z,28.6,88.2
20260812T120901Z,28.6,88.2
20260812T120916Z,28.6,88.2
20260812T120931Z,28.6,88.2
20260812T120946Z,28.5,88.2
20260812T121001Z,28.6,88.2
20260812T121016Z,28.6,88.2
20260812T121031Z,28.6,88.2
20260812T121046Z,28.6,88.3
20260812T121101Z,28.6,88.4
20260812T121116Z,28.6,88.3
20260812T121131Z,28.6,88.3
20260812T121146Z,28.5,88.3
20260812T121201Z,28.5,88.4
20260812T121216Z,28.5,88.4
20260812T121231Z,28.6,88.5
20260812T121246Z,28.6,88.6
20260812T121301Z,28.6,88.7
20260812T121316Z,28.6,88.7
20260812T121331Z,28.6,88.7
20260812T121346Z,28.6,88.7
20260812T121401Z,28.6,88.8
20260812T121416Z,28.6,88.7
20260812T121431Z,28.6,88.7
20260812T121446Z,28.6,88.6
20260812T121501Z,28.6,88.6
20260812T121516Z,28.6,88.5
20260812T121531Z,28.6,88.5
20260812T121546Z,28.6,88.5
20260812T121601Z,28.6,88.5
20260812T121616Z,28.6,88.5
20260812T121631Z,28.6,88.5
20260812T121646Z,28.6,88.6
20260812T121701Z,28.6,88.5
20260812T121716Z,28.6,88.6
20260812T121731Z,28.6,88.6
20260812T121746Z,28.6,88.6
20260812T121801Z,28.6,88.6
20260812T121816Z,28.6,88.6
20260812T121831Z,28.6,88.6
20260812T121846Z,28.6,88.8
20260812T121901Z,28.6,88.9
20260812T121916Z,28.6,89.1
20260812T121931Z,28.6,89.1
20260812T121946Z,28.6,89.1
20260812T122001Z,28.6,88.8
20260812T122016Z,28.6,88.8
20260812T122031Z,28.6,88.9
20260812T122046Z,28.6,89.0
20260812T122101Z,28.6,88.9
20260812T122116Z,28.6,89.0
20260812T122131Z,28.6,88.9
20260812T122146Z,28.6,88.9
20260812T122201Z,28.6,89.1
20260812T122216Z,28.6,89.2
20260812T122231Z,28.6,89.3
20260812T122246Z,28.6,89.3
20260812T122301Z,28.6,89.2
20260812T122316Z,28.6,89.2
20260812T122331Z,28.6,89.0
20260812T122346Z,28.6,89.3
20260812T122401Z,28.6,89.4
20260812T122416Z,28.6,89.2
20260812T122431Z,28.6,89.1
20260812T122446Z,28.6,89.2
20260812T122501Z,28.6,89.3
20260812T122516Z,28.6,89.3
20260812T122531Z,28.6,89.1
20260812T122546Z,28.6,89.1
20260812T122601Z,28.6,89.2
20260812T122616Z,28.6,89.1
20260812T122631Z,28.6,89.2
20260812T122646Z,28.6,89.1
20260812T122701Z,28.6,89.1
20260812T122716Z,28.6,89.0
20260812T122731Z,28.6,89.1
20260812T122746Z,28.6,89.3
20260812T122801Z,28.6,89.1
20260812T122816Z,28.6,89.3
20260812T122831Z,28.6,89.4
20260812T122846Z,28.6,89.1
20260812T122901Z,28.6,89.0
20260812T122916Z,28.6,89.1
20260812T122931Z,28.6,89.2
20260812T122946Z,28.6,89.1
20260812T123001Z,28.6,89.1
20260812T123016Z,28.6,89.2
20260812T123031Z,28.6,89.3
20260812T123046Z,28.6,89.2
20260812T123101Z,28.6,89.3
20260812T123116Z,28.6,89.2
20260812T123131Z,28.6,89.2
20260812T123146Z,28.6,89.3
20260812T123201Z,28.6,89.2
20260812T123216Z,28.6,89.3
20260812T123231Z,28.6,89.2
20260812T123246Z,28.6,89.2
20260812T123301Z,28.6,89.3
20260812T123316Z,28.6,89.2
20260812T123331Z,28.6,89.3
20260812T123346Z,28.6,89.2
20260812T123401Z,28.6,89.3
20260812T123416Z,28.6,89.2
20260812T123431Z,28.6,89.2
20260812T123446Z,28.6,89.2
20260812T123501Z,28.6,89.2
20260812T123516Z,28.6,89.2
20260812T123531Z,28.6,89.3
20260812T123546Z,28.6,89.2
20260812T123601Z,28.6,89.2
20260812T123616Z,28.6,89.2
20260812T123631Z,28.6,89.2
20260812T123646Z,28.6,89.2
20260812T123701Z,28.6,89.2
20260812T123716Z,28.6,89.2
20260812T123731Z,28.6,89.2
20260812T123746Z,28.6,89.2
20260812T123801Z,28.6,89.4
20260812T123816Z,28.6,89.4
20260812T123831Z,28.6,89.4
20260812T123846Z,28.6,89.2
20260812T123901Z,28.6,89.4
20260812T123916Z,28.6,89.2
20260812T123931Z,28.6,89.1
20260812T123946Z,28.6,89.2
20260812T124001Z,28.6,89.2
20260812T124016Z,28.6,89.1
20260812T124031Z,28.6,89.1
20260812T124046Z,28.6,89.2
20260812T124101Z,28.6,89.3
20260812T124116Z,28.6,89.2
20260812T124131Z,28.6,89.2
20260812T124146Z,28.6,89.2
20260812T124201Z,28.6,89.3
20260812T124216Z,28.6,89.2
20260812T124231Z,28.6,89.2
20260812T124246Z,28.7,89.7
20260812T124301Z,28.6,88.4
20260812T124316Z,28.6,87.5
20260812T124331Z,28.6,87.1
20260812T124346Z,28.5,86.9
20260812T124401Z,28.5,86.4
20260812T124416Z,28.4,85.5
20260812T124431Z,28.4,85.4
20260812T124446Z,28.3,84.9
20260812T124501Z,28.2,84.6
20260812T124516Z,28.2,83.7
20260812T124531Z,28.1,83.6
20260812T124546Z,28.0,83.7
20260812T124601Z,28.0,83.0
20260812T124616Z,27.9,81.8
20260812T124631Z,27.8,81.8
20260812T124646Z,27.8,82.0
20260812T124701Z,27.7,81.5
20260812T124716Z,27.6,79.9
20260812T124731Z,27.5,79.5
20260812T124746Z,27.5,79.8
20260812T124801Z,27.4,78.9
20260812T124816Z,27.4,78.9
20260812T124831Z,27.3,78.7
20260812T124846Z,27.2,79.4
20260812T124901Z,27.2,79.0
20260812T124916Z,27.2,78.9
20260812T124931Z,27.1,78.9
20260812T124946Z,27.1,78.7
20260812T125001Z,27.1,78.5
20260812T125016Z,27.0,78.7
20260812T125031Z,27.0,77.3
20260812T125046Z,27.0,76.6
20260812T125101Z,26.9,76.2
20260812T125116Z,26.9,76.7
20260812T125131Z,26.9,79.1
20260812T125146Z,26.9,77.4
20260812T125201Z,26.8,76.6
20260812T125216Z,26.8,77.5
20260812T125231Z,26.8,77.3
20260812T125246Z,26.8,76.9
20260812T125301Z,26.8,76.0
20260812T125316Z,26.7,74.9
20260812T125331Z,26.7,73.5
20260812T125346Z,26.7,71.7
20260812T125401Z,26.7,72.5
20260812T125416Z,26.6,73.6
20260812T125431Z,26.6,72.7
20260812T125446Z,26.6,72.3
20260812T125501Z,26.5,71.5
20260812T125516Z,26.5,72.8
20260812T125531Z,26.5,71.0
20260812T125546Z,26.5,70.7
20260812T125601Z,26.4,71.3
20260812T125616Z,26.4,71.4
20260812T125631Z,26.4,70.2
20260812T125646Z,26.4,72.2
20260812T125701Z,26.3,69.0
20260812T125716Z,26.3,70.7
20260812T125731Z,26.3,70.1
20260812T125746Z,26.3,70.7
20260812T125801Z,26.3,70.8
20260812T125816Z,26.2,67.8
20260812T125831Z,26.2,68.2
20260812T125846Z,26.2,67.5
20260812T125901Z,26.2,67.2
20260812T125916Z,26.2,66.7
20260812T125931Z,26.1,66.6
20260812T125946Z,26.1,66.1
20260812T130001Z,26.1,65.5
20260812T130016Z,26.1,65.0
20260812T130031Z,26.1,64.9
20260812T130046Z,26.0,64.4
20260812T130101Z,26.0,64.3
20260812T130116Z,26.0,63.9
20260812T130131Z,26.0,63.3
20260812T130146Z,25.9,63.0
20260812T130201Z,25.9,62.7
20260812T130216Z,25.9,62.5
20260812T130231Z,25.8,62.4
20260812T130246Z,25.8,61.9
20260812T130301Z,25.8,61.7
20260812T130316Z,25.7,61.8
20260812T130331Z,25.7,61.1
20260812T130346Z,25.7,60.7
20260812T130401Z,25.6,60.5
20260812T130416Z,25.6,60.5
20260812T130431Z,25.6,60.6
20260812T130446Z,25.6,60.4
20260812T130501Z,25.5,59.7
20260812T130516Z,25.5,58.9
20260812T130531Z,25.5,59.2
20260812T130546Z,25.4,59.0
20260812T130601Z,25.4,58.6
20260812T130616Z,25.4,58.9
20260812T130631Z,25.3,60.2
20260812T130646Z,25.3,62.1
20260812T130701Z,25.4,63.7
20260812T130716Z,25.4,65.3
20260812T130731Z,25.4,66.1
20260812T130746Z,25.5,66.7
20260812T130801Z,25.5,66.9
20260812T130816Z,25.6,67.3
20260812T130831Z,25.7,67.6
20260812T130846Z,25.7,68.2
20260812T130901Z,25.8,68.8
20260812T130916Z,25.8,68.9
20260812T130931Z,25.8,69.7
20260812T130946Z,25.9,70.1
20260812T131001Z,25.9,70.5
20260812T131016Z,26.0,70.8
20260812T131031Z,26.0,71.3
20260812T131046Z,26.0,71.8
20260812T131101Z,26.1,72.4
20260812T131116Z,26.1,72.5
20260812T131131Z,26.1,73.0
20260812T131146Z,26.1,73.4
20260812T131201Z,26.2,73.7
20260812T131216Z,26.2,74.4
20260812T131231Z,26.3,74.7
20260812T131246Z,26.3,74.3
20260812T131301Z,26.3,73.6
20260812T131316Z,26.3,72.7
20260812T131331Z,26.3,72.3
20260812T131346Z,26.3,72.2
20260812T131401Z,26.4,71.7
20260812T131416Z,26.3,71.2
20260812T131431Z,26.3,71.1
20260812T131446Z,26.4,70.7
20260812T131501Z,26.3,70.7
20260812T131516Z,26.3,69.6
20260812T131531Z,26.3,69.6
20260812T131546Z,26.3,69.3
20260812T131601Z,26.3,68.3
20260812T131616Z,26.3,68.8
20260812T131631Z,26.3,68.5
20260812T131646Z,26.3,67.6
20260812T131701Z,26.2,67.4
20260812T131716Z,26.2,67.0
20260812T131731Z,26.2,66.3
20260812T131746Z,26.2,66.3
20260812T131801Z,26.2,66.1
20260812T131816Z,26.2,65.4
20260812T131831Z,26.1,64.8
20260812T131846Z,26.1,64.2
20260812T131901Z,26.1,64.1
20260812T131916Z,26.0,63.9
20260812T131931Z,26.0,63.6
20260812T131946Z,26.0,63.1
20260812T132001Z,25.9,63.0
20260812T132016Z,25.9,62.6
20260812T132031Z,25.9,62.4
20260812T132046Z,25.9,62.2
20260812T132101Z,25.8,62.4
20260812T132116Z,25.8,64.1
20260812T132131Z,25.8,65.3
20260812T132146Z,25.8,66.6
20260812T132201Z,25.8,67.3
20260812T132216Z,25.8,68.3
20260812T132231Z,25.8,68.7
20260812T132246Z,25.9,68.9
20260812T132301Z,25.9,69.5
20260812T132316Z,25.9,69.9
20260812T132331Z,25.9,70.0
20260812T132346Z,25.9,70.7
20260812T132401Z,25.9,71.2
20260812T132416Z,26.0,72.0
20260812T132431Z,26.0,72.0
20260812T132446Z,26.0,72.6
20260812T132501Z,26.0,73.2
20260812T132516Z,26.1,73.4
20260812T132531Z,26.1,73.9
20260812T132546Z,26.1,73.5
20260812T132601Z,26.1,74.1
20260812T132616Z,26.2,74.7
20260812T132631Z,26.2,75.4
20260812T132646Z,26.2,75.4
20260812T132701Z,26.2,76.0
20260812T132716Z,26.3,76.4
20260812T132731Z,26.3,76.2
20260812T132746Z,26.3,76.4
20260812T132801Z,26.3,75.3
20260812T132816Z,26.3,74.3
20260812T132831Z,26.3,74.3
20260812T132846Z,26.3,74.0
20260812T132901Z,26.3,73.5
20260812T132916Z,26.3,73.0
20260812T132931Z,26.3,72.5
20260812T132946Z,26.3,71.2
20260812T133001Z,26.3,70.9
20260812T133016Z,26.3,70.0
20260812T133031Z,26.3,69.6
20260812T133046Z,26.3,69.4
20260812T133101Z,26.3,68.8
20260812T133116Z,26.2,68.3
20260812T133131Z,26.2,67.1
20260812T133146Z,26.2,67.4
20260812T133201Z,26.1,67.0
20260812T133216Z,26.1,66.8
20260812T133231Z,26.1,65.9
20260812T133246Z,26.1,66.1
20260812T133301Z,26.0,65.3
20260812T133316Z,26.0,64.9
20260812T133331Z,26.0,64.9
20260812T133346Z,25.9,64.3
20260812T133401Z,25.9,63.8
20260812T133416Z,25.9,63.5
20260812T133431Z,25.8,63.3
20260812T133446Z,25.8,63.1
20260812T133501Z,25.8,62.7
20260812T133516Z,25.8,62.3
20260812T133531Z,25.8,62.2
20260812T133546Z,25.7,62.9
20260812T133601Z,25.7,64.3
20260812T133616Z,25.7,65.8
20260812T133631Z,25.7,67.0
20260812T133646Z,25.7,67.8
20260812T133701Z,25.7,68.7
20260812T133716Z,25.8,69.0
20260812T133731Z,25.8,69.3
20260812T133746Z,25.8,69.8
20260812T133801Z,25.8,70.4
20260812T133816Z,25.8,70.9
20260812T133831Z,25.8,71.5
20260812T133846Z,25.9,71.9
20260812T133901Z,25.9,72.4
20260812T133916Z,25.9,72.5
20260812T133931Z,25.9,72.9
20260812T133946Z,25.9,73.0
20260812T134001Z,25.9,73.5
20260812T134016Z,26.0,73.8
20260812T134031Z,26.0,74.2
20260812T134046Z,26.0,74.7
20260812T134101Z,26.0,75.1
20260812T134116Z,26.1,75.9
20260812T134131Z,26.1,76.0
20260812T134146Z,26.1,76.3
20260812T134201Z,26.1,76.7
20260812T134216Z,26.2,77.0
20260812T134231Z,26.2,77.4
20260812T134246Z,26.2,77.8
20260812T134301Z,26.2,77.8
20260812T134316Z,26.2,77.4
20260812T134331Z,26.2,76.5
20260812T134346Z,26.2,75.7
20260812T134401Z,26.2,75.8
20260812T134416Z,26.2,75.1
20260812T134431Z,26.2,74.8
20260812T134446Z,26.3,74.2
20260812T134501Z,26.3,73.9
20260812T134516Z,26.2,73.4
20260812T134531Z,26.2,72.8
20260812T134546Z,26.2,72.2
20260812T134601Z,26.2,71.6
20260812T134616Z,26.2,70.9
20260812T134631Z,26.2,70.6
20260812T134646Z,26.2,70.3
20260812T134701Z,26.2,70.1
20260812T134716Z,26.1,69.4
20260812T134731Z,26.1,69.1
20260812T134746Z,26.1,68.8
20260812T134801Z,26.1,68.0
20260812T134816Z,26.1,67.2
20260812T134831Z,26.0,66.8
20260812T134846Z,26.0,66.9
20260812T134901Z,26.0,66.3
20260812T134916Z,25.9,65.5
20260812T134931Z,25.9,65.3
20260812T134946Z,25.9,65.1
20260812T135001Z,25.8,65.1
20260812T135016Z,25.8,64.3
20260812T135031Z,25.8,64.4
20260812T135046Z,25.8,63.8
20260812T135101Z,25.7,63.3
20260812T135116Z,25.7,63.1
20260812T135131Z,25.6,63.0
20260812T135146Z,25.6,62.9
20260812T135201Z,25.6,62.6
20260812T135216Z,25.6,63.4
20260812T135231Z,25.5,64.2
20260812T135246Z,25.5,65.3
20260812T135301Z,25.5,67.1
20260812T135316Z,25.6,68.2
20260812T135331Z,25.6,68.7
20260812T135346Z,25.6,69.1
20260812T135401Z,25.6,69.7
20260812T135416Z,25.7,70.0
20260812T135431Z,25.7,70.4
20260812T135446Z,25.7,71.0
20260812T135501Z,25.7,71.2
20260812T135516Z,25.7,71.7
20260812T135531Z,25.8,72.1
20260812T135546Z,25.8,72.8
20260812T135601Z,25.8,72.9
20260812T135617Z,25.8,73.4
20260812T135631Z,25.9,73.7
20260812T135647Z,25.9,74.0
20260812T135701Z,25.9,74.3
20260812T135717Z,26.0,74.7
20260812T135732Z,26.0,75.7
20260812T135746Z,26.0,75.6
20260812T135802Z,26.0,75.8
20260812T135817Z,26.0,76.5
20260812T135832Z,26.1,76.8
20260812T135847Z,26.1,77.0
20260812T135902Z,26.1,76.8
20260812T135917Z,26.1,76.7
20260812T135932Z,26.1,75.7
20260812T135947Z,26.1,75.3
20260812T140002Z,26.1,74.8
20260812T140017Z,26.1,74.0
20260812T140032Z,26.1,73.8
20260812T140047Z,26.1,73.0
20260812T140102Z,26.1,71.7
20260812T140117Z,26.1,71.3
20260812T140132Z,26.1,71.3
20260812T140147Z,26.1,70.9
20260812T140202Z,26.1,70.4
20260812T140217Z,26.0,69.7
20260812T140232Z,26.0,69.5
20260812T140247Z,26.0,68.9
20260812T140302Z,26.0,68.4
20260812T140317Z,25.9,67.9
20260812T140332Z,25.9,66.3
20260812T140347Z,25.9,66.3
20260812T140402Z,25.8,66.3
20260812T140417Z,25.8,66.1
20260812T140432Z,25.8,65.2
20260812T140447Z,25.7,64.6
20260812T140502Z,25.7,64.5
20260812T140517Z,25.7,64.4
20260812T140532Z,25.6,64.1
20260812T140547Z,25.6,63.8
20260812T140602Z,25.5,63.7
20260812T140617Z,25.5,64.5
20260812T140632Z,25.5,65.3
20260812T140647Z,25.5,66.9
20260812T140702Z,25.5,68.3
20260812T140717Z,25.5,69.1
20260812T140732Z,25.6,69.7
20260812T140747Z,25.6,70.0
20260812T140802Z,25.6,70.3
20260812T140817Z,25.6,71.0
20260812T140832Z,25.6,71.2
20260812T140847Z,25.6,71.9
20260812T140902Z,25.7,72.1
20260812T140917Z,25.7,72.5
20260812T140932Z,25.7,72.8
20260812T140947Z,25.7,73.1
20260812T141002Z,25.7,73.7
20260812T141017Z,25.8,74.0
20260812T141032Z,25.8,74.4
20260812T141047Z,25.8,74.7
20260812T141102Z,25.8,75.0
20260812T141117Z,25.8,75.3
20260812T141132Z,25.9,75.7
20260812T141147Z,25.9,75.9
20260812T141202Z,25.9,76.4
20260812T141217Z,25.9,76.8
20260812T141232Z,25.9,77.0
20260812T141247Z,26.0,77.1
20260812T141302Z,26.0,77.3
20260812T141317Z,26.0,78.2
20260812T141332Z,26.0,78.1
20260812T141347Z,26.1,78.4
20260812T141402Z,26.1,79.1
20260812T141417Z,26.1,78.0
20260812T141432Z,26.1,77.8
20260812T141447Z,26.1,76.6
20260812T141502Z,26.1,76.5
20260812T141517Z,26.1,76.1
20260812T141532Z,26.1,75.1
20260812T141547Z,26.1,74.2
20260812T141602Z,26.1,73.6
20260812T141617Z,26.1,73.4
20260812T141632Z,26.0,72.9
20260812T141647Z,26.0,71.7
20260812T141702Z,26.0,71.5
20260812T141717Z,26.0,71.2
20260812T141732Z,25.9,70.3
20260812T141747Z,25.9,70.6
20260812T141802Z,25.9,70.1
20260812T141817Z,25.8,69.7
20260812T141832Z,25.8,68.9
20260812T141847Z,25.8,68.5
20260812T141902Z,25.7,67.9
20260812T141917Z,25.7,67.7
20260812T141932Z,25.7,67.0
20260812T141947Z,25.6,66.8
20260812T142002Z,25.6,66.0
20260812T142017Z,25.6,65.7
20260812T142032Z,25.6,65.5
20260812T142047Z,25.5,65.3
20260812T142102Z,25.5,64.9
20260812T142117Z,25.5,64.5
20260812T142132Z,25.4,65.1
20260812T142147Z,25.4,66.1
20260812T142202Z,25.4,67.5
20260812T142217Z,25.4,68.9
20260812T142232Z,25.4,69.6
20260812T142247Z,25.5,69.7
20260812T142302Z,25.5,70.1
20260812T142317Z,25.5,70.2
20260812T142332Z,25.5,71.0
20260812T142347Z,25.6,72.5
20260812T142402Z,25.6,73.2
20260812T142417Z,25.6,72.9
20260812T142432Z,25.7,73.7
20260812T142447Z,25.7,74.0
20260812T142502Z,25.7,74.6
20260812T142517Z,25.8,74.6
20260812T142532Z,25.8,75.2
20260812T142547Z,25.8,75.5
20260812T142602Z,25.8,75.7
20260812T142617Z,25.8,76.4
20260812T142632Z,25.8,76.7
20260812T142647Z,25.9,76.7
20260812T142702Z,25.9,77.0
20260812T142717Z,25.9,77.3
20260812T142732Z,25.9,77.6
20260812T142747Z,25.9,77.9
20260812T142802Z,25.9,77.9
20260812T142817Z,26.0,78.2
20260812T142832Z,26.0,78.6
20260812T142847Z,26.0,78.6
20260812T142902Z,26.0,78.9
20260812T142917Z,26.1,78.4
20260812T142932Z,26.1,78.3
20260812T142947Z,26.1,77.2
20260812T143002Z,26.1,76.9
20260812T143017Z,26.1,76.4
20260812T143032Z,26.1,74.9
20260812T143047Z,26.1,74.2
20260812T143102Z,26.0,73.3
20260812T143117Z,26.0,72.7
20260812T143132Z,26.0,71.5
20260812T143147Z,25.9,71.5
20260812T143202Z,25.9,70.9
20260812T143217Z,25.9,70.5
20260812T143232Z,25.8,70.5
20260812T143247Z,25.8,70.3
20260812T143302Z,25.7,69.5
20260812T143317Z,25.7,69.3
20260812T143332Z,25.7,68.6
20260812T143347Z,25.6,68.1
20260812T143402Z,25.6,67.4
20260812T143417Z,25.5,67.0
20260812T143432Z,25.5,66.7
20260812T143447Z,25.5,66.3
20260812T143502Z,25.5,65.8
20260812T143517Z,25.4,65.4
20260812T143532Z,25.4,64.9
20260812T143547Z,25.4,65.9
20260812T143602Z,25.4,67.2
20260812T143617Z,25.4,69.1
20260812T143632Z,25.4,70.1
20260812T143647Z,25.4,70.7
20260812T143702Z,25.4,71.1
20260812T143717Z,25.4,71.5
20260812T143732Z,25.4,71.9
20260812T143747Z,25.4,72.3
20260812T143802Z,25.4,72.6
20260812T143817Z,25.5,73.1
20260812T143832Z,25.5,73.1
20260812T143847Z,25.5,73.7
20260812T143902Z,25.5,74.3
20260812T143917Z,25.5,74.4
20260812T143932Z,25.6,74.8
20260812T143947Z,25.6,75.0
20260812T144002Z,25.6,75.4
20260812T144017Z,25.6,75.8
20260812T144032Z,25.6,75.9
20260812T144047Z,25.7,76.3
20260812T144102Z,25.7,76.3
20260812T144117Z,25.7,76.7
20260812T144132Z,25.7,77.0
20260812T144147Z,25.8,77.3
20260812T144202Z,25.8,77.9
20260812T144217Z,25.8,78.1
20260812T144232Z,25.8,78.4
20260812T144247Z,25.8,78.8
20260812T144302Z,25.9,78.9
20260812T144317Z,25.9,79.2
20260812T144332Z,25.9,79.4
20260812T144347Z,25.9,79.7
20260812T144402Z,25.9,79.9
20260812T144417Z,25.9,80.2
20260812T144432Z,25.9,80.4
20260812T144447Z,26.0,80.4
20260812T144502Z,26.0,79.9
20260812T144517Z,26.0,80.0
20260812T144532Z,26.0,78.4
20260812T144547Z,26.0,77.9
20260812T144602Z,26.0,77.4
20260812T144617Z,26.0,76.3
20260812T144632Z,25.9,75.8
20260812T144647Z,25.9,75.7
20260812T144702Z,25.9,74.0
20260812T144717Z,25.9,74.4
20260812T144732Z,25.8,73.5
20260812T144747Z,25.8,73.0
20260812T144802Z,25.8,72.7
20260812T144817Z,25.7,71.4
20260812T144832Z,25.7,70.3
20260812T144847Z,25.6,70.6
20260812T144902Z,25.6,70.3
20260812T144917Z,25.5,69.9
20260812T144932Z,25.5,69.3
20260812T144947Z,25.4,69.0
20260812T145002Z,25.4,68.7
20260812T145017Z,25.4,68.1
20260812T145032Z,25.3,67.7
20260812T145047Z,25.3,67.0
20260812T145102Z,25.2,67.0
20260812T145117Z,25.2,66.4
20260812T145132Z,25.2,67.2
20260812T145147Z,25.2,68.2
20260812T145202Z,25.2,69.2
20260812T145217Z,25.2,70.9
20260812T145232Z,25.2,71.8
20260812T145247Z,25.3,72.3
20260812T145302Z,25.3,72.8
20260812T145317Z,25.3,73.0
20260812T145332Z,25.3,73.4
20260812T145347Z,25.4,73.6
20260812T145402Z,25.4,74.1
20260812T145417Z,25.4,74.3
20260812T145432Z,25.4,74.6
20260812T145447Z,25.5,74.9
20260812T145502Z,25.5,75.4
20260812T145517Z,25.5,75.9
20260812T145532Z,25.5,75.9
20260812T145547Z,25.6,76.1
20260812T145602Z,25.6,76.5
20260812T145617Z,25.6,76.6
20260812T145632Z,25.6,77.0
20260812T145647Z,25.7,77.1
20260812T145702Z,25.7,77.7
20260812T145717Z,25.7,78.1
20260812T145732Z,25.7,78.1
20260812T145747Z,25.8,78.1
20260812T145802Z,25.8,78.7
20260812T145817Z,25.8,79.0
20260812T145832Z,25.8,79.1
20260812T145847Z,25.8,79.3
20260812T145902Z,25.9,79.6
20260812T145917Z,25.9,79.7
20260812T145932Z,25.9,79.9
20260812T145947Z,25.9,80.1
20260812T150002Z,26.0,80.6
20260812T150017Z,26.0,80.8
20260812T150032Z,26.0,81.0
20260812T150047Z,26.0,80.3
20260812T150102Z,26.0,80.1
20260812T150117Z,26.0,78.8
20260812T150132Z,26.0,78.2
20260812T150147Z,26.0,78.0
20260812T150202Z,26.0,77.1
20260812T150217Z,26.0,76.6
20260812T150232Z,26.0,76.1
20260812T150247Z,26.0,74.9
20260812T150302Z,26.0,74.7
20260812T150317Z,26.0,74.1
20260812T150332Z,25.9,73.6
20260812T150347Z,25.9,73.1
20260812T150402Z,25.9,73.6
20260812T150417Z,25.9,74.4
20260812T150432Z,25.9,75.7
20260812T150447Z,25.9,76.4
20260812T150502Z,25.9,76.9
20260812T150517Z,25.9,77.1
20260812T150532Z,25.9,77.3
20260812T150547Z,25.9,77.6
20260812T150602Z,25.9,78.1
20260812T150617Z,25.9,78.4
20260812T150632Z,25.9,78.6
20260812T150647Z,26.0,79.0
20260812T150702Z,25.9,79.4
20260812T150717Z,26.0,79.6
20260812T150732Z,26.0,79.8
20260812T150747Z,26.0,79.9
20260812T150802Z,26.0,80.4
20260812T150817Z,26.0,80.7
20260812T150832Z,26.0,80.8
20260812T150847Z,26.0,81.0
20260812T150902Z,26.0,81.4
20260812T150917Z,26.0,81.7
20260812T150932Z,26.0,81.9
20260812T150947Z,26.0,82.1
20260812T151002Z,26.0,82.4
20260812T151017Z,26.1,82.4
20260812T151032Z,26.1,82.8
20260812T151047Z,26.1,83.0
20260812T151102Z,26.1,83.0
20260812T151117Z,26.1,83.3
20260812T151132Z,26.1,83.5
20260812T151147Z,26.1,83.5
20260812T151202Z,26.1,83.9
20260812T151217Z,26.2,84.1
20260812T151232Z,26.2,84.2
20260812T151247Z,26.2,84.4
20260812T151302Z,26.2,84.6
20260812T151317Z,26.2,84.8
20260812T151332Z,26.2,84.8
20260812T151347Z,26.2,84.8
20260812T151402Z,26.2,85.2
20260812T151417Z,26.2,85.4
20260812T151432Z,26.2,85.6
20260812T151447Z,26.3,85.7
20260812T151502Z,26.3,85.8
20260812T151517Z,26.3,85.9
20260812T151532Z,26.3,86.0
20260812T151547Z,26.3,86.3
20260812T151602Z,26.3,86.2
20260812T151617Z,26.3,86.4
20260812T151632Z,26.3,86.5
20260812T151647Z,26.3,86.6
20260812T151702Z,26.4,86.8
20260812T151717Z,26.4,86.8
20260812T151732Z,26.4,87.1
20260812T151747Z,26.4,87.0
20260812T151802Z,26.4,87.1
20260812T151817Z,26.4,87.3
20260812T151832Z,26.4,87.5
20260812T151847Z,26.4,87.5
20260812T151902Z,26.4,87.5
20260812T151917Z,26.5,87.5
20260812T151932Z,26.5,87.7
20260812T151947Z,26.5,87.8
20260812T152002Z,26.5,88.0
20260812T152017Z,26.5,88.1
20260812T152032Z,26.5,88.0
20260812T152047Z,26.5,88.1
20260812T152102Z,26.5,88.2
20260812T152117Z,26.5,88.3
20260812T152132Z,26.5,88.5
20260812T152147Z,26.5,88.5
20260812T152202Z,26.6,88.5
20260812T152217Z,26.6,88.6
20260812T152232Z,26.6,88.7
20260812T152247Z,26.6,88.8
20260812T152302Z,26.6,88.8
20260812T152317Z,26.6,88.9
20260812T152332Z,26.6,88.9
20260812T152347Z,26.6,89.0
20260812T152402Z,26.6,88.1
20260812T152417Z,26.6,87.5
20260812T152432Z,26.6,86.3
20260812T152447Z,26.6,85.8
20260812T152502Z,26.6,84.9
20260812T152517Z,26.5,83.8
20260812T152532Z,26.5,83.5
20260812T152547Z,26.4,82.3
20260812T152602Z,26.4,81.9
20260812T152617Z,26.3,81.0
20260812T152632Z,26.3,81.3
20260812T152647Z,26.3,80.0
20260812T152702Z,26.2,79.6
20260812T152717Z,26.1,79.0
20260812T152732Z,26.1,78.7
20260812T152747Z,26.1,78.0
20260812T152802Z,26.0,77.2
20260812T152817Z,26.0,77.1
20260812T152832Z,25.9,76.3
20260812T152847Z,25.9,75.2
20260812T152902Z,25.8,75.0
20260812T152917Z,25.8,74.9
20260812T152932Z,25.7,76.2
20260812T152947Z,25.7,77.3
20260812T153002Z,25.7,78.3
20260812T153017Z,25.7,79.1
20260812T153032Z,25.7,79.6
20260812T153047Z,25.7,80.0
20260812T153102Z,25.7,80.3
20260812T153117Z,25.7,80.7
20260812T153132Z,25.7,80.9
20260812T153147Z,25.7,81.0
20260812T153202Z,25.8,81.3
20260812T153217Z,25.8,81.6
20260812T153232Z,25.8,81.9
20260812T153247Z,25.8,82.1
20260812T153302Z,25.9,82.4
20260812T153317Z,25.9,82.5
20260812T153332Z,25.9,82.9
20260812T153347Z,25.9,83.0
20260812T153402Z,25.9,83.3
20260812T153417Z,25.9,83.4
20260812T153432Z,26.0,83.6
20260812T153447Z,26.0,83.9
20260812T153502Z,26.0,84.0
20260812T153517Z,26.0,84.4
20260812T153532Z,26.0,84.5
20260812T153547Z,26.0,84.6
20260812T153602Z,26.1,84.7
20260812T153617Z,26.1,85.0
20260812T153632Z,26.1,85.0
20260812T153647Z,26.1,85.2
20260812T153702Z,26.2,85.2
20260812T153717Z,26.2,85.6
20260812T153732Z,26.2,85.9
20260812T153747Z,26.2,86.0
20260812T153802Z,26.2,86.1
20260812T153817Z,26.3,86.4
20260812T153832Z,26.3,86.4
20260812T153847Z,26.3,86.5
20260812T153902Z,26.3,86.8
20260812T153917Z,26.3,86.9
20260812T153932Z,26.3,87.0
20260812T153947Z,26.3,87.0
20260812T154002Z,26.4,87.1
20260812T154017Z,26.4,87.4
20260812T154032Z,26.4,87.5
20260812T154047Z,26.4,87.5
20260812T154102Z,26.4,87.6
20260812T154117Z,26.4,87.7
20260812T154132Z,26.5,87.9
20260812T154147Z,26.5,87.9
20260812T154202Z,26.5,88.0
20260812T154217Z,26.5,88.1
20260812T154232Z,26.5,88.2
20260812T154247Z,26.5,88.2
20260812T154302Z,26.5,88.4
20260812T154317Z,26.5,88.3
20260812T154332Z,26.5,88.6
20260812T154347Z,26.6,88.5
20260812T154402Z,26.6,88.8
20260812T154417Z,26.6,88.7
20260812T154432Z,26.6,88.9
20260812T154447Z,26.6,88.9
20260812T154502Z,26.6,88.9
20260812T154517Z,26.6,88.9
20260812T154532Z,26.6,88.3
20260812T154547Z,26.6,87.0
20260812T154602Z,26.6,86.2
20260812T154617Z,26.6,85.6
20260812T154632Z,26.6,84.8
20260812T154647Z,26.6,84.1
20260812T154702Z,26.5,83.3
20260812T154717Z,26.5,82.2
20260812T154732Z,26.5,81.1
20260812T154747Z,26.4,79.7
20260812T154802Z,26.4,79.6
20260812T154817Z,26.3,79.2
20260812T154832Z,26.3,78.8
20260812T154847Z,26.2,78.5
20260812T154902Z,26.2,78.6
20260812T154917Z,26.1,78.0
20260812T154932Z,26.1,77.5
20260812T154947Z,26.1,76.9
20260812T155002Z,26.0,76.3
20260812T155017Z,26.0,75.4
20260812T155032Z,26.0,74.9
20260812T155047Z,25.9,74.0
20260812T155102Z,25.9,73.7
20260812T155117Z,25.9,72.9
20260812T155132Z,25.8,72.4
20260812T155147Z,25.8,71.4
20260812T155202Z,25.8,71.6
20260812T155217Z,25.7,72.5
20260812T155232Z,25.7,73.9
20260812T155247Z,25.7,75.2
20260812T155302Z,25.7,76.0
20260812T155317Z,25.7,76.5
20260812T155332Z,25.7,76.9
20260812T155347Z,25.7,77.3
20260812T155402Z,25.7,77.6
20260812T155417Z,25.7,77.9
20260812T155432Z,25.8,78.2
20260812T155447Z,25.8,78.5
20260812T155502Z,25.8,78.8
20260812T155517Z,25.8,79.2
20260812T155532Z,25.8,79.4
20260812T155547Z,25.8,79.8
20260812T155602Z,25.8,80.2
20260812T155617Z,25.9,80.3
20260812T155632Z,25.9,80.5
20260812T155647Z,25.9,81.0
20260812T155702Z,25.9,81.1
20260812T155717Z,25.9,81.5
20260812T155732Z,25.9,81.6
20260812T155747Z,26.0,81.8
20260812T155802Z,26.0,82.1
20260812T155817Z,26.0,82.4
20260812T155832Z,26.0,82.7
20260812T155847Z,26.0,82.8
20260812T155902Z,26.0,82.9
20260812T155917Z,26.1,83.1
20260812T155932Z,26.1,83.5
20260812T155947Z,26.1,84.0
20260812T160002Z,26.1,84.0
20260812T160017Z,26.1,84.2
20260812T160032Z,26.1,84.2
20260812T160047Z,26.1,84.5
20260812T160102Z,26.1,84.7
20260812T160117Z,26.2,84.8
20260812T160132Z,26.2,85.1
20260812T160147Z,26.2,85.3
20260812T160202Z,26.2,85.4
20260812T160217Z,26.2,85.5
20260812T160232Z,26.2,85.6
20260812T160247Z,26.3,85.8
20260812T160302Z,26.3,85.8
20260812T160317Z,26.3,86.0
20260812T160332Z,26.3,86.1
20260812T160347Z,26.3,86.4
20260812T160402Z,26.3,86.5
20260812T160417Z,26.3,86.6
20260812T160432Z,26.3,86.6
20260812T160447Z,26.4,86.8
20260812T160502Z,26.4,86.8
20260812T160517Z,26.4,87.0
20260812T160532Z,26.4,87.1
20260812T160547Z,26.4,87.1
20260812T160602Z,26.4,87.2
20260812T160617Z,26.5,87.3
20260812T160632Z,26.5,87.4
20260812T160647Z,26.4,87.5
20260812T160702Z,26.5,87.6
20260812T160717Z,26.5,87.7
20260812T160732Z,26.5,87.7
20260812T160747Z,26.5,87.8
20260812T160802Z,26.5,87.8
20260812T160817Z,26.5,88.0
20260812T160832Z,26.6,88.0
20260812T160847Z,26.6,88.1
20260812T160902Z,26.6,88.2
20260812T160917Z,26.6,88.1
20260812T160932Z,26.6,87.3
20260812T160947Z,26.6,87.0
20260812T161002Z,26.6,85.7
20260812T161017Z,26.6,85.1
20260812T161032Z,26.6,84.2
20260812T161047Z,26.5,83.2
20260812T161102Z,26.5,82.6
20260812T161117Z,26.4,82.1
20260812T161132Z,26.4,81.5
20260812T161147Z,26.3,80.3
20260812T161202Z,26.3,80.0
20260812T161217Z,26.2,79.5
20260812T161232Z,26.2,78.4
20260812T161247Z,26.1,78.1
20260812T161302Z,26.0,77.1
20260812T161317Z,25.9,76.8
20260812T161332Z,25.9,76.0
20260812T161347Z,25.8,76.1
20260812T161402Z,25.8,75.0
20260812T161417Z,25.7,74.8
20260812T161432Z,25.6,74.5
20260812T161447Z,25.6,73.4
20260812T161502Z,25.5,74.4
20260812T161517Z,25.5,75.6
20260812T161532Z,25.5,76.8
20260812T161547Z,25.5,78.1
20260812T161602Z,25.5,79.0
20260812T161617Z,25.5,79.1
20260812T161632Z,25.5,79.6
20260812T161647Z,25.5,79.8
20260812T161702Z,25.5,80.0
20260812T161717Z,25.6,80.6
20260812T161732Z,25.6,80.7
20260812T161747Z,25.7,80.8
20260812T161802Z,25.7,80.9
20260812T161817Z,25.7,81.4
20260812T161832Z,25.7,81.7
20260812T161847Z,25.8,81.8
20260812T161902Z,25.8,82.0
20260812T161917Z,25.8,82.4
20260812T161932Z,25.8,82.6
20260812T161947Z,25.9,82.8
20260812T162002Z,25.9,83.2
20260812T162017Z,25.9,83.2
20260812T162032Z,25.9,83.5
20260812T162047Z,26.0,83.7
20260812T162102Z,26.0,83.7
20260812T162117Z,26.0,84.0
20260812T162132Z,26.0,83.9
20260812T162147Z,26.0,84.2
20260812T162202Z,26.1,84.4
20260812T162217Z,26.1,84.7
20260812T162232Z,26.1,85.0
20260812T162247Z,26.1,85.0
20260812T162302Z,26.1,85.2
20260812T162317Z,26.2,85.4
20260812T162332Z,26.2,85.6
20260812T162347Z,26.2,85.7
20260812T162402Z,26.2,85.8
20260812T162417Z,26.2,85.9
20260812T162432Z,26.2,86.2
20260812T162447Z,26.3,86.2
20260812T162502Z,26.3,86.4
20260812T162517Z,26.3,86.6
20260812T162532Z,26.3,86.6
20260812T162547Z,26.3,86.8
20260812T162602Z,26.3,86.9
20260812T162617Z,26.3,87.1
20260812T162632Z,26.3,87.1
20260812T162647Z,26.3,87.2
20260812T162702Z,26.4,87.3
20260812T162717Z,26.4,87.3
20260812T162732Z,26.4,87.4
20260812T162747Z,26.4,87.5
20260812T162802Z,26.5,87.5
20260812T162817Z,26.5,87.7
20260812T162832Z,26.5,87.8
20260812T162847Z,26.5,87.8
20260812T162902Z,26.5,87.9
20260812T162917Z,26.5,87.9
20260812T162932Z,26.5,88.0
20260812T162947Z,26.5,88.2
20260812T163002Z,26.6,88.1
20260812T163017Z,26.6,88.2
20260812T163032Z,26.6,87.4
20260812T163047Z,26.6,86.9
20260812T163102Z,26.6,85.4
20260812T163117Z,26.6,84.8
20260812T163132Z,26.6,84.3
20260812T163147Z,26.5,83.8
20260812T163202Z,26.5,82.8
20260812T163217Z,26.5,82.0
20260812T163232Z,26.4,80.6
20260812T163247Z,26.4,80.0
20260812T163302Z,26.4,80.1
20260812T163317Z,26.3,79.3
20260812T163332Z,26.3,79.0
20260812T163347Z,26.2,78.7
20260812T163402Z,26.2,78.4
20260812T163417Z,26.1,77.5
20260812T163432Z,26.1,76.8
20260812T163447Z,26.0,76.2
20260812T163502Z,26.0,75.6
20260812T163517Z,26.0,75.1
20260812T163532Z,25.9,74.6
20260812T163547Z,25.9,73.9
20260812T163602Z,25.9,73.2
20260812T163617Z,25.8,72.1
20260812T163632Z,25.7,71.6
20260812T163647Z,25.7,71.6
20260812T163702Z,25.7,72.5
20260812T163717Z,25.6,73.8
20260812T163732Z,25.6,75.2
20260812T163747Z,25.6,76.2
20260812T163802Z,25.6,76.8
20260812T163817Z,25.6,77.1
20260812T163832Z,25.7,77.3
20260812T163847Z,25.7,77.5
20260812T163902Z,25.7,77.5
20260812T163917Z,25.7,78.2
20260812T163932Z,25.7,78.4
20260812T163947Z,25.7,78.8
20260812T164002Z,25.7,79.0
20260812T164017Z,25.7,79.4
20260812T164032Z,25.7,79.7
20260812T164047Z,25.8,79.9
20260812T164102Z,25.8,80.2
20260812T164117Z,25.8,80.4
20260812T164132Z,25.8,80.8
20260812T164147Z,25.8,80.9
20260812T164202Z,25.8,81.1
20260812T164217Z,25.9,81.5
20260812T164232Z,25.9,81.6
20260812T164247Z,25.9,81.6
20260812T164302Z,25.9,82.1
20260812T164317Z,25.9,82.4
20260812T164332Z,25.9,82.6
20260812T164347Z,26.0,82.8
20260812T164402Z,26.0,83.0
20260812T164417Z,26.0,83.3
20260812T164432Z,26.0,83.3
20260812T164447Z,26.0,83.6
20260812T164502Z,26.0,83.7
20260812T164517Z,26.1,84.2
20260812T164532Z,26.1,84.2
20260812T164547Z,26.1,84.4
20260812T164602Z,26.1,84.6
20260812T164617Z,26.1,84.7
20260812T164632Z,26.1,85.0
20260812T164647Z,26.1,85.2
20260812T164702Z,26.2,85.3
20260812T164717Z,26.1,85.5
20260812T164732Z,26.2,85.6
20260812T164747Z,26.2,85.9
20260812T164802Z,26.2,85.9
20260812T164817Z,26.2,86.1
20260812T164832Z,26.2,86.1
20260812T164847Z,26.2,86.4
20260812T164902Z,26.2,86.4
20260812T164917Z,26.2,86.6
20260812T164932Z,26.3,86.8
20260812T164947Z,26.3,86.9
20260812T165002Z,26.3,86.9
20260812T165017Z,26.3,87.0
20260812T165032Z,26.3,87.1
20260812T165047Z,26.3,87.3
20260812T165102Z,26.3,87.3
20260812T165117Z,26.3,87.3
20260812T165132Z,26.3,87.5
20260812T165147Z,26.4,87.5
20260812T165202Z,26.4,87.7
20260812T165217Z,26.4,87.7
20260812T165232Z,26.4,87.7
20260812T165247Z,26.4,87.9
20260812T165302Z,26.4,87.9
20260812T165317Z,26.4,87.9
20260812T165332Z,26.4,88.1
20260812T165347Z,26.5,88.1
20260812T165402Z,26.5,88.1
20260812T165417Z,26.5,88.2
20260812T165432Z,26.5,88.2
20260812T165447Z,26.5,88.2
20260812T165502Z,26.5,88.3
20260812T165517Z,26.5,88.4
20260812T165532Z,26.5,88.4
20260812T165547Z,26.6,88.4
20260812T165602Z,26.6,88.3
20260812T165617Z,26.6,87.9
20260812T165632Z,26.6,86.3
20260812T165647Z,26.6,85.4
20260812T165702Z,26.5,84.8
20260812T165717Z,26.5,83.7
20260812T165732Z,26.5,82.8
20260812T165747Z,26.4,82.1
20260812T165802Z,26.4,81.4
20260812T165817Z,26.3,81.2
20260812T165832Z,26.2,80.4
20260812T165847Z,26.2,79.5
20260812T165902Z,26.1,79.0
20260812T165917Z,26.0,78.1
20260812T165932Z,26.0,77.9
20260812T165947Z,25.9,77.4
20260812T170002Z,25.8,77.3
20260812T170017Z,25.8,75.8
20260812T170032Z,25.7,75.7
20260812T170047Z,25.6,75.8
20260812T170102Z,25.6,74.9
20260812T170117Z,25.5,74.5
20260812T170132Z,25.4,76.0
20260812T170147Z,25.4,77.6
20260812T170202Z,25.4,78.6
20260812T170217Z,25.4,79.5
20260812T170232Z,25.4,80.0
20260812T170247Z,25.4,80.3
20260812T170302Z,25.4,80.5
20260812T170317Z,25.4,81.4
20260812T170332Z,25.5,81.7
20260812T170347Z,25.5,82.0
20260812T170402Z,25.5,81.9
20260812T170417Z,25.5,82.2
20260812T170432Z,25.6,82.7
20260812T170447Z,25.6,82.8
20260812T170502Z,25.6,83.0
20260812T170517Z,25.6,83.3
20260812T170532Z,25.7,83.4
20260812T170547Z,25.7,83.3
20260812T170602Z,25.7,83.8
20260812T170617Z,25.7,84.0
20260812T170632Z,25.8,84.0
20260812T170647Z,25.8,84.2
20260812T170702Z,25.8,84.4
20260812T170717Z,25.8,84.6
20260812T170732Z,25.8,84.6
20260812T170747Z,25.9,84.8
20260812T170802Z,25.9,85.0
20260812T170817Z,25.9,85.1
20260812T170832Z,25.9,85.3
20260812T170847Z,26.0,85.4
20260812T170902Z,26.0,85.6
20260812T170917Z,26.0,85.7
20260812T170932Z,26.0,85.9
20260812T170947Z,26.0,85.9
20260812T171002Z,26.0,86.0
20260812T171017Z,26.0,86.2
20260812T171032Z,26.1,86.3
20260812T171047Z,26.1,86.5
20260812T171102Z,26.1,86.6
20260812T171117Z,26.1,86.7
20260812T171132Z,26.1,86.9
20260812T171147Z,26.1,87.1
20260812T171202Z,26.1,87.2
20260812T171217Z,26.1,87.1
20260812T171232Z,26.2,87.2
20260812T171247Z,26.2,87.4
20260812T171302Z,26.2,87.4
20260812T171317Z,26.2,87.6
20260812T171332Z,26.2,87.6
20260812T171347Z,26.2,87.7
20260812T171402Z,26.2,87.7
20260812T171417Z,26.2,87.7
20260812T171432Z,26.3,87.9
20260812T171447Z,26.3,88.1
20260812T171502Z,26.3,88.0
20260812T171517Z,26.3,88.1
20260812T171532Z,26.3,88.3
20260812T171547Z,26.3,88.3
20260812T171602Z,26.3,88.4
20260812T171617Z,26.4,88.4
20260812T171632Z,26.4,88.4
20260812T171647Z,26.4,88.4
20260812T171702Z,26.4,88.5
20260812T171717Z,26.4,88.6
20260812T171732Z,26.4,88.7
20260812T171747Z,26.4,88.5
20260812T171802Z,26.4,88.7
20260812T171817Z,26.4,88.7
20260812T171832Z,26.5,88.7
20260812T171847Z,26.4,88.7
20260812T171902Z,26.5,88.8
20260812T171917Z,26.5,88.8
20260812T171932Z,26.5,88.8
20260812T171947Z,26.5,88.8
20260812T172002Z,26.5,88.9
20260812T172017Z,26.5,89.0
20260812T172032Z,26.5,89.0
20260812T172047Z,26.5,89.0
20260812T172102Z,26.6,89.1
20260812T172117Z,26.6,89.0
20260812T172132Z,26.6,89.0
20260812T172147Z,26.6,89.1
20260812T172202Z,26.6,89.0
20260812T172217Z,26.6,88.7
20260812T172232Z,26.6,88.5
20260812T172247Z,26.6,86.9
20260812T172302Z,26.6,86.4
20260812T172317Z,26.6,85.5
20260812T172332Z,26.6,84.6
20260812T172347Z,26.5,83.9
20260812T172402Z,26.5,84.0
20260812T172417Z,26.5,83.7
20260812T172432Z,26.4,83.2
20260812T172447Z,26.4,82.2
20260812T172502Z,26.4,81.4
20260812T172517Z,26.3,81.5
20260812T172532Z,26.3,80.7
20260812T172547Z,26.3,80.4
20260812T172602Z,26.3,79.3
20260812T172617Z,26.2,78.1
20260812T172632Z,26.2,78.4
20260812T172647Z,26.2,77.2
20260812T172702Z,26.1,76.4
20260812T172717Z,26.0,76.5
20260812T172732Z,26.0,75.4
20260812T172747Z,26.0,74.9
20260812T172802Z,25.9,73.9
20260812T172817Z,25.9,74.6
20260812T172832Z,25.8,75.3
20260812T172847Z,25.8,76.5
20260812T172902Z,25.8,77.7
20260812T172917Z,25.8,78.4
20260812T172932Z,25.8,78.8
20260812T172947Z,25.8,79.0
20260812T173002Z,25.8,79.3
20260812T173017Z,25.8,79.5
20260812T173032Z,25.8,79.8
20260812T173047Z,25.8,79.8
20260812T173102Z,25.8,80.4
20260812T173117Z,25.8,80.7
20260812T173132Z,25.8,80.9
20260812T173147Z,25.8,81.2
20260812T173202Z,25.8,81.7
20260812T173217Z,25.9,82.0
20260812T173232Z,25.8,82.3
20260812T173247Z,25.9,82.7
20260812T173302Z,25.9,82.8
20260812T173317Z,25.9,82.9
20260812T173332Z,25.9,83.1
20260812T173347Z,25.9,83.4
20260812T173402Z,25.9,83.6
20260812T173417Z,25.9,83.9
20260812T173432Z,25.9,84.1
20260812T173447Z,26.0,84.2
20260812T173502Z,26.0,84.6
20260812T173517Z,26.0,84.8
20260812T173532Z,26.0,84.6
20260812T173547Z,26.0,85.0
20260812T173602Z,26.0,85.3
20260812T173617Z,26.1,85.5
20260812T173632Z,26.1,85.6
20260812T173647Z,26.1,85.9
20260812T173702Z,26.1,86.0
20260812T173717Z,26.1,86.1
20260812T173732Z,26.1,86.4
20260812T173747Z,26.1,86.5
20260812T173802Z,26.1,86.7
20260812T173817Z,26.2,86.8
20260812T173832Z,26.1,86.9
20260812T173847Z,26.2,87.1
20260812T173902Z,26.2,87.2
20260812T173917Z,26.2,87.4
20260812T173932Z,26.2,87.6
20260812T173947Z,26.2,87.6
20260812T174002Z,26.2,87.7
20260812T174017Z,26.2,87.9
20260812T174032Z,26.3,88.0
20260812T174047Z,26.3,88.0
20260812T174102Z,26.3,88.2
20260812T174117Z,26.3,88.4
20260812T174132Z,26.3,88.3
20260812T174147Z,26.3,88.3
20260812T174202Z,26.3,88.6
20260812T174217Z,26.3,88.6
20260812T174232Z,26.3,88.6
20260812T174247Z,26.4,88.7
20260812T174302Z,26.4,88.9
20260812T174317Z,26.4,88.8
20260812T174332Z,26.4,89.0
20260812T174347Z,26.4,89.0
20260812T174402Z,26.4,89.0
20260812T174417Z,26.4,89.0
20260812T174432Z,26.4,89.3
20260812T174447Z,26.5,89.2
20260812T174502Z,26.5,89.3
20260812T174517Z,26.5,89.3
20260812T174532Z,26.5,89.4
20260812T174547Z,26.5,89.5
20260812T174602Z,26.5,89.4
20260812T174617Z,26.5,89.4
20260812T174632Z,26.5,89.5
20260812T174647Z,26.5,89.6
20260812T174702Z,26.5,89.6
20260812T174717Z,26.6,89.6
20260812T174732Z,26.6,89.6
20260812T174747Z,26.6,89.6
20260812T174802Z,26.6,89.6
20260812T174817Z,26.6,89.7
20260812T174832Z,26.6,89.8
20260812T174847Z,26.6,89.8
20260812T174902Z,26.6,89.9
20260812T174917Z,26.7,89.9
20260812T174932Z,26.7,89.9
20260812T174948Z,26.7,89.9
20260812T175002Z,26.7,90.0
20260812T175017Z,26.7,89.9
20260812T175032Z,26.7,89.9
20260812T175048Z,26.7,89.6
20260812T175102Z,26.7,89.5
20260812T175117Z,26.7,87.4
20260812T175132Z,26.7,87.1
20260812T175147Z,26.7,86.4
20260812T175203Z,26.6,85.4
20260812T175218Z,26.6,85.1
20260812T175233Z,26.6,84.1
20260812T175248Z,26.5,83.8
20260812T175303Z,26.5,83.3
20260812T175318Z,26.4,82.5
20260812T175333Z,26.4,82.4
20260812T175348Z,26.4,82.3
20260812T175403Z,26.3,81.5
20260812T175418Z,26.3,81.1
20260812T175433Z,26.2,79.9
20260812T175448Z,26.1,79.6
20260812T175503Z,26.1,78.9
20260812T175518Z,26.0,78.4
20260812T175533Z,26.0,78.5
20260812T175548Z,25.9,79.2
20260812T175603Z,25.9,80.0
20260812T175618Z,25.9,80.9
20260812T175633Z,25.9,81.4
20260812T175648Z,25.8,81.8
20260812T175703Z,25.8,82.0
20260812T175718Z,25.8,82.5
20260812T175733Z,25.8,82.8
20260812T175748Z,25.8,83.0
20260812T175803Z,25.8,83.3
20260812T175818Z,25.8,83.6
20260812T175833Z,25.8,83.8
20260812T175848Z,25.8,84.2
20260812T175903Z,25.8,84.3
20260812T175918Z,25.8,84.5
20260812T175933Z,25.9,84.7
20260812T175948Z,25.9,84.9
20260812T180003Z,25.9,85.2
20260812T180018Z,25.9,85.3
20260812T180033Z,25.9,85.4
20260812T180048Z,26.0,85.6
20260812T180103Z,26.0,85.8
20260812T180118Z,26.0,86.0
20260812T180133Z,26.0,86.2
20260812T180148Z,26.0,86.3
20260812T180203Z,26.0,86.5
20260812T180218Z,26.0,86.6
20260812T180233Z,26.0,86.8
20260812T180248Z,26.1,87.1
20260812T180303Z,26.1,86.9
20260812T180318Z,26.1,87.1
20260812T180333Z,26.1,87.2
20260812T180348Z,26.1,87.5
20260812T180403Z,26.1,87.4
20260812T180418Z,26.2,87.6
20260812T180433Z,26.2,87.9
20260812T180448Z,26.2,87.8
20260812T180503Z,26.2,88.1
20260812T180518Z,26.2,88.2
20260812T180533Z,26.2,88.3
20260812T180548Z,26.2,88.5
20260812T180603Z,26.2,88.6
20260812T180618Z,26.3,88.5
20260812T180633Z,26.3,88.6
20260812T180648Z,26.3,88.7
20260812T180703Z,26.3,88.9
20260812T180718Z,26.3,88.9
20260812T180733Z,26.3,89.0
20260812T180748Z,26.3,89.0
20260812T180803Z,26.3,89.2
20260812T180818Z,26.3,89.2
20260812T180833Z,26.4,89.2
20260812T180848Z,26.4,89.4
20260812T180903Z,26.4,89.4
20260812T180918Z,26.4,89.4
20260812T180933Z,26.4,89.5
20260812T180948Z,26.4,89.5
20260812T181003Z,26.5,89.6
20260812T181018Z,26.4,89.7
20260812T181033Z,26.5,89.8
20260812T181048Z,26.5,89.8
20260812T181103Z,26.5,89.8
20260812T181118Z,26.5,89.8
20260812T181133Z,26.5,89.9
20260812T181148Z,26.5,89.9
20260812T181203Z,26.5,90.0
20260812T181218Z,26.5,90.0
20260812T181233Z,26.6,90.1
20260812T181248Z,26.6,90.1
20260812T181303Z,26.6,90.1
20260812T181318Z,26.6,90.2
20260812T181333Z,26.6,90.2
20260812T181348Z,26.6,90.2
20260812T181403Z,26.6,90.2
20260812T181418Z,26.7,90.3
20260812T181433Z,26.6,90.3
20260812T181448Z,26.7,90.3
20260812T181503Z,26.7,90.3
20260812T181518Z,26.7,90.4
20260812T181533Z,26.7,90.3
20260812T181548Z,26.7,90.4
20260812T181603Z,26.7,90.4
20260812T181618Z,26.7,90.5
20260812T181633Z,26.7,90.1
20260812T181648Z,26.7,89.9
20260812T181703Z,26.7,88.2
20260812T181718Z,26.7,87.5
20260812T181733Z,26.7,87.2
20260812T181748Z,26.6,86.5
20260812T181803Z,26.6,86.0
20260812T181818Z,26.6,85.6
20260812T181833Z,26.6,85.2
20260812T181848Z,26.6,84.6
20260812T181903Z,26.5,83.9
20260812T181918Z,26.5,82.5
20260812T181933Z,26.4,81.9
20260812T181948Z,26.4,81.3
20260812T182003Z,26.3,80.1
20260812T182018Z,26.3,79.9
20260812T182033Z,26.2,79.5
20260812T182048Z,26.2,78.8
20260812T182103Z,26.1,78.2
20260812T182118Z,26.1,77.3
20260812T182133Z,26.0,77.0
20260812T182148Z,25.9,76.4
20260812T182203Z,25.9,75.5
20260812T182218Z,25.8,76.4
20260812T182233Z,25.8,77.4
20260812T182248Z,25.7,78.5
20260812T182303Z,25.7,79.6
20260812T182318Z,25.7,80.5
20260812T182333Z,25.7,80.7
20260812T182348Z,25.7,81.0
20260812T182403Z,25.7,81.2
20260812T182418Z,25.7,81.2
20260812T182433Z,25.7,81.2
20260812T182448Z,25.7,81.6
20260812T182503Z,25.8,82.1
20260812T182518Z,25.8,82.4
20260812T182533Z,25.8,82.5
20260812T182548Z,25.8,82.8
20260812T182603Z,25.8,83.1
20260812T182618Z,25.8,83.4
20260812T182633Z,25.8,83.4
20260812T182648Z,25.8,83.8
20260812T182703Z,25.9,84.1
20260812T182718Z,25.9,84.3
20260812T182733Z,25.9,84.4
20260812T182748Z,25.9,84.6
20260812T182803Z,25.9,84.9
20260812T182818Z,25.9,85.0
20260812T182833Z,25.9,85.1
20260812T182848Z,25.9,85.3
20260812T182903Z,26.0,85.6
20260812T182918Z,26.0,85.7
20260812T182933Z,26.0,86.1
20260812T182948Z,26.0,86.1
20260812T183003Z,26.0,86.3
20260812T183018Z,26.0,86.5
20260812T183033Z,26.0,86.6
20260812T183048Z,26.1,86.9
20260812T183103Z,26.1,86.9
20260812T183118Z,26.1,87.0
20260812T183133Z,26.1,87.2
20260812T183148Z,26.1,87.3
20260812T183203Z,26.1,87.4
20260812T183218Z,26.1,87.6
20260812T183233Z,26.1,87.7
20260812T183248Z,26.2,87.8
20260812T183303Z,26.2,87.9
20260812T183318Z,26.2,87.9
20260812T183333Z,26.2,88.3
20260812T183348Z,26.2,88.4
20260812T183403Z,26.2,88.4
20260812T183418Z,26.2,88.5
20260812T183433Z,26.2,88.6
20260812T183448Z,26.3,88.8
20260812T183503Z,26.3,88.9
20260812T183518Z,26.3,89.1
20260812T183533Z,26.3,89.2
20260812T183548Z,26.3,89.2
20260812T183603Z,26.3,89.1
20260812T183618Z,26.3,89.3
20260812T183633Z,26.3,89.4
20260812T183648Z,26.3,89.5
20260812T183703Z,26.3,89.6
20260812T183718Z,26.3,89.6
20260812T183733Z,26.4,89.7
20260812T183748Z,26.4,89.8
20260812T183803Z,26.4,89.8
20260812T183818Z,26.4,89.9
20260812T183833Z,26.4,89.9
20260812T183848Z,26.4,90.0
20260812T183903Z,26.4,90.1
20260812T183918Z,26.4,90.0
20260812T183933Z,26.4,90.1
20260812T183948Z,26.4,90.1
20260812T184003Z,26.5,90.2
20260812T184018Z,26.4,90.2
20260812T184033Z,26.5,90.2
20260812T184048Z,26.5,90.2
20260812T184103Z,26.5,90.3
20260812T184118Z,26.5,90.3
20260812T184133Z,26.5,90.3
20260812T184148Z,26.5,90.3
20260812T184203Z,26.5,90.4
20260812T184218Z,26.6,90.5
20260812T184233Z,26.6,90.5
20260812T184248Z,26.6,90.5
20260812T184303Z,26.6,90.5
20260812T184318Z,26.6,90.5
20260812T184333Z,26.6,90.5
20260812T184348Z,26.6,90.6
20260812T184403Z,26.6,90.5
20260812T184418Z,26.6,90.6
20260812T184433Z,26.6,90.5
20260812T184448Z,26.7,90.5
20260812T184503Z,26.7,90.6
20260812T184518Z,26.7,90.6
20260812T184533Z,26.7,90.5
20260812T184548Z,26.7,90.6
20260812T184603Z,26.7,90.6
20260812T184618Z,26.7,90.6
20260812T184633Z,26.7,89.7
20260812T184648Z,26.7,89.9
20260812T184703Z,26.7,87.9
20260812T184718Z,26.7,87.6
20260812T184733Z,26.7,87.5
20260812T184748Z,26.7,86.5
20260812T184803Z,26.6,86.0
20260812T184818Z,26.6,86.0
20260812T184833Z,26.6,85.2
20260812T184848Z,26.6,84.7
20260812T184903Z,26.5,84.3
20260812T184918Z,26.5,83.4
20260812T184933Z,26.5,82.4
20260812T184948Z,26.4,81.8
20260812T185003Z,26.4,80.7
20260812T185018Z,26.3,80.0
20260812T185033Z,26.2,79.5
20260812T185048Z,26.2,79.0
20260812T185103Z,26.1,78.1
20260812T185118Z,26.0,77.6
20260812T185133Z,26.0,77.8
20260812T185148Z,25.9,76.1
20260812T185203Z,25.9,76.7
20260812T185218Z,25.8,77.7
20260812T185233Z,25.8,78.9
20260812T185248Z,25.8,79.5
20260812T185303Z,25.8,80.4
20260812T185318Z,25.8,81.1
20260812T185333Z,25.8,81.3
20260812T185348Z,25.8,81.5
20260812T185403Z,25.8,81.5
20260812T185418Z,25.8,81.9
20260812T185433Z,25.8,82.0
20260812T185448Z,25.8,82.2
20260812T185503Z,25.8,82.4
20260812T185518Z,25.8,82.8
20260812T185533Z,25.8,82.9
20260812T185548Z,25.8,83.1
20260812T185603Z,25.8,83.6
20260812T185618Z,25.8,83.7
20260812T185633Z,25.9,84.1
20260812T185648Z,25.9,84.2
20260812T185703Z,25.9,84.5
20260812T185718Z,25.9,84.7
20260812T185733Z,25.9,84.9
20260812T185748Z,25.9,85.3
20260812T185803Z,25.9,85.3
20260812T185818Z,25.9,85.6
20260812T185833Z,26.0,85.7
20260812T185848Z,26.0,86.0
20260812T185903Z,26.0,86.3
20260812T185918Z,26.0,86.3
20260812T185933Z,26.0,86.5
20260812T185948Z,26.0,86.7
20260812T190003Z,26.0,86.8
20260812T190018Z,26.1,86.9
20260812T190033Z,26.1,87.0
20260812T190048Z,26.1,87.3
20260812T190103Z,26.1,87.4
20260812T190118Z,26.1,87.6
20260812T190133Z,26.1,87.7
20260812T190148Z,26.1,87.8
20260812T190203Z,26.1,87.9
20260812T190218Z,26.1,88.0
20260812T190233Z,26.1,88.3
20260812T190248Z,26.2,88.3
20260812T190303Z,26.2,88.3
20260812T190318Z,26.2,88.5
20260812T190333Z,26.2,88.8
20260812T190348Z,26.2,88.8
20260812T190403Z,26.2,88.9
20260812T190418Z,26.2,89.0
20260812T190433Z,26.2,89.0
20260812T190448Z,26.2,89.2
20260812T190503Z,26.3,89.4
20260812T190518Z,26.3,89.3
20260812T190533Z,26.3,89.4
20260812T190548Z,26.3,89.6
20260812T190603Z,26.3,89.7
20260812T190618Z,26.3,89.7
20260812T190633Z,26.3,89.7
20260812T190648Z,26.3,89.9
20260812T190703Z,26.3,89.9
20260812T190718Z,26.4,89.9
20260812T190733Z,26.4,90.0
20260812T190748Z,26.4,90.1
20260812T190803Z,26.4,90.1
20260812T190818Z,26.4,90.2
20260812T190833Z,26.4,90.2
20260812T190848Z,26.4,90.2
20260812T190903Z,26.4,90.3
20260812T190918Z,26.4,90.4
20260812T190933Z,26.5,90.3
20260812T190948Z,26.5,90.4
20260812T191003Z,26.5,90.5
20260812T191018Z,26.5,90.6
20260812T191033Z,26.5,90.6
20260812T191048Z,26.5,90.5
20260812T191103Z,26.5,90.5
20260812T191118Z,26.5,90.6
20260812T191133Z,26.5,90.6
20260812T191148Z,26.5,90.7
20260812T191203Z,26.5,90.6
20260812T191218Z,26.6,90.5
20260812T191233Z,26.6,90.6
20260812T191248Z,26.6,90.7
20260812T191303Z,26.6,90.6
20260812T191318Z,26.6,90.6
20260812T191333Z,26.6,90.7
20260812T191348Z,26.6,90.6
20260812T191403Z,26.6,90.7
20260812T191418Z,26.6,90.7
20260812T191433Z,26.7,90.6
20260812T191448Z,26.7,90.6
20260812T191503Z,26.7,90.6
20260812T191518Z,26.7,90.7
20260812T191533Z,26.7,90.7
20260812T191548Z,26.7,90.7
20260812T191603Z,26.7,90.6
20260812T191618Z,26.7,90.7
20260812T191633Z,26.7,89.7
20260812T191648Z,26.7,89.2
20260812T191703Z,26.7,88.1
20260812T191718Z,26.7,87.6
20260812T191733Z,26.7,87.3
20260812T191748Z,26.7,86.9
20260812T191803Z,26.6,86.2
20260812T191818Z,26.6,85.8
20260812T191833Z,26.6,84.6
20260812T191848Z,26.6,84.2
20260812T191903Z,26.5,83.1
20260812T191918Z,26.5,82.1
20260812T191933Z,26.5,81.5
20260812T191948Z,26.4,81.4
20260812T192003Z,26.4,80.7
20260812T192018Z,26.3,80.6
20260812T192033Z,26.2,79.8
20260812T192048Z,26.2,78.7
20260812T192103Z,26.1,78.3
20260812T192118Z,26.1,77.9
20260812T192133Z,26.0,77.1
20260812T192148Z,25.9,76.1
20260812T192203Z,25.9,77.1
20260812T192218Z,25.8,78.2
20260812T192233Z,25.8,78.8
20260812T192248Z,25.8,79.6
20260812T192303Z,25.8,80.5
20260812T192318Z,25.8,81.1
20260812T192333Z,25.8,81.3
20260812T192348Z,25.8,81.5
20260812T192403Z,25.8,81.6
20260812T192418Z,25.8,81.9
20260812T192433Z,25.8,82.2
20260812T192448Z,25.8,82.5
20260812T192503Z,25.8,82.7
20260812T192518Z,25.8,82.9
20260812T192533Z,25.8,83.3
20260812T192548Z,25.8,83.7
20260812T192603Z,25.8,83.7
20260812T192618Z,25.8,83.9
20260812T192633Z,25.8,84.2
20260812T192648Z,25.8,84.3
20260812T192703Z,25.8,84.5
20260812T192718Z,25.9,84.8
20260812T192733Z,25.9,84.8
20260812T192748Z,25.9,85.2
20260812T192803Z,25.9,85.3
20260812T192818Z,26.0,85.6
20260812T192833Z,26.0,85.7
20260812T192848Z,26.0,86.0
20260812T192903Z,26.0,86.2
20260812T192918Z,26.0,86.4
20260812T192933Z,26.0,86.5
20260812T192948Z,26.0,86.7
20260812T193003Z,26.0,86.9
20260812T193018Z,26.1,87.0
20260812T193130Z,26.1,87.6
20260812T193145Z,26.1,87.9
20260812T193200Z,26.1,87.7
20260812T193215Z,26.1,88.0
20260812T193230Z,26.2,88.1
20260812T193245Z,26.2,88.2
20260812T193300Z,26.2,88.3
20260812T193315Z,26.2,88.6
20260812T193330Z,26.2,88.6
20260812T193345Z,26.2,88.7
20260812T193400Z,26.2,88.8
20260812T193415Z,26.2,89.0
20260812T193430Z,26.2,89.0
20260812T193445Z,26.3,89.2
20260812T193500Z,26.3,89.2
20260812T193515Z,26.3,89.4
20260812T193530Z,26.3,89.4
20260812T193545Z,26.3,89.6
20260812T193600Z,26.3,89.6
20260812T193615Z,26.3,89.7
20260812T193630Z,26.3,89.8
20260812T193645Z,26.3,89.8
20260812T193700Z,26.3,89.9
20260812T193715Z,26.3,89.9
20260812T193730Z,26.3,90.0
20260812T193745Z,26.3,90.1
20260812T193800Z,26.4,90.1
20260812T193815Z,26.4,90.2
20260812T193830Z,26.4,90.2
20260812T193845Z,26.4,90.3
20260812T193900Z,26.4,90.3
20260812T193915Z,26.4,90.4
20260812T193930Z,26.4,90.3
20260812T193945Z,26.5,90.4
20260812T194000Z,26.5,90.4
20260812T194015Z,26.5,90.4
20260812T194030Z,26.5,90.5
20260812T194045Z,26.5,90.5
20260812T194100Z,26.5,90.5
20260812T194115Z,26.5,90.5
20260812T194130Z,26.5,90.6
20260812T194145Z,26.5,90.6
20260812T194200Z,26.5,90.6
20260812T194215Z,26.5,90.6
20260812T194230Z,26.6,90.6
20260812T194245Z,26.6,90.7
20260812T194300Z,26.6,90.7
20260812T194315Z,26.6,90.6
20260812T194330Z,26.6,90.6
20260812T194345Z,26.6,90.7
20260812T194400Z,26.6,90.7
20260812T194415Z,26.6,90.7
20260812T194430Z,26.6,90.7
20260812T194445Z,26.7,90.7
20260812T194500Z,26.7,90.7
20260812T194515Z,26.7,90.7
20260812T194530Z,26.7,90.7
20260812T194545Z,26.7,90.7
20260812T194600Z,26.7,90.8
20260812T194615Z,26.7,90.7
20260812T194630Z,26.7,90.7
20260812T194645Z,26.7,90.7
20260812T194700Z,26.7,90.6
20260812T194715Z,26.7,90.2
20260812T194730Z,26.7,88.8
20260812T194745Z,26.7,87.7
20260812T194800Z,26.7,87.9
20260812T194815Z,26.7,86.5
20260812T194830Z,26.6,85.9
20260812T194845Z,26.6,85.4
20260812T194900Z,26.6,85.3
20260812T194915Z,26.5,84.9
20260812T194930Z,26.5,83.4
20260812T194945Z,26.4,83.1
20260812T195000Z,26.4,82.5
20260812T195015Z,26.3,82.6
20260812T195030Z,26.3,82.0
20260812T195045Z,26.2,80.7
20260812T195100Z,26.1,81.0
20260812T195115Z,26.1,80.5
20260812T195130Z,26.0,79.9
20260812T195145Z,26.0,79.6
20260812T195200Z,26.0,80.2
20260812T195215Z,25.9,80.9
20260812T195230Z,25.9,81.4
20260812T195245Z,25.9,81.9
20260812T195300Z,25.9,82.5
20260812T195315Z,25.8,83.0
20260812T195330Z,25.8,83.2
20260812T195345Z,25.8,83.7
20260812T195400Z,25.8,84.0
20260812T195415Z,25.8,84.0
20260812T195430Z,25.8,84.5
20260812T195445Z,25.8,84.9
20260812T195500Z,25.8,85.0
20260812T195515Z,25.8,85.3
20260812T195530Z,25.8,85.4
20260812T195545Z,25.8,85.7
20260812T195600Z,25.8,86.0
20260812T195615Z,25.8,86.1
20260812T195630Z,25.9,86.2
20260812T195645Z,25.9,86.4
20260812T195700Z,25.9,86.7
20260812T195715Z,25.9,86.7
20260812T195730Z,25.9,86.9
20260812T195745Z,26.0,87.1
20260812T195800Z,26.0,87.3
20260812T195815Z,26.0,87.3
20260812T195830Z,26.0,87.5
20260812T195845Z,26.0,87.7
20260812T195900Z,26.0,87.7
20260812T195915Z,26.0,87.7
20260812T195930Z,26.1,88.1
20260812T195945Z,26.1,88.0
20260812T200000Z,26.1,88.2
20260812T200015Z,26.1,88.4
20260812T200030Z,26.1,88.5
20260812T200045Z,26.1,88.6
20260812T200100Z,26.1,88.6
20260812T200115Z,26.1,88.8
20260812T200130Z,26.1,88.9
20260812T200145Z,26.2,89.1
20260812T200200Z,26.2,89.3
20260812T200215Z,26.2,89.2
20260812T200230Z,26.2,89.3
20260812T200245Z,26.2,89.5
20260812T200300Z,26.2,89.6
20260812T200315Z,26.2,89.6
20260812T200330Z,26.2,89.6
20260812T200345Z,26.2,89.8
20260812T200400Z,26.3,89.9
20260812T200415Z,26.3,90.0
20260812T200430Z,26.3,90.0
20260812T200445Z,26.3,90.1
20260812T200500Z,26.3,90.1
20260812T200515Z,26.3,90.2
20260812T200530Z,26.3,90.3
20260812T200545Z,26.3,90.3
20260812T200600Z,26.3,90.3
20260812T200615Z,26.3,90.4
20260812T200630Z,26.4,90.5
20260812T200645Z,26.4,90.5
20260812T200700Z,26.4,90.6
20260812T200715Z,26.4,90.6
20260812T200730Z,26.4,90.7
20260812T200745Z,26.4,90.6
20260812T200800Z,26.4,90.7
20260812T200815Z,26.4,90.8
20260812T200830Z,26.4,90.7
20260812T200845Z,26.4,90.8
20260812T200900Z,26.5,90.8
20260812T200915Z,26.5,90.8
20260812T200930Z,26.5,90.8
20260812T200945Z,26.5,91.0
20260812T201000Z,26.5,90.9
20260812T201015Z,26.5,90.9
20260812T201030Z,26.5,90.9
20260812T201045Z,26.5,90.9
20260812T201100Z,26.5,90.9
20260812T201115Z,26.5,91.0
20260812T201130Z,26.6,91.0
20260812T201145Z,26.6,91.0
20260812T201200Z,26.6,91.1
20260812T201215Z,26.6,91.1
20260812T201230Z,26.6,91.1
20260812T201245Z,26.6,91.1
20260812T201300Z,26.6,91.0
20260812T201315Z,26.6,91.0
20260812T201330Z,26.7,91.1
20260812T201345Z,26.7,91.1
20260812T201400Z,26.7,91.0
20260812T201415Z,26.7,91.1
20260812T201430Z,26.7,91.1
20260812T201445Z,26.7,91.0
20260812T201500Z,26.7,91.1
20260812T201515Z,26.7,91.1
20260812T201530Z,26.7,91.1
20260812T201545Z,26.7,91.1
20260812T201600Z,26.7,91.1
20260812T201615Z,26.7,90.9
20260812T201630Z,26.7,90.6
20260812T201645Z,26.7,89.0
20260812T201700Z,26.7,88.6
20260812T201715Z,26.7,88.5
20260812T201730Z,26.7,87.7
20260812T201745Z,26.7,87.1
20260812T201800Z,26.6,86.5
20260812T201815Z,26.6,85.4
20260812T201830Z,26.6,84.5
20260812T201845Z,26.5,84.4
20260812T201900Z,26.5,83.5
20260812T201915Z,26.4,83.1
20260812T201930Z,26.4,82.4
20260812T201945Z,26.4,81.5
20260812T202000Z,26.3,80.8
20260812T202015Z,26.2,80.1
20260812T202030Z,26.2,79.6
20260812T202045Z,26.1,78.8
20260812T202100Z,26.1,78.5
20260812T202115Z,26.0,77.9
20260812T202130Z,25.9,77.2
20260812T202145Z,25.8,77.8
20260812T202200Z,25.8,78.5
20260812T202215Z,25.7,79.4
20260812T202230Z,25.7,80.5
20260812T202245Z,25.7,81.6
20260812T202300Z,25.7,82.1
20260812T202315Z,25.7,82.2
20260812T202330Z,25.7,82.3
20260812T202345Z,25.7,82.3
20260812T202400Z,25.8,82.8
20260812T202415Z,25.8,82.9
20260812T202430Z,25.8,83.3
20260812T202445Z,25.8,83.5
20260812T202500Z,25.8,83.7
20260812T202515Z,25.8,83.9
20260812T202530Z,25.8,84.1
20260812T202545Z,25.8,84.4
20260812T202600Z,25.8,84.5
20260812T202615Z,25.9,84.8
20260812T202630Z,25.9,84.8
20260812T202645Z,25.9,85.3
20260812T202700Z,25.9,85.3
20260812T202715Z,25.9,85.5
20260812T202730Z,25.9,85.8
20260812T202745Z,25.9,86.0
20260812T202800Z,25.9,86.1
20260812T202815Z,26.0,86.3
20260812T202830Z,26.0,86.4
20260812T202845Z,26.0,86.5
20260812T202900Z,26.0,86.8
20260812T202915Z,26.0,86.9
20260812T202930Z,26.0,87.1
20260812T202945Z,26.0,87.3
20260812T203000Z,26.1,87.5
20260812T203015Z,26.1,87.5
20260812T203030Z,26.1,87.8
20260812T203045Z,26.1,87.8
20260812T203100Z,26.1,87.9
20260812T203115Z,26.1,88.1
20260812T203130Z,26.1,88.2
20260812T203145Z,26.1,88.4
20260812T203200Z,26.2,88.4
20260812T203215Z,26.2,88.7
20260812T203230Z,26.2,88.8
20260812T203245Z,26.2,88.8
20260812T203300Z,26.2,89.0
20260812T203315Z,26.2,88.9
20260812T203330Z,26.2,89.2
20260812T203345Z,26.2,89.2
20260812T203400Z,26.2,89.4
20260812T203415Z,26.2,89.5
20260812T203430Z,26.2,89.7
20260812T203445Z,26.3,89.8
20260812T203500Z,26.3,89.9
20260812T203515Z,26.3,89.9
20260812T203530Z,26.3,90.0
20260812T203545Z,26.3,90.0
20260812T203600Z,26.3,90.2
20260812T203615Z,26.3,90.2
20260812T203630Z,26.3,90.3
20260812T203645Z,26.3,90.4
20260812T203700Z,26.3,90.5
20260812T203715Z,26.3,90.5
20260812T203730Z,26.3,90.6
20260812T203745Z,26.4,90.6
20260812T203800Z,26.4,90.7
20260812T203815Z,26.4,90.8
20260812T203830Z,26.4,90.7
20260812T203845Z,26.4,90.8
20260812T203900Z,26.4,90.8
20260812T203915Z,26.4,90.9
20260812T203930Z,26.4,90.9
20260812T203945Z,26.4,91.0
20260812T204000Z,26.4,90.9
20260812T204015Z,26.5,91.0
20260812T204030Z,26.5,91.0
20260812T204045Z,26.5,91.0
20260812T204100Z,26.5,91.0
20260812T204115Z,26.5,91.1
20260812T204130Z,26.5,91.1
20260812T204145Z,26.5,91.1
20260812T204200Z,26.5,91.1
20260812T204215Z,26.5,91.1
20260812T204230Z,26.5,91.1
20260812T204245Z,26.5,91.2
20260812T204300Z,26.6,91.2
20260812T204315Z,26.6,91.2
20260812T204330Z,26.6,91.2
20260812T204345Z,26.6,91.2
20260812T204400Z,26.6,91.3
20260812T204415Z,26.6,91.2
20260812T204430Z,26.6,91.2
20260812T204445Z,26.6,91.2
20260812T204500Z,26.6,91.2
20260812T204515Z,26.7,91.2
20260812T204530Z,26.7,91.2
20260812T204545Z,26.7,91.2
20260812T204600Z,26.7,91.2
20260812T204615Z,26.7,91.2
20260812T204630Z,26.7,91.1
20260812T204645Z,26.7,91.2
20260812T204700Z,26.7,91.2
20260812T204715Z,26.7,91.2
20260812T204730Z,26.7,90.7
20260812T204745Z,26.8,90.7
20260812T204800Z,26.7,88.9
20260812T204815Z,26.7,88.3
20260812T204830Z,26.7,87.7
20260812T204845Z,26.7,87.2
20260812T204900Z,26.6,86.2
20260812T204915Z,26.6,86.2
20260812T204930Z,26.5,85.5
20260812T204945Z,26.5,85.0
20260812T205000Z,26.4,84.4
20260812T205015Z,26.4,83.5
20260812T205030Z,26.3,82.9
20260812T205045Z,26.3,82.7
20260812T205100Z,26.2,82.5
20260812T205115Z,26.2,82.2
20260812T205130Z,26.1,81.8
20260812T205145Z,26.1,81.0
20260812T205200Z,26.0,80.4
20260812T205215Z,26.0,80.2
20260812T205230Z,26.0,81.1
20260812T205245Z,25.9,81.7
20260812T205300Z,25.9,82.1
20260812T205315Z,25.9,82.8
20260812T205330Z,25.9,83.2
20260812T205345Z,25.9,83.3
20260812T205400Z,25.9,83.7
20260812T205415Z,25.9,83.8
20260812T205430Z,25.8,84.3
20260812T205445Z,25.9,84.5
20260812T205500Z,25.9,84.8
20260812T205515Z,25.9,84.9
20260812T205530Z,25.9,85.3
20260812T205545Z,25.9,85.4
20260812T205600Z,25.9,85.5
20260812T205615Z,25.9,85.8
20260812T205630Z,25.9,86.1
20260812T205645Z,25.9,86.2
20260812T205700Z,25.9,86.3
20260812T205715Z,26.0,86.4
20260812T205730Z,26.0,86.7
20260812T205745Z,26.0,86.7
20260812T205800Z,26.0,87.0
20260812T205815Z,26.0,87.2
20260812T205830Z,26.0,87.3
20260812T205845Z,26.0,87.4
20260812T205900Z,26.0,87.5
20260812T205915Z,26.1,87.6
20260812T205930Z,26.1,87.8
20260812T205945Z,26.1,87.9
20260812T210000Z,26.1,88.0
20260812T210015Z,26.1,88.2
20260812T210030Z,26.1,88.3
20260812T210045Z,26.2,88.5
20260812T210100Z,26.2,88.6
20260812T210115Z,26.2,88.6
20260812T210130Z,26.2,88.7
20260812T210145Z,26.2,88.9
20260812T210200Z,26.2,88.9
20260812T210215Z,26.2,89.1
20260812T210230Z,26.2,89.2
20260812T210245Z,26.2,89.2
20260812T210300Z,26.3,89.2
20260812T210315Z,26.3,89.4
20260812T210330Z,26.3,89.5
20260812T210345Z,26.3,89.6
20260812T210400Z,26.3,89.8
20260812T210415Z,26.3,89.9
20260812T210430Z,26.3,89.9
20260812T210445Z,26.3,90.1
20260812T210500Z,26.3,90.3
20260812T210515Z,26.3,90.3
20260812T210530Z,26.4,90.4
20260812T210545Z,26.3,90.4
20260812T210600Z,26.4,90.5
20260812T210615Z,26.4,90.5
20260812T210630Z,26.4,90.6
20260812T210645Z,26.4,90.7
20260812T210700Z,26.4,90.7
20260812T210715Z,26.4,90.9
20260812T210730Z,26.4,90.8
20260812T210745Z,26.4,90.9
20260812T210800Z,26.4,90.9
20260812T210815Z,26.4,91.0
20260812T210830Z,26.4,91.0
20260812T210845Z,26.4,91.0
20260812T210900Z,26.4,91.1
20260812T210915Z,26.5,91.0
20260812T210930Z,26.5,91.1
20260812T210946Z,26.5,91.1
20260812T211000Z,26.5,91.1
20260812T211016Z,26.5,91.0
20260812T211031Z,26.5,91.1
20260812T211046Z,26.5,91.1
20260812T211101Z,26.5,91.0
20260812T211116Z,26.5,91.1
20260812T211131Z,26.6,91.2
20260812T211146Z,26.6,91.2
20260812T211201Z,26.6,91.1
20260812T211216Z,26.6,91.2
20260812T211231Z,26.6,91.2
20260812T211246Z,26.6,91.3
20260812T211301Z,26.6,91.3
20260812T211316Z,26.6,91.3
20260812T211331Z,26.6,91.3
20260812T211346Z,26.6,91.3
20260812T211401Z,26.7,91.2
20260812T211416Z,26.7,91.2
20260812T211431Z,26.7,91.3
20260812T211446Z,26.7,91.3
20260812T211501Z,26.7,91.3
20260812T211516Z,26.7,91.3
20260812T211531Z,26.7,91.3
20260812T211546Z,26.7,91.3
20260812T211601Z,26.7,91.3
20260812T211616Z,26.7,91.2
20260812T211631Z,26.7,91.3
20260812T211646Z,26.7,91.2
20260812T211701Z,26.7,90.8
20260812T211716Z,26.7,89.4
20260812T211731Z,26.7,88.7
20260812T211746Z,26.7,88.3
20260812T211801Z,26.7,87.8
20260812T211816Z,26.7,87.1
20260812T211831Z,26.6,86.7
20260812T211846Z,26.6,86.1
20260812T211901Z,26.6,85.8
20260812T211916Z,26.6,84.9
20260812T211931Z,26.5,84.7
20260812T211946Z,26.5,83.6
20260812T212001Z,26.5,83.4
20260812T212016Z,26.4,82.1
20260812T212031Z,26.4,82.1
20260812T212046Z,26.3,81.2
20260812T212101Z,26.3,80.9
20260812T212116Z,26.2,79.6
20260812T212131Z,26.2,79.4
20260812T212146Z,26.1,78.6
20260812T212201Z,26.1,77.7
20260812T212216Z,26.0,77.8
20260812T212231Z,26.0,79.2
20260812T212246Z,25.9,79.4
20260812T212301Z,25.9,80.2
20260812T212316Z,25.9,80.6
20260812T212331Z,25.9,81.6
20260812T212346Z,25.9,82.0
20260812T212401Z,25.9,82.3
20260812T212416Z,25.9,82.5
20260812T212431Z,25.9,82.5
20260812T212446Z,25.9,82.6
20260812T212501Z,25.9,82.9
20260812T212516Z,25.9,83.2
20260812T212531Z,25.9,83.4
20260812T212546Z,25.9,83.7
20260812T212601Z,25.9,83.9
20260812T212616Z,25.9,84.3
20260812T212631Z,25.9,84.6
20260812T212646Z,25.9,84.6
20260812T212701Z,25.9,84.8
20260812T212716Z,25.9,84.8
20260812T212731Z,25.9,85.4
20260812T212746Z,26.0,85.6
20260812T212801Z,26.0,85.7
20260812T212816Z,26.0,85.8
20260812T212831Z,26.0,86.1
20260812T212846Z,26.0,86.4
20260812T212901Z,26.0,86.6
20260812T212916Z,26.0,86.4
20260812T212931Z,26.0,86.7
20260812T212946Z,26.0,86.9
20260812T213001Z,26.0,87.0
20260812T213016Z,26.1,87.3
20260812T213031Z,26.1,87.4
20260812T213046Z,26.1,87.5
20260812T213101Z,26.1,87.7
20260812T213116Z,26.1,87.9
20260812T213131Z,26.1,88.0
20260812T213146Z,26.1,88.1
20260812T213201Z,26.1,88.3
20260812T213216Z,26.1,88.4
20260812T213231Z,26.1,88.5
20260812T213246Z,26.2,88.6
20260812T213301Z,26.2,88.6
20260812T213316Z,26.2,88.9
20260812T213331Z,26.2,89.0
20260812T213346Z,26.2,89.0
20260812T213401Z,26.2,89.2
20260812T213416Z,26.2,89.3
20260812T213431Z,26.2,89.4
20260812T213446Z,26.2,89.5
20260812T213501Z,26.2,89.6
20260812T213516Z,26.2,89.7
20260812T213531Z,26.3,89.8
20260812T213546Z,26.3,89.9
20260812T213601Z,26.3,90.0
20260812T213616Z,26.3,90.2
20260812T213631Z,26.3,90.1
20260812T213646Z,26.3,90.2
20260812T213701Z,26.3,90.2
20260812T213716Z,26.3,90.3
20260812T213731Z,26.3,90.2
20260812T213746Z,26.3,90.4
20260812T213801Z,26.3,90.4
20260812T213816Z,26.4,90.5
20260812T213831Z,26.4,90.5
20260812T213846Z,26.4,90.6
20260812T213901Z,26.4,90.7
20260812T213916Z,26.4,90.9
20260812T213931Z,26.4,90.8
20260812T213946Z,26.4,90.8
20260812T214001Z,26.4,90.9
20260812T214016Z,26.5,91.0
20260812T214031Z,26.5,91.0
20260812T214046Z,26.5,91.0
20260812T214101Z,26.5,91.0
20260812T214116Z,26.5,91.1
20260812T214131Z,26.5,91.0
20260812T214146Z,26.5,91.1
20260812T214201Z,26.5,91.0
20260812T214216Z,26.5,91.1
20260812T214231Z,26.6,91.1
20260812T214246Z,26.6,91.1
20260812T214301Z,26.6,91.1
20260812T214316Z,26.6,91.2
20260812T214331Z,26.6,91.2
20260812T214346Z,26.6,91.1
20260812T214401Z,26.6,91.1
20260812T214416Z,26.6,91.1
20260812T214431Z,26.6,91.1
20260812T214446Z,26.6,91.2
20260812T214501Z,26.6,91.1
20260812T214516Z,26.7,91.2
20260812T214531Z,26.7,91.3
20260812T214546Z,26.7,91.2
20260812T214601Z,26.7,91.1
20260812T214616Z,26.7,91.2
20260812T214631Z,26.7,91.2
20260812T214646Z,26.7,91.3
20260812T214701Z,26.7,91.2
20260812T214716Z,26.7,91.3
20260812T214731Z,26.7,91.2
20260812T214746Z,26.7,90.4
20260812T214801Z,26.7,89.9
20260812T214816Z,26.7,88.8
20260812T214831Z,26.7,87.9
20260812T214846Z,26.6,87.7
20260812T214901Z,26.6,87.3
20260812T214916Z,26.6,86.0
20260812T214931Z,26.5,85.7
20260812T214946Z,26.5,85.6
20260812T215001Z,26.5,85.0
20260812T215016Z,26.4,84.7
20260812T215031Z,26.4,84.1
20260812T215046Z,26.3,83.3
20260812T215101Z,26.3,83.0
20260812T215116Z,26.3,82.3
20260812T215131Z,26.2,81.2
20260812T215146Z,26.1,81.1
20260812T215201Z,26.1,80.2
20260812T215216Z,26.0,79.9
20260812T215231Z,26.0,80.0
20260812T215246Z,25.9,80.5
20260812T215301Z,25.9,81.3
20260812T215316Z,25.9,82.1
20260812T215331Z,25.9,82.8
20260812T215346Z,25.9,83.1
20260812T215401Z,25.9,83.3
20260812T215416Z,25.8,83.6
20260812T215431Z,25.8,83.8
20260812T215446Z,25.8,84.1
20260812T215501Z,25.9,84.4
20260812T215516Z,25.9,84.5
20260812T215531Z,25.9,84.7
20260812T215546Z,25.9,85.0
20260812T215601Z,25.9,85.2
20260812T215616Z,25.9,85.5
20260812T215631Z,25.9,85.6
20260812T215646Z,25.9,85.7
20260812T215701Z,25.9,86.0
20260812T215716Z,25.9,86.2
20260812T215731Z,26.0,86.4
20260812T215746Z,26.0,86.6
20260812T215801Z,26.0,86.6
20260812T215816Z,26.0,86.8
20260812T215831Z,26.0,87.0
20260812T215846Z,26.0,87.1
20260812T215901Z,26.0,87.2
20260812T215916Z,26.0,87.5
20260812T215931Z,26.1,87.6
20260812T215946Z,26.1,87.8
20260812T220001Z,26.1,87.9
20260812T220016Z,26.1,88.1
20260812T220031Z,26.1,88.2
20260812T220046Z,26.1,88.2
20260812T220101Z,26.1,88.4
20260812T220116Z,26.2,88.6
20260812T220131Z,26.2,88.7
20260812T220146Z,26.2,88.8
20260812T220201Z,26.2,88.9
20260812T220216Z,26.2,89.0
20260812T220231Z,26.2,89.2
20260812T220246Z,26.2,89.2
20260812T220301Z,26.2,89.4
20260812T220316Z,26.2,89.4
20260812T220331Z,26.2,89.6
20260812T220346Z,26.3,89.6
20260812T220401Z,26.3,89.7
20260812T220416Z,26.3,89.9
20260812T220431Z,26.3,89.9
20260812T220446Z,26.3,90.0
20260812T220501Z,26.3,90.0
20260812T220516Z,26.3,90.1
20260812T220531Z,26.3,90.3
20260812T220546Z,26.3,90.3
20260812T220601Z,26.3,90.4
20260812T220616Z,26.4,90.5
20260812T220631Z,26.4,90.5
20260812T220646Z,26.4,90.5
20260812T220701Z,26.4,90.6
20260812T220716Z,26.4,90.7
20260812T220731Z,26.4,90.7
20260812T220746Z,26.4,90.7
20260812T220801Z,26.4,90.8
20260812T220816Z,26.4,90.7
20260812T220831Z,26.4,90.8
20260812T220846Z,26.4,90.9
20260812T220901Z,26.5,91.0
20260812T220916Z,26.5,90.9
20260812T220931Z,26.5,90.9
20260812T220946Z,26.5,90.9
20260812T221001Z,26.5,91.0
20260812T221016Z,26.5,91.0
20260812T221031Z,26.5,91.1
20260812T221046Z,26.5,91.1
20260812T221101Z,26.5,91.1
20260812T221116Z,26.6,91.2
20260812T221131Z,26.6,91.2
20260812T221146Z,26.6,91.2
20260812T221201Z,26.6,91.2
20260812T221216Z,26.6,91.2
20260812T221231Z,26.6,91.3
20260812T221246Z,26.6,91.3
20260812T221301Z,26.6,91.3
20260812T221316Z,26.6,91.3
20260812T221331Z,26.6,91.3
20260812T221346Z,26.6,91.3
20260812T221401Z,26.7,91.4
20260812T221416Z,26.7,91.4
20260812T221431Z,26.7,91.3
20260812T221446Z,26.7,91.3
20260812T221501Z,26.7,91.4
20260812T221516Z,26.7,91.4
20260812T221531Z,26.7,91.4
20260812T221546Z,26.7,91.3
20260812T221601Z,26.7,91.4
20260812T221616Z,26.7,90.5
20260812T221631Z,26.7,90.5
20260812T221646Z,26.7,88.6
20260812T221701Z,26.7,88.4
20260812T221716Z,26.7,88.0
20260812T221731Z,26.7,87.7
20260812T221746Z,26.6,87.0
20260812T221801Z,26.6,86.3
20260812T221816Z,26.6,85.5
20260812T221831Z,26.6,84.4
20260812T221846Z,26.5,84.4
20260812T221901Z,26.5,83.8
20260812T221916Z,26.5,83.1
20260812T221931Z,26.4,82.5
20260812T221946Z,26.4,81.5
20260812T222001Z,26.4,80.7
20260812T222016Z,26.3,80.3
20260812T222031Z,26.3,79.6
20260812T222046Z,26.2,79.3
20260812T222101Z,26.2,78.9
20260812T222116Z,26.1,78.2
20260812T222131Z,26.1,77.5
20260812T222146Z,26.0,77.2
20260812T222201Z,25.9,77.6
20260812T222216Z,25.9,78.7
20260812T222231Z,25.9,80.0
20260812T222246Z,25.9,80.5
20260812T222301Z,25.9,81.0
20260812T222316Z,25.9,81.6
20260812T222331Z,25.9,82.0
20260812T222346Z,25.8,81.8
20260812T222401Z,25.9,82.1
20260812T222416Z,25.8,82.4
20260812T222431Z,25.9,82.4
20260812T222446Z,25.9,82.9
20260812T222501Z,25.9,83.1
20260812T222516Z,25.9,83.1
20260812T222531Z,25.9,83.5
20260812T222546Z,25.9,83.9
20260812T222601Z,25.9,84.2
20260812T222616Z,25.9,84.3
20260812T222631Z,25.9,84.4
20260812T222646Z,25.9,84.7
20260812T222701Z,25.9,84.9
20260812T222716Z,26.0,85.1
20260812T222731Z,26.0,85.2
20260812T222746Z,26.0,85.5
20260812T222801Z,26.0,85.8
20260812T222816Z,26.0,85.9
20260812T222831Z,26.0,86.1
20260812T222846Z,26.0,86.3
20260812T222901Z,26.0,86.4
20260812T222916Z,26.1,86.6
20260812T222931Z,26.1,86.8
20260812T222946Z,26.1,86.9
20260812T223001Z,26.1,87.0
20260812T223016Z,26.1,87.1
20260812T223031Z,26.1,87.3
20260812T223046Z,26.1,87.4
20260812T223101Z,26.1,87.6
20260812T223116Z,26.1,87.7
20260812T223131Z,26.2,87.9
20260812T223146Z,26.2,88.1
20260812T223201Z,26.2,88.1
20260812T223216Z,26.2,88.2
20260812T223231Z,26.2,88.3
20260812T223246Z,26.2,88.5
20260812T223301Z,26.2,88.5
20260812T223316Z,26.2,88.8
20260812T223331Z,26.2,88.9
20260812T223346Z,26.2,89.1
20260812T223401Z,26.3,89.1
20260812T223416Z,26.2,89.2
20260812T223431Z,26.3,89.3
20260812T223446Z,26.3,89.4
20260812T223501Z,26.3,89.4
20260812T223516Z,26.3,89.6
20260812T223531Z,26.3,89.8
20260812T223546Z,26.3,89.7
20260812T223601Z,26.3,89.8
20260812T223616Z,26.3,89.9
20260812T223631Z,26.3,90.0
20260812T223646Z,26.4,90.0
20260812T223701Z,26.4,90.1
20260812T223716Z,26.4,90.1
20260812T223731Z,26.4,90.2
20260812T223746Z,26.4,90.3
20260812T223801Z,26.4,90.4
20260812T223816Z,26.4,90.3
20260812T223831Z,26.4,90.4
20260812T223846Z,26.4,90.4
20260812T223901Z,26.4,90.5
20260812T223916Z,26.4,90.6
20260812T223931Z,26.4,90.6
20260812T223946Z,26.4,90.7
20260812T224001Z,26.5,90.6
20260812T224016Z,26.5,90.7
20260812T224031Z,26.5,90.7
20260812T224046Z,26.5,90.8
20260812T224101Z,26.5,90.8
20260812T224116Z,26.5,90.8
20260812T224131Z,26.5,90.9
20260812T224146Z,26.5,91.0
20260812T224201Z,26.5,91.0
20260812T224216Z,26.5,90.9
20260812T224231Z,26.5,90.9
20260812T224246Z,26.5,90.9
20260812T224301Z,26.6,91.0
20260812T224316Z,26.6,90.9
20260812T224331Z,26.6,91.0
20260812T224346Z,26.6,90.9
20260812T224401Z,26.6,91.0
20260812T224416Z,26.6,91.0
20260812T224431Z,26.6,90.9
20260812T224446Z,26.6,90.9
20260812T224501Z,26.6,90.9
20260812T224516Z,26.6,90.9
20260812T224531Z,26.7,90.9
20260812T224546Z,26.7,91.0
20260812T224601Z,26.7,91.0
20260812T224616Z,26.7,91.0
20260812T224631Z,26.7,91.0
20260812T224646Z,26.7,90.9
20260812T224701Z,26.7,90.4
20260812T224716Z,26.7,89.4
20260812T224731Z,26.7,88.2
20260812T224746Z,26.7,87.9
20260812T224801Z,26.7,87.5
20260812T224816Z,26.6,86.5
20260812T224831Z,26.6,86.2
20260812T224846Z,26.5,85.1
20260812T224901Z,26.5,84.3
20260812T224916Z,26.5,84.0
20260812T224931Z,26.4,83.8
20260812T224946Z,26.4,83.0
20260812T225001Z,26.3,82.5
20260812T225016Z,26.3,82.2
20260812T225031Z,26.2,81.5
20260812T225046Z,26.1,81.0
20260812T225101Z,26.1,80.4
20260812T225116Z,26.0,80.0
20260812T225131Z,26.0,79.7
20260812T225146Z,25.9,80.5
20260812T225201Z,25.9,81.1
20260812T225216Z,25.9,81.8
20260812T225231Z,25.8,82.2
20260812T225246Z,25.8,82.5
20260812T225301Z,25.8,83.0
20260812T225316Z,25.8,83.3
20260812T225331Z,25.8,83.7
20260812T225346Z,25.8,83.9
20260812T225401Z,25.8,84.2
20260812T225416Z,25.8,84.5
20260812T225431Z,25.8,85.0
20260812T225446Z,25.8,85.1
20260812T225501Z,25.8,85.2
20260812T225516Z,25.8,85.4
20260812T225531Z,25.8,85.5
20260812T225546Z,25.8,85.8
20260812T225601Z,25.8,85.9
20260812T225616Z,25.9,86.0
20260812T225631Z,25.9,86.3
20260812T225646Z,25.9,86.5
20260812T225701Z,25.9,86.5
20260812T225716Z,25.9,86.5
20260812T225731Z,26.0,86.8
20260812T225746Z,26.0,87.0
20260812T225801Z,26.0,87.2
20260812T225816Z,26.0,87.3
20260812T225831Z,26.0,87.5
20260812T225846Z,26.0,87.6
20260812T225901Z,26.0,87.8
20260812T225916Z,26.0,87.9
20260812T225931Z,26.0,87.9
20260812T225946Z,26.1,88.0
20260812T230001Z,26.1,88.2
20260812T230016Z,26.1,88.3
20260812T230031Z,26.1,88.4
20260812T230046Z,26.1,88.6
20260812T230101Z,26.1,88.7
20260812T230116Z,26.2,88.8
20260812T230131Z,26.2,88.9
20260812T230146Z,26.2,88.9
20260812T230201Z,26.2,89.0
20260812T230216Z,26.2,89.1
20260812T230231Z,26.2,89.3
20260812T230246Z,26.2,89.3
20260812T230301Z,26.2,89.4
20260812T230316Z,26.2,89.5
20260812T230331Z,26.2,89.6
20260812T230346Z,26.3,89.7
20260812T230401Z,26.3,89.7
20260812T230416Z,26.3,89.8
20260812T230431Z,26.3,89.8
20260812T230446Z,26.3,89.9
20260812T230501Z,26.3,90.0
20260812T230516Z,26.3,90.1
20260812T230531Z,26.3,90.1
20260812T230546Z,26.3,90.1
20260812T230601Z,26.3,90.2
20260812T230616Z,26.4,90.3
20260812T230631Z,26.4,90.3
20260812T230646Z,26.4,90.3
20260812T230701Z,26.4,90.3
20260812T230716Z,26.4,90.4
20260812T230731Z,26.4,90.4
20260812T230746Z,26.4,90.4
20260812T230801Z,26.4,90.4
20260812T230816Z,26.4,90.4
20260812T230831Z,26.5,90.5
20260812T230846Z,26.5,90.5
20260812T230901Z,26.5,90.6
20260812T230916Z,26.5,90.5
20260812T230931Z,26.5,90.6
20260812T230946Z,26.5,90.6
20260812T231001Z,26.5,90.6
20260812T231016Z,26.5,90.7
20260812T231031Z,26.5,90.6
20260812T231046Z,26.6,90.6
20260812T231101Z,26.6,90.7
20260812T231116Z,26.6,90.6
20260812T231131Z,26.6,90.6
20260812T231146Z,26.6,90.7
20260812T231201Z,26.6,90.7
20260812T231216Z,26.6,90.7
20260812T231231Z,26.6,90.7
20260812T231246Z,26.6,90.7
20260812T231301Z,26.6,90.7
20260812T231316Z,26.6,90.7
20260812T231331Z,26.6,90.9
20260812T231346Z,26.6,90.8
20260812T231401Z,26.7,90.8
20260812T231416Z,26.7,90.8
20260812T231431Z,26.7,90.8
20260812T231446Z,26.7,90.8
20260812T231501Z,26.7,90.0
20260812T231516Z,26.7,89.9
20260812T231531Z,26.7,88.3
20260812T231546Z,26.7,88.0
20260812T231601Z,26.6,87.7
20260812T231616Z,26.6,86.7
20260812T231631Z,26.6,86.4
20260812T231646Z,26.6,85.9
20260812T231701Z,26.5,85.4
20260812T231716Z,26.5,84.7
20260812T231731Z,26.5,84.3
20260812T231746Z,26.4,83.7
20260812T231801Z,26.4,83.4
20260812T231816Z,26.4,82.1
20260812T231831Z,26.3,81.3
20260812T231846Z,26.3,81.0
20260812T231901Z,26.2,79.8
20260812T231916Z,26.1,79.7
20260812T231931Z,26.1,78.6
20260812T231946Z,26.0,78.2
20260812T232001Z,26.0,77.0
20260812T232016Z,25.9,76.5
20260812T232031Z,25.9,77.3
20260812T232046Z,25.9,78.3
20260812T232101Z,25.8,78.9
20260812T232116Z,25.8,80.3
20260812T232131Z,25.8,81.0
20260812T232146Z,25.8,81.6
20260812T232201Z,25.8,81.7
20260812T232216Z,25.8,81.9
20260812T232231Z,25.8,82.0
20260812T232246Z,25.8,82.1
20260812T232301Z,25.8,82.2
20260812T232316Z,25.8,82.7
20260812T232331Z,25.8,82.9
20260812T232346Z,25.8,83.4
20260812T232401Z,25.8,83.4
20260812T232416Z,25.8,83.7
20260812T232431Z,25.8,83.8
20260812T232446Z,25.8,84.0
20260812T232501Z,25.9,84.2
20260812T232516Z,25.9,84.4
20260812T232531Z,25.9,84.6
20260812T232546Z,25.9,84.8
20260812T232601Z,25.9,84.9
20260812T232616Z,25.9,85.1
20260812T232631Z,25.9,85.4
20260812T232646Z,25.9,85.5
20260812T232701Z,25.9,85.6
20260812T232716Z,26.0,85.8
20260812T232731Z,26.0,86.0
20260812T232746Z,26.0,86.2
20260812T232801Z,26.0,86.3
20260812T232816Z,26.0,86.5
20260812T232831Z,26.0,86.7
20260812T232846Z,26.0,86.7
20260812T232901Z,26.1,87.1
20260812T232916Z,26.1,87.2
20260812T232931Z,26.1,87.4
20260812T232946Z,26.1,87.3
20260812T233001Z,26.1,87.5
20260812T233016Z,26.1,87.7
20260812T233031Z,26.1,87.8
20260812T233046Z,26.1,87.9
20260812T233101Z,26.1,88.0
20260812T233116Z,26.2,88.3
20260812T233131Z,26.1,88.4
20260812T233146Z,26.2,88.5
20260812T233201Z,26.2,88.7
20260812T233216Z,26.2,88.6
20260812T233231Z,26.2,88.8
20260812T233246Z,26.2,88.9
20260812T233301Z,26.2,89.0
20260812T233316Z,26.2,89.1
20260812T233331Z,26.2,89.3
20260812T233346Z,26.3,89.4
20260812T233401Z,26.3,89.3
20260812T233416Z,26.3,89.5
20260812T233431Z,26.3,89.6
20260812T233446Z,26.3,89.6
20260812T233501Z,26.3,89.8
20260812T233516Z,26.3,89.8
20260812T233531Z,26.3,89.9
20260812T233546Z,26.3,90.0
20260812T233601Z,26.3,90.0
20260812T233616Z,26.3,90.0
20260812T233631Z,26.4,90.1
20260812T233646Z,26.4,90.1
20260812T233701Z,26.4,90.2
20260812T233716Z,26.4,90.3
20260812T233731Z,26.4,90.4
20260812T233746Z,26.4,90.4
20260812T233801Z,26.4,90.4
20260812T233816Z,26.4,90.5
20260812T233831Z,26.4,90.4
20260812T233846Z,26.4,90.5
20260812T233901Z,26.4,90.5
20260812T233916Z,26.5,90.6
20260812T233931Z,26.5,90.6
20260812T233946Z,26.5,90.6
20260812T234001Z,26.5,90.7
20260812T234016Z,26.5,90.6
20260812T234031Z,26.5,90.6
20260812T234046Z,26.5,90.7
20260812T234101Z,26.5,90.7
20260812T234116Z,26.6,90.7
20260812T234131Z,26.6,90.8
20260812T234146Z,26.6,90.7
20260812T234201Z,26.6,90.7
20260812T234216Z,26.6,90.7
20260812T234231Z,26.6,90.7
20260812T234246Z,26.6,90.7
20260812T234301Z,26.6,90.7
20260812T234316Z,26.6,90.8
20260812T234331Z,26.7,90.7
20260812T234346Z,26.6,90.7
20260812T234401Z,26.7,90.7
20260812T234416Z,26.7,90.7
20260812T234431Z,26.7,90.7
20260812T234446Z,26.7,90.3
20260812T234501Z,26.7,90.1
20260812T234516Z,26.7,88.4
20260812T234531Z,26.7,87.6
20260812T234546Z,26.6,86.9
20260812T234601Z,26.6,86.2
20260812T234616Z,26.5,85.7
20260812T234631Z,26.5,85.1
20260812T234646Z,26.4,84.5
20260812T234701Z,26.3,83.9
20260812T234716Z,26.3,83.3
20260812T234731Z,26.2,83.2
20260812T234746Z,26.2,82.7
20260812T234801Z,26.1,82.6
20260812T234816Z,26.1,82.3
20260812T234831Z,26.0,81.1
20260812T234846Z,26.0,80.3
20260812T234901Z,25.9,80.1
20260812T234916Z,25.9,79.5
20260812T234931Z,25.8,79.3
20260812T234946Z,25.8,80.0
20260812T235001Z,25.7,80.6
20260812T235016Z,25.7,81.4
20260812T235031Z,25.7,82.4
20260812T235046Z,25.7,82.7
20260812T235101Z,25.7,83.0
20260812T235116Z,25.7,83.3
20260812T235131Z,25.7,83.5
20260812T235146Z,25.7,83.9
20260812T235201Z,25.7,84.1
20260812T235216Z,25.7,84.4
20260812T235231Z,25.7,84.5
20260812T235246Z,25.7,84.7
20260812T235301Z,25.7,84.9
20260812T235316Z,25.8,85.1
20260812T235331Z,25.8,85.5
20260812T235346Z,25.8,85.5
20260812T235401Z,25.8,85.7
20260812T235416Z,25.8,86.1
20260812T235431Z,25.8,86.1
20260812T235446Z,25.9,86.2
20260812T235501Z,25.9,86.3
20260812T235516Z,25.9,86.5
20260812T235531Z,25.9,86.6
20260812T235546Z,25.9,86.8
20260812T235601Z,26.0,86.9
20260812T235616Z,26.0,87.1
20260812T235631Z,26.0,87.2
20260812T235646Z,26.0,87.4
20260812T235701Z,26.0,87.5
20260812T235716Z,26.0,87.7
20260812T235731Z,26.0,87.9
20260812T235746Z,26.1,87.9
20260812T235801Z,26.1,88.1
20260812T235816Z,26.1,88.2
20260812T235831Z,26.1,88.4
20260812T235846Z,26.1,88.6
20260812T235901Z,26.1,88.7
20260812T235916Z,26.1,88.7
20260812T235931Z,26.2,88.8
20260812T235946Z,26.2,89.0