Time,Temperature,Humidity
20260703T000013Z,25.1,91.6
20260703T000027Z,25.2,91.9
20260703T000042Z,25.2,92.0
20260703T000058Z,25.2,92.1
20260703T000112Z,25.2,92.2
20260703T000128Z,25.2,92.4
20260703T000142Z,25.2,92.5
20260703T000158Z,25.2,92.6
20260703T000212Z,25.2,92.6
20260703T000228Z,25.3,92.8
20260703T000242Z,25.3,92.9
20260703T000258Z,25.3,93.0
20260703T000312Z,25.3,93.1
20260703T000328Z,25.3,93.1
20260703T000342Z,25.3,93.2
20260703T000357Z,25.3,93.3
20260703T000413Z,25.4,93.5
20260703T000427Z,25.4,93.6
20260703T000443Z,25.4,93.6
20260703T000457Z,25.4,93.7
20260703T000513Z,25.4,93.8
20260703T000527Z,25.4,93.8
20260703T000542Z,25.4,94.0
20260703T000558Z,25.4,94.0
20260703T000612Z,25.5,94.1
20260703T000628Z,25.5,94.2
20260703T000643Z,25.5,94.2
20260703T000657Z,25.5,94.4
20260703T000713Z,25.5,94.4
20260703T000727Z,25.5,94.4
20260703T000743Z,25.5,94.5
20260703T000757Z,25.5,94.6
20260703T000813Z,25.5,94.6
20260703T000827Z,25.5,94.5
20260703T000843Z,25.6,94.0
20260703T000857Z,25.5,92.6
20260703T000913Z,25.5,92.0
20260703T000927Z,25.5,91.4
20260703T000942Z,25.5,90.0
20260703T000958Z,25.4,88.7
20260703T001012Z,25.4,88.0
20260703T001028Z,25.3,87.6
20260703T001042Z,25.2,86.8
20260703T001058Z,25.2,85.7
20260703T001112Z,25.1,84.2
20260703T001128Z,25.1,83.6
20260703T001142Z,25.0,82.5
20260703T001158Z,24.9,81.8
20260703T001212Z,24.9,81.0
20260703T001227Z,24.8,80.4
20260703T001242Z,24.7,79.1
20260703T001257Z,24.6,78.6
20260703T001312Z,24.5,79.4
20260703T001327Z,24.5,80.9
20260703T001342Z,24.5,82.2
20260703T001358Z,24.5,83.7
20260703T001412Z,24.5,84.5
20260703T001428Z,24.5,85.0
20260703T001442Z,24.5,85.4
20260703T001458Z,24.5,85.7
20260703T001512Z,24.5,85.9
20260703T001527Z,24.5,86.2
20260703T001543Z,24.5,86.6
20260703T001557Z,24.5,86.7
20260703T001612Z,24.5,87.1
20260703T001627Z,24.6,87.4
20260703T001642Z,24.6,87.5
20260703T001658Z,24.6,87.6
20260703T001712Z,24.7,88.0
20260703T001728Z,24.7,88.2
20260703T001742Z,24.7,88.5
20260703T001758Z,24.7,88.6
20260703T001813Z,24.8,89.0
20260703T001827Z,24.8,89.1
20260703T001843Z,24.8,89.2
20260703T001858Z,24.9,89.4
20260703T001912Z,24.9,89.6
20260703T001927Z,24.9,89.9
20260703T001942Z,24.9,90.2
20260703T001958Z,25.0,90.3
20260703T002012Z,25.0,90.4
20260703T002028Z,25.0,90.6
20260703T002042Z,25.0,90.8
20260703T002058Z,25.0,90.8
20260703T002112Z,25.0,91.1
20260703T002128Z,25.1,91.2
20260703T002142Z,25.1,91.5
20260703T002158Z,25.1,91.6
20260703T002212Z,25.1,91.7
20260703T002228Z,25.1,91.8
20260703T002242Z,25.2,91.9
20260703T002258Z,25.2,92.1
20260703T002312Z,25.2,92.2
20260703T002328Z,25.2,92.3
20260703T002342Z,25.2,92.4
20260703T002358Z,25.2,92.5
20260703T002412Z,25.3,92.7
20260703T002428Z,25.3,92.8
20260703T002442Z,25.3,93.0
20260703T002458Z,25.3,93.0
20260703T002513Z,25.3,93.2
20260703T002527Z,25.3,93.2
20260703T002542Z,25.3,93.4
20260703T002557Z,25.3,93.4
20260703T002613Z,25.4,93.5
20260703T002627Z,25.4,93.7
20260703T002643Z,25.4,93.7
20260703T002657Z,25.4,93.7
20260703T002713Z,25.4,93.8
20260703T002727Z,25.4,93.9
20260703T002743Z,25.4,94.0
20260703T002757Z,25.4,94.0
20260703T002813Z,25.4,94.2
20260703T002827Z,25.5,94.2
20260703T002843Z,25.5,94.2
20260703T002858Z,25.5,94.3
20260703T002912Z,25.5,94.3
20260703T002928Z,25.5,94.5
20260703T002942Z,25.5,94.4
20260703T002958Z,25.5,94.5
20260703T003012Z,25.5,94.5
20260703T003028Z,25.5,94.0
20260703T003043Z,25.5,92.7
20260703T003058Z,25.5,91.9
20260703T003112Z,25.5,91.0
20260703T003128Z,25.5,90.0
20260703T003143Z,25.4,89.2
20260703T003158Z,25.4,88.0
20260703T003213Z,25.3,87.0
20260703T003228Z,25.3,86.3
20260703T003242Z,25.2,85.1
20260703T003258Z,25.1,84.3
20260703T003312Z,25.0,83.6
20260703T003328Z,24.9,82.5
20260703T003342Z,24.9,81.7
20260703T003358Z,24.8,80.8
20260703T003412Z,24.7,79.8
20260703T003428Z,24.6,79.2
20260703T003442Z,24.5,78.5
20260703T003458Z,24.4,79.1
20260703T003512Z,24.3,80.9
20260703T003528Z,24.3,82.7
20260703T003542Z,24.3,84.0
20260703T003558Z,24.4,84.7
20260703T003612Z,24.4,85.3
20260703T003628Z,24.4,85.5
20260703T003642Z,24.4,85.7
20260703T003658Z,24.4,85.8
20260703T003712Z,24.5,86.3
20260703T003728Z,24.5,86.5
20260703T003743Z,24.5,86.9
20260703T003757Z,24.5,87.2
20260703T003812Z,24.6,87.4
20260703T003828Z,24.6,87.7
20260703T003843Z,24.6,87.8
20260703T003858Z,24.7,88.1
20260703T003913Z,24.7,88.2
20260703T003928Z,24.7,88.4
20260703T003943Z,24.8,88.7
20260703T003957Z,24.8,88.8
20260703T004013Z,24.8,89.0
20260703T004027Z,24.8,89.2
20260703T004044Z,24.9,89.4
20260703T004058Z,24.9,89.5
20260703T004113Z,24.9,89.6
20260703T004127Z,24.9,89.8
20260703T004143Z,25.0,90.1
20260703T004158Z,25.0,90.3
20260703T004212Z,25.0,90.4
20260703T004228Z,25.0,90.6
20260703T004242Z,25.0,90.8
20260703T004258Z,25.1,91.0
20260703T004312Z,25.1,91.0
20260703T004328Z,25.1,91.3
20260703T004343Z,25.1,91.5
20260703T004358Z,25.1,91.6
20260703T004413Z,25.1,91.8
20260703T004428Z,25.1,92.0
20260703T004443Z,25.2,92.1
20260703T004458Z,25.2,92.1
20260703T004513Z,25.2,92.4
20260703T004528Z,25.2,92.4
20260703T004543Z,25.2,92.5
20260703T004558Z,25.2,92.6
20260703T004613Z,25.2,92.8
20260703T004628Z,25.2,92.9
20260703T004643Z,25.3,93.0
20260703T004658Z,25.3,93.1
20260703T004713Z,25.3,93.3
20260703T004728Z,25.3,93.4
20260703T004743Z,25.3,93.4
20260703T004758Z,25.3,93.6
20260703T004813Z,25.4,93.7
20260703T004828Z,25.4,93.7
20260703T004843Z,25.4,93.8
20260703T004858Z,25.4,93.9
20260703T004913Z,25.4,93.9
20260703T004928Z,25.4,94.0
20260703T004943Z,25.4,94.1
20260703T004958Z,25.5,94.1
20260703T005013Z,25.5,94.1
20260703T005028Z,25.5,94.2
20260703T005043Z,25.5,94.3
20260703T005058Z,25.5,94.3
20260703T005113Z,25.5,94.5
20260703T005128Z,25.5,94.5
20260703T005143Z,25.5,94.5
20260703T005158Z,25.5,94.5
20260703T005213Z,25.5,93.8
20260703T005228Z,25.6,93.2
20260703T005243Z,25.5,92.1
20260703T005258Z,25.5,91.6
20260703T005313Z,25.5,90.7
20260703T005328Z,25.5,89.4
20260703T005343Z,25.4,88.4
20260703T005358Z,25.4,87.2
20260703T005413Z,25.3,86.0
20260703T005428Z,25.3,85.6
20260703T005443Z,25.2,84.4
20260703T005458Z,25.2,83.3
20260703T005513Z,25.1,82.3
20260703T005528Z,25.0,81.6
20260703T005543Z,24.9,80.8
20260703T005558Z,24.8,79.8
20260703T005613Z,24.8,79.1
20260703T005628Z,24.7,78.7
20260703T005643Z,24.6,78.1
20260703T005658Z,24.6,79.0
20260703T005713Z,24.5,80.7
20260703T005728Z,24.5,82.2
20260703T005743Z,24.5,83.6
20260703T005758Z,24.5,84.1
20260703T005813Z,24.5,84.7
20260703T005828Z,24.5,84.8
20260703T005843Z,24.5,85.4
20260703T005858Z,24.5,85.5
20260703T005913Z,24.5,86.0
20260703T005928Z,24.6,86.5
20260703T005943Z,24.6,86.5
20260703T005958Z,24.6,86.8
20260703T010013Z,24.6,87.0
20260703T010028Z,24.6,87.4
20260703T010043Z,24.7,87.6
20260703T010058Z,24.7,88.0
20260703T010113Z,24.7,88.3
20260703T010128Z,24.7,88.3
20260703T010143Z,24.8,88.6
20260703T010158Z,24.8,88.9
20260703T010213Z,24.8,89.0
20260703T010228Z,24.8,89.2
20260703T010243Z,24.9,89.6
20260703T010258Z,24.9,89.8
20260703T010313Z,24.9,90.0
20260703T010328Z,24.9,90.1
20260703T010343Z,24.9,90.3
20260703T010358Z,25.0,90.6
20260703T010413Z,25.0,90.7
20260703T010428Z,25.0,90.9
20260703T010443Z,25.0,91.1
20260703T010458Z,25.1,91.1
20260703T010513Z,25.1,91.2
20260703T010528Z,25.1,91.3
20260703T010543Z,25.1,91.6
20260703T010558Z,25.1,91.9
20260703T010613Z,25.2,91.9
20260703T010628Z,25.2,92.3
20260703T010643Z,25.2,92.2
20260703T010658Z,25.2,92.5
20260703T010713Z,25.3,92.7
20260703T010728Z,25.3,92.8
20260703T010743Z,25.3,93.1
20260703T010758Z,25.4,93.0
20260703T010813Z,25.4,93.1
20260703T010828Z,25.4,93.2
20260703T010843Z,25.4,93.3
20260703T010858Z,25.4,93.5
20260703T010913Z,25.4,93.6
20260703T010928Z,25.4,93.8
20260703T010943Z,25.4,93.3
20260703T010958Z,25.4,92.2
20260703T011013Z,25.4,91.3
20260703T011028Z,25.4,90.2
20260703T011043Z,25.4,90.0
20260703T011058Z,25.3,88.4
20260703T011113Z,25.3,87.7
20260703T011128Z,25.3,87.3
20260703T011143Z,25.2,86.3
20260703T011158Z,25.2,85.5
20260703T011213Z,25.1,84.5
20260703T011228Z,25.1,83.5
20260703T011243Z,25.0,83.2
20260703T011258Z,25.0,81.8
20260703T011313Z,24.9,81.0
20260703T011328Z,24.8,81.6
20260703T011344Z,24.8,80.3
20260703T011358Z,24.7,80.4
20260703T011413Z,24.7,79.7
20260703T011428Z,24.7,78.9
20260703T011443Z,24.6,78.4
20260703T011458Z,24.6,76.7
20260703T011513Z,24.5,76.8
20260703T011528Z,24.5,78.4
20260703T011543Z,24.5,80.1
20260703T011558Z,24.5,81.7
20260703T011613Z,24.5,82.6
20260703T011628Z,24.5,83.7
20260703T011643Z,24.6,84.4
20260703T011658Z,24.6,84.6
20260703T011713Z,24.6,84.8
20260703T011728Z,24.7,85.1
20260703T011743Z,24.7,86.0
20260703T011758Z,24.7,86.4
20260703T011813Z,24.7,87.0
20260703T011828Z,24.8,87.4
20260703T011843Z,24.8,87.5
20260703T011858Z,24.8,87.4
20260703T011913Z,24.9,88.0
20260703T011928Z,24.9,87.9
20260703T011943Z,25.0,88.4
20260703T011958Z,25.0,89.0
20260703T012013Z,25.1,89.3
20260703T012028Z,25.1,89.9
20260703T012043Z,25.1,90.1
20260703T012058Z,25.2,90.0
20260703T012113Z,25.2,90.2
20260703T012128Z,25.2,90.5
20260703T012143Z,25.3,90.5
20260703T012158Z,25.3,90.7
20260703T012213Z,25.3,90.7
20260703T012228Z,25.3,90.9
20260703T012243Z,25.3,91.0
20260703T012258Z,25.4,91.3
20260703T012313Z,25.4,91.4
20260703T012328Z,25.4,91.5
20260703T012343Z,25.4,91.6
20260703T012358Z,25.4,91.8
20260703T012413Z,25.4,92.0
20260703T012428Z,25.4,92.0
20260703T012443Z,25.5,92.2
20260703T012458Z,25.5,92.5
20260703T012513Z,25.5,92.6
20260703T012528Z,25.5,92.7
20260703T012543Z,25.5,92.8
20260703T012558Z,25.5,93.0
20260703T012613Z,25.5,93.1
20260703T012628Z,25.5,93.2
20260703T012643Z,25.5,93.4
20260703T012658Z,25.5,93.5
20260703T012713Z,25.5,93.6
20260703T012728Z,25.5,93.8
20260703T012743Z,25.5,93.8
20260703T012758Z,25.6,93.9
20260703T012813Z,25.6,93.9
20260703T012828Z,25.6,94.0
20260703T012843Z,25.6,94.1
20260703T012858Z,25.6,94.2
20260703T012913Z,25.6,94.3
20260703T012928Z,25.6,94.4
20260703T012943Z,25.6,94.5
20260703T012958Z,25.7,94.4
20260703T013013Z,25.7,94.6
20260703T013028Z,25.7,94.7
20260703T013043Z,25.7,94.8
20260703T013058Z,25.7,94.8
20260703T013113Z,25.7,94.8
20260703T013128Z,25.7,94.9
20260703T013143Z,25.7,94.8
20260703T013158Z,25.7,95.0
20260703T013213Z,25.7,95.0
20260703T013228Z,25.8,95.1
20260703T013243Z,25.8,95.1
20260703T013258Z,25.8,95.1
20260703T013313Z,25.8,95.2
20260703T013328Z,25.8,95.2
20260703T013344Z,25.8,95.3
20260703T013358Z,25.8,95.3
20260703T013413Z,25.8,95.4
20260703T013428Z,25.8,95.3
20260703T013443Z,25.8,95.5
20260703T013458Z,25.8,95.5
20260703T013513Z,25.8,95.5
20260703T013528Z,25.9,95.6
20260703T013543Z,25.9,95.6
20260703T013558Z,25.9,95.6
20260703T013613Z,25.9,95.7
20260703T013628Z,25.9,95.7
20260703T013643Z,25.9,95.8
20260703T013658Z,25.9,95.7
20260703T013713Z,25.9,95.8
20260703T013728Z,25.9,95.8
20260703T013743Z,25.9,95.8
20260703T013758Z,26.0,95.9
20260703T013813Z,26.0,95.9
20260703T013828Z,26.0,96.0
20260703T013843Z,26.0,95.9
20260703T013858Z,26.0,96.0
20260703T013913Z,26.0,96.0
20260703T013928Z,26.0,95.9
20260703T013943Z,26.0,96.0
20260703T013958Z,26.0,96.0
20260703T014013Z,26.0,96.2
20260703T014028Z,26.0,96.1
20260703T014043Z,26.1,96.1
20260703T014058Z,26.1,96.1
20260703T014113Z,26.1,96.1
20260703T014128Z,26.1,96.2
20260703T014143Z,26.1,96.2
20260703T014158Z,26.1,96.2
20260703T014213Z,26.1,96.2
20260703T014228Z,26.1,96.2
20260703T014243Z,26.1,96.1
20260703T014258Z,26.1,96.1
20260703T014313Z,26.1,96.1
20260703T014328Z,26.1,96.3
20260703T014343Z,26.2,96.2
20260703T014358Z,26.2,96.2
20260703T014413Z,26.2,96.2
20260703T014428Z,26.2,96.2
20260703T014443Z,26.2,96.2
20260703T014458Z,26.2,96.3
20260703T014513Z,26.2,96.2
20260703T014528Z,26.2,96.3
20260703T014543Z,26.2,96.3
20260703T014558Z,26.3,96.2
20260703T014613Z,26.3,96.3
20260703T014628Z,26.3,96.2
20260703T014643Z,26.3,96.2
20260703T014658Z,26.3,96.2
20260703T014713Z,26.3,96.2
20260703T014728Z,26.3,96.2
20260703T014743Z,26.3,96.1
20260703T014758Z,26.3,96.1
20260703T014813Z,26.3,96.2
20260703T014828Z,26.3,96.1
20260703T014843Z,26.3,96.1
20260703T014858Z,26.3,96.1
20260703T014913Z,26.4,96.1
20260703T014928Z,26.4,96.1
20260703T014943Z,26.4,96.1
20260703T014958Z,26.4,96.2
20260703T015013Z,26.4,96.1
20260703T015028Z,26.4,96.2
20260703T015043Z,26.4,96.0
20260703T015058Z,26.4,96.1
20260703T015113Z,26.4,96.1
20260703T015128Z,26.4,96.1
20260703T015143Z,26.4,96.1
20260703T015158Z,26.4,96.1
20260703T015213Z,26.4,96.1
20260703T015228Z,26.4,96.1
20260703T015243Z,26.4,96.1
20260703T015258Z,26.4,96.0
20260703T015313Z,26.4,96.1
20260703T015328Z,26.5,96.1
20260703T015343Z,26.5,96.1
20260703T015358Z,26.5,96.1
20260703T015413Z,26.5,96.1
20260703T015428Z,26.5,96.1
20260703T015443Z,26.5,96.1
20260703T015458Z,26.5,96.0
20260703T015513Z,26.5,96.0
20260703T015528Z,26.5,96.0
20260703T015543Z,26.5,96.0
20260703T015558Z,26.5,96.1
20260703T015613Z,26.5,96.0
20260703T015628Z,26.5,96.0
20260703T015643Z,26.5,95.3
20260703T015658Z,26.5,94.8
20260703T015713Z,26.5,93.2
20260703T015728Z,26.4,92.9
20260703T015743Z,26.4,92.1
20260703T015758Z,26.3,91.1
20260703T015813Z,26.3,90.6
20260703T015828Z,26.2,90.4
20260703T015843Z,26.1,89.2
20260703T015858Z,26.0,88.5
20260703T015913Z,25.9,87.8
20260703T015928Z,25.9,87.7
20260703T015943Z,25.8,86.9
20260703T015958Z,25.8,85.9
20260703T020013Z,25.7,85.2
20260703T020028Z,25.7,83.8
20260703T020043Z,25.6,83.2
20260703T020058Z,25.6,82.9
20260703T020113Z,25.5,84.0
20260703T020128Z,25.5,85.7
20260703T020143Z,25.4,87.0
20260703T020158Z,25.4,87.7
20260703T020213Z,25.4,88.1
20260703T020228Z,25.3,88.5
20260703T020243Z,25.3,88.7
20260703T020258Z,25.3,89.2
20260703T020313Z,25.3,89.4
20260703T020328Z,25.3,89.7
20260703T020343Z,25.3,89.8
20260703T020358Z,25.4,90.2
20260703T020413Z,25.4,90.4
20260703T020428Z,25.4,90.8
20260703T020443Z,25.4,90.9
20260703T020458Z,25.4,91.1
20260703T020513Z,25.5,91.2
20260703T020528Z,25.5,91.6
20260703T020544Z,25.5,91.8
20260703T020558Z,25.5,92.0
20260703T020613Z,25.6,92.1
20260703T020628Z,25.6,92.3
20260703T020643Z,25.6,92.5
20260703T020658Z,25.6,92.7
20260703T020713Z,25.6,92.8
20260703T020728Z,25.7,92.8
20260703T020743Z,25.7,93.1
20260703T020758Z,25.7,93.2
20260703T020813Z,25.7,93.3
20260703T020828Z,25.7,93.4
20260703T020843Z,25.8,93.5
20260703T020858Z,25.8,93.6
20260703T020913Z,25.8,93.7
20260703T020928Z,25.8,93.9
20260703T020943Z,25.8,94.0
20260703T020958Z,25.8,94.1
20260703T021013Z,25.8,94.1
20260703T021028Z,25.9,94.4
20260703T021043Z,25.9,94.4
20260703T021058Z,25.9,94.5
20260703T021113Z,25.9,94.6
20260703T021128Z,25.9,94.7
20260703T021143Z,25.9,94.8
20260703T021158Z,26.0,94.8
20260703T021213Z,25.9,94.9
20260703T021228Z,26.0,95.0
20260703T021243Z,26.0,95.1
20260703T021258Z,26.0,95.2
20260703T021313Z,26.0,95.2
20260703T021328Z,26.0,95.2
20260703T021343Z,26.0,95.3
20260703T021358Z,26.0,95.4
20260703T021413Z,26.0,95.5
20260703T021428Z,26.0,95.5
20260703T021443Z,26.0,95.7
20260703T021458Z,26.1,95.7
20260703T021513Z,26.1,95.7
20260703T021528Z,26.1,95.7
20260703T021543Z,26.1,95.8
20260703T021558Z,26.1,95.8
20260703T021613Z,26.1,95.9
20260703T021628Z,26.1,95.9
20260703T021643Z,26.2,95.9
20260703T021658Z,26.2,96.0
20260703T021713Z,26.2,96.0
20260703T021728Z,26.2,96.1
20260703T021743Z,26.2,96.1
20260703T021758Z,26.2,96.1
20260703T021813Z,26.2,96.1
20260703T021828Z,26.2,96.1
20260703T021843Z,26.2,96.1
20260703T021858Z,26.3,96.1
20260703T021913Z,26.3,96.1
20260703T021928Z,26.3,96.1
20260703T021943Z,26.3,96.1
20260703T021958Z,26.3,96.1
20260703T022013Z,26.3,96.1
20260703T022028Z,26.3,96.2
20260703T022043Z,26.3,96.2
20260703T022058Z,26.3,96.1
20260703T022113Z,26.4,96.2
20260703T022128Z,26.4,96.1
20260703T022143Z,26.4,96.1
20260703T022158Z,26.4,96.2
20260703T022213Z,26.4,96.2
20260703T022228Z,26.4,96.2
20260703T022243Z,26.4,96.2
20260703T022258Z,26.4,96.2
20260703T022313Z,26.4,96.2
20260703T022328Z,26.4,96.1
20260703T022343Z,26.4,96.2
20260703T022358Z,26.5,96.1
20260703T022413Z,26.5,96.1
20260703T022428Z,26.5,96.1
20260703T022443Z,26.5,96.1
20260703T022458Z,26.5,96.1
20260703T022513Z,26.5,96.1
20260703T022528Z,26.5,96.1
20260703T022543Z,26.5,96.1
20260703T022558Z,26.5,96.0
20260703T022613Z,26.5,95.9
20260703T022628Z,26.5,95.6
20260703T022643Z,26.5,93.9
20260703T022658Z,26.5,93.1
20260703T022713Z,26.4,92.6
20260703T022728Z,26.4,91.9
20260703T022743Z,26.3,90.9
20260703T022758Z,26.3,90.1
20260703T022813Z,26.2,89.4
20260703T022828Z,26.1,89.5
20260703T022843Z,26.1,88.7
20260703T022858Z,26.0,88.1
20260703T022913Z,26.0,87.6
20260703T022928Z,25.9,86.3
20260703T022943Z,25.9,85.8
20260703T022958Z,25.8,84.7
20260703T023013Z,25.8,83.0
20260703T023028Z,25.7,82.5
20260703T023043Z,25.7,81.6
20260703T023058Z,25.6,81.9
20260703T023113Z,25.6,83.2
20260703T023128Z,25.5,84.7
20260703T023143Z,25.5,86.0
20260703T023158Z,25.5,86.4
20260703T023213Z,25.4,86.9
20260703T023228Z,25.4,87.2
20260703T023243Z,25.4,87.7
20260703T023258Z,25.4,87.9
20260703T023313Z,25.4,88.3
20260703T023328Z,25.4,88.9
20260703T023343Z,25.4,89.0
20260703T023358Z,25.4,89.2
20260703T023413Z,25.4,89.5
20260703T023428Z,25.4,89.9
20260703T023443Z,25.4,90.0
20260703T023458Z,25.5,90.3
20260703T023513Z,25.5,90.5
20260703T023528Z,25.5,90.6
20260703T023543Z,25.5,90.9
20260703T023558Z,25.6,91.2
20260703T023613Z,25.6,91.4
20260703T023628Z,25.6,91.6
20260703T023643Z,25.6,92.0
20260703T023658Z,25.6,92.1
20260703T023713Z,25.7,92.1
20260703T023728Z,25.7,92.3
20260703T023743Z,25.7,92.9
20260703T023758Z,25.8,92.9
20260703T023813Z,25.8,93.1
20260703T023828Z,25.8,93.2
20260703T023843Z,25.8,93.4
20260703T023858Z,25.8,93.5
20260703T023913Z,25.8,93.6
20260703T023928Z,25.8,93.7
20260703T023943Z,25.9,93.8
20260703T023958Z,25.9,94.0
20260703T024013Z,25.9,94.1
20260703T024028Z,25.9,94.1
20260703T024043Z,25.9,94.3
20260703T024058Z,25.9,94.5
20260703T024113Z,25.9,94.6
20260703T024128Z,25.9,94.6
20260703T024143Z,25.9,94.7
20260703T024158Z,25.9,94.8
20260703T024213Z,26.0,94.9
20260703T024228Z,26.0,95.1
20260703T024243Z,26.0,95.1
20260703T024258Z,26.0,95.1
20260703T024313Z,26.0,95.2
20260703T024328Z,26.0,95.3
20260703T024343Z,26.0,95.4
20260703T024358Z,26.0,95.4
20260703T024413Z,26.0,95.6
20260703T024428Z,26.0,95.6
20260703T024443Z,26.1,95.7
20260703T024458Z,26.1,95.7
20260703T024513Z,26.1,95.8
20260703T024528Z,26.1,95.8
20260703T024543Z,26.1,95.9
20260703T024558Z,26.1,95.9
20260703T024613Z,26.1,96.0
20260703T024628Z,26.1,96.0
20260703T024643Z,26.1,96.1
20260703T024658Z,26.1,96.1
20260703T024713Z,26.1,96.2
20260703T024728Z,26.1,96.2
20260703T024743Z,26.1,96.2
20260703T024758Z,26.2,96.2
20260703T024813Z,26.2,96.2
20260703T024828Z,26.2,96.3
20260703T024843Z,26.2,96.3
20260703T024858Z,26.2,96.3
20260703T024913Z,26.2,96.3
20260703T024928Z,26.2,96.4
20260703T024943Z,26.2,96.2
20260703T024958Z,26.2,96.3
20260703T025013Z,26.3,96.4
20260703T025028Z,26.3,96.3
20260703T025043Z,26.3,96.4
20260703T025058Z,26.3,96.4
20260703T025113Z,26.3,96.5
20260703T025128Z,26.3,96.4
20260703T025143Z,26.3,96.4
20260703T025158Z,26.3,96.3
20260703T025213Z,26.3,96.4
20260703T025228Z,26.3,96.3
20260703T025243Z,26.4,96.4
20260703T025258Z,26.4,96.4
20260703T025313Z,26.4,96.3
20260703T025328Z,26.4,96.3
20260703T025343Z,26.4,96.3
20260703T025358Z,26.4,96.3
20260703T025413Z,26.4,96.3
20260703T025428Z,26.4,96.2
20260703T025443Z,26.4,96.2
20260703T025458Z,26.4,95.9
20260703T025513Z,26.5,96.2
20260703T025528Z,26.5,95.7
20260703T025543Z,26.5,94.8
20260703T025558Z,26.5,94.3
20260703T025613Z,26.5,94.4
20260703T025628Z,26.5,94.5
20260703T025643Z,26.5,94.8
20260703T025658Z,26.5,95.2
20260703T025713Z,26.5,95.0
20260703T025728Z,26.5,94.7
20260703T025743Z,26.5,94.5
20260703T025758Z,26.5,94.8
20260703T025813Z,26.5,94.6
20260703T025828Z,26.6,94.9
20260703T025843Z,26.5,95.0
20260703T025858Z,26.6,95.0
20260703T025913Z,26.6,94.6
20260703T025928Z,26.6,94.2
20260703T025944Z,26.6,94.8
20260703T025959Z,26.6,94.4
20260703T030013Z,26.6,94.5
20260703T030028Z,26.6,94.1
20260703T030043Z,26.6,94.4
20260703T030058Z,26.6,94.6
20260703T030113Z,26.6,94.6
20260703T030128Z,26.6,94.1
20260703T030143Z,26.6,93.8
20260703T030158Z,26.6,93.9
20260703T030213Z,26.6,93.7
20260703T030228Z,26.6,94.4
20260703T030243Z,26.5,94.4
20260703T030258Z,26.6,94.3
20260703T030313Z,26.6,93.9
20260703T030328Z,26.6,93.5
20260703T030343Z,26.6,93.5
20260703T030358Z,26.6,94.1
20260703T030413Z,26.6,94.2
20260703T030428Z,26.6,94.2
20260703T030443Z,26.6,93.7
20260703T030458Z,26.6,93.2
20260703T030513Z,26.6,92.9
20260703T030528Z,26.6,93.7
20260703T030543Z,26.6,93.2
20260703T030558Z,26.6,93.1
20260703T030613Z,26.6,92.8
20260703T030628Z,26.6,92.5
20260703T030643Z,26.6,93.0
20260703T030658Z,26.6,93.2
20260703T030713Z,26.6,93.3
20260703T030728Z,26.6,93.3
20260703T030743Z,26.6,93.2
20260703T030758Z,26.6,93.1
20260703T030813Z,26.6,93.2
20260703T030828Z,26.6,93.2
20260703T030843Z,26.7,93.0
20260703T030858Z,26.6,92.8
20260703T030913Z,26.7,92.5
20260703T030928Z,26.6,92.7
20260703T030943Z,26.6,92.8
20260703T030958Z,26.6,92.8
20260703T031013Z,26.6,92.9
20260703T031028Z,26.6,92.6
20260703T031043Z,26.6,92.6
20260703T031058Z,26.6,92.7
20260703T031113Z,26.6,92.2
20260703T031128Z,26.6,90.9
20260703T031143Z,26.6,91.5
20260703T031158Z,26.6,91.8
20260703T031213Z,26.6,91.9
20260703T031228Z,26.6,91.9
20260703T031243Z,26.6,91.8
20260703T031258Z,26.6,91.9
20260703T031313Z,26.6,92.0
20260703T031328Z,26.6,92.2
20260703T031343Z,26.6,92.1
20260703T031358Z,26.6,92.1
20260703T031413Z,26.6,91.6
20260703T031428Z,26.6,91.5
20260703T031443Z,26.6,91.6
20260703T031458Z,26.6,90.7
20260703T031513Z,26.6,90.9
20260703T031528Z,26.6,91.1
20260703T031543Z,26.6,90.9
20260703T031558Z,26.6,91.0
20260703T031613Z,26.6,90.8
20260703T031628Z,26.6,90.9
20260703T031643Z,26.6,90.9
20260703T031658Z,26.6,90.9
20260703T031713Z,26.6,90.8
20260703T031728Z,26.6,90.9
20260703T031743Z,26.6,91.0
20260703T031758Z,26.6,91.1
20260703T031813Z,26.6,90.9
20260703T031828Z,26.6,91.0
20260703T031843Z,26.6,91.1
20260703T031858Z,26.6,91.0
20260703T031913Z,26.6,90.9
20260703T031928Z,26.6,90.8
20260703T031943Z,26.6,90.8
20260703T031958Z,26.6,90.8
20260703T032013Z,26.6,90.9
20260703T032028Z,26.6,90.8
20260703T032043Z,26.6,90.8
20260703T032058Z,26.6,90.6
20260703T032113Z,26.6,90.7
20260703T032128Z,26.6,90.7
20260703T032143Z,26.6,90.6
20260703T032158Z,26.6,90.7
20260703T032213Z,26.6,90.6
20260703T032228Z,26.6,90.3
20260703T032243Z,26.6,90.0
20260703T032258Z,26.6,90.4
20260703T032313Z,26.6,90.5
20260703T032328Z,26.6,90.4
20260703T032343Z,26.6,90.3
20260703T032358Z,26.6,90.2
20260703T032413Z,26.6,90.3
20260703T032428Z,26.6,90.4
20260703T032444Z,26.6,90.0
20260703T032459Z,26.6,90.0
20260703T032513Z,26.6,90.3
20260703T032528Z,26.6,90.5
20260703T032543Z,26.6,90.3
20260703T032558Z,26.6,90.0
20260703T032613Z,26.6,90.1
20260703T032628Z,26.6,90.2
20260703T032643Z,26.6,90.2
20260703T032658Z,26.6,90.3
20260703T032713Z,26.6,90.1
20260703T032728Z,26.6,90.0
20260703T032743Z,26.6,89.3
20260703T032758Z,26.6,89.5
20260703T032813Z,26.6,89.9
20260703T032828Z,26.6,90.0
20260703T032844Z,26.6,89.8
20260703T032858Z,26.6,89.5
20260703T032913Z,26.6,89.7
20260703T032928Z,26.6,89.9
20260703T032943Z,26.6,89.4
20260703T032958Z,26.6,89.4
20260703T033013Z,26.6,89.6
20260703T033028Z,26.6,89.7
20260703T033043Z,26.6,89.7
20260703T033058Z,26.6,89.3
20260703T033113Z,26.6,89.0
20260703T033128Z,26.6,89.5
20260703T033143Z,26.6,89.7
20260703T033158Z,26.6,89.5
20260703T033213Z,26.6,89.1
20260703T033228Z,26.6,89.4
20260703T033244Z,26.6,89.7
20260703T033259Z,26.6,89.6
20260703T033313Z,26.6,89.4
20260703T033328Z,26.6,89.2
20260703T033343Z,26.6,89.1
20260703T033359Z,26.6,89.1
20260703T033413Z,26.6,89.5
20260703T033428Z,26.6,89.3
20260703T033443Z,26.6,89.1
20260703T033459Z,26.6,89.4
20260703T033513Z,26.6,89.6
20260703T033528Z,26.6,89.3
20260703T033543Z,26.6,89.2
20260703T033558Z,26.6,89.3
20260703T033613Z,26.6,89.2
20260703T033628Z,26.6,89.3
20260703T033643Z,26.6,89.5
20260703T033658Z,26.6,89.4
20260703T033713Z,26.6,89.2
20260703T033728Z,26.6,89.3
20260703T033743Z,26.6,89.5
20260703T033758Z,26.6,89.5
20260703T033813Z,26.6,89.4
20260703T033828Z,26.6,88.9
20260703T033843Z,26.6,89.1
20260703T033858Z,26.6,89.2
20260703T033913Z,26.6,88.9
20260703T033928Z,26.6,89.1
20260703T033943Z,26.6,88.4
20260703T033959Z,26.6,88.5
20260703T034013Z,26.6,87.8
20260703T034029Z,26.6,87.9
20260703T034043Z,26.6,88.5
20260703T034059Z,26.6,87.9
20260703T034113Z,26.6,88.2
20260703T034129Z,26.6,88.5
20260703T034143Z,26.6,88.7
20260703T034158Z,26.6,88.4
20260703T034213Z,26.6,87.6
20260703T034228Z,26.6,87.7
20260703T034243Z,26.6,87.9
20260703T034259Z,26.6,87.7
20260703T034314Z,26.6,86.5
20260703T034329Z,26.6,87.0
20260703T034343Z,26.6,86.8
20260703T034359Z,26.6,85.9
20260703T034414Z,26.6,88.0
20260703T034428Z,26.6,88.1
20260703T034444Z,26.6,88.0
20260703T034458Z,26.6,87.1
20260703T034514Z,26.6,88.1
20260703T034528Z,26.6,88.5
20260703T034544Z,26.6,88.1
20260703T034558Z,26.6,88.0
20260703T034614Z,26.6,88.0
20260703T034628Z,26.6,88.4
20260703T034643Z,26.6,88.3
20260703T034659Z,26.6,88.4
20260703T034713Z,26.6,88.3
20260703T034729Z,26.6,88.4
20260703T034743Z,26.6,88.0
20260703T034759Z,26.6,87.5
20260703T034813Z,26.6,87.5
20260703T034829Z,26.6,87.7
20260703T034843Z,26.6,86.8
20260703T034859Z,26.6,86.7
20260703T034913Z,26.6,87.4
20260703T034929Z,26.6,87.8
20260703T034943Z,26.6,86.7
20260703T034959Z,26.6,86.6
20260703T035013Z,26.6,87.3
20260703T035029Z,26.7,87.5
20260703T035043Z,26.7,85.5
20260703T035059Z,26.7,85.7
20260703T035113Z,26.7,87.1
20260703T035129Z,26.7,86.6
20260703T035143Z,26.7,87.8
20260703T035159Z,26.7,87.6
20260703T035213Z,26.7,86.3
20260703T035228Z,26.7,87.1
20260703T035244Z,26.7,88.0
20260703T035258Z,26.7,86.4
20260703T035314Z,26.7,87.1
20260703T035328Z,26.7,87.9
20260703T035344Z,26.7,87.4
20260703T035358Z,26.7,87.5
20260703T035414Z,26.7,87.9
20260703T035428Z,26.7,87.1
20260703T035443Z,26.7,86.6
20260703T035459Z,26.7,87.4
20260703T035513Z,26.7,87.4
20260703T035529Z,26.7,87.8
20260703T035543Z,26.7,87.8
20260703T035559Z,26.7,87.5
20260703T035613Z,26.7,87.4
20260703T035628Z,26.7,87.8
20260703T035644Z,26.7,87.8
20260703T035658Z,26.7,87.6
20260703T035714Z,26.7,87.7
20260703T035728Z,26.7,87.3
20260703T035744Z,26.7,87.4
20260703T035758Z,26.7,87.6
20260703T035814Z,26.7,87.5
20260703T035829Z,26.7,87.3
20260703T035843Z,26.7,87.1
20260703T035858Z,26.7,86.9
20260703T035914Z,26.7,85.6
20260703T035928Z,26.7,86.0
20260703T035944Z,26.7,86.0
20260703T035958Z,26.7,85.7
20260703T040014Z,26.7,86.3
20260703T040028Z,26.7,87.2
20260703T040044Z,26.7,86.1
20260703T040058Z,26.7,86.7
20260703T040114Z,26.7,87.6
20260703T040128Z,26.7,88.0
20260703T040143Z,26.7,87.2
20260703T040159Z,26.7,87.3
20260703T040213Z,26.7,87.4
20260703T040228Z,26.7,87.6
20260703T040243Z,26.7,87.6
20260703T040258Z,26.7,87.8
20260703T040314Z,26.7,85.8
20260703T040328Z,26.7,83.4
20260703T040344Z,26.7,86.2
20260703T040358Z,26.7,87.1
20260703T040414Z,26.7,86.8
20260703T040428Z,26.7,85.3
20260703T040444Z,26.7,86.5
20260703T040458Z,26.7,86.7
20260703T040513Z,26.7,86.0
20260703T040528Z,26.7,86.7
20260703T040543Z,26.7,88.0
20260703T040559Z,26.7,87.7
20260703T040613Z,26.7,87.7
20260703T040629Z,26.7,87.5
20260703T040643Z,26.7,86.3
20260703T040659Z,26.7,87.0
20260703T040713Z,26.7,86.7
20260703T040729Z,26.7,86.9
20260703T040744Z,26.7,86.2
20260703T040758Z,26.7,87.0
20260703T040814Z,26.7,86.3
20260703T040828Z,26.7,86.0
20260703T040844Z,26.7,86.8
20260703T040859Z,26.7,87.0
20260703T040913Z,26.7,86.7
20260703T040928Z,26.7,85.3
20260703T040944Z,26.7,86.6
20260703T040958Z,26.7,86.7
20260703T041014Z,26.7,86.3
20260703T041028Z,26.7,86.0
20260703T041044Z,26.7,86.7
20260703T041058Z,26.7,87.5
20260703T041114Z,26.7,86.7
20260703T041128Z,26.7,86.8
20260703T041144Z,26.6,85.8
20260703T041159Z,26.6,83.5
20260703T041213Z,26.6,84.7
20260703T041229Z,26.6,85.4
20260703T041243Z,26.7,85.2
20260703T041259Z,26.7,85.4
20260703T041313Z,26.7,85.1
20260703T041329Z,26.7,85.9
20260703T041343Z,26.7,84.6
20260703T041359Z,26.7,82.1
20260703T041413Z,26.6,82.4
20260703T041429Z,26.6,83.8
20260703T041443Z,26.7,86.7
20260703T041458Z,26.7,85.3
20260703T041514Z,26.7,83.8
20260703T041528Z,26.7,84.9
20260703T041544Z,26.7,85.2
20260703T041559Z,26.6,84.5
20260703T041613Z,26.6,84.2
20260703T041629Z,26.6,84.4
20260703T041643Z,26.6,84.0
20260703T041659Z,26.6,83.7
20260703T041713Z,26.6,83.9
20260703T041729Z,26.6,83.4
20260703T041743Z,26.6,82.7
20260703T041759Z,26.6,85.5
20260703T041813Z,26.6,84.4
20260703T041829Z,26.6,82.3
20260703T041843Z,26.6,83.2
20260703T041859Z,26.6,85.5
20260703T041913Z,26.6,84.9
20260703T041929Z,26.6,83.7
20260703T041943Z,26.6,85.0
20260703T041959Z,26.6,86.0
20260703T042013Z,26.6,85.4
20260703T042029Z,26.6,85.2
20260703T042043Z,26.6,85.3
20260703T042059Z,26.6,85.2
20260703T042113Z,26.6,86.0
20260703T042129Z,26.6,85.7
20260703T042144Z,26.6,85.2
20260703T042158Z,26.6,85.0
20260703T042214Z,26.6,84.6
20260703T042228Z,26.6,85.7
20260703T042244Z,26.6,85.3
20260703T042258Z,26.6,82.6
20260703T042314Z,26.6,83.0
20260703T042328Z,26.6,84.6
20260703T042344Z,26.6,84.7
20260703T042358Z,26.6,84.3
20260703T042414Z,26.6,85.1
20260703T042429Z,26.6,85.0
20260703T042443Z,26.6,84.3
20260703T042459Z,26.6,83.8
20260703T042513Z,26.6,82.6
20260703T042529Z,26.6,85.1
20260703T042543Z,26.6,83.9
20260703T042559Z,26.6,83.0
20260703T042613Z,26.6,84.9
20260703T042629Z,26.6,83.8
20260703T042644Z,26.6,84.6
20260703T042658Z,26.6,82.9
20260703T042714Z,26.6,84.9
20260703T042728Z,26.6,83.2
20260703T042744Z,26.6,84.1
20260703T042758Z,26.6,83.1
20260703T042813Z,26.6,83.3
20260703T042828Z,26.6,83.1
20260703T042844Z,26.6,83.2
20260703T042858Z,26.6,83.8
20260703T042914Z,26.6,83.9
20260703T042928Z,26.6,83.7
20260703T042944Z,26.6,82.6
20260703T042958Z,26.6,82.8
20260703T043014Z,26.6,82.7
20260703T043028Z,26.6,82.6
20260703T043043Z,26.6,82.9
20260703T043059Z,26.6,83.1
20260703T043114Z,26.6,82.3
20260703T043129Z,26.6,82.9
20260703T043143Z,26.6,84.6
20260703T043159Z,26.6,83.7
20260703T043213Z,26.6,82.7
20260703T043229Z,26.6,84.0
20260703T043243Z,26.6,83.1
20260703T043259Z,26.6,82.5
20260703T043313Z,26.6,81.9
20260703T043329Z,26.6,81.8
20260703T043343Z,26.6,80.8
20260703T043359Z,26.6,81.7
20260703T043413Z,26.6,81.3
20260703T043429Z,26.6,80.7
20260703T043443Z,26.6,80.6
20260703T043459Z,26.6,81.1
20260703T043513Z,26.6,81.4
20260703T043529Z,26.6,82.1
20260703T043543Z,26.6,81.0
20260703T043559Z,26.6,82.2
20260703T043613Z,26.6,82.9
20260703T043629Z,26.6,82.7
20260703T043644Z,26.6,82.5
20260703T043659Z,26.7,83.7
20260703T043714Z,26.6,83.3
20260703T043729Z,26.6,80.7
20260703T043744Z,26.6,83.5
20260703T043758Z,26.6,83.7
20260703T043814Z,26.6,82.9
20260703T043828Z,26.6,82.1
20260703T043845Z,26.6,81.8
20260703T043859Z,26.6,82.5
20260703T043914Z,26.6,82.0
20260703T043928Z,26.6,82.1
20260703T043944Z,26.6,82.4
20260703T043958Z,26.6,81.2
20260703T044014Z,26.6,81.7
20260703T044029Z,26.6,82.0
20260703T044044Z,26.6,82.0
20260703T044059Z,26.7,82.1
20260703T044114Z,26.6,81.2
20260703T044129Z,26.7,78.7
20260703T044144Z,26.7,81.5
20260703T044159Z,26.7,82.1
20260703T044214Z,26.7,82.1
20260703T044229Z,26.7,81.9
20260703T044244Z,26.7,76.8
20260703T044259Z,26.7,78.3
20260703T044314Z,26.7,81.1
20260703T044329Z,26.7,80.2
20260703T044344Z,26.7,80.0
20260703T044359Z,26.7,77.0
20260703T044414Z,26.7,77.3
20260703T044429Z,26.7,80.1
20260703T044444Z,26.7,78.9
20260703T044459Z,26.7,78.4
20260703T044514Z,26.8,79.9
20260703T044529Z,26.8,79.8
20260703T044544Z,26.8,79.2
20260703T044559Z,26.8,81.3
20260703T044614Z,26.8,79.1
20260703T044629Z,26.8,79.0
20260703T044644Z,26.8,80.0
20260703T044659Z,26.8,80.3
20260703T044714Z,26.8,80.3
20260703T044729Z,26.8,80.1
20260703T044744Z,26.8,80.7
20260703T044759Z,26.8,80.8
20260703T044814Z,26.8,80.1
20260703T044829Z,26.8,81.7
20260703T044844Z,26.8,80.4
20260703T044859Z,26.8,80.7
20260703T044914Z,26.8,80.1
20260703T044929Z,26.8,79.7
20260703T044944Z,26.8,81.9
20260703T044959Z,26.8,81.8
20260703T045014Z,26.8,79.7
20260703T045029Z,26.8,79.4
20260703T045044Z,26.8,79.1
20260703T045059Z,26.8,80.4
20260703T045114Z,26.8,80.8
20260703T045129Z,26.8,80.0
20260703T045144Z,26.8,79.9
20260703T045159Z,26.8,79.5
20260703T045214Z,26.8,80.0
20260703T045229Z,26.8,80.8
20260703T045244Z,26.8,81.9
20260703T045259Z,26.8,81.3
20260703T045314Z,26.8,79.8
20260703T045329Z,26.8,79.9
20260703T045344Z,26.8,81.0
20260703T045359Z,26.8,81.0
20260703T045414Z,26.8,80.0
20260703T045429Z,26.8,80.0
20260703T045444Z,26.8,80.6
20260703T045459Z,26.8,80.8
20260703T045514Z,26.8,80.3
20260703T045529Z,26.8,78.8
20260703T045544Z,26.8,79.7
20260703T045559Z,26.8,80.1
20260703T045614Z,26.8,78.9
20260703T045629Z,26.8,78.6
20260703T045644Z,26.8,77.9
20260703T045659Z,26.8,78.3
20260703T045714Z,26.8,79.1
20260703T045729Z,26.8,79.9
20260703T045744Z,26.8,81.3
20260703T045759Z,26.8,82.3
20260703T045814Z,26.8,81.5
20260703T045829Z,26.8,77.8
20260703T045845Z,26.8,79.6
20260703T045859Z,26.8,80.8
20260703T045914Z,26.8,78.9
20260703T045929Z,26.8,79.1
20260703T045944Z,26.8,79.6
20260703T045959Z,26.8,79.9
20260703T050014Z,26.8,79.2
20260703T050029Z,26.9,80.2
20260703T050044Z,26.9,80.1
20260703T050059Z,26.8,79.8
20260703T050114Z,26.8,79.9
20260703T050129Z,26.8,78.9
20260703T050144Z,26.8,76.6
20260703T050159Z,26.8,76.4
20260703T050214Z,26.8,74.5
20260703T050229Z,26.8,74.7
20260703T050244Z,26.8,76.5
20260703T050259Z,26.8,77.6
20260703T050314Z,26.8,77.6
20260703T050329Z,26.8,80.3
20260703T050344Z,26.8,81.4
20260703T050359Z,26.9,79.7
20260703T050414Z,26.8,80.2
20260703T050429Z,26.8,81.6
20260703T050444Z,26.8,81.7
20260703T050459Z,26.8,81.5
20260703T050514Z,26.8,79.4
20260703T050529Z,26.8,81.0
20260703T050544Z,26.8,78.0
20260703T050559Z,26.8,78.7
20260703T050614Z,26.8,79.0
20260703T050629Z,26.8,79.0
20260703T050644Z,26.8,79.5
20260703T050659Z,26.8,79.4
20260703T050714Z,26.8,79.6
20260703T050729Z,26.8,79.6
20260703T050744Z,26.8,80.7
20260703T050759Z,26.8,81.1
20260703T050814Z,26.8,81.9
20260703T050829Z,26.8,80.6
20260703T050844Z,26.8,80.5
20260703T050859Z,26.8,80.4
20260703T050914Z,26.8,80.1
20260703T050929Z,26.8,81.0
20260703T050944Z,26.7,80.9
20260703T050959Z,26.8,80.1
20260703T051014Z,26.8,82.4
20260703T051029Z,26.8,82.0
20260703T051044Z,26.7,79.7
20260703T051059Z,26.7,81.2
20260703T051114Z,26.7,79.3
20260703T051129Z,26.7,79.2
20260703T051144Z,26.7,80.6
20260703T051159Z,26.7,79.6
20260703T051214Z,26.7,78.6
20260703T051229Z,26.7,80.4
20260703T051244Z,26.7,79.4
20260703T051259Z,26.7,78.3
20260703T051314Z,26.7,79.5
20260703T051329Z,26.8,80.2
20260703T051344Z,26.8,80.7
20260703T051359Z,26.8,81.3
20260703T051414Z,26.8,82.2
20260703T051429Z,26.8,81.4
20260703T051444Z,26.8,81.1
20260703T051459Z,26.8,80.8
20260703T051514Z,26.7,80.1
20260703T051529Z,26.7,80.8
20260703T051544Z,26.7,80.5
20260703T051559Z,26.7,81.0
20260703T051614Z,26.7,82.7
20260703T051629Z,26.7,82.2
20260703T051644Z,26.7,81.1
20260703T051659Z,26.7,80.0
20260703T051714Z,26.7,80.8
20260703T051729Z,26.7,80.4
20260703T051744Z,26.7,80.4
20260703T051759Z,26.7,81.7
20260703T051814Z,26.7,81.2
20260703T051829Z,26.7,82.6
20260703T051844Z,26.7,81.6
20260703T051859Z,26.7,80.6
20260703T051914Z,26.7,79.6
20260703T051929Z,26.7,80.3
20260703T051944Z,26.7,79.6
20260703T051959Z,26.7,78.7
20260703T052014Z,26.7,80.0
20260703T052029Z,26.8,79.6
20260703T052044Z,26.7,79.9
20260703T052059Z,26.7,80.4
20260703T052114Z,26.8,81.1
20260703T052129Z,26.8,78.6
20260703T052144Z,26.8,77.9
20260703T052159Z,26.7,77.6
20260703T052214Z,26.8,78.6
20260703T052229Z,26.8,78.2
20260703T052244Z,26.8,78.5
20260703T052259Z,26.8,77.4
20260703T052314Z,26.8,80.5
20260703T052329Z,26.8,81.6
20260703T052344Z,26.8,79.9
20260703T052359Z,26.8,78.4
20260703T052414Z,26.8,78.8
20260703T052429Z,26.8,81.1
20260703T052444Z,26.8,79.6
20260703T052459Z,26.8,79.4
20260703T052514Z,26.8,80.0
20260703T052529Z,26.8,81.1
20260703T052544Z,26.8,80.8
20260703T052559Z,26.8,79.8
20260703T052614Z,26.8,79.9
20260703T052629Z,26.8,79.8
20260703T052644Z,26.8,79.6
20260703T052659Z,26.8,80.7
20260703T052714Z,26.8,80.8
20260703T052729Z,26.8,81.6
20260703T052744Z,26.8,80.6
20260703T052759Z,26.8,80.1
20260703T052814Z,26.8,75.2
20260703T052829Z,26.7,75.7
20260703T052844Z,26.7,73.0
20260703T052859Z,26.7,73.0
20260703T052914Z,26.7,72.6
20260703T052929Z,26.7,72.4
20260703T052944Z,26.7,74.0
20260703T052959Z,26.8,78.2
20260703T053014Z,26.8,76.4
20260703T053029Z,26.8,79.7
20260703T053044Z,26.8,78.8
20260703T053059Z,26.8,77.6
20260703T053114Z,26.8,78.1
20260703T053129Z,26.8,79.4
20260703T053144Z,26.8,80.8
20260703T053159Z,26.8,77.5
20260703T053214Z,26.8,77.3
20260703T053229Z,26.8,78.4
20260703T053244Z,26.8,77.4
20260703T053259Z,26.8,76.6
20260703T053314Z,26.8,77.9
20260703T053329Z,26.8,78.1
20260703T053344Z,26.8,76.7
20260703T053359Z,26.8,78.0
20260703T053414Z,26.8,78.2
20260703T053429Z,26.8,76.9
20260703T053444Z,26.8,77.0
20260703T053459Z,26.8,77.6
20260703T053514Z,26.8,78.6
20260703T053529Z,26.8,80.0
20260703T053544Z,26.8,78.7
20260703T053559Z,26.8,78.8
20260703T053614Z,26.8,79.2
20260703T053629Z,26.8,78.4
20260703T053644Z,26.8,80.7
20260703T053659Z,26.8,80.3
20260703T053714Z,26.8,79.6
20260703T053729Z,26.8,79.7
20260703T053744Z,26.9,80.1
20260703T053759Z,26.9,79.4
20260703T053814Z,26.9,79.9
20260703T053829Z,26.9,80.5
20260703T053844Z,26.9,80.7
20260703T053859Z,26.9,81.3
20260703T053914Z,26.9,82.0
20260703T053929Z,26.9,80.9
20260703T053944Z,26.9,81.3
20260703T053959Z,26.9,81.6
20260703T054014Z,26.9,81.8
20260703T054029Z,26.9,81.6
20260703T054044Z,26.9,81.9
20260703T054059Z,26.9,81.6
20260703T054114Z,26.8,80.7
20260703T054129Z,26.8,80.3
20260703T054144Z,26.8,80.1
20260703T054159Z,26.8,81.5
20260703T054214Z,26.8,81.2
20260703T054229Z,26.8,80.6
20260703T054244Z,26.8,80.3
20260703T054259Z,26.8,80.4
20260703T054314Z,26.8,80.4
20260703T054329Z,26.8,80.3
20260703T054345Z,26.8,79.1
20260703T054400Z,26.8,79.6
20260703T054414Z,26.8,80.4
20260703T054429Z,26.8,78.9
20260703T054444Z,26.8,79.0
20260703T054459Z,26.8,80.5
20260703T054514Z,26.9,80.9
20260703T054529Z,26.9,80.1
20260703T054544Z,26.9,80.3
20260703T054559Z,26.9,81.7
20260703T054614Z,26.9,81.5
20260703T054629Z,26.9,81.4
20260703T054644Z,26.9,83.7
20260703T054659Z,26.9,83.4
20260703T054714Z,26.9,82.8
20260703T054729Z,26.9,84.4
20260703T054744Z,26.9,84.2
20260703T054759Z,26.9,83.5
20260703T054814Z,26.9,84.0
20260703T054829Z,26.9,84.3
20260703T054844Z,26.9,83.2
20260703T054859Z,26.9,83.5
20260703T054914Z,26.9,84.7
20260703T054929Z,26.9,83.1
20260703T054944Z,26.9,83.8
20260703T054959Z,26.9,84.4
20260703T055014Z,26.9,83.9
20260703T055029Z,26.9,83.2
20260703T055044Z,26.9,83.3
20260703T055059Z,26.9,84.0
20260703T055114Z,26.9,83.8
20260703T055129Z,26.9,83.3
20260703T055144Z,26.9,82.9
20260703T055159Z,26.8,82.8
20260703T055214Z,26.8,82.4
20260703T055229Z,26.8,83.5
20260703T055244Z,26.8,83.4
20260703T055259Z,26.8,82.9
20260703T055314Z,26.8,82.7
20260703T055329Z,26.8,82.6
20260703T055344Z,26.8,82.7
20260703T055359Z,26.8,82.7
20260703T055414Z,26.8,83.2
20260703T055429Z,26.8,82.0
20260703T055444Z,26.8,82.2
20260703T055459Z,26.8,81.7
20260703T055514Z,26.8,80.9
20260703T055529Z,26.8,82.2
20260703T055544Z,26.8,82.1
20260703T055559Z,26.8,80.8
20260703T055614Z,26.8,77.2
20260703T055629Z,26.8,80.9
20260703T055644Z,26.8,81.1
20260703T055659Z,26.8,80.1
20260703T055714Z,26.8,80.7
20260703T055729Z,26.8,80.4
20260703T055744Z,26.8,81.1
20260703T055759Z,26.8,81.4
20260703T055814Z,26.8,81.3
20260703T055829Z,26.8,81.8
20260703T055844Z,26.8,81.9
20260703T055859Z,26.8,81.5
20260703T055914Z,26.8,81.0
20260703T055929Z,26.8,81.2
20260703T055944Z,26.8,81.6
20260703T055959Z,26.8,81.1
20260703T060014Z,26.8,78.6
20260703T060029Z,26.8,79.2
20260703T060044Z,26.8,79.2
20260703T060059Z,26.8,78.7
20260703T060114Z,26.8,78.0
20260703T060129Z,26.8,78.0
20260703T060144Z,26.8,77.9
20260703T060159Z,26.8,76.9
20260703T060214Z,26.8,77.5
20260703T060229Z,26.8,77.7
20260703T060244Z,26.8,77.4
20260703T060259Z,26.9,78.3
20260703T060314Z,26.9,78.6
20260703T060329Z,26.9,79.1
20260703T060344Z,26.9,80.0
20260703T060359Z,26.9,80.3
20260703T060414Z,26.9,81.2
20260703T060429Z,26.9,81.5
20260703T060444Z,26.9,81.4
20260703T060459Z,26.9,80.6
20260703T060514Z,26.8,71.2
20260703T060529Z,26.8,72.1
20260703T060544Z,26.8,72.6
20260703T060559Z,26.8,73.0
20260703T060614Z,26.8,71.7
20260703T060629Z,26.8,72.8
20260703T060645Z,26.8,73.5
20260703T060659Z,26.8,71.9
20260703T060714Z,26.8,73.0
20260703T060729Z,26.9,74.9
20260703T060744Z,26.9,73.8
20260703T060759Z,26.9,75.6
20260703T060814Z,26.9,76.4
20260703T060829Z,26.9,76.3
20260703T060844Z,26.9,75.3
20260703T060859Z,26.9,76.0
20260703T060914Z,26.9,74.8
20260703T060929Z,26.9,76.1
20260703T060944Z,26.9,76.2
20260703T060959Z,26.9,76.0
20260703T061014Z,26.9,76.9
20260703T061029Z,26.9,78.6
20260703T061044Z,26.9,80.1
20260703T061059Z,26.9,80.5
20260703T061114Z,26.9,78.9
20260703T061129Z,26.9,78.0
20260703T061144Z,26.9,78.2
20260703T061159Z,26.9,77.1
20260703T061214Z,26.9,77.1
20260703T061229Z,26.9,76.9
20260703T061244Z,26.9,76.2
20260703T061259Z,26.9,76.9
20260703T061314Z,26.9,77.8
20260703T061329Z,26.9,78.8
20260703T061344Z,26.9,78.9
20260703T061359Z,26.9,79.0
20260703T061414Z,26.9,78.4
20260703T061429Z,26.9,79.0
20260703T061444Z,26.9,77.8
20260703T061459Z,26.9,78.6
20260703T061514Z,26.9,76.0
20260703T061529Z,26.9,76.8
20260703T061544Z,26.9,78.8
20260703T061559Z,26.9,78.8
20260703T061614Z,26.9,78.0
20260703T061629Z,26.9,79.2
20260703T061644Z,26.9,78.8
20260703T061659Z,26.9,77.4
20260703T061714Z,26.9,78.2
20260703T061729Z,26.9,78.4
20260703T061744Z,26.9,78.7
20260703T061759Z,26.9,78.1
20260703T061814Z,26.9,78.5
20260703T061829Z,26.9,79.2
20260703T061844Z,26.9,78.3
20260703T061859Z,26.9,78.3
20260703T061914Z,26.9,78.6
20260703T061929Z,26.9,77.1
20260703T061944Z,26.9,77.8
20260703T061959Z,26.9,77.4
20260703T062014Z,26.8,77.5
20260703T062029Z,26.8,76.6
20260703T062044Z,26.8,76.9
20260703T062059Z,26.8,77.2
20260703T062114Z,26.8,77.7
20260703T062129Z,26.8,79.1
20260703T062144Z,26.8,77.3
20260703T062159Z,26.8,79.8
20260703T062214Z,26.8,78.4
20260703T062229Z,26.8,79.2
20260703T062244Z,26.8,79.0
20260703T062259Z,26.8,76.7
20260703T062314Z,26.8,76.3
20260703T062329Z,26.8,76.8
20260703T062344Z,26.8,76.8
20260703T062359Z,26.8,76.5
20260703T062414Z,26.8,77.9
20260703T062429Z,26.8,77.6
20260703T062444Z,26.8,77.9
20260703T062459Z,26.8,79.1
20260703T062514Z,26.8,77.1
20260703T062529Z,26.8,76.7
20260703T062544Z,26.8,77.1
20260703T062559Z,26.8,78.2
20260703T062614Z,26.8,79.1
20260703T062629Z,26.8,79.4
20260703T062645Z,26.8,78.0
20260703T062659Z,26.8,77.4
20260703T062714Z,26.8,77.4
20260703T062729Z,26.8,77.9
20260703T062745Z,26.8,76.4
20260703T062800Z,26.8,76.2
20260703T062814Z,26.8,78.6
20260703T062829Z,26.8,77.4
20260703T062844Z,26.8,76.9
20260703T062859Z,26.8,76.8
20260703T062914Z,26.8,77.7
20260703T062929Z,26.8,79.1
20260703T062944Z,26.8,79.1
20260703T062959Z,26.8,77.9
20260703T063014Z,26.8,77.4
20260703T063029Z,26.8,78.3
20260703T063044Z,26.8,77.5
20260703T063059Z,26.8,77.7
20260703T063114Z,26.8,78.0
20260703T063129Z,26.8,77.2
20260703T063144Z,26.8,78.9
20260703T063159Z,26.8,77.3
20260703T063214Z,26.8,76.8
20260703T063229Z,26.8,76.5
20260703T063244Z,26.8,76.7
20260703T063259Z,26.8,76.7
20260703T063314Z,26.8,76.8
20260703T063329Z,26.8,77.2
20260703T063344Z,26.8,76.2
20260703T063359Z,26.8,78.0
20260703T063414Z,26.8,77.8
20260703T063429Z,26.8,76.0
20260703T063444Z,26.8,76.6
20260703T063459Z,26.8,76.2
20260703T063514Z,26.8,76.9
20260703T063529Z,26.8,76.3
20260703T063544Z,26.8,75.8
20260703T063559Z,26.8,75.3
20260703T063614Z,26.8,74.0
20260703T063629Z,26.8,75.8
20260703T063644Z,26.8,77.3
20260703T063659Z,26.8,77.7
20260703T063714Z,26.8,78.0
20260703T063729Z,26.8,77.6
20260703T063744Z,26.8,76.2
20260703T063759Z,26.8,75.3
20260703T063814Z,26.8,74.8
20260703T063829Z,26.8,73.9
20260703T063844Z,26.8,74.2
20260703T063859Z,26.8,74.7
20260703T063914Z,26.9,75.1
20260703T063929Z,26.8,75.7
20260703T063944Z,26.9,75.9
20260703T063959Z,26.9,75.2
20260703T064014Z,26.9,75.5
20260703T064029Z,26.9,75.7
20260703T064044Z,26.9,74.9
20260703T064059Z,26.9,74.3
20260703T064114Z,26.9,75.6
20260703T064129Z,26.9,74.9
20260703T064144Z,26.9,76.9
20260703T064159Z,26.9,76.9
20260703T064214Z,26.8,75.5
20260703T064229Z,26.9,75.5
20260703T064244Z,26.9,75.5
20260703T064259Z,26.9,74.7
20260703T064314Z,26.9,74.5
20260703T064329Z,26.9,73.6
20260703T064344Z,26.9,72.5
20260703T064359Z,26.8,72.2
20260703T064414Z,26.8,73.1
20260703T064429Z,26.8,72.4
20260703T064444Z,26.8,73.8
20260703T064459Z,26.9,74.5
20260703T064514Z,26.9,75.1
20260703T064529Z,26.9,75.2
20260703T064544Z,26.9,74.5
20260703T064559Z,26.8,74.5
20260703T064614Z,26.8,74.6
20260703T064629Z,26.9,75.9
20260703T064645Z,26.9,75.3
20260703T064700Z,26.9,75.6
20260703T064714Z,26.9,76.6
20260703T064729Z,26.9,76.3
20260703T064744Z,26.9,75.6
20260703T064759Z,26.9,75.5
20260703T064814Z,26.9,76.0
20260703T064829Z,26.9,75.9
20260703T064844Z,26.9,76.0
20260703T064859Z,26.9,75.8
20260703T064914Z,26.9,76.4
20260703T064929Z,26.9,77.2
20260703T064944Z,26.9,76.2
20260703T064959Z,26.9,76.2
20260703T065014Z,26.9,76.3
20260703T065029Z,26.9,76.9
20260703T065044Z,26.9,76.9
20260703T065059Z,26.9,76.5
20260703T065114Z,26.9,76.3
20260703T065129Z,26.9,76.8
20260703T065144Z,26.9,77.4
20260703T065159Z,26.9,77.3
20260703T065214Z,26.9,77.6
20260703T065229Z,26.9,77.3
20260703T065244Z,26.9,77.8
20260703T065259Z,26.9,76.8
20260703T065314Z,26.9,76.8
20260703T065329Z,26.9,76.8
20260703T065344Z,26.9,76.7
20260703T065359Z,26.9,76.7
20260703T065414Z,26.9,76.9
20260703T065429Z,26.9,77.0
20260703T065444Z,26.9,76.8
20260703T065459Z,26.9,77.3
20260703T065514Z,26.9,77.1
20260703T065529Z,26.9,76.9
20260703T065544Z,26.9,77.3
20260703T065559Z,26.9,76.9
20260703T065614Z,26.9,77.2
20260703T065629Z,26.9,77.7
20260703T065644Z,26.9,77.3
20260703T065659Z,26.9,77.3
20260703T065714Z,26.9,77.1
20260703T065729Z,26.9,77.1
20260703T065744Z,26.9,77.1
20260703T065759Z,26.9,77.2
20260703T065814Z,26.9,77.5
20260703T065829Z,26.9,78.0
20260703T065844Z,26.9,78.3
20260703T065859Z,26.9,77.8
20260703T065914Z,26.9,77.7
20260703T065929Z,26.9,77.8
20260703T065944Z,26.9,77.6
20260703T065959Z,26.9,78.4
20260703T070014Z,26.9,77.7
20260703T070029Z,26.9,77.9
20260703T070044Z,26.9,77.7
20260703T070059Z,26.9,77.9
20260703T070114Z,26.9,78.1
20260703T070129Z,26.9,77.9
20260703T070144Z,26.9,78.0
20260703T070159Z,26.9,78.0
20260703T070214Z,26.9,78.0
20260703T070229Z,26.9,78.1
20260703T070244Z,26.9,78.2
20260703T070259Z,26.9,78.3
20260703T070314Z,26.9,78.7
20260703T070329Z,26.9,79.1
20260703T070344Z,26.9,79.1
20260703T070359Z,26.9,78.9
20260703T070414Z,26.9,78.7
20260703T070429Z,26.9,78.8
20260703T070444Z,26.8,78.8
20260703T070459Z,26.8,78.4
20260703T070514Z,26.9,78.5
20260703T070529Z,26.8,78.7
20260703T070544Z,26.8,78.4
20260703T070559Z,26.8,78.7
20260703T070614Z,26.8,78.6
20260703T070629Z,26.8,78.7
20260703T070644Z,26.8,78.7
20260703T070659Z,26.8,78.7
20260703T070714Z,26.8,79.3
20260703T070729Z,26.8,78.6
20260703T070744Z,26.8,78.8
20260703T070759Z,26.8,78.8
20260703T070814Z,26.8,78.7
20260703T070829Z,26.8,78.5
20260703T070844Z,26.8,78.9
20260703T070859Z,26.8,78.6
20260703T070914Z,26.8,78.8
20260703T070929Z,26.8,79.1
20260703T070944Z,26.8,79.1
20260703T070959Z,26.8,78.5
20260703T071014Z,26.8,78.2
20260703T071032Z,26.8,78.4
20260703T071044Z,26.8,78.2
20260703T071059Z,26.8,78.5
20260703T071114Z,26.9,78.4
20260703T071129Z,26.9,78.2
20260703T071144Z,26.8,78.0
20260703T071159Z,26.8,77.9
20260703T071214Z,26.9,77.8
20260703T071229Z,26.9,77.2
20260703T071244Z,26.8,77.3
20260703T071259Z,26.9,77.5
20260703T071314Z,26.9,77.5
20260703T071329Z,26.9,78.1
20260703T071344Z,26.9,77.9
20260703T071359Z,26.9,78.1
20260703T071414Z,26.9,78.7
20260703T071429Z,26.9,78.3
20260703T071444Z,26.9,78.8
20260703T071459Z,26.9,79.0
20260703T071514Z,26.9,78.3
20260703T071529Z,26.9,78.5
20260703T071544Z,26.9,78.7
20260703T071559Z,26.9,78.3
20260703T071614Z,26.9,78.4
20260703T071629Z,26.9,78.4
20260703T071644Z,26.9,78.4
20260703T071659Z,26.9,78.6
20260703T071714Z,26.9,78.3
20260703T071729Z,26.9,78.1
20260703T071744Z,26.9,78.1
20260703T071759Z,26.9,78.4
20260703T071814Z,26.9,78.7
20260703T071829Z,26.9,78.3
20260703T071844Z,26.9,78.4
20260703T071859Z,26.9,79.1
20260703T071914Z,26.9,78.6
20260703T071929Z,26.9,78.2
20260703T071944Z,26.9,78.3
20260703T071959Z,26.9,78.8
20260703T072014Z,26.9,78.5
20260703T072030Z,26.9,78.5
20260703T072044Z,26.9,78.5
20260703T072059Z,26.9,79.0
20260703T072114Z,26.9,78.6
20260703T072129Z,26.9,78.6
20260703T072144Z,26.9,78.4
20260703T072159Z,26.9,78.7
20260703T072214Z,26.9,78.3
20260703T072229Z,26.9,77.9
20260703T072244Z,26.9,78.5
20260703T072259Z,26.9,78.3
20260703T072314Z,26.9,78.3
20260703T072329Z,26.9,78.8
20260703T072344Z,26.9,78.9
20260703T072359Z,26.9,78.6
20260703T072414Z,26.9,78.6
20260703T072429Z,26.9,78.4
20260703T072444Z,26.9,78.2
20260703T072459Z,26.9,78.3
20260703T072514Z,26.9,78.4
20260703T072529Z,26.9,78.7
20260703T072544Z,26.9,78.4
20260703T072559Z,26.9,78.8
20260703T072614Z,26.9,78.9
20260703T072629Z,26.9,78.8
20260703T072644Z,26.9,79.6
20260703T072700Z,26.9,79.2
20260703T072714Z,26.9,78.9
20260703T072729Z,26.9,79.0
20260703T072744Z,26.9,78.5
20260703T072759Z,26.9,78.1
20260703T072814Z,26.9,77.9
20260703T072829Z,26.9,78.1
20260703T072844Z,26.9,77.7
20260703T072859Z,26.9,77.8
20260703T072914Z,26.9,77.6
20260703T072929Z,26.9,77.9
20260703T072944Z,26.8,78.4
20260703T072959Z,26.9,78.9
20260703T073014Z,26.9,79.2
20260703T073029Z,26.9,80.0
20260703T073044Z,26.9,80.4
20260703T073059Z,26.9,80.7
20260703T073114Z,26.9,81.3
20260703T073129Z,27.0,81.2
20260703T073144Z,27.0,80.6
20260703T073159Z,27.0,81.4
20260703T073214Z,27.0,81.7
20260703T073230Z,27.0,81.8
20260703T073244Z,27.0,80.7
20260703T073300Z,27.1,80.7
20260703T073314Z,27.1,81.5
20260703T073330Z,27.1,81.4
20260703T073344Z,27.1,81.7
20260703T073359Z,27.1,81.2
20260703T073414Z,27.1,81.8
20260703T073429Z,27.1,81.6
20260703T073444Z,27.1,82.0
20260703T073459Z,27.1,82.1
20260703T073514Z,27.1,81.5
20260703T073529Z,27.1,82.2
20260703T073544Z,27.1,82.1
20260703T073559Z,27.1,81.7
20260703T073614Z,27.1,81.6
20260703T073629Z,27.1,81.7
20260703T073644Z,27.1,81.2
20260703T073659Z,27.1,82.0
20260703T073714Z,27.1,82.0
20260703T073729Z,27.1,81.9
20260703T073745Z,27.1,81.9
20260703T073800Z,27.1,81.7
20260703T073814Z,27.1,82.2
20260703T073830Z,27.0,82.3
20260703T073844Z,27.1,82.5
20260703T073900Z,27.1,82.7
20260703T073914Z,27.1,83.0
20260703T073930Z,27.1,83.1
20260703T073945Z,27.1,83.1
20260703T074000Z,27.1,82.7
20260703T074014Z,27.1,83.6
20260703T074030Z,27.1,82.8
20260703T074044Z,27.1,82.5
20260703T074100Z,27.2,82.2
20260703T074114Z,27.1,83.2
20260703T074130Z,27.1,83.8
20260703T074144Z,27.1,83.5
20260703T074200Z,27.1,82.5
20260703T074214Z,27.1,82.7
20260703T074229Z,27.1,82.6
20260703T074245Z,27.1,83.0
20260703T074300Z,27.1,82.4
20260703T074314Z,27.1,83.5
20260703T074330Z,27.1,83.1
20260703T074344Z,27.1,83.4
20260703T074400Z,27.1,83.2
20260703T074414Z,27.1,83.2
20260703T074430Z,27.1,82.8
20260703T074444Z,27.1,82.7
20260703T074459Z,27.1,82.4
20260703T074515Z,27.1,83.3
20260703T074529Z,27.1,83.6
20260703T074545Z,27.1,83.5
20260703T074559Z,27.1,83.1
20260703T074614Z,27.1,82.7
20260703T074630Z,27.1,82.8
20260703T074644Z,27.1,82.8
20260703T074700Z,27.1,82.7
20260703T074714Z,27.1,82.8
20260703T074730Z,27.1,82.8
20260703T074744Z,27.1,82.6
20260703T074800Z,27.1,83.0
20260703T074815Z,27.1,83.0
20260703T074829Z,27.1,82.9
20260703T074846Z,27.1,82.9
20260703T074900Z,27.1,82.9
20260703T074915Z,27.1,82.9
20260703T074929Z,27.1,83.0
20260703T074944Z,27.0,82.9
20260703T075000Z,27.0,82.8
20260703T075014Z,27.0,82.9
20260703T075030Z,27.0,82.6
20260703T075044Z,27.0,82.5
20260703T075100Z,27.0,82.4
20260703T075115Z,27.0,82.5
20260703T075129Z,27.0,82.7
20260703T075145Z,27.0,82.7
20260703T075159Z,27.0,82.7
20260703T075214Z,27.0,82.7
20260703T075230Z,27.0,82.5
20260703T075244Z,27.0,82.2
20260703T075300Z,27.0,82.6
20260703T075314Z,27.0,82.6
20260703T075330Z,27.0,82.7
20260703T075345Z,27.0,82.2
20260703T075359Z,27.0,81.9
20260703T075415Z,27.0,81.4
20260703T075429Z,27.0,81.6
20260703T075445Z,27.0,81.6
20260703T075459Z,27.0,81.7
20260703T075514Z,27.0,81.7
20260703T075530Z,27.0,81.6
20260703T075545Z,27.0,81.7
20260703T075559Z,27.0,81.8
20260703T075615Z,27.0,81.4
20260703T075629Z,27.0,80.8
20260703T075645Z,27.0,80.8
20260703T075659Z,27.0,81.0
20260703T075715Z,27.0,81.3
20260703T075730Z,27.0,81.1
20260703T075745Z,27.0,81.3
20260703T075800Z,27.0,81.4
20260703T075814Z,27.0,81.3
20260703T075830Z,27.0,81.6
20260703T075844Z,27.0,81.7
20260703T075900Z,27.0,81.4
20260703T075914Z,27.1,81.4
20260703T075930Z,27.0,81.6
20260703T075945Z,27.0,81.7
20260703T080000Z,27.0,81.6
20260703T080014Z,27.0,81.7
20260703T080030Z,27.0,81.7
20260703T080046Z,27.0,81.8
20260703T080100Z,27.0,81.8
20260703T080115Z,27.0,81.7
20260703T080129Z,27.0,81.9
20260703T080145Z,27.0,81.7
20260703T080200Z,27.0,81.5
20260703T080214Z,27.0,81.7
20260703T080230Z,27.0,81.5
20260703T080244Z,27.0,81.6
20260703T080300Z,27.0,81.6
20260703T080314Z,27.0,81.5
20260703T080330Z,27.0,81.7
20260703T080344Z,27.0,81.8
20260703T080400Z,27.0,81.7
20260703T080414Z,27.0,81.8
20260703T080430Z,27.0,81.9
20260703T080444Z,27.0,81.8
20260703T080500Z,27.0,81.9
20260703T080514Z,27.0,81.7
20260703T080529Z,27.0,81.8
20260703T080545Z,27.0,81.7
20260703T080559Z,27.0,81.6
20260703T080615Z,27.0,81.4
20260703T080629Z,27.0,81.6
20260703T080645Z,27.0,81.6
20260703T080700Z,27.0,81.7
20260703T080714Z,27.0,81.6
20260703T080730Z,27.0,81.7
20260703T080744Z,27.0,81.7
20260703T080800Z,27.0,81.7
20260703T080814Z,27.0,81.6
20260703T080829Z,27.0,81.3
20260703T080844Z,26.9,81.0
20260703T080900Z,26.9,81.3
20260703T080914Z,27.0,81.0
20260703T080930Z,27.0,81.0
20260703T080944Z,27.0,80.8
20260703T081000Z,27.0,80.5
20260703T081014Z,27.0,80.4
20260703T081030Z,27.0,80.4
20260703T081044Z,27.0,80.7
20260703T081059Z,27.0,80.8
20260703T081115Z,27.0,80.8
20260703T081129Z,27.0,80.7
20260703T081145Z,27.0,80.9
20260703T081159Z,27.0,80.7
20260703T081215Z,27.0,80.3
20260703T081229Z,27.0,80.4
20260703T081245Z,27.0,80.8
20260703T081259Z,27.0,80.7
20260703T081315Z,27.0,80.7
20260703T081329Z,27.0,80.8
20260703T081345Z,27.0,80.7
20260703T081359Z,27.0,80.8
20260703T081415Z,27.0,80.6
20260703T081429Z,27.0,80.4
20260703T081445Z,27.0,80.5
20260703T081459Z,27.0,80.6
20260703T081515Z,27.0,80.6
20260703T081529Z,27.0,80.8
20260703T081544Z,27.0,80.8
20260703T081559Z,27.0,80.9
20260703T081615Z,27.0,80.9
20260703T081630Z,27.1,80.9
20260703T081644Z,27.0,80.7
20260703T081700Z,27.0,80.9
20260703T081714Z,27.0,80.7
20260703T081729Z,27.0,80.8
20260703T081745Z,27.0,80.9
20260703T081759Z,27.0,81.0
20260703T081815Z,27.0,81.1
20260703T081829Z,27.0,81.1
20260703T081845Z,27.1,81.1
20260703T081859Z,27.0,81.2
20260703T081915Z,27.0,81.2
20260703T081929Z,27.0,81.3
20260703T081945Z,27.0,81.2
20260703T081959Z,27.0,81.2
20260703T082015Z,27.0,81.1
20260703T082029Z,27.0,81.3
20260703T082044Z,27.0,81.4
20260703T082100Z,27.0,81.2
20260703T082114Z,27.0,81.2
20260703T082130Z,27.0,81.4
20260703T082145Z,27.0,81.4
20260703T082159Z,27.0,81.4
20260703T082215Z,27.0,81.4
20260703T082229Z,27.0,81.4
20260703T082245Z,27.0,81.6
20260703T082259Z,27.0,81.6
20260703T082315Z,27.0,81.0
20260703T082329Z,27.0,80.5
20260703T082345Z,27.0,80.2
20260703T082359Z,27.0,80.1
20260703T082415Z,27.0,80.7
20260703T082429Z,27.0,80.7
20260703T082445Z,27.0,80.8
20260703T082459Z,27.0,81.2
20260703T082515Z,27.0,81.1
20260703T082529Z,27.0,80.9
20260703T082544Z,27.0,80.8
20260703T082600Z,27.0,80.6
20260703T082614Z,26.9,80.7
20260703T082630Z,26.9,80.7
20260703T082644Z,26.9,80.8
20260703T082659Z,26.9,80.7
20260703T082715Z,26.9,80.6
20260703T082729Z,26.9,80.6
20260703T082744Z,26.9,80.6
20260703T082800Z,27.0,80.6
20260703T082814Z,26.9,80.7
20260703T082830Z,27.0,80.5
20260703T082845Z,27.0,80.6
20260703T082859Z,27.0,80.5
20260703T082915Z,27.0,80.6
20260703T082930Z,27.0,80.5
20260703T082945Z,27.0,80.3
20260703T083000Z,27.0,80.4
20260703T083015Z,27.0,80.2
20260703T083029Z,27.0,80.2
20260703T083044Z,27.0,80.2
20260703T083100Z,27.0,80.4
20260703T083114Z,27.0,80.6
20260703T083130Z,27.0,80.2
20260703T083144Z,27.0,80.2
20260703T083200Z,27.0,80.4
20260703T083214Z,27.0,80.5
20260703T083230Z,27.0,80.4
20260703T083244Z,27.0,80.0
20260703T083259Z,27.0,80.0
20260703T083315Z,27.0,80.0
20260703T083329Z,27.0,79.9
20260703T083345Z,27.0,80.0
20260703T083400Z,27.0,80.0
20260703T083414Z,27.0,79.9
20260703T083430Z,27.1,80.2
20260703T083444Z,27.0,80.4
20260703T083500Z,27.1,80.3
20260703T083514Z,27.1,80.2
20260703T083530Z,27.1,80.7
20260703T083545Z,27.1,80.5
20260703T083600Z,27.0,80.3
20260703T083615Z,27.0,80.1
20260703T083630Z,27.1,80.2
20260703T083645Z,27.0,80.5
20260703T083700Z,27.0,81.1
20260703T083714Z,27.0,80.5
20260703T083730Z,27.0,80.7
20260703T083745Z,27.0,80.1
20260703T083800Z,27.0,79.5
20260703T083815Z,27.0,79.3
20260703T083829Z,27.0,80.2
20260703T083845Z,27.0,80.1
20260703T083859Z,27.1,80.1
20260703T083915Z,27.1,79.5
20260703T083930Z,27.1,80.2
20260703T083945Z,27.1,79.6
20260703T084000Z,27.1,79.8
20260703T084015Z,27.1,80.2
20260703T084030Z,27.0,80.4
20260703T084045Z,27.0,80.0
20260703T084100Z,27.0,79.7
20260703T084115Z,27.0,79.3
20260703T084130Z,27.0,80.1
20260703T084145Z,27.0,80.3
20260703T084200Z,27.0,80.3
20260703T084215Z,27.0,80.1
20260703T084230Z,27.0,80.0
20260703T084245Z,27.0,79.7
20260703T084300Z,27.0,79.7
20260703T084315Z,27.0,79.6
20260703T084330Z,27.0,79.7
20260703T084345Z,27.0,80.2
20260703T084400Z,27.0,80.7
20260703T084415Z,27.0,80.4
20260703T084430Z,27.0,79.5
20260703T084445Z,26.9,79.5
20260703T084500Z,27.0,79.4
20260703T084515Z,26.9,79.7
20260703T084530Z,26.9,80.1
20260703T084545Z,26.9,79.6
20260703T084600Z,27.0,79.5
20260703T084615Z,26.9,79.3
20260703T084630Z,27.0,79.1
20260703T084645Z,27.0,79.2
20260703T084700Z,27.0,79.2
20260703T084715Z,27.0,79.0
20260703T084730Z,27.0,79.0
20260703T084745Z,27.0,79.0
20260703T084800Z,27.0,79.1
20260703T084815Z,27.0,79.1
20260703T084830Z,27.0,79.0
20260703T084845Z,27.0,79.0
20260703T084900Z,27.0,78.9
20260703T084915Z,27.0,79.0
20260703T084930Z,27.0,79.1
20260703T084945Z,27.0,79.0
20260703T085000Z,27.0,78.8
20260703T085015Z,27.0,78.7
20260703T085030Z,27.0,79.0
20260703T085045Z,27.0,79.4
20260703T085100Z,27.0,79.7
20260703T085115Z,27.0,79.5
20260703T085130Z,27.0,79.4
20260703T085145Z,27.0,79.5
20260703T085200Z,27.0,79.7
20260703T085215Z,27.0,79.9
20260703T085230Z,27.0,80.1
20260703T085245Z,27.0,80.1
20260703T085300Z,27.0,80.1
20260703T085315Z,27.0,80.3
20260703T085330Z,27.0,80.8
20260703T085345Z,26.9,80.6
20260703T085400Z,27.0,80.2
20260703T085415Z,27.0,80.5
20260703T085430Z,26.9,80.6
20260703T085445Z,26.9,80.2
20260703T085500Z,26.9,80.7
20260703T085515Z,26.9,80.6
20260703T085530Z,26.9,80.4
20260703T085545Z,26.9,80.2
20260703T085600Z,26.9,80.0
20260703T085615Z,26.9,80.1
20260703T085630Z,26.9,79.7
20260703T085645Z,26.9,76.1
20260703T085700Z,26.9,73.7
20260703T085715Z,26.9,73.4
20260703T085730Z,26.9,71.4
20260703T085745Z,26.8,71.7
20260703T085800Z,26.8,71.6
20260703T085815Z,26.8,71.8
20260703T085830Z,26.9,72.0
20260703T085845Z,26.9,72.3
20260703T085900Z,26.9,72.7
20260703T085915Z,26.9,73.6
20260703T085930Z,26.9,73.8
20260703T085945Z,26.9,74.2
20260703T090000Z,26.9,74.2
20260703T090015Z,26.9,75.3
20260703T090030Z,26.9,75.6
20260703T090045Z,27.0,76.0
20260703T090100Z,27.0,77.0
20260703T090115Z,27.0,76.7
20260703T090130Z,27.0,78.6
20260703T090145Z,27.0,80.2
20260703T090200Z,27.1,80.6
20260703T090215Z,27.0,80.2
20260703T090230Z,27.1,80.3
20260703T090245Z,27.1,79.7
20260703T090300Z,27.0,79.9
20260703T090315Z,27.0,80.1
20260703T090330Z,27.0,80.2
20260703T090345Z,27.0,80.2
20260703T090400Z,27.0,80.3
20260703T090415Z,27.0,80.4
20260703T090430Z,27.1,80.4
20260703T090445Z,27.1,80.4
20260703T090500Z,27.1,80.4
20260703T090515Z,27.0,80.4
20260703T090530Z,27.1,80.7
20260703T090545Z,27.1,80.8
20260703T090600Z,27.1,80.6
20260703T090615Z,27.1,80.7
20260703T090630Z,27.1,80.8
20260703T090645Z,27.1,80.8
20260703T090700Z,27.1,80.8
20260703T090715Z,27.1,80.9
20260703T090730Z,27.1,81.3
20260703T090745Z,27.1,81.6
20260703T090800Z,27.1,81.5
20260703T090815Z,27.1,81.4
20260703T090830Z,27.1,81.5
20260703T090845Z,27.1,81.7
20260703T090900Z,27.1,81.8
20260703T090915Z,27.1,82.2
20260703T090930Z,27.1,82.0
20260703T090945Z,27.1,82.2
20260703T091000Z,27.1,82.5
20260703T091015Z,27.1,82.7
20260703T091030Z,27.2,82.8
20260703T091045Z,27.2,82.8
20260703T091100Z,27.1,82.8
20260703T091115Z,27.2,82.9
20260703T091130Z,27.2,83.1
20260703T091145Z,27.1,83.0
20260703T091200Z,27.1,83.0
20260703T091215Z,27.1,82.9
20260703T091230Z,27.1,82.7
20260703T091245Z,27.1,82.7
20260703T091300Z,27.1,82.6
20260703T091315Z,27.1,82.5
20260703T091330Z,27.1,82.5
20260703T091345Z,27.1,82.5
20260703T091400Z,27.1,82.5
20260703T091415Z,27.1,82.4
20260703T091430Z,27.1,82.1
20260703T091445Z,27.1,82.0
20260703T091500Z,27.1,82.1
20260703T091515Z,27.1,82.3
20260703T091530Z,27.1,82.4
20260703T091545Z,27.1,82.3
20260703T091600Z,27.1,82.4
20260703T091615Z,27.0,82.2
20260703T091630Z,27.1,82.1
20260703T091644Z,27.0,82.2
20260703T091700Z,27.0,82.2
20260703T091715Z,27.0,82.1
20260703T091730Z,27.0,82.1
20260703T091745Z,27.0,82.2
20260703T091800Z,27.0,82.1
20260703T091815Z,27.0,81.9
20260703T091830Z,27.0,82.0
20260703T091845Z,27.0,82.2
20260703T091900Z,27.0,81.9
20260703T091915Z,27.0,81.8
20260703T091930Z,27.0,81.7
20260703T091945Z,27.0,81.5
20260703T092000Z,27.0,81.6
20260703T092015Z,27.0,81.2
20260703T092030Z,27.0,81.3
20260703T092045Z,27.0,81.5
20260703T092100Z,27.0,81.7
20260703T092115Z,27.0,81.8
20260703T092130Z,27.0,81.7
20260703T092145Z,27.0,81.2
20260703T092200Z,27.0,81.2
20260703T092215Z,27.0,81.5
20260703T092230Z,27.1,81.7
20260703T092245Z,27.0,81.9
20260703T092300Z,27.1,81.7
20260703T092315Z,27.1,81.5
20260703T092330Z,27.1,81.6
20260703T092345Z,27.1,81.8
20260703T092400Z,27.1,82.1
20260703T092415Z,27.1,81.0
20260703T092430Z,27.1,80.0
20260703T092445Z,27.1,80.8
20260703T092500Z,27.1,81.0
20260703T092515Z,27.1,81.8
20260703T092530Z,27.1,81.9
20260703T092545Z,27.2,82.8
20260703T092600Z,27.2,83.0
20260703T092615Z,27.1,79.1
20260703T092630Z,27.1,78.0
20260703T092645Z,27.1,79.7
20260703T092700Z,27.1,81.5
20260703T092715Z,27.2,82.2
20260703T092730Z,27.1,82.9
20260703T092745Z,27.1,83.1
20260703T092800Z,27.2,83.4
20260703T092815Z,27.2,83.4
20260703T092830Z,27.2,83.0
20260703T092845Z,27.2,82.6
20260703T092900Z,27.2,83.3
20260703T092915Z,27.2,83.5
20260703T092930Z,27.2,83.4
20260703T092945Z,27.2,82.8
20260703T093000Z,27.2,82.2
20260703T093015Z,27.2,82.7
20260703T093030Z,27.2,83.4
20260703T093045Z,27.2,83.7
20260703T093100Z,27.2,82.8
20260703T093115Z,27.2,82.6
20260703T093130Z,27.2,83.3
20260703T093145Z,27.2,83.3
20260703T093200Z,27.2,82.9
20260703T093215Z,27.2,83.1
20260703T093230Z,27.2,83.2
20260703T093245Z,27.2,83.3
20260703T093300Z,27.2,83.3
20260703T093315Z,27.2,83.1
20260703T093330Z,27.2,83.2
20260703T093345Z,27.2,83.4
20260703T093400Z,27.2,83.5
20260703T093415Z,27.2,83.1
20260703T093430Z,27.2,83.0
20260703T093445Z,27.2,83.5
20260703T093500Z,27.2,83.4
20260703T093515Z,27.2,83.1
20260703T093530Z,27.2,82.9
20260703T093545Z,27.2,82.9
20260703T093600Z,27.2,82.9
20260703T093615Z,27.3,83.0
20260703T093630Z,27.3,82.8
20260703T093645Z,27.3,82.9
20260703T093700Z,27.3,83.1
20260703T093715Z,27.3,83.1
20260703T093730Z,27.2,82.8
20260703T093745Z,27.2,82.9
20260703T093800Z,27.3,82.9
20260703T093815Z,27.2,82.8
20260703T093830Z,27.2,82.8
20260703T093845Z,27.3,83.0
20260703T093900Z,27.3,83.0
20260703T093915Z,27.3,82.9
20260703T093930Z,27.2,82.7
20260703T093945Z,27.3,82.7
20260703T094000Z,27.3,82.8
20260703T094015Z,27.3,82.8
20260703T094030Z,27.2,82.5
20260703T094045Z,27.3,82.5
20260703T094100Z,27.2,82.7
20260703T094115Z,27.2,82.7
20260703T094130Z,27.2,82.4
20260703T094145Z,27.3,82.2
20260703T094200Z,27.3,82.3
20260703T094215Z,27.3,82.4
20260703T094230Z,27.3,82.3
20260703T094245Z,27.3,82.2
20260703T094300Z,27.3,82.3
20260703T094315Z,27.3,82.3
20260703T094330Z,27.3,82.3
20260703T094345Z,27.3,82.1
20260703T094400Z,27.3,82.2
20260703T094415Z,27.3,82.2
20260703T094430Z,27.3,82.1
20260703T094445Z,27.3,82.2
20260703T094500Z,27.3,82.1
20260703T094515Z,27.3,82.1
20260703T094530Z,27.3,82.1
20260703T094545Z,27.3,82.2
20260703T094600Z,27.3,82.0
20260703T094615Z,27.3,82.0
20260703T094630Z,27.3,82.0
20260703T094645Z,27.3,82.0
20260703T094700Z,27.3,82.1
20260703T094715Z,27.3,81.8
20260703T094730Z,27.3,81.9
20260703T094745Z,27.3,82.0
20260703T094800Z,27.3,81.5
20260703T094815Z,27.3,81.1
20260703T094830Z,27.2,78.0
20260703T094845Z,27.2,79.3
20260703T094900Z,27.2,80.3
20260703T094915Z,27.2,80.5
20260703T094930Z,27.2,80.7
20260703T094945Z,27.2,80.6
20260703T095000Z,27.2,80.7
20260703T095015Z,27.2,80.4
20260703T095030Z,27.2,80.0
20260703T095045Z,27.2,80.2
20260703T095100Z,27.2,80.5
20260703T095115Z,27.2,80.6
20260703T095130Z,27.2,80.3
20260703T095145Z,27.2,80.4
20260703T095200Z,27.2,80.4
20260703T095215Z,27.2,80.4
20260703T095230Z,27.2,80.4
20260703T095245Z,27.2,80.3
20260703T095300Z,27.2,80.6
20260703T095315Z,27.2,80.7
20260703T095330Z,27.2,79.9
20260703T095345Z,27.2,79.6
20260703T095400Z,27.2,79.7
20260703T095415Z,27.2,79.9
20260703T095430Z,27.3,80.0
20260703T095445Z,27.3,80.0
20260703T095500Z,27.3,80.0
20260703T095515Z,27.3,79.9
20260703T095530Z,27.3,79.9
20260703T095545Z,27.3,80.0
20260703T095600Z,27.3,79.9
20260703T095615Z,27.3,80.0
20260703T095630Z,27.3,79.8
20260703T095645Z,27.3,79.8
20260703T095700Z,27.3,79.9
20260703T095715Z,27.3,79.8
20260703T095730Z,27.3,79.8
20260703T095745Z,27.3,79.8
20260703T095800Z,27.3,79.6
20260703T095815Z,27.3,79.8
20260703T095830Z,27.3,80.0
20260703T095845Z,27.3,80.0
20260703T095900Z,27.3,79.9
20260703T095915Z,27.3,80.0
20260703T095930Z,27.3,79.8
20260703T095945Z,27.3,79.9
20260703T100000Z,27.3,79.8
20260703T100015Z,27.3,79.8
20260703T100030Z,27.3,79.8
20260703T100045Z,27.3,79.9
20260703T100100Z,27.3,79.8
20260703T100115Z,27.3,79.8
20260703T100130Z,27.3,79.9
20260703T100145Z,27.3,79.9
20260703T100200Z,27.3,79.9
20260703T100215Z,27.4,79.8
20260703T100230Z,27.3,79.8
20260703T100245Z,27.3,79.9
20260703T100300Z,27.3,79.8
20260703T100315Z,27.3,79.8
20260703T100330Z,27.3,80.0
20260703T100345Z,27.4,80.0
20260703T100400Z,27.3,79.9
20260703T100415Z,27.3,79.9
20260703T100430Z,27.3,80.0
20260703T100445Z,27.3,80.1
20260703T100500Z,27.3,80.0
20260703T100515Z,27.3,80.0
20260703T100530Z,27.3,80.0
20260703T100545Z,27.3,80.0
20260703T100600Z,27.3,80.1
20260703T100615Z,27.3,80.1
20260703T100630Z,27.3,80.1
20260703T100645Z,27.3,80.1
20260703T100700Z,27.3,80.0
20260703T100715Z,27.3,79.8
20260703T100730Z,27.3,79.9
20260703T100745Z,27.3,79.9
20260703T100801Z,27.3,79.8
20260703T100815Z,27.3,79.8
20260703T100830Z,27.3,79.9
20260703T100845Z,27.3,79.9
20260703T100900Z,27.3,79.8
20260703T100915Z,27.3,79.7
20260703T100930Z,27.3,79.9
20260703T100945Z,27.3,79.8
20260703T101000Z,27.3,79.8
20260703T101015Z,27.3,79.8
20260703T101030Z,27.3,79.8
20260703T101045Z,27.3,79.8
20260703T101100Z,27.3,79.8
20260703T101115Z,27.3,79.8
20260703T101130Z,27.3,79.7
20260703T101145Z,27.3,79.8
20260703T101200Z,27.3,80.0
20260703T101215Z,27.3,79.8
20260703T101230Z,27.3,79.8
20260703T101245Z,27.3,79.8
20260703T101300Z,27.3,79.9
20260703T101315Z,27.3,80.0
20260703T101330Z,27.3,79.7
20260703T101345Z,27.3,79.7
20260703T101400Z,27.3,79.6
20260703T101415Z,27.3,79.5
20260703T101430Z,27.3,79.4
20260703T101445Z,27.2,79.5
20260703T101500Z,27.2,79.5
20260703T101515Z,27.2,79.6
20260703T101530Z,27.2,79.5
20260703T101545Z,27.2,79.4
20260703T101600Z,27.2,79.3
20260703T101615Z,27.2,78.8
20260703T101630Z,27.2,78.4
20260703T101645Z,27.2,78.2
20260703T101700Z,27.2,78.3
20260703T101715Z,27.2,78.4
20260703T101730Z,27.2,78.0
20260703T101745Z,27.2,78.3
20260703T101800Z,27.2,78.4
20260703T101815Z,27.2,78.0
20260703T101830Z,27.2,77.8
20260703T101845Z,27.2,77.8
20260703T101900Z,27.3,77.6
20260703T101915Z,27.3,77.4
20260703T101930Z,27.3,77.7
20260703T101945Z,27.3,77.5
20260703T102000Z,27.3,77.8
20260703T102015Z,27.3,77.6
20260703T102030Z,27.3,77.5
20260703T102045Z,27.3,77.6
20260703T102100Z,27.3,77.5
20260703T102115Z,27.3,77.4
20260703T102130Z,27.3,77.4
20260703T102145Z,27.3,77.4
20260703T102200Z,27.3,77.5
20260703T102215Z,27.3,77.6
20260703T102230Z,27.3,77.5
20260703T102245Z,27.3,77.5
20260703T102300Z,27.3,77.6
20260703T102315Z,27.3,77.6
20260703T102330Z,27.3,77.4
20260703T102345Z,27.3,77.4
20260703T102400Z,27.3,77.6
20260703T102415Z,27.4,77.4
20260703T102430Z,27.3,77.3
20260703T102445Z,27.3,77.4
20260703T102500Z,27.4,77.4
20260703T102515Z,27.4,77.4
20260703T102530Z,27.3,77.5
20260703T102545Z,27.4,77.5
20260703T102600Z,27.4,77.7
20260703T102615Z,27.4,77.6
20260703T102630Z,27.4,77.9
20260703T102645Z,27.4,77.7
20260703T102700Z,27.4,77.8
20260703T102715Z,27.4,77.7
20260703T102730Z,27.4,77.8
20260703T102745Z,27.4,77.8
20260703T102800Z,27.4,77.9
20260703T102815Z,27.4,77.8
20260703T102830Z,27.4,78.0
20260703T102845Z,27.4,77.9
20260703T102900Z,27.4,77.8
20260703T102915Z,27.4,77.9
20260703T102930Z,27.4,77.9
20260703T102945Z,27.4,77.8
20260703T103000Z,27.4,77.9
20260703T103015Z,27.4,77.9
20260703T103030Z,27.4,77.9
20260703T103045Z,27.4,77.9
20260703T103100Z,27.4,77.9
20260703T103115Z,27.4,77.9
20260703T103130Z,27.4,77.8
20260703T103145Z,27.4,78.0
20260703T103200Z,27.4,78.0
20260703T103215Z,27.4,78.0
20260703T103230Z,27.4,78.1
20260703T103245Z,27.4,78.0
20260703T103300Z,27.4,78.0
20260703T103315Z,27.4,77.9
20260703T103330Z,27.4,78.0
20260703T103345Z,27.4,77.9
20260703T103400Z,27.4,78.0
20260703T103415Z,27.4,78.0
20260703T103430Z,27.4,78.0
20260703T103445Z,27.4,78.0
20260703T103500Z,27.4,78.0
20260703T103515Z,27.4,78.1
20260703T103530Z,27.4,78.2
20260703T103545Z,27.4,78.3
20260703T103600Z,27.4,78.4
20260703T103615Z,27.4,78.6
20260703T103630Z,27.5,78.6
20260703T103645Z,27.5,78.6
20260703T103700Z,27.4,78.6
20260703T103715Z,27.5,78.7
20260703T103730Z,27.4,78.6
20260703T103745Z,27.4,78.7
20260703T103800Z,27.5,78.8
20260703T103815Z,27.5,78.9
20260703T103830Z,27.5,78.9
20260703T103845Z,27.5,78.9
20260703T103900Z,27.5,78.9
20260703T103915Z,27.5,79.0
20260703T103930Z,27.4,79.0
20260703T103945Z,27.5,79.1
20260703T104000Z,27.5,79.0
20260703T104015Z,27.5,79.1
20260703T104030Z,27.4,79.1
20260703T104045Z,27.5,79.2
20260703T104100Z,27.5,79.3
20260703T104115Z,27.5,79.3
20260703T104130Z,27.5,79.3
20260703T104145Z,27.4,79.3
20260703T104200Z,27.4,79.3
20260703T104215Z,27.5,79.4
20260703T104230Z,27.5,79.4
20260703T104245Z,27.5,79.4
20260703T104300Z,27.5,79.4
20260703T104315Z,27.5,79.4
20260703T104330Z,27.5,79.5
20260703T104345Z,27.4,79.5
20260703T104400Z,27.5,79.6
20260703T104415Z,27.5,79.6
20260703T104430Z,27.5,79.6
20260703T104445Z,27.5,79.6
20260703T104500Z,27.5,79.5
20260703T104515Z,27.5,79.6
20260703T104530Z,27.5,79.6
20260703T104545Z,27.5,79.6
20260703T104600Z,27.5,79.7
20260703T104615Z,27.5,79.8
20260703T104630Z,27.5,79.8
20260703T104645Z,27.5,79.9
20260703T104700Z,27.5,79.9
20260703T104715Z,27.5,79.9
20260703T104730Z,27.5,79.9
20260703T104745Z,27.5,80.0
20260703T104800Z,27.5,79.9
20260703T104815Z,27.5,79.9
20260703T104830Z,27.5,80.0
20260703T104845Z,27.5,80.1
20260703T104900Z,27.5,80.1
20260703T104915Z,27.5,80.2
20260703T104930Z,27.5,80.2
20260703T104945Z,27.5,80.2
20260703T105000Z,27.5,80.3
20260703T105015Z,27.5,80.3
20260703T105030Z,27.5,80.3
20260703T105045Z,27.5,80.4
20260703T105100Z,27.5,80.4
20260703T105115Z,27.5,80.4
20260703T105130Z,27.5,80.5
20260703T105145Z,27.5,80.5
20260703T105200Z,27.5,80.6
20260703T105215Z,27.5,80.6
20260703T105230Z,27.5,80.6
20260703T105245Z,27.5,80.7
20260703T105300Z,27.5,80.6
20260703T105315Z,27.5,80.6
20260703T105330Z,27.5,80.6
20260703T105345Z,27.5,80.7
20260703T105400Z,27.5,80.7
20260703T105415Z,27.5,80.7
20260703T105430Z,27.5,80.8
20260703T105445Z,27.5,80.8
20260703T105500Z,27.5,80.8
20260703T105515Z,27.5,80.9
20260703T105530Z,27.5,80.9
20260703T105545Z,27.5,80.9
20260703T105600Z,27.5,80.9
20260703T105615Z,27.5,80.9
20260703T105630Z,27.5,80.9
20260703T105645Z,27.5,81.0
20260703T105700Z,27.5,81.0
20260703T105715Z,27.5,81.1
20260703T105730Z,27.5,81.0
20260703T105745Z,27.5,81.1
20260703T105800Z,27.5,81.1
20260703T105815Z,27.5,81.1
20260703T105830Z,27.5,81.1
20260703T105845Z,27.5,81.1
20260703T105900Z,27.5,81.2
20260703T105915Z,27.5,81.2
20260703T105930Z,27.5,81.2
20260703T105945Z,27.5,81.2
20260703T110000Z,27.5,81.2
20260703T110015Z,27.5,81.3
20260703T110030Z,27.5,81.3
20260703T110045Z,27.5,81.3
20260703T110100Z,27.5,81.3
20260703T110115Z,27.5,81.3
20260703T110130Z,27.5,81.3
20260703T110145Z,27.5,81.4
20260703T110201Z,27.5,81.3
20260703T110216Z,27.5,81.4
20260703T110230Z,27.5,81.4
20260703T110245Z,27.5,81.4
20260703T110300Z,27.5,81.4
20260703T110315Z,27.5,81.4
20260703T110330Z,27.5,81.4
20260703T110345Z,27.5,81.4
20260703T110400Z,27.5,81.4
20260703T110415Z,27.5,81.4
20260703T110430Z,27.5,81.4
20260703T110445Z,27.5,81.5
20260703T110500Z,27.5,81.4
20260703T110515Z,27.5,81.5
20260703T110530Z,27.5,81.5
20260703T110545Z,27.5,81.5
20260703T110600Z,27.5,81.5
20260703T110615Z,27.5,81.5
20260703T110630Z,27.5,81.5
20260703T110645Z,27.5,81.5
20260703T110700Z,27.5,81.5
20260703T110715Z,27.5,81.5
20260703T110730Z,27.5,81.5
20260703T110745Z,27.5,81.5
20260703T110800Z,27.5,81.5
20260703T110815Z,27.5,81.5
20260703T110830Z,27.5,81.5
20260703T110845Z,27.5,81.6
20260703T110900Z,27.5,81.6
20260703T110915Z,27.5,81.5
20260703T110930Z,27.5,81.6
20260703T110945Z,27.5,81.5
20260703T111000Z,27.5,81.6
20260703T111015Z,27.5,81.6
20260703T111030Z,27.5,81.6
20260703T111045Z,27.6,81.6
20260703T111100Z,27.5,81.6
20260703T111115Z,27.6,81.6
20260703T111130Z,27.5,81.6
20260703T111145Z,27.5,81.6
20260703T111200Z,27.5,81.6
20260703T111215Z,27.5,81.6
20260703T111230Z,27.6,81.6
20260703T111245Z,27.5,81.6
20260703T111300Z,27.6,81.6
20260703T111315Z,27.5,81.6
20260703T111330Z,27.5,81.7
20260703T111345Z,27.5,81.6
20260703T111400Z,27.5,81.6
20260703T111415Z,27.5,81.7
20260703T111430Z,27.6,81.7
20260703T111445Z,27.6,81.7
20260703T111500Z,27.5,81.7
20260703T111515Z,27.5,81.7
20260703T111530Z,27.6,81.7
20260703T111545Z,27.5,81.7
20260703T111600Z,27.5,81.7
20260703T111615Z,27.5,81.7
20260703T111630Z,27.6,81.7
20260703T111645Z,27.6,81.7
20260703T111700Z,27.5,81.7
20260703T111715Z,27.5,81.7
20260703T111730Z,27.6,81.7
20260703T111745Z,27.5,81.7
20260703T111800Z,27.5,81.7
20260703T111815Z,27.6,81.7
20260703T111830Z,27.5,81.7
20260703T111846Z,27.5,81.7
20260703T111901Z,27.6,81.7
20260703T111915Z,27.6,81.7
20260703T111930Z,27.6,81.7
20260703T111945Z,27.6,81.7
20260703T112000Z,27.6,81.7
20260703T112015Z,27.6,81.7
20260703T112030Z,27.6,81.7
20260703T112045Z,27.6,81.7
20260703T112100Z,27.5,81.7
20260703T112115Z,27.6,81.7
20260703T112130Z,27.6,81.7
20260703T112145Z,27.6,81.7
20260703T112200Z,27.6,81.7
20260703T112215Z,27.6,81.7
20260703T112230Z,27.6,81.7
20260703T112245Z,27.6,81.7
20260703T112300Z,27.6,81.7
20260703T112315Z,27.6,81.7
20260703T112330Z,27.6,81.7
20260703T112345Z,27.6,81.7
20260703T112400Z,27.6,81.7
20260703T112415Z,27.6,81.7
20260703T112430Z,27.6,81.7
20260703T112445Z,27.6,81.7
20260703T112501Z,27.6,81.7
20260703T112516Z,27.6,81.7
20260703T112530Z,27.6,81.6
20260703T112545Z,27.6,81.6
20260703T112600Z,27.6,81.6
20260703T112615Z,27.6,81.6
20260703T112630Z,27.6,81.7
20260703T112645Z,27.6,81.6
20260703T112700Z,27.6,81.6
20260703T112715Z,27.6,81.6
20260703T112730Z,27.6,81.6
20260703T112745Z,27.6,81.6
20260703T112800Z,27.6,81.6
20260703T112815Z,27.6,81.5
20260703T112830Z,27.6,81.5
20260703T112845Z,27.6,81.5
20260703T112900Z,27.6,81.5
20260703T112915Z,27.6,81.5
20260703T112930Z,27.6,81.5
20260703T112945Z,27.6,81.5
20260703T113000Z,27.6,81.5
20260703T113015Z,27.6,81.5
20260703T113031Z,27.6,81.5
20260703T113045Z,27.6,81.5
20260703T113101Z,27.6,81.5
20260703T113115Z,27.6,81.5
20260703T113131Z,27.6,81.5
20260703T113145Z,27.6,81.5
20260703T113200Z,27.6,81.5
20260703T113215Z,27.6,81.5
20260703T113230Z,27.6,81.5
20260703T113245Z,27.6,81.5
20260703T113301Z,27.6,81.5
20260703T113315Z,27.5,81.5
20260703T113330Z,27.6,81.5
20260703T113345Z,27.6,81.5
20260703T113400Z,27.6,81.5
20260703T113415Z,27.6,81.5
20260703T113430Z,27.6,81.5
20260703T113445Z,27.6,81.5
20260703T113500Z,27.6,81.5
20260703T113515Z,27.6,81.5
20260703T113531Z,27.6,81.5
20260703T113546Z,27.6,81.5
20260703T113600Z,27.6,81.5
20260703T113616Z,27.6,81.5
20260703T113630Z,27.6,81.6
20260703T113646Z,27.6,81.6
20260703T113701Z,27.6,81.5
20260703T113715Z,27.6,81.6
20260703T113731Z,27.6,81.6
20260703T113745Z,27.6,81.6
20260703T113802Z,27.6,81.6
20260703T113816Z,27.6,81.6
20260703T113831Z,27.6,81.5
20260703T113845Z,27.6,81.6
20260703T113901Z,27.6,81.5
20260703T113915Z,27.6,81.5
20260703T113931Z,27.6,81.5
20260703T113945Z,27.6,81.5
20260703T114001Z,27.6,81.6
20260703T114015Z,27.6,81.6
20260703T114031Z,27.6,81.6
20260703T114046Z,27.6,81.6
20260703T114100Z,27.6,81.6
20260703T114116Z,27.6,81.6
20260703T114130Z,27.6,81.6
20260703T114146Z,27.6,81.6
20260703T114201Z,27.6,81.6
20260703T114215Z,27.6,81.6
20260703T114231Z,27.6,81.6
20260703T114245Z,27.6,81.6
20260703T114300Z,27.6,81.6
20260703T114316Z,27.6,81.6
20260703T114330Z,27.6,81.6
20260703T114346Z,27.6,81.5
20260703T114400Z,27.6,81.5
20260703T114416Z,27.6,81.5
20260703T114430Z,27.6,81.5
20260703T114446Z,27.6,81.5
20260703T114501Z,27.6,81.5
20260703T114515Z,27.6,81.5
20260703T114530Z,27.6,81.5
20260703T114546Z,27.6,81.5
20260703T114600Z,27.6,81.5
20260703T114616Z,27.6,81.5
20260703T114630Z,27.6,81.5
20260703T114646Z,27.6,81.5
20260703T114700Z,27.6,81.5
20260703T114716Z,27.6,81.5
20260703T114730Z,27.6,81.5
20260703T114745Z,27.6,81.5
20260703T114800Z,27.6,81.5
20260703T114816Z,27.6,81.5
20260703T114831Z,27.6,81.5
20260703T114845Z,27.6,81.5
20260703T114901Z,27.6,81.5
20260703T114915Z,27.6,81.5
20260703T114931Z,27.6,81.5
20260703T114945Z,27.6,81.5
20260703T115001Z,27.6,81.5
20260703T115015Z,27.6,81.5
20260703T115031Z,27.6,81.5
20260703T115045Z,27.6,81.6
20260703T115101Z,27.6,81.6
20260703T115115Z,27.6,81.6
20260703T115131Z,27.6,81.6
20260703T115145Z,27.6,81.6
20260703T115201Z,27.6,81.6
20260703T115215Z,27.6,81.6
20260703T115231Z,27.6,81.6
20260703T115245Z,27.6,81.6
20260703T115301Z,27.6,81.6
20260703T115315Z,27.6,81.6
20260703T115331Z,27.6,81.6
20260703T115345Z,27.6,81.6
20260703T115401Z,27.6,81.6
20260703T115415Z,27.6,81.6
20260703T115430Z,27.6,81.6
20260703T115446Z,27.6,81.6
20260703T115501Z,27.6,81.6
20260703T115515Z,27.6,81.6
20260703T115531Z,27.6,81.6
20260703T115545Z,27.6,81.6
20260703T115601Z,27.6,81.6
20260703T115615Z,27.6,81.6
20260703T115631Z,27.6,81.6
20260703T115645Z,27.6,81.7
20260703T115700Z,27.6,81.7
20260703T115716Z,27.6,81.7
20260703T115730Z,27.6,81.7
20260703T115745Z,27.6,81.7
20260703T115800Z,27.6,81.7
20260703T115816Z,27.6,81.7
20260703T115830Z,27.6,81.7
20260703T115845Z,27.6,81.7
20260703T115901Z,27.6,81.7
20260703T115915Z,27.6,81.7
20260703T115931Z,27.6,81.7
20260703T115945Z,27.6,81.7
20260703T120001Z,27.6,81.8
20260703T120015Z,27.6,81.8
20260703T120030Z,27.6,81.8
20260703T120045Z,27.6,81.8
20260703T120101Z,27.6,81.8
20260703T120115Z,27.6,81.8
20260703T120131Z,27.6,81.8
20260703T120145Z,27.6,81.8
20260703T120201Z,27.6,81.8
20260703T120215Z,27.6,81.8
20260703T120231Z,27.6,81.8
20260703T120245Z,27.6,81.8
20260703T120300Z,27.6,81.8
20260703T120316Z,27.6,81.8
20260703T120330Z,27.6,81.8
20260703T120346Z,27.6,81.8
20260703T120401Z,27.6,81.8
20260703T120415Z,27.6,81.9
20260703T120430Z,27.6,81.9
20260703T120446Z,27.6,81.9
20260703T120500Z,27.6,81.9
20260703T120516Z,27.6,81.9
20260703T120530Z,27.6,81.9
20260703T120546Z,27.6,81.9
20260703T120600Z,27.6,81.9
20260703T120616Z,27.6,81.9
20260703T120630Z,27.7,81.9
20260703T120646Z,27.6,81.9
20260703T120700Z,27.6,81.9
20260703T120715Z,27.6,81.9
20260703T120731Z,27.6,81.9
20260703T120746Z,27.6,81.9
20260703T120801Z,27.6,82.0
20260703T120816Z,27.6,81.9
20260703T120830Z,27.6,82.0
20260703T120846Z,27.6,82.0
20260703T120901Z,27.6,82.0
20260703T120916Z,27.6,82.0
20260703T120930Z,27.6,82.0
20260703T120946Z,27.6,82.0
20260703T121000Z,27.6,82.0
20260703T121015Z,27.6,82.0
20260703T121031Z,27.6,82.0
20260703T121046Z,27.6,82.0
20260703T121101Z,27.6,82.0
20260703T121115Z,27.6,82.0
20260703T121131Z,27.6,82.0
20260703T121145Z,27.7,82.0
20260703T121201Z,27.7,82.0
20260703T121215Z,27.7,82.0
20260703T121231Z,27.7,82.0
20260703T121245Z,27.7,82.0
20260703T121301Z,27.7,82.0
20260703T121315Z,27.7,82.0
20260703T121331Z,27.6,82.0
20260703T121345Z,27.6,82.0
20260703T121401Z,27.6,82.0
20260703T121415Z,27.6,82.1
20260703T121431Z,27.6,82.1
20260703T121445Z,27.6,82.1
20260703T121501Z,27.6,82.1
20260703T121515Z,27.7,82.1
20260703T121531Z,27.6,82.1
20260703T121545Z,27.6,82.2
20260703T121600Z,27.7,82.2
20260703T121616Z,27.7,82.2
20260703T121630Z,27.7,82.2
20260703T121646Z,27.7,82.2
20260703T121701Z,27.7,82.2
20260703T121715Z,27.7,82.2
20260703T121731Z,27.6,82.2
20260703T121745Z,27.7,82.2
20260703T121801Z,27.7,82.2
20260703T121815Z,27.7,82.2
20260703T121831Z,27.7,82.2
20260703T121845Z,27.6,82.2
20260703T121902Z,27.7,82.2
20260703T121916Z,27.7,82.2
20260703T121931Z,27.6,82.2
20260703T121945Z,27.7,82.2
20260703T122002Z,27.7,82.2
20260703T122016Z,27.7,82.2
20260703T122031Z,27.7,82.3
20260703T122045Z,27.7,82.3
20260703T122101Z,27.7,82.3
20260703T122115Z,27.7,82.3
20260703T122131Z,27.7,82.3
20260703T122145Z,27.7,82.3
20260703T122200Z,27.7,82.3
20260703T122216Z,27.7,82.3
20260703T122230Z,27.7,82.3
20260703T122246Z,27.7,82.3
20260703T122301Z,27.7,82.3
20260703T122315Z,27.7,82.3
20260703T122331Z,27.7,82.3
20260703T122345Z,27.7,82.3
20260703T122400Z,27.7,82.3
20260703T122416Z,27.7,82.3
20260703T122430Z,27.7,82.3
20260703T122446Z,27.7,82.3
20260703T122500Z,27.7,82.3
20260703T122516Z,27.7,82.3
20260703T122530Z,27.7,82.3
20260703T122546Z,27.7,82.3
20260703T122600Z,27.7,82.3
20260703T122616Z,27.7,82.3
20260703T122630Z,27.7,82.3
20260703T122645Z,27.7,82.3
20260703T122701Z,27.7,82.3
20260703T122715Z,27.7,82.3
20260703T122731Z,27.7,82.3
20260703T122746Z,27.7,82.4
20260703T122801Z,27.7,82.3
20260703T122815Z,27.7,82.4
20260703T122831Z,27.7,82.4
20260703T122845Z,27.7,82.4
20260703T122901Z,27.7,82.4
20260703T122915Z,27.7,82.4
20260703T122931Z,27.7,82.4
20260703T122945Z,27.7,82.4
20260703T123001Z,27.7,82.4
20260703T123015Z,27.7,82.4
20260703T123031Z,27.7,82.4
20260703T123045Z,27.7,82.4
20260703T123101Z,27.7,82.4
20260703T123115Z,27.7,82.4
20260703T123131Z,27.7,82.4
20260703T123145Z,27.7,82.4
20260703T123201Z,27.7,82.4
20260703T123216Z,27.7,82.4
20260703T123231Z,27.7,82.4
20260703T123246Z,27.7,82.4
20260703T123301Z,27.7,82.4
20260703T123316Z,27.7,82.4
20260703T123331Z,27.7,82.4
20260703T123346Z,27.7,82.4
20260703T123401Z,27.7,82.4
20260703T123416Z,27.7,82.4
20260703T123431Z,27.7,82.4
20260703T123445Z,27.7,82.4
20260703T123501Z,27.7,82.5
20260703T123515Z,27.7,82.4
20260703T123531Z,27.7,82.4
20260703T123546Z,27.7,82.4
20260703T123601Z,27.7,82.5
20260703T123616Z,27.7,82.4
20260703T123631Z,27.7,82.5
20260703T123646Z,27.7,82.4
20260703T123701Z,27.7,82.4
20260703T123716Z,27.7,82.4
20260703T123731Z,27.7,82.5
20260703T123746Z,27.7,82.5
20260703T123801Z,27.7,82.5
20260703T123816Z,27.7,82.4
20260703T123831Z,27.7,82.5
20260703T123846Z,27.7,82.5
20260703T123901Z,27.7,82.4
20260703T123916Z,27.7,82.5
20260703T123931Z,27.7,82.5
20260703T123946Z,27.7,82.5
20260703T124001Z,27.7,82.5
20260703T124016Z,27.7,82.5
20260703T124031Z,27.7,82.5
20260703T124046Z,27.7,82.5
20260703T124101Z,27.7,82.5
20260703T124116Z,27.7,82.5
20260703T124131Z,27.7,82.5
20260703T124146Z,27.7,82.5
20260703T124201Z,27.7,82.5
20260703T124216Z,27.7,82.5
20260703T124231Z,27.7,82.5
20260703T124246Z,27.7,82.6
20260703T124301Z,27.7,82.5
20260703T124316Z,27.7,82.5
20260703T124331Z,27.7,82.5
20260703T124346Z,27.7,82.5
20260703T124401Z,27.7,82.5
20260703T124416Z,27.7,82.5
20260703T124431Z,27.7,82.5
20260703T124446Z,27.7,82.6
20260703T124501Z,27.7,82.6
20260703T124516Z,27.7,82.6
20260703T124531Z,27.7,82.5
20260703T124546Z,27.7,82.6
20260703T124601Z,27.7,82.6
20260703T124616Z,27.7,82.6
20260703T124631Z,27.7,82.6
20260703T124646Z,27.7,82.6
20260703T124701Z,27.7,82.6
20260703T124716Z,27.7,82.6
20260703T124731Z,27.7,82.6
20260703T124746Z,27.7,82.6
20260703T124801Z,27.7,82.6
20260703T124816Z,27.7,82.6
20260703T124831Z,27.7,82.6
20260703T124846Z,27.7,82.6
20260703T124901Z,27.7,82.6
20260703T124916Z,27.7,82.6
20260703T124931Z,27.7,82.6
20260703T124946Z,27.7,82.6
20260703T125001Z,27.7,82.6
20260703T125016Z,27.7,82.6
20260703T125031Z,27.7,82.6
20260703T125046Z,27.7,82.6
20260703T125101Z,27.7,82.6
20260703T125116Z,27.7,82.6
20260703T125131Z,27.7,82.6
20260703T125146Z,27.7,82.7
20260703T125202Z,27.7,82.7
20260703T125216Z,27.7,82.7
20260703T125231Z,27.7,82.7
20260703T125246Z,27.7,82.7
20260703T125301Z,27.7,82.7
20260703T125316Z,27.7,82.8
20260703T125331Z,27.7,82.8
20260703T125346Z,27.7,82.8
20260703T125401Z,27.7,82.8
20260703T125416Z,27.7,82.9
20260703T125431Z,27.7,82.8
20260703T125446Z,27.7,82.8
20260703T125501Z,27.7,82.8
20260703T125516Z,27.7,82.9
20260703T125531Z,27.7,82.9
20260703T125546Z,27.6,83.0
20260703T125601Z,27.6,83.2
20260703T125616Z,27.6,83.3
20260703T125631Z,27.5,83.4
20260703T125646Z,27.5,83.5
20260703T125701Z,27.5,83.6
20260703T125716Z,27.5,83.7
20260703T125731Z,27.5,83.8
20260703T125746Z,27.4,83.8
20260703T125801Z,27.4,83.9
20260703T125816Z,27.4,84.0
20260703T125831Z,27.4,84.0
20260703T125846Z,27.4,84.0
20260703T125901Z,27.4,84.1
20260703T125916Z,27.4,84.2
20260703T125931Z,27.4,84.2
20260703T125946Z,27.4,84.3
20260703T130001Z,27.3,84.3
20260703T130016Z,27.3,84.3
20260703T130031Z,27.3,84.4
20260703T130046Z,27.3,84.5
20260703T130101Z,27.3,84.4
20260703T130116Z,27.3,84.5
20260703T130131Z,27.3,84.5
20260703T130146Z,27.3,84.5
20260703T130201Z,27.3,84.5
20260703T130216Z,27.3,84.6
20260703T130231Z,27.3,84.6
20260703T130246Z,27.3,84.6
20260703T130301Z,27.3,84.6
20260703T130316Z,27.3,84.6
20260703T130331Z,27.3,84.7
20260703T130346Z,27.3,84.7
20260703T130401Z,27.3,84.7
20260703T130416Z,27.3,84.7
20260703T130431Z,27.3,84.7
20260703T130446Z,27.3,84.7
20260703T130501Z,27.3,84.7
20260703T130516Z,27.3,84.7
20260703T130531Z,27.3,84.8
20260703T130546Z,27.3,84.7
20260703T130602Z,27.3,84.8
20260703T130616Z,27.3,84.8
20260703T130631Z,27.3,84.8
20260703T130646Z,27.3,84.8
20260703T130701Z,27.3,84.8
20260703T130716Z,27.3,84.8
20260703T130731Z,27.3,84.8
20260703T130746Z,27.3,84.8
20260703T130801Z,27.3,84.8
20260703T130816Z,27.3,84.8
20260703T130831Z,27.3,84.8
20260703T130846Z,27.3,84.8
20260703T130901Z,27.3,84.9
20260703T130916Z,27.3,84.9
20260703T130931Z,27.4,84.9
20260703T130946Z,27.4,84.9
20260703T131001Z,27.3,84.9
20260703T131016Z,27.4,84.9
20260703T131031Z,27.4,84.9
20260703T131046Z,27.4,84.9
20260703T131101Z,27.4,84.9
20260703T131116Z,27.4,85.0
20260703T131131Z,27.4,85.0
20260703T131146Z,27.4,84.9
20260703T131201Z,27.4,84.9
20260703T131216Z,27.4,84.9
20260703T131231Z,27.4,85.0
20260703T131246Z,27.4,85.0
20260703T131301Z,27.4,85.0
20260703T131316Z,27.4,85.0
20260703T131331Z,27.4,85.0
20260703T131346Z,27.4,85.0
20260703T131401Z,27.3,85.0
20260703T131416Z,27.4,85.1
20260703T131431Z,27.4,85.1
20260703T131446Z,27.3,85.1
20260703T131501Z,27.3,85.1
20260703T131516Z,27.3,85.1
20260703T131531Z,27.4,85.1
20260703T131546Z,27.4,85.1
20260703T131601Z,27.4,85.1
20260703T131616Z,27.4,85.1
20260703T131631Z,27.3,85.1
20260703T131646Z,27.4,85.2
20260703T131701Z,27.4,85.1
20260703T131716Z,27.4,85.2
20260703T131731Z,27.4,85.2
20260703T131746Z,27.4,85.2
20260703T131801Z,27.4,85.2
20260703T131816Z,27.4,85.2
20260703T131831Z,27.3,85.2
20260703T131846Z,27.4,85.3
20260703T131901Z,27.4,85.3
20260703T131916Z,27.4,85.3
20260703T131931Z,27.3,85.3
20260703T131946Z,27.4,85.4
20260703T132001Z,27.4,85.3
20260703T132016Z,27.4,85.3
20260703T132031Z,27.4,85.4
20260703T132046Z,27.4,85.3
20260703T132101Z,27.4,85.4
20260703T132116Z,27.4,85.3
20260703T132131Z,27.4,85.3
20260703T132146Z,27.4,85.3
20260703T132201Z,27.4,85.3
20260703T132216Z,27.3,85.3
20260703T132231Z,27.4,85.5
20260703T132246Z,27.4,85.4
20260703T132301Z,27.4,85.4
20260703T132316Z,27.4,85.4
20260703T132331Z,27.4,85.4
20260703T132346Z,27.4,85.5
20260703T132401Z,27.4,85.4
20260703T132416Z,27.4,85.5
20260703T132431Z,27.4,85.4
20260703T132446Z,27.4,85.5
20260703T132501Z,27.4,85.5
20260703T132516Z,27.4,85.5
20260703T132531Z,27.4,85.5
20260703T132546Z,27.4,85.5
20260703T132602Z,27.4,85.6
20260703T132616Z,27.4,85.6
20260703T132631Z,27.4,85.6
20260703T132646Z,27.4,85.6
20260703T132701Z,27.4,85.6
20260703T132716Z,27.4,85.6
20260703T132731Z,27.4,85.6
20260703T132746Z,27.4,85.6
20260703T132801Z,27.4,85.6
20260703T132816Z,27.4,85.6
20260703T132831Z,27.4,85.6
20260703T132846Z,27.4,85.6
20260703T132901Z,27.4,85.7
20260703T132916Z,27.4,85.7
20260703T132931Z,27.4,85.7
20260703T132946Z,27.4,85.7
20260703T133001Z,27.4,85.7
20260703T133016Z,27.4,85.7
20260703T133031Z,27.4,85.8
20260703T133046Z,27.4,85.7
20260703T133101Z,27.4,85.7
20260703T133116Z,27.4,85.7
20260703T133131Z,27.4,85.8
20260703T133146Z,27.4,85.7
20260703T133201Z,27.4,85.7
20260703T133216Z,27.4,85.8
20260703T133231Z,27.4,85.9
20260703T133246Z,27.4,85.8
20260703T133301Z,27.4,85.8
20260703T133316Z,27.4,85.9
20260703T133331Z,27.4,85.7
20260703T133346Z,27.5,85.7
20260703T133401Z,27.5,85.6
20260703T133416Z,27.5,85.6
20260703T133431Z,27.5,85.6
20260703T133446Z,27.6,85.5
20260703T133502Z,27.6,85.5
20260703T133517Z,27.6,85.4
20260703T133531Z,27.6,85.3
20260703T133546Z,27.6,85.4
20260703T133602Z,27.7,85.3
20260703T133617Z,27.7,85.3
20260703T133631Z,27.7,85.2
20260703T133646Z,27.7,85.1
20260703T133702Z,27.7,85.1
20260703T133717Z,27.7,85.1
20260703T133731Z,27.7,85.1
20260703T133746Z,27.7,85.1
20260703T133801Z,27.8,85.2
20260703T133816Z,27.8,85.5
20260703T133831Z,27.8,85.1
20260703T133846Z,27.8,85.1
20260703T133901Z,27.8,85.0
20260703T133916Z,27.8,85.1
20260703T133931Z,27.8,85.0
20260703T133946Z,27.8,85.0
20260703T134001Z,27.8,85.0
20260703T134016Z,27.9,85.0
20260703T134031Z,27.9,85.1
20260703T134046Z,27.9,85.0
20260703T134101Z,27.9,85.0
20260703T134116Z,27.9,85.0
20260703T134131Z,27.9,84.8
20260703T134146Z,27.9,84.9
20260703T134201Z,27.9,84.8
20260703T134216Z,27.9,84.8
20260703T134231Z,27.9,84.8
20260703T134246Z,27.9,84.8
20260703T134301Z,27.9,84.9
20260703T134316Z,27.9,84.9
20260703T134331Z,27.9,84.9
20260703T134346Z,27.9,84.8
20260703T134401Z,27.9,84.9
20260703T134416Z,27.9,84.9
20260703T134431Z,27.9,84.8
20260703T134446Z,27.9,84.7
20260703T134501Z,27.9,84.8
20260703T134516Z,27.9,84.7
20260703T134531Z,27.9,84.8
20260703T134546Z,27.9,84.8
20260703T134601Z,27.9,84.8
20260703T134616Z,27.9,84.8
20260703T134631Z,27.9,84.8
20260703T134646Z,27.9,84.8
20260703T134701Z,27.9,84.7
20260703T134716Z,27.9,84.7
20260703T134731Z,27.9,84.7
20260703T134746Z,27.9,84.7
20260703T134801Z,27.9,84.7
20260703T134816Z,28.0,84.8
20260703T134831Z,27.9,84.7
20260703T134846Z,27.9,84.7
20260703T134901Z,27.9,84.7
20260703T134916Z,27.9,84.7
20260703T134931Z,27.9,84.7
20260703T134946Z,28.0,84.7
20260703T135001Z,27.9,84.8
20260703T135016Z,27.9,84.8
20260703T135031Z,27.9,84.7
20260703T135046Z,28.0,84.7
20260703T135101Z,28.0,84.7
20260703T135116Z,28.0,84.7
20260703T135131Z,28.0,84.8
20260703T135146Z,28.0,84.8
20260703T135201Z,28.0,84.7
20260703T135216Z,28.0,84.9
20260703T135231Z,28.0,84.8
20260703T135246Z,28.0,84.8
20260703T135301Z,28.0,84.7
20260703T135316Z,28.0,84.8
20260703T135331Z,28.0,84.7
20260703T135346Z,28.0,84.7
20260703T135401Z,28.0,84.8
20260703T135416Z,28.0,84.8
20260703T135431Z,28.0,84.8
20260703T135446Z,28.0,84.8
20260703T135501Z,28.0,84.8
20260703T135516Z,28.0,84.8
20260703T135531Z,28.0,84.8
20260703T135546Z,28.0,84.9
20260703T135601Z,28.0,84.8
20260703T135616Z,28.0,84.8
20260703T135631Z,28.0,84.8
20260703T135646Z,28.0,84.8
20260703T135701Z,28.0,84.9
20260703T135716Z,28.0,84.9
20260703T135731Z,28.0,84.9
20260703T135746Z,28.0,84.9
20260703T135801Z,28.0,84.8
20260703T135816Z,28.0,84.9
20260703T135831Z,28.0,84.9
20260703T135846Z,28.0,85.0
20260703T135901Z,28.0,84.9
20260703T135916Z,28.0,85.0
20260703T135931Z,28.0,85.1
20260703T135946Z,28.0,85.0
20260703T140001Z,28.0,84.9
20260703T140016Z,28.0,85.0
20260703T140031Z,28.0,84.9
20260703T140046Z,28.0,85.1
20260703T140101Z,28.0,85.0
20260703T140116Z,28.0,85.1
20260703T140131Z,28.0,85.1
20260703T140146Z,28.0,85.1
20260703T140201Z,28.0,85.1
20260703T140216Z,28.0,85.0
20260703T140231Z,28.0,85.1
20260703T140246Z,28.0,85.1
20260703T140301Z,28.0,85.2
20260703T140316Z,28.0,85.3
20260703T140331Z,28.0,85.3
20260703T140346Z,28.0,85.3
20260703T140401Z,28.0,85.3
20260703T140416Z,28.0,85.3
20260703T140431Z,28.0,85.3
20260703T140446Z,28.0,85.3
20260703T140501Z,28.0,85.3
20260703T140516Z,28.0,85.2
20260703T140531Z,28.0,85.3
20260703T140546Z,28.1,85.2
20260703T140601Z,28.0,85.2
20260703T140616Z,28.1,85.2
20260703T140631Z,28.0,85.2
20260703T140646Z,28.0,85.2
20260703T140702Z,28.0,85.2
20260703T140716Z,28.0,85.3
20260703T140731Z,28.0,85.2
20260703T140746Z,28.0,85.1
20260703T140801Z,28.0,85.3
20260703T140816Z,28.0,85.4
20260703T140831Z,28.0,85.5
20260703T140846Z,28.0,85.4
20260703T140901Z,28.0,85.4
20260703T140916Z,28.0,85.4
20260703T140931Z,28.0,85.3
20260703T140946Z,28.0,85.3
20260703T141001Z,28.0,85.3
20260703T141016Z,28.0,85.3
20260703T141031Z,28.0,85.5
20260703T141046Z,28.0,85.7
20260703T141101Z,28.0,85.7
20260703T141116Z,28.0,85.7
20260703T141131Z,28.0,85.6
20260703T141146Z,28.0,85.5
20260703T141201Z,28.0,85.7
20260703T141216Z,28.0,85.5
20260703T141231Z,28.0,85.5
20260703T141246Z,28.0,85.5
20260703T141301Z,28.0,85.7
20260703T141316Z,28.0,85.5
20260703T141331Z,28.0,85.6
20260703T141346Z,28.0,85.6
20260703T141401Z,28.0,85.7
20260703T141416Z,28.0,85.6
20260703T141431Z,28.0,85.8
20260703T141446Z,28.0,85.6
20260703T141501Z,28.0,85.6
20260703T141516Z,28.0,86.0
20260703T141531Z,28.0,85.9
20260703T141546Z,28.0,84.2
20260703T141601Z,28.0,84.5
20260703T141616Z,27.9,83.6
20260703T141631Z,27.9,82.7
20260703T141646Z,27.8,82.3
20260703T141701Z,27.8,81.3
20260703T141716Z,27.7,80.6
20260703T141731Z,27.6,79.6
20260703T141746Z,27.5,79.2
20260703T141801Z,27.4,79.0
20260703T141816Z,27.3,77.7
20260703T141831Z,27.2,77.1
20260703T141846Z,27.1,76.5
20260703T141901Z,27.0,75.7
20260703T141916Z,26.9,75.7
20260703T141931Z,26.8,74.8
20260703T141946Z,26.7,74.2
20260703T142001Z,26.7,73.1
20260703T142016Z,26.5,72.5
20260703T142031Z,26.5,71.9
20260703T142046Z,26.3,71.1
20260703T142101Z,26.2,70.9
20260703T142116Z,26.1,70.5
20260703T142131Z,26.0,69.9
20260703T142146Z,25.9,69.5
20260703T142201Z,25.8,69.0
20260703T142216Z,25.7,68.4
20260703T142231Z,25.6,67.8
20260703T142246Z,25.5,67.4
20260703T142301Z,25.4,66.8
20260703T142316Z,25.3,66.6
20260703T142331Z,25.2,66.4
20260703T142346Z,25.1,66.3
20260703T142401Z,25.0,65.6
20260703T142416Z,24.9,65.5
20260703T142431Z,24.9,65.0
20260703T142446Z,24.8,64.5
20260703T142501Z,24.8,64.2
20260703T142516Z,24.7,63.9
20260703T142531Z,24.6,63.7
20260703T142546Z,24.6,63.1
20260703T142601Z,24.5,62.6
20260703T142616Z,24.4,62.5
20260703T142631Z,24.3,62.1
20260703T142646Z,24.3,63.0
20260703T142701Z,24.3,64.5
20260703T142716Z,24.3,66.3
20260703T142731Z,24.3,67.8
20260703T142746Z,24.4,68.5
20260703T142801Z,24.5,69.4
20260703T142816Z,24.5,69.6
20260703T142831Z,24.6,70.1
20260703T142846Z,24.7,70.6
20260703T142901Z,24.7,71.0
20260703T142916Z,24.7,71.7
20260703T142931Z,24.8,72.3
20260703T142946Z,24.9,72.4
20260703T143001Z,24.9,72.9
20260703T143016Z,25.0,73.4
20260703T143031Z,25.1,73.7
20260703T143046Z,25.1,74.4
20260703T143101Z,25.2,75.0
20260703T143116Z,25.2,74.9
20260703T143131Z,25.3,75.7
20260703T143146Z,25.3,76.3
20260703T143201Z,25.3,76.6
20260703T143216Z,25.4,76.8
20260703T143231Z,25.4,77.3
20260703T143246Z,25.4,77.6
20260703T143301Z,25.5,77.9
20260703T143316Z,25.5,78.2
20260703T143331Z,25.6,78.5
20260703T143346Z,25.6,78.9
20260703T143401Z,25.6,78.9
20260703T143416Z,25.7,79.5
20260703T143431Z,25.7,79.7
20260703T143446Z,25.7,80.1
20260703T143501Z,25.8,80.3
20260703T143516Z,25.8,79.8
20260703T143531Z,25.8,79.8
20260703T143546Z,25.8,78.5
20260703T143601Z,25.8,78.2
20260703T143616Z,25.8,77.0
20260703T143631Z,25.8,76.1
20260703T143646Z,25.7,75.5
20260703T143701Z,25.7,74.7
20260703T143716Z,25.6,73.9
20260703T143731Z,25.6,73.2
20260703T143746Z,25.6,72.5
20260703T143801Z,25.5,71.9
20260703T143816Z,25.5,71.1
20260703T143831Z,25.4,70.4
20260703T143846Z,25.3,69.5
20260703T143902Z,25.2,69.1
20260703T143917Z,25.1,68.5
20260703T143931Z,25.0,68.0
20260703T143946Z,24.9,67.6
20260703T144001Z,24.8,67.2
20260703T144016Z,24.7,67.0
20260703T144031Z,24.6,66.1
20260703T144046Z,24.5,66.2
20260703T144101Z,24.4,67.5
20260703T144116Z,24.4,69.0
20260703T144131Z,24.5,70.5
20260703T144146Z,24.5,71.8
20260703T144201Z,24.5,72.8
20260703T144216Z,24.6,72.7
20260703T144231Z,24.7,73.0
20260703T144246Z,24.7,73.2
20260703T144301Z,24.7,74.1
20260703T144316Z,24.8,74.2
20260703T144331Z,24.8,74.9
20260703T144346Z,24.9,75.3
20260703T144401Z,24.9,75.4
20260703T144416Z,25.0,76.1
20260703T144431Z,25.0,76.4
20260703T144446Z,25.0,76.8
20260703T144501Z,25.1,77.0
20260703T144516Z,25.1,77.3
20260703T144531Z,25.2,77.7
20260703T144546Z,25.2,78.2
20260703T144601Z,25.3,78.1
20260703T144616Z,25.3,78.8
20260703T144631Z,25.3,79.0
20260703T144646Z,25.4,79.1
20260703T144701Z,25.4,79.6
20260703T144716Z,25.4,79.7
20260703T144731Z,25.5,80.0
20260703T144746Z,25.5,80.1
20260703T144801Z,25.5,80.6
20260703T144816Z,25.6,80.8
20260703T144831Z,25.6,81.2
20260703T144846Z,25.6,81.5
20260703T144901Z,25.6,81.6
20260703T144916Z,25.7,82.0
20260703T144931Z,25.7,82.3
20260703T144946Z,25.7,82.5
20260703T145001Z,25.7,82.7
20260703T145016Z,25.8,83.0
20260703T145031Z,25.8,83.1
20260703T145046Z,25.8,83.3
20260703T145102Z,25.8,82.8
20260703T145117Z,25.8,82.1
20260703T145131Z,25.8,80.8
20260703T145146Z,25.8,80.5
20260703T145201Z,25.8,79.0
20260703T145216Z,25.7,78.5
20260703T145231Z,25.7,78.0
20260703T145246Z,25.7,77.0
20260703T145301Z,25.6,76.4
20260703T145316Z,25.6,75.1
20260703T145331Z,25.5,74.6
20260703T145346Z,25.5,73.9
20260703T145401Z,25.4,72.9
20260703T145416Z,25.3,72.5
20260703T145431Z,25.2,71.5
20260703T145446Z,25.1,70.8
20260703T145501Z,25.0,70.4
20260703T145516Z,24.9,69.9
20260703T145531Z,24.8,69.1
20260703T145546Z,24.7,68.8
20260703T145601Z,24.6,68.5
20260703T145616Z,24.6,69.5
20260703T145631Z,24.5,70.8
20260703T145646Z,24.6,72.4
20260703T145701Z,24.6,73.5
20260703T145716Z,24.6,74.1
20260703T145731Z,24.6,74.7
20260703T145746Z,24.7,74.8
20260703T145801Z,24.7,75.0
20260703T145816Z,24.7,75.5
20260703T145831Z,24.8,75.9
20260703T145846Z,24.8,76.6
20260703T145901Z,24.8,76.9
20260703T145916Z,24.9,77.2
20260703T145931Z,24.9,77.6
20260703T145946Z,25.0,78.1
20260703T150001Z,25.0,78.3
20260703T150016Z,25.0,78.5
20260703T150031Z,25.1,79.1
20260703T150046Z,25.1,79.2
20260703T150101Z,25.2,79.6
20260703T150116Z,25.2,79.9
20260703T150131Z,25.2,80.0
20260703T150146Z,25.3,80.2
20260703T150201Z,25.3,80.5
20260703T150216Z,25.4,80.8
20260703T150231Z,25.4,81.0
20260703T150246Z,25.5,81.1
20260703T150301Z,25.5,81.4
20260703T150316Z,25.5,81.7
20260703T150331Z,25.6,81.9
20260703T150346Z,25.6,82.0
20260703T150401Z,25.6,82.4
20260703T150416Z,25.7,82.4
20260703T150431Z,25.7,82.6
20260703T150446Z,25.7,83.0
20260703T150501Z,25.8,83.0
20260703T150516Z,25.8,83.3
20260703T150531Z,25.8,83.5
20260703T150546Z,25.8,83.7
20260703T150601Z,25.8,83.8
20260703T150616Z,25.9,84.1
20260703T150631Z,25.9,84.3
20260703T150646Z,25.9,84.4
20260703T150701Z,25.9,84.0
20260703T150716Z,26.0,83.1
20260703T150731Z,25.9,82.3
20260703T150746Z,25.9,81.7
20260703T150801Z,25.9,80.4
20260703T150816Z,25.9,80.0
20260703T150831Z,25.9,79.0
20260703T150846Z,25.8,78.0
20260703T150901Z,25.8,76.9
20260703T150916Z,25.7,75.6
20260703T150931Z,25.6,74.6
20260703T150946Z,25.5,73.9
20260703T151001Z,25.4,73.4
20260703T151016Z,25.2,72.1
20260703T151031Z,25.1,71.7
20260703T151046Z,24.9,71.5
20260703T151101Z,24.8,70.7
20260703T151116Z,24.7,70.6
20260703T151131Z,24.5,70.1
20260703T151146Z,24.4,69.6
20260703T151201Z,24.3,69.3
20260703T151216Z,24.2,69.8
20260703T151231Z,24.2,71.1
20260703T151246Z,24.2,72.3
20260703T151302Z,24.2,74.3
20260703T151317Z,24.3,75.4
20260703T151331Z,24.4,75.6
20260703T151346Z,24.4,76.0
20260703T151401Z,24.5,76.0
20260703T151416Z,24.6,76.2
20260703T151431Z,24.6,76.5
20260703T151446Z,24.7,77.3
20260703T151501Z,24.7,77.6
20260703T151516Z,24.8,77.7
20260703T151531Z,24.9,78.0
20260703T151546Z,24.9,78.4
20260703T151601Z,25.0,78.8
20260703T151616Z,25.0,79.0
20260703T151631Z,25.1,79.2
20260703T151646Z,25.1,79.6
20260703T151701Z,25.2,80.0
20260703T151716Z,25.2,80.1
20260703T151731Z,25.2,80.4
20260703T151746Z,25.3,80.6
20260703T151801Z,25.3,80.8
20260703T151816Z,25.3,81.1
20260703T151831Z,25.4,81.3
20260703T151846Z,25.4,81.5
20260703T151901Z,25.4,81.9
20260703T151916Z,25.5,82.0
20260703T151931Z,25.5,82.2
20260703T151946Z,25.5,82.5
20260703T152001Z,25.6,82.8
20260703T152016Z,25.6,82.9
20260703T152031Z,25.6,83.0
20260703T152046Z,25.7,83.3
20260703T152101Z,25.7,83.5
20260703T152116Z,25.7,83.7
20260703T152131Z,25.7,83.9
20260703T152146Z,25.8,84.0
20260703T152202Z,25.8,84.2
20260703T152217Z,25.8,84.3
20260703T152231Z,25.8,84.6
20260703T152247Z,25.9,84.7
20260703T152302Z,25.9,84.8
20260703T152317Z,25.9,85.1
20260703T152331Z,25.9,85.2
20260703T152346Z,25.9,85.2
20260703T152402Z,25.9,85.5
20260703T152417Z,26.0,84.9
20260703T152431Z,26.0,84.6
20260703T152446Z,26.0,83.3
20260703T152502Z,26.0,82.9
20260703T152517Z,25.9,82.1
20260703T152531Z,25.9,81.3
20260703T152546Z,25.9,80.1
20260703T152601Z,25.9,79.0
20260703T152616Z,25.8,78.1
20260703T152631Z,25.8,76.7
20260703T152646Z,25.6,75.7
20260703T152701Z,25.5,74.8
20260703T152716Z,25.4,74.3
20260703T152731Z,25.2,73.5
20260703T152746Z,25.1,72.9
20260703T152801Z,24.9,72.6
20260703T152816Z,24.8,72.0
20260703T152831Z,24.7,71.4
20260703T152846Z,24.6,70.7
20260703T152902Z,24.5,70.6
20260703T152916Z,24.4,70.2
20260703T152932Z,24.3,71.1
20260703T152946Z,24.2,72.6
20260703T153001Z,24.3,74.0
20260703T153016Z,24.3,75.3
20260703T153031Z,24.3,76.3
20260703T153046Z,24.4,77.0
20260703T153102Z,24.4,76.8
20260703T153116Z,24.5,77.1
20260703T153132Z,24.6,77.3
20260703T153146Z,24.6,77.8
20260703T153201Z,24.7,78.0
20260703T153217Z,24.7,78.6
20260703T153231Z,24.8,78.8
20260703T153247Z,24.8,79.1
20260703T153302Z,24.9,79.5
20260703T153316Z,24.9,79.7
20260703T153332Z,25.0,79.9
20260703T153346Z,25.0,80.2
20260703T153402Z,25.1,80.4
20260703T153416Z,25.1,80.6
20260703T153432Z,25.2,80.9
20260703T153447Z,25.2,81.1
20260703T153502Z,25.2,81.5
20260703T153517Z,25.3,81.7
20260703T153531Z,25.3,81.9
20260703T153547Z,25.4,82.1
20260703T153601Z,25.4,82.3
20260703T153617Z,25.4,82.5
20260703T153631Z,25.4,82.7
20260703T153647Z,25.5,83.1
20260703T153701Z,25.5,83.2
20260703T153717Z,25.5,83.4
20260703T153731Z,25.5,83.5
20260703T153747Z,25.6,83.7
20260703T153802Z,25.6,83.9
20260703T153817Z,25.6,84.2
20260703T153831Z,25.6,84.3
20260703T153847Z,25.7,84.5
20260703T153901Z,25.7,84.7
20260703T153917Z,25.7,84.8
20260703T153931Z,25.7,85.0
20260703T153947Z,25.8,85.1
20260703T154001Z,25.8,85.3
20260703T154017Z,25.8,85.5
20260703T154031Z,25.8,85.7
20260703T154047Z,25.8,85.7
20260703T154101Z,25.9,85.9
20260703T154117Z,25.9,86.0
20260703T154131Z,25.9,86.2
20260703T154147Z,25.9,86.3
20260703T154201Z,25.9,86.3
20260703T154217Z,25.9,86.1
20260703T154231Z,25.9,84.6
20260703T154247Z,25.9,83.9
20260703T154301Z,25.9,83.0
20260703T154317Z,25.9,82.6
20260703T154331Z,25.9,81.0
20260703T154347Z,25.8,80.2
20260703T154402Z,25.8,78.5
20260703T154416Z,25.7,77.9
20260703T154432Z,25.6,77.4
20260703T154446Z,25.5,76.5
20260703T154501Z,25.4,75.4
20260703T154517Z,25.3,74.4
20260703T154531Z,25.2,73.8
20260703T154547Z,25.0,73.2
20260703T154602Z,24.9,72.6
20260703T154616Z,24.8,72.1
20260703T154632Z,24.6,71.5
20260703T154646Z,24.5,71.0
20260703T154702Z,24.3,70.7
20260703T154717Z,24.2,71.3
20260703T154731Z,24.2,72.9
20260703T154747Z,24.2,74.0
20260703T154801Z,24.2,75.2
20260703T154817Z,24.3,77.0
20260703T154831Z,24.3,77.3
20260703T154847Z,24.4,77.6
20260703T154901Z,24.4,77.8
20260703T154917Z,24.5,78.0
20260703T154931Z,24.5,78.1
20260703T154947Z,24.6,78.6
20260703T155001Z,24.7,78.8
20260703T155016Z,24.7,79.3
20260703T155031Z,24.8,79.7
20260703T155047Z,24.8,79.9
20260703T155102Z,24.9,80.3
20260703T155116Z,24.9,80.3
20260703T155132Z,24.9,80.6
20260703T155146Z,25.0,80.9
20260703T155201Z,25.0,81.3
20260703T155217Z,25.1,81.4
20260703T155231Z,25.1,81.6
20260703T155247Z,25.1,82.0
20260703T155301Z,25.2,82.1
20260703T155316Z,25.2,82.4
20260703T155331Z,25.3,82.5
20260703T155347Z,25.3,82.9
20260703T155402Z,25.3,83.1
20260703T155416Z,25.4,83.3
20260703T155432Z,25.4,83.4
20260703T155446Z,25.4,83.7
20260703T155502Z,25.4,83.7
20260703T155516Z,25.5,84.0
20260703T155532Z,25.5,84.1
20260703T155546Z,25.5,84.3
20260703T155601Z,25.5,84.5
20260703T155617Z,25.6,84.7
20260703T155631Z,25.6,85.0
20260703T155646Z,25.6,85.1
20260703T155703Z,25.6,85.2
20260703T155717Z,25.7,85.4
20260703T155732Z,25.7,85.6
20260703T155746Z,25.7,85.7
20260703T155803Z,25.7,85.9
20260703T155817Z,25.8,86.0
20260703T155832Z,25.8,86.1
20260703T155846Z,25.8,86.2
20260703T155901Z,25.8,86.4
20260703T155917Z,25.8,86.4
20260703T155931Z,25.8,86.4
20260703T155947Z,25.9,86.8
20260703T160002Z,25.9,86.9
20260703T160016Z,25.9,87.0
20260703T160032Z,25.9,86.4
20260703T160046Z,25.9,85.5
20260703T160102Z,25.9,84.6
20260703T160116Z,25.9,83.8
20260703T160132Z,25.9,83.1
20260703T160146Z,25.8,82.1
20260703T160202Z,25.8,80.5
20260703T160216Z,25.8,79.7
20260703T160232Z,25.7,78.1
20260703T160246Z,25.6,77.6
20260703T160301Z,25.5,76.7
20260703T160316Z,25.4,75.7
20260703T160332Z,25.3,75.0
20260703T160347Z,25.1,74.2
20260703T160402Z,25.0,73.9
20260703T160416Z,24.8,72.9
20260703T160432Z,24.7,72.7
20260703T160446Z,24.6,72.1
20260703T160502Z,24.4,71.8
20260703T160516Z,24.3,71.5
20260703T160532Z,24.2,72.3
20260703T160546Z,24.2,73.6
20260703T160602Z,24.2,75.1
20260703T160616Z,24.3,76.7
20260703T160632Z,24.3,77.4
20260703T160646Z,24.4,77.9
20260703T160702Z,24.4,78.0
20260703T160716Z,24.5,78.2
20260703T160732Z,24.5,78.4
20260703T160746Z,24.6,78.8
20260703T160802Z,24.6,78.9
20260703T160816Z,24.7,79.3
20260703T160832Z,24.8,79.6
20260703T160846Z,24.8,79.9
20260703T160902Z,24.8,80.3
20260703T160916Z,24.9,80.5
20260703T160932Z,24.9,80.8
20260703T160946Z,25.0,81.0
20260703T161001Z,25.0,81.2
20260703T161017Z,25.0,81.5
20260703T161031Z,25.1,81.7
20260703T161047Z,25.1,82.0
20260703T161101Z,25.2,82.2
20260703T161117Z,25.2,82.4
20260703T161131Z,25.2,82.6
20260703T161147Z,25.3,82.9
20260703T161201Z,25.3,83.1
20260703T161217Z,25.3,83.4
20260703T161231Z,25.3,83.5
20260703T161247Z,25.4,83.9
20260703T161301Z,25.4,84.1
20260703T161317Z,25.4,84.3
20260703T161331Z,25.4,84.6
20260703T161347Z,25.4,84.8
20260703T161401Z,25.5,85.0
20260703T161417Z,25.5,85.0
20260703T161431Z,25.5,85.2
20260703T161447Z,25.5,85.4
20260703T161502Z,25.6,85.5
20260703T161516Z,25.6,85.6
20260703T161532Z,25.6,85.8
20260703T161546Z,25.6,86.1
20260703T161601Z,25.6,86.2
20260703T161617Z,25.6,86.2
20260703T161631Z,25.6,86.5
20260703T161647Z,25.7,86.6
20260703T161701Z,25.7,86.8
20260703T161717Z,25.7,86.9
20260703T161731Z,25.7,87.1
20260703T161747Z,25.7,87.2
20260703T161801Z,25.7,87.2
20260703T161817Z,25.7,87.3
20260703T161831Z,25.8,87.4
20260703T161846Z,25.8,87.6
20260703T161902Z,25.8,87.7
20260703T161916Z,25.8,87.4
20260703T161932Z,25.8,87.2
20260703T161947Z,25.8,85.8
20260703T162002Z,25.8,84.9
20260703T162016Z,25.8,84.4
20260703T162032Z,25.8,83.3
20260703T162046Z,25.7,82.1
20260703T162102Z,25.7,81.5
20260703T162116Z,25.6,80.8
20260703T162132Z,25.6,79.1
20260703T162146Z,25.5,78.3
20260703T162202Z,25.4,77.0
20260703T162216Z,25.3,76.3
20260703T162231Z,25.2,75.4
20260703T162247Z,25.1,74.4
20260703T162301Z,24.9,73.7
20260703T162317Z,24.8,73.2
20260703T162331Z,24.6,72.6
20260703T162347Z,24.5,72.4
20260703T162401Z,24.4,72.6
20260703T162417Z,24.3,73.8
20260703T162431Z,24.3,75.4
20260703T162447Z,24.3,77.0
20260703T162501Z,24.3,77.9
20260703T162517Z,24.3,78.6
20260703T162532Z,24.4,79.0
20260703T162547Z,24.4,79.1
20260703T162602Z,24.4,79.3
20260703T162617Z,24.5,79.6
20260703T162632Z,24.5,80.0
20260703T162646Z,24.6,80.3
20260703T162702Z,24.6,80.5
20260703T162716Z,24.6,80.7
20260703T162732Z,24.7,81.1
20260703T162746Z,24.7,81.5
20260703T162802Z,24.8,81.8
20260703T162817Z,24.8,82.1
20260703T162832Z,24.8,82.2
20260703T162847Z,24.9,82.5
20260703T162902Z,24.9,82.6
20260703T162917Z,24.9,82.7
20260703T162932Z,25.0,83.0
20260703T162947Z,25.0,83.2
20260703T163002Z,25.0,83.5
20260703T163017Z,25.0,83.7
20260703T163032Z,25.1,83.7
20260703T163047Z,25.1,83.9
20260703T163101Z,25.2,84.1
20260703T163117Z,25.2,84.2
20260703T163132Z,25.2,84.4
20260703T163147Z,25.2,84.7
20260703T163202Z,25.3,84.7
20260703T163217Z,25.3,85.0
20260703T163232Z,25.3,85.2
20260703T163247Z,25.4,85.3
20260703T163302Z,25.4,85.3
20260703T163317Z,25.4,85.8
20260703T163332Z,25.4,85.7
20260703T163347Z,25.5,85.9
20260703T163402Z,25.5,86.0
20260703T163417Z,25.5,86.1
20260703T163432Z,25.5,86.4
20260703T163447Z,25.5,86.5
20260703T163502Z,25.5,86.5
20260703T163517Z,25.6,86.7
20260703T163532Z,25.6,86.9
20260703T163547Z,25.6,87.0
20260703T163602Z,25.6,87.1
20260703T163617Z,25.6,87.2
20260703T163632Z,25.6,87.4
20260703T163647Z,25.6,87.5
20260703T163702Z,25.7,87.6
20260703T163717Z,25.7,87.6
20260703T163732Z,25.7,87.8
20260703T163747Z,25.7,88.2
20260703T163802Z,25.7,88.4
20260703T163817Z,25.8,88.5
20260703T163832Z,25.8,88.5
20260703T163847Z,25.8,88.6
20260703T163902Z,25.8,88.3
20260703T163917Z,25.8,87.9
20260703T163932Z,25.8,86.5
20260703T163947Z,25.8,85.9
20260703T164002Z,25.8,85.2
20260703T164017Z,25.8,84.7
20260703T164032Z,25.8,84.0
20260703T164047Z,25.8,82.6
20260703T164102Z,25.7,81.9
20260703T164117Z,25.7,81.3
20260703T164132Z,25.7,79.2
20260703T164147Z,25.6,78.3
20260703T164202Z,25.6,76.8
20260703T164217Z,25.5,76.3
20260703T164232Z,25.4,75.2
20260703T164247Z,25.3,74.7
20260703T164302Z,25.2,73.7
20260703T164317Z,25.1,73.5
20260703T164332Z,25.0,73.1
20260703T164347Z,24.9,72.8
20260703T164402Z,24.9,73.0
20260703T164417Z,24.8,74.3
20260703T164432Z,24.8,76.0
20260703T164447Z,24.8,77.6
20260703T164502Z,24.8,78.5
20260703T164517Z,24.8,78.9
20260703T164532Z,24.8,78.8
20260703T164547Z,24.8,79.1
20260703T164602Z,24.8,79.3
20260703T164617Z,24.8,79.7
20260703T164632Z,24.9,80.1
20260703T164647Z,24.9,80.4
20260703T164702Z,24.9,80.7
20260703T164717Z,25.0,81.1
20260703T164732Z,25.0,81.4
20260703T164747Z,25.0,81.7
20260703T164802Z,25.1,81.9
20260703T164817Z,25.1,82.3
20260703T164832Z,25.1,82.5
20260703T164847Z,25.2,82.8
20260703T164902Z,25.2,83.0
20260703T164917Z,25.3,83.3
20260703T164932Z,25.3,83.5
20260703T164947Z,25.3,83.7
20260703T165002Z,25.3,83.9
20260703T165017Z,25.4,84.1
20260703T165032Z,25.4,84.4
20260703T165047Z,25.4,84.6
20260703T165102Z,25.4,84.6
20260703T165117Z,25.5,85.0
20260703T165132Z,25.5,85.2
20260703T165147Z,25.5,85.3
20260703T165202Z,25.5,85.6
20260703T165217Z,25.5,85.7
20260703T165232Z,25.5,86.0
20260703T165247Z,25.6,86.1
20260703T165302Z,25.6,86.3
20260703T165317Z,25.6,86.4
20260703T165332Z,25.6,86.5
20260703T165347Z,25.6,86.7
20260703T165402Z,25.6,87.0
20260703T165417Z,25.6,87.1
20260703T165432Z,25.7,87.3
20260703T165447Z,25.7,87.3
20260703T165502Z,25.7,87.5
20260703T165517Z,25.7,87.5
20260703T165532Z,25.7,87.6
20260703T165547Z,25.7,87.7
20260703T165602Z,25.8,87.9
20260703T165617Z,25.8,88.0
20260703T165632Z,25.8,88.0
20260703T165647Z,25.8,88.3
20260703T165702Z,25.8,88.3
20260703T165717Z,25.9,88.5
20260703T165732Z,25.8,88.6
20260703T165747Z,25.9,88.6
20260703T165802Z,25.9,88.8
20260703T165817Z,25.9,88.2
20260703T165832Z,25.9,87.2
20260703T165847Z,25.9,86.4
20260703T165902Z,25.8,85.9
20260703T165917Z,25.8,84.9
20260703T165932Z,25.8,84.1
20260703T165947Z,25.8,82.8
20260703T170002Z,25.7,81.7
20260703T170017Z,25.7,80.8
20260703T170032Z,25.6,79.6
20260703T170047Z,25.6,79.0
20260703T170102Z,25.5,78.4
20260703T170117Z,25.4,77.5
20260703T170132Z,25.3,76.7
20260703T170147Z,25.3,75.9
20260703T170202Z,25.2,74.9
20260703T170217Z,25.1,74.2
20260703T170232Z,25.0,73.5
20260703T170247Z,24.9,72.8
20260703T170302Z,24.9,73.6
20260703T170317Z,24.8,75.0
20260703T170332Z,24.8,76.9
20260703T170347Z,24.7,78.2
20260703T170402Z,24.7,78.8
20260703T170417Z,24.7,79.4
20260703T170432Z,24.7,79.6
20260703T170447Z,24.7,79.6
20260703T170502Z,24.7,80.0
20260703T170517Z,24.8,80.3
20260703T170532Z,24.8,80.8
20260703T170547Z,24.8,81.1
20260703T170602Z,24.9,81.4
20260703T170617Z,24.9,81.8
20260703T170632Z,24.9,82.1
20260703T170647Z,25.0,82.2
20260703T170702Z,25.0,82.6
20260703T170717Z,25.0,82.8
20260703T170732Z,25.0,82.9
20260703T170747Z,25.1,83.2
20260703T170802Z,25.1,83.6
20260703T170817Z,25.1,83.8
20260703T170832Z,25.2,84.0
20260703T170847Z,25.2,84.2
20260703T170902Z,25.2,84.4
20260703T170917Z,25.3,84.7
20260703T170932Z,25.3,84.9
20260703T170947Z,25.3,85.1
20260703T171002Z,25.3,85.4
20260703T171017Z,25.3,85.5
20260703T171032Z,25.4,85.6
20260703T171047Z,25.4,85.8
20260703T171103Z,25.4,85.9
20260703T171117Z,25.4,86.1
20260703T171132Z,25.4,86.3
20260703T171147Z,25.5,86.5
20260703T171202Z,25.5,86.6
20260703T171217Z,25.5,86.8
20260703T171232Z,25.5,86.9
20260703T171247Z,25.6,87.1
20260703T171302Z,25.6,87.3
20260703T171317Z,25.6,87.4
20260703T171332Z,25.6,87.6
20260703T171347Z,25.6,87.6
20260703T171402Z,25.6,87.8
20260703T171417Z,25.6,87.9
20260703T171432Z,25.7,88.1
20260703T171447Z,25.7,88.2
20260703T171502Z,25.7,88.2
20260703T171517Z,25.7,88.5
20260703T171532Z,25.7,88.5
20260703T171547Z,25.7,88.6
20260703T171602Z,25.7,88.7
20260703T171617Z,25.8,88.8
20260703T171632Z,25.8,88.9
20260703T171647Z,25.8,89.1
20260703T171702Z,25.8,89.1
20260703T171717Z,25.8,89.2
20260703T171732Z,25.8,89.3
20260703T171747Z,25.8,89.3
20260703T171802Z,25.9,89.4
20260703T171817Z,25.9,89.0
20260703T171832Z,25.9,88.7
20260703T171847Z,25.9,87.2
20260703T171902Z,25.9,86.7
20260703T171917Z,25.8,85.6
20260703T171932Z,25.8,84.6
20260703T171947Z,25.8,83.9
20260703T172002Z,25.7,82.9
20260703T172017Z,25.7,81.7
20260703T172032Z,25.6,80.6
20260703T172047Z,25.6,79.4
20260703T172102Z,25.5,78.1
20260703T172117Z,25.4,77.4
20260703T172132Z,25.2,76.4
20260703T172147Z,25.1,75.7
20260703T172202Z,25.0,74.8
20260703T172217Z,24.8,74.5
20260703T172232Z,24.7,74.0
20260703T172247Z,24.6,73.4
20260703T172302Z,24.5,74.5
20260703T172317Z,24.4,76.0
20260703T172332Z,24.4,77.6
20260703T172347Z,24.4,79.3
20260703T172402Z,24.4,80.1
20260703T172417Z,24.5,80.3
20260703T172432Z,24.5,80.6
20260703T172447Z,24.5,80.6
20260703T172502Z,24.5,80.9
20260703T172517Z,24.6,81.5
20260703T172532Z,24.6,81.7
20260703T172547Z,24.7,81.9
20260703T172602Z,24.7,82.3
20260703T172617Z,24.7,82.5
20260703T172632Z,24.8,82.7
20260703T172647Z,24.8,83.0
20260703T172702Z,24.8,83.2
20260703T172717Z,24.9,83.5
20260703T172732Z,24.9,83.6
20260703T172747Z,25.0,83.9
20260703T172802Z,25.0,84.0
20260703T172817Z,25.0,84.3
20260703T172832Z,25.1,84.5
20260703T172847Z,25.1,84.6
20260703T172902Z,25.1,84.8
20260703T172917Z,25.2,85.0
20260703T172932Z,25.2,85.2
20260703T172947Z,25.2,85.5
20260703T173002Z,25.2,85.5
20260703T173017Z,25.3,85.7
20260703T173032Z,25.3,85.9
20260703T173047Z,25.3,86.0
20260703T173102Z,25.3,86.2
20260703T173117Z,25.4,86.3
20260703T173132Z,25.4,86.5
20260703T173147Z,25.4,86.6
20260703T173202Z,25.4,86.9
20260703T173217Z,25.5,87.0
20260703T173232Z,25.5,87.2
20260703T173247Z,25.5,87.4
20260703T173302Z,25.5,87.4
20260703T173317Z,25.5,87.5
20260703T173332Z,25.6,87.6
20260703T173347Z,25.6,87.7
20260703T173402Z,25.6,87.8
20260703T173417Z,25.6,88.1
20260703T173432Z,25.6,88.2
20260703T173447Z,25.6,88.2
20260703T173502Z,25.7,88.4
20260703T173517Z,25.7,88.5
20260703T173532Z,25.7,88.7
20260703T173547Z,25.7,88.8
20260703T173602Z,25.7,88.9
20260703T173617Z,25.7,88.9
20260703T173632Z,25.7,89.1
20260703T173647Z,25.8,89.2
20260703T173702Z,25.8,89.4
20260703T173717Z,25.8,89.4
20260703T173732Z,25.8,89.5
20260703T173747Z,25.8,89.7
20260703T173802Z,25.8,89.6
20260703T173817Z,25.8,89.8
20260703T173832Z,25.8,89.8
20260703T173847Z,25.8,89.9
20260703T173902Z,25.9,89.9
20260703T173917Z,25.9,89.9
20260703T173932Z,25.9,90.0
20260703T173947Z,25.9,89.3
20260703T174002Z,25.9,88.8
20260703T174017Z,25.9,87.6
20260703T174032Z,25.9,86.8
20260703T174047Z,25.8,86.3
20260703T174102Z,25.8,85.0
20260703T174117Z,25.8,84.2
20260703T174132Z,25.7,83.0
20260703T174147Z,25.7,81.7
20260703T174202Z,25.6,80.8
20260703T174217Z,25.5,80.1
20260703T174232Z,25.5,78.7
20260703T174247Z,25.4,77.7
20260703T174302Z,25.3,77.0
20260703T174317Z,25.1,76.5
20260703T174332Z,25.0,75.8
20260703T174347Z,24.9,75.0
20260703T174402Z,24.7,74.6
20260703T174417Z,24.6,74.6
20260703T174432Z,24.5,76.2
20260703T174447Z,24.5,77.7
20260703T174502Z,24.5,79.4
20260703T174517Z,24.5,80.6
20260703T174532Z,24.5,80.8
20260703T174547Z,24.5,81.1
20260703T174602Z,24.6,81.1
20260703T174617Z,24.6,81.1
20260703T174632Z,24.6,81.5
20260703T174647Z,24.7,81.8
20260703T174702Z,24.7,82.1
20260703T174717Z,24.7,82.5
20260703T174732Z,24.8,82.8
20260703T174747Z,24.8,83.0
20260703T174802Z,24.8,83.2
20260703T174817Z,24.9,83.6
20260703T174832Z,24.9,83.7
20260703T174847Z,24.9,84.0
20260703T174902Z,25.0,84.1
20260703T174917Z,25.0,84.4
20260703T174932Z,25.0,84.5
20260703T174947Z,25.1,84.7
20260703T175002Z,25.1,85.0
20260703T175017Z,25.1,85.1
20260703T175032Z,25.2,85.3
20260703T175047Z,25.2,85.6
20260703T175102Z,25.2,85.7
20260703T175117Z,25.3,85.9
20260703T175132Z,25.3,86.1
20260703T175147Z,25.3,86.1
20260703T175202Z,25.3,86.4
20260703T175217Z,25.3,86.5
20260703T175232Z,25.4,86.8
20260703T175247Z,25.4,86.9
20260703T175302Z,25.4,87.0
20260703T175317Z,25.4,87.2
20260703T175332Z,25.5,87.3
20260703T175347Z,25.5,87.5
20260703T175402Z,25.5,87.6
20260703T175417Z,25.5,87.8
20260703T175432Z,25.5,88.0
20260703T175447Z,25.5,88.1
20260703T175502Z,25.5,88.2
20260703T175517Z,25.6,88.3
20260703T175532Z,25.6,88.5
20260703T175547Z,25.6,88.5
20260703T175602Z,25.6,88.6
20260703T175617Z,25.6,88.7
20260703T175632Z,25.6,88.8
20260703T175647Z,25.7,89.0
20260703T175702Z,25.7,89.0
20260703T175717Z,25.7,89.2
20260703T175732Z,25.7,89.3
20260703T175747Z,25.7,89.4
20260703T175802Z,25.7,89.4
20260703T175817Z,25.8,89.5
20260703T175832Z,25.8,89.6
20260703T175847Z,25.8,89.7
20260703T175903Z,25.8,89.7
20260703T175917Z,25.8,89.8
20260703T175932Z,25.8,89.9
20260703T175947Z,25.8,89.8
20260703T180002Z,25.8,90.0
20260703T180017Z,25.9,90.0
20260703T180032Z,25.9,90.1
20260703T180047Z,25.9,90.1
20260703T180102Z,25.9,90.1
20260703T180117Z,25.9,89.6
20260703T180132Z,25.9,89.0
20260703T180147Z,25.9,87.8
20260703T180202Z,25.9,87.2
20260703T180217Z,25.9,86.5
20260703T180232Z,25.8,85.3
20260703T180247Z,25.8,84.3
20260703T180302Z,25.8,83.3
20260703T180317Z,25.7,82.2
20260703T180332Z,25.6,81.5
20260703T180347Z,25.6,80.3
20260703T180402Z,25.5,79.4
20260703T180417Z,25.4,78.3
20260703T180432Z,25.3,77.6
20260703T180447Z,25.2,76.9
20260703T180502Z,25.1,75.9
20260703T180517Z,25.0,74.9
20260703T180532Z,24.9,74.1
20260703T180547Z,24.7,74.1
20260703T180603Z,24.6,75.5
20260703T180617Z,24.5,76.8
20260703T180632Z,24.5,78.3
20260703T180647Z,24.5,79.9
20260703T180702Z,24.6,80.3
20260703T180717Z,24.6,80.6
20260703T180732Z,24.6,80.9
20260703T180747Z,24.7,81.2
20260703T180802Z,24.7,81.6
20260703T180817Z,24.7,81.8
20260703T180832Z,24.8,82.1
20260703T180847Z,24.8,82.3
20260703T180902Z,24.8,82.8
20260703T180917Z,24.9,83.1
20260703T180932Z,24.9,83.4
20260703T180947Z,25.0,83.6
20260703T181002Z,25.0,83.9
20260703T181017Z,25.0,84.1
20260703T181032Z,25.1,84.1
20260703T181047Z,25.1,84.4
20260703T181102Z,25.1,84.5
20260703T181117Z,25.2,84.8
20260703T181132Z,25.2,85.0
20260703T181147Z,25.2,85.2
20260703T181202Z,25.2,85.4
20260703T181217Z,25.2,85.7
20260703T181232Z,25.3,85.9
20260703T181247Z,25.3,86.0
20260703T181302Z,25.3,86.1
20260703T181317Z,25.3,86.3
20260703T181332Z,25.4,86.5
20260703T181347Z,25.4,86.8
20260703T181402Z,25.4,86.9
20260703T181417Z,25.4,87.1
20260703T181432Z,25.4,87.3
20260703T181447Z,25.4,87.5
20260703T181502Z,25.5,87.5
20260703T181517Z,25.5,87.6
20260703T181532Z,25.5,87.9
20260703T181547Z,25.5,87.9
20260703T181602Z,25.5,88.1
20260703T181617Z,25.5,88.3
20260703T181632Z,25.6,88.3
20260703T181647Z,25.6,88.5
20260703T181702Z,25.6,88.6
20260703T181717Z,25.6,88.7
20260703T181732Z,25.6,88.9
20260703T181747Z,25.6,89.0
20260703T181802Z,25.6,89.0
20260703T181817Z,25.6,89.2
20260703T181832Z,25.7,89.2
20260703T181847Z,25.7,89.3
20260703T181902Z,25.7,89.4
20260703T181917Z,25.7,89.6
20260703T181932Z,25.7,89.6
20260703T181947Z,25.7,89.7
20260703T182002Z,25.7,89.8
20260703T182017Z,25.8,89.9
20260703T182032Z,25.8,90.0
20260703T182047Z,25.8,90.0
20260703T182102Z,25.8,90.1
20260703T182117Z,25.8,90.2
20260703T182132Z,25.8,90.2
20260703T182147Z,25.8,90.3
20260703T182202Z,25.9,90.3
20260703T182217Z,25.9,90.4
20260703T182232Z,25.9,90.4
20260703T182247Z,25.9,90.5
20260703T182302Z,25.9,90.0
20260703T182317Z,25.9,89.2
20260703T182332Z,25.9,88.2
20260703T182347Z,25.8,87.2
20260703T182402Z,25.8,86.8
20260703T182417Z,25.8,85.9
20260703T182432Z,25.8,84.6
20260703T182447Z,25.7,83.5
20260703T182502Z,25.7,82.7
20260703T182517Z,25.6,81.5
20260703T182532Z,25.6,80.8
20260703T182547Z,25.5,80.1
20260703T182602Z,25.4,79.0
20260703T182617Z,25.4,77.8
20260703T182632Z,25.3,76.9
20260703T182647Z,25.2,75.9
20260703T182702Z,25.1,75.6
20260703T182717Z,24.9,74.9
20260703T182732Z,24.8,75.6
20260703T182747Z,24.8,77.1
20260703T182802Z,24.8,78.4
20260703T182817Z,24.8,79.8
20260703T182832Z,24.7,80.5
20260703T182847Z,24.7,80.5
20260703T182902Z,24.7,80.8
20260703T182917Z,24.8,81.2
20260703T182932Z,24.8,81.5
20260703T182947Z,24.8,81.9
20260703T183002Z,24.8,82.3
20260703T183017Z,24.8,82.6
20260703T183032Z,24.9,82.9
20260703T183047Z,24.9,83.1
20260703T183102Z,24.9,83.4
20260703T183117Z,24.9,83.7
20260703T183132Z,25.0,83.8
20260703T183147Z,25.0,84.0
20260703T183202Z,25.0,84.4
20260703T183217Z,25.1,84.5
20260703T183232Z,25.1,84.7
20260703T183247Z,25.1,85.1
20260703T183303Z,25.1,85.2
20260703T183318Z,25.2,85.4
20260703T183332Z,25.2,85.7
20260703T183347Z,25.2,85.7
20260703T183402Z,25.2,86.0
20260703T183417Z,25.3,86.2
20260703T183432Z,25.3,86.4
20260703T183447Z,25.3,86.5
20260703T183502Z,25.3,86.9
20260703T183517Z,25.3,86.9
20260703T183532Z,25.3,87.2
20260703T183547Z,25.4,87.3
20260703T183602Z,25.4,87.5
20260703T183617Z,25.4,87.7
20260703T183632Z,25.4,87.8
20260703T183647Z,25.4,87.9
20260703T183702Z,25.4,88.1
20260703T183717Z,25.4,88.3
20260703T183732Z,25.5,88.4
20260703T183747Z,25.5,88.5
20260703T183802Z,25.5,88.6
20260703T183817Z,25.5,88.7
20260703T183832Z,25.5,88.9
20260703T183847Z,25.5,89.0
20260703T183902Z,25.5,89.0
20260703T183917Z,25.6,89.2
20260703T183932Z,25.6,89.3
20260703T183947Z,25.6,89.4
20260703T184002Z,25.6,89.5
20260703T184017Z,25.6,89.7
20260703T184032Z,25.6,89.8
20260703T184047Z,25.6,89.8
20260703T184102Z,25.7,89.9
20260703T184117Z,25.7,90.1
20260703T184132Z,25.7,90.2
20260703T184147Z,25.7,90.3
20260703T184202Z,25.7,90.3
20260703T184217Z,25.7,90.4
20260703T184232Z,25.7,90.6
20260703T184247Z,25.7,90.6
20260703T184303Z,25.7,90.7
20260703T184318Z,25.7,90.7
20260703T184332Z,25.8,90.8
20260703T184347Z,25.8,90.9
20260703T184402Z,25.8,90.9
20260703T184417Z,25.8,90.9
20260703T184432Z,25.8,91.1
20260703T184447Z,25.8,91.1
20260703T184502Z,25.8,91.1
20260703T184517Z,25.8,91.2
20260703T184532Z,25.9,90.9
20260703T184547Z,25.8,90.1
20260703T184602Z,25.8,88.9
20260703T184617Z,25.8,88.6
20260703T184632Z,25.8,87.4
20260703T184647Z,25.7,86.9
20260703T184702Z,25.7,85.9
20260703T184717Z,25.7,84.8
20260703T184732Z,25.6,83.6
20260703T184747Z,25.6,82.2
20260703T184802Z,25.6,81.5
20260703T184817Z,25.5,80.7
20260703T184832Z,25.4,79.1
20260703T184847Z,25.3,78.5
20260703T184902Z,25.2,78.2
20260703T184917Z,25.1,77.7
20260703T184932Z,25.0,77.0
20260703T184947Z,24.9,76.4
20260703T185003Z,24.8,76.5
20260703T185018Z,24.8,77.8
20260703T185032Z,24.8,79.2
20260703T185047Z,24.7,80.1
20260703T185103Z,24.7,81.0
20260703T185118Z,24.7,81.5
20260703T185132Z,24.7,81.7
20260703T185147Z,24.7,82.0
20260703T185202Z,24.7,82.5
20260703T185217Z,24.7,82.7
20260703T185232Z,24.8,83.1
20260703T185247Z,24.8,83.4
20260703T185302Z,24.8,83.6
20260703T185317Z,24.8,83.8
20260703T185332Z,24.9,84.1
20260703T185347Z,24.9,84.4
20260703T185401Z,24.9,84.7
20260703T185418Z,25.0,85.0
20260703T185432Z,25.0,85.2
20260703T185447Z,25.0,85.4
20260703T185502Z,25.0,85.7
20260703T185517Z,25.1,85.8
20260703T185532Z,25.1,86.0
20260703T185547Z,25.1,86.2
20260703T185602Z,25.1,86.5
20260703T185617Z,25.2,86.6
20260703T185632Z,25.2,86.8
20260703T185647Z,25.2,87.0
20260703T185702Z,25.2,87.2
20260703T185717Z,25.3,87.2
20260703T185732Z,25.3,87.4
20260703T185747Z,25.3,87.7
20260703T185802Z,25.3,87.7
20260703T185817Z,25.3,87.8
20260703T185832Z,25.4,88.1
20260703T185847Z,25.4,88.2
20260703T185902Z,25.4,88.4
20260703T185917Z,25.4,88.4
20260703T185932Z,25.4,88.6
20260703T185947Z,25.4,88.7
20260703T190002Z,25.5,88.9
20260703T190017Z,25.5,88.9
20260703T190032Z,25.5,89.2
20260703T190047Z,25.5,89.3
20260703T190102Z,25.5,89.4
20260703T190117Z,25.5,89.6
20260703T190132Z,25.5,89.7
20260703T190147Z,25.6,89.8
20260703T190202Z,25.6,90.0
20260703T190217Z,25.6,90.0
20260703T190232Z,25.6,90.1
20260703T190247Z,25.6,90.3
20260703T190302Z,25.6,90.3
20260703T190317Z,25.6,90.5
20260703T190332Z,25.6,90.5
20260703T190347Z,25.6,90.6
20260703T190402Z,25.7,90.8
20260703T190418Z,25.7,90.8
20260703T190433Z,25.7,90.9
20260703T190447Z,25.7,91.0
20260703T190502Z,25.7,91.1
20260703T190517Z,25.7,91.2
20260703T190532Z,25.7,91.2
20260703T190547Z,25.7,91.3
20260703T190602Z,25.8,91.3
20260703T190617Z,25.8,91.4
20260703T190632Z,25.8,91.4
20260703T190647Z,25.8,91.4
20260703T190702Z,25.8,91.5
20260703T190717Z,25.8,91.6
20260703T190732Z,25.8,91.6
20260703T190747Z,25.8,91.7
20260703T190802Z,25.9,91.6
20260703T190817Z,25.9,91.1
20260703T190832Z,25.8,90.0
20260703T190847Z,25.8,88.9
20260703T190902Z,25.8,88.4
20260703T190917Z,25.8,87.6
20260703T190932Z,25.8,86.5
20260703T190947Z,25.8,85.7
20260703T191002Z,25.7,84.5
20260703T191017Z,25.7,83.6
20260703T191032Z,25.7,82.3
20260703T191047Z,25.6,81.3
20260703T191102Z,25.5,80.0
20260703T191117Z,25.4,79.0
20260703T191132Z,25.3,78.4
20260703T191147Z,25.2,77.7
20260703T191202Z,25.1,76.7
20260703T191217Z,25.0,76.4
20260703T191232Z,24.9,75.8
20260703T191247Z,24.8,77.0
20260703T191302Z,24.8,78.3
20260703T191317Z,24.7,79.7
20260703T191332Z,24.7,80.9
20260703T191347Z,24.7,81.4
20260703T191402Z,24.7,81.7
20260703T191417Z,24.7,81.9
20260703T191432Z,24.7,82.1
20260703T191447Z,24.7,82.4
20260703T191502Z,24.8,82.9
20260703T191517Z,24.8,83.3
20260703T191533Z,24.8,83.4
20260703T191547Z,24.8,83.8
20260703T191602Z,24.9,83.9
20260703T191617Z,24.9,84.4
20260703T191632Z,24.9,84.6
20260703T191647Z,24.9,84.8
20260703T191702Z,25.0,85.0
20260703T191717Z,25.0,85.2
20260703T191732Z,25.0,85.5
20260703T191747Z,25.1,85.6
20260703T191802Z,25.1,85.9
20260703T191817Z,25.1,86.1
20260703T191832Z,25.1,86.2
20260703T191847Z,25.2,86.4
20260703T191902Z,25.2,86.6
20260703T191917Z,25.2,86.8
20260703T191932Z,25.2,86.9
20260703T191947Z,25.3,87.3
20260703T192002Z,25.3,87.3
20260703T192017Z,25.3,87.5
20260703T192032Z,25.3,87.6
20260703T192048Z,25.3,87.8
20260703T192102Z,25.3,87.9
20260703T192118Z,25.4,88.1
20260703T192132Z,25.4,88.1
20260703T192148Z,25.4,88.4
20260703T192202Z,25.4,88.6
20260703T192217Z,25.4,88.7
20260703T192232Z,25.4,88.8
20260703T192247Z,25.5,88.9
20260703T192302Z,25.5,89.1
20260703T192317Z,25.5,89.2
20260703T192332Z,25.5,89.3
20260703T192347Z,25.5,89.4
20260703T192402Z,25.5,89.5
20260703T192417Z,25.6,89.7
20260703T192432Z,25.6,89.9
20260703T192447Z,25.6,89.9
20260703T192502Z,25.6,90.0
20260703T192517Z,25.6,90.1
20260703T192532Z,25.6,90.2
20260703T192547Z,25.6,90.3
20260703T192602Z,25.6,90.3
20260703T192617Z,25.6,90.4
20260703T192632Z,25.7,90.5
20260703T192647Z,25.7,90.5
20260703T192703Z,25.7,90.6
20260703T192717Z,25.7,90.7
20260703T192733Z,25.7,90.8
20260703T192747Z,25.7,90.8
20260703T192803Z,25.7,90.9
20260703T192817Z,25.8,91.1
20260703T192833Z,25.8,91.0
20260703T192847Z,25.8,91.1
20260703T192903Z,25.8,91.1
20260703T192917Z,25.8,91.1
20260703T192933Z,25.8,91.2
20260703T192947Z,25.8,91.2
20260703T193003Z,25.8,91.4
20260703T193017Z,25.8,91.4
20260703T193032Z,25.9,91.5
20260703T193048Z,25.9,91.5
20260703T193103Z,25.9,91.0
20260703T193117Z,25.9,90.6
20260703T193133Z,25.8,89.3
20260703T193147Z,25.8,88.7
20260703T193203Z,25.8,88.0
20260703T193217Z,25.8,87.1
20260703T193233Z,25.8,85.9
20260703T193247Z,25.7,84.8
20260703T193303Z,25.7,83.9
20260703T193318Z,25.6,82.7
20260703T193333Z,25.6,82.0
20260703T193347Z,25.5,80.3
20260703T193403Z,25.4,79.6
20260703T193417Z,25.3,79.0
20260703T193433Z,25.2,77.8
20260703T193447Z,25.1,77.5
20260703T193503Z,25.0,77.0
20260703T193517Z,24.9,76.0
20260703T193533Z,24.8,76.0
20260703T193547Z,24.8,77.2
20260703T193603Z,24.7,78.4
20260703T193617Z,24.7,79.7
20260703T193633Z,24.7,80.4
20260703T193647Z,24.7,81.1
20260703T193702Z,24.7,81.2
20260703T193718Z,24.7,81.5
20260703T193732Z,24.7,82.0
20260703T193748Z,24.7,82.1
20260703T193802Z,24.7,82.7
20260703T193818Z,24.8,83.0
20260703T193832Z,24.8,83.2
20260703T193848Z,24.8,83.5
20260703T193903Z,24.8,83.8
20260703T193919Z,24.9,84.2
20260703T193933Z,24.9,84.3
20260703T193947Z,24.9,84.6
20260703T194003Z,25.0,84.9
20260703T194018Z,25.0,85.0
20260703T194033Z,25.0,85.3
20260703T194047Z,25.0,85.6
20260703T194103Z,25.1,85.8
20260703T194117Z,25.1,86.0
20260703T194133Z,25.1,86.1
20260703T194147Z,25.1,86.4
20260703T194203Z,25.2,86.6
20260703T194217Z,25.2,86.7
20260703T194233Z,25.2,86.9
20260703T194247Z,25.2,87.0
20260703T194302Z,25.3,87.3
20260703T194317Z,25.3,87.4
20260703T194333Z,25.3,87.6
20260703T194347Z,25.3,87.8
20260703T194403Z,25.3,87.8
20260703T194417Z,25.3,88.0
20260703T194432Z,25.4,88.2
20260703T194448Z,25.4,88.5
20260703T194502Z,25.4,88.6
20260703T194518Z,25.4,88.6
20260703T194532Z,25.4,88.8
20260703T194548Z,25.4,88.9
20260703T194603Z,25.4,89.0
20260703T194618Z,25.5,89.2
20260703T194632Z,25.5,89.3
20260703T194648Z,25.5,89.4
20260703T194702Z,25.5,89.5
20260703T194717Z,25.5,89.6
20260703T194733Z,25.5,89.7
20260703T194747Z,25.5,89.8
20260703T194803Z,25.6,89.9
20260703T194817Z,25.6,90.0
20260703T194833Z,25.6,90.0
20260703T194847Z,25.6,90.1
20260703T194903Z,25.6,90.3
20260703T194918Z,25.6,90.4
20260703T194932Z,25.6,90.5
20260703T194948Z,25.7,90.6
20260703T195002Z,25.7,90.6
20260703T195018Z,25.7,90.7
20260703T195032Z,25.7,90.7
20260703T195048Z,25.7,90.9
20260703T195102Z,25.7,90.9
20260703T195117Z,25.7,91.0
20260703T195133Z,25.7,91.0
20260703T195147Z,25.7,91.1
20260703T195203Z,25.7,91.1
20260703T195218Z,25.7,91.2
20260703T195232Z,25.7,91.3
20260703T195248Z,25.8,91.3
20260703T195302Z,25.8,91.3
20260703T195318Z,25.8,91.4
20260703T195332Z,25.8,91.5
20260703T195348Z,25.8,91.4
20260703T195402Z,25.8,91.5
20260703T195418Z,25.8,91.6
20260703T195432Z,25.8,91.6
20260703T195448Z,25.8,91.6
20260703T195502Z,25.9,91.2
20260703T195518Z,25.8,90.1
20260703T195532Z,25.8,89.3
20260703T195547Z,25.8,88.4
20260703T195602Z,25.8,87.5
20260703T195618Z,25.7,86.6
20260703T195632Z,25.7,85.4
20260703T195648Z,25.7,84.5
20260703T195702Z,25.6,83.4
20260703T195718Z,25.6,82.4
20260703T195732Z,25.5,81.3
20260703T195748Z,25.4,80.3
20260703T195803Z,25.3,78.8
20260703T195817Z,25.2,78.4
20260703T195833Z,25.1,78.1
20260703T195848Z,25.0,77.5
20260703T195902Z,24.9,76.3
20260703T195918Z,24.8,76.7
20260703T195932Z,24.8,77.6
20260703T195948Z,24.7,78.8
20260703T200002Z,24.7,80.1
20260703T200018Z,24.7,80.9
20260703T200032Z,24.7,81.4
20260703T200048Z,24.7,81.7
20260703T200102Z,24.7,81.7
20260703T200118Z,24.7,82.3
20260703T200132Z,24.7,82.6
20260703T200148Z,24.8,83.1
20260703T200202Z,24.8,83.3
20260703T200217Z,24.8,83.7
20260703T200233Z,24.8,83.9
20260703T200248Z,24.9,84.2
20260703T200302Z,24.9,84.4
20260703T200318Z,24.9,84.7
20260703T200332Z,25.0,84.8
20260703T200348Z,25.0,85.0
20260703T200403Z,25.0,85.3
20260703T200417Z,25.0,85.4
20260703T200433Z,25.1,85.6
20260703T200447Z,25.1,85.8
20260703T200503Z,25.1,86.0
20260703T200517Z,25.2,86.2
20260703T200533Z,25.2,86.4
20260703T200547Z,25.2,86.6
20260703T200603Z,25.2,86.8
20260703T200617Z,25.2,87.0
20260703T200633Z,25.3,87.2
20260703T200647Z,25.3,87.3
20260703T200703Z,25.3,87.5
20260703T200717Z,25.3,87.8
20260703T200733Z,25.3,88.1
20260703T200747Z,25.3,88.2
20260703T200802Z,25.4,88.3
20260703T200818Z,25.4,88.4
20260703T200833Z,25.4,88.6
20260703T200847Z,25.4,88.7
20260703T200902Z,25.4,88.8
20260703T200917Z,25.4,89.0
20260703T200933Z,25.5,89.1
20260703T200947Z,25.5,89.2
20260703T201003Z,25.5,89.4
20260703T201017Z,25.5,89.5
20260703T201033Z,25.5,89.6
20260703T201047Z,25.5,89.8
20260703T201103Z,25.5,89.8
20260703T201118Z,25.5,89.9
20260703T201133Z,25.6,90.0
20260703T201148Z,25.6,90.1
20260703T201202Z,25.6,90.2
20260703T201217Z,25.6,90.2
20260703T201233Z,25.6,90.3
20260703T201247Z,25.6,90.4
20260703T201303Z,25.6,90.6
20260703T201317Z,25.6,90.6
20260703T201333Z,25.7,90.6
20260703T201347Z,25.7,90.7
20260703T201403Z,25.7,90.8
20260703T201418Z,25.7,90.8
20260703T201433Z,25.7,90.9
20260703T201447Z,25.7,91.0
20260703T201502Z,25.7,91.1
20260703T201518Z,25.7,91.1
20260703T201532Z,25.8,91.2
20260703T201548Z,25.8,91.2
20260703T201602Z,25.8,91.3
20260703T201617Z,25.8,91.2
20260703T201633Z,25.8,91.4
20260703T201647Z,25.8,91.4
20260703T201703Z,25.8,91.5
20260703T201717Z,25.8,91.4
20260703T201733Z,25.8,91.4
20260703T201748Z,25.9,91.5
20260703T201803Z,25.9,91.0
20260703T201818Z,25.9,90.6
20260703T201833Z,25.9,89.3
20260703T201847Z,25.8,88.6
20260703T201903Z,25.8,87.8
20260703T201917Z,25.7,86.8
20260703T201933Z,25.7,86.0
20260703T201947Z,25.7,84.9
20260703T202003Z,25.7,83.3
20260703T202017Z,25.6,82.5
20260703T202032Z,25.5,81.9
20260703T202048Z,25.5,80.6
20260703T202102Z,25.4,79.7
20260703T202117Z,25.3,78.9
20260703T202133Z,25.2,78.1
20260703T202147Z,25.1,77.2
20260703T202203Z,24.9,76.3
20260703T202218Z,24.8,75.5
20260703T202233Z,24.7,76.0
20260703T202247Z,24.6,77.8
20260703T202303Z,24.6,79.1
20260703T202317Z,24.6,80.7
20260703T202333Z,24.6,81.4
20260703T202348Z,24.6,81.5
20260703T202403Z,24.6,81.8
20260703T202418Z,24.6,82.0
20260703T202433Z,24.6,82.6
20260703T202448Z,24.6,83.3
20260703T202503Z,24.6,83.5
20260703T202518Z,24.7,83.7
20260703T202533Z,24.7,83.9
20260703T202548Z,24.7,84.2
20260703T202602Z,24.8,84.4
20260703T202618Z,24.8,84.7
20260703T202632Z,24.8,85.0
20260703T202648Z,24.9,85.1
20260703T202702Z,24.9,85.5
20260703T202718Z,24.9,85.6
20260703T202733Z,25.0,85.7
20260703T202748Z,25.0,86.2
20260703T202803Z,25.0,86.3
20260703T202818Z,25.0,86.4
20260703T202833Z,25.1,86.7
20260703T202848Z,25.1,86.9
20260703T202903Z,25.1,87.1
20260703T202918Z,25.1,87.2
20260703T202933Z,25.1,87.3
20260703T202948Z,25.2,87.6
20260703T203003Z,25.2,87.8
20260703T203018Z,25.2,87.8
20260703T203033Z,25.2,88.0
20260703T203048Z,25.2,88.0
20260703T203103Z,25.3,88.2
20260703T203118Z,25.3,88.2
20260703T203133Z,25.3,88.4
20260703T203148Z,25.3,88.6
20260703T203203Z,25.4,88.8
20260703T203219Z,25.4,89.0
20260703T203233Z,25.4,89.1
20260703T203248Z,25.4,89.2
20260703T203303Z,25.4,89.2
20260703T203318Z,25.4,89.4
20260703T203333Z,25.5,89.6
20260703T203348Z,25.5,89.6
20260703T203403Z,25.5,89.7
20260703T203418Z,25.5,89.9
20260703T203433Z,25.5,89.9
20260703T203448Z,25.5,90.0
20260703T203503Z,25.5,90.1
20260703T203518Z,25.6,90.2
20260703T203533Z,25.6,90.2
20260703T203548Z,25.6,90.3
20260703T203603Z,25.6,90.4
20260703T203618Z,25.6,90.5
20260703T203633Z,25.6,90.6
20260703T203648Z,25.6,90.7
20260703T203703Z,25.6,90.8
20260703T203718Z,25.6,90.8
20260703T203733Z,25.6,90.9
20260703T203748Z,25.7,91.0
20260703T203803Z,25.7,91.0
20260703T203818Z,25.7,91.1
20260703T203833Z,25.7,91.1
20260703T203848Z,25.7,91.2
20260703T203903Z,25.7,91.2
20260703T203918Z,25.7,91.2
20260703T203933Z,25.7,91.3
20260703T203948Z,25.7,91.4
20260703T204003Z,25.8,91.4
20260703T204018Z,25.8,91.4
20260703T204033Z,25.8,91.5
20260703T204048Z,25.8,91.5
20260703T204103Z,25.8,91.5
20260703T204118Z,25.8,91.6
20260703T204133Z,25.8,91.6
20260703T204148Z,25.8,91.6
20260703T204203Z,25.8,91.7
20260703T204218Z,25.8,91.7
20260703T204233Z,25.8,91.1
20260703T204248Z,25.9,90.8
20260703T204303Z,25.8,89.3
20260703T204318Z,25.8,88.9
20260703T204333Z,25.8,88.0
20260703T204348Z,25.8,86.9
20260703T204403Z,25.8,85.9
20260703T204418Z,25.7,84.3
20260703T204433Z,25.7,83.1
20260703T204448Z,25.6,82.1
20260703T204503Z,25.5,81.1
20260703T204518Z,25.4,80.6
20260703T204533Z,25.3,80.0
20260703T204548Z,25.2,79.3
20260703T204603Z,25.1,78.1
20260703T204618Z,25.0,77.3
20260703T204633Z,24.9,76.6
20260703T204648Z,24.8,76.3
20260703T204703Z,24.7,77.3
20260703T204718Z,24.6,78.5
20260703T204733Z,24.6,80.0
20260703T204748Z,24.6,81.4
20260703T204803Z,24.6,81.9
20260703T204818Z,24.6,82.1
20260703T204833Z,24.6,82.3
20260703T204848Z,24.6,82.6
20260703T204903Z,24.7,82.8
20260703T204918Z,24.7,83.1
20260703T204933Z,24.7,83.5
20260703T204948Z,24.7,83.9
20260703T205003Z,24.8,84.0
20260703T205018Z,24.8,84.3
20260703T205033Z,24.8,84.5
20260703T205048Z,24.9,84.8
20260703T205103Z,24.9,85.0
20260703T205118Z,24.9,85.2
20260703T205133Z,24.9,85.6
20260703T205148Z,25.0,85.7
20260703T205203Z,25.0,86.0
20260703T205218Z,25.0,86.2
20260703T205233Z,25.1,86.5
20260703T205248Z,25.1,86.6
20260703T205303Z,25.1,86.7
20260703T205318Z,25.1,87.0
20260703T205333Z,25.1,87.2
20260703T205348Z,25.2,87.2
20260703T205403Z,25.2,87.4
20260703T205419Z,25.2,87.5
20260703T205433Z,25.2,87.6
20260703T205448Z,25.3,87.9
20260703T205503Z,25.3,87.9
20260703T205518Z,25.3,88.1
20260703T205533Z,25.3,88.3
20260703T205548Z,25.3,88.3
20260703T205603Z,25.3,88.5
20260703T205618Z,25.4,88.7
20260703T205633Z,25.4,88.8
20260703T205648Z,25.4,89.0
20260703T205703Z,25.4,89.2
20260703T205719Z,25.4,89.2
20260703T205733Z,25.4,89.3
20260703T205748Z,25.5,89.4
20260703T205803Z,25.5,89.5
20260703T205818Z,25.5,89.6
20260703T205833Z,25.5,89.8
20260703T205848Z,25.5,89.8
20260703T205903Z,25.5,90.0
20260703T205918Z,25.5,90.0
20260703T205933Z,25.5,90.2
20260703T205948Z,25.5,90.3
20260703T210003Z,25.5,90.4
20260703T210018Z,25.6,90.6
20260703T210033Z,25.5,90.7
20260703T210048Z,25.6,90.7
20260703T210103Z,25.6,90.8
20260703T210118Z,25.6,90.7
20260703T210133Z,25.6,90.8
20260703T210148Z,25.6,90.9
20260703T210203Z,25.6,91.0
20260703T210218Z,25.6,91.1
20260703T210233Z,25.7,91.2
20260703T210248Z,25.7,91.2
20260703T210303Z,25.7,91.2
20260703T210318Z,25.7,91.3
20260703T210333Z,25.7,91.3
20260703T210348Z,25.7,91.3
20260703T210403Z,25.7,91.4
20260703T210418Z,25.7,91.5
20260703T210433Z,25.7,91.5
20260703T210448Z,25.7,91.6
20260703T210503Z,25.8,91.6
20260703T210519Z,25.8,91.6
20260703T210533Z,25.8,91.7
20260703T210548Z,25.8,91.7
20260703T210603Z,25.8,91.8
20260703T210618Z,25.8,91.7
20260703T210633Z,25.8,91.8
20260703T210648Z,25.8,91.8
20260703T210703Z,25.8,91.7
20260703T210718Z,25.9,91.3
20260703T210733Z,25.8,89.6
20260703T210748Z,25.8,89.3
20260703T210803Z,25.8,88.0
20260703T210818Z,25.8,87.2
20260703T210833Z,25.7,85.9
20260703T210848Z,25.7,85.4
20260703T210903Z,25.6,84.7
20260703T210918Z,25.6,83.3
20260703T210933Z,25.5,82.2
20260703T210948Z,25.5,81.4
20260703T211003Z,25.4,80.5
20260703T211018Z,25.3,79.3
20260703T211033Z,25.2,78.5
20260703T211048Z,25.1,77.5
20260703T211103Z,25.0,77.1
20260703T211118Z,24.9,77.0
20260703T211133Z,24.8,77.4
20260703T211148Z,24.8,78.4
20260703T211203Z,24.7,79.4
20260703T211218Z,24.7,81.1
20260703T211233Z,24.7,82.2
20260703T211248Z,24.7,82.3
20260703T211303Z,24.7,82.4
20260703T211318Z,24.7,82.4
20260703T211333Z,24.7,82.7
20260703T211348Z,24.7,83.1
20260703T211403Z,24.8,83.6
20260703T211418Z,24.8,83.9
20260703T211433Z,24.8,84.1
20260703T211448Z,24.8,84.5
20260703T211503Z,24.9,84.9
20260703T211518Z,24.9,85.1
20260703T211533Z,24.9,85.3
20260703T211548Z,24.9,85.7
20260703T211603Z,25.0,85.7
20260703T211618Z,25.0,85.9
20260703T211633Z,25.0,86.2
20260703T211648Z,25.0,86.3
20260703T211703Z,25.1,86.6
20260703T211718Z,25.1,86.7
20260703T211733Z,25.1,86.9
20260703T211748Z,25.1,87.1
20260703T211803Z,25.1,87.2
20260703T211818Z,25.2,87.4
20260703T211833Z,25.2,87.6
20260703T211848Z,25.2,87.6
20260703T211903Z,25.2,87.9
20260703T211918Z,25.2,87.9
20260703T211933Z,25.3,88.1
20260703T211948Z,25.3,88.3
20260703T212003Z,25.3,88.5
20260703T212018Z,25.3,88.6
20260703T212033Z,25.3,88.8
20260703T212048Z,25.4,88.8
20260703T212103Z,25.4,89.0
20260703T212118Z,25.4,89.1
20260703T212133Z,25.4,89.2
20260703T212148Z,25.4,89.3
20260703T212203Z,25.4,89.4
20260703T212218Z,25.5,89.6
20260703T212233Z,25.5,89.8
20260703T212248Z,25.5,89.8
20260703T212303Z,25.5,89.9
20260703T212318Z,25.5,90.1
20260703T212333Z,25.5,90.1
20260703T212348Z,25.5,90.4
20260703T212403Z,25.5,90.4
20260703T212418Z,25.5,90.5
20260703T212433Z,25.5,90.6
20260703T212448Z,25.5,90.7
20260703T212503Z,25.6,90.8
20260703T212518Z,25.6,90.9
20260703T212533Z,25.6,91.0
20260703T212548Z,25.6,91.0
20260703T212603Z,25.6,91.0
20260703T212618Z,25.6,91.1
20260703T212633Z,25.6,91.2
20260703T212648Z,25.6,91.2
20260703T212703Z,25.7,91.2
20260703T212718Z,25.7,91.4
20260703T212733Z,25.7,91.4
20260703T212748Z,25.7,91.4
20260703T212803Z,25.7,91.5
20260703T212818Z,25.7,91.5
20260703T212833Z,25.7,91.5
20260703T212848Z,25.7,91.6
20260703T212903Z,25.7,91.7
20260703T212918Z,25.7,91.7
20260703T212933Z,25.8,91.7
20260703T212948Z,25.8,91.8
20260703T213003Z,25.8,91.8
20260703T213018Z,25.8,91.8
20260703T213033Z,25.8,91.8
20260703T213048Z,25.8,91.9
20260703T213103Z,25.8,91.9
20260703T213118Z,25.8,91.9
20260703T213133Z,25.8,91.1
20260703T213148Z,25.8,91.1
20260703T213203Z,25.8,89.6
20260703T213218Z,25.8,89.0
20260703T213233Z,25.8,88.1
20260703T213248Z,25.8,87.5
20260703T213303Z,25.7,86.5
20260703T213318Z,25.7,85.3
20260703T213333Z,25.6,84.2
20260703T213348Z,25.6,82.9
20260703T213403Z,25.5,82.0
20260703T213418Z,25.4,81.0
20260703T213433Z,25.3,79.8
20260703T213448Z,25.2,79.1
20260703T213503Z,25.1,78.6
20260703T213518Z,25.0,77.6
20260703T213533Z,24.9,77.0
20260703T213548Z,24.8,76.7
20260703T213603Z,24.7,77.7
20260703T213618Z,24.6,78.7
20260703T213633Z,24.6,80.6
20260703T213648Z,24.6,81.6
20260703T213703Z,24.6,82.2
20260703T213718Z,24.6,82.3
20260703T213733Z,24.6,82.5
20260703T213748Z,24.6,83.0
20260703T213803Z,24.6,83.1
20260703T213818Z,24.6,83.3
20260703T213833Z,24.7,83.7
20260703T213848Z,24.7,84.0
20260703T213903Z,24.7,84.4
20260703T213919Z,24.8,84.6
20260703T213933Z,24.8,84.9
20260703T213948Z,24.8,85.0
20260703T214003Z,24.8,85.3
20260703T214018Z,24.9,85.6
20260703T214033Z,24.9,85.8
20260703T214048Z,25.0,86.0
20260703T214103Z,25.0,86.1
20260703T214118Z,25.0,86.3
20260703T214133Z,25.0,86.5
20260703T214148Z,25.1,86.7
20260703T214203Z,25.1,86.9
20260703T214218Z,25.1,87.0
20260703T214233Z,25.1,87.3
20260703T214248Z,25.1,87.3
20260703T214303Z,25.2,87.5
20260703T214318Z,25.2,87.6
20260703T214333Z,25.2,87.9
20260703T214348Z,25.2,88.1
20260703T214403Z,25.3,88.2
20260703T214418Z,25.3,88.4
20260703T214433Z,25.3,88.5
20260703T214448Z,25.3,88.7
20260703T214503Z,25.3,88.8
20260703T214518Z,25.3,88.9
20260703T214533Z,25.3,89.1
20260703T214548Z,25.4,89.2
20260703T214603Z,25.4,89.2
20260703T214618Z,25.4,89.5
20260703T214633Z,25.4,89.5
20260703T214648Z,25.4,89.6
20260703T214703Z,25.4,89.8
20260703T214718Z,25.4,90.0
20260703T214733Z,25.5,90.0
20260703T214748Z,25.5,90.2
20260703T214803Z,25.5,90.2
20260703T214818Z,25.5,90.3
20260703T214833Z,25.5,90.5
20260703T214848Z,25.5,90.5
20260703T214903Z,25.5,90.6
20260703T214918Z,25.5,90.6
20260703T214933Z,25.5,90.7
20260703T214948Z,25.6,90.9
20260703T215003Z,25.6,90.9
20260703T215018Z,25.6,91.0
20260703T215033Z,25.6,91.0
20260703T215048Z,25.6,91.2
20260703T215103Z,25.6,91.3
20260703T215118Z,25.6,91.3
20260703T215133Z,25.6,91.3
20260703T215148Z,25.6,91.5
20260703T215203Z,25.6,91.5
20260703T215218Z,25.6,91.5
20260703T215233Z,25.7,91.6
20260703T215248Z,25.7,91.6
20260703T215303Z,25.7,91.6
20260703T215318Z,25.7,91.7
20260703T215333Z,25.7,91.8
20260703T215348Z,25.7,91.8
20260703T215403Z,25.7,91.8
20260703T215418Z,25.8,91.9
20260703T215433Z,25.7,91.9
20260703T215448Z,25.7,91.9
20260703T215503Z,25.8,91.9
20260703T215518Z,25.8,92.0
20260703T215533Z,25.8,92.0
20260703T215548Z,25.8,92.0
20260703T215603Z,25.8,92.0
20260703T215618Z,25.8,92.0
20260703T215633Z,25.8,91.6
20260703T215648Z,25.8,91.4
20260703T215703Z,25.8,89.9
20260703T215718Z,25.8,89.2
20260703T215733Z,25.8,88.4
20260703T215748Z,25.7,87.5
20260703T215803Z,25.7,86.4
20260703T215818Z,25.7,85.2
20260703T215833Z,25.6,84.3
20260703T215848Z,25.5,83.3
20260703T215903Z,25.5,82.4
20260703T215919Z,25.4,81.5
20260703T215933Z,25.3,80.4
20260703T215948Z,25.2,79.6
20260703T220003Z,25.1,78.9
20260703T220018Z,25.0,78.0
20260703T220033Z,24.9,77.5
20260703T220048Z,24.8,76.8
20260703T220103Z,24.7,77.9
20260703T220118Z,24.6,79.1
20260703T220133Z,24.6,80.7
20260703T220148Z,24.6,82.0
20260703T220203Z,24.6,82.5
20260703T220218Z,24.6,82.7
20260703T220233Z,24.6,83.1
20260703T220248Z,24.6,83.3
20260703T220303Z,24.6,83.5
20260703T220318Z,24.7,83.9
20260703T220333Z,24.7,84.3
20260703T220348Z,24.7,84.4
20260703T220403Z,24.7,84.8
20260703T220418Z,24.8,85.0
20260703T220433Z,24.8,85.2
20260703T220448Z,24.9,85.5
20260703T220503Z,24.9,85.6
20260703T220518Z,24.9,85.8
20260703T220533Z,24.9,86.0
20260703T220548Z,25.0,86.3
20260703T220603Z,25.0,86.6
20260703T220618Z,25.0,86.7
20260703T220633Z,25.0,86.9
20260703T220648Z,25.1,87.0
20260703T220703Z,25.1,87.2
20260703T220718Z,25.1,87.4
20260703T220733Z,25.2,87.6
20260703T220748Z,25.2,87.6
20260703T220803Z,25.2,87.8
20260703T220818Z,25.2,87.9
20260703T220833Z,25.2,88.2
20260703T220848Z,25.2,88.3
20260703T220903Z,25.3,88.4
20260703T220918Z,25.3,88.6
20260703T220933Z,25.3,88.6
20260703T220948Z,25.3,88.9
20260703T221003Z,25.3,89.0
20260703T221018Z,25.4,89.1
20260703T221033Z,25.4,89.2
20260703T221048Z,25.4,89.2
20260703T221103Z,25.4,89.4
20260703T221118Z,25.4,89.5
20260703T221133Z,25.4,89.7
20260703T221148Z,25.4,89.8
20260703T221203Z,25.5,90.0
20260703T221218Z,25.5,90.1
20260703T221233Z,25.5,90.2
20260703T221248Z,25.5,90.3
20260703T221303Z,25.5,90.4
20260703T221318Z,25.5,90.5
20260703T221333Z,25.5,90.7
20260703T221348Z,25.5,90.7
20260703T221403Z,25.5,90.8
20260703T221418Z,25.5,90.8
20260703T221433Z,25.5,90.9
20260703T221448Z,25.6,91.0
20260703T221503Z,25.6,91.1
20260703T221518Z,25.6,91.1
20260703T221533Z,25.6,91.3
20260703T221548Z,25.6,91.4
20260703T221603Z,25.6,91.4
20260703T221618Z,25.6,91.5
20260703T221633Z,25.6,91.5
20260703T221648Z,25.7,91.6
20260703T221703Z,25.7,91.7
20260703T221718Z,25.7,91.7
20260703T221733Z,25.7,91.8
20260703T221748Z,25.7,91.8
20260703T221803Z,25.7,91.8
20260703T221818Z,25.7,91.9
20260703T221833Z,25.7,91.9
20260703T221848Z,25.7,91.9
20260703T221903Z,25.7,92.0
20260703T221918Z,25.7,92.0
20260703T221933Z,25.8,92.1
20260703T221948Z,25.8,92.1
20260703T222003Z,25.8,92.1
20260703T222018Z,25.8,92.1
20260703T222033Z,25.8,92.1
20260703T222048Z,25.8,92.1
20260703T222103Z,25.8,91.4
20260703T222119Z,25.8,90.8
20260703T222133Z,25.8,89.7
20260703T222148Z,25.8,89.2
20260703T222203Z,25.7,88.0
20260703T222219Z,25.7,87.1
20260703T222234Z,25.7,85.9
20260703T222248Z,25.6,84.7
20260703T222303Z,25.6,83.7
20260703T222318Z,25.5,82.5
20260703T222333Z,25.4,81.7
20260703T222348Z,25.3,80.6
20260703T222403Z,25.2,80.1
20260703T222418Z,25.1,78.9
20260703T222433Z,25.0,78.5
20260703T222448Z,24.9,77.6
20260703T222503Z,24.8,76.8
20260703T222518Z,24.7,76.5
20260703T222533Z,24.6,77.9
20260703T222548Z,24.5,79.5
20260703T222603Z,24.5,81.2
20260703T222618Z,24.5,82.4
20260703T222633Z,24.5,82.8
20260703T222648Z,24.5,82.8
20260703T222703Z,24.5,83.0
20260703T222718Z,24.6,83.3
20260703T222733Z,24.6,83.6
20260703T222748Z,24.6,83.8
20260703T222803Z,24.6,84.2
20260703T222818Z,24.7,84.5
20260703T222833Z,24.7,84.7
20260703T222848Z,24.7,85.0
20260703T222903Z,24.8,85.3
20260703T222918Z,24.8,85.5
20260703T222933Z,24.8,85.7
20260703T222948Z,24.9,86.1
20260703T223003Z,24.9,86.2
20260703T223018Z,24.9,86.5
20260703T223033Z,24.9,86.7
20260703T223048Z,25.0,86.9
20260703T223103Z,25.0,87.0
20260703T223118Z,25.0,87.1
20260703T223133Z,25.0,87.3
20260703T223148Z,25.1,87.6
20260703T223203Z,25.1,87.7
20260703T223218Z,25.1,87.9
20260703T223233Z,25.1,88.2
20260703T223248Z,25.1,88.3
20260703T223303Z,25.2,88.4
20260703T223318Z,25.2,88.5
20260703T223333Z,25.2,88.6
20260703T223348Z,25.2,88.7
20260703T223403Z,25.2,89.0
20260703T223418Z,25.3,89.2
20260703T223433Z,25.3,89.2
20260703T223448Z,25.3,89.3
20260703T223503Z,25.3,89.4
20260703T223518Z,25.3,89.6
20260703T223533Z,25.4,89.6
20260703T223548Z,25.4,89.8
20260703T223603Z,25.4,89.9
20260703T223618Z,25.4,90.0
20260703T223633Z,25.4,90.2
20260703T223648Z,25.4,90.2
20260703T223703Z,25.4,90.3
20260703T223718Z,25.5,90.5
20260703T223733Z,25.5,90.7
20260703T223748Z,25.5,90.7
20260703T223803Z,25.5,90.8
20260703T223818Z,25.5,90.9
20260703T223833Z,25.5,91.0
20260703T223848Z,25.5,91.0
20260703T223903Z,25.5,91.2
20260703T223918Z,25.5,91.2
20260703T223933Z,25.5,91.4
20260703T223948Z,25.6,91.4
20260703T224003Z,25.6,91.5
20260703T224018Z,25.6,91.7
20260703T224033Z,25.6,91.7
20260703T224048Z,25.6,91.8
20260703T224103Z,25.6,91.8
20260703T224118Z,25.6,91.8
20260703T224133Z,25.6,91.9
20260703T224148Z,25.6,91.9
20260703T224203Z,25.7,92.0
20260703T224218Z,25.7,92.1
20260703T224233Z,25.6,92.1
20260703T224248Z,25.7,92.1
20260703T224303Z,25.7,92.2
20260703T224318Z,25.7,92.2
20260703T224333Z,25.7,92.2
20260703T224348Z,25.7,92.2
20260703T224403Z,25.7,92.2
20260703T224418Z,25.7,92.2
20260703T224433Z,25.7,92.2
20260703T224448Z,25.8,92.0
20260703T224503Z,25.8,91.6
20260703T224518Z,25.8,90.2
20260703T224533Z,25.8,89.7
20260703T224548Z,25.7,88.8
20260703T224603Z,25.7,87.6
20260703T224618Z,25.7,86.9
20260703T224633Z,25.6,85.7
20260703T224648Z,25.6,84.9
20260703T224703Z,25.5,83.9
20260703T224718Z,25.5,82.6
20260703T224733Z,25.4,81.9
20260703T224748Z,25.3,81.1
20260703T224803Z,25.2,79.7
20260703T224818Z,25.2,78.8
20260703T224833Z,25.0,77.9
20260703T224848Z,24.9,77.2
20260703T224903Z,24.8,76.5
20260703T224918Z,24.7,76.9
20260703T224933Z,24.7,78.2
20260703T224948Z,24.6,79.6
20260703T225003Z,24.6,81.3
20260703T225018Z,24.6,82.0
20260703T225033Z,24.6,82.5
20260703T225048Z,24.6,82.8
20260703T225103Z,24.6,83.1
20260703T225118Z,24.6,83.4
20260703T225133Z,24.6,83.7
20260703T225148Z,24.6,84.1
20260703T225203Z,24.7,84.3
20260703T225218Z,24.7,84.5
20260703T225233Z,24.7,84.9
20260703T225248Z,24.7,85.2
20260703T225303Z,24.7,85.4
20260703T225319Z,24.8,85.6
20260703T225334Z,24.8,85.8
20260703T225348Z,24.8,86.0
20260703T225403Z,24.9,86.3
20260703T225418Z,24.9,86.5
20260703T225433Z,24.9,86.8
20260703T225448Z,24.9,86.8
20260703T225503Z,25.0,87.1
20260703T225518Z,25.0,87.4
20260703T225533Z,25.0,87.4
20260703T225548Z,25.0,87.7
20260703T225603Z,25.0,87.9
20260703T225619Z,25.1,88.0
20260703T225634Z,25.1,88.2
20260703T225648Z,25.1,88.5
20260703T225703Z,25.1,88.6
20260703T225718Z,25.1,88.8
20260703T225733Z,25.1,88.9
20260703T225748Z,25.2,89.1
20260703T225803Z,25.2,89.2
20260703T225818Z,25.2,89.4
20260703T225833Z,25.2,89.5
20260703T225848Z,25.2,89.7
20260703T225903Z,25.3,89.8
20260703T225918Z,25.3,89.9
20260703T225933Z,25.3,90.0
20260703T225948Z,25.3,90.1
20260703T230003Z,25.3,90.2
20260703T230018Z,25.3,90.3
20260703T230033Z,25.3,90.5
20260703T230048Z,25.4,90.5
20260703T230103Z,25.4,90.7
20260703T230118Z,25.4,90.8
20260703T230133Z,25.4,90.9
20260703T230148Z,25.4,90.9
20260703T230203Z,25.4,91.1
20260703T230218Z,25.5,91.1
20260703T230233Z,25.5,91.2
20260703T230248Z,25.5,91.3
20260703T230303Z,25.5,91.3
20260703T230318Z,25.5,91.4
20260703T230333Z,25.5,91.5
20260703T230348Z,25.5,91.6
20260703T230403Z,25.5,91.6
20260703T230418Z,25.6,91.7
20260703T230433Z,25.6,91.7
20260703T230448Z,25.6,91.8
20260703T230503Z,25.6,91.8
20260703T230519Z,25.6,91.9
20260703T230534Z,25.6,92.0
20260703T230548Z,25.6,92.0
20260703T230603Z,25.6,92.1
20260703T230618Z,25.6,92.1
20260703T230633Z,25.6,92.2
20260703T230648Z,25.6,92.2
20260703T230703Z,25.6,92.2
20260703T230719Z,25.7,92.3
20260703T230734Z,25.7,92.3
20260703T230748Z,25.7,92.3
20260703T230803Z,25.7,92.4
20260703T230818Z,25.7,92.4
20260703T230833Z,25.7,91.6
20260703T230848Z,25.7,91.0
20260703T230903Z,25.7,89.9
20260703T230918Z,25.7,89.4
20260703T230933Z,25.7,88.5
20260703T230948Z,25.6,87.4
20260703T231003Z,25.6,86.3
20260703T231018Z,25.5,86.2
20260703T231033Z,25.5,84.3
20260703T231048Z,25.4,83.4
20260703T231103Z,25.4,82.6
20260703T231118Z,25.3,81.6
20260703T231133Z,25.2,79.8
20260703T231148Z,25.1,79.2
20260703T231203Z,25.0,79.0
20260703T231218Z,24.9,78.5
20260703T231233Z,24.8,77.1
20260703T231248Z,24.7,76.6
20260703T231303Z,24.6,77.4
20260703T231318Z,24.5,79.1
20260703T231333Z,24.5,81.2
20260703T231348Z,24.5,82.0
20260703T231403Z,24.5,82.7
20260703T231418Z,24.5,83.0
20260703T231433Z,24.5,83.1
20260703T231448Z,24.5,83.5
20260703T231503Z,24.5,83.6
20260703T231518Z,24.6,84.2
20260703T231533Z,24.6,84.5
20260703T231548Z,24.6,84.7
20260703T231603Z,24.6,85.0
20260703T231618Z,24.7,85.2
20260703T231633Z,24.7,85.6
20260703T231648Z,24.7,85.8
20260703T231703Z,24.8,85.9
20260703T231718Z,24.8,86.2
20260703T231733Z,24.8,86.4
20260703T231748Z,24.8,86.6
20260703T231803Z,24.8,86.9
20260703T231818Z,24.9,87.0
20260703T231833Z,24.9,87.2
20260703T231848Z,24.9,87.4
20260703T231904Z,24.9,87.7
20260703T231918Z,25.0,87.8
20260703T231934Z,25.0,88.0
20260703T231948Z,25.0,88.1
20260703T232004Z,25.0,88.3
20260703T232018Z,25.1,88.5
20260703T232033Z,25.1,88.6
20260703T232048Z,25.1,88.8
20260703T232103Z,25.1,88.9
20260703T232118Z,25.2,89.0
20260703T232133Z,25.2,89.1
20260703T232148Z,25.2,89.3
20260703T232203Z,25.2,89.5
20260703T232218Z,25.2,89.7
20260703T232233Z,25.2,89.7
20260703T232249Z,25.3,89.9
20260703T232303Z,25.3,90.0
20260703T232318Z,25.3,90.2
20260703T232333Z,25.3,90.3
20260703T232349Z,25.3,90.4
20260703T232403Z,25.3,90.6
20260703T232419Z,25.3,90.8
20260703T232434Z,25.3,90.8
20260703T232448Z,25.3,90.9
20260703T232504Z,25.4,91.1
20260703T232518Z,25.4,91.2
20260703T232533Z,25.4,91.2
20260703T232549Z,25.4,91.3
20260703T232603Z,25.4,91.4
20260703T232619Z,25.4,91.4
20260703T232633Z,25.4,91.5
20260703T232649Z,25.5,91.6
20260703T232703Z,25.5,91.8
20260703T232719Z,25.5,91.8
20260703T232733Z,25.5,91.8
20260703T232749Z,25.5,91.8
20260703T232803Z,25.5,91.9
20260703T232820Z,25.6,91.9
20260703T232834Z,25.6,92.0
20260703T232849Z,25.6,92.1
20260703T232903Z,25.6,92.1
20260703T232918Z,25.6,92.2
20260703T232934Z,25.6,92.2
20260703T232948Z,25.6,92.3
20260703T233004Z,25.6,92.4
20260703T233018Z,25.6,92.4
20260703T233034Z,25.6,92.4
20260703T233048Z,25.7,92.4
20260703T233104Z,25.7,92.4
20260703T233118Z,25.7,92.4
20260703T233134Z,25.7,92.0
20260703T233148Z,25.7,91.3
20260703T233204Z,25.7,89.8
20260703T233218Z,25.7,89.3
20260703T233234Z,25.6,87.9
20260703T233248Z,25.6,86.8
20260703T233304Z,25.5,85.9
20260703T233318Z,25.5,85.2
20260703T233334Z,25.4,84.3
20260703T233348Z,25.3,82.6
20260703T233404Z,25.3,81.9
20260703T233419Z,25.2,81.0
20260703T233433Z,25.1,80.4
20260703T233449Z,25.0,79.1
20260703T233503Z,24.9,78.7
20260703T233519Z,24.8,78.3
20260703T233533Z,24.7,77.3
20260703T233549Z,24.6,77.1
20260703T233603Z,24.5,78.2
20260703T233618Z,24.5,79.9
20260703T233634Z,24.5,81.7
20260703T233648Z,24.5,82.4
20260703T233704Z,24.4,82.9
20260703T233719Z,24.4,83.4
20260703T233734Z,24.4,83.6
20260703T233749Z,24.5,84.0
20260703T233804Z,24.5,84.6
20260703T233818Z,24.5,84.8
20260703T233834Z,24.6,85.3
20260703T233848Z,24.6,85.5
20260703T233904Z,24.6,85.8
20260703T233918Z,24.7,86.2
20260703T233934Z,24.7,86.3
20260703T233949Z,24.8,86.5
20260703T234003Z,24.8,86.6
20260703T234019Z,24.8,86.9
20260703T234033Z,24.9,87.2
20260703T234049Z,24.9,87.2
20260703T234103Z,24.9,87.4
20260703T234118Z,24.9,87.8
20260703T234134Z,25.0,87.7
20260703T234148Z,25.0,87.9
20260703T234204Z,25.0,88.1
20260703T234218Z,25.0,88.3
20260703T234234Z,25.1,88.5
20260703T234249Z,25.1,88.7
20260703T234303Z,25.1,88.9
20260703T234319Z,25.1,89.0
20260703T234333Z,25.1,89.3
20260703T234349Z,25.2,89.3
20260703T234403Z,25.2,89.4
20260703T234419Z,25.2,89.6
20260703T234433Z,25.2,89.7
20260703T234449Z,25.2,89.9
20260703T234503Z,25.3,90.1
20260703T234519Z,25.3,90.1
20260703T234534Z,25.3,90.4
20260703T234548Z,25.3,90.5
20260703T234604Z,25.3,90.6
20260703T234618Z,25.3,90.7
20260703T234634Z,25.3,90.8
20260703T234648Z,25.4,90.9
20260703T234704Z,25.4,91.0
20260703T234718Z,25.4,91.2
20260703T234734Z,25.4,91.2
20260703T234748Z,25.4,91.4
20260703T234804Z,25.4,91.4
20260703T234818Z,25.4,91.5
20260703T234834Z,25.4,91.5
20260703T234848Z,25.4,91.7
20260703T234903Z,25.4,91.8
20260703T234919Z,25.5,91.8
20260703T234934Z,25.5,92.0
20260703T234948Z,25.5,92.1
20260703T235004Z,25.5,92.0
20260703T235018Z,25.5,92.2
20260703T235034Z,25.5,92.3
20260703T235048Z,25.5,92.4
20260703T235104Z,25.5,92.4
20260703T235118Z,25.5,92.5
20260703T235134Z,25.5,92.6
20260703T235148Z,25.6,92.5
20260703T235204Z,25.6,92.6
20260703T235218Z,25.6,92.7
20260703T235234Z,25.6,92.8
20260703T235248Z,25.6,92.7
20260703T235304Z,25.6,92.8
20260703T235318Z,25.6,92.8
20260703T235334Z,25.6,92.8
20260703T235348Z,25.7,92.8
20260703T235404Z,25.7,92.3
20260703T235418Z,25.7,91.4
20260703T235434Z,25.6,89.8
20260703T235448Z,25.6,89.7
20260703T235503Z,25.6,88.1
20260703T235518Z,25.5,87.0
20260703T235534Z,25.5,86.5
20260703T235548Z,25.4,85.7
20260703T235604Z,25.4,84.4
20260703T235618Z,25.3,83.5
20260703T235634Z,25.3,82.4
20260703T235648Z,25.2,81.5
20260703T235704Z,25.1,80.5
20260703T235718Z,25.0,80.0
20260703T235734Z,24.9,79.0
20260703T235748Z,24.8,78.7
20260703T235803Z,24.7,77.7
20260703T235819Z,24.6,77.3
20260703T235833Z,24.5,78.5
20260703T235849Z,24.4,80.2
20260703T235903Z,24.4,82.0
20260703T235918Z,24.4,83.1
20260703T235933Z,24.4,83.5
20260703T235949Z,24.4,83.8