Time,Temperature,Humidity
20260705T000010Z,25.9,84.2
20260705T000025Z,25.8,82.8
20260705T000040Z,25.7,82.4
20260705T000055Z,25.6,82.0
20260705T000110Z,25.5,81.7
20260705T000125Z,25.4,81.6
20260705T000140Z,25.3,83.0
20260705T000155Z,25.3,84.3
20260705T000210Z,25.3,85.8
20260705T000225Z,25.3,86.4
20260705T000240Z,25.3,87.0
20260705T000255Z,25.3,87.5
20260705T000310Z,25.3,87.9
20260705T000325Z,25.3,87.8
20260705T000340Z,25.3,88.3
20260705T000355Z,25.3,88.6
20260705T000410Z,25.4,88.8
20260705T000425Z,25.4,89.2
20260705T000440Z,25.4,89.3
20260705T000455Z,25.4,89.5
20260705T000510Z,25.5,90.0
20260705T000525Z,25.5,90.4
20260705T000540Z,25.5,90.6
20260705T000555Z,25.5,90.9
20260705T000610Z,25.6,91.1
20260705T000625Z,25.6,91.5
20260705T000640Z,25.6,91.7
20260705T000655Z,25.7,91.8
20260705T000710Z,25.7,92.0
20260705T000725Z,25.7,92.3
20260705T000740Z,25.7,92.5
20260705T000755Z,25.8,92.8
20260705T000810Z,25.8,92.8
20260705T000825Z,25.8,92.9
20260705T000840Z,25.8,93.0
20260705T000855Z,25.9,93.2
20260705T000910Z,25.9,93.3
20260705T000925Z,25.9,93.4
20260705T000940Z,25.9,93.5
20260705T000955Z,26.0,93.6
20260705T001010Z,26.0,93.7
20260705T001025Z,26.0,93.8
20260705T001040Z,26.0,93.9
20260705T001055Z,26.0,94.0
20260705T001110Z,26.1,94.1
20260705T001125Z,26.1,94.2
20260705T001140Z,26.1,94.3
20260705T001155Z,26.1,94.4
20260705T001210Z,26.1,94.6
20260705T001225Z,26.1,94.6
20260705T001240Z,26.1,94.7
20260705T001255Z,26.1,94.8
20260705T001310Z,26.1,94.8
20260705T001325Z,26.1,94.9
20260705T001340Z,26.2,95.0
20260705T001355Z,26.1,95.0
20260705T001410Z,26.2,95.1
20260705T001425Z,26.2,95.2
20260705T001440Z,26.2,95.3
20260705T001455Z,26.2,95.3
20260705T001510Z,26.2,95.3
20260705T001525Z,26.2,95.4
20260705T001540Z,26.2,95.5
20260705T001555Z,26.2,95.6
20260705T001610Z,26.2,95.6
20260705T001625Z,26.2,95.7
20260705T001640Z,26.3,95.7
20260705T001655Z,26.2,95.8
20260705T001710Z,26.3,95.9
20260705T001725Z,26.3,95.8
20260705T001740Z,26.3,95.8
20260705T001755Z,26.3,95.9
20260705T001810Z,26.3,95.9
20260705T001825Z,26.3,96.0
20260705T001840Z,26.3,96.1
20260705T001855Z,26.3,96.1
20260705T001910Z,26.4,96.1
20260705T001925Z,26.4,96.2
20260705T001940Z,26.4,96.2
20260705T001955Z,26.4,96.1
20260705T002010Z,26.4,96.2
20260705T002025Z,26.4,96.2
20260705T002040Z,26.4,96.2
20260705T002055Z,26.4,96.2
20260705T002110Z,26.4,96.2
20260705T002125Z,26.5,96.2
20260705T002140Z,26.5,96.2
20260705T002155Z,26.5,96.2
20260705T002210Z,26.5,96.2
20260705T002225Z,26.5,96.2
20260705T002240Z,26.5,96.2
20260705T002255Z,26.5,96.1
20260705T002310Z,26.5,96.1
20260705T002325Z,26.5,96.1
20260705T002340Z,26.6,96.1
20260705T002355Z,26.5,96.2
20260705T002410Z,26.6,96.1
20260705T002425Z,26.6,96.1
20260705T002440Z,26.6,95.6
20260705T002455Z,26.6,95.5
20260705T002510Z,26.6,93.6
20260705T002525Z,26.5,92.9
20260705T002540Z,26.5,92.5
20260705T002555Z,26.4,91.2
20260705T002610Z,26.4,90.0
20260705T002625Z,26.3,89.4
20260705T002640Z,26.2,88.5
20260705T002655Z,26.1,88.4
20260705T002710Z,26.1,86.8
20260705T002725Z,26.0,86.4
20260705T002740Z,25.9,85.7
20260705T002755Z,25.8,84.8
20260705T002810Z,25.7,84.2
20260705T002825Z,25.7,83.1
20260705T002840Z,25.6,82.3
20260705T002855Z,25.5,81.9
20260705T002910Z,25.4,82.0
20260705T002925Z,25.3,83.1
20260705T002940Z,25.3,84.7
20260705T002955Z,25.3,86.3
20260705T003010Z,25.3,87.1
20260705T003025Z,25.3,87.6
20260705T003040Z,25.3,87.9
20260705T003055Z,25.3,88.0
20260705T003110Z,25.3,88.4
20260705T003125Z,25.3,88.6
20260705T003140Z,25.3,89.0
20260705T003155Z,25.4,89.1
20260705T003210Z,25.4,89.2
20260705T003225Z,25.4,89.4
20260705T003240Z,25.5,89.8
20260705T003255Z,25.5,90.1
20260705T003310Z,25.5,90.3
20260705T003325Z,25.5,90.4
20260705T003340Z,25.6,90.7
20260705T003355Z,25.6,90.9
20260705T003410Z,25.6,91.0
20260705T003425Z,25.6,91.2
20260705T003440Z,25.7,91.3
20260705T003455Z,25.7,91.5
20260705T003510Z,25.7,91.8
20260705T003525Z,25.7,91.9
20260705T003540Z,25.7,92.1
20260705T003555Z,25.8,92.2
20260705T003610Z,25.8,92.4
20260705T003625Z,25.8,92.5
20260705T003640Z,25.8,92.8
20260705T003655Z,25.8,92.9
20260705T003710Z,25.9,93.0
20260705T003725Z,25.9,93.1
20260705T003740Z,25.9,93.2
20260705T003755Z,25.9,93.4
20260705T003810Z,25.9,93.5
20260705T003825Z,25.9,93.6
20260705T003840Z,25.9,93.7
20260705T003855Z,26.0,93.8
20260705T003910Z,26.0,94.0
20260705T003925Z,26.0,94.0
20260705T003940Z,26.0,94.1
20260705T003955Z,26.0,94.3
20260705T004010Z,26.0,94.3
20260705T004025Z,26.0,94.4
20260705T004040Z,26.1,94.5
20260705T004055Z,26.1,94.6
20260705T004110Z,26.1,94.8
20260705T004125Z,26.1,94.8
20260705T004140Z,26.1,94.9
20260705T004155Z,26.1,95.0
20260705T004210Z,26.2,94.9
20260705T004225Z,26.2,95.1
20260705T004240Z,26.2,95.1
20260705T004255Z,26.2,95.2
20260705T004310Z,26.2,95.2
20260705T004325Z,26.2,95.3
20260705T004340Z,26.2,95.4
20260705T004355Z,26.2,95.5
20260705T004410Z,26.3,95.4
20260705T004425Z,26.3,95.4
20260705T004440Z,26.3,95.5
20260705T004455Z,26.3,95.6
20260705T004510Z,26.3,95.6
20260705T004525Z,26.3,95.7
20260705T004540Z,26.3,95.7
20260705T004555Z,26.3,95.7
20260705T004610Z,26.3,95.7
20260705T004625Z,26.4,95.8
20260705T004640Z,26.4,95.8
20260705T004655Z,26.4,95.8
20260705T004710Z,26.4,95.8
20260705T004725Z,26.4,95.9
20260705T004740Z,26.4,95.9
20260705T004755Z,26.4,95.9
20260705T004810Z,26.4,95.9
20260705T004825Z,26.4,95.9
20260705T004840Z,26.5,95.9
20260705T004855Z,26.5,95.9
20260705T004910Z,26.5,95.9
20260705T004925Z,26.5,95.9
20260705T004940Z,26.5,96.0
20260705T004955Z,26.5,96.0
20260705T005010Z,26.5,95.9
20260705T005025Z,26.5,95.9
20260705T005040Z,26.5,96.0
20260705T005055Z,26.5,96.0
20260705T005110Z,26.5,96.1
20260705T005125Z,26.6,95.9
20260705T005140Z,26.6,95.8
20260705T005155Z,26.6,94.2
20260705T005210Z,26.5,93.3
20260705T005225Z,26.5,92.5
20260705T005240Z,26.5,91.4
20260705T005255Z,26.5,92.8
20260705T005310Z,26.4,93.1
20260705T005325Z,26.5,93.1
20260705T005340Z,26.5,92.9
20260705T005355Z,26.5,92.9
20260705T005410Z,26.5,92.7
20260705T005425Z,26.5,92.7
20260705T005440Z,26.5,92.6
20260705T005455Z,26.5,92.5
20260705T005510Z,26.6,92.5
20260705T005525Z,26.6,92.5
20260705T005540Z,26.6,92.4
20260705T005555Z,26.6,92.4
20260705T005611Z,26.6,92.4
20260705T005626Z,26.6,92.3
20260705T005640Z,26.6,92.3
20260705T005655Z,26.6,92.3
20260705T005710Z,26.6,92.3
20260705T005725Z,26.7,92.2
20260705T005740Z,26.7,92.2
20260705T005755Z,26.7,92.2
20260705T005811Z,26.7,92.2
20260705T005826Z,26.7,92.2
20260705T005840Z,26.7,92.0
20260705T005855Z,26.7,92.0
20260705T005910Z,26.7,92.0
20260705T005925Z,26.7,92.0
20260705T005940Z,26.7,91.9
20260705T005955Z,26.7,91.9
20260705T010010Z,26.7,91.8
20260705T010025Z,26.7,91.8
20260705T010040Z,26.7,91.8
20260705T010055Z,26.7,91.7
20260705T010110Z,26.8,91.7
20260705T010125Z,26.8,91.7
20260705T010140Z,26.8,91.7
20260705T010155Z,26.8,91.7
20260705T010210Z,26.8,91.6
20260705T010225Z,26.8,91.6
20260705T010240Z,26.8,91.6
20260705T010255Z,26.8,91.5
20260705T010310Z,26.8,91.6
20260705T010325Z,26.8,91.5
20260705T010340Z,26.8,91.5
20260705T010355Z,26.8,91.4
20260705T010410Z,26.8,91.4
20260705T010425Z,26.8,91.4
20260705T010440Z,26.8,91.5
20260705T010455Z,26.8,91.4
20260705T010510Z,26.8,91.3
20260705T010525Z,26.8,91.4
20260705T010540Z,26.8,91.3
20260705T010555Z,26.8,91.3
20260705T010610Z,26.8,91.3
20260705T010625Z,26.8,91.2
20260705T010640Z,26.8,91.2
20260705T010655Z,26.8,91.2
20260705T010710Z,26.9,91.3
20260705T010725Z,26.9,91.2
20260705T010740Z,26.9,91.2
20260705T010755Z,26.9,91.2
20260705T010810Z,26.9,91.2
20260705T010825Z,26.9,91.2
20260705T010840Z,26.9,91.2
20260705T010855Z,26.9,91.1
20260705T010910Z,26.9,91.1
20260705T010925Z,26.9,91.1
20260705T010940Z,26.9,91.1
20260705T010955Z,26.9,91.1
20260705T011011Z,26.9,91.1
20260705T011025Z,26.9,91.1
20260705T011040Z,26.9,91.1
20260705T011055Z,26.9,91.1
20260705T011111Z,26.9,91.0
20260705T011126Z,26.9,91.0
20260705T011140Z,26.9,91.0
20260705T011155Z,26.9,91.1
20260705T011210Z,26.9,91.1
20260705T011225Z,26.9,91.0
20260705T011240Z,26.9,91.0
20260705T011255Z,26.9,91.0
20260705T011310Z,26.9,91.1
20260705T011325Z,26.9,90.9
20260705T011340Z,26.9,91.0
20260705T011355Z,26.9,91.0
20260705T011410Z,26.9,91.0
20260705T011425Z,26.9,91.0
20260705T011440Z,26.9,91.0
20260705T011455Z,26.9,91.0
20260705T011510Z,26.9,91.1
20260705T011525Z,26.9,91.0
20260705T011540Z,26.9,91.0
20260705T011555Z,26.9,91.0
20260705T011610Z,26.9,90.9
20260705T011625Z,26.9,90.9
20260705T011640Z,26.9,90.9
20260705T011655Z,26.9,90.9
20260705T011710Z,27.0,90.8
20260705T011725Z,27.0,90.8
20260705T011740Z,26.9,90.8
20260705T011755Z,27.0,90.8
20260705T011810Z,27.0,90.8
20260705T011825Z,27.0,90.9
20260705T011840Z,27.0,90.8
20260705T011855Z,27.0,90.9
20260705T011910Z,27.0,90.9
20260705T011925Z,27.0,90.9
20260705T011940Z,27.0,90.9
20260705T011955Z,27.0,90.9
20260705T012010Z,27.0,90.8
20260705T012025Z,27.0,90.9
20260705T012040Z,27.0,90.9
20260705T012055Z,27.0,90.9
20260705T012110Z,27.0,90.9
20260705T012125Z,27.0,90.9
20260705T012140Z,27.0,90.9
20260705T012155Z,27.0,91.0
20260705T012210Z,27.0,91.0
20260705T012225Z,27.0,90.9
20260705T012240Z,27.0,91.0
20260705T012255Z,27.0,91.0
20260705T012310Z,27.0,90.9
20260705T012325Z,27.0,91.0
20260705T012340Z,27.0,91.1
20260705T012355Z,27.0,91.0
20260705T012410Z,27.0,91.0
20260705T012425Z,27.0,90.9
20260705T012440Z,27.0,91.0
20260705T012455Z,27.0,90.9
20260705T012510Z,27.0,90.8
20260705T012525Z,27.0,90.9
20260705T012540Z,27.0,90.9
20260705T012555Z,27.0,90.8
20260705T012610Z,27.0,90.9
20260705T012625Z,27.0,90.9
20260705T012640Z,27.0,90.9
20260705T012655Z,27.0,91.0
20260705T012710Z,27.0,91.0
20260705T012725Z,27.0,90.9
20260705T012740Z,27.0,90.9
20260705T012755Z,27.0,91.0
20260705T012810Z,27.0,90.9
20260705T012825Z,27.0,90.9
20260705T012840Z,27.0,90.9
20260705T012855Z,27.0,90.9
20260705T012910Z,27.0,90.9
20260705T012925Z,27.0,91.0
20260705T012940Z,27.0,90.9
20260705T012955Z,27.0,91.0
20260705T013010Z,27.0,91.0
20260705T013025Z,27.0,90.9
20260705T013040Z,27.0,91.0
20260705T013055Z,27.0,91.0
20260705T013111Z,27.0,90.9
20260705T013125Z,27.0,91.0
20260705T013140Z,27.0,91.0
20260705T013155Z,27.0,91.0
20260705T013210Z,27.0,91.0
20260705T013225Z,27.0,90.9
20260705T013240Z,27.0,91.0
20260705T013255Z,27.0,90.9
20260705T013310Z,27.1,91.0
20260705T013325Z,27.1,91.0
20260705T013340Z,27.1,91.0
20260705T013355Z,27.1,91.0
20260705T013410Z,27.1,91.0
20260705T013425Z,27.1,91.0
20260705T013440Z,27.1,90.9
20260705T013455Z,27.1,91.0
20260705T013510Z,27.1,90.9
20260705T013525Z,27.1,91.0
20260705T013540Z,27.1,91.0
20260705T013555Z,27.1,91.0
20260705T013610Z,27.1,91.0
20260705T013625Z,27.1,91.1
20260705T013640Z,27.1,91.0
20260705T013655Z,27.1,90.9
20260705T013710Z,27.1,91.0
20260705T013725Z,27.1,91.0
20260705T013740Z,27.1,90.9
20260705T013755Z,27.1,91.0
20260705T013810Z,27.1,90.9
20260705T013825Z,27.1,90.9
20260705T013840Z,27.1,90.9
20260705T013855Z,27.1,91.0
20260705T013910Z,27.1,90.9
20260705T013925Z,27.1,90.8
20260705T013940Z,27.1,90.9
20260705T013955Z,27.1,90.9
20260705T014010Z,27.1,90.9
20260705T014025Z,27.1,91.0
20260705T014040Z,27.1,90.9
20260705T014055Z,27.1,90.8
20260705T014110Z,27.1,90.9
20260705T014125Z,27.1,90.8
20260705T014140Z,27.1,90.8
20260705T014155Z,27.1,90.9
20260705T014210Z,27.1,90.8
20260705T014225Z,27.1,90.9
20260705T014240Z,27.1,90.9
20260705T014255Z,27.1,90.9
20260705T014310Z,27.1,90.9
20260705T014325Z,27.1,90.9
20260705T014340Z,27.1,90.8
20260705T014355Z,27.1,90.9
20260705T014410Z,27.1,90.8
20260705T014425Z,27.1,90.8
20260705T014440Z,27.1,90.9
20260705T014455Z,27.1,90.8
20260705T014510Z,27.1,90.8
20260705T014525Z,27.1,90.8
20260705T014540Z,27.1,90.8
20260705T014555Z,27.1,90.8
20260705T014610Z,27.1,90.7
20260705T014625Z,27.1,90.7
20260705T014640Z,27.1,90.7
20260705T014655Z,27.1,90.7
20260705T014710Z,27.1,90.7
20260705T014725Z,27.1,90.8
20260705T014740Z,27.1,90.8
20260705T014755Z,27.1,90.8
20260705T014810Z,27.1,90.8
20260705T014825Z,27.1,90.8
20260705T014840Z,27.1,90.8
20260705T014855Z,27.1,90.8
20260705T014910Z,27.1,90.8
20260705T014925Z,27.1,90.7
20260705T014940Z,27.1,90.7
20260705T014955Z,27.1,90.6
20260705T015010Z,27.1,90.7
20260705T015025Z,27.1,90.6
20260705T015040Z,27.1,90.5
20260705T015055Z,27.1,90.5
20260705T015110Z,27.1,90.5
20260705T015125Z,27.1,90.6
20260705T015140Z,27.1,90.5
20260705T015155Z,27.1,90.6
20260705T015210Z,27.1,90.5
20260705T015225Z,27.1,90.4
20260705T015240Z,27.1,90.4
20260705T015255Z,27.1,90.4
20260705T015310Z,27.1,90.3
20260705T015325Z,27.1,90.3
20260705T015340Z,27.1,90.4
20260705T015355Z,27.1,90.4
20260705T015410Z,27.1,90.4
20260705T015425Z,27.1,90.2
20260705T015440Z,27.1,90.3
20260705T015455Z,27.1,90.3
20260705T015510Z,27.1,90.2
20260705T015525Z,27.1,90.2
20260705T015540Z,27.1,90.2
20260705T015555Z,27.1,90.3
20260705T015611Z,27.1,90.2
20260705T015626Z,27.1,90.2
20260705T015640Z,27.1,90.3
20260705T015655Z,27.1,90.2
20260705T015710Z,27.1,90.3
20260705T015725Z,27.1,90.3
20260705T015740Z,27.1,90.3
20260705T015755Z,27.1,90.3
20260705T015810Z,27.1,90.2
20260705T015825Z,27.1,90.2
20260705T015840Z,27.1,90.1
20260705T015855Z,27.1,90.2
20260705T015910Z,27.1,90.0
20260705T015925Z,27.1,90.1
20260705T015940Z,27.1,90.1
20260705T015955Z,27.1,90.1
20260705T020010Z,27.1,90.1
20260705T020025Z,27.1,90.0
20260705T020040Z,27.1,89.9
20260705T020055Z,27.1,90.0
20260705T020110Z,27.1,90.0
20260705T020125Z,27.1,89.9
20260705T020140Z,27.1,89.9
20260705T020155Z,27.1,89.9
20260705T020210Z,27.1,90.0
20260705T020225Z,27.1,89.9
20260705T020240Z,27.1,89.9
20260705T020255Z,27.1,89.9
20260705T020310Z,27.1,89.7
20260705T020325Z,27.1,90.0
20260705T020340Z,27.1,89.9
20260705T020355Z,27.1,90.0
20260705T020410Z,27.1,90.0
20260705T020425Z,27.1,90.0
20260705T020440Z,27.1,90.0
20260705T020455Z,27.1,89.9
20260705T020510Z,27.1,89.7
20260705T020525Z,27.1,89.9
20260705T020540Z,27.1,89.9
20260705T020555Z,27.1,89.8
20260705T020610Z,27.1,89.9
20260705T020625Z,27.1,89.9
20260705T020640Z,27.1,89.7
20260705T020655Z,27.1,89.9
20260705T020710Z,27.1,89.8
20260705T020725Z,27.1,89.8
20260705T020740Z,27.1,89.7
20260705T020755Z,27.1,89.9
20260705T020810Z,27.1,89.6
20260705T020825Z,27.1,89.8
20260705T020840Z,27.1,89.6
20260705T020855Z,27.1,89.7
20260705T020910Z,27.1,89.8
20260705T020925Z,27.1,89.7
20260705T020940Z,27.1,89.7
20260705T020955Z,27.1,89.7
20260705T021010Z,27.1,89.8
20260705T021025Z,27.1,89.8
20260705T021040Z,27.1,89.7
20260705T021055Z,27.1,89.8
20260705T021110Z,27.1,89.8
20260705T021125Z,27.1,89.7
20260705T021140Z,27.1,89.7
20260705T021155Z,27.1,89.6
20260705T021210Z,27.1,89.6
20260705T021225Z,27.1,89.5
20260705T021240Z,27.1,89.5
20260705T021255Z,27.1,89.5
20260705T021310Z,27.1,89.4
20260705T021325Z,27.1,89.4
20260705T021340Z,27.1,89.4
20260705T021355Z,27.1,89.4
20260705T021410Z,27.1,89.5
20260705T021425Z,27.1,89.4
20260705T021440Z,27.1,89.5
20260705T021455Z,27.1,89.4
20260705T021510Z,27.1,89.3
20260705T021525Z,27.1,89.5
20260705T021540Z,27.1,89.5
20260705T021555Z,27.1,89.3
20260705T021610Z,27.1,89.4
20260705T021625Z,27.1,89.5
20260705T021640Z,27.1,89.5
20260705T021655Z,27.1,89.5
20260705T021710Z,27.1,89.4
20260705T021725Z,27.1,89.4
20260705T021740Z,27.1,89.5
20260705T021755Z,27.1,89.4
20260705T021810Z,27.1,89.5
20260705T021825Z,27.1,89.5
20260705T021840Z,27.1,89.3
20260705T021855Z,27.1,89.3
20260705T021910Z,27.1,89.1
20260705T021925Z,27.1,89.5
20260705T021940Z,27.1,89.4
20260705T021955Z,27.1,89.4
20260705T022010Z,27.1,89.2
20260705T022025Z,27.1,89.3
20260705T022040Z,27.1,89.3
20260705T022055Z,27.1,89.4
20260705T022110Z,27.1,89.3
20260705T022125Z,27.1,89.3
20260705T022140Z,27.1,89.2
20260705T022155Z,27.1,89.2
20260705T022210Z,27.1,88.7
20260705T022225Z,27.1,88.7
20260705T022240Z,27.1,89.0
20260705T022255Z,27.1,88.9
20260705T022310Z,27.1,88.7
20260705T022325Z,27.1,88.4
20260705T022340Z,27.1,88.6
20260705T022355Z,27.1,88.4
20260705T022410Z,27.1,88.4
20260705T022425Z,27.1,88.6
20260705T022440Z,27.1,88.5
20260705T022455Z,27.1,88.3
20260705T022511Z,27.1,88.4
20260705T022526Z,27.1,88.2
20260705T022540Z,27.1,88.3
20260705T022555Z,27.1,88.2
20260705T022610Z,27.1,88.4
20260705T022625Z,27.1,87.7
20260705T022640Z,27.1,87.9
20260705T022655Z,27.1,88.3
20260705T022710Z,27.1,87.7
20260705T022725Z,27.1,87.8
20260705T022740Z,27.1,87.5
20260705T022755Z,27.1,87.7
20260705T022810Z,27.1,87.8
20260705T022825Z,27.1,87.9
20260705T022840Z,27.1,87.5
20260705T022855Z,27.1,87.5
20260705T022910Z,27.1,87.4
20260705T022925Z,27.1,87.9
20260705T022940Z,27.1,87.1
20260705T022955Z,27.1,87.4
20260705T023010Z,27.1,87.5
20260705T023025Z,27.1,87.7
20260705T023040Z,27.1,87.8
20260705T023055Z,27.1,87.3
20260705T023110Z,27.1,87.6
20260705T023125Z,27.1,87.6
20260705T023140Z,27.1,88.1
20260705T023155Z,27.1,88.0
20260705T023210Z,27.1,88.0
20260705T023225Z,27.1,88.0
20260705T023240Z,27.1,87.8
20260705T023255Z,27.1,88.2
20260705T023310Z,27.1,88.3
20260705T023325Z,27.1,88.0
20260705T023340Z,27.1,88.0
20260705T023355Z,27.1,88.1
20260705T023410Z,27.1,88.3
20260705T023425Z,27.1,88.3
20260705T023440Z,27.1,88.1
20260705T023455Z,27.1,88.2
20260705T023510Z,27.1,88.2
20260705T023525Z,27.1,88.3
20260705T023540Z,27.1,88.1
20260705T023555Z,27.1,88.1
20260705T023610Z,27.2,87.9
20260705T023626Z,27.2,88.1
20260705T023640Z,27.1,88.0
20260705T023655Z,27.1,88.0
20260705T023710Z,27.1,88.1
20260705T023725Z,27.1,88.1
20260705T023740Z,27.1,88.0
20260705T023755Z,27.1,87.8
20260705T023810Z,27.2,88.0
20260705T023825Z,27.2,87.7
20260705T023840Z,27.1,87.9
20260705T023855Z,27.2,87.8
20260705T023910Z,27.2,87.8
20260705T023925Z,27.2,87.6
20260705T023940Z,27.2,87.4
20260705T023955Z,27.2,87.6
20260705T024010Z,27.2,87.5
20260705T024025Z,27.2,87.6
20260705T024040Z,27.2,87.3
20260705T024055Z,27.2,87.6
20260705T024110Z,27.2,87.5
20260705T024125Z,27.2,87.6
20260705T024140Z,27.2,87.1
20260705T024155Z,27.2,85.6
20260705T024210Z,27.1,84.1
20260705T024226Z,27.1,84.0
20260705T024240Z,27.0,83.4
20260705T024256Z,27.0,82.8
20260705T024310Z,26.9,82.3
20260705T024325Z,26.9,81.8
20260705T024340Z,26.8,80.8
20260705T024355Z,26.7,79.6
20260705T024410Z,26.7,79.2
20260705T024425Z,26.6,78.3
20260705T024440Z,26.5,77.9
20260705T024455Z,26.4,77.5
20260705T024510Z,26.3,76.9
20260705T024525Z,26.2,76.4
20260705T024540Z,26.1,75.8
20260705T024555Z,26.0,75.3
20260705T024610Z,25.9,74.7
20260705T024625Z,25.8,73.8
20260705T024640Z,25.8,73.4
20260705T024655Z,25.6,72.9
20260705T024710Z,25.6,72.8
20260705T024912Z,25.1,68.6
20260705T024926Z,25.0,68.3
20260705T024940Z,24.9,68.0
20260705T024955Z,24.8,67.7
20260705T025010Z,24.7,67.1
20260705T025025Z,24.6,66.8
20260705T025040Z,24.6,66.5
20260705T025055Z,24.4,66.0
20260705T025110Z,24.4,66.0
20260705T025126Z,24.3,65.7
20260705T025141Z,24.2,66.3
20260705T025156Z,24.2,67.5
20260705T025211Z,24.2,69.3
20260705T025225Z,24.2,72.0
20260705T025241Z,24.3,73.3
20260705T025256Z,24.3,73.0
20260705T025310Z,24.4,74.0
20260705T025325Z,24.4,74.4
20260705T025340Z,24.5,75.3
20260705T025355Z,24.5,75.5
20260705T025410Z,24.6,75.8
20260705T025426Z,24.7,76.3
20260705T025441Z,24.7,77.0
20260705T025455Z,24.7,77.5
20260705T025511Z,24.8,77.7
20260705T025525Z,24.8,78.2
20260705T025540Z,24.9,78.6
20260705T025556Z,24.9,79.0
20260705T025611Z,25.0,79.5
20260705T025625Z,25.0,79.7
20260705T025640Z,25.1,79.9
20260705T025656Z,25.1,80.4
20260705T025711Z,25.2,80.6
20260705T025725Z,25.2,81.3
20260705T025741Z,25.2,81.5
20260705T025755Z,25.3,81.9
20260705T025810Z,25.3,82.4
20260705T025825Z,25.3,82.7
20260705T025840Z,25.4,82.7
20260705T025856Z,25.4,83.3
20260705T025910Z,25.4,83.5
20260705T025926Z,25.4,83.8
20260705T025940Z,25.5,83.9
20260705T025956Z,25.5,84.3
20260705T030011Z,25.5,84.7
20260705T030025Z,25.5,84.8
20260705T030040Z,25.6,85.1
20260705T030055Z,25.6,85.5
20260705T030111Z,25.6,85.5
20260705T030125Z,25.6,84.9
20260705T030141Z,25.7,84.8
20260705T030156Z,25.7,83.3
20260705T030210Z,25.6,83.1
20260705T030226Z,25.7,82.5
20260705T030240Z,25.7,81.4
20260705T030256Z,25.6,80.2
20260705T030310Z,25.6,79.5
20260705T030326Z,25.6,80.1
20260705T030340Z,25.5,80.0
20260705T030356Z,25.5,80.1
20260705T030410Z,25.6,80.2
20260705T030426Z,25.6,80.1
20260705T030440Z,25.6,80.1
20260705T030455Z,25.6,80.0
20260705T030510Z,25.7,80.1
20260705T030526Z,25.7,80.1
20260705T030540Z,25.7,80.0
20260705T030556Z,25.8,79.9
20260705T030611Z,25.8,80.0
20260705T030626Z,25.9,80.0
20260705T030640Z,25.9,79.9
20260705T030655Z,25.9,79.9
20260705T030710Z,26.0,76.7
20260705T030726Z,26.0,74.6
20260705T030740Z,26.0,74.5
20260705T030756Z,26.0,74.5
20260705T030810Z,26.1,75.1
20260705T030826Z,26.1,75.4
20260705T030840Z,26.1,75.7
20260705T030856Z,26.2,76.0
20260705T030910Z,26.2,76.5
20260705T030926Z,26.2,77.1
20260705T030940Z,26.2,77.3
20260705T030956Z,26.3,77.6
20260705T031011Z,26.3,77.9
20260705T031025Z,26.3,78.2
20260705T031041Z,26.4,78.5
20260705T031055Z,26.4,78.2
20260705T031110Z,26.4,78.4
20260705T031125Z,26.4,78.6
20260705T031141Z,26.4,78.6
20260705T031155Z,26.4,78.5
20260705T031211Z,26.5,78.7
20260705T031225Z,26.5,78.7
20260705T031241Z,26.5,78.8
20260705T031255Z,26.5,78.7
20260705T031311Z,26.5,78.7
20260705T031325Z,26.5,78.5
20260705T031341Z,26.5,78.6
20260705T031355Z,26.5,78.4
20260705T031411Z,26.5,78.5
20260705T031425Z,26.5,78.4
20260705T031440Z,26.6,78.3
20260705T031456Z,26.6,78.1
20260705T031510Z,26.6,78.5
20260705T031526Z,26.6,77.7
20260705T031540Z,26.6,76.4
20260705T031556Z,26.6,76.4
20260705T031610Z,26.6,76.9
20260705T031626Z,26.6,76.9
20260705T031640Z,26.6,76.6
20260705T031656Z,26.6,76.7
20260705T031711Z,26.6,76.9
20260705T031725Z,26.6,76.5
20260705T031741Z,26.6,76.3
20260705T031756Z,26.6,76.3
20260705T031810Z,26.6,76.2
20260705T031826Z,26.6,76.3
20260705T031840Z,26.6,77.7
20260705T031856Z,26.5,61.4
20260705T031910Z,26.5,62.5
20260705T031925Z,26.4,63.5
20260705T031940Z,26.4,63.6
20260705T031956Z,26.4,63.5
20260705T032010Z,26.4,64.1
20260705T032026Z,26.4,64.6
20260705T032041Z,26.4,64.9
20260705T032055Z,26.4,64.9
20260705T032111Z,26.4,65.1
20260705T032125Z,26.4,65.6
20260705T032141Z,26.4,66.0
20260705T032155Z,26.5,66.1
20260705T032211Z,26.5,66.2
20260705T032225Z,26.5,66.4
20260705T032241Z,26.5,67.1
20260705T032255Z,26.5,67.1
20260705T032311Z,26.5,67.1
20260705T032326Z,26.6,67.5
20260705T032340Z,26.6,67.8
20260705T032356Z,26.6,69.4
20260705T032410Z,26.6,70.4
20260705T032426Z,26.7,70.9
20260705T032440Z,26.7,70.8
20260705T032456Z,26.7,71.2
20260705T032510Z,26.7,71.3
20260705T032526Z,26.7,71.3
20260705T032540Z,26.7,71.2
20260705T032555Z,26.7,71.7
20260705T032611Z,26.7,71.7
20260705T032625Z,26.7,71.8
20260705T032641Z,26.7,71.7
20260705T032655Z,26.7,71.6
20260705T032711Z,26.7,71.5
20260705T032725Z,26.7,71.7
20260705T032741Z,26.7,71.9
20260705T032755Z,26.7,72.1
20260705T032811Z,26.7,72.1
20260705T032825Z,26.7,71.9
20260705T032841Z,26.7,71.9
20260705T032855Z,26.7,72.0
20260705T032910Z,26.7,72.1
20260705T032926Z,26.7,72.1
20260705T032940Z,26.7,72.0
20260705T032956Z,26.7,72.2
20260705T033011Z,26.7,72.2
20260705T033026Z,26.7,72.4
20260705T033040Z,26.7,72.5
20260705T033056Z,26.7,72.2
20260705T033111Z,26.7,72.4
20260705T033126Z,26.7,72.4
20260705T033140Z,26.7,72.5
20260705T033156Z,26.8,72.2
20260705T033211Z,26.8,72.2
20260705T033225Z,26.8,72.2
20260705T033241Z,26.8,72.4
20260705T033255Z,26.8,72.4
20260705T033311Z,26.8,72.5
20260705T033326Z,26.8,72.2
20260705T033340Z,26.8,72.2
20260705T033356Z,26.8,72.4
20260705T033411Z,26.8,72.3
20260705T033426Z,26.8,72.2
20260705T033440Z,26.8,72.1
20260705T033456Z,26.8,72.2
20260705T033511Z,26.8,72.2
20260705T033525Z,26.8,72.2
20260705T033541Z,26.8,72.3
20260705T033555Z,26.8,72.3
20260705T033610Z,26.8,72.2
20260705T033626Z,26.8,72.3
20260705T033640Z,26.8,72.1
20260705T033656Z,26.8,72.3
20260705T033710Z,26.8,72.5
20260705T033726Z,26.8,72.5
20260705T033740Z,26.8,72.5
20260705T033756Z,26.8,72.4
20260705T033810Z,26.8,72.6
20260705T033826Z,26.8,72.3
20260705T033840Z,26.8,71.7
20260705T033856Z,26.8,71.5
20260705T033911Z,26.8,71.6
20260705T033926Z,26.8,71.4
20260705T033940Z,26.8,71.3
20260705T033956Z,26.8,71.8
20260705T034010Z,26.9,71.9
20260705T034026Z,26.9,71.9
20260705T034040Z,26.9,71.8
20260705T034056Z,26.8,72.1
20260705T034110Z,26.8,71.9
20260705T034126Z,26.8,71.7
20260705T034140Z,26.9,71.7
20260705T034156Z,26.9,72.0
20260705T034210Z,26.9,72.0
20260705T034226Z,26.8,71.9
20260705T034240Z,26.8,72.0
20260705T034255Z,26.8,72.0
20260705T034311Z,26.8,72.1
20260705T034325Z,26.8,72.2
20260705T034341Z,26.8,72.1
20260705T034355Z,26.8,72.3
20260705T034411Z,26.8,72.5
20260705T034425Z,26.8,72.5
20260705T034441Z,26.8,72.6
20260705T034455Z,26.8,72.6
20260705T034511Z,26.8,72.7
20260705T034526Z,26.8,72.7
20260705T034541Z,26.8,72.8
20260705T034556Z,26.8,72.8
20260705T034610Z,26.8,72.9
20260705T034626Z,26.8,72.9
20260705T034640Z,26.8,73.0
20260705T034656Z,26.8,73.1
20260705T034710Z,26.8,73.3
20260705T034726Z,26.8,73.3
20260705T034740Z,26.8,73.3
20260705T034756Z,26.8,73.3
20260705T034811Z,26.8,73.3
20260705T034825Z,26.8,73.3
20260705T034841Z,26.8,73.5
20260705T034856Z,26.8,73.5
20260705T034910Z,26.9,73.6
20260705T034926Z,26.9,73.6
20260705T034940Z,26.8,73.7
20260705T034956Z,26.8,73.7
20260705T035010Z,26.9,74.0
20260705T035026Z,26.9,74.0
20260705T035041Z,26.8,74.0
20260705T035056Z,26.9,74.2
20260705T035111Z,26.9,74.3
20260705T035126Z,26.8,74.3
20260705T035141Z,26.9,74.2
20260705T035156Z,26.8,74.3
20260705T035211Z,26.8,74.4
20260705T035226Z,26.8,74.4
20260705T035241Z,26.8,74.4
20260705T035256Z,26.8,74.5
20260705T035311Z,26.8,74.6
20260705T035326Z,26.8,74.6
20260705T035341Z,26.8,74.7
20260705T035356Z,26.8,74.8
20260705T035411Z,26.8,74.8
20260705T035426Z,26.8,74.9
20260705T035441Z,26.8,74.9
20260705T035456Z,26.8,74.9
20260705T035511Z,26.8,75.0
20260705T035526Z,26.8,75.1
20260705T035541Z,26.8,75.1
20260705T035556Z,26.8,75.1
20260705T035611Z,26.8,75.2
20260705T035626Z,26.8,75.2
20260705T035641Z,26.8,75.3
20260705T035656Z,26.8,75.3
20260705T035711Z,26.8,75.4
20260705T035726Z,26.8,75.4
20260705T035741Z,26.8,75.4
20260705T035756Z,26.8,75.5
20260705T035811Z,26.8,75.4
20260705T035826Z,26.8,75.5
20260705T035841Z,26.8,75.5
20260705T035856Z,26.8,75.5
20260705T035911Z,26.8,75.6
20260705T035926Z,26.8,75.6
20260705T035941Z,26.8,75.6
20260705T035956Z,26.8,75.7
20260705T040011Z,26.8,75.6
20260705T040026Z,26.8,75.7
20260705T040041Z,26.8,75.7
20260705T040056Z,26.8,75.7
20260705T040111Z,26.8,75.7
20260705T040126Z,26.8,75.8
20260705T040141Z,26.8,75.7
20260705T040156Z,26.8,75.8
20260705T040211Z,26.8,75.8
20260705T040226Z,26.8,75.8
20260705T040241Z,26.8,75.8
20260705T040256Z,26.8,75.8
20260705T040311Z,26.8,75.8
20260705T040326Z,26.8,75.8
20260705T040341Z,26.8,75.8
20260705T040356Z,26.8,75.9
20260705T040411Z,26.8,75.9
20260705T040426Z,26.8,75.9
20260705T040441Z,26.8,76.0
20260705T040456Z,26.8,76.0
20260705T040511Z,26.8,75.9
20260705T040526Z,26.8,75.9
20260705T040541Z,26.8,75.7
20260705T040556Z,26.8,75.7
20260705T040611Z,26.8,75.6
20260705T040626Z,26.8,75.4
20260705T040641Z,26.8,75.2
20260705T040656Z,26.8,75.4
20260705T040711Z,26.8,75.4
20260705T040726Z,26.8,75.2
20260705T040741Z,26.8,75.2
20260705T040756Z,26.8,75.3
20260705T040811Z,26.8,75.4
20260705T040826Z,26.8,75.4
20260705T040841Z,26.8,75.3
20260705T040856Z,26.8,75.2
20260705T040911Z,26.8,75.3
20260705T040926Z,26.8,75.3
20260705T040941Z,26.8,75.1
20260705T040956Z,26.8,75.4
20260705T041011Z,26.8,75.3
20260705T041026Z,26.8,75.2
20260705T041041Z,26.8,75.3
20260705T041056Z,26.8,75.2
20260705T041111Z,26.8,75.1
20260705T041126Z,26.8,75.1
20260705T041141Z,26.8,74.9
20260705T041156Z,26.8,75.1
20260705T041211Z,26.8,74.8
20260705T041226Z,26.8,75.0
20260705T041241Z,26.8,75.2
20260705T041256Z,26.8,75.0
20260705T041311Z,26.8,75.0
20260705T041326Z,26.8,74.7
20260705T041341Z,26.8,74.9
20260705T041356Z,26.8,74.9
20260705T041411Z,26.8,74.9
20260705T041426Z,26.8,74.8
20260705T041441Z,26.8,74.8
20260705T041456Z,26.8,74.8
20260705T041511Z,26.8,74.8
20260705T041526Z,26.8,74.9
20260705T041541Z,26.8,74.8
20260705T041556Z,26.8,74.8
20260705T041611Z,26.8,74.8
20260705T041626Z,26.8,74.9
20260705T041641Z,26.8,74.8
20260705T041656Z,26.8,74.6
20260705T041711Z,26.8,74.6
20260705T041726Z,26.8,74.7
20260705T041741Z,26.8,74.6
20260705T041756Z,26.8,74.4
20260705T041811Z,26.8,74.4
20260705T041826Z,26.8,74.3
20260705T041841Z,26.8,74.2
20260705T041856Z,26.8,74.0
20260705T041911Z,26.8,74.0
20260705T041926Z,26.8,74.4
20260705T041941Z,26.8,74.3
20260705T041956Z,26.8,74.3
20260705T042011Z,26.8,74.4
20260705T042026Z,26.8,74.5
20260705T042041Z,26.8,74.5
20260705T042056Z,26.8,74.4
20260705T042111Z,26.8,74.4
20260705T042126Z,26.8,74.0
20260705T042141Z,26.8,74.3
20260705T042156Z,26.8,74.1
20260705T042211Z,26.8,73.9
20260705T042226Z,26.8,73.8
20260705T042241Z,26.8,73.6
20260705T042256Z,26.8,73.9
20260705T042311Z,26.8,73.8
20260705T042326Z,26.8,73.5
20260705T042341Z,26.8,73.5
20260705T042356Z,26.8,73.1
20260705T042411Z,26.8,73.4
20260705T042426Z,26.8,73.0
20260705T042441Z,26.8,73.3
20260705T042456Z,26.8,73.1
20260705T042511Z,26.8,73.1
20260705T042526Z,26.8,73.0
20260705T042541Z,26.8,72.9
20260705T042556Z,26.8,72.9
20260705T042611Z,26.8,72.8
20260705T042626Z,26.8,72.8
20260705T042641Z,26.8,73.0
20260705T042656Z,26.8,73.0
20260705T042711Z,26.8,72.8
20260705T042726Z,26.8,72.9
20260705T042741Z,26.8,72.7
20260705T042756Z,26.8,73.0
20260705T042811Z,26.8,73.0
20260705T042826Z,26.8,73.0
20260705T042841Z,26.8,73.1
20260705T042856Z,26.8,73.0
20260705T042911Z,26.8,73.2
20260705T042926Z,26.8,73.1
20260705T042941Z,26.8,73.0
20260705T042956Z,26.8,73.3
20260705T043011Z,26.8,73.1
20260705T043026Z,26.8,73.2
20260705T043041Z,26.8,73.1
20260705T043056Z,26.8,73.1
20260705T043111Z,26.8,73.3
20260705T043126Z,26.8,73.4
20260705T043141Z,26.8,73.3
20260705T043156Z,26.8,73.2
20260705T043211Z,26.8,73.2
20260705T043226Z,26.8,73.4
20260705T043241Z,26.8,73.5
20260705T043256Z,26.8,73.5
20260705T043311Z,26.8,73.5
20260705T043326Z,26.8,73.5
20260705T043341Z,26.9,73.4
20260705T043356Z,26.9,73.4
20260705T043411Z,26.8,73.5
20260705T043426Z,26.9,73.7
20260705T043441Z,26.9,73.6
20260705T043456Z,26.9,73.8
20260705T043511Z,26.9,73.7
20260705T043526Z,26.9,73.8
20260705T043541Z,26.9,73.9
20260705T043556Z,26.9,73.9
20260705T043611Z,26.9,73.9
20260705T043626Z,26.9,73.8
20260705T043641Z,26.9,73.9
20260705T043656Z,26.9,74.0
20260705T043711Z,26.9,74.0
20260705T043726Z,26.9,74.0
20260705T043741Z,26.9,74.0
20260705T043756Z,26.9,74.0
20260705T043811Z,26.9,74.0
20260705T043826Z,26.9,74.0
20260705T043841Z,26.9,74.1
20260705T043856Z,26.9,74.1
20260705T043911Z,26.9,74.1
20260705T043926Z,26.9,74.2
20260705T043941Z,26.9,74.2
20260705T043956Z,26.9,74.2
20260705T044012Z,26.9,74.2
20260705T044026Z,26.9,74.3
20260705T044041Z,26.9,74.3
20260705T044056Z,26.9,74.2
20260705T044111Z,26.9,74.3
20260705T044126Z,26.9,74.4
20260705T044141Z,26.9,74.3
20260705T044156Z,26.9,74.5
20260705T044211Z,26.9,74.4
20260705T044226Z,26.9,74.4
20260705T044241Z,26.9,74.4
20260705T044256Z,26.9,74.5
20260705T044311Z,26.9,74.5
20260705T044326Z,26.9,74.5
20260705T044341Z,26.9,74.5
20260705T044356Z,26.9,74.6
20260705T044411Z,26.9,74.6
20260705T044426Z,26.9,74.5
20260705T044441Z,26.9,74.5
20260705T044456Z,26.9,74.6
20260705T044511Z,26.9,74.6
20260705T044526Z,26.9,74.7
20260705T044541Z,26.9,74.7
20260705T044556Z,27.0,74.7
20260705T044611Z,26.9,74.7
20260705T044626Z,26.9,74.7
20260705T044641Z,26.9,74.7
20260705T044656Z,26.9,74.8
20260705T044711Z,27.0,74.8
20260705T044726Z,27.0,74.8
20260705T044741Z,27.0,74.9
20260705T044756Z,26.9,74.9
20260705T044811Z,26.9,74.8
20260705T044826Z,26.9,74.9
20260705T044841Z,26.9,74.9
20260705T044856Z,27.0,74.9
20260705T044911Z,27.0,74.9
20260705T044926Z,27.0,74.9
20260705T044941Z,27.0,74.9
20260705T044956Z,27.0,74.9
20260705T045011Z,27.0,74.9
20260705T045026Z,26.9,74.9
20260705T045041Z,27.0,74.9
20260705T045056Z,27.0,74.9
20260705T045111Z,27.0,74.8
20260705T045126Z,26.9,74.8
20260705T045141Z,27.0,74.8
20260705T045156Z,27.0,74.6
20260705T045211Z,26.9,74.8
20260705T045226Z,26.9,74.8
20260705T045241Z,26.9,74.7
20260705T045256Z,26.9,74.5
20260705T045311Z,26.9,74.6
20260705T045326Z,26.9,74.5
20260705T045341Z,26.9,74.7
20260705T045356Z,26.9,74.8
20260705T045411Z,26.9,74.7
20260705T045426Z,26.9,74.7
20260705T045441Z,26.9,74.6
20260705T045456Z,26.9,74.6
20260705T045511Z,26.9,74.5
20260705T045526Z,26.9,74.5
20260705T045541Z,26.9,74.5
20260705T045556Z,26.9,74.5
20260705T045611Z,26.9,74.3
20260705T045626Z,26.9,74.4
20260705T045641Z,26.9,74.4
20260705T045656Z,27.0,74.2
20260705T045711Z,26.9,74.2
20260705T045726Z,26.9,74.4
20260705T045741Z,26.9,73.9
20260705T045756Z,26.9,73.7
20260705T045811Z,27.0,73.4
20260705T045826Z,26.9,72.8
20260705T045841Z,27.0,73.0
20260705T045856Z,27.0,73.0
20260705T045911Z,27.0,72.6
20260705T045926Z,27.0,72.7
20260705T045941Z,27.0,73.0
20260705T045956Z,27.0,72.5
20260705T050011Z,27.0,72.7
20260705T050026Z,27.0,72.7
20260705T050041Z,27.0,72.6
20260705T050056Z,27.0,72.7
20260705T050111Z,27.0,72.9
20260705T050126Z,27.0,72.7
20260705T050141Z,27.0,72.7
20260705T050156Z,27.0,72.4
20260705T050211Z,27.0,72.6
20260705T050226Z,27.0,72.5
20260705T050241Z,27.0,72.4
20260705T050256Z,27.0,72.7
20260705T050311Z,27.0,72.5
20260705T050326Z,26.9,72.7
20260705T050341Z,27.0,72.8
20260705T050356Z,26.9,72.9
20260705T050411Z,26.9,72.6
20260705T050426Z,26.9,72.8
20260705T050441Z,26.9,72.4
20260705T050456Z,27.0,72.8
20260705T050511Z,27.0,72.5
20260705T050526Z,27.0,72.3
20260705T050541Z,27.0,72.7
20260705T050556Z,26.9,72.7
20260705T050611Z,26.9,72.5
20260705T050626Z,27.0,72.3
20260705T050641Z,27.0,72.8
20260705T050656Z,26.9,72.2
20260705T050711Z,27.0,72.4
20260705T050726Z,27.0,72.3
20260705T050741Z,27.0,72.3
20260705T050756Z,27.0,72.2
20260705T050811Z,27.0,72.2
20260705T050826Z,27.0,71.7
20260705T050841Z,27.0,71.9
20260705T050856Z,27.0,71.8
20260705T050911Z,27.0,72.2
20260705T050926Z,27.0,71.9
20260705T050941Z,27.0,71.7
20260705T050956Z,27.0,71.8
20260705T051011Z,27.0,72.0
20260705T051026Z,27.0,72.0
20260705T051041Z,27.0,71.8
20260705T051056Z,27.0,72.0
20260705T051111Z,27.0,72.0
20260705T051126Z,27.0,72.1
20260705T051141Z,27.0,72.0
20260705T051156Z,27.0,71.8
20260705T051211Z,27.0,71.8
20260705T051226Z,27.0,71.9
20260705T051241Z,27.0,72.1
20260705T051256Z,27.0,72.2
20260705T051311Z,27.0,72.3
20260705T051326Z,27.0,72.3
20260705T051341Z,27.0,72.3
20260705T051356Z,27.0,72.3
20260705T051412Z,27.0,72.3
20260705T051426Z,27.0,72.4
20260705T051441Z,27.0,72.4
20260705T051456Z,27.0,72.5
20260705T051511Z,27.0,72.3
20260705T051526Z,27.0,72.4
20260705T051541Z,27.0,72.4
20260705T051556Z,27.0,72.3
20260705T051611Z,27.0,72.4
20260705T051626Z,27.0,72.4
20260705T051641Z,27.0,72.4
20260705T051656Z,27.0,72.5
20260705T051711Z,27.0,72.4
20260705T051726Z,27.0,72.6
20260705T051741Z,27.0,72.4
20260705T051756Z,27.0,72.4
20260705T051811Z,27.0,72.5
20260705T051826Z,27.0,72.6
20260705T051841Z,27.0,72.5
20260705T051856Z,27.0,72.6
20260705T051911Z,27.0,72.6
20260705T051926Z,27.0,72.7
20260705T051941Z,27.0,72.8
20260705T051956Z,27.0,72.7
20260705T052011Z,27.0,72.8
20260705T052026Z,27.0,72.8
20260705T052041Z,27.0,72.9
20260705T052056Z,27.1,72.9
20260705T052111Z,27.1,72.9
20260705T052126Z,27.1,72.9
20260705T052141Z,27.1,73.0
20260705T052156Z,27.1,73.0
20260705T052211Z,27.1,73.1
20260705T052226Z,27.1,73.1
20260705T052241Z,27.1,73.1
20260705T052256Z,27.1,73.1
20260705T052311Z,27.1,73.2
20260705T052326Z,27.1,73.2
20260705T052341Z,27.1,73.2
20260705T052356Z,27.1,73.3
20260705T052412Z,27.1,73.3
20260705T052427Z,27.1,73.4
20260705T052441Z,27.1,73.4
20260705T052456Z,27.1,73.4
20260705T052511Z,27.1,73.4
20260705T052526Z,27.1,73.5
20260705T052541Z,27.1,73.5
20260705T052556Z,27.1,73.5
20260705T052611Z,27.1,73.4
20260705T052626Z,27.1,73.5
20260705T052641Z,27.1,73.5
20260705T052656Z,27.1,73.5
20260705T052711Z,27.1,73.5
20260705T052726Z,27.1,73.5
20260705T052741Z,27.1,73.6
20260705T052756Z,27.1,73.6
20260705T052811Z,27.1,73.6
20260705T052826Z,27.1,73.6
20260705T052841Z,27.1,73.5
20260705T052856Z,27.1,73.5
20260705T052911Z,27.1,73.5
20260705T052926Z,27.1,73.6
20260705T052941Z,27.1,73.6
20260705T052956Z,27.1,73.6
20260705T053011Z,27.1,73.6
20260705T053026Z,27.1,73.7
20260705T053041Z,27.1,73.7
20260705T053056Z,27.1,73.7
20260705T053111Z,27.1,73.7
20260705T053126Z,27.1,73.8
20260705T053141Z,27.1,73.8
20260705T053156Z,27.2,73.7
20260705T053211Z,27.2,73.8
20260705T053226Z,27.2,73.7
20260705T053241Z,27.2,73.8
20260705T053256Z,27.1,73.7
20260705T053311Z,27.1,73.6
20260705T053326Z,27.2,73.8
20260705T053341Z,27.2,73.8
20260705T053356Z,27.2,73.8
20260705T053411Z,27.2,73.6
20260705T053426Z,27.2,73.6
20260705T053441Z,27.2,73.5
20260705T053456Z,27.2,73.5
20260705T053511Z,27.2,73.1
20260705T053526Z,27.2,73.0
20260705T053541Z,27.2,73.1
20260705T053556Z,27.2,73.0
20260705T053611Z,27.2,73.2
20260705T053626Z,27.2,73.1
20260705T053641Z,27.2,73.1
20260705T053656Z,27.2,73.1
20260705T053711Z,27.2,73.1
20260705T053726Z,27.2,73.0
20260705T053741Z,27.2,73.0
20260705T053756Z,27.2,73.0
20260705T053811Z,27.2,73.1
20260705T053826Z,27.2,72.6
20260705T053841Z,27.2,69.5
20260705T053856Z,27.1,64.6
20260705T053911Z,27.1,63.5
20260705T053926Z,27.1,63.4
20260705T053941Z,27.1,63.7
20260705T053956Z,27.1,63.6
20260705T054011Z,27.1,67.9
20260705T054026Z,27.1,68.5
20260705T054041Z,27.1,68.9
20260705T054056Z,27.1,69.3
20260705T054111Z,27.2,69.5
20260705T054126Z,27.2,70.3
20260705T054141Z,27.1,70.5
20260705T054156Z,27.1,70.3
20260705T054212Z,27.2,70.6
20260705T054227Z,27.1,70.3
20260705T054241Z,27.2,70.5
20260705T054256Z,27.2,70.7
20260705T054311Z,27.2,70.5
20260705T054326Z,27.1,70.4
20260705T054341Z,27.2,70.5
20260705T054356Z,27.2,70.6
20260705T054411Z,27.2,70.5
20260705T054426Z,27.1,70.4
20260705T054441Z,27.2,70.4
20260705T054456Z,27.2,70.4
20260705T054511Z,27.2,70.5
20260705T054526Z,27.2,70.6
20260705T054541Z,27.1,70.5
20260705T054556Z,27.2,70.6
20260705T054611Z,27.2,70.6
20260705T054626Z,27.1,70.6
20260705T054641Z,27.2,70.5
20260705T054656Z,27.2,70.5
20260705T054711Z,27.2,70.7
20260705T054726Z,27.2,70.6
20260705T054741Z,27.2,70.7
20260705T054756Z,27.2,70.7
20260705T054811Z,27.2,70.7
20260705T054826Z,27.2,70.7
20260705T054841Z,27.2,70.7
20260705T054856Z,27.2,70.7
20260705T054911Z,27.2,70.8
20260705T054926Z,27.2,70.7
20260705T054941Z,27.2,70.7
20260705T054956Z,27.2,70.8
20260705T055011Z,27.2,70.8
20260705T055026Z,27.2,70.8
20260705T055041Z,27.2,70.8
20260705T055056Z,27.2,70.8
20260705T055111Z,27.2,70.8
20260705T055126Z,27.2,70.9
20260705T055141Z,27.2,70.8
20260705T055156Z,27.2,70.8
20260705T055212Z,27.2,70.8
20260705T055227Z,27.2,70.9
20260705T055241Z,27.2,70.8
20260705T055256Z,27.2,70.9
20260705T055312Z,27.2,70.9
20260705T055327Z,27.2,70.9
20260705T055341Z,27.3,70.9
20260705T055356Z,27.2,70.9
20260705T055411Z,27.3,70.9
20260705T055426Z,27.3,70.9
20260705T055441Z,27.3,70.9
20260705T055456Z,27.3,70.9
20260705T055511Z,27.3,71.0
20260705T055526Z,27.3,71.0
20260705T055541Z,27.3,70.9
20260705T055556Z,27.3,70.9
20260705T055611Z,27.3,71.0
20260705T055626Z,27.3,71.0
20260705T055641Z,27.3,71.0
20260705T055656Z,27.3,70.9
20260705T055711Z,27.3,70.9
20260705T055726Z,27.3,71.0
20260705T055741Z,27.3,71.0
20260705T055756Z,27.3,71.0
20260705T055811Z,27.3,71.0
20260705T055826Z,27.3,71.1
20260705T055841Z,27.3,71.1
20260705T055856Z,27.3,71.1
20260705T055911Z,27.3,71.1
20260705T055926Z,27.3,71.0
20260705T055941Z,27.3,71.1
20260705T055956Z,27.3,71.2
20260705T060011Z,27.3,71.2
20260705T060026Z,27.3,71.2
20260705T060041Z,27.3,71.3
20260705T060056Z,27.3,71.2
20260705T060111Z,27.4,71.3
20260705T060126Z,27.3,71.4
20260705T060141Z,27.3,71.4
20260705T060156Z,27.3,71.5
20260705T060211Z,27.3,71.5
20260705T060226Z,27.3,71.9
20260705T060241Z,27.3,71.7
20260705T060256Z,27.4,71.6
20260705T060311Z,27.4,72.9
20260705T060326Z,27.4,73.4
20260705T060341Z,27.4,72.8
20260705T060356Z,27.4,72.7
20260705T060411Z,27.4,71.6
20260705T060426Z,27.4,71.5
20260705T060441Z,27.4,71.2
20260705T060456Z,27.4,71.3
20260705T060511Z,27.4,72.0
20260705T060526Z,27.4,71.8
20260705T060541Z,27.4,71.7
20260705T060556Z,27.4,71.5
20260705T060611Z,27.4,71.8
20260705T060626Z,27.4,72.1
20260705T060641Z,27.4,71.8
20260705T060656Z,27.4,72.3
20260705T060711Z,27.4,73.3
20260705T060726Z,27.4,74.1
20260705T060741Z,27.4,72.8
20260705T060756Z,27.4,72.5
20260705T060812Z,27.4,72.9
20260705T060827Z,27.4,73.1
20260705T060841Z,27.4,74.2
20260705T060856Z,27.4,74.7
20260705T060911Z,27.4,73.8
20260705T060926Z,27.4,73.8
20260705T060941Z,27.4,74.8
20260705T060956Z,27.4,74.5
20260705T061011Z,27.4,73.3
20260705T061026Z,27.4,72.2
20260705T061041Z,27.4,73.3
20260705T061056Z,27.4,73.0
20260705T061111Z,27.4,72.2
20260705T061126Z,27.4,72.5
20260705T061141Z,27.4,74.3
20260705T061156Z,27.4,73.4
20260705T061211Z,27.4,73.7
20260705T061226Z,27.4,72.8
20260705T061241Z,27.5,73.3
20260705T061256Z,27.4,71.6
20260705T061311Z,27.4,71.3
20260705T061326Z,27.4,72.0
20260705T061341Z,27.4,73.2
20260705T061356Z,27.4,72.9
20260705T061411Z,27.4,72.0
20260705T061426Z,27.4,71.5
20260705T061441Z,27.4,71.9
20260705T061456Z,27.4,72.1
20260705T061511Z,27.4,71.6
20260705T061526Z,27.4,73.0
20260705T061541Z,27.4,71.1
20260705T061556Z,27.4,73.2
20260705T061611Z,27.4,72.8
20260705T061626Z,27.4,71.6
20260705T061641Z,27.5,73.1
20260705T061656Z,27.5,70.8
20260705T061711Z,27.5,70.7
20260705T061726Z,27.5,71.5
20260705T061741Z,27.5,70.9
20260705T061756Z,27.5,71.9
20260705T061811Z,27.5,70.2
20260705T061826Z,27.5,70.4
20260705T061841Z,27.5,70.2
20260705T061856Z,27.5,70.5
20260705T061911Z,27.5,70.2
20260705T061926Z,27.5,67.8
20260705T061941Z,27.5,66.6
20260705T061956Z,27.5,66.5
20260705T062011Z,27.5,66.9
20260705T062026Z,27.5,67.5
20260705T062041Z,27.5,69.5
20260705T062056Z,27.5,68.7
20260705T062111Z,27.5,67.6
20260705T062126Z,27.5,67.8
20260705T062141Z,27.5,67.5
20260705T062156Z,27.5,68.1
20260705T062211Z,27.5,69.2
20260705T062226Z,27.5,67.6
20260705T062241Z,27.5,67.5
20260705T062256Z,27.5,67.2
20260705T062311Z,27.5,69.5
20260705T062326Z,27.5,70.0
20260705T062341Z,27.5,69.7
20260705T062356Z,27.5,68.1
20260705T062411Z,27.5,68.1
20260705T062426Z,27.5,68.2
20260705T062441Z,27.5,68.1
20260705T062456Z,27.5,70.2
20260705T062511Z,27.5,68.3
20260705T062526Z,27.5,71.5
20260705T062541Z,27.5,69.8
20260705T062556Z,27.5,68.8
20260705T062611Z,27.5,70.1
20260705T062626Z,27.6,69.6
20260705T062641Z,27.5,69.8
20260705T062656Z,27.5,68.2
20260705T062711Z,27.5,69.3
20260705T062726Z,27.5,68.9
20260705T062741Z,27.5,71.3
20260705T062756Z,27.5,69.7
20260705T062811Z,27.5,71.3
20260705T062827Z,27.5,71.4
20260705T062841Z,27.5,72.5
20260705T062856Z,27.5,71.7
20260705T062911Z,27.5,69.4
20260705T062926Z,27.5,68.7
20260705T062941Z,27.5,70.5
20260705T062956Z,27.5,69.0
20260705T063011Z,27.5,68.5
20260705T063026Z,27.5,68.6
20260705T063041Z,27.5,70.5
20260705T063056Z,27.5,70.5
20260705T063111Z,27.5,69.1
20260705T063126Z,27.5,69.9
20260705T063141Z,27.5,70.4
20260705T063156Z,27.5,71.3
20260705T063211Z,27.5,70.8
20260705T063226Z,27.5,71.6
20260705T063241Z,27.5,71.4
20260705T063256Z,27.6,71.8
20260705T063311Z,27.5,68.3
20260705T063326Z,27.5,67.7
20260705T063341Z,27.5,67.4
20260705T063356Z,27.5,68.1
20260705T063411Z,27.5,68.7
20260705T063426Z,27.5,69.3
20260705T063442Z,27.5,68.1
20260705T063457Z,27.5,69.4
20260705T063511Z,27.5,68.4
20260705T063526Z,27.6,70.5
20260705T063541Z,27.6,70.4
20260705T063556Z,27.6,72.1
20260705T063611Z,27.6,70.6
20260705T063626Z,27.6,71.3
20260705T063641Z,27.6,69.1
20260705T063656Z,27.6,68.6
20260705T063711Z,27.6,69.5
20260705T063726Z,27.6,69.5
20260705T063741Z,27.6,68.9
20260705T063756Z,27.6,70.2
20260705T063811Z,27.6,69.0
20260705T063826Z,27.6,70.3
20260705T063841Z,27.6,70.6
20260705T063856Z,27.6,71.2
20260705T063911Z,27.6,70.2
20260705T063926Z,27.6,70.7
20260705T063941Z,27.6,68.3
20260705T063956Z,27.6,69.2
20260705T064011Z,27.5,68.2
20260705T064026Z,27.5,69.6
20260705T064041Z,27.5,68.7
20260705T064057Z,27.5,69.8
20260705T064111Z,27.5,71.6
20260705T064126Z,27.6,72.2
20260705T064141Z,27.6,70.6
20260705T064156Z,27.5,68.3
20260705T064211Z,27.5,70.4
20260705T064226Z,27.5,69.9
20260705T064241Z,27.5,69.5
20260705T064256Z,27.5,68.8
20260705T064311Z,27.5,69.4
20260705T064326Z,27.5,68.8
20260705T064341Z,27.5,68.5
20260705T064356Z,27.5,69.2
20260705T064411Z,27.5,68.8
20260705T064426Z,27.5,69.5
20260705T064441Z,27.5,71.4
20260705T064456Z,27.5,69.4
20260705T064511Z,27.5,70.4
20260705T064526Z,27.5,70.6
20260705T064541Z,27.5,71.0
20260705T064556Z,27.5,68.3
20260705T064612Z,27.5,67.7
20260705T064627Z,27.5,67.8
20260705T064641Z,27.5,69.2
20260705T064657Z,27.5,70.4
20260705T064712Z,27.6,69.6
20260705T064727Z,27.6,68.4
20260705T064742Z,27.5,67.8
20260705T064756Z,27.6,69.4
20260705T064812Z,27.5,67.9
20260705T064826Z,27.5,67.9
20260705T064842Z,27.6,70.5
20260705T064856Z,27.5,67.9
20260705T064912Z,27.5,67.3
20260705T064926Z,27.5,67.5
20260705T064941Z,27.6,70.2
20260705T064956Z,27.6,71.5
20260705T065011Z,27.6,67.0
20260705T065026Z,27.6,67.7
20260705T065041Z,27.6,68.1
20260705T065057Z,27.6,68.7
20260705T065111Z,27.6,66.8
20260705T065127Z,27.6,68.6
20260705T065141Z,27.6,68.8
20260705T065157Z,27.6,67.7
20260705T065211Z,27.6,65.3
20260705T065227Z,27.6,67.6
20260705T065241Z,27.6,69.3
20260705T065257Z,27.6,68.3
20260705T065311Z,27.6,66.8
20260705T065327Z,27.6,66.8
20260705T065341Z,27.6,66.6
20260705T065357Z,27.6,66.4
20260705T065411Z,27.6,67.6
20260705T065427Z,27.6,69.0
20260705T065441Z,27.6,69.4
20260705T065457Z,27.6,68.5
20260705T065512Z,27.6,70.4
20260705T065526Z,27.6,69.4
20260705T065542Z,27.6,67.9
20260705T065556Z,27.6,69.0
20260705T065611Z,27.6,71.3
20260705T065627Z,27.6,71.6
20260705T065641Z,27.6,68.2
20260705T065657Z,27.6,67.0
20260705T065712Z,27.6,67.4
20260705T065726Z,27.6,68.3
20260705T065741Z,27.6,67.3
20260705T065757Z,27.6,66.6
20260705T065811Z,27.6,67.0
20260705T065827Z,27.6,67.9
20260705T065841Z,27.6,67.7
20260705T065857Z,27.6,66.8
20260705T065911Z,27.6,67.0
20260705T065927Z,27.6,66.3
20260705T065941Z,27.6,64.9
20260705T065957Z,27.6,64.7
20260705T070011Z,27.6,64.8
20260705T070027Z,27.6,67.0
20260705T070041Z,27.6,67.9
20260705T070056Z,27.6,67.1
20260705T070111Z,27.6,66.7
20260705T070126Z,27.6,65.9
20260705T070142Z,27.6,65.7
20260705T070156Z,27.6,65.8
20260705T070211Z,27.6,65.3
20260705T070227Z,27.6,65.2
20260705T070241Z,27.6,64.0
20260705T070257Z,27.6,64.3
20260705T070311Z,27.6,66.1
20260705T070327Z,27.6,67.6
20260705T070341Z,27.6,64.5
20260705T070357Z,27.6,64.1
20260705T070411Z,27.6,63.4
20260705T070427Z,27.6,65.2
20260705T070441Z,27.6,64.1
20260705T070457Z,27.6,63.6
20260705T070512Z,27.6,63.6
20260705T070526Z,27.6,65.4
20260705T070542Z,27.6,64.4
20260705T070556Z,27.6,65.1
20260705T070612Z,27.6,64.9
20260705T070626Z,27.6,66.5
20260705T070642Z,27.6,65.4
20260705T070656Z,27.6,66.7
20260705T070712Z,27.6,66.5
20260705T070726Z,27.6,67.3
20260705T070742Z,27.6,65.6
20260705T070756Z,27.6,65.2
20260705T070811Z,27.6,65.7
20260705T070827Z,27.6,65.5
20260705T070841Z,27.6,66.0
20260705T070857Z,27.6,68.1
20260705T070912Z,27.6,67.9
20260705T070926Z,27.6,64.5
20260705T070942Z,27.6,64.3
20260705T070956Z,27.6,66.3
20260705T071011Z,27.6,63.7
20260705T071027Z,27.6,64.1
20260705T071041Z,27.6,64.9
20260705T071057Z,27.6,66.5
20260705T071112Z,27.6,66.0
20260705T071126Z,27.6,65.6
20260705T071142Z,27.6,67.1
20260705T071156Z,27.6,68.7
20260705T071212Z,27.6,65.4
20260705T071226Z,27.6,65.3
20260705T071242Z,27.6,67.4
20260705T071256Z,27.6,64.9
20260705T071312Z,27.6,64.6
20260705T071326Z,27.6,65.5
20260705T071341Z,27.6,64.8
20260705T071356Z,27.6,63.7
20260705T071412Z,27.6,60.1
20260705T071426Z,27.5,61.0
20260705T071442Z,27.5,61.7
20260705T071456Z,27.4,61.4
20260705T071512Z,27.4,65.2
20260705T071526Z,27.4,63.3
20260705T071542Z,27.4,63.6
20260705T071556Z,27.5,63.3
20260705T071612Z,27.5,62.3
20260705T071626Z,27.5,63.8
20260705T071641Z,27.5,63.9
20260705T071656Z,27.5,62.4
20260705T071711Z,27.5,64.9
20260705T071727Z,27.5,63.3
20260705T071741Z,27.5,63.0
20260705T071757Z,27.5,62.7
20260705T071811Z,27.5,63.5
20260705T071827Z,27.5,63.6
20260705T071841Z,27.5,63.6
20260705T071857Z,27.5,63.4
20260705T071911Z,27.6,64.0
20260705T071927Z,27.5,63.6
20260705T071941Z,27.5,63.9
20260705T071957Z,27.5,63.5
20260705T072011Z,27.5,63.9
20260705T072027Z,27.5,65.5
20260705T072041Z,27.5,63.3
20260705T072057Z,27.5,64.6
20260705T072111Z,27.5,65.5
20260705T072127Z,27.6,63.5
20260705T072141Z,27.6,66.5
20260705T072157Z,27.6,66.7
20260705T072212Z,27.6,68.5
20260705T072226Z,27.6,65.6
20260705T072242Z,27.6,66.2
20260705T072256Z,27.6,65.9
20260705T072311Z,27.6,64.3
20260705T072326Z,27.6,63.1
20260705T072342Z,27.6,63.1
20260705T072356Z,27.6,66.7
20260705T072412Z,27.6,63.9
20260705T072426Z,27.6,64.4
20260705T072442Z,27.6,63.2
20260705T072456Z,27.6,64.0
20260705T072512Z,27.6,63.1
20260705T072526Z,27.6,62.8
20260705T072542Z,27.6,62.6
20260705T072556Z,27.6,62.8
20260705T072611Z,27.6,63.8
20260705T072626Z,27.6,63.9
20260705T072641Z,27.6,64.9
20260705T072657Z,27.6,66.6
20260705T072711Z,27.6,65.9
20260705T072727Z,27.6,64.6
20260705T072741Z,27.6,64.2
20260705T072757Z,27.6,64.2
20260705T072811Z,27.6,64.1
20260705T072827Z,27.6,67.5
20260705T072841Z,27.6,64.3
20260705T072857Z,27.6,64.4
20260705T072912Z,27.6,64.3
20260705T072926Z,27.6,64.0
20260705T072941Z,27.6,64.0
20260705T072957Z,27.6,63.8
20260705T073012Z,27.6,63.7
20260705T073026Z,27.6,63.8
20260705T073042Z,27.6,63.8
20260705T073056Z,27.6,63.5
20260705T073112Z,27.6,64.1
20260705T073126Z,27.6,64.9
20260705T073142Z,27.6,65.6
20260705T073156Z,27.6,59.3
20260705T073212Z,27.5,58.6
20260705T073227Z,27.4,57.8
20260705T073241Z,27.3,58.5
20260705T073256Z,27.3,61.3
20260705T073312Z,27.1,61.4
20260705T073326Z,27.0,61.0
20260705T073342Z,26.9,60.7
20260705T073356Z,26.7,60.1
20260705T073411Z,26.5,59.8
20260705T073427Z,26.4,59.5
20260705T073441Z,26.2,59.2
20260705T073457Z,26.0,58.8
20260705T073512Z,25.8,58.8
20260705T073527Z,25.6,58.3
20260705T073542Z,25.4,58.5
20260705T073556Z,25.3,58.3
20260705T073611Z,25.2,58.1
20260705T073627Z,25.1,57.6
20260705T073641Z,25.0,57.5
20260705T073657Z,24.8,57.5
20260705T073712Z,24.7,57.7
20260705T073727Z,24.6,57.3
20260705T073741Z,24.5,57.2
20260705T073757Z,24.5,56.7
20260705T073811Z,24.4,56.6
20260705T073827Z,24.3,56.5
20260705T073841Z,24.2,56.3
20260705T073857Z,24.1,56.1
20260705T073911Z,24.1,56.3
20260705T073926Z,24.1,57.3
20260705T073942Z,24.1,59.0
20260705T073956Z,24.2,60.6
20260705T074011Z,24.3,62.2
20260705T074027Z,24.4,63.3
20260705T074041Z,24.4,63.7
20260705T074057Z,24.5,64.6
20260705T074112Z,24.6,64.8
20260705T074126Z,24.6,65.5
20260705T074142Z,24.7,66.0
20260705T074156Z,24.7,66.2
20260705T074211Z,24.8,66.8
20260705T074226Z,24.8,67.0
20260705T074242Z,24.9,67.2
20260705T074257Z,24.9,67.6
20260705T074312Z,24.9,67.7
20260705T074327Z,25.0,68.0
20260705T074342Z,25.0,68.2
20260705T074357Z,25.0,68.6
20260705T074413Z,25.1,68.2
20260705T074427Z,25.1,68.5
20260705T074442Z,25.1,68.3
20260705T074457Z,25.2,68.8
20260705T074513Z,25.2,69.0
20260705T074527Z,25.2,68.8
20260705T074542Z,25.2,69.2
20260705T074556Z,25.2,68.8
20260705T074612Z,25.3,69.1
20260705T074626Z,25.3,69.0
20260705T074642Z,25.3,68.9
20260705T074656Z,25.3,68.9
20260705T074712Z,25.3,68.9
20260705T074726Z,25.3,68.7
20260705T074742Z,25.4,68.6
20260705T074757Z,25.4,68.6
20260705T074812Z,25.4,68.2
20260705T074827Z,25.4,68.1
20260705T074842Z,25.5,67.6
20260705T074857Z,25.5,67.5
20260705T074912Z,25.5,67.0
20260705T074927Z,25.6,66.3
20260705T074942Z,25.6,62.8
20260705T074957Z,25.6,62.7
20260705T075012Z,25.7,61.3
20260705T075027Z,25.7,62.6
20260705T075042Z,25.7,60.4
20260705T075057Z,25.8,61.2
20260705T075112Z,25.8,60.6
20260705T075127Z,25.8,60.5
20260705T075142Z,25.8,62.4
20260705T075157Z,25.9,58.9
20260705T075212Z,25.9,58.4
20260705T075227Z,25.9,59.8
20260705T075242Z,25.9,59.7
20260705T075257Z,25.9,57.5
20260705T075312Z,25.9,57.6
20260705T075327Z,25.9,57.7
20260705T075342Z,25.9,57.0
20260705T075357Z,25.9,57.8
20260705T075412Z,25.9,57.1
20260705T075427Z,25.9,56.6
20260705T075442Z,25.9,56.7
20260705T075457Z,25.9,55.9
20260705T075512Z,25.9,55.9
20260705T075527Z,25.9,56.3
20260705T075542Z,25.9,56.0
20260705T075557Z,25.9,55.8
20260705T075612Z,25.9,55.0
20260705T075627Z,25.9,54.8
20260705T075642Z,25.8,54.6
20260705T075657Z,25.8,55.1
20260705T075712Z,25.8,54.6
20260705T075727Z,25.8,54.5
20260705T075742Z,25.8,54.3
20260705T075757Z,25.7,54.6
20260705T075813Z,25.7,54.7
20260705T075827Z,25.7,55.0
20260705T075842Z,25.7,54.8
20260705T075857Z,25.7,54.9
20260705T075911Z,25.7,54.9
20260705T075927Z,25.7,55.2
20260705T075942Z,25.7,54.8
20260705T075957Z,25.7,54.9
20260705T080012Z,25.7,54.4
20260705T080027Z,25.7,54.2
20260705T080042Z,25.6,54.2
20260705T080057Z,25.6,54.3
20260705T080112Z,25.6,54.2
20260705T080127Z,25.6,54.1
20260705T080142Z,25.6,53.6
20260705T080157Z,25.6,53.8
20260705T080212Z,25.6,53.6
20260705T080227Z,25.6,53.6
20260705T080242Z,25.6,53.5
20260705T080257Z,25.5,53.7
20260705T080312Z,25.5,53.5
20260705T080327Z,25.5,53.5
20260705T080342Z,25.5,53.5
20260705T080357Z,25.5,53.3
20260705T080412Z,25.5,53.1
20260705T080427Z,25.5,53.2
20260705T080442Z,25.4,53.0
20260705T080457Z,25.4,53.3
20260705T080512Z,25.4,52.9
20260705T080527Z,25.4,53.0
20260705T080542Z,25.4,53.0
20260705T080557Z,25.4,53.0
20260705T080612Z,25.4,53.0
20260705T080627Z,25.4,53.2
20260705T080642Z,25.4,53.1
20260705T080657Z,25.4,53.0
20260705T080712Z,25.4,53.0
20260705T080727Z,25.4,53.1
20260705T080742Z,25.4,53.1
20260705T080757Z,25.4,52.9
20260705T080812Z,25.4,52.5
20260705T080827Z,25.4,52.4
20260705T080842Z,25.4,52.5
20260705T080857Z,25.4,52.5
20260705T080912Z,25.4,52.5
20260705T080927Z,25.4,52.4
20260705T080942Z,25.4,52.4
20260705T080957Z,25.4,52.8
20260705T081012Z,25.4,52.4
20260705T081027Z,25.4,52.6
20260705T081042Z,25.4,52.4
20260705T081057Z,25.4,52.4
20260705T081112Z,25.4,52.4
20260705T081127Z,25.4,52.2
20260705T081142Z,25.3,52.3
20260705T081157Z,25.3,52.3
20260705T081212Z,25.3,52.2
20260705T081227Z,25.3,52.2
20260705T081242Z,25.3,52.3
20260705T081257Z,25.3,52.2
20260705T081312Z,25.3,52.2
20260705T081328Z,25.2,52.1
20260705T081342Z,25.2,52.2
20260705T081357Z,25.3,52.3
20260705T081412Z,25.3,52.3
20260705T081427Z,25.3,52.3
20260705T081442Z,25.3,52.3
20260705T081457Z,25.3,52.0
20260705T081512Z,25.3,52.1
20260705T081527Z,25.3,52.0
20260705T081542Z,25.3,52.0
20260705T081557Z,25.3,52.0
20260705T081612Z,25.3,52.0
20260705T081627Z,25.3,52.1
20260705T081642Z,25.3,52.1
20260705T081657Z,25.3,52.2
20260705T081712Z,25.3,52.2
20260705T081727Z,25.3,51.9
20260705T081742Z,25.3,52.1
20260705T081757Z,25.3,51.8
20260705T081812Z,25.3,51.6
20260705T081827Z,25.3,51.7
20260705T081842Z,25.3,51.8
20260705T081857Z,25.2,51.7
20260705T081912Z,25.2,51.7
20260705T081927Z,25.2,51.7
20260705T081942Z,25.2,51.7
20260705T081957Z,25.2,51.6
20260705T082012Z,25.2,51.7
20260705T082027Z,25.2,51.6
20260705T082042Z,25.2,51.6
20260705T082057Z,25.2,51.6
20260705T082112Z,25.2,51.7
20260705T082127Z,25.2,51.5
20260705T082142Z,25.2,51.5
20260705T082157Z,25.2,51.5
20260705T082212Z,25.2,51.7
20260705T082227Z,25.2,51.9
20260705T082242Z,25.2,52.4
20260705T082257Z,25.2,53.1
20260705T082312Z,25.2,54.1
20260705T082327Z,25.3,54.6
20260705T082342Z,25.3,54.9
20260705T082357Z,25.4,55.9
20260705T082412Z,25.4,56.3
20260705T082427Z,25.5,56.5
20260705T082442Z,25.6,56.9
20260705T082457Z,25.6,57.2
20260705T082512Z,25.7,57.3
20260705T082527Z,25.8,57.5
20260705T082542Z,25.8,57.8
20260705T082557Z,25.9,58.1
20260705T082612Z,26.0,58.4
20260705T082627Z,26.0,58.5
20260705T082642Z,26.1,58.7
20260705T082657Z,26.1,59.0
20260705T082712Z,26.2,59.2
20260705T082727Z,26.2,59.4
20260705T082742Z,26.2,59.8
20260705T082757Z,26.3,59.9
20260705T082812Z,26.3,60.1
20260705T082827Z,26.3,59.8
20260705T082842Z,26.2,59.4
20260705T082857Z,26.1,59.4
20260705T082912Z,26.0,59.5
20260705T082927Z,25.9,59.6
20260705T082942Z,25.8,59.4
20260705T082957Z,25.7,59.1
20260705T083012Z,25.6,58.9
20260705T083027Z,25.5,58.9
20260705T083042Z,25.4,58.9
20260705T083057Z,25.3,58.9
20260705T083112Z,25.2,58.7
20260705T083127Z,25.2,58.7
20260705T083142Z,25.1,58.6
20260705T083157Z,25.0,58.6
20260705T083212Z,25.0,58.7
20260705T083227Z,24.9,58.8
20260705T083242Z,24.8,59.0
20260705T083257Z,24.7,58.9
20260705T083312Z,24.7,58.9
20260705T083327Z,24.6,59.2
20260705T083342Z,24.5,59.2
20260705T083357Z,24.5,59.3
20260705T083412Z,24.4,59.4
20260705T083427Z,24.4,59.4
20260705T083442Z,24.4,59.5
20260705T083457Z,24.3,59.4
20260705T083512Z,24.3,59.6
20260705T083527Z,24.3,59.7
20260705T083542Z,24.3,59.8
20260705T083557Z,24.3,59.8
20260705T083612Z,24.3,59.7
20260705T083627Z,24.3,59.8
20260705T083642Z,24.3,59.9
20260705T083657Z,24.3,59.8
20260705T083712Z,24.2,59.9
20260705T083727Z,24.2,59.9
20260705T083742Z,24.2,60.0
20260705T083757Z,24.2,59.8
20260705T083812Z,24.2,59.4
20260705T083827Z,24.1,58.7
20260705T083842Z,24.1,58.4
20260705T083857Z,24.0,59.9
20260705T083912Z,24.0,61.3
20260705T083927Z,24.0,63.6
20260705T083942Z,24.0,64.7
20260705T083957Z,24.1,65.5
20260705T084012Z,24.2,65.7
20260705T084027Z,24.2,66.6
20260705T084042Z,24.2,66.8
20260705T084057Z,24.3,67.4
20260705T084112Z,24.3,67.9
20260705T084127Z,24.4,68.2
20260705T084142Z,24.4,68.7
20260705T084157Z,24.5,68.9
20260705T084212Z,24.5,70.2
20260705T084227Z,24.6,70.7
20260705T084242Z,24.6,70.9
20260705T084257Z,24.6,71.2
20260705T084312Z,24.7,71.9
20260705T084327Z,24.7,72.1
20260705T084342Z,24.8,72.5
20260705T084357Z,24.8,72.8
20260705T084412Z,24.8,73.1
20260705T084427Z,24.9,73.5
20260705T084442Z,24.9,73.6
20260705T084457Z,24.9,74.3
20260705T084512Z,25.0,74.4
20260705T084527Z,25.0,74.8
20260705T084542Z,25.1,75.1
20260705T084557Z,25.1,75.5
20260705T084612Z,25.1,75.7
20260705T084627Z,25.2,76.4
20260705T084642Z,25.2,76.4
20260705T084657Z,25.2,76.5
20260705T084712Z,25.2,77.0
20260705T084727Z,25.3,77.0
20260705T084742Z,25.3,77.2
20260705T084757Z,25.3,77.6
20260705T084812Z,25.4,77.9
20260705T084827Z,25.4,78.0
20260705T084842Z,25.4,78.3
20260705T084857Z,25.5,78.6
20260705T084912Z,25.5,78.8
20260705T084927Z,25.5,78.9
20260705T084942Z,25.5,79.1
20260705T084957Z,25.5,79.3
20260705T085012Z,25.6,79.5
20260705T085027Z,25.6,79.8
20260705T085042Z,25.6,79.9
20260705T085057Z,25.6,79.9
20260705T085112Z,25.7,80.0
20260705T085127Z,25.7,80.1
20260705T085142Z,25.7,80.2
20260705T085157Z,25.7,80.2
20260705T085212Z,25.8,80.4
20260705T085227Z,25.8,80.4
20260705T085242Z,25.8,80.4
20260705T085257Z,25.9,80.4
20260705T085312Z,25.9,80.1
20260705T085327Z,25.9,78.9
20260705T085342Z,25.9,78.0
20260705T085357Z,25.9,77.3
20260705T085412Z,25.8,76.3
20260705T085427Z,25.8,75.1
20260705T085442Z,25.7,74.3
20260705T085457Z,25.7,73.6
20260705T085512Z,25.6,72.8
20260705T085527Z,25.5,71.8
20260705T085542Z,25.4,71.1
20260705T085557Z,25.4,70.3
20260705T085612Z,25.3,69.6
20260705T085627Z,25.1,69.0
20260705T085642Z,25.0,68.3
20260705T085657Z,24.9,67.9
20260705T085712Z,24.8,67.6
20260705T085727Z,24.7,66.9
20260705T085742Z,24.6,66.6
20260705T085757Z,24.5,67.9
20260705T085812Z,24.5,69.5
20260705T085827Z,24.5,71.4
20260705T085842Z,24.5,72.3
20260705T085857Z,24.6,72.9
20260705T085912Z,24.6,73.3
20260705T085927Z,24.6,73.9
20260705T085942Z,24.6,74.1
20260705T085957Z,24.6,74.5
20260705T090012Z,24.7,74.8
20260705T090027Z,24.7,75.2
20260705T090042Z,24.8,75.6
20260705T090057Z,24.8,75.8
20260705T090112Z,24.8,76.1
20260705T090127Z,24.9,76.2
20260705T090142Z,24.9,76.6
20260705T090157Z,25.0,77.1
20260705T090212Z,25.0,77.5
20260705T090227Z,25.0,77.7
20260705T090242Z,25.1,77.9
20260705T090257Z,25.1,78.3
20260705T090312Z,25.2,78.7
20260705T090327Z,25.2,78.9
20260705T090342Z,25.2,78.7
20260705T090357Z,25.3,79.1
20260705T090412Z,25.3,79.5
20260705T090427Z,25.4,79.7
20260705T090442Z,25.4,79.9
20260705T090457Z,25.4,80.1
20260705T090512Z,25.4,80.3
20260705T090527Z,25.5,80.6
20260705T090542Z,25.5,80.6
20260705T090557Z,25.5,80.7
20260705T090612Z,25.5,80.8
20260705T090627Z,25.6,81.1
20260705T090642Z,25.6,81.1
20260705T090657Z,25.6,81.1
20260705T090712Z,25.7,81.4
20260705T090727Z,25.7,81.3
20260705T090742Z,25.7,81.5
20260705T090757Z,25.8,81.4
20260705T090812Z,25.8,81.5
20260705T090827Z,25.8,81.7
20260705T090842Z,25.8,81.6
20260705T090857Z,25.9,81.7
20260705T090912Z,25.9,81.2
20260705T090927Z,25.9,81.0
20260705T090942Z,25.9,79.5
20260705T090957Z,25.9,79.0
20260705T091012Z,25.9,78.3
20260705T091027Z,25.9,77.1
20260705T091042Z,25.8,76.5
20260705T091057Z,25.8,76.2
20260705T091112Z,25.8,75.0
20260705T091127Z,25.7,74.2
20260705T091142Z,25.7,73.8
20260705T091157Z,25.7,72.6
20260705T091212Z,25.6,72.0
20260705T091227Z,25.6,70.9
20260705T091242Z,25.6,69.8
20260705T091257Z,25.5,69.4
20260705T091312Z,25.4,68.5
20260705T091327Z,25.3,68.1
20260705T091342Z,25.3,67.7
20260705T091357Z,25.2,67.2
20260705T091412Z,25.1,66.9
20260705T091427Z,25.1,68.3
20260705T091442Z,25.0,70.5
20260705T091457Z,25.0,71.7
20260705T091512Z,25.0,72.7
20260705T091527Z,25.0,73.3
20260705T091542Z,25.0,73.5
20260705T091557Z,25.0,73.8
20260705T091612Z,25.0,74.3
20260705T091627Z,25.0,75.0
20260705T091642Z,25.0,75.5
20260705T091657Z,25.0,75.8
20260705T091712Z,25.0,76.4
20260705T091727Z,25.0,76.7
20260705T091742Z,25.1,77.0
20260705T091757Z,25.1,77.3
20260705T091812Z,25.1,77.5
20260705T091827Z,25.2,77.9
20260705T091842Z,25.2,78.4
20260705T091857Z,25.2,78.6
20260705T091912Z,25.2,78.8
20260705T091928Z,25.3,79.0
20260705T091943Z,25.3,79.3
20260705T091957Z,25.3,79.7
20260705T092012Z,25.3,80.0
20260705T092027Z,25.4,80.2
20260705T092042Z,25.4,80.3
20260705T092057Z,25.4,80.4
20260705T092112Z,25.5,80.8
20260705T092127Z,25.5,81.1
20260705T092142Z,25.5,81.1
20260705T092157Z,25.6,81.2
20260705T092212Z,25.6,81.3
20260705T092227Z,25.6,81.6
20260705T092242Z,25.6,81.8
20260705T092257Z,25.6,82.0
20260705T092312Z,25.7,82.1
20260705T092327Z,25.7,82.2
20260705T092342Z,25.7,82.4
20260705T092357Z,25.7,82.4
20260705T092412Z,25.7,82.6
20260705T092427Z,25.8,82.6
20260705T092442Z,25.8,82.6
20260705T092457Z,25.8,82.7
20260705T092512Z,25.9,82.6
20260705T092527Z,25.9,82.4
20260705T092542Z,25.9,82.1
20260705T092557Z,25.9,80.4
20260705T092612Z,25.9,79.6
20260705T092627Z,25.9,78.8
20260705T092642Z,25.9,78.3
20260705T092657Z,25.8,77.4
20260705T092712Z,25.8,76.3
20260705T092727Z,25.8,75.6
20260705T092742Z,25.7,74.9
20260705T092757Z,25.7,74.1
20260705T092812Z,25.6,73.5
20260705T092827Z,25.6,72.5
20260705T092842Z,25.6,71.7
20260705T092857Z,25.5,70.9
20260705T092912Z,25.5,69.9
20260705T092927Z,25.4,69.4
20260705T092942Z,25.3,68.9
20260705T092957Z,25.3,68.0
20260705T093012Z,25.2,67.7
20260705T093027Z,25.1,66.9
20260705T093042Z,25.0,67.8
20260705T093057Z,25.0,69.5
20260705T093112Z,25.0,71.8
20260705T093127Z,25.0,73.0
20260705T093142Z,24.9,73.4
20260705T093157Z,24.9,73.8
20260705T093212Z,24.9,73.9
20260705T093228Z,24.9,74.7
20260705T093242Z,24.9,75.0
20260705T093257Z,25.0,75.0
20260705T093312Z,25.0,75.6
20260705T093328Z,25.0,76.0
20260705T093342Z,25.0,76.2
20260705T093357Z,25.1,76.6
20260705T093412Z,25.1,76.9
20260705T093427Z,25.1,77.3
20260705T093442Z,25.2,77.7
20260705T093457Z,25.2,78.0
20260705T093512Z,25.2,78.3
20260705T093527Z,25.3,78.8
20260705T093542Z,25.3,79.1
20260705T093557Z,25.3,79.5
20260705T093612Z,25.3,79.8
20260705T093627Z,25.4,80.2
20260705T093642Z,25.4,80.4
20260705T093657Z,25.4,80.5
20260705T093712Z,25.4,80.9
20260705T093727Z,25.5,81.0
20260705T093742Z,25.5,81.4
20260705T093757Z,25.5,81.6
20260705T093812Z,25.5,81.7
20260705T093827Z,25.5,81.8
20260705T093842Z,25.6,82.0
20260705T093857Z,25.6,82.1
20260705T093912Z,25.6,82.3
20260705T093927Z,25.7,82.3
20260705T093942Z,25.7,82.5
20260705T093957Z,25.7,82.5
20260705T094012Z,25.7,82.7
20260705T094027Z,25.7,82.8
20260705T094042Z,25.8,82.6
20260705T094057Z,25.8,82.8
20260705T094112Z,25.8,82.7
20260705T094127Z,25.8,82.3
20260705T094142Z,25.8,82.2
20260705T094157Z,25.8,80.4
20260705T094212Z,25.8,79.9
20260705T094227Z,25.8,79.3
20260705T094242Z,25.7,77.9
20260705T094257Z,25.7,77.5
20260705T094312Z,25.6,76.8
20260705T094327Z,25.6,75.8
20260705T094342Z,25.6,75.0
20260705T094357Z,25.5,73.9
20260705T094412Z,25.5,73.4
20260705T094427Z,25.5,72.7
20260705T094442Z,25.4,71.8
20260705T094457Z,25.3,71.2
20260705T094512Z,25.3,70.3
20260705T094527Z,25.2,69.8
20260705T094542Z,25.1,69.0
20260705T094557Z,25.0,68.7
20260705T094612Z,25.0,67.9
20260705T094627Z,24.9,68.5
20260705T094642Z,24.9,70.6
20260705T094657Z,24.9,72.5
20260705T094712Z,24.9,73.5
20260705T094728Z,24.9,73.8
20260705T094743Z,24.8,74.2
20260705T094757Z,24.8,74.7
20260705T094812Z,24.8,75.3
20260705T094827Z,24.9,75.6
20260705T094842Z,24.9,75.8
20260705T094857Z,24.9,76.0
20260705T094912Z,24.9,76.5
20260705T094927Z,24.9,76.9
20260705T094942Z,25.0,77.3
20260705T094957Z,25.0,77.6
20260705T095012Z,25.0,77.9
20260705T095027Z,25.0,78.2
20260705T095042Z,25.1,78.4
20260705T095057Z,25.1,78.9
20260705T095112Z,25.1,79.2
20260705T095127Z,25.1,79.2
20260705T095142Z,25.2,79.7
20260705T095157Z,25.2,80.0
20260705T095212Z,25.2,80.3
20260705T095227Z,25.2,80.6
20260705T095242Z,25.3,80.8
20260705T095257Z,25.3,81.1
20260705T095312Z,25.3,81.3
20260705T095327Z,25.3,81.6
20260705T095342Z,25.3,81.6
20260705T095357Z,25.3,81.8
20260705T095412Z,25.4,82.0
20260705T095427Z,25.4,82.3
20260705T095442Z,25.4,82.4
20260705T095457Z,25.4,82.6
20260705T095512Z,25.5,82.6
20260705T095527Z,25.5,82.8
20260705T095542Z,25.5,82.8
20260705T095557Z,25.5,83.0
20260705T095612Z,25.6,83.1
20260705T095627Z,25.6,83.2
20260705T095642Z,25.6,83.2
20260705T095657Z,25.6,83.3
20260705T095712Z,25.7,83.4
20260705T095727Z,25.7,83.5
20260705T095742Z,25.7,83.5
20260705T095757Z,25.7,83.5
20260705T095812Z,25.8,83.6
20260705T095827Z,25.8,83.5
20260705T095842Z,25.8,83.6
20260705T095857Z,25.8,83.0
20260705T095912Z,25.8,82.4
20260705T095927Z,25.8,81.2
20260705T095942Z,25.8,80.9
20260705T095957Z,25.8,80.4
20260705T100012Z,25.7,78.8
20260705T100027Z,25.7,78.0
20260705T100042Z,25.7,77.3
20260705T100057Z,25.6,76.4
20260705T100112Z,25.6,75.4
20260705T100127Z,25.5,75.1
20260705T100142Z,25.5,73.8
20260705T100157Z,25.4,73.3
20260705T100212Z,25.4,72.4
20260705T100227Z,25.3,71.6
20260705T100242Z,25.3,70.5
20260705T100257Z,25.2,70.4
20260705T100312Z,25.1,69.6
20260705T100327Z,25.0,69.4
20260705T100342Z,25.0,69.2
20260705T100357Z,24.9,70.0
20260705T100412Z,24.9,72.2
20260705T100427Z,24.9,73.8
20260705T100442Z,24.9,74.4
20260705T100457Z,24.9,75.1
20260705T100512Z,24.8,75.4
20260705T100527Z,24.8,75.8
20260705T100542Z,24.8,76.4
20260705T100557Z,24.8,76.7
20260705T100612Z,24.8,76.9
20260705T100627Z,24.9,77.2
20260705T100642Z,24.9,77.6
20260705T100657Z,24.9,77.8
20260705T100712Z,24.9,78.2
20260705T100727Z,24.9,78.7
20260705T100742Z,24.9,78.9
20260705T100757Z,25.0,79.3
20260705T100812Z,25.0,79.6
20260705T100827Z,25.0,79.9
20260705T100842Z,25.1,80.4
20260705T100857Z,25.1,80.3
20260705T100912Z,25.1,80.6
20260705T100927Z,25.1,81.1
20260705T100942Z,25.2,81.4
20260705T100957Z,25.2,81.6
20260705T101012Z,25.2,81.9
20260705T101027Z,25.2,82.2
20260705T101042Z,25.2,82.2
20260705T101057Z,25.3,82.3
20260705T101112Z,25.3,82.6
20260705T101127Z,25.3,82.8
20260705T101142Z,25.3,83.0
20260705T101157Z,25.4,83.2
20260705T101212Z,25.4,83.3
20260705T101227Z,25.4,83.4
20260705T101242Z,25.4,83.6
20260705T101257Z,25.4,83.7
20260705T101312Z,25.5,83.7
20260705T101327Z,25.5,83.8
20260705T101342Z,25.5,83.9
20260705T101357Z,25.5,84.0
20260705T101412Z,25.6,84.2
20260705T101427Z,25.6,84.3
20260705T101442Z,25.6,84.3
20260705T101457Z,25.6,84.3
20260705T101512Z,25.6,84.3
20260705T101527Z,25.7,84.2
20260705T101542Z,25.7,84.2
20260705T101557Z,25.7,84.2
20260705T101612Z,25.7,84.2
20260705T101627Z,25.8,84.2
20260705T101642Z,25.8,83.8
20260705T101657Z,25.8,82.8
20260705T101712Z,25.8,81.5
20260705T101727Z,25.8,81.2
20260705T101742Z,25.7,80.5
20260705T101757Z,25.7,79.4
20260705T101812Z,25.7,78.3
20260705T101827Z,25.6,77.9
20260705T101842Z,25.6,77.3
20260705T101857Z,25.6,77.0
20260705T101912Z,25.6,76.2
20260705T101927Z,25.6,75.2
20260705T101942Z,25.5,73.7
20260705T101957Z,25.5,72.7
20260705T102012Z,25.4,71.9
20260705T102027Z,25.4,71.6
20260705T102042Z,25.3,70.9
20260705T102057Z,25.3,70.1
20260705T102112Z,25.2,69.8
20260705T102127Z,25.2,69.0
20260705T102142Z,25.1,68.4
20260705T102157Z,25.1,68.8
20260705T102212Z,25.1,70.7
20260705T102227Z,25.0,72.8
20260705T102242Z,25.0,73.7
20260705T102257Z,24.9,74.3
20260705T102312Z,24.9,74.8
20260705T102327Z,24.9,75.2
20260705T102342Z,24.8,75.5
20260705T102357Z,24.8,76.2
20260705T102412Z,24.8,76.7
20260705T102427Z,24.8,76.9
20260705T102442Z,24.9,77.3
20260705T102457Z,24.9,77.7
20260705T102512Z,24.9,78.3
20260705T102527Z,24.9,78.4
20260705T102542Z,25.0,78.7
20260705T102557Z,25.0,78.9
20260705T102612Z,25.0,79.2
20260705T102627Z,25.1,79.6
20260705T102642Z,25.1,80.0
20260705T102657Z,25.1,80.2
20260705T102712Z,25.1,80.4
20260705T102727Z,25.1,80.7
20260705T102742Z,25.2,81.0
20260705T102757Z,25.2,81.1
20260705T102812Z,25.2,81.4
20260705T102827Z,25.3,81.7
20260705T102842Z,25.3,81.8
20260705T102857Z,25.3,82.0
20260705T102912Z,25.3,82.3
20260705T102927Z,25.4,82.7
20260705T102942Z,25.4,82.7
20260705T102957Z,25.4,82.9
20260705T103012Z,25.4,83.1
20260705T103028Z,25.4,83.3
20260705T103043Z,25.5,83.5
20260705T103057Z,25.5,83.6
20260705T103112Z,25.5,83.7
20260705T103128Z,25.5,83.9
20260705T103143Z,25.5,84.0
20260705T103157Z,25.6,84.1
20260705T103212Z,25.6,84.3
20260705T103227Z,25.6,84.4
20260705T103242Z,25.6,84.4
20260705T103258Z,25.6,84.7
20260705T103312Z,25.6,84.7
20260705T103327Z,25.7,84.7
20260705T103342Z,25.7,84.8
20260705T103357Z,25.7,84.8
20260705T103412Z,25.7,84.8
20260705T103427Z,25.8,84.8
20260705T103442Z,25.8,84.8
20260705T103457Z,25.8,84.7
20260705T103512Z,25.8,84.2
20260705T103527Z,25.8,83.7
20260705T103542Z,25.8,82.6
20260705T103557Z,25.8,81.8
20260705T103612Z,25.8,80.6
20260705T103627Z,25.7,79.8
20260705T103642Z,25.7,79.5
20260705T103657Z,25.6,78.6
20260705T103712Z,25.6,77.7
20260705T103727Z,25.6,76.9
20260705T103742Z,25.6,75.6
20260705T103757Z,25.5,74.7
20260705T103812Z,25.4,73.9
20260705T103827Z,25.4,72.8
20260705T103842Z,25.3,72.2
20260705T103857Z,25.2,71.7
20260705T103912Z,25.1,71.2
20260705T103928Z,25.0,69.9
20260705T103942Z,24.9,69.9
20260705T103957Z,24.8,70.1
20260705T104012Z,24.8,71.3
20260705T104027Z,24.7,73.2
20260705T104042Z,24.7,75.1
20260705T104057Z,24.7,75.8
20260705T104112Z,24.7,76.3
20260705T104127Z,24.7,76.9
20260705T104142Z,24.7,77.0
20260705T104157Z,24.7,77.6
20260705T104212Z,24.7,77.9
20260705T104227Z,24.7,78.2
20260705T104242Z,24.7,78.3
20260705T104257Z,24.8,78.6
20260705T104312Z,24.8,78.9
20260705T104327Z,24.8,79.1
20260705T104343Z,24.9,79.4
20260705T104357Z,24.9,79.9
20260705T104412Z,25.0,80.2
20260705T104427Z,25.0,80.5
20260705T104443Z,25.1,80.6
20260705T104457Z,25.1,81.1
20260705T104513Z,25.1,81.2
20260705T104528Z,25.1,81.4
20260705T104543Z,25.2,81.8
20260705T104557Z,25.2,82.0
20260705T104612Z,25.2,82.2
20260705T104628Z,25.3,82.4
20260705T104643Z,25.3,82.6
20260705T104657Z,25.3,82.9
20260705T104712Z,25.3,82.7
20260705T104727Z,25.3,82.9
20260705T104742Z,25.4,83.0
20260705T104758Z,25.4,83.3
20260705T104812Z,25.4,83.5
20260705T104828Z,25.5,83.7
20260705T104842Z,25.5,83.8
20260705T104858Z,25.5,84.0
20260705T104912Z,25.5,84.2
20260705T104928Z,25.5,84.3
20260705T104942Z,25.6,84.5
20260705T104957Z,25.6,84.6
20260705T105012Z,25.6,84.6
20260705T105027Z,25.6,84.7
20260705T105042Z,25.7,84.8
20260705T105058Z,25.7,84.8
20260705T105112Z,25.7,84.9
20260705T105128Z,25.7,85.0
20260705T105142Z,25.7,85.0
20260705T105158Z,25.8,85.0
20260705T105212Z,25.8,85.1
20260705T105228Z,25.8,85.0
20260705T105242Z,25.8,84.7
20260705T105258Z,25.8,83.3
20260705T105312Z,25.8,82.5
20260705T105328Z,25.8,81.4
20260705T105342Z,25.8,80.4
20260705T105358Z,25.7,80.0
20260705T105412Z,25.7,79.0
20260705T105428Z,25.7,78.3
20260705T105442Z,25.6,77.3
20260705T105458Z,25.6,76.2
20260705T105512Z,25.5,75.3
20260705T105528Z,25.5,74.5
20260705T105542Z,25.4,73.7
20260705T105558Z,25.3,73.3
20260705T105613Z,25.3,72.4
20260705T105627Z,25.2,71.7
20260705T105642Z,25.1,71.0
20260705T105657Z,25.0,70.6
20260705T105713Z,25.0,69.9
20260705T105727Z,24.9,70.5
20260705T105743Z,24.9,72.3
20260705T105757Z,24.9,73.8
20260705T105813Z,24.9,75.1
20260705T105827Z,24.8,75.9
20260705T105843Z,24.8,76.3
20260705T105857Z,24.8,76.6
20260705T105913Z,24.7,76.8
20260705T105927Z,24.8,77.4
20260705T105943Z,24.8,77.9
20260705T105957Z,24.8,78.1
20260705T110013Z,24.8,78.5
20260705T110027Z,24.8,78.9
20260705T110043Z,24.9,79.1
20260705T110057Z,24.9,79.5
20260705T110113Z,24.9,79.9
20260705T110127Z,25.0,80.4
20260705T110143Z,24.9,80.6
20260705T110157Z,25.0,80.7
20260705T110213Z,25.0,80.6
20260705T110228Z,25.1,81.3
20260705T110242Z,25.1,81.4
20260705T110258Z,25.1,81.6
20260705T110312Z,25.1,81.7
20260705T110327Z,25.2,81.8
20260705T110343Z,25.2,82.2
20260705T110357Z,25.2,82.3
20260705T110413Z,25.2,82.5
20260705T110427Z,25.3,82.8
20260705T110443Z,25.3,83.1
20260705T110457Z,25.3,83.1
20260705T110513Z,25.3,83.3
20260705T110527Z,25.3,83.6
20260705T110543Z,25.4,83.7
20260705T110557Z,25.4,84.0
20260705T110613Z,25.4,84.0
20260705T110627Z,25.4,84.2
20260705T110643Z,25.4,84.2
20260705T110658Z,25.5,84.4
20260705T110712Z,25.5,84.7
20260705T110728Z,25.5,84.6
20260705T110742Z,25.5,84.8
20260705T110757Z,25.5,84.8
20260705T110813Z,25.5,85.0
20260705T110827Z,25.6,85.0
20260705T110843Z,25.6,85.1
20260705T110858Z,25.6,85.2
20260705T110913Z,25.6,85.3
20260705T110928Z,25.6,85.4
20260705T110942Z,25.7,85.3
20260705T110958Z,25.7,85.3
20260705T111012Z,25.7,85.4
20260705T111028Z,25.7,85.3
20260705T111042Z,25.7,85.3
20260705T111058Z,25.8,85.2
20260705T111112Z,25.8,85.0
20260705T111128Z,25.8,83.3
20260705T111142Z,25.7,82.7
20260705T111158Z,25.7,82.3
20260705T111212Z,25.7,81.0
20260705T111227Z,25.7,80.3
20260705T111243Z,25.6,79.0
20260705T111257Z,25.6,78.2
20260705T111313Z,25.5,77.4
20260705T111327Z,25.4,76.5
20260705T111343Z,25.4,75.5
20260705T111357Z,25.3,74.8
20260705T111413Z,25.2,74.1
20260705T111427Z,25.2,73.5
20260705T111443Z,25.2,72.4
20260705T111457Z,25.1,71.8
20260705T111513Z,25.0,71.1
20260705T111527Z,24.9,70.5
20260705T111542Z,24.8,70.9
20260705T111557Z,24.8,72.0
20260705T111613Z,24.7,73.6
20260705T111627Z,24.7,75.5
20260705T111643Z,24.7,76.5
20260705T111657Z,24.7,76.6
20260705T111713Z,24.7,76.9
20260705T111727Z,24.7,77.4
20260705T111743Z,24.7,77.8
20260705T111757Z,24.7,78.0
20260705T111813Z,24.7,78.4
20260705T111828Z,24.7,79.0
20260705T111842Z,24.7,79.2
20260705T111858Z,24.8,79.4
20260705T111912Z,24.8,79.8
20260705T111927Z,24.8,80.1
20260705T111943Z,24.8,80.4
20260705T111957Z,24.9,80.7
20260705T112013Z,24.9,81.0
20260705T112027Z,24.9,81.2
20260705T112043Z,24.9,81.5
20260705T112057Z,25.0,81.8
20260705T112112Z,25.0,81.9
20260705T112128Z,25.0,82.2
20260705T112143Z,25.0,82.6
20260705T112157Z,25.1,82.7
20260705T112213Z,25.1,82.8
20260705T112228Z,25.1,83.2
20260705T112242Z,25.1,83.4
20260705T112258Z,25.2,83.5
20260705T112312Z,25.2,83.9
20260705T112328Z,25.2,84.0
20260705T112342Z,25.2,84.2
20260705T112358Z,25.2,84.4
20260705T112412Z,25.3,84.5
20260705T112428Z,25.3,84.7
20260705T112442Z,25.3,84.8
20260705T112457Z,25.3,85.0
20260705T112512Z,25.3,85.1
20260705T112528Z,25.3,85.2
20260705T112542Z,25.3,85.5
20260705T112558Z,25.4,85.6
20260705T112612Z,25.4,85.6
20260705T112629Z,25.4,85.7
20260705T112643Z,25.4,85.7
20260705T112658Z,25.5,85.7
20260705T112712Z,25.5,85.8
20260705T112728Z,25.5,85.8
20260705T112742Z,25.5,85.9
20260705T112758Z,25.5,85.9
20260705T112812Z,25.6,85.9
20260705T112828Z,25.6,85.9
20260705T112843Z,25.6,85.9
20260705T112857Z,25.7,85.9
20260705T112913Z,25.7,85.8
20260705T112928Z,25.7,85.9
20260705T112943Z,25.7,85.9
20260705T112957Z,25.7,85.8
20260705T113013Z,25.8,85.1
20260705T113027Z,25.8,84.8
20260705T113043Z,25.8,83.5
20260705T113057Z,25.7,82.9
20260705T113113Z,25.7,82.1
20260705T113128Z,25.6,81.1
20260705T113142Z,25.6,80.5
20260705T113158Z,25.6,79.6
20260705T113212Z,25.5,78.5
20260705T113228Z,25.5,77.7
20260705T113242Z,25.4,76.9
20260705T113258Z,25.3,76.0
20260705T113312Z,25.3,75.1
20260705T113328Z,25.2,74.1
20260705T113342Z,25.2,73.4
20260705T113358Z,25.1,72.5
20260705T113412Z,25.0,71.7
20260705T113427Z,24.9,71.5
20260705T113443Z,24.8,71.1
20260705T113457Z,24.8,71.6
20260705T113513Z,24.7,72.4
20260705T113528Z,24.7,74.4
20260705T113543Z,24.7,76.0
20260705T113557Z,24.7,76.5
20260705T113613Z,24.7,77.0
20260705T113627Z,24.6,77.7
20260705T113643Z,24.6,77.9
20260705T113657Z,24.6,78.3
20260705T113713Z,24.6,78.6
20260705T113727Z,24.6,79.2
20260705T113743Z,24.6,79.4
20260705T113757Z,24.7,79.8
20260705T113812Z,24.7,80.0
20260705T113828Z,24.7,80.5
20260705T113842Z,24.8,80.7
20260705T113858Z,24.8,80.9
20260705T113912Z,24.8,81.4
20260705T113928Z,24.8,81.7
20260705T113942Z,24.9,81.8
20260705T113958Z,24.9,82.1
20260705T114012Z,24.9,82.2
20260705T114028Z,24.9,82.6
20260705T114043Z,25.0,82.8
20260705T114058Z,25.0,82.9
20260705T114113Z,25.0,83.3
20260705T114129Z,25.0,83.5
20260705T114143Z,25.1,83.7
20260705T114158Z,25.1,84.1
20260705T114212Z,25.1,84.1
20260705T114228Z,25.1,84.4
20260705T114242Z,25.1,84.6
20260705T114258Z,25.2,84.7
20260705T114312Z,25.2,84.9
20260705T114328Z,25.2,84.9
20260705T114342Z,25.2,85.1
20260705T114358Z,25.2,85.2
20260705T114413Z,25.3,85.4
20260705T114428Z,25.3,85.5
20260705T114443Z,25.3,85.7
20260705T114458Z,25.3,85.7
20260705T114513Z,25.4,85.8
20260705T114528Z,25.4,86.0
20260705T114543Z,25.4,86.0
20260705T114558Z,25.4,86.2
20260705T114613Z,25.4,86.2
20260705T114628Z,25.5,86.2
20260705T114643Z,25.5,86.2
20260705T114658Z,25.5,86.3
20260705T114713Z,25.5,86.3
20260705T114728Z,25.5,86.4
20260705T114743Z,25.6,86.3
20260705T114758Z,25.6,86.3
20260705T114813Z,25.6,86.3
20260705T114828Z,25.6,86.4
20260705T114843Z,25.7,86.3
20260705T114858Z,25.7,86.4
20260705T114913Z,25.7,86.3
20260705T114928Z,25.7,86.3
20260705T114943Z,25.7,85.6
20260705T114958Z,25.8,85.3
20260705T115013Z,25.7,83.9
20260705T115028Z,25.7,83.1
20260705T115043Z,25.7,82.6
20260705T115058Z,25.6,81.4
20260705T115113Z,25.6,80.6
20260705T115128Z,25.5,79.6
20260705T115143Z,25.4,78.5
20260705T115158Z,25.4,78.3
20260705T115213Z,25.3,77.3
20260705T115228Z,25.2,76.7
20260705T115243Z,25.2,75.6
20260705T115258Z,25.1,74.9
20260705T115313Z,25.1,74.1
20260705T115329Z,25.0,73.0
20260705T115343Z,24.9,72.5
20260705T115358Z,24.8,72.0
20260705T115413Z,24.8,71.7
20260705T115428Z,24.7,72.3
20260705T115443Z,24.7,73.7
20260705T115458Z,24.7,75.5
20260705T115513Z,24.7,77.0
20260705T115528Z,24.6,77.5
20260705T115543Z,24.6,78.0
20260705T115558Z,24.6,78.1
20260705T115613Z,24.6,78.5
20260705T115628Z,24.6,78.8
20260705T115643Z,24.6,79.4
20260705T115658Z,24.6,79.6
20260705T115713Z,24.6,79.9
20260705T115728Z,24.7,80.2
20260705T115743Z,24.7,80.6
20260705T115758Z,24.7,81.0
20260705T115813Z,24.8,81.2
20260705T115828Z,24.8,81.4
20260705T115843Z,24.8,81.8
20260705T115858Z,24.8,82.1
20260705T115913Z,24.8,82.3
20260705T115928Z,24.9,82.7
20260705T115943Z,24.9,82.8
20260705T115958Z,24.9,83.1
20260705T120013Z,24.9,83.3
20260705T120028Z,25.0,83.5
20260705T120043Z,25.0,83.7
20260705T120058Z,25.0,83.9
20260705T120113Z,25.1,84.2
20260705T120128Z,25.1,84.3
20260705T120143Z,25.1,84.5
20260705T120158Z,25.1,84.6
20260705T120213Z,25.2,84.9
20260705T120228Z,25.2,85.0
20260705T120243Z,25.2,85.2
20260705T120258Z,25.2,85.4
20260705T120313Z,25.2,85.5
20260705T120328Z,25.2,85.6
20260705T120343Z,25.3,85.8
20260705T120358Z,25.3,85.9
20260705T120413Z,25.3,86.0
20260705T120428Z,25.3,86.1
20260705T120443Z,25.3,86.3
20260705T120458Z,25.4,86.3
20260705T120513Z,25.4,86.4
20260705T120528Z,25.4,86.5
20260705T120543Z,25.4,86.7
20260705T120558Z,25.4,86.6
20260705T120613Z,25.5,86.7
20260705T120628Z,25.5,86.6
20260705T120643Z,25.5,86.7
20260705T120658Z,25.5,86.7
20260705T120713Z,25.6,86.8
20260705T120728Z,25.6,86.7
20260705T120743Z,25.6,86.7
20260705T120758Z,25.6,86.7
20260705T120813Z,25.6,86.7
20260705T120828Z,25.7,86.6
20260705T120843Z,25.7,86.6
20260705T120858Z,25.7,86.6
20260705T120913Z,25.7,86.5
20260705T120928Z,25.8,86.2
20260705T120943Z,25.8,84.7
20260705T120958Z,25.7,83.8
20260705T121013Z,25.7,83.3
20260705T121028Z,25.7,82.4
20260705T121043Z,25.6,81.5
20260705T121058Z,25.6,81.0
20260705T121113Z,25.5,79.8
20260705T121128Z,25.5,79.0
20260705T121143Z,25.5,78.2
20260705T121158Z,25.4,77.1
20260705T121213Z,25.4,76.0
20260705T121228Z,25.3,75.0
20260705T121243Z,25.2,74.2
20260705T121258Z,25.2,73.4
20260705T121313Z,25.1,72.9
20260705T121328Z,25.0,72.1
20260705T121343Z,24.9,71.6
20260705T121358Z,24.8,72.0
20260705T121413Z,24.8,73.0
20260705T121428Z,24.7,75.2
20260705T121443Z,24.7,76.7
20260705T121458Z,24.7,77.6
20260705T121513Z,24.6,77.7
20260705T121528Z,24.6,77.8
20260705T121543Z,24.6,78.6
20260705T121558Z,24.6,79.0
20260705T121613Z,24.6,79.4
20260705T121628Z,24.6,79.7
20260705T121643Z,24.6,80.0
20260705T121658Z,24.7,80.2
20260705T121713Z,24.7,80.5
20260705T121728Z,24.7,80.7
20260705T121743Z,24.8,81.1
20260705T121758Z,24.8,81.6
20260705T121813Z,24.8,81.8
20260705T121828Z,24.8,82.0
20260705T121843Z,24.9,82.1
20260705T121858Z,24.9,82.6
20260705T121913Z,24.9,82.8
20260705T121928Z,24.9,83.0
20260705T121943Z,25.0,83.3
20260705T121958Z,25.0,83.6
20260705T122013Z,25.0,83.7
20260705T122028Z,25.0,83.9
20260705T122043Z,25.0,84.2
20260705T122058Z,25.1,84.4
20260705T122113Z,25.1,84.7
20260705T122128Z,25.1,84.7
20260705T122143Z,25.1,85.0
20260705T122158Z,25.1,85.2
20260705T122213Z,25.2,85.3
20260705T122229Z,25.2,85.4
20260705T122243Z,25.2,85.7
20260705T122258Z,25.2,85.8
20260705T122313Z,25.2,86.0
20260705T122328Z,25.3,86.2
20260705T122343Z,25.3,86.2
20260705T122358Z,25.3,86.3
20260705T122413Z,25.3,86.4
20260705T122428Z,25.3,86.7
20260705T122443Z,25.3,86.6
20260705T122458Z,25.4,86.7
20260705T122513Z,25.4,86.8
20260705T122528Z,25.4,86.8
20260705T122543Z,25.4,86.9
20260705T122558Z,25.4,87.0
20260705T122613Z,25.5,87.0
20260705T122628Z,25.5,87.0
20260705T122643Z,25.5,87.0
20260705T122658Z,25.5,87.1
20260705T122713Z,25.6,87.1
20260705T122728Z,25.6,87.2
20260705T122743Z,25.6,87.0
20260705T122758Z,25.6,87.1
20260705T122813Z,25.6,87.1
20260705T122828Z,25.7,87.1
20260705T122843Z,25.7,87.0
20260705T122858Z,25.7,87.0
20260705T122913Z,25.7,86.2
20260705T122928Z,25.7,85.4
20260705T122943Z,25.7,84.4
20260705T122958Z,25.7,83.5
20260705T123013Z,25.7,82.9
20260705T123028Z,25.6,81.8
20260705T123043Z,25.5,81.1
20260705T123058Z,25.5,80.4
20260705T123113Z,25.5,79.2
20260705T123128Z,25.4,78.5
20260705T123143Z,25.3,77.9
20260705T123158Z,25.3,76.8
20260705T123213Z,25.2,76.0
20260705T123228Z,25.2,75.2
20260705T123243Z,25.1,74.5
20260705T123258Z,25.0,73.3
20260705T123313Z,25.0,73.1
20260705T123328Z,24.9,72.3
20260705T123343Z,24.8,72.1
20260705T123358Z,24.8,73.1
20260705T123413Z,24.7,75.5
20260705T123429Z,24.7,76.7
20260705T123443Z,24.6,77.7
20260705T123458Z,24.6,78.3
20260705T123513Z,24.6,78.4
20260705T123528Z,24.6,78.8
20260705T123543Z,24.6,79.1
20260705T123558Z,24.6,79.3
20260705T123613Z,24.6,79.8
20260705T123628Z,24.6,80.1
20260705T123643Z,24.6,80.6
20260705T123658Z,24.7,81.0
20260705T123713Z,24.7,81.2
20260705T123728Z,24.7,81.4
20260705T123743Z,24.7,81.6
20260705T123758Z,24.7,82.0
20260705T123813Z,24.8,82.2
20260705T123828Z,24.8,82.5
20260705T123843Z,24.8,82.8
20260705T123858Z,24.9,82.9
20260705T123913Z,24.9,83.2
20260705T123928Z,24.9,83.6
20260705T123943Z,24.9,83.7
20260705T123958Z,25.0,84.1
20260705T124013Z,25.0,84.1
20260705T124028Z,25.0,84.4
20260705T124043Z,25.0,84.4
20260705T124058Z,25.1,84.8
20260705T124113Z,25.1,85.1
20260705T124128Z,25.1,85.2
20260705T124143Z,25.1,85.4
20260705T124158Z,25.1,85.5
20260705T124213Z,25.2,85.6
20260705T124228Z,25.2,85.9
20260705T124243Z,25.2,86.0
20260705T124258Z,25.2,86.1
20260705T124313Z,25.2,86.3
20260705T124328Z,25.3,86.5
20260705T124343Z,25.3,86.6
20260705T124358Z,25.3,86.7
20260705T124413Z,25.3,86.7
20260705T124428Z,25.3,86.9
20260705T124443Z,25.3,87.0
20260705T124458Z,25.4,87.1
20260705T124513Z,25.4,87.1
20260705T124528Z,25.4,87.2
20260705T124543Z,25.4,87.3
20260705T124558Z,25.4,87.3
20260705T124613Z,25.4,87.3
20260705T124628Z,25.5,87.4
20260705T124643Z,25.5,87.4
20260705T124658Z,25.5,87.4
20260705T124713Z,25.5,87.4
20260705T124728Z,25.6,87.4
20260705T124743Z,25.6,87.4
20260705T124758Z,25.6,87.4
20260705T124813Z,25.6,87.4
20260705T124828Z,25.6,87.3
20260705T124843Z,25.7,87.4
20260705T124858Z,25.7,87.4
20260705T124913Z,25.7,86.7
20260705T124928Z,25.7,86.4
20260705T124943Z,25.7,84.8
20260705T124958Z,25.7,84.7
20260705T125013Z,25.6,83.6
20260705T125028Z,25.6,82.6
20260705T125043Z,25.6,81.7
20260705T125058Z,25.5,80.9
20260705T125113Z,25.4,80.0
20260705T125128Z,25.4,78.8
20260705T125143Z,25.3,78.4
20260705T125158Z,25.2,77.2
20260705T125213Z,25.2,76.7
20260705T125228Z,25.1,75.7
20260705T125243Z,25.0,75.0
20260705T125258Z,25.0,74.2
20260705T125313Z,24.9,73.4
20260705T125328Z,24.8,72.6
20260705T125343Z,24.7,72.5
20260705T125358Z,24.6,73.0
20260705T125413Z,24.6,74.1
20260705T125428Z,24.6,76.1
20260705T125443Z,24.6,77.3
20260705T125458Z,24.5,78.0
20260705T125513Z,24.5,78.5
20260705T125528Z,24.5,78.7
20260705T125543Z,24.5,79.3
20260705T125558Z,24.6,79.2
20260705T125613Z,24.6,79.7
20260705T125628Z,24.6,80.2
20260705T125643Z,24.6,80.5
20260705T125658Z,24.6,80.6
20260705T125713Z,24.7,81.2
20260705T125728Z,24.7,81.3
20260705T125743Z,24.7,81.7
20260705T125758Z,24.7,82.0
20260705T125813Z,24.8,82.4
20260705T125828Z,24.8,82.6
20260705T125843Z,24.8,83.0
20260705T125858Z,24.8,83.3
20260705T125913Z,24.9,83.5
20260705T125928Z,24.9,83.7
20260705T125943Z,24.9,84.0
20260705T125958Z,24.9,84.1
20260705T130013Z,25.0,84.3
20260705T130028Z,25.0,84.5
20260705T130043Z,25.0,84.8
20260705T130058Z,25.0,85.1
20260705T130113Z,25.0,85.2
20260705T130128Z,25.1,85.4
20260705T130143Z,25.1,85.5
20260705T130158Z,25.1,85.7
20260705T130213Z,25.1,86.0
20260705T130228Z,25.1,86.1
20260705T130243Z,25.2,86.2
20260705T130258Z,25.2,86.5
20260705T130313Z,25.2,86.5
20260705T130328Z,25.2,86.6
20260705T130343Z,25.2,86.9
20260705T130358Z,25.3,86.9
20260705T130413Z,25.3,87.1
20260705T130428Z,25.3,87.2
20260705T130443Z,25.3,87.3
20260705T130458Z,25.3,87.4
20260705T130513Z,25.3,87.5
20260705T130528Z,25.4,87.4
20260705T130543Z,25.4,87.6
20260705T130558Z,25.4,87.6
20260705T130613Z,25.4,87.8
20260705T130628Z,25.5,87.8
20260705T130643Z,25.5,87.9
20260705T130658Z,25.5,87.9
20260705T130713Z,25.5,87.9
20260705T130728Z,25.5,88.0
20260705T130743Z,25.5,88.0
20260705T130758Z,25.6,88.0
20260705T130813Z,25.6,88.0
20260705T130828Z,25.6,88.0
20260705T130843Z,25.6,87.9
20260705T130858Z,25.7,88.0
20260705T130913Z,25.7,87.9
20260705T130928Z,25.7,87.4
20260705T130943Z,25.7,86.6
20260705T130958Z,25.7,85.2
20260705T131013Z,25.7,84.8
20260705T131028Z,25.6,83.8
20260705T131043Z,25.6,82.9
20260705T131058Z,25.5,81.9
20260705T131113Z,25.4,80.6
20260705T131128Z,25.4,80.1
20260705T131143Z,25.3,79.7
20260705T131158Z,25.2,78.8
20260705T131213Z,25.2,77.9
20260705T131228Z,25.2,77.2
20260705T131243Z,25.1,76.4
20260705T131258Z,25.0,75.4
20260705T131313Z,24.9,74.6
20260705T131328Z,24.8,74.6
20260705T131343Z,24.8,73.8
20260705T131358Z,24.7,73.2
20260705T131413Z,24.7,72.5
20260705T131428Z,24.6,73.3
20260705T131443Z,24.7,75.1
20260705T131458Z,24.6,77.4
20260705T131513Z,24.6,78.7
20260705T131528Z,24.6,79.1
20260705T131543Z,24.6,79.4
20260705T131558Z,24.6,79.8
20260705T131613Z,24.6,80.0
20260705T131628Z,24.7,80.3
20260705T131643Z,24.7,80.6
20260705T131658Z,24.7,81.3
20260705T131713Z,24.7,82.0
20260705T131728Z,24.8,82.1
20260705T131743Z,24.8,82.3
20260705T131758Z,24.9,82.3
20260705T131813Z,24.9,82.9
20260705T131829Z,24.9,83.2
20260705T131843Z,25.0,83.6
20260705T131858Z,25.0,83.8
20260705T131913Z,25.0,83.9
20260705T131928Z,25.0,84.2
20260705T131943Z,25.1,84.5
20260705T131958Z,25.1,84.9
20260705T132013Z,25.1,85.2
20260705T132028Z,25.2,85.5
20260705T132043Z,25.2,85.6
20260705T132058Z,25.2,85.7
20260705T132113Z,25.2,86.0
20260705T132128Z,25.3,86.4
20260705T132143Z,25.3,86.6
20260705T132158Z,25.3,86.5
20260705T132213Z,25.4,86.7
20260705T132228Z,25.4,87.0
20260705T132243Z,25.4,86.9
20260705T132258Z,25.4,87.2
20260705T132313Z,25.4,87.4
20260705T132328Z,25.4,87.6
20260705T132343Z,25.5,87.7
20260705T132358Z,25.5,87.8
20260705T132413Z,25.5,87.9
20260705T132428Z,25.5,88.0
20260705T132443Z,25.5,88.2
20260705T132458Z,25.5,88.2
20260705T132513Z,25.5,88.5
20260705T132528Z,25.5,88.7
20260705T132543Z,25.5,88.7
20260705T132558Z,25.6,88.8
20260705T132613Z,25.6,89.0
20260705T132628Z,25.6,89.1
20260705T132643Z,25.6,89.2
20260705T132658Z,25.6,88.4
20260705T132713Z,25.6,88.0
20260705T132729Z,25.6,86.7
20260705T132744Z,25.6,86.3
20260705T132758Z,25.5,85.5
20260705T132813Z,25.5,84.3
20260705T132828Z,25.4,83.4
20260705T132843Z,25.4,82.4
20260705T132858Z,25.3,81.8
20260705T132913Z,25.3,80.8
20260705T132928Z,25.2,79.6
20260705T132943Z,25.2,78.8
20260705T132958Z,25.1,78.2
20260705T133013Z,25.1,77.2
20260705T133028Z,25.0,76.3
20260705T133043Z,25.0,75.7
20260705T133058Z,24.9,74.7
20260705T133113Z,24.9,74.0
20260705T133128Z,24.8,73.4
20260705T133143Z,24.8,74.2
20260705T133158Z,24.8,76.5
20260705T133213Z,24.7,77.9
20260705T133228Z,24.7,78.7
20260705T133243Z,24.7,79.3
20260705T133258Z,24.6,79.5
20260705T133313Z,24.6,80.0
20260705T133328Z,24.6,80.2
20260705T133343Z,24.6,80.6
20260705T133358Z,24.6,81.1
20260705T133413Z,24.6,81.5
20260705T133428Z,24.7,81.7
20260705T133443Z,24.7,82.0
20260705T133458Z,24.7,82.2
20260705T133513Z,24.7,82.4
20260705T133528Z,24.8,82.6
20260705T133543Z,24.8,83.0
20260705T133558Z,24.8,83.4
20260705T133613Z,24.8,83.7
20260705T133628Z,24.9,83.9
20260705T133643Z,24.9,83.9
20260705T133658Z,24.9,84.2
20260705T133713Z,25.0,84.5
20260705T133728Z,25.0,84.6
20260705T133743Z,25.0,85.0
20260705T133758Z,25.0,85.3
20260705T133813Z,25.0,85.4
20260705T133828Z,25.1,85.6
20260705T133843Z,25.1,85.7
20260705T133858Z,25.1,86.1
20260705T133913Z,25.1,86.2
20260705T133928Z,25.1,86.3
20260705T133943Z,25.1,86.7
20260705T133958Z,25.2,86.8
20260705T134013Z,25.2,87.0
20260705T134028Z,25.2,87.1
20260705T134043Z,25.2,87.2
20260705T134058Z,25.2,87.3
20260705T134113Z,25.3,87.5
20260705T134128Z,25.3,87.8
20260705T134143Z,25.3,87.8
20260705T134158Z,25.3,87.8
20260705T134213Z,25.3,88.2
20260705T134228Z,25.4,88.2
20260705T134243Z,25.3,88.3
20260705T134258Z,25.4,88.4
20260705T134313Z,25.4,88.6
20260705T134328Z,25.4,88.7
20260705T134343Z,25.4,88.8
20260705T134358Z,25.4,89.2
20260705T134413Z,25.5,89.3
20260705T134428Z,25.5,89.4
20260705T134443Z,25.5,89.5
20260705T134458Z,25.5,89.6
20260705T134513Z,25.5,89.7
20260705T134528Z,25.6,89.8
20260705T134543Z,25.6,89.9
20260705T134558Z,25.6,89.2
20260705T134613Z,25.6,88.3
20260705T134628Z,25.6,86.9
20260705T134643Z,25.6,86.8
20260705T134658Z,25.5,85.4
20260705T134713Z,25.5,85.0
20260705T134728Z,25.5,84.4
20260705T134743Z,25.4,83.0
20260705T134758Z,25.4,82.2
20260705T134813Z,25.3,81.4
20260705T134829Z,25.2,80.8
20260705T134844Z,25.2,80.0
20260705T134858Z,25.1,79.1
20260705T134913Z,25.1,78.2
20260705T134928Z,25.0,77.1
20260705T134943Z,25.0,77.1
20260705T134958Z,24.9,76.2
20260705T135013Z,24.9,75.3
20260705T135028Z,24.8,74.7
20260705T135043Z,24.8,73.8
20260705T135058Z,24.7,73.1
20260705T135113Z,24.7,72.5
20260705T135128Z,24.6,72.6
20260705T135143Z,24.6,73.7
20260705T135158Z,24.5,75.7
20260705T135213Z,24.5,77.6
20260705T135228Z,24.5,78.5
20260705T135243Z,24.5,78.7
20260705T135258Z,24.5,79.2
20260705T135313Z,24.5,79.5
20260705T135328Z,24.5,79.7
20260705T135343Z,24.6,80.0
20260705T135358Z,24.6,80.5
20260705T135413Z,24.6,80.9
20260705T135428Z,24.7,81.4
20260705T135443Z,24.7,82.6
20260705T135458Z,24.7,82.5
20260705T135513Z,24.8,83.0
20260705T135528Z,24.8,83.3
20260705T135543Z,24.8,83.4
20260705T135558Z,24.9,84.5
20260705T135613Z,24.9,85.2
20260705T135628Z,25.0,86.2
20260705T135643Z,25.0,86.3
20260705T135658Z,25.1,86.1
20260705T135713Z,25.1,86.4
20260705T135728Z,25.2,86.4
20260705T135743Z,25.2,86.6
20260705T135758Z,25.2,87.0
20260705T135813Z,25.2,87.1
20260705T135828Z,25.3,87.2
20260705T135843Z,25.3,87.4
20260705T135858Z,25.3,87.7
20260705T135913Z,25.4,87.9
20260705T135928Z,25.4,88.0
20260705T135943Z,25.4,88.2
20260705T135958Z,25.4,88.4
20260705T140013Z,25.4,88.6
20260705T140028Z,25.5,88.7
20260705T140043Z,25.5,88.8
20260705T140058Z,25.5,89.1
20260705T140113Z,25.5,88.6
20260705T140128Z,25.5,88.4
20260705T140143Z,25.5,86.6
20260705T140158Z,25.5,85.8
20260705T140213Z,25.5,85.4
20260705T140228Z,25.4,84.5
20260705T140243Z,25.4,83.3
20260705T140258Z,25.4,82.7
20260705T140313Z,25.3,81.7
20260705T140328Z,25.2,80.4
20260705T140343Z,25.2,80.2
20260705T140358Z,25.1,78.7
20260705T140413Z,25.0,77.9
20260705T140428Z,24.9,77.3
20260705T140443Z,24.9,76.8
20260705T140458Z,24.8,76.4
20260705T140513Z,24.8,75.6
20260705T140528Z,24.7,75.1
20260705T140543Z,24.7,73.8
20260705T140558Z,24.6,73.4
20260705T140613Z,24.6,72.9
20260705T140628Z,24.5,71.9
20260705T140643Z,24.4,71.2
20260705T140658Z,24.4,71.9
20260705T140713Z,24.3,74.0
20260705T140728Z,24.3,75.6
20260705T140743Z,24.3,77.0
20260705T140758Z,24.3,77.5
20260705T140813Z,24.3,78.0
20260705T140828Z,24.3,78.5
20260705T140843Z,24.4,78.9
20260705T140858Z,24.4,79.3
20260705T140913Z,24.4,79.8
20260705T140928Z,24.5,79.9
20260705T140943Z,24.5,80.2
20260705T140958Z,24.5,80.7
20260705T141013Z,24.6,81.1
20260705T141028Z,24.6,81.6
20260705T141043Z,24.7,81.8
20260705T141058Z,24.7,82.1
20260705T141113Z,24.7,82.7
20260705T141129Z,24.8,82.9
20260705T141144Z,24.8,83.3
20260705T141158Z,24.8,83.5
20260705T141213Z,24.8,83.7
20260705T141228Z,24.9,83.9
20260705T141243Z,24.9,84.6
20260705T141258Z,25.0,84.6
20260705T141313Z,25.0,84.9
20260705T141328Z,25.0,85.0
20260705T141343Z,25.1,85.3
20260705T141358Z,25.1,85.5
20260705T141413Z,25.1,85.7
20260705T141428Z,25.1,85.9
20260705T141443Z,25.2,86.2
20260705T141458Z,25.2,86.4
20260705T141513Z,25.2,86.6
20260705T141528Z,25.2,86.7
20260705T141543Z,25.3,87.0
20260705T141558Z,25.3,87.1
20260705T141613Z,25.3,87.2
20260705T141628Z,25.3,87.3
20260705T141643Z,25.4,87.5
20260705T141658Z,25.4,87.7
20260705T141713Z,25.4,87.9
20260705T141728Z,25.4,88.2
20260705T141743Z,25.4,88.2
20260705T141758Z,25.5,88.3
20260705T141813Z,25.5,88.6
20260705T141828Z,25.5,88.6
20260705T141843Z,25.5,88.7
20260705T141858Z,25.5,88.3
20260705T141913Z,25.6,88.1
20260705T141928Z,25.5,86.2
20260705T141943Z,25.5,85.7
20260705T141958Z,25.5,84.9
20260705T142013Z,25.5,84.3
20260705T142028Z,25.4,83.1
20260705T142043Z,25.4,82.3
20260705T142058Z,25.4,81.0
20260705T142113Z,25.3,80.3
20260705T142128Z,25.2,80.1
20260705T142143Z,25.2,79.4
20260705T142158Z,25.1,77.9
20260705T142213Z,25.1,77.3
20260705T142228Z,25.0,77.0
20260705T142243Z,25.0,76.1
20260705T142258Z,24.9,75.3
20260705T142313Z,24.9,74.3
20260705T142328Z,24.9,73.5
20260705T142343Z,24.8,73.0
20260705T142358Z,24.8,72.0
20260705T142413Z,24.7,71.4
20260705T142428Z,24.7,70.7
20260705T142443Z,24.6,70.9
20260705T142458Z,24.5,72.7
20260705T142513Z,24.5,74.7
20260705T142528Z,24.5,75.8
20260705T142543Z,24.5,76.8
20260705T142558Z,24.5,77.1
20260705T142613Z,24.5,77.5
20260705T142629Z,24.5,78.0
20260705T142644Z,24.5,78.6
20260705T142658Z,24.5,79.2
20260705T142713Z,24.6,79.6
20260705T142728Z,24.6,79.9
20260705T142743Z,24.6,80.5
20260705T142758Z,24.6,81.0
20260705T142813Z,24.7,81.2
20260705T142828Z,24.7,81.5
20260705T142843Z,24.7,82.0
20260705T142858Z,24.8,82.4
20260705T142913Z,24.8,82.7
20260705T142928Z,24.8,83.1
20260705T142943Z,24.9,83.3
20260705T142958Z,24.9,83.4
20260705T143013Z,24.9,83.7
20260705T143028Z,24.9,84.2
20260705T143043Z,25.0,84.3
20260705T143059Z,25.0,84.5
20260705T143113Z,25.1,84.7
20260705T143129Z,25.1,84.9
20260705T143143Z,25.1,85.3
20260705T143158Z,25.1,85.5
20260705T143213Z,25.2,85.8
20260705T143228Z,25.2,85.9
20260705T143243Z,25.2,86.2
20260705T143258Z,25.2,86.4
20260705T143313Z,25.3,86.6
20260705T143328Z,25.3,86.8
20260705T143343Z,25.3,86.9
20260705T143358Z,25.3,87.1
20260705T143413Z,25.3,87.4
20260705T143428Z,25.4,87.5
20260705T143443Z,25.4,87.6
20260705T143458Z,25.4,87.8
20260705T143513Z,25.4,88.0
20260705T143528Z,25.4,88.1
20260705T143543Z,25.5,88.4
20260705T143558Z,25.5,88.4
20260705T143613Z,25.5,88.6
20260705T143628Z,25.5,88.6
20260705T143644Z,25.5,87.7
20260705T143658Z,25.5,87.5
20260705T143714Z,25.5,85.9
20260705T143728Z,25.5,85.3
20260705T143744Z,25.5,84.2
20260705T143758Z,25.4,83.1
20260705T143813Z,25.4,82.5
20260705T143828Z,25.3,81.5
20260705T143843Z,25.3,80.7
20260705T143858Z,25.2,80.1
20260705T143914Z,25.1,79.5
20260705T143928Z,25.1,78.1
20260705T143943Z,25.0,77.6
20260705T143959Z,25.0,76.9
20260705T144014Z,24.9,76.2
20260705T144028Z,24.8,75.7
20260705T144044Z,24.8,74.7
20260705T144058Z,24.7,74.3
20260705T144113Z,24.7,73.6
20260705T144128Z,24.6,72.9
20260705T144143Z,24.6,72.3
20260705T144158Z,24.6,71.6
20260705T144214Z,24.5,70.9
20260705T144229Z,24.5,70.8
20260705T144243Z,24.4,71.8
20260705T144259Z,24.4,73.0
20260705T144313Z,24.4,75.8
20260705T144329Z,24.4,76.3
20260705T144343Z,24.4,77.0
20260705T144359Z,24.4,77.4
20260705T144413Z,24.4,77.9
20260705T144429Z,24.4,78.3
20260705T144443Z,24.5,78.5
20260705T144459Z,24.5,79.2
20260705T144514Z,24.5,79.6
20260705T144529Z,24.5,80.1
20260705T144543Z,24.6,80.5
20260705T144558Z,24.6,80.8
20260705T144613Z,24.6,81.2
20260705T144629Z,24.7,81.6
20260705T144644Z,24.7,82.0
20260705T144658Z,24.7,82.1
20260705T144713Z,24.8,82.5
20260705T144729Z,24.8,82.9
20260705T144743Z,24.8,83.1
20260705T144759Z,24.9,83.5
20260705T144814Z,24.9,83.9
20260705T144828Z,24.9,84.0
20260705T144844Z,25.0,84.1
20260705T144859Z,25.0,84.4
20260705T144914Z,25.0,84.7
20260705T144929Z,25.0,85.1
20260705T144943Z,25.1,85.1
20260705T144959Z,25.1,85.3
20260705T145013Z,25.1,85.7
20260705T145028Z,25.1,85.7
20260705T145044Z,25.2,86.1
20260705T145058Z,25.2,86.3
20260705T145114Z,25.2,86.4
20260705T145128Z,25.3,86.6
20260705T145144Z,25.3,86.8
20260705T145158Z,25.3,87.1
20260705T145213Z,25.3,87.3
20260705T145228Z,25.3,87.4
20260705T145243Z,25.3,87.5
20260705T145258Z,25.4,87.6
20260705T145314Z,25.4,87.9
20260705T145328Z,25.4,88.0
20260705T145344Z,25.4,88.2
20260705T145358Z,25.5,88.2
20260705T145414Z,25.5,88.4
20260705T145428Z,25.5,88.5
20260705T145444Z,25.5,88.6
20260705T145458Z,25.5,87.9
20260705T145514Z,25.5,87.5
20260705T145528Z,25.5,86.1
20260705T145543Z,25.5,85.4
20260705T145559Z,25.5,84.5
20260705T145613Z,25.4,83.7
20260705T145629Z,25.4,83.2
20260705T145643Z,25.4,82.6
20260705T145659Z,25.3,80.9
20260705T145713Z,25.3,80.5
20260705T145728Z,25.2,79.3
20260705T145744Z,25.2,78.7
20260705T145758Z,25.1,78.2
20260705T145814Z,25.1,77.2
20260705T145828Z,25.0,76.1
20260705T145844Z,25.0,75.2
20260705T145859Z,24.9,74.8
20260705T145913Z,24.9,74.0
20260705T145928Z,24.8,73.3
20260705T145943Z,24.7,73.0
20260705T145959Z,24.7,72.2
20260705T150013Z,24.6,71.9
20260705T150029Z,24.6,71.2
20260705T150043Z,24.5,71.8
20260705T150059Z,24.5,73.2
20260705T150113Z,24.5,74.9
20260705T150129Z,24.5,76.5
20260705T150144Z,24.5,77.2
20260705T150159Z,24.5,77.7
20260705T150213Z,24.4,78.1
20260705T150229Z,24.4,78.5
20260705T150243Z,24.5,79.0
20260705T150259Z,24.5,79.4
20260705T150313Z,24.5,79.8
20260705T150329Z,24.5,80.4
20260705T150343Z,24.5,80.8
20260705T150359Z,24.6,81.2
20260705T150413Z,24.6,81.5
20260705T150429Z,24.7,81.9
20260705T150444Z,24.7,82.0
20260705T150458Z,24.7,82.4
20260705T150513Z,24.8,82.7
20260705T150528Z,24.8,82.9
20260705T150544Z,24.8,83.3
20260705T150558Z,24.8,83.5
20260705T150614Z,24.9,83.7
20260705T150628Z,24.9,84.1
20260705T150644Z,25.0,84.4
20260705T150658Z,25.0,84.4
20260705T150714Z,25.0,84.8
20260705T150728Z,25.1,85.1
20260705T150744Z,25.1,85.3
20260705T150758Z,25.1,85.6
20260705T150813Z,25.1,85.6
20260705T150829Z,25.1,86.0
20260705T150843Z,25.2,86.3
20260705T150859Z,25.2,86.5
20260705T150913Z,25.2,86.5
20260705T150929Z,25.2,86.8
20260705T150943Z,25.3,87.0
20260705T150959Z,25.3,87.2
20260705T151013Z,25.3,87.3
20260705T151029Z,25.3,87.4
20260705T151043Z,25.3,87.7
20260705T151059Z,25.4,87.8
20260705T151113Z,25.4,87.9
20260705T151128Z,25.4,88.2
20260705T151143Z,25.4,88.2
20260705T151158Z,25.5,88.3
20260705T151214Z,25.5,88.5
20260705T151229Z,25.5,88.6
20260705T151243Z,25.5,88.7
20260705T151259Z,25.5,87.8
20260705T151313Z,25.5,87.1
20260705T151329Z,25.5,85.9
20260705T151343Z,25.5,85.3
20260705T151359Z,25.5,84.7
20260705T151413Z,25.5,83.6
20260705T151428Z,25.4,82.5
20260705T151444Z,25.4,82.3
20260705T151458Z,25.3,80.4
20260705T151514Z,25.3,80.4
20260705T151528Z,25.2,80.0
20260705T151544Z,25.1,78.8
20260705T151558Z,25.1,77.9
20260705T151614Z,25.0,77.0
20260705T151628Z,25.0,76.5
20260705T151644Z,24.9,75.4
20260705T151658Z,24.9,74.8
20260705T151714Z,24.8,74.1
20260705T151729Z,24.8,73.6
20260705T151743Z,24.7,72.4
20260705T151758Z,24.7,72.3
20260705T151814Z,24.6,71.7
20260705T151828Z,24.6,71.0
20260705T151844Z,24.5,70.4
20260705T151858Z,24.4,69.9
20260705T151914Z,24.4,70.9
20260705T151928Z,24.4,73.1
20260705T151944Z,24.4,74.2
20260705T151958Z,24.4,75.9
20260705T152014Z,24.4,76.5
20260705T152028Z,24.4,77.0
20260705T152044Z,24.4,77.2
20260705T152058Z,24.4,77.6
20260705T152114Z,24.4,78.3
20260705T152128Z,24.4,78.7
20260705T152144Z,24.4,79.2
20260705T152158Z,24.5,79.6
20260705T152214Z,24.5,79.9
20260705T152228Z,24.5,80.3
20260705T152244Z,24.6,80.9
20260705T152258Z,24.6,80.9
20260705T152314Z,24.6,81.5
20260705T152328Z,24.7,81.9
20260705T152343Z,24.7,82.0
20260705T152359Z,24.7,82.6
20260705T152414Z,24.8,82.8
20260705T152429Z,24.8,83.2
20260705T152443Z,24.8,83.4
20260705T152459Z,24.9,83.7
20260705T152513Z,24.9,84.0
20260705T152529Z,25.0,84.3
20260705T152543Z,25.0,84.7
20260705T152559Z,25.0,84.8
20260705T152613Z,25.0,85.0
20260705T152629Z,25.0,85.2
20260705T152643Z,25.1,85.4
20260705T152658Z,25.1,85.7
20260705T152714Z,25.1,85.9
20260705T152729Z,25.2,86.0
20260705T152744Z,25.2,86.4
20260705T152758Z,25.2,86.4
20260705T152814Z,25.2,86.6
20260705T152828Z,25.3,86.7
20260705T152844Z,25.3,87.0
20260705T152858Z,25.3,87.1
20260705T152914Z,25.3,87.2
20260705T152929Z,25.4,87.5
20260705T152943Z,25.4,87.7
20260705T152958Z,25.4,87.7
20260705T153014Z,25.4,87.8
20260705T153029Z,25.5,88.1
20260705T153043Z,25.5,88.2
20260705T153058Z,25.5,88.4
20260705T153113Z,25.5,88.4
20260705T153128Z,25.5,88.3
20260705T153144Z,25.6,88.0
20260705T153158Z,25.5,86.1
20260705T153214Z,25.5,85.6
20260705T153228Z,25.5,84.5
20260705T153244Z,25.5,83.6
20260705T153258Z,25.4,82.9
20260705T153313Z,25.4,81.8
20260705T153329Z,25.3,81.2
20260705T153344Z,25.3,80.8
20260705T153359Z,25.2,78.8
20260705T153413Z,25.1,78.7
20260705T153429Z,25.1,77.3
20260705T153443Z,25.0,77.0
20260705T153459Z,24.9,76.7
20260705T153513Z,24.8,75.6
20260705T153528Z,24.8,74.8
20260705T153544Z,24.7,73.9
20260705T153558Z,24.6,73.6
20260705T153614Z,24.5,73.5
20260705T153629Z,24.5,72.4
20260705T153643Z,24.4,71.8
20260705T153659Z,24.4,71.2
20260705T153714Z,24.3,70.5
20260705T153729Z,24.2,70.7
20260705T153744Z,24.2,72.2
20260705T153759Z,24.2,73.8
20260705T153813Z,24.2,75.2
20260705T153829Z,24.2,76.6
20260705T153843Z,24.2,76.9
20260705T153859Z,24.3,77.4
20260705T153914Z,24.3,77.8
20260705T153928Z,24.3,78.2
20260705T153944Z,24.4,78.5
20260705T153959Z,24.4,79.0
20260705T154014Z,24.4,79.3
20260705T154029Z,24.5,80.0
20260705T154044Z,24.5,80.3
20260705T154059Z,24.5,80.5
20260705T154114Z,24.6,80.9
20260705T154129Z,24.6,81.5
20260705T154144Z,24.7,81.8
20260705T154159Z,24.7,81.9
20260705T154214Z,24.7,82.2
20260705T154229Z,24.8,82.5
20260705T154244Z,24.8,82.7
20260705T154259Z,24.8,82.9
20260705T154314Z,24.9,83.4
20260705T154329Z,24.9,83.7
20260705T154344Z,24.9,83.9
20260705T154359Z,24.9,84.2
20260705T154414Z,25.0,84.5
20260705T154429Z,25.0,84.7
20260705T154444Z,25.0,84.9
20260705T154459Z,25.1,85.3
20260705T154514Z,25.1,85.5
20260705T154529Z,25.1,85.7
20260705T154544Z,25.1,86.0
20260705T154559Z,25.2,86.1
20260705T154614Z,25.2,86.3
20260705T154629Z,25.2,86.4
20260705T154644Z,25.3,86.6
20260705T154659Z,25.3,86.7
20260705T154714Z,25.3,86.9
20260705T154729Z,25.3,87.1
20260705T154744Z,25.3,87.1
20260705T154759Z,25.4,87.3
20260705T154814Z,25.4,87.6
20260705T154829Z,25.4,87.7
20260705T154844Z,25.4,87.9
20260705T154859Z,25.5,88.0
20260705T154914Z,25.5,88.2
20260705T154929Z,25.5,88.2
20260705T154944Z,25.5,88.4
20260705T154959Z,25.5,88.5
20260705T155014Z,25.5,87.8
20260705T155029Z,25.6,86.6
20260705T155044Z,25.5,85.7
20260705T155059Z,25.5,85.0
20260705T155114Z,25.5,84.3
20260705T155129Z,25.5,83.1
20260705T155144Z,25.4,81.5
20260705T155159Z,25.3,80.8
20260705T155214Z,25.3,80.6
20260705T155229Z,25.2,79.7
20260705T155244Z,25.1,79.2
20260705T155259Z,25.1,78.0
20260705T155314Z,25.0,77.1
20260705T155329Z,24.9,76.6
20260705T155344Z,24.8,75.8
20260705T155359Z,24.7,74.9
20260705T155414Z,24.6,74.5
20260705T155429Z,24.5,74.2
20260705T155444Z,24.4,73.4
20260705T155459Z,24.4,73.1
20260705T155514Z,24.3,72.2
20260705T155529Z,24.2,71.8
20260705T155544Z,24.2,71.0
20260705T155559Z,24.2,70.5
20260705T155614Z,24.1,71.5
20260705T155629Z,24.1,73.3
20260705T155644Z,24.2,75.2
20260705T155659Z,24.2,76.1
20260705T155714Z,24.2,76.8
20260705T155729Z,24.2,77.3
20260705T155744Z,24.2,77.6
20260705T155759Z,24.3,78.0
20260705T155814Z,24.3,78.2
20260705T155829Z,24.4,78.5
20260705T155844Z,24.4,79.0
20260705T155859Z,24.5,79.4
20260705T155914Z,24.5,80.2
20260705T155930Z,24.5,80.5
20260705T155944Z,24.6,80.8
20260705T155959Z,24.6,81.2
20260705T160014Z,24.7,81.4
20260705T160029Z,24.7,81.7
20260705T160044Z,24.7,82.1
20260705T160059Z,24.8,82.3
20260705T160114Z,24.8,82.6
20260705T160129Z,24.9,83.1
20260705T160144Z,24.9,83.3
20260705T160159Z,24.9,83.5
20260705T160214Z,25.0,83.8
20260705T160229Z,25.0,83.9
20260705T160244Z,25.0,84.2
20260705T160259Z,25.0,84.2
20260705T160314Z,25.1,84.6
20260705T160329Z,25.1,85.0
20260705T160344Z,25.2,85.1
20260705T160359Z,25.2,85.3
20260705T160414Z,25.2,85.6
20260705T160429Z,25.3,85.7
20260705T160444Z,25.3,85.8
20260705T160459Z,25.3,86.1
20260705T160514Z,25.3,86.1
20260705T160529Z,25.4,86.6
20260705T160544Z,25.4,86.6
20260705T160559Z,25.4,86.9
20260705T160614Z,25.4,87.0
20260705T160629Z,25.5,87.1
20260705T160644Z,25.5,87.3
20260705T160659Z,25.5,87.5
20260705T160714Z,25.5,87.6
20260705T160729Z,25.5,87.8
20260705T160744Z,25.5,88.0
20260705T160759Z,25.5,88.0
20260705T160814Z,25.5,88.4
20260705T160829Z,25.5,88.5
20260705T160844Z,25.6,88.5
20260705T160859Z,25.6,88.6
20260705T160914Z,25.6,88.8
20260705T160929Z,25.6,89.0
20260705T160944Z,25.6,89.0
20260705T160959Z,25.6,89.0
20260705T161014Z,25.6,89.2
20260705T161029Z,25.7,89.3
20260705T161044Z,25.7,89.5
20260705T161059Z,25.7,89.5
20260705T161114Z,25.7,89.6
20260705T161129Z,25.7,89.7
20260705T161144Z,25.7,89.8
20260705T161159Z,25.7,89.8
20260705T161214Z,25.8,89.9
20260705T161229Z,25.8,90.1
20260705T161244Z,25.8,90.1
20260705T161259Z,25.8,90.2
20260705T161314Z,25.8,90.1
20260705T161329Z,25.8,90.3
20260705T161344Z,25.8,90.4
20260705T161359Z,25.9,90.4
20260705T161414Z,25.9,90.5
20260705T161429Z,25.9,90.5
20260705T161444Z,25.9,90.5
20260705T161459Z,25.9,90.6
20260705T161514Z,25.9,90.6
20260705T161529Z,25.9,90.7
20260705T161544Z,25.9,90.6
20260705T161559Z,26.0,90.7
20260705T161614Z,26.0,90.8
20260705T161629Z,26.0,90.9
20260705T161644Z,26.0,90.9
20260705T161659Z,26.0,90.9
20260705T161714Z,26.0,91.0
20260705T161729Z,26.0,91.0
20260705T161744Z,26.0,91.1
20260705T161759Z,26.1,91.1
20260705T161814Z,26.1,91.1
20260705T161829Z,26.1,91.1
20260705T161844Z,26.1,91.1
20260705T161859Z,26.1,91.2
20260705T161914Z,26.1,91.2
20260705T161929Z,26.1,91.2
20260705T161944Z,26.1,91.2
20260705T161959Z,26.1,91.3
20260705T162014Z,26.2,91.3
20260705T162029Z,26.2,91.3
20260705T162044Z,26.2,91.3
20260705T162059Z,26.2,91.3
20260705T162114Z,26.2,91.3
20260705T162129Z,26.2,91.3
20260705T162144Z,26.2,91.3
20260705T162159Z,26.2,91.4
20260705T162214Z,26.2,91.3
20260705T162229Z,26.3,91.3
20260705T162244Z,26.3,91.3
20260705T162259Z,26.3,91.4
20260705T162314Z,26.3,91.4
20260705T162329Z,26.3,91.4
20260705T162344Z,26.3,91.4
20260705T162359Z,26.3,91.4
20260705T162414Z,26.3,91.4
20260705T162429Z,26.3,91.4
20260705T162444Z,26.3,91.4
20260705T162459Z,26.3,91.4
20260705T162514Z,26.3,91.4
20260705T162529Z,26.4,91.4
20260705T162544Z,26.4,91.4
20260705T162559Z,26.4,91.4
20260705T162614Z,26.4,91.4
20260705T162630Z,26.4,91.3
20260705T162644Z,26.4,91.3
20260705T162659Z,26.4,91.3
20260705T162714Z,26.4,91.4
20260705T162729Z,26.4,91.3
20260705T162744Z,26.4,91.3
20260705T162759Z,26.5,91.3
20260705T162814Z,26.5,91.3
20260705T162829Z,26.5,91.2
20260705T162844Z,26.5,91.2
20260705T162859Z,26.5,91.2
20260705T162914Z,26.5,91.2
20260705T162929Z,26.5,91.2
20260705T162944Z,26.5,91.1
20260705T162959Z,26.5,90.6
20260705T163014Z,26.5,89.3
20260705T163029Z,26.5,88.4
20260705T163044Z,26.4,87.4
20260705T163059Z,26.4,86.7
20260705T163114Z,26.3,86.1
20260705T163129Z,26.2,85.3
20260705T163144Z,26.1,84.8
20260705T163159Z,26.1,83.9
20260705T163214Z,26.0,83.7
20260705T163229Z,25.9,82.5
20260705T163244Z,25.9,81.9
20260705T163259Z,25.8,81.4
20260705T163314Z,25.7,80.0
20260705T163329Z,25.6,79.2
20260705T163344Z,25.6,78.5
20260705T163359Z,25.5,77.5
20260705T163414Z,25.4,76.7
20260705T163429Z,25.3,77.1
20260705T163444Z,25.3,78.9
20260705T163459Z,25.2,80.3
20260705T163514Z,25.2,81.9
20260705T163529Z,25.1,82.5
20260705T163544Z,25.1,82.9
20260705T163559Z,25.1,83.4
20260705T163614Z,25.1,83.5
20260705T163629Z,25.1,83.9
20260705T163644Z,25.1,84.0
20260705T163659Z,25.1,84.3
20260705T163714Z,25.1,84.8
20260705T163729Z,25.1,85.2
20260705T163744Z,25.2,85.6
20260705T163759Z,25.2,85.9
20260705T163814Z,25.2,86.1
20260705T163830Z,25.2,86.5
20260705T163845Z,25.2,86.8
20260705T163859Z,25.2,86.9
20260705T163914Z,25.2,87.1
20260705T163929Z,25.3,87.4
20260705T163944Z,25.3,87.7
20260705T163959Z,25.3,87.9
20260705T164014Z,25.3,88.1
20260705T164029Z,25.3,88.3
20260705T164044Z,25.4,88.6
20260705T164059Z,25.4,88.8
20260705T164114Z,25.4,89.0
20260705T164129Z,25.4,89.1
20260705T164144Z,25.4,89.3
20260705T164159Z,25.4,89.4
20260705T164214Z,25.5,89.6
20260705T164229Z,25.5,89.8
20260705T164244Z,25.5,89.9
20260705T164259Z,25.5,90.2
20260705T164314Z,25.5,90.3
20260705T164329Z,25.6,90.6
20260705T164344Z,25.6,90.7
20260705T164359Z,25.6,90.8
20260705T164414Z,25.7,91.0
20260705T164429Z,25.7,91.0
20260705T164444Z,25.7,91.1
20260705T164459Z,25.7,91.1
20260705T164514Z,25.8,91.1
20260705T164529Z,25.8,91.1
20260705T164544Z,25.8,91.2
20260705T164559Z,25.8,91.3
20260705T164614Z,25.8,91.3
20260705T164629Z,25.9,91.4
20260705T164644Z,25.9,91.5
20260705T164659Z,25.9,91.5
20260705T164714Z,25.9,91.6
20260705T164729Z,25.9,91.6
20260705T164744Z,26.0,91.7
20260705T164759Z,26.0,91.7
20260705T164814Z,26.0,91.8
20260705T164829Z,26.0,91.8
20260705T164844Z,26.0,91.9
20260705T164859Z,26.0,91.9
20260705T164914Z,26.1,91.9
20260705T164929Z,26.1,91.9
20260705T164944Z,26.1,91.9
20260705T164959Z,26.1,91.9
20260705T165014Z,26.1,91.9
20260705T165029Z,26.1,91.9
20260705T165044Z,26.2,91.9
20260705T165059Z,26.2,91.9
20260705T165114Z,26.2,91.9
20260705T165129Z,26.2,92.0
20260705T165144Z,26.2,91.9
20260705T165159Z,26.2,91.9
20260705T165214Z,26.3,91.9
20260705T165230Z,26.3,91.9
20260705T165244Z,26.3,91.9
20260705T165259Z,26.3,91.9
20260705T165314Z,26.3,91.9
20260705T165329Z,26.3,91.8
20260705T165344Z,26.3,91.9
20260705T165359Z,26.4,91.9
20260705T165414Z,26.4,91.9
20260705T165429Z,26.4,91.8
20260705T165444Z,26.4,91.8
20260705T165459Z,26.4,91.7
20260705T165514Z,26.4,91.8
20260705T165529Z,26.4,91.7
20260705T165544Z,26.4,91.7
20260705T165559Z,26.5,91.7
20260705T165614Z,26.5,91.7
20260705T165629Z,26.5,91.7
20260705T165644Z,26.5,91.6
20260705T165659Z,26.5,91.6
20260705T165714Z,26.5,91.6
20260705T165729Z,26.5,91.7
20260705T165744Z,26.5,91.6
20260705T165759Z,26.5,91.7
20260705T165814Z,26.6,91.1
20260705T165829Z,26.6,90.2
20260705T165844Z,26.5,89.2
20260705T165859Z,26.5,88.5
20260705T165914Z,26.4,87.2
20260705T165929Z,26.4,87.1
20260705T165944Z,26.3,85.9
20260705T165959Z,26.2,84.8
20260705T170014Z,26.2,85.1
20260705T170029Z,26.1,84.2
20260705T170044Z,26.1,83.2
20260705T170059Z,26.0,82.3
20260705T170114Z,26.0,81.2
20260705T170129Z,26.0,80.3
20260705T170144Z,25.9,79.6
20260705T170159Z,25.8,78.2
20260705T170214Z,25.8,77.6
20260705T170229Z,25.7,77.6
20260705T170244Z,25.6,78.5
20260705T170259Z,25.5,80.2
20260705T170314Z,25.5,81.6
20260705T170329Z,25.5,82.7
20260705T170344Z,25.4,83.3
20260705T170359Z,25.4,83.5
20260705T170414Z,25.3,83.4
20260705T170429Z,25.4,83.9
20260705T170444Z,25.4,84.2
20260705T170459Z,25.3,84.8
20260705T170514Z,25.4,85.2
20260705T170529Z,25.4,85.4
20260705T170544Z,25.4,85.8
20260705T170559Z,25.4,86.1
20260705T170614Z,25.4,86.4
20260705T170629Z,25.5,86.7
20260705T170644Z,25.5,87.0
20260705T170659Z,25.5,87.2
20260705T170714Z,25.5,87.4
20260705T170729Z,25.5,87.7
20260705T170744Z,25.5,87.9
20260705T170759Z,25.6,88.1
20260705T170814Z,25.6,88.3
20260705T170830Z,25.6,88.6
20260705T170845Z,25.6,88.7
20260705T170859Z,25.6,89.0
20260705T170914Z,25.6,89.2
20260705T170929Z,25.7,89.3
20260705T170944Z,25.7,89.5
20260705T170959Z,25.7,89.7
20260705T171014Z,25.7,89.8
20260705T171029Z,25.7,90.0
20260705T171044Z,25.8,90.1
20260705T171059Z,25.8,90.1
20260705T171114Z,25.8,90.3
20260705T171129Z,25.8,90.4
20260705T171144Z,25.8,90.6
20260705T171159Z,25.8,90.8
20260705T171214Z,25.9,90.9
20260705T171229Z,25.9,91.0
20260705T171244Z,25.9,91.1
20260705T171259Z,25.9,91.2
20260705T171314Z,25.9,91.4
20260705T171329Z,25.9,91.5
20260705T171344Z,25.9,91.4
20260705T171359Z,25.9,91.6
20260705T171414Z,26.0,91.6
20260705T171429Z,26.0,91.8
20260705T171444Z,26.0,91.8
20260705T171459Z,26.0,91.9
20260705T171514Z,26.0,91.9
20260705T171529Z,26.0,92.0
20260705T171544Z,26.0,92.0
20260705T171559Z,26.1,92.1
20260705T171614Z,26.1,92.1
20260705T171629Z,26.1,92.1
20260705T171644Z,26.1,92.2
20260705T171659Z,26.1,92.3
20260705T171714Z,26.1,92.3
20260705T171729Z,26.2,92.3
20260705T171744Z,26.2,92.2
20260705T171759Z,26.2,92.3
20260705T171814Z,26.2,92.2
20260705T171829Z,26.2,92.4
20260705T171844Z,26.2,92.3
20260705T171859Z,26.2,92.3
20260705T171914Z,26.3,92.3
20260705T171929Z,26.3,92.3
20260705T171944Z,26.3,92.4
20260705T171959Z,26.3,92.3
20260705T172014Z,26.3,92.3
20260705T172029Z,26.3,92.3
20260705T172044Z,26.3,92.2
20260705T172059Z,26.4,92.2
20260705T172114Z,26.4,92.2
20260705T172129Z,26.4,92.2
20260705T172144Z,26.4,92.2
20260705T172159Z,26.4,92.2
20260705T172214Z,26.4,92.2
20260705T172229Z,26.4,92.2
20260705T172244Z,26.4,92.1
20260705T172259Z,26.5,92.1
20260705T172314Z,26.5,92.1
20260705T172329Z,26.5,92.1
20260705T172344Z,26.5,92.1
20260705T172359Z,26.5,92.0
20260705T172414Z,26.5,92.0
20260705T172429Z,26.5,92.0
20260705T172444Z,26.5,91.9
20260705T172459Z,26.6,92.0
20260705T172514Z,26.6,91.9
20260705T172529Z,26.6,91.9
20260705T172544Z,26.6,91.9
20260705T172559Z,26.6,91.8
20260705T172614Z,26.6,91.9
20260705T172629Z,26.6,91.4
20260705T172644Z,26.6,90.5
20260705T172659Z,26.6,89.8
20260705T172714Z,26.6,88.7
20260705T172729Z,26.5,87.7
20260705T172744Z,26.5,86.8
20260705T172759Z,26.4,85.9
20260705T172814Z,26.3,85.2
20260705T172829Z,26.3,84.6
20260705T172844Z,26.2,83.9
20260705T172859Z,26.2,82.4
20260705T172914Z,26.1,82.0
20260705T172929Z,26.0,81.0
20260705T172944Z,26.0,79.9
20260705T172959Z,25.9,78.8
20260705T173014Z,25.8,77.9
20260705T173029Z,25.7,77.6
20260705T173044Z,25.6,78.8
20260705T173059Z,25.5,80.0
20260705T173114Z,25.5,81.6
20260705T173129Z,25.5,83.0
20260705T173144Z,25.4,83.9
20260705T173159Z,25.4,83.9
20260705T173214Z,25.4,84.2
20260705T173229Z,25.4,84.4
20260705T173244Z,25.4,85.1
20260705T173259Z,25.4,85.4
20260705T173314Z,25.4,85.7
20260705T173329Z,25.4,86.0
20260705T173344Z,25.4,86.4
20260705T173359Z,25.4,86.7
20260705T173414Z,25.4,86.9
20260705T173430Z,25.4,87.1
20260705T173445Z,25.5,87.6
20260705T173459Z,25.5,87.8
20260705T173514Z,25.5,88.0
20260705T173530Z,25.5,88.2
20260705T173545Z,25.5,88.4
20260705T173559Z,25.6,88.6
20260705T173614Z,25.6,88.8
20260705T173629Z,25.6,89.1
20260705T173644Z,25.6,89.2
20260705T173659Z,25.6,89.3
20260705T173714Z,25.6,89.6
20260705T173729Z,25.7,89.7
20260705T173744Z,25.7,89.9
20260705T173759Z,25.7,90.1
20260705T173814Z,25.7,90.2
20260705T173829Z,25.8,90.3
20260705T173844Z,25.8,90.5
20260705T173859Z,25.8,90.6
20260705T173914Z,25.8,90.8
20260705T173929Z,25.8,91.0
20260705T173944Z,25.8,91.1
20260705T173959Z,25.8,91.2
20260705T174014Z,25.8,91.3
20260705T174029Z,25.9,91.4
20260705T174044Z,25.9,91.6
20260705T174059Z,25.9,91.6
20260705T174114Z,25.9,91.7
20260705T174129Z,25.9,91.8
20260705T174144Z,26.0,91.8
20260705T174159Z,26.0,91.9
20260705T174214Z,26.0,92.0
20260705T174229Z,26.0,92.1
20260705T174244Z,26.0,92.1
20260705T174259Z,26.0,92.2
20260705T174314Z,26.0,92.3
20260705T174329Z,26.1,92.3
20260705T174344Z,26.1,92.4
20260705T174359Z,26.1,92.5
20260705T174414Z,26.1,92.5
20260705T174429Z,26.1,92.6
20260705T174444Z,26.1,92.6
20260705T174459Z,26.1,92.7
20260705T174514Z,26.2,92.7
20260705T174529Z,26.2,92.8
20260705T174544Z,26.2,92.7
20260705T174559Z,26.2,92.7
20260705T174614Z,26.2,92.7
20260705T174629Z,26.2,92.7
20260705T174644Z,26.3,92.7
20260705T174659Z,26.3,92.7
20260705T174714Z,26.3,92.7
20260705T174729Z,26.3,92.7
20260705T174744Z,26.3,92.7
20260705T174759Z,26.4,92.7
20260705T174814Z,26.4,92.6
20260705T174830Z,26.4,92.6
20260705T174845Z,26.4,92.7
20260705T174859Z,26.4,92.7
20260705T174914Z,26.4,92.6
20260705T174929Z,26.4,92.5
20260705T174944Z,26.5,92.6
20260705T174959Z,26.5,92.5
20260705T175014Z,26.5,92.5
20260705T175029Z,26.5,92.5
20260705T175044Z,26.5,92.5
20260705T175059Z,26.5,92.5
20260705T175114Z,26.5,92.5
20260705T175129Z,26.5,92.5
20260705T175144Z,26.5,92.4
20260705T175159Z,26.5,92.4
20260705T175214Z,26.5,92.4
20260705T175229Z,26.6,92.3
20260705T175244Z,26.6,92.3
20260705T175259Z,26.6,92.4
20260705T175314Z,26.6,92.3
20260705T175329Z,26.6,92.3
20260705T175344Z,26.6,92.3
20260705T175359Z,26.6,92.1
20260705T175414Z,26.6,91.7
20260705T175429Z,26.6,90.0
20260705T175444Z,26.6,89.6
20260705T175459Z,26.5,88.7
20260705T175514Z,26.5,87.6
20260705T175529Z,26.4,87.0
20260705T175544Z,26.4,86.1
20260705T175559Z,26.3,85.1
20260705T175614Z,26.3,84.3
20260705T175629Z,26.2,83.5
20260705T175644Z,26.1,82.2
20260705T175659Z,26.0,81.4
20260705T175714Z,25.9,80.3
20260705T175729Z,25.8,79.6
20260705T175744Z,25.7,79.3
20260705T175759Z,25.6,78.6
20260705T175814Z,25.5,78.8
20260705T175829Z,25.4,80.0
20260705T175844Z,25.4,81.5
20260705T175859Z,25.4,83.2
20260705T175914Z,25.4,83.9
20260705T175929Z,25.3,84.1
20260705T175944Z,25.3,84.4
20260705T175959Z,25.3,84.7
20260705T180014Z,25.3,85.1
20260705T180029Z,25.3,85.6
20260705T180044Z,25.4,85.7
20260705T180059Z,25.3,86.2
20260705T180114Z,25.4,86.6
20260705T180130Z,25.4,86.9
20260705T180145Z,25.4,87.1
20260705T180159Z,25.4,87.3
20260705T180214Z,25.5,87.7
20260705T180229Z,25.5,87.8
20260705T180244Z,25.5,88.0
20260705T180259Z,25.5,88.2
20260705T180314Z,25.5,88.4
20260705T180329Z,25.6,88.6
20260705T180344Z,25.6,88.9
20260705T180359Z,25.6,89.2
20260705T180414Z,25.6,89.3
20260705T180429Z,25.6,89.6
20260705T180444Z,25.7,89.7
20260705T180459Z,25.7,89.9
20260705T180514Z,25.7,90.0
20260705T180529Z,25.7,90.1
20260705T180544Z,25.7,90.3
20260705T180559Z,25.8,90.5
20260705T180614Z,25.8,90.6
20260705T180629Z,25.8,90.6
20260705T180644Z,25.8,90.8
20260705T180659Z,25.8,91.0
20260705T180714Z,25.9,91.0
20260705T180729Z,25.9,91.2
20260705T180744Z,25.9,91.3
20260705T180759Z,25.9,91.5
20260705T180814Z,25.9,91.6
20260705T180829Z,25.9,91.7
20260705T180844Z,25.9,91.8
20260705T180859Z,26.0,91.9
20260705T180914Z,26.0,91.9
20260705T180929Z,26.0,92.1
20260705T180944Z,26.0,92.2
20260705T180959Z,26.0,92.2
20260705T181014Z,26.0,92.3
20260705T181029Z,26.0,92.3
20260705T181044Z,26.0,92.5
20260705T181059Z,26.1,92.6
20260705T181114Z,26.1,92.6
20260705T181129Z,26.1,92.7
20260705T181144Z,26.1,92.7
20260705T181159Z,26.1,92.7
20260705T181214Z,26.1,92.8
20260705T181229Z,26.1,92.8
20260705T181244Z,26.1,92.9
20260705T181259Z,26.1,93.0
20260705T181314Z,26.2,92.9
20260705T181329Z,26.2,92.9
20260705T181344Z,26.2,93.0
20260705T181359Z,26.2,93.0
20260705T181414Z,26.2,93.0
20260705T181429Z,26.2,93.0
20260705T181444Z,26.3,93.0
20260705T181459Z,26.3,93.0
20260705T181514Z,26.3,93.0
20260705T181529Z,26.3,93.0
20260705T181544Z,26.3,93.1
20260705T181559Z,26.3,93.0
20260705T181614Z,26.3,93.1
20260705T181629Z,26.3,93.0
20260705T181644Z,26.4,93.0
20260705T181659Z,26.4,93.1
20260705T181714Z,26.4,93.0
20260705T181729Z,26.4,93.0
20260705T181744Z,26.4,93.0
20260705T181759Z,26.4,93.0
20260705T181814Z,26.4,92.9
20260705T181829Z,26.4,92.9
20260705T181844Z,26.5,92.9
20260705T181859Z,26.5,92.9
20260705T181914Z,26.5,92.9
20260705T181929Z,26.5,92.8
20260705T181944Z,26.5,92.9
20260705T181959Z,26.5,92.8
20260705T182014Z,26.5,92.9
20260705T182029Z,26.5,92.8
20260705T182044Z,26.5,92.8
20260705T182059Z,26.5,92.8
20260705T182114Z,26.6,92.8
20260705T182129Z,26.6,92.8
20260705T182144Z,26.6,92.7
20260705T182159Z,26.6,92.7
20260705T182214Z,26.6,92.7
20260705T182229Z,26.6,92.7
20260705T182244Z,26.6,92.7
20260705T182300Z,26.6,92.6
20260705T182314Z,26.6,91.9
20260705T182329Z,26.6,91.6
20260705T182344Z,26.6,90.1
20260705T182359Z,26.6,89.6
20260705T182414Z,26.5,88.5
20260705T182429Z,26.5,87.9
20260705T182444Z,26.4,86.7
20260705T182459Z,26.3,86.3
20260705T182514Z,26.3,85.3
20260705T182529Z,26.2,84.9
20260705T182544Z,26.1,83.6
20260705T182559Z,26.1,82.9
20260705T182614Z,26.0,81.9
20260705T182629Z,25.9,80.9
20260705T182644Z,25.9,80.1
20260705T182659Z,25.8,79.2
20260705T182714Z,25.7,78.6
20260705T182729Z,25.6,79.2
20260705T182744Z,25.6,80.3
20260705T182759Z,25.5,81.6
20260705T182814Z,25.5,83.0
20260705T182829Z,25.4,83.8
20260705T182845Z,25.4,84.1
20260705T182859Z,25.4,84.4
20260705T182915Z,25.4,84.7
20260705T182929Z,25.4,85.2
20260705T182945Z,25.4,85.6
20260705T182959Z,25.4,85.9
20260705T183014Z,25.4,86.3
20260705T183029Z,25.4,86.6
20260705T183044Z,25.4,87.0
20260705T183059Z,25.4,87.2
20260705T183114Z,25.5,87.5
20260705T183129Z,25.5,87.9
20260705T183144Z,25.5,88.2
20260705T183159Z,25.5,88.4
20260705T183214Z,25.5,88.5
20260705T183229Z,25.6,88.6
20260705T183244Z,25.6,88.9
20260705T183259Z,25.6,89.2
20260705T183314Z,25.6,89.4
20260705T183329Z,25.6,89.7
20260705T183344Z,25.7,89.8
20260705T183359Z,25.7,89.8
20260705T183414Z,25.7,90.0
20260705T183429Z,25.7,90.2
20260705T183445Z,25.7,90.4
20260705T183459Z,25.7,90.5
20260705T183515Z,25.8,90.6
20260705T183529Z,25.8,90.8
20260705T183545Z,25.8,91.0
20260705T183559Z,25.8,91.1
20260705T183614Z,25.8,91.2
20260705T183630Z,25.9,91.3
20260705T183644Z,25.9,91.4
20260705T183700Z,25.9,91.6
20260705T183714Z,25.9,91.7
20260705T183729Z,25.9,91.8
20260705T183744Z,25.9,91.8
20260705T183759Z,25.9,92.0
20260705T183814Z,26.0,92.1
20260705T183830Z,26.0,92.2
20260705T183844Z,26.0,92.3
20260705T183859Z,26.0,92.3
20260705T183915Z,26.0,92.4
20260705T183930Z,26.1,92.5
20260705T183944Z,26.1,92.5
20260705T184000Z,26.1,92.6
20260705T184014Z,26.1,92.7
20260705T184030Z,26.1,92.7
20260705T184044Z,26.1,92.8
20260705T184100Z,26.1,92.9
20260705T184114Z,26.1,92.9
20260705T184129Z,26.2,93.0
20260705T184145Z,26.2,93.0
20260705T184159Z,26.2,93.0
20260705T184215Z,26.2,93.1
20260705T184229Z,26.2,93.1
20260705T184245Z,26.2,93.1
20260705T184259Z,26.2,93.2
20260705T184315Z,26.2,93.2
20260705T184329Z,26.3,93.2
20260705T184345Z,26.3,93.2
20260705T184359Z,26.3,93.2
20260705T184415Z,26.3,93.3
20260705T184429Z,26.3,93.2
20260705T184445Z,26.3,93.2
20260705T184459Z,26.3,93.3
20260705T184514Z,26.3,93.2
20260705T184530Z,26.3,93.2
20260705T184544Z,26.4,93.2
20260705T184600Z,26.4,93.2
20260705T184614Z,26.4,93.2
20260705T184630Z,26.4,93.2
20260705T184644Z,26.4,93.2
20260705T184700Z,26.4,93.3
20260705T184714Z,26.4,93.2
20260705T184730Z,26.4,93.2
20260705T184744Z,26.4,93.2
20260705T184800Z,26.5,93.2
20260705T184814Z,26.5,93.2
20260705T184830Z,26.5,93.2
20260705T184844Z,26.5,93.1
20260705T184900Z,26.5,93.1
20260705T184914Z,26.5,93.1
20260705T184930Z,26.5,93.1
20260705T184944Z,26.5,93.1
20260705T185000Z,26.5,93.1
20260705T185014Z,26.6,93.0
20260705T185030Z,26.6,93.0
20260705T185044Z,26.6,93.0
20260705T185100Z,26.6,93.0
20260705T185114Z,26.6,93.0
20260705T185130Z,26.6,92.9
20260705T185145Z,26.6,93.0
20260705T185159Z,26.6,92.9
20260705T185215Z,26.6,92.9
20260705T185229Z,26.6,92.2
20260705T185245Z,26.6,91.7
20260705T185259Z,26.6,90.0
20260705T185315Z,26.6,89.4
20260705T185329Z,26.5,88.5
20260705T185345Z,26.5,87.9
20260705T185359Z,26.4,87.1
20260705T185415Z,26.3,86.4
20260705T185429Z,26.3,85.4
20260705T185445Z,26.2,84.8
20260705T185459Z,26.2,83.6
20260705T185515Z,26.1,82.7
20260705T185529Z,26.1,81.3
20260705T185545Z,25.9,80.7
20260705T185559Z,25.9,79.8
20260705T185615Z,25.7,79.4
20260705T185630Z,25.7,78.1
20260705T185644Z,25.6,78.9
20260705T185700Z,25.5,79.9
20260705T185714Z,25.5,81.6
20260705T185730Z,25.5,82.7
20260705T185744Z,25.5,83.8
20260705T185800Z,25.4,84.5
20260705T185814Z,25.4,84.7
20260705T185830Z,25.4,84.9
20260705T185844Z,25.4,85.3
20260705T185900Z,25.4,85.8
20260705T185915Z,25.4,86.2
20260705T185930Z,25.4,86.4
20260705T185945Z,25.4,86.7
20260705T185959Z,25.4,87.0
20260705T190015Z,25.4,87.2
20260705T190029Z,25.5,87.7
20260705T190045Z,25.5,87.9
20260705T190059Z,25.5,88.1
20260705T190115Z,25.5,88.3
20260705T190129Z,25.6,88.4
20260705T190145Z,25.6,88.8
20260705T190159Z,25.6,88.9
20260705T190215Z,25.6,89.2
20260705T190229Z,25.7,89.3
20260705T190245Z,25.7,89.5
20260705T190259Z,25.7,89.6
20260705T190315Z,25.7,89.8
20260705T190329Z,25.7,90.0
20260705T190345Z,25.8,90.2
20260705T190359Z,25.8,90.4
20260705T190414Z,25.8,90.5
20260705T190429Z,25.8,90.6
20260705T190445Z,25.8,90.8
20260705T190500Z,25.8,90.9
20260705T190514Z,25.9,91.0
20260705T190530Z,25.9,91.2
20260705T190544Z,25.9,91.3
20260705T190600Z,25.9,91.4
20260705T190614Z,25.9,91.6
20260705T190630Z,25.9,91.6
20260705T190644Z,26.0,91.7
20260705T190700Z,26.0,91.8
20260705T190714Z,26.0,91.9
20260705T190730Z,26.0,92.0
20260705T190744Z,26.0,92.2
20260705T190800Z,26.0,92.2
20260705T190814Z,26.0,92.3
20260705T190830Z,26.1,92.5
20260705T190844Z,26.1,92.5
20260705T190900Z,26.1,92.6
20260705T190914Z,26.1,92.7
20260705T190930Z,26.1,92.7
20260705T190944Z,26.1,92.9
20260705T191000Z,26.1,92.9
20260705T191014Z,26.1,93.0
20260705T191030Z,26.1,93.0
20260705T191044Z,26.2,93.0
20260705T191059Z,26.2,93.1
20260705T191114Z,26.2,93.2
20260705T191130Z,26.2,93.2
20260705T191144Z,26.2,93.2
20260705T191200Z,26.2,93.3
20260705T191214Z,26.2,93.3
20260705T191230Z,26.2,93.4
20260705T191244Z,26.2,93.4
20260705T191300Z,26.3,93.4
20260705T191314Z,26.3,93.5
20260705T191328Z,26.3,93.5
20260705T191344Z,26.3,93.5
20260705T191400Z,26.3,93.5
20260705T191414Z,26.3,93.5
20260705T191430Z,26.3,93.6
20260705T191444Z,26.3,93.5
20260705T191500Z,26.3,93.6
20260705T191514Z,26.4,93.6
20260705T191530Z,26.4,93.6
20260705T191544Z,26.4,93.5
20260705T191600Z,26.4,93.5
20260705T191614Z,26.4,93.5
20260705T191630Z,26.4,93.5
20260705T191644Z,26.4,93.5
20260705T191659Z,26.5,93.5
20260705T191714Z,26.5,93.4
20260705T191730Z,26.5,93.4
20260705T191745Z,26.5,93.4
20260705T191759Z,26.5,93.3
20260705T191815Z,26.5,93.3
20260705T191829Z,26.6,93.3
20260705T191845Z,26.6,93.2
20260705T191859Z,26.6,93.3
20260705T191915Z,26.6,93.2
20260705T191929Z,26.6,93.2
20260705T191945Z,26.6,93.2
20260705T191959Z,26.6,93.1
20260705T192015Z,26.6,93.1
20260705T192029Z,26.6,93.0
20260705T192045Z,26.6,93.1
20260705T192059Z,26.7,93.1
20260705T192115Z,26.6,92.2
20260705T192129Z,26.6,91.4
20260705T192145Z,26.6,90.4
20260705T192159Z,26.6,90.0
20260705T192215Z,26.5,89.2
20260705T192229Z,26.5,88.4
20260705T192245Z,26.4,87.9
20260705T192259Z,26.4,87.2
20260705T192315Z,26.4,86.0
20260705T192329Z,26.3,85.1
20260705T192344Z,26.3,84.0
20260705T192400Z,26.2,82.9
20260705T192414Z,26.2,81.8
20260705T192430Z,26.1,81.0
20260705T192444Z,26.0,79.8
20260705T192500Z,26.0,78.8
20260705T192514Z,25.9,78.4
20260705T192530Z,25.8,79.0
20260705T192544Z,25.7,80.6
20260705T192600Z,25.7,81.6
20260705T192614Z,25.6,82.8
20260705T192630Z,25.6,83.8
20260705T192644Z,25.5,84.2
20260705T192700Z,25.5,84.7
20260705T192714Z,25.5,85.0
20260705T192730Z,25.5,85.3
20260705T192744Z,25.5,85.6
20260705T192800Z,25.5,86.2
20260705T192814Z,25.5,86.5
20260705T192830Z,25.5,86.8
20260705T192844Z,25.5,87.0
20260705T192900Z,25.5,87.3
20260705T192914Z,25.5,87.7
20260705T192930Z,25.6,87.9
20260705T192944Z,25.6,88.3
20260705T193000Z,25.6,88.7
20260705T193014Z,25.6,88.8
20260705T193030Z,25.6,89.0
20260705T193044Z,25.6,89.2
20260705T193100Z,25.6,89.4
20260705T193114Z,25.6,89.5
20260705T193130Z,25.7,89.8
20260705T193144Z,25.7,89.9
20260705T193200Z,25.7,90.1
20260705T193215Z,25.7,90.4
20260705T193230Z,25.7,90.5
20260705T193244Z,25.8,90.7
20260705T193300Z,25.8,90.8
20260705T193314Z,25.8,91.0
20260705T193330Z,25.8,91.1
20260705T193344Z,25.8,91.2
20260705T193400Z,25.8,91.4
20260705T193414Z,25.9,91.6
20260705T193430Z,25.9,91.7
20260705T193444Z,25.9,91.8
20260705T193500Z,25.9,91.9
20260705T193514Z,25.9,92.0
20260705T193530Z,25.9,92.2
20260705T193545Z,25.9,92.3
20260705T193600Z,25.9,92.3
20260705T193615Z,26.0,92.4
20260705T193630Z,26.0,92.6
20260705T193645Z,26.0,92.7
20260705T193700Z,26.0,92.7
20260705T193715Z,26.0,92.8
20260705T193730Z,26.0,92.9
20260705T193745Z,26.0,93.0
20260705T193800Z,26.0,93.1
20260705T193815Z,26.1,93.2
20260705T193830Z,26.1,93.3
20260705T193845Z,26.1,93.2
20260705T193900Z,26.1,93.4
20260705T193915Z,26.1,93.4
20260705T193930Z,26.1,93.4
20260705T193945Z,26.1,93.5
20260705T194000Z,26.1,93.5
20260705T194015Z,26.2,93.7
20260705T194030Z,26.2,93.6
20260705T194045Z,26.2,93.7
20260705T194100Z,26.2,93.7
20260705T194115Z,26.2,93.8
20260705T194130Z,26.2,93.8
20260705T194145Z,26.2,93.8
20260705T194200Z,26.2,93.8
20260705T194215Z,26.2,93.8
20260705T194230Z,26.3,93.9
20260705T194245Z,26.3,93.8
20260705T194300Z,26.3,93.9
20260705T194315Z,26.3,93.8
20260705T194330Z,26.3,93.9
20260705T194345Z,26.3,93.9
20260705T194400Z,26.3,93.9
20260705T194415Z,26.3,93.9
20260705T194430Z,26.3,93.9
20260705T194445Z,26.3,93.9
20260705T194500Z,26.4,93.9
20260705T194515Z,26.4,93.9
20260705T194530Z,26.4,93.8
20260705T194545Z,26.4,93.8
20260705T194600Z,26.4,93.8
20260705T194615Z,26.4,93.8
20260705T194630Z,26.4,93.8
20260705T194645Z,26.4,93.7
20260705T194700Z,26.5,93.8
20260705T194715Z,26.5,93.7
20260705T194730Z,26.5,93.7
20260705T194745Z,26.5,93.7
20260705T194800Z,26.5,93.7
20260705T194815Z,26.5,93.7
20260705T194830Z,26.5,93.6
20260705T194845Z,26.5,93.6
20260705T194900Z,26.6,93.6
20260705T194915Z,26.6,93.5
20260705T194930Z,26.6,93.5
20260705T194945Z,26.6,93.5
20260705T195000Z,26.6,93.5
20260705T195015Z,26.6,93.5
20260705T195030Z,26.6,93.4
20260705T195045Z,26.6,93.4
20260705T195100Z,26.6,93.4
20260705T195115Z,26.6,93.3
20260705T195130Z,26.6,93.1
20260705T195145Z,26.6,92.9
20260705T195200Z,26.6,91.1
20260705T195215Z,26.6,90.5
20260705T195230Z,26.5,89.7
20260705T195245Z,26.5,88.7
20260705T195300Z,26.4,88.2
20260705T195315Z,26.4,87.4
20260705T195330Z,26.3,86.9
20260705T195345Z,26.3,85.8
20260705T195400Z,26.2,84.6
20260705T195415Z,26.2,83.7
20260705T195430Z,26.1,82.9
20260705T195445Z,26.0,81.8
20260705T195500Z,25.9,81.0
20260705T195515Z,25.9,79.9
20260705T195530Z,25.8,79.2
20260705T195545Z,25.7,78.6
20260705T195600Z,25.6,79.5
20260705T195615Z,25.6,80.9
20260705T195630Z,25.5,82.0
20260705T195645Z,25.5,83.6
20260705T195700Z,25.5,84.2
20260705T195715Z,25.4,84.7
20260705T195730Z,25.4,84.9
20260705T195745Z,25.4,85.3
20260705T195800Z,25.4,85.6
20260705T195815Z,25.4,86.1
20260705T195830Z,25.4,86.5
20260705T195845Z,25.4,86.8
20260705T195900Z,25.4,86.8
20260705T195915Z,25.5,87.4
20260705T195930Z,25.5,87.7
20260705T195945Z,25.5,87.9
20260705T200000Z,25.5,88.1
20260705T200015Z,25.6,88.4
20260705T200030Z,25.6,88.7
20260705T200045Z,25.6,88.9
20260705T200100Z,25.6,89.1
20260705T200115Z,25.6,89.4
20260705T200130Z,25.6,89.6
20260705T200145Z,25.7,89.7
20260705T200200Z,25.7,89.9
20260705T200215Z,25.7,90.1
20260705T200230Z,25.7,90.3
20260705T200245Z,25.7,90.4
20260705T200300Z,25.8,90.6
20260705T200315Z,25.8,90.7
20260705T200330Z,25.8,90.8
20260705T200345Z,25.8,91.1
20260705T200400Z,25.8,91.2
20260705T200415Z,25.9,91.2
20260705T200430Z,25.9,91.4
20260705T200445Z,25.9,91.5
20260705T200500Z,25.9,91.7
20260705T200515Z,25.9,91.9
20260705T200530Z,25.9,92.0
20260705T200545Z,25.9,92.1
20260705T200600Z,25.9,92.3
20260705T200615Z,26.0,92.4
20260705T200630Z,26.0,92.5
20260705T200645Z,26.0,92.6
20260705T200700Z,26.0,92.7
20260705T200715Z,26.0,92.8
20260705T200730Z,26.0,92.9
20260705T200745Z,26.0,93.0
20260705T200800Z,26.0,93.1
20260705T200815Z,26.0,93.1
20260705T200830Z,26.1,93.3
20260705T200845Z,26.1,93.3
20260705T200900Z,26.1,93.3
20260705T200915Z,26.1,93.5
20260705T200930Z,26.1,93.5
20260705T200945Z,26.1,93.5
20260705T201000Z,26.1,93.6
20260705T201015Z,26.2,93.6
20260705T201030Z,26.1,93.7
20260705T201045Z,26.2,93.7
20260705T201100Z,26.2,93.8
20260705T201115Z,26.2,93.8
20260705T201130Z,26.2,93.8
20260705T201145Z,26.2,94.0
20260705T201200Z,26.2,93.9
20260705T201215Z,26.2,94.0
20260705T201230Z,26.2,94.0
20260705T201245Z,26.3,94.0
20260705T201300Z,26.3,94.0
20260705T201315Z,26.3,94.0
20260705T201330Z,26.3,94.0
20260705T201345Z,26.3,94.1
20260705T201400Z,26.3,94.1
20260705T201415Z,26.3,94.0
20260705T201430Z,26.3,94.0
20260705T201445Z,26.4,94.0
20260705T201500Z,26.4,94.1
20260705T201515Z,26.4,94.1
20260705T201530Z,26.4,94.1
20260705T201545Z,26.4,94.1
20260705T201600Z,26.4,94.0
20260705T201615Z,26.4,94.0
20260705T201630Z,26.4,94.1
20260705T201645Z,26.5,94.0
20260705T201700Z,26.4,94.0
20260705T201715Z,26.5,94.0
20260705T201730Z,26.5,94.0
20260705T201745Z,26.5,93.9
20260705T201800Z,26.5,93.9
20260705T201815Z,26.5,93.9
20260705T201830Z,26.5,93.8
20260705T201845Z,26.5,93.8
20260705T201900Z,26.5,93.8
20260705T201915Z,26.5,93.8
20260705T201930Z,26.6,93.8
20260705T201945Z,26.6,93.8
20260705T202000Z,26.6,93.8
20260705T202015Z,26.6,93.8
20260705T202030Z,26.6,93.7
20260705T202045Z,26.6,93.7
20260705T202100Z,26.6,93.7
20260705T202115Z,26.6,93.6
20260705T202130Z,26.6,93.6
20260705T202145Z,26.7,93.6
20260705T202200Z,26.7,93.2
20260705T202215Z,26.7,92.8
20260705T202230Z,26.6,91.5
20260705T202245Z,26.6,90.4
20260705T202300Z,26.5,89.6
20260705T202315Z,26.5,89.0
20260705T202330Z,26.4,88.3
20260705T202345Z,26.4,87.5
20260705T202400Z,26.3,86.4
20260705T202415Z,26.2,85.6
20260705T202430Z,26.2,85.0
20260705T202445Z,26.1,83.8
20260705T202500Z,26.0,82.6
20260705T202515Z,26.0,81.7
20260705T202530Z,25.9,80.6
20260705T202545Z,25.8,80.1
20260705T202600Z,25.7,79.3
20260705T202615Z,25.6,79.5
20260705T202630Z,25.6,80.9
20260705T202645Z,25.6,81.9
20260705T202700Z,25.5,83.4
20260705T202715Z,25.5,84.7
20260705T202730Z,25.5,84.9
20260705T202745Z,25.4,85.2
20260705T202800Z,25.4,85.5
20260705T202815Z,25.4,86.0
20260705T202830Z,25.4,86.4
20260705T202845Z,25.4,86.7
20260705T202900Z,25.4,87.0
20260705T202915Z,25.4,87.3
20260705T202930Z,25.4,87.7
20260705T202945Z,25.5,88.1
20260705T203000Z,25.5,88.2
20260705T203015Z,25.5,88.4
20260705T203030Z,25.5,88.7
20260705T203045Z,25.5,88.9
20260705T203100Z,25.6,89.3
20260705T203115Z,25.6,89.5
20260705T203130Z,25.6,89.6
20260705T203145Z,25.6,89.6
20260705T203200Z,25.6,89.9
20260705T203215Z,25.7,90.1
20260705T203230Z,25.7,90.3
20260705T203245Z,25.7,90.4
20260705T203300Z,25.8,90.5
20260705T203315Z,25.8,90.7
20260705T203330Z,25.8,90.9
20260705T203345Z,25.8,91.0
20260705T203400Z,25.8,91.1
20260705T203415Z,25.8,91.2
20260705T203430Z,25.9,91.4
20260705T203445Z,25.9,91.6
20260705T203500Z,25.9,91.7
20260705T203515Z,25.9,91.8
20260705T203530Z,25.9,92.0
20260705T203545Z,25.9,92.0
20260705T203600Z,25.9,92.1
20260705T203615Z,25.9,92.3
20260705T203630Z,26.0,92.5
20260705T203645Z,26.0,92.6
20260705T203700Z,26.0,92.6
20260705T203715Z,26.0,92.7
20260705T203730Z,26.0,92.8
20260705T203745Z,26.0,92.9
20260705T203800Z,26.0,93.0
20260705T203815Z,26.0,93.2
20260705T203830Z,26.1,93.1
20260705T203845Z,26.1,93.3
20260705T203900Z,26.1,93.3
20260705T203915Z,26.1,93.4
20260705T203930Z,26.1,93.5
20260705T203945Z,26.1,93.5
20260705T204000Z,26.1,93.7
20260705T204015Z,26.1,93.7
20260705T204030Z,26.1,93.8
20260705T204045Z,26.2,93.8
20260705T204100Z,26.2,93.9
20260705T204115Z,26.2,93.9
20260705T204130Z,26.2,94.0
20260705T204145Z,26.2,94.0
20260705T204200Z,26.2,94.0
20260705T204215Z,26.2,94.1
20260705T204230Z,26.2,94.1
20260705T204245Z,26.2,94.1
20260705T204300Z,26.3,94.1
20260705T204315Z,26.3,94.1
20260705T204330Z,26.3,94.1
20260705T204345Z,26.3,94.2
20260705T204400Z,26.3,94.1
20260705T204415Z,26.3,94.2
20260705T204430Z,26.3,94.2
20260705T204445Z,26.3,94.2
20260705T204500Z,26.4,94.2
20260705T204515Z,26.4,94.2
20260705T204530Z,26.4,94.2
20260705T204545Z,26.4,94.2
20260705T204600Z,26.4,94.1
20260705T204615Z,26.4,94.1
20260705T204630Z,26.4,94.1
20260705T204645Z,26.4,94.2
20260705T204700Z,26.4,94.2
20260705T204715Z,26.4,94.2
20260705T204730Z,26.5,94.1
20260705T204745Z,26.5,94.1
20260705T204800Z,26.5,94.1
20260705T204815Z,26.5,94.0
20260705T204830Z,26.5,94.0
20260705T204845Z,26.5,94.0
20260705T204900Z,26.5,94.0
20260705T204915Z,26.6,94.0
20260705T204930Z,26.6,93.9
20260705T204945Z,26.6,93.9
20260705T205000Z,26.6,93.9
20260705T205015Z,26.6,93.9
20260705T205030Z,26.6,93.8
20260705T205045Z,26.6,93.8
20260705T205100Z,26.6,93.8
20260705T205115Z,26.7,93.8
20260705T205130Z,26.7,93.8
20260705T205145Z,26.7,93.7
20260705T205200Z,26.7,92.8
20260705T205215Z,26.7,92.4
20260705T205230Z,26.6,91.2
20260705T205245Z,26.6,90.7
20260705T205300Z,26.6,89.7
20260705T205315Z,26.5,88.9
20260705T205330Z,26.5,88.2
20260705T205345Z,26.4,87.4
20260705T205400Z,26.4,86.4
20260705T205415Z,26.3,85.9
20260705T205430Z,26.3,84.8
20260705T205445Z,26.2,83.6
20260705T205500Z,26.2,82.0
20260705T205515Z,26.1,81.2
20260705T205530Z,26.0,80.6
20260705T205545Z,25.9,80.3
20260705T205600Z,25.9,79.1
20260705T205615Z,25.8,78.8
20260705T205630Z,25.7,79.9
20260705T205645Z,25.7,81.1
20260705T205700Z,25.7,83.0
20260705T205715Z,25.6,84.1
20260705T205730Z,25.6,84.4
20260705T205745Z,25.6,84.7
20260705T205800Z,25.5,85.0
20260705T205815Z,25.5,85.6
20260705T205830Z,25.5,85.8
20260705T205845Z,25.5,86.3
20260705T205900Z,25.5,86.8
20260705T205915Z,25.5,87.0
20260705T205930Z,25.5,87.3
20260705T205945Z,25.6,87.6
20260705T210000Z,25.6,88.0
20260705T210015Z,25.6,88.1
20260705T210030Z,25.6,88.4
20260705T210045Z,25.6,88.6
20260705T210100Z,25.6,88.8
20260705T210115Z,25.7,89.0
20260705T210130Z,25.7,89.3
20260705T210145Z,25.7,89.4
20260705T210200Z,25.7,89.6
20260705T210215Z,25.7,89.8
20260705T210230Z,25.7,90.0
20260705T210245Z,25.8,90.3
20260705T210300Z,25.8,90.4
20260705T210315Z,25.8,90.5
20260705T210330Z,25.8,90.7
20260705T210345Z,25.8,90.9
20260705T210400Z,25.8,90.9
20260705T210415Z,25.9,91.1
20260705T210430Z,25.9,91.2
20260705T210445Z,25.9,91.4
20260705T210500Z,25.9,91.5
20260705T210515Z,26.0,91.6
20260705T210530Z,26.0,91.7
20260705T210545Z,26.0,91.9
20260705T210600Z,26.0,92.0
20260705T210615Z,26.0,92.1
20260705T210630Z,26.0,92.2
20260705T210645Z,26.0,92.4
20260705T210700Z,26.0,92.4
20260705T210715Z,26.1,92.5
20260705T210730Z,26.1,92.7
20260705T210745Z,26.1,92.7
20260705T210800Z,26.1,92.8
20260705T210815Z,26.1,92.9
20260705T210830Z,26.1,93.0
20260705T210845Z,26.1,93.1
20260705T210900Z,26.1,93.1
20260705T210915Z,26.2,93.1
20260705T210930Z,26.2,93.2
20260705T210945Z,26.2,93.3
20260705T211000Z,26.2,93.3
20260705T211015Z,26.2,93.5
20260705T211030Z,26.2,93.5
20260705T211045Z,26.2,93.5
20260705T211100Z,26.2,93.6
20260705T211115Z,26.3,93.6
20260705T211130Z,26.3,93.6
20260705T211145Z,26.3,93.7
20260705T211200Z,26.3,93.8
20260705T211215Z,26.3,93.8
20260705T211230Z,26.3,93.8
20260705T211245Z,26.3,93.9
20260705T211300Z,26.3,93.9
20260705T211315Z,26.3,93.9
20260705T211330Z,26.3,94.0
20260705T211345Z,26.3,94.0
20260705T211400Z,26.4,94.0
20260705T211415Z,26.4,94.0
20260705T211430Z,26.4,94.0
20260705T211445Z,26.4,94.0
20260705T211500Z,26.4,94.0
20260705T211515Z,26.4,94.0
20260705T211530Z,26.4,94.0
20260705T211545Z,26.4,94.1
20260705T211600Z,26.4,94.1
20260705T211615Z,26.5,94.0
20260705T211630Z,26.5,94.0
20260705T211645Z,26.5,94.0
20260705T211700Z,26.5,94.0
20260705T211715Z,26.5,94.0
20260705T211730Z,26.5,93.9
20260705T211745Z,26.5,93.9
20260705T211800Z,26.5,93.9
20260705T211815Z,26.5,93.9
20260705T211830Z,26.5,93.9
20260705T211845Z,26.6,93.8
20260705T211900Z,26.6,93.9
20260705T211915Z,26.6,93.9
20260705T211930Z,26.6,93.9
20260705T211945Z,26.6,93.9
20260705T212000Z,26.6,93.8
20260705T212015Z,26.6,93.8
20260705T212030Z,26.6,93.8
20260705T212045Z,26.6,93.8
20260705T212100Z,26.7,93.8
20260705T212115Z,26.7,93.7
20260705T212130Z,26.7,93.7
20260705T212145Z,26.7,93.7
20260705T212200Z,26.7,93.7
20260705T212215Z,26.7,93.3
20260705T212230Z,26.7,92.8
20260705T212245Z,26.7,91.4
20260705T212300Z,26.6,90.6
20260705T212315Z,26.6,89.3
20260705T212330Z,26.5,89.1
20260705T212345Z,26.5,87.8
20260705T212400Z,26.4,87.5
20260705T212415Z,26.4,86.9
20260705T212430Z,26.3,85.7
20260705T212445Z,26.3,85.0
20260705T212500Z,26.2,83.9
20260705T212515Z,26.1,82.8
20260705T212530Z,26.1,81.7
20260705T212545Z,26.0,81.4
20260705T212600Z,25.9,80.3
20260705T212615Z,25.9,79.3
20260705T212630Z,25.8,79.0
20260705T212645Z,25.7,79.8
20260705T212700Z,25.7,81.0
20260705T212715Z,25.7,82.4
20260705T212730Z,25.6,83.6
20260705T212745Z,25.6,84.2
20260705T212800Z,25.6,84.6
20260705T212815Z,25.6,84.8
20260705T212830Z,25.5,85.3
20260705T212845Z,25.5,85.6
20260705T212900Z,25.5,86.1
20260705T212915Z,25.5,86.4
20260705T212930Z,25.5,86.9
20260705T212945Z,25.5,87.3
20260705T213000Z,25.5,87.6
20260705T213015Z,25.5,87.9
20260705T213030Z,25.6,88.2
20260705T213045Z,25.6,88.5
20260705T213100Z,25.6,88.7
20260705T213115Z,25.6,88.9
20260705T213130Z,25.6,89.2
20260705T213145Z,25.6,89.4
20260705T213200Z,25.6,89.7
20260705T213215Z,25.7,89.8
20260705T213230Z,25.7,90.0
20260705T213245Z,25.7,90.1
20260705T213300Z,25.7,90.4
20260705T213315Z,25.7,90.6
20260705T213330Z,25.7,90.7
20260705T213346Z,25.8,90.8
20260705T213401Z,25.8,91.0
20260705T213415Z,25.8,91.2
20260705T213430Z,25.8,91.4
20260705T213445Z,25.8,91.4
20260705T213500Z,25.8,91.7
20260705T213515Z,25.9,91.8
20260705T213530Z,25.9,91.8
20260705T213545Z,25.9,92.0
20260705T213600Z,25.9,92.1
20260705T213615Z,25.9,92.3
20260705T213630Z,25.9,92.4
20260705T213645Z,25.9,92.5
20260705T213700Z,26.0,92.5
20260705T213715Z,26.0,92.7
20260705T213730Z,26.0,92.8
20260705T213745Z,26.0,92.9
20260705T213800Z,26.0,93.0
20260705T213815Z,26.0,93.0
20260705T213830Z,26.0,93.1
20260705T213845Z,26.0,93.3
20260705T213900Z,26.1,93.4
20260705T213915Z,26.1,93.5
20260705T213930Z,26.1,93.5
20260705T213945Z,26.1,93.6
20260705T214000Z,26.1,93.7
20260705T214015Z,26.1,93.7
20260705T214030Z,26.1,93.8
20260705T214045Z,26.1,93.8
20260705T214100Z,26.1,93.9
20260705T214115Z,26.2,94.0
20260705T214130Z,26.2,94.0
20260705T214145Z,26.2,94.1
20260705T214200Z,26.2,94.1
20260705T214215Z,26.2,94.1
20260705T214230Z,26.2,94.2
20260705T214245Z,26.2,94.2
20260705T214300Z,26.2,94.2
20260705T214315Z,26.2,94.2
20260705T214330Z,26.3,94.3
20260705T214345Z,26.3,94.3
20260705T214400Z,26.3,94.3
20260705T214415Z,26.3,94.3
20260705T214430Z,26.3,94.3
20260705T214445Z,26.3,94.3
20260705T214500Z,26.3,94.3
20260705T214515Z,26.4,94.3
20260705T214530Z,26.4,94.3
20260705T214545Z,26.4,94.3
20260705T214600Z,26.4,94.3
20260705T214615Z,26.4,94.3
20260705T214630Z,26.4,94.2
20260705T214645Z,26.4,94.2
20260705T214700Z,26.4,94.2
20260705T214715Z,26.4,94.2
20260705T214730Z,26.5,94.2
20260705T214745Z,26.5,94.2
20260705T214800Z,26.5,94.1
20260705T214815Z,26.5,94.1
20260705T214830Z,26.5,94.1
20260705T214846Z,26.5,94.1
20260705T214901Z,26.5,94.1
20260705T214915Z,26.6,94.1
20260705T214930Z,26.6,94.1
20260705T214945Z,26.6,94.0
20260705T215000Z,26.6,94.0
20260705T215015Z,26.6,94.1
20260705T215030Z,26.6,94.0
20260705T215045Z,26.6,93.9
20260705T215100Z,26.6,94.0
20260705T215115Z,26.6,94.0
20260705T215130Z,26.6,93.9
20260705T215145Z,26.7,93.8
20260705T215200Z,26.7,93.9
20260705T215215Z,26.7,93.4
20260705T215230Z,26.7,92.2
20260705T215245Z,26.6,90.8
20260705T215300Z,26.6,90.3
20260705T215315Z,26.6,89.3
20260705T215330Z,26.5,88.5
20260705T215345Z,26.4,88.1
20260705T215400Z,26.4,87.0
20260705T215415Z,26.3,86.3
20260705T215430Z,26.3,86.1
20260705T215445Z,26.2,84.8
20260705T215500Z,26.2,83.5
20260705T215515Z,26.1,82.0
20260705T215530Z,26.0,81.2
20260705T215545Z,26.0,80.8
20260705T215600Z,25.9,79.5
20260705T215615Z,25.8,79.4
20260705T215630Z,25.7,80.1
20260705T215645Z,25.7,81.2
20260705T215700Z,25.6,82.5
20260705T215715Z,25.6,83.7
20260705T215730Z,25.6,84.5
20260705T215745Z,25.5,84.7
20260705T215800Z,25.5,85.2
20260705T215815Z,25.5,85.4
20260705T215830Z,25.5,86.0
20260705T215845Z,25.5,86.4
20260705T215900Z,25.5,86.5
20260705T215915Z,25.5,87.0
20260705T215930Z,25.5,87.3
20260705T215945Z,25.5,87.9
20260705T220000Z,25.5,88.1
20260705T220015Z,25.5,88.5
20260705T220030Z,25.6,88.7
20260705T220045Z,25.6,89.0
20260705T220100Z,25.6,89.2
20260705T220115Z,25.6,89.3
20260705T220130Z,25.7,89.7
20260705T220145Z,25.7,89.8
20260705T220200Z,25.7,90.1
20260705T220215Z,25.8,90.3
20260705T220230Z,25.8,90.4
20260705T220245Z,25.8,90.5
20260705T220300Z,25.8,90.6
20260705T220315Z,25.8,90.7
20260705T220330Z,25.9,91.0
20260705T220345Z,25.9,91.2
20260705T220400Z,25.9,91.2
20260705T220415Z,25.9,91.4
20260705T220430Z,25.9,91.4
20260705T220445Z,26.0,91.6
20260705T220500Z,26.0,91.8
20260705T220515Z,26.0,92.0
20260705T220530Z,26.0,92.1
20260705T220545Z,26.0,92.0
20260705T220600Z,26.0,92.2
20260705T220615Z,26.1,92.4
20260705T220630Z,26.1,92.5
20260705T220645Z,26.1,92.6
20260705T220700Z,26.1,92.7
20260705T220715Z,26.1,92.8
20260705T220730Z,26.1,92.9
20260705T220745Z,26.1,93.0
20260705T220800Z,26.2,93.1
20260705T220815Z,26.2,93.3
20260705T220830Z,26.2,93.4
20260705T220845Z,26.2,93.5
20260705T220900Z,26.2,93.5
20260705T220915Z,26.2,93.5
20260705T220930Z,26.2,93.5
20260705T220945Z,26.3,93.6
20260705T221000Z,26.3,93.7
20260705T221015Z,26.3,93.8
20260705T221030Z,26.3,93.8
20260705T221045Z,26.3,93.9
20260705T221100Z,26.3,94.0
20260705T221115Z,26.3,94.1
20260705T221130Z,26.3,94.1
20260705T221145Z,26.3,94.2
20260705T221200Z,26.3,94.2
20260705T221215Z,26.4,94.3
20260705T221230Z,26.4,94.3
20260705T221245Z,26.4,94.4
20260705T221300Z,26.4,94.4
20260705T221315Z,26.4,94.5
20260705T221330Z,26.4,94.4
20260705T221345Z,26.4,94.4
20260705T221400Z,26.4,94.5
20260705T221415Z,26.5,94.4
20260705T221430Z,26.5,94.5
20260705T221445Z,26.5,94.6
20260705T221500Z,26.5,94.6
20260705T221516Z,26.5,94.5
20260705T221530Z,26.5,94.5
20260705T221545Z,26.5,94.5
20260705T221600Z,26.5,94.5
20260705T221615Z,26.5,94.6
20260705T221630Z,26.6,94.5
20260705T221645Z,26.6,94.5
20260705T221700Z,26.6,94.5
20260705T221715Z,26.6,94.5
20260705T221730Z,26.6,94.5
20260705T221745Z,26.6,94.5
20260705T221800Z,26.6,94.4
20260705T221815Z,26.6,94.4
20260705T221830Z,26.7,94.5
20260705T221845Z,26.7,94.3
20260705T221900Z,26.7,94.0
20260705T221915Z,26.6,92.4
20260705T221930Z,26.6,91.4
20260705T221945Z,26.6,90.8
20260705T222000Z,26.5,89.9
20260705T222015Z,26.5,88.8
20260705T222030Z,26.4,88.3
20260705T222045Z,26.3,87.5
20260705T222100Z,26.3,86.8
20260705T222115Z,26.2,85.5
20260705T222130Z,26.2,84.4
20260705T222146Z,26.1,83.7
20260705T222201Z,26.0,82.7
20260705T222215Z,25.9,82.1
20260705T222230Z,25.8,81.5
20260705T222246Z,25.8,81.0
20260705T222301Z,25.7,80.0
20260705T222315Z,25.6,80.1
20260705T222330Z,25.6,81.2
20260705T222345Z,25.5,83.0
20260705T222400Z,25.5,84.4
20260705T222415Z,25.5,85.0
20260705T222430Z,25.4,85.5
20260705T222445Z,25.4,85.9
20260705T222500Z,25.4,86.1
20260705T222515Z,25.4,86.4
20260705T222530Z,25.4,86.7
20260705T222545Z,25.5,86.9
20260705T222600Z,25.5,87.3
20260705T222615Z,25.5,87.6
20260705T222630Z,25.6,87.8
20260705T222646Z,25.6,88.0
20260705T222700Z,25.6,88.3
20260705T222715Z,25.6,88.6
20260705T222730Z,25.7,88.8
20260705T222746Z,25.7,89.0
20260705T222800Z,25.7,89.3
20260705T222815Z,25.7,89.5
20260705T222830Z,25.8,89.8
20260705T222845Z,25.8,89.9
20260705T222900Z,25.8,90.0
20260705T222915Z,25.8,90.2
20260705T222930Z,25.8,90.4
20260705T222945Z,25.9,90.6
20260705T223000Z,25.9,90.8
20260705T223015Z,25.9,91.1
20260705T223030Z,25.9,91.1
20260705T223045Z,25.9,91.4
20260705T223100Z,26.0,91.4
20260705T223116Z,26.0,91.5
20260705T223131Z,26.0,91.7
20260705T223146Z,26.0,91.9
20260705T223201Z,26.0,92.0
20260705T223215Z,26.0,92.2
20260705T223231Z,26.1,92.2
20260705T223245Z,26.0,92.4
20260705T223301Z,26.1,92.4
20260705T223315Z,26.1,92.6
20260705T223331Z,26.1,92.7
20260705T223345Z,26.1,92.8
20260705T223401Z,26.1,92.9
20260705T223415Z,26.1,93.0
20260705T223431Z,26.2,93.1
20260705T223446Z,26.2,93.2
20260705T223501Z,26.2,93.2
20260705T223515Z,26.2,93.4
20260705T223530Z,26.2,93.5
20260705T223546Z,26.2,93.5
20260705T223600Z,26.2,93.6
20260705T223616Z,26.2,93.7
20260705T223630Z,26.3,93.7
20260705T223646Z,26.3,93.8
20260705T223700Z,26.3,93.8
20260705T223716Z,26.3,93.8
20260705T223731Z,26.3,93.9
20260705T223746Z,26.3,94.0
20260705T223800Z,26.3,94.0
20260705T223816Z,26.3,94.1
20260705T223830Z,26.3,94.2
20260705T223846Z,26.3,94.2
20260705T223900Z,26.4,94.3
20260705T223916Z,26.4,94.3
20260705T223930Z,26.4,94.4
20260705T223945Z,26.4,94.4
20260705T224001Z,26.4,94.4
20260705T224015Z,26.4,94.5
20260705T224031Z,26.4,94.5
20260705T224045Z,26.4,94.5
20260705T224101Z,26.4,94.5
20260705T224115Z,26.4,94.6
20260705T224131Z,26.4,94.6
20260705T224145Z,26.4,94.7
20260705T224201Z,26.5,94.6
20260705T224215Z,26.5,94.6
20260705T224231Z,26.5,94.6
20260705T224245Z,26.5,94.6
20260705T224301Z,26.5,94.7
20260705T224315Z,26.5,94.6
20260705T224331Z,26.5,94.6
20260705T224345Z,26.5,94.6
20260705T224401Z,26.5,94.6
20260705T224415Z,26.5,94.6
20260705T224430Z,26.5,94.6
20260705T224446Z,26.5,94.7
20260705T224501Z,26.5,94.6
20260705T224515Z,26.6,94.6
20260705T224531Z,26.6,94.6
20260705T224545Z,26.6,94.6
20260705T224601Z,26.6,94.6
20260705T224615Z,26.6,94.5
20260705T224631Z,26.6,94.5
20260705T224645Z,26.6,94.6
20260705T224701Z,26.6,94.5
20260705T224715Z,26.6,94.5
20260705T224730Z,26.7,94.4
20260705T224745Z,26.7,93.7
20260705T224800Z,26.6,92.7
20260705T224816Z,26.6,91.6
20260705T224830Z,26.6,91.2
20260705T224846Z,26.5,90.3
20260705T224900Z,26.5,89.1
20260705T224916Z,26.4,88.4
20260705T224930Z,26.3,87.4
20260705T224946Z,26.3,86.9
20260705T225000Z,26.2,86.1
20260705T225016Z,26.1,85.6
20260705T225031Z,26.1,84.4
20260705T225045Z,26.0,83.3
20260705T225101Z,26.0,82.5
20260705T225115Z,25.9,81.7
20260705T225131Z,25.8,81.3
20260705T225145Z,25.8,79.8
20260705T225201Z,25.7,79.5
20260705T225215Z,25.6,80.6
20260705T225231Z,25.5,82.4
20260705T225245Z,25.5,83.7
20260705T225301Z,25.5,85.2
20260705T225315Z,25.4,85.4
20260705T225331Z,25.4,85.7
20260705T225345Z,25.4,86.2
20260705T225401Z,25.4,86.4
20260705T225415Z,25.4,86.6
20260705T225431Z,25.4,86.8
20260705T225445Z,25.4,87.1
20260705T225501Z,25.4,87.3
20260705T225515Z,25.5,87.7
20260705T225531Z,25.5,88.0
20260705T225546Z,25.5,88.3
20260705T225601Z,25.5,88.5
20260705T225616Z,25.5,88.7
20260705T225630Z,25.6,89.1
20260705T225646Z,25.6,89.4
20260705T225700Z,25.6,89.6
20260705T225715Z,25.6,89.7
20260705T225730Z,25.7,90.0
20260705T225745Z,25.7,90.2
20260705T225801Z,25.7,90.2
20260705T225815Z,25.7,90.5
20260705T225831Z,25.8,90.6
20260705T225845Z,25.8,90.7
20260705T225901Z,25.8,90.9
20260705T225915Z,25.9,91.0
20260705T225931Z,25.9,91.1
20260705T225945Z,25.9,91.2
20260705T230001Z,25.9,91.4
20260705T230015Z,26.0,91.7
20260705T230030Z,26.0,91.7
20260705T230045Z,26.0,91.8
20260705T230101Z,26.0,92.0
20260705T230115Z,26.0,92.0
20260705T230131Z,26.0,92.2
20260705T230145Z,26.0,92.3
20260705T230201Z,26.1,92.5
20260705T230215Z,26.1,92.6
20260705T230231Z,26.1,92.7
20260705T230245Z,26.1,92.9
20260705T230301Z,26.1,92.9
20260705T230315Z,26.1,93.1
20260705T230331Z,26.1,93.2
20260705T230346Z,26.1,93.2
20260705T230400Z,26.2,93.3
20260705T230416Z,26.1,93.4
20260705T230430Z,26.2,93.5
20260705T230446Z,26.2,93.6
20260705T230500Z,26.2,93.6
20260705T230516Z,26.2,93.7
20260705T230530Z,26.2,93.9
20260705T230545Z,26.2,93.9
20260705T230601Z,26.2,94.0
20260705T230615Z,26.2,94.0
20260705T230631Z,26.2,94.0
20260705T230645Z,26.3,94.1
20260705T230701Z,26.3,94.2
20260705T230716Z,26.3,94.3
20260705T230730Z,26.3,94.3
20260705T230746Z,26.3,94.3
20260705T230800Z,26.3,94.3
20260705T230816Z,26.3,94.4
20260705T230830Z,26.3,94.4
20260705T230846Z,26.3,94.4
20260705T230900Z,26.4,94.5
20260705T230916Z,26.4,94.4
20260705T230930Z,26.4,94.5
20260705T230946Z,26.4,94.6
20260705T231001Z,26.4,94.5
20260705T231015Z,26.4,94.5
20260705T231031Z,26.4,94.6
20260705T231046Z,26.4,94.6
20260705T231100Z,26.4,94.6
20260705T231116Z,26.5,94.6
20260705T231130Z,26.4,94.7
20260705T231146Z,26.5,94.6
20260705T231200Z,26.5,94.6
20260705T231216Z,26.5,94.6
20260705T231230Z,26.5,94.6
20260705T231246Z,26.5,94.6
20260705T231300Z,26.5,94.6
20260705T231316Z,26.5,94.6
20260705T231330Z,26.5,94.6
20260705T231346Z,26.6,94.5
20260705T231401Z,26.6,94.5
20260705T231415Z,26.6,94.5
20260705T231431Z,26.6,94.5
20260705T231445Z,26.6,93.7
20260705T231501Z,26.6,93.4
20260705T231515Z,26.6,92.2
20260705T231531Z,26.6,91.4
20260705T231545Z,26.5,90.3
20260705T231600Z,26.5,89.7
20260705T231615Z,26.4,88.7
20260705T231630Z,26.4,87.7
20260705T231646Z,26.3,87.0
20260705T231700Z,26.3,86.6
20260705T231716Z,26.2,85.0
20260705T231730Z,26.1,83.7
20260705T231746Z,26.0,83.5
20260705T231800Z,26.0,82.7
20260705T231816Z,25.9,81.4
20260705T231830Z,25.8,80.6
20260705T231846Z,25.7,79.6
20260705T231900Z,25.6,79.6
20260705T231916Z,25.5,80.9
20260705T231930Z,25.5,82.8
20260705T231945Z,25.4,84.6
20260705T232001Z,25.4,85.4
20260705T232015Z,25.4,85.6
20260705T232031Z,25.4,86.1
20260705T232045Z,25.4,86.2
20260705T232101Z,25.4,86.6
20260705T232115Z,25.4,86.9
20260705T232131Z,25.4,87.2
20260705T232145Z,25.4,87.5
20260705T232200Z,25.5,87.7
20260705T232216Z,25.5,88.0
20260705T232230Z,25.5,88.4
20260705T232245Z,25.5,88.7
20260705T232301Z,25.5,88.8
20260705T232315Z,25.6,89.2
20260705T232331Z,25.6,89.3
20260705T232346Z,25.6,89.5
20260705T232401Z,25.6,89.8
20260705T232416Z,25.6,89.9
20260705T232431Z,25.7,90.1
20260705T232445Z,25.7,90.2
20260705T232501Z,25.7,90.5
20260705T232515Z,25.8,90.6
20260705T232531Z,25.8,90.7
20260705T232545Z,25.8,90.9
20260705T232601Z,25.8,91.1
20260705T232616Z,25.8,91.2
20260705T232630Z,25.8,91.5
20260705T232646Z,25.9,91.6
20260705T232700Z,25.9,91.7
20260705T232716Z,25.9,91.8
20260705T232730Z,25.9,91.9
20260705T232746Z,25.9,92.1
20260705T232800Z,25.9,92.2
20260705T232816Z,26.0,92.3
20260705T232831Z,26.0,92.5
20260705T232846Z,26.0,92.6
20260705T232901Z,26.0,92.7
20260705T232916Z,26.0,92.8
20260705T232931Z,26.0,92.9
20260705T232946Z,26.0,93.0
20260705T233001Z,26.0,93.1
20260705T233016Z,26.1,93.2
20260705T233031Z,26.1,93.3
20260705T233046Z,26.1,93.3
20260705T233100Z,26.1,93.4
20260705T233116Z,26.1,93.6
20260705T233130Z,26.1,93.5
20260705T233146Z,26.1,93.7
20260705T233201Z,26.1,93.9
20260705T233216Z,26.2,93.9
20260705T233231Z,26.2,93.9
20260705T233246Z,26.2,94.1
20260705T233301Z,26.2,94.1
20260705T233316Z,26.2,94.2
20260705T233331Z,26.2,94.2
20260705T233346Z,26.2,94.3
20260705T233401Z,26.2,94.3
20260705T233416Z,26.2,94.3
20260705T233431Z,26.3,94.4
20260705T233446Z,26.3,94.4
20260705T233501Z,26.3,94.4
20260705T233516Z,26.3,94.5
20260705T233531Z,26.3,94.5
20260705T233546Z,26.3,94.6
20260705T233601Z,26.3,94.6
20260705T233616Z,26.3,94.6
20260705T233631Z,26.3,94.6
20260705T233646Z,26.4,94.6
20260705T233701Z,26.4,94.6
20260705T233716Z,26.4,94.7
20260705T233731Z,26.4,94.6
20260705T233746Z,26.4,94.7
20260705T233801Z,26.4,94.7
20260705T233816Z,26.4,94.6
20260705T233831Z,26.4,94.6
20260705T233846Z,26.4,94.7
20260705T233901Z,26.4,94.6
20260705T233916Z,26.5,94.7
20260705T233931Z,26.5,94.7
20260705T233947Z,26.5,94.7
20260705T234001Z,26.5,94.7
20260705T234016Z,26.5,94.6
20260705T234031Z,26.5,94.7
20260705T234046Z,26.5,94.7
20260705T234101Z,26.5,94.6
20260705T234116Z,26.5,94.6
20260705T234131Z,26.6,94.6
20260705T234146Z,26.6,94.6
20260705T234201Z,26.6,94.5
20260705T234216Z,26.6,94.5
20260705T234231Z,26.6,94.5
20260705T234246Z,26.6,94.4
20260705T234301Z,26.6,94.4
20260705T234316Z,26.6,93.8
20260705T234331Z,26.6,93.6
20260705T234346Z,26.6,91.9
20260705T234401Z,26.6,91.1
20260705T234416Z,26.5,90.4
20260705T234431Z,26.5,89.8
20260705T234446Z,26.4,88.8
20260705T234501Z,26.3,88.1
20260705T234516Z,26.3,87.2
20260705T234531Z,26.2,86.1
20260705T234546Z,26.1,85.3
20260705T234601Z,26.0,84.8
20260705T234616Z,26.0,83.9
20260705T234631Z,25.9,83.4
20260705T234646Z,25.8,81.6
20260705T234701Z,25.7,81.0
20260705T234716Z,25.6,80.0
20260705T234731Z,25.5,79.5
20260705T234746Z,25.4,79.5
20260705T234801Z,25.3,81.1
20260705T234816Z,25.3,83.2
20260705T234831Z,25.3,84.6
20260705T234846Z,25.2,85.7
20260705T234901Z,25.2,85.9
20260705T234916Z,25.2,86.3
20260705T234931Z,25.3,86.3
20260705T234946Z,25.3,86.6
20260705T235001Z,25.3,86.9
20260705T235016Z,25.3,87.1
20260705T235031Z,25.3,87.2
20260705T235046Z,25.3,87.5
20260705T235101Z,25.4,87.8
20260705T235116Z,25.4,88.3
20260705T235131Z,25.4,88.6
20260705T235146Z,25.5,88.7
20260705T235201Z,25.5,88.8
20260705T235216Z,25.5,89.2
20260705T235231Z,25.5,89.4
20260705T235246Z,25.6,89.7
20260705T235301Z,25.6,89.8
20260705T235316Z,25.6,90.0
20260705T235331Z,25.6,90.2
20260705T235346Z,25.7,90.4
20260705T235401Z,25.7,90.7
20260705T235416Z,25.7,90.8
20260705T235431Z,25.7,90.9
20260705T235446Z,25.7,91.1
20260705T235501Z,25.8,91.3
20260705T235516Z,25.8,91.4
20260705T235531Z,25.8,91.6
20260705T235546Z,25.8,91.7
20260705T235601Z,25.8,91.8
20260705T235616Z,25.9,91.9
20260705T235631Z,25.9,92.1
20260705T235646Z,25.9,92.3
20260705T235701Z,25.9,92.4
20260705T235716Z,25.9,92.4
20260705T235731Z,25.9,92.6
20260705T235746Z,26.0,92.8
20260705T235801Z,26.0,92.9
20260705T235816Z,26.0,93.0
20260705T235831Z,26.0,93.0
20260705T235846Z,26.0,93.1
20260705T235901Z,26.0,93.3
20260705T235916Z,26.0,93.3
20260705T235931Z,26.1,93.4
20260705T235946Z,26.1,93.5