Time,Temperature,Humidity
20260706T000001Z,26.1,93.6
20260706T000016Z,26.1,93.6
20260706T000031Z,26.1,93.7
20260706T000046Z,26.1,93.8
20260706T000101Z,26.2,93.9
20260706T000116Z,26.2,94.0
20260706T000131Z,26.2,94.0
20260706T000146Z,26.2,94.0
20260706T000201Z,26.2,94.1
20260706T000216Z,26.2,94.1
20260706T000231Z,26.2,94.1
20260706T000246Z,26.2,94.3
20260706T000301Z,26.2,94.3
20260706T000316Z,26.3,94.3
20260706T000331Z,26.3,94.4
20260706T000346Z,26.3,94.4
20260706T000401Z,26.3,94.5
20260706T000416Z,26.3,94.4
20260706T000431Z,26.3,94.5
20260706T000446Z,26.3,94.6
20260706T000501Z,26.3,94.5
20260706T000516Z,26.4,94.6
20260706T000531Z,26.4,94.6
20260706T000546Z,26.4,94.7
20260706T000601Z,26.4,94.7
20260706T000616Z,26.4,94.7
20260706T000631Z,26.4,94.7
20260706T000647Z,26.4,94.7
20260706T000701Z,26.4,94.7
20260706T000716Z,26.4,94.7
20260706T000731Z,26.5,94.7
20260706T000746Z,26.5,94.7
20260706T000801Z,26.5,94.6
20260706T000816Z,26.5,94.7
20260706T000831Z,26.5,94.7
20260706T000846Z,26.5,94.7
20260706T000901Z,26.5,94.7
20260706T000916Z,26.6,94.6
20260706T000931Z,26.6,94.5
20260706T000946Z,26.6,94.5
20260706T001001Z,26.6,94.5
20260706T001016Z,26.6,94.5
20260706T001031Z,26.6,94.4
20260706T001047Z,26.6,93.8
20260706T001101Z,26.6,93.1
20260706T001116Z,26.6,91.8
20260706T001131Z,26.6,91.1
20260706T001146Z,26.5,89.9
20260706T001201Z,26.5,89.3
20260706T001216Z,26.4,88.2
20260706T001231Z,26.3,87.0
20260706T001246Z,26.2,86.8
20260706T001301Z,26.2,86.4
20260706T001316Z,26.1,84.7
20260706T001331Z,26.0,84.1
20260706T001346Z,25.9,83.7
20260706T001401Z,25.9,82.5
20260706T001416Z,25.8,81.8
20260706T001431Z,25.7,80.9
20260706T001446Z,25.6,80.3
20260706T001501Z,25.6,79.4
20260706T001516Z,25.5,79.5
20260706T001531Z,25.4,80.9
20260706T001546Z,25.4,83.2
20260706T001601Z,25.4,84.5
20260706T001616Z,25.3,85.2
20260706T001631Z,25.3,85.7
20260706T001646Z,25.3,85.7
20260706T001701Z,25.3,86.0
20260706T001716Z,25.3,86.4
20260706T001731Z,25.4,86.7
20260706T001746Z,25.4,87.0
20260706T001801Z,25.4,87.0
20260706T001816Z,25.4,87.4
20260706T001831Z,25.4,87.6
20260706T001846Z,25.5,88.0
20260706T001901Z,25.5,88.0
20260706T001916Z,25.5,88.5
20260706T001931Z,25.5,88.7
20260706T001946Z,25.6,88.9
20260706T002001Z,25.6,88.9
20260706T002016Z,25.6,89.2
20260706T002031Z,25.6,89.7
20260706T002046Z,25.7,89.7
20260706T002101Z,25.7,89.9
20260706T002116Z,25.7,90.1
20260706T002131Z,25.7,90.3
20260706T002146Z,25.7,90.5
20260706T002201Z,25.8,90.6
20260706T002216Z,25.8,90.9
20260706T002231Z,25.8,91.1
20260706T002246Z,25.8,91.1
20260706T002301Z,25.8,91.2
20260706T002316Z,25.9,91.4
20260706T002331Z,25.9,91.7
20260706T002346Z,25.9,91.7
20260706T002401Z,25.9,91.8
20260706T002416Z,25.9,91.9
20260706T002431Z,26.0,92.1
20260706T002446Z,26.0,92.3
20260706T002501Z,26.0,92.5
20260706T002516Z,26.0,92.5
20260706T002531Z,26.0,92.6
20260706T002546Z,26.0,92.7
20260706T002601Z,26.0,92.7
20260706T002616Z,26.1,92.8
20260706T002631Z,26.1,93.0
20260706T002646Z,26.1,93.1
20260706T002701Z,26.1,93.2
20260706T002716Z,26.1,93.3
20260706T002731Z,26.1,93.4
20260706T002746Z,26.1,93.5
20260706T002801Z,26.2,93.6
20260706T002816Z,26.2,93.7
20260706T002831Z,26.2,93.7
20260706T002846Z,26.2,93.7
20260706T002901Z,26.2,93.8
20260706T002916Z,26.2,93.9
20260706T002931Z,26.2,94.0
20260706T002946Z,26.2,94.0
20260706T003001Z,26.2,94.1
20260706T003016Z,26.3,94.1
20260706T003031Z,26.3,94.2
20260706T003046Z,26.3,94.3
20260706T003101Z,26.3,94.3
20260706T003116Z,26.3,94.3
20260706T003131Z,26.3,94.3
20260706T003146Z,26.3,94.4
20260706T003201Z,26.3,94.4
20260706T003216Z,26.4,94.5
20260706T003231Z,26.4,94.5
20260706T003246Z,26.4,94.4
20260706T003301Z,26.4,94.4
20260706T003316Z,26.4,94.5
20260706T003331Z,26.4,94.6
20260706T003346Z,26.4,94.6
20260706T003401Z,26.4,94.6
20260706T003416Z,26.4,94.6
20260706T003431Z,26.5,94.6
20260706T003446Z,26.5,94.6
20260706T003501Z,26.5,94.6
20260706T003516Z,26.5,94.6
20260706T003531Z,26.5,94.6
20260706T003546Z,26.5,94.7
20260706T003601Z,26.5,94.6
20260706T003616Z,26.5,94.6
20260706T003631Z,26.5,94.6
20260706T003647Z,26.6,94.6
20260706T003701Z,26.6,94.6
20260706T003716Z,26.6,94.5
20260706T003731Z,26.6,94.5
20260706T003746Z,26.6,94.5
20260706T003801Z,26.6,94.5
20260706T003816Z,26.6,93.9
20260706T003831Z,26.6,93.5
20260706T003846Z,26.6,92.0
20260706T003901Z,26.6,91.4
20260706T003916Z,26.5,90.4
20260706T003931Z,26.5,89.9
20260706T003946Z,26.4,89.0
20260706T004001Z,26.3,88.2
20260706T004016Z,26.3,87.6
20260706T004031Z,26.2,86.6
20260706T004046Z,26.1,85.3
20260706T004101Z,26.1,85.1
20260706T004116Z,26.0,83.8
20260706T004131Z,25.9,83.1
20260706T004146Z,25.8,81.9
20260706T004201Z,25.8,81.4
20260706T004216Z,25.7,80.6
20260706T004231Z,25.6,80.2
20260706T004246Z,25.4,79.0
20260706T004301Z,25.3,80.5
20260706T004316Z,25.3,82.3
20260706T004331Z,25.3,84.0
20260706T004346Z,25.2,85.2
20260706T004401Z,25.2,85.7
20260706T004416Z,25.2,86.1
20260706T004431Z,25.2,86.7
20260706T004446Z,25.2,86.8
20260706T004501Z,25.3,87.0
20260706T004516Z,25.3,87.3
20260706T004531Z,25.3,87.4
20260706T004546Z,25.3,87.8
20260706T004601Z,25.4,87.9
20260706T004616Z,25.4,88.0
20260706T004631Z,25.4,88.1
20260706T004646Z,25.5,88.4
20260706T004701Z,25.5,88.8
20260706T004716Z,25.5,89.0
20260706T004731Z,25.6,89.1
20260706T004746Z,25.6,89.4
20260706T004801Z,25.6,89.6
20260706T004816Z,25.6,89.9
20260706T004831Z,25.7,89.8
20260706T004846Z,25.7,90.2
20260706T004901Z,25.7,90.4
20260706T004916Z,25.7,90.6
20260706T004931Z,25.7,90.7
20260706T004946Z,25.8,91.0
20260706T005001Z,25.8,91.1
20260706T005016Z,25.8,91.1
20260706T005031Z,25.8,91.3
20260706T005047Z,25.9,91.5
20260706T005102Z,25.9,91.7
20260706T005116Z,25.9,91.8
20260706T005131Z,25.9,91.9
20260706T005146Z,25.9,92.0
20260706T005201Z,25.9,92.1
20260706T005216Z,26.0,92.4
20260706T005231Z,26.0,92.4
20260706T005246Z,26.0,92.5
20260706T005301Z,26.0,92.7
20260706T005316Z,26.0,92.8
20260706T005331Z,26.0,93.0
20260706T005346Z,26.0,92.9
20260706T005401Z,26.1,93.1
20260706T005416Z,26.1,93.1
20260706T005431Z,26.1,93.2
20260706T005447Z,26.1,93.4
20260706T005501Z,26.1,93.4
20260706T005516Z,26.1,93.6
20260706T005531Z,26.2,93.6
20260706T005546Z,26.2,93.6
20260706T005601Z,26.2,93.7
20260706T005616Z,26.2,93.8
20260706T005631Z,26.2,93.9
20260706T005646Z,26.2,94.0
20260706T005701Z,26.2,94.1
20260706T005716Z,26.2,94.1
20260706T005731Z,26.2,94.1
20260706T005746Z,26.3,94.2
20260706T005801Z,26.3,94.3
20260706T005816Z,26.3,94.3
20260706T005831Z,26.3,94.3
20260706T005846Z,26.3,94.4
20260706T005901Z,26.3,94.4
20260706T005916Z,26.3,94.5
20260706T005931Z,26.3,94.5
20260706T005946Z,26.4,94.6
20260706T010001Z,26.4,94.5
20260706T010016Z,26.4,94.5
20260706T010031Z,26.4,94.5
20260706T010046Z,26.4,94.6
20260706T010101Z,26.4,94.6
20260706T010116Z,26.4,94.5
20260706T010131Z,26.5,94.6
20260706T010146Z,26.5,94.6
20260706T010201Z,26.5,94.6
20260706T010216Z,26.5,94.6
20260706T010231Z,26.5,94.5
20260706T010246Z,26.5,94.6
20260706T010301Z,26.6,94.6
20260706T010316Z,26.6,94.5
20260706T010331Z,26.6,94.5
20260706T010346Z,26.6,94.5
20260706T010401Z,26.6,94.5
20260706T010416Z,26.6,93.8
20260706T010431Z,26.6,93.7
20260706T010446Z,26.6,92.0
20260706T010501Z,26.6,91.7
20260706T010516Z,26.5,90.7
20260706T010531Z,26.5,89.6
20260706T010546Z,26.4,89.0
20260706T010601Z,26.4,88.1
20260706T010616Z,26.3,87.3
20260706T010631Z,26.2,86.1
20260706T010646Z,26.1,85.4
20260706T010701Z,26.1,84.5
20260706T010716Z,26.0,83.7
20260706T010731Z,25.9,82.4
20260706T010746Z,25.8,81.6
20260706T010801Z,25.7,81.2
20260706T010816Z,25.6,80.7
20260706T010831Z,25.5,79.7
20260706T010846Z,25.4,79.6
20260706T010901Z,25.4,79.9
20260706T010916Z,25.3,81.9
20260706T010931Z,25.3,83.9
20260706T010946Z,25.3,84.8
20260706T011001Z,25.2,85.4
20260706T011016Z,25.2,85.9
20260706T011031Z,25.3,86.0
20260706T011046Z,25.3,86.4
20260706T011101Z,25.3,86.6
20260706T011116Z,25.3,87.0
20260706T011131Z,25.3,87.2
20260706T011146Z,25.3,87.4
20260706T011201Z,25.4,87.7
20260706T011216Z,25.4,87.9
20260706T011231Z,25.4,88.2
20260706T011246Z,25.5,88.5
20260706T011301Z,25.5,88.7
20260706T011316Z,25.5,88.9
20260706T011331Z,25.6,89.2
20260706T011346Z,25.6,89.3
20260706T011401Z,25.6,89.5
20260706T011416Z,25.6,89.6
20260706T011431Z,25.7,89.9
20260706T011446Z,25.7,90.1
20260706T011501Z,25.7,90.3
20260706T011516Z,25.7,90.5
20260706T011531Z,25.7,90.6
20260706T011546Z,25.8,90.7
20260706T011601Z,25.8,91.0
20260706T011616Z,25.8,91.2
20260706T011631Z,25.8,91.3
20260706T011646Z,25.9,91.4
20260706T011701Z,25.9,91.6
20260706T011716Z,25.9,91.7
20260706T011731Z,25.9,92.0
20260706T011746Z,25.9,92.0
20260706T011801Z,25.9,92.1
20260706T011816Z,26.0,92.1
20260706T011831Z,26.0,92.4
20260706T011846Z,26.0,92.5
20260706T011901Z,26.0,92.7
20260706T011916Z,26.0,92.7
20260706T011931Z,26.0,92.8
20260706T011946Z,26.0,92.9
20260706T012001Z,26.0,93.0
20260706T012016Z,26.1,93.1
20260706T012031Z,26.1,93.2
20260706T012046Z,26.1,93.2
20260706T012101Z,26.1,93.3
20260706T012116Z,26.1,93.4
20260706T012131Z,26.2,93.5
20260706T012146Z,26.2,93.6
20260706T012201Z,26.2,93.7
20260706T012216Z,26.2,93.7
20260706T012231Z,26.2,93.8
20260706T012246Z,26.2,93.9
20260706T012301Z,26.2,94.0
20260706T012316Z,26.2,94.0
20260706T012331Z,26.2,94.1
20260706T012346Z,26.3,94.1
20260706T012401Z,26.3,94.1
20260706T012416Z,26.3,94.2
20260706T012431Z,26.3,94.3
20260706T012446Z,26.3,94.4
20260706T012501Z,26.3,94.4
20260706T012516Z,26.3,94.4
20260706T012531Z,26.3,94.4
20260706T012546Z,26.4,94.5
20260706T012601Z,26.4,94.5
20260706T012616Z,26.4,94.5
20260706T012631Z,26.4,94.6
20260706T012646Z,26.4,94.6
20260706T012701Z,26.4,94.7
20260706T012716Z,26.4,94.6
20260706T012731Z,26.4,94.7
20260706T012746Z,26.5,94.7
20260706T012801Z,26.5,94.7
20260706T012816Z,26.5,94.6
20260706T012831Z,26.5,94.6
20260706T012846Z,26.5,94.6
20260706T012901Z,26.5,94.7
20260706T012916Z,26.5,94.7
20260706T012931Z,26.5,94.6
20260706T012946Z,26.6,94.6
20260706T013001Z,26.6,94.6
20260706T013016Z,26.6,94.1
20260706T013031Z,26.6,94.3
20260706T013046Z,26.6,93.1
20260706T013101Z,26.6,91.7
20260706T013116Z,26.5,90.9
20260706T013131Z,26.5,89.9
20260706T013146Z,26.5,89.3
20260706T013201Z,26.4,88.2
20260706T013216Z,26.3,87.0
20260706T013231Z,26.3,86.3
20260706T013246Z,26.2,86.3
20260706T013301Z,26.1,85.2
20260706T013316Z,26.1,84.3
20260706T013331Z,26.0,83.5
20260706T013346Z,25.9,82.1
20260706T013401Z,25.9,81.0
20260706T013416Z,25.8,80.2
20260706T013431Z,25.6,79.0
20260706T013446Z,25.5,79.0
20260706T013501Z,25.4,80.1
20260706T013516Z,25.4,82.0
20260706T013531Z,25.3,84.1
20260706T013546Z,25.3,84.9
20260706T013601Z,25.3,85.4
20260706T013616Z,25.3,85.6
20260706T013631Z,25.3,86.1
20260706T013646Z,25.3,86.4
20260706T013701Z,25.3,86.7
20260706T013716Z,25.3,87.2
20260706T013731Z,25.3,87.4
20260706T013746Z,25.3,87.4
20260706T013801Z,25.4,87.7
20260706T013816Z,25.4,88.0
20260706T013831Z,25.5,88.2
20260706T013846Z,25.5,88.3
20260706T013901Z,25.5,88.7
20260706T013916Z,25.6,88.9
20260706T013931Z,25.6,89.1
20260706T013946Z,25.6,89.3
20260706T014001Z,25.6,89.5
20260706T014016Z,25.6,89.6
20260706T014031Z,25.7,89.9
20260706T014046Z,25.7,90.1
20260706T014101Z,25.7,90.3
20260706T014116Z,25.7,90.4
20260706T014131Z,25.7,90.7
20260706T014146Z,25.8,90.8
20260706T014201Z,25.8,90.9
20260706T014216Z,25.8,91.1
20260706T014231Z,25.8,91.2
20260706T014246Z,25.9,91.4
20260706T014301Z,25.9,91.5
20260706T014316Z,25.9,91.6
20260706T014331Z,25.9,91.7
20260706T014346Z,25.9,91.8
20260706T014401Z,26.0,92.0
20260706T014416Z,26.0,92.1
20260706T014431Z,26.0,92.2
20260706T014446Z,26.0,92.3
20260706T014501Z,26.0,92.4
20260706T014516Z,26.0,92.5
20260706T014531Z,26.1,92.6
20260706T014546Z,26.1,92.7
20260706T014601Z,26.1,92.8
20260706T014616Z,26.1,93.0
20260706T014631Z,26.1,92.9
20260706T014646Z,26.1,93.0
20260706T014701Z,26.1,93.2
20260706T014716Z,26.1,93.4
20260706T014731Z,26.2,93.4
20260706T014746Z,26.2,93.4
20260706T014801Z,26.2,93.5
20260706T014816Z,26.2,93.6
20260706T014831Z,26.2,93.6
20260706T014846Z,26.2,93.7
20260706T014901Z,26.2,93.7
20260706T014916Z,26.2,93.8
20260706T014931Z,26.2,93.9
20260706T014946Z,26.3,94.0
20260706T015001Z,26.3,94.0
20260706T015016Z,26.3,94.1
20260706T015031Z,26.3,94.1
20260706T015046Z,26.3,94.2
20260706T015101Z,26.3,94.2
20260706T015116Z,26.3,94.2
20260706T015131Z,26.3,94.3
20260706T015146Z,26.3,94.4
20260706T015201Z,26.4,94.4
20260706T015216Z,26.4,94.4
20260706T015231Z,26.4,94.5
20260706T015246Z,26.4,94.4
20260706T015301Z,26.4,94.5
20260706T015316Z,26.4,94.5
20260706T015331Z,26.4,94.5
20260706T015346Z,26.4,94.5
20260706T015401Z,26.4,94.5
20260706T015416Z,26.5,94.5
20260706T015431Z,26.5,94.5
20260706T015446Z,26.5,94.5
20260706T015501Z,26.5,94.5
20260706T015516Z,26.5,94.6
20260706T015531Z,26.5,94.5
20260706T015546Z,26.5,94.6
20260706T015601Z,26.5,94.6
20260706T015616Z,26.5,94.5
20260706T015631Z,26.6,94.4
20260706T015646Z,26.6,94.4
20260706T015701Z,26.6,94.4
20260706T015716Z,26.6,94.4
20260706T015731Z,26.6,94.3
20260706T015746Z,26.6,94.4
20260706T015801Z,26.6,94.3
20260706T015816Z,26.7,93.5
20260706T015831Z,26.7,92.6
20260706T015846Z,26.6,91.5
20260706T015901Z,26.6,91.0
20260706T015916Z,26.5,90.0
20260706T015931Z,26.5,89.2
20260706T015947Z,26.4,88.3
20260706T020002Z,26.4,87.8
20260706T020016Z,26.3,87.5
20260706T020031Z,26.2,86.3
20260706T020047Z,26.2,85.8
20260706T020102Z,26.1,85.0
20260706T020116Z,26.1,83.7
20260706T020131Z,26.0,82.9
20260706T020146Z,26.0,82.0
20260706T020201Z,25.9,81.0
20260706T020216Z,25.9,80.0
20260706T020231Z,25.8,79.3
20260706T020246Z,25.7,78.8
20260706T020301Z,25.7,80.5
20260706T020316Z,25.7,82.5
20260706T020331Z,25.6,83.9
20260706T020346Z,25.6,84.5
20260706T020401Z,25.6,84.8
20260706T020416Z,25.6,85.1
20260706T020431Z,25.5,85.5
20260706T020446Z,25.5,85.7
20260706T020501Z,25.5,86.4
20260706T020516Z,25.5,86.1
20260706T020531Z,25.5,86.7
20260706T020546Z,25.5,86.8
20260706T020601Z,25.6,87.2
20260706T020616Z,25.6,87.4
20260706T020631Z,25.6,87.5
20260706T020646Z,25.6,87.7
20260706T020701Z,25.6,88.0
20260706T020716Z,25.7,88.5
20260706T020731Z,25.7,88.5
20260706T020746Z,25.7,88.6
20260706T020801Z,25.7,88.8
20260706T020816Z,25.7,89.2
20260706T020831Z,25.8,89.4
20260706T020846Z,25.8,89.3
20260706T020901Z,25.8,89.6
20260706T020916Z,25.8,89.9
20260706T020931Z,25.8,90.0
20260706T020946Z,25.9,90.2
20260706T021001Z,25.9,90.4
20260706T021016Z,25.9,90.5
20260706T021031Z,25.9,90.8
20260706T021046Z,25.9,90.8
20260706T021101Z,25.9,91.0
20260706T021116Z,26.0,91.2
20260706T021131Z,26.0,91.2
20260706T021146Z,26.0,91.4
20260706T021201Z,26.0,91.5
20260706T021216Z,26.0,91.7
20260706T021231Z,26.1,91.9
20260706T021246Z,26.1,92.0
20260706T021301Z,26.1,92.0
20260706T021316Z,26.1,92.2
20260706T021332Z,26.1,92.2
20260706T021346Z,26.1,92.4
20260706T021401Z,26.2,92.4
20260706T021416Z,26.2,92.5
20260706T021431Z,26.2,92.6
20260706T021446Z,26.2,92.6
20260706T021501Z,26.2,92.7
20260706T021516Z,26.2,92.8
20260706T021531Z,26.2,92.8
20260706T021546Z,26.3,92.9
20260706T021601Z,26.3,93.0
20260706T021616Z,26.3,93.0
20260706T021631Z,26.3,93.1
20260706T021646Z,26.3,93.1
20260706T021701Z,26.3,93.2
20260706T021716Z,26.4,93.2
20260706T021731Z,26.4,93.3
20260706T021746Z,26.4,93.3
20260706T021801Z,26.4,93.4
20260706T021816Z,26.4,93.3
20260706T021831Z,26.4,93.4
20260706T021846Z,26.4,93.3
20260706T021901Z,26.4,93.2
20260706T021916Z,26.5,93.1
20260706T021931Z,26.5,93.1
20260706T021946Z,26.5,93.1
20260706T022001Z,26.5,93.2
20260706T022016Z,26.5,93.2
20260706T022031Z,26.5,93.2
20260706T022046Z,26.5,93.2
20260706T022101Z,26.5,93.3
20260706T022116Z,26.5,93.2
20260706T022131Z,26.6,93.3
20260706T022146Z,26.6,93.3
20260706T022201Z,26.6,93.3
20260706T022216Z,26.6,93.3
20260706T022231Z,26.6,93.3
20260706T022246Z,26.6,93.3
20260706T022301Z,26.6,92.7
20260706T022316Z,26.6,91.6
20260706T022331Z,26.6,90.2
20260706T022346Z,26.6,90.2
20260706T022401Z,26.5,89.1
20260706T022416Z,26.5,88.2
20260706T022432Z,26.4,87.3
20260706T022446Z,26.4,86.4
20260706T022502Z,26.3,85.8
20260706T022516Z,26.2,84.6
20260706T022532Z,26.1,84.5
20260706T022546Z,26.1,83.1
20260706T022602Z,26.0,82.9
20260706T022616Z,25.9,81.3
20260706T022631Z,25.8,81.2
20260706T022646Z,25.7,80.5
20260706T022701Z,25.7,79.8
20260706T022716Z,25.6,79.3
20260706T022732Z,25.6,78.5
20260706T022747Z,25.5,78.9
20260706T022801Z,25.5,80.2
20260706T022816Z,25.4,82.3
20260706T022832Z,25.4,83.6
20260706T022846Z,25.4,84.1
20260706T022902Z,25.4,84.3
20260706T022916Z,25.4,84.6
20260706T022932Z,25.4,85.1
20260706T022946Z,25.4,85.4
20260706T023002Z,25.4,85.6
20260706T023016Z,25.4,85.9
20260706T023032Z,25.4,86.2
20260706T023047Z,25.5,86.5
20260706T023101Z,25.5,87.0
20260706T023116Z,25.5,87.0
20260706T023132Z,25.5,87.5
20260706T023146Z,25.5,87.8
20260706T023202Z,25.6,87.9
20260706T023216Z,25.6,88.1
20260706T023232Z,25.6,88.5
20260706T023246Z,25.6,88.7
20260706T023302Z,25.6,88.9
20260706T023316Z,25.7,89.0
20260706T023332Z,25.7,89.1
20260706T023346Z,25.7,89.4
20260706T023401Z,25.7,89.5
20260706T023417Z,25.8,89.9
20260706T023432Z,25.8,89.9
20260706T023446Z,25.8,90.2
20260706T023502Z,25.8,90.3
20260706T023516Z,25.8,90.4
20260706T023532Z,25.8,90.7
20260706T023546Z,25.9,90.7
20260706T023602Z,25.9,90.9
20260706T023616Z,25.9,91.1
20260706T023632Z,25.9,91.1
20260706T023646Z,25.9,91.2
20260706T023702Z,25.9,91.5
20260706T023716Z,26.0,91.6
20260706T023732Z,26.0,91.6
20260706T023746Z,26.0,91.8
20260706T023802Z,26.0,91.9
20260706T023816Z,26.0,91.9
20260706T023832Z,26.1,92.2
20260706T023846Z,26.1,92.2
20260706T023902Z,26.1,92.3
20260706T023916Z,26.1,92.3
20260706T023932Z,26.1,92.5
20260706T023946Z,26.1,92.6
20260706T024002Z,26.1,92.7
20260706T024016Z,26.2,92.8
20260706T024032Z,26.2,92.8
20260706T024047Z,26.2,92.8
20260706T024102Z,26.2,92.9
20260706T024116Z,26.2,93.0
20260706T024132Z,26.2,93.0
20260706T024146Z,26.3,93.1
20260706T024202Z,26.3,93.1
20260706T024216Z,26.3,93.2
20260706T024232Z,26.3,93.3
20260706T024248Z,26.3,93.3
20260706T024302Z,26.3,93.4
20260706T024316Z,26.3,93.4
20260706T024332Z,26.3,93.4
20260706T024346Z,26.4,93.4
20260706T024402Z,26.4,93.4
20260706T024416Z,26.4,93.3
20260706T024432Z,26.4,93.2
20260706T024446Z,26.4,93.2
20260706T024502Z,26.4,93.2
20260706T024516Z,26.4,93.2
20260706T024532Z,26.5,93.2
20260706T024546Z,26.5,93.3
20260706T024602Z,26.5,92.9
20260706T024616Z,26.5,92.8
20260706T024632Z,26.6,92.7
20260706T024647Z,26.6,92.6
20260706T024701Z,26.6,92.6
20260706T024716Z,26.6,92.6
20260706T024732Z,26.6,92.6
20260706T024746Z,26.6,92.5
20260706T024802Z,26.6,91.8
20260706T024816Z,26.6,91.2
20260706T024832Z,26.6,89.6
20260706T024846Z,26.6,89.0
20260706T024902Z,26.5,88.2
20260706T024916Z,26.5,87.5
20260706T024932Z,26.4,87.1
20260706T024947Z,26.4,86.1
20260706T025002Z,26.3,85.5
20260706T025017Z,26.3,84.5
20260706T025031Z,26.2,83.8
20260706T025047Z,26.1,82.4
20260706T025101Z,26.0,82.3
20260706T025117Z,26.0,81.6
20260706T025131Z,25.9,80.4
20260706T025147Z,25.8,80.1
20260706T025201Z,25.7,79.2
20260706T025217Z,25.6,78.8
20260706T025231Z,25.6,78.1
20260706T025246Z,25.5,77.2
20260706T025302Z,25.3,76.3
20260706T025317Z,25.2,76.3
20260706T025331Z,25.2,77.5
20260706T025347Z,25.1,79.2
20260706T025401Z,25.1,80.6
20260706T025417Z,25.1,82.0
20260706T025431Z,25.1,82.3
20260706T025447Z,25.2,82.7
20260706T025501Z,25.2,82.9
20260706T025517Z,25.2,83.1
20260706T025531Z,25.2,83.5
20260706T025548Z,25.3,83.6
20260706T025602Z,25.3,84.2
20260706T025617Z,25.3,84.6
20260706T025631Z,25.4,85.0
20260706T025646Z,25.4,85.2
20260706T025702Z,25.4,85.3
20260706T025716Z,25.4,85.5
20260706T025732Z,25.5,85.6
20260706T025746Z,25.5,86.0
20260706T025802Z,25.5,86.3
20260706T025816Z,25.5,86.3
20260706T025832Z,25.6,86.8
20260706T025846Z,25.6,87.0
20260706T025902Z,25.6,87.4
20260706T025916Z,25.6,87.6
20260706T025931Z,25.7,87.7
20260706T025946Z,25.7,88.0
20260706T030002Z,25.7,88.3
20260706T030016Z,25.7,88.4
20260706T030032Z,25.8,88.6
20260706T030046Z,25.8,89.0
20260706T030102Z,25.8,89.1
20260706T030116Z,25.8,89.3
20260706T030132Z,25.9,89.4
20260706T030146Z,25.9,89.7
20260706T030202Z,25.9,89.8
20260706T030216Z,25.9,89.9
20260706T030231Z,25.9,90.1
20260706T030246Z,26.0,90.2
20260706T030301Z,26.0,90.3
20260706T030317Z,26.0,90.5
20260706T030331Z,26.0,90.7
20260706T030347Z,26.1,90.8
20260706T030401Z,26.1,90.8
20260706T030417Z,26.1,90.9
20260706T030431Z,26.1,91.0
20260706T030447Z,26.1,91.1
20260706T030501Z,26.1,91.2
20260706T030517Z,26.2,91.2
20260706T030531Z,26.2,91.2
20260706T030547Z,26.2,91.3
20260706T030601Z,26.2,91.3
20260706T030616Z,26.2,91.2
20260706T030632Z,26.2,91.4
20260706T030646Z,26.3,91.5
20260706T030702Z,26.3,91.5
20260706T030716Z,26.3,91.5
20260706T030732Z,26.3,91.6
20260706T030746Z,26.3,91.6
20260706T030802Z,26.3,91.6
20260706T030816Z,26.4,91.7
20260706T030832Z,26.4,91.7
20260706T030846Z,26.4,91.8
20260706T030901Z,26.4,91.7
20260706T030916Z,26.4,91.8
20260706T030932Z,26.4,91.8
20260706T030946Z,26.5,91.9
20260706T031002Z,26.5,91.8
20260706T031016Z,26.5,91.8
20260706T031032Z,26.5,91.8
20260706T031046Z,26.5,91.8
20260706T031102Z,26.5,91.8
20260706T031116Z,26.5,91.8
20260706T031132Z,26.6,91.8
20260706T031146Z,26.6,91.8
20260706T031202Z,26.6,91.8
20260706T031217Z,26.6,91.7
20260706T031231Z,26.6,91.7
20260706T031246Z,26.6,91.1
20260706T031302Z,26.6,89.8
20260706T031316Z,26.6,88.3
20260706T031332Z,26.6,88.3
20260706T031346Z,26.5,86.9
20260706T031402Z,26.5,86.5
20260706T031416Z,26.4,85.4
20260706T031432Z,26.4,84.7
20260706T031446Z,26.3,84.0
20260706T031502Z,26.2,83.0
20260706T031517Z,26.2,81.9
20260706T031531Z,26.1,81.2
20260706T031547Z,26.0,80.3
20260706T031602Z,25.9,79.6
20260706T031617Z,25.8,78.9
20260706T031631Z,25.7,78.2
20260706T031647Z,25.6,77.5
20260706T031701Z,25.4,75.9
20260706T031717Z,25.3,76.2
20260706T031731Z,25.2,76.4
20260706T031747Z,25.2,76.3
20260706T031802Z,25.1,78.1
20260706T031816Z,25.1,79.7
20260706T031832Z,25.1,80.9
20260706T031847Z,25.1,81.4
20260706T031902Z,25.1,81.7
20260706T031916Z,25.1,82.2
20260706T031932Z,25.2,82.5
20260706T031946Z,25.2,82.9
20260706T032002Z,25.2,83.2
20260706T032016Z,25.2,83.6
20260706T032032Z,25.3,83.7
20260706T032046Z,25.3,84.0
20260706T032102Z,25.3,84.3
20260706T032117Z,25.3,84.8
20260706T032131Z,25.4,85.0
20260706T032147Z,25.4,85.2
20260706T032202Z,25.4,85.4
20260706T032217Z,25.5,85.8
20260706T032232Z,25.5,86.0
20260706T032247Z,25.5,86.3
20260706T032301Z,25.5,86.4
20260706T032317Z,25.6,86.6
20260706T032331Z,25.6,86.8
20260706T032347Z,25.6,87.0
20260706T032401Z,25.6,87.3
20260706T032417Z,25.7,87.6
20260706T032432Z,25.7,87.7
20260706T032447Z,25.7,87.7
20260706T032502Z,25.7,87.9
20260706T032517Z,25.7,88.2
20260706T032532Z,25.8,88.4
20260706T032547Z,25.8,88.5
20260706T032602Z,25.8,88.6
20260706T032617Z,25.8,88.8
20260706T032632Z,25.8,88.9
20260706T032647Z,25.8,89.1
20260706T032702Z,25.9,89.3
20260706T032717Z,25.9,89.4
20260706T032732Z,25.9,89.4
20260706T032747Z,25.9,89.6
20260706T032802Z,25.9,89.7
20260706T032817Z,25.9,89.8
20260706T032832Z,26.0,90.0
20260706T032847Z,26.0,90.0
20260706T032902Z,26.0,90.1
20260706T032917Z,26.0,90.2
20260706T032932Z,26.0,90.2
20260706T032947Z,26.0,90.3
20260706T033002Z,26.1,90.2
20260706T033017Z,26.1,90.2
20260706T033032Z,26.1,90.3
20260706T033047Z,26.1,90.3
20260706T033102Z,26.1,90.4
20260706T033117Z,26.2,90.4
20260706T033132Z,26.2,90.5
20260706T033147Z,26.2,90.5
20260706T033202Z,26.2,90.5
20260706T033217Z,26.2,90.5
20260706T033232Z,26.3,90.6
20260706T033247Z,26.3,90.6
20260706T033302Z,26.3,90.6
20260706T033317Z,26.3,90.6
20260706T033332Z,26.3,90.6
20260706T033347Z,26.4,90.6
20260706T033402Z,26.4,90.6
20260706T033417Z,26.4,90.6
20260706T033432Z,26.4,90.5
20260706T033447Z,26.5,90.5
20260706T033502Z,26.5,90.4
20260706T033517Z,26.5,90.4
20260706T033532Z,26.5,90.4
20260706T033547Z,26.5,90.3
20260706T033602Z,26.6,90.4
20260706T033617Z,26.6,90.3
20260706T033632Z,26.6,90.3
20260706T033647Z,26.6,90.3
20260706T033702Z,26.6,90.3
20260706T033717Z,26.6,90.2
20260706T033732Z,26.6,89.5
20260706T033747Z,26.6,88.6
20260706T033802Z,26.6,87.2
20260706T033817Z,26.6,86.9
20260706T033832Z,26.6,86.1
20260706T033847Z,26.5,85.1
20260706T033902Z,26.5,84.2
20260706T033917Z,26.4,83.3
20260706T033932Z,26.3,82.5
20260706T033947Z,26.2,81.5
20260706T034002Z,26.1,81.1
20260706T034017Z,26.0,80.1
20260706T034032Z,25.9,80.1
20260706T034047Z,25.9,78.4
20260706T034102Z,25.8,78.3
20260706T034117Z,25.7,77.3
20260706T034132Z,25.6,76.8
20260706T034147Z,25.5,76.2
20260706T034202Z,25.4,75.6
20260706T034217Z,25.4,75.0
20260706T034232Z,25.3,74.8
20260706T034247Z,25.2,75.5
20260706T034302Z,25.2,77.6
20260706T034317Z,25.2,79.0
20260706T034332Z,25.2,80.0
20260706T034347Z,25.2,80.5
20260706T034402Z,25.3,81.0
20260706T034417Z,25.3,81.1
20260706T034432Z,25.2,81.6
20260706T034447Z,25.3,81.9
20260706T034502Z,25.3,82.3
20260706T034517Z,25.3,82.7
20260706T034532Z,25.3,83.1
20260706T034547Z,25.3,83.6
20260706T034602Z,25.4,83.9
20260706T034617Z,25.4,84.3
20260706T034632Z,25.4,84.5
20260706T034647Z,25.4,84.7
20260706T034702Z,25.4,85.0
20260706T034717Z,25.5,85.2
20260706T034732Z,25.5,85.5
20260706T034747Z,25.5,85.6
20260706T034802Z,25.6,86.1
20260706T034817Z,25.6,86.2
20260706T034832Z,25.6,86.3
20260706T034847Z,25.6,86.4
20260706T034902Z,25.7,86.6
20260706T034917Z,25.7,86.8
20260706T034932Z,25.7,87.1
20260706T034947Z,25.7,87.1
20260706T035002Z,25.8,87.2
20260706T035017Z,25.8,87.4
20260706T035032Z,25.8,87.5
20260706T035047Z,25.8,87.7
20260706T035102Z,25.8,87.8
20260706T035117Z,25.9,88.1
20260706T035132Z,25.9,88.0
20260706T035147Z,25.9,88.4
20260706T035202Z,25.9,88.4
20260706T035217Z,25.9,88.5
20260706T035232Z,26.0,88.7
20260706T035247Z,26.0,88.9
20260706T035302Z,26.0,89.0
20260706T035317Z,26.0,89.1
20260706T035332Z,26.0,89.2
20260706T035347Z,26.0,89.3
20260706T035402Z,26.1,89.5
20260706T035417Z,26.1,89.4
20260706T035432Z,26.1,89.6
20260706T035447Z,26.1,89.6
20260706T035502Z,26.1,89.7
20260706T035517Z,26.2,89.8
20260706T035532Z,26.2,89.9
20260706T035547Z,26.2,90.0
20260706T035602Z,26.2,90.0
20260706T035617Z,26.2,90.1
20260706T035632Z,26.3,90.1
20260706T035647Z,26.3,90.2
20260706T035702Z,26.3,90.2
20260706T035717Z,26.3,90.2
20260706T035732Z,26.3,90.2
20260706T035747Z,26.3,90.2
20260706T035802Z,26.4,90.1
20260706T035817Z,26.4,90.1
20260706T035832Z,26.4,90.2
20260706T035847Z,26.4,90.1
20260706T035902Z,26.4,90.1
20260706T035917Z,26.5,90.0
20260706T035932Z,26.5,90.0
20260706T035947Z,26.5,89.9
20260706T040002Z,26.5,90.0
20260706T040017Z,26.6,89.8
20260706T040032Z,26.6,89.9
20260706T040047Z,26.6,89.9
20260706T040102Z,26.6,89.8
20260706T040117Z,26.6,89.7
20260706T040132Z,26.7,89.7
20260706T040147Z,26.7,89.7
20260706T040202Z,26.7,88.9
20260706T040217Z,26.7,88.7
20260706T040232Z,26.7,87.1
20260706T040247Z,26.6,86.6
20260706T040302Z,26.6,85.8
20260706T040317Z,26.5,84.8
20260706T040332Z,26.5,84.4
20260706T040347Z,26.4,82.5
20260706T040402Z,26.3,82.3
20260706T040417Z,26.3,81.9
20260706T040432Z,26.2,80.8
20260706T040447Z,26.1,80.1
20260706T040502Z,26.0,78.6
20260706T040517Z,25.9,78.5
20260706T040532Z,25.8,77.4
20260706T040547Z,25.6,77.5
20260706T040602Z,25.5,76.5
20260706T040617Z,25.5,76.0
20260706T040632Z,25.4,75.9
20260706T040647Z,25.3,74.9
20260706T040702Z,25.3,74.8
20260706T040717Z,25.3,76.1
20260706T040732Z,25.2,77.8
20260706T040747Z,25.2,79.3
20260706T040802Z,25.2,80.0
20260706T040817Z,25.2,80.7
20260706T040832Z,25.2,81.0
20260706T040848Z,25.2,81.0
20260706T040902Z,25.2,81.6
20260706T040917Z,25.2,82.0
20260706T040932Z,25.3,82.3
20260706T040947Z,25.3,82.7
20260706T041002Z,25.3,82.9
20260706T041017Z,25.3,83.3
20260706T041032Z,25.4,83.8
20260706T041047Z,25.4,84.1
20260706T041102Z,25.4,84.3
20260706T041117Z,25.4,84.5
20260706T041132Z,25.5,84.8
20260706T041147Z,25.5,85.2
20260706T041202Z,25.5,85.3
20260706T041217Z,25.5,85.8
20260706T041232Z,25.6,85.9
20260706T041247Z,25.6,86.1
20260706T041302Z,25.6,86.4
20260706T041317Z,25.7,86.5
20260706T041332Z,25.7,86.8
20260706T041347Z,25.7,86.9
20260706T041402Z,25.7,87.0
20260706T041417Z,25.8,87.3
20260706T041432Z,25.8,87.5
20260706T041447Z,25.8,87.7
20260706T041502Z,25.8,87.9
20260706T041517Z,25.8,88.1
20260706T041532Z,25.9,88.1
20260706T041547Z,25.9,88.3
20260706T041602Z,25.9,88.6
20260706T041617Z,25.9,88.6
20260706T041632Z,26.0,88.7
20260706T041647Z,26.0,88.9
20260706T041702Z,26.0,89.1
20260706T041717Z,26.0,89.1
20260706T041732Z,26.0,89.1
20260706T041747Z,26.0,89.3
20260706T041802Z,26.1,89.5
20260706T041817Z,26.1,89.6
20260706T041832Z,26.1,89.6
20260706T041847Z,26.1,89.6
20260706T041902Z,26.1,89.8
20260706T041917Z,26.2,89.8
20260706T041932Z,26.2,89.9
20260706T041948Z,26.2,90.0
20260706T042002Z,26.2,90.0
20260706T042017Z,26.2,90.0
20260706T042032Z,26.3,90.1
20260706T042047Z,26.3,90.1
20260706T042102Z,26.3,90.1
20260706T042117Z,26.3,90.2
20260706T042132Z,26.3,90.2
20260706T042147Z,26.4,90.3
20260706T042202Z,26.4,90.3
20260706T042217Z,26.4,90.2
20260706T042232Z,26.4,90.0
20260706T042248Z,26.5,90.0
20260706T042302Z,26.5,89.9
20260706T042317Z,26.5,89.9
20260706T042332Z,26.5,89.9
20260706T042347Z,26.5,89.7
20260706T042402Z,26.6,89.7
20260706T042417Z,26.6,89.7
20260706T042432Z,26.6,89.6
20260706T042447Z,26.6,89.6
20260706T042502Z,26.6,89.5
20260706T042517Z,26.6,89.5
20260706T042532Z,26.7,89.5
20260706T042547Z,26.7,89.4
20260706T042602Z,26.7,89.3
20260706T042617Z,26.7,88.6
20260706T042632Z,26.7,88.5
20260706T042647Z,26.7,86.3
20260706T042702Z,26.6,85.9
20260706T042717Z,26.6,85.0
20260706T042732Z,26.5,84.7
20260706T042747Z,26.5,83.7
20260706T042802Z,26.4,82.8
20260706T042817Z,26.4,82.0
20260706T042832Z,26.3,81.9
20260706T042847Z,26.2,81.1
20260706T042902Z,26.2,79.8
20260706T042917Z,26.1,78.7
20260706T042932Z,26.0,78.0
20260706T042947Z,25.9,77.3
20260706T043002Z,25.8,77.5
20260706T043017Z,25.7,76.5
20260706T043032Z,25.7,76.2
20260706T043047Z,25.6,74.8
20260706T043102Z,25.5,74.7
20260706T043117Z,25.4,73.5
20260706T043132Z,25.3,74.9
20260706T043147Z,25.3,76.6
20260706T043202Z,25.2,78.5
20260706T043217Z,25.2,79.7
20260706T043232Z,25.2,79.7
20260706T043247Z,25.2,80.4
20260706T043302Z,25.2,80.7
20260706T043317Z,25.2,81.2
20260706T043332Z,25.3,81.7
20260706T043347Z,25.3,82.0
20260706T043402Z,25.3,82.3
20260706T043417Z,25.3,82.6
20260706T043432Z,25.4,83.0
20260706T043447Z,25.4,83.4
20260706T043502Z,25.4,83.6
20260706T043517Z,25.5,83.7
20260706T043532Z,25.5,84.1
20260706T043547Z,25.5,84.4
20260706T043602Z,25.5,84.7
20260706T043617Z,25.6,84.8
20260706T043632Z,25.6,85.2
20260706T043647Z,25.6,85.5
20260706T043702Z,25.6,85.7
20260706T043717Z,25.7,85.9
20260706T043732Z,25.7,86.1
20260706T043747Z,25.7,86.3
20260706T043802Z,25.7,86.4
20260706T043817Z,25.7,86.7
20260706T043832Z,25.8,86.9
20260706T043847Z,25.8,87.0
20260706T043902Z,25.8,87.1
20260706T043917Z,25.8,87.4
20260706T043932Z,25.9,87.6
20260706T043947Z,25.9,87.6
20260706T044002Z,25.9,87.8
20260706T044017Z,25.9,88.0
20260706T044032Z,25.9,88.1
20260706T044047Z,25.9,88.3
20260706T044102Z,26.0,88.4
20260706T044117Z,26.0,88.5
20260706T044132Z,26.0,88.5
20260706T044147Z,26.0,88.6
20260706T044202Z,26.1,88.9
20260706T044217Z,26.1,89.0
20260706T044232Z,26.1,88.9
20260706T044247Z,26.1,89.0
20260706T044302Z,26.1,89.1
20260706T044317Z,26.1,89.1
20260706T044332Z,26.2,89.2
20260706T044347Z,26.2,89.2
20260706T044402Z,26.2,89.3
20260706T044417Z,26.2,89.2
20260706T044432Z,26.3,89.3
20260706T044447Z,26.3,89.2
20260706T044502Z,26.3,89.3
20260706T044517Z,26.3,89.3
20260706T044532Z,26.3,89.3
20260706T044547Z,26.4,89.3
20260706T044602Z,26.4,89.3
20260706T044617Z,26.4,89.3
20260706T044632Z,26.4,89.2
20260706T044647Z,26.4,89.1
20260706T044702Z,26.5,89.1
20260706T044717Z,26.5,89.0
20260706T044732Z,26.5,89.0
20260706T044747Z,26.5,89.0
20260706T044802Z,26.5,89.0
20260706T044817Z,26.6,88.9
20260706T044832Z,26.6,88.9
20260706T044847Z,26.6,88.8
20260706T044902Z,26.6,88.8
20260706T044917Z,26.7,88.6
20260706T044932Z,26.7,88.7
20260706T044947Z,26.7,88.6
20260706T045002Z,26.7,88.6
20260706T045017Z,26.7,87.8
20260706T045032Z,26.7,87.0
20260706T045047Z,26.7,85.5
20260706T045102Z,26.7,85.7
20260706T045117Z,26.6,84.6
20260706T045132Z,26.6,83.8
20260706T045147Z,26.5,83.3
20260706T045202Z,26.5,82.1
20260706T045217Z,26.4,81.4
20260706T045232Z,26.3,80.0
20260706T045247Z,26.2,80.0
20260706T045302Z,26.2,79.0
20260706T045317Z,26.1,78.6
20260706T045332Z,26.0,76.7
20260706T045347Z,25.9,76.7
20260706T045402Z,25.8,76.2
20260706T045417Z,25.7,76.0
20260706T045432Z,25.6,75.0
20260706T045447Z,25.5,74.5
20260706T045502Z,25.4,73.7
20260706T045517Z,25.4,73.6
20260706T045532Z,25.3,75.2
20260706T045547Z,25.3,76.4
20260706T045602Z,25.2,78.6
20260706T045617Z,25.2,78.9
20260706T045632Z,25.2,79.6
20260706T045647Z,25.2,79.9
20260706T045702Z,25.2,80.1
20260706T045717Z,25.3,80.7
20260706T045732Z,25.3,81.1
20260706T045747Z,25.3,81.6
20260706T045802Z,25.3,82.0
20260706T045817Z,25.3,82.2
20260706T045832Z,25.3,82.7
20260706T045847Z,25.4,83.0
20260706T045902Z,25.4,83.3
20260706T045917Z,25.4,83.5
20260706T045932Z,25.5,83.9
20260706T045947Z,25.5,84.2
20260706T050002Z,25.5,84.4
20260706T050017Z,25.5,84.6
20260706T050032Z,25.6,85.0
20260706T050047Z,25.6,85.0
20260706T050102Z,25.6,85.4
20260706T050117Z,25.6,85.5
20260706T050132Z,25.6,85.8
20260706T050147Z,25.7,86.0
20260706T050202Z,25.7,86.2
20260706T050217Z,25.7,86.3
20260706T050232Z,25.8,86.4
20260706T050247Z,25.8,86.7
20260706T050302Z,25.8,86.9
20260706T050317Z,25.8,87.0
20260706T050332Z,25.9,87.1
20260706T050347Z,25.9,87.2
20260706T050402Z,25.9,87.3
20260706T050417Z,25.9,87.4
20260706T050432Z,25.9,87.5
20260706T050447Z,26.0,87.5
20260706T050502Z,26.0,87.7
20260706T050517Z,26.0,87.7
20260706T050532Z,26.0,87.9
20260706T050547Z,26.0,88.0
20260706T050602Z,26.0,88.1
20260706T050617Z,26.1,88.2
20260706T050632Z,26.1,88.2
20260706T050647Z,26.1,88.3
20260706T050702Z,26.1,88.3
20260706T050717Z,26.1,88.3
20260706T050732Z,26.2,88.2
20260706T050747Z,26.2,88.3
20260706T050802Z,26.2,88.2
20260706T050817Z,26.2,88.2
20260706T050832Z,26.2,88.2
20260706T050847Z,26.3,88.2
20260706T050902Z,26.3,88.2
20260706T050917Z,26.3,88.2
20260706T050932Z,26.3,88.2
20260706T050947Z,26.4,88.2
20260706T051002Z,26.4,88.2
20260706T051017Z,26.4,88.1
20260706T051032Z,26.5,88.0
20260706T051047Z,26.5,88.0
20260706T051102Z,26.5,88.0
20260706T051117Z,26.5,87.9
20260706T051132Z,26.6,87.8
20260706T051147Z,26.6,87.7
20260706T051202Z,26.6,87.7
20260706T051217Z,26.6,87.6
20260706T051232Z,26.7,87.6
20260706T051247Z,26.7,87.5
20260706T051302Z,26.8,87.4
20260706T051317Z,26.8,87.4
20260706T051332Z,26.8,87.0
20260706T051347Z,26.8,86.7
20260706T051402Z,26.8,84.9
20260706T051417Z,26.8,84.3
20260706T051432Z,26.8,83.8
20260706T051447Z,26.7,83.1
20260706T051502Z,26.7,81.7
20260706T051517Z,26.6,81.5
20260706T051532Z,26.5,80.2
20260706T051547Z,26.5,78.9
20260706T051602Z,26.4,77.5
20260706T051617Z,26.2,77.1
20260706T051632Z,26.1,76.1
20260706T051648Z,26.0,76.0
20260706T051702Z,25.8,75.3
20260706T051717Z,25.7,75.2
20260706T051732Z,25.6,74.6
20260706T051747Z,25.5,74.3
20260706T051802Z,25.4,73.7
20260706T051817Z,25.3,73.6
20260706T051832Z,25.3,72.8
20260706T051847Z,25.3,72.4
20260706T051902Z,25.3,73.2
20260706T051917Z,25.3,74.8
20260706T051932Z,25.3,76.1
20260706T051947Z,25.3,77.5
20260706T052002Z,25.3,78.1
20260706T052017Z,25.3,78.5
20260706T052032Z,25.3,78.9
20260706T052047Z,25.3,79.2
20260706T052102Z,25.4,79.3
20260706T052117Z,25.4,80.0
20260706T052132Z,25.4,80.4
20260706T052147Z,25.4,80.6
20260706T052202Z,25.5,81.0
20260706T052217Z,25.5,81.5
20260706T052232Z,25.6,81.6
20260706T052247Z,25.6,82.0
20260706T052302Z,25.6,82.2
20260706T052317Z,25.6,82.5
20260706T052332Z,25.7,82.7
20260706T052347Z,25.7,83.1
20260706T052402Z,25.7,83.3
20260706T052417Z,25.8,83.7
20260706T052432Z,25.8,83.8
20260706T052447Z,25.8,84.0
20260706T052502Z,25.9,84.2
20260706T052517Z,25.9,84.3
20260706T052532Z,25.9,84.5
20260706T052547Z,25.9,84.8
20260706T052602Z,26.0,85.0
20260706T052617Z,26.0,85.3
20260706T052632Z,26.0,85.4
20260706T052648Z,26.0,85.5
20260706T052703Z,26.1,85.6
20260706T052717Z,26.1,85.9
20260706T052732Z,26.1,86.0
20260706T052748Z,26.1,86.1
20260706T052803Z,26.2,86.3
20260706T052817Z,26.2,86.5
20260706T052832Z,26.2,86.5
20260706T052848Z,26.2,86.6
20260706T052903Z,26.3,86.7
20260706T052917Z,26.3,86.8
20260706T052932Z,26.3,86.8
20260706T052948Z,26.3,86.9
20260706T053003Z,26.4,87.1
20260706T053017Z,26.4,87.0
20260706T053032Z,26.4,87.2
20260706T053047Z,26.5,87.1
20260706T053102Z,26.5,87.3
20260706T053117Z,26.5,87.3
20260706T053132Z,26.5,87.1
20260706T053147Z,26.5,87.2
20260706T053202Z,26.5,87.2
20260706T053217Z,26.6,87.3
20260706T053232Z,26.6,87.2
20260706T053247Z,26.6,87.2
20260706T053302Z,26.7,87.1
20260706T053317Z,26.7,87.1
20260706T053332Z,26.7,87.1
20260706T053347Z,26.8,87.0
20260706T053402Z,26.8,86.9
20260706T053417Z,26.8,86.9
20260706T053432Z,26.8,86.7
20260706T053447Z,26.8,86.3
20260706T053502Z,26.8,84.1
20260706T053517Z,26.8,83.7
20260706T053532Z,26.8,83.5
20260706T053547Z,26.7,82.3
20260706T053602Z,26.7,81.6
20260706T053617Z,26.6,80.8
20260706T053632Z,26.6,79.7
20260706T053647Z,26.5,78.5
20260706T053702Z,26.3,78.0
20260706T053717Z,26.2,77.1
20260706T053732Z,26.1,76.6
20260706T053747Z,26.0,76.1
20260706T053802Z,25.9,75.5
20260706T053817Z,25.8,75.2
20260706T053832Z,25.7,74.6
20260706T053847Z,25.7,74.4
20260706T053902Z,25.6,73.8
20260706T053917Z,25.6,72.8
20260706T053932Z,25.5,72.0
20260706T053948Z,25.5,71.4
20260706T054003Z,25.4,72.2
20260706T054017Z,25.3,73.7
20260706T054032Z,25.3,75.6
20260706T054047Z,25.4,76.4
20260706T054102Z,25.4,77.1
20260706T054117Z,25.4,77.5
20260706T054132Z,25.4,77.9
20260706T054147Z,25.4,78.3
20260706T054202Z,25.4,78.6
20260706T054217Z,25.5,79.1
20260706T054232Z,25.5,79.3
20260706T054248Z,25.5,79.9
20260706T054303Z,25.5,80.2
20260706T054317Z,25.6,80.7
20260706T054332Z,25.6,80.8
20260706T054347Z,25.6,81.3
20260706T054402Z,25.7,81.3
20260706T054417Z,25.7,81.6
20260706T054432Z,25.7,82.0
20260706T054447Z,25.7,82.3
20260706T054502Z,25.8,82.3
20260706T054517Z,25.8,82.8
20260706T054532Z,25.8,83.0
20260706T054547Z,25.9,83.3
20260706T054602Z,25.9,83.5
20260706T054617Z,25.9,83.7
20260706T054632Z,25.9,83.9
20260706T054647Z,26.0,84.3
20260706T054702Z,26.0,84.5
20260706T054717Z,26.0,84.7
20260706T054732Z,26.0,85.0
20260706T054747Z,26.0,85.0
20260706T054802Z,26.1,85.2
20260706T054817Z,26.1,85.5
20260706T054832Z,26.1,85.5
20260706T054847Z,26.1,85.6
20260706T054902Z,26.1,85.8
20260706T054917Z,26.1,86.0
20260706T054932Z,26.2,86.2
20260706T054947Z,26.2,86.3
20260706T055002Z,26.2,86.4
20260706T055017Z,26.2,86.5
20260706T055032Z,26.2,86.8
20260706T055047Z,26.2,86.8
20260706T055102Z,26.2,86.7
20260706T055117Z,26.3,86.9
20260706T055132Z,26.3,87.0
20260706T055147Z,26.3,87.1
20260706T055202Z,26.3,87.0
20260706T055217Z,26.3,87.1
20260706T055232Z,26.4,87.1
20260706T055247Z,26.4,87.2
20260706T055302Z,26.4,87.1
20260706T055317Z,26.4,87.2
20260706T055332Z,26.5,87.2
20260706T055347Z,26.5,87.2
20260706T055402Z,26.5,87.2
20260706T055417Z,26.5,87.1
20260706T055432Z,26.5,87.2
20260706T055447Z,26.6,87.1
20260706T055502Z,26.6,87.1
20260706T055517Z,26.6,87.1
20260706T055532Z,26.6,87.0
20260706T055547Z,26.7,87.0
20260706T055602Z,26.7,86.9
20260706T055617Z,26.7,86.8
20260706T055632Z,26.7,86.8
20260706T055647Z,26.7,86.5
20260706T055702Z,26.8,86.4
20260706T055717Z,26.8,86.1
20260706T055732Z,26.8,83.9
20260706T055747Z,26.7,83.0
20260706T055802Z,26.7,82.6
20260706T055817Z,26.6,81.0
20260706T055832Z,26.6,80.4
20260706T055847Z,26.5,79.8
20260706T055902Z,26.4,79.2
20260706T055917Z,26.3,78.4
20260706T055932Z,26.2,78.0
20260706T055948Z,26.1,76.0
20260706T060003Z,26.0,75.5
20260706T060017Z,25.8,75.0
20260706T060032Z,25.7,73.8
20260706T060047Z,25.6,74.7
20260706T060102Z,25.5,73.7
20260706T060117Z,25.3,72.6
20260706T060132Z,25.2,72.4
20260706T060147Z,25.1,72.2
20260706T060202Z,25.0,72.0
20260706T060217Z,24.9,71.3
20260706T060232Z,24.9,72.1
20260706T060247Z,24.8,74.4
20260706T060302Z,24.8,76.0
20260706T060317Z,24.9,76.8
20260706T060332Z,24.9,77.7
20260706T060347Z,25.0,77.6
20260706T060402Z,25.0,78.3
20260706T060417Z,25.0,78.6
20260706T060432Z,25.1,79.0
20260706T060447Z,25.1,79.6
20260706T060502Z,25.2,79.9
20260706T060517Z,25.2,80.2
20260706T060532Z,25.2,80.7
20260706T060547Z,25.3,81.0
20260706T060602Z,25.3,81.3
20260706T060617Z,25.3,81.6
20260706T060632Z,25.4,82.0
20260706T060647Z,25.4,82.2
20260706T060702Z,25.5,82.5
20260706T060717Z,25.5,82.8
20260706T060732Z,25.5,83.2
20260706T060747Z,25.6,83.4
20260706T060802Z,25.6,83.6
20260706T060817Z,25.6,83.8
20260706T060832Z,25.7,84.0
20260706T060847Z,25.7,84.3
20260706T060902Z,25.7,84.3
20260706T060917Z,25.8,84.7
20260706T060932Z,25.8,84.8
20260706T060947Z,25.8,85.2
20260706T061002Z,25.8,85.2
20260706T061017Z,25.9,85.6
20260706T061032Z,25.9,85.7
20260706T061047Z,25.9,85.7
20260706T061102Z,26.0,86.0
20260706T061117Z,26.0,86.0
20260706T061132Z,26.0,86.2
20260706T061148Z,26.0,86.3
20260706T061202Z,26.1,86.4
20260706T061217Z,26.1,86.6
20260706T061232Z,26.1,86.5
20260706T061247Z,26.1,86.7
20260706T061302Z,26.2,86.8
20260706T061317Z,26.2,86.8
20260706T061332Z,26.2,86.8
20260706T061347Z,26.3,86.9
20260706T061402Z,26.3,86.6
20260706T061417Z,26.3,85.9
20260706T061432Z,26.3,74.7
20260706T061447Z,26.3,70.0
20260706T061502Z,26.2,69.9
20260706T061517Z,26.2,69.0
20260706T061532Z,26.2,68.2
20260706T061547Z,26.2,76.6
20260706T061602Z,26.1,70.5
20260706T061617Z,26.1,70.6
20260706T061632Z,26.1,68.5
20260706T061647Z,26.1,68.2
20260706T061703Z,26.1,67.8
20260706T061718Z,26.1,73.3
20260706T061732Z,26.1,67.9
20260706T061748Z,26.0,68.4
20260706T061802Z,26.1,74.0
20260706T061818Z,26.1,74.6
20260706T061832Z,26.1,74.2
20260706T061847Z,26.1,72.6
20260706T061902Z,26.1,67.4
20260706T061917Z,26.1,69.9
20260706T061932Z,26.1,68.5
20260706T061947Z,26.1,67.3
20260706T062002Z,26.1,66.5
20260706T062018Z,26.1,69.2
20260706T062032Z,26.1,68.6
20260706T062047Z,26.1,69.7
20260706T062102Z,26.1,68.2
20260706T062117Z,26.1,66.3
20260706T062132Z,26.1,68.4
20260706T062147Z,26.1,65.8
20260706T062202Z,26.1,69.9
20260706T062217Z,26.1,65.8
20260706T062232Z,26.1,66.7
20260706T062247Z,26.1,68.9
20260706T062302Z,26.1,70.1
20260706T062317Z,26.1,65.7
20260706T062333Z,26.1,67.9
20260706T062347Z,26.1,65.4
20260706T062403Z,26.1,68.8
20260706T062417Z,26.1,65.6
20260706T062433Z,26.1,64.6
20260706T062447Z,26.1,68.9
20260706T062503Z,26.1,64.6
20260706T062517Z,26.1,68.1
20260706T062533Z,26.1,65.7
20260706T062547Z,26.1,68.5
20260706T062602Z,26.1,64.6
20260706T062618Z,26.1,64.0
20260706T062632Z,26.1,66.1
20260706T062647Z,26.1,65.5
20260706T062703Z,26.1,68.2
20260706T062717Z,26.2,67.9
20260706T062733Z,26.2,64.2
20260706T062747Z,26.2,65.9
20260706T062803Z,26.1,64.5
20260706T062817Z,26.1,64.5
20260706T062833Z,26.1,63.5
20260706T062848Z,26.1,66.7
20260706T062902Z,26.1,64.2
20260706T062918Z,26.1,66.2
20260706T062932Z,26.2,65.4
20260706T062948Z,26.2,64.0
20260706T063002Z,26.2,65.6
20260706T063018Z,26.2,63.8
20260706T063032Z,26.2,64.2
20260706T063048Z,26.2,66.5
20260706T063102Z,26.2,65.4
20260706T063118Z,26.2,63.6
20260706T063132Z,26.2,63.1
20260706T063148Z,26.2,65.4
20260706T063202Z,26.2,63.1
20260706T063218Z,26.2,62.9
20260706T063232Z,26.2,65.3
20260706T063248Z,26.1,63.0
20260706T063302Z,26.2,63.4
20260706T063317Z,26.2,64.0
20260706T063332Z,26.2,64.3
20260706T063347Z,26.2,64.1
20260706T063403Z,26.2,62.6
20260706T063418Z,26.2,62.6
20260706T063432Z,26.2,62.9
20260706T063448Z,26.2,63.6
20260706T063502Z,26.2,62.4
20260706T063518Z,26.1,62.2
20260706T063532Z,26.1,65.2
20260706T063548Z,26.1,64.4
20260706T063602Z,26.1,63.8
20260706T063618Z,26.0,63.2
20260706T063632Z,25.8,62.5
20260706T063648Z,25.7,62.3
20260706T063702Z,25.5,62.2
20260706T063718Z,25.3,62.0
20260706T063732Z,25.2,61.8
20260706T063748Z,25.1,61.6
20260706T063802Z,24.9,61.2
20260706T063818Z,24.7,61.1
20260706T063832Z,24.6,62.7
20260706T063848Z,24.5,65.6
20260706T063902Z,24.5,67.2
20260706T063917Z,24.5,67.9
20260706T063933Z,24.5,69.4
20260706T063947Z,24.6,69.6
20260706T064002Z,24.6,70.3
20260706T064018Z,24.7,70.7
20260706T064032Z,24.7,71.1
20260706T064047Z,24.8,71.5
20260706T064103Z,24.8,71.6
20260706T064117Z,24.8,71.5
20260706T064133Z,24.9,71.6
20260706T064147Z,25.0,71.3
20260706T064203Z,25.0,71.1
20260706T064218Z,25.1,70.7
20260706T064233Z,25.1,70.5
20260706T064247Z,25.2,70.2
20260706T064303Z,25.2,69.9
20260706T064317Z,25.3,68.9
20260706T064333Z,25.4,69.2
20260706T064347Z,25.5,68.8
20260706T064403Z,25.5,65.3
20260706T064417Z,25.5,66.0
20260706T064433Z,25.6,63.9
20260706T064447Z,25.6,66.2
20260706T064503Z,25.6,63.9
20260706T064517Z,25.6,63.2
20260706T064533Z,25.7,66.5
20260706T064548Z,25.7,64.6
20260706T064602Z,25.7,65.4
20260706T064617Z,25.8,66.0
20260706T064632Z,25.8,63.2
20260706T064648Z,25.8,63.0
20260706T064702Z,25.8,62.4
20260706T064718Z,25.8,62.3
20260706T064732Z,25.8,62.4
20260706T064748Z,25.8,64.8
20260706T064802Z,25.9,64.1
20260706T064818Z,25.9,62.4
20260706T064833Z,25.9,64.6
20260706T064848Z,25.9,62.3
20260706T064903Z,25.9,62.1
20260706T064917Z,25.9,61.9
20260706T064933Z,25.9,61.9
20260706T064947Z,25.9,62.5
20260706T065003Z,25.9,62.5
20260706T065017Z,25.9,62.8
20260706T065033Z,25.9,62.4
20260706T065047Z,25.9,61.7
20260706T065103Z,25.9,61.4
20260706T065117Z,25.9,63.9
20260706T065133Z,25.9,61.8
20260706T065147Z,25.9,61.6
20260706T065203Z,25.9,61.3
20260706T065218Z,25.9,61.6
20260706T065233Z,25.9,61.3
20260706T065247Z,25.9,61.3
20260706T065303Z,25.9,61.2
20260706T065317Z,25.9,61.3
20260706T065333Z,25.9,61.0
20260706T065347Z,25.9,62.2
20260706T065403Z,25.9,61.3
20260706T065417Z,25.9,63.2
20260706T065433Z,25.9,61.3
20260706T065448Z,25.9,61.1
20260706T065502Z,25.9,61.6
20260706T065518Z,25.9,61.0
20260706T065532Z,25.9,61.8
20260706T065548Z,25.9,61.0
20260706T065602Z,25.9,60.8
20260706T065618Z,25.9,60.8
20260706T065632Z,25.9,60.7
20260706T065648Z,25.9,60.6
20260706T065702Z,25.9,60.7
20260706T065718Z,25.9,62.3
20260706T065732Z,25.9,61.8
20260706T065747Z,25.8,61.1
20260706T065802Z,25.7,60.8
20260706T065818Z,25.5,60.6
20260706T065832Z,25.4,60.5
20260706T065848Z,25.2,60.4
20260706T065902Z,25.1,59.9
20260706T065917Z,24.9,59.5
20260706T065933Z,24.7,59.6
20260706T065947Z,24.5,59.5
20260706T070003Z,24.4,61.2
20260706T070017Z,24.4,63.8
20260706T070033Z,24.4,65.6
20260706T070048Z,24.4,66.4
20260706T070103Z,24.5,67.6
20260706T070117Z,24.5,67.9
20260706T070133Z,24.6,68.7
20260706T070147Z,24.6,69.0
20260706T070203Z,24.6,69.2
20260706T070217Z,24.7,69.3
20260706T070233Z,24.7,69.5
20260706T070247Z,24.8,69.4
20260706T070303Z,24.8,68.9
20260706T070317Z,24.9,68.7
20260706T070333Z,25.0,68.5
20260706T070348Z,25.0,68.2
20260706T070402Z,25.1,68.0
20260706T070418Z,25.2,67.8
20260706T070432Z,25.3,67.4
20260706T070447Z,25.3,67.2
20260706T070502Z,25.4,66.8
20260706T070518Z,25.5,66.3
20260706T070532Z,25.5,64.5
20260706T070548Z,25.6,62.8
20260706T070602Z,25.6,62.2
20260706T070618Z,25.6,62.1
20260706T070632Z,25.6,64.0
20260706T070648Z,25.7,62.2
20260706T070702Z,25.7,61.7
20260706T070718Z,25.7,61.4
20260706T070732Z,25.7,61.3
20260706T070748Z,25.7,62.6
20260706T070803Z,25.7,61.7
20260706T070818Z,25.7,61.2
20260706T070832Z,25.7,61.1
20260706T070848Z,25.7,62.1
20260706T070902Z,25.7,61.1
20260706T070918Z,25.7,61.2
20260706T070932Z,25.7,61.5
20260706T070948Z,25.7,60.9
20260706T071003Z,25.7,62.5
20260706T071017Z,25.7,61.5
20260706T071033Z,25.7,61.1
20260706T071047Z,25.8,63.1
20260706T071103Z,25.8,61.3
20260706T071117Z,25.8,60.9
20260706T071132Z,25.8,60.8
20260706T071147Z,25.8,61.0
20260706T071202Z,25.8,60.8
20260706T071218Z,25.8,60.8
20260706T071232Z,25.8,61.6
20260706T071247Z,25.8,60.8
20260706T071303Z,25.8,62.1
20260706T071317Z,25.8,60.9
20260706T071333Z,25.8,60.7
20260706T071347Z,25.8,60.6
20260706T071403Z,25.8,62.2
20260706T071418Z,25.8,60.8
20260706T071433Z,25.8,60.7
20260706T071447Z,25.8,60.5
20260706T071503Z,25.8,60.6
20260706T071517Z,25.8,60.6
20260706T071533Z,25.8,60.6
20260706T071547Z,25.8,61.6
20260706T071603Z,25.9,62.4
20260706T071617Z,25.8,61.2
20260706T071633Z,25.7,60.6
20260706T071647Z,25.6,60.2
20260706T071703Z,25.5,60.3
20260706T071717Z,25.4,60.0
20260706T071733Z,25.2,59.6
20260706T071748Z,25.1,59.4
20260706T071802Z,24.9,59.3
20260706T071818Z,24.8,59.3
20260706T071832Z,24.7,58.8
20260706T071848Z,24.5,60.1
20260706T071902Z,24.4,62.7
20260706T071918Z,24.4,64.5
20260706T071932Z,24.4,66.0
20260706T071948Z,24.5,66.5
20260706T072003Z,24.5,67.7
20260706T072018Z,24.5,68.0
20260706T072033Z,24.6,68.4
20260706T072048Z,24.6,68.7
20260706T072103Z,24.7,68.8
20260706T072118Z,24.7,68.8
20260706T072133Z,24.8,68.6
20260706T072148Z,24.8,68.2
20260706T072203Z,24.9,67.9
20260706T072218Z,25.0,67.7
20260706T072233Z,25.0,67.5
20260706T072248Z,25.1,67.2
20260706T072303Z,25.2,66.9
20260706T072318Z,25.3,66.7
20260706T072333Z,25.3,66.4
20260706T072348Z,25.4,66.0
20260706T072403Z,25.5,64.6
20260706T072418Z,25.5,63.7
20260706T072433Z,25.6,64.7
20260706T072448Z,25.6,64.7
20260706T072503Z,25.7,64.8
20260706T072518Z,25.7,64.7
20260706T072533Z,25.8,62.5
20260706T072548Z,25.8,63.1
20260706T072603Z,25.8,61.8
20260706T072618Z,25.8,63.4
20260706T072633Z,25.8,62.5
20260706T072648Z,25.9,61.4
20260706T072703Z,25.9,60.9
20260706T072718Z,25.9,60.7
20260706T072733Z,25.8,60.6
20260706T072748Z,25.8,61.0
20260706T072803Z,25.8,61.4
20260706T072818Z,25.8,61.0
20260706T072833Z,25.8,60.9
20260706T072848Z,25.8,61.2
20260706T072903Z,25.8,60.8
20260706T072918Z,25.8,60.8
20260706T072933Z,25.8,62.1
20260706T072948Z,25.9,61.5
20260706T073003Z,25.9,61.1
20260706T073018Z,25.9,62.7
20260706T073033Z,25.9,61.3
20260706T073048Z,25.9,61.0
20260706T073103Z,25.9,60.7
20260706T073118Z,25.9,62.2
20260706T073133Z,26.0,62.0
20260706T073148Z,26.0,61.4
20260706T073203Z,26.0,62.2
20260706T073218Z,26.1,62.5
20260706T073233Z,26.1,61.3
20260706T073248Z,26.1,62.3
20260706T073303Z,26.1,61.2
20260706T073318Z,26.2,61.1
20260706T073333Z,26.2,61.7
20260706T073348Z,26.2,61.6
20260706T073403Z,26.2,60.8
20260706T073418Z,26.2,61.6
20260706T073433Z,26.2,61.1
20260706T073448Z,26.2,61.7
20260706T073503Z,26.2,62.0
20260706T073518Z,26.2,61.8
20260706T073533Z,26.2,61.2
20260706T073547Z,26.2,60.3
20260706T073603Z,26.1,60.1
20260706T073618Z,26.0,59.7
20260706T073633Z,25.8,59.8
20260706T073648Z,25.7,59.3
20260706T073703Z,25.5,59.3
20260706T073718Z,25.4,59.0
20260706T073733Z,25.2,58.8
20260706T073748Z,25.0,59.0
20260706T073803Z,24.9,58.8
20260706T073818Z,24.8,58.9
20260706T073833Z,24.7,59.6
20260706T073848Z,24.6,62.7
20260706T073903Z,24.6,64.5
20260706T073918Z,24.5,65.2
20260706T073933Z,24.6,66.6
20260706T073948Z,24.6,67.5
20260706T074003Z,24.6,67.8
20260706T074018Z,24.7,68.5
20260706T074033Z,24.7,68.9
20260706T074048Z,24.8,69.1
20260706T074103Z,24.8,69.4
20260706T074118Z,24.8,69.6
20260706T074133Z,24.9,69.5
20260706T074148Z,24.9,69.3
20260706T074203Z,25.0,69.0
20260706T074218Z,25.0,68.7
20260706T074233Z,25.1,68.5
20260706T074248Z,25.2,68.1
20260706T074303Z,25.3,67.8
20260706T074318Z,25.3,67.6
20260706T074333Z,25.4,67.3
20260706T074348Z,25.5,67.0
20260706T074403Z,25.6,66.8
20260706T074418Z,25.6,66.5
20260706T074433Z,25.7,66.3
20260706T074448Z,25.7,66.0
20260706T074503Z,25.8,65.8
20260706T074518Z,25.9,65.6
20260706T074533Z,25.9,65.4
20260706T074548Z,26.0,65.0
20260706T074603Z,26.0,65.0
20260706T074618Z,26.0,64.6
20260706T074633Z,26.1,62.9
20260706T074648Z,26.1,64.2
20260706T074703Z,26.1,64.0
20260706T074718Z,26.1,64.3
20260706T074733Z,26.1,64.3
20260706T074748Z,26.2,64.2
20260706T074803Z,26.2,64.1
20260706T074818Z,26.2,64.0
20260706T074833Z,26.3,62.5
20260706T074848Z,26.3,63.2
20260706T074903Z,26.3,63.3
20260706T074918Z,26.3,62.4
20260706T074933Z,26.3,62.9
20260706T074948Z,26.3,61.8
20260706T075003Z,26.3,62.9
20260706T075018Z,26.3,61.5
20260706T075033Z,26.3,61.0
20260706T075048Z,26.3,61.9
20260706T075104Z,26.2,63.1
20260706T075118Z,26.3,63.3
20260706T075133Z,26.3,63.2
20260706T075148Z,26.3,62.0
20260706T075204Z,26.3,62.6
20260706T075218Z,26.3,62.5
20260706T075233Z,26.3,62.6
20260706T075248Z,26.3,62.6
20260706T075303Z,26.3,61.6
20260706T075318Z,26.2,61.2
20260706T075333Z,26.1,60.6
20260706T075348Z,25.9,60.5
20260706T075403Z,25.8,60.0
20260706T075418Z,25.6,59.9
20260706T075433Z,25.4,59.6
20260706T075448Z,25.2,59.8
20260706T075503Z,25.0,59.7
20260706T075518Z,24.9,59.6
20260706T075533Z,24.8,59.6
20260706T075548Z,24.7,59.6
20260706T075603Z,24.6,60.7
20260706T075618Z,24.5,63.6
20260706T075633Z,24.5,65.2
20260706T075648Z,24.5,66.3
20260706T075703Z,24.5,67.3
20260706T075718Z,24.6,68.0
20260706T075733Z,24.6,68.6
20260706T075748Z,24.7,69.0
20260706T075803Z,24.7,69.5
20260706T075818Z,24.7,69.6
20260706T075833Z,24.8,69.8
20260706T075848Z,24.8,70.2
20260706T075903Z,24.9,70.2
20260706T075918Z,24.9,70.0
20260706T075933Z,24.9,69.7
20260706T075948Z,25.0,69.4
20260706T080003Z,25.1,69.1
20260706T080018Z,25.1,68.8
20260706T080033Z,25.2,68.5
20260706T080048Z,25.3,68.3
20260706T080103Z,25.4,67.9
20260706T080118Z,25.4,67.7
20260706T080133Z,25.5,67.3
20260706T080148Z,25.6,66.9
20260706T080203Z,25.6,66.9
20260706T080218Z,25.7,66.5
20260706T080233Z,25.8,66.4
20260706T080248Z,25.8,65.0
20260706T080303Z,25.9,65.7
20260706T080318Z,25.9,65.5
20260706T080333Z,25.9,65.5
20260706T080348Z,26.0,65.2
20260706T080403Z,26.0,64.9
20260706T080418Z,26.0,64.8
20260706T080433Z,26.1,63.2
20260706T080448Z,26.1,62.2
20260706T080503Z,26.1,62.0
20260706T080518Z,26.1,61.8
20260706T080533Z,26.1,61.6
20260706T080548Z,26.1,63.5
20260706T080603Z,26.1,62.5
20260706T080618Z,26.1,63.0
20260706T080633Z,26.1,62.2
20260706T080648Z,26.1,63.6
20260706T080703Z,26.1,61.7
20260706T080718Z,26.1,61.1
20260706T080733Z,26.1,61.7
20260706T080748Z,26.1,61.0
20260706T080803Z,26.1,60.9
20260706T080818Z,26.1,62.0
20260706T080833Z,26.1,62.7
20260706T080848Z,26.1,62.9
20260706T080903Z,26.2,63.0
20260706T080918Z,26.2,61.1
20260706T080933Z,26.2,62.6
20260706T080948Z,26.2,62.6
20260706T081003Z,26.2,62.9
20260706T081018Z,26.2,62.9
20260706T081033Z,26.3,62.9
20260706T081048Z,26.3,63.0
20260706T081103Z,26.4,63.0
20260706T081118Z,26.4,63.0
20260706T081133Z,26.5,63.0
20260706T081148Z,26.5,63.0
20260706T081203Z,26.6,63.0
20260706T081218Z,26.6,63.0
20260706T081233Z,26.7,62.9
20260706T081248Z,26.7,62.4
20260706T081303Z,26.7,61.5
20260706T081318Z,26.6,61.8
20260706T081333Z,26.5,61.3
20260706T081348Z,26.4,61.3
20260706T081403Z,26.3,60.8
20260706T081418Z,26.1,60.4
20260706T081433Z,26.0,60.4
20260706T081448Z,25.8,59.9
20260706T081503Z,25.6,59.9
20260706T081518Z,25.5,59.9
20260706T081533Z,25.3,59.8
20260706T081548Z,25.2,59.2
20260706T081603Z,25.0,59.2
20260706T081618Z,24.9,59.2
20260706T081633Z,24.8,58.8
20260706T081648Z,24.6,59.4
20260706T081703Z,24.6,61.6
20260706T081718Z,24.6,63.9
20260706T081733Z,24.5,65.6
20260706T081748Z,24.6,66.4
20260706T081803Z,24.6,66.8
20260706T081818Z,24.6,67.8
20260706T081833Z,24.7,68.2
20260706T081848Z,24.7,68.8
20260706T081903Z,24.7,69.6
20260706T081918Z,24.8,69.9
20260706T081933Z,24.8,70.8
20260706T081948Z,24.9,71.2
20260706T082003Z,24.9,71.4
20260706T082018Z,24.9,72.0
20260706T082033Z,25.0,72.2
20260706T082048Z,25.0,72.3
20260706T082103Z,25.1,72.6
20260706T082118Z,25.1,72.3
20260706T082133Z,25.2,72.3
20260706T082148Z,25.3,72.1
20260706T082203Z,25.4,71.9
20260706T082218Z,25.4,71.8
20260706T082233Z,25.5,71.6
20260706T082248Z,25.6,71.5
20260706T082303Z,25.7,71.2
20260706T082318Z,25.8,71.1
20260706T082333Z,25.9,70.9
20260706T082348Z,26.0,70.7
20260706T082403Z,26.1,70.5
20260706T082418Z,26.1,70.4
20260706T082433Z,26.2,70.3
20260706T082448Z,26.3,70.2
20260706T082503Z,26.3,70.1
20260706T082518Z,26.4,70.0
20260706T082533Z,26.5,69.9
20260706T082548Z,26.5,69.8
20260706T082603Z,26.6,69.7
20260706T082618Z,26.6,69.6
20260706T082633Z,26.7,69.5
20260706T082648Z,26.7,69.5
20260706T082703Z,26.8,69.4
20260706T082718Z,26.8,69.4
20260706T082733Z,26.9,69.3
20260706T082748Z,26.8,68.1
20260706T082803Z,26.8,67.2
20260706T082818Z,26.7,67.5
20260706T082833Z,26.6,67.0
20260706T082848Z,26.6,66.3
20260706T082903Z,26.4,65.6
20260706T082918Z,26.3,65.3
20260706T082933Z,26.1,65.0
20260706T082948Z,26.0,64.7
20260706T083003Z,25.9,64.6
20260706T083018Z,25.7,64.3
20260706T083033Z,25.6,63.5
20260706T083048Z,25.5,63.2
20260706T083103Z,25.3,63.0
20260706T083118Z,25.2,63.0
20260706T083133Z,25.1,62.3
20260706T083148Z,24.9,62.2
20260706T083203Z,24.8,62.6
20260706T083218Z,24.8,65.0
20260706T083233Z,24.7,66.5
20260706T083248Z,24.8,67.8
20260706T083303Z,24.8,69.4
20260706T083318Z,24.8,70.0
20260706T083333Z,24.8,70.4
20260706T083348Z,24.8,71.0
20260706T083403Z,24.8,71.5
20260706T083418Z,24.9,72.3
20260706T083433Z,24.9,72.7
20260706T083448Z,24.9,73.1
20260706T083503Z,25.0,73.6
20260706T083518Z,25.0,74.2
20260706T083533Z,25.0,74.5
20260706T083548Z,25.1,75.0
20260706T083603Z,25.1,75.2
20260706T083618Z,25.2,75.3
20260706T083633Z,25.2,76.0
20260706T083648Z,25.2,76.3
20260706T083703Z,25.3,76.5
20260706T083718Z,25.3,76.7
20260706T083733Z,25.4,76.9
20260706T083748Z,25.4,77.1
20260706T083803Z,25.4,77.0
20260706T083818Z,25.5,77.0
20260706T083833Z,25.5,76.9
20260706T083848Z,25.6,76.8
20260706T083903Z,25.7,76.8
20260706T083918Z,25.7,76.6
20260706T083933Z,25.8,76.4
20260706T083948Z,25.9,76.3
20260706T084003Z,25.9,76.1
20260706T084018Z,26.0,75.9
20260706T084033Z,26.1,75.7
20260706T084048Z,26.1,75.6
20260706T084103Z,26.2,75.4
20260706T084118Z,26.3,75.2
20260706T084133Z,26.3,75.1
20260706T084148Z,26.4,74.9
20260706T084203Z,26.5,74.8
20260706T084218Z,26.5,74.6
20260706T084233Z,26.6,74.5
20260706T084248Z,26.6,74.4
20260706T084303Z,26.7,74.3
20260706T084318Z,26.7,74.2
20260706T084333Z,26.8,74.1
20260706T084348Z,26.8,74.0
20260706T084403Z,26.8,73.7
20260706T084418Z,26.8,72.4
20260706T084433Z,26.8,71.5
20260706T084448Z,26.7,71.1
20260706T084503Z,26.6,70.7
20260706T084518Z,26.5,70.3
20260706T084533Z,26.4,69.3
20260706T084548Z,26.3,69.0
20260706T084603Z,26.1,68.9
20260706T084618Z,26.0,68.4
20260706T084633Z,25.8,67.3
20260706T084648Z,25.7,67.5
20260706T084703Z,25.5,66.9
20260706T084718Z,25.4,66.8
20260706T084733Z,25.2,66.2
20260706T084748Z,25.1,66.0
20260706T084803Z,25.0,66.0
20260706T084818Z,24.9,65.3
20260706T084833Z,24.8,64.7
20260706T084848Z,24.7,64.9
20260706T084903Z,24.6,67.3
20260706T084918Z,24.6,69.3
20260706T084933Z,24.6,70.7
20260706T084948Z,24.6,71.5
20260706T085003Z,24.7,71.9
20260706T085018Z,24.7,72.4
20260706T085033Z,24.8,72.9
20260706T085048Z,24.8,73.5
20260706T085103Z,24.9,73.9
20260706T085118Z,24.9,74.1
20260706T085133Z,25.0,74.6
20260706T085148Z,25.0,74.8
20260706T085203Z,25.1,75.3
20260706T085218Z,25.1,76.0
20260706T085233Z,25.1,76.1
20260706T085248Z,25.2,76.3
20260706T085303Z,25.2,76.8
20260706T085318Z,25.2,77.3
20260706T085333Z,25.3,77.5
20260706T085348Z,25.3,77.8
20260706T085403Z,25.3,78.2
20260706T085418Z,25.3,78.5
20260706T085433Z,25.4,78.7
20260706T085448Z,25.4,78.9
20260706T085503Z,25.5,79.0
20260706T085518Z,25.5,79.1
20260706T085533Z,25.5,79.3
20260706T085548Z,25.5,79.4
20260706T085603Z,25.6,79.4
20260706T085618Z,25.6,79.5
20260706T085633Z,25.6,79.5
20260706T085648Z,25.7,79.6
20260706T085704Z,25.7,79.4
20260706T085718Z,25.8,79.3
20260706T085733Z,25.8,79.3
20260706T085748Z,25.9,79.2
20260706T085803Z,25.9,79.1
20260706T085818Z,26.0,79.0
20260706T085833Z,26.0,78.8
20260706T085848Z,26.1,78.7
20260706T085903Z,26.1,78.5
20260706T085918Z,26.2,78.4
20260706T085933Z,26.2,78.2
20260706T085948Z,26.3,78.0
20260706T090003Z,26.3,77.9
20260706T090018Z,26.4,77.8
20260706T090033Z,26.4,77.7
20260706T090048Z,26.5,77.5
20260706T090103Z,26.5,77.4
20260706T090118Z,26.6,77.2
20260706T090133Z,26.6,77.1
20260706T090148Z,26.6,77.0
20260706T090203Z,26.7,76.9
20260706T090218Z,26.7,76.8
20260706T090233Z,26.8,76.6
20260706T090248Z,26.8,76.3
20260706T090303Z,26.8,75.3
20260706T090318Z,26.8,73.5
20260706T090333Z,26.7,73.3
20260706T090348Z,26.6,72.2
20260706T090403Z,26.5,71.6
20260706T090418Z,26.3,71.3
20260706T090433Z,26.2,71.3
20260706T090448Z,26.1,70.4
20260706T090503Z,26.0,69.9
20260706T090518Z,25.9,69.1
20260706T090533Z,25.7,69.1
20260706T090548Z,25.6,68.5
20260706T090603Z,25.5,68.1
20260706T090618Z,25.4,67.4
20260706T090633Z,25.2,66.9
20260706T090648Z,25.1,66.9
20260706T090703Z,25.0,66.4
20260706T090718Z,24.9,66.6
20260706T090733Z,24.9,67.4
20260706T090748Z,24.8,69.6
20260706T090803Z,24.8,71.3
20260706T090818Z,24.8,72.4
20260706T090833Z,24.8,72.9
20260706T090848Z,24.9,73.4
20260706T090903Z,24.9,73.8
20260706T090918Z,24.9,74.4
20260706T090933Z,24.9,74.8
20260706T090948Z,25.0,75.2
20260706T091003Z,25.0,75.9
20260706T091018Z,25.0,76.1
20260706T091033Z,25.1,76.7
20260706T091048Z,25.1,77.0
20260706T091103Z,25.2,77.3
20260706T091118Z,25.2,77.8
20260706T091133Z,25.2,78.1
20260706T091148Z,25.3,78.4
20260706T091203Z,25.3,78.6
20260706T091218Z,25.3,78.9
20260706T091233Z,25.4,79.3
20260706T091248Z,25.4,79.6
20260706T091303Z,25.5,79.8
20260706T091318Z,25.5,79.9
20260706T091333Z,25.5,80.0
20260706T091348Z,25.6,80.3
20260706T091403Z,25.6,80.4
20260706T091418Z,25.6,80.5
20260706T091433Z,25.7,80.7
20260706T091448Z,25.7,80.7
20260706T091503Z,25.8,80.7
20260706T091518Z,25.8,80.6
20260706T091533Z,25.8,80.7
20260706T091548Z,25.9,80.7
20260706T091603Z,25.9,80.6
20260706T091618Z,26.0,80.5
20260706T091633Z,26.0,80.4
20260706T091648Z,26.1,80.3
20260706T091703Z,26.1,80.1
20260706T091718Z,26.2,80.0
20260706T091733Z,26.2,79.9
20260706T091748Z,26.3,79.7
20260706T091803Z,26.3,79.6
20260706T091818Z,26.4,79.5
20260706T091833Z,26.4,79.3
20260706T091848Z,26.5,79.2
20260706T091903Z,26.5,79.0
20260706T091918Z,26.6,79.0
20260706T091933Z,26.6,78.8
20260706T091948Z,26.7,78.7
20260706T092003Z,26.7,78.6
20260706T092018Z,26.7,78.4
20260706T092033Z,26.8,78.3
20260706T092048Z,26.8,77.9
20260706T092103Z,26.8,75.9
20260706T092118Z,26.7,74.9
20260706T092133Z,26.7,73.7
20260706T092148Z,26.5,73.7
20260706T092203Z,26.4,72.7
20260706T092218Z,26.3,72.5
20260706T092233Z,26.2,71.7
20260706T092248Z,26.0,71.4
20260706T092303Z,25.9,70.4
20260706T092318Z,25.7,70.0
20260706T092333Z,25.5,69.3
20260706T092348Z,25.4,68.5
20260706T092403Z,25.2,68.2
20260706T092418Z,25.0,68.1
20260706T092433Z,25.0,68.3
20260706T092448Z,24.9,67.7
20260706T092503Z,24.8,67.6
20260706T092518Z,24.8,68.5
20260706T092533Z,24.8,70.0
20260706T092548Z,24.8,71.9
20260706T092603Z,24.8,73.4
20260706T092618Z,24.8,73.9
20260706T092633Z,24.8,73.9
20260706T092648Z,24.9,74.7
20260706T092703Z,24.9,75.2
20260706T092718Z,24.9,75.4
20260706T092733Z,25.0,75.8
20260706T092748Z,25.0,76.5
20260706T092803Z,25.0,76.8
20260706T092818Z,25.1,77.3
20260706T092833Z,25.1,77.5
20260706T092848Z,25.2,77.9
20260706T092903Z,25.2,78.1
20260706T092918Z,25.2,78.6
20260706T092933Z,25.3,78.9
20260706T092948Z,25.3,79.1
20260706T093003Z,25.3,79.3
20260706T093018Z,25.4,79.5
20260706T093033Z,25.4,79.7
20260706T093048Z,25.5,80.0
20260706T093103Z,25.5,80.1
20260706T093118Z,25.5,80.5
20260706T093133Z,25.6,80.6
20260706T093148Z,25.6,80.6
20260706T093203Z,25.7,80.7
20260706T093218Z,25.7,80.8
20260706T093233Z,25.8,80.9
20260706T093248Z,25.8,80.8
20260706T093303Z,25.8,81.0
20260706T093318Z,25.9,80.8
20260706T093333Z,25.9,80.7
20260706T093348Z,26.0,80.6
20260706T093403Z,26.0,80.5
20260706T093418Z,26.1,80.3
20260706T093433Z,26.1,80.3
20260706T093448Z,26.2,80.2
20260706T093503Z,26.2,80.1
20260706T093518Z,26.3,80.0
20260706T093533Z,26.3,79.8
20260706T093548Z,26.4,79.7
20260706T093603Z,26.4,79.5
20260706T093618Z,26.5,79.4
20260706T093633Z,26.5,79.2
20260706T093648Z,26.6,79.1
20260706T093703Z,26.6,78.9
20260706T093718Z,26.7,78.8
20260706T093733Z,26.7,78.7
20260706T093748Z,26.7,78.5
20260706T093803Z,26.8,78.4
20260706T093818Z,26.8,78.3
20260706T093833Z,26.9,77.7
20260706T093848Z,26.9,76.9
20260706T093903Z,26.8,75.9
20260706T093918Z,26.8,75.6
20260706T093933Z,26.8,74.7
20260706T093948Z,26.7,74.6
20260706T094003Z,26.6,73.9
20260706T094018Z,26.6,73.0
20260706T094033Z,26.5,72.1
20260706T094048Z,26.4,71.9
20260706T094103Z,26.3,70.9
20260706T094118Z,26.3,70.2
20260706T094133Z,26.1,69.4
20260706T094148Z,26.0,69.2
20260706T094203Z,25.9,68.2
20260706T094218Z,25.8,68.4
20260706T094233Z,25.7,67.7
20260706T094248Z,25.7,67.5
20260706T094303Z,25.6,66.8
20260706T094318Z,25.5,66.9
20260706T094333Z,25.5,68.6
20260706T094348Z,25.5,70.2
20260706T094403Z,25.5,71.3
20260706T094418Z,25.4,72.5
20260706T094433Z,25.4,73.0
20260706T094448Z,25.4,73.4
20260706T094503Z,25.4,74.2
20260706T094518Z,25.4,74.4
20260706T094533Z,25.4,75.0
20260706T094548Z,25.4,75.1
20260706T094603Z,25.4,75.6
20260706T094618Z,25.4,76.0
20260706T094633Z,25.4,76.6
20260706T094648Z,25.5,77.0
20260706T094703Z,25.5,77.0
20260706T094718Z,25.5,77.3
20260706T094733Z,25.5,77.7
20260706T094748Z,25.6,77.8
20260706T094803Z,25.6,78.4
20260706T094818Z,25.6,78.6
20260706T094833Z,25.6,78.7
20260706T094848Z,25.6,79.0
20260706T094903Z,25.6,79.2
20260706T094918Z,25.7,79.4
20260706T094933Z,25.7,79.6
20260706T094948Z,25.7,79.9
20260706T095003Z,25.8,80.0
20260706T095018Z,25.8,80.2
20260706T095033Z,25.8,80.3
20260706T095048Z,25.8,80.5
20260706T095103Z,25.9,80.5
20260706T095118Z,25.9,80.6
20260706T095133Z,26.0,80.6
20260706T095148Z,26.0,80.6
20260706T095203Z,26.0,80.5
20260706T095218Z,26.1,80.4
20260706T095233Z,26.1,80.4
20260706T095248Z,26.2,80.4
20260706T095303Z,26.2,80.3
20260706T095318Z,26.3,80.2
20260706T095333Z,26.3,80.1
20260706T095348Z,26.4,79.9
20260706T095403Z,26.4,79.8
20260706T095418Z,26.4,79.7
20260706T095433Z,26.5,79.7
20260706T095448Z,26.5,79.5
20260706T095503Z,26.6,79.4
20260706T095518Z,26.6,79.3
20260706T095533Z,26.7,79.2
20260706T095548Z,26.7,79.1
20260706T095603Z,26.8,79.0
20260706T095618Z,26.8,78.9
20260706T095633Z,26.8,78.7
20260706T095648Z,26.9,78.5
20260706T095703Z,26.9,76.8
20260706T095718Z,26.8,76.2
20260706T095733Z,26.8,75.6
20260706T095748Z,26.7,74.9
20260706T095803Z,26.7,74.0
20260706T095818Z,26.6,73.5
20260706T095833Z,26.5,72.7
20260706T095848Z,26.4,72.5
20260706T095903Z,26.3,71.3
20260706T095918Z,26.2,70.8
20260706T095933Z,26.1,69.9
20260706T095948Z,26.0,69.9
20260706T100003Z,25.9,69.3
20260706T100018Z,25.8,68.6
20260706T100033Z,25.7,68.2
20260706T100048Z,25.6,67.9
20260706T100103Z,25.5,67.2
20260706T100118Z,25.4,66.6
20260706T100133Z,25.3,67.3
20260706T100148Z,25.3,69.3
20260706T100203Z,25.3,71.1
20260706T100218Z,25.2,72.8
20260706T100233Z,25.2,73.0
20260706T100248Z,25.2,73.6
20260706T100303Z,25.2,74.0
20260706T100318Z,25.3,74.5
20260706T100333Z,25.3,74.7
20260706T100348Z,25.3,75.3
20260706T100403Z,25.3,76.0
20260706T100418Z,25.3,76.3
20260706T100433Z,25.4,76.7
20260706T100448Z,25.4,77.4
20260706T100503Z,25.4,77.9
20260706T100518Z,25.4,78.0
20260706T100533Z,25.5,78.6
20260706T100548Z,25.5,78.8
20260706T100603Z,25.5,79.0
20260706T100618Z,25.5,79.5
20260706T100633Z,25.6,79.8
20260706T100648Z,25.6,79.9
20260706T100703Z,25.6,80.4
20260706T100718Z,25.6,80.5
20260706T100733Z,25.7,80.8
20260706T100748Z,25.7,81.1
20260706T100803Z,25.7,81.2
20260706T100818Z,25.8,81.4
20260706T100833Z,25.8,81.6
20260706T100848Z,25.8,81.8
20260706T100903Z,25.9,82.0
20260706T100918Z,25.9,82.0
20260706T100934Z,25.9,82.1
20260706T100948Z,25.9,82.4
20260706T101004Z,26.0,82.5
20260706T101018Z,26.0,82.4
20260706T101033Z,26.1,82.4
20260706T101048Z,26.1,82.5
20260706T101103Z,26.1,82.4
20260706T101118Z,26.2,82.4
20260706T101133Z,26.2,82.4
20260706T101148Z,26.3,82.3
20260706T101203Z,26.3,82.2
20260706T101218Z,26.3,82.1
20260706T101233Z,26.4,82.0
20260706T101248Z,26.4,82.0
20260706T101303Z,26.5,81.9
20260706T101318Z,26.5,81.8
20260706T101333Z,26.6,81.7
20260706T101348Z,26.6,81.5
20260706T101403Z,26.7,81.4
20260706T101418Z,26.7,81.3
20260706T101433Z,26.7,81.2
20260706T101448Z,26.8,81.1
20260706T101503Z,26.8,81.0
20260706T101518Z,26.8,80.9
20260706T101534Z,26.8,80.8
20260706T101548Z,26.9,80.8
20260706T101604Z,26.9,80.7
20260706T101618Z,26.9,80.6
20260706T101634Z,26.9,80.6
20260706T101649Z,27.0,80.5
20260706T101703Z,27.0,80.4
20260706T101718Z,27.0,80.4
20260706T101733Z,27.0,80.3
20260706T101749Z,27.1,80.2
20260706T101803Z,27.1,80.1
20260706T101818Z,27.1,80.1
20260706T101833Z,27.1,80.1
20260706T101848Z,27.1,80.0
20260706T101903Z,27.2,79.9
20260706T101918Z,27.2,79.9
20260706T101934Z,27.2,79.8
20260706T101948Z,27.2,79.8
20260706T102003Z,27.2,79.8
20260706T102019Z,27.2,79.6
20260706T102033Z,27.2,79.3
20260706T102049Z,27.2,79.3
20260706T102103Z,27.3,79.2
20260706T102119Z,27.3,79.1
20260706T102133Z,27.3,79.0
20260706T102148Z,27.3,79.0
20260706T102203Z,27.3,78.9
20260706T102219Z,27.3,78.9
20260706T102233Z,27.3,78.9
20260706T102249Z,27.3,78.8
20260706T102303Z,27.3,78.8
20260706T102319Z,27.4,78.8
20260706T102333Z,27.4,78.7
20260706T102349Z,27.4,78.7
20260706T102403Z,27.4,78.7
20260706T102419Z,27.4,78.6
20260706T102433Z,27.4,78.6
20260706T102449Z,27.4,78.6
20260706T102503Z,27.5,78.5
20260706T102519Z,27.5,78.2
20260706T102533Z,27.5,78.1
20260706T102548Z,27.5,78.0
20260706T102604Z,27.5,77.8
20260706T102619Z,27.5,77.7
20260706T102634Z,27.5,77.5
20260706T102648Z,27.5,77.4
20260706T102704Z,27.5,77.4
20260706T102719Z,27.5,77.2
20260706T102733Z,27.5,77.0
20260706T102749Z,27.5,76.9
20260706T102803Z,27.5,76.5
20260706T102818Z,27.5,76.2
20260706T102834Z,27.5,76.1
20260706T102848Z,27.5,75.9
20260706T102904Z,27.5,75.8
20260706T102919Z,27.5,75.8
20260706T102933Z,27.5,75.7
20260706T102949Z,27.5,75.7
20260706T103003Z,27.5,75.8
20260706T103019Z,27.5,75.7
20260706T103033Z,27.5,75.8
20260706T103049Z,27.5,75.7
20260706T103103Z,27.5,75.7
20260706T103119Z,27.5,75.7
20260706T103133Z,27.5,75.8
20260706T103149Z,27.5,75.8
20260706T103203Z,27.5,75.8
20260706T103219Z,27.5,75.8
20260706T103234Z,27.5,75.8
20260706T103249Z,27.5,75.8
20260706T103303Z,27.5,75.8
20260706T103318Z,27.5,75.8
20260706T103334Z,27.5,75.8
20260706T103348Z,27.5,75.8
20260706T103403Z,27.5,75.8
20260706T103419Z,27.5,75.7
20260706T103433Z,27.6,75.7
20260706T103449Z,27.6,75.7
20260706T103503Z,27.6,75.7
20260706T103519Z,27.6,75.8
20260706T103533Z,27.6,75.7
20260706T103549Z,27.6,75.8
20260706T103603Z,27.6,75.8
20260706T103619Z,27.6,75.7
20260706T103633Z,27.6,75.7
20260706T103649Z,27.6,75.7
20260706T103703Z,27.6,75.7
20260706T103719Z,27.6,75.7
20260706T103733Z,27.6,75.6
20260706T103749Z,27.6,75.7
20260706T103803Z,27.6,75.6
20260706T103818Z,27.6,75.6
20260706T103833Z,27.6,75.6
20260706T103849Z,27.7,75.6
20260706T103904Z,27.7,75.5
20260706T103918Z,27.7,75.5
20260706T103934Z,27.7,75.5
20260706T103948Z,27.7,75.4
20260706T104004Z,27.7,75.4
20260706T104018Z,27.7,75.4
20260706T104034Z,27.7,75.4
20260706T104048Z,27.7,75.4
20260706T104104Z,27.7,75.4
20260706T104118Z,27.7,75.3
20260706T104134Z,27.7,75.1
20260706T104148Z,27.7,73.9
20260706T104204Z,27.7,73.4
20260706T104218Z,27.6,72.8
20260706T104233Z,27.5,72.3
20260706T104249Z,27.4,71.9
20260706T104303Z,27.4,71.6
20260706T104319Z,27.3,70.7
20260706T104333Z,27.3,70.1
20260706T104349Z,27.2,69.7
20260706T104405Z,27.1,69.1
20260706T104419Z,27.0,68.2
20260706T104434Z,26.9,67.3
20260706T104448Z,26.8,66.8
20260706T104504Z,26.6,68.0
20260706T104519Z,26.5,69.5
20260706T104533Z,26.4,71.5
20260706T104549Z,26.4,72.5
20260706T104604Z,26.3,72.8
20260706T104618Z,26.2,73.7
20260706T104634Z,26.2,74.4
20260706T104648Z,26.1,75.2
20260706T104704Z,26.1,75.3
20260706T104718Z,26.1,76.0
20260706T104734Z,26.1,76.5
20260706T104748Z,26.1,76.8
20260706T104803Z,26.0,76.9
20260706T104819Z,26.0,75.7
20260706T104833Z,26.0,74.9
20260706T104849Z,26.0,74.8
20260706T104904Z,25.9,73.9
20260706T104919Z,25.9,73.2
20260706T104933Z,25.8,72.7
20260706T104949Z,25.8,72.1
20260706T105003Z,25.8,71.3
20260706T105019Z,25.7,70.7
20260706T105033Z,25.7,69.7
20260706T105049Z,25.7,68.8
20260706T105103Z,25.6,68.2
20260706T105118Z,25.5,67.4
20260706T105134Z,25.4,67.3
20260706T105149Z,25.3,67.1
20260706T105203Z,25.3,66.4
20260706T105219Z,25.2,65.6
20260706T105233Z,25.2,65.3
20260706T105249Z,25.1,64.8
20260706T105303Z,25.1,64.2
20260706T105319Z,25.0,63.7
20260706T105333Z,24.9,63.1
20260706T105349Z,24.8,62.8
20260706T105403Z,24.8,62.9
20260706T105419Z,24.7,62.1
20260706T105433Z,24.7,61.7
20260706T105449Z,24.6,62.5
20260706T105503Z,24.6,63.6
20260706T105519Z,24.6,65.8
20260706T105533Z,24.6,67.3
20260706T105549Z,24.6,68.5
20260706T105604Z,24.6,68.9
20260706T105618Z,24.6,69.4
20260706T105634Z,24.6,70.3
20260706T105648Z,24.7,70.5
20260706T105705Z,24.7,71.2
20260706T105719Z,24.7,71.5
20260706T105734Z,24.7,72.2
20260706T105749Z,24.8,72.5
20260706T105803Z,24.8,73.1
20260706T105818Z,24.8,73.7
20260706T105833Z,24.9,74.4
20260706T105849Z,24.9,74.7
20260706T105903Z,24.9,75.0
20260706T105919Z,25.0,75.3
20260706T105933Z,25.0,75.6
20260706T105949Z,25.0,76.2
20260706T110003Z,25.1,76.5
20260706T110019Z,25.1,77.0
20260706T110033Z,25.2,77.0
20260706T110049Z,25.2,77.3
20260706T110103Z,25.2,77.7
20260706T110119Z,25.3,78.0
20260706T110133Z,25.3,78.5
20260706T110149Z,25.3,78.7
20260706T110204Z,25.4,79.1
20260706T110218Z,25.4,79.1
20260706T110234Z,25.4,79.6
20260706T110248Z,25.5,79.8
20260706T110304Z,25.5,80.1
20260706T110318Z,25.5,80.4
20260706T110334Z,25.6,80.5
20260706T110348Z,25.6,80.7
20260706T110403Z,25.6,80.8
20260706T110419Z,25.7,81.0
20260706T110434Z,25.7,80.7
20260706T110448Z,25.7,79.1
20260706T110504Z,25.7,78.5
20260706T110518Z,25.7,77.9
20260706T110534Z,25.7,77.1
20260706T110548Z,25.7,76.2
20260706T110604Z,25.7,75.7
20260706T110618Z,25.6,74.3
20260706T110634Z,25.5,73.8
20260706T110648Z,25.5,73.0
20260706T110704Z,25.4,72.4
20260706T110718Z,25.4,71.5
20260706T110734Z,25.3,70.8
20260706T110748Z,25.2,70.2
20260706T110804Z,25.1,69.6
20260706T110818Z,25.1,69.0
20260706T110834Z,25.0,68.4
20260706T110848Z,24.9,68.2
20260706T110904Z,24.9,67.2
20260706T110918Z,24.8,66.4
20260706T110934Z,24.7,66.1
20260706T110948Z,24.6,65.6
20260706T111003Z,24.5,65.3
20260706T111019Z,24.4,64.8
20260706T111033Z,24.3,65.3
20260706T111048Z,24.3,66.8
20260706T111104Z,24.3,68.5
20260706T111118Z,24.3,70.3
20260706T111134Z,24.3,71.4
20260706T111148Z,24.3,72.1
20260706T111204Z,24.4,72.2
20260706T111218Z,24.4,72.8
20260706T111234Z,24.4,73.1
20260706T111249Z,24.5,73.6
20260706T111304Z,24.5,73.8
20260706T111318Z,24.6,74.3
20260706T111334Z,24.6,74.9
20260706T111348Z,24.7,75.4
20260706T111403Z,24.7,76.2
20260706T111418Z,24.7,76.3
20260706T111434Z,24.8,76.8
20260706T111448Z,24.8,77.0
20260706T111504Z,24.9,77.1
20260706T111518Z,24.9,77.8
20260706T111534Z,25.0,78.0
20260706T111548Z,25.0,78.3
20260706T111604Z,25.0,78.7
20260706T111618Z,25.1,79.1
20260706T111634Z,25.1,79.3
20260706T111649Z,25.2,79.6
20260706T111704Z,25.2,79.8
20260706T111719Z,25.2,80.1
20260706T111734Z,25.3,80.3
20260706T111749Z,25.3,80.5
20260706T111804Z,25.4,80.4
20260706T111819Z,25.4,80.9
20260706T111834Z,25.4,80.9
20260706T111849Z,25.4,81.1
20260706T111904Z,25.5,81.4
20260706T111919Z,25.5,81.7
20260706T111934Z,25.5,81.8
20260706T111949Z,25.6,81.9
20260706T112004Z,25.6,82.1
20260706T112019Z,25.6,82.3
20260706T112034Z,25.6,82.4
20260706T112049Z,25.7,81.9
20260706T112104Z,25.7,81.3
20260706T112119Z,25.7,79.6
20260706T112134Z,25.7,79.2
20260706T112149Z,25.6,77.9
20260706T112204Z,25.6,77.7
20260706T112219Z,25.6,76.8
20260706T112234Z,25.5,75.7
20260706T112249Z,25.5,74.8
20260706T112304Z,25.4,74.3
20260706T112319Z,25.4,73.7
20260706T112334Z,25.4,72.9
20260706T112349Z,25.4,71.6
20260706T112404Z,25.3,70.7
20260706T112419Z,25.3,70.3
20260706T112434Z,25.2,69.5
20260706T112449Z,25.2,69.1
20260706T112504Z,25.1,68.3
20260706T112519Z,25.0,67.3
20260706T112534Z,25.0,67.0
20260706T112549Z,24.9,66.5
20260706T112604Z,24.8,66.0
20260706T112619Z,24.7,65.3
20260706T112634Z,24.6,66.2
20260706T112649Z,24.6,67.3
20260706T112704Z,24.6,69.5
20260706T112719Z,24.6,71.1
20260706T112734Z,24.6,71.7
20260706T112749Z,24.6,72.2
20260706T112804Z,24.6,73.0
20260706T112819Z,24.6,73.1
20260706T112834Z,24.6,73.5
20260706T112849Z,24.6,73.7
20260706T112904Z,24.6,74.5
20260706T112919Z,24.7,74.5
20260706T112934Z,24.7,75.0
20260706T112949Z,24.7,75.7
20260706T113004Z,24.8,75.8
20260706T113019Z,24.8,76.2
20260706T113034Z,24.8,76.6
20260706T113049Z,24.9,77.1
20260706T113104Z,24.9,77.6
20260706T113119Z,24.9,77.8
20260706T113134Z,25.0,78.4
20260706T113149Z,25.0,78.5
20260706T113204Z,25.0,78.8
20260706T113219Z,25.0,79.1
20260706T113234Z,25.1,79.3
20260706T113249Z,25.1,79.6
20260706T113304Z,25.1,79.9
20260706T113319Z,25.1,80.3
20260706T113334Z,25.2,80.6
20260706T113349Z,25.2,80.7
20260706T113404Z,25.2,81.1
20260706T113419Z,25.2,81.1
20260706T113434Z,25.3,81.4
20260706T113449Z,25.3,81.6
20260706T113504Z,25.3,81.9
20260706T113519Z,25.3,82.1
20260706T113534Z,25.3,82.2
20260706T113549Z,25.4,82.3
20260706T113604Z,25.4,82.5
20260706T113619Z,25.4,82.7
20260706T113634Z,25.4,82.9
20260706T113649Z,25.5,83.0
20260706T113704Z,25.5,83.2
20260706T113719Z,25.5,83.2
20260706T113734Z,25.5,83.5
20260706T113749Z,25.6,83.7
20260706T113804Z,25.6,83.6
20260706T113819Z,25.6,83.7
20260706T113834Z,25.6,83.9
20260706T113849Z,25.6,83.9
20260706T113904Z,25.7,84.1
20260706T113919Z,25.7,84.1
20260706T113934Z,25.7,84.2
20260706T113949Z,25.7,83.9
20260706T114004Z,25.7,82.6
20260706T114019Z,25.7,81.6
20260706T114034Z,25.7,80.9
20260706T114049Z,25.7,80.0
20260706T114104Z,25.6,79.2
20260706T114119Z,25.6,78.1
20260706T114134Z,25.6,77.4
20260706T114149Z,25.5,76.5
20260706T114204Z,25.5,75.3
20260706T114219Z,25.4,74.7
20260706T114234Z,25.4,73.7
20260706T114249Z,25.3,72.7
20260706T114304Z,25.3,72.3
20260706T114322Z,25.2,71.3
20260706T114334Z,25.1,70.2
20260706T114349Z,25.0,69.2
20260706T114404Z,24.9,68.7
20260706T114419Z,24.8,68.7
20260706T114434Z,24.7,69.6
20260706T114449Z,24.7,70.7
20260706T114504Z,24.6,72.8
20260706T114519Z,24.6,74.3
20260706T114534Z,24.6,74.9
20260706T114549Z,24.6,75.3
20260706T114604Z,24.6,75.6
20260706T114619Z,24.6,75.7
20260706T114634Z,24.7,76.0
20260706T114649Z,24.7,76.7
20260706T114704Z,24.7,76.8
20260706T114719Z,24.7,77.3
20260706T114734Z,24.8,77.7
20260706T114749Z,24.8,77.9
20260706T114804Z,24.9,78.3
20260706T114819Z,24.9,78.5
20260706T114834Z,24.9,78.8
20260706T114849Z,25.0,79.1
20260706T114904Z,25.0,79.5
20260706T114919Z,25.0,79.7
20260706T114934Z,25.1,80.0
20260706T114949Z,25.1,80.4
20260706T115004Z,25.1,80.6
20260706T115019Z,25.1,81.0
20260706T115034Z,25.1,81.3
20260706T115049Z,25.1,81.7
20260706T115104Z,25.2,81.9
20260706T115119Z,25.2,82.0
20260706T115134Z,25.2,82.3
20260706T115149Z,25.2,82.0
20260706T115204Z,25.3,82.5
20260706T115219Z,25.2,82.8
20260706T115234Z,25.2,82.7
20260706T115249Z,25.3,82.7
20260706T115304Z,25.3,82.9
20260706T115319Z,25.3,82.9
20260706T115334Z,25.3,83.0
20260706T115349Z,25.3,83.3
20260706T115404Z,25.3,83.2
20260706T115419Z,25.4,83.5
20260706T115434Z,25.4,83.5
20260706T115449Z,25.4,83.6
20260706T115504Z,25.4,83.7
20260706T115519Z,25.4,83.9
20260706T115534Z,25.4,84.0
20260706T115549Z,25.5,84.0
20260706T115604Z,25.5,84.1
20260706T115619Z,25.5,84.3
20260706T115634Z,25.5,84.4
20260706T115649Z,25.6,84.5
20260706T115704Z,25.6,84.6
20260706T115719Z,25.6,84.7
20260706T115734Z,25.6,84.6
20260706T115749Z,25.6,84.8
20260706T115804Z,25.7,84.9
20260706T115819Z,25.7,84.9
20260706T115834Z,25.7,84.8
20260706T115849Z,25.7,84.9
20260706T115904Z,25.7,84.8
20260706T115919Z,25.7,84.7
20260706T115934Z,25.7,83.0
20260706T115949Z,25.7,82.5
20260706T120004Z,25.7,82.1
20260706T120019Z,25.7,80.8
20260706T120034Z,25.6,79.8
20260706T120049Z,25.6,79.3
20260706T120104Z,25.6,78.6
20260706T120119Z,25.5,77.5
20260706T120134Z,25.5,76.4
20260706T120149Z,25.5,75.6
20260706T120204Z,25.4,74.6
20260706T120219Z,25.3,73.3
20260706T120234Z,25.3,72.4
20260706T120249Z,25.1,71.6
20260706T120304Z,25.0,70.8
20260706T120319Z,24.9,69.9
20260706T120334Z,24.7,69.6
20260706T120349Z,24.6,70.1
20260706T120405Z,24.6,71.4
20260706T120419Z,24.6,72.6
20260706T120434Z,24.6,75.2
20260706T120449Z,24.6,76.2
20260706T120504Z,24.6,76.4
20260706T120519Z,24.6,76.8
20260706T120534Z,24.6,77.3
20260706T120549Z,24.6,77.3
20260706T120604Z,24.6,77.7
20260706T120619Z,24.6,78.0
20260706T120634Z,24.6,78.6
20260706T120649Z,24.6,79.0
20260706T120704Z,24.7,79.2
20260706T120719Z,24.7,79.4
20260706T120734Z,24.7,79.8
20260706T120749Z,24.7,80.0
20260706T120804Z,24.8,80.4
20260706T120819Z,24.8,80.6
20260706T120834Z,24.8,80.7
20260706T120849Z,24.9,81.2
20260706T120904Z,24.9,81.5
20260706T120919Z,24.9,81.7
20260706T120934Z,25.0,81.8
20260706T120949Z,25.0,82.3
20260706T121004Z,25.0,82.4
20260706T121019Z,25.0,82.6
20260706T121034Z,25.0,82.8
20260706T121049Z,25.1,83.1
20260706T121104Z,25.1,83.1
20260706T121119Z,25.1,83.5
20260706T121134Z,25.1,83.7
20260706T121149Z,25.1,84.0
20260706T121204Z,25.2,84.2
20260706T121219Z,25.2,84.2
20260706T121234Z,25.2,84.5
20260706T121249Z,25.2,84.5
20260706T121305Z,25.3,84.8
20260706T121319Z,25.3,84.9
20260706T121334Z,25.3,85.1
20260706T121349Z,25.3,85.2
20260706T121405Z,25.3,85.2
20260706T121420Z,25.3,85.3
20260706T121434Z,25.4,85.5
20260706T121449Z,25.4,85.6
20260706T121504Z,25.4,85.7
20260706T121519Z,25.4,85.6
20260706T121534Z,25.5,85.7
20260706T121549Z,25.5,85.8
20260706T121604Z,25.5,86.0
20260706T121619Z,25.5,85.9
20260706T121634Z,25.5,85.9
20260706T121649Z,25.6,86.0
20260706T121705Z,25.6,86.0
20260706T121720Z,25.6,86.1
20260706T121734Z,25.6,86.0
20260706T121749Z,25.7,86.1
20260706T121804Z,25.7,86.1
20260706T121819Z,25.7,86.1
20260706T121834Z,25.7,86.2
20260706T121849Z,25.7,86.1
20260706T121904Z,25.7,85.7
20260706T121919Z,25.7,84.3
20260706T121934Z,25.7,83.6
20260706T121949Z,25.7,82.9
20260706T122004Z,25.7,81.9
20260706T122019Z,25.6,81.2
20260706T122034Z,25.6,80.5
20260706T122049Z,25.5,80.0
20260706T122104Z,25.5,78.4
20260706T122119Z,25.5,77.7
20260706T122134Z,25.4,76.9
20260706T122149Z,25.3,76.2
20260706T122204Z,25.3,74.6
20260706T122219Z,25.2,74.1
20260706T122234Z,25.1,73.2
20260706T122249Z,25.1,72.6
20260706T122304Z,25.0,71.6
20260706T122319Z,24.9,71.1
20260706T122334Z,24.8,71.2
20260706T122349Z,24.7,72.3
20260706T122404Z,24.7,73.3
20260706T122419Z,24.7,75.4
20260706T122434Z,24.7,76.1
20260706T122449Z,24.7,76.5
20260706T122504Z,24.7,76.9
20260706T122519Z,24.7,77.7
20260706T122534Z,24.7,77.9
20260706T122549Z,24.7,78.1
20260706T122604Z,24.7,78.6
20260706T122619Z,24.7,79.0
20260706T122634Z,24.7,79.3
20260706T122649Z,24.7,79.6
20260706T122704Z,24.8,80.0
20260706T122719Z,24.8,80.4
20260706T122734Z,24.8,80.5
20260706T122749Z,24.8,80.8
20260706T122804Z,24.8,81.3
20260706T122819Z,24.8,81.7
20260706T122834Z,24.9,81.8
20260706T122849Z,24.9,82.4
20260706T122904Z,24.9,82.2
20260706T122919Z,24.9,82.6
20260706T122934Z,25.0,82.8
20260706T122949Z,25.0,83.0
20260706T123004Z,25.0,83.4
20260706T123019Z,25.0,83.5
20260706T123034Z,25.0,83.8
20260706T123049Z,25.1,84.0
20260706T123104Z,25.1,84.4
20260706T123119Z,25.1,84.3
20260706T123134Z,25.1,84.7
20260706T123149Z,25.1,84.8
20260706T123204Z,25.1,85.1
20260706T123219Z,25.2,85.1
20260706T123234Z,25.2,85.1
20260706T123249Z,25.2,85.4
20260706T123304Z,25.2,85.6
20260706T123319Z,25.2,85.7
20260706T123334Z,25.3,85.8
20260706T123349Z,25.3,85.9
20260706T123404Z,25.3,86.0
20260706T123419Z,25.3,86.1
20260706T123434Z,25.3,86.1
20260706T123449Z,25.4,86.3
20260706T123504Z,25.4,86.4
20260706T123519Z,25.4,86.5
20260706T123534Z,25.4,86.4
20260706T123549Z,25.4,86.5
20260706T123604Z,25.5,86.6
20260706T123619Z,25.5,86.6
20260706T123634Z,25.5,86.7
20260706T123649Z,25.5,86.7
20260706T123704Z,25.5,86.7
20260706T123719Z,25.5,86.7
20260706T123734Z,25.6,86.7
20260706T123749Z,25.6,86.7
20260706T123804Z,25.6,86.7
20260706T123819Z,25.7,86.7
20260706T123834Z,25.7,86.7
20260706T123849Z,25.7,86.7
20260706T123904Z,25.7,86.1
20260706T123919Z,25.7,85.0
20260706T123934Z,25.7,84.0
20260706T123949Z,25.7,83.9
20260706T124004Z,25.6,82.9
20260706T124019Z,25.6,82.2
20260706T124034Z,25.6,81.2
20260706T124049Z,25.5,79.8
20260706T124104Z,25.5,79.1
20260706T124119Z,25.4,78.7
20260706T124134Z,25.4,78.3
20260706T124149Z,25.3,76.6
20260706T124204Z,25.3,75.5
20260706T124219Z,25.2,74.6
20260706T124234Z,25.1,74.2
20260706T124249Z,25.1,72.9
20260706T124304Z,25.0,72.2
20260706T124319Z,24.8,71.2
20260706T124334Z,24.7,71.1
20260706T124349Z,24.6,72.2
20260706T124404Z,24.6,73.4
20260706T124419Z,24.6,75.4
20260706T124434Z,24.6,76.8
20260706T124449Z,24.6,77.7
20260706T124504Z,24.5,78.1
20260706T124519Z,24.5,78.6
20260706T124534Z,24.5,78.7
20260706T124549Z,24.6,78.8
20260706T124604Z,24.6,79.3
20260706T124619Z,24.6,79.7
20260706T124634Z,24.6,79.9
20260706T124649Z,24.6,80.2
20260706T124704Z,24.7,80.4
20260706T124719Z,24.7,81.0
20260706T124734Z,24.7,81.3
20260706T124749Z,24.7,81.4
20260706T124804Z,24.7,81.8
20260706T124819Z,24.8,82.0
20260706T124834Z,24.8,82.3
20260706T124849Z,24.8,82.4
20260706T124904Z,24.9,82.9
20260706T124919Z,24.9,82.8
20260706T124934Z,24.9,83.5
20260706T124949Z,24.9,83.6
20260706T125005Z,25.0,83.7
20260706T125020Z,25.0,84.1
20260706T125034Z,25.0,84.2
20260706T125049Z,25.0,84.5
20260706T125104Z,25.0,84.8
20260706T125119Z,25.1,84.7
20260706T125134Z,25.1,85.0
20260706T125149Z,25.1,85.3
20260706T125204Z,25.1,85.3
20260706T125219Z,25.1,85.4
20260706T125234Z,25.2,85.6
20260706T125249Z,25.2,86.1
20260706T125304Z,25.2,86.0
20260706T125319Z,25.2,86.1
20260706T125334Z,25.2,86.4
20260706T125349Z,25.2,86.4
20260706T125404Z,25.3,86.5
20260706T125419Z,25.3,86.6
20260706T125434Z,25.3,86.8
20260706T125449Z,25.3,86.7
20260706T125504Z,25.3,86.9
20260706T125519Z,25.4,86.9
20260706T125534Z,25.4,87.0
20260706T125549Z,25.4,87.1
20260706T125604Z,25.4,87.1
20260706T125619Z,25.4,87.1
20260706T125634Z,25.5,87.1
20260706T125649Z,25.5,87.2
20260706T125704Z,25.5,87.3
20260706T125719Z,25.5,87.3
20260706T125734Z,25.5,87.3
20260706T125749Z,25.6,87.3
20260706T125804Z,25.6,87.2
20260706T125819Z,25.6,87.3
20260706T125834Z,25.6,87.2
20260706T125849Z,25.7,87.2
20260706T125904Z,25.7,87.2
20260706T125919Z,25.7,87.2
20260706T125934Z,25.7,86.6
20260706T125949Z,25.7,86.1
20260706T130004Z,25.7,84.9
20260706T130019Z,25.7,84.2
20260706T130034Z,25.7,82.8
20260706T130049Z,25.6,82.2
20260706T130104Z,25.6,81.5
20260706T130119Z,25.6,80.8
20260706T130134Z,25.5,79.4
20260706T130149Z,25.5,78.8
20260706T130204Z,25.4,77.5
20260706T130219Z,25.3,77.0
20260706T130234Z,25.2,75.8
20260706T130249Z,25.2,74.9
20260706T130305Z,25.1,74.6
20260706T130319Z,25.0,73.9
20260706T130334Z,24.9,73.1
20260706T130349Z,24.9,72.0
20260706T130404Z,24.8,71.3
20260706T130419Z,24.7,72.3
20260706T130434Z,24.6,74.1
20260706T130449Z,24.6,75.8
20260706T130504Z,24.6,77.3
20260706T130519Z,24.5,77.9
20260706T130534Z,24.5,78.3
20260706T130549Z,24.5,78.6
20260706T130605Z,24.5,78.8
20260706T130619Z,24.5,79.0
20260706T130634Z,24.5,79.5
20260706T130649Z,24.6,79.8
20260706T130704Z,24.6,80.3
20260706T130719Z,24.6,80.7
20260706T130734Z,24.6,80.9
20260706T130749Z,24.6,81.0
20260706T130804Z,24.7,81.3
20260706T130819Z,24.7,81.7
20260706T130834Z,24.7,81.9
20260706T130849Z,24.8,82.4
20260706T130904Z,24.8,82.7
20260706T130919Z,24.8,82.9
20260706T130934Z,24.8,83.0
20260706T130949Z,24.9,83.3
20260706T131004Z,24.9,83.4
20260706T131019Z,24.9,83.8
20260706T131034Z,24.9,83.9
20260706T131049Z,24.9,84.1
20260706T131104Z,25.0,84.4
20260706T131119Z,25.0,84.5
20260706T131134Z,25.0,84.6
20260706T131149Z,25.0,84.9
20260706T131204Z,25.1,85.0
20260706T131219Z,25.1,85.3
20260706T131234Z,25.1,85.4
20260706T131249Z,25.1,85.6
20260706T131304Z,25.1,85.9
20260706T131319Z,25.2,85.9
20260706T131334Z,25.2,86.2
20260706T131349Z,25.2,86.2
20260706T131404Z,25.2,86.6
20260706T131419Z,25.2,86.6
20260706T131434Z,25.2,86.8
20260706T131449Z,25.3,86.8
20260706T131504Z,25.3,86.9
20260706T131519Z,25.3,87.1
20260706T131534Z,25.3,87.0
20260706T131549Z,25.3,87.2
20260706T131604Z,25.3,87.3
20260706T131619Z,25.4,87.4
20260706T131634Z,25.4,87.3
20260706T131649Z,25.4,87.5
20260706T131704Z,25.4,87.5
20260706T131719Z,25.5,87.6
20260706T131734Z,25.5,87.6
20260706T131749Z,25.5,87.6
20260706T131804Z,25.5,87.6
20260706T131819Z,25.5,87.7
20260706T131834Z,25.6,87.6
20260706T131849Z,25.6,87.6
20260706T131904Z,25.6,87.6
20260706T131919Z,25.6,87.5
20260706T131934Z,25.7,87.6
20260706T131949Z,25.6,87.6
20260706T132004Z,25.7,87.6
20260706T132019Z,25.7,87.5
20260706T132034Z,25.7,87.3
20260706T132049Z,25.7,86.9
20260706T132104Z,25.7,85.0
20260706T132119Z,25.7,84.6
20260706T132134Z,25.7,83.8
20260706T132149Z,25.6,82.9
20260706T132204Z,25.6,82.4
20260706T132219Z,25.5,81.8
20260706T132234Z,25.5,80.6
20260706T132249Z,25.5,79.6
20260706T132304Z,25.4,78.8
20260706T132319Z,25.4,78.3
20260706T132334Z,25.3,76.9
20260706T132349Z,25.3,76.0
20260706T132404Z,25.2,74.9
20260706T132419Z,25.2,74.0
20260706T132434Z,25.1,72.9
20260706T132449Z,25.0,72.6
20260706T132504Z,24.9,71.8
20260706T132519Z,24.8,72.4
20260706T132534Z,24.7,73.4
20260706T132549Z,24.7,74.6
20260706T132604Z,24.7,76.8
20260706T132619Z,24.7,77.5
20260706T132634Z,24.6,77.7
20260706T132649Z,24.6,78.2
20260706T132704Z,24.6,78.6
20260706T132719Z,24.6,79.1
20260706T132734Z,24.6,79.5
20260706T132749Z,24.6,79.9
20260706T132804Z,24.6,80.3
20260706T132819Z,24.6,80.5
20260706T132834Z,24.6,81.1
20260706T132849Z,24.7,81.3
20260706T132904Z,24.7,81.5
20260706T132919Z,24.7,81.9
20260706T132934Z,24.7,82.2
20260706T132949Z,24.8,82.5
20260706T133004Z,24.8,82.5
20260706T133019Z,24.8,83.1
20260706T133034Z,24.8,83.3
20260706T133049Z,24.9,83.3
20260706T133104Z,24.9,83.5
20260706T133119Z,24.9,83.9
20260706T133134Z,24.9,84.2
20260706T133149Z,25.0,84.4
20260706T133204Z,25.0,84.6
20260706T133219Z,25.0,84.8
20260706T133234Z,25.0,85.0
20260706T133249Z,25.0,85.2
20260706T133304Z,25.1,85.3
20260706T133319Z,25.1,85.5
20260706T133334Z,25.1,85.8
20260706T133349Z,25.1,86.0
20260706T133404Z,25.1,86.0
20260706T133419Z,25.2,86.3
20260706T133434Z,25.2,86.4
20260706T133449Z,25.2,86.6
20260706T133504Z,25.2,86.8
20260706T133519Z,25.2,87.0
20260706T133534Z,25.2,87.0
20260706T133549Z,25.3,87.1
20260706T133604Z,25.3,87.1
20260706T133619Z,25.3,87.4
20260706T133634Z,25.3,87.5
20260706T133649Z,25.3,87.6
20260706T133704Z,25.3,87.7
20260706T133719Z,25.4,87.8
20260706T133734Z,25.4,87.2
20260706T133749Z,25.4,87.5
20260706T133804Z,25.4,86.1
20260706T133819Z,25.4,85.1
20260706T133834Z,25.3,84.3
20260706T133849Z,25.3,83.2
20260706T133904Z,25.2,82.2
20260706T133919Z,25.2,81.7
20260706T133934Z,25.2,81.0
20260706T133949Z,25.1,80.0
20260706T134005Z,25.0,79.4
20260706T134020Z,25.0,78.7
20260706T134034Z,24.9,77.8
20260706T134049Z,24.9,77.0
20260706T134104Z,24.8,76.3
20260706T134119Z,24.8,75.1
20260706T134134Z,24.7,74.4
20260706T134149Z,24.6,73.7
20260706T134204Z,24.6,73.3
20260706T134219Z,24.5,72.5
20260706T134234Z,24.5,72.0
20260706T134249Z,24.4,71.3
20260706T134304Z,24.3,70.5
20260706T134319Z,24.3,70.0
20260706T134334Z,24.2,69.6
20260706T134349Z,24.1,69.0
20260706T134404Z,24.0,68.4
20260706T134419Z,24.0,68.1
20260706T134434Z,23.9,67.7
20260706T134449Z,23.8,67.7
20260706T134504Z,23.8,67.0
20260706T134519Z,23.7,66.7
20260706T134534Z,23.7,66.1
20260706T134549Z,23.6,65.7
20260706T134604Z,23.6,66.0
20260706T134619Z,23.6,65.2
20260706T134634Z,23.5,65.0
20260706T134649Z,23.5,63.9
20260706T134704Z,23.4,63.6
20260706T134719Z,23.3,63.2
20260706T134734Z,23.2,62.7
20260706T134749Z,23.0,62.6
20260706T134804Z,22.9,62.6
20260706T134819Z,22.8,63.2
20260706T134834Z,22.8,63.0
20260706T134849Z,22.8,63.5
20260706T134904Z,22.8,64.4
20260706T134919Z,22.8,65.5
20260706T134934Z,22.9,67.2
20260706T134949Z,23.0,69.2
20260706T135004Z,23.1,69.7
20260706T135019Z,23.2,70.1
20260706T135034Z,23.2,69.8
20260706T135049Z,23.3,70.0
20260706T135104Z,23.3,70.8
20260706T135119Z,23.4,71.2
20260706T135134Z,23.5,71.7
20260706T135149Z,23.5,72.3
20260706T135204Z,23.6,72.6
20260706T135219Z,23.6,73.1
20260706T135234Z,23.6,73.6
20260706T135249Z,23.7,74.0
20260706T135305Z,23.8,74.3
20260706T135320Z,23.8,74.7
20260706T135334Z,23.8,74.9
20260706T135349Z,23.9,75.6
20260706T135404Z,24.0,75.7
20260706T135419Z,24.0,75.8
20260706T135434Z,24.1,76.6
20260706T135449Z,24.1,76.5
20260706T135504Z,24.2,76.9
20260706T135519Z,24.2,77.3
20260706T135534Z,24.2,77.7
20260706T135549Z,24.3,78.1
20260706T135606Z,24.3,78.2
20260706T135620Z,24.3,78.2
20260706T135634Z,24.3,78.4
20260706T135649Z,24.4,77.4
20260706T135704Z,24.4,76.5
20260706T135719Z,24.4,76.1
20260706T135734Z,24.4,75.1
20260706T135749Z,24.4,74.3
20260706T135804Z,24.4,73.6
20260706T135819Z,24.4,72.9
20260706T135834Z,24.3,71.6
20260706T135849Z,24.3,70.5
20260706T135904Z,24.1,69.7
20260706T135919Z,24.0,69.3
20260706T135934Z,23.9,69.1
20260706T135949Z,23.7,68.0
20260706T140004Z,23.6,67.7
20260706T140019Z,23.5,67.4
20260706T140034Z,23.4,67.3
20260706T140049Z,23.3,66.8
20260706T140104Z,23.2,66.0
20260706T140119Z,23.1,65.6
20260706T140134Z,23.0,65.4
20260706T140150Z,22.9,65.0
20260706T140204Z,22.8,64.6
20260706T140219Z,22.7,64.3
20260706T140234Z,22.6,64.5
20260706T140249Z,22.6,65.8
20260706T140304Z,22.6,67.0
20260706T140319Z,22.7,68.6
20260706T140334Z,22.7,70.3
20260706T140349Z,22.8,70.8
20260706T140404Z,22.9,70.9
20260706T140419Z,23.0,71.4
20260706T140434Z,23.1,71.8
20260706T140449Z,23.1,71.8
20260706T140504Z,23.2,72.3
20260706T140519Z,23.3,72.8
20260706T140534Z,23.3,73.1
20260706T140549Z,23.4,73.9
20260706T140604Z,23.5,74.4
20260706T140619Z,23.5,74.1
20260706T140634Z,23.6,74.5
20260706T140649Z,23.6,75.1
20260706T140704Z,23.7,75.3
20260706T140719Z,23.7,75.9
20260706T140734Z,23.8,76.0
20260706T140749Z,23.8,76.2
20260706T140804Z,23.9,76.8
20260706T140819Z,23.9,77.2
20260706T140835Z,23.9,77.3
20260706T140849Z,24.0,77.9
20260706T140904Z,24.0,78.2
20260706T140919Z,24.1,78.7
20260706T140934Z,24.1,78.9
20260706T140949Z,24.1,78.9
20260706T141004Z,24.2,79.1
20260706T141019Z,24.2,79.4
20260706T141034Z,24.2,79.9
20260706T141049Z,24.3,80.2
20260706T141104Z,24.3,79.6
20260706T141119Z,24.3,79.2
20260706T141135Z,24.3,78.1
20260706T141150Z,24.3,77.6
20260706T141204Z,24.3,76.9
20260706T141219Z,24.3,76.1
20260706T141235Z,24.3,75.4
20260706T141249Z,24.3,73.9
20260706T141304Z,24.3,73.2
20260706T141319Z,24.2,71.9
20260706T141334Z,24.1,71.0
20260706T141350Z,24.0,70.5
20260706T141404Z,23.9,69.7
20260706T141420Z,23.8,69.3
20260706T141434Z,23.7,68.9
20260706T141450Z,23.6,68.6
20260706T141504Z,23.5,67.9
20260706T141519Z,23.3,67.7
20260706T141535Z,23.2,67.2
20260706T141549Z,23.1,66.7
20260706T141604Z,23.0,66.2
20260706T141620Z,22.9,66.1
20260706T141634Z,22.9,65.3
20260706T141650Z,22.8,65.2
20260706T141704Z,22.7,65.3
20260706T141720Z,22.6,66.8
20260706T141734Z,22.7,68.0
20260706T141750Z,22.7,69.8
20260706T141805Z,22.8,70.6
20260706T141819Z,22.9,71.3
20260706T141834Z,22.9,71.7
20260706T141849Z,23.0,71.8
20260706T141904Z,23.1,72.2
20260706T141919Z,23.2,72.6
20260706T141935Z,23.3,72.9
20260706T141949Z,23.3,73.2
20260706T142005Z,23.4,73.5
20260706T142019Z,23.4,74.0
20260706T142035Z,23.5,74.3
20260706T142049Z,23.5,74.7
20260706T142105Z,23.6,74.9
20260706T142119Z,23.6,75.1
20260706T142135Z,23.7,75.8
20260706T142149Z,23.7,75.8
20260706T142204Z,23.8,76.3
20260706T142220Z,23.8,76.6
20260706T142234Z,23.9,77.0
20260706T142250Z,23.9,77.4
20260706T142305Z,24.0,77.6
20260706T142319Z,24.0,78.0
20260706T142335Z,24.0,78.3
20260706T142349Z,24.0,78.5
20260706T142404Z,24.1,78.6
20260706T142420Z,24.1,79.1
20260706T142434Z,24.2,79.6
20260706T142449Z,24.2,79.6
20260706T142505Z,24.2,80.0
20260706T142520Z,24.2,80.3
20260706T142534Z,24.3,80.5
20260706T142550Z,24.3,80.7
20260706T142604Z,24.3,80.4
20260706T142620Z,24.3,79.6
20260706T142634Z,24.3,78.8
20260706T142650Z,24.3,77.6
20260706T142704Z,24.3,77.2
20260706T142720Z,24.3,76.8
20260706T142734Z,24.3,76.2
20260706T142750Z,24.2,75.0
20260706T142805Z,24.2,73.6
20260706T142819Z,24.2,72.5
20260706T142834Z,24.1,72.0
20260706T142849Z,24.0,70.9
20260706T142905Z,23.8,70.2
20260706T142919Z,23.7,69.8
20260706T142935Z,23.6,69.0
20260706T142950Z,23.5,68.8
20260706T143004Z,23.4,68.3
20260706T143020Z,23.3,68.1
20260706T143034Z,23.2,67.3
20260706T143050Z,23.1,66.8
20260706T143104Z,23.0,66.3
20260706T143119Z,22.9,65.8
20260706T143135Z,22.8,65.4
20260706T143149Z,22.7,66.0
20260706T143204Z,22.7,67.4
20260706T143220Z,22.7,68.5
20260706T143234Z,22.7,70.5
20260706T143250Z,22.8,71.2
20260706T143304Z,22.9,71.8
20260706T143320Z,23.0,72.5
20260706T143334Z,23.0,72.7
20260706T143350Z,23.1,72.9
20260706T143404Z,23.2,73.2
20260706T143420Z,23.3,73.3
20260706T143434Z,23.3,74.0
20260706T143449Z,23.3,74.3
20260706T143504Z,23.4,74.7
20260706T143519Z,23.5,75.1
20260706T143535Z,23.5,75.8
20260706T143550Z,23.5,75.8
20260706T143605Z,23.6,76.1
20260706T143619Z,23.6,76.4
20260706T143635Z,23.7,77.1
20260706T143649Z,23.7,77.2
20260706T143705Z,23.7,77.3
20260706T143719Z,23.8,77.9
20260706T143734Z,23.9,78.1
20260706T143749Z,23.9,78.4
20260706T143805Z,23.9,78.8
20260706T143819Z,24.0,79.0
20260706T143835Z,24.0,79.4
20260706T143850Z,24.0,79.4
20260706T143904Z,24.1,79.6
20260706T143920Z,24.1,79.9
20260706T143934Z,24.1,80.5
20260706T143950Z,24.1,80.6
20260706T144006Z,24.2,80.7
20260706T144020Z,24.2,81.3
20260706T144035Z,24.2,81.4
20260706T144049Z,24.2,81.7
20260706T144104Z,24.3,81.2
20260706T144120Z,24.3,80.7
20260706T144134Z,24.3,79.6
20260706T144149Z,24.3,79.0
20260706T144204Z,24.3,78.7
20260706T144220Z,24.2,77.8
20260706T144234Z,24.2,77.3
20260706T144250Z,24.2,76.4
20260706T144304Z,24.1,76.0
20260706T144320Z,24.1,75.4
20260706T144334Z,24.1,74.1
20260706T144350Z,24.1,73.6
20260706T144404Z,24.0,72.5
20260706T144420Z,24.0,72.1
20260706T144435Z,24.0,70.9
20260706T144449Z,23.9,70.2
20260706T144504Z,23.9,69.6
20260706T144520Z,23.8,69.3
20260706T144534Z,23.8,68.8
20260706T144550Z,23.7,68.2
20260706T144604Z,23.7,67.5
20260706T144620Z,23.6,67.9
20260706T144634Z,23.5,68.5
20260706T144650Z,23.5,68.2
20260706T144704Z,23.5,67.6
20260706T144719Z,23.4,67.2
20260706T144734Z,23.4,66.8
20260706T144749Z,23.4,66.3
20260706T144805Z,23.4,65.4
20260706T144819Z,23.3,64.6
20260706T144835Z,23.2,64.4
20260706T144849Z,23.1,63.9
20260706T144905Z,22.9,63.7
20260706T144919Z,22.9,63.6
20260706T144935Z,22.8,63.3
20260706T144949Z,22.7,64.0
20260706T145005Z,22.7,65.0
20260706T145020Z,22.7,66.4
20260706T145035Z,22.8,68.9
20260706T145050Z,22.9,69.9
20260706T145105Z,22.9,70.4
20260706T145119Z,23.0,70.9
20260706T145135Z,23.1,71.2
20260706T145149Z,23.2,71.9
20260706T145205Z,23.3,72.1
20260706T145219Z,23.3,72.5
20260706T145235Z,23.4,73.0
20260706T145249Z,23.4,73.3
20260706T145304Z,23.5,73.8
20260706T145320Z,23.5,74.5
20260706T145334Z,23.6,75.1
20260706T145350Z,23.6,75.3
20260706T145405Z,23.7,75.5
20260706T145419Z,23.7,76.4
20260706T145435Z,23.8,76.7
20260706T145450Z,23.8,77.0
20260706T145505Z,23.8,77.3
20260706T145519Z,23.9,78.0
20260706T145535Z,23.9,78.3
20260706T145549Z,23.9,78.5
20260706T145604Z,24.0,78.9
20260706T145620Z,24.0,78.9
20260706T145634Z,24.0,79.7
20260706T145650Z,24.0,80.3
20260706T145704Z,24.1,80.6
20260706T145719Z,24.1,80.3
20260706T145734Z,24.1,80.1
20260706T145750Z,24.2,78.7
20260706T145804Z,24.2,77.9
20260706T145820Z,24.2,76.9
20260706T145834Z,24.2,76.6
20260706T145850Z,24.2,75.9
20260706T145905Z,24.2,75.2
20260706T145919Z,24.1,74.4
20260706T145935Z,24.1,73.4
20260706T145949Z,24.1,72.3
20260706T150004Z,24.1,71.6
20260706T150020Z,24.0,71.1
20260706T150034Z,24.0,69.8
20260706T150049Z,23.9,69.4
20260706T150105Z,23.8,69.0
20260706T150119Z,23.8,68.2
20260706T150135Z,23.7,67.8
20260706T150149Z,23.7,67.3
20260706T150205Z,23.6,66.7
20260706T150219Z,23.5,66.1
20260706T150235Z,23.4,65.8
20260706T150249Z,23.3,65.5
20260706T150304Z,23.3,65.9
20260706T150320Z,23.3,66.7
20260706T150335Z,23.3,68.2
20260706T150349Z,23.3,70.1
20260706T150405Z,23.4,71.9
20260706T150420Z,23.4,72.3
20260706T150435Z,23.4,72.8
20260706T150449Z,23.5,73.2
20260706T150505Z,23.5,73.5
20260706T150519Z,23.5,73.6
20260706T150535Z,23.6,73.9
20260706T150549Z,23.6,74.4
20260706T150605Z,23.6,74.6
20260706T150619Z,23.7,75.1
20260706T150635Z,23.7,75.7
20260706T150650Z,23.8,76.2
20260706T150706Z,23.8,76.4
20260706T150720Z,23.8,76.7
20260706T150735Z,23.9,77.4
20260706T150749Z,23.9,77.6
20260706T150804Z,23.9,77.9
20260706T150820Z,23.9,78.4
20260706T150834Z,24.0,78.5
20260706T150850Z,24.0,79.0
20260706T150904Z,24.0,79.3
20260706T150920Z,24.1,79.8
20260706T150934Z,24.1,79.9
20260706T150950Z,24.1,80.2
20260706T151005Z,24.1,80.5
20260706T151020Z,24.2,80.7
20260706T151035Z,24.2,80.9
20260706T151050Z,24.2,81.2
20260706T151105Z,24.2,81.6
20260706T151120Z,24.3,81.9
20260706T151134Z,24.3,82.1
20260706T151150Z,24.3,82.3
20260706T151204Z,24.3,82.4
20260706T151220Z,24.4,82.8
20260706T151235Z,24.4,82.8
20260706T151250Z,24.4,83.0
20260706T151305Z,24.5,83.4
20260706T151320Z,24.5,83.5
20260706T151335Z,24.5,83.8
20260706T151350Z,24.5,84.1
20260706T151405Z,24.5,84.2
20260706T151420Z,24.6,84.4
20260706T151435Z,24.6,84.7
20260706T151450Z,24.6,84.9
20260706T151504Z,24.6,85.0
20260706T151520Z,24.6,85.1
20260706T151535Z,24.6,85.2
20260706T151550Z,24.7,85.7
20260706T151605Z,24.7,85.8
20260706T151620Z,24.7,85.9
20260706T151635Z,24.7,86.2
20260706T151650Z,24.7,86.2
20260706T151705Z,24.7,86.4
20260706T151720Z,24.8,86.5
20260706T151735Z,24.8,86.6
20260706T151750Z,24.8,86.6
20260706T151805Z,24.8,86.9
20260706T151820Z,24.8,87.0
20260706T151835Z,24.9,87.4
20260706T151850Z,24.9,87.3
20260706T151905Z,24.9,87.5
20260706T151920Z,24.9,87.6
20260706T151935Z,24.9,87.6
20260706T151950Z,24.9,87.9
20260706T152005Z,24.9,88.1
20260706T152020Z,24.9,88.1
20260706T152035Z,24.9,88.1
20260706T152050Z,25.0,88.2
20260706T152105Z,25.0,88.4
20260706T152120Z,25.0,88.4
20260706T152135Z,25.0,88.6
20260706T152150Z,25.0,88.6
20260706T152205Z,25.1,88.8
20260706T152220Z,25.1,88.9
20260706T152235Z,25.1,89.0
20260706T152250Z,25.1,89.0
20260706T152305Z,25.1,89.0
20260706T152320Z,25.1,89.0
20260706T152335Z,25.1,89.2
20260706T152350Z,25.1,89.2
20260706T152405Z,25.1,89.3
20260706T152420Z,25.2,89.4
20260706T152435Z,25.2,89.5
20260706T152450Z,25.2,89.5
20260706T152505Z,25.2,89.7
20260706T152520Z,25.2,89.6
20260706T152535Z,25.2,89.7
20260706T152550Z,25.2,89.7
20260706T152605Z,25.3,89.7
20260706T152620Z,25.3,89.9
20260706T152635Z,25.3,89.9
20260706T152650Z,25.3,90.0
20260706T152705Z,25.3,90.0
20260706T152720Z,25.3,90.1
20260706T152735Z,25.3,90.0
20260706T152750Z,25.4,90.2
20260706T152805Z,25.4,90.3
20260706T152820Z,25.4,90.2
20260706T152835Z,25.4,90.3
20260706T152850Z,25.4,90.4
20260706T152905Z,25.4,90.4
20260706T152920Z,25.4,90.4
20260706T152935Z,25.4,90.4
20260706T152950Z,25.4,90.5
20260706T153005Z,25.5,90.5
20260706T153020Z,25.5,90.4
20260706T153035Z,25.5,90.5
20260706T153050Z,25.5,90.5
20260706T153105Z,25.5,90.6
20260706T153120Z,25.5,90.6
20260706T153135Z,25.5,90.6
20260706T153150Z,25.6,90.6
20260706T153205Z,25.6,90.7
20260706T153220Z,25.6,90.7
20260706T153235Z,25.6,90.7
20260706T153250Z,25.6,90.6
20260706T153305Z,25.6,90.7
20260706T153320Z,25.6,90.6
20260706T153335Z,25.6,90.8
20260706T153350Z,25.6,90.7
20260706T153405Z,25.7,90.6
20260706T153420Z,25.7,90.3
20260706T153435Z,25.7,89.9
20260706T153450Z,25.7,88.0
20260706T153505Z,25.7,87.7
20260706T153520Z,25.6,87.0
20260706T153535Z,25.6,86.1
20260706T153550Z,25.6,84.6
20260706T153605Z,25.5,83.9
20260706T153620Z,25.4,83.0
20260706T153635Z,25.3,82.0
20260706T153650Z,25.3,81.5
20260706T153705Z,25.2,80.6
20260706T153720Z,25.1,79.9
20260706T153735Z,25.1,79.0
20260706T153750Z,25.0,77.7
20260706T153805Z,25.0,76.8
20260706T153820Z,24.9,76.6
20260706T153835Z,24.8,75.5
20260706T153850Z,24.7,76.9
20260706T153905Z,24.7,78.7
20260706T153920Z,24.6,79.6
20260706T153935Z,24.6,80.9
20260706T153950Z,24.5,81.6
20260706T154005Z,24.6,81.8
20260706T154020Z,24.5,82.3
20260706T154035Z,24.5,82.5
20260706T154050Z,24.5,82.7
20260706T154105Z,24.6,83.3
20260706T154120Z,24.6,83.7
20260706T154135Z,24.6,83.7
20260706T154150Z,24.6,84.1
20260706T154205Z,24.6,84.4
20260706T154220Z,24.6,84.7
20260706T154235Z,24.7,85.0
20260706T154250Z,24.7,85.3
20260706T154305Z,24.7,85.4
20260706T154320Z,24.7,85.6
20260706T154335Z,24.8,85.7
20260706T154350Z,24.8,86.2
20260706T154405Z,24.8,86.4
20260706T154420Z,24.8,86.6
20260706T154435Z,24.8,86.8
20260706T154450Z,24.8,87.0
20260706T154505Z,24.9,87.1
20260706T154520Z,24.9,87.3
20260706T154535Z,24.9,87.7
20260706T154550Z,24.9,87.6
20260706T154605Z,24.9,87.9
20260706T154620Z,25.0,88.1
20260706T154635Z,25.0,88.2
20260706T154650Z,25.0,88.4
20260706T154705Z,25.0,88.6
20260706T154720Z,25.0,88.5
20260706T154735Z,25.0,88.8
20260706T154750Z,25.1,89.0
20260706T154805Z,25.1,89.0
20260706T154820Z,25.1,89.2
20260706T154835Z,25.1,89.4
20260706T154850Z,25.1,89.5
20260706T154905Z,25.1,89.6
20260706T154920Z,25.2,89.6
20260706T154935Z,25.2,89.8
20260706T154950Z,25.2,89.8
20260706T155005Z,25.2,89.9
20260706T155020Z,25.2,90.0
20260706T155035Z,25.2,90.1
20260706T155050Z,25.3,90.2
20260706T155105Z,25.3,90.3
20260706T155120Z,25.3,90.3
20260706T155135Z,25.3,90.5
20260706T155150Z,25.3,90.5
20260706T155205Z,25.3,90.7
20260706T155220Z,25.3,90.7
20260706T155235Z,25.3,90.8
20260706T155250Z,25.4,90.9
20260706T155305Z,25.4,90.9
20260706T155320Z,25.4,90.9
20260706T155335Z,25.4,91.0
20260706T155350Z,25.4,91.0
20260706T155405Z,25.4,91.0
20260706T155420Z,25.4,91.0
20260706T155435Z,25.5,91.0
20260706T155450Z,25.5,91.1
20260706T155505Z,25.5,91.1
20260706T155520Z,25.5,91.2
20260706T155535Z,25.5,91.2
20260706T155550Z,25.5,91.3
20260706T155605Z,25.5,91.3
20260706T155620Z,25.6,91.3
20260706T155635Z,25.6,91.3
20260706T155650Z,25.6,91.3
20260706T155705Z,25.6,91.4
20260706T155720Z,25.6,91.4
20260706T155735Z,25.6,91.3
20260706T155750Z,25.6,91.4
20260706T155805Z,25.6,91.5
20260706T155820Z,25.6,91.5
20260706T155835Z,25.6,90.7
20260706T155850Z,25.6,89.5
20260706T155905Z,25.6,88.5
20260706T155920Z,25.6,87.8
20260706T155935Z,25.6,86.5
20260706T155950Z,25.5,86.0
20260706T160005Z,25.5,85.4
20260706T160020Z,25.4,84.2
20260706T160035Z,25.3,83.6
20260706T160050Z,25.3,82.5
20260706T160106Z,25.2,81.6
20260706T160120Z,25.2,80.8
20260706T160135Z,25.1,79.8
20260706T160150Z,25.1,79.3
20260706T160206Z,25.0,77.8
20260706T160220Z,24.9,77.3
20260706T160235Z,24.8,76.6
20260706T160250Z,24.7,76.0
20260706T160305Z,24.7,76.3
20260706T160320Z,24.6,77.7
20260706T160335Z,24.6,79.4
20260706T160350Z,24.6,80.3
20260706T160405Z,24.6,81.3
20260706T160420Z,24.5,81.9
20260706T160435Z,24.5,82.2
20260706T160450Z,24.5,82.5
20260706T160505Z,24.5,82.6
20260706T160520Z,24.5,83.2
20260706T160535Z,24.5,83.5
20260706T160550Z,24.5,83.9
20260706T160605Z,24.6,84.2
20260706T160620Z,24.6,84.5
20260706T160635Z,24.6,84.8
20260706T160650Z,24.6,85.0
20260706T160705Z,24.7,85.5
20260706T160720Z,24.7,85.7
20260706T160735Z,24.7,85.9
20260706T160750Z,24.7,86.1
20260706T160805Z,24.7,86.3
20260706T160820Z,24.8,86.4
20260706T160835Z,24.8,86.8
20260706T160850Z,24.8,87.0
20260706T160905Z,24.8,87.1
20260706T160920Z,24.9,87.3
20260706T160935Z,24.9,87.5
20260706T160950Z,24.9,87.7
20260706T161005Z,24.9,87.9
20260706T161020Z,25.0,88.0
20260706T161035Z,25.0,88.2
20260706T161050Z,25.0,88.5
20260706T161105Z,25.0,88.6
20260706T161120Z,25.0,88.8
20260706T161135Z,25.0,88.8
20260706T161150Z,25.1,89.1
20260706T161206Z,25.1,89.2
20260706T161220Z,25.1,89.3
20260706T161235Z,25.1,89.5
20260706T161250Z,25.1,89.7
20260706T161306Z,25.1,89.8
20260706T161320Z,25.2,89.9
20260706T161335Z,25.2,89.9
20260706T161350Z,25.2,90.2
20260706T161405Z,25.2,90.3
20260706T161420Z,25.3,90.3
20260706T161435Z,25.3,90.6
20260706T161450Z,25.3,90.6
20260706T161505Z,25.3,90.6
20260706T161520Z,25.3,90.8
20260706T161535Z,25.3,90.9
20260706T161550Z,25.3,90.9
20260706T161605Z,25.3,91.0
20260706T161620Z,25.4,91.0
20260706T161635Z,25.4,91.2
20260706T161650Z,25.4,91.2
20260706T161705Z,25.4,91.2
20260706T161720Z,25.4,91.2
20260706T161735Z,25.5,91.3
20260706T161750Z,25.5,91.4
20260706T161805Z,25.5,91.3
20260706T161820Z,25.5,91.4
20260706T161835Z,25.5,91.4
20260706T161850Z,25.5,91.5
20260706T161905Z,25.5,91.5
20260706T161920Z,25.5,91.6
20260706T161935Z,25.6,91.6
20260706T161950Z,25.6,91.7
20260706T162005Z,25.6,91.7
20260706T162020Z,25.6,91.7
20260706T162035Z,25.6,91.7
20260706T162050Z,25.7,91.7
20260706T162105Z,25.7,91.7
20260706T162120Z,25.7,91.6
20260706T162135Z,25.7,91.2
20260706T162150Z,25.7,89.9
20260706T162205Z,25.6,88.4
20260706T162220Z,25.6,88.1
20260706T162235Z,25.6,87.5
20260706T162250Z,25.6,86.3
20260706T162305Z,25.5,85.4
20260706T162320Z,25.5,84.8
20260706T162335Z,25.4,84.0
20260706T162350Z,25.4,82.6
20260706T162405Z,25.3,81.7
20260706T162420Z,25.3,80.9
20260706T162435Z,25.2,79.8
20260706T162450Z,25.2,79.5
20260706T162505Z,25.1,78.4
20260706T162520Z,25.0,77.5
20260706T162535Z,25.0,76.5
20260706T162550Z,24.9,76.1
20260706T162605Z,24.8,76.7
20260706T162620Z,24.8,78.2
20260706T162635Z,24.8,79.4
20260706T162650Z,24.7,80.5
20260706T162705Z,24.7,81.4
20260706T162720Z,24.7,81.7
20260706T162735Z,24.7,81.9
20260706T162750Z,24.7,82.5
20260706T162805Z,24.7,82.6
20260706T162820Z,24.7,83.0
20260706T162835Z,24.7,83.3
20260706T162850Z,24.7,84.0
20260706T162905Z,24.7,84.2
20260706T162920Z,24.7,84.6
20260706T162935Z,24.7,85.0
20260706T162950Z,24.7,85.2
20260706T163005Z,24.8,85.3
20260706T163020Z,24.8,85.8
20260706T163035Z,24.8,85.8
20260706T163050Z,24.8,86.2
20260706T163105Z,24.9,86.4
20260706T163120Z,24.9,86.6
20260706T163135Z,24.9,86.9
20260706T163150Z,24.9,87.0
20260706T163205Z,25.0,87.3
20260706T163220Z,25.0,87.5
20260706T163235Z,25.0,87.8
20260706T163250Z,25.0,87.8
20260706T163305Z,25.0,88.0
20260706T163320Z,25.1,88.0
20260706T163335Z,25.1,88.3
20260706T163350Z,25.1,88.5
20260706T163405Z,25.1,88.6
20260706T163420Z,25.2,88.8
20260706T163435Z,25.2,89.0
20260706T163450Z,25.2,89.1
20260706T163505Z,25.2,89.3
20260706T163520Z,25.2,89.4
20260706T163535Z,25.2,89.5
20260706T163550Z,25.2,89.7
20260706T163605Z,25.3,89.8
20260706T163620Z,25.3,90.0
20260706T163635Z,25.3,90.0
20260706T163650Z,25.3,90.2
20260706T163705Z,25.3,90.2
20260706T163720Z,25.3,90.4
20260706T163735Z,25.3,90.5
20260706T163750Z,25.4,90.6
20260706T163805Z,25.4,90.8
20260706T163820Z,25.4,90.8
20260706T163835Z,25.4,90.9
20260706T163850Z,25.4,90.9
20260706T163905Z,25.4,91.0
20260706T163920Z,25.4,91.2
20260706T163935Z,25.4,91.3
20260706T163950Z,25.4,91.3
20260706T164005Z,25.5,91.4
20260706T164020Z,25.5,91.5
20260706T164035Z,25.5,91.5
20260706T164050Z,25.5,91.6
20260706T164105Z,25.5,91.6
20260706T164120Z,25.5,91.7
20260706T164135Z,25.5,91.8
20260706T164150Z,25.5,91.9
20260706T164205Z,25.5,91.9
20260706T164220Z,25.6,91.9
20260706T164235Z,25.6,91.9
20260706T164250Z,25.6,91.9
20260706T164305Z,25.6,91.9
20260706T164320Z,25.6,92.0
20260706T164335Z,25.6,92.0
20260706T164350Z,25.6,92.0
20260706T164405Z,25.7,91.9
20260706T164420Z,25.7,91.9
20260706T164435Z,25.7,91.9
20260706T164450Z,25.7,91.3
20260706T164505Z,25.7,90.1
20260706T164520Z,25.7,89.0
20260706T164535Z,25.6,88.2
20260706T164550Z,25.6,87.9
20260706T164605Z,25.5,86.9
20260706T164620Z,25.5,85.6
20260706T164635Z,25.5,85.3
20260706T164650Z,25.4,84.2
20260706T164705Z,25.4,83.1
20260706T164720Z,25.3,82.7
20260706T164735Z,25.2,81.8
20260706T164750Z,25.2,81.2
20260706T164805Z,25.2,79.5
20260706T164820Z,25.1,78.8
20260706T164835Z,25.0,78.0
20260706T164850Z,25.0,77.8
20260706T164905Z,24.9,76.9
20260706T164920Z,24.9,77.0
20260706T164935Z,24.8,78.3
20260706T164950Z,24.7,79.7
20260706T165005Z,24.7,80.8
20260706T165020Z,24.7,81.6
20260706T165035Z,24.7,81.8
20260706T165050Z,24.6,82.2
20260706T165105Z,24.6,82.7
20260706T165120Z,24.6,83.1
20260706T165135Z,24.6,83.5
20260706T165150Z,24.6,83.8
20260706T165205Z,24.6,84.2
20260706T165220Z,24.6,84.8
20260706T165235Z,24.7,84.9
20260706T165250Z,24.7,85.1
20260706T165305Z,24.7,85.5
20260706T165320Z,24.7,85.8
20260706T165335Z,24.7,86.0
20260706T165350Z,24.8,86.3
20260706T165405Z,24.8,86.5
20260706T165420Z,24.8,86.7
20260706T165435Z,24.8,87.1
20260706T165450Z,24.8,87.2
20260706T165505Z,24.9,87.5
20260706T165520Z,24.9,87.7
20260706T165535Z,24.9,87.8
20260706T165550Z,24.9,87.9
20260706T165605Z,25.0,88.1
20260706T165620Z,25.0,88.3
20260706T165635Z,25.0,88.5
20260706T165650Z,25.0,88.8
20260706T165705Z,25.0,88.9
20260706T165720Z,25.1,89.0
20260706T165735Z,25.1,89.1
20260706T165750Z,25.1,89.4
20260706T165805Z,25.1,89.5
20260706T165820Z,25.1,89.6
20260706T165835Z,25.2,89.7
20260706T165850Z,25.2,89.9
20260706T165905Z,25.2,90.0
20260706T165920Z,25.2,90.2
20260706T165935Z,25.3,90.3
20260706T165950Z,25.2,90.5
20260706T170005Z,25.3,90.6
20260706T170020Z,25.3,90.8
20260706T170035Z,25.3,90.8
20260706T170050Z,25.3,90.9
20260706T170105Z,25.3,91.1
20260706T170120Z,25.3,91.3
20260706T170135Z,25.3,91.3
20260706T170150Z,25.3,91.5
20260706T170205Z,25.3,91.6
20260706T170220Z,25.4,91.7
20260706T170235Z,25.4,91.7
20260706T170250Z,25.4,91.8
20260706T170305Z,25.4,91.8
20260706T170320Z,25.4,92.0
20260706T170335Z,25.4,92.0
20260706T170350Z,25.4,92.1
20260706T170405Z,25.5,92.1
20260706T170420Z,25.5,92.3
20260706T170435Z,25.5,92.3
20260706T170450Z,25.5,92.3
20260706T170505Z,25.5,92.4
20260706T170520Z,25.5,92.4
20260706T170535Z,25.5,92.5
20260706T170550Z,25.6,92.5
20260706T170605Z,25.6,92.6
20260706T170620Z,25.6,92.6
20260706T170635Z,25.6,92.6
20260706T170650Z,25.6,92.6
20260706T170705Z,25.6,92.7
20260706T170720Z,25.6,92.8
20260706T170735Z,25.7,92.8
20260706T170750Z,25.7,92.8
20260706T170805Z,25.7,92.8
20260706T170820Z,25.7,92.2
20260706T170835Z,25.7,91.2
20260706T170850Z,25.7,89.9
20260706T170905Z,25.7,89.3
20260706T170920Z,25.7,88.1
20260706T170935Z,25.6,87.5
20260706T170950Z,25.6,86.6
20260706T171005Z,25.6,85.6
20260706T171020Z,25.5,84.7
20260706T171035Z,25.5,83.6
20260706T171050Z,25.4,82.8
20260706T171105Z,25.4,82.0
20260706T171120Z,25.3,80.5
20260706T171135Z,25.2,79.1
20260706T171150Z,25.1,78.4
20260706T171205Z,25.1,78.0
20260706T171220Z,25.0,77.6
20260706T171235Z,24.9,76.8
20260706T171250Z,24.8,76.5
20260706T171305Z,24.8,77.5
20260706T171320Z,24.7,78.9
20260706T171335Z,24.7,80.2
20260706T171350Z,24.7,81.3
20260706T171405Z,24.7,82.0
20260706T171420Z,24.7,82.3
20260706T171435Z,24.7,82.5
20260706T171450Z,24.7,82.9
20260706T171505Z,24.7,83.1
20260706T171520Z,24.7,83.4
20260706T171535Z,24.7,83.7
20260706T171550Z,24.7,84.1
20260706T171605Z,24.8,84.4
20260706T171620Z,24.8,84.7
20260706T171635Z,24.8,84.9
20260706T171650Z,24.9,85.2
20260706T171705Z,24.9,85.4
20260706T171720Z,24.9,85.6
20260706T171735Z,24.9,85.8
20260706T171750Z,25.0,86.3
20260706T171805Z,25.0,86.4
20260706T171820Z,25.0,86.8
20260706T171835Z,25.0,86.8
20260706T171850Z,25.0,87.2
20260706T171905Z,25.1,87.4
20260706T171920Z,25.1,87.6
20260706T171935Z,25.1,87.6
20260706T171950Z,25.1,87.9
20260706T172005Z,25.1,88.1
20260706T172020Z,25.2,88.3
20260706T172035Z,25.2,88.4
20260706T172050Z,25.2,88.6
20260706T172105Z,25.2,88.8
20260706T172120Z,25.2,88.9
20260706T172135Z,25.2,89.1
20260706T172150Z,25.3,89.2
20260706T172205Z,25.3,89.5
20260706T172220Z,25.3,89.6
20260706T172235Z,25.3,89.7
20260706T172250Z,25.3,89.9
20260706T172305Z,25.3,89.9
20260706T172320Z,25.3,90.2
20260706T172335Z,25.4,90.2
20260706T172350Z,25.4,90.3
20260706T172405Z,25.4,90.5
20260706T172420Z,25.4,90.5
20260706T172435Z,25.4,90.6
20260706T172450Z,25.4,90.9
20260706T172506Z,25.4,90.8
20260706T172521Z,25.5,90.9
20260706T172535Z,25.5,91.1
20260706T172550Z,25.5,91.2
20260706T172605Z,25.5,91.3
20260706T172620Z,25.5,91.3
20260706T172635Z,25.5,91.4
20260706T172650Z,25.5,91.5
20260706T172706Z,25.6,91.6
20260706T172721Z,25.6,91.7
20260706T172735Z,25.6,91.8
20260706T172750Z,25.6,91.8
20260706T172805Z,25.6,91.8
20260706T172820Z,25.6,92.0
20260706T172835Z,25.6,92.0
20260706T172850Z,25.6,92.0
20260706T172905Z,25.7,92.1
20260706T172920Z,25.7,92.1
20260706T172935Z,25.7,92.2
20260706T172950Z,25.7,92.2
20260706T173005Z,25.7,92.2
20260706T173020Z,25.7,91.5
20260706T173035Z,25.7,90.7
20260706T173050Z,25.7,89.5
20260706T173105Z,25.7,89.0
20260706T173120Z,25.7,88.0
20260706T173135Z,25.6,86.7
20260706T173150Z,25.6,85.8
20260706T173205Z,25.5,85.0
20260706T173220Z,25.5,84.2
20260706T173235Z,25.5,83.7
20260706T173250Z,25.4,82.5
20260706T173305Z,25.4,81.7
20260706T173320Z,25.3,79.6
20260706T173335Z,25.2,79.0
20260706T173350Z,25.1,78.1
20260706T173405Z,25.1,77.6
20260706T173420Z,25.0,77.0
20260706T173435Z,24.9,76.2
20260706T173450Z,24.8,76.2
20260706T173505Z,24.7,77.4
20260706T173520Z,24.7,79.4
20260706T173535Z,24.7,80.4
20260706T173550Z,24.6,81.5
20260706T173605Z,24.6,82.0
20260706T173620Z,24.6,82.3
20260706T173635Z,24.6,82.6
20260706T173650Z,24.6,82.7
20260706T173705Z,24.6,82.9
20260706T173720Z,24.6,83.3
20260706T173735Z,24.7,83.7
20260706T173750Z,24.7,84.2
20260706T173805Z,24.7,84.4
20260706T173820Z,24.8,84.6
20260706T173835Z,24.8,85.2
20260706T173850Z,24.8,85.3
20260706T173905Z,24.8,85.4
20260706T173920Z,24.8,85.7
20260706T173935Z,24.9,86.0
20260706T173950Z,24.9,86.2
20260706T174005Z,24.9,86.5
20260706T174020Z,25.0,86.7
20260706T174035Z,25.0,86.8
20260706T174050Z,25.0,87.0
20260706T174105Z,25.0,87.3
20260706T174120Z,25.1,87.5
20260706T174135Z,25.1,87.7
20260706T174150Z,25.1,87.8
20260706T174205Z,25.1,88.0
20260706T174220Z,25.1,88.2
20260706T174235Z,25.2,88.4
20260706T174250Z,25.2,88.4
20260706T174306Z,25.2,88.7
20260706T174321Z,25.2,88.8
20260706T174335Z,25.2,88.9
20260706T174350Z,25.2,89.1
20260706T174405Z,25.3,89.2
20260706T174420Z,25.3,89.3
20260706T174435Z,25.3,89.5
20260706T174450Z,25.3,89.7
20260706T174505Z,25.4,89.7
20260706T174520Z,25.4,89.8
20260706T174535Z,25.4,90.0
20260706T174550Z,25.4,90.2
20260706T174605Z,25.4,90.3
20260706T174620Z,25.4,90.3
20260706T174635Z,25.4,90.5
20260706T174650Z,25.4,90.7
20260706T174705Z,25.4,90.6
20260706T174720Z,25.5,90.7
20260706T174735Z,25.5,90.8
20260706T174750Z,25.5,91.0
20260706T174805Z,25.5,91.0
20260706T174820Z,25.5,91.2
20260706T174835Z,25.5,91.2
20260706T174850Z,25.6,91.3
20260706T174905Z,25.6,91.4
20260706T174920Z,25.6,91.4
20260706T174935Z,25.6,91.5
20260706T174950Z,25.6,91.5
20260706T175005Z,25.6,91.6
20260706T175020Z,25.6,91.7
20260706T175035Z,25.7,91.7
20260706T175050Z,25.7,91.8
20260706T175105Z,25.7,91.8
20260706T175120Z,25.7,91.9
20260706T175135Z,25.7,91.9
20260706T175150Z,25.7,91.9
20260706T175205Z,25.7,92.0
20260706T175220Z,25.8,92.0
20260706T175235Z,25.7,91.5
20260706T175250Z,25.8,90.1
20260706T175305Z,25.7,89.5
20260706T175320Z,25.7,88.8
20260706T175335Z,25.7,87.5
20260706T175350Z,25.6,87.2
20260706T175405Z,25.6,86.0
20260706T175420Z,25.6,85.1
20260706T175435Z,25.5,83.9
20260706T175450Z,25.5,83.7
20260706T175505Z,25.4,83.1
20260706T175520Z,25.4,81.9
20260706T175535Z,25.4,80.5
20260706T175550Z,25.3,79.4
20260706T175605Z,25.3,78.4
20260706T175620Z,25.2,77.9
20260706T175635Z,25.1,77.3
20260706T175650Z,25.0,76.5
20260706T175706Z,25.0,76.1
20260706T175721Z,24.9,76.8
20260706T175735Z,24.9,78.4
20260706T175750Z,24.8,79.4
20260706T175805Z,24.8,80.9
20260706T175820Z,24.8,81.3
20260706T175835Z,24.8,81.7
20260706T175850Z,24.8,81.9
20260706T175905Z,24.8,82.0
20260706T175920Z,24.8,82.4
20260706T175935Z,24.8,82.7
20260706T175950Z,24.8,83.1
20260706T180005Z,24.8,83.5
20260706T180021Z,24.9,83.7
20260706T180035Z,24.9,84.2
20260706T180050Z,24.9,84.5
20260706T180105Z,24.9,84.9
20260706T180120Z,24.9,85.0
20260706T180135Z,25.0,85.3
20260706T180150Z,25.0,85.5
20260706T180205Z,25.0,86.0
20260706T180220Z,25.0,86.1
20260706T180235Z,25.0,86.4
20260706T180250Z,25.0,86.6
20260706T180305Z,25.1,86.9
20260706T180320Z,25.1,87.0
20260706T180335Z,25.1,87.3
20260706T180350Z,25.1,87.5
20260706T180405Z,25.1,87.6
20260706T180420Z,25.2,87.8
20260706T180435Z,25.1,88.0
20260706T180450Z,25.2,88.1
20260706T180505Z,25.2,88.3
20260706T180520Z,25.2,88.6
20260706T180536Z,25.2,88.7
20260706T180550Z,25.3,88.8
20260706T180606Z,25.3,89.0
20260706T180620Z,25.3,89.2
20260706T180636Z,25.3,89.3
20260706T180650Z,25.3,89.5
20260706T180705Z,25.3,89.6
20260706T180720Z,25.3,89.7
20260706T180735Z,25.4,90.0
20260706T180750Z,25.4,90.2
20260706T180805Z,25.4,90.2
20260706T180820Z,25.4,90.2
20260706T180835Z,25.4,90.4
20260706T180850Z,25.4,90.6
20260706T180905Z,25.4,90.7
20260706T180920Z,25.4,90.8
20260706T180935Z,25.4,90.9
20260706T180950Z,25.5,90.9
20260706T181005Z,25.5,91.0
20260706T181020Z,25.5,91.1
20260706T181035Z,25.5,91.3
20260706T181050Z,25.5,91.3
20260706T181106Z,25.5,91.4
20260706T181121Z,25.6,91.5
20260706T181135Z,25.6,91.5
20260706T181151Z,25.6,91.6
20260706T181206Z,25.6,91.7
20260706T181220Z,25.6,91.7
20260706T181236Z,25.6,91.8
20260706T181250Z,25.6,91.8
20260706T181306Z,25.6,91.8
20260706T181320Z,25.7,91.8
20260706T181336Z,25.7,91.9
20260706T181350Z,25.7,91.9
20260706T181406Z,25.7,91.9
20260706T181420Z,25.7,92.0
20260706T181436Z,25.7,92.1
20260706T181450Z,25.7,91.3
20260706T181506Z,25.7,90.7
20260706T181520Z,25.7,89.2
20260706T181535Z,25.7,88.7
20260706T181551Z,25.7,87.7
20260706T181605Z,25.6,87.2
20260706T181621Z,25.6,85.9
20260706T181635Z,25.6,84.7
20260706T181651Z,25.5,84.0
20260706T181706Z,25.5,82.8
20260706T181721Z,25.4,81.7
20260706T181735Z,25.3,80.8
20260706T181750Z,25.3,79.8
20260706T181805Z,25.2,79.0
20260706T181821Z,25.1,78.5
20260706T181835Z,25.0,77.7
20260706T181851Z,24.9,77.0
20260706T181905Z,24.8,76.4
20260706T181921Z,24.7,77.4
20260706T181935Z,24.7,78.8
20260706T181951Z,24.6,79.9
20260706T182005Z,24.6,81.2
20260706T182021Z,24.6,81.9
20260706T182035Z,24.6,82.3
20260706T182050Z,24.6,82.6
20260706T182106Z,24.6,82.8
20260706T182120Z,24.7,83.1
20260706T182136Z,24.7,83.6
20260706T182150Z,24.7,83.9
20260706T182206Z,24.7,84.2
20260706T182220Z,24.7,84.5
20260706T182236Z,24.8,85.0
20260706T182250Z,24.8,85.2
20260706T182305Z,24.8,85.5
20260706T182321Z,24.8,85.7
20260706T182336Z,24.9,86.0
20260706T182351Z,24.9,86.2
20260706T182405Z,24.9,86.4
20260706T182420Z,24.9,86.7
20260706T182435Z,25.0,86.8
20260706T182450Z,25.0,87.1
20260706T182506Z,25.0,87.2
20260706T182520Z,25.0,87.6
20260706T182536Z,25.1,87.6
20260706T182550Z,25.1,88.0
20260706T182606Z,25.1,88.2
20260706T182620Z,25.1,88.3
20260706T182636Z,25.1,88.4
20260706T182650Z,25.1,88.7
20260706T182706Z,25.2,88.7
20260706T182720Z,25.2,89.1
20260706T182736Z,25.2,89.2
20260706T182750Z,25.2,89.4
20260706T182806Z,25.2,89.4
20260706T182820Z,25.2,89.8
20260706T182836Z,25.3,89.8
20260706T182850Z,25.3,90.0
20260706T182905Z,25.3,90.1
20260706T182921Z,25.3,90.3
20260706T182936Z,25.3,90.4
20260706T182950Z,25.3,90.5
20260706T183005Z,25.3,90.6
20260706T183020Z,25.3,90.7
20260706T183036Z,25.4,90.7
20260706T183050Z,25.4,90.9
20260706T183106Z,25.4,91.0
20260706T183120Z,25.4,91.1
20260706T183136Z,25.4,91.2
20260706T183150Z,25.4,91.2
20260706T183206Z,25.5,91.3
20260706T183220Z,25.5,91.4
20260706T183236Z,25.5,91.5
20260706T183250Z,25.5,91.5
20260706T183306Z,25.5,91.6
20260706T183320Z,25.5,91.7
20260706T183335Z,25.6,91.7
20260706T183350Z,25.6,91.8
20260706T183406Z,25.6,91.8
20260706T183420Z,25.6,91.9
20260706T183436Z,25.6,91.9
20260706T183450Z,25.6,92.0
20260706T183505Z,25.6,92.0
20260706T183521Z,25.6,92.1
20260706T183535Z,25.6,92.1
20260706T183551Z,25.7,92.2
20260706T183605Z,25.7,92.2
20260706T183621Z,25.7,92.3
20260706T183635Z,25.7,91.7
20260706T183651Z,25.7,91.1
20260706T183706Z,25.7,89.9
20260706T183721Z,25.7,88.8
20260706T183735Z,25.7,88.0
20260706T183751Z,25.6,87.7
20260706T183805Z,25.6,87.2
20260706T183821Z,25.6,85.7
20260706T183835Z,25.6,84.4
20260706T183851Z,25.5,83.5
20260706T183905Z,25.5,82.3
20260706T183921Z,25.4,81.4
20260706T183935Z,25.3,80.2
20260706T183951Z,25.3,79.9
20260706T184005Z,25.2,79.4
20260706T184020Z,25.1,78.2
20260706T184035Z,25.1,77.2
20260706T184051Z,25.0,76.4
20260706T184105Z,25.0,76.7
20260706T184121Z,24.9,77.7
20260706T184135Z,24.9,78.8
20260706T184151Z,24.9,80.3
20260706T184205Z,24.9,81.2
20260706T184221Z,24.8,81.7
20260706T184235Z,24.8,82.0
20260706T184251Z,24.8,82.3
20260706T184306Z,24.8,82.6
20260706T184320Z,24.7,83.1
20260706T184336Z,24.7,83.5
20260706T184350Z,24.7,84.0
20260706T184406Z,24.8,84.2
20260706T184420Z,24.8,84.4
20260706T184436Z,24.8,84.9
20260706T184450Z,24.8,85.0
20260706T184506Z,24.8,85.2
20260706T184520Z,24.8,85.6
20260706T184536Z,24.9,85.9
20260706T184550Z,24.9,86.1
20260706T184606Z,24.9,86.5
20260706T184620Z,24.9,86.6
20260706T184636Z,25.0,87.0
20260706T184650Z,25.0,87.0
20260706T184705Z,25.0,87.2
20260706T184721Z,25.0,87.7
20260706T184735Z,25.0,87.7
20260706T184751Z,25.0,88.0
20260706T184805Z,25.1,88.1
20260706T184821Z,25.1,88.4
20260706T184835Z,25.1,88.5
20260706T184851Z,25.1,88.6
20260706T184905Z,25.1,88.8
20260706T184921Z,25.2,89.0
20260706T184936Z,25.2,89.2
20260706T184951Z,25.2,89.3
20260706T185005Z,25.2,89.5
20260706T185021Z,25.2,89.6
20260706T185035Z,25.2,89.8
20260706T185051Z,25.2,89.9
20260706T185105Z,25.3,90.2
20260706T185121Z,25.3,90.3
20260706T185135Z,25.3,90.4
20260706T185151Z,25.3,90.5
20260706T185205Z,25.3,90.7
20260706T185221Z,25.3,90.7
20260706T185235Z,25.3,90.8
20260706T185251Z,25.3,90.9
20260706T185306Z,25.4,91.1
20260706T185320Z,25.4,91.2
20260706T185336Z,25.4,91.2
20260706T185350Z,25.4,91.4
20260706T185405Z,25.4,91.4
20260706T185421Z,25.4,91.5
20260706T185435Z,25.4,91.6
20260706T185451Z,25.4,91.8
20260706T185505Z,25.5,91.8
20260706T185521Z,25.5,91.9
20260706T185535Z,25.5,91.9
20260706T185550Z,25.5,92.0
20260706T185605Z,25.5,92.0
20260706T185621Z,25.5,92.1
20260706T185635Z,25.5,92.2
20260706T185651Z,25.6,92.2
20260706T185705Z,25.6,92.2
20260706T185721Z,25.6,92.3
20260706T185735Z,25.6,92.3
20260706T185751Z,25.6,92.3
20260706T185805Z,25.6,92.4
20260706T185821Z,25.6,92.4
20260706T185836Z,25.6,92.4
20260706T185850Z,25.7,92.5
20260706T185906Z,25.7,92.4
20260706T185921Z,25.7,92.5
20260706T185936Z,25.7,92.5
20260706T185951Z,25.7,91.7
20260706T190005Z,25.7,91.3
20260706T190021Z,25.7,89.8
20260706T190035Z,25.7,89.2
20260706T190051Z,25.7,88.3
20260706T190106Z,25.6,87.3
20260706T190120Z,25.6,86.4
20260706T190136Z,25.5,85.9
20260706T190150Z,25.5,85.0
20260706T190206Z,25.5,84.2
20260706T190221Z,25.4,82.5
20260706T190236Z,25.4,81.4
20260706T190251Z,25.3,80.8
20260706T190306Z,25.2,79.9
20260706T190321Z,25.2,79.2
20260706T190335Z,25.1,78.1
20260706T190351Z,25.0,77.5
20260706T190405Z,24.9,76.9
20260706T190421Z,24.9,76.9
20260706T190435Z,24.8,78.0
20260706T190451Z,24.8,79.2
20260706T190505Z,24.8,80.3
20260706T190521Z,24.7,81.4
20260706T190536Z,24.7,82.0
20260706T190551Z,24.7,82.2
20260706T190606Z,24.7,82.5
20260706T190620Z,24.7,82.8
20260706T190636Z,24.7,83.1
20260706T190650Z,24.7,83.4
20260706T190706Z,24.8,84.0
20260706T190720Z,24.8,84.1
20260706T190736Z,24.8,84.5
20260706T190750Z,24.8,84.9
20260706T190806Z,24.8,85.1
20260706T190821Z,24.9,85.4
20260706T190836Z,24.9,85.7
20260706T190851Z,24.9,85.9
20260706T190906Z,24.9,86.2
20260706T190921Z,24.9,86.4
20260706T190936Z,25.0,86.9
20260706T190951Z,25.0,86.9
20260706T191006Z,25.0,87.1
20260706T191021Z,25.0,87.4
20260706T191036Z,25.0,87.5
20260706T191051Z,25.1,87.8
20260706T191105Z,25.1,87.8
20260706T191121Z,25.1,88.1
20260706T191136Z,25.1,88.2
20260706T191151Z,25.1,88.5
20260706T191206Z,25.1,88.5
20260706T191221Z,25.2,88.7
20260706T191236Z,25.2,88.8
20260706T191251Z,25.2,89.1
20260706T191306Z,25.2,89.1
20260706T191321Z,25.3,89.2
20260706T191336Z,25.3,89.4
20260706T191351Z,25.3,89.6
20260706T191406Z,25.3,89.7
20260706T191421Z,25.3,89.8
20260706T191436Z,25.3,89.9
20260706T191451Z,25.4,90.2
20260706T191506Z,25.4,90.2
20260706T191521Z,25.4,90.4
20260706T191536Z,25.4,90.6
20260706T191551Z,25.4,90.6
20260706T191606Z,25.4,90.8
20260706T191621Z,25.4,90.9
20260706T191636Z,25.4,91.1
20260706T191651Z,25.4,91.1
20260706T191706Z,25.5,91.3
20260706T191721Z,25.5,91.3
20260706T191736Z,25.5,91.5
20260706T191751Z,25.5,91.5
20260706T191806Z,25.5,91.5
20260706T191821Z,25.5,91.6
20260706T191836Z,25.5,91.6
20260706T191851Z,25.5,91.7
20260706T191906Z,25.6,91.8
20260706T191921Z,25.6,91.8
20260706T191936Z,25.6,91.9
20260706T191951Z,25.6,92.1
20260706T192006Z,25.6,92.1
20260706T192021Z,25.6,92.1
20260706T192036Z,25.6,92.2
20260706T192051Z,25.6,92.3
20260706T192106Z,25.6,92.3
20260706T192121Z,25.7,92.3
20260706T192136Z,25.7,92.4
20260706T192151Z,25.7,92.4
20260706T192206Z,25.7,92.5
20260706T192221Z,25.7,92.4
20260706T192236Z,25.7,92.5
20260706T192251Z,25.7,92.5
20260706T192306Z,25.7,92.1
20260706T192321Z,25.7,92.0
20260706T192336Z,25.7,90.6
20260706T192351Z,25.7,89.9
20260706T192406Z,25.7,89.0
20260706T192421Z,25.6,88.2
20260706T192436Z,25.6,87.3
20260706T192451Z,25.6,86.4
20260706T192506Z,25.5,85.4
20260706T192521Z,25.5,84.5
20260706T192536Z,25.5,83.5
20260706T192551Z,25.4,82.6
20260706T192606Z,25.4,81.3
20260706T192621Z,25.3,80.9
20260706T192636Z,25.3,79.9
20260706T192651Z,25.2,79.2
20260706T192706Z,25.2,78.2
20260706T192721Z,25.1,76.7
20260706T192736Z,25.0,76.0
20260706T192751Z,24.9,76.9
20260706T192806Z,24.9,78.3
20260706T192821Z,24.8,79.7
20260706T192836Z,24.8,80.6
20260706T192851Z,24.8,81.7
20260706T192906Z,24.7,81.9
20260706T192921Z,24.7,82.3
20260706T192936Z,24.7,82.6
20260706T192951Z,24.7,83.0
20260706T193006Z,24.7,83.5
20260706T193021Z,24.7,83.6
20260706T193036Z,24.7,84.1
20260706T193051Z,24.7,84.3
20260706T193106Z,24.7,84.6
20260706T193121Z,24.8,85.0
20260706T193136Z,24.8,85.1
20260706T193151Z,24.8,85.7
20260706T193207Z,24.8,85.9
20260706T193221Z,24.9,86.0
20260706T193236Z,24.9,86.4
20260706T193251Z,24.9,86.6
20260706T193306Z,24.9,86.9
20260706T193321Z,24.9,87.1
20260706T193336Z,25.0,87.2
20260706T193351Z,25.0,87.4
20260706T193405Z,25.0,87.7
20260706T193421Z,25.0,88.0
20260706T193436Z,25.0,88.1
20260706T193451Z,25.1,88.4
20260706T193506Z,25.1,88.5
20260706T193521Z,25.1,88.7
20260706T193536Z,25.1,89.0
20260706T193551Z,25.1,89.0
20260706T193606Z,25.1,89.3
20260706T193621Z,25.1,89.5
20260706T193636Z,25.1,89.6
20260706T193651Z,25.2,89.7
20260706T193706Z,25.2,89.8
20260706T193721Z,25.2,90.0
20260706T193736Z,25.2,90.1
20260706T193751Z,25.2,90.3
20260706T193806Z,25.2,90.4
20260706T193821Z,25.3,90.5
20260706T193836Z,25.3,90.6
20260706T193851Z,25.3,90.6
20260706T193906Z,25.3,90.7
20260706T193921Z,25.3,90.8
20260706T193936Z,25.3,91.0
20260706T193951Z,25.4,91.0
20260706T194006Z,25.4,91.2
20260706T194021Z,25.4,91.2
20260706T194036Z,25.4,91.3
20260706T194051Z,25.4,91.5
20260706T194106Z,25.4,91.5
20260706T194121Z,25.4,91.6
20260706T194136Z,25.5,91.7
20260706T194151Z,25.5,91.8
20260706T194206Z,25.5,91.8
20260706T194221Z,25.5,92.0
20260706T194236Z,25.5,92.0
20260706T194251Z,25.5,92.1
20260706T194306Z,25.5,92.1
20260706T194322Z,25.5,92.3
20260706T194336Z,25.5,92.3
20260706T194351Z,25.5,92.4
20260706T194406Z,25.5,92.5
20260706T194421Z,25.6,92.5
20260706T194436Z,25.6,92.5
20260706T194451Z,25.6,92.6
20260706T194506Z,25.6,92.7
20260706T194521Z,25.6,92.8
20260706T194536Z,25.6,92.7
20260706T194551Z,25.6,92.9
20260706T194606Z,25.6,92.9
20260706T194621Z,25.6,92.8
20260706T194636Z,25.6,92.9
20260706T194651Z,25.7,92.9
20260706T194706Z,25.7,92.9
20260706T194721Z,25.7,93.0
20260706T194736Z,25.7,93.0
20260706T194751Z,25.7,92.3
20260706T194806Z,25.7,91.5
20260706T194821Z,25.7,90.4
20260706T194836Z,25.6,89.7
20260706T194851Z,25.6,88.6
20260706T194906Z,25.6,87.6
20260706T194921Z,25.5,87.2
20260706T194936Z,25.5,85.9
20260706T194951Z,25.4,85.4
20260706T195006Z,25.4,84.7
20260706T195021Z,25.4,83.4
20260706T195036Z,25.4,82.3
20260706T195051Z,25.3,81.7
20260706T195106Z,25.3,80.9
20260706T195121Z,25.2,79.5
20260706T195136Z,25.1,78.6
20260706T195151Z,25.1,77.3
20260706T195206Z,25.0,76.6
20260706T195221Z,24.9,76.8
20260706T195236Z,24.8,77.8
20260706T195251Z,24.8,79.0
20260706T195306Z,24.8,80.5
20260706T195321Z,24.8,81.5
20260706T195336Z,24.8,81.9
20260706T195351Z,24.7,82.0
20260706T195406Z,24.7,82.5
20260706T195421Z,24.7,82.9
20260706T195436Z,24.7,83.3
20260706T195451Z,24.7,83.7
20260706T195506Z,24.7,84.1
20260706T195521Z,24.7,84.5
20260706T195536Z,24.7,84.9
20260706T195551Z,24.8,85.2
20260706T195606Z,24.8,85.6
20260706T195621Z,24.8,85.8
20260706T195636Z,24.8,85.9
20260706T195651Z,24.8,86.4
20260706T195706Z,24.9,86.5
20260706T195721Z,24.9,86.7
20260706T195736Z,24.9,87.0
20260706T195751Z,24.9,87.2
20260706T195806Z,24.9,87.4
20260706T195821Z,25.0,87.8
20260706T195836Z,25.0,87.9
20260706T195851Z,25.0,88.1
20260706T195906Z,25.0,88.4
20260706T195921Z,25.0,88.4
20260706T195936Z,25.0,88.7
20260706T195951Z,25.1,88.8
20260706T200006Z,25.1,89.1
20260706T200021Z,25.1,89.2
20260706T200036Z,25.1,89.3
20260706T200051Z,25.2,89.4
20260706T200106Z,25.2,89.6
20260706T200121Z,25.2,89.7
20260706T200136Z,25.2,89.8
20260706T200151Z,25.2,90.0
20260706T200206Z,25.2,90.2
20260706T200221Z,25.3,90.2
20260706T200236Z,25.3,90.5
20260706T200251Z,25.3,90.6
20260706T200306Z,25.3,90.6
20260706T200321Z,25.3,90.8
20260706T200336Z,25.3,90.9
20260706T200351Z,25.3,91.1
20260706T200406Z,25.4,91.1
20260706T200421Z,25.4,91.3
20260706T200436Z,25.4,91.4
20260706T200451Z,25.4,91.4
20260706T200506Z,25.4,91.5
20260706T200521Z,25.4,91.7
20260706T200536Z,25.4,91.7
20260706T200551Z,25.4,91.8
20260706T200606Z,25.5,91.9
20260706T200621Z,25.5,91.9
20260706T200636Z,25.5,92.0
20260706T200651Z,25.5,92.1
20260706T200706Z,25.5,92.1
20260706T200721Z,25.5,92.1
20260706T200736Z,25.5,92.2
20260706T200751Z,25.5,92.3
20260706T200806Z,25.6,92.4
20260706T200821Z,25.6,92.3
20260706T200836Z,25.6,92.3
20260706T200851Z,25.6,92.4
20260706T200906Z,25.6,92.5
20260706T200921Z,25.6,92.6
20260706T200936Z,25.6,92.5
20260706T200951Z,25.6,92.6
20260706T201006Z,25.6,92.6
20260706T201021Z,25.7,92.7
20260706T201036Z,25.7,92.8
20260706T201051Z,25.7,92.8
20260706T201106Z,25.7,92.7
20260706T201121Z,25.7,92.9
20260706T201136Z,25.7,92.9
20260706T201151Z,25.7,92.9
20260706T201206Z,25.7,92.1
20260706T201221Z,25.7,91.5
20260706T201236Z,25.7,90.3
20260706T201251Z,25.7,89.5
20260706T201306Z,25.6,89.0
20260706T201321Z,25.6,87.9
20260706T201336Z,25.5,87.1
20260706T201351Z,25.5,86.4
20260706T201406Z,25.5,85.6
20260706T201421Z,25.5,84.7
20260706T201436Z,25.4,83.7
20260706T201451Z,25.4,82.9
20260706T201506Z,25.4,82.2
20260706T201521Z,25.3,80.7
20260706T201536Z,25.3,79.8
20260706T201551Z,25.2,78.9
20260706T201606Z,25.2,78.0
20260706T201621Z,25.1,77.5
20260706T201636Z,25.0,76.7
20260706T201651Z,25.0,77.4
20260706T201706Z,24.9,78.6
20260706T201721Z,24.9,80.1
20260706T201736Z,24.9,81.4
20260706T201751Z,24.8,82.0
20260706T201806Z,24.8,82.3
20260706T201821Z,24.8,82.7
20260706T201836Z,24.8,82.8
20260706T201851Z,24.8,83.4
20260706T201906Z,24.8,83.6
20260706T201921Z,24.8,84.0
20260706T201936Z,24.8,84.4
20260706T201951Z,24.8,84.8
20260706T202006Z,24.8,85.1
20260706T202021Z,24.8,85.6
20260706T202036Z,24.8,85.7
20260706T202051Z,24.8,86.1
20260706T202106Z,24.8,86.3
20260706T202121Z,24.9,86.6
20260706T202136Z,24.9,86.8
20260706T202151Z,24.9,87.1
20260706T202206Z,24.9,87.3
20260706T202221Z,24.9,87.6
20260706T202236Z,24.9,87.8
20260706T202251Z,25.0,88.0
20260706T202306Z,25.0,88.1
20260706T202321Z,25.0,88.3
20260706T202336Z,25.0,88.4
20260706T202351Z,25.0,88.7
20260706T202406Z,25.1,88.8
20260706T202421Z,25.1,89.0
20260706T202436Z,25.1,89.2
20260706T202451Z,25.1,89.3
20260706T202506Z,25.1,89.4
20260706T202521Z,25.2,89.7
20260706T202536Z,25.2,89.8
20260706T202551Z,25.2,89.9
20260706T202606Z,25.2,90.1
20260706T202621Z,25.2,90.2
20260706T202636Z,25.2,90.4
20260706T202651Z,25.3,90.4
20260706T202706Z,25.3,90.6
20260706T202722Z,25.3,90.7
20260706T202737Z,25.3,90.9
20260706T202751Z,25.3,91.0
20260706T202806Z,25.3,91.1
20260706T202821Z,25.3,91.2
20260706T202836Z,25.4,91.2
20260706T202851Z,25.4,91.4
20260706T202906Z,25.4,91.5
20260706T202921Z,25.4,91.5
20260706T202936Z,25.4,91.6
20260706T202951Z,25.4,91.8
20260706T203006Z,25.4,91.7
20260706T203021Z,25.4,91.8
20260706T203036Z,25.5,91.9
20260706T203051Z,25.5,91.9
20260706T203106Z,25.5,92.1
20260706T203121Z,25.5,92.1
20260706T203136Z,25.5,92.2
20260706T203151Z,25.5,92.3
20260706T203206Z,25.5,92.3
20260706T203221Z,25.5,92.3
20260706T203236Z,25.6,92.5
20260706T203251Z,25.6,92.4
20260706T203306Z,25.6,92.5
20260706T203321Z,25.6,92.5
20260706T203336Z,25.6,92.5
20260706T203351Z,25.6,92.6
20260706T203406Z,25.6,92.7
20260706T203421Z,25.6,92.7
20260706T203436Z,25.7,92.7
20260706T203451Z,25.7,92.8
20260706T203506Z,25.7,92.8
20260706T203521Z,25.7,92.8
20260706T203536Z,25.7,92.9
20260706T203551Z,25.7,92.9
20260706T203606Z,25.7,92.9
20260706T203621Z,25.7,92.7
20260706T203636Z,25.7,92.5
20260706T203651Z,25.7,91.1
20260706T203706Z,25.7,90.0
20260706T203721Z,25.7,89.3
20260706T203736Z,25.6,88.5
20260706T203751Z,25.6,87.5
20260706T203806Z,25.6,87.1
20260706T203821Z,25.6,86.3
20260706T203836Z,25.5,85.0
20260706T203851Z,25.5,83.7
20260706T203906Z,25.5,82.3
20260706T203921Z,25.4,81.0
20260706T203936Z,25.3,80.0
20260706T203951Z,25.2,79.8
20260706T204006Z,25.2,78.5
20260706T204022Z,25.1,77.7
20260706T204036Z,25.0,76.6
20260706T204051Z,24.9,76.4
20260706T204106Z,24.8,77.1
20260706T204122Z,24.8,78.6
20260706T204136Z,24.8,79.8
20260706T204151Z,24.8,81.3
20260706T204206Z,24.7,82.2
20260706T204221Z,24.7,82.4
20260706T204236Z,24.7,82.7
20260706T204251Z,24.7,82.9
20260706T204306Z,24.7,83.2
20260706T204321Z,24.8,83.5
20260706T204336Z,24.8,83.8
20260706T204351Z,24.8,84.1
20260706T204406Z,24.8,84.5
20260706T204421Z,24.8,85.0
20260706T204436Z,24.8,85.2
20260706T204451Z,24.9,85.4
20260706T204506Z,24.9,85.8
20260706T204521Z,24.9,86.1
20260706T204536Z,24.9,86.2
20260706T204551Z,24.9,86.7
20260706T204606Z,24.9,86.9
20260706T204621Z,25.0,87.0
20260706T204636Z,25.0,87.3
20260706T204651Z,25.0,87.4
20260706T204706Z,25.0,87.7
20260706T204721Z,25.0,87.8
20260706T204736Z,25.1,88.2
20260706T204751Z,25.1,88.3
20260706T204806Z,25.1,88.4
20260706T204821Z,25.1,88.7
20260706T204836Z,25.1,88.8
20260706T204851Z,25.2,89.0
20260706T204906Z,25.2,89.2
20260706T204921Z,25.2,89.3
20260706T204936Z,25.2,89.5
20260706T204951Z,25.2,89.6
20260706T205006Z,25.3,89.9
20260706T205021Z,25.3,90.0
20260706T205036Z,25.3,90.0
20260706T205051Z,25.3,90.2
20260706T205106Z,25.3,90.4
20260706T205121Z,25.3,90.5
20260706T205136Z,25.3,90.6
20260706T205151Z,25.3,90.7
20260706T205206Z,25.4,90.9
20260706T205221Z,25.4,90.9
20260706T205236Z,25.4,91.0
20260706T205251Z,25.4,91.2
20260706T205306Z,25.4,91.3
20260706T205321Z,25.4,91.4
20260706T205336Z,25.4,91.5
20260706T205351Z,25.4,91.5
20260706T205406Z,25.5,91.6
20260706T205421Z,25.5,91.7
20260706T205436Z,25.5,91.7
20260706T205451Z,25.5,91.9
20260706T205506Z,25.5,91.9
20260706T205521Z,25.5,92.0
20260706T205536Z,25.6,92.0
20260706T205551Z,25.6,92.1
20260706T205606Z,25.6,92.2
20260706T205621Z,25.6,92.2
20260706T205636Z,25.6,92.3
20260706T205651Z,25.6,92.3
20260706T205706Z,25.6,92.4
20260706T205721Z,25.7,92.4
20260706T205736Z,25.6,92.4
20260706T205751Z,25.7,92.5
20260706T205806Z,25.7,92.6
20260706T205821Z,25.7,92.7
20260706T205836Z,25.7,92.7
20260706T205851Z,25.7,92.7
20260706T205906Z,25.7,92.8
20260706T205921Z,25.7,92.7
20260706T205936Z,25.7,92.8
20260706T205951Z,25.8,92.7
20260706T210006Z,25.8,92.3
20260706T210021Z,25.7,90.8
20260706T210036Z,25.7,89.9
20260706T210051Z,25.7,89.4
20260706T210106Z,25.7,88.3
20260706T210121Z,25.6,87.3
20260706T210136Z,25.6,86.5
20260706T210151Z,25.5,85.4
20260706T210206Z,25.5,84.7
20260706T210221Z,25.5,83.6
20260706T210236Z,25.4,82.5
20260706T210251Z,25.3,82.1
20260706T210306Z,25.3,80.9
20260706T210321Z,25.2,79.7
20260706T210336Z,25.2,79.0
20260706T210351Z,25.1,78.3
20260706T210406Z,25.0,78.1
20260706T210421Z,25.0,77.4
20260706T210436Z,24.9,77.8
20260706T210451Z,24.9,78.2
20260706T210506Z,24.9,79.4
20260706T210521Z,24.9,81.0
20260706T210536Z,24.9,81.8
20260706T210551Z,24.9,82.2
20260706T210606Z,24.8,82.4
20260706T210621Z,24.8,82.8
20260706T210636Z,24.8,83.1
20260706T210651Z,24.8,83.5
20260706T210706Z,24.8,84.0
20260706T210721Z,24.8,84.1
20260706T210736Z,24.8,84.6
20260706T210751Z,24.8,84.8
20260706T210806Z,24.9,85.4
20260706T210821Z,24.9,85.6
20260706T210836Z,24.9,85.9
20260706T210851Z,24.9,86.3
20260706T210906Z,24.9,86.5
20260706T210921Z,24.9,86.7
20260706T210936Z,25.0,86.9
20260706T210951Z,25.0,87.2
20260706T211006Z,25.0,87.4
20260706T211021Z,25.0,87.5
20260706T211036Z,25.0,87.7
20260706T211051Z,25.1,88.0
20260706T211106Z,25.1,88.1
20260706T211121Z,25.1,88.5
20260706T211136Z,25.1,88.5
20260706T211151Z,25.1,88.6
20260706T211206Z,25.1,88.8
20260706T211221Z,25.2,89.0
20260706T211236Z,25.2,89.2
20260706T211251Z,25.2,89.3
20260706T211306Z,25.2,89.4
20260706T211321Z,25.2,89.6
20260706T211336Z,25.3,89.8
20260706T211351Z,25.3,89.9
20260706T211406Z,25.3,90.1
20260706T211421Z,25.3,90.2
20260706T211436Z,25.3,90.3
20260706T211451Z,25.3,90.5
20260706T211506Z,25.3,90.6
20260706T211521Z,25.3,90.7
20260706T211536Z,25.4,90.8
20260706T211551Z,25.4,91.0
20260706T211606Z,25.4,91.1
20260706T211621Z,25.4,91.2
20260706T211636Z,25.4,91.3
20260706T211651Z,25.5,91.3
20260706T211706Z,25.5,91.6
20260706T211721Z,25.5,91.6
20260706T211736Z,25.5,91.7
20260706T211751Z,25.5,91.7
20260706T211806Z,25.5,91.9
20260706T211821Z,25.5,92.0
20260706T211836Z,25.6,92.0
20260706T211851Z,25.6,92.1
20260706T211906Z,25.6,92.1
20260706T211921Z,25.6,92.2
20260706T211936Z,25.6,92.3
20260706T211951Z,25.6,92.3
20260706T212006Z,25.6,92.4
20260706T212021Z,25.6,92.6
20260706T212036Z,25.6,92.6
20260706T212051Z,25.6,92.6
20260706T212106Z,25.6,92.7
20260706T212121Z,25.7,92.7
20260706T212136Z,25.7,92.8
20260706T212151Z,25.7,92.8
20260706T212206Z,25.7,92.9
20260706T212221Z,25.7,92.0
20260706T212236Z,25.7,91.9
20260706T212251Z,25.7,90.7
20260706T212306Z,25.7,89.8
20260706T212321Z,25.7,88.5
20260706T212336Z,25.6,88.2
20260706T212351Z,25.6,87.3
20260706T212406Z,25.6,86.1
20260706T212421Z,25.5,85.4
20260706T212436Z,25.5,84.6
20260706T212451Z,25.4,83.3
20260706T212506Z,25.4,82.7
20260706T212521Z,25.3,82.0
20260706T212536Z,25.3,80.8
20260706T212551Z,25.2,80.0
20260706T212606Z,25.1,78.7
20260706T212621Z,25.1,78.6
20260706T212636Z,25.0,78.1
20260706T212651Z,25.0,77.7
20260706T212706Z,25.0,78.1
20260706T212721Z,25.0,79.0
20260706T212736Z,24.9,80.5
20260706T212751Z,24.9,81.2
20260706T212806Z,24.9,82.0
20260706T212821Z,24.9,82.4
20260706T212836Z,24.9,82.5
20260706T212851Z,24.9,82.9
20260706T212906Z,24.8,83.4
20260706T212921Z,24.9,83.7
20260706T212936Z,24.9,84.2
20260706T212951Z,24.9,84.6
20260706T213006Z,24.9,84.8
20260706T213021Z,24.9,85.2
20260706T213036Z,24.9,85.5
20260706T213051Z,25.0,85.7
20260706T213106Z,25.0,86.0
20260706T213121Z,25.0,86.2
20260706T213136Z,25.0,86.9
20260706T213151Z,25.1,87.4
20260706T213206Z,25.1,87.4
20260706T213221Z,25.1,87.7
20260706T213236Z,25.1,87.7
20260706T213251Z,25.2,88.1
20260706T213306Z,25.2,88.3
20260706T213321Z,25.2,88.4
20260706T213336Z,25.2,88.7
20260706T213351Z,25.2,88.9
20260706T213406Z,25.2,89.0
20260706T213421Z,25.2,89.2
20260706T213436Z,25.2,89.3
20260706T213451Z,25.3,89.4
20260706T213506Z,25.3,89.7
20260706T213521Z,25.3,89.8
20260706T213536Z,25.3,89.9
20260706T213551Z,25.3,90.0
20260706T213606Z,25.3,90.3
20260706T213621Z,25.3,90.4
20260706T213636Z,25.4,90.4
20260706T213651Z,25.4,90.6
20260706T213706Z,25.4,90.7
20260706T213722Z,25.4,90.9
20260706T213737Z,25.4,91.0
20260706T213751Z,25.4,91.1
20260706T213806Z,25.4,91.3
20260706T213821Z,25.4,91.4
20260706T213836Z,25.5,91.5
20260706T213851Z,25.5,91.5
20260706T213906Z,25.5,91.7
20260706T213921Z,25.5,91.8
20260706T213936Z,25.5,91.9
20260706T213951Z,25.5,92.0
20260706T214006Z,25.5,92.0
20260706T214021Z,25.5,92.1
20260706T214036Z,25.6,92.2
20260706T214051Z,25.6,92.3
20260706T214106Z,25.6,92.4
20260706T214121Z,25.6,92.5
20260706T214136Z,25.6,92.6
20260706T214151Z,25.6,92.6
20260706T214206Z,25.6,92.6
20260706T214221Z,25.6,92.8
20260706T214236Z,25.6,92.8
20260706T214251Z,25.6,92.9
20260706T214306Z,25.6,93.0
20260706T214321Z,25.6,93.0
20260706T214336Z,25.7,93.1
20260706T214351Z,25.7,93.1
20260706T214406Z,25.7,93.2
20260706T214421Z,25.7,93.3
20260706T214436Z,25.7,93.3
20260706T214451Z,25.7,92.5
20260706T214506Z,25.7,91.6
20260706T214521Z,25.7,90.5
20260706T214536Z,25.7,89.9
20260706T214551Z,25.6,89.4
20260706T214606Z,25.6,88.2
20260706T214621Z,25.6,87.0
20260706T214636Z,25.5,86.4
20260706T214651Z,25.5,85.5
20260706T214706Z,25.5,84.5
20260706T214721Z,25.4,83.8
20260706T214736Z,25.4,82.6
20260706T214751Z,25.3,81.7
20260706T214806Z,25.3,80.6
20260706T214821Z,25.2,79.7
20260706T214836Z,25.1,78.9
20260706T214851Z,25.0,77.8
20260706T214906Z,24.9,77.2
20260706T214921Z,24.9,77.6
20260706T214936Z,24.8,78.6
20260706T214951Z,24.8,79.9
20260706T215006Z,24.8,81.2
20260706T215021Z,24.7,82.4
20260706T215036Z,24.7,82.6
20260706T215051Z,24.7,83.0
20260706T215106Z,24.7,83.3
20260706T215121Z,24.7,83.6
20260706T215136Z,24.7,84.0
20260706T215151Z,24.7,84.4
20260706T215206Z,24.7,84.8
20260706T215221Z,24.7,85.0
20260706T215236Z,24.8,85.4
20260706T215251Z,24.8,85.8
20260706T215306Z,24.8,86.0
20260706T215321Z,24.8,86.2
20260706T215336Z,24.8,86.5
20260706T215351Z,24.9,86.8
20260706T215406Z,24.9,87.1
20260706T215421Z,24.9,87.3
20260706T215436Z,24.9,87.4
20260706T215451Z,24.9,87.8
20260706T215506Z,25.0,87.9
20260706T215521Z,25.0,88.1
20260706T215536Z,25.0,88.3
20260706T215551Z,25.0,88.5
20260706T215606Z,25.0,88.7
20260706T215621Z,25.1,88.7
20260706T215636Z,25.1,89.1
20260706T215651Z,25.1,89.2
20260706T215706Z,25.1,89.4
20260706T215721Z,25.1,89.5
20260706T215736Z,25.1,89.7
20260706T215751Z,25.1,89.8
20260706T215806Z,25.2,90.0
20260706T215821Z,25.2,90.1
20260706T215837Z,25.2,90.3
20260706T215851Z,25.2,90.3
20260706T215906Z,25.3,90.6
20260706T215921Z,25.3,90.6
20260706T215936Z,25.3,90.8
20260706T215951Z,25.3,91.0
20260706T220006Z,25.3,91.1
20260706T220021Z,25.3,91.4
20260706T220036Z,25.3,91.3
20260706T220051Z,25.4,91.3
20260706T220106Z,25.4,91.5
20260706T220121Z,25.4,91.6
20260706T220136Z,25.4,91.7
20260706T220151Z,25.4,91.8
20260706T220206Z,25.4,91.9
20260706T220221Z,25.4,92.0
20260706T220236Z,25.4,92.1
20260706T220251Z,25.4,92.2
20260706T220306Z,25.5,92.3
20260706T220321Z,25.5,92.3
20260706T220337Z,25.5,92.4
20260706T220351Z,25.5,92.5
20260706T220406Z,25.5,92.5
20260706T220421Z,25.5,92.7
20260706T220437Z,25.5,92.8
20260706T220451Z,25.5,92.8
20260706T220507Z,25.5,92.9
20260706T220521Z,25.6,92.9
20260706T220536Z,25.6,93.0
20260706T220551Z,25.6,93.1
20260706T220606Z,25.6,93.0
20260706T220621Z,25.6,93.0
20260706T220636Z,25.6,93.1
20260706T220651Z,25.6,93.1
20260706T220706Z,25.6,93.2
20260706T220722Z,25.7,93.3
20260706T220736Z,25.7,93.2
20260706T220752Z,25.7,93.3
20260706T220807Z,25.7,93.4
20260706T220821Z,25.7,93.4
20260706T220837Z,25.7,92.8
20260706T220851Z,25.7,91.3
20260706T220907Z,25.7,90.3
20260706T220921Z,25.7,89.7
20260706T220937Z,25.6,88.5
20260706T220951Z,25.6,87.8
20260706T221007Z,25.5,86.9
20260706T221022Z,25.5,85.6
20260706T221036Z,25.4,84.9
20260706T221052Z,25.3,84.6
20260706T221106Z,25.3,82.7
20260706T221122Z,25.2,82.1
20260706T221136Z,25.1,81.7
20260706T221152Z,25.0,81.1
20260706T221206Z,25.0,80.5
20260706T221222Z,24.9,79.1
20260706T221236Z,24.9,78.3
20260706T221252Z,24.8,77.8
20260706T221306Z,24.7,78.2
20260706T221322Z,24.7,79.6
20260706T221337Z,24.7,80.8
20260706T221351Z,24.6,82.2
20260706T221406Z,24.6,83.0
20260706T221421Z,24.6,83.2
20260706T221437Z,24.6,83.7
20260706T221451Z,24.6,84.1
20260706T221507Z,24.6,84.4
20260706T221521Z,24.6,84.6
20260706T221537Z,24.6,85.2
20260706T221551Z,24.6,85.3
20260706T221607Z,24.7,85.7
20260706T221622Z,24.7,86.0
20260706T221636Z,24.7,86.3
20260706T221652Z,24.7,86.5
20260706T221706Z,24.8,86.8
20260706T221722Z,24.8,87.0
20260706T221736Z,24.8,87.3
20260706T221752Z,24.9,87.4
20260706T221806Z,24.9,87.6
20260706T221822Z,24.9,87.9
20260706T221836Z,24.9,88.1
20260706T221852Z,24.9,88.4
20260706T221906Z,25.0,88.5
20260706T221922Z,25.0,88.7
20260706T221936Z,25.0,89.0
20260706T221952Z,25.0,89.1
20260706T222006Z,25.0,89.2
20260706T222022Z,25.1,89.3
20260706T222036Z,25.1,89.6
20260706T222052Z,25.1,89.8
20260706T222106Z,25.1,89.9
20260706T222122Z,25.1,90.1
20260706T222136Z,25.1,90.2
20260706T222152Z,25.2,90.3
20260706T222206Z,25.2,90.5
20260706T222222Z,25.2,90.5
20260706T222236Z,25.2,90.7
20260706T222252Z,25.3,90.9
20260706T222306Z,25.3,91.0
20260706T222322Z,25.3,91.1
20260706T222336Z,25.3,91.3
20260706T222352Z,25.3,91.4
20260706T222406Z,25.3,91.5
20260706T222422Z,25.3,91.6
20260706T222436Z,25.4,91.7
20260706T222452Z,25.4,91.9
20260706T222506Z,25.4,92.0
20260706T222522Z,25.4,92.1
20260706T222536Z,25.4,92.1
20260706T222552Z,25.4,92.3
20260706T222606Z,25.4,92.3
20260706T222622Z,25.4,92.3
20260706T222636Z,25.5,92.4
20260706T222652Z,25.5,92.6
20260706T222706Z,25.5,92.6
20260706T222722Z,25.5,92.6
20260706T222736Z,25.5,92.7
20260706T222752Z,25.5,92.8
20260706T222806Z,25.5,92.8
20260706T222821Z,25.5,92.8
20260706T222837Z,25.6,92.9
20260706T222851Z,25.6,93.1
20260706T222907Z,25.6,93.1
20260706T222922Z,25.6,93.2
20260706T222936Z,25.6,92.6
20260706T222952Z,25.7,91.7
20260706T223006Z,25.6,90.9
20260706T223021Z,25.6,89.7
20260706T223037Z,25.6,88.8
20260706T223051Z,25.6,87.6
20260706T223107Z,25.5,86.8
20260706T223121Z,25.5,86.1
20260706T223136Z,25.4,85.6
20260706T223152Z,25.4,84.7
20260706T223206Z,25.4,83.1
20260706T223222Z,25.3,82.4
20260706T223236Z,25.3,81.2
20260706T223251Z,25.2,80.5
20260706T223306Z,25.1,79.7
20260706T223323Z,25.0,79.2
20260706T223337Z,25.0,77.9
20260706T223351Z,24.9,77.4
20260706T223407Z,24.8,76.4
20260706T223421Z,24.7,76.7
20260706T223437Z,24.6,78.2
20260706T223451Z,24.6,79.8
20260706T223507Z,24.6,81.5
20260706T223522Z,24.5,82.3
20260706T223537Z,24.5,82.6
20260706T223551Z,24.5,83.1
20260706T223607Z,24.5,83.4
20260706T223621Z,24.5,83.6
20260706T223636Z,24.5,83.9
20260706T223652Z,24.6,84.0
20260706T223706Z,24.6,84.4
20260706T223722Z,24.6,84.6
20260706T223736Z,24.6,85.0
20260706T223752Z,24.6,85.3
20260706T223806Z,24.7,85.6
20260706T223822Z,24.7,85.7
20260706T223836Z,24.7,86.1
20260706T223851Z,24.8,86.4
20260706T223907Z,24.8,86.7
20260706T223922Z,24.8,86.8
20260706T223936Z,24.8,87.1
20260706T223951Z,24.8,87.4
20260706T224006Z,24.9,87.5
20260706T224022Z,24.9,87.7
20260706T224036Z,24.9,88.1
20260706T224052Z,24.9,88.1
20260706T224107Z,24.9,88.3
20260706T224121Z,24.9,88.6
20260706T224137Z,25.0,88.7
20260706T224151Z,25.0,88.9
20260706T224207Z,25.0,89.0
20260706T224221Z,25.0,89.3
20260706T224237Z,25.1,89.4
20260706T224252Z,25.1,89.6
20260706T224306Z,25.1,89.7
20260706T224322Z,25.1,89.9
20260706T224336Z,25.1,90.1
20260706T224352Z,25.1,90.1
20260706T224406Z,25.2,90.3
20260706T224422Z,25.2,90.5
20260706T224436Z,25.2,90.5
20260706T224452Z,25.2,90.7
20260706T224506Z,25.2,90.8
20260706T224522Z,25.2,91.0
20260706T224536Z,25.2,91.1
20260706T224551Z,25.3,91.2
20260706T224607Z,25.3,91.3
20260706T224621Z,25.3,91.5
20260706T224637Z,25.3,91.6
20260706T224651Z,25.3,91.7
20260706T224707Z,25.3,91.7
20260706T224722Z,25.3,91.8
20260706T224737Z,25.4,92.0
20260706T224751Z,25.4,91.9
20260706T224807Z,25.4,92.0
20260706T224822Z,25.4,92.1
20260706T224837Z,25.4,92.2
20260706T224851Z,25.4,92.3
20260706T224907Z,25.5,92.3
20260706T224921Z,25.5,92.4
20260706T224937Z,25.5,92.5
20260706T224951Z,25.5,92.4
20260706T225007Z,25.5,92.6
20260706T225022Z,25.5,92.6
20260706T225037Z,25.6,92.6
20260706T225051Z,25.6,92.7
20260706T225107Z,25.6,92.7
20260706T225122Z,25.6,92.7
20260706T225137Z,25.6,92.7
20260706T225151Z,25.6,92.8
20260706T225207Z,25.6,92.9
20260706T225221Z,25.7,92.9
20260706T225236Z,25.7,92.9
20260706T225252Z,25.7,92.2
20260706T225306Z,25.7,91.9
20260706T225322Z,25.7,90.2
20260706T225336Z,25.6,89.8
20260706T225352Z,25.6,89.1
20260706T225406Z,25.5,88.2
20260706T225421Z,25.5,87.2
20260706T225437Z,25.5,86.4
20260706T225452Z,25.4,85.9
20260706T225507Z,25.4,84.6
20260706T225521Z,25.3,83.6
20260706T225537Z,25.3,82.9
20260706T225551Z,25.2,81.7
20260706T225607Z,25.2,80.9
20260706T225621Z,25.1,80.0
20260706T225637Z,25.0,78.9
20260706T225651Z,25.0,78.6
20260706T225707Z,24.9,78.0
20260706T225721Z,24.8,76.8
20260706T225737Z,24.8,77.9
20260706T225751Z,24.7,79.3
20260706T225807Z,24.6,81.1
20260706T225821Z,24.6,82.0
20260706T225836Z,24.6,82.9
20260706T225852Z,24.5,83.1
20260706T225906Z,24.5,83.4
20260706T225922Z,24.5,83.8
20260706T225937Z,24.6,84.0
20260706T225951Z,24.6,84.3
20260706T230007Z,24.6,84.8
20260706T230021Z,24.6,85.1
20260706T230036Z,24.6,85.5
20260706T230052Z,24.7,85.7
20260706T230107Z,24.7,86.0
20260706T230122Z,24.7,86.3
20260706T230136Z,24.7,86.6
20260706T230152Z,24.7,86.9
20260706T230206Z,24.8,87.2
20260706T230222Z,24.8,87.4
20260706T230237Z,24.8,87.6
20260706T230252Z,24.9,87.9
20260706T230306Z,24.9,88.0
20260706T230322Z,24.9,88.2
20260706T230336Z,24.9,88.4
20260706T230352Z,24.9,88.5
20260706T230407Z,25.0,88.7
20260706T230422Z,25.0,88.8
20260706T230437Z,25.0,89.1
20260706T230452Z,25.0,89.2
20260706T230507Z,25.1,89.4
20260706T230522Z,25.1,89.5
20260706T230537Z,25.1,89.6
20260706T230552Z,25.1,89.9
20260706T230607Z,25.1,90.0
20260706T230622Z,25.2,90.1
20260706T230637Z,25.2,90.3
20260706T230651Z,25.2,90.4
20260706T230707Z,25.2,90.6
20260706T230722Z,25.2,90.6
20260706T230737Z,25.2,90.8
20260706T230752Z,25.2,90.8
20260706T230807Z,25.3,91.0
20260706T230822Z,25.3,91.1
20260706T230837Z,25.3,91.3
20260706T230852Z,25.3,91.3
20260706T230907Z,25.3,91.4
20260706T230922Z,25.3,91.6
20260706T230937Z,25.3,91.7
20260706T230952Z,25.4,91.8
20260706T231007Z,25.4,91.9
20260706T231022Z,25.4,91.9
20260706T231037Z,25.4,92.0
20260706T231052Z,25.4,92.2
20260706T231107Z,25.4,92.2
20260706T231122Z,25.5,92.3
20260706T231137Z,25.5,92.3
20260706T231152Z,25.5,92.4
20260706T231207Z,25.5,92.4
20260706T231222Z,25.5,92.6
20260706T231237Z,25.5,92.6
20260706T231252Z,25.5,92.7
20260706T231307Z,25.5,92.7
20260706T231322Z,25.5,92.7
20260706T231337Z,25.6,92.8
20260706T231352Z,25.6,92.8
20260706T231407Z,25.6,92.9
20260706T231422Z,25.6,92.9
20260706T231437Z,25.6,93.0
20260706T231452Z,25.6,93.0
20260706T231507Z,25.6,92.2
20260706T231522Z,25.6,91.4
20260706T231537Z,25.6,90.3
20260706T231552Z,25.6,89.7
20260706T231607Z,25.6,88.3
20260706T231622Z,25.5,87.5
20260706T231637Z,25.5,86.6
20260706T231652Z,25.4,86.1
20260706T231707Z,25.4,85.5
20260706T231722Z,25.3,84.0
20260706T231737Z,25.2,83.8
20260706T231752Z,25.2,82.7
20260706T231807Z,25.1,81.6
20260706T231822Z,25.1,80.9
20260706T231837Z,25.0,79.6
20260706T231852Z,25.0,79.0
20260706T231907Z,24.9,78.2
20260706T231922Z,24.9,77.4
20260706T231937Z,24.8,76.8
20260706T231952Z,24.7,77.4
20260706T232007Z,24.7,78.5
20260706T232022Z,24.7,80.2
20260706T232037Z,24.6,81.7
20260706T232052Z,24.6,82.5
20260706T232107Z,24.6,82.7
20260706T232122Z,24.6,83.0
20260706T232137Z,24.5,83.5
20260706T232152Z,24.5,83.9
20260706T232207Z,24.5,84.1
20260706T232222Z,24.6,84.5
20260706T232237Z,24.6,84.6
20260706T232252Z,24.6,85.1
20260706T232307Z,24.6,85.5
20260706T232322Z,24.7,85.6
20260706T232337Z,24.7,85.6
20260706T232352Z,24.7,86.1
20260706T232407Z,24.8,86.4
20260706T232422Z,24.8,86.7
20260706T232437Z,24.8,86.9
20260706T232452Z,24.8,87.0
20260706T232507Z,24.8,87.3
20260706T232522Z,24.9,87.5
20260706T232537Z,24.9,87.7
20260706T232552Z,24.9,87.9
20260706T232607Z,24.9,88.2
20260706T232622Z,24.9,88.3
20260706T232637Z,25.0,88.3
20260706T232652Z,25.0,88.6
20260706T232707Z,25.0,88.8
20260706T232722Z,25.0,88.9
20260706T232737Z,25.1,89.2
20260706T232752Z,25.1,89.3
20260706T232807Z,25.1,89.4
20260706T232822Z,25.1,89.6
20260706T232837Z,25.1,89.7
20260706T232852Z,25.2,89.9
20260706T232907Z,25.2,90.0
20260706T232922Z,25.2,90.1
20260706T232937Z,25.2,90.3
20260706T232952Z,25.2,90.4
20260706T233007Z,25.2,90.6
20260706T233022Z,25.3,90.7
20260706T233037Z,25.3,90.9
20260706T233052Z,25.3,91.0
20260706T233107Z,25.3,91.0
20260706T233122Z,25.3,91.2
20260706T233137Z,25.3,91.4
20260706T233152Z,25.3,91.3
20260706T233207Z,25.3,91.6
20260706T233222Z,25.4,91.7
20260706T233237Z,25.4,91.7
20260706T233252Z,25.4,91.8
20260706T233307Z,25.4,91.9
20260706T233322Z,25.4,92.0
20260706T233337Z,25.4,92.0
20260706T233352Z,25.5,92.3
20260706T233407Z,25.5,92.4
20260706T233423Z,25.5,92.5
20260706T233437Z,25.5,92.4
20260706T233452Z,25.5,92.5
20260706T233507Z,25.5,92.5
20260706T233522Z,25.6,92.5
20260706T233537Z,25.6,92.6
20260706T233552Z,25.6,92.6
20260706T233607Z,25.6,92.6
20260706T233622Z,25.6,92.5
20260706T233637Z,25.6,92.3
20260706T233652Z,25.6,90.7
20260706T233707Z,25.6,89.8
20260706T233722Z,25.6,88.8
20260706T233737Z,25.6,88.0
20260706T233752Z,25.5,87.4
20260706T233807Z,25.5,86.1
20260706T233822Z,25.4,85.2
20260706T233837Z,25.4,84.0
20260706T233852Z,25.3,83.6
20260706T233907Z,25.2,82.3
20260706T233922Z,25.2,81.1
20260706T233937Z,25.1,80.8
20260706T233952Z,25.0,78.9
20260706T234007Z,24.9,78.7
20260706T234022Z,24.8,78.0
20260706T234037Z,24.7,77.0
20260706T234052Z,24.5,77.0
20260706T234107Z,24.5,76.3
20260706T234122Z,24.4,76.4
20260706T234137Z,24.3,77.9
20260706T234152Z,24.3,79.2
20260706T234207Z,24.3,80.8
20260706T234222Z,24.3,81.9
20260706T234237Z,24.3,82.3
20260706T234252Z,24.3,82.6
20260706T234307Z,24.3,82.9
20260706T234323Z,24.4,83.5
20260706T234337Z,24.4,83.8
20260706T234352Z,24.4,84.2
20260706T234407Z,24.4,84.3
20260706T234422Z,24.4,84.8
20260706T234437Z,24.5,85.2
20260706T234452Z,24.5,85.3
20260706T234507Z,24.5,85.6
20260706T234523Z,24.5,85.8
20260706T234537Z,24.6,86.1
20260706T234552Z,24.6,86.5
20260706T234607Z,24.6,86.7
20260706T234622Z,24.6,86.8
20260706T234637Z,24.7,87.0
20260706T234652Z,24.7,87.4
20260706T234707Z,24.7,87.7
20260706T234722Z,24.8,87.8
20260706T234737Z,24.8,87.9
20260706T234752Z,24.8,88.1
20260706T234807Z,24.8,88.4
20260706T234822Z,24.9,88.5
20260706T234837Z,24.9,88.7
20260706T234852Z,24.9,88.9
20260706T234907Z,24.9,89.1
20260706T234922Z,24.9,89.3
20260706T234937Z,24.9,89.3
20260706T234952Z,25.0,89.5
20260706T235007Z,25.0,89.6
20260706T235022Z,25.0,89.9
20260706T235037Z,25.0,89.9
20260706T235052Z,25.1,90.2
20260706T235107Z,25.1,90.2
20260706T235122Z,25.1,90.4
20260706T235137Z,25.1,90.7
20260706T235152Z,25.1,90.7
20260706T235207Z,25.1,90.9
20260706T235222Z,25.2,90.9
20260706T235237Z,25.2,91.1
20260706T235252Z,25.2,91.2
20260706T235307Z,25.2,91.2
20260706T235322Z,25.2,91.4
20260706T235337Z,25.2,91.5
20260706T235352Z,25.2,91.7
20260706T235407Z,25.2,91.7
20260706T235422Z,25.3,91.9
20260706T235437Z,25.3,91.8
20260706T235452Z,25.3,92.0
20260706T235507Z,25.3,92.0
20260706T235522Z,25.3,92.1
20260706T235537Z,25.3,92.3
20260706T235552Z,25.3,92.4
20260706T235607Z,25.3,92.4
20260706T235622Z,25.4,92.5
20260706T235637Z,25.4,92.6
20260706T235652Z,25.4,92.6
20260706T235707Z,25.4,92.7
20260706T235722Z,25.4,92.7
20260706T235737Z,25.4,92.8
20260706T235752Z,25.4,92.8
20260706T235807Z,25.4,92.8
20260706T235822Z,25.4,92.9
20260706T235837Z,25.5,92.9
20260706T235852Z,25.5,93.0
20260706T235907Z,25.5,93.0
20260706T235922Z,25.5,93.0
20260706T235937Z,25.5,93.0
20260706T235952Z,25.5,93.2