Time,Temperature,Humidity
20260707T000007Z,25.6,93.2
20260707T000023Z,25.6,93.1
20260707T000037Z,25.6,93.2
20260707T000052Z,25.6,92.2
20260707T000107Z,25.6,91.8
20260707T000122Z,25.5,90.4
20260707T000137Z,25.5,89.8
20260707T000152Z,25.5,89.1
20260707T000207Z,25.4,87.9
20260707T000222Z,25.4,87.1
20260707T000237Z,25.3,86.1
20260707T000252Z,25.3,85.9
20260707T000307Z,25.2,84.7
20260707T000322Z,25.2,83.3
20260707T000337Z,25.1,82.0
20260707T000352Z,25.0,81.4
20260707T000407Z,24.9,81.1
20260707T000422Z,24.8,80.1
20260707T000437Z,24.7,80.2
20260707T000452Z,24.6,78.9
20260707T000507Z,24.6,78.1
20260707T000522Z,24.5,78.1
20260707T000537Z,24.4,76.8
20260707T000552Z,24.3,76.7
20260707T000607Z,24.3,75.6
20260707T000622Z,24.2,74.9
20260707T000637Z,24.1,74.1
20260707T000652Z,24.0,73.6
20260707T000707Z,23.9,73.2
20260707T000722Z,23.8,72.8
20260707T000737Z,23.7,72.3
20260707T000752Z,23.6,71.3
20260707T000807Z,23.5,71.2
20260707T000822Z,23.4,71.7
20260707T000837Z,23.4,73.2
20260707T000852Z,23.4,74.4
20260707T000907Z,23.4,76.5
20260707T000922Z,23.5,77.9
20260707T000937Z,23.5,78.1
20260707T000952Z,23.6,79.0
20260707T001007Z,23.6,79.0
20260707T001022Z,23.7,79.4
20260707T001037Z,23.7,79.6
20260707T001052Z,23.8,80.2
20260707T001107Z,23.8,80.7
20260707T001122Z,23.8,80.8
20260707T001137Z,23.9,81.3
20260707T001152Z,23.9,81.4
20260707T001207Z,24.0,81.6
20260707T001222Z,24.0,82.0
20260707T001237Z,24.1,82.2
20260707T001252Z,24.1,82.9
20260707T001307Z,24.2,82.8
20260707T001322Z,24.2,83.4
20260707T001337Z,24.3,83.7
20260707T001352Z,24.3,84.1
20260707T001407Z,24.3,84.4
20260707T001422Z,24.4,84.5
20260707T001437Z,24.4,85.1
20260707T001452Z,24.4,85.3
20260707T001507Z,24.4,85.6
20260707T001522Z,24.5,85.7
20260707T001537Z,24.5,85.9
20260707T001552Z,24.5,86.2
20260707T001607Z,24.6,86.3
20260707T001622Z,24.6,86.5
20260707T001637Z,24.6,85.9
20260707T001652Z,24.6,85.2
20260707T001707Z,24.6,84.0
20260707T001722Z,24.6,83.2
20260707T001737Z,24.6,82.1
20260707T001752Z,24.5,81.2
20260707T001807Z,24.5,81.1
20260707T001822Z,24.4,80.1
20260707T001837Z,24.4,79.2
20260707T001852Z,24.4,78.5
20260707T001907Z,24.3,78.0
20260707T001922Z,24.3,76.6
20260707T001937Z,24.2,76.1
20260707T001952Z,24.2,75.2
20260707T002007Z,24.1,74.1
20260707T002022Z,24.1,73.8
20260707T002037Z,24.0,73.2
20260707T002052Z,23.9,72.4
20260707T002107Z,23.8,72.1
20260707T002122Z,23.8,71.0
20260707T002137Z,23.6,70.5
20260707T002152Z,23.5,70.3
20260707T002207Z,23.4,71.6
20260707T002222Z,23.4,72.9
20260707T002237Z,23.4,75.2
20260707T002252Z,23.5,76.3
20260707T002307Z,23.5,77.2
20260707T002322Z,23.6,77.2
20260707T002337Z,23.6,78.0
20260707T002352Z,23.6,78.1
20260707T002407Z,23.7,78.5
20260707T002422Z,23.8,78.6
20260707T002437Z,23.8,79.1
20260707T002452Z,23.9,79.6
20260707T002507Z,23.9,80.1
20260707T002522Z,24.0,80.4
20260707T002537Z,24.0,80.7
20260707T002552Z,24.0,80.9
20260707T002607Z,24.1,81.4
20260707T002622Z,24.1,81.9
20260707T002637Z,24.2,82.1
20260707T002652Z,24.2,82.3
20260707T002707Z,24.2,82.5
20260707T002722Z,24.3,82.7
20260707T002737Z,24.3,83.3
20260707T002752Z,24.4,83.6
20260707T002807Z,24.4,83.7
20260707T002822Z,24.4,84.3
20260707T002837Z,24.5,84.4
20260707T002852Z,24.5,84.7
20260707T002907Z,24.6,85.0
20260707T002922Z,24.6,85.1
20260707T002937Z,24.6,84.6
20260707T002952Z,24.7,84.5
20260707T003007Z,24.7,82.8
20260707T003022Z,24.7,82.3
20260707T003037Z,24.7,81.7
20260707T003052Z,24.7,80.9
20260707T003107Z,24.6,79.9
20260707T003122Z,24.6,78.9
20260707T003137Z,24.6,77.9
20260707T003152Z,24.5,77.0
20260707T003207Z,24.5,76.7
20260707T003222Z,24.5,76.1
20260707T003237Z,24.4,75.2
20260707T003252Z,24.4,74.4
20260707T003307Z,24.4,73.0
20260707T003322Z,24.3,72.5
20260707T003337Z,24.3,71.2
20260707T003352Z,24.2,71.0
20260707T003407Z,24.1,70.6
20260707T003422Z,24.0,70.2
20260707T003437Z,23.9,69.8
20260707T003452Z,23.9,69.5
20260707T003507Z,23.8,70.4
20260707T003522Z,23.8,71.6
20260707T003537Z,23.8,73.3
20260707T003552Z,23.8,74.5
20260707T003607Z,23.8,75.5
20260707T003622Z,23.9,76.2
20260707T003637Z,23.9,76.4
20260707T003652Z,23.9,76.7
20260707T003707Z,23.9,77.3
20260707T003722Z,23.9,77.4
20260707T003737Z,23.9,78.1
20260707T003752Z,24.0,78.3
20260707T003807Z,24.0,78.9
20260707T003822Z,24.0,79.5
20260707T003837Z,24.1,79.6
20260707T003852Z,24.1,79.8
20260707T003907Z,24.1,80.3
20260707T003922Z,24.2,80.8
20260707T003937Z,24.2,81.2
20260707T003952Z,24.2,81.3
20260707T004007Z,24.3,81.8
20260707T004022Z,24.3,81.9
20260707T004037Z,24.3,82.3
20260707T004052Z,24.4,82.5
20260707T004107Z,24.4,82.9
20260707T004122Z,24.4,83.2
20260707T004137Z,24.4,83.4
20260707T004152Z,24.5,83.6
20260707T004207Z,24.5,83.9
20260707T004222Z,24.5,84.3
20260707T004237Z,24.5,84.6
20260707T004252Z,24.6,84.7
20260707T004307Z,24.6,85.0
20260707T004322Z,24.6,85.1
20260707T004337Z,24.7,85.4
20260707T004352Z,24.7,85.5
20260707T004407Z,24.7,85.8
20260707T004423Z,24.7,86.0
20260707T004437Z,24.8,85.9
20260707T004452Z,24.8,86.3
20260707T004507Z,24.8,86.6
20260707T004522Z,24.8,86.8
20260707T004537Z,24.9,87.0
20260707T004552Z,24.9,87.1
20260707T004607Z,24.9,87.3
20260707T004622Z,24.9,87.3
20260707T004637Z,25.0,87.5
20260707T004652Z,25.0,87.6
20260707T004707Z,25.0,87.8
20260707T004722Z,25.0,87.9
20260707T004737Z,25.0,88.0
20260707T004752Z,25.0,88.1
20260707T004807Z,25.1,88.4
20260707T004822Z,25.1,88.5
20260707T004837Z,25.1,88.6
20260707T004852Z,25.1,88.7
20260707T004907Z,25.1,88.9
20260707T004922Z,25.2,88.9
20260707T004937Z,25.2,89.2
20260707T004952Z,25.2,89.2
20260707T005007Z,25.2,89.3
20260707T005022Z,25.2,89.4
20260707T005037Z,25.2,89.5
20260707T005052Z,25.3,89.7
20260707T005107Z,25.3,89.9
20260707T005122Z,25.3,89.9
20260707T005137Z,25.3,89.9
20260707T005152Z,25.3,89.7
20260707T005207Z,25.3,89.9
20260707T005223Z,25.3,89.9
20260707T005237Z,25.4,90.0
20260707T005252Z,25.4,89.9
20260707T005307Z,25.4,90.1
20260707T005322Z,25.4,90.1
20260707T005337Z,25.4,90.2
20260707T005352Z,25.4,90.4
20260707T005407Z,25.4,90.3
20260707T005422Z,25.5,90.4
20260707T005437Z,25.4,90.6
20260707T005452Z,25.5,90.7
20260707T005507Z,25.5,90.7
20260707T005522Z,25.5,90.8
20260707T005537Z,25.5,90.8
20260707T005552Z,25.5,90.9
20260707T005607Z,25.5,90.9
20260707T005622Z,25.5,91.0
20260707T005637Z,25.5,90.9
20260707T005652Z,25.5,90.5
20260707T005707Z,25.5,88.9
20260707T005722Z,25.5,88.0
20260707T005737Z,25.5,87.5
20260707T005752Z,25.4,86.3
20260707T005807Z,25.4,85.4
20260707T005822Z,25.3,84.3
20260707T005837Z,25.3,84.0
20260707T005852Z,25.2,83.0
20260707T005907Z,25.2,82.3
20260707T005922Z,25.1,81.0
20260707T005937Z,25.0,80.4
20260707T005952Z,24.9,79.3
20260707T010007Z,24.9,78.4
20260707T010022Z,24.8,77.9
20260707T010037Z,24.8,77.0
20260707T010052Z,24.7,76.2
20260707T010107Z,24.6,75.1
20260707T010122Z,24.5,74.6
20260707T010137Z,24.4,74.1
20260707T010152Z,24.3,75.0
20260707T010207Z,24.2,76.2
20260707T010222Z,24.2,78.4
20260707T010237Z,24.2,79.5
20260707T010252Z,24.2,80.1
20260707T010307Z,24.2,81.0
20260707T010322Z,24.2,81.0
20260707T010337Z,24.2,81.3
20260707T010352Z,24.3,81.7
20260707T010407Z,24.3,82.1
20260707T010422Z,24.3,82.5
20260707T010437Z,24.3,83.0
20260707T010452Z,24.3,83.3
20260707T010507Z,24.4,83.4
20260707T010523Z,24.4,83.6
20260707T010538Z,24.4,83.9
20260707T010552Z,24.5,84.4
20260707T010607Z,24.5,84.6
20260707T010622Z,24.5,85.0
20260707T010637Z,24.5,85.1
20260707T010652Z,24.6,85.4
20260707T010707Z,24.6,85.5
20260707T010722Z,24.7,85.7
20260707T010737Z,24.7,85.9
20260707T010752Z,24.7,86.2
20260707T010807Z,24.8,86.3
20260707T010822Z,24.8,86.4
20260707T010837Z,24.9,86.8
20260707T010852Z,24.9,86.9
20260707T010907Z,24.9,87.0
20260707T010922Z,25.0,87.2
20260707T010937Z,25.0,87.3
20260707T010952Z,25.0,87.4
20260707T011007Z,25.1,87.4
20260707T011022Z,25.1,87.7
20260707T011037Z,25.1,88.0
20260707T011052Z,25.1,88.0
20260707T011107Z,25.2,88.2
20260707T011122Z,25.2,88.2
20260707T011137Z,25.2,88.4
20260707T011152Z,25.2,88.5
20260707T011207Z,25.3,88.6
20260707T011222Z,25.3,88.9
20260707T011237Z,25.3,88.9
20260707T011252Z,25.3,88.9
20260707T011307Z,25.4,89.2
20260707T011323Z,25.4,89.1
20260707T011338Z,25.4,89.2
20260707T011352Z,25.4,89.4
20260707T011407Z,25.4,89.4
20260707T011422Z,25.5,89.5
20260707T011437Z,25.5,89.4
20260707T011452Z,25.5,89.5
20260707T011507Z,25.6,89.6
20260707T011522Z,25.6,89.6
20260707T011537Z,25.6,89.8
20260707T011552Z,25.6,89.8
20260707T011607Z,25.6,89.9
20260707T011622Z,25.7,89.4
20260707T011637Z,25.7,88.7
20260707T011652Z,25.6,87.3
20260707T011707Z,25.6,86.8
20260707T011722Z,25.6,85.9
20260707T011737Z,25.6,85.1
20260707T011752Z,25.5,83.6
20260707T011807Z,25.5,82.8
20260707T011822Z,25.4,81.8
20260707T011837Z,25.3,81.6
20260707T011852Z,25.2,81.2
20260707T011907Z,25.2,80.2
20260707T011922Z,25.1,79.2
20260707T011937Z,25.1,78.4
20260707T011952Z,25.0,77.5
20260707T012007Z,25.0,76.5
20260707T012022Z,24.9,75.4
20260707T012037Z,24.8,75.4
20260707T012052Z,24.6,74.9
20260707T012107Z,24.5,74.2
20260707T012122Z,24.4,74.2
20260707T012137Z,24.3,73.5
20260707T012152Z,24.2,72.3
20260707T012207Z,24.1,73.1
20260707T012222Z,24.1,74.2
20260707T012237Z,24.1,76.2
20260707T012252Z,24.1,77.7
20260707T012307Z,24.1,78.3
20260707T012322Z,24.2,78.8
20260707T012337Z,24.2,79.2
20260707T012352Z,24.2,79.8
20260707T012407Z,24.3,79.9
20260707T012422Z,24.3,80.4
20260707T012437Z,24.3,80.5
20260707T012452Z,24.4,80.9
20260707T012507Z,24.4,81.4
20260707T012522Z,24.4,81.5
20260707T012537Z,24.5,82.1
20260707T012552Z,24.5,82.1
20260707T012607Z,24.6,82.5
20260707T012622Z,24.6,83.0
20260707T012637Z,24.6,83.3
20260707T012652Z,24.7,83.5
20260707T012707Z,24.7,83.8
20260707T012722Z,24.7,83.9
20260707T012737Z,24.8,84.2
20260707T012752Z,24.8,84.4
20260707T012807Z,24.8,84.8
20260707T012822Z,24.8,85.0
20260707T012837Z,24.9,85.4
20260707T012852Z,24.9,85.5
20260707T012907Z,24.9,85.7
20260707T012922Z,25.0,85.9
20260707T012937Z,25.0,86.2
20260707T012952Z,25.0,86.4
20260707T013007Z,25.0,86.6
20260707T013022Z,25.0,86.8
20260707T013037Z,25.1,86.9
20260707T013052Z,25.1,87.1
20260707T013107Z,25.1,87.2
20260707T013122Z,25.2,87.3
20260707T013137Z,25.2,87.4
20260707T013152Z,25.2,87.6
20260707T013207Z,25.2,87.8
20260707T013222Z,25.3,88.0
20260707T013237Z,25.3,87.9
20260707T013252Z,25.3,88.2
20260707T013307Z,25.3,88.2
20260707T013322Z,25.3,88.3
20260707T013337Z,25.4,88.5
20260707T013352Z,25.4,88.5
20260707T013407Z,25.4,88.7
20260707T013422Z,25.4,88.8
20260707T013437Z,25.5,88.9
20260707T013452Z,25.5,89.1
20260707T013507Z,25.5,89.1
20260707T013522Z,25.5,89.3
20260707T013537Z,25.5,89.3
20260707T013552Z,25.5,89.5
20260707T013607Z,25.5,89.6
20260707T013622Z,25.6,89.7
20260707T013637Z,25.6,89.7
20260707T013652Z,25.6,89.8
20260707T013707Z,25.6,89.0
20260707T013722Z,25.6,88.5
20260707T013737Z,25.6,86.7
20260707T013752Z,25.6,86.5
20260707T013807Z,25.5,85.3
20260707T013822Z,25.5,84.9
20260707T013837Z,25.4,83.8
20260707T013852Z,25.4,82.9
20260707T013907Z,25.3,82.1
20260707T013922Z,25.3,81.4
20260707T013937Z,25.2,80.5
20260707T013952Z,25.1,79.2
20260707T014007Z,25.0,78.7
20260707T014022Z,25.0,78.1
20260707T014037Z,24.9,77.4
20260707T014052Z,24.8,76.8
20260707T014107Z,24.8,75.7
20260707T014122Z,24.7,75.2
20260707T014137Z,24.5,74.8
20260707T014152Z,24.5,74.0
20260707T014207Z,24.4,73.4
20260707T014222Z,24.3,73.3
20260707T014237Z,24.3,72.6
20260707T014252Z,24.2,73.0
20260707T014307Z,24.2,74.2
20260707T014322Z,24.2,76.0
20260707T014337Z,24.2,77.2
20260707T014352Z,24.2,78.3
20260707T014408Z,24.3,78.7
20260707T014422Z,24.3,78.9
20260707T014437Z,24.3,79.1
20260707T014452Z,24.4,79.7
20260707T014507Z,24.4,79.9
20260707T014522Z,24.4,80.2
20260707T014537Z,24.4,80.6
20260707T014552Z,24.5,80.9
20260707T014607Z,24.5,81.2
20260707T014622Z,24.6,81.7
20260707T014637Z,24.6,82.4
20260707T014652Z,24.6,82.5
20260707T014707Z,24.6,82.8
20260707T014722Z,24.7,83.0
20260707T014737Z,24.7,83.4
20260707T014752Z,24.8,83.5
20260707T014807Z,24.8,83.9
20260707T014822Z,24.8,84.1
20260707T014837Z,24.9,84.2
20260707T014852Z,24.9,84.6
20260707T014907Z,24.9,84.9
20260707T014922Z,24.9,85.1
20260707T014937Z,24.9,85.3
20260707T014952Z,25.0,85.5
20260707T015007Z,25.0,85.8
20260707T015022Z,25.0,86.0
20260707T015037Z,25.1,86.1
20260707T015052Z,25.1,86.3
20260707T015107Z,25.1,86.5
20260707T015122Z,25.2,86.6
20260707T015137Z,25.2,86.8
20260707T015152Z,25.2,87.0
20260707T015207Z,25.2,87.1
20260707T015223Z,25.3,87.2
20260707T015238Z,25.3,87.3
20260707T015252Z,25.3,87.7
20260707T015307Z,25.3,87.6
20260707T015322Z,25.4,87.8
20260707T015337Z,25.4,87.9
20260707T015352Z,25.4,87.7
20260707T015407Z,25.5,87.7
20260707T015422Z,25.5,87.7
20260707T015437Z,25.5,87.8
20260707T015452Z,25.5,87.9
20260707T015507Z,25.5,87.9
20260707T015522Z,25.6,88.0
20260707T015537Z,25.6,88.2
20260707T015552Z,25.6,88.3
20260707T015607Z,25.6,88.4
20260707T015622Z,25.6,88.5
20260707T015637Z,25.7,87.6
20260707T015653Z,25.7,87.2
20260707T015707Z,25.6,85.5
20260707T015722Z,25.6,85.1
20260707T015737Z,25.6,84.1
20260707T015752Z,25.5,83.2
20260707T015807Z,25.5,82.6
20260707T015822Z,25.4,81.6
20260707T015837Z,25.4,80.8
20260707T015852Z,25.3,80.0
20260707T015907Z,25.2,78.8
20260707T015922Z,25.1,78.7
20260707T015937Z,25.0,77.2
20260707T015952Z,24.9,77.3
20260707T020008Z,24.8,76.4
20260707T020022Z,24.7,75.8
20260707T020037Z,24.6,74.8
20260707T020052Z,24.5,74.4
20260707T020107Z,24.4,75.4
20260707T020122Z,24.3,77.3
20260707T020137Z,24.3,79.0
20260707T020152Z,24.3,80.1
20260707T020208Z,24.3,80.6
20260707T020222Z,24.3,81.0
20260707T020238Z,24.4,81.3
20260707T020252Z,24.4,81.8
20260707T020308Z,24.4,82.0
20260707T020322Z,24.4,82.3
20260707T020338Z,24.5,82.7
20260707T020352Z,24.5,82.8
20260707T020408Z,24.5,83.1
20260707T020423Z,24.6,83.6
20260707T020438Z,24.6,83.9
20260707T020452Z,24.6,84.2
20260707T020508Z,24.6,84.2
20260707T020524Z,24.7,84.5
20260707T020538Z,24.7,84.7
20260707T020553Z,24.7,85.0
20260707T020607Z,24.8,85.4
20260707T020623Z,24.8,85.4
20260707T020638Z,24.8,85.7
20260707T020653Z,24.9,86.0
20260707T020707Z,24.9,86.1
20260707T020723Z,24.9,86.3
20260707T020737Z,25.0,86.2
20260707T020753Z,25.0,86.2
20260707T020807Z,25.0,86.1
20260707T020823Z,25.0,86.1
20260707T020837Z,25.0,86.3
20260707T020853Z,25.0,86.4
20260707T020907Z,25.1,86.6
20260707T020923Z,25.1,86.7
20260707T020937Z,25.1,86.7
20260707T020953Z,25.1,86.9
20260707T021007Z,25.1,87.0
20260707T021023Z,25.1,87.0
20260707T021037Z,25.1,87.2
20260707T021053Z,25.2,87.4
20260707T021107Z,25.2,87.3
20260707T021122Z,25.2,87.6
20260707T021138Z,25.2,87.7
20260707T021153Z,25.3,87.9
20260707T021207Z,25.3,87.8
20260707T021223Z,25.3,87.9
20260707T021237Z,25.3,88.0
20260707T021253Z,25.4,88.2
20260707T021307Z,25.4,88.2
20260707T021322Z,25.4,88.3
20260707T021338Z,25.4,88.4
20260707T021352Z,25.4,88.4
20260707T021408Z,25.5,88.5
20260707T021422Z,25.5,88.5
20260707T021438Z,25.5,88.6
20260707T021453Z,25.5,88.8
20260707T021508Z,25.6,88.8
20260707T021522Z,25.6,88.7
20260707T021538Z,25.6,88.8
20260707T021552Z,25.6,89.0
20260707T021608Z,25.6,89.0
20260707T021622Z,25.6,89.1
20260707T021638Z,25.6,89.2
20260707T021652Z,25.7,89.2
20260707T021708Z,25.7,89.1
20260707T021722Z,25.7,89.3
20260707T021738Z,25.7,89.2
20260707T021752Z,25.7,89.3
20260707T021808Z,25.8,89.3
20260707T021822Z,25.8,89.4
20260707T021838Z,25.8,89.4
20260707T021852Z,25.8,89.4
20260707T021908Z,25.8,89.4
20260707T021923Z,25.8,89.4
20260707T021937Z,25.9,89.5
20260707T021952Z,25.9,89.5
20260707T022008Z,25.9,89.5
20260707T022022Z,25.9,89.6
20260707T022038Z,25.9,89.6
20260707T022052Z,25.9,89.6
20260707T022108Z,25.9,89.6
20260707T022122Z,26.0,89.6
20260707T022138Z,26.0,89.6
20260707T022152Z,26.0,89.6
20260707T022208Z,26.0,89.6
20260707T022222Z,26.0,89.6
20260707T022238Z,26.0,89.6
20260707T022252Z,26.0,89.6
20260707T022308Z,26.1,89.6
20260707T022322Z,26.0,89.6
20260707T022338Z,26.1,89.6
20260707T022352Z,26.1,89.6
20260707T022408Z,26.1,89.6
20260707T022422Z,26.1,89.6
20260707T022437Z,26.1,89.6
20260707T022453Z,26.1,89.7
20260707T022507Z,26.1,89.6
20260707T022523Z,26.2,89.6
20260707T022538Z,26.2,89.6
20260707T022553Z,26.2,89.6
20260707T022607Z,26.2,89.6
20260707T022622Z,26.2,89.6
20260707T022638Z,26.2,89.6
20260707T022652Z,26.2,89.5
20260707T022708Z,26.2,89.5
20260707T022723Z,26.3,89.5
20260707T022738Z,26.2,89.5
20260707T022752Z,26.3,89.5
20260707T022808Z,26.3,89.5
20260707T022822Z,26.3,89.5
20260707T022838Z,26.3,89.5
20260707T022852Z,26.3,89.5
20260707T022908Z,26.3,89.5
20260707T022922Z,26.3,89.5
20260707T022938Z,26.4,89.4
20260707T022952Z,26.3,89.3
20260707T023008Z,26.4,89.3
20260707T023023Z,26.4,89.4
20260707T023038Z,26.4,89.4
20260707T023052Z,26.4,89.3
20260707T023108Z,26.4,89.3
20260707T023123Z,26.4,89.2
20260707T023137Z,26.4,89.0
20260707T023153Z,26.4,88.9
20260707T023207Z,26.4,88.9
20260707T023222Z,26.4,88.8
20260707T023238Z,26.5,88.7
20260707T023252Z,26.5,88.8
20260707T023308Z,26.5,88.7
20260707T023322Z,26.5,88.5
20260707T023338Z,26.5,88.5
20260707T023352Z,26.5,88.4
20260707T023408Z,26.5,88.4
20260707T023422Z,26.5,88.3
20260707T023438Z,26.6,88.2
20260707T023452Z,26.6,88.3
20260707T023508Z,26.6,88.2
20260707T023522Z,26.6,88.2
20260707T023537Z,26.6,88.2
20260707T023553Z,26.6,88.2
20260707T023607Z,26.6,88.2
20260707T023623Z,26.6,88.2
20260707T023637Z,26.6,88.2
20260707T023653Z,26.6,88.2
20260707T023707Z,26.6,88.2
20260707T023723Z,26.6,88.2
20260707T023737Z,26.7,87.9
20260707T023753Z,26.6,87.8
20260707T023807Z,26.6,86.0
20260707T023822Z,26.6,85.6
20260707T023837Z,26.5,84.7
20260707T023853Z,26.4,84.2
20260707T023907Z,26.4,83.4
20260707T023923Z,26.3,82.7
20260707T023937Z,26.3,81.8
20260707T023953Z,26.2,81.1
20260707T024007Z,26.1,80.3
20260707T024023Z,26.0,79.7
20260707T024037Z,25.9,78.5
20260707T024053Z,25.8,78.2
20260707T024107Z,25.7,77.6
20260707T024123Z,25.6,76.4
20260707T024137Z,25.6,75.7
20260707T024153Z,25.4,75.6
20260707T024207Z,25.3,74.9
20260707T024222Z,25.3,75.6
20260707T024238Z,25.2,77.7
20260707T024252Z,25.2,79.1
20260707T024308Z,25.1,80.1
20260707T024323Z,25.1,80.8
20260707T024337Z,25.1,81.0
20260707T024353Z,25.1,81.7
20260707T024407Z,25.1,82.1
20260707T024423Z,25.1,82.6
20260707T024437Z,25.1,82.9
20260707T024452Z,25.1,83.2
20260707T024507Z,25.2,83.6
20260707T024522Z,25.2,83.8
20260707T024538Z,25.2,84.2
20260707T024552Z,25.2,84.6
20260707T024608Z,25.2,84.8
20260707T024622Z,25.3,85.0
20260707T024638Z,25.3,85.3
20260707T024652Z,25.3,85.7
20260707T024708Z,25.3,85.9
20260707T024722Z,25.4,86.0
20260707T024738Z,25.4,86.3
20260707T024752Z,25.4,86.6
20260707T024808Z,25.4,86.8
20260707T024822Z,25.4,87.0
20260707T024837Z,25.5,87.2
20260707T024853Z,25.5,87.3
20260707T024907Z,25.5,87.5
20260707T024923Z,25.5,87.7
20260707T024937Z,25.5,88.0
20260707T024953Z,25.6,88.1
20260707T025007Z,25.6,88.3
20260707T025022Z,25.6,88.4
20260707T025038Z,25.6,88.5
20260707T025052Z,25.7,88.7
20260707T025108Z,25.7,88.8
20260707T025122Z,25.7,88.9
20260707T025138Z,25.7,89.0
20260707T025152Z,25.7,89.2
20260707T025208Z,25.7,89.3
20260707T025222Z,25.8,89.4
20260707T025238Z,25.8,89.4
20260707T025252Z,25.8,89.5
20260707T025308Z,25.8,89.6
20260707T025322Z,25.8,89.7
20260707T025338Z,25.9,89.7
20260707T025352Z,25.9,89.8
20260707T025408Z,25.9,90.0
20260707T025422Z,25.9,89.9
20260707T025437Z,25.9,89.9
20260707T025453Z,26.0,90.0
20260707T025507Z,26.0,90.0
20260707T025522Z,26.0,90.0
20260707T025538Z,26.0,90.0
20260707T025552Z,26.1,90.1
20260707T025608Z,26.1,90.0
20260707T025622Z,26.1,90.1
20260707T025638Z,26.1,90.1
20260707T025652Z,26.1,90.1
20260707T025708Z,26.1,90.1
20260707T025722Z,26.2,90.0
20260707T025737Z,26.2,90.0
20260707T025752Z,26.2,90.0
20260707T025808Z,26.2,90.0
20260707T025822Z,26.2,90.0
20260707T025838Z,26.3,90.0
20260707T025853Z,26.3,89.9
20260707T025908Z,26.3,89.9
20260707T025923Z,26.3,89.9
20260707T025938Z,26.3,89.8
20260707T025952Z,26.4,89.8
20260707T030008Z,26.4,89.8
20260707T030022Z,26.4,89.8
20260707T030038Z,26.4,89.7
20260707T030053Z,26.4,89.7
20260707T030108Z,26.4,89.7
20260707T030123Z,26.4,89.7
20260707T030138Z,26.5,89.7
20260707T030153Z,26.5,89.6
20260707T030208Z,26.5,89.6
20260707T030223Z,26.5,89.6
20260707T030238Z,26.5,89.6
20260707T030252Z,26.6,89.5
20260707T030308Z,26.6,89.6
20260707T030323Z,26.6,89.5
20260707T030338Z,26.6,89.5
20260707T030353Z,26.6,89.4
20260707T030408Z,26.6,89.5
20260707T030423Z,26.6,89.4
20260707T030438Z,26.7,89.4
20260707T030453Z,26.7,88.8
20260707T030508Z,26.7,87.4
20260707T030523Z,26.6,86.6
20260707T030538Z,26.6,85.8
20260707T030553Z,26.5,85.1
20260707T030608Z,26.4,84.8
20260707T030623Z,26.4,83.5
20260707T030638Z,26.3,82.7
20260707T030653Z,26.2,82.1
20260707T030708Z,26.1,81.6
20260707T030723Z,26.0,80.4
20260707T030738Z,26.0,79.5
20260707T030753Z,25.8,79.0
20260707T030808Z,25.7,78.4
20260707T030823Z,25.6,77.8
20260707T030838Z,25.6,77.3
20260707T030853Z,25.5,77.2
20260707T030908Z,25.4,76.0
20260707T030923Z,25.3,75.5
20260707T030938Z,25.2,74.8
20260707T030953Z,25.2,75.8
20260707T031008Z,25.1,77.6
20260707T031023Z,25.1,79.4
20260707T031038Z,25.1,80.5
20260707T031053Z,25.1,81.2
20260707T031108Z,25.1,81.4
20260707T031123Z,25.1,81.7
20260707T031138Z,25.1,82.3
20260707T031153Z,25.1,82.6
20260707T031208Z,25.1,83.0
20260707T031223Z,25.1,83.1
20260707T031238Z,25.1,83.8
20260707T031253Z,25.2,84.2
20260707T031308Z,25.2,84.4
20260707T031323Z,25.2,84.6
20260707T031338Z,25.2,84.9
20260707T031353Z,25.3,85.3
20260707T031408Z,25.3,85.4
20260707T031423Z,25.3,85.6
20260707T031438Z,25.4,85.8
20260707T031453Z,25.4,86.1
20260707T031508Z,25.4,86.2
20260707T031523Z,25.4,86.5
20260707T031538Z,25.4,86.8
20260707T031553Z,25.5,87.0
20260707T031608Z,25.5,87.2
20260707T031623Z,25.5,87.3
20260707T031638Z,25.5,87.5
20260707T031653Z,25.6,87.7
20260707T031708Z,25.6,87.9
20260707T031723Z,25.6,88.1
20260707T031738Z,25.6,88.3
20260707T031753Z,25.6,88.5
20260707T031808Z,25.6,88.5
20260707T031823Z,25.6,88.6
20260707T031838Z,25.7,88.9
20260707T031853Z,25.7,89.0
20260707T031908Z,25.7,89.1
20260707T031923Z,25.7,89.2
20260707T031938Z,25.7,89.4
20260707T031953Z,25.7,89.5
20260707T032008Z,25.8,89.6
20260707T032023Z,25.8,89.7
20260707T032038Z,25.8,89.9
20260707T032053Z,25.8,89.9
20260707T032108Z,25.8,89.9
20260707T032123Z,25.8,90.1
20260707T032138Z,25.8,90.0
20260707T032153Z,25.9,90.1
20260707T032208Z,25.9,90.1
20260707T032223Z,25.9,90.2
20260707T032238Z,25.9,90.3
20260707T032253Z,25.9,90.3
20260707T032308Z,25.9,90.3
20260707T032323Z,26.0,90.3
20260707T032338Z,26.0,90.4
20260707T032353Z,26.0,90.4
20260707T032408Z,26.0,90.4
20260707T032423Z,26.0,90.4
20260707T032438Z,26.1,90.4
20260707T032453Z,26.1,90.4
20260707T032508Z,26.1,90.4
20260707T032523Z,26.1,90.4
20260707T032538Z,26.1,90.3
20260707T032553Z,26.1,90.3
20260707T032608Z,26.2,90.3
20260707T032623Z,26.2,90.3
20260707T032638Z,26.2,90.3
20260707T032653Z,26.2,90.3
20260707T032708Z,26.2,90.2
20260707T032723Z,26.3,90.2
20260707T032738Z,26.3,90.2
20260707T032753Z,26.3,90.1
20260707T032808Z,26.3,90.1
20260707T032823Z,26.3,90.1
20260707T032838Z,26.3,90.0
20260707T032853Z,26.4,90.1
20260707T032908Z,26.4,90.0
20260707T032923Z,26.4,90.0
20260707T032938Z,26.4,90.0
20260707T032953Z,26.4,89.9
20260707T033008Z,26.5,89.9
20260707T033023Z,26.5,89.9
20260707T033038Z,26.5,89.8
20260707T033053Z,26.5,89.8
20260707T033108Z,26.5,89.7
20260707T033123Z,26.5,89.7
20260707T033138Z,26.5,89.6
20260707T033153Z,26.5,89.7
20260707T033208Z,26.5,89.6
20260707T033223Z,26.6,89.6
20260707T033238Z,26.6,89.5
20260707T033253Z,26.6,89.6
20260707T033308Z,26.6,89.5
20260707T033323Z,26.6,89.5
20260707T033338Z,26.6,89.5
20260707T033353Z,26.6,89.4
20260707T033408Z,26.6,88.9
20260707T033423Z,26.6,88.6
20260707T033438Z,26.6,86.8
20260707T033453Z,26.6,86.6
20260707T033508Z,26.5,85.8
20260707T033523Z,26.5,84.8
20260707T033538Z,26.4,83.5
20260707T033553Z,26.3,82.7
20260707T033608Z,26.2,82.9
20260707T033623Z,26.1,82.4
20260707T033638Z,26.0,81.2
20260707T033653Z,25.9,80.6
20260707T033708Z,25.9,79.7
20260707T033723Z,25.8,78.7
20260707T033738Z,25.6,78.3
20260707T033753Z,25.6,78.2
20260707T033808Z,25.5,77.4
20260707T033823Z,25.4,76.4
20260707T033838Z,25.4,75.9
20260707T033853Z,25.3,74.8
20260707T033908Z,25.2,75.3
20260707T033923Z,25.1,77.2
20260707T033938Z,25.1,79.1
20260707T033953Z,25.1,80.3
20260707T034008Z,25.1,81.1
20260707T034023Z,25.1,81.4
20260707T034038Z,25.1,81.7
20260707T034053Z,25.1,82.0
20260707T034108Z,25.1,82.6
20260707T034123Z,25.1,82.9
20260707T034138Z,25.2,83.3
20260707T034153Z,25.2,83.6
20260707T034208Z,25.2,84.0
20260707T034223Z,25.2,84.3
20260707T034238Z,25.2,84.8
20260707T034253Z,25.3,84.9
20260707T034308Z,25.3,85.1
20260707T034323Z,25.3,85.4
20260707T034338Z,25.4,85.6
20260707T034353Z,25.4,85.8
20260707T034408Z,25.4,86.1
20260707T034423Z,25.5,86.4
20260707T034438Z,25.5,86.6
20260707T034453Z,25.5,86.7
20260707T034508Z,25.5,87.0
20260707T034523Z,25.6,87.2
20260707T034538Z,25.6,87.4
20260707T034553Z,25.6,87.6
20260707T034608Z,25.6,87.8
20260707T034623Z,25.6,87.9
20260707T034638Z,25.7,88.2
20260707T034653Z,25.7,88.3
20260707T034708Z,25.7,88.5
20260707T034723Z,25.7,88.6
20260707T034738Z,25.7,88.8
20260707T034753Z,25.8,88.9
20260707T034808Z,25.8,89.0
20260707T034823Z,25.8,89.1
20260707T034838Z,25.8,89.3
20260707T034853Z,25.8,89.4
20260707T034908Z,25.8,89.5
20260707T034923Z,25.9,89.7
20260707T034938Z,25.9,89.7
20260707T034953Z,25.9,89.7
20260707T035008Z,25.9,89.9
20260707T035023Z,25.9,89.9
20260707T035038Z,26.0,90.0
20260707T035053Z,26.0,90.0
20260707T035108Z,26.0,90.2
20260707T035123Z,26.0,90.2
20260707T035138Z,26.0,90.2
20260707T035153Z,26.1,90.3
20260707T035208Z,26.1,90.4
20260707T035223Z,26.1,90.3
20260707T035238Z,26.1,90.3
20260707T035253Z,26.1,90.3
20260707T035308Z,26.1,90.5
20260707T035323Z,26.2,90.5
20260707T035338Z,26.2,90.5
20260707T035353Z,26.2,90.4
20260707T035408Z,26.2,90.5
20260707T035423Z,26.2,90.4
20260707T035438Z,26.3,90.4
20260707T035453Z,26.3,90.4
20260707T035508Z,26.3,90.4
20260707T035523Z,26.3,90.3
20260707T035538Z,26.3,90.3
20260707T035553Z,26.4,90.3
20260707T035608Z,26.4,90.3
20260707T035623Z,26.4,90.2
20260707T035638Z,26.4,90.1
20260707T035653Z,26.4,90.2
20260707T035708Z,26.4,90.1
20260707T035723Z,26.5,90.1
20260707T035738Z,26.5,90.0
20260707T035753Z,26.5,90.1
20260707T035808Z,26.5,90.0
20260707T035823Z,26.5,89.9
20260707T035838Z,26.6,89.9
20260707T035853Z,26.6,89.9
20260707T035908Z,26.6,89.9
20260707T035923Z,26.6,89.8
20260707T035938Z,26.6,89.8
20260707T035953Z,26.6,89.8
20260707T040008Z,26.7,89.7
20260707T040023Z,26.7,89.1
20260707T040038Z,26.7,88.5
20260707T040053Z,26.6,86.9
20260707T040108Z,26.6,86.7
20260707T040123Z,26.5,85.4
20260707T040138Z,26.5,85.3
20260707T040153Z,26.4,84.0
20260707T040208Z,26.4,83.3
20260707T040223Z,26.3,82.6
20260707T040238Z,26.2,82.1
20260707T040253Z,26.2,80.5
20260707T040308Z,26.1,80.1
20260707T040323Z,26.0,79.3
20260707T040338Z,25.9,78.5
20260707T040353Z,25.8,77.6
20260707T040408Z,25.7,76.8
20260707T040423Z,25.6,75.6
20260707T040438Z,25.5,75.4
20260707T040453Z,25.4,74.8
20260707T040508Z,25.3,74.9
20260707T040523Z,25.3,76.1
20260707T040538Z,25.3,77.9
20260707T040553Z,25.3,79.0
20260707T040608Z,25.3,80.4
20260707T040623Z,25.3,81.0
20260707T040638Z,25.3,81.2
20260707T040653Z,25.3,81.6
20260707T040708Z,25.3,82.0
20260707T040723Z,25.3,82.5
20260707T040738Z,25.3,82.9
20260707T040753Z,25.3,83.2
20260707T040808Z,25.3,83.5
20260707T040823Z,25.3,84.0
20260707T040838Z,25.3,84.2
20260707T040853Z,25.4,84.5
20260707T040908Z,25.4,84.8
20260707T040923Z,25.4,85.1
20260707T040938Z,25.4,85.4
20260707T040953Z,25.4,85.7
20260707T041008Z,25.4,85.9
20260707T041023Z,25.5,86.2
20260707T041038Z,25.5,86.3
20260707T041053Z,25.5,86.5
20260707T041108Z,25.5,86.8
20260707T041123Z,25.6,86.9
20260707T041138Z,25.6,87.2
20260707T041153Z,25.6,87.2
20260707T041208Z,25.6,87.6
20260707T041223Z,25.6,87.8
20260707T041238Z,25.6,87.9
20260707T041253Z,25.7,88.1
20260707T041308Z,25.7,88.4
20260707T041323Z,25.7,88.5
20260707T041338Z,25.7,88.6
20260707T041353Z,25.7,88.7
20260707T041408Z,25.8,88.8
20260707T041423Z,25.8,89.1
20260707T041438Z,25.8,89.1
20260707T041453Z,25.8,89.3
20260707T041508Z,25.8,89.5
20260707T041523Z,25.9,89.6
20260707T041538Z,25.9,89.7
20260707T041553Z,25.9,89.8
20260707T041608Z,25.9,89.9
20260707T041623Z,25.9,89.9
20260707T041638Z,26.0,90.0
20260707T041653Z,26.0,90.0
20260707T041708Z,26.0,90.2
20260707T041723Z,26.0,90.2
20260707T041738Z,26.0,90.3
20260707T041753Z,26.1,90.3
20260707T041808Z,26.1,90.4
20260707T041823Z,26.1,90.4
20260707T041838Z,26.1,90.4
20260707T041853Z,26.1,90.4
20260707T041908Z,26.2,90.5
20260707T041924Z,26.2,90.5
20260707T041939Z,26.2,90.5
20260707T041953Z,26.2,90.6
20260707T042008Z,26.2,90.5
20260707T042023Z,26.3,90.5
20260707T042038Z,26.3,90.5
20260707T042053Z,26.3,90.5
20260707T042108Z,26.3,90.5
20260707T042123Z,26.3,90.5
20260707T042138Z,26.4,90.4
20260707T042153Z,26.4,90.4
20260707T042208Z,26.4,90.4
20260707T042223Z,26.4,90.4
20260707T042238Z,26.5,90.3
20260707T042253Z,26.5,90.2
20260707T042308Z,26.5,90.2
20260707T042323Z,26.5,90.1
20260707T042338Z,26.5,90.1
20260707T042353Z,26.5,90.1
20260707T042408Z,26.6,90.0
20260707T042423Z,26.6,90.0
20260707T042438Z,26.6,90.0
20260707T042453Z,26.6,89.9
20260707T042508Z,26.7,89.9
20260707T042523Z,26.7,89.8
20260707T042538Z,26.7,89.8
20260707T042553Z,26.7,89.1
20260707T042608Z,26.7,88.5
20260707T042623Z,26.7,86.8
20260707T042638Z,26.6,86.6
20260707T042653Z,26.6,85.3
20260707T042708Z,26.5,85.0
20260707T042723Z,26.5,83.8
20260707T042738Z,26.4,83.2
20260707T042753Z,26.3,82.4
20260707T042808Z,26.2,81.5
20260707T042823Z,26.2,81.0
20260707T042838Z,26.1,80.4
20260707T042853Z,26.0,79.3
20260707T042908Z,25.9,78.3
20260707T042923Z,25.8,77.9
20260707T042938Z,25.7,77.2
20260707T042953Z,25.6,76.8
20260707T043008Z,25.5,76.1
20260707T043023Z,25.5,75.2
20260707T043038Z,25.4,74.7
20260707T043053Z,25.3,74.0
20260707T043108Z,25.3,74.8
20260707T043123Z,25.2,77.1
20260707T043138Z,25.2,78.7
20260707T043153Z,25.2,79.3
20260707T043208Z,25.2,80.3
20260707T043224Z,25.2,80.6
20260707T043238Z,25.2,81.0
20260707T043253Z,25.2,81.4
20260707T043308Z,25.2,81.6
20260707T043323Z,25.2,82.1
20260707T043338Z,25.2,82.4
20260707T043353Z,25.3,82.8
20260707T043408Z,25.3,83.2
20260707T043424Z,25.3,83.5
20260707T043438Z,25.4,83.7
20260707T043453Z,25.4,84.1
20260707T043508Z,25.4,84.2
20260707T043524Z,25.4,84.6
20260707T043538Z,25.5,84.7
20260707T043553Z,25.5,85.1
20260707T043608Z,25.5,85.2
20260707T043623Z,25.6,85.5
20260707T043638Z,25.6,85.6
20260707T043653Z,25.6,85.8
20260707T043708Z,25.6,86.1
20260707T043723Z,25.7,86.3
20260707T043738Z,25.7,86.5
20260707T043753Z,25.7,86.5
20260707T043808Z,25.8,86.8
20260707T043823Z,25.8,86.9
20260707T043838Z,25.8,87.1
20260707T043853Z,25.9,87.3
20260707T043908Z,25.9,87.3
20260707T043923Z,25.9,87.7
20260707T043938Z,25.9,87.7
20260707T043953Z,25.9,87.8
20260707T044008Z,26.0,87.9
20260707T044023Z,26.0,88.0
20260707T044038Z,26.0,88.2
20260707T044053Z,26.0,88.4
20260707T044108Z,26.0,88.6
20260707T044123Z,26.1,88.6
20260707T044138Z,26.1,88.7
20260707T044153Z,26.1,88.7
20260707T044208Z,26.1,88.8
20260707T044223Z,26.2,88.9
20260707T044238Z,26.2,88.9
20260707T044253Z,26.2,88.9
20260707T044308Z,26.2,89.0
20260707T044323Z,26.2,89.2
20260707T044338Z,26.3,89.2
20260707T044353Z,26.3,89.2
20260707T044408Z,26.3,89.2
20260707T044423Z,26.3,89.2
20260707T044438Z,26.4,89.2
20260707T044453Z,26.4,89.3
20260707T044508Z,26.4,89.4
20260707T044524Z,26.4,89.3
20260707T044539Z,26.4,89.4
20260707T044553Z,26.5,89.3
20260707T044608Z,26.5,89.3
20260707T044623Z,26.5,89.3
20260707T044638Z,26.5,89.4
20260707T044653Z,26.5,89.4
20260707T044708Z,26.6,89.3
20260707T044723Z,26.6,89.3
20260707T044738Z,26.6,89.3
20260707T044753Z,26.6,89.3
20260707T044808Z,26.7,89.2
20260707T044823Z,26.7,89.2
20260707T044838Z,26.7,89.2
20260707T044853Z,26.7,89.1
20260707T044908Z,26.7,89.1
20260707T044923Z,26.8,88.8
20260707T044938Z,26.8,88.4
20260707T044953Z,26.8,86.8
20260707T045008Z,26.7,85.6
20260707T045024Z,26.7,84.9
20260707T045038Z,26.7,84.1
20260707T045053Z,26.6,83.2
20260707T045108Z,26.5,82.5
20260707T045123Z,26.4,81.9
20260707T045138Z,26.4,81.4
20260707T045153Z,26.3,80.5
20260707T045208Z,26.2,79.7
20260707T045223Z,26.1,78.6
20260707T045238Z,26.0,78.0
20260707T045253Z,25.9,77.4
20260707T045308Z,25.7,77.2
20260707T045323Z,25.7,76.6
20260707T045338Z,25.6,75.7
20260707T045353Z,25.5,75.1
20260707T045408Z,25.4,73.9
20260707T045423Z,25.3,73.5
20260707T045438Z,25.2,73.2
20260707T045453Z,25.1,72.6
20260707T045508Z,25.0,74.1
20260707T045523Z,25.0,75.5
20260707T045538Z,25.0,77.1
20260707T045553Z,25.0,78.2
20260707T045608Z,25.0,79.1
20260707T045623Z,25.1,79.3
20260707T045638Z,25.1,79.7
20260707T045653Z,25.2,80.1
20260707T045708Z,25.2,80.4
20260707T045723Z,25.2,80.7
20260707T045738Z,25.3,81.3
20260707T045753Z,25.3,81.6
20260707T045808Z,25.3,81.9
20260707T045824Z,25.4,82.0
20260707T045839Z,25.4,82.5
20260707T045853Z,25.5,82.7
20260707T045908Z,25.5,82.8
20260707T045923Z,25.5,83.2
20260707T045938Z,25.6,83.4
20260707T045953Z,25.6,83.8
20260707T050008Z,25.6,84.1
20260707T050023Z,25.7,84.4
20260707T050038Z,25.7,84.4
20260707T050053Z,25.7,84.7
20260707T050108Z,25.7,84.9
20260707T050123Z,25.8,85.2
20260707T050138Z,25.8,85.4
20260707T050153Z,25.8,85.6
20260707T050208Z,25.9,85.9
20260707T050224Z,25.9,85.9
20260707T050239Z,25.9,86.1
20260707T050253Z,25.9,86.5
20260707T050308Z,26.0,86.7
20260707T050323Z,26.0,86.7
20260707T050338Z,26.0,86.9
20260707T050353Z,26.0,87.1
20260707T050408Z,26.1,87.3
20260707T050423Z,26.1,87.4
20260707T050438Z,26.1,87.6
20260707T050453Z,26.1,87.6
20260707T050508Z,26.2,87.8
20260707T050523Z,26.2,88.0
20260707T050538Z,26.2,88.1
20260707T050553Z,26.2,88.1
20260707T050608Z,26.2,88.3
20260707T050623Z,26.2,88.4
20260707T050638Z,26.3,88.6
20260707T050653Z,26.3,88.6
20260707T050708Z,26.3,88.7
20260707T050723Z,26.3,88.8
20260707T050738Z,26.4,88.8
20260707T050753Z,26.4,88.9
20260707T050808Z,26.4,89.0
20260707T050823Z,26.4,89.0
20260707T050838Z,26.4,89.1
20260707T050853Z,26.5,89.1
20260707T050908Z,26.5,89.2
20260707T050923Z,26.5,89.2
20260707T050938Z,26.5,89.3
20260707T050953Z,26.5,89.4
20260707T051008Z,26.6,89.3
20260707T051023Z,26.6,89.4
20260707T051038Z,26.6,89.4
20260707T051053Z,26.6,89.3
20260707T051108Z,26.6,89.4
20260707T051123Z,26.7,89.4
20260707T051138Z,26.7,89.4
20260707T051153Z,26.7,89.3
20260707T051208Z,26.7,88.6
20260707T051223Z,26.7,87.4
20260707T051238Z,26.7,86.1
20260707T051253Z,26.7,85.8
20260707T051308Z,26.6,85.1
20260707T051323Z,26.6,84.1
20260707T051338Z,26.5,83.6
20260707T051353Z,26.5,82.3
20260707T051408Z,26.4,81.8
20260707T051423Z,26.3,81.5
20260707T051438Z,26.2,80.2
20260707T051453Z,26.2,79.3
20260707T051508Z,26.1,79.1
20260707T051523Z,26.0,78.1
20260707T051538Z,25.9,77.9
20260707T051553Z,25.8,76.9
20260707T051608Z,25.8,76.5
20260707T051623Z,25.7,75.4
20260707T051638Z,25.6,74.0
20260707T051653Z,25.5,74.0
20260707T051708Z,25.3,73.7
20260707T051723Z,25.2,73.6
20260707T051738Z,25.2,73.2
20260707T051753Z,25.1,75.0
20260707T051808Z,25.1,77.0
20260707T051823Z,25.1,78.9
20260707T051838Z,25.1,79.4
20260707T051853Z,25.1,79.6
20260707T051908Z,25.1,80.0
20260707T051923Z,25.1,80.5
20260707T051938Z,25.1,80.9
20260707T051953Z,25.1,81.3
20260707T052008Z,25.1,81.4
20260707T052023Z,25.2,82.0
20260707T052038Z,25.2,82.5
20260707T052053Z,25.2,82.9
20260707T052108Z,25.2,83.0
20260707T052123Z,25.3,83.4
20260707T052138Z,25.3,83.6
20260707T052153Z,25.3,84.0
20260707T052208Z,25.4,84.2
20260707T052223Z,25.4,84.4
20260707T052238Z,25.4,84.8
20260707T052253Z,25.5,84.9
20260707T052308Z,25.5,85.2
20260707T052323Z,25.5,85.4
20260707T052338Z,25.5,85.7
20260707T052353Z,25.5,85.8
20260707T052408Z,25.6,86.2
20260707T052423Z,25.6,86.4
20260707T052438Z,25.6,86.6
20260707T052453Z,25.6,86.7
20260707T052508Z,25.7,86.9
20260707T052523Z,25.7,87.1
20260707T052538Z,25.7,87.2
20260707T052553Z,25.7,87.3
20260707T052608Z,25.8,87.5
20260707T052623Z,25.8,87.7
20260707T052638Z,25.8,87.8
20260707T052653Z,25.8,87.9
20260707T052708Z,25.8,88.1
20260707T052723Z,25.9,88.2
20260707T052738Z,25.9,88.3
20260707T052753Z,25.9,88.5
20260707T052808Z,25.9,88.6
20260707T052823Z,25.9,88.7
20260707T052838Z,26.0,88.8
20260707T052853Z,26.0,89.0
20260707T052908Z,26.0,89.0
20260707T052923Z,26.0,89.1
20260707T052938Z,26.0,89.2
20260707T052953Z,26.0,89.2
20260707T053008Z,26.1,89.4
20260707T053024Z,26.1,89.4
20260707T053039Z,26.1,89.5
20260707T053053Z,26.1,89.6
20260707T053108Z,26.1,89.6
20260707T053123Z,26.2,89.6
20260707T053138Z,26.2,89.8
20260707T053153Z,26.2,89.8
20260707T053208Z,26.2,89.9
20260707T053223Z,26.2,89.8
20260707T053238Z,26.3,89.9
20260707T053253Z,26.3,89.9
20260707T053308Z,26.3,89.9
20260707T053323Z,26.3,89.8
20260707T053338Z,26.3,89.4
20260707T053353Z,26.3,88.9
20260707T053408Z,26.4,89.1
20260707T053423Z,26.4,89.1
20260707T053438Z,26.4,89.0
20260707T053453Z,26.4,89.0
20260707T053508Z,26.4,88.9
20260707T053523Z,26.5,88.9
20260707T053538Z,26.5,88.9
20260707T053553Z,26.5,88.9
20260707T053608Z,26.5,88.9
20260707T053623Z,26.5,88.8
20260707T053638Z,26.5,88.8
20260707T053653Z,26.5,88.8
20260707T053708Z,26.6,88.7
20260707T053723Z,26.6,88.7
20260707T053738Z,26.6,88.6
20260707T053753Z,26.6,88.4
20260707T053808Z,26.6,88.2
20260707T053823Z,26.6,88.1
20260707T053838Z,26.7,88.1
20260707T053853Z,26.7,88.1
20260707T053908Z,26.7,87.4
20260707T053923Z,26.7,86.2
20260707T053938Z,26.6,85.2
20260707T053953Z,26.6,85.0
20260707T054008Z,26.5,84.1
20260707T054023Z,26.5,83.3
20260707T054038Z,26.4,82.7
20260707T054053Z,26.3,82.3
20260707T054108Z,26.2,80.7
20260707T054123Z,26.1,80.4
20260707T054138Z,26.1,79.7
20260707T054153Z,26.0,79.2
20260707T054208Z,25.9,78.3
20260707T054223Z,25.9,76.7
20260707T054238Z,25.8,76.7
20260707T054253Z,25.7,75.6
20260707T054308Z,25.6,74.9
20260707T054323Z,25.5,74.6
20260707T054338Z,25.4,73.9
20260707T054353Z,25.3,76.3
20260707T054408Z,25.2,78.0
20260707T054424Z,25.2,79.9
20260707T054439Z,25.2,80.6
20260707T054453Z,25.2,81.3
20260707T054508Z,25.2,81.5
20260707T054523Z,25.2,81.6
20260707T054538Z,25.2,82.2
20260707T054553Z,25.2,82.7
20260707T054608Z,25.3,82.9
20260707T054623Z,25.3,83.3
20260707T054638Z,25.3,83.5
20260707T054653Z,25.3,84.0
20260707T054708Z,25.4,84.2
20260707T054723Z,25.4,84.6
20260707T054738Z,25.4,85.0
20260707T054753Z,25.5,85.1
20260707T054808Z,25.5,85.4
20260707T054823Z,25.5,85.7
20260707T054839Z,25.5,85.7
20260707T054853Z,25.6,86.2
20260707T054908Z,25.6,86.4
20260707T054923Z,25.6,86.6
20260707T054938Z,25.6,86.7
20260707T054953Z,25.7,86.9
20260707T055008Z,25.7,87.2
20260707T055023Z,25.7,87.2
20260707T055038Z,25.7,87.6
20260707T055053Z,25.7,87.6
20260707T055108Z,25.8,87.9
20260707T055123Z,25.8,88.1
20260707T055138Z,25.8,88.2
20260707T055153Z,25.8,88.3
20260707T055208Z,25.9,88.6
20260707T055223Z,25.9,88.7
20260707T055238Z,25.9,88.7
20260707T055253Z,25.9,88.9
20260707T055308Z,26.0,89.0
20260707T055323Z,26.0,89.1
20260707T055338Z,26.0,89.2
20260707T055354Z,26.0,89.4
20260707T055409Z,26.0,89.5
20260707T055423Z,26.1,89.5
20260707T055439Z,26.1,89.6
20260707T055453Z,26.1,89.6
20260707T055509Z,26.1,89.8
20260707T055523Z,26.1,89.8
20260707T055538Z,26.2,89.8
20260707T055553Z,26.2,89.8
20260707T055609Z,26.2,89.9
20260707T055624Z,26.2,89.9
20260707T055638Z,26.3,89.9
20260707T055653Z,26.3,89.9
20260707T055708Z,26.3,90.0
20260707T055723Z,26.3,90.0
20260707T055738Z,26.3,89.9
20260707T055753Z,26.4,89.9
20260707T055808Z,26.4,89.9
20260707T055823Z,26.4,89.9
20260707T055838Z,26.4,90.0
20260707T055853Z,26.5,89.9
20260707T055908Z,26.5,89.9
20260707T055924Z,26.5,89.9
20260707T055939Z,26.5,89.9
20260707T055953Z,26.6,89.8
20260707T060009Z,26.6,89.8
20260707T060023Z,26.6,89.8
20260707T060039Z,26.6,89.8
20260707T060053Z,26.6,89.7
20260707T060109Z,26.7,89.7
20260707T060123Z,26.7,88.8
20260707T060139Z,26.6,88.6
20260707T060153Z,26.6,87.4
20260707T060209Z,26.6,87.2
20260707T060223Z,26.6,86.3
20260707T060239Z,26.5,85.3
20260707T060253Z,26.5,84.4
20260707T060309Z,26.4,83.7
20260707T060323Z,26.4,82.4
20260707T060339Z,26.3,81.4
20260707T060353Z,26.2,80.0
20260707T060409Z,26.1,79.5
20260707T060424Z,26.0,78.6
20260707T060438Z,25.9,78.0
20260707T060454Z,25.8,77.4
20260707T060508Z,25.6,76.5
20260707T060524Z,25.5,75.9
20260707T060538Z,25.3,76.0
20260707T060554Z,25.2,76.0
20260707T060608Z,25.1,76.5
20260707T060623Z,25.1,78.3
20260707T060639Z,25.1,80.2
20260707T060653Z,25.1,81.3
20260707T060709Z,25.1,82.0
20260707T060724Z,25.1,82.6
20260707T060739Z,25.1,82.8
20260707T060753Z,25.1,83.1
20260707T060809Z,25.2,83.7
20260707T060823Z,25.2,83.7
20260707T060839Z,25.2,84.1
20260707T060854Z,25.3,84.2
20260707T060908Z,25.3,84.3
20260707T060923Z,25.3,84.8
20260707T060939Z,25.4,85.0
20260707T060953Z,25.4,85.2
20260707T061009Z,25.4,85.7
20260707T061023Z,25.5,86.0
20260707T061039Z,25.5,86.1
20260707T061053Z,25.5,86.5
20260707T061109Z,25.5,86.6
20260707T061124Z,25.6,86.6
20260707T061139Z,25.6,86.8
20260707T061153Z,25.6,87.0
20260707T061209Z,25.7,87.2
20260707T061223Z,25.7,87.5
20260707T061238Z,25.7,87.7
20260707T061254Z,25.7,87.9
20260707T061308Z,25.8,88.1
20260707T061324Z,25.8,88.3
20260707T061338Z,25.8,88.4
20260707T061354Z,25.8,88.7
20260707T061408Z,25.8,88.7
20260707T061424Z,25.9,88.8
20260707T061438Z,25.9,89.0
20260707T061454Z,25.9,89.0
20260707T061508Z,25.9,89.2
20260707T061524Z,26.0,89.2
20260707T061538Z,26.0,89.4
20260707T061553Z,26.0,89.3
20260707T061609Z,26.0,89.4
20260707T061623Z,26.0,89.4
20260707T061639Z,26.0,89.6
20260707T061653Z,26.1,89.8
20260707T061709Z,26.1,89.8
20260707T061723Z,26.1,89.7
20260707T061739Z,26.1,89.9
20260707T061753Z,26.1,89.8
20260707T061809Z,26.1,89.9
20260707T061824Z,26.2,90.0
20260707T061838Z,26.2,89.9
20260707T061853Z,26.2,90.1
20260707T061908Z,26.2,90.1
20260707T061924Z,26.2,90.1
20260707T061938Z,26.3,90.1
20260707T061954Z,26.3,90.2
20260707T062008Z,26.3,90.2
20260707T062024Z,26.3,90.2
20260707T062038Z,26.3,90.3
20260707T062054Z,26.3,90.3
20260707T062108Z,26.3,90.2
20260707T062124Z,26.4,90.2
20260707T062138Z,26.4,90.3
20260707T062154Z,26.4,90.2
20260707T062208Z,26.4,90.2
20260707T062225Z,26.5,90.2
20260707T062239Z,26.5,90.2
20260707T062254Z,26.5,90.1
20260707T062308Z,26.5,90.1
20260707T062324Z,26.5,90.2
20260707T062338Z,26.6,90.1
20260707T062354Z,26.6,90.1
20260707T062408Z,26.6,90.1
20260707T062424Z,26.6,90.1
20260707T062438Z,26.6,89.9
20260707T062454Z,26.6,89.7
20260707T062508Z,26.6,87.9
20260707T062522Z,26.6,87.4
20260707T062539Z,26.5,87.0
20260707T062553Z,26.5,85.9
20260707T062609Z,26.5,85.2
20260707T062623Z,26.4,84.1
20260707T062639Z,26.3,83.0
20260707T062653Z,26.2,82.0
20260707T062709Z,26.2,81.7
20260707T062723Z,26.1,80.4
20260707T062738Z,25.9,79.5
20260707T062753Z,25.8,79.0
20260707T062808Z,25.7,78.0
20260707T062823Z,25.6,77.2
20260707T062838Z,25.4,77.1
20260707T062854Z,25.3,76.7
20260707T062908Z,25.2,76.1
20260707T062924Z,25.1,76.9
20260707T062938Z,25.0,79.2
20260707T062954Z,25.0,80.6
20260707T063008Z,25.0,82.1
20260707T063024Z,25.0,82.8
20260707T063038Z,25.0,83.1
20260707T063053Z,25.1,83.4
20260707T063109Z,25.1,83.7
20260707T063123Z,25.1,84.1
20260707T063138Z,25.1,84.4
20260707T063154Z,25.2,84.6
20260707T063208Z,25.2,84.8
20260707T063224Z,25.3,85.0
20260707T063238Z,25.3,85.2
20260707T063254Z,25.3,85.5
20260707T063308Z,25.3,85.8
20260707T063324Z,25.4,86.1
20260707T063338Z,25.4,86.1
20260707T063354Z,25.4,86.6
20260707T063408Z,25.5,86.6
20260707T063424Z,25.5,86.8
20260707T063438Z,25.5,86.9
20260707T063454Z,25.6,87.2
20260707T063508Z,25.6,87.3
20260707T063524Z,25.6,87.4
20260707T063538Z,25.6,87.5
20260707T063554Z,25.7,87.9
20260707T063608Z,25.7,88.0
20260707T063624Z,25.7,88.0
20260707T063638Z,25.7,88.2
20260707T063654Z,25.8,88.6
20260707T063708Z,25.8,88.7
20260707T063724Z,25.8,88.7
20260707T063738Z,25.8,88.8
20260707T063754Z,25.8,89.0
20260707T063809Z,25.9,89.1
20260707T063823Z,25.9,89.2
20260707T063839Z,25.9,89.4
20260707T063853Z,25.9,89.4
20260707T063909Z,25.9,89.6
20260707T063923Z,25.9,89.6
20260707T063939Z,26.0,89.7
20260707T063953Z,26.0,89.8
20260707T064009Z,26.0,89.9
20260707T064023Z,26.0,89.9
20260707T064038Z,26.0,89.9
20260707T064054Z,26.0,90.1
20260707T064108Z,26.1,90.1
20260707T064124Z,26.1,90.2
20260707T064138Z,26.1,90.3
20260707T064154Z,26.1,90.2
20260707T064208Z,26.1,90.3
20260707T064224Z,26.2,90.2
20260707T064238Z,26.2,90.3
20260707T064254Z,26.2,90.3
20260707T064308Z,26.2,90.3
20260707T064324Z,26.2,90.3
20260707T064339Z,26.2,90.4
20260707T064353Z,26.3,90.3
20260707T064409Z,26.3,90.4
20260707T064423Z,26.3,90.3
20260707T064438Z,26.3,90.4
20260707T064454Z,26.4,90.3
20260707T064508Z,26.4,90.3
20260707T064524Z,26.4,90.3
20260707T064538Z,26.4,90.3
20260707T064554Z,26.4,90.3
20260707T064608Z,26.4,90.2
20260707T064624Z,26.4,90.2
20260707T064638Z,26.5,90.3
20260707T064654Z,26.5,90.2
20260707T064708Z,26.5,90.2
20260707T064723Z,26.5,90.2
20260707T064738Z,26.6,90.2
20260707T064753Z,26.6,90.2
20260707T064809Z,26.6,90.1
20260707T064823Z,26.6,90.1
20260707T064839Z,26.6,90.1
20260707T064853Z,26.6,90.0
20260707T064909Z,26.7,90.0
20260707T064923Z,26.6,89.2
20260707T064939Z,26.6,88.6
20260707T064953Z,26.6,87.5
20260707T065009Z,26.6,86.6
20260707T065024Z,26.5,86.0
20260707T065039Z,26.5,85.6
20260707T065053Z,26.4,84.0
20260707T065109Z,26.4,82.9
20260707T065124Z,26.3,81.7
20260707T065139Z,26.2,81.2
20260707T065153Z,26.1,80.0
20260707T065209Z,26.0,79.1
20260707T065223Z,25.8,78.2
20260707T065239Z,25.7,78.3
20260707T065253Z,25.5,77.6
20260707T065308Z,25.4,77.2
20260707T065324Z,25.3,77.0
20260707T065339Z,25.2,76.4
20260707T065354Z,25.2,78.0
20260707T065409Z,25.2,80.1
20260707T065424Z,25.1,81.3
20260707T065439Z,25.1,82.1
20260707T065454Z,25.1,82.4
20260707T065508Z,25.1,82.9
20260707T065524Z,25.1,83.1
20260707T065538Z,25.2,83.4
20260707T065554Z,25.2,83.8
20260707T065608Z,25.2,84.2
20260707T065624Z,25.2,84.2
20260707T065639Z,25.3,84.6
20260707T065654Z,25.3,84.8
20260707T065709Z,25.3,85.0
20260707T065724Z,25.4,85.1
20260707T065739Z,25.4,85.4
20260707T065754Z,25.4,85.7
20260707T065809Z,25.4,86.0
20260707T065824Z,25.5,86.1
20260707T065839Z,25.5,86.5
20260707T065854Z,25.5,86.7
20260707T065908Z,25.5,87.0
20260707T065924Z,25.6,87.2
20260707T065939Z,25.6,87.4
20260707T065954Z,25.6,87.6
20260707T070009Z,25.6,87.6
20260707T070024Z,25.7,87.8
20260707T070039Z,25.7,88.0
20260707T070054Z,25.7,88.4
20260707T070109Z,25.7,88.3
20260707T070124Z,25.8,88.5
20260707T070139Z,25.8,88.7
20260707T070154Z,25.8,88.9
20260707T070209Z,25.8,89.0
20260707T070224Z,25.9,89.1
20260707T070239Z,25.9,89.3
20260707T070254Z,25.9,89.4
20260707T070309Z,25.9,89.5
20260707T070324Z,25.9,89.6
20260707T070339Z,25.9,89.7
20260707T070354Z,26.0,89.7
20260707T070409Z,26.0,89.8
20260707T070424Z,26.0,89.9
20260707T070439Z,26.0,89.9
20260707T070454Z,26.0,90.0
20260707T070509Z,26.1,90.1
20260707T070524Z,26.1,90.2
20260707T070539Z,26.1,90.3
20260707T070554Z,26.1,90.4
20260707T070609Z,26.1,90.4
20260707T070624Z,26.1,90.5
20260707T070639Z,26.2,90.5
20260707T070654Z,26.2,90.5
20260707T070709Z,26.2,90.4
20260707T070724Z,26.2,90.4
20260707T070740Z,26.3,90.5
20260707T070754Z,26.3,90.4
20260707T070809Z,26.3,90.5
20260707T070824Z,26.3,90.6
20260707T070839Z,26.3,90.5
20260707T070854Z,26.3,90.4
20260707T070909Z,26.4,90.4
20260707T070924Z,26.4,90.4
20260707T070939Z,26.4,90.3
20260707T070954Z,26.4,90.3
20260707T071009Z,26.4,90.3
20260707T071024Z,26.5,90.2
20260707T071039Z,26.5,90.2
20260707T071054Z,26.5,90.2
20260707T071109Z,26.5,90.2
20260707T071124Z,26.5,90.1
20260707T071139Z,26.5,90.1
20260707T071154Z,26.6,89.9
20260707T071209Z,26.6,89.9
20260707T071224Z,26.6,90.0
20260707T071239Z,26.6,89.9
20260707T071254Z,26.6,89.9
20260707T071309Z,26.6,89.9
20260707T071324Z,26.7,89.9
20260707T071339Z,26.7,89.5
20260707T071354Z,26.6,87.9
20260707T071409Z,26.6,87.5
20260707T071424Z,26.6,86.9
20260707T071439Z,26.5,85.7
20260707T071454Z,26.5,85.0
20260707T071509Z,26.4,84.2
20260707T071524Z,26.4,82.6
20260707T071539Z,26.3,82.3
20260707T071554Z,26.2,80.8
20260707T071609Z,26.1,79.5
20260707T071624Z,26.0,79.1
20260707T071639Z,25.8,78.7
20260707T071654Z,25.7,78.0
20260707T071709Z,25.5,77.1
20260707T071724Z,25.4,77.1
20260707T071739Z,25.3,76.1
20260707T071754Z,25.1,75.4
20260707T071809Z,25.0,76.6
20260707T071824Z,24.9,78.5
20260707T071839Z,24.9,80.0
20260707T071854Z,24.9,81.5
20260707T071909Z,25.0,82.0
20260707T071924Z,25.0,82.8
20260707T071939Z,25.0,83.0
20260707T071954Z,25.0,83.3
20260707T072009Z,25.1,83.5
20260707T072024Z,25.1,84.0
20260707T072039Z,25.1,84.3
20260707T072054Z,25.2,84.5
20260707T072109Z,25.2,84.8
20260707T072124Z,25.2,85.0
20260707T072139Z,25.3,85.2
20260707T072154Z,25.3,85.4
20260707T072209Z,25.3,85.7
20260707T072224Z,25.4,86.0
20260707T072239Z,25.4,86.1
20260707T072254Z,25.4,86.3
20260707T072309Z,25.5,86.6
20260707T072324Z,25.5,86.9
20260707T072339Z,25.5,86.9
20260707T072354Z,25.5,87.0
20260707T072409Z,25.6,87.4
20260707T072424Z,25.6,87.4
20260707T072439Z,25.6,87.8
20260707T072454Z,25.7,88.0
20260707T072509Z,25.7,88.0
20260707T072524Z,25.7,88.1
20260707T072539Z,25.7,88.5
20260707T072554Z,25.8,88.5
20260707T072609Z,25.8,88.7
20260707T072624Z,25.8,88.9
20260707T072639Z,25.8,89.0
20260707T072654Z,25.8,89.0
20260707T072709Z,25.9,89.2
20260707T072724Z,25.9,89.4
20260707T072739Z,25.9,89.3
20260707T072754Z,25.9,89.5
20260707T072809Z,26.0,89.6
20260707T072824Z,26.0,89.8
20260707T072839Z,26.0,90.0
20260707T072854Z,26.0,90.0
20260707T072909Z,26.0,90.1
20260707T072924Z,26.0,90.1
20260707T072939Z,26.1,90.1
20260707T072954Z,26.1,90.3
20260707T073009Z,26.1,90.4
20260707T073024Z,26.1,90.3
20260707T073039Z,26.1,90.4
20260707T073054Z,26.1,90.4
20260707T073109Z,26.2,90.4
20260707T073124Z,26.2,90.5
20260707T073139Z,26.2,90.6
20260707T073154Z,26.2,90.6
20260707T073209Z,26.2,90.6
20260707T073224Z,26.3,90.7
20260707T073239Z,26.3,90.6
20260707T073254Z,26.3,90.6
20260707T073309Z,26.3,90.6
20260707T073324Z,26.3,90.6
20260707T073339Z,26.3,90.6
20260707T073354Z,26.4,90.5
20260707T073409Z,26.4,90.5
20260707T073424Z,26.4,90.6
20260707T073439Z,26.4,90.5
20260707T073454Z,26.4,90.5
20260707T073509Z,26.4,90.5
20260707T073524Z,26.5,90.5
20260707T073539Z,26.5,90.5
20260707T073554Z,26.5,90.4
20260707T073609Z,26.5,90.4
20260707T073624Z,26.6,90.4
20260707T073639Z,26.6,90.4
20260707T073654Z,26.6,90.4
20260707T073709Z,26.6,90.3
20260707T073724Z,26.6,90.3
20260707T073739Z,26.6,90.3
20260707T073754Z,26.7,90.2
20260707T073809Z,26.7,89.7
20260707T073824Z,26.7,88.6
20260707T073839Z,26.7,87.9
20260707T073854Z,26.6,87.0
20260707T073909Z,26.6,86.3
20260707T073924Z,26.6,85.3
20260707T073939Z,26.5,83.9
20260707T073954Z,26.4,83.4
20260707T074009Z,26.4,82.6
20260707T074024Z,26.3,81.3
20260707T074039Z,26.2,80.5
20260707T074054Z,26.1,80.2
20260707T074109Z,25.9,78.9
20260707T074124Z,25.8,78.4
20260707T074139Z,25.7,77.5
20260707T074154Z,25.6,76.9
20260707T074209Z,25.5,76.9
20260707T074224Z,25.4,76.0
20260707T074239Z,25.3,76.1
20260707T074254Z,25.2,78.0
20260707T074309Z,25.2,80.0
20260707T074324Z,25.2,81.5
20260707T074339Z,25.2,82.4
20260707T074354Z,25.2,82.3
20260707T074409Z,25.2,83.0
20260707T074424Z,25.2,83.3
20260707T074439Z,25.2,83.5
20260707T074454Z,25.3,83.8
20260707T074509Z,25.3,83.8
20260707T074524Z,25.3,84.2
20260707T074539Z,25.3,84.4
20260707T074554Z,25.4,84.7
20260707T074609Z,25.4,84.8
20260707T074624Z,25.4,85.2
20260707T074639Z,25.5,85.5
20260707T074654Z,25.5,85.6
20260707T074709Z,25.5,85.9
20260707T074724Z,25.6,86.2
20260707T074739Z,25.6,86.4
20260707T074754Z,25.6,86.5
20260707T074809Z,25.6,86.7
20260707T074824Z,25.7,86.8
20260707T074839Z,25.7,87.0
20260707T074854Z,25.7,87.3
20260707T074909Z,25.7,87.5
20260707T074924Z,25.8,87.7
20260707T074939Z,25.8,87.8
20260707T074954Z,25.8,88.0
20260707T075009Z,25.8,88.3
20260707T075024Z,25.8,88.4
20260707T075039Z,25.9,88.6
20260707T075054Z,25.9,88.7
20260707T075109Z,25.9,88.8
20260707T075124Z,25.9,89.0
20260707T075139Z,25.9,89.2
20260707T075154Z,26.0,89.3
20260707T075209Z,26.0,89.5
20260707T075224Z,26.0,89.5
20260707T075239Z,26.0,89.6
20260707T075254Z,26.0,89.8
20260707T075309Z,26.1,89.9
20260707T075324Z,26.1,90.0
20260707T075339Z,26.1,90.1
20260707T075354Z,26.1,90.1
20260707T075409Z,26.1,90.2
20260707T075424Z,26.1,90.2
20260707T075439Z,26.2,90.3
20260707T075454Z,26.2,90.4
20260707T075509Z,26.2,90.4
20260707T075524Z,26.2,90.4
20260707T075539Z,26.2,90.5
20260707T075554Z,26.3,90.5
20260707T075609Z,26.3,90.6
20260707T075624Z,26.3,90.7
20260707T075639Z,26.3,90.7
20260707T075654Z,26.3,90.7
20260707T075709Z,26.4,90.7
20260707T075724Z,26.4,90.7
20260707T075739Z,26.4,90.6
20260707T075754Z,26.4,90.7
20260707T075809Z,26.4,90.7
20260707T075824Z,26.5,90.6
20260707T075839Z,26.5,90.5
20260707T075854Z,26.5,90.6
20260707T075909Z,26.5,90.6
20260707T075924Z,26.5,90.5
20260707T075939Z,26.6,90.5
20260707T075954Z,26.6,90.5
20260707T080009Z,26.6,90.4
20260707T080024Z,26.6,90.4
20260707T080039Z,26.6,90.4
20260707T080054Z,26.6,90.4
20260707T080109Z,26.6,90.2
20260707T080124Z,26.7,90.1
20260707T080139Z,26.7,89.6
20260707T080154Z,26.6,88.6
20260707T080209Z,26.6,87.5
20260707T080224Z,26.6,87.2
20260707T080239Z,26.5,85.2
20260707T080254Z,26.4,84.3
20260707T080309Z,26.4,83.9
20260707T080324Z,26.3,82.4
20260707T080339Z,26.2,82.4
20260707T080354Z,26.1,81.5
20260707T080409Z,25.9,80.7
20260707T080424Z,25.8,80.1
20260707T080439Z,25.7,79.3
20260707T080454Z,25.6,79.0
20260707T080509Z,25.5,78.3
20260707T080524Z,25.4,77.4
20260707T080539Z,25.3,76.9
20260707T080554Z,25.2,76.7
20260707T080609Z,25.1,76.0
20260707T080624Z,25.0,75.6
20260707T080639Z,25.0,77.3
20260707T080654Z,25.0,78.9
20260707T080709Z,25.0,80.7
20260707T080724Z,25.0,81.5
20260707T080739Z,25.0,82.0
20260707T080754Z,25.1,82.1
20260707T080809Z,25.1,82.4
20260707T080824Z,25.1,82.6
20260707T080839Z,25.2,83.2
20260707T080854Z,25.2,83.2
20260707T080909Z,25.3,83.5
20260707T080924Z,25.3,83.8
20260707T080939Z,25.4,84.0
20260707T080954Z,25.4,84.3
20260707T081009Z,25.5,84.4
20260707T081024Z,25.5,84.8
20260707T081039Z,25.5,85.0
20260707T081054Z,25.6,85.2
20260707T081109Z,25.6,85.5
20260707T081124Z,25.6,85.7
20260707T081139Z,25.6,86.0
20260707T081154Z,25.7,86.1
20260707T081209Z,25.7,86.3
20260707T081224Z,25.7,86.6
20260707T081239Z,25.8,86.7
20260707T081254Z,25.8,87.0
20260707T081309Z,25.8,87.1
20260707T081324Z,25.9,87.2
20260707T081339Z,25.9,87.3
20260707T081354Z,25.9,87.5
20260707T081409Z,25.9,87.6
20260707T081424Z,26.0,87.8
20260707T081440Z,26.0,88.0
20260707T081455Z,26.0,88.2
20260707T081509Z,26.0,88.3
20260707T081524Z,26.0,88.4
20260707T081540Z,26.0,88.6
20260707T081555Z,26.0,88.8
20260707T081609Z,26.1,88.8
20260707T081624Z,26.1,88.9
20260707T081639Z,26.1,89.1
20260707T081654Z,26.1,89.2
20260707T081709Z,26.2,89.3
20260707T081724Z,26.2,89.4
20260707T081739Z,26.2,89.4
20260707T081754Z,26.2,89.5
20260707T081809Z,26.2,89.5
20260707T081824Z,26.3,89.6
20260707T081839Z,26.3,89.6
20260707T081854Z,26.3,89.7
20260707T081909Z,26.3,89.7
20260707T081924Z,26.3,89.8
20260707T081939Z,26.4,89.9
20260707T081954Z,26.4,89.8
20260707T082009Z,26.4,89.8
20260707T082024Z,26.4,89.9
20260707T082039Z,26.4,89.9
20260707T082054Z,26.5,90.0
20260707T082109Z,26.5,89.9
20260707T082124Z,26.5,89.9
20260707T082139Z,26.5,90.0
20260707T082154Z,26.5,89.9
20260707T082209Z,26.6,89.7
20260707T082224Z,26.6,89.7
20260707T082239Z,26.6,89.8
20260707T082254Z,26.6,89.8
20260707T082309Z,26.6,89.7
20260707T082324Z,26.7,89.7
20260707T082339Z,26.7,89.7
20260707T082354Z,26.7,89.7
20260707T082409Z,26.7,88.9
20260707T082424Z,26.7,88.2
20260707T082439Z,26.7,86.5
20260707T082454Z,26.6,86.4
20260707T082509Z,26.6,85.7
20260707T082524Z,26.5,85.1
20260707T082539Z,26.5,84.1
20260707T082554Z,26.4,83.7
20260707T082609Z,26.4,82.8
20260707T082624Z,26.3,81.7
20260707T082639Z,26.3,80.5
20260707T082654Z,26.2,79.6
20260707T082709Z,26.0,78.5
20260707T082724Z,25.9,78.2
20260707T082739Z,25.8,77.0
20260707T082754Z,25.7,76.4
20260707T082809Z,25.6,76.6
20260707T082824Z,25.5,75.8
20260707T082839Z,25.4,75.0
20260707T082854Z,25.3,74.6
20260707T082909Z,25.3,73.9
20260707T082924Z,25.2,74.2
20260707T082939Z,25.1,76.2
20260707T082954Z,25.1,78.0
20260707T083009Z,25.1,79.3
20260707T083024Z,25.1,80.1
20260707T083039Z,25.1,80.3
20260707T083054Z,25.2,80.6
20260707T083109Z,25.2,81.1
20260707T083124Z,25.2,81.5
20260707T083140Z,25.2,82.0
20260707T083154Z,25.2,82.2
20260707T083209Z,25.3,82.6
20260707T083224Z,25.3,83.0
20260707T083240Z,25.3,83.2
20260707T083254Z,25.4,83.6
20260707T083309Z,25.4,83.8
20260707T083324Z,25.4,84.1
20260707T083339Z,25.5,84.3
20260707T083354Z,25.5,84.7
20260707T083409Z,25.5,84.9
20260707T083424Z,25.6,85.0
20260707T083439Z,25.6,85.4
20260707T083454Z,25.6,85.6
20260707T083509Z,25.7,85.8
20260707T083524Z,25.7,86.0
20260707T083539Z,25.7,86.2
20260707T083554Z,25.7,86.3
20260707T083609Z,25.8,86.7
20260707T083624Z,25.8,86.8
20260707T083639Z,25.8,87.1
20260707T083654Z,25.8,87.3
20260707T083709Z,25.9,87.5
20260707T083724Z,25.9,87.5
20260707T083739Z,25.9,87.9
20260707T083754Z,25.9,88.0
20260707T083809Z,25.9,88.1
20260707T083824Z,26.0,88.3
20260707T083839Z,26.0,88.4
20260707T083854Z,26.0,88.6
20260707T083909Z,26.0,88.6
20260707T083924Z,26.0,88.8
20260707T083939Z,26.1,89.0
20260707T083954Z,26.1,89.0
20260707T084009Z,26.1,89.2
20260707T084024Z,26.1,89.4
20260707T084039Z,26.1,89.5
20260707T084054Z,26.1,89.5
20260707T084109Z,26.2,89.6
20260707T084124Z,26.2,89.7
20260707T084139Z,26.2,89.8
20260707T084154Z,26.2,89.8
20260707T084209Z,26.2,89.9
20260707T084224Z,26.2,90.0
20260707T084239Z,26.3,90.0
20260707T084254Z,26.3,90.1
20260707T084309Z,26.3,90.0
20260707T084324Z,26.3,90.1
20260707T084339Z,26.4,90.2
20260707T084354Z,26.4,90.2
20260707T084409Z,26.4,90.2
20260707T084424Z,26.4,90.1
20260707T084439Z,26.4,90.1
20260707T084454Z,26.4,90.0
20260707T084509Z,26.5,89.9
20260707T084524Z,26.5,89.9
20260707T084539Z,26.5,89.8
20260707T084554Z,26.5,89.8
20260707T084609Z,26.6,89.6
20260707T084624Z,26.6,89.5
20260707T084639Z,26.6,89.4
20260707T084654Z,26.6,89.4
20260707T084709Z,26.6,89.4
20260707T084724Z,26.6,88.7
20260707T084739Z,26.6,88.0
20260707T084754Z,26.6,86.2
20260707T084809Z,26.6,86.0
20260707T084824Z,26.5,85.3
20260707T084839Z,26.5,84.6
20260707T084854Z,26.4,83.7
20260707T084909Z,26.3,82.5
20260707T084924Z,26.3,82.1
20260707T084939Z,26.2,81.4
20260707T084954Z,26.1,81.0
20260707T085009Z,26.1,79.8
20260707T085024Z,26.0,78.7
20260707T085039Z,25.9,78.6
20260707T085054Z,25.8,77.6
20260707T085109Z,25.7,77.4
20260707T085124Z,25.6,76.2
20260707T085139Z,25.5,75.8
20260707T085154Z,25.5,75.3
20260707T085209Z,25.4,74.8
20260707T085224Z,25.3,74.3
20260707T085239Z,25.3,74.5
20260707T085254Z,25.2,76.5
20260707T085309Z,25.2,78.3
20260707T085324Z,25.2,79.4
20260707T085339Z,25.2,79.6
20260707T085354Z,25.2,80.1
20260707T085409Z,25.2,80.3
20260707T085424Z,25.2,80.9
20260707T085439Z,25.2,81.1
20260707T085454Z,25.2,81.5
20260707T085509Z,25.3,82.0
20260707T085524Z,25.3,82.6
20260707T085539Z,25.3,82.7
20260707T085554Z,25.3,83.2
20260707T085609Z,25.4,83.3
20260707T085624Z,25.4,83.6
20260707T085639Z,25.4,83.9
20260707T085654Z,25.4,84.2
20260707T085709Z,25.5,84.7
20260707T085724Z,25.5,84.8
20260707T085739Z,25.5,85.0
20260707T085754Z,25.6,85.1
20260707T085809Z,25.6,85.4
20260707T085824Z,25.6,85.7
20260707T085840Z,25.6,86.0
20260707T085855Z,25.7,86.4
20260707T085909Z,25.7,86.5
20260707T085924Z,25.7,86.7
20260707T085939Z,25.7,87.0
20260707T085954Z,25.7,87.1
20260707T090009Z,25.8,87.2
20260707T090024Z,25.8,87.6
20260707T090039Z,25.8,87.6
20260707T090054Z,25.8,87.8
20260707T090109Z,25.9,88.0
20260707T090124Z,25.9,88.1
20260707T090139Z,25.9,88.2
20260707T090154Z,25.9,88.5
20260707T090209Z,25.9,88.6
20260707T090224Z,25.9,88.8
20260707T090239Z,26.0,88.8
20260707T090254Z,26.0,89.0
20260707T090309Z,26.0,89.2
20260707T090324Z,26.0,89.2
20260707T090339Z,26.1,89.3
20260707T090354Z,26.1,89.3
20260707T090409Z,26.1,89.4
20260707T090424Z,26.1,89.6
20260707T090439Z,26.2,89.6
20260707T090454Z,26.2,89.6
20260707T090509Z,26.2,89.7
20260707T090524Z,26.2,89.7
20260707T090539Z,26.2,89.9
20260707T090554Z,26.2,89.9
20260707T090609Z,26.3,89.8
20260707T090624Z,26.3,89.9
20260707T090639Z,26.3,89.9
20260707T090654Z,26.3,90.0
20260707T090709Z,26.4,90.0
20260707T090724Z,26.4,90.0
20260707T090739Z,26.4,90.0
20260707T090754Z,26.4,90.0
20260707T090809Z,26.4,90.1
20260707T090824Z,26.5,90.1
20260707T090839Z,26.5,90.1
20260707T090854Z,26.5,90.1
20260707T090909Z,26.5,90.1
20260707T090924Z,26.5,90.1
20260707T090939Z,26.5,90.0
20260707T090954Z,26.6,90.0
20260707T091009Z,26.6,90.0
20260707T091024Z,26.6,89.9
20260707T091039Z,26.6,89.9
20260707T091054Z,26.6,89.9
20260707T091109Z,26.6,89.4
20260707T091124Z,26.7,88.1
20260707T091139Z,26.6,86.7
20260707T091154Z,26.6,86.4
20260707T091209Z,26.5,85.5
20260707T091224Z,26.5,84.8
20260707T091239Z,26.4,84.0
20260707T091254Z,26.4,83.2
20260707T091309Z,26.3,82.8
20260707T091324Z,26.2,81.8
20260707T091339Z,26.1,80.9
20260707T091354Z,26.1,80.1
20260707T091409Z,26.0,79.3
20260707T091424Z,25.9,78.7
20260707T091439Z,25.8,78.0
20260707T091454Z,25.7,77.4
20260707T091509Z,25.7,76.9
20260707T091524Z,25.6,76.0
20260707T091539Z,25.5,75.2
20260707T091554Z,25.4,74.2
20260707T091609Z,25.2,74.1
20260707T091624Z,25.1,74.7
20260707T091639Z,25.1,75.1
20260707T091654Z,25.1,76.5
20260707T091709Z,25.1,79.1
20260707T091724Z,25.1,79.8
20260707T091739Z,25.1,80.5
20260707T091754Z,25.1,81.0
20260707T091809Z,25.2,81.4
20260707T091824Z,25.2,81.5
20260707T091839Z,25.2,82.0
20260707T091854Z,25.2,82.3
20260707T091909Z,25.3,82.8
20260707T091924Z,25.3,82.9
20260707T091939Z,25.3,83.3
20260707T091954Z,25.3,83.7
20260707T092009Z,25.4,83.9
20260707T092024Z,25.4,84.2
20260707T092039Z,25.4,84.5
20260707T092054Z,25.4,84.8
20260707T092109Z,25.5,85.0
20260707T092124Z,25.5,85.3
20260707T092139Z,25.5,85.4
20260707T092154Z,25.5,85.8
20260707T092209Z,25.6,86.0
20260707T092224Z,25.6,86.0
20260707T092239Z,25.6,86.3
20260707T092254Z,25.6,86.6
20260707T092309Z,25.6,86.7
20260707T092324Z,25.7,87.0
20260707T092339Z,25.7,87.2
20260707T092354Z,25.7,87.3
20260707T092409Z,25.7,87.7
20260707T092424Z,25.7,87.7
20260707T092439Z,25.8,87.9
20260707T092454Z,25.8,88.1
20260707T092509Z,25.8,88.2
20260707T092524Z,25.8,88.3
20260707T092539Z,25.8,88.5
20260707T092554Z,25.8,88.5
20260707T092609Z,25.9,88.9
20260707T092624Z,25.9,89.0
20260707T092639Z,25.9,89.0
20260707T092654Z,25.9,89.1
20260707T092709Z,25.9,89.3
20260707T092724Z,25.9,89.4
20260707T092740Z,26.0,89.5
20260707T092755Z,26.0,89.6
20260707T092809Z,26.0,89.7
20260707T092824Z,26.0,89.8
20260707T092839Z,26.1,89.9
20260707T092854Z,26.1,89.9
20260707T092909Z,26.1,90.0
20260707T092924Z,26.1,90.2
20260707T092939Z,26.1,90.2
20260707T092954Z,26.1,90.2
20260707T093009Z,26.1,90.3
20260707T093024Z,26.2,90.3
20260707T093039Z,26.2,90.3
20260707T093054Z,26.2,90.4
20260707T093109Z,26.2,90.5
20260707T093124Z,26.2,90.4
20260707T093139Z,26.2,90.5
20260707T093154Z,26.3,90.5
20260707T093209Z,26.3,90.5
20260707T093224Z,26.3,90.5
20260707T093239Z,26.3,90.4
20260707T093254Z,26.3,90.3
20260707T093309Z,26.3,90.4
20260707T093324Z,26.4,90.3
20260707T093339Z,26.4,90.3
20260707T093354Z,26.4,90.2
20260707T093409Z,26.4,90.2
20260707T093424Z,26.5,90.2
20260707T093439Z,26.5,90.1
20260707T093454Z,26.5,90.1
20260707T093509Z,26.5,90.1
20260707T093524Z,26.5,90.1
20260707T093539Z,26.5,90.0
20260707T093554Z,26.6,90.0
20260707T093609Z,26.6,90.0
20260707T093624Z,26.6,89.9
20260707T093639Z,26.6,89.8
20260707T093654Z,26.6,89.7
20260707T093709Z,26.7,89.7
20260707T093724Z,26.6,89.3
20260707T093739Z,26.6,87.6
20260707T093754Z,26.6,86.5
20260707T093809Z,26.6,85.9
20260707T093824Z,26.5,84.9
20260707T093839Z,26.5,84.4
20260707T093854Z,26.4,83.3
20260707T093909Z,26.3,82.8
20260707T093924Z,26.2,82.0
20260707T093940Z,26.2,81.1
20260707T093955Z,26.1,80.4
20260707T094009Z,26.0,79.0
20260707T094024Z,25.9,78.7
20260707T094040Z,25.8,78.0
20260707T094055Z,25.7,77.7
20260707T094109Z,25.7,76.2
20260707T094124Z,25.6,75.3
20260707T094140Z,25.5,75.0
20260707T094155Z,25.4,74.8
20260707T094209Z,25.4,74.2
20260707T094224Z,25.3,73.9
20260707T094239Z,25.3,75.1
20260707T094254Z,25.3,77.1
20260707T094309Z,25.2,78.9
20260707T094324Z,25.2,79.4
20260707T094339Z,25.2,79.6
20260707T094354Z,25.2,80.1
20260707T094409Z,25.2,80.5
20260707T094424Z,25.2,81.0
20260707T094439Z,25.2,81.5
20260707T094454Z,25.2,81.9
20260707T094509Z,25.2,82.3
20260707T094524Z,25.2,82.8
20260707T094539Z,25.2,82.9
20260707T094554Z,25.3,83.1
20260707T094609Z,25.3,83.5
20260707T094624Z,25.3,83.7
20260707T094639Z,25.4,83.9
20260707T094654Z,25.4,84.4
20260707T094710Z,25.4,84.7
20260707T094724Z,25.5,84.8
20260707T094739Z,25.5,85.0
20260707T094754Z,25.5,85.3
20260707T094809Z,25.5,85.5
20260707T094824Z,25.6,85.7
20260707T094839Z,25.6,86.1
20260707T094854Z,25.6,86.2
20260707T094909Z,25.6,86.6
20260707T094924Z,25.6,86.7
20260707T094939Z,25.7,86.9
20260707T094954Z,25.7,87.0
20260707T095009Z,25.7,87.3
20260707T095024Z,25.7,87.4
20260707T095039Z,25.8,87.5
20260707T095054Z,25.8,87.6
20260707T095109Z,25.8,87.8
20260707T095124Z,25.8,88.0
20260707T095139Z,25.8,88.2
20260707T095154Z,25.9,88.3
20260707T095209Z,25.9,88.4
20260707T095225Z,25.9,88.6
20260707T095240Z,25.9,88.7
20260707T095254Z,25.9,88.8
20260707T095310Z,25.9,88.9
20260707T095324Z,26.0,89.1
20260707T095339Z,26.0,89.2
20260707T095354Z,26.0,89.2
20260707T095409Z,26.0,89.3
20260707T095424Z,26.0,89.4
20260707T095439Z,26.1,89.4
20260707T095454Z,26.1,89.5
20260707T095509Z,26.1,89.6
20260707T095525Z,26.1,89.6
20260707T095540Z,26.1,89.7
20260707T095554Z,26.2,89.8
20260707T095610Z,26.2,89.8
20260707T095624Z,26.2,89.8
20260707T095640Z,26.2,89.8
20260707T095654Z,26.2,89.9
20260707T095709Z,26.3,89.9
20260707T095725Z,26.3,89.9
20260707T095739Z,26.3,89.9
20260707T095755Z,26.3,89.9
20260707T095809Z,26.3,89.9
20260707T095824Z,26.4,89.9
20260707T095839Z,26.4,89.9
20260707T095855Z,26.4,89.9
20260707T095909Z,26.4,89.9
20260707T095925Z,26.4,89.8
20260707T095939Z,26.5,89.8
20260707T095955Z,26.5,89.8
20260707T100009Z,26.5,89.8
20260707T100025Z,26.5,89.7
20260707T100040Z,26.5,89.7
20260707T100054Z,26.6,89.7
20260707T100110Z,26.6,89.7
20260707T100124Z,26.6,89.6
20260707T100139Z,26.6,89.6
20260707T100155Z,26.6,89.5
20260707T100210Z,26.7,89.5
20260707T100224Z,26.7,89.5
20260707T100240Z,26.7,89.1
20260707T100254Z,26.7,87.2
20260707T100310Z,26.6,86.4
20260707T100324Z,26.6,85.9
20260707T100340Z,26.6,85.5
20260707T100354Z,26.5,84.3
20260707T100410Z,26.4,83.4
20260707T100424Z,26.3,82.7
20260707T100439Z,26.3,81.9
20260707T100455Z,26.2,81.2
20260707T100509Z,26.1,80.3
20260707T100525Z,26.0,79.2
20260707T100539Z,25.9,78.5
20260707T100555Z,25.8,78.0
20260707T100609Z,25.7,78.0
20260707T100625Z,25.6,76.8
20260707T100639Z,25.5,76.3
20260707T100655Z,25.4,75.7
20260707T100709Z,25.3,75.2
20260707T100725Z,25.3,74.6
20260707T100739Z,25.2,74.2
20260707T100755Z,25.1,75.1
20260707T100810Z,25.1,76.8
20260707T100824Z,25.1,78.8
20260707T100839Z,25.1,79.6
20260707T100855Z,25.1,80.1
20260707T100909Z,25.1,80.6
20260707T100925Z,25.1,81.0
20260707T100939Z,25.1,81.4
20260707T100954Z,25.1,81.7
20260707T101010Z,25.2,82.1
20260707T101024Z,25.2,82.6
20260707T101040Z,25.2,82.8
20260707T101054Z,25.2,83.1
20260707T101110Z,25.3,83.5
20260707T101125Z,25.3,83.9
20260707T101140Z,25.3,83.9
20260707T101154Z,25.4,84.2
20260707T101210Z,25.4,84.5
20260707T101224Z,25.4,84.8
20260707T101240Z,25.5,85.0
20260707T101254Z,25.5,85.4
20260707T101310Z,25.5,85.6
20260707T101324Z,25.5,85.8
20260707T101340Z,25.6,86.1
20260707T101354Z,25.6,86.3
20260707T101410Z,25.6,86.5
20260707T101425Z,25.6,86.7
20260707T101439Z,25.7,86.9
20260707T101454Z,25.7,87.0
20260707T101510Z,25.7,87.3
20260707T101524Z,25.7,87.5
20260707T101540Z,25.8,87.7
20260707T101554Z,25.8,87.9
20260707T101610Z,25.8,88.0
20260707T101624Z,25.8,88.1
20260707T101639Z,25.8,88.3
20260707T101655Z,25.9,88.6
20260707T101709Z,25.9,88.6
20260707T101725Z,25.9,88.7
20260707T101740Z,25.9,88.9
20260707T101754Z,25.9,89.0
20260707T101810Z,26.0,89.2
20260707T101824Z,26.0,89.1
20260707T101839Z,26.0,89.2
20260707T101855Z,26.0,89.4
20260707T101909Z,26.0,89.5
20260707T101925Z,26.0,89.5
20260707T101939Z,26.1,89.6
20260707T101955Z,26.1,89.7
20260707T102009Z,26.1,89.8
20260707T102025Z,26.1,89.8
20260707T102040Z,26.2,89.9
20260707T102055Z,26.2,90.1
20260707T102110Z,26.2,90.0
20260707T102124Z,26.2,90.1
20260707T102140Z,26.2,90.1
20260707T102154Z,26.2,90.2
20260707T102210Z,26.3,90.2
20260707T102224Z,26.3,90.2
20260707T102240Z,26.3,90.3
20260707T102254Z,26.3,90.2
20260707T102310Z,26.3,90.0
20260707T102324Z,26.4,89.8
20260707T102339Z,26.4,89.7
20260707T102354Z,26.4,89.6
20260707T102410Z,26.4,89.5
20260707T102424Z,26.4,89.5
20260707T102440Z,26.4,89.5
20260707T102454Z,26.5,89.5
20260707T102510Z,26.5,89.5
20260707T102524Z,26.5,89.5
20260707T102540Z,26.5,89.4
20260707T102554Z,26.5,89.5
20260707T102610Z,26.5,89.4
20260707T102624Z,26.6,89.4
20260707T102639Z,26.6,89.4
20260707T102655Z,26.6,89.4
20260707T102709Z,26.6,89.3
20260707T102724Z,26.6,89.3
20260707T102739Z,26.6,89.4
20260707T102754Z,26.6,89.3
20260707T102810Z,26.7,88.9
20260707T102825Z,26.6,86.8
20260707T102839Z,26.6,86.3
20260707T102855Z,26.6,85.6
20260707T102909Z,26.5,84.6
20260707T102925Z,26.5,84.1
20260707T102939Z,26.4,83.4
20260707T102955Z,26.3,82.2
20260707T103010Z,26.2,81.7
20260707T103024Z,26.2,81.4
20260707T103040Z,26.1,80.1
20260707T103054Z,26.0,79.3
20260707T103110Z,25.9,78.7
20260707T103124Z,25.9,78.0
20260707T103140Z,25.8,77.3
20260707T103154Z,25.7,77.0
20260707T103210Z,25.6,75.8
20260707T103224Z,25.5,75.3
20260707T103240Z,25.5,74.5
20260707T103254Z,25.4,74.3
20260707T103310Z,25.3,73.5
20260707T103324Z,25.2,72.9
20260707T103339Z,25.2,73.9
20260707T103354Z,25.2,75.7
20260707T103410Z,25.1,77.9
20260707T103424Z,25.1,78.5
20260707T103440Z,25.1,79.2
20260707T103454Z,25.1,79.8
20260707T103509Z,25.1,80.1
20260707T103525Z,25.1,80.6
20260707T103539Z,25.2,80.9
20260707T103555Z,25.2,81.5
20260707T103609Z,25.2,81.8
20260707T103625Z,25.2,82.1
20260707T103641Z,25.2,82.5
20260707T103655Z,25.2,83.0
20260707T103710Z,25.3,83.3
20260707T103724Z,25.3,83.5
20260707T103739Z,25.3,83.7
20260707T103755Z,25.4,84.0
20260707T103809Z,25.4,84.3
20260707T103825Z,25.4,84.7
20260707T103840Z,25.4,84.8
20260707T103854Z,25.5,85.1
20260707T103909Z,25.5,85.2
20260707T103925Z,25.5,85.5
20260707T103940Z,25.5,85.8
20260707T103955Z,25.6,86.1
20260707T104009Z,25.6,86.3
20260707T104024Z,25.6,86.6
20260707T104039Z,25.6,86.6
20260707T104055Z,25.7,86.8
20260707T104109Z,25.7,87.0
20260707T104125Z,25.7,87.2
20260707T104139Z,25.7,87.5
20260707T104155Z,25.7,87.6
20260707T104209Z,25.8,87.8
20260707T104225Z,25.8,88.0
20260707T104240Z,25.8,88.1
20260707T104255Z,25.8,88.1
20260707T104310Z,25.8,88.3
20260707T104325Z,25.9,88.5
20260707T104339Z,25.9,88.6
20260707T104355Z,25.9,88.7
20260707T104409Z,25.9,88.8
20260707T104425Z,26.0,89.0
20260707T104439Z,26.0,89.1
20260707T104455Z,26.0,89.2
20260707T104509Z,26.0,89.3
20260707T104525Z,26.0,89.3
20260707T104539Z,26.0,89.5
20260707T104554Z,26.1,89.5
20260707T104610Z,26.1,89.6
20260707T104624Z,26.1,89.7
20260707T104639Z,26.1,89.8
20260707T104654Z,26.1,89.8
20260707T104710Z,26.2,89.9
20260707T104725Z,26.2,90.0
20260707T104740Z,26.2,89.9
20260707T104754Z,26.2,90.0
20260707T104810Z,26.2,90.1
20260707T104824Z,26.3,90.1
20260707T104841Z,26.3,90.1
20260707T104855Z,26.3,90.0
20260707T104910Z,26.3,90.1
20260707T104925Z,26.3,90.2
20260707T104940Z,26.4,90.2
20260707T104955Z,26.4,90.1
20260707T105010Z,26.4,90.1
20260707T105025Z,26.4,90.1
20260707T105040Z,26.4,90.1
20260707T105054Z,26.5,90.1
20260707T105110Z,26.5,90.1
20260707T105124Z,26.5,90.0
20260707T105141Z,26.5,90.0
20260707T105155Z,26.5,89.9
20260707T105210Z,26.5,89.9
20260707T105225Z,26.5,89.9
20260707T105240Z,26.6,89.8
20260707T105255Z,26.6,89.8
20260707T105310Z,26.6,89.8
20260707T105325Z,26.6,89.8
20260707T105340Z,26.6,89.5
20260707T105355Z,26.6,89.4
20260707T105410Z,26.6,87.3
20260707T105425Z,26.6,86.8
20260707T105440Z,26.5,85.6
20260707T105455Z,26.5,85.0
20260707T105510Z,26.4,84.4
20260707T105525Z,26.4,83.7
20260707T105540Z,26.3,83.0
20260707T105555Z,26.2,81.8
20260707T105610Z,26.2,81.4
20260707T105625Z,26.1,80.4
20260707T105640Z,26.1,79.4
20260707T105655Z,26.0,78.6
20260707T105710Z,25.9,77.4
20260707T105725Z,25.8,77.1
20260707T105740Z,25.7,76.7
20260707T105755Z,25.7,75.5
20260707T105810Z,25.6,74.9
20260707T105825Z,25.5,74.6
20260707T105840Z,25.4,73.9
20260707T105855Z,25.3,73.6
20260707T105910Z,25.3,74.8
20260707T105925Z,25.2,76.8
20260707T105940Z,25.2,78.8
20260707T105955Z,25.2,79.5
20260707T110010Z,25.2,80.0
20260707T110025Z,25.1,80.4
20260707T110040Z,25.1,80.7
20260707T110055Z,25.1,81.4
20260707T110110Z,25.1,81.6
20260707T110125Z,25.2,81.9
20260707T110140Z,25.2,82.4
20260707T110155Z,25.2,82.8
20260707T110210Z,25.2,83.1
20260707T110225Z,25.2,83.4
20260707T110240Z,25.3,83.8
20260707T110255Z,25.3,84.0
20260707T110310Z,25.3,84.3
20260707T110325Z,25.4,84.7
20260707T110340Z,25.4,84.9
20260707T110355Z,25.4,85.2
20260707T110410Z,25.5,85.3
20260707T110425Z,25.5,85.5
20260707T110440Z,25.5,85.9
20260707T110455Z,25.5,86.1
20260707T110510Z,25.6,86.3
20260707T110525Z,25.6,86.5
20260707T110540Z,25.6,86.7
20260707T110555Z,25.6,86.9
20260707T110610Z,25.7,87.1
20260707T110625Z,25.7,87.2
20260707T110640Z,25.7,87.4
20260707T110655Z,25.7,87.6
20260707T110710Z,25.7,87.7
20260707T110725Z,25.8,87.9
20260707T110740Z,25.8,88.0
20260707T110755Z,25.8,88.3
20260707T110810Z,25.8,88.4
20260707T110825Z,25.9,88.6
20260707T110840Z,25.9,88.7
20260707T110855Z,25.9,88.7
20260707T110910Z,25.9,89.0
20260707T110925Z,25.9,89.1
20260707T110940Z,26.0,89.1
20260707T110955Z,26.0,89.2
20260707T111010Z,26.0,89.4
20260707T111025Z,26.0,89.4
20260707T111040Z,26.0,89.6
20260707T111055Z,26.0,89.6
20260707T111110Z,26.1,89.7
20260707T111125Z,26.1,89.8
20260707T111140Z,26.1,89.8
20260707T111155Z,26.1,89.9
20260707T111210Z,26.1,90.0
20260707T111225Z,26.2,89.9
20260707T111240Z,26.2,90.1
20260707T111255Z,26.2,90.1
20260707T111310Z,26.2,90.2
20260707T111325Z,26.2,90.2
20260707T111340Z,26.2,90.3
20260707T111355Z,26.3,90.2
20260707T111410Z,26.3,90.2
20260707T111425Z,26.3,90.3
20260707T111440Z,26.3,90.3
20260707T111455Z,26.3,90.3
20260707T111510Z,26.4,90.3
20260707T111525Z,26.4,90.3
20260707T111540Z,26.4,90.2
20260707T111555Z,26.4,90.2
20260707T111610Z,26.4,90.2
20260707T111625Z,26.5,90.0
20260707T111640Z,26.5,89.9
20260707T111655Z,26.5,89.9
20260707T111710Z,26.5,89.7
20260707T111725Z,26.5,89.7
20260707T111740Z,26.5,89.7
20260707T111755Z,26.5,89.6
20260707T111810Z,26.6,89.6
20260707T111825Z,26.6,89.6
20260707T111840Z,26.6,89.6
20260707T111855Z,26.6,89.6
20260707T111910Z,26.6,89.6
20260707T111925Z,26.6,89.5
20260707T111940Z,26.7,89.5
20260707T111955Z,26.7,88.8
20260707T112010Z,26.7,88.6
20260707T112025Z,26.7,86.8
20260707T112040Z,26.6,86.4
20260707T112055Z,26.6,85.3
20260707T112110Z,26.5,84.5
20260707T112125Z,26.5,83.7
20260707T112140Z,26.4,82.8
20260707T112155Z,26.3,82.3
20260707T112210Z,26.2,81.3
20260707T112225Z,26.2,80.6
20260707T112240Z,26.1,79.5
20260707T112255Z,26.0,78.8
20260707T112310Z,25.9,78.6
20260707T112325Z,25.8,77.8
20260707T112340Z,25.7,77.3
20260707T112355Z,25.7,76.0
20260707T112410Z,25.6,75.5
20260707T112425Z,25.6,74.6
20260707T112440Z,25.5,74.0
20260707T112455Z,25.4,73.7
20260707T112510Z,25.4,74.8
20260707T112525Z,25.4,76.5
20260707T112540Z,25.3,78.4
20260707T112555Z,25.3,79.3
20260707T112610Z,25.3,79.8
20260707T112625Z,25.3,80.1
20260707T112640Z,25.3,80.5
20260707T112655Z,25.3,81.1
20260707T112710Z,25.3,81.5
20260707T112725Z,25.3,81.7
20260707T112740Z,25.3,82.2
20260707T112755Z,25.3,82.4
20260707T112810Z,25.4,82.8
20260707T112825Z,25.4,83.1
20260707T112840Z,25.4,83.6
20260707T112855Z,25.4,84.0
20260707T112910Z,25.5,84.0
20260707T112925Z,25.5,84.3
20260707T112940Z,25.5,84.7
20260707T112955Z,25.5,84.9
20260707T113010Z,25.6,85.2
20260707T113025Z,25.6,85.4
20260707T113040Z,25.6,85.5
20260707T113055Z,25.6,85.9
20260707T113110Z,25.6,86.0
20260707T113125Z,25.6,86.3
20260707T113140Z,25.7,86.5
20260707T113155Z,25.7,86.8
20260707T113210Z,25.7,87.0
20260707T113225Z,25.7,87.0
20260707T113240Z,25.7,87.3
20260707T113255Z,25.7,87.6
20260707T113310Z,25.7,87.7
20260707T113325Z,25.8,87.8
20260707T113340Z,25.8,88.1
20260707T113355Z,25.8,88.2
20260707T113410Z,25.8,88.4
20260707T113425Z,25.8,88.5
20260707T113440Z,25.8,88.6
20260707T113455Z,25.9,88.4
20260707T113510Z,25.9,88.6
20260707T113525Z,25.9,88.6
20260707T113540Z,25.9,88.8
20260707T113555Z,25.9,88.7
20260707T113610Z,25.9,88.8
20260707T113625Z,25.9,89.0
20260707T113640Z,26.0,88.9
20260707T113655Z,26.0,88.9
20260707T113710Z,26.0,89.0
20260707T113725Z,26.0,89.0
20260707T113740Z,26.0,89.2
20260707T113755Z,26.1,89.2
20260707T113810Z,26.1,89.3
20260707T113825Z,26.1,89.3
20260707T113840Z,26.1,89.3
20260707T113855Z,26.1,89.4
20260707T113910Z,26.1,89.5
20260707T113925Z,26.2,89.5
20260707T113940Z,26.2,89.5
20260707T113955Z,26.2,89.5
20260707T114010Z,26.2,89.5
20260707T114025Z,26.2,89.5
20260707T114040Z,26.2,89.6
20260707T114055Z,26.3,89.6
20260707T114110Z,26.3,89.5
20260707T114125Z,26.3,89.5
20260707T114140Z,26.3,89.6
20260707T114155Z,26.3,89.6
20260707T114210Z,26.3,89.5
20260707T114225Z,26.4,89.5
20260707T114240Z,26.4,89.5
20260707T114255Z,26.4,89.4
20260707T114310Z,26.4,89.4
20260707T114325Z,26.4,89.4
20260707T114341Z,26.5,89.3
20260707T114355Z,26.5,89.3
20260707T114410Z,26.5,89.3
20260707T114425Z,26.5,89.2
20260707T114440Z,26.5,89.2
20260707T114455Z,26.5,89.2
20260707T114510Z,26.6,89.1
20260707T114525Z,26.6,89.1
20260707T114540Z,26.6,89.1
20260707T114555Z,26.6,89.0
20260707T114610Z,26.6,89.0
20260707T114625Z,26.6,89.0
20260707T114640Z,26.7,88.9
20260707T114655Z,26.7,88.8
20260707T114710Z,26.7,88.6
20260707T114725Z,26.6,86.6
20260707T114740Z,26.6,86.0
20260707T114755Z,26.6,85.3
20260707T114810Z,26.5,84.5
20260707T114825Z,26.5,83.6
20260707T114840Z,26.4,82.8
20260707T114855Z,26.3,81.7
20260707T114910Z,26.2,81.0
20260707T114925Z,26.2,80.1
20260707T114940Z,26.1,79.8
20260707T114955Z,26.0,78.7
20260707T115010Z,25.9,78.1
20260707T115025Z,25.8,77.1
20260707T115040Z,25.7,76.3
20260707T115055Z,25.7,75.6
20260707T115110Z,25.6,75.0
20260707T115125Z,25.5,74.6
20260707T115140Z,25.5,76.2
20260707T115155Z,25.4,77.7
20260707T115210Z,25.4,78.7
20260707T115225Z,25.3,80.0
20260707T115240Z,25.3,80.6
20260707T115255Z,25.3,81.0
20260707T115310Z,25.3,81.3
20260707T115325Z,25.3,81.8
20260707T115340Z,25.3,82.1
20260707T115355Z,25.3,82.6
20260707T115410Z,25.3,82.8
20260707T115425Z,25.3,83.2
20260707T115440Z,25.3,83.6
20260707T115455Z,25.4,83.9
20260707T115510Z,25.4,84.1
20260707T115525Z,25.4,84.3
20260707T115540Z,25.4,84.5
20260707T115555Z,25.5,85.0
20260707T115610Z,25.5,85.2
20260707T115625Z,25.5,85.4
20260707T115640Z,25.5,85.7
20260707T115655Z,25.5,85.9
20260707T115710Z,25.5,86.2
20260707T115725Z,25.6,86.4
20260707T115740Z,25.6,86.4
20260707T115755Z,25.6,86.8
20260707T115810Z,25.6,86.8
20260707T115825Z,25.7,87.2
20260707T115840Z,25.7,87.3
20260707T115855Z,25.7,87.5
20260707T115910Z,25.7,87.7
20260707T115925Z,25.7,87.8
20260707T115940Z,25.7,88.0
20260707T115955Z,25.8,88.2
20260707T120010Z,25.8,88.3
20260707T120025Z,25.8,88.5
20260707T120040Z,25.8,88.6
20260707T120055Z,25.8,88.7
20260707T120110Z,25.8,88.8
20260707T120125Z,25.9,88.9
20260707T120140Z,25.9,89.0
20260707T120155Z,25.9,89.0
20260707T120210Z,25.9,89.2
20260707T120225Z,25.9,89.2
20260707T120240Z,25.9,89.3
20260707T120255Z,26.0,89.3
20260707T120310Z,26.0,89.4
20260707T120325Z,26.0,89.4
20260707T120340Z,26.0,89.5
20260707T120355Z,26.0,89.5
20260707T120410Z,26.1,89.5
20260707T120425Z,26.1,89.6
20260707T120440Z,26.1,89.6
20260707T120455Z,26.1,89.5
20260707T120510Z,26.1,89.5
20260707T120525Z,26.2,89.6
20260707T120540Z,26.2,89.5
20260707T120555Z,26.2,89.6
20260707T120610Z,26.2,89.5
20260707T120625Z,26.2,89.5
20260707T120640Z,26.3,89.5
20260707T120655Z,26.3,89.5
20260707T120710Z,26.3,89.4
20260707T120725Z,26.3,89.4
20260707T120740Z,26.3,89.3
20260707T120755Z,26.3,89.3
20260707T120810Z,26.4,89.2
20260707T120825Z,26.4,89.2
20260707T120840Z,26.4,89.1
20260707T120855Z,26.4,89.1
20260707T120910Z,26.5,89.1
20260707T120925Z,26.5,89.0
20260707T120940Z,26.5,89.0
20260707T120955Z,26.5,89.0
20260707T121010Z,26.5,88.9
20260707T121025Z,26.5,88.9
20260707T121040Z,26.6,88.8
20260707T121055Z,26.6,88.8
20260707T121110Z,26.6,88.8
20260707T121125Z,26.6,88.8
20260707T121140Z,26.6,88.7
20260707T121155Z,26.6,88.6
20260707T121210Z,26.6,88.6
20260707T121225Z,26.7,88.6
20260707T121240Z,26.7,88.5
20260707T121255Z,26.7,88.5
20260707T121310Z,26.7,88.1
20260707T121325Z,26.7,86.7
20260707T121341Z,26.6,85.9
20260707T121355Z,26.6,85.2
20260707T121410Z,26.5,84.6
20260707T121425Z,26.5,83.5
20260707T121440Z,26.4,82.4
20260707T121455Z,26.3,81.9
20260707T121510Z,26.2,81.1
20260707T121525Z,26.1,80.4
20260707T121540Z,26.0,79.5
20260707T121555Z,26.0,79.0
20260707T121610Z,25.9,77.9
20260707T121625Z,25.8,76.9
20260707T121640Z,25.7,76.5
20260707T121655Z,25.6,75.9
20260707T121710Z,25.6,75.2
20260707T121725Z,25.5,74.8
20260707T121740Z,25.4,75.6
20260707T121755Z,25.4,77.3
20260707T121810Z,25.3,78.9
20260707T121825Z,25.3,79.9
20260707T121840Z,25.3,80.5
20260707T121855Z,25.3,81.0
20260707T121910Z,25.2,81.4
20260707T121925Z,25.2,81.7
20260707T121940Z,25.2,81.9
20260707T121955Z,25.3,82.5
20260707T122010Z,25.3,82.8
20260707T122025Z,25.3,83.3
20260707T122040Z,25.3,83.6
20260707T122055Z,25.3,84.0
20260707T122110Z,25.3,84.2
20260707T122125Z,25.4,84.4
20260707T122140Z,25.4,84.8
20260707T122155Z,25.4,84.8
20260707T122210Z,25.4,85.0
20260707T122225Z,25.5,85.3
20260707T122240Z,25.5,85.6
20260707T122255Z,25.5,85.7
20260707T122310Z,25.5,86.0
20260707T122325Z,25.5,86.1
20260707T122340Z,25.6,86.4
20260707T122355Z,25.6,86.5
20260707T122410Z,25.6,86.8
20260707T122425Z,25.6,87.1
20260707T122440Z,25.7,86.3
20260707T122455Z,25.7,85.5
20260707T122510Z,25.7,84.2
20260707T122525Z,25.6,83.8
20260707T122540Z,25.6,82.5
20260707T122555Z,25.6,82.0
20260707T122610Z,25.5,81.4
20260707T122625Z,25.5,80.2
20260707T122640Z,25.5,79.8
20260707T122655Z,25.4,78.7
20260707T122710Z,25.4,77.7
20260707T122725Z,25.4,76.7
20260707T122740Z,25.3,76.1
20260707T122755Z,25.3,74.9
20260707T122810Z,25.2,74.5
20260707T122825Z,25.2,73.7
20260707T122840Z,25.1,73.2
20260707T122855Z,25.1,72.4
20260707T122910Z,25.1,71.7
20260707T122925Z,25.0,70.9
20260707T122940Z,25.0,70.6
20260707T122955Z,24.9,69.6
20260707T123010Z,24.8,69.1
20260707T123025Z,24.7,68.7
20260707T123040Z,24.6,68.1
20260707T123055Z,24.5,68.0
20260707T123110Z,24.4,69.1
20260707T123125Z,24.4,70.5
20260707T123140Z,24.4,73.0
20260707T123155Z,24.4,74.3
20260707T123210Z,24.5,74.7
20260707T123225Z,24.5,75.0
20260707T123240Z,24.5,75.6
20260707T123255Z,24.6,75.8
20260707T123310Z,24.6,76.0
20260707T123325Z,24.7,76.3
20260707T123340Z,24.7,76.7
20260707T123355Z,24.7,76.6
20260707T123410Z,24.8,73.6
20260707T123425Z,24.8,70.2
20260707T123440Z,24.9,72.4
20260707T123455Z,24.9,74.0
20260707T123510Z,24.9,74.6
20260707T123525Z,25.0,73.9
20260707T123540Z,25.0,74.1
20260707T123555Z,24.9,74.0
20260707T123610Z,24.9,73.3
20260707T123625Z,24.9,73.6
20260707T123640Z,24.9,73.8
20260707T123655Z,24.9,73.8
20260707T123710Z,24.9,74.0
20260707T123725Z,24.9,74.0
20260707T123740Z,24.9,74.2
20260707T123755Z,24.8,74.2
20260707T123810Z,24.8,74.3
20260707T123825Z,24.8,74.1
20260707T123840Z,24.8,74.1
20260707T123855Z,24.8,74.2
20260707T123910Z,24.8,74.4
20260707T123925Z,24.8,74.0
20260707T123940Z,24.8,73.9
20260707T123955Z,24.8,74.3
20260707T124010Z,24.8,74.5
20260707T124025Z,24.9,74.6
20260707T124040Z,24.9,74.5
20260707T124055Z,24.9,74.3
20260707T124110Z,24.9,74.2
20260707T124125Z,24.9,73.9
20260707T124140Z,24.9,74.0
20260707T124155Z,24.9,73.9
20260707T124210Z,24.9,73.8
20260707T124225Z,24.9,73.7
20260707T124240Z,24.9,73.5
20260707T124255Z,24.9,73.6
20260707T124310Z,24.9,73.5
20260707T124325Z,24.9,73.2
20260707T124340Z,24.9,73.2
20260707T124355Z,24.9,72.9
20260707T124410Z,24.9,72.8
20260707T124425Z,24.9,72.5
20260707T124440Z,24.9,72.4
20260707T124455Z,24.9,72.1
20260707T124510Z,24.9,71.9
20260707T124525Z,25.0,72.0
20260707T124540Z,25.0,71.7
20260707T124555Z,25.0,71.5
20260707T124610Z,25.0,71.1
20260707T124625Z,25.0,70.8
20260707T124640Z,25.1,70.8
20260707T124655Z,25.1,70.6
20260707T124710Z,25.1,70.4
20260707T124725Z,25.1,69.9
20260707T124740Z,25.2,66.1
20260707T124755Z,25.2,65.6
20260707T124810Z,25.2,66.4
20260707T124825Z,25.3,66.7
20260707T124840Z,25.2,62.8
20260707T124855Z,25.3,63.0
20260707T124910Z,25.3,62.9
20260707T124925Z,25.3,66.7
20260707T124940Z,25.3,62.4
20260707T124955Z,25.3,65.7
20260707T125010Z,25.4,64.2
20260707T125025Z,25.4,61.5
20260707T125040Z,25.4,62.3
20260707T125055Z,25.4,65.1
20260707T125110Z,25.4,61.3
20260707T125125Z,25.4,61.4
20260707T125140Z,25.4,61.1
20260707T125155Z,25.4,60.8
20260707T125210Z,25.4,64.4
20260707T125225Z,25.4,60.8
20260707T125240Z,25.4,61.1
20260707T125255Z,25.4,61.9
20260707T125310Z,25.4,61.5
20260707T125325Z,25.5,60.1
20260707T125340Z,25.5,59.9
20260707T125355Z,25.5,60.3
20260707T125410Z,25.5,60.6
20260707T125425Z,25.5,60.0
20260707T125440Z,25.5,59.9
20260707T125455Z,25.5,59.9
20260707T125510Z,25.5,59.5
20260707T125525Z,25.5,60.2
20260707T125540Z,25.5,59.4
20260707T125555Z,25.5,60.3
20260707T125610Z,25.5,63.2
20260707T125625Z,25.5,60.1
20260707T125640Z,25.5,62.4
20260707T125655Z,25.5,59.7
20260707T125710Z,25.5,59.0
20260707T125725Z,25.5,59.2
20260707T125740Z,25.5,59.2
20260707T125755Z,25.5,62.1
20260707T125810Z,25.5,59.5
20260707T125825Z,25.5,59.3
20260707T125840Z,25.5,61.2
20260707T125855Z,25.5,60.7
20260707T125910Z,25.5,58.7
20260707T125925Z,25.5,58.9
20260707T125940Z,25.5,58.7
20260707T125955Z,25.5,59.2
20260707T130010Z,25.5,59.0
20260707T130025Z,25.5,58.7
20260707T130040Z,25.5,58.9
20260707T130055Z,25.5,58.9
20260707T130110Z,25.5,59.2
20260707T130125Z,25.5,58.6
20260707T130141Z,25.5,61.7
20260707T130156Z,25.5,58.9
20260707T130210Z,25.5,58.8
20260707T130225Z,25.5,58.6
20260707T130240Z,25.5,58.5
20260707T130255Z,25.5,58.4
20260707T130310Z,25.5,58.6
20260707T130325Z,25.5,58.9
20260707T130340Z,25.5,58.8
20260707T130355Z,25.5,58.8
20260707T130410Z,25.5,59.2
20260707T130425Z,25.5,58.9
20260707T130440Z,25.5,58.6
20260707T130455Z,25.5,58.6
20260707T130510Z,25.5,61.6
20260707T130525Z,25.5,62.5
20260707T130540Z,25.6,62.9
20260707T130555Z,25.6,63.0
20260707T130610Z,25.6,63.2
20260707T130625Z,25.7,63.4
20260707T130640Z,25.7,63.5
20260707T130655Z,25.7,63.6
20260707T130710Z,25.8,63.7
20260707T130725Z,25.8,63.8
20260707T130740Z,25.9,64.0
20260707T130755Z,25.9,64.1
20260707T130810Z,25.9,64.2
20260707T130825Z,25.9,63.2
20260707T130840Z,25.9,63.0
20260707T130855Z,25.9,63.0
20260707T130910Z,25.8,62.5
20260707T130925Z,25.7,61.9
20260707T130940Z,25.6,61.7
20260707T130955Z,25.5,61.5
20260707T131010Z,25.4,61.2
20260707T131025Z,25.3,60.5
20260707T131040Z,25.1,60.6
20260707T131055Z,25.0,60.6
20260707T131110Z,24.9,60.3
20260707T131125Z,24.8,60.4
20260707T131140Z,24.7,60.1
20260707T131155Z,24.5,59.8
20260707T131210Z,24.5,59.8
20260707T131225Z,24.4,59.5
20260707T131240Z,24.4,59.2
20260707T131255Z,24.3,59.0
20260707T131310Z,24.2,60.3
20260707T131325Z,24.2,62.8
20260707T131340Z,24.2,65.0
20260707T131355Z,24.2,66.4
20260707T131410Z,24.1,67.0
20260707T131425Z,24.1,67.6
20260707T131440Z,24.1,68.2
20260707T131455Z,24.1,68.6
20260707T131510Z,24.1,69.8
20260707T131525Z,24.2,70.1
20260707T131540Z,24.2,70.6
20260707T131555Z,24.2,70.8
20260707T131610Z,24.2,71.7
20260707T131625Z,24.3,72.1
20260707T131640Z,24.3,73.1
20260707T131655Z,24.3,73.3
20260707T131710Z,24.3,73.5
20260707T131725Z,24.4,74.1
20260707T131740Z,24.4,74.4
20260707T131755Z,24.5,74.8
20260707T131810Z,24.5,75.5
20260707T131825Z,24.6,75.6
20260707T131840Z,24.6,75.4
20260707T131855Z,24.6,75.7
20260707T131910Z,24.7,75.9
20260707T131925Z,24.7,75.9
20260707T131940Z,24.8,75.8
20260707T131955Z,24.9,76.0
20260707T132010Z,24.9,75.8
20260707T132025Z,25.0,75.7
20260707T132040Z,25.0,75.7
20260707T132055Z,25.1,75.6
20260707T132110Z,25.2,75.5
20260707T132125Z,25.2,75.4
20260707T132140Z,25.3,75.4
20260707T132155Z,25.3,75.2
20260707T132210Z,25.4,75.2
20260707T132225Z,25.5,75.1
20260707T132240Z,25.5,74.9
20260707T132255Z,25.6,74.9
20260707T132310Z,25.6,74.8
20260707T132325Z,25.7,74.8
20260707T132340Z,25.7,74.7
20260707T132355Z,25.8,74.7
20260707T132411Z,25.8,74.6
20260707T132425Z,25.9,74.6
20260707T132441Z,25.9,74.5
20260707T132456Z,25.9,73.0
20260707T132510Z,25.9,72.6
20260707T132525Z,25.8,72.2
20260707T132540Z,25.8,71.1
20260707T132555Z,25.7,70.8
20260707T132610Z,25.6,70.3
20260707T132625Z,25.5,69.6
20260707T132641Z,25.4,69.3
20260707T132656Z,25.3,68.5
20260707T132710Z,25.2,68.0
20260707T132725Z,25.1,67.7
20260707T132740Z,25.0,66.9
20260707T132755Z,24.9,66.6
20260707T132810Z,24.8,66.2
20260707T132825Z,24.7,65.8
20260707T132840Z,24.6,65.5
20260707T132855Z,24.5,65.0
20260707T132910Z,24.5,64.8
20260707T132925Z,24.4,64.1
20260707T132940Z,24.3,64.0
20260707T132955Z,24.3,65.6
20260707T133010Z,24.2,66.9
20260707T133025Z,24.2,69.8
20260707T133040Z,24.2,70.9
20260707T133055Z,24.2,71.3
20260707T133110Z,24.2,71.7
20260707T133125Z,24.2,72.5
20260707T133140Z,24.2,72.7
20260707T133155Z,24.2,73.4
20260707T133210Z,24.2,74.2
20260707T133225Z,24.2,74.5
20260707T133240Z,24.3,75.2
20260707T133255Z,24.3,75.7
20260707T133310Z,24.3,76.2
20260707T133325Z,24.4,76.7
20260707T133340Z,24.4,77.4
20260707T133355Z,24.4,77.7
20260707T133410Z,24.4,77.9
20260707T133425Z,24.5,78.2
20260707T133440Z,24.5,78.7
20260707T133455Z,24.5,79.4
20260707T133510Z,24.5,79.6
20260707T133525Z,24.6,80.0
20260707T133540Z,24.6,80.1
20260707T133555Z,24.6,80.3
20260707T133610Z,24.7,80.6
20260707T133625Z,24.7,80.6
20260707T133640Z,24.7,81.0
20260707T133655Z,24.8,81.0
20260707T133710Z,24.8,81.2
20260707T133725Z,24.8,81.4
20260707T133740Z,24.9,81.5
20260707T133755Z,24.9,81.6
20260707T133810Z,25.0,81.7
20260707T133825Z,25.0,81.8
20260707T133840Z,25.0,81.9
20260707T133855Z,25.1,81.8
20260707T133910Z,25.1,81.8
20260707T133925Z,25.2,81.7
20260707T133940Z,25.2,81.7
20260707T133955Z,25.3,81.7
20260707T134010Z,25.3,81.6
20260707T134025Z,25.3,81.6
20260707T134040Z,25.4,81.5
20260707T134055Z,25.4,81.4
20260707T134110Z,25.5,81.2
20260707T134125Z,25.5,81.2
20260707T134140Z,25.6,81.1
20260707T134155Z,25.6,81.0
20260707T134210Z,25.7,80.9
20260707T134225Z,25.7,80.8
20260707T134240Z,25.7,80.6
20260707T134255Z,25.8,80.5
20260707T134310Z,25.8,78.3
20260707T134325Z,25.7,78.1
20260707T134340Z,25.7,77.6
20260707T134355Z,25.6,76.7
20260707T134410Z,25.5,75.6
20260707T134425Z,25.5,75.3
20260707T134440Z,25.4,74.4
20260707T134456Z,25.3,73.9
20260707T134510Z,25.2,72.6
20260707T134526Z,25.1,72.3
20260707T134540Z,25.0,71.9
20260707T134555Z,24.9,70.9
20260707T134610Z,24.8,70.8
20260707T134625Z,24.7,70.5
20260707T134640Z,24.6,69.6
20260707T134655Z,24.6,69.5
20260707T134710Z,24.5,68.7
20260707T134725Z,24.4,68.2
20260707T134741Z,24.4,67.7
20260707T134755Z,24.3,67.1
20260707T134811Z,24.3,67.4
20260707T134826Z,24.3,69.4
20260707T134841Z,24.2,71.2
20260707T134855Z,24.2,72.7
20260707T134910Z,24.2,73.6
20260707T134925Z,24.2,74.6
20260707T134941Z,24.2,75.5
20260707T134955Z,24.3,76.1
20260707T135010Z,24.3,76.3
20260707T135025Z,24.4,76.8
20260707T135041Z,24.4,77.1
20260707T135055Z,24.5,77.2
20260707T135111Z,24.5,77.9
20260707T135125Z,24.5,78.4
20260707T135140Z,24.5,78.7
20260707T135155Z,24.6,79.1
20260707T135211Z,24.6,79.7
20260707T135225Z,24.6,79.9
20260707T135241Z,24.6,80.2
20260707T135255Z,24.7,80.7
20260707T135311Z,24.7,80.9
20260707T135325Z,24.7,81.2
20260707T135341Z,24.7,81.8
20260707T135355Z,24.7,81.8
20260707T135411Z,24.8,82.0
20260707T135425Z,24.8,82.4
20260707T135441Z,24.8,82.9
20260707T135455Z,24.8,83.0
20260707T135510Z,24.8,83.1
20260707T135526Z,24.9,83.5
20260707T135540Z,24.9,83.6
20260707T135556Z,24.9,83.9
20260707T135610Z,24.9,84.2
20260707T135626Z,24.9,84.3
20260707T135640Z,25.0,84.4
20260707T135656Z,25.0,84.5
20260707T135710Z,25.0,84.8
20260707T135726Z,25.1,84.9
20260707T135740Z,25.1,85.0
20260707T135756Z,25.1,85.0
20260707T135810Z,25.1,85.2
20260707T135826Z,25.2,85.2
20260707T135840Z,25.2,85.3
20260707T135856Z,25.2,85.2
20260707T135910Z,25.2,85.4
20260707T135926Z,25.3,85.4
20260707T135941Z,25.3,85.3
20260707T135955Z,25.3,85.3
20260707T140011Z,25.3,85.3
20260707T140025Z,25.4,85.3
20260707T140041Z,25.4,85.2
20260707T140055Z,25.4,85.2
20260707T140111Z,25.5,85.1
20260707T140125Z,25.5,85.1
20260707T140140Z,25.5,85.0
20260707T140156Z,25.6,85.0
20260707T140210Z,25.6,84.9
20260707T140226Z,25.6,84.8
20260707T140240Z,25.6,84.4
20260707T140256Z,25.7,83.1
20260707T140310Z,25.6,81.8
20260707T140326Z,25.6,81.4
20260707T140340Z,25.5,80.6
20260707T140356Z,25.5,80.1
20260707T140410Z,25.5,79.4
20260707T140425Z,25.4,78.5
20260707T140441Z,25.4,77.5
20260707T140455Z,25.3,76.8
20260707T140511Z,25.2,76.2
20260707T140525Z,25.2,74.9
20260707T140541Z,25.1,74.3
20260707T140555Z,25.0,73.5
20260707T140611Z,24.9,72.6
20260707T140625Z,24.9,71.7
20260707T140640Z,24.8,71.4
20260707T140656Z,24.7,70.7
20260707T140710Z,24.6,70.0
20260707T140726Z,24.5,70.2
20260707T140740Z,24.4,71.6
20260707T140755Z,24.4,73.1
20260707T140811Z,24.4,75.0
20260707T140825Z,24.4,76.3
20260707T140841Z,24.3,76.7
20260707T140855Z,24.3,77.1
20260707T140911Z,24.3,77.5
20260707T140925Z,24.3,78.1
20260707T140941Z,24.3,78.3
20260707T140955Z,24.3,78.8
20260707T141011Z,24.4,79.0
20260707T141025Z,24.4,79.5
20260707T141040Z,24.4,80.0
20260707T141056Z,24.4,80.5
20260707T141110Z,24.5,80.8
20260707T141126Z,24.5,81.1
20260707T141140Z,24.5,81.5
20260707T141156Z,24.6,81.6
20260707T141210Z,24.6,81.9
20260707T141226Z,24.6,82.1
20260707T141241Z,24.7,82.3
20260707T141255Z,24.7,83.2
20260707T141311Z,24.7,83.4
20260707T141326Z,24.7,83.9
20260707T141341Z,24.8,84.2
20260707T141356Z,24.8,84.4
20260707T141410Z,24.8,84.6
20260707T141426Z,24.9,85.1
20260707T141440Z,24.9,85.2
20260707T141456Z,24.9,85.4
20260707T141510Z,25.0,85.9
20260707T141525Z,25.0,86.0
20260707T141541Z,25.0,86.1
20260707T141555Z,25.1,86.5
20260707T141611Z,25.1,86.5
20260707T141625Z,25.1,86.7
20260707T141641Z,25.1,86.9
20260707T141655Z,25.2,87.1
20260707T141711Z,25.2,87.1
20260707T141725Z,25.2,87.3
20260707T141741Z,25.3,87.3
20260707T141755Z,25.3,87.5
20260707T141811Z,25.3,87.4
20260707T141825Z,25.3,87.4
20260707T141840Z,25.4,87.5
20260707T141856Z,25.4,87.6
20260707T141910Z,25.4,87.5
20260707T141926Z,25.5,87.6
20260707T141940Z,25.5,87.5
20260707T141955Z,25.5,87.5
20260707T142010Z,25.6,87.4
20260707T142026Z,25.6,87.5
20260707T142041Z,25.6,87.4
20260707T142055Z,25.7,86.7
20260707T142111Z,25.6,85.9
20260707T142125Z,25.6,84.3
20260707T142141Z,25.6,84.1
20260707T142155Z,25.6,82.8
20260707T142211Z,25.5,82.4
20260707T142225Z,25.5,81.2
20260707T142242Z,25.4,80.6
20260707T142256Z,25.4,79.8
20260707T142310Z,25.3,78.6
20260707T142325Z,25.3,78.0
20260707T142342Z,25.2,77.0
20260707T142356Z,25.1,76.3
20260707T142411Z,25.1,75.6
20260707T142425Z,25.0,74.6
20260707T142440Z,24.9,74.1
20260707T142456Z,24.8,73.5
20260707T142510Z,24.7,73.3
20260707T142526Z,24.7,72.3
20260707T142540Z,24.7,71.8
20260707T142556Z,24.6,70.8
20260707T142610Z,24.5,70.1
20260707T142626Z,24.4,69.9
20260707T142641Z,24.4,70.7
20260707T142655Z,24.4,72.6
20260707T142711Z,24.4,74.0
20260707T142725Z,24.4,75.7
20260707T142741Z,24.4,76.3
20260707T142755Z,24.4,76.7
20260707T142811Z,24.4,77.2
20260707T142825Z,24.4,77.6
20260707T142840Z,24.4,78.2
20260707T142856Z,24.4,78.5
20260707T142910Z,24.4,78.8
20260707T142926Z,24.4,79.6
20260707T142940Z,24.5,79.9
20260707T142956Z,24.5,80.2
20260707T143010Z,24.5,80.6
20260707T143026Z,24.6,81.1
20260707T143040Z,24.6,81.5
20260707T143056Z,24.6,81.6
20260707T143110Z,24.7,82.1
20260707T143126Z,24.7,82.3
20260707T143140Z,24.7,82.8
20260707T143156Z,24.8,83.0
20260707T143210Z,24.8,83.3
20260707T143226Z,24.8,83.5
20260707T143240Z,24.9,83.7
20260707T143255Z,24.9,84.0
20260707T143310Z,24.9,84.2
20260707T143325Z,24.9,84.4
20260707T143341Z,25.0,84.6
20260707T143355Z,25.0,85.0
20260707T143411Z,25.0,85.0
20260707T143425Z,25.1,85.3
20260707T143441Z,25.0,85.6
20260707T143455Z,25.1,85.8
20260707T143511Z,25.1,86.0
20260707T143526Z,25.1,86.2
20260707T143541Z,25.1,86.4
20260707T143556Z,25.2,86.5
20260707T143610Z,25.2,86.7
20260707T143625Z,25.2,86.8
20260707T143640Z,25.2,86.9
20260707T143656Z,25.3,87.0
20260707T143711Z,25.3,87.2
20260707T143725Z,25.3,87.3
20260707T143740Z,25.3,87.3
20260707T143756Z,25.3,87.4
20260707T143810Z,25.4,87.6
20260707T143826Z,25.4,87.7
20260707T143841Z,25.4,87.7
20260707T143855Z,25.4,87.8
20260707T143911Z,25.5,87.8
20260707T143926Z,25.5,87.9
20260707T143941Z,25.5,88.0
20260707T143955Z,25.5,87.8
20260707T144011Z,25.5,87.6
20260707T144025Z,25.5,85.5
20260707T144041Z,25.5,84.9
20260707T144055Z,25.5,83.8
20260707T144110Z,25.4,83.3
20260707T144126Z,25.4,82.3
20260707T144141Z,25.4,81.1
20260707T144156Z,25.3,80.7
20260707T144210Z,25.3,80.1
20260707T144226Z,25.2,78.9
20260707T144240Z,25.2,78.9
20260707T144256Z,25.1,78.1
20260707T144310Z,25.1,77.3
20260707T144326Z,25.0,76.6
20260707T144340Z,24.9,75.2
20260707T144356Z,24.9,74.7
20260707T144410Z,24.8,73.8
20260707T144426Z,24.7,73.5
20260707T144440Z,24.7,73.2
20260707T144456Z,24.6,72.5
20260707T144510Z,24.6,71.4
20260707T144525Z,24.5,70.9
20260707T144541Z,24.5,70.3
20260707T144556Z,24.4,69.6
20260707T144610Z,24.4,69.1
20260707T144626Z,24.3,68.5
20260707T144640Z,24.2,68.9
20260707T144656Z,24.2,71.6
20260707T144711Z,24.2,72.6
20260707T144726Z,24.2,74.7
20260707T144741Z,24.1,75.3
20260707T144756Z,24.2,75.6
20260707T144811Z,24.2,76.0
20260707T144826Z,24.2,76.4
20260707T144841Z,24.2,76.7
20260707T144856Z,24.2,77.4
20260707T144911Z,24.3,77.7
20260707T144926Z,24.3,78.7
20260707T144941Z,24.3,78.9
20260707T144956Z,24.3,79.4
20260707T145011Z,24.4,79.8
20260707T145026Z,24.4,80.1
20260707T145042Z,24.5,80.3
20260707T145056Z,24.5,80.7
20260707T145111Z,24.5,81.3
20260707T145126Z,24.6,81.6
20260707T145141Z,24.6,82.0
20260707T145156Z,24.6,82.2
20260707T145211Z,24.7,82.4
20260707T145226Z,24.7,82.6
20260707T145241Z,24.7,82.8
20260707T145256Z,24.8,83.3
20260707T145311Z,24.8,83.5
20260707T145326Z,24.8,83.9
20260707T145341Z,24.8,84.0
20260707T145356Z,24.9,84.4
20260707T145411Z,24.9,84.6
20260707T145426Z,24.9,84.7
20260707T145441Z,24.9,84.9
20260707T145456Z,25.0,85.2
20260707T145511Z,25.0,85.3
20260707T145526Z,25.0,85.5
20260707T145541Z,25.1,85.7
20260707T145556Z,25.1,85.9
20260707T145611Z,25.1,86.1
20260707T145626Z,25.1,86.2
20260707T145641Z,25.2,86.4
20260707T145656Z,25.2,86.5
20260707T145711Z,25.2,86.6
20260707T145726Z,25.2,86.9
20260707T145741Z,25.3,86.9
20260707T145756Z,25.3,87.1
20260707T145811Z,25.3,87.2
20260707T145826Z,25.3,87.4
20260707T145841Z,25.3,87.5
20260707T145856Z,25.4,87.6
20260707T145911Z,25.4,87.7
20260707T145926Z,25.4,87.8
20260707T145941Z,25.4,87.8
20260707T145956Z,25.5,87.9
20260707T150011Z,25.5,88.0
20260707T150026Z,25.5,88.1
20260707T150041Z,25.5,88.1
20260707T150056Z,25.6,87.4
20260707T150111Z,25.5,86.3
20260707T150126Z,25.5,85.0
20260707T150141Z,25.5,84.7
20260707T150156Z,25.5,83.9
20260707T150211Z,25.4,82.9
20260707T150226Z,25.4,82.1
20260707T150241Z,25.3,80.9
20260707T150256Z,25.3,80.2
20260707T150311Z,25.2,79.5
20260707T150326Z,25.1,78.3
20260707T150341Z,25.0,77.3
20260707T150356Z,25.0,76.6
20260707T150411Z,24.9,76.1
20260707T150426Z,24.8,75.3
20260707T150441Z,24.7,74.5
20260707T150456Z,24.7,73.8
20260707T150511Z,24.6,73.1
20260707T150526Z,24.6,72.4
20260707T150541Z,24.5,71.8
20260707T150556Z,24.4,71.1
20260707T150611Z,24.3,71.6
20260707T150626Z,24.3,72.9
20260707T150641Z,24.3,74.4
20260707T150656Z,24.3,76.3
20260707T150711Z,24.3,77.2
20260707T150726Z,24.3,77.4
20260707T150741Z,24.3,78.0
20260707T150756Z,24.3,78.3
20260707T150811Z,24.3,78.5
20260707T150826Z,24.4,79.0
20260707T150841Z,24.4,79.6
20260707T150856Z,24.4,79.8
20260707T150911Z,24.5,80.4
20260707T150926Z,24.5,80.6
20260707T150941Z,24.5,81.0
20260707T150956Z,24.5,81.4
20260707T151011Z,24.6,81.6
20260707T151026Z,24.6,82.1
20260707T151041Z,24.6,82.2
20260707T151056Z,24.6,82.7
20260707T151111Z,24.6,82.9
20260707T151126Z,24.7,83.3
20260707T151141Z,24.7,83.4
20260707T151156Z,24.7,83.7
20260707T151211Z,24.8,83.9
20260707T151226Z,24.8,84.3
20260707T151241Z,24.8,84.4
20260707T151256Z,24.8,84.8
20260707T151311Z,24.9,85.0
20260707T151326Z,24.9,85.2
20260707T151341Z,24.9,85.4
20260707T151356Z,24.9,85.6
20260707T151411Z,24.9,86.1
20260707T151426Z,25.0,86.0
20260707T151441Z,25.0,86.2
20260707T151456Z,25.0,86.4
20260707T151511Z,25.0,86.6
20260707T151526Z,25.1,86.7
20260707T151541Z,25.1,86.9
20260707T151556Z,25.1,87.1
20260707T151611Z,25.1,87.2
20260707T151626Z,25.1,87.6
20260707T151641Z,25.1,87.5
20260707T151656Z,25.2,87.6
20260707T151711Z,25.2,87.8
20260707T151726Z,25.2,87.8
20260707T151741Z,25.2,88.1
20260707T151756Z,25.2,88.2
20260707T151811Z,25.3,88.2
20260707T151826Z,25.3,88.3
20260707T151841Z,25.3,88.4
20260707T151856Z,25.3,88.5
20260707T151911Z,25.3,88.6
20260707T151926Z,25.4,88.6
20260707T151941Z,25.4,88.6
20260707T151956Z,25.4,88.7
20260707T152011Z,25.4,88.8
20260707T152026Z,25.4,88.9
20260707T152041Z,25.5,89.0
20260707T152056Z,25.5,89.0
20260707T152111Z,25.5,89.0
20260707T152126Z,25.5,89.0
20260707T152141Z,25.5,89.1
20260707T152156Z,25.5,89.0
20260707T152211Z,25.6,88.6
20260707T152226Z,25.5,86.7
20260707T152241Z,25.5,86.2
20260707T152256Z,25.5,85.4
20260707T152311Z,25.5,84.4
20260707T152326Z,25.4,83.4
20260707T152341Z,25.4,82.2
20260707T152356Z,25.3,81.6
20260707T152411Z,25.2,80.6
20260707T152426Z,25.1,80.2
20260707T152441Z,25.1,79.3
20260707T152456Z,25.0,78.6
20260707T152511Z,24.9,77.2
20260707T152526Z,24.9,76.6
20260707T152541Z,24.8,75.7
20260707T152556Z,24.7,75.0
20260707T152611Z,24.6,74.4
20260707T152626Z,24.5,73.5
20260707T152641Z,24.4,72.9
20260707T152656Z,24.4,73.5
20260707T152711Z,24.3,75.0
20260707T152726Z,24.3,76.2
20260707T152741Z,24.3,77.8
20260707T152756Z,24.3,78.8
20260707T152811Z,24.3,79.5
20260707T152826Z,24.3,79.7
20260707T152841Z,24.3,80.1
20260707T152856Z,24.4,80.4
20260707T152911Z,24.4,80.7
20260707T152926Z,24.4,81.4
20260707T152941Z,24.4,81.7
20260707T152956Z,24.4,81.9
20260707T153011Z,24.4,82.3
20260707T153026Z,24.5,82.7
20260707T153041Z,24.5,83.0
20260707T153056Z,24.5,83.3
20260707T153111Z,24.6,83.5
20260707T153126Z,24.6,83.9
20260707T153141Z,24.6,84.1
20260707T153156Z,24.6,84.4
20260707T153211Z,24.7,84.6
20260707T153226Z,24.7,84.9
20260707T153241Z,24.7,85.1
20260707T153256Z,24.7,85.4
20260707T153311Z,24.8,85.5
20260707T153326Z,24.8,85.9
20260707T153342Z,24.8,86.0
20260707T153356Z,24.9,86.3
20260707T153411Z,24.9,86.5
20260707T153426Z,24.9,86.7
20260707T153441Z,24.9,86.8
20260707T153456Z,24.9,86.9
20260707T153511Z,25.0,87.1
20260707T153526Z,25.0,87.4
20260707T153541Z,25.0,87.5
20260707T153556Z,25.0,87.6
20260707T153611Z,25.1,87.7
20260707T153626Z,25.1,88.0
20260707T153641Z,25.1,88.0
20260707T153656Z,25.1,88.1
20260707T153711Z,25.2,88.2
20260707T153726Z,25.2,88.4
20260707T153741Z,25.2,88.4
20260707T153756Z,25.2,88.5
20260707T153811Z,25.2,88.7
20260707T153826Z,25.2,88.7
20260707T153841Z,25.3,88.8
20260707T153856Z,25.3,88.9
20260707T153911Z,25.3,88.9
20260707T153926Z,25.3,89.0
20260707T153941Z,25.4,89.1
20260707T153956Z,25.4,89.2
20260707T154011Z,25.4,89.2
20260707T154026Z,25.4,89.2
20260707T154041Z,25.4,89.3
20260707T154056Z,25.5,89.5
20260707T154111Z,25.5,89.4
20260707T154126Z,25.5,89.5
20260707T154141Z,25.5,89.5
20260707T154156Z,25.5,89.5
20260707T154211Z,25.6,89.5
20260707T154226Z,25.6,88.7
20260707T154241Z,25.6,88.4
20260707T154256Z,25.6,87.0
20260707T154311Z,25.5,86.5
20260707T154326Z,25.5,85.5
20260707T154341Z,25.5,84.9
20260707T154356Z,25.4,83.3
20260707T154411Z,25.4,82.2
20260707T154426Z,25.3,81.3
20260707T154441Z,25.2,80.5
20260707T154456Z,25.1,79.8
20260707T154511Z,25.1,78.9
20260707T154526Z,25.0,77.9
20260707T154541Z,24.9,77.0
20260707T154556Z,24.8,76.7
20260707T154611Z,24.7,76.1
20260707T154626Z,24.6,75.5
20260707T154641Z,24.6,74.7
20260707T154656Z,24.6,73.7
20260707T154711Z,24.5,72.8
20260707T154726Z,24.4,73.4
20260707T154741Z,24.3,75.1
20260707T154756Z,24.3,76.2
20260707T154811Z,24.3,78.3
20260707T154826Z,24.3,79.2
20260707T154841Z,24.3,79.4
20260707T154856Z,24.3,79.9
20260707T154911Z,24.3,80.2
20260707T154926Z,24.3,80.4
20260707T154941Z,24.3,81.0
20260707T154956Z,24.4,81.3
20260707T155011Z,24.4,81.8
20260707T155026Z,24.4,82.0
20260707T155041Z,24.4,82.5
20260707T155056Z,24.5,82.6
20260707T155111Z,24.5,83.0
20260707T155126Z,24.5,83.2
20260707T155141Z,24.6,83.4
20260707T155156Z,24.6,83.9
20260707T155211Z,24.6,84.1
20260707T155226Z,24.7,84.4
20260707T155241Z,24.7,84.6
20260707T155256Z,24.7,84.9
20260707T155311Z,24.7,85.0
20260707T155326Z,24.8,85.2
20260707T155341Z,24.8,85.6
20260707T155356Z,24.8,85.9
20260707T155411Z,24.8,86.0
20260707T155426Z,24.9,86.2
20260707T155441Z,24.9,86.5
20260707T155456Z,24.9,86.6
20260707T155511Z,24.9,86.9
20260707T155526Z,24.9,87.0
20260707T155541Z,25.0,87.2
20260707T155556Z,25.0,87.4
20260707T155611Z,25.0,87.5
20260707T155626Z,25.0,87.8
20260707T155641Z,25.0,88.0
20260707T155656Z,25.1,88.4
20260707T155711Z,25.1,88.4
20260707T155726Z,25.1,88.7
20260707T155741Z,25.1,88.8
20260707T155756Z,25.2,88.9
20260707T155811Z,25.2,89.0
20260707T155826Z,25.2,89.1
20260707T155841Z,25.3,89.2
20260707T155856Z,25.3,89.2
20260707T155911Z,25.3,89.4
20260707T155926Z,25.4,89.5
20260707T155941Z,25.4,89.5
20260707T155956Z,25.4,89.6
20260707T160011Z,25.4,89.7
20260707T160026Z,25.5,89.7
20260707T160041Z,25.5,89.9
20260707T160056Z,25.5,89.9
20260707T160111Z,25.5,90.0
20260707T160126Z,25.5,90.1
20260707T160141Z,25.6,90.1
20260707T160156Z,25.6,89.2
20260707T160211Z,25.6,88.9
20260707T160226Z,25.6,87.4
20260707T160241Z,25.5,86.8
20260707T160256Z,25.5,86.2
20260707T160311Z,25.5,84.7
20260707T160326Z,25.4,84.6
20260707T160341Z,25.4,83.2
20260707T160356Z,25.3,82.6
20260707T160411Z,25.3,82.2
20260707T160426Z,25.3,81.2
20260707T160441Z,25.2,80.1
20260707T160456Z,25.2,79.5
20260707T160511Z,25.2,78.5
20260707T160526Z,25.1,77.5
20260707T160541Z,25.1,76.5
20260707T160556Z,25.0,75.6
20260707T160611Z,24.9,74.6
20260707T160626Z,24.9,74.0
20260707T160641Z,24.8,73.9
20260707T160656Z,24.7,75.1
20260707T160711Z,24.7,77.3
20260707T160726Z,24.7,78.9
20260707T160741Z,24.6,79.8
20260707T160756Z,24.6,80.2
20260707T160811Z,24.6,80.5
20260707T160826Z,24.6,80.6
20260707T160841Z,24.6,81.0
20260707T160856Z,24.6,81.3
20260707T160911Z,24.6,81.6
20260707T160926Z,24.6,82.1
20260707T160941Z,24.7,82.5
20260707T160956Z,24.7,82.9
20260707T161011Z,24.7,83.3
20260707T161026Z,24.8,83.6
20260707T161041Z,24.8,83.8
20260707T161056Z,24.8,84.1
20260707T161111Z,24.8,84.6
20260707T161126Z,24.9,84.8
20260707T161141Z,24.9,85.0
20260707T161156Z,24.9,85.2
20260707T161211Z,24.9,85.5
20260707T161226Z,25.0,85.9
20260707T161241Z,25.0,85.9
20260707T161256Z,25.0,86.3
20260707T161311Z,25.0,86.4
20260707T161326Z,25.0,86.5
20260707T161341Z,25.1,86.8
20260707T161356Z,25.1,87.0
20260707T161411Z,25.2,87.2
20260707T161426Z,25.2,87.4
20260707T161441Z,25.2,87.6
20260707T161456Z,25.2,87.8
20260707T161511Z,25.2,88.1
20260707T161526Z,25.2,88.2
20260707T161541Z,25.2,88.4
20260707T161556Z,25.3,88.5
20260707T161611Z,25.3,88.5
20260707T161626Z,25.3,88.8
20260707T161641Z,25.3,88.9
20260707T161656Z,25.3,89.0
20260707T161711Z,25.4,89.2
20260707T161726Z,25.4,89.3
20260707T161741Z,25.4,89.5
20260707T161756Z,25.4,89.6
20260707T161811Z,25.4,89.8
20260707T161826Z,25.4,89.8
20260707T161841Z,25.5,89.9
20260707T161856Z,25.5,90.0
20260707T161911Z,25.5,90.1
20260707T161926Z,25.5,90.1
20260707T161941Z,25.5,90.3
20260707T161956Z,25.5,90.4
20260707T162011Z,25.5,90.5
20260707T162026Z,25.6,90.5
20260707T162041Z,25.6,90.5
20260707T162056Z,25.6,90.7
20260707T162111Z,25.6,90.5
20260707T162126Z,25.6,90.2
20260707T162141Z,25.6,88.7
20260707T162156Z,25.6,87.7
20260707T162211Z,25.5,87.0
20260707T162226Z,25.5,86.3
20260707T162241Z,25.5,84.8
20260707T162256Z,25.5,84.4
20260707T162311Z,25.4,83.1
20260707T162326Z,25.4,82.3
20260707T162341Z,25.3,81.3
20260707T162356Z,25.2,80.4
20260707T162411Z,25.2,80.1
20260707T162426Z,25.1,79.3
20260707T162441Z,25.1,78.2
20260707T162456Z,25.0,77.1
20260707T162511Z,25.0,76.5
20260707T162526Z,24.9,75.7
20260707T162541Z,24.8,74.9
20260707T162556Z,24.7,74.8
20260707T162611Z,24.7,76.1
20260707T162626Z,24.7,76.9
20260707T162641Z,24.7,79.1
20260707T162656Z,24.7,80.1
20260707T162711Z,24.7,80.8
20260707T162726Z,24.6,80.9
20260707T162741Z,24.6,81.1
20260707T162756Z,24.6,81.4
20260707T162811Z,24.7,81.8
20260707T162826Z,24.7,82.1
20260707T162842Z,24.7,82.4
20260707T162857Z,24.7,82.7
20260707T162911Z,24.7,83.4
20260707T162926Z,24.8,83.5
20260707T162941Z,24.8,83.8
20260707T162956Z,24.8,84.2
20260707T163011Z,24.8,84.4
20260707T163026Z,24.8,84.8
20260707T163041Z,24.9,85.0
20260707T163056Z,24.9,85.3
20260707T163111Z,24.9,85.5
20260707T163126Z,24.9,85.8
20260707T163141Z,24.9,86.1
20260707T163156Z,25.0,86.5
20260707T163211Z,25.0,86.6
20260707T163226Z,25.0,86.9
20260707T163241Z,25.0,87.1
20260707T163256Z,25.0,87.2
20260707T163311Z,25.1,87.3
20260707T163326Z,25.1,87.6
20260707T163341Z,25.1,87.8
20260707T163356Z,25.1,88.0
20260707T163411Z,25.2,88.3
20260707T163426Z,25.2,88.4
20260707T163441Z,25.2,88.6
20260707T163456Z,25.2,88.7
20260707T163511Z,25.2,88.9
20260707T163526Z,25.2,89.0
20260707T163541Z,25.3,89.1
20260707T163556Z,25.3,89.3
20260707T163611Z,25.3,89.4
20260707T163626Z,25.3,89.5
20260707T163641Z,25.3,89.7
20260707T163656Z,25.3,89.8
20260707T163711Z,25.3,90.0
20260707T163726Z,25.4,90.1
20260707T163741Z,25.4,90.2
20260707T163756Z,25.4,90.3
20260707T163811Z,25.4,90.4
20260707T163826Z,25.4,90.4
20260707T163841Z,25.5,90.6
20260707T163856Z,25.5,90.7
20260707T163911Z,25.5,90.8
20260707T163926Z,25.5,90.9
20260707T163942Z,25.5,90.9
20260707T163957Z,25.5,91.1
20260707T164011Z,25.5,91.2
20260707T164026Z,25.5,91.2
20260707T164041Z,25.6,91.3
20260707T164056Z,25.6,91.4
20260707T164111Z,25.6,91.1
20260707T164126Z,25.6,90.9
20260707T164141Z,25.6,89.3
20260707T164156Z,25.5,88.5
20260707T164211Z,25.5,87.8
20260707T164226Z,25.5,86.4
20260707T164241Z,25.5,85.6
20260707T164256Z,25.4,84.5
20260707T164311Z,25.4,83.6
20260707T164326Z,25.3,82.7
20260707T164341Z,25.3,81.7
20260707T164356Z,25.2,81.3
20260707T164411Z,25.2,80.6
20260707T164426Z,25.1,79.4
20260707T164442Z,25.0,78.8
20260707T164457Z,25.0,77.9
20260707T164511Z,24.9,76.6
20260707T164526Z,24.8,76.0
20260707T164541Z,24.7,75.5
20260707T164556Z,24.6,76.1
20260707T164611Z,24.6,77.4
20260707T164626Z,24.6,79.1
20260707T164641Z,24.6,80.9
20260707T164656Z,24.5,81.4
20260707T164711Z,24.5,81.8
20260707T164726Z,24.5,82.0
20260707T164741Z,24.5,82.3
20260707T164756Z,24.6,82.5
20260707T164811Z,24.6,82.8
20260707T164826Z,24.6,83.3
20260707T164841Z,24.6,83.5
20260707T164856Z,24.7,83.9
20260707T164911Z,24.7,84.3
20260707T164926Z,24.7,84.5
20260707T164941Z,24.7,84.8
20260707T164956Z,24.7,85.0
20260707T165011Z,24.8,85.4
20260707T165026Z,24.8,85.6
20260707T165041Z,24.8,86.1
20260707T165056Z,24.9,86.2
20260707T165111Z,24.9,86.4
20260707T165126Z,24.9,86.6
20260707T165141Z,24.9,86.8
20260707T165156Z,24.9,87.1
20260707T165211Z,25.0,87.3
20260707T165226Z,25.0,87.6
20260707T165241Z,25.0,87.7
20260707T165256Z,25.1,87.8
20260707T165311Z,25.1,88.0
20260707T165326Z,25.1,88.3
20260707T165341Z,25.1,88.5
20260707T165356Z,25.1,88.6
20260707T165411Z,25.1,88.9
20260707T165426Z,25.2,88.9
20260707T165441Z,25.2,89.1
20260707T165456Z,25.2,89.2
20260707T165511Z,25.2,89.4
20260707T165526Z,25.2,89.5
20260707T165541Z,25.2,89.8
20260707T165556Z,25.3,89.9
20260707T165611Z,25.3,90.0
20260707T165626Z,25.3,90.1
20260707T165641Z,25.3,90.3
20260707T165656Z,25.3,90.3
20260707T165711Z,25.3,90.4
20260707T165726Z,25.4,90.5
20260707T165741Z,25.4,90.5
20260707T165756Z,25.4,90.7
20260707T165811Z,25.4,90.8
20260707T165826Z,25.5,90.8
20260707T165841Z,25.5,90.9
20260707T165856Z,25.5,91.0
20260707T165911Z,25.5,91.1
20260707T165926Z,25.5,91.2
20260707T165941Z,25.5,91.3
20260707T165956Z,25.6,91.3
20260707T170011Z,25.6,91.3
20260707T170026Z,25.6,91.4
20260707T170041Z,25.6,91.5
20260707T170056Z,25.6,91.6
20260707T170111Z,25.6,91.5
20260707T170126Z,25.6,91.1
20260707T170141Z,25.6,89.7
20260707T170156Z,25.6,88.9
20260707T170211Z,25.6,87.8
20260707T170226Z,25.5,86.8
20260707T170241Z,25.5,85.8
20260707T170256Z,25.4,85.1
20260707T170311Z,25.4,84.6
20260707T170326Z,25.3,83.9
20260707T170341Z,25.3,82.3
20260707T170356Z,25.3,81.6
20260707T170411Z,25.2,81.0
20260707T170426Z,25.2,79.7
20260707T170441Z,25.1,78.8
20260707T170456Z,25.0,77.9
20260707T170511Z,24.9,76.8
20260707T170526Z,24.8,76.3
20260707T170541Z,24.7,75.6
20260707T170556Z,24.6,75.8
20260707T170611Z,24.5,77.1
20260707T170626Z,24.5,78.9
20260707T170641Z,24.5,80.9
20260707T170656Z,24.5,81.4
20260707T170711Z,24.5,82.0
20260707T170726Z,24.5,82.2
20260707T170741Z,24.5,82.6
20260707T170756Z,24.5,82.7
20260707T170811Z,24.5,83.1
20260707T170826Z,24.6,83.1
20260707T170841Z,24.6,83.6
20260707T170856Z,24.6,84.0
20260707T170911Z,24.7,84.3
20260707T170926Z,24.7,84.5
20260707T170942Z,24.7,84.8
20260707T170957Z,24.7,85.1
20260707T171011Z,24.8,85.4
20260707T171026Z,24.8,85.5
20260707T171041Z,24.8,85.8
20260707T171056Z,24.9,86.2
20260707T171111Z,24.9,86.2
20260707T171126Z,24.9,86.4
20260707T171141Z,25.0,86.7
20260707T171156Z,25.0,86.8
20260707T171211Z,25.0,87.1
20260707T171226Z,25.0,87.3
20260707T171241Z,25.1,87.5
20260707T171256Z,25.1,87.7
20260707T171311Z,25.1,87.9
20260707T171326Z,25.1,88.1
20260707T171341Z,25.1,88.3
20260707T171356Z,25.2,88.4
20260707T171411Z,25.2,88.7
20260707T171426Z,25.2,88.8
20260707T171441Z,25.2,89.1
20260707T171456Z,25.2,89.2
20260707T171511Z,25.3,89.3
20260707T171526Z,25.3,89.4
20260707T171541Z,25.3,89.6
20260707T171556Z,25.3,89.8
20260707T171611Z,25.3,89.9
20260707T171626Z,25.3,90.1
20260707T171641Z,25.4,90.2
20260707T171656Z,25.4,90.2
20260707T171711Z,25.4,90.4
20260707T171726Z,25.4,90.6
20260707T171741Z,25.4,90.6
20260707T171756Z,25.4,90.7
20260707T171811Z,25.5,90.8
20260707T171826Z,25.5,90.9
20260707T171841Z,25.5,91.0
20260707T171856Z,25.5,91.1
20260707T171911Z,25.5,91.1
20260707T171926Z,25.5,91.2
20260707T171941Z,25.5,91.3
20260707T171956Z,25.6,91.4
20260707T172011Z,25.6,91.4
20260707T172026Z,25.6,91.5
20260707T172041Z,25.6,91.6
20260707T172056Z,25.6,91.6
20260707T172111Z,25.6,91.6
20260707T172126Z,25.7,91.0
20260707T172141Z,25.6,90.2
20260707T172156Z,25.6,89.2
20260707T172211Z,25.6,88.4
20260707T172226Z,25.6,87.3
20260707T172241Z,25.5,86.1
20260707T172256Z,25.5,85.7
20260707T172311Z,25.4,84.8
20260707T172326Z,25.4,83.7
20260707T172342Z,25.4,83.1
20260707T172357Z,25.3,82.0
20260707T172411Z,25.3,81.1
20260707T172426Z,25.2,79.9
20260707T172441Z,25.2,78.8
20260707T172456Z,25.1,78.4
20260707T172511Z,25.0,77.5
20260707T172526Z,24.9,76.5
20260707T172541Z,24.8,75.9
20260707T172556Z,24.7,75.1
20260707T172611Z,24.6,76.3
20260707T172626Z,24.6,77.6
20260707T172642Z,24.6,79.2
20260707T172657Z,24.6,80.8
20260707T172711Z,24.6,81.4
20260707T172726Z,24.6,81.7
20260707T172741Z,24.6,81.8
20260707T172756Z,24.6,81.8
20260707T172811Z,24.6,82.2
20260707T172826Z,24.7,82.7
20260707T172841Z,24.7,83.2
20260707T172856Z,24.7,83.4
20260707T172911Z,24.8,83.5
20260707T172926Z,24.8,83.8
20260707T172941Z,24.8,84.1
20260707T172956Z,24.8,84.4
20260707T173011Z,24.9,84.8
20260707T173026Z,24.9,85.0
20260707T173041Z,24.9,85.2
20260707T173056Z,24.9,85.3
20260707T173111Z,25.0,85.8
20260707T173126Z,25.0,86.0
20260707T173141Z,25.0,86.2
20260707T173156Z,25.0,86.6
20260707T173211Z,25.0,86.8
20260707T173226Z,25.1,86.9
20260707T173241Z,25.1,87.1
20260707T173256Z,25.1,87.5
20260707T173311Z,25.1,87.6
20260707T173326Z,25.1,87.9
20260707T173341Z,25.2,88.0
20260707T173356Z,25.2,88.2
20260707T173411Z,25.2,88.4
20260707T173426Z,25.2,88.7
20260707T173441Z,25.2,88.7
20260707T173456Z,25.2,88.9
20260707T173511Z,25.2,89.1
20260707T173526Z,25.3,89.2
20260707T173541Z,25.3,89.5
20260707T173556Z,25.3,89.4
20260707T173611Z,25.3,89.6
20260707T173626Z,25.3,89.7
20260707T173642Z,25.4,89.8
20260707T173657Z,25.4,89.9
20260707T173711Z,25.4,90.1
20260707T173726Z,25.4,90.3
20260707T173741Z,25.4,90.3
20260707T173756Z,25.4,90.4
20260707T173811Z,25.5,90.4
20260707T173826Z,25.5,90.7
20260707T173841Z,25.5,90.7
20260707T173856Z,25.5,90.9
20260707T173911Z,25.5,90.8
20260707T173926Z,25.5,91.0
20260707T173941Z,25.5,91.0
20260707T173956Z,25.6,91.2
20260707T174011Z,25.6,91.3
20260707T174026Z,25.6,91.3
20260707T174041Z,25.6,91.4
20260707T174056Z,25.6,91.4
20260707T174111Z,25.6,91.5
20260707T174126Z,25.6,91.0
20260707T174141Z,25.6,89.9
20260707T174156Z,25.6,88.4
20260707T174211Z,25.6,87.6
20260707T174226Z,25.5,86.7
20260707T174241Z,25.5,85.6
20260707T174256Z,25.4,85.1
20260707T174311Z,25.4,84.6
20260707T174327Z,25.3,83.5
20260707T174341Z,25.3,82.2
20260707T174356Z,25.2,81.1
20260707T174411Z,25.2,80.2
20260707T174426Z,25.1,79.4
20260707T174442Z,25.0,78.4
20260707T174456Z,24.9,77.4
20260707T174511Z,24.8,77.1
20260707T174526Z,24.7,76.5
20260707T174541Z,24.6,75.5
20260707T174556Z,24.5,76.3
20260707T174611Z,24.5,77.6
20260707T174626Z,24.5,79.0
20260707T174641Z,24.5,80.7
20260707T174656Z,24.5,81.2
20260707T174711Z,24.5,82.0
20260707T174727Z,24.5,82.2
20260707T174742Z,24.5,82.6
20260707T174756Z,24.5,82.6
20260707T174812Z,24.6,82.9
20260707T174826Z,24.6,83.4
20260707T174842Z,24.6,83.7
20260707T174856Z,24.6,84.0
20260707T174912Z,24.7,84.2
20260707T174926Z,24.7,84.6
20260707T174942Z,24.7,85.0
20260707T174956Z,24.8,84.9
20260707T175012Z,24.8,85.4
20260707T175026Z,24.8,85.6
20260707T175042Z,24.8,85.9
20260707T175056Z,24.9,86.0
20260707T175111Z,24.9,86.4
20260707T175127Z,24.9,86.5
20260707T175141Z,25.0,86.7
20260707T175157Z,25.0,87.0
20260707T175211Z,25.0,87.2
20260707T175227Z,25.0,87.3
20260707T175241Z,25.0,87.4
20260707T175257Z,25.1,87.6
20260707T175312Z,25.1,87.9
20260707T175326Z,25.1,88.0
20260707T175342Z,25.2,88.3
20260707T175356Z,25.2,88.4
20260707T175412Z,25.2,88.5
20260707T175426Z,25.2,88.8
20260707T175442Z,25.2,88.9
20260707T175456Z,25.2,89.1
20260707T175512Z,25.2,89.3
20260707T175526Z,25.3,89.4
20260707T175542Z,25.3,89.6
20260707T175556Z,25.3,89.7
20260707T175612Z,25.3,89.9
20260707T175626Z,25.3,90.0
20260707T175642Z,25.4,90.1
20260707T175656Z,25.4,90.2
20260707T175712Z,25.4,90.3
20260707T175726Z,25.4,90.5
20260707T175742Z,25.4,90.6
20260707T175756Z,25.4,90.7
20260707T175812Z,25.4,90.7
20260707T175826Z,25.5,90.9
20260707T175841Z,25.4,91.0
20260707T175857Z,25.5,91.0
20260707T175911Z,25.5,91.2
20260707T175927Z,25.5,91.3
20260707T175941Z,25.5,91.3
20260707T175956Z,25.5,91.4
20260707T180011Z,25.6,91.4
20260707T180027Z,25.6,91.5
20260707T180042Z,25.6,91.5
20260707T180056Z,25.6,91.6
20260707T180112Z,25.6,91.7
20260707T180126Z,25.6,91.8
20260707T180142Z,25.6,91.6
20260707T180156Z,25.6,91.3
20260707T180212Z,25.6,89.6
20260707T180226Z,25.6,88.7
20260707T180242Z,25.6,88.0
20260707T180256Z,25.5,87.0
20260707T180312Z,25.5,86.1
20260707T180326Z,25.4,85.1
20260707T180342Z,25.4,84.6
20260707T180356Z,25.3,83.8
20260707T180412Z,25.3,82.6
20260707T180426Z,25.2,81.7
20260707T180442Z,25.2,80.6
20260707T180456Z,25.1,79.7
20260707T180512Z,25.0,78.8
20260707T180526Z,25.0,78.1
20260707T180541Z,24.9,77.2
20260707T180557Z,24.8,76.3
20260707T180612Z,24.7,75.5
20260707T180626Z,24.6,76.4
20260707T180643Z,24.5,77.7
20260707T180657Z,24.5,79.1
20260707T180712Z,24.5,80.8
20260707T180726Z,24.5,81.7
20260707T180742Z,24.5,82.0
20260707T180756Z,24.5,82.3
20260707T180812Z,24.5,82.5
20260707T180826Z,24.6,82.5
20260707T180842Z,24.6,82.8
20260707T180856Z,24.6,83.3
20260707T180912Z,24.6,83.5
20260707T180926Z,24.7,83.9
20260707T180942Z,24.7,84.1
20260707T180956Z,24.7,84.5
20260707T181012Z,24.8,84.8
20260707T181026Z,24.8,85.0
20260707T181042Z,24.8,85.4
20260707T181056Z,24.8,85.5
20260707T181112Z,24.9,85.8
20260707T181126Z,24.9,86.2
20260707T181141Z,24.9,86.4
20260707T181157Z,24.9,86.6
20260707T181211Z,24.9,86.9
20260707T181227Z,25.0,87.2
20260707T181241Z,25.0,87.4
20260707T181257Z,25.0,87.5
20260707T181311Z,25.0,87.7
20260707T181327Z,25.1,87.8
20260707T181342Z,25.1,88.0
20260707T181356Z,25.1,88.4
20260707T181412Z,25.1,88.4
20260707T181426Z,25.1,88.5
20260707T181442Z,25.2,88.7
20260707T181456Z,25.2,88.9
20260707T181512Z,25.2,89.0
20260707T181526Z,25.2,89.3
20260707T181542Z,25.2,89.4
20260707T181556Z,25.2,89.6
20260707T181612Z,25.3,89.6
20260707T181626Z,25.3,89.8
20260707T181641Z,25.3,90.1
20260707T181657Z,25.3,90.1
20260707T181712Z,25.3,90.2
20260707T181726Z,25.3,90.4
20260707T181742Z,25.3,90.5
20260707T181756Z,25.4,90.6
20260707T181812Z,25.4,90.8
20260707T181826Z,25.4,90.9
20260707T181841Z,25.4,91.0
20260707T181856Z,25.4,91.0
20260707T181912Z,25.4,91.2
20260707T181927Z,25.4,91.2
20260707T181942Z,25.4,91.4
20260707T181956Z,25.5,91.5
20260707T182012Z,25.5,91.5
20260707T182026Z,25.5,91.6
20260707T182042Z,25.5,91.7
20260707T182056Z,25.5,91.8
20260707T182112Z,25.5,91.8
20260707T182126Z,25.5,91.9
20260707T182142Z,25.5,92.0
20260707T182156Z,25.6,92.1
20260707T182212Z,25.6,92.1
20260707T182226Z,25.6,92.2
20260707T182242Z,25.6,92.2
20260707T182257Z,25.6,91.3
20260707T182311Z,25.6,91.3
20260707T182327Z,25.6,89.7
20260707T182341Z,25.6,89.1
20260707T182357Z,25.6,88.3
20260707T182411Z,25.5,87.1
20260707T182427Z,25.5,86.0
20260707T182443Z,25.4,85.3
20260707T182457Z,25.3,84.3
20260707T182512Z,25.3,83.3
20260707T182526Z,25.2,82.6
20260707T182542Z,25.2,81.8
20260707T182557Z,25.1,80.8
20260707T182611Z,25.0,79.7
20260707T182627Z,25.0,78.8
20260707T182641Z,24.9,78.0
20260707T182657Z,24.8,77.5
20260707T182711Z,24.7,76.6
20260707T182727Z,24.6,75.9
20260707T182741Z,24.5,76.8
20260707T182757Z,24.5,78.0
20260707T182811Z,24.5,79.3
20260707T182827Z,24.5,81.3
20260707T182841Z,24.5,82.1
20260707T182857Z,24.5,82.5
20260707T182911Z,24.5,82.6
20260707T182927Z,24.5,83.0
20260707T182941Z,24.5,83.3
20260707T182957Z,24.5,83.7
20260707T183011Z,24.6,83.8
20260707T183027Z,24.6,84.1
20260707T183041Z,24.6,84.6
20260707T183057Z,24.6,84.8
20260707T183111Z,24.7,85.1
20260707T183127Z,24.7,85.5
20260707T183141Z,24.8,85.7
20260707T183157Z,24.8,85.8
20260707T183211Z,24.8,86.1
20260707T183227Z,24.8,86.4
20260707T183241Z,24.8,86.7
20260707T183257Z,24.9,86.8
20260707T183311Z,24.9,87.1
20260707T183327Z,24.9,87.3
20260707T183341Z,24.9,87.7
20260707T183357Z,25.0,87.7
20260707T183411Z,25.0,88.0
20260707T183427Z,25.0,88.2
20260707T183441Z,25.0,88.2
20260707T183457Z,25.0,88.4
20260707T183511Z,25.1,88.6
20260707T183526Z,25.1,88.8
20260707T183543Z,25.1,89.1
20260707T183557Z,25.1,89.1
20260707T183612Z,25.2,89.2
20260707T183626Z,25.2,89.5
20260707T183643Z,25.2,89.6
20260707T183657Z,25.2,89.7
20260707T183712Z,25.2,89.9
20260707T183726Z,25.3,90.0
20260707T183740Z,25.3,90.1
20260707T183756Z,25.3,90.2
20260707T183811Z,25.3,90.4
20260707T183827Z,25.3,90.6
20260707T183841Z,25.3,90.7
20260707T183856Z,25.3,90.8
20260707T183912Z,25.4,90.9
20260707T183926Z,25.4,91.1
20260707T183942Z,25.4,91.2
20260707T183957Z,25.4,91.2
20260707T184012Z,25.4,91.3
20260707T184026Z,25.4,91.5
20260707T184042Z,25.4,91.5
20260707T184056Z,25.4,91.6
20260707T184112Z,25.5,91.7
20260707T184126Z,25.5,91.9
20260707T184142Z,25.5,91.8
20260707T184156Z,25.5,91.9
20260707T184212Z,25.5,92.0
20260707T184226Z,25.5,92.1
20260707T184242Z,25.5,92.1
20260707T184256Z,25.6,92.2
20260707T184312Z,25.6,92.2
20260707T184326Z,25.6,92.3
20260707T184342Z,25.6,92.4
20260707T184357Z,25.6,92.3
20260707T184412Z,25.6,92.3
20260707T184427Z,25.6,91.8
20260707T184442Z,25.6,90.6
20260707T184457Z,25.6,89.5
20260707T184512Z,25.6,89.0
20260707T184527Z,25.6,87.3
20260707T184542Z,25.5,86.4
20260707T184557Z,25.5,86.1
20260707T184612Z,25.4,84.9
20260707T184627Z,25.4,84.2
20260707T184642Z,25.3,83.7
20260707T184656Z,25.2,82.0
20260707T184712Z,25.1,81.3
20260707T184727Z,25.1,80.4
20260707T184742Z,25.0,79.6
20260707T184757Z,24.9,78.8
20260707T184812Z,24.9,78.1
20260707T184827Z,24.8,77.6
20260707T184842Z,24.7,76.6
20260707T184857Z,24.7,77.2
20260707T184912Z,24.6,78.2
20260707T184927Z,24.6,79.6
20260707T184942Z,24.6,81.2
20260707T184957Z,24.6,82.0
20260707T185012Z,24.6,82.4
20260707T185027Z,24.6,82.4
20260707T185042Z,24.6,83.0
20260707T185057Z,24.6,83.2
20260707T185112Z,24.6,83.6
20260707T185127Z,24.7,83.9
20260707T185142Z,24.7,84.2
20260707T185157Z,24.7,84.4
20260707T185212Z,24.7,84.6
20260707T185227Z,24.8,85.0
20260707T185242Z,24.8,85.3
20260707T185257Z,24.8,85.5
20260707T185312Z,24.9,85.9
20260707T185327Z,24.9,86.1
20260707T185342Z,24.9,86.3
20260707T185357Z,24.9,86.6
20260707T185412Z,25.0,86.8
20260707T185427Z,25.0,87.1
20260707T185442Z,25.0,87.4
20260707T185457Z,25.0,87.6
20260707T185512Z,25.0,87.8
20260707T185527Z,25.0,88.0
20260707T185542Z,25.1,88.3
20260707T185557Z,25.1,88.4
20260707T185612Z,25.1,88.6
20260707T185627Z,25.1,88.9
20260707T185642Z,25.1,88.9
20260707T185657Z,25.2,89.1
20260707T185712Z,25.2,89.3
20260707T185727Z,25.2,89.4
20260707T185742Z,25.2,89.5
20260707T185757Z,25.2,89.7
20260707T185812Z,25.3,89.9
20260707T185827Z,25.3,90.0
20260707T185842Z,25.3,90.1
20260707T185857Z,25.3,90.2
20260707T185912Z,25.3,90.3
20260707T185927Z,25.4,90.5
20260707T185942Z,25.4,90.6
20260707T185957Z,25.4,90.8
20260707T190012Z,25.4,90.8
20260707T190027Z,25.4,90.9
20260707T190042Z,25.4,90.9
20260707T190057Z,25.4,91.2
20260707T190112Z,25.4,91.3
20260707T190127Z,25.5,91.3
20260707T190142Z,25.5,91.4
20260707T190157Z,25.5,91.5
20260707T190212Z,25.5,91.7
20260707T190227Z,25.5,91.7
20260707T190242Z,25.5,91.8
20260707T190257Z,25.5,91.9
20260707T190312Z,25.6,91.9
20260707T190327Z,25.6,91.9
20260707T190342Z,25.6,92.0
20260707T190357Z,25.6,92.2
20260707T190412Z,25.6,92.2
20260707T190427Z,25.6,92.2
20260707T190442Z,25.6,92.4
20260707T190457Z,25.6,92.4
20260707T190512Z,25.6,91.7
20260707T190527Z,25.7,91.0
20260707T190542Z,25.6,90.0
20260707T190557Z,25.6,89.2
20260707T190612Z,25.6,88.3
20260707T190627Z,25.5,87.5
20260707T190642Z,25.5,86.4
20260707T190657Z,25.4,85.3
20260707T190712Z,25.4,85.1
20260707T190727Z,25.3,84.0
20260707T190742Z,25.3,82.6
20260707T190757Z,25.2,82.0
20260707T190812Z,25.2,81.1
20260707T190827Z,25.1,80.2
20260707T190842Z,25.1,79.0
20260707T190857Z,25.0,78.6
20260707T190912Z,24.9,77.6
20260707T190927Z,24.9,76.8
20260707T190942Z,24.8,76.2
20260707T190957Z,24.7,77.3
20260707T191012Z,24.7,78.8
20260707T191027Z,24.6,80.0
20260707T191042Z,24.6,81.5
20260707T191057Z,24.6,82.1
20260707T191112Z,24.6,82.3
20260707T191127Z,24.6,82.4
20260707T191142Z,24.6,82.6
20260707T191157Z,24.6,83.0
20260707T191212Z,24.7,83.3
20260707T191227Z,24.7,83.8
20260707T191242Z,24.7,84.0
20260707T191257Z,24.7,84.3
20260707T191312Z,24.8,84.6
20260707T191327Z,24.8,84.7
20260707T191342Z,24.8,85.2
20260707T191357Z,24.8,85.5
20260707T191412Z,24.9,85.6
20260707T191427Z,24.9,85.8
20260707T191442Z,24.9,86.1
20260707T191457Z,25.0,86.4
20260707T191512Z,25.0,86.6
20260707T191527Z,25.0,86.9
20260707T191542Z,25.0,87.1
20260707T191557Z,25.0,87.3
20260707T191612Z,25.0,87.6
20260707T191627Z,25.1,87.8
20260707T191642Z,25.1,88.2
20260707T191657Z,25.1,88.3
20260707T191712Z,25.1,88.6
20260707T191727Z,25.1,88.7
20260707T191742Z,25.1,89.0
20260707T191757Z,25.1,89.0
20260707T191812Z,25.2,89.1
20260707T191827Z,25.2,89.3
20260707T191842Z,25.2,89.6
20260707T191857Z,25.2,89.6
20260707T191912Z,25.2,89.8
20260707T191927Z,25.3,89.9
20260707T191942Z,25.3,90.2
20260707T191957Z,25.3,90.3
20260707T192012Z,25.3,90.2
20260707T192027Z,25.3,90.5
20260707T192042Z,25.3,90.7
20260707T192057Z,25.4,90.7
20260707T192112Z,25.4,90.8
20260707T192127Z,25.4,90.9
20260707T192142Z,25.4,91.0
20260707T192157Z,25.4,91.2
20260707T192212Z,25.4,91.3
20260707T192227Z,25.4,91.4
20260707T192242Z,25.4,91.5
20260707T192257Z,25.5,91.6
20260707T192312Z,25.4,91.7
20260707T192327Z,25.5,91.8
20260707T192342Z,25.5,91.8
20260707T192357Z,25.5,91.9
20260707T192412Z,25.5,92.0
20260707T192427Z,25.5,92.1
20260707T192442Z,25.5,92.2
20260707T192457Z,25.5,92.3
20260707T192512Z,25.5,92.3
20260707T192527Z,25.6,92.3
20260707T192542Z,25.6,92.4
20260707T192557Z,25.6,92.5
20260707T192612Z,25.6,92.6
20260707T192627Z,25.6,92.6
20260707T192642Z,25.6,92.7
20260707T192657Z,25.6,92.0
20260707T192712Z,25.6,91.2
20260707T192727Z,25.6,90.0
20260707T192742Z,25.6,89.3
20260707T192757Z,25.5,88.5
20260707T192812Z,25.5,87.3
20260707T192827Z,25.4,86.9
20260707T192842Z,25.4,86.1
20260707T192857Z,25.4,85.2
20260707T192912Z,25.3,84.0
20260707T192927Z,25.3,83.5
20260707T192942Z,25.2,82.1
20260707T192957Z,25.2,81.2
20260707T193012Z,25.2,80.7
20260707T193027Z,25.1,79.9
20260707T193042Z,25.1,79.2
20260707T193057Z,25.1,78.4
20260707T193112Z,25.1,77.3
20260707T193127Z,25.0,77.2
20260707T193142Z,25.0,77.6
20260707T193157Z,25.0,78.8
20260707T193212Z,25.0,80.5
20260707T193227Z,24.9,81.5
20260707T193242Z,24.9,82.0
20260707T193257Z,24.9,82.3
20260707T193312Z,24.8,82.7
20260707T193327Z,24.8,82.9
20260707T193342Z,24.8,83.3
20260707T193357Z,24.8,83.7
20260707T193412Z,24.8,84.0
20260707T193427Z,24.8,84.2
20260707T193442Z,24.8,84.6
20260707T193457Z,24.8,85.0
20260707T193512Z,24.9,85.3
20260707T193527Z,24.9,85.6
20260707T193542Z,24.9,85.8
20260707T193558Z,24.9,86.1
20260707T193612Z,24.9,86.3
20260707T193627Z,24.9,86.6
20260707T193642Z,24.9,87.0
20260707T193657Z,25.0,86.9
20260707T193712Z,25.0,87.3
20260707T193727Z,25.0,87.5
20260707T193742Z,25.0,87.7
20260707T193757Z,25.1,87.9
20260707T193812Z,25.1,88.2
20260707T193827Z,25.1,88.3
20260707T193842Z,25.1,88.6
20260707T193857Z,25.1,88.8
20260707T193912Z,25.1,89.0
20260707T193927Z,25.1,89.2
20260707T193942Z,25.2,89.4
20260707T193957Z,25.2,89.6
20260707T194012Z,25.2,89.7
20260707T194027Z,25.2,89.8
20260707T194042Z,25.2,90.1
20260707T194057Z,25.2,90.1
20260707T194112Z,25.2,90.4
20260707T194127Z,25.2,90.5
20260707T194142Z,25.3,90.7
20260707T194157Z,25.3,90.7
20260707T194212Z,25.3,90.9
20260707T194227Z,25.3,91.0
20260707T194242Z,25.3,91.1
20260707T194257Z,25.3,91.3
20260707T194312Z,25.3,91.4
20260707T194327Z,25.3,91.5
20260707T194342Z,25.4,91.6
20260707T194357Z,25.4,91.7
20260707T194412Z,25.4,91.7
20260707T194427Z,25.4,91.9
20260707T194442Z,25.4,91.9
20260707T194457Z,25.5,92.0
20260707T194512Z,25.5,92.1
20260707T194527Z,25.5,92.0
20260707T194542Z,25.5,92.1
20260707T194557Z,25.5,92.1
20260707T194612Z,25.5,92.2
20260707T194627Z,25.6,92.3
20260707T194642Z,25.6,92.3
20260707T194657Z,25.6,92.4
20260707T194712Z,25.6,92.5
20260707T194727Z,25.6,92.5
20260707T194742Z,25.6,92.6
20260707T194758Z,25.6,92.7
20260707T194812Z,25.7,92.6
20260707T194827Z,25.7,92.7
20260707T194842Z,25.7,92.0
20260707T194857Z,25.7,91.0
20260707T194912Z,25.7,89.6
20260707T194927Z,25.6,89.2
20260707T194942Z,25.6,88.3
20260707T194957Z,25.6,87.2
20260707T195012Z,25.5,86.3
20260707T195027Z,25.5,85.5
20260707T195042Z,25.4,84.9
20260707T195057Z,25.4,83.8
20260707T195112Z,25.3,82.3
20260707T195127Z,25.2,81.6
20260707T195142Z,25.2,80.5
20260707T195157Z,25.1,80.4
20260707T195212Z,25.0,78.8
20260707T195227Z,25.0,78.5
20260707T195242Z,24.9,77.5
20260707T195257Z,24.8,76.8
20260707T195312Z,24.7,77.5
20260707T195327Z,24.7,78.6
20260707T195342Z,24.7,79.8
20260707T195357Z,24.7,81.6
20260707T195412Z,24.6,82.3
20260707T195427Z,24.6,82.7
20260707T195442Z,24.6,82.9
20260707T195457Z,24.6,83.0
20260707T195512Z,24.7,83.4
20260707T195527Z,24.7,83.7
20260707T195542Z,24.7,84.0
20260707T195557Z,24.7,84.6
20260707T195612Z,24.7,84.8
20260707T195627Z,24.7,85.0
20260707T195642Z,24.8,85.4
20260707T195657Z,24.8,85.6
20260707T195712Z,24.8,86.0
20260707T195727Z,24.8,86.3
20260707T195742Z,24.9,86.4
20260707T195757Z,24.9,86.5
20260707T195812Z,24.9,86.9
20260707T195827Z,24.9,87.1
20260707T195842Z,25.0,87.3
20260707T195857Z,25.0,87.6
20260707T195912Z,25.0,87.8
20260707T195927Z,25.0,88.1
20260707T195942Z,25.1,88.3
20260707T195957Z,25.0,88.5
20260707T200012Z,25.1,88.6
20260707T200027Z,25.1,88.9
20260707T200042Z,25.1,89.0
20260707T200057Z,25.1,89.2
20260707T200112Z,25.1,89.4
20260707T200127Z,25.2,89.6
20260707T200142Z,25.2,89.8
20260707T200157Z,25.2,89.9
20260707T200212Z,25.2,90.1
20260707T200227Z,25.2,90.2
20260707T200242Z,25.2,90.4
20260707T200257Z,25.2,90.6
20260707T200312Z,25.2,90.7
20260707T200327Z,25.3,90.9
20260707T200342Z,25.3,91.0
20260707T200357Z,25.3,91.2
20260707T200412Z,25.3,91.2
20260707T200427Z,25.3,91.3
20260707T200442Z,25.3,91.4
20260707T200457Z,25.3,91.5
20260707T200512Z,25.3,91.6
20260707T200527Z,25.4,91.8
20260707T200542Z,25.4,91.9
20260707T200557Z,25.4,91.9
20260707T200612Z,25.4,92.1
20260707T200627Z,25.4,92.0
20260707T200642Z,25.4,92.2
20260707T200657Z,25.4,92.3
20260707T200712Z,25.5,92.3
20260707T200727Z,25.5,92.5
20260707T200742Z,25.5,92.5
20260707T200757Z,25.5,92.6
20260707T200812Z,25.5,92.6
20260707T200827Z,25.5,92.6
20260707T200842Z,25.6,92.7
20260707T200857Z,25.6,92.9
20260707T200912Z,25.6,92.9
20260707T200927Z,25.6,92.9
20260707T200942Z,25.6,92.9
20260707T200957Z,25.6,92.9
20260707T201012Z,25.6,92.9
20260707T201027Z,25.6,92.2
20260707T201042Z,25.6,91.9
20260707T201057Z,25.6,90.1
20260707T201112Z,25.6,89.6
20260707T201127Z,25.6,88.4
20260707T201142Z,25.5,87.8
20260707T201157Z,25.5,86.8
20260707T201212Z,25.4,86.0
20260707T201227Z,25.4,84.9
20260707T201242Z,25.4,83.8
20260707T201257Z,25.3,82.6
20260707T201312Z,25.2,82.1
20260707T201327Z,25.2,81.2
20260707T201342Z,25.1,80.7
20260707T201357Z,25.0,79.6
20260707T201412Z,25.0,78.7
20260707T201427Z,24.9,78.2
20260707T201442Z,24.8,77.3
20260707T201457Z,24.8,76.8
20260707T201512Z,24.7,78.2
20260707T201527Z,24.6,79.1
20260707T201542Z,24.7,80.4
20260707T201557Z,24.6,81.5
20260707T201612Z,24.6,82.3
20260707T201627Z,24.6,82.7
20260707T201642Z,24.6,82.9
20260707T201658Z,24.6,83.2
20260707T201712Z,24.6,83.4
20260707T201727Z,24.6,83.7
20260707T201742Z,24.7,84.1
20260707T201757Z,24.7,84.7
20260707T201812Z,24.7,85.0
20260707T201827Z,24.7,85.2
20260707T201842Z,24.8,85.5
20260707T201857Z,24.8,85.8
20260707T201912Z,24.8,86.1
20260707T201927Z,24.8,86.5
20260707T201942Z,24.9,86.6
20260707T201957Z,24.9,86.9
20260707T202012Z,24.9,87.1
20260707T202027Z,24.9,87.4
20260707T202042Z,24.9,87.6
20260707T202058Z,25.0,87.9
20260707T202113Z,25.0,88.1
20260707T202127Z,25.0,88.2
20260707T202142Z,25.0,88.3
20260707T202157Z,25.0,88.4
20260707T202212Z,25.1,88.8
20260707T202227Z,25.1,88.8
20260707T202242Z,25.1,89.0
20260707T202257Z,25.1,89.2
20260707T202312Z,25.2,89.4
20260707T202327Z,25.2,89.6
20260707T202342Z,25.2,89.7
20260707T202357Z,25.2,89.9
20260707T202412Z,25.2,90.0
20260707T202427Z,25.2,90.2
20260707T202442Z,25.3,90.3
20260707T202457Z,25.3,90.4
20260707T202512Z,25.3,90.6
20260707T202527Z,25.3,90.7
20260707T202542Z,25.3,90.8
20260707T202557Z,25.3,90.9
20260707T202612Z,25.3,91.0
20260707T202627Z,25.3,91.2
20260707T202642Z,25.4,91.3
20260707T202657Z,25.4,91.4
20260707T202712Z,25.4,91.6
20260707T202727Z,25.4,91.6
20260707T202742Z,25.4,91.7
20260707T202757Z,25.4,91.7
20260707T202812Z,25.4,91.9
20260707T202827Z,25.4,92.0
20260707T202842Z,25.5,92.1
20260707T202857Z,25.5,92.2
20260707T202912Z,25.5,92.2
20260707T202927Z,25.5,92.3
20260707T202942Z,25.5,92.4
20260707T202957Z,25.5,92.5
20260707T203012Z,25.5,92.6
20260707T203027Z,25.5,92.7
20260707T203042Z,25.6,92.7
20260707T203057Z,25.6,92.7
20260707T203112Z,25.6,92.7
20260707T203127Z,25.6,92.8
20260707T203142Z,25.6,92.8
20260707T203157Z,25.6,92.9
20260707T203212Z,25.6,92.0
20260707T203227Z,25.6,91.4
20260707T203242Z,25.6,89.9
20260707T203257Z,25.6,89.5
20260707T203312Z,25.6,88.7
20260707T203327Z,25.5,87.4
20260707T203342Z,25.5,86.6
20260707T203357Z,25.4,86.1
20260707T203412Z,25.4,84.8
20260707T203427Z,25.3,83.9
20260707T203442Z,25.3,82.7
20260707T203457Z,25.2,81.8
20260707T203512Z,25.2,81.1
20260707T203527Z,25.1,80.1
20260707T203542Z,25.0,79.4
20260707T203557Z,25.0,78.7
20260707T203612Z,24.9,77.6
20260707T203627Z,24.8,76.9
20260707T203642Z,24.7,77.4
20260707T203657Z,24.7,78.5
20260707T203712Z,24.7,79.9
20260707T203727Z,24.6,81.1
20260707T203742Z,24.6,82.2
20260707T203757Z,24.6,82.7
20260707T203812Z,24.6,83.2
20260707T203827Z,24.6,83.3
20260707T203842Z,24.6,83.5
20260707T203857Z,24.6,83.8
20260707T203912Z,24.6,84.2
20260707T203927Z,24.6,84.5
20260707T203942Z,24.7,84.9
20260707T203957Z,24.7,85.3
20260707T204012Z,24.7,85.5
20260707T204027Z,24.7,85.9
20260707T204042Z,24.8,86.1
20260707T204057Z,24.8,86.4
20260707T204112Z,24.8,86.8
20260707T204127Z,24.8,86.9
20260707T204142Z,24.9,87.1
20260707T204157Z,24.9,87.4
20260707T204212Z,24.9,87.6
20260707T204227Z,24.9,87.9
20260707T204242Z,25.0,88.1
20260707T204257Z,25.0,88.3
20260707T204312Z,25.0,88.6
20260707T204327Z,25.0,88.6
20260707T204342Z,25.0,88.8
20260707T204357Z,25.0,89.1
20260707T204412Z,25.1,89.1
20260707T204427Z,25.1,89.4
20260707T204442Z,25.1,89.5
20260707T204457Z,25.1,89.7
20260707T204512Z,25.1,89.8
20260707T204527Z,25.2,89.9
20260707T204542Z,25.2,90.1
20260707T204557Z,25.2,90.3
20260707T204612Z,25.2,90.4
20260707T204627Z,25.2,90.6
20260707T204642Z,25.2,90.7
20260707T204657Z,25.3,90.9
20260707T204712Z,25.3,91.0
20260707T204727Z,25.3,91.1
20260707T204742Z,25.3,91.2
20260707T204757Z,25.3,91.2
20260707T204812Z,25.3,91.4
20260707T204827Z,25.3,91.5
20260707T204842Z,25.4,91.6
20260707T204857Z,25.4,91.7
20260707T204912Z,25.4,91.8
20260707T204927Z,25.4,91.9
20260707T204942Z,25.4,91.9
20260707T204957Z,25.4,92.0
20260707T205012Z,25.4,92.0
20260707T205027Z,25.5,92.2
20260707T205042Z,25.5,92.2
20260707T205057Z,25.5,92.3
20260707T205112Z,25.5,92.4
20260707T205127Z,25.5,92.5
20260707T205142Z,25.5,92.6
20260707T205157Z,25.5,92.6
20260707T205212Z,25.6,92.7
20260707T205227Z,25.6,92.8
20260707T205242Z,25.6,92.8
20260707T205257Z,25.6,92.9
20260707T205312Z,25.6,92.9
20260707T205327Z,25.6,92.9
20260707T205342Z,25.6,93.0
20260707T205357Z,25.6,93.1
20260707T205412Z,25.6,93.0
20260707T205427Z,25.6,92.5
20260707T205442Z,25.6,91.4
20260707T205457Z,25.6,90.3
20260707T205512Z,25.6,89.3
20260707T205527Z,25.5,88.5
20260707T205542Z,25.5,87.5
20260707T205557Z,25.5,86.5
20260707T205612Z,25.4,85.8
20260707T205627Z,25.4,84.9
20260707T205642Z,25.3,84.0
20260707T205657Z,25.3,83.3
20260707T205712Z,25.2,81.6
20260707T205727Z,25.2,81.0
20260707T205742Z,25.1,80.4
20260707T205757Z,25.0,78.9
20260707T205812Z,25.0,78.4
20260707T205827Z,24.9,77.9
20260707T205842Z,24.8,76.6
20260707T205858Z,24.7,77.7
20260707T205913Z,24.7,79.0
20260707T205927Z,24.7,80.1
20260707T205942Z,24.7,81.9
20260707T205957Z,24.7,82.5
20260707T210012Z,24.6,82.8
20260707T210027Z,24.6,83.0
20260707T210042Z,24.6,83.2
20260707T210057Z,24.6,83.5
20260707T210112Z,24.7,83.9
20260707T210127Z,24.7,84.4
20260707T210142Z,24.7,84.6
20260707T210157Z,24.7,84.9
20260707T210212Z,24.7,85.3
20260707T210227Z,24.8,85.6
20260707T210242Z,24.8,85.8
20260707T210257Z,24.8,86.2
20260707T210312Z,24.8,86.5
20260707T210327Z,24.8,86.8
20260707T210342Z,24.9,87.0
20260707T210357Z,24.9,87.2
20260707T210412Z,24.9,87.4
20260707T210427Z,24.9,87.7
20260707T210442Z,24.9,87.9
20260707T210457Z,25.0,88.1
20260707T210512Z,25.0,88.4
20260707T210527Z,25.0,88.6
20260707T210542Z,25.0,88.8
20260707T210557Z,25.0,89.0
20260707T210612Z,25.0,89.2
20260707T210627Z,25.0,89.4
20260707T210642Z,25.1,89.6
20260707T210657Z,25.1,89.6
20260707T210712Z,25.1,89.9
20260707T210727Z,25.1,90.0
20260707T210742Z,25.1,90.1
20260707T210757Z,25.1,90.3
20260707T210812Z,25.1,90.5
20260707T210827Z,25.2,90.7
20260707T210842Z,25.2,90.7
20260707T210857Z,25.2,90.9
20260707T210912Z,25.2,91.0
20260707T210927Z,25.2,91.1
20260707T210942Z,25.3,91.1
20260707T210957Z,25.3,91.4
20260707T211012Z,25.3,91.6
20260707T211027Z,25.3,91.4
20260707T211042Z,25.3,91.6
20260707T211057Z,25.3,91.7
20260707T211112Z,25.4,91.8
20260707T211127Z,25.4,91.8
20260707T211142Z,25.4,91.9
20260707T211157Z,25.4,92.0
20260707T211212Z,25.4,92.1
20260707T211227Z,25.4,92.2
20260707T211242Z,25.4,92.3
20260707T211257Z,25.4,92.3
20260707T211312Z,25.5,92.4
20260707T211327Z,25.5,92.4
20260707T211342Z,25.5,92.5
20260707T211357Z,25.5,92.6
20260707T211412Z,25.5,92.6
20260707T211427Z,25.5,92.7
20260707T211442Z,25.5,92.7
20260707T211457Z,25.5,92.8
20260707T211512Z,25.6,92.9
20260707T211527Z,25.6,92.9
20260707T211542Z,25.6,93.0
20260707T211557Z,25.6,93.0
20260707T211612Z,25.6,93.0
20260707T211627Z,25.6,93.1
20260707T211642Z,25.6,93.1
20260707T211657Z,25.6,93.2
20260707T211712Z,25.6,93.2
20260707T211727Z,25.6,93.3
20260707T211742Z,25.6,92.6
20260707T211757Z,25.6,92.1
20260707T211812Z,25.6,90.5
20260707T211827Z,25.6,90.1
20260707T211842Z,25.6,89.0
20260707T211857Z,25.5,87.9
20260707T211912Z,25.5,87.1
20260707T211927Z,25.4,86.3
20260707T211942Z,25.4,85.5
20260707T211957Z,25.4,84.6
20260707T212012Z,25.3,83.9
20260707T212027Z,25.2,83.0
20260707T212042Z,25.2,81.9
20260707T212057Z,25.2,80.9
20260707T212112Z,25.1,79.7
20260707T212127Z,25.0,78.6
20260707T212142Z,24.9,78.1
20260707T212157Z,24.8,77.1
20260707T212212Z,24.7,77.4
20260707T212227Z,24.7,78.7
20260707T212242Z,24.6,80.2
20260707T212257Z,24.6,81.9
20260707T212312Z,24.6,82.9
20260707T212327Z,24.6,83.2
20260707T212342Z,24.6,83.4
20260707T212357Z,24.6,83.7
20260707T212412Z,24.6,84.1
20260707T212427Z,24.6,84.2
20260707T212442Z,24.6,84.6
20260707T212457Z,24.7,84.9
20260707T212512Z,24.7,85.2
20260707T212527Z,24.7,85.6
20260707T212542Z,24.7,85.9
20260707T212558Z,24.7,86.1
20260707T212613Z,24.7,86.5
20260707T212627Z,24.8,86.8
20260707T212642Z,24.8,87.0
20260707T212657Z,24.8,87.2
20260707T212712Z,24.8,87.4
20260707T212727Z,24.9,87.6
20260707T212742Z,24.9,87.9
20260707T212758Z,24.9,87.9
20260707T212813Z,24.9,88.3
20260707T212827Z,24.9,88.6
20260707T212842Z,25.0,88.8
20260707T212857Z,25.0,88.9
20260707T212912Z,25.0,89.1
20260707T212927Z,25.0,89.4
20260707T212942Z,25.0,89.5
20260707T212957Z,25.0,89.6
20260707T213012Z,25.1,89.9
20260707T213027Z,25.1,89.9
20260707T213042Z,25.1,90.2
20260707T213057Z,25.1,90.2
20260707T213112Z,25.1,90.4
20260707T213127Z,25.1,90.6
20260707T213142Z,25.2,90.8
20260707T213157Z,25.2,90.9
20260707T213212Z,25.2,91.0
20260707T213227Z,25.2,91.2
20260707T213242Z,25.2,91.3
20260707T213257Z,25.2,91.4
20260707T213312Z,25.3,91.5
20260707T213327Z,25.3,91.7
20260707T213342Z,25.3,91.7
20260707T213357Z,25.3,91.9
20260707T213412Z,25.3,91.9
20260707T213427Z,25.3,91.9
20260707T213442Z,25.4,92.1
20260707T213457Z,25.4,92.1
20260707T213512Z,25.4,92.3
20260707T213528Z,25.4,92.4
20260707T213542Z,25.4,92.4
20260707T213557Z,25.4,92.5
20260707T213612Z,25.5,92.6
20260707T213627Z,25.5,92.6
20260707T213642Z,25.5,92.7
20260707T213657Z,25.5,92.7
20260707T213712Z,25.5,92.8
20260707T213727Z,25.5,92.9
20260707T213742Z,25.5,92.9
20260707T213757Z,25.5,92.9
20260707T213812Z,25.6,93.1
20260707T213827Z,25.6,93.1
20260707T213842Z,25.6,93.2
20260707T213857Z,25.6,93.2
20260707T213912Z,25.6,93.2
20260707T213928Z,25.6,93.2
20260707T213943Z,25.6,93.2
20260707T213957Z,25.6,93.2
20260707T214012Z,25.7,93.0
20260707T214027Z,25.7,92.4
20260707T214042Z,25.6,90.9
20260707T214057Z,25.6,90.3
20260707T214113Z,25.6,89.5
20260707T214127Z,25.6,88.1
20260707T214143Z,25.5,87.8
20260707T214157Z,25.5,86.7
20260707T214212Z,25.4,85.7
20260707T214227Z,25.4,85.1
20260707T214242Z,25.3,84.2
20260707T214257Z,25.3,82.8
20260707T214313Z,25.2,82.2
20260707T214327Z,25.2,81.2
20260707T214342Z,25.1,79.9
20260707T214357Z,25.0,78.9
20260707T214413Z,25.0,78.5
20260707T214427Z,24.9,77.7
20260707T214443Z,24.8,77.5
20260707T214457Z,24.8,78.3
20260707T214513Z,24.8,79.2
20260707T214527Z,24.7,80.9
20260707T214543Z,24.7,82.1
20260707T214557Z,24.7,82.8
20260707T214613Z,24.7,83.1
20260707T214627Z,24.6,83.2
20260707T214642Z,24.6,83.5
20260707T214657Z,24.6,83.9
20260707T214713Z,24.7,84.2
20260707T214727Z,24.7,84.6
20260707T214743Z,24.7,85.0
20260707T214757Z,24.7,85.3
20260707T214813Z,24.8,85.6
20260707T214827Z,24.8,85.7
20260707T214843Z,24.8,85.9
20260707T214857Z,24.8,86.4
20260707T214913Z,24.9,86.7
20260707T214927Z,24.9,87.0
20260707T214943Z,24.9,87.1
20260707T214958Z,24.9,87.3
20260707T215012Z,24.9,87.6
20260707T215028Z,25.0,87.9
20260707T215042Z,25.0,88.1
20260707T215058Z,25.0,88.4
20260707T215112Z,25.0,88.5
20260707T215128Z,25.0,88.7
20260707T215142Z,25.0,88.8
20260707T215158Z,25.1,89.0
20260707T215212Z,25.1,89.2
20260707T215228Z,25.1,89.4
20260707T215242Z,25.1,89.4
20260707T215257Z,25.2,89.7
20260707T215313Z,25.2,89.8
20260707T215328Z,25.2,90.0
20260707T215342Z,25.2,90.1
20260707T215358Z,25.2,90.3
20260707T215412Z,25.2,90.5
20260707T215428Z,25.2,90.6
20260707T215442Z,25.2,90.8
20260707T215458Z,25.3,90.9
20260707T215512Z,25.3,91.1
20260707T215528Z,25.3,91.2
20260707T215542Z,25.3,91.3
20260707T215558Z,25.3,91.5
20260707T215613Z,25.3,91.5
20260707T215627Z,25.3,91.6
20260707T215643Z,25.4,91.7
20260707T215657Z,25.4,91.8
20260707T215713Z,25.4,91.9
20260707T215727Z,25.4,92.0
20260707T215743Z,25.4,92.0
20260707T215757Z,25.4,92.1
20260707T215812Z,25.4,92.2
20260707T215828Z,25.5,92.3
20260707T215842Z,25.5,92.3
20260707T215857Z,25.5,92.5
20260707T215912Z,25.5,92.5
20260707T215928Z,25.5,92.6
20260707T215942Z,25.5,92.7
20260707T215958Z,25.5,92.7
20260707T220012Z,25.5,92.7
20260707T220028Z,25.6,92.9
20260707T220042Z,25.6,92.9
20260707T220058Z,25.6,93.0
20260707T220112Z,25.6,93.1
20260707T220128Z,25.6,93.1
20260707T220142Z,25.6,93.2
20260707T220157Z,25.6,93.2
20260707T220213Z,25.6,93.3
20260707T220227Z,25.6,93.4
20260707T220243Z,25.6,92.8
20260707T220258Z,25.6,92.3
20260707T220312Z,25.6,90.7
20260707T220328Z,25.6,90.4
20260707T220342Z,25.6,89.1
20260707T220358Z,25.5,88.3
20260707T220412Z,25.5,87.5
20260707T220427Z,25.4,86.3
20260707T220443Z,25.4,86.1
20260707T220457Z,25.4,84.9
20260707T220513Z,25.3,83.9
20260707T220527Z,25.3,83.0
20260707T220542Z,25.2,82.3
20260707T220557Z,25.2,81.0
20260707T220612Z,25.1,80.0
20260707T220628Z,25.0,79.3
20260707T220642Z,24.9,78.1
20260707T220658Z,24.8,77.4
20260707T220712Z,24.7,77.1
20260707T220728Z,24.6,78.3
20260707T220742Z,24.6,79.9
20260707T220757Z,24.6,81.2
20260707T220813Z,24.6,82.5
20260707T220827Z,24.6,83.1
20260707T220842Z,24.5,83.5
20260707T220858Z,24.5,83.7
20260707T220912Z,24.5,84.1
20260707T220928Z,24.5,84.4
20260707T220942Z,24.6,84.6
20260707T220959Z,24.6,84.8
20260707T221013Z,24.6,85.2
20260707T221028Z,24.6,85.5
20260707T221042Z,24.7,85.8
20260707T221058Z,24.7,85.9
20260707T221112Z,24.7,86.2
20260707T221127Z,24.7,86.6
20260707T221142Z,24.8,86.9
20260707T221157Z,24.8,87.1
20260707T221212Z,24.8,87.4
20260707T221228Z,24.8,87.5
20260707T221242Z,24.9,87.8
20260707T221258Z,24.9,88.0
20260707T221312Z,24.9,88.1
20260707T221328Z,24.9,88.5
20260707T221342Z,24.9,88.6
20260707T221358Z,25.0,88.7
20260707T221412Z,25.0,89.0
20260707T221427Z,25.0,89.1
20260707T221443Z,25.0,89.3
20260707T221457Z,25.1,89.5
20260707T221512Z,25.0,89.7
20260707T221527Z,25.1,89.8
20260707T221543Z,25.1,90.0
20260707T221557Z,25.1,90.1
20260707T221613Z,25.1,90.3
20260707T221627Z,25.2,90.4
20260707T221643Z,25.2,90.4
20260707T221657Z,25.2,90.6
20260707T221713Z,25.2,90.8
20260707T221727Z,25.2,90.9
20260707T221743Z,25.2,90.9
20260707T221757Z,25.3,91.1
20260707T221812Z,25.3,91.2
20260707T221827Z,25.3,91.3
20260707T221842Z,25.3,91.4
20260707T221858Z,25.3,91.5
20260707T221912Z,25.3,91.6
20260707T221928Z,25.4,91.7
20260707T221942Z,25.4,91.9
20260707T221958Z,25.4,91.9
20260707T222012Z,25.4,92.0
20260707T222028Z,25.4,92.1
20260707T222042Z,25.4,92.2
20260707T222057Z,25.4,92.4
20260707T222113Z,25.4,92.5
20260707T222127Z,25.4,92.6
20260707T222143Z,25.4,92.6
20260707T222157Z,25.5,92.6
20260707T222213Z,25.5,92.7
20260707T222227Z,25.5,92.8
20260707T222243Z,25.5,92.8
20260707T222257Z,25.5,92.9
20260707T222313Z,25.5,92.9
20260707T222327Z,25.5,92.9
20260707T222343Z,25.6,93.0
20260707T222358Z,25.6,93.1
20260707T222413Z,25.6,93.1
20260707T222427Z,25.6,93.2
20260707T222442Z,25.6,93.2
20260707T222457Z,25.6,93.3
20260707T222512Z,25.6,93.2
20260707T222528Z,25.6,92.8
20260707T222543Z,25.6,91.2
20260707T222558Z,25.6,90.6
20260707T222612Z,25.6,89.8
20260707T222628Z,25.5,88.5
20260707T222642Z,25.5,87.6
20260707T222658Z,25.4,87.1
20260707T222712Z,25.4,86.4
20260707T222728Z,25.4,85.2
20260707T222742Z,25.3,84.7
20260707T222758Z,25.3,83.4
20260707T222812Z,25.2,82.1
20260707T222828Z,25.2,81.5
20260707T222842Z,25.1,80.5
20260707T222858Z,25.0,79.5
20260707T222912Z,24.9,78.5
20260707T222928Z,24.8,77.9
20260707T222942Z,24.7,77.0
20260707T222958Z,24.6,77.9
20260707T223012Z,24.6,79.2
20260707T223028Z,24.6,80.8
20260707T223042Z,24.5,82.5
20260707T223057Z,24.5,83.2
20260707T223112Z,24.5,83.4
20260707T223128Z,24.5,83.8
20260707T223143Z,24.5,84.1
20260707T223158Z,24.5,84.3
20260707T223212Z,24.5,84.6
20260707T223228Z,24.6,84.7
20260707T223242Z,24.6,85.1
20260707T223258Z,24.6,85.4
20260707T223312Z,24.6,85.7
20260707T223328Z,24.7,86.0
20260707T223342Z,24.7,86.3
20260707T223358Z,24.7,86.6
20260707T223412Z,24.8,86.7
20260707T223427Z,24.8,87.0
20260707T223443Z,24.8,87.4
20260707T223457Z,24.8,87.6
20260707T223513Z,24.9,87.7
20260707T223527Z,24.9,88.1
20260707T223543Z,24.9,88.2
20260707T223557Z,24.9,88.5
20260707T223613Z,24.9,88.6
20260707T223627Z,25.0,88.8
20260707T223643Z,25.0,89.0
20260707T223657Z,25.0,89.2
20260707T223713Z,25.0,89.4
20260707T223728Z,25.1,89.6
20260707T223743Z,25.1,89.5
20260707T223758Z,25.1,89.7
20260707T223813Z,25.1,90.0
20260707T223828Z,25.1,90.2
20260707T223842Z,25.2,90.3
20260707T223858Z,25.2,90.4
20260707T223912Z,25.2,90.5
20260707T223927Z,25.2,90.7
20260707T223943Z,25.2,90.8
20260707T223958Z,25.2,90.9
20260707T224013Z,25.3,91.0
20260707T224028Z,25.3,91.2
20260707T224043Z,25.3,91.3
20260707T224058Z,25.3,91.4
20260707T224113Z,25.3,91.5
20260707T224128Z,25.3,91.6
20260707T224143Z,25.3,91.7
20260707T224158Z,25.3,91.8
20260707T224213Z,25.4,91.9
20260707T224228Z,25.4,92.0
20260707T224242Z,25.4,92.1
20260707T224258Z,25.4,92.1
20260707T224312Z,25.4,92.2
20260707T224328Z,25.4,92.4
20260707T224343Z,25.4,92.4
20260707T224358Z,25.5,92.5
20260707T224413Z,25.5,92.5
20260707T224428Z,25.5,92.5
20260707T224443Z,25.5,92.5
20260707T224458Z,25.5,92.7
20260707T224513Z,25.5,92.7
20260707T224528Z,25.5,92.8
20260707T224543Z,25.6,92.9
20260707T224558Z,25.6,93.0
20260707T224613Z,25.6,93.0
20260707T224628Z,25.6,93.1
20260707T224643Z,25.6,93.1
20260707T224658Z,25.6,93.2
20260707T224713Z,25.6,93.2
20260707T224728Z,25.6,92.9
20260707T224743Z,25.6,92.4
20260707T224758Z,25.6,91.0
20260707T224813Z,25.6,90.4
20260707T224828Z,25.6,89.6
20260707T224843Z,25.6,88.5
20260707T224858Z,25.5,87.5
20260707T224913Z,25.5,87.1
20260707T224928Z,25.4,85.7
20260707T224943Z,25.4,84.9
20260707T224958Z,25.3,84.1
20260707T225013Z,25.3,83.0
20260707T225028Z,25.2,82.1
20260707T225043Z,25.1,81.0
20260707T225058Z,25.0,79.6
20260707T225113Z,25.0,79.4
20260707T225128Z,24.9,79.1
20260707T225143Z,24.8,77.6
20260707T225158Z,24.7,76.7
20260707T225213Z,24.6,77.2
20260707T225228Z,24.5,78.7
20260707T225243Z,24.5,80.4
20260707T225258Z,24.5,82.0
20260707T225313Z,24.5,83.1
20260707T225328Z,24.4,83.3
20260707T225343Z,24.5,83.5
20260707T225358Z,24.5,83.9
20260707T225413Z,24.5,84.0
20260707T225428Z,24.5,84.3
20260707T225443Z,24.5,84.7
20260707T225458Z,24.5,85.0
20260707T225513Z,24.6,85.4
20260707T225528Z,24.6,85.7
20260707T225543Z,24.6,85.9
20260707T225558Z,24.7,86.2
20260707T225613Z,24.7,86.7
20260707T225628Z,24.7,86.8
20260707T225643Z,24.8,87.0
20260707T225658Z,24.8,87.3
20260707T225713Z,24.8,87.5
20260707T225728Z,24.8,87.8
20260707T225743Z,24.9,87.8
20260707T225758Z,24.9,88.0
20260707T225813Z,24.9,88.3
20260707T225828Z,24.9,88.5
20260707T225843Z,25.0,88.7
20260707T225858Z,25.0,88.9
20260707T225913Z,25.0,89.1
20260707T225928Z,25.0,89.2
20260707T225943Z,25.1,89.4
20260707T225958Z,25.1,89.6
20260707T230013Z,25.1,89.7
20260707T230028Z,25.1,89.9
20260707T230043Z,25.1,90.1
20260707T230058Z,25.1,90.1
20260707T230113Z,25.2,90.3
20260707T230128Z,25.2,90.5
20260707T230143Z,25.2,90.7
20260707T230158Z,25.2,91.0
20260707T230213Z,25.2,91.0
20260707T230228Z,25.2,91.0
20260707T230243Z,25.2,91.1
20260707T230258Z,25.2,91.3
20260707T230313Z,25.3,91.4
20260707T230328Z,25.3,91.5
20260707T230343Z,25.3,91.7
20260707T230358Z,25.3,91.8
20260707T230413Z,25.3,91.8
20260707T230428Z,25.4,91.9
20260707T230443Z,25.4,92.0
20260707T230458Z,25.4,92.1
20260707T230513Z,25.4,92.2
20260707T230528Z,25.4,92.2
20260707T230543Z,25.4,92.4
20260707T230559Z,25.5,92.5
20260707T230613Z,25.5,92.5
20260707T230628Z,25.5,92.5
20260707T230643Z,25.5,92.6
20260707T230658Z,25.5,92.7
20260707T230713Z,25.5,92.8
20260707T230728Z,25.5,92.8
20260707T230743Z,25.6,92.9
20260707T230758Z,25.6,93.0
20260707T230813Z,25.6,93.0
20260707T230828Z,25.6,93.1
20260707T230843Z,25.6,93.2
20260707T230858Z,25.6,92.4
20260707T230913Z,25.6,91.8
20260707T230928Z,25.6,90.5
20260707T230943Z,25.6,90.0
20260707T230958Z,25.5,88.8
20260707T231013Z,25.5,88.3
20260707T231028Z,25.5,86.9
20260707T231043Z,25.4,86.1
20260707T231059Z,25.4,85.2
20260707T231113Z,25.3,84.0
20260707T231128Z,25.2,83.4
20260707T231143Z,25.2,82.3
20260707T231158Z,25.1,81.2
20260707T231213Z,25.1,80.7
20260707T231228Z,25.0,79.4
20260707T231243Z,24.9,78.5
20260707T231258Z,24.7,78.2
20260707T231313Z,24.7,77.5
20260707T231328Z,24.6,77.2
20260707T231343Z,24.5,78.4
20260707T231358Z,24.5,79.6
20260707T231413Z,24.5,81.5
20260707T231428Z,24.5,82.7
20260707T231443Z,24.5,83.3
20260707T231458Z,24.5,83.4
20260707T231513Z,24.5,83.9
20260707T231528Z,24.5,84.2
20260707T231543Z,24.5,84.6
20260707T231558Z,24.5,84.9
20260707T231613Z,24.5,85.4
20260707T231628Z,24.5,85.6
20260707T231643Z,24.6,85.6
20260707T231658Z,24.6,86.0
20260707T231713Z,24.6,86.2
20260707T231728Z,24.6,86.4
20260707T231743Z,24.7,86.8
20260707T231758Z,24.7,87.0
20260707T231813Z,24.7,87.3
20260707T231828Z,24.8,87.4
20260707T231843Z,24.8,87.8
20260707T231858Z,24.8,88.1
20260707T231913Z,24.8,88.3
20260707T231928Z,24.9,88.4
20260707T231943Z,24.9,88.6
20260707T231958Z,24.9,88.7
20260707T232013Z,24.9,89.1
20260707T232028Z,24.9,89.3
20260707T232043Z,25.0,89.2
20260707T232058Z,25.0,89.6
20260707T232113Z,25.0,89.6
20260707T232128Z,25.0,89.9
20260707T232143Z,25.0,90.0
20260707T232158Z,25.1,90.2
20260707T232213Z,25.1,90.3
20260707T232228Z,25.1,90.4
20260707T232243Z,25.1,90.6
20260707T232258Z,25.2,90.8
20260707T232313Z,25.2,90.9
20260707T232328Z,25.2,91.1
20260707T232343Z,25.2,91.0
20260707T232358Z,25.2,91.3
20260707T232413Z,25.2,91.2
20260707T232428Z,25.3,91.5
20260707T232443Z,25.3,91.6
20260707T232458Z,25.3,91.6
20260707T232513Z,25.3,91.8
20260707T232528Z,25.3,91.9
20260707T232543Z,25.3,92.0
20260707T232558Z,25.4,92.0
20260707T232613Z,25.3,92.0
20260707T232628Z,25.4,92.1
20260707T232643Z,25.4,92.2
20260707T232658Z,25.4,92.3
20260707T232713Z,25.4,92.4
20260707T232728Z,25.4,92.4
20260707T232743Z,25.5,92.6
20260707T232758Z,25.5,92.6
20260707T232813Z,25.5,92.7
20260707T232828Z,25.5,92.7
20260707T232843Z,25.5,92.8
20260707T232858Z,25.5,92.8
20260707T232913Z,25.5,92.9
20260707T232928Z,25.6,92.9
20260707T232943Z,25.6,93.0
20260707T232958Z,25.6,93.0
20260707T233013Z,25.6,93.1
20260707T233028Z,25.6,93.2
20260707T233043Z,25.6,93.2
20260707T233058Z,25.6,93.2
20260707T233113Z,25.6,92.6
20260707T233128Z,25.6,91.6
20260707T233143Z,25.6,90.8
20260707T233158Z,25.6,90.2
20260707T233213Z,25.5,89.3
20260707T233228Z,25.5,87.8
20260707T233243Z,25.4,87.4
20260707T233259Z,25.4,86.6
20260707T233313Z,25.4,85.3
20260707T233328Z,25.3,84.8
20260707T233343Z,25.2,83.8
20260707T233358Z,25.2,82.4
20260707T233413Z,25.1,81.2
20260707T233428Z,25.0,80.5
20260707T233443Z,24.9,79.7
20260707T233458Z,24.8,79.1
20260707T233513Z,24.7,78.4
20260707T233528Z,24.6,78.0
20260707T233543Z,24.5,78.1
20260707T233558Z,24.5,79.5
20260707T233613Z,24.5,81.2
20260707T233628Z,24.5,82.6
20260707T233643Z,24.4,83.3
20260707T233658Z,24.5,83.8
20260707T233713Z,24.5,84.0
20260707T233728Z,24.5,84.4
20260707T233743Z,24.5,84.7
20260707T233758Z,24.5,85.1
20260707T233813Z,24.5,85.3
20260707T233828Z,24.5,85.5
20260707T233843Z,24.5,85.7
20260707T233858Z,24.6,86.0
20260707T233913Z,24.6,86.3
20260707T233928Z,24.6,86.5
20260707T233943Z,24.7,86.8
20260707T233958Z,24.7,87.1
20260707T234013Z,24.7,87.3
20260707T234028Z,24.8,87.5
20260707T234043Z,24.8,87.7
20260707T234058Z,24.8,87.9
20260707T234113Z,24.8,88.0
20260707T234128Z,24.9,88.1
20260707T234143Z,24.9,88.4
20260707T234158Z,24.9,88.7
20260707T234213Z,25.0,88.8
20260707T234228Z,25.0,89.0
20260707T234243Z,25.0,89.2
20260707T234258Z,25.0,89.4
20260707T234313Z,25.0,89.5
20260707T234328Z,25.0,89.7
20260707T234343Z,25.1,89.8
20260707T234358Z,25.1,90.0
20260707T234413Z,25.1,90.1
20260707T234428Z,25.1,90.3
20260707T234443Z,25.1,90.4
20260707T234458Z,25.2,90.6
20260707T234513Z,25.2,90.8
20260707T234528Z,25.2,90.8
20260707T234543Z,25.2,90.9
20260707T234558Z,25.2,91.1
20260707T234613Z,25.2,91.1
20260707T234628Z,25.3,91.2
20260707T234643Z,25.3,91.4
20260707T234658Z,25.3,91.5
20260707T234713Z,25.3,91.5
20260707T234728Z,25.3,91.7
20260707T234743Z,25.3,91.8
20260707T234758Z,25.3,91.8
20260707T234813Z,25.4,91.9
20260707T234828Z,25.4,92.0
20260707T234843Z,25.4,92.0
20260707T234858Z,25.4,92.1
20260707T234913Z,25.4,92.2
20260707T234928Z,25.4,92.3
20260707T234943Z,25.5,92.3
20260707T234958Z,25.5,92.4
20260707T235013Z,25.5,92.4
20260707T235028Z,25.5,92.6
20260707T235043Z,25.5,92.5
20260707T235058Z,25.5,92.6
20260707T235113Z,25.5,92.7
20260707T235128Z,25.5,92.8
20260707T235143Z,25.5,92.9
20260707T235158Z,25.6,92.9
20260707T235213Z,25.6,92.9
20260707T235228Z,25.6,93.0
20260707T235243Z,25.6,93.0
20260707T235258Z,25.6,93.1
20260707T235313Z,25.6,93.2
20260707T235328Z,25.6,92.8
20260707T235343Z,25.6,92.6
20260707T235358Z,25.7,91.3
20260707T235413Z,25.6,90.1
20260707T235428Z,25.6,89.4
20260707T235443Z,25.6,88.4
20260707T235458Z,25.6,87.3
20260707T235513Z,25.5,86.7
20260707T235528Z,25.5,85.7
20260707T235543Z,25.4,85.0
20260707T235558Z,25.4,84.2
20260707T235613Z,25.3,83.4
20260707T235628Z,25.3,81.9
20260707T235643Z,25.3,80.6
20260707T235658Z,25.2,79.9
20260707T235713Z,25.1,78.7
20260707T235728Z,25.0,78.3
20260707T235743Z,24.9,77.3
20260707T235758Z,24.8,77.4
20260707T235813Z,24.7,78.5
20260707T235828Z,24.7,80.1
20260707T235843Z,24.7,82.3
20260707T235858Z,24.7,82.7
20260707T235913Z,24.7,83.3
20260707T235928Z,24.7,83.6
20260707T235943Z,24.6,83.9
20260707T235958Z,24.6,84.4