Time,Temperature,Humidity
20260702T000006Z,24.4,87.0
20260702T000021Z,24.4,87.3
20260702T000036Z,24.5,87.6
20260702T000051Z,24.5,87.7
20260702T000106Z,24.6,88.0
20260702T000121Z,24.6,88.3
20260702T000136Z,24.6,88.5
20260702T000151Z,24.6,88.6
20260702T000206Z,24.7,88.8
20260702T000221Z,24.7,89.0
20260702T000236Z,24.7,89.5
20260702T000251Z,24.8,89.5
20260702T000306Z,24.8,89.8
20260702T000321Z,24.8,90.2
20260702T000336Z,24.8,90.2
20260702T000351Z,24.9,90.4
20260702T000406Z,24.9,90.6
20260702T000421Z,24.9,90.9
20260702T000436Z,24.9,91.0
20260702T000452Z,25.0,91.2
20260702T000507Z,25.0,91.2
20260702T000521Z,25.0,91.3
20260702T000537Z,25.1,91.6
20260702T000551Z,25.1,91.7
20260702T000607Z,25.1,91.8
20260702T000621Z,25.1,91.9
20260702T000636Z,25.1,92.0
20260702T000651Z,25.1,92.2
20260702T000706Z,25.2,92.4
20260702T000721Z,25.2,92.5
20260702T000736Z,25.2,92.7
20260702T000752Z,25.2,92.7
20260702T000807Z,25.2,92.9
20260702T000821Z,25.2,93.0
20260702T000836Z,25.2,93.2
20260702T000851Z,25.3,93.4
20260702T000906Z,25.3,93.4
20260702T000921Z,25.3,93.5
20260702T000936Z,25.3,93.7
20260702T000951Z,25.3,93.8
20260702T001006Z,25.3,93.9
20260702T001021Z,25.3,93.9
20260702T001036Z,25.4,94.0
20260702T001051Z,25.4,94.1
20260702T001107Z,25.4,94.2
20260702T001122Z,25.4,94.4
20260702T001136Z,25.4,94.5
20260702T001152Z,25.4,94.5
20260702T001206Z,25.4,94.5
20260702T001222Z,25.5,94.6
20260702T001236Z,25.5,94.7
20260702T001252Z,25.5,94.5
20260702T001306Z,25.5,94.2
20260702T001322Z,25.5,92.5
20260702T001336Z,25.4,91.9
20260702T001352Z,25.4,91.3
20260702T001406Z,25.4,90.1
20260702T001422Z,25.4,88.9
20260702T001437Z,25.3,87.8
20260702T001451Z,25.2,87.0
20260702T001506Z,25.2,85.9
20260702T001521Z,25.1,85.0
20260702T001537Z,25.0,83.9
20260702T001551Z,24.9,83.0
20260702T001607Z,24.8,82.1
20260702T001621Z,24.7,81.4
20260702T001637Z,24.6,81.0
20260702T001651Z,24.4,80.1
20260702T001707Z,24.3,79.7
20260702T001721Z,24.2,79.2
20260702T001737Z,24.1,79.7
20260702T001752Z,24.1,81.3
20260702T001806Z,24.1,83.1
20260702T001822Z,24.1,84.4
20260702T001836Z,24.1,85.1
20260702T001852Z,24.2,85.6
20260702T001906Z,24.2,86.0
20260702T001922Z,24.2,86.3
20260702T001936Z,24.3,86.5
20260702T001952Z,24.3,86.7
20260702T002006Z,24.3,86.8
20260702T002022Z,24.4,87.0
20260702T002036Z,24.4,87.3
20260702T002052Z,24.5,87.3
20260702T002106Z,24.5,87.4
20260702T002122Z,24.5,87.7
20260702T002136Z,24.6,87.9
20260702T002152Z,24.6,88.3
20260702T002206Z,24.7,88.4
20260702T002222Z,24.7,88.9
20260702T002236Z,24.7,89.0
20260702T002252Z,24.7,89.3
20260702T002306Z,24.8,89.4
20260702T002322Z,24.8,89.5
20260702T002336Z,24.8,89.8
20260702T002352Z,24.8,89.9
20260702T002406Z,24.9,90.1
20260702T002422Z,24.9,90.2
20260702T002436Z,24.9,90.4
20260702T002452Z,24.9,90.8
20260702T002506Z,25.0,90.8
20260702T002522Z,25.0,91.1
20260702T002536Z,25.0,91.2
20260702T002551Z,25.0,91.4
20260702T002607Z,25.1,91.4
20260702T002621Z,25.1,91.7
20260702T002637Z,25.1,91.9
20260702T002652Z,25.1,92.0
20260702T002706Z,25.2,92.2
20260702T002721Z,25.2,92.3
20260702T002736Z,25.2,92.4
20260702T002751Z,25.2,92.5
20260702T002806Z,25.2,92.7
20260702T002822Z,25.2,92.6
20260702T002836Z,25.2,92.8
20260702T002852Z,25.2,93.0
20260702T002906Z,25.3,93.2
20260702T002922Z,25.3,93.2
20260702T002936Z,25.3,93.4
20260702T002952Z,25.3,93.5
20260702T003007Z,25.3,93.6
20260702T003022Z,25.3,93.7
20260702T003036Z,25.3,93.8
20260702T003051Z,25.3,93.9
20260702T003107Z,25.4,94.0
20260702T003121Z,25.4,94.0
20260702T003137Z,25.4,94.1
20260702T003151Z,25.4,94.3
20260702T003207Z,25.4,94.3
20260702T003221Z,25.4,94.5
20260702T003237Z,25.4,94.6
20260702T003252Z,25.5,94.5
20260702T003306Z,25.5,94.6
20260702T003322Z,25.5,94.0
20260702T003336Z,25.5,92.8
20260702T003351Z,25.4,91.9
20260702T003406Z,25.4,91.3
20260702T003421Z,25.4,90.1
20260702T003437Z,25.4,89.1
20260702T003451Z,25.3,88.1
20260702T003507Z,25.3,86.5
20260702T003521Z,25.2,85.8
20260702T003537Z,25.1,84.5
20260702T003551Z,25.0,83.5
20260702T003607Z,24.9,83.1
20260702T003621Z,24.8,82.2
20260702T003637Z,24.7,81.3
20260702T003651Z,24.6,80.5
20260702T003707Z,24.5,79.7
20260702T003721Z,24.4,79.1
20260702T003737Z,24.3,78.5
20260702T003751Z,24.2,78.5
20260702T003807Z,24.1,79.9
20260702T003821Z,24.1,81.1
20260702T003837Z,24.1,83.2
20260702T003851Z,24.2,84.6
20260702T003907Z,24.2,85.0
20260702T003921Z,24.2,85.3
20260702T003937Z,24.2,85.7
20260702T003951Z,24.3,85.9
20260702T004007Z,24.3,86.2
20260702T004021Z,24.3,86.4
20260702T004037Z,24.4,86.4
20260702T004052Z,24.4,86.8
20260702T004106Z,24.5,87.0
20260702T004122Z,24.5,87.2
20260702T004136Z,24.5,87.4
20260702T004152Z,24.6,87.7
20260702T004206Z,24.6,88.0
20260702T004222Z,24.7,88.1
20260702T004236Z,24.7,88.6
20260702T004252Z,24.7,88.8
20260702T004306Z,24.7,88.8
20260702T004322Z,24.8,89.1
20260702T004336Z,24.8,89.3
20260702T004351Z,24.8,89.5
20260702T004407Z,24.8,89.7
20260702T004421Z,24.9,90.0
20260702T004437Z,24.9,90.3
20260702T004452Z,24.9,90.4
20260702T004506Z,24.9,90.7
20260702T004522Z,25.0,90.7
20260702T004536Z,25.0,90.9
20260702T004551Z,25.0,91.1
20260702T004607Z,25.0,91.3
20260702T004621Z,25.1,91.4
20260702T004637Z,25.1,91.6
20260702T004651Z,25.1,91.7
20260702T004706Z,25.1,91.8
20260702T004722Z,25.1,91.9
20260702T004737Z,25.1,92.1
20260702T004752Z,25.2,92.3
20260702T004807Z,25.2,92.5
20260702T004821Z,25.2,92.6
20260702T004837Z,25.2,92.7
20260702T004851Z,25.2,92.7
20260702T004906Z,25.2,92.9
20260702T004922Z,25.3,93.0
20260702T004936Z,25.3,93.3
20260702T004952Z,25.3,93.4
20260702T005006Z,25.3,93.5
20260702T005022Z,25.3,93.5
20260702T005036Z,25.3,93.6
20260702T005052Z,25.4,93.6
20260702T005106Z,25.4,93.9
20260702T005122Z,25.4,93.9
20260702T005136Z,25.4,94.0
20260702T005151Z,25.4,94.1
20260702T005207Z,25.4,94.1
20260702T005221Z,25.4,94.3
20260702T005237Z,25.4,94.3
20260702T005252Z,25.5,94.3
20260702T005307Z,25.5,94.4
20260702T005322Z,25.5,93.8
20260702T005337Z,25.5,93.7
20260702T005351Z,25.5,92.5
20260702T005407Z,25.5,91.7
20260702T005421Z,25.5,90.8
20260702T005437Z,25.4,89.4
20260702T005451Z,25.4,88.4
20260702T005506Z,25.3,87.5
20260702T005522Z,25.2,86.5
20260702T005537Z,25.2,85.4
20260702T005552Z,25.1,84.2
20260702T005607Z,25.0,83.9
20260702T005622Z,24.9,83.0
20260702T005636Z,24.8,81.4
20260702T005652Z,24.7,81.1
20260702T005706Z,24.6,80.6
20260702T005721Z,24.5,80.0
20260702T005737Z,24.4,79.3
20260702T005751Z,24.3,78.7
20260702T005807Z,24.2,78.0
20260702T005821Z,24.2,79.0
20260702T005837Z,24.1,81.1
20260702T005851Z,24.1,82.5
20260702T005907Z,24.2,84.0
20260702T005921Z,24.2,84.9
20260702T005936Z,24.2,85.1
20260702T005952Z,24.3,85.4
20260702T010006Z,24.3,85.6
20260702T010022Z,24.3,85.8
20260702T010036Z,24.3,86.0
20260702T010052Z,24.4,86.2
20260702T010107Z,24.4,86.6
20260702T010121Z,24.5,86.6
20260702T010137Z,24.5,86.9
20260702T010152Z,24.5,87.2
20260702T010207Z,24.6,87.6
20260702T010222Z,24.6,87.8
20260702T010237Z,24.7,88.0
20260702T010252Z,24.7,88.2
20260702T010306Z,24.7,88.5
20260702T010322Z,24.8,88.9
20260702T010336Z,24.8,89.0
20260702T010352Z,24.8,89.2
20260702T010406Z,24.8,89.3
20260702T010422Z,24.9,89.7
20260702T010436Z,24.9,89.8
20260702T010452Z,24.9,90.0
20260702T010506Z,24.9,90.3
20260702T010522Z,25.0,90.4
20260702T010536Z,25.0,90.5
20260702T010551Z,25.0,90.6
20260702T010607Z,25.0,90.8
20260702T010622Z,25.1,91.1
20260702T010636Z,25.1,91.3
20260702T010652Z,25.1,91.4
20260702T010706Z,25.1,91.5
20260702T010722Z,25.1,91.7
20260702T010736Z,25.1,91.8
20260702T010752Z,25.2,92.0
20260702T010807Z,25.2,92.2
20260702T010822Z,25.2,92.2
20260702T010837Z,25.2,92.3
20260702T010852Z,25.3,92.6
20260702T010907Z,25.3,92.8
20260702T010922Z,25.3,92.8
20260702T010937Z,25.3,92.9
20260702T010952Z,25.3,93.0
20260702T011007Z,25.3,93.2
20260702T011022Z,25.3,93.2
20260702T011037Z,25.3,93.3
20260702T011052Z,25.4,93.5
20260702T011107Z,25.4,93.6
20260702T011121Z,25.4,93.6
20260702T011137Z,25.4,93.8
20260702T011153Z,25.4,94.0
20260702T011207Z,25.4,94.0
20260702T011222Z,25.4,94.1
20260702T011237Z,25.4,94.1
20260702T011252Z,25.5,94.2
20260702T011307Z,25.5,94.0
20260702T011322Z,25.5,93.6
20260702T011337Z,25.5,92.1
20260702T011352Z,25.4,91.3
20260702T011407Z,25.4,90.5
20260702T011422Z,25.4,89.4
20260702T011437Z,25.3,88.6
20260702T011452Z,25.3,88.0
20260702T011507Z,25.2,86.5
20260702T011522Z,25.2,85.9
20260702T011537Z,25.1,84.1
20260702T011552Z,25.1,83.2
20260702T011607Z,25.0,82.4
20260702T011622Z,24.9,81.5
20260702T011637Z,24.8,80.9
20260702T011652Z,24.7,80.2
20260702T011707Z,24.6,79.5
20260702T011722Z,24.4,78.9
20260702T011737Z,24.3,78.2
20260702T011752Z,24.2,78.0
20260702T011807Z,24.1,79.4
20260702T011822Z,24.1,81.5
20260702T011837Z,24.1,82.5
20260702T011852Z,24.1,84.1
20260702T011907Z,24.1,84.6
20260702T011922Z,24.2,85.1
20260702T011937Z,24.2,85.6
20260702T011952Z,24.2,85.8
20260702T012007Z,24.3,86.1
20260702T012022Z,24.3,86.2
20260702T012037Z,24.3,86.3
20260702T012052Z,24.3,86.5
20260702T012107Z,24.4,87.0
20260702T012122Z,24.4,87.2
20260702T012137Z,24.5,87.4
20260702T012152Z,24.5,87.6
20260702T012207Z,24.5,87.8
20260702T012222Z,24.6,88.0
20260702T012237Z,24.6,88.3
20260702T012252Z,24.7,88.5
20260702T012307Z,24.7,88.6
20260702T012322Z,24.7,88.7
20260702T012337Z,24.8,89.0
20260702T012352Z,24.8,89.3
20260702T012407Z,24.8,89.6
20260702T012422Z,24.9,89.9
20260702T012437Z,24.9,90.1
20260702T012452Z,24.9,90.2
20260702T012507Z,24.9,90.4
20260702T012522Z,25.0,90.6
20260702T012537Z,25.0,90.8
20260702T012552Z,25.0,90.9
20260702T012607Z,25.0,91.1
20260702T012622Z,25.1,91.3
20260702T012637Z,25.1,91.4
20260702T012652Z,25.1,91.4
20260702T012707Z,25.1,91.6
20260702T012722Z,25.1,91.9
20260702T012737Z,25.2,91.9
20260702T012752Z,25.2,92.0
20260702T012807Z,25.2,92.2
20260702T012822Z,25.2,92.3
20260702T012837Z,25.2,92.4
20260702T012852Z,25.3,92.6
20260702T012907Z,25.3,92.7
20260702T012922Z,25.3,92.9
20260702T012937Z,25.3,93.1
20260702T012952Z,25.3,93.1
20260702T013007Z,25.4,93.2
20260702T013022Z,25.4,93.4
20260702T013037Z,25.4,93.4
20260702T013052Z,25.4,93.6
20260702T013107Z,25.4,93.6
20260702T013122Z,25.4,93.8
20260702T013137Z,25.4,93.8
20260702T013152Z,25.5,94.0
20260702T013207Z,25.5,93.2
20260702T013222Z,25.5,93.1
20260702T013237Z,25.4,91.9
20260702T013252Z,25.4,91.0
20260702T013307Z,25.4,89.8
20260702T013322Z,25.4,88.9
20260702T013337Z,25.3,88.0
20260702T013352Z,25.3,86.7
20260702T013407Z,25.2,85.4
20260702T013422Z,25.1,84.6
20260702T013437Z,25.1,84.0
20260702T013452Z,25.0,83.1
20260702T013507Z,24.9,81.8
20260702T013522Z,24.7,80.7
20260702T013537Z,24.6,80.6
20260702T013552Z,24.5,80.6
20260702T013607Z,24.4,79.7
20260702T013622Z,24.3,78.9
20260702T013637Z,24.3,79.0
20260702T013652Z,24.2,78.4
20260702T013707Z,24.2,79.0
20260702T013722Z,24.1,78.4
20260702T013737Z,24.1,79.9
20260702T013752Z,24.1,81.8
20260702T013807Z,24.1,83.2
20260702T013822Z,24.2,83.8
20260702T013837Z,24.2,84.3
20260702T013852Z,24.2,84.8
20260702T013907Z,24.3,85.2
20260702T013922Z,24.3,85.3
20260702T013937Z,24.3,85.9
20260702T013952Z,24.4,86.5
20260702T014007Z,24.4,86.8
20260702T014022Z,24.5,87.0
20260702T014037Z,24.5,87.3
20260702T014052Z,24.6,87.4
20260702T014107Z,24.6,88.0
20260702T014122Z,24.7,88.1
20260702T014137Z,24.7,88.5
20260702T014152Z,24.8,88.7
20260702T014207Z,24.8,89.0
20260702T014222Z,24.8,89.2
20260702T014237Z,24.9,89.6
20260702T014253Z,24.9,90.4
20260702T014307Z,24.9,90.5
20260702T014322Z,25.0,90.6
20260702T014337Z,25.0,90.8
20260702T014352Z,25.0,91.1
20260702T014407Z,25.1,91.3
20260702T014422Z,25.1,91.9
20260702T014437Z,25.2,91.9
20260702T014452Z,25.2,92.0
20260702T014507Z,25.2,92.1
20260702T014522Z,25.2,92.2
20260702T014537Z,25.3,92.3
20260702T014552Z,25.3,92.6
20260702T014607Z,25.3,92.6
20260702T014622Z,25.4,92.7
20260702T014637Z,25.4,92.9
20260702T014652Z,25.4,93.0
20260702T014707Z,25.4,93.0
20260702T014722Z,25.4,93.2
20260702T014737Z,25.5,93.3
20260702T014752Z,25.5,93.3
20260702T014807Z,25.5,92.7
20260702T014822Z,25.5,91.7
20260702T014837Z,25.5,90.5
20260702T014852Z,25.4,90.2
20260702T014907Z,25.4,88.8
20260702T014922Z,25.4,87.9
20260702T014937Z,25.4,87.2
20260702T014952Z,25.3,86.3
20260702T015007Z,25.2,85.3
20260702T015022Z,25.2,85.0
20260702T015037Z,25.1,83.5
20260702T015052Z,25.1,83.3
20260702T015107Z,25.0,81.6
20260702T015122Z,24.9,81.0
20260702T015137Z,24.8,80.2
20260702T015152Z,24.7,79.6
20260702T015207Z,24.7,78.9
20260702T015222Z,24.6,78.3
20260702T015237Z,24.5,77.4
20260702T015252Z,24.4,76.9
20260702T015307Z,24.4,77.8
20260702T015322Z,24.3,79.6
20260702T015337Z,24.3,81.9
20260702T015352Z,24.3,83.1
20260702T015407Z,24.3,83.7
20260702T015422Z,24.4,84.2
20260702T015437Z,24.4,84.2
20260702T015452Z,24.4,84.6
20260702T015507Z,24.4,85.1
20260702T015522Z,24.4,85.2
20260702T015537Z,24.5,85.7
20260702T015552Z,24.5,85.9
20260702T015607Z,24.5,86.3
20260702T015622Z,24.6,86.5
20260702T015637Z,24.6,86.5
20260702T015652Z,24.6,86.7
20260702T015707Z,24.7,87.3
20260702T015722Z,24.7,87.7
20260702T015737Z,24.8,87.7
20260702T015752Z,24.8,88.0
20260702T015807Z,24.8,88.4
20260702T015822Z,24.9,88.5
20260702T015837Z,24.9,88.6
20260702T015852Z,24.9,88.8
20260702T015907Z,25.0,88.9
20260702T015922Z,25.0,89.2
20260702T015937Z,25.0,89.4
20260702T015952Z,25.1,89.7
20260702T020007Z,25.1,89.8
20260702T020022Z,25.1,89.9
20260702T020037Z,25.1,90.1
20260702T020052Z,25.2,90.2
20260702T020107Z,25.2,90.4
20260702T020122Z,25.2,90.4
20260702T020137Z,25.2,90.9
20260702T020152Z,25.3,91.1
20260702T020207Z,25.3,91.1
20260702T020222Z,25.3,91.3
20260702T020237Z,25.3,91.4
20260702T020252Z,25.4,91.8
20260702T020307Z,25.4,91.8
20260702T020322Z,25.4,92.4
20260702T020337Z,25.5,92.6
20260702T020352Z,25.5,92.9
20260702T020407Z,25.5,92.4
20260702T020422Z,25.5,91.6
20260702T020437Z,25.5,90.9
20260702T020452Z,25.5,90.3
20260702T020507Z,25.5,90.4
20260702T020522Z,25.5,89.2
20260702T020537Z,25.4,88.1
20260702T020552Z,25.4,87.4
20260702T020607Z,25.3,86.3
20260702T020622Z,25.3,86.1
20260702T020637Z,25.2,85.5
20260702T020652Z,25.2,83.9
20260702T020707Z,25.1,83.0
20260702T020722Z,25.0,82.2
20260702T020737Z,24.9,81.3
20260702T020752Z,24.8,80.9
20260702T020807Z,24.7,80.1
20260702T020822Z,24.6,79.7
20260702T020837Z,24.5,79.4
20260702T020852Z,24.4,79.1
20260702T020907Z,24.3,78.5
20260702T020922Z,24.3,78.3
20260702T020937Z,24.2,77.5
20260702T020952Z,24.1,76.5
20260702T021007Z,24.0,77.6
20260702T021022Z,24.0,79.3
20260702T021037Z,24.0,80.6
20260702T021052Z,24.1,82.2
20260702T021107Z,24.1,82.8
20260702T021122Z,24.1,83.6
20260702T021137Z,24.1,84.0
20260702T021152Z,24.1,84.2
20260702T021207Z,24.2,84.4
20260702T021222Z,24.2,84.8
20260702T021237Z,24.3,84.9
20260702T021252Z,24.3,85.3
20260702T021307Z,24.3,85.3
20260702T021322Z,24.4,85.5
20260702T021337Z,24.4,86.0
20260702T021352Z,24.5,86.1
20260702T021407Z,24.5,87.1
20260702T021422Z,24.6,87.1
20260702T021437Z,24.6,87.1
20260702T021452Z,24.7,88.3
20260702T021507Z,24.7,88.6
20260702T021522Z,24.7,88.6
20260702T021537Z,24.8,88.7
20260702T021552Z,24.8,89.6
20260702T021607Z,24.8,89.8
20260702T021622Z,24.9,89.8
20260702T021637Z,24.9,89.9
20260702T021652Z,24.9,90.0
20260702T021707Z,25.0,90.2
20260702T021722Z,25.0,90.3
20260702T021737Z,25.0,90.6
20260702T021752Z,25.1,90.6
20260702T021807Z,25.1,90.9
20260702T021822Z,25.1,91.1
20260702T021837Z,25.1,91.0
20260702T021852Z,25.1,91.4
20260702T021907Z,25.2,91.6
20260702T021922Z,25.2,91.8
20260702T021937Z,25.2,92.3
20260702T021952Z,25.3,92.8
20260702T022007Z,25.3,92.8
20260702T022022Z,25.3,93.0
20260702T022037Z,25.3,92.9
20260702T022052Z,25.4,92.6
20260702T022107Z,25.4,91.2
20260702T022122Z,25.4,90.4
20260702T022137Z,25.4,89.8
20260702T022153Z,25.3,88.6
20260702T022208Z,25.3,87.3
20260702T022222Z,25.2,86.7
20260702T022237Z,25.2,86.1
20260702T022252Z,25.1,85.3
20260702T022307Z,25.0,84.0
20260702T022322Z,24.9,82.7
20260702T022337Z,24.8,82.3
20260702T022352Z,24.7,80.7
20260702T022407Z,24.6,80.5
20260702T022422Z,24.5,80.1
20260702T022437Z,24.4,79.5
20260702T022452Z,24.3,79.0
20260702T022507Z,24.2,78.6
20260702T022522Z,24.1,78.1
20260702T022537Z,24.1,77.1
20260702T022552Z,24.0,77.8
20260702T022607Z,24.0,79.4
20260702T022622Z,24.0,81.1
20260702T022637Z,24.0,82.9
20260702T022652Z,24.0,83.7
20260702T022707Z,24.1,84.1
20260702T022722Z,24.1,84.2
20260702T022737Z,24.2,84.8
20260702T022752Z,24.2,85.0
20260702T022807Z,24.2,85.4
20260702T022822Z,24.3,85.8
20260702T022837Z,24.3,86.0
20260702T022852Z,24.4,86.1
20260702T022907Z,24.4,86.7
20260702T022922Z,24.5,86.8
20260702T022937Z,24.5,86.9
20260702T022952Z,24.6,87.1
20260702T023007Z,24.6,87.3
20260702T023022Z,24.7,87.5
20260702T023037Z,24.7,87.6
20260702T023052Z,24.7,87.9
20260702T023107Z,24.8,88.1
20260702T023122Z,24.8,88.3
20260702T023137Z,24.9,88.7
20260702T023152Z,24.9,88.9
20260702T023207Z,24.9,89.2
20260702T023222Z,25.0,89.3
20260702T023237Z,25.0,89.4
20260702T023252Z,25.0,89.6
20260702T023307Z,25.1,89.8
20260702T023322Z,25.1,90.2
20260702T023337Z,25.1,90.3
20260702T023352Z,25.1,90.5
20260702T023407Z,25.2,90.7
20260702T023422Z,25.2,91.6
20260702T023437Z,25.2,91.9
20260702T023452Z,25.3,92.2
20260702T023507Z,25.3,92.3
20260702T023522Z,25.3,92.3
20260702T023537Z,25.4,92.3
20260702T023552Z,25.4,92.5
20260702T023607Z,25.4,92.7
20260702T023622Z,25.4,91.9
20260702T023637Z,25.4,91.2
20260702T023652Z,25.4,89.9
20260702T023707Z,25.4,89.7
20260702T023722Z,25.4,89.2
20260702T023737Z,25.4,88.2
20260702T023752Z,25.4,87.5
20260702T023807Z,25.3,86.3
20260702T023822Z,25.3,85.2
20260702T023837Z,25.2,84.9
20260702T023852Z,25.2,83.2
20260702T023907Z,25.1,82.5
20260702T023922Z,25.1,81.5
20260702T023937Z,25.0,80.3
20260702T023952Z,24.9,80.1
20260702T024007Z,24.8,79.8
20260702T024022Z,24.7,78.5
20260702T024037Z,24.6,78.4
20260702T024052Z,24.6,77.6
20260702T024107Z,24.5,76.9
20260702T024122Z,24.4,76.3
20260702T024137Z,24.4,75.7
20260702T024152Z,24.3,75.0
20260702T024207Z,24.2,74.5
20260702T024222Z,24.2,74.9
20260702T024237Z,24.1,76.0
20260702T024252Z,24.1,77.8
20260702T024307Z,24.2,79.2
20260702T024322Z,24.2,80.3
20260702T024337Z,24.2,81.4
20260702T024352Z,24.3,81.7
20260702T024407Z,24.3,82.2
20260702T024422Z,24.3,82.5
20260702T024437Z,24.4,82.7
20260702T024452Z,24.4,83.3
20260702T024507Z,24.4,83.5
20260702T024522Z,24.5,84.0
20260702T024537Z,24.5,84.4
20260702T024552Z,24.5,85.1
20260702T024607Z,24.6,85.2
20260702T024622Z,24.6,85.7
20260702T024637Z,24.6,86.1
20260702T024652Z,24.7,86.1
20260702T024707Z,24.7,86.7
20260702T024722Z,24.8,87.0
20260702T024737Z,24.8,87.3
20260702T024752Z,24.8,87.6
20260702T024807Z,24.9,87.8
20260702T024822Z,24.9,88.2
20260702T024837Z,25.0,88.2
20260702T024852Z,25.0,88.5
20260702T024907Z,25.0,88.8
20260702T024922Z,25.1,89.1
20260702T024937Z,25.1,89.4
20260702T024952Z,25.1,89.7
20260702T025007Z,25.2,89.9
20260702T025022Z,25.2,89.9
20260702T025037Z,25.2,90.2
20260702T025052Z,25.3,90.4
20260702T025107Z,25.3,90.4
20260702T025122Z,25.3,90.7
20260702T025137Z,25.3,90.8
20260702T025152Z,25.4,91.0
20260702T025207Z,25.4,91.4
20260702T025222Z,25.4,91.0
20260702T025237Z,25.4,90.8
20260702T025252Z,25.4,88.7
20260702T025307Z,25.4,88.2
20260702T025322Z,25.4,88.0
20260702T025337Z,25.4,87.2
20260702T025352Z,25.4,86.3
20260702T025407Z,25.3,85.6
20260702T025422Z,25.3,84.6
20260702T025437Z,25.3,83.3
20260702T025452Z,25.3,83.0
20260702T025507Z,25.2,82.5
20260702T025522Z,25.2,81.3
20260702T025537Z,25.2,81.4
20260702T025552Z,25.2,82.5
20260702T025607Z,25.2,84.2
20260702T025622Z,25.1,85.1
20260702T025637Z,25.1,85.6
20260702T025652Z,25.1,86.0
20260702T025707Z,25.1,86.4
20260702T025722Z,25.1,86.7
20260702T025737Z,25.1,87.0
20260702T025752Z,25.2,87.4
20260702T025807Z,25.2,87.8
20260702T025822Z,25.2,88.1
20260702T025837Z,25.2,88.4
20260702T025852Z,25.2,88.6
20260702T025907Z,25.3,89.0
20260702T025922Z,25.3,89.0
20260702T025937Z,25.3,89.3
20260702T025952Z,25.4,89.6
20260702T030007Z,25.4,89.9
20260702T030022Z,25.4,90.1
20260702T030037Z,25.4,90.3
20260702T030052Z,25.5,90.5
20260702T030107Z,25.5,90.4
20260702T030122Z,25.5,91.7
20260702T030137Z,25.6,91.9
20260702T030152Z,25.6,92.4
20260702T030207Z,25.7,92.4
20260702T030222Z,25.7,92.7
20260702T030237Z,25.7,92.7
20260702T030252Z,25.8,92.7
20260702T030307Z,25.8,92.7
20260702T030322Z,25.8,92.8
20260702T030337Z,25.8,93.0
20260702T030352Z,25.8,93.0
20260702T030407Z,25.9,93.2
20260702T030422Z,25.9,93.3
20260702T030437Z,25.9,93.4
20260702T030452Z,25.9,93.5
20260702T030507Z,25.9,93.6
20260702T030522Z,25.9,93.6
20260702T030537Z,25.9,93.8
20260702T030552Z,25.9,94.0
20260702T030607Z,25.9,94.0
20260702T030622Z,26.0,94.1
20260702T030637Z,26.0,94.2
20260702T030652Z,26.0,94.2
20260702T030707Z,26.0,94.4
20260702T030722Z,26.0,94.5
20260702T030737Z,26.0,94.5
20260702T030752Z,26.0,94.7
20260702T030807Z,26.0,94.7
20260702T030822Z,26.0,94.8
20260702T030837Z,26.1,94.9
20260702T030852Z,26.1,94.9
20260702T030907Z,26.1,95.1
20260702T030922Z,26.1,95.0
20260702T030937Z,26.1,95.2
20260702T030952Z,26.1,95.2
20260702T031007Z,26.1,95.2
20260702T031022Z,26.1,95.2
20260702T031037Z,26.1,95.3
20260702T031052Z,26.2,95.3
20260702T031107Z,26.2,95.5
20260702T031122Z,26.2,95.5
20260702T031137Z,26.2,95.4
20260702T031152Z,26.2,95.6
20260702T031207Z,26.2,95.6
20260702T031222Z,26.2,95.7
20260702T031237Z,26.2,95.8
20260702T031252Z,26.2,95.7
20260702T031307Z,26.2,95.7
20260702T031322Z,26.3,95.9
20260702T031337Z,26.3,95.9
20260702T031353Z,26.3,95.9
20260702T031408Z,26.3,96.0
20260702T031422Z,26.3,96.0
20260702T031437Z,26.3,96.0
20260702T031453Z,26.3,96.1
20260702T031508Z,26.3,96.1
20260702T031522Z,26.3,96.1
20260702T031537Z,26.3,96.1
20260702T031553Z,26.3,96.2
20260702T031608Z,26.4,95.5
20260702T031622Z,26.3,93.7
20260702T031637Z,26.3,92.6
20260702T031652Z,26.2,92.6
20260702T031707Z,26.2,92.6
20260702T031722Z,26.2,91.2
20260702T031737Z,26.1,90.7
20260702T031752Z,26.1,89.7
20260702T031807Z,26.0,88.8
20260702T031822Z,26.0,87.7
20260702T031837Z,25.9,86.6
20260702T031852Z,25.8,86.2
20260702T031907Z,25.8,85.8
20260702T031922Z,25.7,84.8
20260702T031937Z,25.6,84.1
20260702T031952Z,25.6,83.7
20260702T032007Z,25.5,83.7
20260702T032022Z,25.4,83.1
20260702T032037Z,25.4,82.0
20260702T032052Z,25.4,81.1
20260702T032107Z,25.3,80.4
20260702T032122Z,25.2,79.6
20260702T032137Z,25.2,78.9
20260702T032152Z,25.1,80.5
20260702T032207Z,25.1,82.3
20260702T032222Z,25.1,83.9
20260702T032237Z,25.0,84.7
20260702T032252Z,25.1,85.3
20260702T032307Z,25.1,85.6
20260702T032322Z,25.1,85.9
20260702T032337Z,25.1,86.8
20260702T032352Z,25.2,86.8
20260702T032407Z,25.2,87.3
20260702T032422Z,25.2,87.9
20260702T032437Z,25.2,88.0
20260702T032452Z,25.3,88.3
20260702T032507Z,25.3,88.7
20260702T032522Z,25.4,89.0
20260702T032537Z,25.4,89.2
20260702T032552Z,25.4,89.4
20260702T032607Z,25.5,89.8
20260702T032622Z,25.5,90.0
20260702T032637Z,25.5,90.4
20260702T032653Z,25.6,90.5
20260702T032708Z,25.6,90.6
20260702T032722Z,25.6,90.9
20260702T032737Z,25.7,91.1
20260702T032753Z,25.7,91.3
20260702T032808Z,25.7,91.5
20260702T032822Z,25.7,91.6
20260702T032837Z,25.8,91.9
20260702T032852Z,25.8,92.0
20260702T032907Z,25.8,92.3
20260702T032922Z,25.8,92.5
20260702T032937Z,25.9,92.5
20260702T032952Z,25.9,92.8
20260702T033007Z,25.9,92.8
20260702T033022Z,25.9,92.9
20260702T033037Z,26.0,93.0
20260702T033052Z,26.0,93.2
20260702T033107Z,26.0,93.4
20260702T033122Z,26.0,93.4
20260702T033137Z,26.1,93.6
20260702T033152Z,26.1,93.8
20260702T033207Z,26.1,93.8
20260702T033222Z,26.1,93.9
20260702T033237Z,26.1,93.9
20260702T033252Z,26.2,94.1
20260702T033307Z,26.2,94.2
20260702T033322Z,26.2,94.3
20260702T033337Z,26.2,94.4
20260702T033352Z,26.2,94.5
20260702T033407Z,26.3,94.6
20260702T033422Z,26.2,94.7
20260702T033437Z,26.3,94.8
20260702T033452Z,26.3,94.8
20260702T033507Z,26.3,95.0
20260702T033522Z,26.3,95.0
20260702T033537Z,26.4,95.2
20260702T033552Z,26.4,94.8
20260702T033607Z,26.4,94.6
20260702T033622Z,26.4,93.4
20260702T033637Z,26.4,91.8
20260702T033652Z,26.3,91.4
20260702T033707Z,26.3,90.9
20260702T033722Z,26.3,89.6
20260702T033737Z,26.2,89.0
20260702T033752Z,26.2,88.3
20260702T033807Z,26.1,87.6
20260702T033822Z,26.0,87.1
20260702T033837Z,26.0,86.0
20260702T033852Z,25.9,85.4
20260702T033907Z,25.9,84.1
20260702T033922Z,25.8,83.9
20260702T033937Z,25.7,83.3
20260702T033952Z,25.7,82.7
20260702T034007Z,25.6,82.3
20260702T034022Z,25.5,81.7
20260702T034037Z,25.5,80.7
20260702T034052Z,25.4,80.7
20260702T034107Z,25.4,79.3
20260702T034122Z,25.3,78.7
20260702T034137Z,25.2,78.0
20260702T034152Z,25.2,77.5
20260702T034207Z,25.1,79.1
20260702T034222Z,25.1,80.8
20260702T034237Z,25.1,82.9
20260702T034252Z,25.1,83.8
20260702T034307Z,25.1,84.1
20260702T034322Z,25.1,84.3
20260702T034337Z,25.1,84.9
20260702T034352Z,25.2,85.4
20260702T034407Z,25.2,85.7
20260702T034422Z,25.2,86.2
20260702T034437Z,25.2,86.7
20260702T034453Z,25.3,87.1
20260702T034508Z,25.3,87.4
20260702T034522Z,25.4,87.6
20260702T034537Z,25.4,87.9
20260702T034552Z,25.5,88.3
20260702T034607Z,25.5,88.5
20260702T034622Z,25.5,88.8
20260702T034637Z,25.6,89.0
20260702T034652Z,25.6,89.2
20260702T034707Z,25.7,89.5
20260702T034722Z,25.7,89.8
20260702T034737Z,25.7,90.1
20260702T034752Z,25.8,90.2
20260702T034807Z,25.8,90.3
20260702T034822Z,25.8,90.5
20260702T034837Z,25.9,90.7
20260702T034852Z,25.9,91.1
20260702T034907Z,26.0,91.2
20260702T034922Z,26.0,91.3
20260702T034937Z,26.0,91.5
20260702T034952Z,26.0,91.7
20260702T035007Z,26.0,91.6
20260702T035022Z,26.1,91.9
20260702T035037Z,26.1,92.2
20260702T035052Z,26.1,92.3
20260702T035107Z,26.1,92.6
20260702T035122Z,26.2,92.7
20260702T035137Z,26.2,92.8
20260702T035152Z,26.2,92.8
20260702T035207Z,26.2,93.1
20260702T035222Z,26.3,93.2
20260702T035237Z,26.3,93.3
20260702T035252Z,26.3,93.5
20260702T035307Z,26.3,93.6
20260702T035322Z,26.3,93.7
20260702T035337Z,26.4,93.8
20260702T035352Z,26.4,92.9
20260702T035407Z,26.4,92.5
20260702T035422Z,26.4,90.1
20260702T035437Z,26.3,90.2
20260702T035452Z,26.3,89.7
20260702T035507Z,26.2,88.8
20260702T035522Z,26.2,88.3
20260702T035537Z,26.2,87.6
20260702T035552Z,26.1,86.3
20260702T035607Z,26.1,85.5
20260702T035622Z,26.0,84.8
20260702T035637Z,25.9,84.3
20260702T035652Z,25.9,83.1
20260702T035707Z,25.8,82.8
20260702T035722Z,25.8,81.8
20260702T035738Z,25.7,80.7
20260702T035752Z,25.6,80.0
20260702T035808Z,25.5,79.7
20260702T035822Z,25.4,78.8
20260702T035837Z,25.3,78.1
20260702T035852Z,25.2,78.0
20260702T035907Z,25.1,77.7
20260702T035922Z,25.1,77.2
20260702T035937Z,25.0,76.3
20260702T035952Z,25.0,76.7
20260702T040007Z,24.9,78.6
20260702T040022Z,24.9,80.3
20260702T040037Z,24.9,82.0
20260702T040052Z,24.9,82.6
20260702T040107Z,25.0,83.1
20260702T040122Z,25.0,83.5
20260702T040152Z,25.1,84.3
20260702T040207Z,25.1,84.6
20260702T040222Z,25.2,85.0
20260702T040237Z,25.2,85.4
20260702T040252Z,25.3,85.7
20260702T040307Z,25.3,85.9
20260702T040322Z,25.4,86.3
20260702T040338Z,25.4,86.6
20260702T040352Z,25.5,86.8
20260702T040408Z,25.5,87.4
20260702T040423Z,25.5,87.7
20260702T040437Z,25.6,87.8
20260702T040452Z,25.6,88.0
20260702T040507Z,25.6,88.3
20260702T040522Z,25.7,88.5
20260702T040537Z,25.7,88.8
20260702T040552Z,25.8,89.1
20260702T040607Z,25.8,89.2
20260702T040622Z,25.8,89.4
20260702T040637Z,25.9,89.6
20260702T040653Z,25.9,89.7
20260702T040708Z,25.9,90.0
20260702T040723Z,26.0,90.3
20260702T040738Z,26.0,90.5
20260702T040752Z,26.0,90.9
20260702T040807Z,26.0,90.8
20260702T040823Z,26.1,91.1
20260702T040837Z,26.1,91.2
20260702T040853Z,26.1,91.5
20260702T040908Z,26.1,91.6
20260702T040922Z,26.2,91.8
20260702T040938Z,26.2,91.9
20260702T040952Z,26.2,91.9
20260702T041008Z,26.2,92.2
20260702T041022Z,26.3,92.3
20260702T041037Z,26.3,92.4
20260702T041053Z,26.3,92.4
20260702T041107Z,26.3,92.7
20260702T041123Z,26.3,92.7
20260702T041137Z,26.4,92.8
20260702T041153Z,26.4,93.0
20260702T041207Z,26.4,92.6
20260702T041223Z,26.4,92.3
20260702T041237Z,26.4,89.8
20260702T041253Z,26.4,89.7
20260702T041307Z,26.3,89.0
20260702T041323Z,26.3,88.3
20260702T041338Z,26.2,87.3
20260702T041353Z,26.2,86.4
20260702T041408Z,26.1,85.7
20260702T041422Z,26.1,85.0
20260702T041438Z,26.0,84.5
20260702T041452Z,26.0,83.4
20260702T041508Z,25.9,82.5
20260702T041522Z,25.9,81.9
20260702T041538Z,25.8,81.6
20260702T041552Z,25.7,80.1
20260702T041608Z,25.6,79.8
20260702T041622Z,25.5,78.8
20260702T041638Z,25.4,78.2
20260702T041652Z,25.3,78.0
20260702T041708Z,25.2,78.1
20260702T041722Z,25.2,77.6
20260702T041738Z,25.1,77.6
20260702T041753Z,25.1,76.5
20260702T041808Z,25.0,75.9
20260702T041822Z,25.0,75.5
20260702T041838Z,24.9,77.1
20260702T041852Z,24.9,79.2
20260702T041908Z,24.9,80.7
20260702T041923Z,25.0,81.5
20260702T041937Z,25.0,81.7
20260702T041952Z,25.0,82.4
20260702T042007Z,25.1,82.6
20260702T042023Z,25.1,82.9
20260702T042037Z,25.1,83.3
20260702T042052Z,25.2,84.0
20260702T042108Z,25.2,84.3
20260702T042122Z,25.2,84.6
20260702T042138Z,25.3,84.8
20260702T042152Z,25.3,85.4
20260702T042208Z,25.4,85.8
20260702T042223Z,25.4,86.1
20260702T042237Z,25.5,86.5
20260702T042253Z,25.5,86.5
20260702T042307Z,25.5,86.9
20260702T042323Z,25.6,87.1
20260702T042337Z,25.6,87.3
20260702T042353Z,25.6,87.5
20260702T042407Z,25.7,87.9
20260702T042423Z,25.7,88.2
20260702T042437Z,25.7,88.5
20260702T042453Z,25.8,88.6
20260702T042507Z,25.8,88.8
20260702T042523Z,25.8,89.2
20260702T042537Z,25.8,89.5
20260702T042553Z,25.9,89.7
20260702T042607Z,25.9,89.8
20260702T042623Z,25.9,90.2
20260702T042637Z,25.9,90.5
20260702T042653Z,26.0,90.8
20260702T042707Z,26.0,91.0
20260702T042722Z,26.0,91.2
20260702T042738Z,26.0,91.3
20260702T042752Z,26.1,91.6
20260702T042808Z,26.1,91.7
20260702T042822Z,26.1,91.9
20260702T042838Z,26.2,92.0
20260702T042852Z,26.2,92.2
20260702T042908Z,26.2,92.2
20260702T042922Z,26.2,92.6
20260702T042938Z,26.3,92.5
20260702T042952Z,26.3,92.8
20260702T043008Z,26.3,92.8
20260702T043022Z,26.3,93.1
20260702T043038Z,26.3,92.2
20260702T043052Z,26.3,91.2
20260702T043108Z,26.2,89.9
20260702T043122Z,26.2,89.7
20260702T043138Z,26.2,88.8
20260702T043153Z,26.1,88.1
20260702T043207Z,26.1,87.0
20260702T043223Z,26.0,86.4
20260702T043237Z,26.0,85.2
20260702T043253Z,25.9,84.3
20260702T043308Z,25.8,83.7
20260702T043322Z,25.8,82.6
20260702T043338Z,25.7,82.0
20260702T043352Z,25.6,81.3
20260702T043408Z,25.5,80.8
20260702T043422Z,25.4,79.6
20260702T043438Z,25.3,79.2
20260702T043452Z,25.3,79.4
20260702T043508Z,25.2,78.3
20260702T043522Z,25.1,78.3
20260702T043538Z,25.0,77.2
20260702T043552Z,25.0,76.8
20260702T043608Z,24.9,76.8
20260702T043622Z,24.9,78.3
20260702T043638Z,24.9,80.1
20260702T043652Z,24.9,80.9
20260702T043708Z,24.9,82.4
20260702T043722Z,25.0,83.2
20260702T043738Z,25.0,84.2
20260702T043753Z,25.0,84.4
20260702T043808Z,25.1,84.6
20260702T043822Z,25.1,85.3
20260702T043838Z,25.1,85.6
20260702T043852Z,25.2,86.2
20260702T043908Z,25.2,86.8
20260702T043923Z,25.3,87.3
20260702T043937Z,25.3,88.1
20260702T043952Z,25.4,88.3
20260702T044008Z,25.5,88.8
20260702T044022Z,25.5,88.7
20260702T044038Z,25.5,88.9
20260702T044052Z,25.6,89.1
20260702T044108Z,25.6,89.1
20260702T044122Z,25.7,89.4
20260702T044138Z,25.7,89.7
20260702T044152Z,25.7,89.9
20260702T044208Z,25.7,90.2
20260702T044223Z,25.8,90.3
20260702T044237Z,25.8,90.5
20260702T044253Z,25.8,90.6
20260702T044307Z,25.8,90.8
20260702T044323Z,25.8,90.9
20260702T044337Z,25.9,91.3
20260702T044353Z,25.9,91.5
20260702T044407Z,25.9,91.4
20260702T044423Z,25.9,91.6
20260702T044438Z,25.9,91.9
20260702T044452Z,26.0,92.0
20260702T044508Z,26.0,92.2
20260702T044522Z,26.0,92.4
20260702T044537Z,26.0,92.4
20260702T044552Z,26.0,92.6
20260702T044607Z,26.0,92.7
20260702T044622Z,26.1,92.8
20260702T044638Z,26.1,93.0
20260702T044652Z,26.1,93.1
20260702T044708Z,26.1,93.2
20260702T044722Z,26.1,93.4
20260702T044738Z,26.1,93.5
20260702T044752Z,26.1,93.6
20260702T044808Z,26.2,93.7
20260702T044822Z,26.2,93.8
20260702T044838Z,26.2,94.0
20260702T044852Z,26.2,94.0
20260702T044907Z,26.2,94.0
20260702T044923Z,26.2,94.2
20260702T044937Z,26.2,94.3
20260702T044953Z,26.2,94.5
20260702T045007Z,26.3,94.4
20260702T045023Z,26.3,94.5
20260702T045037Z,26.3,94.6
20260702T045051Z,26.3,94.7
20260702T045107Z,26.3,94.8
20260702T045123Z,26.3,94.9
20260702T045137Z,26.3,94.8
20260702T045152Z,26.3,94.3
20260702T045207Z,26.3,92.5
20260702T045223Z,26.3,91.7
20260702T045238Z,26.3,91.4
20260702T045252Z,26.2,90.6
20260702T045308Z,26.2,89.4
20260702T045322Z,26.1,88.6
20260702T045338Z,26.1,87.6
20260702T045352Z,26.0,86.5
20260702T045408Z,25.9,85.2
20260702T045422Z,25.8,84.5
20260702T045438Z,25.7,83.6
20260702T045452Z,25.6,83.0
20260702T045508Z,25.5,82.5
20260702T045522Z,25.4,81.7
20260702T045538Z,25.3,81.5
20260702T045552Z,25.2,80.4
20260702T045608Z,25.1,79.8
20260702T045622Z,25.0,79.2
20260702T045638Z,24.9,79.3
20260702T045652Z,24.8,81.2
20260702T045708Z,24.8,83.1
20260702T045722Z,24.9,84.4
20260702T045738Z,24.9,85.9
20260702T045752Z,24.9,86.2
20260702T045807Z,25.0,86.5
20260702T045823Z,25.0,86.6
20260702T045837Z,25.0,86.9
20260702T045853Z,25.1,87.1
20260702T045908Z,25.1,87.2
20260702T045923Z,25.1,87.4
20260702T045938Z,25.2,87.8
20260702T045952Z,25.2,88.2
20260702T050008Z,25.3,88.4
20260702T050023Z,25.3,88.6
20260702T050038Z,25.4,88.6
20260702T050052Z,25.4,89.0
20260702T050108Z,25.4,89.3
20260702T050122Z,25.4,89.5
20260702T050138Z,25.5,89.7
20260702T050153Z,25.5,89.9
20260702T050207Z,25.5,90.3
20260702T050223Z,25.6,90.4
20260702T050237Z,25.6,90.6
20260702T050253Z,25.6,90.7
20260702T050307Z,25.7,91.1
20260702T050323Z,25.7,91.1
20260702T050337Z,25.7,91.1
20260702T050353Z,25.7,91.4
20260702T050408Z,25.8,91.6
20260702T050423Z,25.8,91.8
20260702T050438Z,25.8,92.0
20260702T050453Z,25.8,92.0
20260702T050508Z,25.8,92.3
20260702T050523Z,25.9,92.4
20260702T050538Z,25.9,92.6
20260702T050553Z,25.9,92.6
20260702T050608Z,25.9,92.8
20260702T050623Z,26.0,92.9
20260702T050638Z,26.0,93.1
20260702T050653Z,26.0,93.2
20260702T050708Z,26.0,93.2
20260702T050723Z,26.0,93.4
20260702T050738Z,26.1,93.7
20260702T050753Z,26.1,93.8
20260702T050808Z,26.1,93.7
20260702T050823Z,26.1,93.9
20260702T050838Z,26.1,93.9
20260702T050853Z,26.2,94.2
20260702T050909Z,26.2,94.1
20260702T050923Z,26.2,94.3
20260702T050938Z,26.2,94.4
20260702T050953Z,26.2,94.3
20260702T051008Z,26.2,94.5
20260702T051023Z,26.2,94.6
20260702T051038Z,26.3,94.6
20260702T051053Z,26.3,94.8
20260702T051108Z,26.3,94.9
20260702T051123Z,26.3,95.2
20260702T051138Z,26.3,94.5
20260702T051153Z,26.3,94.2
20260702T051208Z,26.3,92.5
20260702T051223Z,26.3,92.0
20260702T051238Z,26.3,91.9
20260702T051253Z,26.2,91.0
20260702T051308Z,26.2,89.8
20260702T051323Z,26.2,88.8
20260702T051338Z,26.1,88.0
20260702T051353Z,26.1,87.3
20260702T051408Z,26.0,88.5
20260702T051423Z,26.0,86.3
20260702T051438Z,25.9,85.4
20260702T051453Z,25.9,85.2
20260702T051508Z,25.8,83.4
20260702T051523Z,25.8,82.4
20260702T051538Z,25.7,83.4
20260702T051553Z,25.6,83.0
20260702T051608Z,25.6,81.5
20260702T051623Z,25.5,80.7
20260702T051638Z,25.5,80.2
20260702T051653Z,25.4,79.3
20260702T051708Z,25.3,80.0
20260702T051723Z,25.3,80.1
20260702T051738Z,25.2,79.0
20260702T051753Z,25.2,78.1
20260702T051808Z,25.1,77.1
20260702T051823Z,25.0,77.9
20260702T051838Z,25.0,79.9
20260702T051853Z,25.0,81.7
20260702T051908Z,25.0,83.1
20260702T051923Z,25.0,83.8
20260702T051938Z,25.1,84.5
20260702T051953Z,25.1,84.8
20260702T052008Z,25.1,85.4
20260702T052023Z,25.2,85.5
20260702T052038Z,25.2,85.6
20260702T052053Z,25.2,85.9
20260702T052108Z,25.2,86.0
20260702T052123Z,25.3,86.6
20260702T052138Z,25.3,87.0
20260702T052153Z,25.3,87.3
20260702T052208Z,25.4,87.4
20260702T052223Z,25.4,87.6
20260702T052238Z,25.4,88.1
20260702T052253Z,25.5,88.3
20260702T052308Z,25.5,88.3
20260702T052323Z,25.5,88.8
20260702T052338Z,25.6,89.0
20260702T052353Z,25.6,89.2
20260702T052408Z,25.6,89.4
20260702T052423Z,25.6,89.6
20260702T052438Z,25.7,89.8
20260702T052453Z,25.7,90.1
20260702T052508Z,25.7,90.1
20260702T052523Z,25.7,90.3
20260702T052538Z,25.8,90.4
20260702T052553Z,25.8,90.7
20260702T052608Z,25.8,90.9
20260702T052623Z,25.8,91.1
20260702T052638Z,25.8,91.3
20260702T052653Z,25.8,91.6
20260702T052708Z,25.9,91.7
20260702T052723Z,25.9,91.8
20260702T052738Z,25.9,92.1
20260702T052753Z,25.9,92.3
20260702T052808Z,25.9,92.4
20260702T052823Z,25.9,92.5
20260702T052838Z,25.9,92.6
20260702T052853Z,26.0,92.7
20260702T052908Z,25.9,93.0
20260702T052923Z,26.0,93.1
20260702T052938Z,26.0,93.3
20260702T052953Z,26.0,93.3
20260702T053008Z,26.0,93.5
20260702T053023Z,26.0,93.5
20260702T053038Z,26.0,93.7
20260702T053053Z,26.1,93.7
20260702T053108Z,26.1,93.7
20260702T053123Z,26.1,94.2
20260702T053138Z,26.1,94.1
20260702T053153Z,26.1,94.1
20260702T053208Z,26.1,94.3
20260702T053223Z,26.1,94.4
20260702T053238Z,26.2,94.4
20260702T053253Z,26.2,94.4
20260702T053308Z,26.2,94.4
20260702T053323Z,26.2,94.7
20260702T053338Z,26.2,94.8
20260702T053353Z,26.2,94.8
20260702T053408Z,26.2,94.9
20260702T053423Z,26.2,95.0
20260702T053438Z,26.3,95.0
20260702T053453Z,26.3,95.0
20260702T053508Z,26.3,95.1
20260702T053523Z,26.3,95.1
20260702T053538Z,26.3,95.1
20260702T053553Z,26.3,95.2
20260702T053608Z,26.3,95.4
20260702T053623Z,26.3,95.4
20260702T053638Z,26.3,95.4
20260702T053653Z,26.4,95.4
20260702T053708Z,26.4,95.5
20260702T053723Z,26.4,95.5
20260702T053738Z,26.4,95.5
20260702T053753Z,26.4,95.6
20260702T053808Z,26.4,95.6
20260702T053823Z,26.4,95.7
20260702T053838Z,26.4,94.8
20260702T053853Z,26.4,93.8
20260702T053908Z,26.4,92.8
20260702T053923Z,26.3,92.3
20260702T053938Z,26.3,91.7
20260702T053953Z,26.3,90.7
20260702T054008Z,26.2,89.5
20260702T054023Z,26.2,88.7
20260702T054038Z,26.1,87.3
20260702T054053Z,26.0,86.0
20260702T054108Z,25.9,86.0
20260702T054123Z,25.8,84.6
20260702T054138Z,25.7,84.0
20260702T054153Z,25.6,83.3
20260702T054208Z,25.5,82.1
20260702T054223Z,25.4,81.7
20260702T054238Z,25.3,81.3
20260702T054253Z,25.2,81.0
20260702T054308Z,25.2,80.2
20260702T054323Z,25.1,81.9
20260702T054338Z,25.1,83.3
20260702T054353Z,25.1,85.1
20260702T054408Z,25.1,85.8
20260702T054423Z,25.1,86.2
20260702T054438Z,25.1,86.6
20260702T054453Z,25.1,87.0
20260702T054508Z,25.2,87.3
20260702T054523Z,25.2,87.4
20260702T054538Z,25.2,87.8
20260702T054553Z,25.2,87.9
20260702T054608Z,25.3,88.4
20260702T054623Z,25.3,88.6
20260702T054638Z,25.3,88.7
20260702T054653Z,25.4,89.1
20260702T054708Z,25.4,89.2
20260702T054723Z,25.4,89.2
20260702T054738Z,25.5,89.4
20260702T054753Z,25.5,89.5
20260702T054808Z,25.5,89.6
20260702T054823Z,25.6,89.8
20260702T054838Z,25.6,90.1
20260702T054853Z,25.6,90.2
20260702T054908Z,25.6,90.4
20260702T054923Z,25.7,90.4
20260702T054938Z,25.7,90.6
20260702T054953Z,25.7,91.0
20260702T055008Z,25.7,91.1
20260702T055023Z,25.8,91.0
20260702T055038Z,25.8,91.2
20260702T055053Z,25.8,91.5
20260702T055108Z,25.8,91.8
20260702T055123Z,25.8,91.7
20260702T055138Z,25.9,92.0
20260702T055153Z,25.9,92.1
20260702T055208Z,25.9,92.1
20260702T055223Z,25.9,92.2
20260702T055238Z,25.9,92.5
20260702T055253Z,26.0,92.5
20260702T055308Z,26.0,92.8
20260702T055323Z,26.0,92.8
20260702T055338Z,26.0,92.8
20260702T055353Z,26.0,92.9
20260702T055408Z,26.0,93.1
20260702T055423Z,26.1,93.3
20260702T055438Z,26.1,93.3
20260702T055453Z,26.1,93.3
20260702T055508Z,26.1,93.5
20260702T055523Z,26.1,93.4
20260702T055538Z,26.1,93.5
20260702T055553Z,26.2,93.7
20260702T055608Z,26.2,93.8
20260702T055623Z,26.2,93.8
20260702T055638Z,26.2,93.9
20260702T055653Z,26.2,94.0
20260702T055708Z,26.2,94.1
20260702T055723Z,26.2,94.0
20260702T055738Z,26.3,94.2
20260702T055753Z,26.3,94.3
20260702T055808Z,26.3,94.3
20260702T055823Z,26.3,94.3
20260702T055838Z,26.3,94.4
20260702T055853Z,26.3,94.5
20260702T055908Z,26.3,94.4
20260702T055923Z,26.3,94.4
20260702T055938Z,26.4,94.5
20260702T055953Z,26.4,94.2
20260702T060008Z,26.4,94.2
20260702T060023Z,26.4,94.4
20260702T060038Z,26.4,94.4
20260702T060053Z,26.4,94.4
20260702T060108Z,26.5,94.4
20260702T060123Z,26.5,94.5
20260702T060138Z,26.5,94.5
20260702T060153Z,26.5,94.6
20260702T060208Z,26.5,94.6
20260702T060223Z,26.5,93.8
20260702T060238Z,26.5,93.2
20260702T060253Z,26.5,92.1
20260702T060308Z,26.5,91.4
20260702T060323Z,26.5,90.5
20260702T060338Z,26.4,89.0
20260702T060353Z,26.4,88.6
20260702T060408Z,26.3,87.6
20260702T060423Z,26.3,86.4
20260702T060438Z,26.2,85.0
20260702T060453Z,26.0,84.1
20260702T060508Z,25.9,83.5
20260702T060523Z,25.8,82.9
20260702T060538Z,25.7,82.3
20260702T060553Z,25.6,80.8
20260702T060608Z,25.5,80.4
20260702T060623Z,25.4,79.9
20260702T060638Z,25.3,79.1
20260702T060653Z,25.2,78.3
20260702T060708Z,25.1,79.1
20260702T060723Z,25.1,81.6
20260702T060738Z,25.0,83.0
20260702T060753Z,25.0,84.1
20260702T060808Z,25.1,84.9
20260702T060823Z,25.1,85.2
20260702T060838Z,25.1,85.4
20260702T060853Z,25.1,85.7
20260702T060908Z,25.1,86.0
20260702T060923Z,25.1,86.3
20260702T060938Z,25.2,86.6
20260702T060953Z,25.2,87.0
20260702T061008Z,25.2,87.1
20260702T061023Z,25.3,87.4
20260702T061038Z,25.3,87.5
20260702T061053Z,25.3,87.6
20260702T061108Z,25.4,87.9
20260702T061123Z,25.4,88.1
20260702T061138Z,25.4,88.3
20260702T061153Z,25.5,88.4
20260702T061208Z,25.5,88.5
20260702T061223Z,25.5,88.9
20260702T061238Z,25.5,89.0
20260702T061253Z,25.6,89.1
20260702T061308Z,25.6,89.2
20260702T061323Z,25.6,89.4
20260702T061338Z,25.6,89.6
20260702T061353Z,25.7,90.0
20260702T061408Z,25.7,90.0
20260702T061423Z,25.7,90.0
20260702T061438Z,25.7,90.2
20260702T061453Z,25.7,90.5
20260702T061508Z,25.7,90.6
20260702T061523Z,25.8,90.6
20260702T061538Z,25.8,90.8
20260702T061553Z,25.8,91.0
20260702T061608Z,25.8,91.0
20260702T061623Z,25.8,91.1
20260702T061638Z,25.8,91.4
20260702T061653Z,25.9,91.6
20260702T061708Z,25.9,91.7
20260702T061723Z,25.9,91.8
20260702T061738Z,25.9,92.0
20260702T061753Z,25.9,91.9
20260702T061808Z,25.9,92.2
20260702T061823Z,25.9,92.2
20260702T061838Z,25.9,92.4
20260702T061853Z,25.9,92.4
20260702T061908Z,26.0,92.4
20260702T061923Z,26.0,92.5
20260702T061938Z,26.0,92.6
20260702T061953Z,26.0,92.6
20260702T062008Z,26.0,92.8
20260702T062023Z,26.0,92.8
20260702T062038Z,26.0,93.0
20260702T062053Z,26.1,93.1
20260702T062108Z,26.1,93.2
20260702T062123Z,26.1,93.2
20260702T062138Z,26.1,93.2
20260702T062153Z,26.1,93.3
20260702T062208Z,26.1,93.4
20260702T062223Z,26.2,93.3
20260702T062238Z,26.2,93.4
20260702T062253Z,26.2,93.5
20260702T062308Z,26.2,93.6
20260702T062323Z,26.2,93.6
20260702T062338Z,26.2,93.6
20260702T062353Z,26.2,93.8
20260702T062408Z,26.2,93.7
20260702T062423Z,26.3,93.7
20260702T062438Z,26.3,93.6
20260702T062453Z,26.3,93.7
20260702T062508Z,26.3,93.6
20260702T062523Z,26.3,93.7
20260702T062538Z,26.3,93.5
20260702T062553Z,26.3,93.4
20260702T062608Z,26.3,93.5
20260702T062623Z,26.4,93.4
20260702T062638Z,26.4,93.4
20260702T062653Z,26.4,93.4
20260702T062708Z,26.4,93.5
20260702T062723Z,26.4,93.4
20260702T062738Z,26.5,93.5
20260702T062753Z,26.5,93.5
20260702T062808Z,26.5,93.5
20260702T062823Z,26.5,93.5
20260702T062838Z,26.5,93.5
20260702T062853Z,26.5,93.6
20260702T062908Z,26.5,93.5
20260702T062923Z,26.6,92.8
20260702T062938Z,26.6,92.0
20260702T062953Z,26.5,90.5
20260702T063008Z,26.5,90.3
20260702T063023Z,26.4,89.4
20260702T063038Z,26.4,89.2
20260702T063053Z,26.4,88.1
20260702T063108Z,26.3,86.8
20260702T063123Z,26.3,86.3
20260702T063138Z,26.2,85.3
20260702T063153Z,26.1,83.9
20260702T063208Z,26.0,83.1
20260702T063223Z,25.9,82.6
20260702T063238Z,25.8,81.8
20260702T063253Z,25.7,81.5
20260702T063308Z,25.6,80.9
20260702T063323Z,25.5,80.2
20260702T063338Z,25.5,79.6
20260702T063353Z,25.4,79.0
20260702T063408Z,25.3,78.1
20260702T063423Z,25.2,77.1
20260702T063438Z,25.1,75.7
20260702T063453Z,25.0,75.4
20260702T063508Z,25.0,77.1
20260702T063523Z,24.9,78.7
20260702T063538Z,24.9,80.3
20260702T063553Z,24.9,80.7
20260702T063608Z,25.0,81.4
20260702T063623Z,25.0,81.6
20260702T063638Z,25.0,81.9
20260702T063653Z,25.1,81.9
20260702T063708Z,25.1,82.0
20260702T063723Z,25.1,81.9
20260702T063738Z,25.2,82.1
20260702T063753Z,25.2,82.1
20260702T063808Z,25.2,82.1
20260702T063823Z,25.2,81.9
20260702T063838Z,25.3,81.9
20260702T063853Z,25.3,82.0
20260702T063908Z,25.3,81.9
20260702T063923Z,25.3,82.1
20260702T063938Z,25.4,82.1
20260702T063953Z,25.4,82.2
20260702T064008Z,25.4,82.2
20260702T064023Z,25.4,82.3
20260702T064038Z,25.4,82.4
20260702T064053Z,25.4,82.5
20260702T064108Z,25.4,82.4
20260702T064123Z,25.5,82.5
20260702T064138Z,25.5,82.3
20260702T064153Z,25.5,82.3
20260702T064209Z,25.5,82.3
20260702T064224Z,25.5,82.3
20260702T064238Z,25.5,82.4
20260702T064253Z,25.5,82.2
20260702T064308Z,25.5,82.0
20260702T064323Z,25.6,82.0
20260702T064338Z,25.6,82.1
20260702T064353Z,25.6,81.8
20260702T064408Z,25.6,81.8
20260702T064423Z,25.6,81.7
20260702T064438Z,25.6,81.6
20260702T064453Z,25.6,81.3
20260702T064508Z,25.6,81.3
20260702T064523Z,25.6,81.1
20260702T064538Z,25.7,81.0
20260702T064553Z,25.7,80.9
20260702T064608Z,25.7,80.8
20260702T064623Z,25.7,80.7
20260702T064638Z,25.7,80.3
20260702T064653Z,25.7,80.2
20260702T064708Z,25.7,80.2
20260702T064723Z,25.8,80.0
20260702T064738Z,25.8,79.9
20260702T064753Z,25.8,79.8
20260702T064808Z,25.8,79.7
20260702T064823Z,25.8,79.3
20260702T064838Z,25.8,79.5
20260702T064853Z,25.9,79.3
20260702T064908Z,25.9,79.0
20260702T064923Z,25.9,79.0
20260702T064938Z,25.9,78.7
20260702T064953Z,25.9,78.5
20260702T065008Z,26.0,78.6
20260702T065023Z,26.0,78.4
20260702T065038Z,26.0,78.1
20260702T065053Z,26.0,78.1
20260702T065109Z,26.0,78.0
20260702T065123Z,26.0,77.7
20260702T065138Z,26.0,77.6
20260702T065153Z,26.1,77.2
20260702T065208Z,26.1,77.1
20260702T065223Z,26.1,77.1
20260702T065238Z,26.1,76.9
20260702T065253Z,26.1,76.8
20260702T065309Z,26.1,76.5
20260702T065324Z,26.1,76.4
20260702T065338Z,26.2,76.3
20260702T065353Z,26.2,76.1
20260702T065408Z,26.2,75.9
20260702T065423Z,26.2,75.8
20260702T065438Z,26.2,75.6
20260702T065453Z,26.2,75.6
20260702T065508Z,26.2,75.6
20260702T065523Z,26.2,75.6
20260702T065538Z,26.3,75.3
20260702T065553Z,26.3,75.3
20260702T065608Z,26.3,73.1
20260702T065623Z,26.3,74.3
20260702T065638Z,26.3,74.3
20260702T065653Z,26.3,74.4
20260702T065708Z,26.3,74.3
20260702T065723Z,26.3,74.2
20260702T065738Z,26.4,74.1
20260702T065753Z,26.4,74.0
20260702T065808Z,26.4,73.8
20260702T065823Z,26.4,73.4
20260702T065838Z,26.4,73.3
20260702T065853Z,26.4,73.6
20260702T065908Z,26.4,73.4
20260702T065923Z,26.4,73.2
20260702T065938Z,26.4,73.1
20260702T065953Z,26.4,72.7
20260702T070008Z,26.4,72.8
20260702T070023Z,26.5,72.9
20260702T070038Z,26.5,72.6
20260702T070053Z,26.5,72.6
20260702T070108Z,26.5,72.5
20260702T070123Z,26.5,72.4
20260702T070138Z,26.5,71.9
20260702T070153Z,26.5,71.6
20260702T070209Z,26.5,71.4
20260702T070224Z,26.5,71.6
20260702T070238Z,26.5,71.5
20260702T070253Z,26.5,71.3
20260702T070308Z,26.5,71.1
20260702T070323Z,26.5,71.0
20260702T070338Z,26.5,71.0
20260702T070353Z,26.5,70.8
20260702T070408Z,26.5,70.9
20260702T070423Z,26.5,70.6
20260702T070438Z,26.5,70.7
20260702T070453Z,26.5,70.8
20260702T070508Z,26.5,70.3
20260702T070523Z,26.5,70.6
20260702T070538Z,26.5,70.6
20260702T070553Z,26.5,70.5
20260702T070608Z,26.6,70.7
20260702T070623Z,26.6,70.3
20260702T070638Z,26.6,70.3
20260702T070653Z,26.6,70.3
20260702T070708Z,26.6,70.3
20260702T070723Z,26.6,70.4
20260702T070738Z,26.6,70.5
20260702T070753Z,26.6,70.3
20260702T070808Z,26.6,68.0
20260702T070823Z,26.6,69.7
20260702T070838Z,26.6,70.2
20260702T070853Z,26.6,65.9
20260702T070908Z,26.6,69.3
20260702T070923Z,26.6,66.3
20260702T070938Z,26.6,69.5
20260702T070953Z,26.6,69.4
20260702T071008Z,26.6,69.8
20260702T071023Z,26.6,69.7
20260702T071038Z,26.6,66.4
20260702T071053Z,26.6,69.3
20260702T071108Z,26.6,69.7
20260702T071123Z,26.6,65.5
20260702T071138Z,26.6,69.1
20260702T071153Z,26.6,68.7
20260702T071208Z,26.6,69.0
20260702T071223Z,26.6,67.9
20260702T071238Z,26.5,64.3
20260702T071253Z,26.5,68.8
20260702T071308Z,26.5,66.5
20260702T071323Z,26.5,69.3
20260702T071338Z,26.5,68.7
20260702T071353Z,26.5,64.8
20260702T071408Z,26.5,65.8
20260702T071423Z,26.5,64.2
20260702T071438Z,26.5,67.2
20260702T071453Z,26.5,68.1
20260702T071508Z,26.5,64.4
20260702T071523Z,26.5,65.2
20260702T071538Z,26.4,64.8
20260702T071553Z,26.4,67.0
20260702T071608Z,26.4,64.5
20260702T071623Z,26.4,67.9
20260702T071638Z,26.4,65.4
20260702T071653Z,26.4,65.1
20260702T071708Z,26.4,65.5
20260702T071723Z,26.4,65.6
20260702T071738Z,26.4,68.0
20260702T071753Z,26.4,68.2
20260702T071808Z,26.4,68.2
20260702T071823Z,26.5,68.3
20260702T071838Z,26.5,67.4
20260702T071853Z,26.5,66.2
20260702T071908Z,26.5,67.8
20260702T071923Z,26.5,67.8
20260702T071938Z,26.5,67.5
20260702T071953Z,26.5,68.3
20260702T072008Z,26.6,67.0
20260702T072023Z,26.5,65.3
20260702T072038Z,26.5,63.6
20260702T072053Z,26.5,63.0
20260702T072108Z,26.5,67.1
20260702T072123Z,26.5,67.2
20260702T072138Z,26.5,63.9
20260702T072153Z,26.5,66.4
20260702T072208Z,26.5,65.4
20260702T072223Z,26.5,63.0
20260702T072238Z,26.4,63.0
20260702T072253Z,26.4,64.9
20260702T072308Z,26.4,64.5
20260702T072323Z,26.4,63.9
20260702T072338Z,26.4,64.2
20260702T072353Z,26.4,66.4
20260702T072408Z,26.4,67.2
20260702T072423Z,26.4,64.5
20260702T072438Z,26.4,67.2
20260702T072453Z,26.4,67.5
20260702T072508Z,26.4,67.5
20260702T072523Z,26.5,67.5
20260702T072538Z,26.5,66.1
20260702T072553Z,26.5,62.8
20260702T072608Z,26.5,66.3
20260702T072623Z,26.5,63.4
20260702T072638Z,26.5,63.5
20260702T072653Z,26.4,62.8
20260702T072708Z,26.4,62.3
20260702T072723Z,26.4,62.7
20260702T072738Z,26.4,66.1
20260702T072753Z,26.4,65.3
20260702T072808Z,26.4,63.2
20260702T072823Z,26.4,66.2
20260702T072838Z,26.4,64.4
20260702T072853Z,26.4,62.6
20260702T072908Z,26.4,61.9
20260702T072923Z,26.3,64.8
20260702T072938Z,26.4,65.6
20260702T072953Z,26.3,62.5
20260702T073008Z,26.3,63.0
20260702T073023Z,26.3,65.2
20260702T073038Z,26.3,65.8
20260702T073053Z,26.3,65.1
20260702T073108Z,26.4,64.8
20260702T073123Z,26.4,64.3
20260702T073138Z,26.4,63.5
20260702T073153Z,26.4,64.2
20260702T073208Z,26.4,62.2
20260702T073223Z,26.4,62.2
20260702T073238Z,26.4,62.5
20260702T073253Z,26.3,62.1
20260702T073308Z,26.3,63.0
20260702T073323Z,26.3,64.0
20260702T073338Z,26.3,63.5
20260702T073353Z,26.3,62.9
20260702T073408Z,26.3,65.8
20260702T073423Z,26.4,63.6
20260702T073438Z,26.3,61.9
20260702T073453Z,26.3,61.9
20260702T073508Z,26.3,61.2
20260702T073523Z,26.3,61.0
20260702T073538Z,26.3,63.2
20260702T073553Z,26.2,61.4
20260702T073608Z,26.2,61.2
20260702T073623Z,26.2,62.0
20260702T073638Z,26.2,61.4
20260702T073653Z,26.2,62.8
20260702T073708Z,26.2,61.3
20260702T073723Z,26.2,61.4
20260702T073738Z,26.1,61.1
20260702T073753Z,26.1,61.1
20260702T073808Z,26.1,61.0
20260702T073823Z,26.1,60.8
20260702T073838Z,26.1,61.0
20260702T073853Z,26.1,62.1
20260702T073908Z,26.1,63.0
20260702T073923Z,26.1,61.1
20260702T073938Z,26.1,61.3
20260702T073953Z,26.1,60.8
20260702T074008Z,26.1,61.2
20260702T074023Z,26.0,64.1
20260702T074038Z,26.1,65.3
20260702T074053Z,26.1,61.4
20260702T074108Z,26.1,63.5
20260702T074123Z,26.1,62.1
20260702T074138Z,26.1,61.3
20260702T074153Z,26.1,60.9
20260702T074208Z,26.1,60.6
20260702T074223Z,26.1,60.7
20260702T074238Z,26.0,62.9
20260702T074253Z,26.0,60.8
20260702T074308Z,26.0,60.7
20260702T074323Z,26.0,61.4
20260702T074338Z,26.0,60.7
20260702T074353Z,26.0,60.8
20260702T074408Z,26.0,60.8
20260702T074423Z,26.0,60.7
20260702T074438Z,26.0,62.7
20260702T074453Z,26.0,61.2
20260702T074508Z,26.0,60.9
20260702T074523Z,26.0,60.8
20260702T074538Z,26.0,60.7
20260702T074553Z,26.0,64.4
20260702T074608Z,26.0,64.2
20260702T074623Z,26.0,61.3
20260702T074638Z,26.0,63.6
20260702T074653Z,26.0,60.9
20260702T074708Z,26.0,60.7
20260702T074723Z,26.0,61.5
20260702T074738Z,26.0,60.9
20260702T074753Z,26.0,60.5
20260702T074808Z,26.0,60.4
20260702T074823Z,26.0,60.7
20260702T074838Z,25.9,60.5
20260702T074853Z,25.9,60.4
20260702T074908Z,25.9,62.1
20260702T074923Z,25.9,60.6
20260702T074938Z,25.9,60.5
20260702T074953Z,25.9,60.5
20260702T075008Z,25.9,60.6
20260702T075023Z,25.9,60.5
20260702T075038Z,25.9,60.4
20260702T075053Z,25.9,60.2
20260702T075108Z,25.9,60.2
20260702T075123Z,25.9,64.1
20260702T075138Z,25.9,61.0
20260702T075153Z,25.9,60.7
20260702T075209Z,25.9,60.3
20260702T075224Z,25.9,60.5
20260702T075238Z,25.9,61.3
20260702T075253Z,25.9,63.3
20260702T075308Z,25.9,62.5
20260702T075323Z,25.8,61.7
20260702T075338Z,25.7,61.3
20260702T075353Z,25.5,61.1
20260702T075408Z,25.4,61.1
20260702T075423Z,25.2,60.8
20260702T075438Z,25.1,60.7
20260702T075453Z,24.9,60.6
20260702T075508Z,24.7,60.3
20260702T075523Z,24.5,60.5
20260702T075538Z,24.4,60.6
20260702T075553Z,24.3,60.7
20260702T075608Z,24.2,60.6
20260702T075623Z,24.1,62.9
20260702T075638Z,24.1,66.0
20260702T075653Z,24.1,67.4
20260702T075708Z,24.2,68.1
20260702T075723Z,24.3,69.4
20260702T075738Z,24.3,70.2
20260702T075753Z,24.4,70.3
20260702T075808Z,24.5,71.1
20260702T075823Z,24.5,71.4
20260702T075838Z,24.6,71.5
20260702T075853Z,24.6,71.6
20260702T075908Z,24.6,71.8
20260702T075923Z,24.7,72.2
20260702T075938Z,24.7,72.4
20260702T075954Z,24.8,72.2
20260702T080008Z,24.8,72.0
20260702T080023Z,24.9,71.6
20260702T080039Z,24.9,71.4
20260702T080053Z,25.0,71.1
20260702T080109Z,25.1,70.8
20260702T080123Z,25.1,70.6
20260702T080139Z,25.2,65.3
20260702T080153Z,25.2,67.7
20260702T080209Z,25.2,65.1
20260702T080223Z,25.3,68.5
20260702T080239Z,25.4,66.3
20260702T080253Z,25.4,64.0
20260702T080309Z,25.4,63.3
20260702T080323Z,25.5,66.5
20260702T080339Z,25.5,63.8
20260702T080353Z,25.5,62.3
20260702T080409Z,25.5,63.5
20260702T080423Z,25.5,62.5
20260702T080439Z,25.5,61.5
20260702T080454Z,25.5,61.3
20260702T080508Z,25.5,61.4
20260702T080524Z,25.5,61.3
20260702T080538Z,25.5,63.4
20260702T080554Z,25.5,61.3
20260702T080608Z,25.5,61.1
20260702T080624Z,25.5,60.9
20260702T080638Z,25.5,60.9
20260702T080654Z,25.5,60.8
20260702T080709Z,25.5,61.0
20260702T080723Z,25.5,60.8
20260702T080739Z,25.5,60.7
20260702T080753Z,25.5,60.6
20260702T080809Z,25.5,60.8
20260702T080823Z,25.5,61.2
20260702T080839Z,25.5,61.2
20260702T080853Z,25.5,61.1
20260702T080909Z,25.5,60.8
20260702T080923Z,25.5,60.9
20260702T080939Z,25.5,61.1
20260702T080954Z,25.5,62.9
20260702T081008Z,25.5,61.7
20260702T081024Z,25.6,61.3
20260702T081038Z,25.6,60.8
20260702T081054Z,25.6,61.2
20260702T081108Z,25.6,60.4
20260702T081124Z,25.6,60.6
20260702T081138Z,25.6,60.5
20260702T081153Z,25.6,60.8
20260702T081209Z,25.6,62.9
20260702T081223Z,25.6,60.6
20260702T081239Z,25.6,60.1
20260702T081253Z,25.6,60.1
20260702T081309Z,25.6,60.1
20260702T081323Z,25.6,60.1
20260702T081339Z,25.6,60.3
20260702T081353Z,25.6,60.2
20260702T081410Z,25.6,60.6
20260702T081424Z,25.6,60.4
20260702T081439Z,25.6,60.1
20260702T081453Z,25.6,60.1
20260702T081509Z,25.6,61.0
20260702T081523Z,25.6,59.8
20260702T081539Z,25.6,60.0
20260702T081553Z,25.6,60.9
20260702T081608Z,25.6,59.9
20260702T081624Z,25.6,59.6
20260702T081638Z,25.6,59.6
20260702T081654Z,25.6,59.6
20260702T081708Z,25.6,59.6
20260702T081724Z,25.6,62.8
20260702T081738Z,25.6,63.4
20260702T081754Z,25.6,60.4
20260702T081808Z,25.7,60.1
20260702T081824Z,25.7,59.8
20260702T081838Z,25.7,62.4
20260702T081854Z,25.7,60.5
20260702T081909Z,25.7,62.3
20260702T081923Z,25.7,60.5
20260702T081939Z,25.7,60.2
20260702T081953Z,25.7,61.3
20260702T082008Z,25.7,61.5
20260702T082024Z,25.7,61.9
20260702T082038Z,25.8,62.9
20260702T082054Z,25.8,61.8
20260702T082108Z,25.8,62.2
20260702T082124Z,25.8,62.0
20260702T082138Z,25.9,61.1
20260702T082154Z,25.8,62.0
20260702T082208Z,25.8,61.2
20260702T082224Z,25.9,61.4
20260702T082238Z,25.8,61.1
20260702T082254Z,25.9,61.7
20260702T082309Z,25.9,62.8
20260702T082323Z,25.9,62.1
20260702T082339Z,25.9,62.3
20260702T082353Z,25.9,62.3
20260702T082409Z,25.9,62.0
20260702T082423Z,26.0,62.3
20260702T082439Z,26.0,62.4
20260702T082453Z,26.0,62.7
20260702T082509Z,26.0,62.9
20260702T082523Z,26.0,63.1
20260702T082538Z,26.0,63.2
20260702T082554Z,26.1,63.4
20260702T082609Z,26.1,63.5
20260702T082623Z,26.1,63.6
20260702T082639Z,26.1,63.9
20260702T082653Z,26.2,64.1
20260702T082709Z,26.2,64.2
20260702T082723Z,26.2,64.4
20260702T082739Z,26.2,64.6
20260702T082753Z,26.2,64.8
20260702T082809Z,26.2,65.0
20260702T082823Z,26.3,65.3
20260702T082839Z,26.3,65.5
20260702T082853Z,26.3,65.6
20260702T082909Z,26.3,65.8
20260702T082923Z,26.3,65.9
20260702T082939Z,26.3,66.1
20260702T082954Z,26.3,66.3
20260702T083008Z,26.3,66.4
20260702T083024Z,26.4,66.5
20260702T083038Z,26.4,66.6
20260702T083054Z,26.4,66.7
20260702T083108Z,26.4,66.8
20260702T083124Z,26.4,66.9
20260702T083138Z,26.4,66.9
20260702T083153Z,26.4,66.9
20260702T083208Z,26.4,66.9
20260702T083224Z,26.4,67.0
20260702T083238Z,26.4,66.4
20260702T083254Z,26.4,65.8
20260702T083308Z,26.4,66.5
20260702T083324Z,26.4,65.3
20260702T083338Z,26.4,66.7
20260702T083354Z,26.3,66.8
20260702T083408Z,26.4,66.6
20260702T083424Z,26.3,65.6
20260702T083438Z,26.3,66.4
20260702T083454Z,26.3,66.7
20260702T083508Z,26.3,66.2
20260702T083524Z,26.3,64.8
20260702T083539Z,26.3,65.5
20260702T083553Z,26.3,66.4
20260702T083609Z,26.3,66.4
20260702T083623Z,26.3,65.7
20260702T083639Z,26.3,66.3
20260702T083653Z,26.3,66.2
20260702T083709Z,26.3,64.0
20260702T083723Z,26.3,63.5
20260702T083739Z,26.3,63.5
20260702T083753Z,26.3,65.5
20260702T083809Z,26.2,63.4
20260702T083823Z,26.2,63.4
20260702T083838Z,26.2,63.0
20260702T083854Z,26.2,63.3
20260702T083908Z,26.2,64.6
20260702T083924Z,26.2,65.4
20260702T083938Z,26.2,63.4
20260702T083954Z,26.1,63.2
20260702T084008Z,26.1,64.0
20260702T084024Z,26.1,63.5
20260702T084038Z,26.1,62.8
20260702T084054Z,26.1,63.8
20260702T084108Z,26.1,63.4
20260702T084124Z,26.1,63.0
20260702T084139Z,26.1,64.3
20260702T084154Z,26.1,64.7
20260702T084208Z,26.1,63.2
20260702T084223Z,26.1,62.7
20260702T084239Z,26.1,63.3
20260702T084253Z,26.1,63.7
20260702T084309Z,26.1,63.9
20260702T084323Z,26.1,63.1
20260702T084339Z,26.1,64.1
20260702T084353Z,26.1,64.1
20260702T084409Z,26.1,62.2
20260702T084423Z,26.1,62.3
20260702T084439Z,26.1,63.6
20260702T084453Z,26.1,62.3
20260702T084509Z,26.1,64.2
20260702T084523Z,26.1,62.4
20260702T084539Z,26.0,62.5
20260702T084553Z,26.0,63.0
20260702T084609Z,26.0,62.0
20260702T084623Z,26.0,63.6
20260702T084639Z,26.0,63.9
20260702T084653Z,26.0,62.5
20260702T084709Z,26.0,63.4
20260702T084723Z,26.0,63.4
20260702T084739Z,26.0,62.2
20260702T084753Z,26.0,61.6
20260702T084809Z,26.0,63.7
20260702T084823Z,26.0,61.9
20260702T084839Z,26.0,62.9
20260702T084853Z,26.0,61.7
20260702T084909Z,26.0,62.9
20260702T084923Z,26.0,63.6
20260702T084939Z,26.0,61.4
20260702T084953Z,26.0,62.8
20260702T085009Z,26.0,61.8
20260702T085023Z,26.0,61.5
20260702T085039Z,26.0,62.8
20260702T085053Z,26.0,61.0
20260702T085109Z,26.0,60.9
20260702T085124Z,26.0,60.9
20260702T085138Z,25.9,61.0
20260702T085153Z,25.9,61.0
20260702T085209Z,25.9,62.4
20260702T085224Z,25.9,61.4
20260702T085239Z,25.9,62.3
20260702T085253Z,25.9,62.3
20260702T085309Z,25.9,61.3
20260702T085323Z,25.9,60.6
20260702T085339Z,25.9,62.5
20260702T085353Z,25.9,61.3
20260702T085408Z,26.0,61.3
20260702T085423Z,26.0,60.5
20260702T085439Z,25.9,60.7
20260702T085453Z,25.9,60.8
20260702T085508Z,26.0,60.9
20260702T085524Z,25.9,60.9
20260702T085538Z,26.0,61.0
20260702T085554Z,26.0,61.1
20260702T085608Z,26.0,61.2
20260702T085624Z,26.0,61.2
20260702T085638Z,26.0,61.2
20260702T085654Z,26.1,61.3
20260702T085708Z,26.1,61.8
20260702T085724Z,26.1,59.3
20260702T085738Z,26.0,59.4
20260702T085754Z,25.9,59.3
20260702T085809Z,25.9,59.6
20260702T085824Z,25.8,59.7
20260702T085839Z,25.8,59.9
20260702T085854Z,25.8,59.7
20260702T085908Z,25.7,60.0
20260702T085924Z,25.7,59.7
20260702T085938Z,25.7,59.7
20260702T085954Z,25.7,59.8
20260702T090008Z,25.7,59.8
20260702T090024Z,25.7,59.8
20260702T090039Z,25.7,59.5
20260702T090054Z,25.7,59.8
20260702T090109Z,25.6,59.6
20260702T090124Z,25.6,59.4
20260702T090139Z,25.6,59.6
20260702T090154Z,25.6,59.6
20260702T090209Z,25.6,59.8
20260702T090224Z,25.6,59.8
20260702T090239Z,25.6,59.9
20260702T090254Z,25.6,60.0
20260702T090309Z,25.6,60.0
20260702T090324Z,25.6,60.1
20260702T090339Z,25.6,59.7
20260702T090354Z,25.6,59.7
20260702T090409Z,25.6,59.8
20260702T090424Z,25.6,59.7
20260702T090439Z,25.6,59.7
20260702T090454Z,25.5,59.6
20260702T090509Z,25.5,59.6
20260702T090524Z,25.5,59.6
20260702T090539Z,25.5,59.5
20260702T090554Z,25.5,59.5
20260702T090609Z,25.5,59.5
20260702T090624Z,25.5,59.5
20260702T090639Z,25.5,59.4
20260702T090654Z,25.5,59.5
20260702T090709Z,25.5,59.5
20260702T090724Z,25.5,59.4
20260702T090739Z,25.5,59.4
20260702T090754Z,25.5,59.4
20260702T090809Z,25.4,59.3
20260702T090824Z,25.4,59.3
20260702T090839Z,25.4,59.3
20260702T090854Z,25.4,59.3
20260702T090909Z,25.4,59.3
20260702T090924Z,25.4,59.2
20260702T090939Z,25.4,59.2
20260702T090954Z,25.4,59.2
20260702T091009Z,25.4,59.2
20260702T091024Z,25.4,59.1
20260702T091039Z,25.4,59.1
20260702T091054Z,25.4,59.0
20260702T091109Z,25.4,58.9
20260702T091124Z,25.4,58.8
20260702T091139Z,25.4,58.8
20260702T091154Z,25.4,58.8
20260702T091209Z,25.4,58.8
20260702T091224Z,25.4,58.8
20260702T091239Z,25.4,58.8
20260702T091254Z,25.4,58.8
20260702T091309Z,25.4,58.8
20260702T091324Z,25.4,58.6
20260702T091339Z,25.4,58.6
20260702T091354Z,25.4,58.6
20260702T091409Z,25.4,58.6
20260702T091424Z,25.4,58.7
20260702T091439Z,25.4,58.6
20260702T091454Z,25.4,58.7
20260702T091510Z,25.4,58.9
20260702T091524Z,25.4,59.0
20260702T091539Z,25.4,59.0
20260702T091554Z,25.4,59.1
20260702T091609Z,25.4,59.2
20260702T091624Z,25.4,59.2
20260702T091639Z,25.4,59.3
20260702T091654Z,25.4,59.3
20260702T091709Z,25.4,59.3
20260702T091724Z,25.4,59.3
20260702T091739Z,25.4,59.4
20260702T091754Z,25.4,59.5
20260702T091809Z,25.4,59.4
20260702T091824Z,25.4,59.3
20260702T091839Z,25.3,59.4
20260702T091854Z,25.4,59.4
20260702T091909Z,25.4,59.4
20260702T091924Z,25.4,59.4
20260702T091939Z,25.4,59.5
20260702T091954Z,25.4,59.5
20260702T092009Z,25.3,59.5
20260702T092024Z,25.4,59.5
20260702T092039Z,25.3,59.5
20260702T092054Z,25.3,59.5
20260702T092109Z,25.4,59.6
20260702T092124Z,25.4,59.6
20260702T092139Z,25.4,59.7
20260702T092154Z,25.4,59.6
20260702T092209Z,25.4,59.4
20260702T092224Z,25.4,59.4
20260702T092239Z,25.4,59.3
20260702T092254Z,25.4,59.3
20260702T092309Z,25.3,59.3
20260702T092324Z,25.3,59.2
20260702T092339Z,25.3,59.1
20260702T092354Z,25.4,59.1
20260702T092409Z,25.3,59.1
20260702T092424Z,25.3,59.0
20260702T092439Z,25.3,58.9
20260702T092454Z,25.3,58.8
20260702T092509Z,25.3,58.6
20260702T092524Z,25.3,58.5
20260702T092539Z,25.3,58.6
20260702T092554Z,25.3,58.6
20260702T092609Z,25.3,58.6
20260702T092624Z,25.3,58.5
20260702T092639Z,25.3,58.5
20260702T092654Z,25.3,58.3
20260702T092709Z,25.3,58.4
20260702T092724Z,25.3,58.3
20260702T092739Z,25.3,58.2
20260702T092754Z,25.3,58.1
20260702T092809Z,25.3,58.1
20260702T092824Z,25.2,58.0
20260702T092839Z,25.2,58.1
20260702T092854Z,25.2,58.0
20260702T092909Z,25.2,58.1
20260702T092924Z,25.2,57.9
20260702T092939Z,25.2,58.0
20260702T092954Z,25.2,57.8
20260702T093009Z,25.2,57.7
20260702T093024Z,25.2,57.7
20260702T093039Z,25.2,57.6
20260702T093054Z,25.2,57.6
20260702T093109Z,25.2,57.6
20260702T093124Z,25.2,57.5
20260702T093139Z,25.2,57.5
20260702T093154Z,25.2,57.5
20260702T093209Z,25.2,57.3
20260702T093224Z,25.2,57.4
20260702T093239Z,25.2,57.3
20260702T093254Z,25.2,57.3
20260702T093309Z,25.2,57.2
20260702T093324Z,25.2,57.3
20260702T093339Z,25.2,57.2
20260702T093354Z,25.2,57.2
20260702T093409Z,25.2,57.1
20260702T093424Z,25.2,57.2
20260702T093439Z,25.2,57.0
20260702T093454Z,25.2,57.1
20260702T093509Z,25.2,56.9
20260702T093524Z,25.2,56.9
20260702T093539Z,25.2,56.7
20260702T093554Z,25.2,56.8
20260702T093609Z,25.2,56.7
20260702T093624Z,25.2,56.7
20260702T093639Z,25.2,56.6
20260702T093654Z,25.2,56.6
20260702T093709Z,25.2,56.5
20260702T093724Z,25.1,56.6
20260702T093739Z,25.2,56.5
20260702T093754Z,25.1,56.6
20260702T093809Z,25.1,56.4
20260702T093824Z,25.1,56.4
20260702T093839Z,25.1,56.3
20260702T093854Z,25.1,56.2
20260702T093909Z,25.1,56.3
20260702T093924Z,25.1,56.4
20260702T093939Z,25.1,56.3
20260702T093954Z,25.1,56.3
20260702T094009Z,25.1,56.1
20260702T094024Z,25.1,56.1
20260702T094039Z,25.1,56.0
20260702T094054Z,25.1,56.0
20260702T094109Z,25.1,56.0
20260702T094124Z,25.1,56.0
20260702T094139Z,25.1,56.0
20260702T094154Z,25.1,56.0
20260702T094209Z,25.1,56.0
20260702T094224Z,25.1,56.0
20260702T094239Z,25.1,56.0
20260702T094254Z,25.1,56.0
20260702T094309Z,25.1,56.0
20260702T094324Z,25.1,55.9
20260702T094339Z,25.1,56.0
20260702T094354Z,25.1,56.0
20260702T094409Z,25.1,56.1
20260702T094424Z,25.1,55.9
20260702T094439Z,25.1,55.9
20260702T094454Z,25.0,55.8
20260702T094509Z,25.1,55.9
20260702T094524Z,25.0,55.9
20260702T094539Z,25.0,56.0
20260702T094554Z,25.0,56.0
20260702T094609Z,25.1,56.0
20260702T094624Z,25.1,55.8
20260702T094639Z,25.1,55.8
20260702T094654Z,25.1,55.7
20260702T094709Z,25.1,55.8
20260702T094724Z,25.1,55.6
20260702T094739Z,25.1,55.7
20260702T094754Z,25.1,55.7
20260702T094809Z,25.1,55.9
20260702T094824Z,25.1,56.0
20260702T094839Z,25.1,56.1
20260702T094854Z,25.1,56.3
20260702T094909Z,25.1,56.4
20260702T094924Z,25.1,56.5
20260702T094939Z,25.1,56.5
20260702T094954Z,25.1,56.6
20260702T095009Z,25.1,56.7
20260702T095024Z,25.1,56.6
20260702T095039Z,25.1,56.7
20260702T095054Z,25.1,56.8
20260702T095109Z,25.1,56.7
20260702T095124Z,25.1,56.8
20260702T095139Z,25.1,56.9
20260702T095154Z,25.1,57.0
20260702T095209Z,25.1,57.0
20260702T095224Z,25.1,57.1
20260702T095239Z,25.1,57.2
20260702T095254Z,25.1,57.3
20260702T095309Z,25.1,57.3
20260702T095324Z,25.1,57.4
20260702T095339Z,25.1,57.3
20260702T095354Z,25.1,57.3
20260702T095410Z,25.1,57.4
20260702T095424Z,25.1,57.5
20260702T095439Z,25.1,57.5
20260702T095454Z,25.1,57.5
20260702T095509Z,25.2,57.4
20260702T095524Z,25.1,57.4
20260702T095539Z,25.1,57.5
20260702T095554Z,25.1,57.5
20260702T095609Z,25.1,57.7
20260702T095624Z,25.2,57.7
20260702T095639Z,25.1,57.7
20260702T095654Z,25.1,57.7
20260702T095709Z,25.1,57.7
20260702T095724Z,25.1,57.8
20260702T095739Z,25.1,57.8
20260702T095754Z,25.1,58.1
20260702T095809Z,25.1,58.5
20260702T095824Z,25.2,58.7
20260702T095839Z,25.2,58.9
20260702T095854Z,25.1,58.9
20260702T095909Z,25.1,58.9
20260702T095924Z,25.2,58.9
20260702T095939Z,25.2,58.9
20260702T095954Z,25.1,58.9
20260702T100009Z,25.2,58.9
20260702T100024Z,25.2,59.2
20260702T100039Z,25.2,59.3
20260702T100054Z,25.2,59.3
20260702T100109Z,25.2,59.3
20260702T100124Z,25.2,59.3
20260702T100139Z,25.2,59.4
20260702T100154Z,25.2,59.5
20260702T100209Z,25.2,59.7
20260702T100224Z,25.2,59.7
20260702T100239Z,25.2,59.7
20260702T100254Z,25.2,59.7
20260702T100309Z,25.3,59.7
20260702T100324Z,25.3,59.8
20260702T100339Z,25.3,59.8
20260702T100354Z,25.4,59.8
20260702T100409Z,25.4,59.8
20260702T100424Z,25.4,59.8
20260702T100439Z,25.5,59.7
20260702T100454Z,25.5,59.8
20260702T100509Z,25.5,59.7
20260702T100524Z,25.6,59.8
20260702T100539Z,25.6,59.9
20260702T100554Z,25.6,60.0
20260702T100609Z,25.6,60.6
20260702T100624Z,25.7,60.8
20260702T100639Z,25.7,60.8
20260702T100654Z,25.7,62.1
20260702T100709Z,25.7,63.6
20260702T100724Z,25.8,63.8
20260702T100739Z,25.8,64.4
20260702T100754Z,25.8,65.0
20260702T100809Z,25.8,65.6
20260702T100824Z,25.8,65.8
20260702T100839Z,25.9,66.1
20260702T100854Z,25.9,66.5
20260702T100909Z,25.9,67.0
20260702T100924Z,25.9,67.2
20260702T100939Z,25.9,67.5
20260702T100954Z,26.0,67.6
20260702T101009Z,26.0,67.9
20260702T101024Z,26.0,68.0
20260702T101039Z,26.0,68.1
20260702T101054Z,26.0,68.2
20260702T101109Z,26.1,68.3
20260702T101124Z,26.1,68.3
20260702T101139Z,26.1,68.4
20260702T101154Z,26.1,68.5
20260702T101209Z,26.1,68.5
20260702T101224Z,26.1,68.7
20260702T101239Z,26.1,68.7
20260702T101254Z,26.1,68.8
20260702T101309Z,26.2,68.9
20260702T101324Z,26.2,68.9
20260702T101339Z,26.2,69.0
20260702T101354Z,26.2,69.0
20260702T101409Z,26.2,69.1
20260702T101424Z,26.2,69.1
20260702T101439Z,26.2,69.2
20260702T101454Z,26.2,69.2
20260702T101509Z,26.2,69.3
20260702T101524Z,26.2,69.3
20260702T101539Z,26.2,69.4
20260702T101554Z,26.3,69.4
20260702T101609Z,26.3,69.5
20260702T101624Z,26.3,69.6
20260702T101639Z,26.3,69.7
20260702T101654Z,26.3,69.7
20260702T101709Z,26.3,69.8
20260702T101724Z,26.3,69.9
20260702T101739Z,26.3,70.0
20260702T101754Z,26.3,70.1
20260702T101809Z,26.3,70.1
20260702T101824Z,26.3,70.2
20260702T101839Z,26.3,70.3
20260702T101854Z,26.3,70.3
20260702T101909Z,26.4,70.5
20260702T101924Z,26.3,70.5
20260702T101939Z,26.4,70.6
20260702T101954Z,26.3,70.6
20260702T102009Z,26.4,70.8
20260702T102024Z,26.4,70.8
20260702T102039Z,26.4,70.9
20260702T102054Z,26.4,71.0
20260702T102109Z,26.4,71.0
20260702T102124Z,26.4,71.1
20260702T102139Z,26.4,71.2
20260702T102154Z,26.4,71.3
20260702T102209Z,26.4,71.3
20260702T102224Z,26.4,71.4
20260702T102239Z,26.4,71.5
20260702T102254Z,26.4,71.5
20260702T102309Z,26.4,71.6
20260702T102324Z,26.4,71.7
20260702T102339Z,26.4,71.7
20260702T102354Z,26.4,71.8
20260702T102409Z,26.5,71.9
20260702T102424Z,26.5,72.0
20260702T102439Z,26.5,72.0
20260702T102454Z,26.5,72.1
20260702T102509Z,26.5,72.2
20260702T102524Z,26.5,72.3
20260702T102539Z,26.5,72.3
20260702T102554Z,26.5,72.4
20260702T102609Z,26.5,72.5
20260702T102624Z,26.5,72.6
20260702T102639Z,26.5,72.7
20260702T102654Z,26.5,72.8
20260702T102709Z,26.5,72.9
20260702T102724Z,26.5,72.9
20260702T102739Z,26.5,73.0
20260702T102754Z,26.5,73.1
20260702T102809Z,26.5,73.2
20260702T102824Z,26.5,73.3
20260702T102839Z,26.5,73.3
20260702T102854Z,26.5,73.3
20260702T102910Z,26.5,73.4
20260702T102924Z,26.5,73.4
20260702T102939Z,26.5,73.4
20260702T102954Z,26.5,73.5
20260702T103009Z,26.6,73.6
20260702T103024Z,26.6,73.6
20260702T103039Z,26.6,73.8
20260702T103054Z,26.6,73.8
20260702T103109Z,26.6,73.7
20260702T103124Z,26.6,73.8
20260702T103139Z,26.6,73.9
20260702T103154Z,26.6,73.9
20260702T103209Z,26.6,74.0
20260702T103224Z,26.6,74.0
20260702T103239Z,26.6,74.0
20260702T103254Z,26.6,74.2
20260702T103309Z,26.6,74.2
20260702T103324Z,26.6,74.2
20260702T103339Z,26.6,74.4
20260702T103354Z,26.6,74.4
20260702T103409Z,26.6,74.4
20260702T103424Z,26.6,74.6
20260702T103439Z,26.6,74.7
20260702T103454Z,26.6,74.7
20260702T103509Z,26.6,74.8
20260702T103524Z,26.6,74.8
20260702T103539Z,26.6,74.8
20260702T103554Z,26.6,74.9
20260702T103609Z,26.6,74.9
20260702T103624Z,26.6,74.9
20260702T103639Z,26.6,74.9
20260702T103654Z,26.6,75.0
20260702T103709Z,26.6,75.0
20260702T103724Z,26.6,75.0
20260702T103739Z,26.6,74.9
20260702T103754Z,26.6,74.9
20260702T103809Z,26.6,75.0
20260702T103824Z,26.7,75.1
20260702T103839Z,26.6,75.0
20260702T103854Z,26.6,75.0
20260702T103909Z,26.6,75.0
20260702T103924Z,26.6,75.1
20260702T103939Z,26.6,75.1
20260702T103954Z,26.6,75.1
20260702T104010Z,26.6,75.1
20260702T104025Z,26.6,75.1
20260702T104039Z,26.6,75.1
20260702T104054Z,26.6,75.1
20260702T104109Z,26.6,75.1
20260702T104124Z,26.6,75.1
20260702T104139Z,26.6,75.2
20260702T104154Z,26.6,75.1
20260702T104209Z,26.6,75.2
20260702T104224Z,26.6,75.2
20260702T104239Z,26.6,75.2
20260702T104254Z,26.6,75.2
20260702T104309Z,26.6,75.2
20260702T104324Z,26.6,75.3
20260702T104339Z,26.6,76.4
20260702T104354Z,26.6,76.2
20260702T104409Z,26.7,76.0
20260702T104424Z,26.7,75.8
20260702T104439Z,26.7,76.0
20260702T104454Z,26.7,76.0
20260702T104509Z,26.7,76.1
20260702T104524Z,26.7,76.5
20260702T104539Z,26.7,76.5
20260702T104554Z,26.7,77.0
20260702T104609Z,26.7,77.0
20260702T104624Z,26.7,77.1
20260702T104639Z,26.7,77.3
20260702T104654Z,26.7,77.6
20260702T104709Z,26.7,77.6
20260702T104724Z,26.7,77.9
20260702T104739Z,26.7,78.1
20260702T104754Z,26.7,78.2
20260702T104809Z,26.7,78.6
20260702T104824Z,26.7,78.7
20260702T104839Z,26.7,78.6
20260702T104854Z,26.7,78.9
20260702T104909Z,26.7,79.1
20260702T104924Z,26.7,79.4
20260702T104939Z,26.7,79.6
20260702T104954Z,26.7,79.6
20260702T105009Z,26.7,79.6
20260702T105024Z,26.7,79.7
20260702T105039Z,26.7,80.0
20260702T105054Z,26.7,80.1
20260702T105109Z,26.7,80.1
20260702T105124Z,26.7,80.3
20260702T105139Z,26.7,80.4
20260702T105154Z,26.8,80.5
20260702T105209Z,26.7,80.4
20260702T105224Z,26.8,80.6
20260702T105239Z,26.8,80.6
20260702T105254Z,26.8,80.7
20260702T105309Z,26.8,80.7
20260702T105324Z,26.8,80.6
20260702T105339Z,26.8,81.1
20260702T105354Z,26.8,80.8
20260702T105409Z,26.8,81.0
20260702T105424Z,26.8,81.1
20260702T105439Z,26.8,81.3
20260702T105454Z,26.8,81.5
20260702T105509Z,26.8,81.0
20260702T105524Z,26.8,82.3
20260702T105539Z,26.8,81.5
20260702T105554Z,26.8,80.8
20260702T105609Z,26.8,80.5
20260702T105624Z,26.7,80.0
20260702T105639Z,26.7,79.9
20260702T105654Z,26.7,79.5
20260702T105709Z,26.6,79.3
20260702T105724Z,26.6,78.2
20260702T105739Z,26.5,77.4
20260702T105754Z,26.5,76.7
20260702T105809Z,26.4,76.0
20260702T105824Z,26.3,75.6
20260702T105839Z,26.2,75.3
20260702T105854Z,26.2,74.6
20260702T105909Z,26.1,73.7
20260702T105924Z,26.1,73.1
20260702T105939Z,26.1,72.1
20260702T105954Z,26.0,71.1
20260702T110009Z,25.9,70.6
20260702T110024Z,25.8,70.4
20260702T110039Z,25.8,70.0
20260702T110054Z,25.7,69.5
20260702T110109Z,25.7,68.9
20260702T110124Z,25.6,68.3
20260702T110139Z,25.6,67.8
20260702T110154Z,25.5,67.2
20260702T110209Z,25.5,66.5
20260702T110224Z,25.4,66.3
20260702T110239Z,25.4,65.8
20260702T110254Z,25.3,65.7
20260702T110309Z,25.2,65.1
20260702T110324Z,25.2,64.5
20260702T110339Z,25.1,63.3
20260702T110354Z,25.1,63.1
20260702T110409Z,25.0,62.7
20260702T110424Z,24.9,62.7
20260702T110439Z,24.8,62.2
20260702T110454Z,24.7,62.0
20260702T110509Z,24.7,61.9
20260702T110524Z,24.6,62.3
20260702T110539Z,24.6,63.5
20260702T110554Z,24.6,65.7
20260702T110609Z,24.6,67.7
20260702T110624Z,24.6,68.6
20260702T110639Z,24.6,69.1
20260702T110654Z,24.6,70.5
20260702T110709Z,24.6,70.9
20260702T110724Z,24.6,72.0
20260702T110739Z,24.7,72.3
20260702T110754Z,24.7,72.5
20260702T110809Z,24.7,73.3
20260702T110824Z,24.7,73.4
20260702T110839Z,24.8,74.2
20260702T110854Z,24.8,75.0
20260702T110909Z,24.9,75.4
20260702T110924Z,24.9,75.9
20260702T110939Z,24.9,76.5
20260702T110954Z,24.9,76.8
20260702T111009Z,25.0,77.2
20260702T111024Z,25.0,77.8
20260702T111039Z,25.0,78.2
20260702T111054Z,25.1,78.7
20260702T111109Z,25.1,78.8
20260702T111124Z,25.2,79.2
20260702T111139Z,25.2,79.5
20260702T111154Z,25.2,80.0
20260702T111209Z,25.2,80.4
20260702T111224Z,25.3,80.5
20260702T111239Z,25.3,81.0
20260702T111254Z,25.3,81.1
20260702T111309Z,25.3,81.3
20260702T111324Z,25.4,82.1
20260702T111339Z,25.4,82.1
20260702T111354Z,25.4,82.3
20260702T111409Z,25.5,82.7
20260702T111424Z,25.5,83.0
20260702T111439Z,25.5,83.1
20260702T111454Z,25.5,83.5
20260702T111509Z,25.6,82.9
20260702T111524Z,25.6,81.9
20260702T111539Z,25.6,80.7
20260702T111554Z,25.5,80.5
20260702T111609Z,25.5,79.7
20260702T111624Z,25.5,78.7
20260702T111639Z,25.5,77.5
20260702T111654Z,25.4,76.7
20260702T111709Z,25.4,76.1
20260702T111724Z,25.4,75.8
20260702T111739Z,25.4,75.2
20260702T111754Z,25.3,74.0
20260702T111809Z,25.3,73.3
20260702T111824Z,25.3,72.9
20260702T111839Z,25.3,71.7
20260702T111854Z,25.3,71.2
20260702T111909Z,25.2,70.4
20260702T111924Z,25.2,69.6
20260702T111939Z,25.1,69.0
20260702T111954Z,25.1,68.3
20260702T112009Z,25.0,67.6
20260702T112024Z,25.0,67.2
20260702T112039Z,24.9,66.5
20260702T112054Z,24.8,66.0
20260702T112109Z,24.8,65.6
20260702T112124Z,24.7,66.5
20260702T112139Z,24.7,67.2
20260702T112154Z,24.7,68.7
20260702T112209Z,24.7,70.4
20260702T112224Z,24.8,71.6
20260702T112239Z,24.8,72.5
20260702T112254Z,24.7,73.0
20260702T112309Z,24.7,73.5
20260702T112324Z,24.7,73.9
20260702T112339Z,24.8,74.5
20260702T112354Z,24.8,74.8
20260702T112409Z,24.8,75.4
20260702T112424Z,24.8,76.0
20260702T112439Z,24.8,76.2
20260702T112454Z,24.9,76.8
20260702T112509Z,24.9,77.3
20260702T112524Z,24.9,77.8
20260702T112539Z,25.0,78.4
20260702T112554Z,25.0,78.7
20260702T112609Z,25.0,79.1
20260702T112624Z,25.0,79.5
20260702T112639Z,25.1,79.8
20260702T112654Z,25.1,80.5
20260702T112709Z,25.1,80.6
20260702T112724Z,25.1,81.0
20260702T112739Z,25.2,81.2
20260702T112754Z,25.2,81.6
20260702T112809Z,25.2,82.1
20260702T112824Z,25.3,82.1
20260702T112839Z,25.3,82.4
20260702T112854Z,25.3,82.8
20260702T112909Z,25.3,83.1
20260702T112924Z,25.4,83.4
20260702T112939Z,25.4,83.7
20260702T112954Z,25.4,83.8
20260702T113009Z,25.4,84.0
20260702T113024Z,25.5,84.4
20260702T113039Z,25.5,84.6
20260702T113054Z,25.5,84.7
20260702T113109Z,25.5,84.7
20260702T113124Z,25.6,84.9
20260702T113139Z,25.6,84.3
20260702T113154Z,25.6,83.5
20260702T113209Z,25.6,82.3
20260702T113224Z,25.6,82.1
20260702T113239Z,25.6,81.2
20260702T113254Z,25.6,79.7
20260702T113309Z,25.5,79.2
20260702T113324Z,25.5,78.5
20260702T113339Z,25.5,77.6
20260702T113354Z,25.5,77.1
20260702T113409Z,25.4,76.0
20260702T113424Z,25.4,75.3
20260702T113439Z,25.4,74.5
20260702T113454Z,25.3,74.0
20260702T113509Z,25.3,73.1
20260702T113524Z,25.3,72.3
20260702T113539Z,25.2,71.2
20260702T113554Z,25.1,70.6
20260702T113609Z,25.0,70.3
20260702T113624Z,25.0,70.1
20260702T113639Z,25.0,69.4
20260702T113654Z,24.9,69.0
20260702T113709Z,24.9,67.8
20260702T113724Z,24.8,67.1
20260702T113739Z,24.8,66.6
20260702T113754Z,24.7,67.0
20260702T113809Z,24.6,68.1
20260702T113824Z,24.6,70.2
20260702T113839Z,24.6,71.8
20260702T113854Z,24.6,72.7
20260702T113909Z,24.6,73.5
20260702T113924Z,24.6,73.7
20260702T113939Z,24.6,74.4
20260702T113954Z,24.6,74.6
20260702T114009Z,24.6,75.4
20260702T114024Z,24.7,75.8
20260702T114039Z,24.7,76.4
20260702T114054Z,24.7,76.8
20260702T114109Z,24.8,77.3
20260702T114124Z,24.8,78.0
20260702T114139Z,24.8,78.7
20260702T114154Z,24.8,79.1
20260702T114209Z,24.8,79.3
20260702T114224Z,24.9,80.0
20260702T114239Z,24.9,80.1
20260702T114254Z,24.9,80.5
20260702T114309Z,24.9,80.8
20260702T114324Z,25.0,81.1
20260702T114339Z,25.0,82.0
20260702T114354Z,25.0,82.2
20260702T114409Z,25.1,82.1
20260702T114424Z,25.1,82.6
20260702T114439Z,25.1,82.7
20260702T114454Z,25.2,83.1
20260702T114509Z,25.2,83.4
20260702T114524Z,25.3,83.7
20260702T114539Z,25.3,84.0
20260702T114554Z,25.3,84.1
20260702T114609Z,25.4,84.5
20260702T114624Z,25.4,84.7
20260702T114639Z,25.4,84.9
20260702T114654Z,25.4,85.1
20260702T114710Z,25.5,85.2
20260702T114725Z,25.5,85.4
20260702T114739Z,25.5,85.8
20260702T114754Z,25.5,85.7
20260702T114810Z,25.6,85.4
20260702T114839Z,25.5,83.1
20260702T114854Z,25.5,82.7
20260702T114909Z,25.5,81.4
20260702T114924Z,25.5,80.7
20260702T114939Z,25.5,80.3
20260702T114954Z,25.4,79.7
20260702T115009Z,25.5,78.9
20260702T115024Z,25.4,78.6
20260702T115039Z,25.4,78.2
20260702T115054Z,25.5,77.6
20260702T115109Z,25.5,76.5
20260702T115124Z,25.5,75.7
20260702T115139Z,25.4,73.8
20260702T115154Z,25.4,73.0
20260702T115209Z,25.4,72.6
20260702T115224Z,25.3,72.1
20260702T115239Z,25.3,70.8
20260702T115254Z,25.2,70.9
20260702T115309Z,25.2,70.4
20260702T115324Z,25.1,68.8
20260702T115340Z,25.0,69.0
20260702T115354Z,24.9,68.6
20260702T115410Z,24.8,68.5
20260702T115424Z,24.7,68.3
20260702T115440Z,24.7,68.8
20260702T115454Z,24.7,69.5
20260702T115509Z,24.6,68.8
20260702T115524Z,24.5,68.9
20260702T115539Z,24.5,68.5
20260702T115554Z,24.5,68.4
20260702T115609Z,24.5,67.9
20260702T115624Z,24.5,67.2
20260702T115639Z,24.5,67.0
20260702T115654Z,24.5,67.5
20260702T115710Z,24.5,69.2
20260702T115725Z,24.5,71.4
20260702T115739Z,24.5,72.6
20260702T115754Z,24.5,72.9
20260702T115809Z,24.5,73.6
20260702T115825Z,24.5,73.9
20260702T115839Z,24.5,74.6
20260702T115855Z,24.5,75.0
20260702T115909Z,24.5,75.7
20260702T115924Z,24.5,76.0
20260702T115939Z,24.5,76.5
20260702T115954Z,24.5,77.3
20260702T120010Z,24.6,77.5
20260702T120024Z,24.6,78.3
20260702T120040Z,24.6,78.6
20260702T120054Z,24.6,78.9
20260702T120110Z,24.7,79.4
20260702T120124Z,24.7,80.0
20260702T120140Z,24.7,80.3
20260702T120154Z,24.7,80.7
20260702T120210Z,24.8,81.2
20260702T120225Z,24.8,81.2
20260702T120239Z,24.8,81.8
20260702T120255Z,24.8,81.9
20260702T120309Z,24.8,82.1
20260702T120325Z,24.9,82.6
20260702T120339Z,24.9,83.0
20260702T120355Z,24.9,83.4
20260702T120409Z,25.0,83.5
20260702T120424Z,25.0,83.8
20260702T120440Z,25.0,84.2
20260702T120454Z,25.0,84.3
20260702T120509Z,25.1,84.7
20260702T120524Z,25.1,84.8
20260702T120539Z,25.1,85.1
20260702T120554Z,25.1,85.5
20260702T120610Z,25.2,85.5
20260702T120625Z,25.2,85.7
20260702T120639Z,25.2,86.0
20260702T120655Z,25.2,86.2
20260702T120710Z,25.2,86.4
20260702T120725Z,25.3,86.7
20260702T120739Z,25.3,86.8
20260702T120755Z,25.3,86.9
20260702T120809Z,25.3,87.2
20260702T120825Z,25.3,87.3
20260702T120839Z,25.4,87.4
20260702T120854Z,25.4,87.5
20260702T120909Z,25.4,87.8
20260702T120925Z,25.4,87.8
20260702T120940Z,25.4,88.0
20260702T120954Z,25.5,88.0
20260702T121010Z,25.5,87.5
20260702T121024Z,25.5,86.1
20260702T121040Z,25.5,84.8
20260702T121054Z,25.4,84.7
20260702T121109Z,25.4,83.5
20260702T121125Z,25.4,82.9
20260702T121139Z,25.4,81.3
20260702T121154Z,25.3,80.3
20260702T121209Z,25.3,80.0
20260702T121225Z,25.2,78.9
20260702T121239Z,25.2,78.2
20260702T121255Z,25.1,77.5
20260702T121309Z,25.1,76.7
20260702T121325Z,25.0,76.2
20260702T121339Z,25.0,75.6
20260702T121355Z,25.0,74.9
20260702T121409Z,25.0,74.2
20260702T121425Z,25.0,72.8
20260702T121439Z,24.9,72.2
20260702T121455Z,24.9,71.7
20260702T121510Z,24.8,71.1
20260702T121525Z,24.8,70.5
20260702T121539Z,24.8,70.2
20260702T121554Z,24.8,70.9
20260702T121609Z,24.8,72.2
20260702T121625Z,24.8,74.1
20260702T121639Z,24.8,74.9
20260702T121655Z,24.7,76.0
20260702T121709Z,24.7,75.8
20260702T121725Z,24.7,76.5
20260702T121739Z,24.7,77.0
20260702T121755Z,24.7,77.4
20260702T121809Z,24.7,77.8
20260702T121824Z,24.7,78.4
20260702T121839Z,24.7,79.1
20260702T121854Z,24.8,79.4
20260702T121910Z,24.8,79.7
20260702T121924Z,24.8,80.2
20260702T121940Z,24.8,80.5
20260702T121954Z,24.8,80.9
20260702T122010Z,24.9,81.2
20260702T122024Z,24.9,81.6
20260702T122040Z,24.9,82.1
20260702T122054Z,24.9,82.1
20260702T122110Z,25.0,82.5
20260702T122124Z,25.0,82.7
20260702T122139Z,25.0,83.2
20260702T122154Z,25.0,83.5
20260702T122210Z,25.0,83.6
20260702T122225Z,25.1,83.9
20260702T122239Z,25.1,84.3
20260702T122255Z,25.1,84.5
20260702T122310Z,25.1,84.7
20260702T122324Z,25.2,84.8
20260702T122340Z,25.2,85.0
20260702T122354Z,25.2,85.3
20260702T122409Z,25.2,85.5
20260702T122425Z,25.3,85.8
20260702T122439Z,25.3,86.0
20260702T122454Z,25.3,86.1
20260702T122510Z,25.3,86.2
20260702T122524Z,25.3,86.4
20260702T122540Z,25.4,86.7
20260702T122554Z,25.4,86.8
20260702T122610Z,25.4,87.1
20260702T122624Z,25.4,87.1
20260702T122640Z,25.4,87.3
20260702T122654Z,25.5,87.4
20260702T122710Z,25.5,87.8
20260702T122724Z,25.5,88.1
20260702T122740Z,25.5,87.3
20260702T122754Z,25.5,86.2
20260702T122809Z,25.5,85.2
20260702T122825Z,25.5,85.0
20260702T122839Z,25.5,83.8
20260702T122855Z,25.5,82.7
20260702T122909Z,25.4,82.2
20260702T122925Z,25.4,81.3
20260702T122939Z,25.4,80.4
20260702T122955Z,25.3,79.6
20260702T123009Z,25.3,78.6
20260702T123025Z,25.3,77.4
20260702T123039Z,25.2,76.7
20260702T123055Z,25.2,75.5
20260702T123109Z,25.2,74.6
20260702T123124Z,25.1,74.1
20260702T123140Z,25.1,73.3
20260702T123154Z,25.0,72.7
20260702T123210Z,24.9,71.8
20260702T123224Z,24.9,71.4
20260702T123240Z,24.8,71.3
20260702T123254Z,24.7,72.3
20260702T123310Z,24.7,73.6
20260702T123324Z,24.7,75.5
20260702T123340Z,24.7,76.6
20260702T123354Z,24.7,77.3
20260702T123409Z,24.7,77.5
20260702T123424Z,24.7,77.9
20260702T123439Z,24.7,78.4
20260702T123455Z,24.7,78.8
20260702T123510Z,24.7,79.2
20260702T123524Z,24.7,79.8
20260702T123540Z,24.7,79.9
20260702T123554Z,24.7,80.5
20260702T123610Z,24.7,80.9
20260702T123624Z,24.7,81.0
20260702T123640Z,24.8,81.8
20260702T123654Z,24.8,81.9
20260702T123710Z,24.8,82.2
20260702T123724Z,24.8,82.5
20260702T123739Z,24.8,82.8
20260702T123755Z,24.9,83.1
20260702T123809Z,24.9,83.5
20260702T123825Z,24.9,83.8
20260702T123839Z,24.9,84.3
20260702T123855Z,24.9,84.6
20260702T123909Z,24.9,84.7
20260702T123925Z,25.0,85.0
20260702T123939Z,25.0,85.4
20260702T123955Z,25.0,85.7
20260702T124009Z,25.0,85.8
20260702T124025Z,25.0,86.0
20260702T124040Z,25.1,86.2
20260702T124054Z,25.1,86.5
20260702T124109Z,25.1,86.6
20260702T124125Z,25.1,86.9
20260702T124139Z,25.1,86.9
20260702T124155Z,25.1,87.1
20260702T124209Z,25.2,87.5
20260702T124225Z,25.2,87.7
20260702T124239Z,25.2,87.9
20260702T124255Z,25.2,88.0
20260702T124309Z,25.2,88.0
20260702T124325Z,25.2,88.2
20260702T124339Z,25.3,88.3
20260702T124354Z,25.3,88.4
20260702T124410Z,25.3,88.4
20260702T124425Z,25.3,88.6
20260702T124440Z,25.4,88.7
20260702T124454Z,25.4,88.9
20260702T124510Z,25.4,88.9
20260702T124524Z,25.4,89.1
20260702T124539Z,25.4,89.2
20260702T124555Z,25.4,89.3
20260702T124609Z,25.4,89.5
20260702T124625Z,25.5,89.5
20260702T124639Z,25.5,89.0
20260702T124654Z,25.5,87.6
20260702T124710Z,25.5,86.6
20260702T124724Z,25.4,85.9
20260702T124740Z,25.4,85.1
20260702T124755Z,25.4,83.7
20260702T124809Z,25.3,82.7
20260702T124824Z,25.3,82.3
20260702T124840Z,25.2,81.7
20260702T124854Z,25.2,80.9
20260702T124910Z,25.2,79.6
20260702T124924Z,25.2,78.7
20260702T124940Z,25.2,77.9
20260702T124954Z,25.1,77.2
20260702T125010Z,25.1,75.9
20260702T125025Z,25.1,75.2
20260702T125040Z,25.0,74.0
20260702T125055Z,25.0,74.0
20260702T125110Z,24.9,73.4
20260702T125124Z,24.9,72.8
20260702T125140Z,24.8,72.5
20260702T125154Z,24.8,72.2
20260702T125209Z,24.7,73.0
20260702T125225Z,24.7,74.6
20260702T125239Z,24.7,76.6
20260702T125255Z,24.7,77.4
20260702T125310Z,24.6,77.8
20260702T125325Z,24.6,78.4
20260702T125339Z,24.6,79.0
20260702T125355Z,24.6,79.4
20260702T125410Z,24.6,79.6
20260702T125424Z,24.6,80.0
20260702T125440Z,24.6,80.5
20260702T125454Z,24.6,80.9
20260702T125510Z,24.7,81.3
20260702T125524Z,24.7,81.8
20260702T125540Z,24.7,82.4
20260702T125554Z,24.7,82.6
20260702T125611Z,24.7,82.9
20260702T125625Z,24.7,83.2
20260702T125640Z,24.8,83.7
20260702T125655Z,24.8,83.9
20260702T125710Z,24.8,84.2
20260702T125725Z,24.8,84.4
20260702T125740Z,24.9,84.7
20260702T125755Z,24.9,85.1
20260702T125810Z,24.9,85.3
20260702T125825Z,24.9,85.6
20260702T125840Z,24.9,85.9
20260702T125855Z,24.9,86.1
20260702T125910Z,25.0,86.3
20260702T125924Z,25.0,86.5
20260702T125940Z,25.0,86.7
20260702T125955Z,25.0,87.0
20260702T130011Z,25.0,87.2
20260702T130025Z,25.0,87.2
20260702T130040Z,25.1,87.5
20260702T130055Z,25.1,87.7
20260702T130110Z,25.1,87.8
20260702T130125Z,25.1,87.9
20260702T130140Z,25.2,88.3
20260702T130155Z,25.2,88.2
20260702T130210Z,25.2,88.4
20260702T130225Z,25.2,88.5
20260702T130240Z,25.2,88.7
20260702T130255Z,25.3,88.9
20260702T130310Z,25.3,88.9
20260702T130325Z,25.3,89.0
20260702T130340Z,25.3,89.2
20260702T130355Z,25.3,89.2
20260702T130410Z,25.4,89.4
20260702T130425Z,25.4,89.5
20260702T130440Z,25.4,89.6
20260702T130455Z,25.4,89.8
20260702T130510Z,25.4,89.9
20260702T130525Z,25.4,89.8
20260702T130540Z,25.4,89.9
20260702T130555Z,25.5,90.0
20260702T130610Z,25.5,90.1
20260702T130625Z,25.5,90.2
20260702T130640Z,25.5,89.4
20260702T130655Z,25.5,88.8
20260702T130710Z,25.5,87.6
20260702T130725Z,25.5,86.9
20260702T130740Z,25.4,86.1
20260702T130755Z,25.4,85.0
20260702T130811Z,25.4,83.8
20260702T130825Z,25.3,83.5
20260702T130840Z,25.3,82.5
20260702T130855Z,25.2,82.0
20260702T130910Z,25.2,80.8
20260702T130925Z,25.2,79.7
20260702T130940Z,25.1,78.6
20260702T130955Z,25.1,77.9
20260702T131010Z,25.1,77.1
20260702T131025Z,25.0,76.2
20260702T131040Z,25.0,75.3
20260702T131055Z,24.9,74.8
20260702T131110Z,24.9,73.7
20260702T131125Z,24.8,73.3
20260702T131140Z,24.7,73.4
20260702T131155Z,24.7,74.4
20260702T131210Z,24.7,76.7
20260702T131225Z,24.7,77.7
20260702T131240Z,24.6,78.6
20260702T131255Z,24.6,79.2
20260702T131310Z,24.6,79.4
20260702T131325Z,24.6,79.5
20260702T131340Z,24.6,80.4
20260702T131355Z,24.6,80.6
20260702T131410Z,24.6,80.8
20260702T131425Z,24.6,81.3
20260702T131440Z,24.6,81.8
20260702T131455Z,24.7,82.3
20260702T131510Z,24.7,82.6
20260702T131525Z,24.7,83.0
20260702T131540Z,24.7,83.3
20260702T131555Z,24.7,83.7
20260702T131610Z,24.8,83.8
20260702T131625Z,24.8,84.2
20260702T131640Z,24.8,84.7
20260702T131655Z,24.8,84.8
20260702T131710Z,24.8,85.2
20260702T131725Z,24.8,85.4
20260702T131740Z,24.9,85.7
20260702T131755Z,24.9,85.9
20260702T131810Z,24.9,86.2
20260702T131825Z,24.9,86.3
20260702T131840Z,24.9,86.6
20260702T131855Z,25.0,86.7
20260702T131911Z,25.0,87.0
20260702T131925Z,25.0,87.2
20260702T131940Z,25.0,87.4
20260702T131955Z,25.0,87.6
20260702T132010Z,25.1,87.8
20260702T132025Z,25.1,88.0
20260702T132040Z,25.1,88.2
20260702T132055Z,25.1,88.3
20260702T132110Z,25.1,88.5
20260702T132125Z,25.2,88.7
20260702T132140Z,25.2,88.8
20260702T132155Z,25.2,88.9
20260702T132210Z,25.2,89.0
20260702T132225Z,25.2,89.2
20260702T132240Z,25.2,89.3
20260702T132255Z,25.3,89.4
20260702T132310Z,25.3,89.6
20260702T132325Z,25.3,89.7
20260702T132340Z,25.3,89.7
20260702T132355Z,25.3,89.8
20260702T132410Z,25.4,89.9
20260702T132425Z,25.4,90.0
20260702T132440Z,25.4,90.1
20260702T132455Z,25.4,90.2
20260702T132510Z,25.4,90.3
20260702T132525Z,25.4,90.3
20260702T132540Z,25.4,90.4
20260702T132555Z,25.5,90.5
20260702T132610Z,25.5,90.5
20260702T132625Z,25.5,90.0
20260702T132640Z,25.5,88.4
20260702T132655Z,25.5,87.7
20260702T132710Z,25.5,87.2
20260702T132725Z,25.4,86.1
20260702T132740Z,25.4,85.0
20260702T132755Z,25.3,84.5
20260702T132810Z,25.3,84.0
20260702T132825Z,25.3,82.7
20260702T132840Z,25.3,81.7
20260702T132855Z,25.2,80.7
20260702T132910Z,25.2,79.8
20260702T132925Z,25.2,79.2
20260702T132940Z,25.1,78.4
20260702T132955Z,25.1,77.2
20260702T133010Z,25.1,76.1
20260702T133025Z,25.0,75.6
20260702T133040Z,25.0,74.6
20260702T133055Z,24.9,74.2
20260702T133110Z,24.9,73.5
20260702T133125Z,24.8,73.7
20260702T133140Z,24.8,74.5
20260702T133155Z,24.8,76.9
20260702T133210Z,24.8,78.1
20260702T133225Z,24.7,79.0
20260702T133240Z,24.7,79.4
20260702T133255Z,24.7,79.7
20260702T133310Z,24.7,80.1
20260702T133325Z,24.7,80.3
20260702T133340Z,24.7,81.0
20260702T133355Z,24.7,81.4
20260702T133410Z,24.7,81.8
20260702T133425Z,24.7,82.3
20260702T133440Z,24.7,82.6
20260702T133455Z,24.7,83.1
20260702T133510Z,24.7,83.4
20260702T133525Z,24.7,83.8
20260702T133540Z,24.7,84.2
20260702T133555Z,24.8,84.4
20260702T133610Z,24.8,84.7
20260702T133625Z,24.8,84.9
20260702T133640Z,24.8,85.3
20260702T133655Z,24.8,85.7
20260702T133710Z,24.9,85.9
20260702T133725Z,24.9,86.1
20260702T133740Z,24.9,86.4
20260702T133755Z,24.9,86.5
20260702T133810Z,24.9,86.9
20260702T133825Z,25.0,87.1
20260702T133840Z,25.0,87.3
20260702T133855Z,25.0,87.4
20260702T133910Z,25.0,87.7
20260702T133925Z,25.0,88.0
20260702T133940Z,25.1,88.1
20260702T133955Z,25.1,88.1
20260702T134010Z,25.1,88.5
20260702T134025Z,25.1,88.7
20260702T134040Z,25.1,88.7
20260702T134055Z,25.1,89.2
20260702T134110Z,25.2,89.5
20260702T134125Z,25.2,89.4
20260702T134140Z,25.2,89.6
20260702T134155Z,25.2,89.7
20260702T134210Z,25.2,89.9
20260702T134225Z,25.3,89.9
20260702T134240Z,25.3,90.0
20260702T134255Z,25.3,90.0
20260702T134310Z,25.4,90.2
20260702T134325Z,25.4,90.4
20260702T134340Z,25.4,90.4
20260702T134355Z,25.4,90.5
20260702T134410Z,25.4,90.5
20260702T134425Z,25.4,90.6
20260702T134440Z,25.4,90.7
20260702T134455Z,25.5,90.8
20260702T134510Z,25.5,90.1
20260702T134525Z,25.5,89.5
20260702T134540Z,25.5,88.1
20260702T134555Z,25.4,87.8
20260702T134610Z,25.4,86.8
20260702T134625Z,25.4,85.7
20260702T134640Z,25.3,84.4
20260702T134655Z,25.3,84.4
20260702T134711Z,25.3,83.1
20260702T134726Z,25.2,82.4
20260702T134740Z,25.2,81.3
20260702T134755Z,25.1,80.8
20260702T134810Z,25.1,79.7
20260702T134825Z,25.1,78.4
20260702T134840Z,25.1,77.7
20260702T134855Z,25.1,76.7
20260702T134910Z,25.0,76.2
20260702T134925Z,25.0,75.4
20260702T134940Z,24.9,74.5
20260702T134955Z,24.9,73.3
20260702T135010Z,24.8,73.8
20260702T135025Z,24.8,74.6
20260702T135040Z,24.8,76.6
20260702T135055Z,24.8,78.0
20260702T135110Z,24.8,78.6
20260702T135125Z,24.7,79.5
20260702T135140Z,24.7,79.8
20260702T135155Z,24.7,80.0
20260702T135210Z,24.7,80.6
20260702T135225Z,24.7,80.8
20260702T135240Z,24.7,81.5
20260702T135255Z,24.7,82.0
20260702T135310Z,24.7,82.4
20260702T135325Z,24.7,82.8
20260702T135340Z,24.7,83.2
20260702T135355Z,24.7,83.6
20260702T135410Z,24.7,83.9
20260702T135425Z,24.7,84.4
20260702T135440Z,24.8,84.6
20260702T135455Z,24.8,84.9
20260702T135510Z,24.8,85.3
20260702T135525Z,24.8,85.5
20260702T135540Z,24.8,85.8
20260702T135555Z,24.8,86.0
20260702T135610Z,24.9,86.2
20260702T135625Z,24.9,86.5
20260702T135640Z,24.9,86.7
20260702T135655Z,24.9,87.0
20260702T135710Z,25.0,87.3
20260702T135725Z,25.0,87.5
20260702T135740Z,25.0,87.7
20260702T135755Z,25.0,88.0
20260702T135810Z,25.0,88.1
20260702T135825Z,25.0,88.3
20260702T135840Z,25.1,88.4
20260702T135855Z,25.1,88.6
20260702T135911Z,25.1,88.8
20260702T135925Z,25.1,89.2
20260702T135940Z,25.1,89.4
20260702T135955Z,25.2,89.6
20260702T140010Z,25.2,89.8
20260702T140025Z,25.2,90.0
20260702T140040Z,25.3,90.0
20260702T140055Z,25.3,90.1
20260702T140109Z,25.3,90.2
20260702T140125Z,25.3,90.4
20260702T140140Z,25.4,90.7
20260702T140155Z,25.4,90.7
20260702T140210Z,25.4,90.8
20260702T140225Z,25.4,90.9
20260702T140240Z,25.4,90.9
20260702T140255Z,25.5,91.0
20260702T140310Z,25.5,91.3
20260702T140325Z,25.5,91.4
20260702T140340Z,25.6,89.9
20260702T140355Z,25.5,88.8
20260702T140410Z,25.5,88.0
20260702T140425Z,25.5,86.9
20260702T140440Z,25.5,85.7
20260702T140455Z,25.4,85.0
20260702T140510Z,25.4,84.0
20260702T140525Z,25.3,83.4
20260702T140540Z,25.3,82.9
20260702T140555Z,25.2,81.9
20260702T140610Z,25.2,80.8
20260702T140625Z,25.2,79.6
20260702T140640Z,25.1,79.1
20260702T140655Z,25.1,78.0
20260702T140710Z,25.1,77.1
20260702T140725Z,25.0,75.7
20260702T140740Z,24.9,75.5
20260702T140755Z,24.8,75.0
20260702T140810Z,24.8,74.5
20260702T140825Z,24.7,73.7
20260702T140840Z,24.6,73.3
20260702T140855Z,24.6,73.8
20260702T140910Z,24.6,74.6
20260702T140925Z,24.6,77.2
20260702T140940Z,24.6,78.3
20260702T140955Z,24.6,78.8
20260702T141010Z,24.6,79.3
20260702T141025Z,24.6,79.6
20260702T141040Z,24.6,80.3
20260702T141055Z,24.6,80.5
20260702T141110Z,24.7,81.0
20260702T141125Z,24.7,81.5
20260702T141140Z,24.7,81.8
20260702T141155Z,24.7,82.4
20260702T141210Z,24.7,82.8
20260702T141225Z,24.8,83.1
20260702T141240Z,24.8,83.4
20260702T141255Z,24.8,83.9
20260702T141310Z,24.8,84.2
20260702T141325Z,24.9,84.7
20260702T141340Z,24.9,84.8
20260702T141355Z,24.9,85.2
20260702T141410Z,24.9,85.4
20260702T141425Z,24.9,85.6
20260702T141440Z,25.0,86.0
20260702T141455Z,25.0,86.3
20260702T141510Z,25.0,86.5
20260702T141525Z,25.0,86.6
20260702T141540Z,25.1,86.8
20260702T141555Z,25.1,87.0
20260702T141610Z,25.1,87.3
20260702T141625Z,25.1,87.4
20260702T141640Z,25.1,87.7
20260702T141655Z,25.2,87.9
20260702T141710Z,25.2,88.2
20260702T141725Z,25.2,88.2
20260702T141740Z,25.2,88.5
20260702T141755Z,25.2,88.7
20260702T141810Z,25.3,88.8
20260702T141825Z,25.3,88.9
20260702T141840Z,25.3,89.2
20260702T141855Z,25.4,89.4
20260702T141910Z,25.4,89.5
20260702T141925Z,25.4,89.7
20260702T141940Z,25.4,89.6
20260702T141955Z,25.4,89.9
20260702T142010Z,25.4,90.0
20260702T142025Z,25.5,90.1
20260702T142040Z,25.5,90.3
20260702T142055Z,25.5,90.4
20260702T142110Z,25.5,90.5
20260702T142125Z,25.5,90.5
20260702T142140Z,25.5,90.6
20260702T142155Z,25.6,89.8
20260702T142210Z,25.6,89.8
20260702T142225Z,25.6,88.4
20260702T142240Z,25.5,87.5
20260702T142255Z,25.5,86.6
20260702T142310Z,25.5,86.1
20260702T142325Z,25.4,85.5
20260702T142340Z,25.4,84.7
20260702T142355Z,25.3,83.4
20260702T142410Z,25.3,82.8
20260702T142425Z,25.2,81.9
20260702T142440Z,25.1,81.4
20260702T142455Z,25.1,80.3
20260702T142510Z,25.1,79.1
20260702T142525Z,25.1,78.3
20260702T142540Z,25.0,77.4
20260702T142555Z,24.9,76.7
20260702T142610Z,24.9,75.9
20260702T142625Z,24.8,75.5
20260702T142640Z,24.8,74.7
20260702T142655Z,24.7,73.9
20260702T142710Z,24.7,73.6
20260702T142725Z,24.6,74.1
20260702T142740Z,24.6,75.6
20260702T142755Z,24.6,77.9
20260702T142810Z,24.6,78.9
20260702T142825Z,24.5,79.5
20260702T142840Z,24.5,79.9
20260702T142855Z,24.5,80.0
20260702T142910Z,24.6,80.3
20260702T142925Z,24.6,81.0
20260702T142940Z,24.6,81.1
20260702T142955Z,24.6,81.6
20260702T143010Z,24.6,82.1
20260702T143025Z,24.6,82.5
20260702T143040Z,24.6,83.1
20260702T143055Z,24.6,83.4
20260702T143110Z,24.7,83.8
20260702T143125Z,24.7,84.2
20260702T143140Z,24.7,84.4
20260702T143155Z,24.7,84.9
20260702T143210Z,24.7,85.1
20260702T143225Z,24.8,85.4
20260702T143240Z,24.8,85.5
20260702T143255Z,24.8,85.9
20260702T143310Z,24.8,86.2
20260702T143325Z,24.8,86.4
20260702T143340Z,24.9,86.7
20260702T143355Z,24.9,87.0
20260702T143410Z,24.9,87.2
20260702T143425Z,24.9,87.3
20260702T143440Z,24.9,87.5
20260702T143455Z,25.0,87.8
20260702T143510Z,25.0,88.2
20260702T143525Z,25.0,88.2
20260702T143540Z,25.0,88.4
20260702T143555Z,25.0,88.6
20260702T143610Z,25.1,88.7
20260702T143625Z,25.1,88.9
20260702T143640Z,25.1,89.0
20260702T143655Z,25.1,89.4
20260702T143710Z,25.1,89.4
20260702T143725Z,25.2,89.6
20260702T143740Z,25.2,89.7
20260702T143755Z,25.2,89.8
20260702T143810Z,25.2,89.9
20260702T143825Z,25.2,90.1
20260702T143840Z,25.2,90.1
20260702T143855Z,25.3,90.4
20260702T143910Z,25.3,90.4
20260702T143925Z,25.3,90.5
20260702T143940Z,25.3,90.7
20260702T143955Z,25.3,90.8
20260702T144010Z,25.3,90.8
20260702T144026Z,25.4,90.9
20260702T144041Z,25.4,91.1
20260702T144055Z,25.4,91.1
20260702T144110Z,25.4,91.0
20260702T144125Z,25.4,91.2
20260702T144140Z,25.4,91.3
20260702T144155Z,25.5,91.4
20260702T144210Z,25.5,91.4
20260702T144225Z,25.5,91.4
20260702T144240Z,25.5,90.8
20260702T144255Z,25.5,89.8
20260702T144310Z,25.5,88.8
20260702T144325Z,25.5,88.3
20260702T144340Z,25.4,86.9
20260702T144355Z,25.4,86.4
20260702T144410Z,25.3,85.2
20260702T144425Z,25.3,84.4
20260702T144440Z,25.2,83.5
20260702T144455Z,25.2,83.1
20260702T144510Z,25.1,82.2
20260702T144525Z,25.1,81.1
20260702T144540Z,25.1,80.0
20260702T144555Z,25.0,79.1
20260702T144610Z,25.0,78.2
20260702T144625Z,24.9,77.9
20260702T144640Z,24.9,76.5
20260702T144655Z,24.9,75.7
20260702T144710Z,24.8,75.2
20260702T144725Z,24.7,74.4
20260702T144740Z,24.7,75.1
20260702T144755Z,24.7,76.0
20260702T144810Z,24.7,78.1
20260702T144825Z,24.6,79.2
20260702T144840Z,24.6,79.7
20260702T144855Z,24.6,80.2
20260702T144910Z,24.6,80.6
20260702T144925Z,24.6,81.2
20260702T144940Z,24.6,81.5
20260702T144955Z,24.6,81.8
20260702T145010Z,24.6,82.2
20260702T145025Z,24.6,82.5
20260702T145040Z,24.6,83.1
20260702T145055Z,24.6,83.7
20260702T145110Z,24.7,84.0
20260702T145125Z,24.7,84.2
20260702T145140Z,24.7,84.7
20260702T145155Z,24.7,85.1
20260702T145210Z,24.7,85.3
20260702T145225Z,24.7,85.5
20260702T145240Z,24.7,85.9
20260702T145255Z,24.8,86.2
20260702T145310Z,24.8,86.5
20260702T145325Z,24.8,86.8
20260702T145340Z,24.8,86.9
20260702T145355Z,24.8,87.3
20260702T145410Z,24.9,87.5
20260702T145425Z,24.9,87.7
20260702T145440Z,24.9,88.0
20260702T145455Z,24.9,88.1
20260702T145510Z,24.9,88.3
20260702T145525Z,25.0,88.5
20260702T145540Z,25.0,88.7
20260702T145555Z,25.0,88.9
20260702T145610Z,25.0,89.1
20260702T145625Z,25.0,89.3
20260702T145640Z,25.1,89.4
20260702T145655Z,25.1,89.5
20260702T145710Z,25.1,89.7
20260702T145725Z,25.1,89.8
20260702T145740Z,25.1,90.0
20260702T145755Z,25.2,90.2
20260702T145810Z,25.2,90.3
20260702T145825Z,25.2,90.6
20260702T145840Z,25.2,90.9
20260702T145855Z,25.2,91.1
20260702T145910Z,25.3,91.2
20260702T145925Z,25.3,91.3
20260702T145940Z,25.3,91.7
20260702T145955Z,25.4,91.7
20260702T150010Z,25.4,91.8
20260702T150026Z,25.4,92.0
20260702T150041Z,25.4,92.1
20260702T150055Z,25.4,91.3
20260702T150110Z,25.5,90.6
20260702T150125Z,25.4,89.1
20260702T150140Z,25.4,89.0
20260702T150155Z,25.4,87.9
20260702T150210Z,25.3,86.8
20260702T150225Z,25.3,86.3
20260702T150240Z,25.2,85.2
20260702T150255Z,25.2,84.3
20260702T150310Z,25.1,83.8
20260702T150325Z,25.0,83.0
20260702T150340Z,25.0,82.2
20260702T150355Z,24.9,80.8
20260702T150410Z,24.9,80.1
20260702T150425Z,24.8,79.8
20260702T150440Z,24.8,78.8
20260702T150455Z,24.7,78.6
20260702T150510Z,24.7,78.3
20260702T150525Z,24.7,77.8
20260702T150540Z,24.7,75.9
20260702T150555Z,24.6,75.3
20260702T150610Z,24.6,74.0
20260702T150625Z,24.5,74.9
20260702T150640Z,24.5,76.8
20260702T150655Z,24.5,78.9
20260702T150710Z,24.5,80.0
20260702T150725Z,24.5,80.6
20260702T150740Z,24.5,81.1
20260702T150755Z,24.5,81.5
20260702T150810Z,24.5,81.5
20260702T150825Z,24.5,81.7
20260702T150840Z,24.5,82.1
20260702T150855Z,24.5,82.5
20260702T150910Z,24.6,82.7
20260702T150925Z,24.6,83.0
20260702T150940Z,24.7,83.4
20260702T150955Z,24.7,83.8
20260702T151010Z,24.7,84.2
20260702T151025Z,24.7,84.3
20260702T151040Z,24.8,84.6
20260702T151055Z,24.8,84.7
20260702T151110Z,24.8,84.9
20260702T151125Z,24.9,85.4
20260702T151140Z,24.9,85.6
20260702T151155Z,24.9,85.8
20260702T151210Z,24.9,86.2
20260702T151225Z,25.0,86.5
20260702T151240Z,25.0,86.6
20260702T151255Z,25.0,86.8
20260702T151310Z,25.1,86.9
20260702T151325Z,25.1,87.3
20260702T151340Z,25.1,87.5
20260702T151355Z,25.1,87.9
20260702T151410Z,25.1,87.9
20260702T151425Z,25.1,88.1
20260702T151440Z,25.2,88.3
20260702T151455Z,25.2,88.5
20260702T151510Z,25.2,88.7
20260702T151525Z,25.2,88.9
20260702T151540Z,25.3,89.2
20260702T151555Z,25.3,89.3
20260702T151610Z,25.3,89.4
20260702T151625Z,25.3,89.5
20260702T151640Z,25.3,89.7
20260702T151655Z,25.3,89.8
20260702T151710Z,25.4,90.0
20260702T151725Z,25.4,90.2
20260702T151740Z,25.4,90.3
20260702T151755Z,25.4,90.4
20260702T151810Z,25.4,90.5
20260702T151825Z,25.5,90.6
20260702T151840Z,25.5,90.8
20260702T151855Z,25.5,90.9
20260702T151910Z,25.5,91.0
20260702T151925Z,25.5,91.1
20260702T151940Z,25.5,91.1
20260702T151955Z,25.5,91.3
20260702T152010Z,25.5,91.4
20260702T152025Z,25.5,91.5
20260702T152040Z,25.6,91.5
20260702T152055Z,25.6,91.7
20260702T152110Z,25.6,91.8
20260702T152125Z,25.6,91.9
20260702T152140Z,25.6,91.4
20260702T152155Z,25.6,91.3
20260702T152210Z,25.6,89.6
20260702T152225Z,25.6,89.0
20260702T152240Z,25.6,88.1
20260702T152255Z,25.5,87.1
20260702T152310Z,25.5,86.6
20260702T152325Z,25.4,85.7
20260702T152340Z,25.4,84.6
20260702T152355Z,25.4,83.9
20260702T152410Z,25.3,82.4
20260702T152425Z,25.3,81.3
20260702T152440Z,25.2,80.6
20260702T152455Z,25.1,79.7
20260702T152510Z,25.1,79.3
20260702T152525Z,25.0,78.3
20260702T152540Z,25.0,77.7
20260702T152555Z,24.9,77.0
20260702T152610Z,24.9,76.5
20260702T152625Z,24.8,76.4
20260702T152640Z,24.8,77.2
20260702T152655Z,24.8,78.6
20260702T152710Z,24.8,80.3
20260702T152725Z,24.8,81.1
20260702T152740Z,24.8,81.5
20260702T152755Z,24.7,81.7
20260702T152810Z,24.7,81.9
20260702T152825Z,24.7,82.4
20260702T152840Z,24.7,82.6
20260702T152855Z,24.7,83.2
20260702T152910Z,24.7,83.5
20260702T152925Z,24.8,83.9
20260702T152940Z,24.8,84.2
20260702T152955Z,24.8,84.5
20260702T153010Z,24.8,84.9
20260702T153025Z,24.8,85.0
20260702T153040Z,24.9,85.3
20260702T153055Z,24.9,85.7
20260702T153110Z,24.9,85.8
20260702T153125Z,24.9,86.0
20260702T153140Z,25.0,86.4
20260702T153155Z,25.0,86.6
20260702T153210Z,25.0,86.9
20260702T153226Z,25.0,86.9
20260702T153241Z,25.1,87.2
20260702T153255Z,25.1,87.4
20260702T153310Z,25.1,87.5
20260702T153325Z,25.1,87.8
20260702T153340Z,25.2,87.9
20260702T153355Z,25.2,88.1
20260702T153410Z,25.2,88.4
20260702T153425Z,25.2,88.5
20260702T153440Z,25.2,88.6
20260702T153455Z,25.3,88.8
20260702T153510Z,25.3,89.1
20260702T153525Z,25.3,89.2
20260702T153540Z,25.3,89.4
20260702T153555Z,25.3,89.5
20260702T153610Z,25.3,89.8
20260702T153625Z,25.4,89.7
20260702T153640Z,25.4,89.7
20260702T153655Z,25.4,90.1
20260702T153710Z,25.4,90.1
20260702T153725Z,25.4,90.1
20260702T153740Z,25.4,90.5
20260702T153755Z,25.5,90.5
20260702T153810Z,25.5,90.6
20260702T153825Z,25.5,90.8
20260702T153840Z,25.5,90.9
20260702T153855Z,25.5,91.1
20260702T153910Z,25.5,91.1
20260702T153925Z,25.5,91.3
20260702T153940Z,25.5,91.3
20260702T153955Z,25.6,91.4
20260702T154010Z,25.6,91.5
20260702T154025Z,25.6,91.5
20260702T154040Z,25.6,91.8
20260702T154055Z,25.6,91.8
20260702T154110Z,25.6,91.9
20260702T154125Z,25.6,92.0
20260702T154140Z,25.6,92.0
20260702T154155Z,25.7,92.0
20260702T154210Z,25.7,91.7
20260702T154225Z,25.7,90.5
20260702T154240Z,25.6,89.6
20260702T154255Z,25.6,88.9
20260702T154310Z,25.6,87.7
20260702T154325Z,25.5,86.9
20260702T154340Z,25.5,86.4
20260702T154355Z,25.5,86.0
20260702T154410Z,25.5,84.5
20260702T154425Z,25.4,83.4
20260702T154440Z,25.4,82.2
20260702T154455Z,25.4,81.1
20260702T154510Z,25.3,79.9
20260702T154525Z,25.2,79.0
20260702T154540Z,25.1,78.2
20260702T154556Z,25.0,76.9
20260702T154610Z,24.9,76.4
20260702T154626Z,24.8,75.9
20260702T154640Z,24.7,76.0
20260702T154655Z,24.6,77.4
20260702T154710Z,24.6,79.4
20260702T154725Z,24.6,81.0
20260702T154740Z,24.6,82.0
20260702T154755Z,24.6,82.2
20260702T154810Z,24.5,82.7
20260702T154825Z,24.5,83.1
20260702T154840Z,24.5,83.2
20260702T154855Z,24.6,83.6
20260702T154910Z,24.6,83.9
20260702T154925Z,24.6,84.2
20260702T154940Z,24.6,84.8
20260702T154955Z,24.6,85.1
20260702T155010Z,24.7,85.3
20260702T155025Z,24.7,85.6
20260702T155040Z,24.7,85.8
20260702T155055Z,24.8,86.1
20260702T155110Z,24.8,86.2
20260702T155125Z,24.8,86.5
20260702T155140Z,24.9,86.7
20260702T155156Z,24.9,86.8
20260702T155210Z,24.9,87.1
20260702T155226Z,25.0,87.2
20260702T155240Z,25.0,87.4
20260702T155256Z,25.0,87.6
20260702T155310Z,25.0,87.9
20260702T155325Z,25.1,88.2
20260702T155340Z,25.1,88.4
20260702T155355Z,25.1,88.5
20260702T155410Z,25.1,88.6
20260702T155425Z,25.2,88.7
20260702T155440Z,25.2,88.9
20260702T155455Z,25.2,89.1
20260702T155511Z,25.2,89.2
20260702T155525Z,25.2,89.4
20260702T155541Z,25.3,89.4
20260702T155555Z,25.3,89.7
20260702T155611Z,25.3,89.9
20260702T155625Z,25.3,90.0
20260702T155641Z,25.3,90.1
20260702T155655Z,25.3,90.2
20260702T155711Z,25.3,90.4
20260702T155725Z,25.4,90.5
20260702T155741Z,25.4,90.7
20260702T155755Z,25.4,90.9
20260702T155811Z,25.4,91.0
20260702T155826Z,25.4,91.2
20260702T155840Z,25.4,91.2
20260702T155856Z,25.4,91.3
20260702T155910Z,25.4,91.4
20260702T155926Z,25.5,91.6
20260702T155940Z,25.5,91.7
20260702T155956Z,25.5,91.8
20260702T160010Z,25.5,92.0
20260702T160026Z,25.5,91.9
20260702T160040Z,25.5,91.9
20260702T160056Z,25.5,92.1
20260702T160110Z,25.6,92.2
20260702T160126Z,25.6,92.4
20260702T160140Z,25.6,92.4
20260702T160156Z,25.6,92.4
20260702T160210Z,25.6,92.5
20260702T160226Z,25.6,92.6
20260702T160240Z,25.6,92.6
20260702T160256Z,25.6,92.7
20260702T160310Z,25.7,92.2
20260702T160326Z,25.6,91.7
20260702T160340Z,25.6,90.5
20260702T160356Z,25.6,89.9
20260702T160410Z,25.6,89.2
20260702T160426Z,25.6,87.9
20260702T160440Z,25.5,87.5
20260702T160456Z,25.5,86.9
20260702T160510Z,25.5,85.5
20260702T160525Z,25.5,84.7
20260702T160541Z,25.4,83.5
20260702T160555Z,25.4,82.4
20260702T160611Z,25.3,81.3
20260702T160626Z,25.3,80.7
20260702T160641Z,25.2,79.0
20260702T160655Z,25.1,78.0
20260702T160711Z,25.0,77.6
20260702T160725Z,24.9,77.1
20260702T160741Z,24.8,76.3
20260702T160756Z,24.7,77.0
20260702T160810Z,24.6,78.1
20260702T160825Z,24.6,80.0
20260702T160841Z,24.6,81.6
20260702T160855Z,24.6,82.4
20260702T160911Z,24.6,82.9
20260702T160925Z,24.6,83.0
20260702T160941Z,24.6,83.3
20260702T160955Z,24.6,83.7
20260702T161011Z,24.6,84.0
20260702T161025Z,24.6,84.4
20260702T161041Z,24.6,84.6
20260702T161055Z,24.7,84.9
20260702T161111Z,24.7,85.2
20260702T161125Z,24.7,85.5
20260702T161141Z,24.7,85.9
20260702T161155Z,24.8,86.0
20260702T161211Z,24.8,86.3
20260702T161225Z,24.8,86.5
20260702T161241Z,24.9,86.8
20260702T161255Z,24.9,86.9
20260702T161311Z,24.9,87.3
20260702T161325Z,25.0,87.4
20260702T161341Z,25.0,87.7
20260702T161355Z,25.0,87.9
20260702T161411Z,25.0,88.2
20260702T161425Z,25.0,88.2
20260702T161441Z,25.1,88.3
20260702T161455Z,25.1,88.6
20260702T161511Z,25.1,88.9
20260702T161525Z,25.1,88.9
20260702T161541Z,25.1,89.1
20260702T161555Z,25.2,89.2
20260702T161611Z,25.2,89.3
20260702T161626Z,25.2,89.5
20260702T161640Z,25.2,89.6
20260702T161656Z,25.3,89.8
20260702T161710Z,25.3,89.9
20260702T161726Z,25.3,90.1
20260702T161740Z,25.3,90.2
20260702T161756Z,25.3,90.4
20260702T161810Z,25.3,90.6
20260702T161826Z,25.3,90.7
20260702T161840Z,25.3,90.8
20260702T161856Z,25.4,91.0
20260702T161910Z,25.4,91.1
20260702T161926Z,25.4,91.3
20260702T161940Z,25.4,91.4
20260702T161956Z,25.4,91.5
20260702T162010Z,25.4,91.6
20260702T162026Z,25.5,91.8
20260702T162041Z,25.5,91.8
20260702T162055Z,25.5,91.9
20260702T162111Z,25.5,92.1
20260702T162125Z,25.5,92.0
20260702T162141Z,25.5,92.2
20260702T162155Z,25.5,92.3
20260702T162211Z,25.6,92.3
20260702T162225Z,25.6,92.4
20260702T162241Z,25.6,92.4
20260702T162255Z,25.6,92.6
20260702T162311Z,25.6,92.6
20260702T162326Z,25.6,92.7
20260702T162340Z,25.6,92.7
20260702T162356Z,25.6,92.7
20260702T162410Z,25.6,92.9
20260702T162425Z,25.7,92.8
20260702T162441Z,25.7,92.4
20260702T162455Z,25.7,91.1
20260702T162511Z,25.6,90.4
20260702T162525Z,25.6,89.4
20260702T162541Z,25.6,88.1
20260702T162555Z,25.6,87.8
20260702T162611Z,25.5,86.9
20260702T162625Z,25.5,86.0
20260702T162641Z,25.5,85.4
20260702T162655Z,25.4,83.9
20260702T162711Z,25.4,82.7
20260702T162725Z,25.4,81.8
20260702T162740Z,25.3,80.7
20260702T162756Z,25.3,80.0
20260702T162810Z,25.2,78.5
20260702T162826Z,25.1,77.5
20260702T162840Z,25.0,76.9
20260702T162856Z,24.9,76.6
20260702T162910Z,24.8,76.9
20260702T162926Z,24.7,78.0
20260702T162941Z,24.7,80.1
20260702T162955Z,24.7,81.6
20260702T163011Z,24.7,82.4
20260702T163025Z,24.7,82.9
20260702T163041Z,24.7,82.9
20260702T163055Z,24.7,83.4
20260702T163111Z,24.7,83.6
20260702T163125Z,24.7,83.9
20260702T163141Z,24.7,84.3
20260702T163155Z,24.7,84.7
20260702T163211Z,24.8,85.0
20260702T163225Z,24.8,85.1
20260702T163241Z,24.8,85.6
20260702T163255Z,24.8,85.6
20260702T163311Z,24.9,86.0
20260702T163325Z,24.9,86.3
20260702T163340Z,24.9,86.5
20260702T163355Z,24.9,86.7
20260702T163411Z,25.0,87.0
20260702T163425Z,25.0,87.2
20260702T163441Z,25.0,87.4
20260702T163455Z,25.0,87.6
20260702T163511Z,25.1,87.9
20260702T163525Z,25.1,87.9
20260702T163541Z,25.1,88.2
20260702T163555Z,25.1,88.3
20260702T163611Z,25.2,88.5
20260702T163625Z,25.2,88.8
20260702T163641Z,25.2,88.9
20260702T163655Z,25.2,89.2
20260702T163711Z,25.2,89.2
20260702T163725Z,25.2,89.3
20260702T163741Z,25.3,89.4
20260702T163755Z,25.3,89.5
20260702T163811Z,25.3,89.9
20260702T163826Z,25.4,90.1
20260702T163840Z,25.4,90.3
20260702T163856Z,25.4,90.3
20260702T163910Z,25.4,90.4
20260702T163925Z,25.4,90.4
20260702T163941Z,25.4,90.6
20260702T163955Z,25.4,90.7
20260702T164011Z,25.5,90.9
20260702T164026Z,25.5,91.0
20260702T164040Z,25.5,91.2
20260702T164055Z,25.5,91.3
20260702T164111Z,25.5,91.3
20260702T164125Z,25.5,91.5
20260702T164141Z,25.5,91.5
20260702T164155Z,25.5,91.7
20260702T164211Z,25.6,91.8
20260702T164225Z,25.6,91.8
20260702T164241Z,25.6,92.1
20260702T164255Z,25.6,92.1
20260702T164311Z,25.6,92.2
20260702T164325Z,25.6,92.3
20260702T164341Z,25.6,92.4
20260702T164355Z,25.6,92.4
20260702T164411Z,25.6,92.5
20260702T164425Z,25.6,92.6
20260702T164441Z,25.7,92.7
20260702T164455Z,25.7,92.8
20260702T164511Z,25.7,92.8
20260702T164525Z,25.7,92.8
20260702T164541Z,25.7,92.4
20260702T164555Z,25.7,91.4
20260702T164610Z,25.7,90.2
20260702T164625Z,25.7,89.7
20260702T164640Z,25.6,88.0
20260702T164656Z,25.6,87.7
20260702T164710Z,25.5,87.0
20260702T164726Z,25.5,86.2
20260702T164740Z,25.4,85.3
20260702T164756Z,25.4,84.6
20260702T164810Z,25.4,83.4
20260702T164825Z,25.3,82.5
20260702T164841Z,25.3,81.4
20260702T164856Z,25.3,79.8
20260702T164911Z,25.2,79.2
20260702T164926Z,25.1,78.7
20260702T164940Z,25.1,77.7
20260702T164956Z,25.0,76.6
20260702T165010Z,24.9,76.8
20260702T165026Z,24.8,77.7
20260702T165040Z,24.8,79.5
20260702T165056Z,24.8,81.4
20260702T165110Z,24.7,81.9
20260702T165126Z,24.7,82.5
20260702T165140Z,24.7,82.8
20260702T165156Z,24.7,82.9
20260702T165210Z,24.7,83.3
20260702T165226Z,24.7,83.5
20260702T165241Z,24.7,83.9
20260702T165256Z,24.7,84.4
20260702T165311Z,24.8,84.5
20260702T165326Z,24.8,85.0
20260702T165341Z,24.8,85.1
20260702T165356Z,24.8,85.5
20260702T165411Z,24.9,85.8
20260702T165426Z,24.9,86.2
20260702T165441Z,24.9,86.4
20260702T165456Z,24.9,86.4
20260702T165511Z,25.0,86.7
20260702T165526Z,25.0,86.9
20260702T165541Z,25.0,87.2
20260702T165556Z,25.0,87.3
20260702T165611Z,25.1,87.5
20260702T165626Z,25.1,87.8
20260702T165641Z,25.1,88.0
20260702T165656Z,25.1,88.1
20260702T165711Z,25.1,88.2
20260702T165726Z,25.2,88.5
20260702T165741Z,25.2,88.7
20260702T165756Z,25.2,89.0
20260702T165811Z,25.2,89.0
20260702T165826Z,25.2,89.2
20260702T165841Z,25.3,89.4
20260702T165856Z,25.3,89.4
20260702T165911Z,25.3,89.6
20260702T165927Z,25.3,89.8
20260702T165941Z,25.3,89.9
20260702T165956Z,25.4,90.1
20260702T170011Z,25.4,90.1
20260702T170026Z,25.4,90.4
20260702T170041Z,25.4,90.6
20260702T170056Z,25.4,90.7
20260702T170111Z,25.4,90.9
20260702T170126Z,25.4,91.0
20260702T170141Z,25.4,91.0
20260702T170156Z,25.5,91.1
20260702T170211Z,25.5,91.2
20260702T170226Z,25.5,91.3
20260702T170241Z,25.5,91.4
20260702T170256Z,25.5,91.6
20260702T170311Z,25.5,91.7
20260702T170326Z,25.5,91.7
20260702T170341Z,25.6,91.9
20260702T170356Z,25.6,91.9
20260702T170411Z,25.6,92.1
20260702T170426Z,25.6,92.1
20260702T170441Z,25.6,92.3
20260702T170456Z,25.6,92.4
20260702T170511Z,25.6,92.4
20260702T170526Z,25.6,92.6
20260702T170541Z,25.6,92.5
20260702T170556Z,25.6,92.6
20260702T170611Z,25.7,92.8
20260702T170626Z,25.7,92.8
20260702T170641Z,25.7,92.8
20260702T170656Z,25.7,92.4
20260702T170711Z,25.7,91.4
20260702T170726Z,25.6,90.1
20260702T170741Z,25.6,89.6
20260702T170756Z,25.6,89.0
20260702T170811Z,25.6,87.8
20260702T170826Z,25.5,86.6
20260702T170841Z,25.5,85.8
20260702T170856Z,25.4,84.9
20260702T170911Z,25.4,83.9
20260702T170926Z,25.3,83.1
20260702T170941Z,25.2,82.1
20260702T170956Z,25.2,80.9
20260702T171011Z,25.1,80.2
20260702T171026Z,25.1,79.5
20260702T171041Z,25.0,79.1
20260702T171056Z,24.9,78.2
20260702T171111Z,24.9,77.5
20260702T171126Z,24.8,77.9
20260702T171141Z,24.8,78.5
20260702T171156Z,24.8,79.8
20260702T171211Z,24.8,81.5
20260702T171226Z,24.8,82.4
20260702T171241Z,24.8,82.5
20260702T171256Z,24.7,82.7
20260702T171311Z,24.7,82.8
20260702T171326Z,24.7,83.4
20260702T171341Z,24.7,83.9
20260702T171356Z,24.8,84.1
20260702T171411Z,24.8,84.6
20260702T171426Z,24.8,84.9
20260702T171441Z,24.8,85.2
20260702T171456Z,24.8,85.6
20260702T171511Z,24.8,85.8
20260702T171526Z,24.9,86.0
20260702T171541Z,24.9,86.2
20260702T171556Z,24.9,86.6
20260702T171611Z,24.9,86.7
20260702T171626Z,25.0,87.1
20260702T171641Z,25.0,87.4
20260702T171656Z,25.0,87.6
20260702T171711Z,25.0,87.7
20260702T171726Z,25.0,87.9
20260702T171741Z,25.1,88.1
20260702T171756Z,25.1,88.2
20260702T171811Z,25.1,88.5
20260702T171826Z,25.1,88.7
20260702T171841Z,25.2,88.8
20260702T171856Z,25.1,89.1
20260702T171911Z,25.2,89.3
20260702T171926Z,25.2,89.4
20260702T171941Z,25.2,89.6
20260702T171956Z,25.2,89.7
20260702T172011Z,25.3,89.9
20260702T172026Z,25.3,90.0
20260702T172041Z,25.3,90.1
20260702T172056Z,25.3,90.3
20260702T172111Z,25.3,90.4
20260702T172126Z,25.3,90.4
20260702T172141Z,25.4,90.5
20260702T172156Z,25.4,90.8
20260702T172211Z,25.4,90.9
20260702T172226Z,25.4,91.1
20260702T172241Z,25.4,91.1
20260702T172256Z,25.4,91.2
20260702T172311Z,25.4,91.4
20260702T172326Z,25.5,91.4
20260702T172341Z,25.5,91.5
20260702T172356Z,25.5,91.6
20260702T172411Z,25.5,91.7
20260702T172426Z,25.5,91.8
20260702T172441Z,25.6,92.0
20260702T172456Z,25.6,92.0
20260702T172511Z,25.6,92.1
20260702T172526Z,25.6,92.2
20260702T172541Z,25.6,92.3
20260702T172556Z,25.6,92.4
20260702T172611Z,25.6,92.4
20260702T172626Z,25.6,92.5
20260702T172641Z,25.6,92.7
20260702T172656Z,25.7,92.7
20260702T172711Z,25.7,92.8
20260702T172726Z,25.7,92.7
20260702T172741Z,25.7,92.8
20260702T172756Z,25.7,92.9
20260702T172811Z,25.7,92.9
20260702T172826Z,25.7,92.4
20260702T172841Z,25.7,91.9
20260702T172856Z,25.7,90.4
20260702T172911Z,25.7,90.1
20260702T172926Z,25.6,88.6
20260702T172941Z,25.6,87.9
20260702T172956Z,25.6,87.0
20260702T173011Z,25.5,86.2
20260702T173026Z,25.5,84.8
20260702T173041Z,25.4,84.1
20260702T173056Z,25.4,82.8
20260702T173111Z,25.3,82.0
20260702T173126Z,25.2,81.0
20260702T173141Z,25.1,79.7
20260702T173156Z,25.0,79.0
20260702T173211Z,24.9,78.4
20260702T173226Z,24.8,77.3
20260702T173241Z,24.7,77.0
20260702T173256Z,24.6,77.6
20260702T173311Z,24.5,78.9
20260702T173326Z,24.5,81.2
20260702T173341Z,24.5,82.1
20260702T173356Z,24.5,83.3
20260702T173411Z,24.5,83.7
20260702T173426Z,24.5,83.8
20260702T173441Z,24.5,83.9
20260702T173456Z,24.6,84.2
20260702T173511Z,24.6,84.4
20260702T173526Z,24.6,84.9
20260702T173541Z,24.6,85.1
20260702T173556Z,24.7,85.4
20260702T173611Z,24.7,85.7
20260702T173626Z,24.7,85.9
20260702T173641Z,24.8,86.1
20260702T173656Z,24.8,86.3
20260702T173711Z,24.8,86.5
20260702T173726Z,24.9,86.8
20260702T173741Z,24.9,86.9
20260702T173756Z,24.9,87.1
20260702T173811Z,24.9,87.3
20260702T173826Z,25.0,87.5
20260702T173841Z,25.0,87.6
20260702T173856Z,25.0,87.8
20260702T173911Z,25.1,88.2
20260702T173926Z,25.1,88.2
20260702T173941Z,25.1,88.4
20260702T173956Z,25.1,88.4
20260702T174011Z,25.1,88.7
20260702T174026Z,25.2,88.9
20260702T174041Z,25.2,88.9
20260702T174056Z,25.2,89.2
20260702T174111Z,25.2,89.3
20260702T174126Z,25.3,89.4
20260702T174141Z,25.3,89.6
20260702T174156Z,25.3,89.8
20260702T174211Z,25.3,90.0
20260702T174226Z,25.3,90.1
20260702T174241Z,25.3,90.3
20260702T174256Z,25.4,90.4
20260702T174311Z,25.4,90.5
20260702T174326Z,25.4,90.6
20260702T174341Z,25.4,90.7
20260702T174356Z,25.4,90.8
20260702T174411Z,25.4,91.0
20260702T174426Z,25.4,91.1
20260702T174441Z,25.5,91.2
20260702T174456Z,25.5,91.4
20260702T174511Z,25.5,91.4
20260702T174526Z,25.5,91.5
20260702T174541Z,25.5,91.7
20260702T174556Z,25.5,91.7
20260702T174611Z,25.5,91.8
20260702T174626Z,25.5,91.9
20260702T174641Z,25.6,91.9
20260702T174656Z,25.6,92.2
20260702T174711Z,25.6,92.3
20260702T174726Z,25.6,92.3
20260702T174741Z,25.6,92.3
20260702T174756Z,25.6,92.4
20260702T174811Z,25.6,92.5
20260702T174826Z,25.6,92.5
20260702T174841Z,25.7,92.6
20260702T174856Z,25.7,92.6
20260702T174911Z,25.7,92.8
20260702T174926Z,25.7,92.8
20260702T174941Z,25.7,92.8
20260702T174956Z,25.7,92.8
20260702T175011Z,25.7,92.9
20260702T175026Z,25.7,93.0
20260702T175041Z,25.7,92.4
20260702T175056Z,25.7,92.3
20260702T175111Z,25.7,90.6
20260702T175126Z,25.7,90.0
20260702T175141Z,25.7,88.9
20260702T175156Z,25.6,88.4
20260702T175211Z,25.6,87.5
20260702T175226Z,25.5,86.3
20260702T175241Z,25.5,85.9
20260702T175256Z,25.5,84.8
20260702T175311Z,25.4,83.5
20260702T175326Z,25.4,82.5
20260702T175341Z,25.3,81.6
20260702T175356Z,25.3,80.5
20260702T175411Z,25.2,79.7
20260702T175426Z,25.1,78.7
20260702T175441Z,25.0,78.1
20260702T175456Z,24.9,77.3
20260702T175511Z,24.8,77.2
20260702T175526Z,24.8,78.4
20260702T175541Z,24.7,79.5
20260702T175556Z,24.7,81.0
20260702T175611Z,24.7,82.5
20260702T175626Z,24.7,83.1
20260702T175641Z,24.7,83.4
20260702T175656Z,24.7,83.5
20260702T175711Z,24.7,83.6
20260702T175726Z,24.7,84.0
20260702T175741Z,24.7,84.5
20260702T175756Z,24.7,84.6
20260702T175811Z,24.8,85.1
20260702T175826Z,24.8,85.4
20260702T175841Z,24.8,85.6
20260702T175856Z,24.8,85.8
20260702T175911Z,24.9,86.0
20260702T175926Z,24.9,86.3
20260702T175941Z,24.9,86.5
20260702T175956Z,24.9,86.8
20260702T180011Z,25.0,87.0
20260702T180026Z,25.0,87.1
20260702T180041Z,25.0,87.4
20260702T180056Z,25.0,87.5
20260702T180111Z,25.1,87.6
20260702T180126Z,25.1,88.0
20260702T180141Z,25.1,88.1
20260702T180156Z,25.1,88.3
20260702T180211Z,25.1,88.6
20260702T180226Z,25.2,88.7
20260702T180241Z,25.2,88.8
20260702T180256Z,25.2,89.0
20260702T180311Z,25.2,89.2
20260702T180326Z,25.2,89.4
20260702T180341Z,25.3,89.6
20260702T180356Z,25.3,89.7
20260702T180411Z,25.3,89.9
20260702T180426Z,25.3,90.1
20260702T180441Z,25.3,90.2
20260702T180456Z,25.3,90.2
20260702T180511Z,25.3,90.4
20260702T180526Z,25.4,90.6
20260702T180541Z,25.4,90.7
20260702T180556Z,25.4,90.8
20260702T180611Z,25.4,91.0
20260702T180626Z,25.4,91.1
20260702T180641Z,25.5,91.2
20260702T180656Z,25.5,91.3
20260702T180711Z,25.5,91.4
20260702T180726Z,25.5,91.6
20260702T180741Z,25.5,91.7
20260702T180756Z,25.5,91.7
20260702T180811Z,25.5,91.8
20260702T180827Z,25.5,92.1
20260702T180841Z,25.5,92.0
20260702T180856Z,25.5,92.1
20260702T180911Z,25.5,92.2
20260702T180927Z,25.6,92.3
20260702T180941Z,25.6,92.3
20260702T180956Z,25.6,92.5
20260702T181011Z,25.6,92.6
20260702T181026Z,25.6,92.7
20260702T181041Z,25.6,92.7
20260702T181056Z,25.6,92.7
20260702T181111Z,25.6,92.8
20260702T181126Z,25.6,92.9
20260702T181141Z,25.6,93.0
20260702T181156Z,25.7,93.0
20260702T181211Z,25.7,93.0
20260702T181226Z,25.7,93.1
20260702T181241Z,25.7,93.2
20260702T181256Z,25.7,93.2
20260702T181311Z,25.7,93.3
20260702T181326Z,25.7,93.3
20260702T181341Z,25.7,92.6
20260702T181356Z,25.7,92.4
20260702T181411Z,25.7,90.9
20260702T181426Z,25.7,90.2
20260702T181441Z,25.6,89.1
20260702T181456Z,25.6,88.2
20260702T181511Z,25.5,87.7
20260702T181526Z,25.5,87.0
20260702T181541Z,25.5,86.4
20260702T181556Z,25.4,85.2
20260702T181611Z,25.4,84.4
20260702T181626Z,25.4,82.9
20260702T181641Z,25.3,81.8
20260702T181656Z,25.2,80.4
20260702T181711Z,25.2,79.6
20260702T181726Z,25.1,78.7
20260702T181741Z,25.0,78.1
20260702T181756Z,24.9,77.6
20260702T181811Z,24.7,77.6
20260702T181826Z,24.7,78.7
20260702T181841Z,24.7,80.4
20260702T181856Z,24.6,81.9
20260702T181911Z,24.6,83.2
20260702T181926Z,24.6,83.7
20260702T181941Z,24.6,83.9
20260702T181956Z,24.6,83.9
20260702T182011Z,24.6,84.1
20260702T182026Z,24.6,84.4
20260702T182041Z,24.7,84.8
20260702T182056Z,24.7,85.2
20260702T182111Z,24.7,85.4
20260702T182126Z,24.7,85.7
20260702T182141Z,24.8,86.1
20260702T182156Z,24.8,86.2
20260702T182211Z,24.8,86.5
20260702T182226Z,24.8,86.7
20260702T182241Z,24.9,87.1
20260702T182256Z,24.9,87.1
20260702T182311Z,24.9,87.4
20260702T182326Z,25.0,87.6
20260702T182341Z,25.0,87.8
20260702T182356Z,25.0,87.9
20260702T182411Z,25.0,88.2
20260702T182426Z,25.1,88.2
20260702T182441Z,25.1,88.4
20260702T182456Z,25.1,88.7
20260702T182511Z,25.1,88.8
20260702T182526Z,25.1,89.0
20260702T182541Z,25.2,89.0
20260702T182556Z,25.2,89.4
20260702T182611Z,25.2,89.4
20260702T182626Z,25.2,89.6
20260702T182641Z,25.2,89.8
20260702T182656Z,25.3,89.9
20260702T182711Z,25.3,89.9
20260702T182726Z,25.3,90.1
20260702T182741Z,25.3,90.3
20260702T182756Z,25.3,90.4
20260702T182811Z,25.4,90.4
20260702T182826Z,25.4,90.6
20260702T182841Z,25.4,90.7
20260702T182856Z,25.4,90.9
20260702T182911Z,25.4,91.0
20260702T182926Z,25.4,91.1
20260702T182941Z,25.4,91.4
20260702T182956Z,25.4,91.4
20260702T183011Z,25.5,91.5
20260702T183026Z,25.5,91.6
20260702T183041Z,25.5,91.7
20260702T183056Z,25.5,91.8
20260702T183111Z,25.5,91.9
20260702T183126Z,25.5,92.0
20260702T183141Z,25.5,92.2
20260702T183156Z,25.5,92.1
20260702T183211Z,25.5,92.4
20260702T183226Z,25.5,92.5
20260702T183241Z,25.6,92.5
20260702T183256Z,25.6,92.6
20260702T183311Z,25.6,92.7
20260702T183326Z,25.6,92.7
20260702T183341Z,25.6,92.9
20260702T183356Z,25.6,93.0
20260702T183411Z,25.6,93.0
20260702T183426Z,25.6,93.1
20260702T183441Z,25.6,93.2
20260702T183456Z,25.6,93.2
20260702T183511Z,25.6,93.2
20260702T183526Z,25.7,93.3
20260702T183541Z,25.7,93.4
20260702T183556Z,25.7,93.5
20260702T183611Z,25.7,93.5
20260702T183627Z,25.7,93.5
20260702T183641Z,25.7,93.6
20260702T183656Z,25.7,93.6
20260702T183711Z,25.7,93.2
20260702T183727Z,25.7,93.0
20260702T183741Z,25.7,91.4
20260702T183756Z,25.7,91.0
20260702T183811Z,25.6,90.0
20260702T183827Z,25.6,89.0
20260702T183842Z,25.6,87.9
20260702T183856Z,25.5,87.5
20260702T183911Z,25.5,86.5
20260702T183926Z,25.4,85.3
20260702T183941Z,25.4,84.2
20260702T183956Z,25.3,83.2
20260702T184011Z,25.2,82.6
20260702T184026Z,25.2,81.7
20260702T184041Z,25.1,80.4
20260702T184056Z,25.0,80.3
20260702T184111Z,25.0,79.2
20260702T184126Z,24.9,78.3
20260702T184141Z,24.8,78.1
20260702T184156Z,24.8,78.8
20260702T184211Z,24.8,80.2
20260702T184226Z,24.7,82.0
20260702T184241Z,24.7,83.2
20260702T184256Z,24.7,83.5
20260702T184311Z,24.7,83.9
20260702T184326Z,24.7,84.0
20260702T184341Z,24.7,84.4
20260702T184356Z,24.7,84.7
20260702T184411Z,24.7,85.0
20260702T184426Z,24.7,85.5
20260702T184441Z,24.7,85.7
20260702T184456Z,24.7,86.0
20260702T184511Z,24.7,86.3
20260702T184526Z,24.8,86.5
20260702T184541Z,24.8,86.8
20260702T184556Z,24.8,87.0
20260702T184611Z,24.9,87.3
20260702T184627Z,24.9,87.4
20260702T184642Z,24.9,87.6
20260702T184656Z,24.9,87.9
20260702T184711Z,25.0,88.0
20260702T184726Z,25.0,88.3
20260702T184741Z,25.0,88.6
20260702T184756Z,25.0,88.7
20260702T184811Z,25.1,88.8
20260702T184826Z,25.1,89.0
20260702T184841Z,25.1,89.2
20260702T184856Z,25.1,89.3
20260702T184911Z,25.1,89.6
20260702T184926Z,25.2,89.7
20260702T184941Z,25.2,89.9
20260702T184956Z,25.2,90.0
20260702T185011Z,25.2,90.1
20260702T185026Z,25.2,90.3
20260702T185041Z,25.2,90.5
20260702T185056Z,25.2,90.6
20260702T185111Z,25.3,90.8
20260702T185126Z,25.3,90.9
20260702T185141Z,25.3,91.0
20260702T185156Z,25.3,91.1
20260702T185211Z,25.3,91.3
20260702T185226Z,25.3,91.4
20260702T185241Z,25.3,91.5
20260702T185256Z,25.4,91.6
20260702T185311Z,25.4,91.7
20260702T185326Z,25.4,91.9
20260702T185341Z,25.4,91.9
20260702T185356Z,25.4,92.0
20260702T185411Z,25.4,92.1
20260702T185426Z,25.5,92.2
20260702T185441Z,25.4,92.3
20260702T185456Z,25.5,92.4
20260702T185511Z,25.5,92.5
20260702T185526Z,25.5,92.6
20260702T185541Z,25.5,92.7
20260702T185556Z,25.5,92.7
20260702T185611Z,25.5,92.8
20260702T185626Z,25.5,92.8
20260702T185641Z,25.5,93.0
20260702T185656Z,25.6,93.1
20260702T185711Z,25.6,93.2
20260702T185726Z,25.6,93.2
20260702T185741Z,25.6,93.3
20260702T185756Z,25.6,93.3
20260702T185811Z,25.6,93.3
20260702T185826Z,25.6,93.4
20260702T185841Z,25.6,93.4
20260702T185856Z,25.7,93.4
20260702T185911Z,25.7,93.5
20260702T185926Z,25.7,93.5
20260702T185941Z,25.7,93.5
20260702T185956Z,25.7,93.5
20260702T190011Z,25.7,93.6
20260702T190026Z,25.7,93.6
20260702T190041Z,25.7,93.0
20260702T190056Z,25.7,92.2
20260702T190111Z,25.7,90.9
20260702T190126Z,25.7,90.1
20260702T190141Z,25.6,89.3
20260702T190156Z,25.6,88.3
20260702T190211Z,25.6,87.3
20260702T190226Z,25.5,86.3
20260702T190241Z,25.4,85.6
20260702T190256Z,25.4,84.5
20260702T190311Z,25.3,82.9
20260702T190326Z,25.2,82.1
20260702T190341Z,25.2,81.0
20260702T190356Z,25.0,80.1
20260702T190411Z,25.0,79.6
20260702T190426Z,24.8,78.7
20260702T190441Z,24.7,77.7
20260702T190456Z,24.6,77.7
20260702T190511Z,24.5,78.5
20260702T190526Z,24.5,80.1
20260702T190541Z,24.5,81.9
20260702T190556Z,24.5,83.3
20260702T190611Z,24.5,83.8
20260702T190626Z,24.5,84.2
20260702T190641Z,24.5,84.5
20260702T190656Z,24.5,84.7
20260702T190711Z,24.5,84.9
20260702T190726Z,24.6,85.2
20260702T190741Z,24.6,85.6
20260702T190756Z,24.6,85.8
20260702T190811Z,24.6,86.2
20260702T190826Z,24.7,86.3
20260702T190841Z,24.7,86.7
20260702T190856Z,24.7,86.8
20260702T190911Z,24.7,87.1
20260702T190926Z,24.8,87.3
20260702T190941Z,24.8,87.4
20260702T190956Z,24.9,87.6
20260702T191011Z,24.9,87.8
20260702T191026Z,24.9,88.0
20260702T191041Z,24.9,88.4
20260702T191056Z,25.0,88.4
20260702T191111Z,25.0,88.5
20260702T191126Z,25.0,88.7
20260702T191141Z,25.0,88.9
20260702T191156Z,25.0,89.1
20260702T191211Z,25.1,89.2
20260702T191226Z,25.1,89.3
20260702T191241Z,25.1,89.4
20260702T191256Z,25.2,89.7
20260702T191311Z,25.2,90.0
20260702T191326Z,25.2,90.0
20260702T191341Z,25.2,90.2
20260702T191356Z,25.2,90.3
20260702T191411Z,25.2,90.4
20260702T191426Z,25.3,90.7
20260702T191441Z,25.3,90.8
20260702T191456Z,25.3,90.9
20260702T191511Z,25.3,91.0
20260702T191526Z,25.3,91.2
20260702T191541Z,25.3,91.2
20260702T191556Z,25.3,91.3
20260702T191611Z,25.3,91.5
20260702T191626Z,25.4,91.5
20260702T191641Z,25.4,91.7
20260702T191656Z,25.4,91.8
20260702T191711Z,25.4,91.9
20260702T191726Z,25.4,92.0
20260702T191741Z,25.4,92.1
20260702T191756Z,25.5,92.2
20260702T191811Z,25.5,92.2
20260702T191826Z,25.5,92.3
20260702T191841Z,25.5,92.4
20260702T191856Z,25.5,92.5
20260702T191911Z,25.5,92.7
20260702T191926Z,25.5,92.6
20260702T191941Z,25.5,92.8
20260702T191956Z,25.5,92.9
20260702T192011Z,25.5,93.0
20260702T192026Z,25.5,93.0
20260702T192041Z,25.6,93.1
20260702T192056Z,25.6,93.2
20260702T192111Z,25.6,93.3
20260702T192126Z,25.6,93.3
20260702T192141Z,25.6,93.3
20260702T192156Z,25.6,93.4
20260702T192211Z,25.6,93.5
20260702T192226Z,25.6,93.6
20260702T192241Z,25.6,93.6
20260702T192256Z,25.6,93.6
20260702T192311Z,25.6,93.7
20260702T192326Z,25.7,93.8
20260702T192341Z,25.7,93.8
20260702T192356Z,25.7,93.8
20260702T192411Z,25.7,93.9
20260702T192426Z,25.7,93.3
20260702T192441Z,25.7,92.5
20260702T192456Z,25.7,91.5
20260702T192511Z,25.6,90.7
20260702T192526Z,25.6,90.1
20260702T192541Z,25.6,89.0
20260702T192556Z,25.5,88.3
20260702T192611Z,25.5,87.2
20260702T192626Z,25.5,86.0
20260702T192641Z,25.4,85.4
20260702T192656Z,25.4,83.8
20260702T192711Z,25.3,82.8
20260702T192726Z,25.3,81.8
20260702T192741Z,25.2,81.4
20260702T192756Z,25.1,80.1
20260702T192811Z,25.0,79.2
20260702T192826Z,25.0,78.4
20260702T192841Z,24.9,77.9
20260702T192856Z,24.8,78.2
20260702T192911Z,24.7,79.1
20260702T192926Z,24.7,80.7
20260702T192941Z,24.7,82.3
20260702T192956Z,24.7,83.3
20260702T193011Z,24.7,83.7
20260702T193026Z,24.7,84.1
20260702T193041Z,24.7,84.3
20260702T193056Z,24.7,84.7
20260702T193111Z,24.6,85.0
20260702T193126Z,24.7,85.5
20260702T193141Z,24.7,85.6
20260702T193156Z,24.7,85.8
20260702T193211Z,24.7,86.2
20260702T193226Z,24.8,86.5
20260702T193241Z,24.8,86.7
20260702T193256Z,24.8,86.8
20260702T193311Z,24.8,87.1
20260702T193326Z,24.9,87.3
20260702T193341Z,24.9,87.5
20260702T193356Z,24.9,87.8
20260702T193411Z,24.9,87.9
20260702T193426Z,25.0,88.2
20260702T193441Z,25.0,88.4
20260702T193456Z,25.0,88.7
20260702T193511Z,25.0,88.6
20260702T193526Z,25.0,88.8
20260702T193541Z,25.1,89.0
20260702T193556Z,25.1,89.2
20260702T193611Z,25.1,89.4
20260702T193626Z,25.1,89.6
20260702T193641Z,25.2,89.7
20260702T193656Z,25.2,89.9
20260702T193711Z,25.2,90.1
20260702T193726Z,25.2,90.2
20260702T193741Z,25.2,90.4
20260702T193756Z,25.2,90.5
20260702T193811Z,25.3,90.6
20260702T193826Z,25.3,90.8
20260702T193841Z,25.3,90.9
20260702T193856Z,25.3,91.0
20260702T193911Z,25.3,91.2
20260702T193926Z,25.3,91.3
20260702T193941Z,25.3,91.4
20260702T193956Z,25.3,91.5
20260702T194011Z,25.4,91.7
20260702T194026Z,25.4,91.8
20260702T194041Z,25.4,91.9
20260702T194056Z,25.4,91.9
20260702T194111Z,25.4,92.0
20260702T194126Z,25.4,92.2
20260702T194141Z,25.4,92.2
20260702T194156Z,25.5,92.3
20260702T194211Z,25.5,92.5
20260702T194226Z,25.5,92.5
20260702T194241Z,25.5,92.5
20260702T194256Z,25.5,92.6
20260702T194311Z,25.5,92.7
20260702T194327Z,25.5,92.8
20260702T194342Z,25.5,92.9
20260702T194356Z,25.5,92.9
20260702T194411Z,25.6,93.0
20260702T194428Z,25.6,93.0
20260702T194442Z,25.6,93.1
20260702T194457Z,25.6,93.2
20260702T194511Z,25.6,93.2
20260702T194526Z,25.6,93.3
20260702T194541Z,25.6,93.3
20260702T194556Z,25.6,93.4
20260702T194611Z,25.6,93.5
20260702T194626Z,25.6,93.6
20260702T194641Z,25.6,93.6
20260702T194656Z,25.7,93.6
20260702T194711Z,25.7,93.6
20260702T194726Z,25.7,93.7
20260702T194741Z,25.7,93.8
20260702T194756Z,25.7,93.8
20260702T194811Z,25.7,93.8
20260702T194826Z,25.7,93.7
20260702T194841Z,25.7,93.4
20260702T194856Z,25.7,92.1
20260702T194911Z,25.7,91.3
20260702T194926Z,25.6,89.9
20260702T194941Z,25.6,89.2
20260702T194957Z,25.6,88.4
20260702T195011Z,25.5,87.9
20260702T195027Z,25.5,86.9
20260702T195041Z,25.4,86.4
20260702T195057Z,25.4,85.0
20260702T195111Z,25.3,83.9
20260702T195126Z,25.3,82.5
20260702T195142Z,25.2,81.9
20260702T195156Z,25.2,80.8
20260702T195212Z,25.1,79.3
20260702T195226Z,25.0,78.7
20260702T195242Z,24.9,78.3
20260702T195256Z,24.8,78.6
20260702T195312Z,24.7,79.6
20260702T195327Z,24.7,81.3
20260702T195341Z,24.7,83.0
20260702T195356Z,24.6,83.7
20260702T195411Z,24.6,84.3
20260702T195426Z,24.6,84.6
20260702T195442Z,24.6,84.6
20260702T195456Z,24.6,84.9
20260702T195512Z,24.6,85.4
20260702T195526Z,24.7,85.7
20260702T195542Z,24.7,85.8
20260702T195556Z,24.7,86.1
20260702T195612Z,24.7,86.4
20260702T195626Z,24.8,86.8
20260702T195642Z,24.8,87.0
20260702T195656Z,24.8,87.1
20260702T195712Z,24.8,87.5
20260702T195726Z,24.8,87.7
20260702T195742Z,24.9,87.9
20260702T195756Z,24.9,88.1
20260702T195812Z,24.9,88.3
20260702T195826Z,24.9,88.4
20260702T195842Z,25.0,88.5
20260702T195856Z,25.0,88.8
20260702T195912Z,25.0,89.0
20260702T195926Z,25.0,89.2
20260702T195942Z,25.0,89.2
20260702T195956Z,25.1,89.5
20260702T200012Z,25.1,89.8
20260702T200027Z,25.1,90.0
20260702T200041Z,25.1,90.1
20260702T200057Z,25.1,90.3
20260702T200111Z,25.1,90.4
20260702T200127Z,25.2,90.5
20260702T200141Z,25.2,90.7
20260702T200156Z,25.2,90.8
20260702T200212Z,25.2,90.8
20260702T200226Z,25.2,90.9
20260702T200242Z,25.2,91.1
20260702T200256Z,25.3,91.2
20260702T200312Z,25.3,91.4
20260702T200326Z,25.3,91.6
20260702T200342Z,25.3,91.6
20260702T200356Z,25.3,91.7
20260702T200412Z,25.3,91.8
20260702T200426Z,25.3,92.0
20260702T200441Z,25.4,92.1
20260702T200457Z,25.4,92.2
20260702T200511Z,25.4,92.2
20260702T200526Z,25.4,92.4
20260702T200542Z,25.4,92.4
20260702T200556Z,25.4,92.6
20260702T200612Z,25.4,92.6
20260702T200626Z,25.4,92.7
20260702T200642Z,25.5,92.8
20260702T200657Z,25.5,92.9
20260702T200712Z,25.5,93.0
20260702T200727Z,25.5,93.0
20260702T200741Z,25.5,93.1
20260702T200757Z,25.5,93.2
20260702T200811Z,25.5,93.2
20260702T200826Z,25.5,93.4
20260702T200842Z,25.5,93.4
20260702T200856Z,25.6,93.5
20260702T200912Z,25.5,93.5
20260702T200926Z,25.6,93.5
20260702T200942Z,25.6,93.6
20260702T200956Z,25.6,93.7
20260702T201012Z,25.6,93.8
20260702T201026Z,25.6,93.8
20260702T201042Z,25.6,93.9
20260702T201056Z,25.6,94.0
20260702T201112Z,25.6,94.0
20260702T201127Z,25.6,94.0
20260702T201141Z,25.7,94.0
20260702T201157Z,25.7,94.1
20260702T201211Z,25.7,94.1
20260702T201227Z,25.7,94.2
20260702T201241Z,25.7,94.2
20260702T201257Z,25.7,94.3
20260702T201311Z,25.7,94.2
20260702T201326Z,25.7,93.9
20260702T201342Z,25.7,92.6
20260702T201356Z,25.7,91.6
20260702T201411Z,25.7,91.1
20260702T201427Z,25.6,89.8
20260702T201441Z,25.6,89.1
20260702T201457Z,25.5,87.9
20260702T201511Z,25.5,86.8
20260702T201527Z,25.5,86.0
20260702T201541Z,25.4,84.9
20260702T201557Z,25.4,84.2
20260702T201611Z,25.3,82.5
20260702T201627Z,25.2,81.3
20260702T201641Z,25.2,80.7
20260702T201656Z,25.1,80.0
20260702T201712Z,25.0,78.8
20260702T201727Z,24.9,78.0
20260702T201742Z,24.8,77.6
20260702T201756Z,24.7,78.3
20260702T201812Z,24.6,79.8
20260702T201826Z,24.6,82.1
20260702T201842Z,24.5,83.5
20260702T201856Z,24.5,84.0
20260702T201912Z,24.6,84.4
20260702T201926Z,24.5,84.5
20260702T201942Z,24.6,84.6
20260702T201957Z,24.6,85.0
20260702T202011Z,24.6,85.4
20260702T202026Z,24.6,85.5
20260702T202042Z,24.7,86.0
20260702T202056Z,24.7,86.3
20260702T202112Z,24.7,86.5
20260702T202126Z,24.7,86.7
20260702T202142Z,24.8,86.9
20260702T202156Z,24.8,87.2
20260702T202212Z,24.8,87.7
20260702T202226Z,24.8,87.7
20260702T202242Z,24.9,87.8
20260702T202256Z,24.9,88.1
20260702T202312Z,24.9,88.2
20260702T202327Z,25.0,88.6
20260702T202341Z,25.0,88.6
20260702T202356Z,25.0,88.8
20260702T202412Z,25.0,89.0
20260702T202426Z,25.1,89.2
20260702T202442Z,25.1,89.3
20260702T202456Z,25.1,89.6
20260702T202512Z,25.1,89.8
20260702T202527Z,25.1,89.9
20260702T202541Z,25.2,89.9
20260702T202557Z,25.2,90.0
20260702T202611Z,25.2,90.3
20260702T202627Z,25.2,90.3
20260702T202642Z,25.2,90.5
20260702T202657Z,25.3,90.6
20260702T202711Z,25.3,90.7
20260702T202727Z,25.3,90.9
20260702T202741Z,25.3,90.9
20260702T202757Z,25.3,91.1
20260702T202811Z,25.4,91.2
20260702T202828Z,25.4,91.4
20260702T202842Z,25.4,91.6
20260702T202857Z,25.4,91.6
20260702T202911Z,25.4,91.7
20260702T202928Z,25.4,91.7
20260702T202942Z,25.4,91.8
20260702T202957Z,25.5,92.0
20260702T203012Z,25.5,92.1
20260702T203026Z,25.5,92.3
20260702T203042Z,25.5,92.3
20260702T203056Z,25.5,92.3
20260702T203112Z,25.5,92.5
20260702T203126Z,25.5,92.6
20260702T203142Z,25.5,92.6
20260702T203156Z,25.5,92.7
20260702T203212Z,25.6,92.9
20260702T203226Z,25.6,92.9
20260702T203242Z,25.6,93.2
20260702T203256Z,25.6,93.1
20260702T203312Z,25.6,93.2
20260702T203326Z,25.6,93.3
20260702T203342Z,25.6,93.3
20260702T203356Z,25.6,93.4
20260702T203412Z,25.6,93.4
20260702T203426Z,25.6,93.5
20260702T203442Z,25.6,93.6
20260702T203456Z,25.6,93.6
20260702T203512Z,25.7,93.6
20260702T203527Z,25.7,93.7
20260702T203541Z,25.7,93.7
20260702T203557Z,25.7,93.7
20260702T203611Z,25.7,93.8
20260702T203626Z,25.7,93.9
20260702T203642Z,25.7,93.8
20260702T203656Z,25.7,94.0
20260702T203711Z,25.7,93.4
20260702T203727Z,25.7,92.8
20260702T203741Z,25.7,91.6
20260702T203757Z,25.7,90.7
20260702T203811Z,25.6,90.2
20260702T203827Z,25.6,89.5
20260702T203841Z,25.6,88.7
20260702T203857Z,25.6,87.9
20260702T203912Z,25.6,86.9
20260702T203926Z,25.5,85.3
20260702T203942Z,25.5,83.8
20260702T203956Z,25.4,83.2
20260702T204012Z,25.4,81.6
20260702T204026Z,25.3,80.4
20260702T204042Z,25.2,79.6
20260702T204057Z,25.1,79.1
20260702T204112Z,25.0,77.9
20260702T204126Z,24.8,77.3
20260702T204142Z,24.8,77.8
20260702T204156Z,24.7,78.9
20260702T204212Z,24.7,80.6
20260702T204226Z,24.7,82.2
20260702T204242Z,24.7,83.3
20260702T204256Z,24.6,83.8
20260702T204312Z,24.6,84.1
20260702T204326Z,24.7,84.2
20260702T204342Z,24.7,84.4
20260702T204356Z,24.7,84.9
20260702T204412Z,24.7,85.2
20260702T204427Z,24.7,85.4
20260702T204441Z,24.7,85.7
20260702T204457Z,24.7,86.0
20260702T204511Z,24.8,86.1
20260702T204527Z,24.8,86.5
20260702T204541Z,24.8,86.8
20260702T204556Z,24.9,86.9
20260702T204612Z,24.9,87.1
20260702T204627Z,24.9,87.4
20260702T204642Z,24.9,87.5
20260702T204657Z,25.0,87.8
20260702T204712Z,25.0,88.1
20260702T204727Z,25.0,88.2
20260702T204741Z,25.1,88.3
20260702T204757Z,25.1,88.5
20260702T204811Z,25.1,88.7
20260702T204828Z,25.1,88.9
20260702T204842Z,25.1,89.0
20260702T204857Z,25.2,89.3
20260702T204912Z,25.2,89.4
20260702T204927Z,25.2,89.5
20260702T204942Z,25.2,89.7
20260702T204957Z,25.2,89.8
20260702T205012Z,25.3,90.0
20260702T205027Z,25.3,90.2
20260702T205041Z,25.3,90.3
20260702T205057Z,25.3,90.4
20260702T205111Z,25.3,90.5
20260702T205127Z,25.3,90.7
20260702T205142Z,25.4,90.9
20260702T205157Z,25.4,91.1
20260702T205212Z,25.4,91.2
20260702T205227Z,25.4,91.4
20260702T205242Z,25.4,91.4
20260702T205257Z,25.4,91.7
20260702T205312Z,25.4,91.6
20260702T205327Z,25.4,91.7
20260702T205342Z,25.5,91.9
20260702T205357Z,25.5,92.0
20260702T205412Z,25.5,92.0
20260702T205427Z,25.5,92.2
20260702T205442Z,25.5,92.3
20260702T205457Z,25.5,92.4
20260702T205512Z,25.5,92.5
20260702T205527Z,25.5,92.5
20260702T205542Z,25.5,92.6
20260702T205557Z,25.5,92.7
20260702T205612Z,25.5,92.8
20260702T205627Z,25.6,92.8
20260702T205642Z,25.6,92.9
20260702T205657Z,25.6,93.0
20260702T205712Z,25.6,93.0
20260702T205727Z,25.6,93.2
20260702T205742Z,25.6,93.1
20260702T205757Z,25.6,93.3
20260702T205812Z,25.6,93.3
20260702T205827Z,25.7,93.4
20260702T205842Z,25.7,93.4
20260702T205857Z,25.7,93.5
20260702T205912Z,25.7,93.5
20260702T205927Z,25.7,93.6
20260702T205942Z,25.7,93.6
20260702T205957Z,25.7,93.6
20260702T210012Z,25.7,93.8
20260702T210028Z,25.7,93.8
20260702T210042Z,25.7,93.8
20260702T210057Z,25.7,93.5
20260702T210112Z,25.7,93.2
20260702T210127Z,25.7,91.8
20260702T210142Z,25.7,91.2
20260702T210157Z,25.7,90.2
20260702T210212Z,25.6,89.3
20260702T210227Z,25.6,88.7
20260702T210242Z,25.6,87.2
20260702T210257Z,25.5,86.4
20260702T210312Z,25.4,85.3
20260702T210327Z,25.4,84.4
20260702T210342Z,25.3,83.5
20260702T210357Z,25.3,82.6
20260702T210412Z,25.2,81.8
20260702T210427Z,25.1,81.4
20260702T210442Z,25.1,80.4
20260702T210457Z,25.0,79.6
20260702T210512Z,25.0,78.5
20260702T210527Z,24.9,78.7
20260702T210542Z,24.8,79.5
20260702T210557Z,24.8,80.7
20260702T210612Z,24.8,82.4
20260702T210627Z,24.8,83.2
20260702T210642Z,24.8,83.7
20260702T210657Z,24.7,83.9
20260702T210712Z,24.7,84.1
20260702T210727Z,24.8,84.3
20260702T210742Z,24.7,84.7
20260702T210757Z,24.8,85.0
20260702T210812Z,24.8,85.3
20260702T210827Z,24.8,85.8
20260702T210842Z,24.8,85.9
20260702T210857Z,24.8,86.3
20260702T210912Z,24.8,86.7
20260702T210927Z,24.9,86.9
20260702T210942Z,24.9,87.1
20260702T210957Z,24.9,87.3
20260702T211012Z,24.9,87.5
20260702T211027Z,25.0,87.8
20260702T211042Z,25.0,88.0
20260702T211057Z,25.0,88.1
20260702T211112Z,25.0,88.4
20260702T211127Z,25.0,88.5
20260702T211142Z,25.1,88.7
20260702T211157Z,25.1,88.8
20260702T211212Z,25.1,89.1
20260702T211227Z,25.1,89.2
20260702T211242Z,25.2,89.4
20260702T211257Z,25.2,89.6
20260702T211312Z,25.2,89.7
20260702T211327Z,25.2,89.9
20260702T211342Z,25.2,90.0
20260702T211357Z,25.2,90.1
20260702T211412Z,25.2,90.2
20260702T211428Z,25.3,90.4
20260702T211442Z,25.3,90.6
20260702T211457Z,25.3,90.7
20260702T211512Z,25.3,90.9
20260702T211527Z,25.3,91.0
20260702T211542Z,25.3,91.2
20260702T211557Z,25.3,91.3
20260702T211612Z,25.4,91.4
20260702T211627Z,25.4,91.4
20260702T211642Z,25.4,91.6
20260702T211657Z,25.4,91.7
20260702T211712Z,25.4,91.8
20260702T211727Z,25.4,91.9
20260702T211742Z,25.4,92.0
20260702T211757Z,25.5,92.2
20260702T211812Z,25.5,92.2
20260702T211827Z,25.5,92.3
20260702T211842Z,25.5,92.4
20260702T211857Z,25.5,92.5
20260702T211912Z,25.5,92.6
20260702T211927Z,25.5,92.7
20260702T211942Z,25.5,92.7
20260702T211957Z,25.5,92.8
20260702T212012Z,25.5,92.9
20260702T212027Z,25.5,93.0
20260702T212042Z,25.6,93.1
20260702T212057Z,25.6,93.2
20260702T212112Z,25.6,93.3
20260702T212127Z,25.6,93.3
20260702T212142Z,25.6,93.4
20260702T212157Z,25.6,93.4
20260702T212212Z,25.6,93.5
20260702T212227Z,25.6,93.6
20260702T212242Z,25.6,93.6
20260702T212257Z,25.6,93.6
20260702T212312Z,25.7,93.8
20260702T212327Z,25.7,93.8
20260702T212342Z,25.7,93.8
20260702T212357Z,25.7,93.8
20260702T212412Z,25.7,93.8
20260702T212427Z,25.7,93.9
20260702T212442Z,25.7,94.0
20260702T212457Z,25.7,93.8
20260702T212512Z,25.7,93.5
20260702T212527Z,25.7,92.2
20260702T212542Z,25.7,91.3
20260702T212557Z,25.7,90.8
20260702T212612Z,25.6,89.4
20260702T212627Z,25.6,89.0
20260702T212642Z,25.5,87.9
20260702T212657Z,25.5,86.7
20260702T212712Z,25.4,85.9
20260702T212727Z,25.4,85.0
20260702T212742Z,25.3,84.4
20260702T212757Z,25.3,83.1
20260702T212812Z,25.2,81.7
20260702T212827Z,25.1,80.6
20260702T212842Z,25.0,80.0
20260702T212857Z,24.9,79.3
20260702T212912Z,24.8,77.9
20260702T212927Z,24.7,78.6
20260702T212942Z,24.7,79.8
20260702T212957Z,24.6,81.2
20260702T213012Z,24.6,82.7
20260702T213027Z,24.6,83.6
20260702T213042Z,24.6,84.0
20260702T213057Z,24.6,84.6
20260702T213112Z,24.6,84.7
20260702T213127Z,24.6,85.1
20260702T213142Z,24.6,85.6
20260702T213157Z,24.6,85.8
20260702T213212Z,24.6,86.1
20260702T213227Z,24.6,86.4
20260702T213242Z,24.7,86.7
20260702T213257Z,24.7,87.0
20260702T213312Z,24.7,87.3
20260702T213327Z,24.8,87.5
20260702T213342Z,24.8,87.7
20260702T213357Z,24.8,87.9
20260702T213412Z,24.8,88.1
20260702T213428Z,24.9,88.2
20260702T213442Z,24.9,88.5
20260702T213457Z,24.9,88.7
20260702T213512Z,25.0,88.8
20260702T213527Z,25.0,88.9
20260702T213542Z,25.0,89.2
20260702T213557Z,25.0,89.3
20260702T213612Z,25.1,89.5
20260702T213627Z,25.1,89.6
20260702T213642Z,25.1,89.7
20260702T213657Z,25.1,89.9
20260702T213712Z,25.1,89.9
20260702T213727Z,25.2,90.2
20260702T213742Z,25.2,90.3
20260702T213757Z,25.2,90.6
20260702T213812Z,25.2,90.6
20260702T213827Z,25.2,90.6
20260702T213842Z,25.3,90.9
20260702T213857Z,25.3,91.0
20260702T213912Z,25.3,91.0
20260702T213927Z,25.3,91.2
20260702T213942Z,25.3,91.4
20260702T213957Z,25.3,91.5
20260702T214012Z,25.3,91.6
20260702T214027Z,25.4,91.7
20260702T214042Z,25.4,91.8
20260702T214057Z,25.4,91.9
20260702T214112Z,25.4,92.0
20260702T214127Z,25.4,92.2
20260702T214142Z,25.4,92.3
20260702T214157Z,25.4,92.5
20260702T214212Z,25.4,92.7
20260702T214227Z,25.4,92.7
20260702T214242Z,25.4,92.8
20260702T214257Z,25.5,92.9
20260702T214312Z,25.5,93.1
20260702T214328Z,25.5,93.1
20260702T214343Z,25.5,93.2
20260702T214357Z,25.5,93.2
20260702T214412Z,25.5,93.3
20260702T214428Z,25.5,93.3
20260702T214442Z,25.5,93.4
20260702T214457Z,25.5,93.4
20260702T214512Z,25.6,93.5
20260702T214527Z,25.6,93.5
20260702T214542Z,25.6,93.6
20260702T214557Z,25.6,93.8
20260702T214612Z,25.6,93.8
20260702T214627Z,25.6,93.9
20260702T214642Z,25.6,93.9
20260702T214657Z,25.6,94.0
20260702T214712Z,25.6,94.1
20260702T214727Z,25.6,94.0
20260702T214742Z,25.6,94.2
20260702T214757Z,25.7,94.2
20260702T214812Z,25.7,94.2
20260702T214827Z,25.7,94.3
20260702T214842Z,25.7,94.3
20260702T214857Z,25.7,94.4
20260702T214912Z,25.7,94.1
20260702T214927Z,25.7,93.8
20260702T214942Z,25.7,92.7
20260702T214957Z,25.7,91.6
20260702T215012Z,25.7,90.9
20260702T215027Z,25.6,89.6
20260702T215042Z,25.6,88.9
20260702T215057Z,25.5,88.4
20260702T215112Z,25.5,87.9
20260702T215127Z,25.5,86.5
20260702T215142Z,25.4,85.4
20260702T215157Z,25.4,84.4
20260702T215212Z,25.3,83.1
20260702T215227Z,25.3,82.4
20260702T215242Z,25.2,81.2
20260702T215257Z,25.1,80.0
20260702T215312Z,25.0,79.4
20260702T215327Z,24.9,78.5
20260702T215342Z,24.8,78.3
20260702T215357Z,24.7,79.3
20260702T215412Z,24.7,80.7
20260702T215427Z,24.7,82.6
20260702T215442Z,24.7,83.6
20260702T215457Z,24.7,84.2
20260702T215512Z,24.7,84.4
20260702T215527Z,24.7,84.7
20260702T215542Z,24.7,85.0
20260702T215557Z,24.7,85.2
20260702T215612Z,24.7,85.5
20260702T215627Z,24.7,85.9
20260702T215642Z,24.7,86.2
20260702T215657Z,24.8,86.5
20260702T215712Z,24.8,86.7
20260702T215727Z,24.8,87.0
20260702T215742Z,24.8,87.2
20260702T215757Z,24.9,87.3
20260702T215812Z,24.9,87.5
20260702T215827Z,24.9,87.7
20260702T215842Z,25.0,88.0
20260702T215857Z,24.9,88.3
20260702T215912Z,25.0,88.5
20260702T215927Z,25.0,88.7
20260702T215942Z,25.0,88.8
20260702T215957Z,25.1,89.0
20260702T220012Z,25.1,89.1
20260702T220027Z,25.1,89.4
20260702T220042Z,25.1,89.7
20260702T220057Z,25.1,89.7
20260702T220112Z,25.1,90.0
20260702T220127Z,25.1,90.2
20260702T220142Z,25.2,90.3
20260702T220157Z,25.2,90.5
20260702T220212Z,25.2,90.6
20260702T220227Z,25.2,90.8
20260702T220242Z,25.2,90.8
20260702T220257Z,25.3,91.0
20260702T220312Z,25.3,91.0
20260702T220327Z,25.3,91.2
20260702T220342Z,25.3,91.4
20260702T220357Z,25.3,91.5
20260702T220412Z,25.4,91.6
20260702T220427Z,25.4,91.7
20260702T220442Z,25.4,91.9
20260702T220457Z,25.4,91.9
20260702T220512Z,25.4,92.0
20260702T220527Z,25.4,92.1
20260702T220542Z,25.4,92.1
20260702T220557Z,25.4,92.3
20260702T220612Z,25.4,92.5
20260702T220627Z,25.4,92.5
20260702T220642Z,25.4,92.7
20260702T220657Z,25.5,92.8
20260702T220712Z,25.5,92.9
20260702T220727Z,25.5,93.0
20260702T220742Z,25.5,93.1
20260702T220757Z,25.5,93.1
20260702T220812Z,25.5,93.2
20260702T220827Z,25.5,93.3
20260702T220842Z,25.5,93.4
20260702T220857Z,25.5,93.4
20260702T220912Z,25.5,93.5
20260702T220927Z,25.6,93.6
20260702T220942Z,25.5,93.7
20260702T220957Z,25.6,93.8
20260702T221012Z,25.6,93.8
20260702T221027Z,25.6,93.9
20260702T221042Z,25.6,94.0
20260702T221057Z,25.6,94.0
20260702T221112Z,25.6,94.0
20260702T221127Z,25.6,94.1
20260702T221142Z,25.6,94.2
20260702T221157Z,25.6,94.1
20260702T221212Z,25.7,94.2
20260702T221227Z,25.7,94.2
20260702T221242Z,25.7,94.4
20260702T221257Z,25.7,94.3
20260702T221312Z,25.7,94.4
20260702T221327Z,25.7,94.4
20260702T221342Z,25.7,93.6
20260702T221357Z,25.7,93.6
20260702T221412Z,25.7,92.4
20260702T221428Z,25.7,91.8
20260702T221442Z,25.6,90.2
20260702T221457Z,25.6,89.7
20260702T221512Z,25.6,88.5
20260702T221527Z,25.5,87.7
20260702T221542Z,25.5,86.6
20260702T221557Z,25.4,86.0
20260702T221612Z,25.4,84.9
20260702T221627Z,25.3,83.8
20260702T221642Z,25.2,82.6
20260702T221657Z,25.2,81.6
20260702T221712Z,25.1,81.0
20260702T221728Z,25.0,80.1
20260702T221742Z,24.9,79.5
20260702T221757Z,24.8,78.7
20260702T221812Z,24.8,79.1
20260702T221827Z,24.7,79.9
20260702T221842Z,24.7,81.7
20260702T221857Z,24.7,83.4
20260702T221912Z,24.7,84.2
20260702T221927Z,24.7,84.4
20260702T221942Z,24.7,84.4
20260702T221957Z,24.7,85.0
20260702T222012Z,24.7,85.4
20260702T222027Z,24.7,85.5
20260702T222042Z,24.7,86.0
20260702T222057Z,24.7,86.5
20260702T222112Z,24.7,86.6
20260702T222127Z,24.7,86.8
20260702T222142Z,24.7,87.1
20260702T222157Z,24.8,87.2
20260702T222212Z,24.8,87.6
20260702T222227Z,24.8,87.8
20260702T222242Z,24.8,87.9
20260702T222257Z,24.9,88.3
20260702T222312Z,24.9,88.4
20260702T222327Z,24.9,88.6
20260702T222342Z,25.0,88.7
20260702T222357Z,25.0,89.0
20260702T222412Z,25.0,89.2
20260702T222427Z,25.0,89.4
20260702T222442Z,25.1,89.4
20260702T222457Z,25.1,89.8
20260702T222512Z,25.1,89.8
20260702T222527Z,25.1,90.0
20260702T222542Z,25.1,90.2
20260702T222557Z,25.2,90.3
20260702T222612Z,25.2,90.4
20260702T222628Z,25.2,90.6
20260702T222643Z,25.2,90.8
20260702T222657Z,25.2,90.8
20260702T222712Z,25.2,90.9
20260702T222728Z,25.3,91.1
20260702T222743Z,25.3,91.2
20260702T222757Z,25.3,91.4
20260702T222812Z,25.3,91.5
20260702T222827Z,25.3,91.7
20260702T222842Z,25.3,91.8
20260702T222857Z,25.3,91.9
20260702T222912Z,25.4,92.1
20260702T222927Z,25.4,92.1
20260702T222942Z,25.4,92.3
20260702T222957Z,25.4,92.4
20260702T223012Z,25.4,92.5
20260702T223027Z,25.4,92.6
20260702T223042Z,25.4,92.7
20260702T223057Z,25.4,92.9
20260702T223112Z,25.4,93.0
20260702T223127Z,25.5,93.0
20260702T223142Z,25.5,93.1
20260702T223157Z,25.5,93.3
20260702T223212Z,25.5,93.3
20260702T223227Z,25.5,93.4
20260702T223242Z,25.5,93.5
20260702T223257Z,25.5,93.6
20260702T223312Z,25.5,93.6
20260702T223327Z,25.5,93.7
20260702T223342Z,25.5,93.8
20260702T223357Z,25.5,93.8
20260702T223412Z,25.6,93.9
20260702T223427Z,25.6,93.9
20260702T223442Z,25.6,94.0
20260702T223457Z,25.6,94.0
20260702T223512Z,25.6,94.0
20260702T223527Z,25.6,94.1
20260702T223542Z,25.6,94.2
20260702T223557Z,25.6,94.4
20260702T223612Z,25.6,94.4
20260702T223627Z,25.6,94.4
20260702T223642Z,25.6,94.4
20260702T223657Z,25.7,94.5
20260702T223712Z,25.7,93.8
20260702T223727Z,25.7,93.8
20260702T223742Z,25.7,92.4
20260702T223757Z,25.6,91.8
20260702T223812Z,25.6,91.0
20260702T223827Z,25.6,89.8
20260702T223842Z,25.5,88.6
20260702T223857Z,25.5,87.6
20260702T223912Z,25.5,87.1
20260702T223927Z,25.4,85.8
20260702T223942Z,25.3,84.8
20260702T223957Z,25.3,84.0
20260702T224012Z,25.2,83.5
20260702T224027Z,25.2,82.1
20260702T224042Z,25.1,81.2
20260702T224057Z,25.1,80.6
20260702T224112Z,25.0,79.3
20260702T224128Z,24.9,78.8
20260702T224142Z,24.8,78.4
20260702T224157Z,24.7,79.3
20260702T224212Z,24.7,80.2
20260702T224227Z,24.7,82.3
20260702T224242Z,24.7,83.8
20260702T224257Z,24.6,84.2
20260702T224312Z,24.6,84.7
20260702T224327Z,24.6,84.9
20260702T224342Z,24.6,85.0
20260702T224357Z,24.6,85.3
20260702T224412Z,24.6,85.8
20260702T224427Z,24.7,86.2
20260702T224442Z,24.6,86.5
20260702T224457Z,24.7,86.7
20260702T224512Z,24.7,87.0
20260702T224527Z,24.7,87.1
20260702T224542Z,24.7,87.4
20260702T224557Z,24.8,87.7
20260702T224612Z,24.8,87.8
20260702T224627Z,24.8,88.0
20260702T224642Z,24.8,88.3
20260702T224657Z,24.9,88.4
20260702T224712Z,24.9,88.7
20260702T224727Z,24.9,88.9
20260702T224742Z,25.0,89.1
20260702T224757Z,25.0,89.3
20260702T224812Z,25.0,89.4
20260702T224827Z,25.0,89.7
20260702T224842Z,25.0,89.7
20260702T224857Z,25.1,89.9
20260702T224912Z,25.1,90.1
20260702T224927Z,25.1,90.3
20260702T224942Z,25.1,90.4
20260702T224957Z,25.2,90.4
20260702T225012Z,25.2,90.6
20260702T225027Z,25.2,90.7
20260702T225042Z,25.2,91.0
20260702T225057Z,25.2,91.0
20260702T225112Z,25.3,91.1
20260702T225127Z,25.3,91.3
20260702T225142Z,25.3,91.4
20260702T225157Z,25.3,91.5
20260702T225212Z,25.3,91.7
20260702T225227Z,25.3,91.8
20260702T225242Z,25.3,91.9
20260702T225257Z,25.4,92.0
20260702T225312Z,25.4,92.2
20260702T225327Z,25.4,92.3
20260702T225342Z,25.4,92.3
20260702T225357Z,25.4,92.5
20260702T225412Z,25.4,92.5
20260702T225427Z,25.4,92.7
20260702T225442Z,25.4,92.6
20260702T225457Z,25.4,92.8
20260702T225512Z,25.4,93.0
20260702T225527Z,25.5,93.0
20260702T225542Z,25.5,93.2
20260702T225557Z,25.5,93.2
20260702T225612Z,25.5,93.3
20260702T225627Z,25.5,93.5
20260702T225642Z,25.5,93.5
20260702T225657Z,25.5,93.6
20260702T225712Z,25.5,93.7
20260702T225727Z,25.5,93.7
20260702T225742Z,25.6,93.8
20260702T225757Z,25.6,93.8
20260702T225812Z,25.6,93.9
20260702T225827Z,25.6,93.9
20260702T225842Z,25.6,94.0
20260702T225857Z,25.6,94.1
20260702T225912Z,25.6,94.2
20260702T225927Z,25.6,94.1
20260702T225942Z,25.6,94.2
20260702T225957Z,25.6,94.3
20260702T230012Z,25.6,94.3
20260702T230028Z,25.6,94.4
20260702T230043Z,25.7,94.4
20260702T230057Z,25.7,93.7
20260702T230112Z,25.6,92.9
20260702T230127Z,25.6,92.1
20260702T230142Z,25.6,91.3
20260702T230157Z,25.6,90.3
20260702T230212Z,25.5,89.4
20260702T230227Z,25.5,88.6
20260702T230242Z,25.5,87.7
20260702T230257Z,25.4,86.4
20260702T230312Z,25.4,85.0
20260702T230327Z,25.3,84.1
20260702T230342Z,25.2,83.1
20260702T230357Z,25.2,82.8
20260702T230412Z,25.1,81.5
20260702T230427Z,25.0,80.5
20260702T230442Z,24.9,80.5
20260702T230457Z,24.9,79.7
20260702T230512Z,24.8,79.0
20260702T230527Z,24.7,79.2
20260702T230542Z,24.7,80.2
20260702T230557Z,24.7,81.3
20260702T230612Z,24.7,82.9
20260702T230627Z,24.7,83.7
20260702T230642Z,24.7,84.2
20260702T230657Z,24.7,84.5
20260702T230712Z,24.7,84.7
20260702T230727Z,24.7,85.0
20260702T230742Z,24.7,85.6
20260702T230757Z,24.7,85.9
20260702T230812Z,24.7,86.1
20260702T230827Z,24.7,86.4
20260702T230842Z,24.7,86.8
20260702T230857Z,24.7,87.0
20260702T230912Z,24.8,87.2
20260702T230927Z,24.8,87.5
20260702T230942Z,24.8,87.8
20260702T230957Z,24.8,87.9
20260702T231012Z,24.9,88.1
20260702T231027Z,24.9,88.5
20260702T231042Z,24.9,88.7
20260702T231057Z,24.9,88.8
20260702T231112Z,24.9,89.0
20260702T231128Z,25.0,89.2
20260702T231143Z,25.0,89.4
20260702T231157Z,25.0,89.6
20260702T231212Z,25.0,89.7
20260702T231228Z,25.0,89.9
20260702T231243Z,25.1,90.1
20260702T231257Z,25.1,90.1
20260702T231312Z,25.1,90.4
20260702T231327Z,25.1,90.5
20260702T231342Z,25.1,90.6
20260702T231357Z,25.2,90.8
20260702T231412Z,25.2,90.8
20260702T231427Z,25.2,91.1
20260702T231442Z,25.2,91.2
20260702T231457Z,25.2,91.4
20260702T231512Z,25.2,91.5
20260702T231527Z,25.2,91.7
20260702T231542Z,25.3,91.8
20260702T231557Z,25.3,91.8
20260702T231612Z,25.3,92.0
20260702T231627Z,25.3,92.1
20260702T231642Z,25.3,92.3
20260702T231657Z,25.3,92.4
20260702T231712Z,25.3,92.5
20260702T231727Z,25.4,92.7
20260702T231742Z,25.4,92.8
20260702T231757Z,25.4,92.9
20260702T231812Z,25.4,93.0
20260702T231827Z,25.4,93.0
20260702T231842Z,25.4,93.2
20260702T231857Z,25.4,93.2
20260702T231912Z,25.4,93.3
20260702T231927Z,25.5,93.4
20260702T231942Z,25.5,93.5
20260702T231957Z,25.5,93.6
20260702T232012Z,25.5,93.7
20260702T232027Z,25.5,93.7
20260702T232042Z,25.5,93.9
20260702T232057Z,25.5,93.9
20260702T232112Z,25.5,94.0
20260702T232127Z,25.5,94.0
20260702T232142Z,25.5,94.0
20260702T232157Z,25.5,94.1
20260702T232212Z,25.5,94.2
20260702T232227Z,25.6,94.2
20260702T232242Z,25.6,94.3
20260702T232257Z,25.6,94.3
20260702T232312Z,25.6,94.4
20260702T232327Z,25.6,94.3
20260702T232342Z,25.6,94.0
20260702T232357Z,25.6,92.1
20260702T232412Z,25.6,91.6
20260702T232428Z,25.5,90.5
20260702T232443Z,25.5,90.2
20260702T232457Z,25.5,88.7
20260702T232512Z,25.4,88.1
20260702T232528Z,25.3,87.2
20260702T232543Z,25.3,86.3
20260702T232557Z,25.3,85.0
20260702T232612Z,25.2,83.7
20260702T232627Z,25.1,83.2
20260702T232642Z,25.0,81.8
20260702T232657Z,24.9,81.3
20260702T232712Z,24.9,80.5
20260702T232727Z,24.8,79.4
20260702T232742Z,24.7,78.7
20260702T232757Z,24.6,78.1
20260702T232812Z,24.5,78.5
20260702T232827Z,24.5,79.9
20260702T232842Z,24.4,82.0
20260702T232857Z,24.5,83.6
20260702T232912Z,24.4,84.2
20260702T232927Z,24.4,84.7
20260702T232942Z,24.4,84.9
20260702T232957Z,24.5,85.3
20260702T233012Z,24.5,85.6
20260702T233027Z,24.5,85.7
20260702T233042Z,24.5,86.0
20260702T233057Z,24.5,86.3
20260702T233112Z,24.5,86.7
20260702T233127Z,24.6,87.0
20260702T233142Z,24.6,87.2
20260702T233157Z,24.6,87.3
20260702T233212Z,24.6,87.5
20260702T233227Z,24.7,87.8
20260702T233242Z,24.7,88.0
20260702T233257Z,24.7,88.3
20260702T233312Z,24.8,88.5
20260702T233327Z,24.8,88.7
20260702T233342Z,24.8,88.9
20260702T233357Z,24.8,89.2
20260702T233412Z,24.9,89.2
20260702T233428Z,24.9,89.5
20260702T233443Z,24.9,89.7
20260702T233457Z,24.9,89.8
20260702T233512Z,24.9,90.0
20260702T233527Z,25.0,90.4
20260702T233542Z,25.0,90.5
20260702T233557Z,25.0,90.7
20260702T233612Z,25.0,90.8
20260702T233628Z,25.0,91.0
20260702T233642Z,25.1,91.2
20260702T233657Z,25.1,91.3
20260702T233712Z,25.1,91.3
20260702T233727Z,25.1,91.5
20260702T233742Z,25.1,91.6
20260702T233757Z,25.1,91.8
20260702T233812Z,25.2,91.9
20260702T233827Z,25.2,92.0
20260702T233842Z,25.2,92.1
20260702T233857Z,25.2,92.3
20260702T233912Z,25.2,92.4
20260702T233927Z,25.2,92.6
20260702T233942Z,25.2,92.7
20260702T233957Z,25.3,92.8
20260702T234012Z,25.3,92.9
20260702T234027Z,25.3,93.1
20260702T234042Z,25.3,93.1
20260702T234057Z,25.3,93.3
20260702T234112Z,25.3,93.3
20260702T234127Z,25.3,93.5
20260702T234142Z,25.3,93.5
20260702T234158Z,25.4,93.6
20260702T234212Z,25.4,93.7
20260702T234228Z,25.4,93.7
20260702T234242Z,25.4,93.8
20260702T234258Z,25.4,93.9
20260702T234312Z,25.4,94.0
20260702T234329Z,25.4,94.0
20260702T234343Z,25.5,94.1
20260702T234357Z,25.5,94.2
20260702T234412Z,25.5,94.2
20260702T234427Z,25.5,94.3
20260702T234442Z,25.5,94.3
20260702T234457Z,25.5,94.5
20260702T234512Z,25.5,94.4
20260702T234527Z,25.5,94.4
20260702T234542Z,25.5,94.5
20260702T234557Z,25.5,94.5
20260702T234612Z,25.6,94.6
20260702T234626Z,25.6,94.5
20260702T234642Z,25.6,94.1
20260702T234658Z,25.6,92.4
20260702T234712Z,25.6,91.6
20260702T234727Z,25.5,90.9
20260702T234742Z,25.5,89.8
20260702T234758Z,25.4,89.1
20260702T234812Z,25.4,88.3
20260702T234828Z,25.3,87.2
20260702T234842Z,25.3,86.2
20260702T234858Z,25.2,85.2
20260702T234912Z,25.2,84.6
20260702T234928Z,25.1,83.4
20260702T234942Z,25.0,82.2
20260702T234958Z,25.0,81.5
20260702T235012Z,24.9,80.7
20260702T235028Z,24.8,80.1
20260702T235042Z,24.7,79.2
20260702T235057Z,24.6,78.5
20260702T235113Z,24.6,79.7
20260702T235127Z,24.5,81.0
20260702T235143Z,24.5,83.1
20260702T235157Z,24.5,84.1
20260702T235213Z,24.5,84.6
20260702T235227Z,24.5,85.1
20260702T235243Z,24.5,85.2
20260702T235258Z,24.5,85.7
20260702T235312Z,24.5,85.8
20260702T235328Z,24.5,86.0
20260702T235343Z,24.6,86.5
20260702T235357Z,24.6,86.8
20260702T235413Z,24.6,87.2
20260702T235427Z,24.6,87.4
20260702T235443Z,24.6,87.7
20260702T235457Z,24.7,87.8
20260702T235513Z,24.7,88.1
20260702T235527Z,24.7,88.3
20260702T235543Z,24.8,88.4
20260702T235557Z,24.8,88.8
20260702T235613Z,24.8,89.1
20260702T235627Z,24.8,89.2
20260702T235642Z,24.8,89.4
20260702T235658Z,24.9,89.6
20260702T235712Z,24.9,89.8
20260702T235727Z,24.9,90.1
20260702T235743Z,25.0,90.3
20260702T235757Z,25.0,90.4
20260702T235813Z,25.0,90.5
20260702T235827Z,25.0,90.7
20260702T235843Z,25.0,90.9
20260702T235857Z,25.0,91.0
20260702T235913Z,25.1,91.1
20260702T235927Z,25.1,91.4
20260702T235943Z,25.1,91.5
20260702T235957Z,25.1,91.6