Time,Temperature,Humidity
20260718T000008Z,26.6,93.1
20260718T000023Z,26.6,93.1
20260718T000038Z,26.6,93.1
20260718T000053Z,26.6,93.1
20260718T000108Z,26.7,93.0
20260718T000123Z,26.7,93.0
20260718T000138Z,26.7,93.0
20260718T000153Z,26.7,93.0
20260718T000208Z,26.7,92.9
20260718T000223Z,26.7,92.9
20260718T000238Z,26.7,92.9
20260718T000253Z,26.8,92.9
20260718T000308Z,26.7,92.8
20260718T000323Z,26.8,92.8
20260718T000338Z,26.8,92.4
20260718T000353Z,26.8,91.2
20260718T000408Z,26.7,90.8
20260718T000423Z,26.7,90.0
20260718T000438Z,26.6,89.4
20260718T000453Z,26.6,88.0
20260718T000508Z,26.5,87.3
20260718T000523Z,26.4,86.0
20260718T000538Z,26.3,85.3
20260718T000553Z,26.2,84.6
20260718T000608Z,26.1,84.7
20260718T000623Z,26.0,84.3
20260718T000638Z,25.9,83.5
20260718T000653Z,25.8,82.6
20260718T000708Z,25.7,82.3
20260718T000723Z,25.7,81.7
20260718T000738Z,25.6,80.7
20260718T000753Z,25.6,80.2
20260718T000808Z,25.5,81.6
20260718T000823Z,25.5,83.0
20260718T000838Z,25.4,84.7
20260718T000853Z,25.4,85.4
20260718T000908Z,25.4,85.6
20260718T000923Z,25.4,85.7
20260718T000938Z,25.4,86.0
20260718T000953Z,25.4,86.4
20260718T001008Z,25.4,86.6
20260718T001023Z,25.5,86.9
20260718T001038Z,25.5,87.0
20260718T001053Z,25.5,87.5
20260718T001108Z,25.5,87.6
20260718T001123Z,25.6,87.9
20260718T001138Z,25.6,88.1
20260718T001153Z,25.6,88.4
20260718T001208Z,25.6,88.6
20260718T001223Z,25.7,88.8
20260718T001238Z,25.7,89.0
20260718T001253Z,25.7,89.2
20260718T001308Z,25.7,89.4
20260718T001323Z,25.8,89.7
20260718T001338Z,25.8,89.9
20260718T001353Z,25.8,90.2
20260718T001408Z,25.8,90.1
20260718T001423Z,25.8,90.3
20260718T001438Z,25.9,90.5
20260718T001453Z,25.9,90.7
20260718T001508Z,25.9,90.8
20260718T001523Z,25.9,91.0
20260718T001538Z,25.9,91.1
20260718T001553Z,26.0,91.3
20260718T001608Z,26.0,91.3
20260718T001623Z,26.0,91.5
20260718T001638Z,26.0,91.7
20260718T001653Z,26.0,91.8
20260718T001708Z,26.0,91.8
20260718T001723Z,26.1,92.0
20260718T001738Z,26.1,92.1
20260718T001753Z,26.1,92.2
20260718T001808Z,26.1,92.3
20260718T001823Z,26.1,92.4
20260718T001838Z,26.1,92.5
20260718T001853Z,26.2,92.5
20260718T001908Z,26.2,92.5
20260718T001923Z,26.2,92.6
20260718T001938Z,26.2,92.6
20260718T001954Z,26.2,92.7
20260718T002009Z,26.2,92.8
20260718T002023Z,26.3,92.8
20260718T002038Z,26.3,92.8
20260718T002054Z,26.3,92.9
20260718T002109Z,26.3,92.9
20260718T002123Z,26.3,92.9
20260718T002138Z,26.3,93.0
20260718T002154Z,26.4,93.0
20260718T002209Z,26.4,93.1
20260718T002223Z,26.4,93.1
20260718T002238Z,26.4,93.0
20260718T002253Z,26.4,93.0
20260718T002308Z,26.4,93.0
20260718T002323Z,26.5,93.0
20260718T002338Z,26.5,93.0
20260718T002353Z,26.5,93.0
20260718T002408Z,26.5,93.0
20260718T002423Z,26.5,93.0
20260718T002438Z,26.6,93.0
20260718T002453Z,26.6,93.0
20260718T002508Z,26.6,93.0
20260718T002523Z,26.6,93.0
20260718T002538Z,26.6,93.0
20260718T002553Z,26.6,93.0
20260718T002608Z,26.6,92.9
20260718T002623Z,26.6,92.9
20260718T002638Z,26.7,92.9
20260718T002653Z,26.7,92.9
20260718T002708Z,26.7,92.9
20260718T002723Z,26.7,92.9
20260718T002738Z,26.7,92.8
20260718T002753Z,26.7,92.8
20260718T002808Z,26.7,92.8
20260718T002823Z,26.8,92.8
20260718T002838Z,26.8,92.7
20260718T002853Z,26.8,91.9
20260718T002908Z,26.8,91.4
20260718T002923Z,26.7,90.1
20260718T002938Z,26.7,89.8
20260718T002953Z,26.6,88.9
20260718T003008Z,26.6,88.4
20260718T003023Z,26.5,87.8
20260718T003038Z,26.4,86.9
20260718T003053Z,26.4,86.0
20260718T003108Z,26.3,85.5
20260718T003123Z,26.2,84.1
20260718T003138Z,26.1,83.7
20260718T003153Z,26.0,83.4
20260718T003208Z,26.0,83.2
20260718T003223Z,25.9,81.7
20260718T003238Z,25.8,81.4
20260718T003253Z,25.8,81.0
20260718T003308Z,25.7,80.3
20260718T003323Z,25.7,80.5
20260718T003338Z,25.7,81.8
20260718T003353Z,25.6,82.9
20260718T003408Z,25.6,83.8
20260718T003423Z,25.6,84.5
20260718T003438Z,25.6,84.9
20260718T003453Z,25.6,85.1
20260718T003508Z,25.6,85.6
20260718T003523Z,25.6,85.9
20260718T003538Z,25.5,86.4
20260718T003553Z,25.5,86.5
20260718T003608Z,25.6,87.0
20260718T003623Z,25.6,87.1
20260718T003638Z,25.6,87.5
20260718T003653Z,25.6,87.8
20260718T003708Z,25.6,87.8
20260718T003723Z,25.7,88.1
20260718T003738Z,25.7,88.3
20260718T003753Z,25.7,88.7
20260718T003808Z,25.7,88.9
20260718T003823Z,25.8,89.1
20260718T003838Z,25.8,89.3
20260718T003853Z,25.8,89.5
20260718T003908Z,25.8,89.7
20260718T003923Z,25.8,89.9
20260718T003938Z,25.8,90.2
20260718T003953Z,25.9,90.2
20260718T004008Z,25.9,90.4
20260718T004023Z,25.9,90.6
20260718T004038Z,25.9,90.7
20260718T004053Z,25.9,90.9
20260718T004108Z,25.9,91.0
20260718T004123Z,26.0,91.3
20260718T004138Z,26.0,91.4
20260718T004153Z,26.0,91.6
20260718T004208Z,26.0,91.6
20260718T004223Z,26.0,91.5
20260718T004238Z,26.1,91.8
20260718T004253Z,26.1,91.9
20260718T004308Z,26.1,92.0
20260718T004323Z,26.1,92.1
20260718T004338Z,26.1,92.3
20260718T004353Z,26.1,92.3
20260718T004408Z,26.1,92.2
20260718T004423Z,26.2,92.4
20260718T004438Z,26.2,92.5
20260718T004453Z,26.2,92.5
20260718T004508Z,26.2,92.6
20260718T004523Z,26.2,92.6
20260718T004538Z,26.2,92.7
20260718T004553Z,26.3,92.7
20260718T004608Z,26.3,92.8
20260718T004623Z,26.3,92.8
20260718T004638Z,26.3,92.8
20260718T004653Z,26.4,92.9
20260718T004708Z,26.4,92.8
20260718T004723Z,26.4,92.8
20260718T004738Z,26.4,92.9
20260718T004753Z,26.4,92.9
20260718T004808Z,26.4,92.9
20260718T004823Z,26.5,92.9
20260718T004838Z,26.5,92.9
20260718T004853Z,26.5,92.9
20260718T004908Z,26.5,92.9
20260718T004923Z,26.5,92.9
20260718T004938Z,26.5,92.9
20260718T004953Z,26.5,92.9
20260718T005008Z,26.5,92.9
20260718T005023Z,26.6,92.9
20260718T005038Z,26.6,92.9
20260718T005053Z,26.6,92.9
20260718T005108Z,26.6,92.9
20260718T005123Z,26.6,92.8
20260718T005138Z,26.6,92.8
20260718T005153Z,26.6,92.8
20260718T005208Z,26.7,92.7
20260718T005223Z,26.7,92.8
20260718T005238Z,26.7,92.7
20260718T005253Z,26.7,92.7
20260718T005308Z,26.7,92.7
20260718T005323Z,26.8,92.6
20260718T005338Z,26.8,92.6
20260718T005353Z,26.8,92.6
20260718T005408Z,26.8,92.6
20260718T005423Z,26.8,92.6
20260718T005438Z,26.8,92.2
20260718T005453Z,26.8,92.2
20260718T005508Z,26.8,90.6
20260718T005523Z,26.7,89.9
20260718T005538Z,26.7,89.4
20260718T005553Z,26.6,88.7
20260718T005608Z,26.6,87.4
20260718T005623Z,26.5,86.3
20260718T005638Z,26.4,85.8
20260718T005653Z,26.3,85.2
20260718T005708Z,26.2,85.0
20260718T005723Z,26.1,84.0
20260718T005738Z,26.0,83.9
20260718T005753Z,25.9,82.9
20260718T005808Z,25.9,81.7
20260718T005823Z,25.8,81.1
20260718T005838Z,25.7,81.2
20260718T005853Z,25.7,80.4
20260718T005908Z,25.6,81.1
20260718T005923Z,25.6,82.7
20260718T005938Z,25.5,84.1
20260718T005953Z,25.5,85.3
20260718T010008Z,25.5,85.5
20260718T010023Z,25.5,85.8
20260718T010038Z,25.5,86.1
20260718T010053Z,25.5,86.3
20260718T010108Z,25.5,86.3
20260718T010123Z,25.5,86.8
20260718T010138Z,25.6,86.9
20260718T010153Z,25.6,87.4
20260718T010208Z,25.6,87.4
20260718T010223Z,25.6,87.8
20260718T010238Z,25.6,88.1
20260718T010253Z,25.6,88.4
20260718T010308Z,25.7,88.6
20260718T010323Z,25.7,88.9
20260718T010338Z,25.7,89.2
20260718T010353Z,25.7,89.3
20260718T010408Z,25.7,89.5
20260718T010423Z,25.8,89.8
20260718T010438Z,25.8,89.8
20260718T010453Z,25.8,90.1
20260718T010508Z,25.8,90.2
20260718T010523Z,25.8,90.5
20260718T010538Z,25.9,90.6
20260718T010553Z,25.9,90.7
20260718T010608Z,25.9,90.8
20260718T010623Z,25.9,91.0
20260718T010638Z,26.0,91.1
20260718T010653Z,26.0,91.3
20260718T010708Z,26.0,91.5
20260718T010723Z,26.0,91.5
20260718T010738Z,26.0,91.6
20260718T010753Z,26.0,91.8
20260718T010808Z,26.0,91.9
20260718T010823Z,26.0,92.0
20260718T010838Z,26.1,92.1
20260718T010853Z,26.1,92.2
20260718T010908Z,26.1,92.3
20260718T010923Z,26.1,92.4
20260718T010938Z,26.1,92.4
20260718T010953Z,26.2,92.5
20260718T011008Z,26.2,92.5
20260718T011023Z,26.2,92.6
20260718T011038Z,26.2,92.6
20260718T011053Z,26.3,92.7
20260718T011108Z,26.3,92.7
20260718T011123Z,26.3,92.7
20260718T011138Z,26.3,92.7
20260718T011153Z,26.3,92.8
20260718T011208Z,26.3,92.8
20260718T011223Z,26.3,92.8
20260718T011238Z,26.4,92.8
20260718T011253Z,26.4,92.8
20260718T011308Z,26.4,92.8
20260718T011323Z,26.4,92.8
20260718T011338Z,26.4,92.8
20260718T011353Z,26.5,92.8
20260718T011408Z,26.5,92.8
20260718T011423Z,26.5,92.8
20260718T011438Z,26.5,92.8
20260718T011453Z,26.5,92.8
20260718T011508Z,26.6,92.8
20260718T011523Z,26.6,92.7
20260718T011538Z,26.6,92.7
20260718T011553Z,26.6,92.7
20260718T011608Z,26.6,92.7
20260718T011623Z,26.6,92.7
20260718T011638Z,26.6,92.7
20260718T011653Z,26.6,92.6
20260718T011708Z,26.7,92.6
20260718T011723Z,26.7,92.6
20260718T011738Z,26.7,92.6
20260718T011753Z,26.7,92.6
20260718T011808Z,26.7,92.6
20260718T011823Z,26.7,92.5
20260718T011838Z,26.7,92.5
20260718T011853Z,26.8,92.5
20260718T011908Z,26.8,92.5
20260718T011923Z,26.8,92.5
20260718T011938Z,26.8,91.7
20260718T011953Z,26.8,91.0
20260718T012008Z,26.8,90.0
20260718T012023Z,26.7,90.2
20260718T012038Z,26.7,89.0
20260718T012053Z,26.6,88.0
20260718T012108Z,26.5,86.7
20260718T012123Z,26.5,86.0
20260718T012138Z,26.3,85.4
20260718T012153Z,26.2,84.5
20260718T012208Z,26.1,85.2
20260718T012223Z,26.0,84.5
20260718T012238Z,25.9,83.1
20260718T012253Z,25.9,82.8
20260718T012308Z,25.7,81.6
20260718T012323Z,25.7,81.7
20260718T012338Z,25.6,81.2
20260718T012353Z,25.6,79.9
20260718T012408Z,25.5,81.2
20260718T012423Z,25.5,83.1
20260718T012438Z,25.5,84.5
20260718T012454Z,25.5,85.4
20260718T012509Z,25.5,85.7
20260718T012523Z,25.5,86.0
20260718T012538Z,25.5,86.0
20260718T012554Z,25.5,86.2
20260718T012609Z,25.5,86.6
20260718T012623Z,25.5,86.5
20260718T012638Z,25.6,87.0
20260718T012654Z,25.6,87.4
20260718T012708Z,25.6,87.6
20260718T012724Z,25.6,87.6
20260718T012738Z,25.6,88.1
20260718T012753Z,25.7,88.4
20260718T012808Z,25.7,88.5
20260718T012823Z,25.7,88.8
20260718T012839Z,25.7,89.0
20260718T012853Z,25.7,89.3
20260718T012909Z,25.8,89.3
20260718T012924Z,25.8,89.6
20260718T012938Z,25.8,89.7
20260718T012954Z,25.8,89.9
20260718T013008Z,25.8,90.1
20260718T013024Z,25.9,90.3
20260718T013038Z,25.9,90.5
20260718T013054Z,25.9,90.6
20260718T013108Z,25.9,90.8
20260718T013124Z,25.9,90.9
20260718T013138Z,26.0,91.1
20260718T013153Z,26.0,91.2
20260718T013208Z,26.0,91.3
20260718T013224Z,26.0,91.5
20260718T013238Z,26.0,91.5
20260718T013253Z,26.1,91.7
20260718T013309Z,26.1,91.6
20260718T013323Z,26.1,91.8
20260718T013339Z,26.1,91.9
20260718T013353Z,26.1,92.0
20260718T013409Z,26.1,92.1
20260718T013423Z,26.2,92.1
20260718T013439Z,26.2,92.2
20260718T013453Z,26.2,92.3
20260718T013508Z,26.2,92.4
20260718T013524Z,26.2,92.4
20260718T013539Z,26.2,92.4
20260718T013554Z,26.3,92.5
20260718T013608Z,26.3,92.6
20260718T013624Z,26.3,92.5
20260718T013638Z,26.3,92.6
20260718T013654Z,26.3,92.6
20260718T013708Z,26.4,92.7
20260718T013724Z,26.4,92.7
20260718T013738Z,26.4,92.7
20260718T013753Z,26.4,92.8
20260718T013809Z,26.4,92.7
20260718T013823Z,26.4,92.7
20260718T013838Z,26.5,92.8
20260718T013853Z,26.5,92.8
20260718T013909Z,26.5,92.8
20260718T013923Z,26.5,92.8
20260718T013939Z,26.5,92.7
20260718T013953Z,26.5,92.8
20260718T014009Z,26.5,92.7
20260718T014023Z,26.6,92.7
20260718T014039Z,26.6,92.7
20260718T014053Z,26.6,92.7
20260718T014109Z,26.6,92.6
20260718T014123Z,26.6,92.6
20260718T014139Z,26.6,92.6
20260718T014153Z,26.7,92.6
20260718T014208Z,26.7,92.6
20260718T014224Z,26.7,92.5
20260718T014238Z,26.7,92.5
20260718T014254Z,26.7,92.5
20260718T014308Z,26.7,92.5
20260718T014324Z,26.7,92.5
20260718T014338Z,26.8,92.4
20260718T014354Z,26.8,92.4
20260718T014408Z,26.8,92.2
20260718T014424Z,26.8,92.1
20260718T014438Z,26.8,90.7
20260718T014453Z,26.7,89.7
20260718T014508Z,26.7,89.6
20260718T014524Z,26.6,88.2
20260718T014538Z,26.6,87.1
20260718T014554Z,26.5,86.8
20260718T014608Z,26.4,85.6
20260718T014624Z,26.3,84.9
20260718T014638Z,26.2,83.9
20260718T014654Z,26.1,84.3
20260718T014708Z,26.0,83.7
20260718T014724Z,25.9,83.5
20260718T014738Z,25.9,83.0
20260718T014754Z,25.8,81.9
20260718T014808Z,25.8,81.3
20260718T014824Z,25.8,80.5
20260718T014838Z,25.7,80.0
20260718T014853Z,25.7,81.2
20260718T014909Z,25.7,82.8
20260718T014923Z,25.6,83.9
20260718T014939Z,25.6,84.8
20260718T014953Z,25.6,85.2
20260718T015009Z,25.6,85.4
20260718T015023Z,25.6,85.4
20260718T015038Z,25.6,85.9
20260718T015053Z,25.6,86.2
20260718T015109Z,25.6,86.6
20260718T015123Z,25.6,86.6
20260718T015139Z,25.6,87.0
20260718T015154Z,25.6,87.2
20260718T015208Z,25.6,87.6
20260718T015224Z,25.7,87.8
20260718T015238Z,25.7,88.0
20260718T015255Z,25.7,88.2
20260718T015309Z,25.7,88.5
20260718T015324Z,25.7,88.8
20260718T015338Z,25.8,89.0
20260718T015353Z,25.8,89.2
20260718T015409Z,25.8,89.4
20260718T015423Z,25.8,89.6
20260718T015439Z,25.8,89.9
20260718T015454Z,25.8,90.0
20260718T015508Z,25.9,90.2
20260718T015524Z,25.9,90.3
20260718T015538Z,25.9,90.4
20260718T015554Z,25.9,90.7
20260718T015608Z,25.9,90.7
20260718T015624Z,26.0,90.9
20260718T015638Z,26.0,91.0
20260718T015654Z,26.0,91.1
20260718T015708Z,26.0,91.2
20260718T015723Z,26.0,91.4
20260718T015738Z,26.0,91.6
20260718T015753Z,26.1,91.6
20260718T015809Z,26.1,91.7
20260718T015823Z,26.1,91.8
20260718T015839Z,26.1,91.9
20260718T015853Z,26.1,91.9
20260718T015909Z,26.2,92.0
20260718T015923Z,26.2,92.0
20260718T015939Z,26.2,92.1
20260718T015953Z,26.2,92.2
20260718T020009Z,26.2,92.2
20260718T020023Z,26.2,92.3
20260718T020039Z,26.3,92.3
20260718T020053Z,26.3,92.4
20260718T020109Z,26.3,92.4
20260718T020123Z,26.3,92.4
20260718T020139Z,26.3,92.4
20260718T020154Z,26.4,92.4
20260718T020209Z,26.4,92.5
20260718T020223Z,26.4,92.4
20260718T020239Z,26.4,92.5
20260718T020254Z,26.4,92.5
20260718T020309Z,26.5,92.5
20260718T020323Z,26.5,92.5
20260718T020339Z,26.5,92.5
20260718T020354Z,26.5,92.5
20260718T020409Z,26.5,92.5
20260718T020424Z,26.6,92.5
20260718T020438Z,26.6,92.5
20260718T020454Z,26.6,92.5
20260718T020508Z,26.6,92.5
20260718T020524Z,26.6,92.4
20260718T020538Z,26.6,92.4
20260718T020554Z,26.7,92.4
20260718T020608Z,26.7,92.4
20260718T020624Z,26.7,92.4
20260718T020638Z,26.7,92.4
20260718T020654Z,26.7,92.3
20260718T020709Z,26.7,92.3
20260718T020723Z,26.7,92.3
20260718T020739Z,26.7,92.3
20260718T020753Z,26.8,92.2
20260718T020809Z,26.8,92.2
20260718T020823Z,26.8,92.2
20260718T020839Z,26.8,91.4
20260718T020853Z,26.8,90.8
20260718T020908Z,26.8,89.8
20260718T020924Z,26.7,89.4
20260718T020938Z,26.7,88.8
20260718T020954Z,26.6,87.8
20260718T021008Z,26.6,87.0
20260718T021023Z,26.5,86.4
20260718T021039Z,26.4,85.0
20260718T021054Z,26.3,83.9
20260718T021108Z,26.1,83.6
20260718T021124Z,26.0,83.5
20260718T021138Z,25.9,83.2
20260718T021153Z,25.8,82.4
20260718T021209Z,25.8,82.1
20260718T021223Z,25.7,81.0
20260718T021239Z,25.7,80.6
20260718T021253Z,25.7,79.2
20260718T021309Z,25.6,80.8
20260718T021323Z,25.6,82.4
20260718T021339Z,25.6,83.8
20260718T021353Z,25.6,84.7
20260718T021409Z,25.6,85.2
20260718T021423Z,25.6,85.3
20260718T021439Z,25.6,85.5
20260718T021453Z,25.6,86.0
20260718T021509Z,25.6,86.2
20260718T021523Z,25.6,86.4
20260718T021539Z,25.6,86.7
20260718T021553Z,25.6,87.0
20260718T021609Z,25.6,87.2
20260718T021623Z,25.6,87.5
20260718T021638Z,25.7,87.8
20260718T021653Z,25.7,88.0
20260718T021709Z,25.7,88.3
20260718T021723Z,25.7,88.5
20260718T021739Z,25.7,88.7
20260718T021753Z,25.8,88.9
20260718T021809Z,25.8,89.1
20260718T021823Z,25.8,89.3
20260718T021839Z,25.8,89.5
20260718T021853Z,25.8,89.8
20260718T021909Z,25.8,89.9
20260718T021923Z,25.9,90.2
20260718T021939Z,25.9,90.3
20260718T021953Z,25.9,90.5
20260718T022009Z,25.9,90.7
20260718T022024Z,25.9,90.7
20260718T022038Z,26.0,90.8
20260718T022054Z,26.0,91.1
20260718T022108Z,26.0,91.1
20260718T022124Z,26.0,91.2
20260718T022138Z,26.0,91.4
20260718T022154Z,26.1,91.4
20260718T022208Z,26.1,91.6
20260718T022224Z,26.1,91.6
20260718T022238Z,26.1,91.8
20260718T022253Z,26.1,91.8
20260718T022309Z,26.1,91.9
20260718T022324Z,26.2,92.0
20260718T022339Z,26.2,92.0
20260718T022354Z,26.2,92.1
20260718T022409Z,26.2,92.2
20260718T022424Z,26.2,92.3
20260718T022438Z,26.3,92.3
20260718T022454Z,26.3,92.3
20260718T022508Z,26.3,92.3
20260718T022524Z,26.3,92.4
20260718T022538Z,26.3,92.4
20260718T022553Z,26.3,92.4
20260718T022609Z,26.4,92.5
20260718T022624Z,26.4,92.4
20260718T022639Z,26.4,92.5
20260718T022654Z,26.4,92.5
20260718T022708Z,26.4,92.4
20260718T022724Z,26.5,92.5
20260718T022739Z,26.5,92.5
20260718T022754Z,26.5,92.4
20260718T022808Z,26.5,92.4
20260718T022824Z,26.5,92.4
20260718T022838Z,26.5,92.4
20260718T022854Z,26.6,92.4
20260718T022909Z,26.6,92.4
20260718T022924Z,26.6,92.4
20260718T022939Z,26.6,92.3
20260718T022954Z,26.6,92.3
20260718T023009Z,26.6,92.3
20260718T023024Z,26.6,92.3
20260718T023039Z,26.7,92.2
20260718T023054Z,26.7,92.2
20260718T023109Z,26.7,92.2
20260718T023124Z,26.7,92.2
20260718T023139Z,26.7,92.2
20260718T023154Z,26.7,92.2
20260718T023209Z,26.8,92.1
20260718T023224Z,26.7,92.1
20260718T023239Z,26.8,92.1
20260718T023254Z,26.8,91.5
20260718T023309Z,26.8,91.7
20260718T023324Z,26.8,89.8
20260718T023339Z,26.7,89.7
20260718T023354Z,26.7,89.0
20260718T023409Z,26.7,87.8
20260718T023424Z,26.6,86.8
20260718T023439Z,26.4,85.7
20260718T023454Z,26.4,85.5
20260718T023509Z,26.2,85.0
20260718T023524Z,26.1,84.3
20260718T023539Z,26.0,83.5
20260718T023554Z,25.9,83.5
20260718T023609Z,25.8,82.6
20260718T023624Z,25.8,82.1
20260718T023639Z,25.7,81.5
20260718T023654Z,25.7,80.8
20260718T023709Z,25.6,80.2
20260718T023724Z,25.6,80.0
20260718T023739Z,25.6,81.4
20260718T023754Z,25.5,82.5
20260718T023809Z,25.5,84.0
20260718T023824Z,25.5,84.7
20260718T023839Z,25.5,84.9
20260718T023854Z,25.5,85.2
20260718T023909Z,25.5,85.5
20260718T023924Z,25.5,85.8
20260718T023939Z,25.5,86.2
20260718T023954Z,25.6,86.5
20260718T024009Z,25.6,86.7
20260718T024024Z,25.6,86.8
20260718T024039Z,25.6,87.3
20260718T024054Z,25.6,87.4
20260718T024109Z,25.7,87.7
20260718T024124Z,25.7,88.0
20260718T024139Z,25.7,88.3
20260718T024154Z,25.7,88.2
20260718T024209Z,25.7,88.7
20260718T024224Z,25.7,88.8
20260718T024239Z,25.8,88.9
20260718T024254Z,25.8,89.3
20260718T024309Z,25.8,89.4
20260718T024324Z,25.8,89.5
20260718T024339Z,25.9,89.7
20260718T024354Z,25.9,90.0
20260718T024409Z,25.9,90.1
20260718T024424Z,25.9,90.3
20260718T024439Z,25.9,90.4
20260718T024454Z,26.0,90.5
20260718T024509Z,26.0,90.6
20260718T024524Z,26.0,90.8
20260718T024539Z,26.0,90.9
20260718T024554Z,26.0,91.2
20260718T024609Z,26.0,91.2
20260718T024624Z,26.0,91.3
20260718T024639Z,26.1,91.4
20260718T024654Z,26.1,91.5
20260718T024709Z,26.1,91.5
20260718T024724Z,26.1,91.7
20260718T024739Z,26.2,91.8
20260718T024754Z,26.2,91.9
20260718T024809Z,26.2,91.9
20260718T024824Z,26.2,91.9
20260718T024839Z,26.2,92.0
20260718T024854Z,26.2,92.0
20260718T024909Z,26.3,92.1
20260718T024924Z,26.3,92.1
20260718T024939Z,26.3,92.1
20260718T024954Z,26.3,92.1
20260718T025009Z,26.3,92.1
20260718T025024Z,26.4,92.2
20260718T025039Z,26.4,92.1
20260718T025054Z,26.4,92.2
20260718T025109Z,26.4,92.2
20260718T025124Z,26.4,92.2
20260718T025139Z,26.5,92.2
20260718T025154Z,26.5,92.2
20260718T025209Z,26.5,92.3
20260718T025224Z,26.5,92.2
20260718T025239Z,26.5,92.2
20260718T025254Z,26.5,92.2
20260718T025309Z,26.6,92.2
20260718T025324Z,26.6,92.1
20260718T025339Z,26.6,92.1
20260718T025354Z,26.6,92.2
20260718T025409Z,26.7,92.2
20260718T025424Z,26.7,92.1
20260718T025439Z,26.7,92.1
20260718T025454Z,26.7,92.1
20260718T025509Z,26.7,92.0
20260718T025524Z,26.7,92.0
20260718T025539Z,26.7,92.0
20260718T025554Z,26.7,92.0
20260718T025609Z,26.8,91.9
20260718T025624Z,26.8,91.9
20260718T025639Z,26.8,91.9
20260718T025654Z,26.8,91.1
20260718T025709Z,26.8,90.7
20260718T025724Z,26.8,89.3
20260718T025739Z,26.7,89.1
20260718T025754Z,26.7,88.2
20260718T025809Z,26.6,87.4
20260718T025824Z,26.5,86.4
20260718T025839Z,26.4,86.4
20260718T025854Z,26.3,85.3
20260718T025909Z,26.3,85.0
20260718T025924Z,26.2,84.4
20260718T025939Z,26.1,83.2
20260718T025954Z,25.9,82.6
20260718T030009Z,25.9,82.7
20260718T030024Z,25.8,82.0
20260718T030039Z,25.8,81.2
20260718T030054Z,25.7,80.8
20260718T030109Z,25.7,80.1
20260718T030124Z,25.6,79.6
20260718T030139Z,25.6,81.5
20260718T030154Z,25.6,83.0
20260718T030209Z,25.6,84.5
20260718T030224Z,25.6,84.8
20260718T030239Z,25.5,85.2
20260718T030254Z,25.5,85.5
20260718T030309Z,25.5,85.6
20260718T030324Z,25.5,85.8
20260718T030339Z,25.6,86.1
20260718T030354Z,25.6,86.5
20260718T030409Z,25.6,86.7
20260718T030424Z,25.6,86.9
20260718T030439Z,25.6,87.1
20260718T030454Z,25.6,87.4
20260718T030509Z,25.7,87.7
20260718T030524Z,25.7,88.1
20260718T030539Z,25.7,88.4
20260718T030554Z,25.7,88.4
20260718T030609Z,25.8,88.6
20260718T030624Z,25.8,89.0
20260718T030639Z,25.8,89.0
20260718T030654Z,25.8,89.3
20260718T030709Z,25.8,89.5
20260718T030724Z,25.8,89.9
20260718T030739Z,25.9,89.9
20260718T030754Z,25.9,90.1
20260718T030809Z,25.9,90.2
20260718T030824Z,25.9,90.4
20260718T030839Z,25.9,90.5
20260718T030854Z,26.0,90.7
20260718T030909Z,26.0,90.8
20260718T030924Z,26.0,90.8
20260718T030939Z,26.0,91.0
20260718T030954Z,26.1,91.2
20260718T031009Z,26.1,91.3
20260718T031024Z,26.1,91.3
20260718T031039Z,26.1,91.4
20260718T031054Z,26.1,91.6
20260718T031109Z,26.1,91.6
20260718T031124Z,26.2,91.7
20260718T031139Z,26.2,91.6
20260718T031154Z,26.2,91.8
20260718T031209Z,26.2,91.8
20260718T031224Z,26.2,91.9
20260718T031239Z,26.3,91.9
20260718T031254Z,26.3,92.0
20260718T031309Z,26.3,92.0
20260718T031324Z,26.3,92.0
20260718T031339Z,26.3,92.0
20260718T031354Z,26.4,92.1
20260718T031409Z,26.4,92.1
20260718T031424Z,26.4,92.0
20260718T031439Z,26.4,92.1
20260718T031454Z,26.5,92.0
20260718T031509Z,26.5,92.0
20260718T031524Z,26.5,92.0
20260718T031539Z,26.5,92.0
20260718T031554Z,26.6,92.0
20260718T031609Z,26.6,92.0
20260718T031624Z,26.6,92.0
20260718T031639Z,26.6,92.0
20260718T031654Z,26.6,92.0
20260718T031709Z,26.7,92.0
20260718T031724Z,26.7,91.9
20260718T031739Z,26.7,91.9
20260718T031754Z,26.7,91.9
20260718T031809Z,26.7,91.9
20260718T031824Z,26.7,91.8
20260718T031839Z,26.8,91.9
20260718T031854Z,26.8,91.8
20260718T031909Z,26.8,91.8
20260718T031924Z,26.8,91.8
20260718T031939Z,26.8,91.0
20260718T031954Z,26.8,91.1
20260718T032009Z,26.8,89.7
20260718T032024Z,26.8,89.1
20260718T032039Z,26.7,88.6
20260718T032054Z,26.7,87.4
20260718T032109Z,26.6,86.4
20260718T032124Z,26.5,85.8
20260718T032139Z,26.4,85.0
20260718T032154Z,26.3,84.3
20260718T032209Z,26.2,84.2
20260718T032224Z,26.1,83.3
20260718T032239Z,26.0,82.6
20260718T032254Z,25.9,82.9
20260718T032309Z,25.8,81.8
20260718T032324Z,25.8,80.7
20260718T032339Z,25.7,80.4
20260718T032354Z,25.7,79.7
20260718T032409Z,25.6,79.4
20260718T032424Z,25.6,79.2
20260718T032439Z,25.6,81.4
20260718T032454Z,25.5,82.9
20260718T032509Z,25.5,84.0
20260718T032524Z,25.5,84.4
20260718T032539Z,25.5,84.5
20260718T032554Z,25.5,85.0
20260718T032609Z,25.5,85.2
20260718T032624Z,25.5,85.6
20260718T032639Z,25.5,85.9
20260718T032654Z,25.6,86.0
20260718T032709Z,25.6,86.4
20260718T032724Z,25.6,86.7
20260718T032739Z,25.6,86.9
20260718T032754Z,25.6,87.2
20260718T032809Z,25.6,87.5
20260718T032824Z,25.6,87.7
20260718T032839Z,25.7,87.9
20260718T032854Z,25.7,88.2
20260718T032909Z,25.7,88.5
20260718T032924Z,25.7,88.8
20260718T032939Z,25.8,88.9
20260718T032954Z,25.8,89.0
20260718T033009Z,25.8,89.2
20260718T033024Z,25.8,89.4
20260718T033039Z,25.9,89.6
20260718T033054Z,25.9,89.7
20260718T033109Z,25.9,89.8
20260718T033124Z,25.9,90.1
20260718T033139Z,26.0,90.2
20260718T033154Z,26.0,90.3
20260718T033209Z,26.0,90.5
20260718T033224Z,26.0,90.7
20260718T033239Z,26.0,90.6
20260718T033254Z,26.1,90.9
20260718T033309Z,26.1,91.0
20260718T033324Z,26.1,91.0
20260718T033339Z,26.1,91.2
20260718T033354Z,26.1,91.3
20260718T033409Z,26.1,91.2
20260718T033424Z,26.2,91.4
20260718T033439Z,26.2,91.5
20260718T033454Z,26.2,91.5
20260718T033509Z,26.2,91.6
20260718T033524Z,26.3,91.6
20260718T033539Z,26.3,91.6
20260718T033554Z,26.3,91.6
20260718T033609Z,26.3,91.6
20260718T033624Z,26.3,91.7
20260718T033639Z,26.4,91.7
20260718T033654Z,26.4,91.7
20260718T033709Z,26.4,91.7
20260718T033724Z,26.4,91.8
20260718T033739Z,26.4,91.7
20260718T033754Z,26.4,91.7
20260718T033809Z,26.5,91.7
20260718T033824Z,26.5,91.6
20260718T033839Z,26.5,91.6
20260718T033854Z,26.5,91.6
20260718T033909Z,26.6,91.6
20260718T033924Z,26.6,91.6
20260718T033939Z,26.6,91.6
20260718T033954Z,26.6,91.6
20260718T034009Z,26.6,91.6
20260718T034024Z,26.7,91.6
20260718T034039Z,26.7,91.5
20260718T034054Z,26.7,91.5
20260718T034109Z,26.7,91.4
20260718T034124Z,26.7,91.1
20260718T034139Z,26.8,91.1
20260718T034154Z,26.8,91.1
20260718T034209Z,26.8,90.9
20260718T034224Z,26.8,90.9
20260718T034239Z,26.8,90.8
20260718T034254Z,26.8,90.7
20260718T034309Z,26.8,90.2
20260718T034324Z,26.8,89.0
20260718T034339Z,26.8,88.4
20260718T034354Z,26.7,88.1
20260718T034409Z,26.7,86.7
20260718T034424Z,26.6,85.8
20260718T034439Z,26.5,85.5
20260718T034454Z,26.4,85.3
20260718T034509Z,26.4,84.2
20260718T034524Z,26.3,83.1
20260718T034539Z,26.2,82.3
20260718T034554Z,26.1,82.0
20260718T034609Z,26.0,81.6
20260718T034624Z,25.9,80.7
20260718T034639Z,25.8,79.9
20260718T034654Z,25.7,79.7
20260718T034709Z,25.7,79.0
20260718T034724Z,25.6,78.5
20260718T034739Z,25.5,80.2
20260718T034754Z,25.5,81.4
20260718T034809Z,25.5,83.2
20260718T034824Z,25.5,83.6
20260718T034839Z,25.5,83.6
20260718T034854Z,25.5,84.2
20260718T034909Z,25.5,84.4
20260718T034924Z,25.5,84.9
20260718T034939Z,25.5,85.1
20260718T034954Z,25.5,85.4
20260718T035009Z,25.5,85.6
20260718T035024Z,25.5,85.8
20260718T035039Z,25.6,86.1
20260718T035054Z,25.6,86.3
20260718T035109Z,25.6,86.6
20260718T035124Z,25.6,87.0
20260718T035139Z,25.6,87.3
20260718T035154Z,25.7,87.5
20260718T035209Z,25.7,87.7
20260718T035224Z,25.7,88.0
20260718T035239Z,25.7,88.1
20260718T035254Z,25.7,88.2
20260718T035309Z,25.7,88.4
20260718T035324Z,25.8,88.7
20260718T035339Z,25.8,88.8
20260718T035354Z,25.8,89.0
20260718T035409Z,25.8,89.2
20260718T035424Z,25.9,89.3
20260718T035439Z,25.9,89.4
20260718T035454Z,25.9,89.5
20260718T035509Z,25.9,89.7
20260718T035524Z,25.9,89.9
20260718T035539Z,25.9,89.8
20260718T035554Z,26.0,89.9
20260718T035609Z,26.0,90.1
20260718T035624Z,26.0,90.2
20260718T035639Z,26.0,90.3
20260718T035654Z,26.0,90.3
20260718T035709Z,26.0,90.4
20260718T035724Z,26.1,90.5
20260718T035739Z,26.1,90.5
20260718T035754Z,26.1,90.6
20260718T035809Z,26.1,90.6
20260718T035824Z,26.1,90.6
20260718T035839Z,26.2,90.6
20260718T035854Z,26.2,90.7
20260718T035909Z,26.2,90.7
20260718T035924Z,26.2,90.7
20260718T035939Z,26.3,90.7
20260718T035954Z,26.3,90.7
20260718T040009Z,26.3,90.7
20260718T040024Z,26.3,90.8
20260718T040039Z,26.3,90.7
20260718T040054Z,26.3,90.7
20260718T040109Z,26.4,90.7
20260718T040124Z,26.4,90.7
20260718T040139Z,26.4,90.7
20260718T040154Z,26.4,90.7
20260718T040209Z,26.4,90.7
20260718T040224Z,26.5,90.7
20260718T040239Z,26.5,90.6
20260718T040254Z,26.5,90.6
20260718T040309Z,26.5,90.5
20260718T040324Z,26.5,90.5
20260718T040339Z,26.5,90.5
20260718T040354Z,26.6,90.2
20260718T040409Z,26.6,89.9
20260718T040424Z,26.6,88.2
20260718T040439Z,26.5,87.5
20260718T040454Z,26.5,86.7
20260718T040509Z,26.4,85.8
20260718T040524Z,26.4,85.2
20260718T040539Z,26.3,84.6
20260718T040554Z,26.2,84.3
20260718T040609Z,26.2,83.7
20260718T040624Z,26.1,82.7
20260718T040639Z,26.0,82.1
20260718T040654Z,26.0,81.9
20260718T040709Z,26.0,80.2
20260718T040724Z,25.9,79.8
20260718T040739Z,25.8,79.4
20260718T040754Z,25.8,78.0
20260718T040809Z,25.7,77.8
20260718T040824Z,25.7,77.5
20260718T040839Z,25.6,76.6
20260718T040854Z,25.6,76.2
20260718T040909Z,25.5,75.2
20260718T040924Z,25.5,74.5
20260718T040939Z,25.4,74.2
20260718T040954Z,25.4,73.5
20260718T041009Z,25.3,72.8
20260718T041024Z,25.3,72.5
20260718T041039Z,25.3,71.2
20260718T041054Z,25.2,71.4
20260718T041109Z,25.2,70.7
20260718T041124Z,25.2,70.4
20260718T041139Z,25.2,69.9
20260718T041154Z,25.1,69.1
20260718T041209Z,25.1,69.1
20260718T041224Z,25.2,70.8
20260718T041239Z,25.2,73.0
20260718T041254Z,25.2,74.0
20260718T041309Z,25.2,74.8
20260718T041324Z,25.2,75.3
20260718T041339Z,25.2,75.2
20260718T041354Z,25.2,76.2
20260718T041409Z,25.2,76.5
20260718T041424Z,25.2,77.3
20260718T041439Z,25.2,77.9
20260718T041454Z,25.2,78.0
20260718T041509Z,25.2,78.7
20260718T041524Z,25.2,79.0
20260718T041539Z,25.2,79.4
20260718T041554Z,25.2,79.7
20260718T041609Z,25.2,80.2
20260718T041624Z,25.3,80.6
20260718T041639Z,25.3,80.9
20260718T041654Z,25.3,81.6
20260718T041709Z,25.3,82.0
20260718T041724Z,25.3,82.3
20260718T041739Z,25.4,82.5
20260718T041754Z,25.4,82.9
20260718T041809Z,25.4,82.9
20260718T041824Z,25.4,83.6
20260718T041839Z,25.5,84.0
20260718T041854Z,25.5,84.0
20260718T041909Z,25.5,84.4
20260718T041924Z,25.5,84.6
20260718T041939Z,25.6,85.0
20260718T041954Z,25.6,85.1
20260718T042009Z,25.6,85.3
20260718T042024Z,25.7,85.3
20260718T042039Z,25.7,85.7
20260718T042054Z,25.7,85.8
20260718T042109Z,25.7,86.1
20260718T042124Z,25.8,86.2
20260718T042139Z,25.8,85.7
20260718T042154Z,25.8,85.8
20260718T042209Z,25.8,83.8
20260718T042224Z,25.8,83.0
20260718T042239Z,25.7,82.3
20260718T042254Z,25.7,81.5
20260718T042309Z,25.7,80.8
20260718T042324Z,25.6,80.4
20260718T042339Z,25.6,79.8
20260718T042354Z,25.5,79.0
20260718T042409Z,25.5,78.8
20260718T042424Z,25.4,78.2
20260718T042439Z,25.4,77.1
20260718T042454Z,25.4,76.5
20260718T042509Z,25.4,76.2
20260718T042524Z,25.3,75.8
20260718T042539Z,25.3,74.3
20260718T042554Z,25.3,74.1
20260718T042609Z,25.3,73.3
20260718T042624Z,25.2,72.4
20260718T042639Z,25.2,71.7
20260718T042654Z,25.2,71.6
20260718T042709Z,25.2,70.6
20260718T042724Z,25.2,70.3
20260718T042739Z,25.2,69.2
20260718T042754Z,25.2,68.7
20260718T042809Z,25.1,68.3
20260718T042824Z,25.1,68.1
20260718T042839Z,25.1,70.1
20260718T042854Z,25.1,72.1
20260718T042909Z,25.1,73.6
20260718T042924Z,25.1,74.4
20260718T042939Z,25.1,74.6
20260718T042954Z,25.1,75.1
20260718T043009Z,25.1,75.7
20260718T043024Z,25.1,76.1
20260718T043039Z,25.1,76.6
20260718T043054Z,25.1,77.2
20260718T043109Z,25.1,77.6
20260718T043124Z,25.1,78.2
20260718T043139Z,25.1,78.7
20260718T043154Z,25.1,79.2
20260718T043209Z,25.1,79.3
20260718T043224Z,25.2,80.1
20260718T043239Z,25.2,80.4
20260718T043254Z,25.2,80.8
20260718T043309Z,25.2,81.2
20260718T043324Z,25.3,81.6
20260718T043339Z,25.3,81.9
20260718T043354Z,25.3,82.1
20260718T043409Z,25.4,82.4
20260718T043424Z,25.4,82.9
20260718T043439Z,25.4,83.2
20260718T043454Z,25.5,83.5
20260718T043509Z,25.5,83.8
20260718T043524Z,25.5,83.9
20260718T043539Z,25.5,84.0
20260718T043554Z,25.5,84.5
20260718T043609Z,25.6,84.6
20260718T043624Z,25.6,84.9
20260718T043639Z,25.6,85.2
20260718T043654Z,25.7,85.4
20260718T043709Z,25.7,85.3
20260718T043724Z,25.7,85.5
20260718T043739Z,25.7,85.6
20260718T043754Z,25.8,85.7
20260718T043809Z,25.8,84.8
20260718T043824Z,25.8,84.6
20260718T043839Z,25.8,83.0
20260718T043854Z,25.8,82.7
20260718T043909Z,25.7,81.9
20260718T043924Z,25.7,81.5
20260718T043939Z,25.7,80.9
20260718T043954Z,25.6,80.0
20260718T044009Z,25.6,79.2
20260718T044024Z,25.6,78.7
20260718T044039Z,25.6,77.9
20260718T044054Z,25.5,76.7
20260718T044109Z,25.5,76.1
20260718T044124Z,25.5,75.6
20260718T044139Z,25.4,74.8
20260718T044154Z,25.4,73.9
20260718T044209Z,25.4,73.4
20260718T044224Z,25.3,72.5
20260718T044239Z,25.3,72.0
20260718T044254Z,25.3,71.6
20260718T044309Z,25.2,70.3
20260718T044324Z,25.2,70.1
20260718T044339Z,25.1,69.6
20260718T044354Z,25.1,69.6
20260718T044409Z,25.1,71.8
20260718T044424Z,25.0,74.2
20260718T044439Z,25.0,75.3
20260718T044454Z,25.0,75.9
20260718T044509Z,25.0,76.3
20260718T044524Z,25.0,76.4
20260718T044539Z,25.0,76.8
20260718T044554Z,25.1,77.4
20260718T044609Z,25.1,77.6
20260718T044624Z,25.1,78.1
20260718T044639Z,25.1,78.4
20260718T044654Z,25.1,79.2
20260718T044709Z,25.1,79.5
20260718T044724Z,25.1,79.8
20260718T044748Z,25.1,80.3
20260718T044754Z,25.2,80.7
20260718T044809Z,25.2,81.0
20260718T044824Z,25.2,81.5
20260718T044839Z,25.2,81.9
20260718T044854Z,25.3,81.9
20260718T044909Z,25.3,82.3
20260718T044924Z,25.3,82.6
20260718T044939Z,25.3,83.2
20260718T044959Z,25.4,83.3
20260718T045009Z,25.4,83.6
20260718T045024Z,25.4,83.9
20260718T045039Z,25.4,83.9
20260718T045054Z,25.5,84.4
20260718T045109Z,25.5,84.5
20260718T045124Z,25.5,84.8
20260718T045139Z,25.5,85.0
20260718T045154Z,25.6,85.1
20260718T045209Z,25.6,85.3
20260718T045224Z,25.6,85.6
20260718T045239Z,25.7,85.7
20260718T045254Z,25.7,85.9
20260718T045309Z,25.7,85.9
20260718T045324Z,25.7,86.2
20260718T045339Z,25.7,86.4
20260718T045354Z,25.8,86.1
20260718T045431Z,25.8,86.2
20260718T045431Z,25.8,84.2
20260718T045439Z,25.8,83.2
20260718T045454Z,25.8,82.8
20260718T045509Z,25.7,81.7
20260718T045524Z,25.7,81.4
20260718T045539Z,25.6,80.4
20260718T045554Z,25.5,80.1
20260718T045609Z,25.5,79.6
20260718T045624Z,25.4,79.1
20260718T045639Z,25.4,78.4
20260718T045654Z,25.4,77.3
20260718T045709Z,25.3,75.9
20260718T045724Z,25.3,75.9
20260718T045739Z,25.2,74.9
20260718T045754Z,25.2,74.1
20260718T045810Z,25.1,73.0
20260718T045825Z,25.1,72.7
20260718T045839Z,25.0,72.4
20260718T045854Z,25.0,72.1
20260718T045909Z,25.0,70.8
20260718T045924Z,24.9,70.5
20260718T045939Z,24.9,70.2
20260718T045954Z,24.8,69.6
20260718T050009Z,24.8,69.2
20260718T050024Z,24.7,68.5
20260718T050039Z,24.7,68.3
20260718T050054Z,24.6,69.1
20260718T050109Z,24.6,71.7
20260718T050124Z,24.6,73.2
20260718T050139Z,24.7,74.4
20260718T050154Z,24.7,74.9
20260718T050209Z,24.7,75.0
20260718T050224Z,24.7,75.4
20260718T050239Z,24.8,76.0
20260718T050254Z,24.8,76.3
20260718T050309Z,24.8,76.9
20260718T050324Z,24.8,77.4
20260718T050339Z,24.9,77.8
20260718T050354Z,24.9,78.4
20260718T050409Z,24.9,79.0
20260718T050424Z,25.0,79.3
20260718T050439Z,25.0,79.4
20260718T050454Z,25.0,79.8
20260718T050509Z,25.1,80.1
20260718T050524Z,25.1,80.6
20260718T050539Z,25.1,81.1
20260718T050554Z,25.2,81.2
20260718T050609Z,25.2,81.6
20260718T050624Z,25.2,81.8
20260718T050639Z,25.2,82.3
20260718T050654Z,25.3,82.6
20260718T050709Z,25.3,83.0
20260718T050724Z,25.3,83.1
20260718T050739Z,25.3,83.4
20260718T050754Z,25.4,83.6
20260718T050809Z,25.4,83.8
20260718T050824Z,25.4,84.0
20260718T050839Z,25.5,84.5
20260718T050854Z,25.5,84.6
20260718T050909Z,25.5,84.8
20260718T050924Z,25.5,84.9
20260718T050939Z,25.6,85.0
20260718T050954Z,25.6,85.2
20260718T051009Z,25.6,85.5
20260718T051024Z,25.6,85.6
20260718T051039Z,25.7,85.8
20260718T051054Z,25.7,85.9
20260718T051110Z,25.7,86.1
20260718T051125Z,25.7,85.4
20260718T051139Z,25.8,85.2
20260718T051154Z,25.8,83.2
20260718T051210Z,25.7,82.9
20260718T051225Z,25.7,82.2
20260718T051239Z,25.7,81.3
20260718T051254Z,25.6,80.6
20260718T051309Z,25.6,79.5
20260718T051324Z,25.5,79.1
20260718T051339Z,25.5,78.4
20260718T051354Z,25.4,77.6
20260718T051410Z,25.4,77.3
20260718T051425Z,25.3,76.3
20260718T051439Z,25.3,75.3
20260718T051454Z,25.2,75.3
20260718T051510Z,25.2,73.8
20260718T051525Z,25.1,73.5
20260718T051539Z,25.0,72.7
20260718T051554Z,25.0,72.2
20260718T051609Z,24.9,71.8
20260718T051624Z,24.8,70.9
20260718T051639Z,24.8,70.5
20260718T051654Z,24.7,69.9
20260718T051709Z,24.6,69.6
20260718T051724Z,24.6,69.2
20260718T051739Z,24.5,68.7
20260718T051754Z,24.5,68.2
20260718T051809Z,24.4,68.2
20260718T051824Z,24.4,69.4
20260718T051839Z,24.4,71.5
20260718T051855Z,24.4,73.3
20260718T051909Z,24.4,74.5
20260718T051925Z,24.5,75.0
20260718T051939Z,24.5,75.3
20260718T051954Z,24.5,75.6
20260718T052009Z,24.6,76.2
20260718T052024Z,24.6,76.6
20260718T052039Z,24.7,77.0
20260718T052054Z,24.7,77.4
20260718T052109Z,24.8,78.0
20260718T052124Z,24.8,78.2
20260718T052139Z,24.8,78.5
20260718T052154Z,24.9,79.0
20260718T052209Z,24.9,79.3
20260718T052224Z,25.0,79.6
20260718T052239Z,25.0,80.0
20260718T052254Z,25.0,80.4
20260718T052309Z,25.1,80.8
20260718T052324Z,25.1,81.2
20260718T052339Z,25.1,81.4
20260718T052354Z,25.2,81.7
20260718T052409Z,25.2,82.2
20260718T052424Z,25.2,82.4
20260718T052439Z,25.3,82.8
20260718T052455Z,25.3,83.0
20260718T052511Z,25.3,83.3
20260718T052525Z,25.4,83.6
20260718T052540Z,25.4,83.8
20260718T052554Z,25.4,83.9
20260718T052609Z,25.5,84.1
20260718T052625Z,25.5,84.3
20260718T052639Z,25.5,84.6
20260718T052655Z,25.6,84.8
20260718T052709Z,25.6,85.0
20260718T052724Z,25.6,85.1
20260718T052739Z,25.6,85.3
20260718T052755Z,25.7,85.4
20260718T052810Z,25.7,85.5
20260718T052825Z,25.7,85.6
20260718T052839Z,25.7,85.0
20260718T052855Z,25.8,83.8
20260718T052909Z,25.7,83.2
20260718T052925Z,25.7,82.0
20260718T052939Z,25.7,80.7
20260718T052954Z,25.6,80.4
20260718T053010Z,25.6,80.0
20260718T053024Z,25.5,79.6
20260718T053040Z,25.5,78.4
20260718T053055Z,25.4,77.6
20260718T053110Z,25.3,77.3
20260718T053124Z,25.3,76.9
20260718T053140Z,25.2,75.5
20260718T053154Z,25.2,75.1
20260718T053210Z,25.1,74.1
20260718T053224Z,25.1,73.7
20260718T053240Z,25.0,72.9
20260718T053254Z,24.9,72.1
20260718T053310Z,24.9,72.0
20260718T053324Z,24.8,71.2
20260718T053340Z,24.7,70.7
20260718T053354Z,24.7,70.1
20260718T053410Z,24.6,69.7
20260718T053424Z,24.5,69.0
20260718T053439Z,24.5,68.6
20260718T053454Z,24.4,68.2
20260718T053509Z,24.4,67.8
20260718T053525Z,24.3,67.8
20260718T053539Z,24.3,70.2
20260718T053555Z,24.3,72.1
20260718T053609Z,24.3,73.9
20260718T053625Z,24.3,74.6
20260718T053639Z,24.4,75.0
20260718T053655Z,24.4,75.1
20260718T053709Z,24.5,75.8
20260718T053725Z,24.5,76.3
20260718T053739Z,24.6,76.7
20260718T053755Z,24.6,77.1
20260718T053809Z,24.7,77.4
20260718T053825Z,24.7,77.9
20260718T053839Z,24.8,78.3
20260718T053855Z,24.8,78.7
20260718T053909Z,24.8,79.1
20260718T053925Z,24.9,79.5
20260718T053939Z,24.9,79.9
20260718T053955Z,25.0,80.2
20260718T054009Z,25.0,80.6
20260718T054025Z,25.0,80.9
20260718T054039Z,25.1,81.2
20260718T054055Z,25.1,81.6
20260718T054109Z,25.2,81.7
20260718T054124Z,25.2,82.0
20260718T054140Z,25.2,82.3
20260718T054155Z,25.3,82.7
20260718T054209Z,25.3,83.0
20260718T054225Z,25.3,83.3
20260718T054239Z,25.4,83.4
20260718T054255Z,25.4,83.6
20260718T054309Z,25.4,83.8
20260718T054325Z,25.5,84.0
20260718T054339Z,25.5,84.2
20260718T054355Z,25.5,84.5
20260718T054409Z,25.5,84.7
20260718T054425Z,25.6,84.8
20260718T054439Z,25.6,85.0
20260718T054455Z,25.6,85.2
20260718T054509Z,25.6,85.3
20260718T054525Z,25.7,85.4
20260718T054539Z,25.7,85.2
20260718T054555Z,25.7,83.0
20260718T054610Z,25.7,82.4
20260718T054624Z,25.7,81.0
20260718T054640Z,25.6,81.1
20260718T054654Z,25.6,80.1
20260718T054709Z,25.5,79.6
20260718T054725Z,25.5,78.6
20260718T054739Z,25.4,78.2
20260718T054754Z,25.4,77.6
20260718T054810Z,25.3,76.6
20260718T054824Z,25.2,76.2
20260718T054840Z,25.2,75.6
20260718T054854Z,25.1,74.6
20260718T054910Z,25.1,74.4
20260718T054924Z,25.0,73.4
20260718T054940Z,25.0,73.3
20260718T054954Z,24.9,72.4
20260718T055010Z,24.8,71.7
20260718T055024Z,24.8,71.5
20260718T055040Z,24.7,70.8
20260718T055054Z,24.7,70.1
20260718T055110Z,24.6,69.4
20260718T055124Z,24.6,69.0
20260718T055140Z,24.5,68.6
20260718T055154Z,24.4,68.0
20260718T055209Z,24.4,67.6
20260718T055225Z,24.3,67.1
20260718T055239Z,24.3,68.5
20260718T055255Z,24.2,70.9
20260718T055309Z,24.2,72.8
20260718T055324Z,24.3,73.8
20260718T055339Z,24.3,74.2
20260718T055355Z,24.4,74.8
20260718T055409Z,24.4,75.2
20260718T055424Z,24.5,75.6
20260718T055440Z,24.5,76.0
20260718T055454Z,24.6,76.6
20260718T055510Z,24.6,76.8
20260718T055524Z,24.7,77.4
20260718T055540Z,24.7,77.6
20260718T055554Z,24.8,78.2
20260718T055610Z,24.8,78.7
20260718T055624Z,24.8,78.8
20260718T055640Z,24.9,79.2
20260718T055654Z,24.9,79.6
20260718T055710Z,25.0,80.1
20260718T055724Z,25.0,80.4
20260718T055740Z,25.0,80.7
20260718T055754Z,25.1,81.0
20260718T055809Z,25.1,81.3
20260718T055825Z,25.2,81.7
20260718T055839Z,25.2,81.8
20260718T055854Z,25.2,82.1
20260718T055909Z,25.3,82.4
20260718T055925Z,25.3,82.8
20260718T055939Z,25.3,82.8
20260718T055955Z,25.4,83.3
20260718T060010Z,25.4,83.6
20260718T060025Z,25.4,83.7
20260718T060040Z,25.4,83.7
20260718T060054Z,25.5,84.0
20260718T060110Z,25.5,84.1
20260718T060124Z,25.5,84.3
20260718T060140Z,25.6,84.6
20260718T060154Z,25.6,84.5
20260718T060209Z,25.6,84.8
20260718T060225Z,25.6,85.1
20260718T060239Z,25.7,85.2
20260718T060255Z,25.7,85.3
20260718T060309Z,25.7,84.6
20260718T060325Z,25.7,84.3
20260718T060339Z,25.7,82.5
20260718T060355Z,25.7,82.1
20260718T060409Z,25.7,81.2
20260718T060425Z,25.6,80.5
20260718T060439Z,25.6,79.7
20260718T060455Z,25.5,79.5
20260718T060509Z,25.4,78.5
20260718T060525Z,25.4,78.2
20260718T060540Z,25.4,77.3
20260718T060554Z,25.3,76.9
20260718T060609Z,25.3,75.9
20260718T060624Z,25.2,75.0
20260718T060640Z,25.2,74.6
20260718T060655Z,25.2,73.6
20260718T060709Z,25.1,71.9
20260718T060725Z,25.0,71.9
20260718T060739Z,24.9,71.1
20260718T060755Z,24.9,70.8
20260718T060809Z,24.8,70.8
20260718T060825Z,24.8,70.3
20260718T060839Z,24.7,70.1
20260718T060855Z,24.7,69.2
20260718T060909Z,24.6,68.8
20260718T060925Z,24.6,68.0
20260718T060940Z,24.5,67.4
20260718T060954Z,24.5,69.1
20260718T061009Z,24.4,70.7
20260718T061025Z,24.5,72.5
20260718T061039Z,24.5,73.7
20260718T061055Z,24.5,73.9
20260718T061109Z,24.6,74.5
20260718T061125Z,24.6,75.0
20260718T061139Z,24.6,75.2
20260718T061155Z,24.6,75.9
20260718T061209Z,24.7,76.3
20260718T061225Z,24.7,76.8
20260718T061239Z,24.7,77.0
20260718T061254Z,24.8,77.5
20260718T061309Z,24.8,78.0
20260718T061324Z,24.8,78.3
20260718T061340Z,24.9,78.8
20260718T061354Z,24.9,79.3
20260718T061410Z,24.9,79.5
20260718T061424Z,25.0,79.8
20260718T061440Z,25.0,80.2
20260718T061454Z,25.0,80.7
20260718T061510Z,25.0,80.7
20260718T061524Z,25.1,81.3
20260718T061540Z,25.1,81.5
20260718T061555Z,25.1,81.6
20260718T061609Z,25.2,81.9
20260718T061625Z,25.2,82.3
20260718T061639Z,25.2,82.5
20260718T061655Z,25.3,82.7
20260718T061709Z,25.3,82.9
20260718T061725Z,25.3,83.0
20260718T061739Z,25.3,83.3
20260718T061754Z,25.4,83.5
20260718T061809Z,25.4,83.7
20260718T061825Z,25.4,83.8
20260718T061839Z,25.5,84.0
20260718T061855Z,25.5,84.2
20260718T061909Z,25.5,84.2
20260718T061924Z,25.6,84.4
20260718T061940Z,25.6,84.6
20260718T061954Z,25.6,84.7
20260718T062010Z,25.6,84.7
20260718T062025Z,25.7,84.6
20260718T062039Z,25.7,84.6
20260718T062055Z,25.7,84.7
20260718T062109Z,25.7,84.0
20260718T062125Z,25.7,83.9
20260718T062140Z,25.7,81.9
20260718T062155Z,25.7,81.8
20260718T062210Z,25.7,80.8
20260718T062225Z,25.6,80.1
20260718T062240Z,25.6,79.6
20260718T062255Z,25.5,78.9
20260718T062310Z,25.5,77.9
20260718T062324Z,25.4,77.3
20260718T062340Z,25.4,76.6
20260718T062354Z,25.3,76.1
20260718T062410Z,25.3,75.1
20260718T062424Z,25.2,74.9
20260718T062440Z,25.2,73.6
20260718T062455Z,25.1,73.2
20260718T062510Z,25.0,72.5
20260718T062525Z,25.0,72.3
20260718T062540Z,24.9,71.3
20260718T062555Z,24.9,71.0
20260718T062610Z,24.8,70.7
20260718T062625Z,24.8,69.3
20260718T062640Z,24.7,69.0
20260718T062655Z,24.6,68.5
20260718T062710Z,24.6,67.8
20260718T062725Z,24.5,67.4
20260718T062740Z,24.4,69.0
20260718T062755Z,24.4,71.0
20260718T062810Z,24.4,72.7
20260718T062825Z,24.4,74.1
20260718T062840Z,24.5,74.7
20260718T062855Z,24.5,74.9
20260718T062910Z,24.5,75.4
20260718T062925Z,24.6,75.8
20260718T062940Z,24.6,76.3
20260718T062955Z,24.7,76.5
20260718T063010Z,24.7,77.1
20260718T063025Z,24.7,77.5
20260718T063040Z,24.7,77.8
20260718T063055Z,24.8,78.3
20260718T063110Z,24.8,78.5
20260718T063125Z,24.9,79.0
20260718T063140Z,24.9,79.5
20260718T063155Z,24.9,79.7
20260718T063210Z,25.0,80.2
20260718T063225Z,25.0,80.5
20260718T063240Z,25.0,80.9
20260718T063255Z,25.1,80.9
20260718T063310Z,25.1,81.4
20260718T063325Z,25.1,81.7
20260718T063340Z,25.1,82.0
20260718T063355Z,25.2,82.2
20260718T063410Z,25.2,82.5
20260718T063425Z,25.2,82.7
20260718T063440Z,25.3,82.7
20260718T063455Z,25.3,83.1
20260718T063510Z,25.3,83.5
20260718T063525Z,25.4,83.7
20260718T063540Z,25.4,83.8
20260718T063555Z,25.4,83.9
20260718T063610Z,25.4,84.1
20260718T063625Z,25.5,84.3
20260718T063640Z,25.5,84.4
20260718T063655Z,25.5,84.6
20260718T063710Z,25.6,84.7
20260718T063725Z,25.6,84.9
20260718T063740Z,25.6,85.0
20260718T063755Z,25.7,85.2
20260718T063810Z,25.7,85.3
20260718T063825Z,25.7,85.3
20260718T063840Z,25.7,85.2
20260718T063855Z,25.7,83.2
20260718T063910Z,25.7,82.5
20260718T063925Z,25.7,82.0
20260718T063940Z,25.6,81.1
20260718T063955Z,25.6,80.2
20260718T064010Z,25.5,79.3
20260718T064025Z,25.5,78.8
20260718T064040Z,25.4,78.5
20260718T064055Z,25.4,77.7
20260718T064110Z,25.3,77.1
20260718T064125Z,25.3,76.6
20260718T064140Z,25.2,75.0
20260718T064155Z,25.2,74.8
20260718T064210Z,25.1,74.2
20260718T064225Z,25.1,73.1
20260718T064240Z,25.0,72.5
20260718T064255Z,25.0,71.9
20260718T064310Z,24.9,71.3
20260718T064325Z,24.8,70.8
20260718T064340Z,24.8,70.1
20260718T064355Z,24.7,69.4
20260718T064410Z,24.6,69.5
20260718T064425Z,24.5,68.8
20260718T064440Z,24.5,68.6
20260718T064455Z,24.4,68.1
20260718T064510Z,24.4,70.0
20260718T064525Z,24.3,72.0
20260718T064540Z,24.4,73.5
20260718T064555Z,24.4,74.6
20260718T064610Z,24.4,75.1
20260718T064625Z,24.5,75.2
20260718T064640Z,24.5,75.7
20260718T064655Z,24.6,76.3
20260718T064710Z,24.6,76.9
20260718T064725Z,24.7,77.1
20260718T064740Z,24.7,77.7
20260718T064755Z,24.7,77.8
20260718T064810Z,24.8,78.2
20260718T064825Z,24.8,78.9
20260718T064840Z,24.8,79.2
20260718T064855Z,24.9,79.5
20260718T064911Z,24.9,79.7
20260718T064925Z,24.9,80.1
20260718T064940Z,25.0,80.4
20260718T064955Z,25.0,80.8
20260718T065010Z,25.0,81.1
20260718T065025Z,25.0,81.5
20260718T065040Z,25.1,81.9
20260718T065055Z,25.1,82.0
20260718T065110Z,25.1,82.4
20260718T065125Z,25.2,82.7
20260718T065140Z,25.2,83.0
20260718T065155Z,25.2,83.0
20260718T065210Z,25.3,83.3
20260718T065225Z,25.3,83.3
20260718T065240Z,25.3,83.5
20260718T065255Z,25.4,83.8
20260718T065310Z,25.4,83.9
20260718T065325Z,25.4,84.1
20260718T065340Z,25.4,84.1
20260718T065355Z,25.5,84.5
20260718T065410Z,25.5,84.4
20260718T065425Z,25.5,84.8
20260718T065440Z,25.5,84.8
20260718T065455Z,25.6,84.9
20260718T065510Z,25.6,85.0
20260718T065525Z,25.6,85.2
20260718T065540Z,25.6,85.3
20260718T065555Z,25.7,85.0
20260718T065610Z,25.7,84.8
20260718T065625Z,25.7,83.0
20260718T065640Z,25.7,81.8
20260718T065655Z,25.7,81.2
20260718T065710Z,25.6,80.6
20260718T065725Z,25.6,80.1
20260718T065740Z,25.5,79.2
20260718T065755Z,25.5,78.4
20260718T065810Z,25.4,77.5
20260718T065825Z,25.4,77.0
20260718T065840Z,25.3,76.3
20260718T065855Z,25.3,75.5
20260718T065911Z,25.2,74.5
20260718T065925Z,25.2,74.0
20260718T065940Z,25.1,73.0
20260718T065955Z,25.0,72.6
20260718T070010Z,25.0,71.9
20260718T070025Z,24.9,71.6
20260718T070040Z,24.9,71.0
20260718T070055Z,24.8,70.4
20260718T070110Z,24.7,69.8
20260718T070125Z,24.7,69.8
20260718T070140Z,24.6,68.6
20260718T070155Z,24.5,68.6
20260718T070211Z,24.5,68.0
20260718T070225Z,24.4,69.6
20260718T070240Z,24.4,72.0
20260718T070255Z,24.5,73.5
20260718T070310Z,24.5,74.1
20260718T070325Z,24.5,74.9
20260718T070340Z,24.5,75.2
20260718T070355Z,24.6,75.7
20260718T070410Z,24.6,76.0
20260718T070425Z,24.6,76.5
20260718T070440Z,24.7,76.9
20260718T070455Z,24.7,77.4
20260718T070510Z,24.7,77.7
20260718T070525Z,24.8,78.3
20260718T070540Z,24.8,78.6
20260718T070555Z,24.9,78.9
20260718T070610Z,24.9,79.2
20260718T070625Z,24.9,79.7
20260718T070640Z,25.0,79.8
20260718T070655Z,25.0,80.3
20260718T070710Z,25.0,80.5
20260718T070725Z,25.0,80.9
20260718T070740Z,25.1,81.2
20260718T070755Z,25.1,81.5
20260718T070810Z,25.2,81.9
20260718T070825Z,25.2,82.2
20260718T070840Z,25.2,82.5
20260718T070855Z,25.2,82.7
20260718T070910Z,25.3,82.9
20260718T070925Z,25.3,83.0
20260718T070940Z,25.3,83.1
20260718T070955Z,25.4,83.4
20260718T071010Z,25.4,83.4
20260718T071025Z,25.4,83.5
20260718T071040Z,25.5,83.9
20260718T071055Z,25.5,83.9
20260718T071110Z,25.5,84.1
20260718T071125Z,25.5,84.3
20260718T071140Z,25.6,84.4
20260718T071155Z,25.6,84.4
20260718T071211Z,25.6,84.6
20260718T071225Z,25.7,84.7
20260718T071240Z,25.7,84.5
20260718T071255Z,25.7,84.3
20260718T071310Z,25.7,82.2
20260718T071325Z,25.7,81.8
20260718T071340Z,25.6,81.0
20260718T071355Z,25.6,80.4
20260718T071410Z,25.5,79.8
20260718T071425Z,25.5,79.0
20260718T071440Z,25.5,78.7
20260718T071455Z,25.4,78.1
20260718T071510Z,25.4,76.8
20260718T071525Z,25.3,75.7
20260718T071540Z,25.3,74.9
20260718T071555Z,25.2,74.5
20260718T071610Z,25.2,74.0
20260718T071625Z,25.1,73.3
20260718T071640Z,25.1,72.5
20260718T071655Z,25.0,72.4
20260718T071710Z,25.0,71.6
20260718T071725Z,24.9,70.8
20260718T071740Z,24.9,70.1
20260718T071755Z,24.8,69.4
20260718T071810Z,24.7,68.9
20260718T071825Z,24.7,68.5
20260718T071840Z,24.6,68.3
20260718T071855Z,24.5,68.0
20260718T071910Z,24.5,68.5
20260718T071925Z,24.5,70.6
20260718T071940Z,24.5,72.3
20260718T071955Z,24.5,73.6
20260718T072010Z,24.5,74.0
20260718T072025Z,24.5,74.6
20260718T072040Z,24.6,74.9
20260718T072055Z,24.6,75.3
20260718T072110Z,24.6,75.9
20260718T072125Z,24.7,76.4
20260718T072140Z,24.7,76.9
20260718T072155Z,24.7,77.4
20260718T072210Z,24.7,77.7
20260718T072225Z,24.8,78.1
20260718T072240Z,24.8,78.4
20260718T072255Z,24.8,79.1
20260718T072310Z,24.9,79.2
20260718T072325Z,24.9,79.6
20260718T072340Z,24.9,80.1
20260718T072355Z,25.0,80.2
20260718T072411Z,25.0,80.5
20260718T072426Z,25.0,80.7
20260718T072440Z,25.1,81.3
20260718T072455Z,25.1,81.4
20260718T072510Z,25.1,81.8
20260718T072525Z,25.2,82.0
20260718T072540Z,25.2,82.1
20260718T072555Z,25.3,82.6
20260718T072610Z,25.3,82.7
20260718T072625Z,25.3,82.9
20260718T072640Z,25.3,83.2
20260718T072655Z,25.4,83.5
20260718T072710Z,25.4,83.7
20260718T072725Z,25.4,83.8
20260718T072740Z,25.5,83.8
20260718T072755Z,25.5,84.0
20260718T072810Z,25.5,84.2
20260718T072825Z,25.5,84.3
20260718T072840Z,25.6,84.4
20260718T072855Z,25.6,84.6
20260718T072910Z,25.6,84.7
20260718T072925Z,25.6,84.7
20260718T072940Z,25.7,84.4
20260718T072955Z,25.7,82.5
20260718T073010Z,25.7,82.0
20260718T073025Z,25.6,81.4
20260718T073040Z,25.6,80.5
20260718T073055Z,25.6,79.7
20260718T073110Z,25.5,79.4
20260718T073125Z,25.4,78.6
20260718T073140Z,25.4,77.6
20260718T073155Z,25.3,76.9
20260718T073210Z,25.3,76.8
20260718T073225Z,25.3,76.0
20260718T073240Z,25.2,75.3
20260718T073255Z,25.2,74.6
20260718T073310Z,25.1,74.1
20260718T073325Z,25.1,72.9
20260718T073340Z,25.0,72.0
20260718T073355Z,25.0,71.5
20260718T073410Z,24.9,71.0
20260718T073425Z,24.9,70.7
20260718T073440Z,24.8,69.9
20260718T073455Z,24.8,69.5
20260718T073510Z,24.7,68.8
20260718T073525Z,24.7,68.2
20260718T073540Z,24.6,67.4
20260718T073555Z,24.6,67.8
20260718T073610Z,24.5,70.0
20260718T073625Z,24.5,72.2
20260718T073640Z,24.5,73.6
20260718T073655Z,24.5,74.4
20260718T073710Z,24.6,74.7
20260718T073725Z,24.6,75.1
20260718T073740Z,24.6,75.4
20260718T073755Z,24.6,76.0
20260718T073810Z,24.7,76.4
20260718T073825Z,24.7,76.7
20260718T073840Z,24.7,77.4
20260718T073855Z,24.8,77.7
20260718T073910Z,24.8,78.1
20260718T073925Z,24.8,78.6
20260718T073940Z,24.9,78.9
20260718T073955Z,24.9,79.1
20260718T074010Z,24.9,79.6
20260718T074025Z,25.0,79.9
20260718T074040Z,25.0,80.1
20260718T074055Z,25.0,80.7
20260718T074110Z,25.0,80.9
20260718T074125Z,25.1,81.3
20260718T074140Z,25.1,81.4
20260718T074155Z,25.1,81.9
20260718T074210Z,25.2,82.0
20260718T074225Z,25.2,82.2
20260718T074240Z,25.2,82.5
20260718T074255Z,25.3,82.5
20260718T074310Z,25.3,83.1
20260718T074325Z,25.3,83.3
20260718T074340Z,25.4,83.4
20260718T074355Z,25.4,83.6
20260718T074410Z,25.4,83.8
20260718T074425Z,25.5,84.0
20260718T074440Z,25.5,84.1
20260718T074455Z,25.5,84.4
20260718T074510Z,25.5,84.5
20260718T074525Z,25.6,84.5
20260718T074540Z,25.6,84.7
20260718T074555Z,25.6,84.9
20260718T074610Z,25.7,85.1
20260718T074625Z,25.7,84.3
20260718T074640Z,25.7,83.4
20260718T074655Z,25.7,82.5
20260718T074710Z,25.7,81.8
20260718T074725Z,25.7,80.8
20260718T074740Z,25.6,80.4
20260718T074755Z,25.6,79.5
20260718T074810Z,25.5,78.3
20260718T074825Z,25.4,77.8
20260718T074840Z,25.4,77.5
20260718T074855Z,25.3,76.2
20260718T074910Z,25.2,75.7
20260718T074925Z,25.2,75.2
20260718T074940Z,25.1,74.7
20260718T074955Z,25.1,73.9
20260718T075010Z,25.0,73.3
20260718T075025Z,25.0,72.7
20260718T075040Z,24.9,72.2
20260718T075055Z,24.9,72.0
20260718T075110Z,24.8,71.2
20260718T075125Z,24.8,70.1
20260718T075140Z,24.7,70.1
20260718T075155Z,24.7,70.5
20260718T075210Z,24.6,72.6
20260718T075225Z,24.6,74.3
20260718T075240Z,24.7,75.5
20260718T075255Z,24.7,76.3
20260718T075310Z,24.7,76.5
20260718T075325Z,24.7,76.8
20260718T075340Z,24.7,76.9
20260718T075355Z,24.8,77.7
20260718T075410Z,24.8,78.0
20260718T075425Z,24.8,78.4
20260718T075440Z,24.8,79.0
20260718T075455Z,24.9,79.3
20260718T075510Z,24.9,79.7
20260718T075525Z,24.9,80.1
20260718T075540Z,24.9,80.3
20260718T075555Z,25.0,80.7
20260718T075610Z,25.0,81.0
20260718T075625Z,25.0,81.3
20260718T075640Z,25.1,81.6
20260718T075655Z,25.1,82.0
20260718T075710Z,25.1,82.3
20260718T075725Z,25.1,82.4
20260718T075740Z,25.2,82.7
20260718T075755Z,25.2,82.9
20260718T075810Z,25.2,83.1
20260718T075825Z,25.3,83.4
20260718T075840Z,25.3,83.5
20260718T075855Z,25.3,83.6
20260718T075910Z,25.3,83.9
20260718T075925Z,25.4,84.1
20260718T075940Z,25.4,84.2
20260718T075955Z,25.4,84.3
20260718T080011Z,25.5,84.5
20260718T080026Z,25.5,84.6
20260718T080040Z,25.5,84.7
20260718T080055Z,25.6,84.9
20260718T080110Z,25.6,85.0
20260718T080125Z,25.6,85.0
20260718T080140Z,25.6,85.2
20260718T080155Z,25.7,85.4
20260718T080210Z,25.7,85.0
20260718T080225Z,25.7,85.2
20260718T080240Z,25.8,85.3
20260718T080255Z,25.8,85.3
20260718T080310Z,25.8,85.4
20260718T080325Z,25.8,85.5
20260718T080340Z,25.9,85.5
20260718T080355Z,25.9,85.6
20260718T080410Z,25.9,85.5
20260718T080425Z,25.9,85.7
20260718T080440Z,26.0,85.7
20260718T080455Z,26.0,85.9
20260718T080510Z,26.1,85.8
20260718T080525Z,26.1,85.9
20260718T080540Z,26.1,85.8
20260718T080555Z,26.1,86.0
20260718T080610Z,26.1,86.0
20260718T080625Z,26.2,86.1
20260718T080640Z,26.2,86.1
20260718T080655Z,26.2,86.2
20260718T080710Z,26.2,86.0
20260718T080725Z,26.3,86.1
20260718T080740Z,26.3,86.1
20260718T080755Z,26.3,86.2
20260718T080810Z,26.3,86.3
20260718T080825Z,26.3,86.3
20260718T080840Z,26.4,86.3
20260718T080855Z,26.4,86.3
20260718T080910Z,26.4,86.5
20260718T080925Z,26.4,86.4
20260718T080940Z,26.4,86.4
20260718T080955Z,26.4,86.4
20260718T081010Z,26.5,86.5
20260718T081025Z,26.5,86.5
20260718T081040Z,26.5,86.5
20260718T081055Z,26.5,86.5
20260718T081110Z,26.5,86.5
20260718T081125Z,26.6,86.5
20260718T081140Z,26.6,86.5
20260718T081155Z,26.6,86.5
20260718T081210Z,26.6,86.5
20260718T081225Z,26.6,86.6
20260718T081240Z,26.7,86.6
20260718T081255Z,26.7,86.6
20260718T081310Z,26.7,86.6
20260718T081325Z,26.7,86.6
20260718T081340Z,26.7,86.6
20260718T081355Z,26.7,86.6
20260718T081410Z,26.8,86.6
20260718T081425Z,26.8,86.5
20260718T081440Z,26.8,86.0
20260718T081455Z,26.8,85.4
20260718T081510Z,26.7,84.0
20260718T081525Z,26.7,83.1
20260718T081540Z,26.6,82.5
20260718T081555Z,26.5,82.1
20260718T081610Z,26.4,81.8
20260718T081625Z,26.3,80.4
20260718T081640Z,26.2,80.2
20260718T081655Z,26.1,80.0
20260718T081710Z,26.0,79.2
20260718T081725Z,25.9,79.1
20260718T081740Z,25.8,77.8
20260718T081755Z,25.7,78.0
20260718T081810Z,25.7,77.7
20260718T081825Z,25.6,76.8
20260718T081840Z,25.5,76.1
20260718T081855Z,25.5,75.6
20260718T081910Z,25.4,74.8
20260718T081925Z,25.4,74.2
20260718T081940Z,25.3,73.8
20260718T081955Z,25.2,73.8
20260718T082010Z,25.2,75.5
20260718T082025Z,25.2,77.1
20260718T082040Z,25.2,78.9
20260718T082055Z,25.2,79.3
20260718T082110Z,25.2,79.7
20260718T082125Z,25.2,79.9
20260718T082140Z,25.2,80.4
20260718T082155Z,25.3,80.8
20260718T082210Z,25.3,81.1
20260718T082225Z,25.3,81.5
20260718T082240Z,25.3,81.8
20260718T082255Z,25.3,82.3
20260718T082310Z,25.3,82.5
20260718T082325Z,25.4,82.9
20260718T082340Z,25.4,83.3
20260718T082355Z,25.4,83.7
20260718T082410Z,25.4,83.8
20260718T082425Z,25.5,84.1
20260718T082440Z,25.5,84.2
20260718T082455Z,25.5,84.8
20260718T082510Z,25.5,85.0
20260718T082525Z,25.6,85.3
20260718T082540Z,25.6,85.5
20260718T082555Z,25.6,85.6
20260718T082610Z,25.7,86.0
20260718T082625Z,25.7,86.1
20260718T082640Z,25.7,86.3
20260718T082655Z,25.8,86.5
20260718T082710Z,25.8,86.6
20260718T082725Z,25.8,86.7
20260718T082740Z,25.9,86.8
20260718T082755Z,25.9,86.8
20260718T082810Z,25.9,87.0
20260718T082825Z,25.9,87.0
20260718T082840Z,26.0,87.2
20260718T082855Z,26.0,87.3
20260718T082910Z,26.1,87.4
20260718T082925Z,26.1,87.4
20260718T082940Z,26.1,87.3
20260718T082955Z,26.1,87.3
20260718T083010Z,26.2,87.3
20260718T083025Z,26.2,87.3
20260718T083040Z,26.2,87.3
20260718T083055Z,26.2,87.3
20260718T083110Z,26.3,87.4
20260718T083125Z,26.3,87.3
20260718T083140Z,26.3,87.2
20260718T083155Z,26.4,87.0
20260718T083210Z,26.4,86.8
20260718T083225Z,26.4,86.8
20260718T083240Z,26.4,86.7
20260718T083255Z,26.4,86.7
20260718T083310Z,26.5,86.7
20260718T083325Z,26.5,86.6
20260718T083340Z,26.5,86.7
20260718T083355Z,26.5,86.7
20260718T083410Z,26.6,86.7
20260718T083425Z,26.6,86.6
20260718T083440Z,26.6,86.6
20260718T083455Z,26.6,86.6
20260718T083510Z,26.6,86.6
20260718T083525Z,26.7,86.6
20260718T083540Z,26.7,86.6
20260718T083555Z,26.7,86.6
20260718T083610Z,26.7,86.6
20260718T083625Z,26.8,86.6
20260718T083640Z,26.8,86.3
20260718T083655Z,26.8,86.2
20260718T083710Z,26.8,84.2
20260718T083725Z,26.7,83.8
20260718T083740Z,26.7,83.0
20260718T083755Z,26.6,81.9
20260718T083810Z,26.5,81.3
20260718T083825Z,26.3,81.1
20260718T083840Z,26.2,80.8
20260718T083855Z,26.1,80.6
20260718T083910Z,26.0,79.6
20260718T083925Z,26.0,79.3
20260718T083940Z,25.9,79.0
20260718T083955Z,25.8,78.3
20260718T084010Z,25.7,78.1
20260718T084025Z,25.7,77.1
20260718T084040Z,25.6,75.9
20260718T084055Z,25.6,75.2
20260718T084110Z,25.5,74.8
20260718T084125Z,25.5,74.8
20260718T084140Z,25.4,73.8
20260718T084155Z,25.4,74.4
20260718T084210Z,25.3,76.0
20260718T084225Z,25.3,77.5
20260718T084240Z,25.3,78.8
20260718T084255Z,25.3,78.9
20260718T084310Z,25.3,79.3
20260718T084325Z,25.2,79.7
20260718T084340Z,25.2,80.3
20260718T084355Z,25.2,80.6
20260718T084410Z,25.2,81.1
20260718T084425Z,25.3,81.5
20260718T084440Z,25.3,81.8
20260718T084455Z,25.3,82.3
20260718T084510Z,25.3,82.8
20260718T084525Z,25.3,83.0
20260718T084540Z,25.3,83.3
20260718T084555Z,25.4,83.6
20260718T084610Z,25.4,83.9
20260718T084625Z,25.4,84.2
20260718T084640Z,25.4,84.6
20260718T084655Z,25.5,84.7
20260718T084710Z,25.5,84.8
20260718T084725Z,25.5,85.0
20260718T084740Z,25.5,85.3
20260718T084755Z,25.6,85.4
20260718T084810Z,25.6,85.8
20260718T084825Z,25.6,85.9
20260718T084840Z,25.6,86.0
20260718T084855Z,25.7,86.3
20260718T084910Z,25.7,86.3
20260718T084925Z,25.7,86.5
20260718T084940Z,25.7,86.6
20260718T084955Z,25.8,86.7
20260718T085010Z,25.8,86.8
20260718T085025Z,25.8,86.9
20260718T085040Z,25.8,87.0
20260718T085055Z,25.9,87.1
20260718T085110Z,25.9,87.1
20260718T085125Z,25.9,87.1
20260718T085140Z,26.0,87.2
20260718T085155Z,26.0,87.2
20260718T085210Z,26.0,87.2
20260718T085225Z,26.0,87.2
20260718T085240Z,26.1,87.3
20260718T085255Z,26.1,87.3
20260718T085310Z,26.1,87.3
20260718T085325Z,26.2,87.3
20260718T085340Z,26.2,87.3
20260718T085355Z,26.2,87.3
20260718T085410Z,26.2,87.2
20260718T085425Z,26.3,87.3
20260718T085440Z,26.3,87.3
20260718T085455Z,26.3,87.2
20260718T085510Z,26.3,87.2
20260718T085525Z,26.4,87.1
20260718T085540Z,26.4,87.2
20260718T085555Z,26.4,87.1
20260718T085610Z,26.4,87.1
20260718T085625Z,26.5,87.1
20260718T085640Z,26.5,87.1
20260718T085655Z,26.5,87.0
20260718T085710Z,26.5,87.0
20260718T085725Z,26.5,86.9
20260718T085740Z,26.6,86.9
20260718T085755Z,26.6,86.9
20260718T085810Z,26.6,86.9
20260718T085825Z,26.6,86.8
20260718T085840Z,26.7,86.8
20260718T085855Z,26.7,86.8
20260718T085910Z,26.7,86.7
20260718T085925Z,26.7,86.7
20260718T085940Z,26.7,86.7
20260718T085955Z,26.7,86.7
20260718T090010Z,26.8,86.6
20260718T090025Z,26.8,86.1
20260718T090040Z,26.8,85.1
20260718T090055Z,26.7,84.1
20260718T090110Z,26.6,82.8
20260718T090125Z,26.6,82.2
20260718T090140Z,26.5,82.1
20260718T090155Z,26.4,80.6
20260718T090211Z,26.2,80.4
20260718T090226Z,26.1,80.1
20260718T090240Z,26.0,79.3
20260718T090255Z,25.8,78.8
20260718T090310Z,25.7,78.0
20260718T090325Z,25.6,78.1
20260718T090340Z,25.5,77.8
20260718T090355Z,25.4,76.9
20260718T090410Z,25.4,76.1
20260718T090425Z,25.3,75.8
20260718T090440Z,25.3,75.6
20260718T090455Z,25.3,77.0
20260718T090510Z,25.2,79.0
20260718T090525Z,25.2,80.0
20260718T090540Z,25.2,80.9
20260718T090555Z,25.2,81.1
20260718T090610Z,25.2,81.3
20260718T090625Z,25.2,81.7
20260718T090640Z,25.3,82.2
20260718T090655Z,25.3,82.3
20260718T090710Z,25.3,82.8
20260718T090725Z,25.3,83.2
20260718T090740Z,25.3,83.5
20260718T090755Z,25.3,83.7
20260718T090810Z,25.3,84.0
20260718T090825Z,25.4,84.5
20260718T090840Z,25.4,84.6
20260718T090855Z,25.4,85.0
20260718T090910Z,25.4,85.1
20260718T090925Z,25.5,85.3
20260718T090940Z,25.5,85.6
20260718T090955Z,25.5,85.6
20260718T091010Z,25.5,86.0
20260718T091025Z,25.6,86.1
20260718T091040Z,25.6,86.4
20260718T091055Z,25.6,86.5
20260718T091110Z,25.6,86.6
20260718T091126Z,25.7,86.8
20260718T091141Z,25.7,86.9
20260718T091155Z,25.7,86.9
20260718T091210Z,25.7,87.2
20260718T091225Z,25.8,87.1
20260718T091240Z,25.8,87.3
20260718T091255Z,25.8,87.2
20260718T091311Z,25.9,87.2
20260718T091326Z,25.9,87.4
20260718T091340Z,25.9,87.4
20260718T091355Z,25.9,87.4
20260718T091411Z,26.0,87.4
20260718T091426Z,26.0,87.5
20260718T091440Z,26.0,87.5
20260718T091455Z,26.1,87.4
20260718T091510Z,26.1,87.5
20260718T091525Z,26.1,87.5
20260718T091540Z,26.1,87.4
20260718T091555Z,26.2,87.4
20260718T091610Z,26.2,87.4
20260718T091625Z,26.2,87.3
20260718T091640Z,26.3,87.3
20260718T091655Z,26.3,87.3
20260718T091710Z,26.3,87.3
20260718T091726Z,26.3,87.2
20260718T091740Z,26.3,87.2
20260718T091756Z,26.4,87.1
20260718T091810Z,26.4,87.1
20260718T091825Z,26.4,87.1
20260718T091840Z,26.4,87.1
20260718T091855Z,26.5,87.1
20260718T091910Z,26.5,86.9
20260718T091925Z,26.5,87.0
20260718T091940Z,26.5,87.0
20260718T091955Z,26.6,86.9
20260718T092010Z,26.6,86.9
20260718T092025Z,26.6,86.8
20260718T092040Z,26.6,86.9
20260718T092055Z,26.6,86.8
20260718T092110Z,26.7,86.8
20260718T092125Z,26.7,86.7
20260718T092140Z,26.7,86.7
20260718T092156Z,26.7,86.7
20260718T092210Z,26.7,86.7
20260718T092226Z,26.8,86.6
20260718T092240Z,26.8,86.6
20260718T092256Z,26.8,86.3
20260718T092311Z,26.8,86.2
20260718T092326Z,26.8,84.7
20260718T092340Z,26.7,84.1
20260718T092356Z,26.7,83.4
20260718T092410Z,26.6,82.8
20260718T092426Z,26.5,82.3
20260718T092440Z,26.4,81.3
20260718T092455Z,26.3,80.5
20260718T092511Z,26.2,80.0
20260718T092525Z,26.1,79.1
20260718T092541Z,25.9,78.7
20260718T092555Z,25.8,78.4
20260718T092611Z,25.7,78.7
20260718T092625Z,25.7,78.0
20260718T092641Z,25.6,76.8
20260718T092655Z,25.6,76.1
20260718T092711Z,25.5,75.4
20260718T092725Z,25.5,75.4
20260718T092740Z,25.5,77.1
20260718T092755Z,25.5,78.9
20260718T092810Z,25.4,80.2
20260718T092826Z,25.4,80.5
20260718T092840Z,25.4,80.8
20260718T092856Z,25.4,81.2
20260718T092910Z,25.4,81.8
20260718T092926Z,25.4,81.7
20260718T092940Z,25.4,82.2
20260718T092956Z,25.3,82.6
20260718T093010Z,25.4,83.1
20260718T093026Z,25.4,83.3
20260718T093040Z,25.4,83.8
20260718T093056Z,25.4,84.1
20260718T093110Z,25.4,84.1
20260718T093126Z,25.4,84.7
20260718T093140Z,25.5,84.9
20260718T093156Z,25.5,85.2
20260718T093210Z,25.5,85.5
20260718T093226Z,25.5,85.8
20260718T093240Z,25.5,85.9
20260718T093256Z,25.5,86.1
20260718T093310Z,25.6,86.4
20260718T093326Z,25.6,86.5
20260718T093341Z,25.6,86.7
20260718T093355Z,25.6,86.8
20260718T093411Z,25.7,87.0
20260718T093425Z,25.7,87.2
20260718T093441Z,25.7,87.3
20260718T093455Z,25.7,87.4
20260718T093511Z,25.8,87.5
20260718T093525Z,25.8,87.6
20260718T093541Z,25.8,87.7
20260718T093556Z,25.8,87.7
20260718T093610Z,25.9,87.7
20260718T093626Z,25.9,87.8
20260718T093640Z,25.9,87.8
20260718T093656Z,26.0,87.9
20260718T093710Z,26.0,87.9
20260718T093726Z,26.0,87.9
20260718T093740Z,26.0,87.8
20260718T093756Z,26.1,87.9
20260718T093811Z,26.1,87.9
20260718T093825Z,26.1,87.8
20260718T093841Z,26.2,87.8
20260718T093856Z,26.2,87.8
20260718T093910Z,26.2,87.7
20260718T093926Z,26.2,87.7
20260718T093940Z,26.3,87.7
20260718T093956Z,26.3,87.6
20260718T094011Z,26.3,87.6
20260718T094026Z,26.4,87.6
20260718T094041Z,26.4,87.5
20260718T094055Z,26.4,87.5
20260718T094111Z,26.4,87.4
20260718T094126Z,26.5,87.4
20260718T094140Z,26.5,87.4
20260718T094156Z,26.5,87.3
20260718T094210Z,26.5,87.3
20260718T094226Z,26.5,87.2
20260718T094240Z,26.6,87.2
20260718T094256Z,26.6,87.1
20260718T094310Z,26.6,87.1
20260718T094326Z,26.6,87.1
20260718T094340Z,26.7,87.0
20260718T094356Z,26.7,87.0
20260718T094411Z,26.7,87.0
20260718T094425Z,26.7,86.9
20260718T094441Z,26.7,86.9
20260718T094455Z,26.8,86.8
20260718T094511Z,26.7,86.8
20260718T094525Z,26.8,86.8
20260718T094541Z,26.8,86.7
20260718T094555Z,26.8,86.5
20260718T094610Z,26.8,84.8
20260718T094626Z,26.7,84.2
20260718T094640Z,26.7,83.8
20260718T094655Z,26.6,82.9
20260718T094710Z,26.5,82.0
20260718T094726Z,26.4,81.8
20260718T094740Z,26.3,80.8
20260718T094756Z,26.2,80.8
20260718T094810Z,26.1,79.8
20260718T094826Z,26.0,78.9
20260718T094840Z,25.9,78.3
20260718T094856Z,25.8,78.1
20260718T094910Z,25.7,78.0
20260718T094926Z,25.6,77.1
20260718T094941Z,25.5,76.4
20260718T094955Z,25.4,75.7
20260718T095010Z,25.4,76.0
20260718T095025Z,25.3,76.4
20260718T095041Z,25.3,77.7
20260718T095055Z,25.3,79.5
20260718T095111Z,25.3,80.4
20260718T095125Z,25.3,80.8
20260718T095140Z,25.3,81.0
20260718T095156Z,25.3,81.3
20260718T095211Z,25.3,81.4
20260718T095225Z,25.3,82.3
20260718T095240Z,25.3,82.7
20260718T095255Z,25.3,82.7
20260718T095310Z,25.3,83.3
20260718T095326Z,25.3,83.6
20260718T095340Z,25.3,84.1
20260718T095356Z,25.4,84.4
20260718T095410Z,25.4,84.6
20260718T095426Z,25.4,84.8
20260718T095441Z,25.4,85.3
20260718T095455Z,25.4,85.5
20260718T095511Z,25.5,85.6
20260718T095525Z,25.5,85.9
20260718T095541Z,25.5,86.2
20260718T095556Z,25.6,86.3
20260718T095610Z,25.6,86.4
20260718T095626Z,25.6,86.9
20260718T095641Z,25.6,86.7
20260718T095655Z,25.6,87.0
20260718T095711Z,25.7,87.2
20260718T095725Z,25.7,87.3
20260718T095741Z,25.7,87.5
20260718T095755Z,25.8,87.7
20260718T095810Z,25.8,87.6
20260718T095826Z,25.8,87.7
20260718T095840Z,25.8,88.0
20260718T095856Z,25.8,87.8
20260718T095910Z,25.9,87.9
20260718T095925Z,25.9,88.0
20260718T095940Z,26.0,88.1
20260718T095955Z,26.0,88.1
20260718T100011Z,26.0,88.2
20260718T100025Z,26.0,88.2
20260718T100041Z,26.1,88.2
20260718T100055Z,26.1,88.2
20260718T100112Z,26.1,88.1
20260718T100126Z,26.1,88.1
20260718T100141Z,26.2,88.1
20260718T100155Z,26.2,88.1
20260718T100211Z,26.2,88.1
20260718T100225Z,26.3,88.0
20260718T100240Z,26.3,88.0
20260718T100255Z,26.3,88.0
20260718T100310Z,26.3,87.9
20260718T100326Z,26.4,87.9
20260718T100340Z,26.4,87.9
20260718T100356Z,26.4,87.8
20260718T100410Z,26.4,87.8
20260718T100426Z,26.5,87.8
20260718T100440Z,26.5,87.7
20260718T100456Z,26.5,87.7
20260718T100511Z,26.5,87.7
20260718T100525Z,26.6,87.6
20260718T100541Z,26.6,87.5
20260718T100556Z,26.6,87.5
20260718T100610Z,26.6,87.5
20260718T100626Z,26.6,87.4
20260718T100640Z,26.7,87.3
20260718T100656Z,26.7,87.3
20260718T100710Z,26.7,87.3
20260718T100726Z,26.7,87.2
20260718T100740Z,26.7,87.2
20260718T100756Z,26.8,87.1
20260718T100810Z,26.8,87.1
20260718T100826Z,26.8,87.1
20260718T100840Z,26.8,86.5
20260718T100855Z,26.8,85.7
20260718T100911Z,26.8,84.4
20260718T100926Z,26.7,84.6
20260718T100940Z,26.6,83.3
20260718T100956Z,26.6,83.1
20260718T101011Z,26.5,82.2
20260718T101025Z,26.3,81.7
20260718T101041Z,26.2,81.0
20260718T101055Z,26.1,80.2
20260718T101111Z,26.0,80.1
20260718T101126Z,25.9,79.6
20260718T101140Z,25.8,79.3
20260718T101155Z,25.7,78.6
20260718T101210Z,25.6,77.8
20260718T101225Z,25.6,77.6
20260718T101241Z,25.5,76.7
20260718T101255Z,25.5,76.0
20260718T101311Z,25.5,76.1
20260718T101326Z,25.4,77.8
20260718T101341Z,25.4,79.5
20260718T101356Z,25.4,80.8
20260718T101411Z,25.3,81.1
20260718T101425Z,25.3,81.3
20260718T101441Z,25.3,81.7
20260718T101456Z,25.3,82.1
20260718T101511Z,25.3,82.6
20260718T101526Z,25.4,83.0
20260718T101540Z,25.4,83.4
20260718T101556Z,25.4,83.6
20260718T101611Z,25.4,84.2
20260718T101626Z,25.4,84.5
20260718T101641Z,25.4,84.7
20260718T101655Z,25.4,84.9
20260718T101710Z,25.5,85.3
20260718T101726Z,25.5,85.6
20260718T101740Z,25.5,85.9
20260718T101756Z,25.5,85.9
20260718T101811Z,25.5,86.2
20260718T101826Z,25.6,86.5
20260718T101841Z,25.6,86.7
20260718T101856Z,25.6,87.0
20260718T101910Z,25.6,87.1
20260718T101926Z,25.7,87.3
20260718T101941Z,25.7,87.4
20260718T101956Z,25.7,87.6
20260718T102011Z,25.7,87.6
20260718T102026Z,25.8,87.8
20260718T102041Z,25.8,87.9
20260718T102056Z,25.8,88.0
20260718T102111Z,25.9,88.1
20260718T102126Z,25.9,88.2
20260718T102141Z,25.9,88.1
20260718T102156Z,25.9,88.2
20260718T102211Z,26.0,88.2
20260718T102226Z,26.0,88.3
20260718T102241Z,26.0,88.4
20260718T102256Z,26.0,88.3
20260718T102311Z,26.1,88.4
20260718T102326Z,26.1,88.4
20260718T102341Z,26.1,88.5
20260718T102356Z,26.2,88.4
20260718T102411Z,26.2,88.4
20260718T102426Z,26.2,88.4
20260718T102441Z,26.2,88.4
20260718T102456Z,26.3,88.4
20260718T102511Z,26.3,88.4
20260718T102526Z,26.3,88.3
20260718T102541Z,26.3,88.3
20260718T102556Z,26.4,88.2
20260718T102611Z,26.4,88.2
20260718T102626Z,26.4,88.2
20260718T102641Z,26.4,88.1
20260718T102656Z,26.5,88.2
20260718T102711Z,26.5,88.1
20260718T102726Z,26.5,88.0
20260718T102741Z,26.5,88.0
20260718T102756Z,26.6,87.9
20260718T102811Z,26.6,87.9
20260718T102826Z,26.6,87.9
20260718T102841Z,26.6,87.9
20260718T102856Z,26.6,87.8
20260718T102911Z,26.7,87.8
20260718T102926Z,26.7,87.8
20260718T102941Z,26.7,87.7
20260718T102956Z,26.7,87.7
20260718T103011Z,26.7,87.6
20260718T103026Z,26.8,87.6
20260718T103041Z,26.8,87.6
20260718T103056Z,26.8,86.7
20260718T103112Z,26.8,86.3
20260718T103126Z,26.7,85.1
20260718T103141Z,26.7,85.0
20260718T103156Z,26.6,84.0
20260718T103211Z,26.6,83.4
20260718T103226Z,26.5,82.5
20260718T103241Z,26.4,81.8
20260718T103256Z,26.3,82.0
20260718T103311Z,26.2,80.9
20260718T103326Z,26.0,80.6
20260718T103341Z,25.9,79.0
20260718T103356Z,25.8,78.8
20260718T103411Z,25.7,78.6
20260718T103426Z,25.6,77.6
20260718T103441Z,25.5,77.7
20260718T103456Z,25.4,77.2
20260718T103511Z,25.4,76.4
20260718T103526Z,25.4,76.9
20260718T103541Z,25.3,78.3
20260718T103556Z,25.3,79.9
20260718T103611Z,25.3,81.1
20260718T103626Z,25.3,81.7
20260718T103641Z,25.3,81.7
20260718T103656Z,25.3,82.1
20260718T103711Z,25.3,82.4
20260718T103726Z,25.3,82.8
20260718T103741Z,25.3,82.9
20260718T103756Z,25.3,83.6
20260718T103811Z,25.3,83.9
20260718T103826Z,25.4,84.2
20260718T103841Z,25.4,84.5
20260718T103856Z,25.4,84.7
20260718T103912Z,25.4,85.1
20260718T103926Z,25.4,85.4
20260718T103941Z,25.4,85.4
20260718T103956Z,25.5,85.8
20260718T104011Z,25.5,86.0
20260718T104026Z,25.5,86.4
20260718T104041Z,25.5,86.4
20260718T104056Z,25.6,86.6
20260718T104111Z,25.6,86.7
20260718T104126Z,25.6,87.1
20260718T104141Z,25.7,87.2
20260718T104156Z,25.7,87.3
20260718T104211Z,25.7,87.7
20260718T104226Z,25.7,87.6
20260718T104241Z,25.8,87.8
20260718T104256Z,25.8,87.8
20260718T104311Z,25.8,87.6
20260718T104326Z,25.9,87.9
20260718T104341Z,25.9,88.0
20260718T104356Z,25.9,88.0
20260718T104411Z,25.9,88.1
20260718T104426Z,26.0,88.1
20260718T104441Z,26.0,88.2
20260718T104456Z,26.1,88.1
20260718T104511Z,26.1,88.2
20260718T104526Z,26.1,88.3
20260718T104541Z,26.2,88.3
20260718T104556Z,26.2,88.3
20260718T104611Z,26.2,88.3
20260718T104626Z,26.3,88.2
20260718T104641Z,26.3,88.3
20260718T104656Z,26.3,88.2
20260718T104711Z,26.3,88.2
20260718T104726Z,26.4,88.2
20260718T104741Z,26.4,88.1
20260718T104756Z,26.4,88.0
20260718T104811Z,26.5,88.1
20260718T104826Z,26.5,87.9
20260718T104841Z,26.5,87.6
20260718T104856Z,26.6,87.1
20260718T104911Z,26.6,87.0
20260718T104926Z,26.6,86.7
20260718T104941Z,26.6,86.6
20260718T104956Z,26.7,86.6
20260718T105011Z,26.7,86.3
20260718T105026Z,26.7,85.9
20260718T105041Z,26.7,85.9
20260718T105056Z,26.7,85.8
20260718T105111Z,26.8,85.7
20260718T105126Z,26.8,85.7
20260718T105141Z,26.8,85.7
20260718T105156Z,26.8,85.7
20260718T105211Z,26.8,85.7
20260718T105226Z,26.8,85.7
20260718T105241Z,26.8,85.7
20260718T105256Z,26.8,85.3
20260718T105311Z,26.8,84.3
20260718T105326Z,26.8,83.7
20260718T105341Z,26.7,83.3
20260718T105356Z,26.6,82.4
20260718T105411Z,26.6,81.7
20260718T105426Z,26.5,81.3
20260718T105441Z,26.4,80.4
20260718T105456Z,26.3,79.8
20260718T105511Z,26.2,79.1
20260718T105526Z,26.0,78.7
20260718T105541Z,25.9,78.5
20260718T105556Z,25.8,77.3
20260718T105611Z,25.7,77.1
20260718T105626Z,25.6,77.0
20260718T105641Z,25.5,76.5
20260718T105656Z,25.4,75.8
20260718T105711Z,25.4,75.6
20260718T105726Z,25.4,76.4
20260718T105741Z,25.4,77.8
20260718T105756Z,25.4,79.4
20260718T105811Z,25.4,80.4
20260718T105826Z,25.4,80.5
20260718T105841Z,25.4,81.0
20260718T105856Z,25.4,81.2
20260718T105911Z,25.4,81.4
20260718T105926Z,25.4,81.9
20260718T105941Z,25.4,82.4
20260718T105956Z,25.4,82.6
20260718T110011Z,25.4,83.1
20260718T110026Z,25.4,83.5
20260718T110041Z,25.4,83.8
20260718T110056Z,25.4,84.2
20260718T110111Z,25.4,84.3
20260718T110126Z,25.5,84.6
20260718T110141Z,25.5,84.9
20260718T110156Z,25.5,85.2
20260718T110211Z,25.5,85.4
20260718T110226Z,25.5,85.6
20260718T110241Z,25.6,85.8
20260718T110256Z,25.6,86.3
20260718T110311Z,25.6,86.4
20260718T110326Z,25.6,86.5
20260718T110341Z,25.6,86.7
20260718T110356Z,25.7,86.9
20260718T110412Z,25.7,87.2
20260718T110427Z,25.7,87.2
20260718T110441Z,25.7,87.2
20260718T110456Z,25.7,87.3
20260718T110512Z,25.8,87.5
20260718T110526Z,25.8,87.7
20260718T110541Z,25.8,87.7
20260718T110556Z,25.9,87.8
20260718T110612Z,25.9,87.8
20260718T110626Z,25.9,88.0
20260718T110641Z,25.9,88.0
20260718T110656Z,26.0,88.0
20260718T110711Z,26.0,88.0
20260718T110726Z,26.0,88.0
20260718T110741Z,26.0,88.0
20260718T110756Z,26.1,88.0
20260718T110812Z,26.1,88.1
20260718T110826Z,26.1,88.0
20260718T110841Z,26.2,88.1
20260718T110856Z,26.2,88.0
20260718T110911Z,26.2,88.0
20260718T110926Z,26.2,88.0
20260718T110941Z,26.3,88.1
20260718T110956Z,26.3,87.9
20260718T111011Z,26.3,88.0
20260718T111026Z,26.3,87.9
20260718T111041Z,26.4,87.9
20260718T111056Z,26.4,87.8
20260718T111111Z,26.4,87.8
20260718T111126Z,26.4,87.8
20260718T111141Z,26.5,87.8
20260718T111156Z,26.5,87.8
20260718T111211Z,26.5,87.7
20260718T111226Z,26.5,87.7
20260718T111241Z,26.5,87.7
20260718T111256Z,26.6,87.6
20260718T111311Z,26.6,87.6
20260718T111326Z,26.6,87.6
20260718T111341Z,26.6,87.5
20260718T111356Z,26.6,87.5
20260718T111411Z,26.6,87.5
20260718T111426Z,26.7,87.5
20260718T111441Z,26.7,87.4
20260718T111456Z,26.7,87.4
20260718T111511Z,26.7,87.4
20260718T111526Z,26.7,87.3
20260718T111541Z,26.7,87.3
20260718T111556Z,26.8,87.3
20260718T111611Z,26.8,87.3
20260718T111626Z,26.8,86.6
20260718T111641Z,26.8,86.2
20260718T111656Z,26.8,85.3
20260718T111711Z,26.7,84.8
20260718T111726Z,26.6,83.5
20260718T111741Z,26.6,83.5
20260718T111756Z,26.5,82.2
20260718T111811Z,26.4,81.6
20260718T111826Z,26.3,80.9
20260718T111841Z,26.1,80.5
20260718T111856Z,26.0,80.0
20260718T111911Z,25.9,79.3
20260718T111926Z,25.8,79.1
20260718T111941Z,25.7,78.6
20260718T111956Z,25.6,77.2
20260718T112012Z,25.5,76.7
20260718T112027Z,25.4,76.9
20260718T112041Z,25.4,76.8
20260718T112056Z,25.3,78.0
20260718T112111Z,25.3,79.9
20260718T112126Z,25.3,81.1
20260718T112141Z,25.3,81.8
20260718T112156Z,25.3,82.0
20260718T112211Z,25.3,82.2
20260718T112226Z,25.3,82.6
20260718T112241Z,25.3,83.1
20260718T112256Z,25.3,83.1
20260718T112311Z,25.3,83.5
20260718T112326Z,25.4,83.9
20260718T112341Z,25.4,84.4
20260718T112356Z,25.4,84.5
20260718T112411Z,25.4,85.0
20260718T112426Z,25.4,85.1
20260718T112441Z,25.4,85.4
20260718T112456Z,25.5,85.5
20260718T112511Z,25.5,86.1
20260718T112526Z,25.5,86.2
20260718T112541Z,25.5,86.3
20260718T112556Z,25.6,86.7
20260718T112611Z,25.6,86.8
20260718T112626Z,25.6,87.0
20260718T112641Z,25.6,87.2
20260718T112656Z,25.7,87.5
20260718T112711Z,25.7,87.7
20260718T112726Z,25.7,87.8
20260718T112741Z,25.7,88.0
20260718T112756Z,25.7,88.0
20260718T112811Z,25.7,88.2
20260718T112826Z,25.8,88.4
20260718T112841Z,25.8,88.4
20260718T112856Z,25.8,88.6
20260718T112911Z,25.8,88.6
20260718T112926Z,25.9,88.8
20260718T112941Z,25.9,88.9
20260718T112956Z,25.9,88.9
20260718T113011Z,25.9,88.9
20260718T113026Z,25.9,89.0
20260718T113041Z,26.0,89.0
20260718T113056Z,26.0,89.0
20260718T113111Z,26.0,89.0
20260718T113126Z,26.1,89.1
20260718T113141Z,26.1,89.0
20260718T113156Z,26.1,89.0
20260718T113211Z,26.1,89.0
20260718T113226Z,26.2,89.0
20260718T113241Z,26.2,89.0
20260718T113256Z,26.2,88.9
20260718T113311Z,26.2,88.9
20260718T113326Z,26.3,88.9
20260718T113341Z,26.3,88.8
20260718T113356Z,26.3,88.8
20260718T113411Z,26.3,88.8
20260718T113426Z,26.4,88.8
20260718T113441Z,26.4,88.7
20260718T113456Z,26.4,88.7
20260718T113511Z,26.4,88.6
20260718T113526Z,26.4,88.6
20260718T113541Z,26.5,88.5
20260718T113556Z,26.5,88.5
20260718T113611Z,26.5,88.5
20260718T113626Z,26.5,88.5
20260718T113641Z,26.6,88.4
20260718T113656Z,26.6,88.4
20260718T113711Z,26.6,88.4
20260718T113726Z,26.6,88.3
20260718T113741Z,26.6,88.3
20260718T113756Z,26.7,88.3
20260718T113811Z,26.7,88.2
20260718T113826Z,26.7,88.2
20260718T113841Z,26.7,88.1
20260718T113856Z,26.7,88.1
20260718T113911Z,26.7,88.1
20260718T113926Z,26.7,88.1
20260718T113941Z,26.8,88.0
20260718T113956Z,26.8,87.8
20260718T114012Z,26.8,87.9
20260718T114026Z,26.7,86.1
20260718T114041Z,26.7,85.7
20260718T114056Z,26.7,85.1
20260718T114111Z,26.6,84.2
20260718T114126Z,26.5,83.5
20260718T114141Z,26.4,82.9
20260718T114156Z,26.3,81.9
20260718T114211Z,26.2,80.9
20260718T114226Z,26.1,80.5
20260718T114241Z,25.9,80.0
20260718T114256Z,25.8,79.9
20260718T114311Z,25.7,79.2
20260718T114326Z,25.6,78.6
20260718T114341Z,25.5,77.9
20260718T114356Z,25.4,77.8
20260718T114410Z,25.3,77.3
20260718T114427Z,25.3,77.3
20260718T114441Z,25.3,78.5
20260718T114456Z,25.3,80.2
20260718T114511Z,25.3,81.4
20260718T114526Z,25.3,81.9
20260718T114541Z,25.3,82.1
20260718T114556Z,25.3,82.5
20260718T114611Z,25.3,83.1
20260718T114626Z,25.4,83.1
20260718T114641Z,25.3,83.5
20260718T114656Z,25.4,83.8
20260718T114711Z,25.4,84.2
20260718T114726Z,25.4,84.5
20260718T114741Z,25.4,84.7
20260718T114756Z,25.4,85.2
20260718T114811Z,25.4,85.4
20260718T114826Z,25.5,85.6
20260718T114841Z,25.5,86.0
20260718T114856Z,25.5,86.3
20260718T114911Z,25.5,86.4
20260718T114926Z,25.5,86.6
20260718T114941Z,25.6,87.0
20260718T114956Z,25.6,87.2
20260718T115011Z,25.6,87.5
20260718T115026Z,25.6,87.5
20260718T115041Z,25.6,87.8
20260718T115056Z,25.7,88.0
20260718T115111Z,25.7,88.2
20260718T115126Z,25.7,88.3
20260718T115141Z,25.7,88.5
20260718T115156Z,25.7,88.7
20260718T115211Z,25.8,88.7
20260718T115226Z,25.8,88.9
20260718T115241Z,25.8,89.0
20260718T115256Z,25.8,89.2
20260718T115311Z,25.8,89.3
20260718T115326Z,25.9,89.3
20260718T115341Z,25.9,89.3
20260718T115356Z,25.9,89.4
20260718T115411Z,25.9,89.3
20260718T115426Z,26.0,89.5
20260718T115441Z,26.0,89.5
20260718T115456Z,26.0,89.6
20260718T115511Z,26.0,89.6
20260718T115526Z,26.1,89.6
20260718T115541Z,26.1,89.6
20260718T115556Z,26.1,89.6
20260718T115611Z,26.1,89.7
20260718T115626Z,26.2,89.6
20260718T115641Z,26.2,89.5
20260718T115656Z,26.2,89.6
20260718T115711Z,26.2,89.6
20260718T115726Z,26.3,89.6
20260718T115741Z,26.3,89.6
20260718T115756Z,26.3,89.6
20260718T115811Z,26.3,89.5
20260718T115826Z,26.4,89.5
20260718T115841Z,26.4,89.5
20260718T115856Z,26.4,89.5
20260718T115911Z,26.4,89.4
20260718T115926Z,26.4,89.4
20260718T115941Z,26.5,89.3
20260718T115956Z,26.5,89.3
20260718T120011Z,26.5,89.3
20260718T120027Z,26.5,89.3
20260718T120042Z,26.5,89.3
20260718T120056Z,26.6,89.2
20260718T120111Z,26.6,89.2
20260718T120126Z,26.6,89.1
20260718T120141Z,26.6,89.1
20260718T120156Z,26.6,89.1
20260718T120211Z,26.7,89.0
20260718T120226Z,26.7,89.0
20260718T120241Z,26.7,89.0
20260718T120256Z,26.7,88.9
20260718T120311Z,26.7,88.9
20260718T120326Z,26.7,88.8
20260718T120341Z,26.7,88.8
20260718T120356Z,26.8,88.8
20260718T120411Z,26.8,88.6
20260718T120426Z,26.7,87.2
20260718T120441Z,26.7,86.5
20260718T120456Z,26.6,85.8
20260718T120511Z,26.6,85.2
20260718T120526Z,26.5,84.7
20260718T120541Z,26.4,83.6
20260718T120556Z,26.3,82.5
20260718T120611Z,26.2,81.8
20260718T120626Z,26.1,81.0
20260718T120641Z,25.9,80.7
20260718T120656Z,25.8,80.5
20260718T120711Z,25.7,79.7
20260718T120726Z,25.6,79.4
20260718T120741Z,25.5,78.8
20260718T120756Z,25.4,78.2
20260718T120811Z,25.3,77.8
20260718T120826Z,25.3,77.7
20260718T120841Z,25.2,79.6
20260718T120856Z,25.2,81.0
20260718T120911Z,25.2,82.3
20260718T120926Z,25.2,83.0
20260718T120941Z,25.2,83.4
20260718T120956Z,25.2,83.6
20260718T121011Z,25.2,83.7
20260718T121026Z,25.3,84.2
20260718T121041Z,25.3,84.2
20260718T121056Z,25.3,84.7
20260718T121111Z,25.3,84.9
20260718T121126Z,25.3,85.3
20260718T121141Z,25.3,85.6
20260718T121156Z,25.4,85.7
20260718T121211Z,25.4,85.9
20260718T121226Z,25.4,86.3
20260718T121241Z,25.5,86.6
20260718T121256Z,25.5,86.9
20260718T121311Z,25.5,87.2
20260718T121326Z,25.5,87.3
20260718T121341Z,25.5,87.5
20260718T121356Z,25.6,87.7
20260718T121411Z,25.6,87.9
20260718T121426Z,25.6,88.1
20260718T121441Z,25.6,88.2
20260718T121456Z,25.7,88.5
20260718T121511Z,25.7,88.6
20260718T121526Z,25.7,88.9
20260718T121541Z,25.7,88.8
20260718T121556Z,25.8,89.2
20260718T121611Z,25.8,89.2
20260718T121626Z,25.8,89.3
20260718T121641Z,25.8,89.5
20260718T121656Z,25.8,89.5
20260718T121711Z,25.9,89.6
20260718T121726Z,25.9,89.7
20260718T121741Z,25.9,89.8
20260718T121756Z,25.9,89.9
20260718T121811Z,25.9,90.0
20260718T121826Z,26.0,90.0
20260718T121841Z,26.0,90.1
20260718T121856Z,26.0,90.1
20260718T121911Z,26.0,90.1
20260718T121926Z,26.1,90.1
20260718T121941Z,26.1,90.2
20260718T121956Z,26.1,90.2
20260718T122011Z,26.1,90.2
20260718T122027Z,26.2,90.2
20260718T122042Z,26.2,90.2
20260718T122056Z,26.2,90.2
20260718T122111Z,26.2,90.2
20260718T122126Z,26.2,90.1
20260718T122141Z,26.3,90.2
20260718T122156Z,26.3,90.2
20260718T122211Z,26.3,90.1
20260718T122226Z,26.3,90.1
20260718T122241Z,26.4,90.1
20260718T122256Z,26.4,90.1
20260718T122311Z,26.4,90.0
20260718T122326Z,26.4,90.0
20260718T122341Z,26.4,89.9
20260718T122356Z,26.5,89.9
20260718T122411Z,26.5,89.9
20260718T122426Z,26.5,89.8
20260718T122441Z,26.5,89.8
20260718T122456Z,26.5,89.8
20260718T122511Z,26.6,89.7
20260718T122526Z,26.6,89.8
20260718T122541Z,26.6,89.7
20260718T122556Z,26.6,89.7
20260718T122611Z,26.6,89.6
20260718T122626Z,26.6,89.6
20260718T122641Z,26.7,89.6
20260718T122656Z,26.7,89.5
20260718T122711Z,26.7,89.5
20260718T122726Z,26.7,89.5
20260718T122741Z,26.7,89.4
20260718T122756Z,26.7,89.1
20260718T122811Z,26.7,89.1
20260718T122826Z,26.7,87.2
20260718T122841Z,26.6,87.0
20260718T122856Z,26.6,86.2
20260718T122911Z,26.5,86.0
20260718T122926Z,26.5,84.5
20260718T122941Z,26.4,83.8
20260718T122956Z,26.3,83.2
20260718T123011Z,26.2,82.3
20260718T123026Z,26.1,81.5
20260718T123041Z,25.9,80.8
20260718T123056Z,25.8,81.0
20260718T123111Z,25.7,79.8
20260718T123126Z,25.6,79.8
20260718T123141Z,25.5,79.5
20260718T123156Z,25.5,78.7
20260718T123211Z,25.4,77.8
20260718T123226Z,25.4,78.6
20260718T123241Z,25.4,80.1
20260718T123256Z,25.4,81.7
20260718T123311Z,25.4,82.5
20260718T123326Z,25.4,83.2
20260718T123341Z,25.4,83.4
20260718T123356Z,25.4,83.4
20260718T123411Z,25.4,84.1
20260718T123426Z,25.4,84.4
20260718T123441Z,25.4,84.4
20260718T123456Z,25.4,85.0
20260718T123511Z,25.4,85.2
20260718T123526Z,25.4,85.6
20260718T123541Z,25.4,86.0
20260718T123556Z,25.5,86.3
20260718T123611Z,25.5,86.5
20260718T123626Z,25.5,86.6
20260718T123641Z,25.5,86.9
20260718T123656Z,25.5,87.1
20260718T123711Z,25.5,87.5
20260718T123726Z,25.6,87.7
20260718T123741Z,25.6,88.0
20260718T123756Z,25.6,88.2
20260718T123811Z,25.6,88.4
20260718T123826Z,25.6,88.6
20260718T123841Z,25.7,88.8
20260718T123856Z,25.7,88.9
20260718T123911Z,25.7,89.2
20260718T123926Z,25.7,89.3
20260718T123941Z,25.7,89.5
20260718T123956Z,25.8,89.7
20260718T124011Z,25.8,89.6
20260718T124026Z,25.8,89.8
20260718T124041Z,25.8,89.8
20260718T124056Z,25.8,90.0
20260718T124111Z,25.9,90.1
20260718T124126Z,25.9,90.1
20260718T124141Z,25.9,90.2
20260718T124156Z,25.9,90.3
20260718T124211Z,26.0,90.2
20260718T124226Z,26.0,90.4
20260718T124241Z,26.0,90.4
20260718T124256Z,26.0,90.4
20260718T124311Z,26.0,90.4
20260718T124326Z,26.1,90.5
20260718T124341Z,26.1,90.5
20260718T124356Z,26.1,90.5
20260718T124411Z,26.2,90.6
20260718T124427Z,26.2,90.5
20260718T124442Z,26.2,90.5
20260718T124456Z,26.2,90.6
20260718T124511Z,26.2,90.5
20260718T124526Z,26.2,90.5
20260718T124541Z,26.3,90.5
20260718T124556Z,26.3,90.5
20260718T124611Z,26.3,90.5
20260718T124626Z,26.3,90.4
20260718T124641Z,26.4,90.4
20260718T124656Z,26.4,90.4
20260718T124711Z,26.4,90.4
20260718T124726Z,26.4,90.3
20260718T124741Z,26.4,90.3
20260718T124756Z,26.5,90.3
20260718T124811Z,26.5,90.2
20260718T124826Z,26.5,90.2
20260718T124841Z,26.5,90.1
20260718T124856Z,26.5,90.1
20260718T124911Z,26.5,90.1
20260718T124926Z,26.6,90.0
20260718T124941Z,26.6,90.0
20260718T124956Z,26.6,90.0
20260718T125011Z,26.6,89.9
20260718T125026Z,26.7,89.9
20260718T125041Z,26.7,89.9
20260718T125056Z,26.7,89.8
20260718T125111Z,26.7,89.8
20260718T125126Z,26.7,89.7
20260718T125141Z,26.7,89.7
20260718T125156Z,26.7,89.5
20260718T125211Z,26.7,87.6
20260718T125226Z,26.7,87.1
20260718T125241Z,26.6,86.9
20260718T125256Z,26.6,86.5
20260718T125311Z,26.5,85.2
20260718T125326Z,26.4,84.4
20260718T125341Z,26.3,83.9
20260718T125356Z,26.2,82.2
20260718T125411Z,26.1,82.1
20260718T125426Z,26.0,81.5
20260718T125441Z,25.9,80.5
20260718T125456Z,25.8,80.2
20260718T125511Z,25.6,79.8
20260718T125527Z,25.5,78.9
20260718T125542Z,25.4,78.3
20260718T125556Z,25.3,78.3
20260718T125611Z,25.3,78.7
20260718T125627Z,25.2,80.3
20260718T125642Z,25.2,82.2
20260718T125656Z,25.2,83.0
20260718T125711Z,25.2,83.6
20260718T125726Z,25.3,83.6
20260718T125741Z,25.2,84.2
20260718T125756Z,25.3,84.0
20260718T125811Z,25.3,84.7
20260718T125826Z,25.3,85.0
20260718T125841Z,25.3,85.1
20260718T125856Z,25.3,85.5
20260718T125911Z,25.4,86.0
20260718T125926Z,25.4,86.3
20260718T125941Z,25.4,86.4
20260718T125956Z,25.4,86.6
20260718T130011Z,25.5,86.9
20260718T130026Z,25.5,87.2
20260718T130041Z,25.5,87.4
20260718T130056Z,25.5,87.7
20260718T130111Z,25.6,88.0
20260718T130126Z,25.6,88.1
20260718T130141Z,25.6,88.3
20260718T130156Z,25.6,88.4
20260718T130211Z,25.6,88.7
20260718T130226Z,25.7,89.1
20260718T130241Z,25.7,89.1
20260718T130256Z,25.7,89.4
20260718T130311Z,25.7,89.5
20260718T130326Z,25.7,89.8
20260718T130341Z,25.8,89.7
20260718T130356Z,25.8,89.8
20260718T130411Z,25.8,90.0
20260718T130426Z,25.8,90.1
20260718T130441Z,25.8,90.2
20260718T130456Z,25.9,90.3
20260718T130511Z,25.9,90.4
20260718T130526Z,25.9,90.4
20260718T130541Z,25.9,90.5
20260718T130556Z,25.9,90.6
20260718T130611Z,26.0,90.6
20260718T130626Z,26.0,90.7
20260718T130641Z,26.0,90.7
20260718T130656Z,26.0,90.8
20260718T130711Z,26.1,90.8
20260718T130726Z,26.1,90.9
20260718T130741Z,26.1,90.9
20260718T130756Z,26.1,90.9
20260718T130811Z,26.1,90.8
20260718T130826Z,26.2,90.9
20260718T130841Z,26.2,90.8
20260718T130856Z,26.2,90.8
20260718T130911Z,26.2,90.8
20260718T130927Z,26.3,90.8
20260718T130941Z,26.3,90.8
20260718T130957Z,26.3,90.8
20260718T131011Z,26.3,90.7
20260718T131026Z,26.4,90.7
20260718T131041Z,26.4,90.7
20260718T131056Z,26.4,90.7
20260718T131111Z,26.4,90.7
20260718T131126Z,26.4,90.6
20260718T131141Z,26.5,90.6
20260718T131156Z,26.5,90.5
20260718T131211Z,26.5,90.5
20260718T131226Z,26.5,90.5
20260718T131241Z,26.5,90.5
20260718T131256Z,26.5,90.4
20260718T131311Z,26.6,90.4
20260718T131326Z,26.6,90.4
20260718T131341Z,26.6,90.3
20260718T131356Z,26.6,90.3
20260718T131411Z,26.6,90.3
20260718T131426Z,26.7,90.2
20260718T131441Z,26.7,90.2
20260718T131456Z,26.7,90.2
20260718T131512Z,26.7,90.1
20260718T131526Z,26.7,90.1
20260718T131542Z,26.7,89.3
20260718T131556Z,26.7,88.7
20260718T131612Z,26.7,87.5
20260718T131626Z,26.6,87.3
20260718T131642Z,26.6,86.2
20260718T131656Z,26.5,85.6
20260718T131711Z,26.4,84.9
20260718T131726Z,26.3,84.2
20260718T131742Z,26.2,83.3
20260718T131756Z,26.1,82.8
20260718T131812Z,26.0,82.0
20260718T131826Z,25.9,81.4
20260718T131842Z,25.8,80.7
20260718T131856Z,25.7,80.4
20260718T131911Z,25.6,80.6
20260718T131927Z,25.5,79.3
20260718T131942Z,25.4,78.5
20260718T131956Z,25.4,78.6
20260718T132011Z,25.4,79.9
20260718T132026Z,25.3,81.1
20260718T132042Z,25.3,82.6
20260718T132056Z,25.3,83.3
20260718T132112Z,25.3,83.9
20260718T132126Z,25.3,84.2
20260718T132142Z,25.3,84.3
20260718T132156Z,25.3,84.5
20260718T132212Z,25.4,85.0
20260718T132226Z,25.4,85.2
20260718T132242Z,25.4,85.5
20260718T132256Z,25.4,85.7
20260718T132312Z,25.4,86.2
20260718T132327Z,25.4,86.4
20260718T132341Z,25.4,86.8
20260718T132357Z,25.5,86.9
20260718T132412Z,25.5,87.4
20260718T132426Z,25.5,87.6
20260718T132442Z,25.5,87.7
20260718T132456Z,25.6,87.8
20260718T132512Z,25.6,88.1
20260718T132526Z,25.6,88.4
20260718T132542Z,25.6,88.6
20260718T132556Z,25.6,88.9
20260718T132612Z,25.7,89.0
20260718T132627Z,25.7,89.1
20260718T132642Z,25.7,89.2
20260718T132656Z,25.7,89.4
20260718T132712Z,25.7,89.6
20260718T132726Z,25.8,89.8
20260718T132742Z,25.8,90.0
20260718T132756Z,25.8,90.1
20260718T132812Z,25.8,90.0
20260718T132826Z,25.8,90.3
20260718T132842Z,25.9,90.4
20260718T132856Z,25.9,90.4
20260718T132912Z,25.9,90.5
20260718T132927Z,25.9,90.5
20260718T132941Z,25.9,90.6
20260718T132957Z,26.0,90.8
20260718T133011Z,26.0,90.8
20260718T133028Z,26.0,90.8
20260718T133042Z,26.0,90.9
20260718T133057Z,26.1,90.8
20260718T133111Z,26.1,90.9
20260718T133128Z,26.1,90.9
20260718T133142Z,26.1,90.9
20260718T133157Z,26.2,90.9
20260718T133211Z,26.2,91.0
20260718T133228Z,26.2,90.9
20260718T133242Z,26.2,91.0
20260718T133256Z,26.3,91.0
20260718T133311Z,26.3,90.9
20260718T133326Z,26.3,90.6
20260718T133342Z,26.3,90.6
20260718T133356Z,26.3,88.4
20260718T133412Z,26.2,87.9
20260718T133426Z,26.2,86.9
20260718T133442Z,26.1,86.4
20260718T133456Z,26.1,85.6
20260718T133512Z,26.0,85.2
20260718T133527Z,25.9,84.3
20260718T133541Z,25.9,84.1
20260718T133556Z,25.8,83.2
20260718T133612Z,25.7,82.4
20260718T133626Z,25.6,82.0
20260718T133642Z,25.6,80.8
20260718T133656Z,25.5,79.8
20260718T133712Z,25.4,79.5
20260718T133726Z,25.3,79.2
20260718T133742Z,25.2,79.1
20260718T133756Z,25.2,77.5
20260718T133812Z,25.1,77.5
20260718T133826Z,25.1,77.0
20260718T133842Z,25.1,76.5
20260718T133856Z,25.1,76.2
20260718T133912Z,25.1,75.0
20260718T133927Z,25.1,74.1
20260718T133941Z,25.1,73.8
20260718T133956Z,25.1,73.1
20260718T134012Z,25.1,72.1
20260718T134026Z,25.1,71.3
20260718T134042Z,25.0,70.9
20260718T134056Z,25.0,70.4
20260718T134112Z,25.0,69.4
20260718T134127Z,25.0,69.2
20260718T134141Z,25.0,69.3
20260718T134157Z,25.0,70.9
20260718T134211Z,25.0,73.2
20260718T134226Z,25.0,74.5
20260718T134241Z,25.0,75.2
20260718T134256Z,25.0,75.4
20260718T134311Z,25.0,76.3
20260718T134327Z,24.9,76.7
20260718T134341Z,24.9,77.5
20260718T134357Z,24.9,78.1
20260718T134411Z,24.9,78.6
20260718T134427Z,25.0,78.9
20260718T134441Z,25.0,79.5
20260718T134457Z,25.0,80.1
20260718T134511Z,25.0,80.4
20260718T134526Z,25.0,80.9
20260718T134541Z,25.1,81.3
20260718T134557Z,25.1,81.8
20260718T134611Z,25.1,82.2
20260718T134627Z,25.1,82.6
20260718T134641Z,25.1,83.0
20260718T134657Z,25.2,83.4
20260718T134711Z,25.2,83.7
20260718T134727Z,25.2,84.0
20260718T134741Z,25.3,84.2
20260718T134757Z,25.3,84.4
20260718T134811Z,25.3,84.8
20260718T134827Z,25.3,85.0
20260718T134841Z,25.4,85.2
20260718T134857Z,25.4,85.5
20260718T134911Z,25.4,85.9
20260718T134927Z,25.5,86.0
20260718T134941Z,25.5,86.2
20260718T134957Z,25.5,86.5
20260718T135011Z,25.6,86.7
20260718T135027Z,25.6,86.8
20260718T135041Z,25.6,86.4
20260718T135057Z,25.6,84.8
20260718T135111Z,25.6,84.0
20260718T135127Z,25.6,83.7
20260718T135141Z,25.6,82.4
20260718T135156Z,25.5,82.2
20260718T135211Z,25.4,81.2
20260718T135226Z,25.4,80.5
20260718T135242Z,25.3,79.6
20260718T135256Z,25.3,79.3
20260718T135312Z,25.3,78.6
20260718T135326Z,25.2,77.0
20260718T135342Z,25.2,76.5
20260718T135356Z,25.1,76.3
20260718T135412Z,25.0,75.8
20260718T135426Z,25.0,75.7
20260718T135442Z,25.0,74.9
20260718T135456Z,25.0,73.9
20260718T135512Z,24.9,73.0
20260718T135526Z,24.9,72.2
20260718T135542Z,24.9,72.2
20260718T135556Z,24.9,71.4
20260718T135612Z,24.9,70.9
20260718T135626Z,24.8,69.9
20260718T135641Z,24.8,69.7
20260718T135657Z,24.8,68.8
20260718T135711Z,24.8,68.4
20260718T135727Z,24.8,68.9
20260718T135741Z,24.8,71.3
20260718T135757Z,24.8,72.9
20260718T135811Z,24.8,74.3
20260718T135826Z,24.8,74.5
20260718T135841Z,24.8,74.9
20260718T135857Z,24.8,75.7
20260718T135911Z,24.8,76.0
20260718T135927Z,24.8,76.8
20260718T135941Z,24.8,77.3
20260718T135957Z,24.8,77.9
20260718T140011Z,24.8,78.5
20260718T140028Z,24.9,79.1
20260718T140042Z,24.9,79.3
20260718T140056Z,24.9,79.9
20260718T140112Z,24.9,80.3
20260718T140127Z,25.0,80.8
20260718T140141Z,25.0,81.1
20260718T140156Z,25.0,81.3
20260718T140211Z,25.0,81.8
20260718T140227Z,25.0,82.2
20260718T140241Z,25.1,82.7
20260718T140257Z,25.1,82.9
20260718T140311Z,25.1,83.4
20260718T140327Z,25.2,83.4
20260718T140341Z,25.2,83.9
20260718T140356Z,25.2,84.1
20260718T140412Z,25.3,84.3
20260718T140427Z,25.3,84.7
20260718T140442Z,25.3,85.0
20260718T140457Z,25.3,85.1
20260718T140511Z,25.4,85.3
20260718T140527Z,25.4,85.6
20260718T140541Z,25.4,85.8
20260718T140557Z,25.5,85.9
20260718T140612Z,25.5,86.1
20260718T140626Z,25.5,86.3
20260718T140642Z,25.5,86.5
20260718T140656Z,25.6,86.7
20260718T140712Z,25.6,86.8
20260718T140726Z,25.6,86.3
20260718T140741Z,25.6,86.2
20260718T140757Z,25.6,84.3
20260718T140811Z,25.6,83.8
20260718T140827Z,25.6,82.9
20260718T140841Z,25.5,82.1
20260718T140857Z,25.5,81.3
20260718T140911Z,25.4,80.9
20260718T140927Z,25.4,79.8
20260718T140941Z,25.3,79.7
20260718T140957Z,25.3,79.2
20260718T141012Z,25.2,78.3
20260718T141026Z,25.2,78.8
20260718T141042Z,25.2,77.9
20260718T141056Z,25.1,76.8
20260718T141111Z,25.1,76.7
20260718T141127Z,25.0,77.1
20260718T141142Z,25.0,75.2
20260718T141157Z,25.0,75.1
20260718T141212Z,24.9,74.4
20260718T141227Z,24.9,73.8
20260718T141241Z,24.9,73.1
20260718T141257Z,24.8,72.4
20260718T141311Z,24.8,71.4
20260718T141326Z,24.8,71.5
20260718T141342Z,24.7,70.8
20260718T141357Z,24.7,70.3
20260718T141412Z,24.7,69.7
20260718T141426Z,24.8,68.9
20260718T141441Z,24.8,68.5
20260718T141456Z,24.8,69.7
20260718T141512Z,24.8,71.8
20260718T141526Z,24.8,73.7
20260718T141542Z,24.8,74.3
20260718T141556Z,24.8,74.7
20260718T141611Z,24.8,75.5
20260718T141628Z,24.8,75.9
20260718T141642Z,24.8,76.5
20260718T141657Z,24.8,77.1
20260718T141712Z,24.8,77.5
20260718T141728Z,24.8,77.6
20260718T141742Z,24.8,78.5
20260718T141757Z,24.8,79.0
20260718T141812Z,24.8,79.6
20260718T141828Z,24.9,80.1
20260718T141842Z,24.9,80.4
20260718T141857Z,24.9,80.9
20260718T141912Z,24.9,81.8
20260718T141928Z,25.0,82.1
20260718T141942Z,25.0,82.3
20260718T141957Z,25.0,82.5
20260718T142012Z,25.0,83.0
20260718T142027Z,25.1,83.3
20260718T142042Z,25.1,83.8
20260718T142057Z,25.1,84.1
20260718T142112Z,25.2,84.1
20260718T142127Z,25.2,84.4
20260718T142142Z,25.2,84.7
20260718T142157Z,25.3,85.0
20260718T142212Z,25.3,85.1
20260718T142227Z,25.3,85.4
20260718T142242Z,25.3,85.5
20260718T142257Z,25.4,85.8
20260718T142312Z,25.4,86.0
20260718T142327Z,25.4,86.2
20260718T142342Z,25.4,86.5
20260718T142357Z,25.5,86.7
20260718T142412Z,25.5,86.8
20260718T142427Z,25.5,87.0
20260718T142442Z,25.5,87.1
20260718T142457Z,25.6,87.4
20260718T142512Z,25.6,86.8
20260718T142527Z,25.6,86.7
20260718T142542Z,25.6,84.4
20260718T142557Z,25.6,84.1
20260718T142612Z,25.6,83.3
20260718T142627Z,25.5,82.7
20260718T142642Z,25.5,81.9
20260718T142657Z,25.4,81.6
20260718T142712Z,25.4,80.8
20260718T142727Z,25.3,79.9
20260718T142742Z,25.3,78.9
20260718T142757Z,25.2,78.0
20260718T142812Z,25.2,77.4
20260718T142827Z,25.1,77.3
20260718T142842Z,25.1,76.3
20260718T142857Z,25.0,75.3
20260718T142912Z,25.0,74.6
20260718T142927Z,24.9,74.3
20260718T142942Z,24.9,73.9
20260718T142957Z,24.8,73.1
20260718T143012Z,24.8,72.4
20260718T143027Z,24.8,71.8
20260718T143042Z,24.8,71.4
20260718T143057Z,24.8,70.7
20260718T143112Z,24.8,69.8
20260718T143127Z,24.8,69.2
20260718T143142Z,24.7,69.3
20260718T143157Z,24.7,71.5
20260718T143212Z,24.7,73.6
20260718T143227Z,24.7,74.6
20260718T143242Z,24.7,75.4
20260718T143257Z,24.7,76.0
20260718T143312Z,24.7,76.4
20260718T143327Z,24.7,76.9
20260718T143342Z,24.7,77.6
20260718T143357Z,24.7,78.0
20260718T143412Z,24.7,78.5
20260718T143427Z,24.7,79.0
20260718T143442Z,24.7,79.1
20260718T143457Z,24.8,79.9
20260718T143512Z,24.8,80.3
20260718T143527Z,24.8,80.9
20260718T143542Z,24.8,81.2
20260718T143557Z,24.9,81.7
20260718T143612Z,24.9,82.0
20260718T143627Z,24.9,82.6
20260718T143642Z,24.9,82.6
20260718T143657Z,25.0,83.0
20260718T143712Z,25.0,83.4
20260718T143727Z,25.0,83.7
20260718T143742Z,25.1,84.0
20260718T143757Z,25.1,84.1
20260718T143812Z,25.1,84.4
20260718T143827Z,25.1,84.7
20260718T143842Z,25.2,84.9
20260718T143857Z,25.2,85.2
20260718T143912Z,25.3,85.4
20260718T143927Z,25.3,85.5
20260718T143942Z,25.3,85.9
20260718T143957Z,25.3,86.1
20260718T144012Z,25.4,86.2
20260718T144027Z,25.4,86.5
20260718T144042Z,25.4,86.6
20260718T144057Z,25.4,86.7
20260718T144112Z,25.5,86.9
20260718T144127Z,25.5,87.1
20260718T144142Z,25.5,87.2
20260718T144157Z,25.5,87.4
20260718T144212Z,25.6,87.5
20260718T144228Z,25.6,87.0
20260718T144242Z,25.6,85.2
20260718T144257Z,25.6,84.5
20260718T144312Z,25.5,84.0
20260718T144327Z,25.5,83.0
20260718T144342Z,25.5,82.4
20260718T144357Z,25.4,81.9
20260718T144412Z,25.4,81.0
20260718T144427Z,25.3,79.9
20260718T144442Z,25.2,79.2
20260718T144457Z,25.2,78.1
20260718T144512Z,25.1,78.2
20260718T144527Z,25.1,76.9
20260718T144542Z,25.0,76.9
20260718T144557Z,25.0,76.3
20260718T144612Z,24.9,75.1
20260718T144627Z,24.8,74.8
20260718T144642Z,24.8,73.8
20260718T144657Z,24.8,74.1
20260718T144712Z,24.7,73.7
20260718T144727Z,24.7,72.7
20260718T144742Z,24.7,72.2
20260718T144757Z,24.7,71.6
20260718T144812Z,24.7,70.7
20260718T144827Z,24.7,70.5
20260718T144842Z,24.7,69.5
20260718T144857Z,24.7,70.2
20260718T144912Z,24.7,69.4
20260718T144927Z,24.6,69.0
20260718T144942Z,24.6,68.8
20260718T144957Z,24.6,70.1
20260718T145012Z,24.6,72.1
20260718T145027Z,24.6,74.2
20260718T145042Z,24.6,75.0
20260718T145057Z,24.6,74.9
20260718T145112Z,24.6,75.6
20260718T145127Z,24.6,76.2
20260718T145142Z,24.6,76.6
20260718T145157Z,24.6,77.2
20260718T145212Z,24.6,77.8
20260718T145227Z,24.6,78.2
20260718T145242Z,24.7,78.7
20260718T145257Z,24.7,79.3
20260718T145312Z,24.7,79.9
20260718T145327Z,24.7,80.2
20260718T145342Z,24.7,80.4
20260718T145357Z,24.8,81.1
20260718T145412Z,24.8,81.4
20260718T145427Z,24.8,81.6
20260718T145442Z,24.8,81.9
20260718T145457Z,24.9,82.5
20260718T145512Z,24.9,82.9
20260718T145527Z,24.9,83.2
20260718T145542Z,25.0,83.4
20260718T145557Z,25.0,83.8
20260718T145612Z,25.0,84.1
20260718T145627Z,25.0,84.2
20260718T145642Z,25.0,84.6
20260718T145657Z,25.0,84.8
20260718T145712Z,25.1,85.0
20260718T145727Z,25.1,85.5
20260718T145742Z,25.2,85.5
20260718T145757Z,25.2,85.7
20260718T145812Z,25.2,86.0
20260718T145827Z,25.3,86.1
20260718T145842Z,25.3,86.3
20260718T145857Z,25.3,86.7
20260718T145912Z,25.3,86.8
20260718T145927Z,25.4,87.0
20260718T145942Z,25.4,87.1
20260718T145957Z,25.4,87.3
20260718T150012Z,25.4,87.4
20260718T150027Z,25.4,87.6
20260718T150042Z,25.5,87.6
20260718T150057Z,25.5,87.8
20260718T150112Z,25.5,87.9
20260718T150127Z,25.6,88.0
20260718T150142Z,25.6,87.1
20260718T150157Z,25.6,86.9
20260718T150212Z,25.6,85.0
20260718T150227Z,25.5,84.7
20260718T150242Z,25.5,84.1
20260718T150257Z,25.5,83.4
20260718T150312Z,25.4,82.6
20260718T150327Z,25.4,81.5
20260718T150342Z,25.3,81.2
20260718T150357Z,25.3,80.1
20260718T150412Z,25.2,79.4
20260718T150427Z,25.1,78.4
20260718T150442Z,25.1,77.7
20260718T150457Z,25.0,77.2
20260718T150512Z,24.9,76.5
20260718T150527Z,24.8,76.1
20260718T150542Z,24.8,75.8
20260718T150557Z,24.8,75.3
20260718T150612Z,24.7,74.6
20260718T150627Z,24.7,73.8
20260718T150642Z,24.7,72.7
20260718T150657Z,24.7,71.8
20260718T150712Z,24.7,71.5
20260718T150727Z,24.6,71.1
20260718T150742Z,24.6,70.3
20260718T150757Z,24.6,70.8
20260718T150812Z,24.6,72.9
20260718T150828Z,24.6,74.6
20260718T150842Z,24.6,75.6
20260718T150857Z,24.6,76.2
20260718T150912Z,24.6,76.8
20260718T150927Z,24.6,77.0
20260718T150942Z,24.6,77.3
20260718T150957Z,24.6,78.2
20260718T151012Z,24.6,78.5
20260718T151027Z,24.6,79.1
20260718T151042Z,24.7,79.7
20260718T151057Z,24.7,80.2
20260718T151112Z,24.7,80.7
20260718T151127Z,24.7,80.9
20260718T151142Z,24.7,81.3
20260718T151157Z,24.8,81.8
20260718T151212Z,24.8,82.0
20260718T151227Z,24.8,82.3
20260718T151242Z,24.8,82.8
20260718T151257Z,24.9,83.0
20260718T151312Z,24.9,83.3
20260718T151327Z,24.9,83.7
20260718T151342Z,24.9,84.0
20260718T151357Z,25.0,84.1
20260718T151412Z,25.0,84.6
20260718T151427Z,25.0,84.9
20260718T151442Z,25.1,85.0
20260718T151457Z,25.1,85.3
20260718T151512Z,25.1,85.6
20260718T151527Z,25.1,85.8
20260718T151542Z,25.2,85.8
20260718T151557Z,25.2,86.2
20260718T151612Z,25.2,86.2
20260718T151627Z,25.3,86.5
20260718T151642Z,25.3,86.6
20260718T151657Z,25.3,86.7
20260718T151712Z,25.3,87.0
20260718T151727Z,25.4,86.9
20260718T151742Z,25.4,87.3
20260718T151757Z,25.4,87.4
20260718T151812Z,25.5,87.4
20260718T151827Z,25.5,87.7
20260718T151842Z,25.5,87.8
20260718T151857Z,25.5,87.8
20260718T151912Z,25.6,87.9
20260718T151927Z,25.6,87.4
20260718T151942Z,25.6,86.2
20260718T151957Z,25.6,84.8
20260718T152012Z,25.5,84.3
20260718T152027Z,25.5,84.0
20260718T152042Z,25.5,82.9
20260718T152057Z,25.4,81.9
20260718T152112Z,25.3,81.4
20260718T152127Z,25.3,80.6
20260718T152142Z,25.2,80.0
20260718T152157Z,25.2,78.9
20260718T152212Z,25.1,79.0
20260718T152227Z,25.0,77.5
20260718T152242Z,25.0,77.1
20260718T152257Z,24.9,76.4
20260718T152312Z,24.8,75.3
20260718T152327Z,24.8,75.3
20260718T152342Z,24.8,75.1
20260718T152357Z,24.7,73.4
20260718T152412Z,24.7,73.1
20260718T152427Z,24.7,72.6
20260718T152442Z,24.7,72.1
20260718T152457Z,24.6,71.8
20260718T152512Z,24.6,71.2
20260718T152527Z,24.7,71.5
20260718T152542Z,24.7,73.1
20260718T152557Z,24.7,74.9
20260718T152612Z,24.7,75.9
20260718T152627Z,24.7,76.4
20260718T152642Z,24.7,77.2
20260718T152657Z,24.7,77.5
20260718T152712Z,24.7,77.9
20260718T152727Z,24.7,78.3
20260718T152742Z,24.7,78.9
20260718T152757Z,24.7,79.3
20260718T152812Z,24.7,79.7
20260718T152827Z,24.7,80.3
20260718T152842Z,24.7,80.8
20260718T152857Z,24.7,81.3
20260718T152912Z,24.8,81.6
20260718T152927Z,24.8,81.9
20260718T152942Z,24.8,82.6
20260718T152957Z,24.8,82.8
20260718T153012Z,24.9,83.0
20260718T153027Z,24.9,83.5
20260718T153042Z,24.9,83.8
20260718T153057Z,24.9,84.0
20260718T153112Z,25.0,84.3
20260718T153127Z,25.0,84.5
20260718T153142Z,25.0,84.9
20260718T153157Z,25.0,85.1
20260718T153212Z,25.0,85.4
20260718T153227Z,25.1,85.6
20260718T153242Z,25.1,85.7
20260718T153257Z,25.1,85.9
20260718T153312Z,25.2,86.1
20260718T153327Z,25.2,86.3
20260718T153342Z,25.2,86.6
20260718T153357Z,25.2,86.8
20260718T153412Z,25.3,87.0
20260718T153427Z,25.3,87.0
20260718T153442Z,25.3,87.1
20260718T153457Z,25.4,87.4
20260718T153512Z,25.4,87.4
20260718T153527Z,25.4,87.6
20260718T153542Z,25.4,87.8
20260718T153557Z,25.4,87.9
20260718T153612Z,25.5,87.9
20260718T153627Z,25.5,88.1
20260718T153642Z,25.5,88.2
20260718T153657Z,25.6,88.3
20260718T153712Z,25.6,87.5
20260718T153727Z,25.6,86.8
20260718T153742Z,25.6,85.5
20260718T153757Z,25.5,84.6
20260718T153812Z,25.5,84.3
20260718T153827Z,25.5,83.4
20260718T153842Z,25.4,82.4
20260718T153857Z,25.4,81.5
20260718T153912Z,25.3,81.2
20260718T153927Z,25.2,80.7
20260718T153942Z,25.1,79.6
20260718T153957Z,25.1,78.7
20260718T154012Z,25.0,78.3
20260718T154027Z,24.9,77.5
20260718T154042Z,24.8,77.1
20260718T154057Z,24.8,76.6
20260718T154112Z,24.8,75.9
20260718T154127Z,24.7,74.8
20260718T154142Z,24.7,74.5
20260718T154157Z,24.6,74.1
20260718T154212Z,24.6,73.6
20260718T154227Z,24.6,72.5
20260718T154242Z,24.6,72.0
20260718T154257Z,24.6,71.1
20260718T154312Z,24.6,70.8
20260718T154328Z,24.6,72.4
20260718T154342Z,24.6,74.3
20260718T154357Z,24.6,75.6
20260718T154412Z,24.5,76.6
20260718T154427Z,24.5,77.0
20260718T154442Z,24.5,77.5
20260718T154457Z,24.5,77.5
20260718T154512Z,24.5,78.4
20260718T154527Z,24.5,79.0
20260718T154542Z,24.5,79.2
20260718T154557Z,24.6,79.7
20260718T154612Z,24.6,80.4
20260718T154627Z,24.6,80.8
20260718T154642Z,24.6,81.4
20260718T154657Z,24.6,81.3
20260718T154712Z,24.7,82.0
20260718T154727Z,24.7,82.4
20260718T154742Z,24.7,82.7
20260718T154757Z,24.8,83.0
20260718T154812Z,24.8,83.4
20260718T154827Z,24.8,83.7
20260718T154842Z,24.8,84.1
20260718T154857Z,24.9,84.2
20260718T154912Z,24.9,84.5
20260718T154927Z,24.9,84.8
20260718T154942Z,24.9,85.0
20260718T154957Z,25.0,85.2
20260718T155012Z,25.0,85.5
20260718T155027Z,25.0,85.7
20260718T155042Z,25.1,85.9
20260718T155057Z,25.1,86.2
20260718T155112Z,25.1,86.3
20260718T155127Z,25.2,86.5
20260718T155142Z,25.2,86.8
20260718T155157Z,25.2,86.8
20260718T155212Z,25.2,87.0
20260718T155227Z,25.3,87.1
20260718T155242Z,25.3,87.4
20260718T155257Z,25.3,87.4
20260718T155312Z,25.3,87.7
20260718T155327Z,25.4,87.7
20260718T155342Z,25.4,87.7
20260718T155357Z,25.4,87.9
20260718T155412Z,25.4,88.0
20260718T155427Z,25.5,88.1
20260718T155442Z,25.5,88.3
20260718T155457Z,25.5,88.3
20260718T155512Z,25.5,88.5
20260718T155527Z,25.6,87.8
20260718T155542Z,25.6,86.3
20260718T155557Z,25.5,85.4
20260718T155612Z,25.5,85.1
20260718T155627Z,25.5,84.2
20260718T155642Z,25.4,83.5
20260718T155657Z,25.4,82.9
20260718T155712Z,25.3,81.8
20260718T155727Z,25.2,81.1
20260718T155742Z,25.2,80.8
20260718T155757Z,25.1,79.7
20260718T155812Z,25.1,79.0
20260718T155827Z,25.0,78.5
20260718T155842Z,25.0,77.7
20260718T155857Z,24.9,77.0
20260718T155912Z,24.8,75.9
20260718T155927Z,24.8,75.7
20260718T155942Z,24.7,74.9
20260718T155957Z,24.7,74.4
20260718T160012Z,24.6,73.7
20260718T160027Z,24.6,73.2
20260718T160042Z,24.6,72.3
20260718T160057Z,24.6,72.0
20260718T160112Z,24.5,71.1
20260718T160127Z,24.5,70.6
20260718T160142Z,24.5,72.2
20260718T160157Z,24.5,73.9
20260718T160212Z,24.5,75.5
20260718T160227Z,24.5,76.2
20260718T160242Z,24.5,76.9
20260718T160257Z,24.5,77.3
20260718T160312Z,24.5,77.8
20260718T160327Z,24.5,78.4
20260718T160342Z,24.5,78.7
20260718T160357Z,24.6,79.0
20260718T160412Z,24.6,79.7
20260718T160427Z,24.6,80.1
20260718T160442Z,24.6,80.3
20260718T160457Z,24.6,80.9
20260718T160512Z,24.6,81.3
20260718T160527Z,24.7,81.6
20260718T160542Z,24.7,82.1
20260718T160557Z,24.7,82.1
20260718T160612Z,24.8,82.7
20260718T160627Z,24.8,83.1
20260718T160642Z,24.8,83.2
20260718T160657Z,24.9,83.7
20260718T160712Z,24.9,84.0
20260718T160727Z,24.9,84.3
20260718T160742Z,24.9,84.3
20260718T160757Z,25.0,84.9
20260718T160812Z,25.0,85.1
20260718T160827Z,25.0,85.3
20260718T160842Z,25.0,85.4
20260718T160857Z,25.1,85.8
20260718T160912Z,25.1,85.8
20260718T160927Z,25.1,86.1
20260718T160942Z,25.1,86.2
20260718T160957Z,25.2,86.5
20260718T161012Z,25.2,86.6
20260718T161027Z,25.2,86.7
20260718T161042Z,25.2,87.0
20260718T161057Z,25.3,87.1
20260718T161112Z,25.3,87.2
20260718T161127Z,25.3,87.5
20260718T161142Z,25.3,87.7
20260718T161157Z,25.4,87.7
20260718T161212Z,25.4,87.8
20260718T161227Z,25.4,88.0
20260718T161242Z,25.4,88.0
20260718T161257Z,25.5,88.0
20260718T161312Z,25.5,88.3
20260718T161327Z,25.5,88.3
20260718T161342Z,25.5,87.7
20260718T161357Z,25.6,87.4
20260718T161412Z,25.5,86.0
20260718T161427Z,25.5,85.4
20260718T161442Z,25.5,84.1
20260718T161457Z,25.4,83.7
20260718T161512Z,25.4,82.6
20260718T161527Z,25.3,81.9
20260718T161542Z,25.2,81.3
20260718T161557Z,25.2,80.5
20260718T161612Z,25.1,80.2
20260718T161627Z,25.0,78.9
20260718T161642Z,25.0,78.6
20260718T161657Z,24.9,78.5
20260718T161712Z,24.8,77.4
20260718T161727Z,24.8,77.0
20260718T161742Z,24.8,75.9
20260718T161757Z,24.7,75.4
20260718T161812Z,24.7,74.5
20260718T161827Z,24.6,73.8
20260718T161842Z,24.6,73.6
20260718T161857Z,24.5,72.8
20260718T161912Z,24.5,72.8
20260718T161927Z,24.5,71.4
20260718T161942Z,24.4,70.9
20260718T161957Z,24.4,72.0
20260718T162012Z,24.4,73.7
20260718T162027Z,24.4,75.3
20260718T162042Z,24.4,76.6
20260718T162057Z,24.4,77.0
20260718T162112Z,24.4,77.4
20260718T162127Z,24.4,78.1
20260718T162142Z,24.4,78.6
20260718T162157Z,24.5,78.9
20260718T162212Z,24.5,79.3
20260718T162227Z,24.5,79.9
20260718T162242Z,24.5,80.3
20260718T162257Z,24.6,80.7
20260718T162312Z,24.6,81.1
20260718T162327Z,24.6,81.6
20260718T162342Z,24.6,81.8
20260718T162357Z,24.6,82.2
20260718T162412Z,24.7,82.5
20260718T162427Z,24.7,82.9
20260718T162442Z,24.7,83.3
20260718T162457Z,24.8,83.6
20260718T162512Z,24.8,83.9
20260718T162527Z,24.8,84.2
20260718T162542Z,24.9,84.4
20260718T162557Z,24.9,84.6
20260718T162612Z,24.9,84.9
20260718T162627Z,24.9,85.3
20260718T162642Z,25.0,85.6
20260718T162657Z,25.0,85.5
20260718T162712Z,25.0,85.7
20260718T162727Z,25.1,86.0
20260718T162742Z,25.1,86.2
20260718T162757Z,25.1,86.3
20260718T162812Z,25.1,86.6
20260718T162827Z,25.2,86.7
20260718T162842Z,25.2,86.9
20260718T162857Z,25.2,87.1
20260718T162912Z,25.2,87.3
20260718T162927Z,25.3,87.3
20260718T162942Z,25.3,87.4
20260718T162957Z,25.3,87.6
20260718T163012Z,25.4,87.7
20260718T163027Z,25.4,87.9
20260718T163042Z,25.4,88.0
20260718T163057Z,25.4,88.1
20260718T163112Z,25.5,88.2
20260718T163127Z,25.5,88.2
20260718T163142Z,25.5,88.4
20260718T163157Z,25.5,88.6
20260718T163212Z,25.5,87.9
20260718T163227Z,25.5,86.7
20260718T163242Z,25.5,85.7
20260718T163257Z,25.5,85.2
20260718T163312Z,25.4,84.2
20260718T163327Z,25.4,83.8
20260718T163342Z,25.4,82.4
20260718T163357Z,25.3,82.0
20260718T163412Z,25.2,81.3
20260718T163427Z,25.2,80.9
20260718T163442Z,25.1,79.8
20260718T163457Z,25.0,78.8
20260718T163512Z,25.0,78.2
20260718T163527Z,24.9,77.8
20260718T163542Z,24.8,77.2
20260718T163557Z,24.8,76.3
20260718T163612Z,24.7,75.8
20260718T163627Z,24.7,74.8
20260718T163642Z,24.6,74.3
20260718T163657Z,24.6,73.7
20260718T163712Z,24.6,72.8
20260718T163727Z,24.5,72.3
20260718T163742Z,24.5,71.8
20260718T163757Z,24.5,71.5
20260718T163812Z,24.4,72.0
20260718T163827Z,24.4,73.7
20260718T163842Z,24.4,75.6
20260718T163857Z,24.4,76.5
20260718T163912Z,24.4,77.0
20260718T163927Z,24.4,77.4
20260718T163942Z,24.4,77.7
20260718T163957Z,24.5,78.3
20260718T164012Z,24.5,78.7
20260718T164027Z,24.5,79.1
20260718T164042Z,24.5,79.7
20260718T164057Z,24.6,80.1
20260718T164112Z,24.6,80.3
20260718T164127Z,24.6,80.6
20260718T164142Z,24.6,81.4
20260718T164157Z,24.7,81.7
20260718T164212Z,24.7,82.1
20260718T164227Z,24.7,82.6
20260718T164242Z,24.7,82.9
20260718T164257Z,24.8,82.9
20260718T164312Z,24.8,83.5
20260718T164327Z,24.8,83.9
20260718T164342Z,24.8,83.9
20260718T164357Z,24.9,84.4
20260718T164412Z,24.9,84.8
20260718T164427Z,24.9,84.8
20260718T164442Z,25.0,85.3
20260718T164457Z,25.0,85.4
20260718T164512Z,25.0,85.5
20260718T164527Z,25.0,85.9
20260718T164542Z,25.1,86.1
20260718T164557Z,25.1,86.2
20260718T164612Z,25.1,86.4
20260718T164627Z,25.1,86.6
20260718T164642Z,25.2,86.8
20260718T164657Z,25.2,87.0
20260718T164712Z,25.2,87.1
20260718T164727Z,25.3,87.3
20260718T164742Z,25.3,87.5
20260718T164757Z,25.3,87.5
20260718T164812Z,25.3,87.7
20260718T164827Z,25.4,87.7
20260718T164842Z,25.4,87.8
20260718T164857Z,25.4,87.9
20260718T164912Z,25.5,88.1
20260718T164927Z,25.5,88.2
20260718T164942Z,25.5,88.4
20260718T164957Z,25.5,88.5
20260718T165012Z,25.5,88.6
20260718T165027Z,25.5,88.5
20260718T165042Z,25.6,88.6
20260718T165057Z,25.6,88.8
20260718T165112Z,25.6,88.9
20260718T165127Z,25.7,89.0
20260718T165142Z,25.7,89.1
20260718T165157Z,25.7,89.2
20260718T165212Z,25.7,89.1
20260718T165227Z,25.7,89.2
20260718T165242Z,25.8,89.3
20260718T165257Z,25.8,89.4
20260718T165312Z,25.8,89.5
20260718T165327Z,25.8,89.5
20260718T165342Z,25.8,89.5
20260718T165357Z,25.8,89.6
20260718T165412Z,25.9,89.6
20260718T165427Z,25.9,89.7
20260718T165442Z,25.9,89.6
20260718T165457Z,25.9,89.8
20260718T165512Z,25.9,89.7
20260718T165527Z,25.9,89.8
20260718T165542Z,26.0,89.9
20260718T165557Z,26.0,89.8
20260718T165612Z,26.0,89.9
20260718T165627Z,26.0,89.9
20260718T165642Z,26.0,90.0
20260718T165657Z,26.1,90.0
20260718T165712Z,26.1,89.9
20260718T165727Z,26.1,90.0
20260718T165742Z,26.1,90.0
20260718T165757Z,26.2,90.0
20260718T165812Z,26.2,90.0
20260718T165827Z,26.2,90.1
20260718T165842Z,26.2,90.1
20260718T165857Z,26.2,90.1
20260718T165912Z,26.2,90.1
20260718T165927Z,26.2,90.2
20260718T165942Z,26.3,90.1
20260718T165957Z,26.3,90.2
20260718T170012Z,26.3,90.2
20260718T170027Z,26.3,90.1
20260718T170042Z,26.3,90.1
20260718T170057Z,26.4,90.1
20260718T170112Z,26.4,90.1
20260718T170127Z,26.4,90.1
20260718T170142Z,26.4,90.1
20260718T170157Z,26.4,90.2
20260718T170212Z,26.4,90.2
20260718T170227Z,26.4,90.1
20260718T170242Z,26.5,90.1
20260718T170257Z,26.5,90.1
20260718T170312Z,26.5,90.0
20260718T170327Z,26.5,90.1
20260718T170342Z,26.5,90.1
20260718T170357Z,26.5,90.1
20260718T170412Z,26.5,90.1
20260718T170427Z,26.5,90.0
20260718T170442Z,26.6,90.1
20260718T170457Z,26.6,90.0
20260718T170512Z,26.6,90.0
20260718T170527Z,26.6,90.0
20260718T170542Z,26.6,90.0
20260718T170557Z,26.6,90.0
20260718T170612Z,26.6,90.0
20260718T170627Z,26.6,89.4
20260718T170642Z,26.6,88.3
20260718T170657Z,26.6,87.3
20260718T170713Z,26.5,86.8
20260718T170727Z,26.5,85.8
20260718T170743Z,26.4,85.1
20260718T170757Z,26.3,84.7
20260718T170813Z,26.2,84.1
20260718T170827Z,26.1,83.4
20260718T170842Z,26.0,83.0
20260718T170857Z,25.9,82.4
20260718T170912Z,25.8,81.3
20260718T170927Z,25.7,81.0
20260718T170942Z,25.6,80.3
20260718T170957Z,25.5,79.2
20260718T171012Z,25.4,79.0
20260718T171027Z,25.3,78.5
20260718T171042Z,25.2,77.5
20260718T171057Z,25.1,77.2
20260718T171112Z,25.0,76.5
20260718T171127Z,25.0,78.0
20260718T171142Z,24.9,79.4
20260718T171158Z,24.9,80.8
20260718T171212Z,24.9,81.7
20260718T171228Z,24.9,82.3
20260718T171242Z,24.9,82.5
20260718T171258Z,24.9,83.0
20260718T171312Z,24.9,83.7
20260718T171328Z,24.9,83.7
20260718T171342Z,25.0,84.0
20260718T171358Z,25.0,84.6
20260718T171412Z,25.0,85.0
20260718T171428Z,25.1,85.0
20260718T171442Z,25.1,85.4
20260718T171457Z,25.1,85.8
20260718T171512Z,25.1,86.0
20260718T171527Z,25.2,86.4
20260718T171542Z,25.2,86.6
20260718T171557Z,25.2,86.7
20260718T171612Z,25.3,87.0
20260718T171627Z,25.3,87.3
20260718T171643Z,25.3,87.6
20260718T171657Z,25.4,87.8
20260718T171713Z,25.4,87.9
20260718T171727Z,25.4,88.0
20260718T171743Z,25.4,88.4
20260718T171757Z,25.5,88.5
20260718T171813Z,25.5,88.7
20260718T171827Z,25.5,89.0
20260718T171843Z,25.5,89.0
20260718T171857Z,25.6,89.1
20260718T171913Z,25.6,89.3
20260718T171927Z,25.6,89.5
20260718T171943Z,25.6,89.6
20260718T171958Z,25.6,89.6
20260718T172012Z,25.7,89.8
20260718T172028Z,25.7,89.8
20260718T172042Z,25.7,89.9
20260718T172057Z,25.8,90.0
20260718T172113Z,25.8,90.0
20260718T172127Z,25.8,90.1
20260718T172143Z,25.8,90.2
20260718T172157Z,25.9,90.2
20260718T172213Z,25.9,90.3
20260718T172228Z,25.9,90.3
20260718T172243Z,25.9,90.4
20260718T172258Z,26.0,90.4
20260718T172313Z,26.0,90.4
20260718T172328Z,26.0,90.5
20260718T172342Z,26.1,90.5
20260718T172358Z,26.1,90.5
20260718T172412Z,26.1,90.4
20260718T172428Z,26.1,90.5
20260718T172442Z,26.1,90.6
20260718T172457Z,26.2,90.5
20260718T172513Z,26.2,90.5
20260718T172527Z,26.2,90.5
20260718T172542Z,26.2,90.5
20260718T172557Z,26.3,90.5
20260718T172613Z,26.3,90.5
20260718T172627Z,26.3,90.4
20260718T172643Z,26.3,90.5
20260718T172657Z,26.3,90.4
20260718T172713Z,26.4,90.4
20260718T172728Z,26.4,90.4
20260718T172742Z,26.4,90.2
20260718T172758Z,26.4,90.4
20260718T172812Z,26.4,90.3
20260718T172827Z,26.5,90.3
20260718T172843Z,26.5,90.3
20260718T172857Z,26.5,90.3
20260718T172913Z,26.5,90.2
20260718T172927Z,26.5,90.2
20260718T172943Z,26.5,90.3
20260718T172957Z,26.6,90.3
20260718T173013Z,26.6,90.1
20260718T173027Z,26.6,90.2
20260718T173043Z,26.6,90.2
20260718T173058Z,26.6,90.1
20260718T173112Z,26.7,89.5
20260718T173129Z,26.6,89.3
20260718T173143Z,26.6,87.5
20260718T173158Z,26.5,87.4
20260718T173213Z,26.5,86.1
20260718T173228Z,26.4,85.8
20260718T173242Z,26.3,84.8
20260718T173258Z,26.2,84.6
20260718T173312Z,26.1,83.5
20260718T173327Z,26.0,82.8
20260718T173343Z,25.9,82.5
20260718T173357Z,25.9,82.3
20260718T173413Z,25.7,81.4
20260718T173427Z,25.7,80.7
20260718T173443Z,25.6,79.7
20260718T173457Z,25.5,79.6
20260718T173513Z,25.4,78.8
20260718T173528Z,25.3,78.8
20260718T173542Z,25.2,78.0
20260718T173557Z,25.1,77.6
20260718T173613Z,25.1,76.8
20260718T173627Z,25.0,77.8
20260718T173643Z,25.0,79.5
20260718T173657Z,25.0,81.0
20260718T173713Z,25.0,81.7
20260718T173727Z,25.0,82.3
20260718T173743Z,25.0,82.4
20260718T173757Z,25.0,83.0
20260718T173812Z,25.0,83.3
20260718T173828Z,25.0,83.5
20260718T173842Z,25.0,84.2
20260718T173858Z,25.1,84.4
20260718T173912Z,25.1,84.8
20260718T173928Z,25.1,85.0
20260718T173942Z,25.2,85.7
20260718T173958Z,25.2,85.7
20260718T174012Z,25.2,86.1
20260718T174027Z,25.2,86.3
20260718T174043Z,25.3,86.6
20260718T174057Z,25.3,87.0
20260718T174112Z,25.3,87.2
20260718T174128Z,25.3,87.4
20260718T174143Z,25.4,87.6
20260718T174158Z,25.4,87.7
20260718T174212Z,25.4,88.1
20260718T174228Z,25.5,88.3
20260718T174242Z,25.5,88.5
20260718T174258Z,25.5,88.6
20260718T174312Z,25.5,88.6
20260718T174328Z,25.6,89.0
20260718T174342Z,25.6,89.0
20260718T174358Z,25.6,89.0
20260718T174412Z,25.7,89.4
20260718T174428Z,25.7,89.5
20260718T174443Z,25.7,89.6
20260718T174458Z,25.7,89.6
20260718T174512Z,25.8,89.8
20260718T174528Z,25.8,90.0
20260718T174542Z,25.8,90.0
20260718T174558Z,25.8,90.1
20260718T174612Z,25.9,90.1
20260718T174628Z,25.9,90.2
20260718T174642Z,25.9,90.3
20260718T174658Z,25.9,90.4
20260718T174712Z,26.0,90.5
20260718T174728Z,26.0,90.5
20260718T174742Z,26.0,90.5
20260718T174758Z,26.0,90.6
20260718T174813Z,26.1,90.6
20260718T174827Z,26.1,90.6
20260718T174843Z,26.1,90.6
20260718T174857Z,26.1,90.6
20260718T174913Z,26.1,90.6
20260718T174927Z,26.2,90.6
20260718T174943Z,26.2,90.6
20260718T174957Z,26.2,90.6
20260718T175013Z,26.3,90.5
20260718T175027Z,26.3,90.7
20260718T175043Z,26.3,90.5
20260718T175058Z,26.3,90.6
20260718T175112Z,26.3,90.6
20260718T175128Z,26.4,90.6
20260718T175142Z,26.4,90.5
20260718T175158Z,26.4,90.5
20260718T175212Z,26.4,90.5
20260718T175228Z,26.5,90.4
20260718T175242Z,26.5,90.4
20260718T175258Z,26.5,90.4
20260718T175312Z,26.5,90.4
20260718T175327Z,26.5,90.3
20260718T175343Z,26.6,90.3
20260718T175357Z,26.6,90.3
20260718T175412Z,26.6,90.2
20260718T175428Z,26.6,90.2
20260718T175443Z,26.6,90.2
20260718T175458Z,26.6,90.1
20260718T175512Z,26.7,89.9
20260718T175528Z,26.6,88.1
20260718T175542Z,26.6,87.6
20260718T175558Z,26.5,86.7
20260718T175612Z,26.5,86.1
20260718T175629Z,26.4,85.1
20260718T175643Z,26.3,84.8
20260718T175658Z,26.2,83.9
20260718T175712Z,26.1,83.3
20260718T175728Z,26.0,82.6
20260718T175743Z,25.9,82.1
20260718T175757Z,25.8,82.3
20260718T175813Z,25.7,82.2
20260718T175828Z,25.7,81.6
20260718T175842Z,25.6,80.3
20260718T175858Z,25.5,79.2
20260718T175912Z,25.5,78.8
20260718T175928Z,25.4,78.2
20260718T175942Z,25.3,77.5
20260718T175958Z,25.3,77.9
20260718T180012Z,25.2,78.1
20260718T180027Z,25.2,79.5
20260718T180043Z,25.2,80.2
20260718T180058Z,25.2,81.7
20260718T180112Z,25.2,82.1
20260718T180128Z,25.2,82.4
20260718T180142Z,25.2,82.8
20260718T180157Z,25.2,83.3
20260718T180213Z,25.2,83.7
20260718T180227Z,25.2,84.1
20260718T180243Z,25.2,84.5
20260718T180257Z,25.2,84.8
20260718T180312Z,25.2,85.2
20260718T180328Z,25.2,85.5
20260718T180343Z,25.2,85.6
20260718T180357Z,25.3,86.0
20260718T180413Z,25.3,86.4
20260718T180427Z,25.3,86.6
20260718T180443Z,25.3,87.0
20260718T180457Z,25.4,87.3
20260718T180513Z,25.4,87.5
20260718T180527Z,25.4,87.7
20260718T180543Z,25.4,87.9
20260718T180557Z,25.4,88.1
20260718T180613Z,25.5,88.4
20260718T180627Z,25.5,88.7
20260718T180643Z,25.5,88.8
20260718T180657Z,25.5,89.0
20260718T180712Z,25.5,89.2
20260718T180727Z,25.5,89.3
20260718T180742Z,25.6,89.4
20260718T180758Z,25.6,89.6
20260718T180812Z,25.6,89.9
20260718T180828Z,25.6,90.1
20260718T180842Z,25.6,90.0
20260718T180858Z,25.7,90.2
20260718T180912Z,25.7,90.2
20260718T180928Z,25.7,90.3
20260718T180943Z,25.7,90.5
20260718T180958Z,25.7,90.6
20260718T181013Z,25.8,90.6
20260718T181028Z,25.8,90.8
20260718T181043Z,25.8,90.8
20260718T181058Z,25.8,90.9
20260718T181113Z,25.8,91.0
20260718T181127Z,25.8,91.1
20260718T181143Z,25.9,91.0
20260718T181157Z,25.9,91.1
20260718T181213Z,25.9,91.1
20260718T181227Z,25.9,91.2
20260718T181243Z,26.0,91.2
20260718T181257Z,26.0,91.2
20260718T181313Z,26.0,91.3
20260718T181328Z,26.0,91.2
20260718T181343Z,26.0,91.2
20260718T181358Z,26.0,91.2
20260718T181413Z,26.1,91.3
20260718T181428Z,26.1,91.2
20260718T181443Z,26.1,91.2
20260718T181458Z,26.1,91.2
20260718T181513Z,26.1,91.2
20260718T181528Z,26.2,91.2
20260718T181543Z,26.2,91.2
20260718T181558Z,26.2,91.2
20260718T181613Z,26.2,91.2
20260718T181628Z,26.2,91.2
20260718T181643Z,26.3,91.1
20260718T181658Z,26.3,91.0
20260718T181713Z,26.3,91.1
20260718T181728Z,26.3,91.0
20260718T181743Z,26.3,91.0
20260718T181758Z,26.3,91.0
20260718T181813Z,26.4,90.9
20260718T181828Z,26.4,90.9
20260718T181843Z,26.4,91.0
20260718T181858Z,26.4,90.9
20260718T181913Z,26.4,91.1
20260718T181928Z,26.4,91.1
20260718T181943Z,26.5,91.0
20260718T181958Z,26.5,90.7
20260718T182013Z,26.5,88.7
20260718T182028Z,26.4,88.8
20260718T182043Z,26.4,88.3
20260718T182058Z,26.4,87.3
20260718T182113Z,26.3,85.7
20260718T182128Z,26.2,84.5
20260718T182143Z,26.1,83.8
20260718T182158Z,26.0,83.6
20260718T182213Z,25.8,82.6
20260718T182228Z,25.7,82.7
20260718T182243Z,25.6,82.1
20260718T182258Z,25.5,81.9
20260718T182313Z,25.5,81.7
20260718T182328Z,25.4,80.5
20260718T182343Z,25.3,79.8
20260718T182358Z,25.2,79.1
20260718T182413Z,25.1,78.8
20260718T182428Z,25.1,78.6
20260718T182443Z,25.1,78.4
20260718T182458Z,25.1,78.0
20260718T182513Z,25.1,76.9
20260718T182528Z,25.0,76.4
20260718T182543Z,25.0,76.2
20260718T182558Z,25.0,75.2
20260718T182613Z,25.0,73.3
20260718T182628Z,25.0,73.0
20260718T182643Z,25.0,72.5
20260718T182658Z,25.0,74.4
20260718T182713Z,24.9,76.4
20260718T182728Z,24.9,77.7
20260718T182743Z,24.9,78.5
20260718T182758Z,24.8,79.1
20260718T182813Z,24.8,79.6
20260718T182828Z,24.8,79.8
20260718T182843Z,24.8,80.3
20260718T182858Z,24.8,80.5
20260718T182913Z,24.8,80.9
20260718T182928Z,24.8,81.4
20260718T182943Z,24.9,81.7
20260718T182958Z,24.9,82.1
20260718T183013Z,24.9,82.7
20260718T183028Z,25.0,82.9
20260718T183043Z,25.0,83.3
20260718T183058Z,25.0,83.5
20260718T183113Z,25.0,83.9
20260718T183129Z,25.1,84.1
20260718T183143Z,25.1,84.6
20260718T183158Z,25.1,84.8
20260718T183213Z,25.1,85.3
20260718T183229Z,25.1,85.5
20260718T183243Z,25.2,85.7
20260718T183258Z,25.2,86.0
20260718T183313Z,25.2,86.4
20260718T183328Z,25.2,86.7
20260718T183343Z,25.3,86.9
20260718T183358Z,25.3,87.2
20260718T183413Z,25.3,87.4
20260718T183428Z,25.3,87.5
20260718T183443Z,25.4,87.8
20260718T183458Z,25.4,88.1
20260718T183513Z,25.4,88.2
20260718T183528Z,25.4,88.5
20260718T183543Z,25.4,88.6
20260718T183558Z,25.5,88.7
20260718T183613Z,25.5,88.7
20260718T183628Z,25.5,89.1
20260718T183643Z,25.5,89.2
20260718T183658Z,25.6,89.3
20260718T183713Z,25.6,89.4
20260718T183728Z,25.6,89.5
20260718T183743Z,25.6,89.7
20260718T183758Z,25.6,89.1
20260718T183813Z,25.6,88.1
20260718T183828Z,25.6,87.2
20260718T183843Z,25.6,86.5
20260718T183858Z,25.6,85.2
20260718T183913Z,25.5,84.0
20260718T183928Z,25.4,83.2
20260718T183943Z,25.3,82.9
20260718T183958Z,25.2,82.3
20260718T184013Z,25.2,81.5
20260718T184028Z,25.1,81.0
20260718T184043Z,25.0,80.3
20260718T184058Z,24.9,79.7
20260718T184113Z,24.9,79.4
20260718T184128Z,24.8,78.6
20260718T184143Z,24.8,77.3
20260718T184158Z,24.8,77.0
20260718T184213Z,24.8,76.5
20260718T184228Z,24.7,75.1
20260718T184243Z,24.7,74.6
20260718T184258Z,24.7,75.5
20260718T184313Z,24.7,77.0
20260718T184329Z,24.7,78.8
20260718T184343Z,24.7,80.0
20260718T184358Z,24.7,80.4
20260718T184413Z,24.7,80.8
20260718T184428Z,24.7,81.1
20260718T184443Z,24.7,81.3
20260718T184458Z,24.7,81.9
20260718T184513Z,24.7,81.8
20260718T184528Z,24.7,82.4
20260718T184543Z,24.7,82.8
20260718T184558Z,24.7,83.2
20260718T184613Z,24.7,83.6
20260718T184628Z,24.8,83.8
20260718T184643Z,24.8,84.2
20260718T184658Z,24.8,84.4
20260718T184713Z,24.9,84.6
20260718T184728Z,24.9,85.2
20260718T184743Z,24.9,85.5
20260718T184758Z,25.0,85.6
20260718T184813Z,25.0,85.8
20260718T184828Z,25.0,86.1
20260718T184843Z,25.1,86.4
20260718T184858Z,25.1,86.4
20260718T184913Z,25.1,86.9
20260718T184928Z,25.1,87.2
20260718T184943Z,25.2,87.2
20260718T184958Z,25.2,87.4
20260718T185013Z,25.2,87.5
20260718T185028Z,25.3,87.7
20260718T185043Z,25.3,88.1
20260718T185058Z,25.3,88.3
20260718T185113Z,25.3,88.6
20260718T185128Z,25.4,88.7
20260718T185143Z,25.4,88.9
20260718T185158Z,25.4,89.0
20260718T185213Z,25.4,89.2
20260718T185228Z,25.4,89.4
20260718T185243Z,25.5,89.6
20260718T185258Z,25.5,89.7
20260718T185313Z,25.5,89.8
20260718T185329Z,25.5,89.9
20260718T185343Z,25.6,90.1
20260718T185358Z,25.6,90.3
20260718T185413Z,25.6,90.4
20260718T185428Z,25.6,89.9
20260718T185443Z,25.6,88.3
20260718T185458Z,25.6,87.2
20260718T185513Z,25.5,87.1
20260718T185528Z,25.5,86.1
20260718T185543Z,25.4,85.4
20260718T185558Z,25.4,84.1
20260718T185613Z,25.3,83.7
20260718T185628Z,25.2,83.0
20260718T185643Z,25.2,81.6
20260718T185658Z,25.1,80.5
20260718T185713Z,25.0,79.8
20260718T185728Z,24.9,79.4
20260718T185743Z,24.8,78.5
20260718T185758Z,24.7,78.1
20260718T185813Z,24.6,77.7
20260718T185828Z,24.6,77.6
20260718T185843Z,24.5,76.8
20260718T185858Z,24.5,76.1
20260718T185913Z,24.5,75.7
20260718T185928Z,24.5,75.2
20260718T185943Z,24.5,74.2
20260718T185958Z,24.5,74.4
20260718T190013Z,24.5,76.0
20260718T190028Z,24.5,77.9
20260718T190043Z,24.5,78.8
20260718T190058Z,24.5,79.5
20260718T190113Z,24.5,79.7
20260718T190128Z,24.5,80.2
20260718T190143Z,24.5,80.5
20260718T190158Z,24.5,80.6
20260718T190213Z,24.6,81.4
20260718T190228Z,24.6,81.7
20260718T190243Z,24.6,82.1
20260718T190258Z,24.6,82.6
20260718T190313Z,24.6,82.9
20260718T190328Z,24.7,83.2
20260718T190343Z,24.7,83.4
20260718T190358Z,24.7,83.8
20260718T190413Z,24.8,84.5
20260718T190428Z,24.8,84.4
20260718T190443Z,24.8,84.8
20260718T190458Z,24.8,85.2
20260718T190513Z,24.8,85.4
20260718T190529Z,24.9,85.4
20260718T190543Z,24.9,85.9
20260718T190558Z,25.0,86.1
20260718T190613Z,25.0,86.1
20260718T190629Z,25.0,86.5
20260718T190643Z,25.0,86.6
20260718T190658Z,25.1,86.8
20260718T190713Z,25.1,87.1
20260718T190729Z,25.1,87.3
20260718T190743Z,25.2,87.4
20260718T190758Z,25.2,87.8
20260718T190813Z,25.2,87.9
20260718T190828Z,25.2,88.1
20260718T190843Z,25.3,88.3
20260718T190858Z,25.3,88.5
20260718T190913Z,25.3,88.6
20260718T190928Z,25.3,88.6
20260718T190943Z,25.4,88.8
20260718T190958Z,25.4,89.1
20260718T191013Z,25.4,89.2
20260718T191028Z,25.4,89.3
20260718T191043Z,25.4,89.4
20260718T191058Z,25.5,89.6
20260718T191113Z,25.5,89.7
20260718T191128Z,25.5,89.7
20260718T191143Z,25.5,89.9
20260718T191158Z,25.5,90.0
20260718T191213Z,25.6,90.2
20260718T191228Z,25.6,90.2
20260718T191243Z,25.6,90.3
20260718T191258Z,25.6,90.3
20260718T191313Z,25.6,89.7
20260718T191328Z,25.6,88.7
20260718T191343Z,25.6,87.9
20260718T191358Z,25.6,87.1
20260718T191413Z,25.5,86.1
20260718T191428Z,25.5,84.8
20260718T191443Z,25.4,84.2
20260718T191458Z,25.3,83.7
20260718T191513Z,25.2,83.3
20260718T191528Z,25.1,82.5
20260718T191543Z,25.0,81.4
20260718T191558Z,25.0,81.2
20260718T191613Z,24.9,80.8
20260718T191628Z,24.9,80.3
20260718T191643Z,24.8,78.8
20260718T191658Z,24.7,77.5
20260718T191713Z,24.7,77.4
20260718T191728Z,24.6,77.0
20260718T191743Z,24.6,76.1
20260718T191758Z,24.5,76.6
20260718T191813Z,24.6,77.8
20260718T191828Z,24.5,79.9
20260718T191843Z,24.6,80.8
20260718T191858Z,24.5,81.1
20260718T191913Z,24.6,81.7
20260718T191928Z,24.6,81.7
20260718T191943Z,24.6,82.2
20260718T191958Z,24.6,82.8
20260718T192013Z,24.6,82.6
20260718T192028Z,24.6,83.0
20260718T192043Z,24.6,83.3
20260718T192058Z,24.6,83.8
20260718T192113Z,24.7,84.3
20260718T192128Z,24.7,84.7
20260718T192143Z,24.7,84.8
20260718T192158Z,24.8,84.9
20260718T192213Z,24.8,85.3
20260718T192228Z,24.8,85.5
20260718T192243Z,24.9,85.7
20260718T192258Z,24.9,86.1
20260718T192313Z,24.9,86.3
20260718T192328Z,24.9,86.5
20260718T192343Z,25.0,86.7
20260718T192358Z,25.0,86.9
20260718T192413Z,25.0,87.2
20260718T192428Z,25.1,87.3
20260718T192443Z,25.1,87.6
20260718T192458Z,25.1,87.6
20260718T192513Z,25.2,87.8
20260718T192528Z,25.2,88.0
20260718T192543Z,25.2,88.2
20260718T192558Z,25.2,88.4
20260718T192613Z,25.2,88.5
20260718T192628Z,25.3,88.6
20260718T192643Z,25.3,88.9
20260718T192658Z,25.3,89.0
20260718T192713Z,25.3,89.1
20260718T192728Z,25.3,89.2
20260718T192743Z,25.4,89.3
20260718T192758Z,25.4,89.5
20260718T192813Z,25.4,89.7
20260718T192828Z,25.4,89.8
20260718T192843Z,25.4,89.8
20260718T192858Z,25.5,90.0
20260718T192913Z,25.5,90.1
20260718T192928Z,25.5,90.2
20260718T192943Z,25.5,90.4
20260718T192958Z,25.5,90.3
20260718T193013Z,25.6,90.5
20260718T193028Z,25.6,90.6
20260718T193043Z,25.6,90.7
20260718T193058Z,25.6,90.9
20260718T193113Z,25.6,90.9
20260718T193128Z,25.6,90.9
20260718T193143Z,25.6,91.0
20260718T193158Z,25.6,90.3
20260718T193213Z,25.6,89.4
20260718T193228Z,25.6,88.6
20260718T193243Z,25.6,88.2
20260718T193258Z,25.6,86.7
20260718T193313Z,25.5,85.5
20260718T193328Z,25.4,85.0
20260718T193343Z,25.3,83.8
20260718T193358Z,25.3,83.4
20260718T193413Z,25.2,83.6
20260718T193428Z,25.1,82.5
20260718T193443Z,25.1,82.0
20260718T193458Z,25.0,81.3
20260718T193513Z,25.0,80.7
20260718T193528Z,25.0,79.3
20260718T193543Z,25.0,78.6
20260718T193558Z,24.9,77.7
20260718T193613Z,24.9,76.8
20260718T193628Z,24.9,75.9
20260718T193643Z,24.9,76.9
20260718T193658Z,24.8,77.7
20260718T193713Z,24.8,79.6
20260718T193728Z,24.8,80.3
20260718T193743Z,24.8,80.9
20260718T193758Z,24.8,81.4
20260718T193813Z,24.8,81.8
20260718T193828Z,24.7,82.2
20260718T193843Z,24.7,82.5
20260718T193858Z,24.7,83.0
20260718T193913Z,24.7,83.3
20260718T193928Z,24.7,83.7
20260718T193943Z,24.7,84.2
20260718T193958Z,24.8,84.3
20260718T194013Z,24.8,84.9
20260718T194028Z,24.8,84.9
20260718T194043Z,24.8,85.5
20260718T194058Z,24.8,85.9
20260718T194113Z,24.9,86.0
20260718T194129Z,24.9,86.3
20260718T194143Z,24.9,86.4
20260718T194158Z,24.9,86.7
20260718T194213Z,25.0,87.0
20260718T194228Z,25.0,87.1
20260718T194243Z,25.0,87.4
20260718T194258Z,25.0,87.6
20260718T194313Z,25.1,87.8
20260718T194328Z,25.1,87.9
20260718T194343Z,25.1,88.0
20260718T194358Z,25.1,88.3
20260718T194413Z,25.2,88.5
20260718T194428Z,25.2,88.6
20260718T194443Z,25.2,88.8
20260718T194458Z,25.2,89.1
20260718T194513Z,25.2,89.1
20260718T194528Z,25.3,89.3
20260718T194543Z,25.3,89.4
20260718T194558Z,25.3,89.6
20260718T194613Z,25.3,89.8
20260718T194628Z,25.4,89.9
20260718T194643Z,25.4,89.9
20260718T194658Z,25.4,90.2
20260718T194713Z,25.4,90.3
20260718T194728Z,25.4,90.3
20260718T194743Z,25.4,90.5
20260718T194758Z,25.5,90.5
20260718T194813Z,25.5,90.6
20260718T194828Z,25.5,90.7
20260718T194843Z,25.5,90.8
20260718T194858Z,25.5,90.9
20260718T194913Z,25.6,91.0
20260718T194928Z,25.6,91.1
20260718T194943Z,25.6,91.1
20260718T194958Z,25.6,91.2
20260718T195013Z,25.6,91.2
20260718T195028Z,25.7,91.3
20260718T195043Z,25.7,91.4
20260718T195058Z,25.7,91.3
20260718T195113Z,25.7,91.1
20260718T195128Z,25.7,89.7
20260718T195143Z,25.7,89.0
20260718T195158Z,25.6,88.3
20260718T195213Z,25.6,86.9
20260718T195228Z,25.5,85.7
20260718T195243Z,25.4,85.0
20260718T195258Z,25.3,84.5
20260718T195313Z,25.2,84.2
20260718T195328Z,25.2,82.6
20260718T195343Z,25.1,82.8
20260718T195358Z,25.0,82.3
20260718T195413Z,25.0,81.4
20260718T195428Z,24.9,80.5
20260718T195443Z,24.9,80.0
20260718T195458Z,24.8,79.3
20260718T195513Z,24.8,78.4
20260718T195528Z,24.8,77.8
20260718T195543Z,24.8,76.2
20260718T195558Z,24.8,77.0
20260718T195613Z,24.8,78.4
20260718T195628Z,24.8,79.8
20260718T195643Z,24.8,80.7
20260718T195658Z,24.8,81.5
20260718T195713Z,24.8,82.2
20260718T195728Z,24.7,82.4
20260718T195743Z,24.7,82.6
20260718T195758Z,24.7,83.2
20260718T195813Z,24.7,83.5
20260718T195828Z,24.7,83.7
20260718T195843Z,24.7,84.2
20260718T195858Z,24.7,84.5
20260718T195913Z,24.7,84.7
20260718T195928Z,24.7,85.1
20260718T195943Z,24.8,85.7
20260718T195958Z,24.8,85.8
20260718T200013Z,24.8,86.3
20260718T200147Z,25.0,87.6
20260718T200202Z,25.0,87.8
20260718T200216Z,25.0,88.0
20260718T200231Z,25.0,88.2
20260718T200245Z,25.1,88.5
20260718T200301Z,25.1,88.6
20260718T200316Z,25.1,88.6
20260718T200331Z,25.1,88.7
20260718T200346Z,25.2,89.0
20260718T200401Z,25.2,89.2
20260718T200416Z,25.2,89.3
20260718T200431Z,25.2,89.4
20260718T200447Z,25.3,89.5
20260718T200501Z,25.3,89.7
20260718T200517Z,25.3,89.8
20260718T200531Z,25.3,90.0
20260718T200546Z,25.4,90.1
20260718T200601Z,25.4,90.2
20260718T200616Z,25.4,90.5
20260718T200631Z,25.4,90.4
20260718T200646Z,25.4,90.6
20260718T200701Z,25.4,90.7
20260718T200716Z,25.5,90.8
20260718T200731Z,25.5,90.8
20260718T200746Z,25.5,90.9
20260718T200801Z,25.5,90.9
20260718T200816Z,25.6,91.1
20260718T200832Z,25.6,91.2
20260718T200847Z,25.6,91.2
20260718T200902Z,25.6,91.2
20260718T200916Z,25.6,91.4
20260718T200931Z,25.6,91.5
20260718T200946Z,25.6,91.5
20260718T201001Z,25.6,91.6
20260718T201017Z,25.7,91.6
20260718T201032Z,25.7,90.8
20260718T201046Z,25.7,90.8
20260718T201102Z,25.7,89.2
20260718T201116Z,25.7,89.1
20260718T201132Z,25.6,87.8
20260718T201146Z,25.6,86.7
20260718T201201Z,25.5,85.9
20260718T201216Z,25.4,85.4
20260718T201231Z,25.3,84.4
20260718T201247Z,25.3,84.0
20260718T201301Z,25.2,83.1
20260718T201316Z,25.1,82.5
20260718T201331Z,25.0,80.9
20260718T201347Z,25.0,80.8
20260718T201401Z,24.9,80.1
20260718T201417Z,24.8,79.1
20260718T201431Z,24.7,79.0
20260718T201447Z,24.6,78.5
20260718T201501Z,24.6,77.7
20260718T201516Z,24.6,77.6
20260718T201531Z,24.5,78.7
20260718T201546Z,24.5,80.7
20260718T201602Z,24.6,82.2
20260718T201616Z,24.5,82.8
20260718T201631Z,24.5,82.9
20260718T201647Z,24.5,83.1
20260718T201702Z,24.5,83.4
20260718T201716Z,24.5,84.0
20260718T201732Z,24.6,84.0
20260718T201746Z,24.6,84.3
20260718T201801Z,24.6,84.6
20260718T201817Z,24.6,85.0
20260718T201831Z,24.6,85.3
20260718T201846Z,24.7,85.6
20260718T201901Z,24.7,85.9
20260718T201917Z,24.7,86.2
20260718T201931Z,24.8,86.4
20260718T201947Z,24.8,86.6
20260718T202001Z,24.8,86.8
20260718T202017Z,24.8,87.0
20260718T202031Z,24.9,87.3
20260718T202047Z,24.9,87.5
20260718T202101Z,24.9,87.6
20260718T202116Z,25.0,87.8
20260718T202131Z,25.0,88.1
20260718T202147Z,25.0,88.2
20260718T202202Z,25.1,88.5
20260718T202216Z,25.1,88.7
20260718T202232Z,25.1,88.7
20260718T202246Z,25.1,89.0
20260718T202302Z,25.1,89.0
20260718T202316Z,25.2,89.3
20260718T202332Z,25.2,89.6
20260718T202346Z,25.2,89.6
20260718T202402Z,25.2,89.7
20260718T202416Z,25.2,89.8
20260718T202432Z,25.3,90.0
20260718T202446Z,25.3,90.2
20260718T202502Z,25.3,90.2
20260718T202516Z,25.3,90.2
20260718T202532Z,25.4,90.4
20260718T202546Z,25.4,90.5
20260718T202602Z,25.4,90.6
20260718T202616Z,25.4,90.9
20260718T202632Z,25.4,90.8
20260718T202646Z,25.5,91.0
20260718T202702Z,25.5,91.0
20260718T202716Z,25.5,91.1
20260718T202732Z,25.5,91.2
20260718T202746Z,25.5,91.4
20260718T202801Z,25.6,91.4
20260718T202817Z,25.6,91.5
20260718T202831Z,25.6,91.6
20260718T202847Z,25.6,91.6
20260718T202901Z,25.6,91.7
20260718T202917Z,25.6,91.8
20260718T202931Z,25.6,91.7
20260718T202947Z,25.7,91.8
20260718T203001Z,25.7,91.8
20260718T203017Z,25.7,91.5
20260718T203031Z,25.7,91.5
20260718T203047Z,25.7,89.8
20260718T203101Z,25.7,89.3
20260718T203117Z,25.6,88.1
20260718T203132Z,25.6,87.1
20260718T203146Z,25.5,86.0
20260718T203202Z,25.4,85.5
20260718T203216Z,25.3,84.8
20260718T203232Z,25.2,85.0
20260718T203246Z,25.2,83.5
20260718T203302Z,25.1,83.3
20260718T203316Z,25.0,82.5
20260718T203332Z,25.0,81.0
20260718T203346Z,24.9,80.3
20260718T203401Z,24.8,79.6
20260718T203417Z,24.8,79.4
20260718T203432Z,24.7,78.5
20260718T203446Z,24.7,78.1
20260718T203501Z,24.6,77.7
20260718T203517Z,24.6,78.9
20260718T203531Z,24.6,80.4
20260718T203547Z,24.5,81.9
20260718T203601Z,24.5,82.8
20260718T203617Z,24.5,82.8
20260718T203631Z,24.5,83.0
20260718T203647Z,24.5,83.5
20260718T203701Z,24.5,83.9
20260718T203717Z,24.6,84.1
20260718T203731Z,24.6,84.5
20260718T203747Z,24.6,84.8
20260718T203801Z,24.6,85.2
20260718T203816Z,24.6,85.3
20260718T203832Z,24.7,85.5
20260718T203846Z,24.7,86.1
20260718T203902Z,24.7,86.0
20260718T203916Z,24.8,86.3
20260718T203932Z,24.8,86.6
20260718T203946Z,24.8,86.8
20260718T204001Z,24.8,87.1
20260718T204017Z,24.9,87.2
20260718T204031Z,24.9,87.6
20260718T204047Z,24.9,87.7
20260718T204102Z,25.0,88.0
20260718T204116Z,25.0,88.1
20260718T204132Z,25.0,88.3
20260718T204147Z,25.0,88.4
20260718T204201Z,25.1,88.5
20260718T204217Z,25.1,88.7
20260718T204231Z,25.1,88.8
20260718T204247Z,25.1,89.0
20260718T204301Z,25.2,89.2
20260718T204317Z,25.2,89.3
20260718T204331Z,25.2,89.5
20260718T204347Z,25.2,89.6
20260718T204402Z,25.3,89.9
20260718T204417Z,25.3,90.1
20260718T204431Z,25.3,90.1
20260718T204447Z,25.3,90.3
20260718T204501Z,25.3,90.4
20260718T204517Z,25.3,90.5
20260718T204531Z,25.3,90.6
20260718T204547Z,25.4,90.8
20260718T204601Z,25.4,90.8
20260718T204617Z,25.4,90.9
20260718T204631Z,25.4,91.1
20260718T204647Z,25.4,91.2
20260718T204702Z,25.4,91.2
20260718T204716Z,25.5,91.3
20260718T204732Z,25.5,91.4
20260718T204746Z,25.5,91.5
20260718T204801Z,25.5,91.6
20260718T204817Z,25.5,91.6
20260718T204831Z,25.5,91.7
20260718T204847Z,25.6,91.8
20260718T204901Z,25.6,91.8
20260718T204917Z,25.6,91.9
20260718T204931Z,25.6,92.0
20260718T204947Z,25.6,92.1
20260718T205001Z,25.6,92.0
20260718T205016Z,25.6,92.2
20260718T205032Z,25.6,92.1
20260718T205046Z,25.7,92.3
20260718T205102Z,25.7,91.5
20260718T205116Z,25.7,91.1
20260718T205132Z,25.7,90.2
20260718T205146Z,25.7,89.3
20260718T205202Z,25.6,88.0
20260718T205216Z,25.6,87.1
20260718T205232Z,25.5,86.6
20260718T205246Z,25.4,85.7
20260718T205302Z,25.4,85.0
20260718T205316Z,25.3,84.3
20260718T205332Z,25.2,83.4
20260718T205346Z,25.2,82.8
20260718T205401Z,25.1,82.0
20260718T205417Z,25.1,80.7
20260718T205431Z,25.0,80.3
20260718T205447Z,24.9,80.0
20260718T205502Z,24.9,78.7
20260718T205517Z,24.8,78.2
20260718T205531Z,24.8,77.5
20260718T205547Z,24.7,77.7
20260718T205601Z,24.7,78.7
20260718T205617Z,24.7,80.5
20260718T205631Z,24.8,81.8
20260718T205647Z,24.8,82.4
20260718T205701Z,24.7,82.5
20260718T205716Z,24.7,82.9
20260718T205732Z,24.7,83.1
20260718T205746Z,24.7,83.7
20260718T205802Z,24.7,84.1
20260718T205816Z,24.7,84.4
20260718T205832Z,24.7,84.7
20260718T205846Z,24.7,85.0
20260718T205902Z,24.7,85.3
20260718T205916Z,24.7,85.7
20260718T205932Z,24.8,85.9
20260718T205947Z,24.8,86.2
20260718T210002Z,24.8,86.5
20260718T210016Z,24.9,86.7
20260718T210031Z,24.9,87.0
20260718T210047Z,24.9,87.2
20260718T210101Z,24.9,87.5
20260718T210117Z,25.0,87.7
20260718T210131Z,25.0,87.8
20260718T210147Z,25.0,88.1
20260718T210201Z,25.0,88.3
20260718T210217Z,25.1,88.4
20260718T210231Z,25.1,88.5
20260718T210247Z,25.1,88.7
20260718T210301Z,25.1,89.0
20260718T210317Z,25.1,89.1
20260718T210331Z,25.2,89.2
20260718T210346Z,25.2,89.3
20260718T210402Z,25.2,89.6
20260718T210416Z,25.2,89.7
20260718T210432Z,25.3,89.8
20260718T210446Z,25.3,90.0
20260718T210502Z,25.3,90.2
20260718T210516Z,25.3,90.2
20260718T210532Z,25.3,90.3
20260718T210546Z,25.4,90.4
20260718T210601Z,25.4,90.6
20260718T210617Z,25.4,90.7
20260718T210631Z,25.4,90.7
20260718T210647Z,25.5,90.9
20260718T210702Z,25.4,91.0
20260718T210717Z,25.5,91.1
20260718T210732Z,25.5,91.2
20260718T210747Z,25.5,91.2
20260718T210802Z,25.5,91.4
20260718T210817Z,25.5,91.4
20260718T210831Z,25.5,91.4
20260718T210847Z,25.6,91.6
20260718T210901Z,25.6,91.7
20260718T210917Z,25.6,91.6
20260718T210932Z,25.6,91.7
20260718T210947Z,25.6,91.8
20260718T211002Z,25.6,91.9
20260718T211017Z,25.7,92.0
20260718T211032Z,25.7,92.0
20260718T211047Z,25.7,92.0
20260718T211102Z,25.7,91.7
20260718T211117Z,25.7,90.2
20260718T211131Z,25.7,89.5
20260718T211147Z,25.6,88.8
20260718T211202Z,25.6,87.4
20260718T211217Z,25.5,86.4
20260718T211232Z,25.4,85.7
20260718T211247Z,25.3,85.0
20260718T211302Z,25.2,84.8
20260718T211317Z,25.2,84.0
20260718T211332Z,25.1,83.6
20260718T211347Z,25.0,82.3
20260718T211402Z,25.0,82.5
20260718T211417Z,24.9,81.2
20260718T211432Z,24.9,80.5
20260718T211447Z,24.8,79.5
20260718T211502Z,24.7,78.8
20260718T211517Z,24.7,78.5
20260718T211532Z,24.7,77.8
20260718T211547Z,24.7,78.1
20260718T211602Z,24.7,79.4
20260718T211617Z,24.7,80.9
20260718T211632Z,24.7,82.3
20260718T211647Z,24.7,82.4
20260718T211702Z,24.7,82.9
20260718T211717Z,24.7,83.0
20260718T211732Z,24.6,83.2
20260718T211747Z,24.6,83.6
20260718T211802Z,24.6,84.1
20260718T211817Z,24.6,84.2
20260718T211832Z,24.6,84.6
20260718T211847Z,24.7,85.0
20260718T211902Z,24.7,85.4
20260718T211917Z,24.7,85.7
20260718T211932Z,24.7,85.9
20260718T211947Z,24.7,86.3
20260718T212002Z,24.8,86.6
20260718T212017Z,24.8,86.9
20260718T212032Z,24.8,87.1
20260718T212047Z,24.8,87.2
20260718T212102Z,24.9,87.5
20260718T212117Z,24.9,87.7
20260718T212132Z,24.9,87.9
20260718T212147Z,24.9,88.2
20260718T212202Z,25.0,88.4
20260718T212217Z,25.0,88.4
20260718T212232Z,25.0,88.8
20260718T212247Z,25.0,88.9
20260718T212302Z,25.1,89.0
20260718T212317Z,25.1,89.3
20260718T212332Z,25.1,89.4
20260718T212347Z,25.1,89.5
20260718T212402Z,25.1,89.7
20260718T212417Z,25.2,89.7
20260718T212432Z,25.2,89.9
20260718T212447Z,25.2,90.1
20260718T212502Z,25.3,90.3
20260718T212517Z,25.2,90.4
20260718T212532Z,25.3,90.5
20260718T212547Z,25.3,90.6
20260718T212602Z,25.3,90.7
20260718T212617Z,25.3,90.9
20260718T212632Z,25.3,90.9
20260718T212647Z,25.3,91.0
20260718T212702Z,25.4,91.1
20260718T212717Z,25.4,91.2
20260718T212732Z,25.4,91.3
20260718T212747Z,25.4,91.3
20260718T212802Z,25.4,91.5
20260718T212817Z,25.4,91.6
20260718T212832Z,25.5,91.6
20260718T212847Z,25.5,91.7
20260718T212902Z,25.5,91.8
20260718T212917Z,25.5,91.9
20260718T212932Z,25.5,91.8
20260718T212947Z,25.6,91.9
20260718T213002Z,25.6,92.0
20260718T213017Z,25.6,92.1
20260718T213032Z,25.6,92.1
20260718T213047Z,25.6,92.1
20260718T213102Z,25.6,92.2
20260718T213117Z,25.6,92.2
20260718T213132Z,25.7,92.3
20260718T213147Z,25.7,92.2
20260718T213202Z,25.7,91.9
20260718T213217Z,25.7,90.4
20260718T213232Z,25.7,90.5
20260718T213247Z,25.6,89.4
20260718T213302Z,25.6,88.0
20260718T213317Z,25.6,86.9
20260718T213332Z,25.5,86.4
20260718T213347Z,25.4,86.1
20260718T213402Z,25.4,84.5
20260718T213417Z,25.3,83.7
20260718T213432Z,25.2,83.1
20260718T213447Z,25.1,82.4
20260718T213502Z,25.0,81.8
20260718T213517Z,24.9,81.0
20260718T213532Z,24.9,80.7
20260718T213547Z,24.8,79.9
20260718T213602Z,24.8,78.7
20260718T213617Z,24.7,78.5
20260718T213632Z,24.7,77.6
20260718T213647Z,24.6,78.7
20260718T213702Z,24.7,80.5
20260718T213717Z,24.6,82.3
20260718T213732Z,24.6,83.2
20260718T213747Z,24.6,83.6
20260718T213802Z,24.6,83.5
20260718T213817Z,24.6,83.8
20260718T213832Z,24.6,84.3
20260718T213847Z,24.6,84.5
20260718T213902Z,24.6,84.8
20260718T213917Z,24.6,85.2
20260718T213932Z,24.6,85.6
20260718T213947Z,24.7,85.7
20260718T214002Z,24.7,86.0
20260718T214017Z,24.7,86.3
20260718T214032Z,24.7,86.5
20260718T214047Z,24.8,86.9
20260718T214102Z,24.8,86.8
20260718T214117Z,24.8,87.1
20260718T214132Z,24.8,87.6
20260718T214147Z,24.9,87.7
20260718T214202Z,24.9,87.8
20260718T214217Z,24.9,88.0
20260718T214232Z,25.0,88.3
20260718T214247Z,25.0,88.6
20260718T214302Z,25.0,88.7
20260718T214317Z,25.0,88.9
20260718T214332Z,25.1,89.0
20260718T214347Z,25.0,89.1
20260718T214402Z,25.1,89.3
20260718T214417Z,25.1,89.4
20260718T214432Z,25.1,89.5
20260718T214447Z,25.2,89.9
20260718T214502Z,25.2,89.9
20260718T214517Z,25.2,90.0
20260718T214532Z,25.2,90.1
20260718T214547Z,25.2,90.4
20260718T214602Z,25.3,90.5
20260718T214617Z,25.3,90.7
20260718T214632Z,25.3,90.8
20260718T214647Z,25.3,90.7
20260718T214702Z,25.3,91.0
20260718T214717Z,25.3,91.0
20260718T214732Z,25.3,91.1
20260718T214747Z,25.4,91.2
20260718T214802Z,25.4,91.4
20260718T214817Z,25.4,91.4
20260718T214832Z,25.4,91.5
20260718T214847Z,25.5,91.5
20260718T214902Z,25.5,91.6
20260718T214917Z,25.5,91.6
20260718T214932Z,25.5,91.7
20260718T214947Z,25.5,91.8
20260718T215002Z,25.6,91.9
20260718T215017Z,25.6,91.9
20260718T215032Z,25.6,91.9
20260718T215047Z,25.6,92.0
20260718T215102Z,25.6,92.0
20260718T215117Z,25.7,92.1
20260718T215132Z,25.7,92.2
20260718T215147Z,25.7,92.1
20260718T215202Z,25.7,92.3
20260718T215217Z,25.7,92.2
20260718T215232Z,25.7,92.0
20260718T215247Z,25.7,91.9
20260718T215302Z,25.7,90.0
20260718T215317Z,25.7,89.7
20260718T215332Z,25.6,88.8
20260718T215347Z,25.6,87.6
20260718T215402Z,25.5,86.7
20260718T215417Z,25.4,85.8
20260718T215432Z,25.4,84.9
20260718T215447Z,25.3,85.0
20260718T215502Z,25.2,84.6
20260718T215517Z,25.1,83.4
20260718T215532Z,25.0,82.9
20260718T215547Z,25.0,82.3
20260718T215602Z,24.9,81.4
20260718T215617Z,24.9,80.5
20260718T215632Z,24.8,79.7
20260718T215647Z,24.8,79.1
20260718T215702Z,24.8,78.3
20260718T215717Z,24.8,77.9
20260718T215732Z,24.8,79.2
20260718T215747Z,24.8,80.8
20260718T215802Z,24.7,82.1
20260718T215817Z,24.7,83.0
20260718T215832Z,24.7,83.3
20260718T215847Z,24.7,83.4
20260718T215902Z,24.6,83.8
20260718T215917Z,24.6,84.1
20260718T215932Z,24.6,84.3
20260718T215947Z,24.6,84.9
20260718T220002Z,24.6,85.0
20260718T220017Z,24.7,85.4
20260718T220032Z,24.7,85.5
20260718T220047Z,24.7,86.0
20260718T220102Z,24.8,86.2
20260718T220117Z,24.8,86.5
20260718T220132Z,24.8,86.7
20260718T220147Z,24.8,87.0
20260718T220202Z,24.9,87.3
20260718T220217Z,24.9,87.4
20260718T220232Z,24.9,87.8
20260718T220247Z,25.0,87.8
20260718T220302Z,25.0,88.2
20260718T220317Z,25.0,88.4
20260718T220332Z,25.0,88.6
20260718T220347Z,25.0,88.6
20260718T220402Z,25.1,88.8
20260718T220417Z,25.1,89.0
20260718T220432Z,25.1,89.2
20260718T220447Z,25.1,89.3
20260718T220502Z,25.2,89.4
20260718T220517Z,25.2,89.6
20260718T220532Z,25.2,89.8
20260718T220547Z,25.2,89.8
20260718T220602Z,25.3,90.0
20260718T220617Z,25.3,90.1
20260718T220632Z,25.3,90.2
20260718T220647Z,25.3,90.4
20260718T220702Z,25.3,90.5
20260718T220717Z,25.4,90.7
20260718T220732Z,25.4,90.7
20260718T220747Z,25.4,90.8
20260718T220802Z,25.4,90.9
20260718T220817Z,25.4,91.1
20260718T220832Z,25.5,91.0
20260718T220847Z,25.5,91.0
20260718T220902Z,25.5,91.2
20260718T220917Z,25.5,91.3
20260718T220932Z,25.5,91.4
20260718T220947Z,25.5,91.4
20260718T221002Z,25.6,91.6
20260718T221017Z,25.6,91.7
20260718T221032Z,25.6,91.8
20260718T221047Z,25.6,91.7
20260718T221102Z,25.6,91.9
20260718T221117Z,25.6,92.0
20260718T221132Z,25.6,92.0
20260718T221147Z,25.7,92.1
20260718T221202Z,25.7,92.2
20260718T221217Z,25.7,92.2
20260718T221232Z,25.7,91.9
20260718T221247Z,25.7,91.8
20260718T221302Z,25.7,90.5
20260718T221317Z,25.7,89.7
20260718T221332Z,25.6,88.9
20260718T221347Z,25.6,87.7
20260718T221402Z,25.5,86.9
20260718T221417Z,25.4,85.8
20260718T221432Z,25.4,85.3
20260718T221447Z,25.3,84.2
20260718T221502Z,25.2,83.9
20260718T221517Z,25.1,82.9
20260718T221532Z,25.0,82.8
20260718T221547Z,24.9,81.2
20260718T221602Z,24.8,81.6
20260718T221617Z,24.8,80.7
20260718T221632Z,24.7,80.1
20260718T221647Z,24.8,79.7
20260718T221702Z,24.7,78.4
20260718T221717Z,24.7,78.3
20260718T221732Z,24.7,79.4
20260718T221747Z,24.7,80.1
20260718T221802Z,24.7,82.2
20260718T221817Z,24.7,82.9
20260718T221832Z,24.7,83.0
20260718T221847Z,24.6,83.2
20260718T221902Z,24.6,83.7
20260718T221917Z,24.6,84.0
20260718T221932Z,24.6,84.4
20260718T221947Z,24.6,84.8
20260718T222002Z,24.7,85.1
20260718T222017Z,24.7,85.5
20260718T222032Z,24.7,85.7
20260718T222047Z,24.7,86.1
20260718T222102Z,24.7,86.4
20260718T222117Z,24.8,86.5
20260718T222132Z,24.8,86.9
20260718T222147Z,24.8,87.2
20260718T222202Z,24.8,87.1
20260718T222217Z,24.8,87.5
20260718T222232Z,24.9,87.9
20260718T222247Z,24.9,88.0
20260718T222302Z,24.9,88.3
20260718T222317Z,24.9,88.4
20260718T222332Z,25.0,88.7
20260718T222347Z,25.0,88.9
20260718T222402Z,25.0,89.0
20260718T222417Z,25.0,89.1
20260718T222432Z,25.1,89.3
20260718T222447Z,25.1,89.4
20260718T222502Z,25.1,89.5
20260718T222517Z,25.1,89.7
20260718T222532Z,25.2,89.8
20260718T222547Z,25.2,89.8
20260718T222602Z,25.2,90.0
20260718T222617Z,25.3,90.2
20260718T222632Z,25.3,90.3
20260718T222647Z,25.3,90.5
20260718T222702Z,25.3,90.6
20260718T222717Z,25.3,90.7
20260718T222732Z,25.3,90.8
20260718T222747Z,25.4,90.9
20260718T222802Z,25.4,91.0
20260718T222817Z,25.4,91.2
20260718T222832Z,25.4,91.2
20260718T222847Z,25.5,91.3
20260718T222902Z,25.5,91.4
20260718T222917Z,25.5,91.4
20260718T222932Z,25.5,91.5
20260718T222947Z,25.5,91.5
20260718T223002Z,25.5,91.6
20260718T223017Z,25.5,91.7
20260718T223032Z,25.6,91.8
20260718T223047Z,25.6,91.8
20260718T223102Z,25.6,91.8
20260718T223117Z,25.6,91.9
20260718T223132Z,25.6,92.0
20260718T223147Z,25.6,92.0
20260718T223202Z,25.7,92.1
20260718T223217Z,25.7,92.1
20260718T223232Z,25.7,91.3
20260718T223247Z,25.7,91.0
20260718T223302Z,25.7,89.8
20260718T223317Z,25.6,89.1
20260718T223332Z,25.6,87.9
20260718T223347Z,25.5,87.1
20260718T223402Z,25.5,86.3
20260718T223417Z,25.4,85.5
20260718T223432Z,25.3,85.0
20260718T223447Z,25.2,84.0
20260718T223502Z,25.1,83.7
20260718T223517Z,25.0,82.7
20260718T223532Z,24.9,82.2
20260718T223547Z,24.9,81.9
20260718T223602Z,24.8,81.0
20260718T223617Z,24.8,80.0
20260718T223632Z,24.7,79.6
20260718T223647Z,24.7,79.5
20260718T223702Z,24.6,78.1
20260718T223717Z,24.6,78.9
20260718T223732Z,24.5,80.0
20260718T223747Z,24.5,81.6
20260718T223802Z,24.5,82.9
20260718T223817Z,24.5,83.5
20260718T223832Z,24.5,83.8
20260718T223847Z,24.5,83.8
20260718T223902Z,24.5,84.3
20260718T223917Z,24.5,84.4
20260718T223932Z,24.5,85.0
20260718T223947Z,24.5,85.1
20260718T224002Z,24.6,85.4
20260718T224017Z,24.6,85.7
20260718T224032Z,24.6,86.0
20260718T224047Z,24.7,86.3
20260718T224102Z,24.7,86.7
20260718T224117Z,24.7,86.9
20260718T224132Z,24.7,87.2
20260718T224147Z,24.8,87.2
20260718T224202Z,24.8,87.5
20260718T224217Z,24.8,87.7
20260718T224232Z,24.8,88.0
20260718T224247Z,24.9,88.2
20260718T224302Z,24.9,88.4
20260718T224317Z,24.9,88.6
20260718T224332Z,24.9,88.6
20260718T224347Z,25.0,89.0
20260718T224402Z,25.0,89.1
20260718T224417Z,25.0,89.2
20260718T224432Z,25.0,89.4
20260718T224447Z,25.1,89.7
20260718T224502Z,25.1,89.7
20260718T224517Z,25.1,90.0
20260718T224532Z,25.1,90.2
20260718T224547Z,25.2,90.4
20260718T224602Z,25.2,90.4
20260718T224617Z,25.2,90.5
20260718T224632Z,25.2,90.7
20260718T224647Z,25.2,90.8
20260718T224702Z,25.2,90.9
20260718T224717Z,25.2,91.0
20260718T224732Z,25.3,91.2
20260718T224747Z,25.3,91.2
20260718T224802Z,25.3,91.3
20260718T224817Z,25.3,91.4
20260718T224832Z,25.4,91.4
20260718T224847Z,25.4,91.5
20260718T224902Z,25.4,91.6
20260718T224917Z,25.4,91.7
20260718T224932Z,25.4,91.7
20260718T224947Z,25.4,91.8
20260718T225002Z,25.5,91.9
20260718T225017Z,25.5,91.9
20260718T225032Z,25.5,92.1
20260718T225047Z,25.5,92.1
20260718T225102Z,25.5,92.2
20260718T225117Z,25.5,92.2
20260718T225132Z,25.6,92.2
20260718T225147Z,25.6,92.3
20260718T225202Z,25.6,92.3
20260718T225217Z,25.6,92.4
20260718T225232Z,25.6,92.3
20260718T225247Z,25.6,91.9
20260718T225302Z,25.6,90.7
20260718T225317Z,25.6,90.1
20260718T225332Z,25.6,89.5
20260718T225347Z,25.5,88.2
20260718T225402Z,25.5,86.9
20260718T225417Z,25.4,86.2
20260718T225432Z,25.3,85.2
20260718T225447Z,25.2,84.7
20260718T225502Z,25.1,84.1
20260718T225517Z,25.0,83.4
20260718T225532Z,25.0,82.8
20260718T225547Z,24.9,82.1
20260718T225602Z,24.8,81.1
20260718T225617Z,24.8,80.5
20260718T225632Z,24.7,79.1
20260718T225647Z,24.6,79.2
20260718T225702Z,24.6,77.7
20260718T225717Z,24.5,78.0
20260718T225732Z,24.4,79.4
20260718T225747Z,24.4,80.9
20260718T225802Z,24.4,82.5
20260718T225817Z,24.4,83.3
20260718T225832Z,24.4,83.8
20260718T225847Z,24.4,83.8
20260718T225902Z,24.4,84.1
20260718T225917Z,24.5,84.5
20260718T225932Z,24.5,84.7
20260718T225947Z,24.5,85.3
20260718T230002Z,24.5,85.4
20260718T230017Z,24.5,85.7
20260718T230032Z,24.5,86.0
20260718T230047Z,24.6,86.2
20260718T230102Z,24.6,86.4
20260718T230117Z,24.6,86.7
20260718T230132Z,24.7,86.8
20260718T230147Z,24.7,87.1
20260718T230202Z,24.7,87.3
20260718T230217Z,24.7,87.6
20260718T230232Z,24.8,87.6
20260718T230247Z,24.8,88.0
20260718T230302Z,24.8,88.2
20260718T230317Z,24.9,88.4
20260718T230332Z,24.9,88.6
20260718T230347Z,24.9,88.7
20260718T230402Z,24.9,88.9
20260718T230417Z,25.0,89.1
20260718T230432Z,25.0,89.2
20260718T230447Z,25.0,89.4
20260718T230502Z,25.0,89.6
20260718T230517Z,25.1,89.6
20260718T230532Z,25.1,90.0
20260718T230547Z,25.1,90.0
20260718T230603Z,25.1,90.1
20260718T230617Z,25.2,90.3
20260718T230632Z,25.2,90.5
20260718T230647Z,25.2,90.6
20260718T230702Z,25.2,90.6
20260718T230717Z,25.2,90.8
20260718T230732Z,25.3,91.0
20260718T230747Z,25.3,91.0
20260718T230802Z,25.3,91.0
20260718T230817Z,25.3,91.2
20260718T230832Z,25.3,91.3
20260718T230847Z,25.4,91.4
20260718T230902Z,25.4,91.4
20260718T230917Z,25.4,91.5
20260718T230932Z,25.4,91.6
20260718T230947Z,25.4,91.6
20260718T231002Z,25.5,91.7
20260718T231017Z,25.5,91.7
20260718T231032Z,25.5,91.9
20260718T231047Z,25.5,91.9
20260718T231102Z,25.5,92.0
20260718T231117Z,25.5,92.0
20260718T231132Z,25.6,92.1
20260718T231147Z,25.6,92.1
20260718T231202Z,25.6,92.2
20260718T231217Z,25.6,92.2
20260718T231232Z,25.6,92.2
20260718T231247Z,25.6,92.2
20260718T231302Z,25.6,91.4
20260718T231317Z,25.6,91.2
20260718T231332Z,25.6,89.9
20260718T231347Z,25.6,89.6
20260718T231402Z,25.6,88.5
20260718T231417Z,25.5,86.9
20260718T231432Z,25.4,86.5
20260718T231447Z,25.3,85.8
20260718T231502Z,25.2,85.2
20260718T231517Z,25.2,84.6
20260718T231532Z,25.1,83.6
20260718T231547Z,25.0,83.1
20260718T231603Z,25.0,82.3
20260718T231618Z,24.9,81.6
20260718T231632Z,24.8,81.2
20260718T231647Z,24.8,79.8
20260718T231703Z,24.7,79.4
20260718T231718Z,24.7,78.7
20260718T231732Z,24.6,77.9
20260718T231747Z,24.6,78.6
20260718T231802Z,24.6,80.0
20260718T231817Z,24.6,81.6
20260718T231832Z,24.6,83.0
20260718T231847Z,24.6,83.4
20260718T231902Z,24.6,83.8
20260718T231917Z,24.6,84.0
20260718T231932Z,24.6,84.0
20260718T231947Z,24.6,84.5
20260718T232002Z,24.6,84.7
20260718T232017Z,24.6,85.2
20260718T232032Z,24.6,85.5
20260718T232047Z,24.6,85.7
20260718T232103Z,24.6,86.0
20260718T232118Z,24.6,86.3
20260718T232132Z,24.7,86.6
20260718T232147Z,24.7,86.7
20260718T232202Z,24.7,86.9
20260718T232217Z,24.7,87.3
20260718T232232Z,24.8,87.6
20260718T232247Z,24.8,87.7
20260718T232302Z,24.8,87.9
20260718T232317Z,24.9,88.1
20260718T232332Z,24.9,88.4
20260718T232347Z,24.9,88.6
20260718T232402Z,24.9,88.7
20260718T232417Z,25.0,89.0
20260718T232432Z,25.0,89.0
20260718T232447Z,25.0,89.2
20260718T232502Z,25.0,89.4
20260718T232517Z,25.0,89.3
20260718T232532Z,25.1,89.6
20260718T232547Z,25.1,89.8
20260718T232602Z,25.1,90.0
20260718T232617Z,25.1,90.1
20260718T232632Z,25.2,90.3
20260718T232647Z,25.2,90.2
20260718T232702Z,25.2,90.4
20260718T232717Z,25.2,90.4
20260718T232732Z,25.3,90.7
20260718T232747Z,25.3,90.8
20260718T232802Z,25.3,91.0
20260718T232817Z,25.3,91.0
20260718T232832Z,25.3,91.1
20260718T232847Z,25.4,91.2
20260718T232902Z,25.4,91.3
20260718T232917Z,25.4,91.4
20260718T232932Z,25.4,91.5
20260718T232947Z,25.4,91.6
20260718T233002Z,25.5,91.6
20260718T233017Z,25.5,91.7
20260718T233032Z,25.5,91.7
20260718T233047Z,25.5,91.9
20260718T233102Z,25.5,91.8
20260718T233117Z,25.5,91.9
20260718T233132Z,25.5,92.0
20260718T233147Z,25.6,92.0
20260718T233202Z,25.6,92.1
20260718T233217Z,25.6,92.1
20260718T233232Z,25.6,92.1
20260718T233247Z,25.6,91.9
20260718T233302Z,25.6,91.9
20260718T233317Z,25.6,90.1
20260718T233332Z,25.6,89.5
20260718T233347Z,25.6,88.4
20260718T233402Z,25.5,87.5
20260718T233417Z,25.5,86.6
20260718T233432Z,25.4,85.5
20260718T233447Z,25.3,85.2
20260718T233502Z,25.2,84.3
20260718T233517Z,25.1,83.6
20260718T233532Z,25.0,82.8
20260718T233547Z,24.9,82.3
20260718T233602Z,24.8,81.4
20260718T233617Z,24.8,81.4
20260718T233632Z,24.7,80.8
20260718T233647Z,24.7,79.9
20260718T233702Z,24.6,78.8
20260718T233717Z,24.6,78.2
20260718T233732Z,24.5,77.7
20260718T233747Z,24.5,78.7
20260718T233802Z,24.5,80.5
20260718T233817Z,24.5,82.3
20260718T233832Z,24.5,83.3
20260718T233847Z,24.5,83.6
20260718T233902Z,24.5,83.6
20260718T233917Z,24.5,83.8
20260718T233932Z,24.5,84.3
20260718T233947Z,24.5,84.4
20260718T234002Z,24.5,85.0
20260718T234017Z,24.6,85.1
20260718T234032Z,24.6,85.3
20260718T234047Z,24.6,85.8
20260718T234102Z,24.6,86.2
20260718T234117Z,24.6,86.2
20260718T234132Z,24.7,86.5
20260718T234147Z,24.7,86.7
20260718T234202Z,24.7,87.0
20260718T234217Z,24.7,87.2
20260718T234232Z,24.8,87.5
20260718T234247Z,24.8,87.7
20260718T234302Z,24.9,87.7
20260718T234317Z,24.9,88.1
20260718T234332Z,24.9,88.3
20260718T234347Z,24.9,88.3
20260718T234402Z,25.0,88.6
20260718T234417Z,25.0,88.7
20260718T234432Z,25.0,88.9
20260718T234447Z,25.0,89.0
20260718T234502Z,25.1,89.2
20260718T234517Z,25.1,89.4
20260718T234532Z,25.1,89.5
20260718T234547Z,25.1,89.7
20260718T234602Z,25.1,89.8
20260718T234617Z,25.2,89.8
20260718T234632Z,25.2,90.1
20260718T234647Z,25.2,90.2
20260718T234702Z,25.2,90.3
20260718T234717Z,25.2,90.4
20260718T234732Z,25.3,90.5
20260718T234747Z,25.3,90.5
20260718T234802Z,25.3,90.7
20260718T234817Z,25.3,90.7
20260718T234832Z,25.3,90.8
20260718T234847Z,25.4,91.0
20260718T234902Z,25.4,91.0
20260718T234917Z,25.4,91.1
20260718T234932Z,25.4,91.3
20260718T234947Z,25.4,91.5
20260718T235002Z,25.4,91.4
20260718T235017Z,25.4,91.6
20260718T235032Z,25.5,91.6
20260718T235048Z,25.5,91.6
20260718T235102Z,25.5,91.8
20260718T235117Z,25.5,91.7
20260718T235132Z,25.5,91.7
20260718T235147Z,25.6,91.8
20260718T235202Z,25.6,91.9
20260718T235217Z,25.6,92.0
20260718T235232Z,25.6,92.1
20260718T235247Z,25.6,92.0
20260718T235302Z,25.6,91.9
20260718T235317Z,25.6,91.7
20260718T235332Z,25.6,89.8
20260718T235347Z,25.6,89.5
20260718T235402Z,25.6,89.1
20260718T235417Z,25.5,87.1
20260718T235432Z,25.4,86.5
20260718T235447Z,25.3,85.8
20260718T235502Z,25.3,85.0
20260718T235517Z,25.2,84.4
20260718T235532Z,25.1,83.8
20260718T235547Z,25.0,83.5
20260718T235602Z,24.9,82.3
20260718T235617Z,24.8,81.2
20260718T235632Z,24.7,81.2
20260718T235647Z,24.6,80.5
20260718T235702Z,24.6,79.7
20260718T235717Z,24.5,79.0
20260718T235732Z,24.4,78.6
20260718T235747Z,24.4,78.7
20260718T235802Z,24.4,80.0
20260718T235817Z,24.4,81.5
20260718T235832Z,24.4,82.9
20260718T235847Z,24.4,83.8
20260718T235902Z,24.4,84.0
20260718T235917Z,24.4,84.2
20260718T235932Z,24.4,84.1
20260718T235947Z,24.4,84.6