Time,Temperature,Humidity
20260719T000002Z,24.4,85.1
20260719T000017Z,24.5,85.4
20260719T000032Z,24.5,85.6
20260719T000047Z,24.5,86.0
20260719T000102Z,24.5,86.4
20260719T000117Z,24.6,86.5
20260719T000132Z,24.6,86.8
20260719T000147Z,24.6,86.9
20260719T000202Z,24.6,87.3
20260719T000217Z,24.7,87.4
20260719T000233Z,24.7,87.5
20260719T000247Z,24.7,87.9
20260719T000303Z,24.8,88.0
20260719T000317Z,24.8,88.2
20260719T000332Z,24.8,88.5
20260719T000347Z,24.8,88.6
20260719T000402Z,24.9,88.6
20260719T000417Z,24.9,89.0
20260719T000433Z,24.9,88.9
20260719T000447Z,25.0,89.1
20260719T000502Z,25.0,89.3
20260719T000517Z,25.0,89.5
20260719T000532Z,25.0,89.6
20260719T000547Z,25.1,89.8
20260719T000602Z,25.1,89.7
20260719T000617Z,25.1,90.1
20260719T000632Z,25.1,90.1
20260719T000647Z,25.2,90.3
20260719T000702Z,25.2,90.3
20260719T000718Z,25.2,90.5
20260719T000733Z,25.2,90.6
20260719T000747Z,25.2,90.7
20260719T000802Z,25.2,90.8
20260719T000818Z,25.3,90.9
20260719T000832Z,25.3,91.0
20260719T000848Z,25.3,91.1
20260719T000902Z,25.3,91.1
20260719T000918Z,25.4,91.2
20260719T000932Z,25.4,91.3
20260719T000948Z,25.4,91.5
20260719T001002Z,25.4,91.4
20260719T001018Z,25.4,91.5
20260719T001032Z,25.4,91.6
20260719T001048Z,25.5,91.7
20260719T001102Z,25.5,91.7
20260719T001118Z,25.5,91.9
20260719T001132Z,25.5,91.9
20260719T001148Z,25.5,92.0
20260719T001202Z,25.6,92.1
20260719T001218Z,25.6,92.0
20260719T001232Z,25.6,92.1
20260719T001248Z,25.6,92.1
20260719T001302Z,25.6,91.3
20260719T001318Z,25.6,91.3
20260719T001332Z,25.6,89.6
20260719T001348Z,25.6,89.4
20260719T001402Z,25.5,87.9
20260719T001417Z,25.5,87.4
20260719T001432Z,25.4,86.1
20260719T001447Z,25.3,85.4
20260719T001502Z,25.2,84.8
20260719T001518Z,25.1,83.9
20260719T001532Z,25.0,83.6
20260719T001548Z,24.9,82.3
20260719T001602Z,24.8,82.1
20260719T001618Z,24.8,81.5
20260719T001632Z,24.7,80.0
20260719T001648Z,24.6,80.4
20260719T001702Z,24.5,80.0
20260719T001718Z,24.5,79.2
20260719T001732Z,24.5,78.4
20260719T001748Z,24.4,77.8
20260719T001802Z,24.4,79.7
20260719T001818Z,24.4,81.5
20260719T001832Z,24.4,83.0
20260719T001848Z,24.4,83.5
20260719T001903Z,24.4,83.7
20260719T001918Z,24.4,84.0
20260719T001932Z,24.4,84.2
20260719T001948Z,24.4,84.5
20260719T002003Z,24.4,84.8
20260719T002018Z,24.5,85.2
20260719T002032Z,24.5,85.7
20260719T002048Z,24.5,85.8
20260719T002102Z,24.5,86.1
20260719T002118Z,24.5,86.2
20260719T002132Z,24.6,86.4
20260719T002148Z,24.6,86.6
20260719T002202Z,24.6,86.8
20260719T002218Z,24.7,87.1
20260719T002232Z,24.7,87.2
20260719T002248Z,24.8,87.6
20260719T002302Z,24.8,87.7
20260719T002318Z,24.8,87.9
20260719T002332Z,24.9,88.1
20260719T002348Z,24.9,88.3
20260719T002404Z,24.9,88.5
20260719T002418Z,24.9,88.7
20260719T002433Z,25.0,88.8
20260719T002447Z,25.0,89.0
20260719T002503Z,25.0,89.2
20260719T002517Z,25.0,89.2
20260719T002533Z,25.1,89.4
20260719T002547Z,25.1,89.6
20260719T002603Z,25.1,89.7
20260719T002617Z,25.1,89.9
20260719T002633Z,25.2,90.0
20260719T002647Z,25.2,90.1
20260719T002703Z,25.2,90.2
20260719T002718Z,25.2,90.4
20260719T002732Z,25.2,90.4
20260719T002748Z,25.3,90.7
20260719T002802Z,25.3,90.7
20260719T002818Z,25.3,90.9
20260719T002832Z,25.3,90.8
20260719T002848Z,25.3,91.0
20260719T002902Z,25.3,91.1
20260719T002918Z,25.4,91.2
20260719T002932Z,25.4,91.2
20260719T002948Z,25.4,91.3
20260719T003002Z,25.4,91.3
20260719T003018Z,25.4,91.4
20260719T003032Z,25.5,91.5
20260719T003048Z,25.5,91.5
20260719T003103Z,25.5,91.6
20260719T003117Z,25.5,91.6
20260719T003133Z,25.5,91.7
20260719T003147Z,25.5,91.7
20260719T003204Z,25.6,91.8
20260719T003218Z,25.6,91.8
20260719T003233Z,25.6,91.8
20260719T003247Z,25.6,92.0
20260719T003303Z,25.6,91.9
20260719T003317Z,25.6,91.3
20260719T003333Z,25.6,90.1
20260719T003348Z,25.6,89.4
20260719T003403Z,25.6,89.0
20260719T003417Z,25.5,87.3
20260719T003433Z,25.4,86.6
20260719T003447Z,25.4,86.0
20260719T003502Z,25.3,85.4
20260719T003518Z,25.2,84.5
20260719T003532Z,25.1,83.9
20260719T003548Z,25.0,82.6
20260719T003602Z,24.9,82.0
20260719T003618Z,24.8,81.6
20260719T003633Z,24.7,80.7
20260719T003647Z,24.6,80.6
20260719T003702Z,24.5,79.7
20260719T003718Z,24.4,79.4
20260719T003732Z,24.4,79.2
20260719T003748Z,24.3,78.3
20260719T003802Z,24.3,78.9
20260719T003818Z,24.3,80.8
20260719T003832Z,24.3,81.8
20260719T003848Z,24.3,83.6
20260719T003902Z,24.3,84.1
20260719T003918Z,24.3,84.4
20260719T003933Z,24.3,84.4
20260719T003947Z,24.3,84.5
20260719T004002Z,24.4,84.7
20260719T004018Z,24.4,85.2
20260719T004032Z,24.4,85.5
20260719T004048Z,24.4,85.7
20260719T004102Z,24.4,85.7
20260719T004118Z,24.5,86.1
20260719T004132Z,24.5,86.4
20260719T004148Z,24.6,86.7
20260719T004202Z,24.6,86.9
20260719T004217Z,24.6,87.0
20260719T004233Z,24.7,87.0
20260719T004247Z,24.7,87.4
20260719T004303Z,24.7,87.5
20260719T004317Z,24.8,87.9
20260719T004333Z,24.8,88.0
20260719T004347Z,24.8,88.2
20260719T004403Z,24.9,88.4
20260719T004417Z,24.9,88.6
20260719T004433Z,24.9,88.8
20260719T004447Z,25.0,88.8
20260719T004503Z,25.0,88.9
20260719T004517Z,25.0,89.3
20260719T004533Z,25.0,89.2
20260719T004547Z,25.1,89.4
20260719T004602Z,25.1,89.6
20260719T004617Z,25.1,89.7
20260719T004633Z,25.1,89.9
20260719T004647Z,25.2,89.9
20260719T004703Z,25.2,90.1
20260719T004717Z,25.2,90.2
20260719T004733Z,25.2,90.4
20260719T004747Z,25.2,90.4
20260719T004803Z,25.3,90.4
20260719T004817Z,25.3,90.6
20260719T004832Z,25.3,90.7
20260719T004848Z,25.3,90.8
20260719T004902Z,25.3,90.9
20260719T004918Z,25.4,91.0
20260719T004932Z,25.4,91.0
20260719T004948Z,25.4,91.1
20260719T005002Z,25.4,91.3
20260719T005018Z,25.4,91.4
20260719T005032Z,25.4,91.5
20260719T005048Z,25.5,91.4
20260719T005102Z,25.5,91.4
20260719T005118Z,25.5,91.7
20260719T005132Z,25.5,91.7
20260719T005148Z,25.6,91.7
20260719T005202Z,25.6,91.7
20260719T005218Z,25.6,91.8
20260719T005233Z,25.6,91.8
20260719T005247Z,25.6,91.8
20260719T005303Z,25.6,91.4
20260719T005318Z,25.6,89.6
20260719T005333Z,25.6,89.6
20260719T005347Z,25.5,88.4
20260719T005403Z,25.5,87.2
20260719T005417Z,25.4,86.5
20260719T005433Z,25.3,85.8
20260719T005447Z,25.2,85.7
20260719T005503Z,25.2,84.2
20260719T005517Z,25.1,83.3
20260719T005533Z,25.0,83.3
20260719T005547Z,24.9,82.2
20260719T005602Z,24.8,82.0
20260719T005618Z,24.7,81.0
20260719T005633Z,24.7,80.3
20260719T005647Z,24.6,79.8
20260719T005703Z,24.5,79.0
20260719T005717Z,24.5,78.2
20260719T005733Z,24.4,77.8
20260719T005747Z,24.4,79.2
20260719T005804Z,24.3,81.0
20260719T005818Z,24.4,82.8
20260719T005833Z,24.4,83.8
20260719T005848Z,24.3,83.9
20260719T005903Z,24.3,84.2
20260719T005918Z,24.4,84.6
20260719T005933Z,24.4,84.7
20260719T005948Z,24.4,84.8
20260719T010002Z,24.4,85.4
20260719T010018Z,24.5,85.7
20260719T010032Z,24.5,85.9
20260719T010048Z,24.5,86.1
20260719T010102Z,24.5,86.5
20260719T010118Z,24.6,86.7
20260719T010132Z,24.6,86.9
20260719T010148Z,24.6,87.3
20260719T010203Z,24.6,87.3
20260719T010218Z,24.7,87.5
20260719T010233Z,24.7,87.5
20260719T010247Z,24.7,87.9
20260719T010303Z,24.8,88.0
20260719T010317Z,24.8,88.2
20260719T010333Z,24.8,88.5
20260719T010347Z,24.9,88.7
20260719T010403Z,24.9,88.8
20260719T010417Z,24.9,88.9
20260719T010433Z,24.9,89.1
20260719T010447Z,25.0,89.5
20260719T010503Z,25.0,89.4
20260719T010518Z,25.0,89.6
20260719T010533Z,25.0,89.7
20260719T010548Z,25.1,89.9
20260719T010603Z,25.1,90.2
20260719T010618Z,25.1,90.3
20260719T010633Z,25.1,90.4
20260719T010648Z,25.1,90.6
20260719T010703Z,25.2,90.6
20260719T010717Z,25.2,90.7
20260719T010733Z,25.2,90.8
20260719T010747Z,25.2,91.0
20260719T010803Z,25.2,91.2
20260719T010818Z,25.3,91.2
20260719T010833Z,25.3,91.3
20260719T010848Z,25.3,91.4
20260719T010903Z,25.3,91.5
20260719T010918Z,25.3,91.5
20260719T010933Z,25.4,91.7
20260719T010948Z,25.4,91.7
20260719T011003Z,25.4,91.8
20260719T011018Z,25.4,91.7
20260719T011033Z,25.4,91.9
20260719T011048Z,25.5,92.0
20260719T011103Z,25.5,92.0
20260719T011118Z,25.5,91.9
20260719T011133Z,25.5,92.0
20260719T011148Z,25.5,92.0
20260719T011203Z,25.6,92.1
20260719T011218Z,25.6,91.4
20260719T011233Z,25.6,90.9
20260719T011248Z,25.6,89.6
20260719T011303Z,25.5,89.3
20260719T011318Z,25.5,88.1
20260719T011333Z,25.4,87.2
20260719T011348Z,25.4,85.8
20260719T011403Z,25.3,85.2
20260719T011418Z,25.2,84.7
20260719T011433Z,25.1,83.8
20260719T011448Z,25.0,83.3
20260719T011503Z,24.9,82.5
20260719T011518Z,24.8,82.4
20260719T011533Z,24.7,81.4
20260719T011548Z,24.6,81.4
20260719T011603Z,24.5,80.8
20260719T011618Z,24.5,79.8
20260719T011633Z,24.4,79.2
20260719T011648Z,24.4,78.4
20260719T011703Z,24.3,78.1
20260719T011718Z,24.3,79.6
20260719T011733Z,24.3,81.1
20260719T011748Z,24.3,83.0
20260719T011803Z,24.3,83.8
20260719T011818Z,24.3,84.1
20260719T011833Z,24.3,84.2
20260719T011848Z,24.3,84.0
20260719T011903Z,24.4,84.5
20260719T011918Z,24.4,85.1
20260719T011933Z,24.4,85.5
20260719T011948Z,24.4,85.7
20260719T012003Z,24.5,85.9
20260719T012018Z,24.5,86.2
20260719T012033Z,24.5,86.2
20260719T012048Z,24.6,86.6
20260719T012103Z,24.6,86.9
20260719T012118Z,24.6,87.0
20260719T012133Z,24.7,87.1
20260719T012148Z,24.7,87.4
20260719T012203Z,24.7,87.7
20260719T012218Z,24.8,87.8
20260719T012233Z,24.8,88.1
20260719T012248Z,24.8,88.2
20260719T012303Z,24.8,88.3
20260719T012318Z,24.9,88.5
20260719T012333Z,24.9,88.6
20260719T012348Z,25.0,88.9
20260719T012403Z,25.0,89.1
20260719T012418Z,25.0,89.3
20260719T012433Z,25.0,89.3
20260719T012448Z,25.0,89.5
20260719T012503Z,25.0,89.6
20260719T012518Z,25.1,90.0
20260719T012533Z,25.1,89.9
20260719T012548Z,25.1,90.1
20260719T012603Z,25.1,90.1
20260719T012618Z,25.2,90.3
20260719T012633Z,25.2,90.4
20260719T012648Z,25.2,90.7
20260719T012703Z,25.2,90.7
20260719T012718Z,25.3,90.7
20260719T012733Z,25.3,91.0
20260719T012748Z,25.3,91.1
20260719T012803Z,25.3,91.1
20260719T012818Z,25.3,91.3
20260719T012833Z,25.4,91.3
20260719T012848Z,25.4,91.4
20260719T012903Z,25.4,91.4
20260719T012918Z,25.4,91.6
20260719T012933Z,25.4,91.6
20260719T012948Z,25.4,91.6
20260719T013003Z,25.5,91.6
20260719T013018Z,25.5,91.8
20260719T013033Z,25.5,91.8
20260719T013048Z,25.5,91.9
20260719T013103Z,25.5,91.9
20260719T013118Z,25.5,92.0
20260719T013133Z,25.6,92.0
20260719T013148Z,25.6,91.4
20260719T013203Z,25.6,90.3
20260719T013218Z,25.6,89.6
20260719T013233Z,25.5,88.4
20260719T013248Z,25.5,88.3
20260719T013303Z,25.4,86.8
20260719T013318Z,25.4,85.9
20260719T013333Z,25.3,85.1
20260719T013348Z,25.2,84.2
20260719T013403Z,25.1,84.0
20260719T013418Z,25.0,82.8
20260719T013433Z,24.9,81.8
20260719T013448Z,24.8,81.7
20260719T013503Z,24.7,80.9
20260719T013518Z,24.6,80.4
20260719T013533Z,24.5,80.2
20260719T013548Z,24.4,79.3
20260719T013603Z,24.4,79.0
20260719T013618Z,24.3,78.5
20260719T013633Z,24.3,78.1
20260719T013648Z,24.3,79.7
20260719T013703Z,24.3,81.7
20260719T013718Z,24.3,83.1
20260719T013733Z,24.3,83.7
20260719T013748Z,24.3,83.8
20260719T013803Z,24.3,84.0
20260719T013818Z,24.4,84.5
20260719T013833Z,24.4,84.7
20260719T013848Z,24.4,85.1
20260719T013903Z,24.4,85.4
20260719T013918Z,24.4,85.4
20260719T013933Z,24.5,86.0
20260719T013948Z,24.5,86.0
20260719T014003Z,24.5,86.3
20260719T014018Z,24.5,86.7
20260719T014033Z,24.6,86.8
20260719T014048Z,24.6,87.0
20260719T014103Z,24.6,87.4
20260719T014118Z,24.7,87.5
20260719T014133Z,24.7,87.6
20260719T014148Z,24.7,87.9
20260719T014203Z,24.8,88.1
20260719T014218Z,24.8,88.3
20260719T014233Z,24.8,88.6
20260719T014248Z,24.9,88.6
20260719T014303Z,24.9,88.7
20260719T014318Z,24.9,88.8
20260719T014333Z,25.0,88.9
20260719T014348Z,25.0,89.2
20260719T014403Z,25.0,89.4
20260719T014418Z,25.0,89.4
20260719T014433Z,25.1,89.5
20260719T014448Z,25.1,89.7
20260719T014503Z,25.1,89.7
20260719T014518Z,25.2,89.8
20260719T014533Z,25.2,90.0
20260719T014548Z,25.2,90.1
20260719T014603Z,25.2,90.1
20260719T014618Z,25.2,90.3
20260719T014633Z,25.3,90.5
20260719T014648Z,25.3,90.6
20260719T014703Z,25.3,90.8
20260719T014718Z,25.3,90.9
20260719T014733Z,25.4,91.0
20260719T014748Z,25.4,91.1
20260719T014803Z,25.4,91.2
20260719T014818Z,25.4,91.2
20260719T014833Z,25.4,91.3
20260719T014848Z,25.4,91.4
20260719T014903Z,25.5,91.5
20260719T014918Z,25.5,91.6
20260719T014933Z,25.5,91.6
20260719T014948Z,25.5,91.6
20260719T015003Z,25.5,91.7
20260719T015018Z,25.6,91.7
20260719T015033Z,25.6,91.0
20260719T015048Z,25.6,91.0
20260719T015103Z,25.6,89.4
20260719T015118Z,25.5,89.0
20260719T015133Z,25.5,88.2
20260719T015148Z,25.4,87.1
20260719T015203Z,25.4,85.9
20260719T015218Z,25.3,85.4
20260719T015233Z,25.2,84.4
20260719T015248Z,25.1,83.9
20260719T015303Z,25.0,83.4
20260719T015318Z,24.9,82.6
20260719T015333Z,24.8,82.1
20260719T015348Z,24.8,81.2
20260719T015403Z,24.7,81.3
20260719T015418Z,24.6,80.2
20260719T015433Z,24.6,79.3
20260719T015448Z,24.5,78.6
20260719T015503Z,24.5,77.7
20260719T015518Z,24.4,77.2
20260719T015533Z,24.3,79.0
20260719T015548Z,24.3,81.0
20260719T015603Z,24.3,82.8
20260719T015618Z,24.3,83.4
20260719T015633Z,24.3,83.7
20260719T015648Z,24.3,83.8
20260719T015703Z,24.3,84.2
20260719T015718Z,24.3,84.5
20260719T015733Z,24.4,84.8
20260719T015748Z,24.4,85.0
20260719T015803Z,24.4,85.0
20260719T015818Z,24.4,85.6
20260719T015833Z,24.5,85.7
20260719T015848Z,24.5,86.1
20260719T015903Z,24.5,86.2
20260719T015918Z,24.6,86.6
20260719T015933Z,24.6,86.6
20260719T015948Z,24.6,86.7
20260719T020003Z,24.7,87.1
20260719T020018Z,24.7,87.6
20260719T020033Z,24.7,87.4
20260719T020048Z,24.8,87.6
20260719T020103Z,24.8,87.9
20260719T020118Z,24.9,88.0
20260719T020133Z,24.9,88.0
20260719T020148Z,24.9,88.5
20260719T020203Z,24.9,88.7
20260719T020218Z,24.9,88.8
20260719T020233Z,25.0,88.8
20260719T020248Z,25.0,88.9
20260719T020303Z,25.0,89.2
20260719T020318Z,25.1,89.3
20260719T020333Z,25.1,89.4
20260719T020348Z,25.1,89.7
20260719T020403Z,25.1,89.8
20260719T020418Z,25.2,89.9
20260719T020433Z,25.2,90.1
20260719T020448Z,25.2,90.1
20260719T020503Z,25.2,90.3
20260719T020518Z,25.2,90.4
20260719T020533Z,25.2,90.5
20260719T020548Z,25.3,90.6
20260719T020603Z,25.3,90.6
20260719T020618Z,25.3,90.7
20260719T020633Z,25.4,90.9
20260719T020648Z,25.4,90.9
20260719T020703Z,25.4,90.9
20260719T020718Z,25.4,91.0
20260719T020733Z,25.4,91.0
20260719T020748Z,25.5,91.2
20260719T020803Z,25.5,91.2
20260719T020818Z,25.5,91.4
20260719T020833Z,25.5,91.3
20260719T020848Z,25.5,91.4
20260719T020903Z,25.5,91.4
20260719T020918Z,25.6,91.4
20260719T020933Z,25.6,91.1
20260719T020948Z,25.6,89.9
20260719T021003Z,25.5,88.6
20260719T021018Z,25.5,87.9
20260719T021033Z,25.5,87.0
20260719T021048Z,25.4,86.1
20260719T021103Z,25.3,85.2
20260719T021118Z,25.2,85.2
20260719T021133Z,25.1,83.9
20260719T021148Z,25.1,83.6
20260719T021203Z,25.0,83.0
20260719T021218Z,24.9,82.2
20260719T021233Z,24.8,81.7
20260719T021248Z,24.7,80.9
20260719T021303Z,24.7,80.6
20260719T021318Z,24.6,79.4
20260719T021333Z,24.5,78.6
20260719T021348Z,24.5,78.1
20260719T021403Z,24.4,77.2
20260719T021418Z,24.3,78.1
20260719T021433Z,24.3,79.9
20260719T021448Z,24.3,81.7
20260719T021503Z,24.3,82.8
20260719T021518Z,24.3,83.4
20260719T021533Z,24.3,83.7
20260719T021548Z,24.3,84.1
20260719T021603Z,24.3,84.4
20260719T021618Z,24.3,84.7
20260719T021633Z,24.4,85.1
20260719T021648Z,24.4,85.4
20260719T021703Z,24.4,85.5
20260719T021718Z,24.5,85.6
20260719T021733Z,24.5,85.8
20260719T021748Z,24.5,86.0
20260719T021803Z,24.6,86.6
20260719T021818Z,24.6,86.3
20260719T021833Z,24.6,86.9
20260719T021848Z,24.7,86.9
20260719T021903Z,24.7,87.4
20260719T021918Z,24.7,87.5
20260719T021933Z,24.8,87.6
20260719T021948Z,24.8,87.9
20260719T022003Z,24.8,88.3
20260719T022018Z,24.9,88.3
20260719T022033Z,24.9,88.4
20260719T022048Z,24.9,88.8
20260719T022103Z,25.0,88.7
20260719T022118Z,25.0,88.8
20260719T022133Z,25.0,89.0
20260719T022148Z,25.1,89.2
20260719T022203Z,25.1,89.4
20260719T022218Z,25.1,89.6
20260719T022233Z,25.1,89.6
20260719T022248Z,25.1,89.9
20260719T022303Z,25.2,89.9
20260719T022318Z,25.2,90.0
20260719T022333Z,25.2,90.2
20260719T022348Z,25.2,90.4
20260719T022403Z,25.3,90.5
20260719T022418Z,25.3,90.5
20260719T022433Z,25.3,90.6
20260719T022448Z,25.3,90.5
20260719T022503Z,25.3,90.8
20260719T022518Z,25.4,91.0
20260719T022533Z,25.4,90.9
20260719T022548Z,25.4,91.0
20260719T022603Z,25.4,91.2
20260719T022618Z,25.4,91.3
20260719T022633Z,25.4,91.3
20260719T022648Z,25.5,91.4
20260719T022703Z,25.5,91.4
20260719T022718Z,25.5,91.6
20260719T022733Z,25.5,91.5
20260719T022748Z,25.6,91.6
20260719T022803Z,25.6,91.4
20260719T022818Z,25.6,91.3
20260719T022833Z,25.6,89.5
20260719T022848Z,25.5,89.0
20260719T022903Z,25.5,87.8
20260719T022918Z,25.4,87.0
20260719T022933Z,25.4,86.1
20260719T022948Z,25.3,85.4
20260719T023003Z,25.2,84.3
20260719T023018Z,25.1,84.1
20260719T023033Z,25.0,83.3
20260719T023048Z,24.9,82.6
20260719T023103Z,24.9,81.7
20260719T023118Z,24.8,81.4
20260719T023133Z,24.7,80.6
20260719T023148Z,24.7,80.0
20260719T023203Z,24.6,79.8
20260719T023218Z,24.5,78.7
20260719T023233Z,24.5,78.1
20260719T023248Z,24.4,77.4
20260719T023303Z,24.3,78.6
20260719T023318Z,24.3,80.6
20260719T023333Z,24.3,82.2
20260719T023348Z,24.3,83.1
20260719T023403Z,24.3,83.8
20260719T023418Z,24.3,83.9
20260719T023433Z,24.3,84.1
20260719T023448Z,24.4,84.4
20260719T023503Z,24.4,84.7
20260719T023518Z,24.4,85.2
20260719T023533Z,24.4,85.3
20260719T023548Z,24.4,85.7
20260719T023603Z,24.5,85.9
20260719T023618Z,24.5,86.1
20260719T023633Z,24.5,86.4
20260719T023648Z,24.6,86.7
20260719T023703Z,24.6,86.7
20260719T023718Z,24.6,86.9
20260719T023733Z,24.7,87.1
20260719T023748Z,24.7,87.5
20260719T023803Z,24.7,87.7
20260719T023818Z,24.7,87.8
20260719T023833Z,24.8,87.9
20260719T023848Z,24.8,88.2
20260719T023903Z,24.9,88.2
20260719T023918Z,24.9,88.5
20260719T023933Z,24.9,88.6
20260719T023948Z,24.9,88.8
20260719T024003Z,25.0,89.0
20260719T024018Z,25.0,89.2
20260719T024033Z,25.0,89.2
20260719T024048Z,25.0,89.4
20260719T024103Z,25.1,89.5
20260719T024118Z,25.1,89.6
20260719T024133Z,25.1,89.7
20260719T024148Z,25.2,89.8
20260719T024203Z,25.2,89.9
20260719T024218Z,25.2,90.0
20260719T024233Z,25.2,90.2
20260719T024248Z,25.3,90.4
20260719T024303Z,25.3,90.4
20260719T024318Z,25.3,90.4
20260719T024333Z,25.3,90.6
20260719T024348Z,25.3,90.8
20260719T024403Z,25.4,90.8
20260719T024418Z,25.4,90.8
20260719T024433Z,25.4,90.9
20260719T024448Z,25.4,91.0
20260719T024503Z,25.4,91.1
20260719T024518Z,25.5,91.0
20260719T024533Z,25.5,91.1
20260719T024548Z,25.5,91.1
20260719T024603Z,25.5,91.3
20260719T024618Z,25.5,91.3
20260719T024633Z,25.6,91.4
20260719T024648Z,25.6,91.4
20260719T024703Z,25.6,91.2
20260719T024718Z,25.6,91.2
20260719T024733Z,25.6,89.7
20260719T024748Z,25.6,88.9
20260719T024803Z,25.5,88.0
20260719T024818Z,25.5,87.0
20260719T024833Z,25.4,86.0
20260719T024848Z,25.4,85.4
20260719T024903Z,25.3,84.6
20260719T024918Z,25.2,84.0
20260719T024933Z,25.1,83.2
20260719T024948Z,25.0,83.3
20260719T025003Z,24.9,82.0
20260719T025018Z,24.9,81.4
20260719T025033Z,24.8,80.5
20260719T025048Z,24.7,79.8
20260719T025103Z,24.7,79.3
20260719T025118Z,24.6,78.9
20260719T025133Z,24.6,77.7
20260719T025148Z,24.5,77.3
20260719T025203Z,24.4,78.9
20260719T025218Z,24.4,80.5
20260719T025233Z,24.4,82.0
20260719T025248Z,24.4,83.1
20260719T025303Z,24.4,83.4
20260719T025318Z,24.4,83.9
20260719T025333Z,24.4,84.0
20260719T025348Z,24.4,84.6
20260719T025403Z,24.4,84.6
20260719T025418Z,24.4,84.9
20260719T025433Z,24.5,85.3
20260719T025448Z,24.5,85.5
20260719T025503Z,24.5,86.0
20260719T025518Z,24.6,85.8
20260719T025533Z,24.6,86.4
20260719T025548Z,24.6,86.6
20260719T025603Z,24.7,86.7
20260719T025618Z,24.7,86.7
20260719T025633Z,24.7,86.9
20260719T025648Z,24.7,87.3
20260719T025703Z,24.8,87.6
20260719T025718Z,24.8,87.7
20260719T025733Z,24.8,88.0
20260719T025748Z,24.9,88.2
20260719T025803Z,24.9,88.3
20260719T025818Z,24.9,88.3
20260719T025833Z,25.0,88.7
20260719T025848Z,25.0,88.7
20260719T025903Z,25.0,88.8
20260719T025918Z,25.0,88.9
20260719T025933Z,25.0,89.2
20260719T025948Z,25.1,89.4
20260719T030003Z,25.1,89.4
20260719T030018Z,25.1,89.5
20260719T030033Z,25.2,89.8
20260719T030048Z,25.2,90.0
20260719T030103Z,25.2,90.1
20260719T030118Z,25.2,90.1
20260719T030133Z,25.2,90.2
20260719T030148Z,25.2,90.3
20260719T030203Z,25.3,90.5
20260719T030218Z,25.3,90.5
20260719T030233Z,25.3,90.6
20260719T030248Z,25.3,90.6
20260719T030303Z,25.4,90.7
20260719T030318Z,25.4,90.9
20260719T030333Z,25.4,90.9
20260719T030348Z,25.4,90.9
20260719T030403Z,25.4,91.0
20260719T030418Z,25.5,91.1
20260719T030433Z,25.5,91.2
20260719T030448Z,25.5,91.3
20260719T030503Z,25.5,91.3
20260719T030518Z,25.5,91.2
20260719T030533Z,25.5,91.4
20260719T030548Z,25.6,91.4
20260719T030603Z,25.6,90.6
20260719T030618Z,25.6,90.9
20260719T030633Z,25.6,89.1
20260719T030648Z,25.6,88.9
20260719T030703Z,25.5,88.0
20260719T030718Z,25.5,87.1
20260719T030733Z,25.4,86.0
20260719T030748Z,25.3,84.6
20260719T030803Z,25.2,84.7
20260719T030818Z,25.1,83.6
20260719T030833Z,25.0,83.5
20260719T030848Z,25.0,82.4
20260719T030903Z,24.9,81.7
20260719T030918Z,24.8,81.0
20260719T030933Z,24.7,80.4
20260719T030948Z,24.7,80.2
20260719T031003Z,24.6,79.8
20260719T031018Z,24.6,78.7
20260719T031033Z,24.5,78.2
20260719T031048Z,24.4,77.5
20260719T031103Z,24.4,78.9
20260719T031118Z,24.4,80.7
20260719T031133Z,24.4,82.5
20260719T031148Z,24.4,82.8
20260719T031203Z,24.4,83.2
20260719T031218Z,24.4,83.5
20260719T031233Z,24.4,83.9
20260719T031248Z,24.4,84.1
20260719T031303Z,24.4,84.4
20260719T031318Z,24.5,84.7
20260719T031333Z,24.5,84.9
20260719T031348Z,24.5,85.2
20260719T031403Z,24.5,85.5
20260719T031418Z,24.6,85.7
20260719T031433Z,24.6,86.1
20260719T031448Z,24.6,86.2
20260719T031503Z,24.7,86.3
20260719T031518Z,24.7,86.7
20260719T031533Z,24.7,86.8
20260719T031548Z,24.8,87.0
20260719T031603Z,24.8,87.2
20260719T031618Z,24.8,87.5
20260719T031633Z,24.8,87.6
20260719T031648Z,24.9,87.8
20260719T031703Z,24.9,88.1
20260719T031718Z,24.9,88.1
20260719T031733Z,25.0,88.3
20260719T031748Z,25.0,88.6
20260719T031803Z,25.0,88.8
20260719T031818Z,25.1,88.9
20260719T031833Z,25.1,89.0
20260719T031848Z,25.1,89.2
20260719T031903Z,25.1,89.3
20260719T031918Z,25.1,89.4
20260719T031933Z,25.2,89.4
20260719T031948Z,25.2,89.6
20260719T032003Z,25.2,89.8
20260719T032018Z,25.2,89.7
20260719T032033Z,25.2,89.9
20260719T032048Z,25.3,90.0
20260719T032103Z,25.3,90.1
20260719T032118Z,25.3,90.2
20260719T032133Z,25.3,90.2
20260719T032148Z,25.4,90.4
20260719T032203Z,25.4,90.6
20260719T032218Z,25.4,90.6
20260719T032233Z,25.4,90.6
20260719T032248Z,25.5,90.7
20260719T032303Z,25.5,90.8
20260719T032318Z,25.5,90.8
20260719T032333Z,25.5,90.8
20260719T032348Z,25.5,90.9
20260719T032403Z,25.5,91.0
20260719T032418Z,25.6,91.0
20260719T032433Z,25.6,91.1
20260719T032448Z,25.6,91.1
20260719T032503Z,25.6,90.4
20260719T032518Z,25.6,90.0
20260719T032533Z,25.6,88.7
20260719T032548Z,25.6,88.5
20260719T032603Z,25.5,87.2
20260719T032618Z,25.5,86.1
20260719T032633Z,25.4,85.6
20260719T032648Z,25.3,84.6
20260719T032703Z,25.2,83.6
20260719T032718Z,25.1,83.5
20260719T032733Z,25.0,82.6
20260719T032748Z,25.0,82.0
20260719T032803Z,24.9,81.2
20260719T032818Z,24.8,80.1
20260719T032833Z,24.7,80.3
20260719T032848Z,24.7,79.8
20260719T032903Z,24.6,79.0
20260719T032918Z,24.6,81.5
20260719T032933Z,24.5,83.2
20260719T032948Z,24.5,84.5
20260719T033003Z,24.5,84.7
20260719T033018Z,24.5,85.3
20260719T033033Z,24.6,85.4
20260719T033048Z,24.6,85.7
20260719T033103Z,24.6,86.1
20260719T033118Z,24.6,86.2
20260719T033133Z,24.6,86.3
20260719T033148Z,24.6,86.6
20260719T033203Z,24.7,86.8
20260719T033218Z,24.7,86.9
20260719T033233Z,24.7,87.1
20260719T033248Z,24.8,87.2
20260719T033303Z,24.8,87.8
20260719T033318Z,24.8,87.8
20260719T033333Z,24.9,88.2
20260719T033348Z,24.9,88.1
20260719T033403Z,24.9,88.3
20260719T033418Z,24.9,88.6
20260719T033433Z,25.0,88.5
20260719T033448Z,25.0,88.8
20260719T033504Z,25.0,89.0
20260719T033519Z,25.1,89.2
20260719T033533Z,25.1,89.2
20260719T033548Z,25.1,89.4
20260719T033603Z,25.2,89.6
20260719T033618Z,25.2,89.7
20260719T033633Z,25.2,89.9
20260719T033648Z,25.2,90.2
20260719T033703Z,25.2,90.3
20260719T033718Z,25.3,90.4
20260719T033733Z,25.3,90.5
20260719T033748Z,25.3,90.6
20260719T033803Z,25.3,90.6
20260719T033818Z,25.4,90.9
20260719T033833Z,25.4,90.8
20260719T033848Z,25.4,90.9
20260719T033903Z,25.5,91.0
20260719T033918Z,25.5,91.1
20260719T033933Z,25.5,91.2
20260719T033948Z,25.6,91.3
20260719T034003Z,25.6,91.2
20260719T034018Z,25.6,91.3
20260719T034033Z,25.6,91.3
20260719T034048Z,25.7,91.4
20260719T034103Z,25.7,91.3
20260719T034118Z,25.7,91.4
20260719T034133Z,25.7,91.4
20260719T034148Z,25.8,91.4
20260719T034203Z,25.8,91.4
20260719T034218Z,25.8,91.5
20260719T034233Z,25.8,91.4
20260719T034248Z,25.9,91.4
20260719T034303Z,25.9,91.5
20260719T034318Z,25.9,91.4
20260719T034333Z,25.9,91.4
20260719T034348Z,25.9,91.4
20260719T034403Z,26.0,91.5
20260719T034418Z,26.0,91.4
20260719T034433Z,26.0,91.5
20260719T034448Z,26.0,91.5
20260719T034503Z,26.0,91.6
20260719T034518Z,26.0,91.5
20260719T034533Z,26.1,91.6
20260719T034548Z,26.1,91.6
20260719T034603Z,26.1,91.6
20260719T034618Z,26.1,91.5
20260719T034633Z,26.2,91.6
20260719T034648Z,26.2,91.6
20260719T034703Z,26.2,91.6
20260719T034718Z,26.2,91.6
20260719T034733Z,26.2,91.5
20260719T034748Z,26.2,91.6
20260719T034803Z,26.2,91.6
20260719T034818Z,26.3,91.6
20260719T034833Z,26.3,91.5
20260719T034848Z,26.3,91.5
20260719T034903Z,26.3,91.5
20260719T034918Z,26.3,91.5
20260719T034933Z,26.4,91.5
20260719T034948Z,26.4,91.5
20260719T035003Z,26.4,91.5
20260719T035018Z,26.4,91.5
20260719T035033Z,26.4,91.4
20260719T035048Z,26.4,91.4
20260719T035103Z,26.4,91.4
20260719T035118Z,26.5,91.4
20260719T035133Z,26.5,91.4
20260719T035148Z,26.5,91.1
20260719T035203Z,26.5,90.9
20260719T035218Z,26.5,90.5
20260719T035233Z,26.5,90.6
20260719T035248Z,26.5,90.6
20260719T035303Z,26.5,90.5
20260719T035318Z,26.5,90.3
20260719T035333Z,26.5,89.6
20260719T035348Z,26.5,88.9
20260719T035403Z,26.5,88.5
20260719T035418Z,26.5,88.2
20260719T035433Z,26.5,87.5
20260719T035448Z,26.5,86.8
20260719T035503Z,26.5,86.2
20260719T035519Z,26.5,85.5
20260719T035533Z,26.5,85.2
20260719T035548Z,26.5,84.9
20260719T035603Z,26.5,84.5
20260719T035618Z,26.4,84.4
20260719T035633Z,26.4,84.0
20260719T035648Z,26.4,83.5
20260719T035703Z,26.4,82.9
20260719T035718Z,26.4,82.4
20260719T035733Z,26.4,82.0
20260719T035748Z,26.4,81.8
20260719T035803Z,26.4,81.5
20260719T035822Z,26.4,81.3
20260719T035833Z,26.4,81.1
20260719T035849Z,26.3,80.6
20260719T035903Z,26.3,80.5
20260719T035918Z,26.3,80.2
20260719T035933Z,26.3,79.9
20260719T035948Z,26.3,79.8
20260719T040003Z,26.3,79.4
20260719T040018Z,26.3,79.2
20260719T040033Z,26.3,79.1
20260719T040048Z,26.3,78.8
20260719T040104Z,26.3,78.5
20260719T040118Z,26.3,78.2
20260719T040134Z,26.3,77.8
20260719T040148Z,26.3,77.5
20260719T040203Z,26.3,77.3
20260719T040218Z,26.3,77.2
20260719T040233Z,26.3,77.0
20260719T040248Z,26.3,76.8
20260719T040303Z,26.2,76.4
20260719T040318Z,26.2,76.2
20260719T040333Z,26.2,76.1
20260719T040349Z,26.2,75.6
20260719T040404Z,26.2,75.3
20260719T040418Z,26.2,75.1
20260719T040433Z,26.2,75.1
20260719T040449Z,26.2,74.7
20260719T040503Z,26.2,74.3
20260719T040519Z,26.2,74.3
20260719T040533Z,26.2,73.8
20260719T040549Z,26.2,73.7
20260719T040603Z,26.2,73.3
20260719T040619Z,26.2,73.2
20260719T040633Z,26.2,72.9
20260719T040649Z,26.2,72.8
20260719T040703Z,26.2,72.6
20260719T040719Z,26.2,72.3
20260719T040733Z,26.2,72.2
20260719T040749Z,26.2,71.7
20260719T040803Z,26.1,71.5
20260719T040819Z,26.1,71.4
20260719T040833Z,26.1,71.1
20260719T040849Z,26.1,70.9
20260719T040903Z,26.1,70.7
20260719T040919Z,26.1,70.4
20260719T040933Z,26.1,70.1
20260719T040949Z,26.1,69.8
20260719T041003Z,26.1,69.7
20260719T041019Z,26.1,69.6
20260719T041034Z,26.1,69.4
20260719T041049Z,26.1,69.1
20260719T041104Z,26.1,68.8
20260719T041118Z,26.1,68.5
20260719T041134Z,26.1,68.5
20260719T041148Z,26.1,68.3
20260719T041204Z,26.1,68.1
20260719T041218Z,26.1,67.9
20260719T041234Z,26.1,67.9
20260719T041249Z,26.1,67.8
20260719T041304Z,26.1,67.4
20260719T041318Z,26.1,67.1
20260719T041334Z,26.1,67.1
20260719T041348Z,26.1,66.9
20260719T041404Z,26.1,66.7
20260719T041418Z,26.1,66.5
20260719T041434Z,26.1,66.3
20260719T041448Z,26.1,66.2
20260719T041504Z,26.1,65.7
20260719T041518Z,26.1,65.8
20260719T041534Z,26.1,65.5
20260719T041548Z,26.1,65.5
20260719T041603Z,26.1,65.2
20260719T041619Z,26.1,64.9
20260719T041633Z,26.0,65.0
20260719T041648Z,26.0,65.1
20260719T041703Z,26.1,64.7
20260719T041718Z,26.0,64.5
20260719T041734Z,26.0,64.5
20260719T041748Z,26.0,64.1
20260719T041803Z,26.0,64.0
20260719T041819Z,26.0,64.0
20260719T041833Z,26.0,63.6
20260719T041849Z,26.0,63.7
20260719T041903Z,26.0,63.4
20260719T041919Z,26.0,63.6
20260719T041934Z,26.0,63.6
20260719T041949Z,26.0,63.3
20260719T042003Z,26.1,63.5
20260719T042019Z,26.1,63.6
20260719T042033Z,26.1,63.5
20260719T042049Z,26.1,63.8
20260719T042103Z,26.1,64.0
20260719T042119Z,26.1,64.0
20260719T042133Z,26.1,64.3
20260719T042149Z,26.2,64.4
20260719T042204Z,26.2,64.4
20260719T042218Z,26.3,64.6
20260719T042234Z,26.3,64.7
20260719T042249Z,26.3,65.0
20260719T042304Z,26.3,65.1
20260719T042318Z,26.4,65.3
20260719T042334Z,26.4,65.3
20260719T042348Z,26.5,65.4
20260719T042403Z,26.5,65.7
20260719T042419Z,26.5,65.8
20260719T042433Z,26.5,65.8
20260719T042449Z,26.6,65.9
20260719T042503Z,26.6,66.0
20260719T042518Z,26.6,66.1
20260719T042533Z,26.6,66.2
20260719T042549Z,26.7,66.4
20260719T042603Z,26.7,66.4
20260719T042619Z,26.7,66.5
20260719T042633Z,26.7,66.6
20260719T042649Z,26.7,66.7
20260719T042703Z,26.8,66.8
20260719T042719Z,26.8,66.9
20260719T042733Z,26.8,67.1
20260719T042749Z,26.8,67.2
20260719T042803Z,26.9,67.2
20260719T042819Z,26.9,67.3
20260719T042833Z,26.9,66.9
20260719T042849Z,26.8,66.2
20260719T042904Z,26.7,66.2
20260719T042918Z,26.6,65.9
20260719T042933Z,26.5,65.1
20260719T042949Z,26.3,64.9
20260719T043003Z,26.1,65.1
20260719T043019Z,26.0,65.0
20260719T043033Z,25.8,64.9
20260719T043049Z,25.6,65.1
20260719T043103Z,25.5,64.7
20260719T043119Z,25.4,64.6
20260719T043134Z,25.2,64.4
20260719T043148Z,25.1,64.1
20260719T043204Z,25.0,64.3
20260719T043218Z,24.9,67.0
20260719T043234Z,24.8,69.2
20260719T043248Z,24.8,71.3
20260719T043304Z,24.8,71.9
20260719T043318Z,24.7,72.2
20260719T043334Z,24.7,72.8
20260719T043348Z,24.7,73.6
20260719T043403Z,24.7,74.2
20260719T043419Z,24.8,74.3
20260719T043433Z,24.8,75.1
20260719T043449Z,24.8,75.2
20260719T043504Z,24.8,75.9
20260719T043518Z,24.9,76.2
20260719T043534Z,24.9,76.7
20260719T043548Z,24.9,76.8
20260719T043603Z,25.0,76.9
20260719T043618Z,25.0,77.1
20260719T043633Z,25.1,77.2
20260719T043649Z,25.1,77.2
20260719T043703Z,25.2,77.1
20260719T043719Z,25.3,77.3
20260719T043733Z,25.4,77.2
20260719T043749Z,25.4,77.2
20260719T043803Z,25.5,77.0
20260719T043819Z,25.6,76.9
20260719T043833Z,25.6,76.9
20260719T043849Z,25.7,76.8
20260719T043903Z,25.8,76.8
20260719T043919Z,25.8,76.6
20260719T043933Z,25.9,76.5
20260719T043949Z,26.0,76.4
20260719T044004Z,26.0,76.3
20260719T044019Z,26.1,76.2
20260719T044033Z,26.1,76.2
20260719T044049Z,26.2,76.1
20260719T044105Z,26.2,76.0
20260719T044119Z,26.3,75.9
20260719T044134Z,26.4,75.9
20260719T044148Z,26.4,75.8
20260719T044204Z,26.4,75.7
20260719T044219Z,26.5,75.7
20260719T044233Z,26.5,75.6
20260719T044249Z,26.6,75.6
20260719T044304Z,26.6,75.6
20260719T044318Z,26.6,75.6
20260719T044334Z,26.7,75.5
20260719T044348Z,26.7,75.5
20260719T044404Z,26.7,75.5
20260719T044418Z,26.8,75.5
20260719T044434Z,26.8,75.5
20260719T044448Z,26.8,75.4
20260719T044504Z,26.8,75.5
20260719T044518Z,26.9,75.3
20260719T044534Z,26.9,75.1
20260719T044548Z,26.8,74.0
20260719T044604Z,26.8,74.0
20260719T044618Z,26.7,73.5
20260719T044634Z,26.6,72.9
20260719T044648Z,26.5,72.8
20260719T044704Z,26.4,72.4
20260719T044718Z,26.2,71.5
20260719T044734Z,26.1,71.2
20260719T044748Z,25.9,70.7
20260719T044804Z,25.8,70.5
20260719T044818Z,25.6,70.5
20260719T044833Z,25.5,69.7
20260719T044848Z,25.3,69.7
20260719T044904Z,25.2,69.4
20260719T044918Z,25.1,69.4
20260719T044934Z,25.0,68.9
20260719T044948Z,24.9,71.2
20260719T045005Z,24.9,73.2
20260719T045019Z,24.8,75.0
20260719T045034Z,24.8,75.9
20260719T045048Z,24.8,76.2
20260719T045104Z,24.8,76.5
20260719T045118Z,24.8,77.0
20260719T045134Z,24.9,77.9
20260719T045148Z,24.8,78.2
20260719T045203Z,24.9,78.9
20260719T045219Z,24.9,79.2
20260719T045233Z,25.0,79.7
20260719T045249Z,25.0,80.0
20260719T045303Z,25.0,80.3
20260719T045319Z,25.0,80.7
20260719T045333Z,25.1,81.0
20260719T045349Z,25.1,81.3
20260719T045403Z,25.1,81.7
20260719T045418Z,25.2,81.6
20260719T045434Z,25.2,81.9
20260719T045448Z,25.2,82.2
20260719T045504Z,25.3,82.3
20260719T045519Z,25.3,82.4
20260719T045533Z,25.4,82.6
20260719T045548Z,25.4,82.8
20260719T045604Z,25.4,82.7
20260719T045618Z,25.5,82.8
20260719T045634Z,25.5,82.8
20260719T045648Z,25.6,83.0
20260719T045704Z,25.6,82.9
20260719T045719Z,25.7,82.8
20260719T045734Z,25.7,82.8
20260719T045749Z,25.8,82.7
20260719T045804Z,25.8,82.6
20260719T045818Z,25.9,82.6
20260719T045834Z,25.9,82.5
20260719T045848Z,26.0,82.5
20260719T045904Z,26.0,82.4
20260719T045918Z,26.1,82.3
20260719T045934Z,26.1,82.2
20260719T045949Z,26.2,82.1
20260719T050004Z,26.2,82.1
20260719T050018Z,26.3,82.0
20260719T050034Z,26.3,81.9
20260719T050048Z,26.4,81.8
20260719T050104Z,26.4,81.7
20260719T050119Z,26.4,81.6
20260719T050134Z,26.5,81.5
20260719T050149Z,26.5,81.5
20260719T050204Z,26.6,81.4
20260719T050219Z,26.6,81.3
20260719T050234Z,26.6,81.2
20260719T050249Z,26.6,81.2
20260719T050304Z,26.7,81.1
20260719T050319Z,26.7,81.0
20260719T050334Z,26.7,81.0
20260719T050349Z,26.8,80.9
20260719T050404Z,26.8,80.8
20260719T050419Z,26.8,80.9
20260719T050434Z,26.8,79.2
20260719T050449Z,26.8,78.7
20260719T050504Z,26.7,78.2
20260719T050519Z,26.6,77.7
20260719T050534Z,26.5,77.2
20260719T050549Z,26.4,76.7
20260719T050604Z,26.3,76.4
20260719T050619Z,26.2,75.7
20260719T050634Z,26.0,75.2
20260719T050649Z,25.9,74.5
20260719T050705Z,25.7,73.9
20260719T050719Z,25.6,73.8
20260719T050734Z,25.4,73.1
20260719T050749Z,25.3,73.5
20260719T050804Z,25.2,72.8
20260719T050819Z,25.1,72.3
20260719T050834Z,25.0,72.1
20260719T050849Z,24.9,71.2
20260719T050904Z,24.8,73.2
20260719T050919Z,24.8,74.9
20260719T050934Z,24.7,76.8
20260719T050949Z,24.7,78.2
20260719T051004Z,24.7,78.4
20260719T051019Z,24.7,79.1
20260719T051034Z,24.8,79.4
20260719T051049Z,24.8,79.8
20260719T051104Z,24.8,80.0
20260719T051119Z,24.9,80.4
20260719T051134Z,24.9,80.6
20260719T051149Z,25.0,81.3
20260719T051204Z,25.0,81.5
20260719T051219Z,25.0,82.0
20260719T051234Z,25.1,82.2
20260719T051249Z,25.1,82.6
20260719T051304Z,25.2,82.7
20260719T051319Z,25.2,83.0
20260719T051334Z,25.2,83.1
20260719T051349Z,25.3,83.6
20260719T051404Z,25.3,83.7
20260719T051419Z,25.3,84.1
20260719T051434Z,25.4,84.3
20260719T051449Z,25.4,84.4
20260719T051504Z,25.5,84.4
20260719T051519Z,25.5,84.6
20260719T051534Z,25.5,84.8
20260719T051549Z,25.6,85.0
20260719T051604Z,25.6,85.0
20260719T051619Z,25.6,85.0
20260719T051634Z,25.7,85.2
20260719T051649Z,25.7,85.2
20260719T051704Z,25.7,85.3
20260719T051719Z,25.8,85.4
20260719T051734Z,25.8,85.3
20260719T051749Z,25.9,85.3
20260719T051804Z,25.9,85.3
20260719T051819Z,26.0,85.2
20260719T051834Z,26.0,85.2
20260719T051849Z,26.0,85.3
20260719T051904Z,26.1,85.2
20260719T051919Z,26.1,85.2
20260719T051934Z,26.2,85.0
20260719T051949Z,26.2,85.1
20260719T052004Z,26.2,85.0
20260719T052019Z,26.3,84.9
20260719T052034Z,26.3,84.8
20260719T052049Z,26.4,84.8
20260719T052104Z,26.4,84.8
20260719T052119Z,26.4,84.6
20260719T052134Z,26.5,84.6
20260719T052149Z,26.5,84.5
20260719T052204Z,26.6,84.5
20260719T052219Z,26.6,84.4
20260719T052234Z,26.6,84.3
20260719T052249Z,26.7,84.3
20260719T052304Z,26.7,84.2
20260719T052319Z,26.7,84.1
20260719T052334Z,26.7,84.0
20260719T052349Z,26.8,83.6
20260719T052404Z,26.8,82.5
20260719T052419Z,26.7,81.5
20260719T052434Z,26.7,81.2
20260719T052449Z,26.6,80.6
20260719T052504Z,26.5,80.0
20260719T052519Z,26.4,79.3
20260719T052534Z,26.3,79.5
20260719T052549Z,26.2,78.1
20260719T052604Z,26.1,78.1
20260719T052619Z,26.0,77.3
20260719T052634Z,25.9,76.7
20260719T052649Z,25.8,76.5
20260719T052704Z,25.7,75.9
20260719T052719Z,25.7,75.5
20260719T052734Z,25.6,75.0
20260719T052749Z,25.5,73.6
20260719T052804Z,25.4,73.0
20260719T052819Z,25.3,72.5
20260719T052834Z,25.2,72.6
20260719T052849Z,25.1,71.7
20260719T052904Z,25.0,73.4
20260719T052919Z,25.0,75.5
20260719T052934Z,24.9,77.3
20260719T052949Z,24.9,78.5
20260719T053004Z,24.9,78.9
20260719T053019Z,24.9,79.2
20260719T053034Z,24.9,79.6
20260719T053049Z,24.9,80.0
20260719T053104Z,25.0,80.5
20260719T053119Z,25.0,80.8
20260719T053134Z,25.1,81.4
20260719T053149Z,25.1,81.6
20260719T053205Z,25.1,82.2
20260719T053219Z,25.1,82.3
20260719T053234Z,25.2,82.8
20260719T053249Z,25.2,82.9
20260719T053305Z,25.2,83.2
20260719T053319Z,25.3,83.6
20260719T053334Z,25.3,83.7
20260719T053349Z,25.4,84.0
20260719T053404Z,25.4,84.4
20260719T053419Z,25.4,84.5
20260719T053434Z,25.5,84.8
20260719T053449Z,25.5,85.0
20260719T053504Z,25.5,85.3
20260719T053519Z,25.6,85.3
20260719T053534Z,25.6,85.6
20260719T053549Z,25.6,85.7
20260719T053604Z,25.7,85.8
20260719T053619Z,25.7,85.9
20260719T053634Z,25.7,86.1
20260719T053649Z,25.8,86.2
20260719T053704Z,25.8,86.2
20260719T053719Z,25.8,86.3
20260719T053734Z,25.9,86.5
20260719T053749Z,25.9,86.6
20260719T053804Z,25.9,86.6
20260719T053819Z,26.0,86.7
20260719T053834Z,26.0,86.7
20260719T053849Z,26.0,86.7
20260719T053904Z,26.1,86.8
20260719T053919Z,26.1,86.7
20260719T053934Z,26.2,86.8
20260719T053949Z,26.2,86.7
20260719T054004Z,26.2,86.7
20260719T054019Z,26.2,86.8
20260719T054034Z,26.3,86.7
20260719T054049Z,26.3,86.7
20260719T054104Z,26.3,86.7
20260719T054119Z,26.4,86.7
20260719T054134Z,26.4,86.6
20260719T054149Z,26.4,86.6
20260719T054204Z,26.5,86.5
20260719T054219Z,26.5,86.5
20260719T054234Z,26.5,86.4
20260719T054249Z,26.6,86.3
20260719T054304Z,26.6,86.3
20260719T054319Z,26.6,86.3
20260719T054334Z,26.7,86.2
20260719T054349Z,26.7,85.4
20260719T054404Z,26.7,85.2
20260719T054419Z,26.7,83.5
20260719T054434Z,26.6,83.0
20260719T054449Z,26.6,82.5
20260719T054504Z,26.5,81.8
20260719T054519Z,26.4,81.5
20260719T054534Z,26.3,80.6
20260719T054549Z,26.2,79.9
20260719T054604Z,26.1,79.7
20260719T054619Z,26.0,79.3
20260719T054634Z,25.9,78.3
20260719T054649Z,25.8,78.0
20260719T054704Z,25.7,77.5
20260719T054719Z,25.7,76.7
20260719T054734Z,25.5,75.5
20260719T054749Z,25.4,75.1
20260719T054804Z,25.3,75.1
20260719T054819Z,25.2,74.4
20260719T054834Z,25.1,74.0
20260719T054849Z,25.1,73.2
20260719T054904Z,25.0,73.0
20260719T054919Z,24.9,73.3
20260719T054934Z,24.8,75.6
20260719T054949Z,24.8,77.6
20260719T055005Z,24.8,78.6
20260719T055019Z,24.8,79.2
20260719T055034Z,24.8,79.9
20260719T055049Z,24.8,80.1
20260719T055104Z,24.9,80.6
20260719T055119Z,24.9,80.9
20260719T055134Z,25.0,81.3
20260719T055149Z,25.0,81.7
20260719T055204Z,25.0,82.0
20260719T055219Z,25.1,82.4
20260719T055234Z,25.1,82.5
20260719T055249Z,25.2,83.1
20260719T055304Z,25.2,83.3
20260719T055319Z,25.3,83.6
20260719T055334Z,25.3,83.8
20260719T055349Z,25.3,84.1
20260719T055404Z,25.4,84.3
20260719T055419Z,25.4,84.5
20260719T055434Z,25.5,85.0
20260719T055449Z,25.5,85.2
20260719T055504Z,25.5,85.2
20260719T055519Z,25.6,85.4
20260719T055534Z,25.6,85.7
20260719T055549Z,25.7,86.0
20260719T055604Z,25.7,86.0
20260719T055619Z,25.7,86.2
20260719T055634Z,25.7,86.4
20260719T055649Z,25.8,86.7
20260719T055704Z,25.8,86.7
20260719T055719Z,25.8,86.7
20260719T055734Z,25.9,86.8
20260719T055749Z,25.9,87.0
20260719T055804Z,25.9,87.0
20260719T055819Z,26.0,87.2
20260719T055834Z,26.0,87.3
20260719T055849Z,26.0,87.4
20260719T055904Z,26.1,87.4
20260719T055919Z,26.1,87.5
20260719T055934Z,26.1,87.5
20260719T055949Z,26.2,87.6
20260719T060004Z,26.2,87.6
20260719T060019Z,26.2,87.7
20260719T060034Z,26.3,87.7
20260719T060049Z,26.3,87.7
20260719T060104Z,26.3,87.7
20260719T060119Z,26.4,87.7
20260719T060134Z,26.4,87.6
20260719T060149Z,26.4,87.6
20260719T060204Z,26.5,87.5
20260719T060219Z,26.5,87.6
20260719T060234Z,26.5,87.5
20260719T060249Z,26.6,87.5
20260719T060304Z,26.6,87.4
20260719T060319Z,26.6,87.4
20260719T060334Z,26.6,87.3
20260719T060349Z,26.7,87.0
20260719T060404Z,26.7,85.4
20260719T060419Z,26.6,84.5
20260719T060434Z,26.6,84.1
20260719T060449Z,26.5,83.1
20260719T060504Z,26.4,83.0
20260719T060519Z,26.4,82.3
20260719T060534Z,26.3,81.5
20260719T060549Z,26.2,80.2
20260719T060604Z,26.1,79.5
20260719T060619Z,26.0,79.4
20260719T060634Z,25.9,78.7
20260719T060649Z,25.8,78.0
20260719T060704Z,25.7,77.2
20260719T060719Z,25.5,77.0
20260719T060734Z,25.4,76.0
20260719T060749Z,25.3,75.7
20260719T060804Z,25.2,75.5
20260719T060819Z,25.1,74.8
20260719T060834Z,25.0,74.9
20260719T060849Z,24.9,75.2
20260719T060904Z,24.8,75.8
20260719T060919Z,24.8,77.7
20260719T060934Z,24.8,79.1
20260719T060949Z,24.8,80.3
20260719T061004Z,24.8,80.7
20260719T061019Z,24.9,80.9
20260719T061034Z,24.9,81.1
20260719T061049Z,24.9,81.6
20260719T061104Z,25.0,81.7
20260719T061119Z,25.0,82.3
20260719T061134Z,25.1,82.6
20260719T061149Z,25.1,82.9
20260719T061204Z,25.1,83.1
20260719T061219Z,25.2,83.5
20260719T061234Z,25.2,83.7
20260719T061249Z,25.2,84.1
20260719T061304Z,25.3,84.2
20260719T061319Z,25.3,84.6
20260719T061334Z,25.4,84.9
20260719T061349Z,25.4,85.2
20260719T061404Z,25.5,85.4
20260719T061419Z,25.5,85.4
20260719T061434Z,25.5,85.8
20260719T061449Z,25.5,85.9
20260719T061504Z,25.6,86.1
20260719T061519Z,25.6,86.3
20260719T061534Z,25.6,86.5
20260719T061549Z,25.7,86.7
20260719T061605Z,25.7,86.8
20260719T061620Z,25.7,87.0
20260719T061634Z,25.8,87.1
20260719T061649Z,25.8,87.2
20260719T061704Z,25.8,87.3
20260719T061719Z,25.9,87.4
20260719T061734Z,25.9,87.4
20260719T061749Z,25.9,87.7
20260719T061804Z,25.9,87.8
20260719T061819Z,26.0,87.9
20260719T061834Z,26.0,88.0
20260719T061849Z,26.0,87.9
20260719T061904Z,26.1,88.0
20260719T061919Z,26.1,88.1
20260719T061934Z,26.1,88.1
20260719T061949Z,26.2,88.0
20260719T062004Z,26.2,88.2
20260719T062019Z,26.2,88.1
20260719T062034Z,26.2,88.2
20260719T062049Z,26.3,88.1
20260719T062104Z,26.3,88.2
20260719T062119Z,26.3,88.0
20260719T062134Z,26.4,88.0
20260719T062149Z,26.4,88.0
20260719T062204Z,26.4,88.0
20260719T062219Z,26.5,88.0
20260719T062234Z,26.5,88.0
20260719T062249Z,26.5,87.9
20260719T062304Z,26.5,87.8
20260719T062319Z,26.6,87.9
20260719T062334Z,26.6,87.8
20260719T062349Z,26.6,87.2
20260719T062404Z,26.6,86.2
20260719T062419Z,26.6,85.6
20260719T062434Z,26.6,85.0
20260719T062449Z,26.5,83.5
20260719T062504Z,26.5,83.5
20260719T062519Z,26.4,82.7
20260719T062534Z,26.3,80.9
20260719T062549Z,26.2,80.8
20260719T062604Z,26.0,80.4
20260719T062619Z,25.9,80.3
20260719T062634Z,25.8,79.6
20260719T062649Z,25.7,78.7
20260719T062704Z,25.6,78.2
20260719T062719Z,25.5,77.6
20260719T062734Z,25.4,77.3
20260719T062749Z,25.3,76.6
20260719T062804Z,25.3,76.1
20260719T062819Z,25.2,75.5
20260719T062834Z,25.1,74.9
20260719T062849Z,25.0,74.4
20260719T062904Z,24.9,76.3
20260719T062919Z,24.9,78.6
20260719T062934Z,24.9,79.9
20260719T062949Z,24.9,80.7
20260719T063004Z,24.9,81.5
20260719T063019Z,24.9,82.0
20260719T063034Z,25.0,82.2
20260719T063049Z,25.0,82.6
20260719T063104Z,25.1,82.9
20260719T063119Z,25.1,83.2
20260719T063134Z,25.1,83.4
20260719T063149Z,25.2,83.9
20260719T063204Z,25.2,84.2
20260719T063219Z,25.3,84.5
20260719T063234Z,25.3,84.8
20260719T063249Z,25.4,85.0
20260719T063304Z,25.4,85.3
20260719T063319Z,25.5,85.6
20260719T063334Z,25.5,85.8
20260719T063349Z,25.5,85.9
20260719T063404Z,25.6,86.2
20260719T063419Z,25.6,86.6
20260719T063434Z,25.7,86.7
20260719T063449Z,25.7,86.9
20260719T063504Z,25.7,87.0
20260719T063519Z,25.8,87.2
20260719T063534Z,25.8,87.3
20260719T063549Z,25.9,87.5
20260719T063604Z,25.9,87.7
20260719T063619Z,25.9,87.9
20260719T063634Z,26.0,88.0
20260719T063649Z,26.0,88.1
20260719T063704Z,26.0,88.1
20260719T063719Z,26.1,88.2
20260719T063734Z,26.1,88.3
20260719T063749Z,26.1,88.4
20260719T063804Z,26.2,88.5
20260719T063819Z,26.2,88.6
20260719T063834Z,26.2,88.7
20260719T063849Z,26.3,88.7
20260719T063904Z,26.3,88.8
20260719T063919Z,26.3,88.7
20260719T063934Z,26.4,88.8
20260719T063949Z,26.4,88.8
20260719T064004Z,26.4,88.8
20260719T064019Z,26.4,88.9
20260719T064034Z,26.5,88.8
20260719T064049Z,26.5,88.9
20260719T064104Z,26.6,88.8
20260719T064119Z,26.6,88.8
20260719T064134Z,26.6,87.9
20260719T064149Z,26.6,87.6
20260719T064204Z,26.6,85.7
20260719T064219Z,26.6,85.4
20260719T064234Z,26.5,84.1
20260719T064249Z,26.5,84.2
20260719T064304Z,26.4,82.9
20260719T064319Z,26.3,82.6
20260719T064334Z,26.2,82.2
20260719T064349Z,26.1,80.9
20260719T064404Z,26.0,80.8
20260719T064419Z,26.0,79.9
20260719T064434Z,25.9,79.2
20260719T064449Z,25.8,78.8
20260719T064504Z,25.7,78.6
20260719T064519Z,25.6,77.4
20260719T064534Z,25.5,77.4
20260719T064549Z,25.5,76.4
20260719T064604Z,25.4,76.1
20260719T064619Z,25.3,76.0
20260719T064634Z,25.3,74.2
20260719T064649Z,25.2,74.5
20260719T064704Z,25.2,73.6
20260719T064719Z,25.1,73.5
20260719T064734Z,25.1,73.2
20260719T064749Z,25.1,72.0
20260719T064804Z,25.0,73.9
20260719T064819Z,25.0,75.4
20260719T064834Z,25.0,77.2
20260719T064849Z,25.0,78.1
20260719T064904Z,25.0,78.4
20260719T064919Z,25.0,78.9
20260719T064934Z,25.1,79.1
20260719T064949Z,25.1,79.8
20260719T065005Z,25.1,80.2
20260719T065019Z,25.1,80.4
20260719T065034Z,25.2,80.8
20260719T065049Z,25.2,81.6
20260719T065104Z,25.3,81.9
20260719T065119Z,25.3,82.3
20260719T065134Z,25.3,82.6
20260719T065149Z,25.4,83.1
20260719T065204Z,25.4,83.3
20260719T065219Z,25.4,83.5
20260719T065234Z,25.5,83.8
20260719T065249Z,25.5,84.2
20260719T065304Z,25.6,84.5
20260719T065319Z,25.6,84.8
20260719T065334Z,25.6,84.9
20260719T065349Z,25.7,85.0
20260719T065404Z,25.7,85.5
20260719T065419Z,25.8,85.7
20260719T065434Z,25.8,85.9
20260719T065449Z,25.8,86.0
20260719T065504Z,25.9,86.3
20260719T065519Z,25.9,86.5
20260719T065534Z,25.9,86.8
20260719T065549Z,25.9,86.8
20260719T065604Z,26.0,87.1
20260719T065619Z,26.0,87.2
20260719T065634Z,26.1,87.3
20260719T065649Z,26.1,87.4
20260719T065704Z,26.1,87.6
20260719T065719Z,26.2,87.7
20260719T065734Z,26.2,87.8
20260719T065749Z,26.2,87.9
20260719T065804Z,26.3,88.0
20260719T065819Z,26.3,88.1
20260719T065834Z,26.3,88.1
20260719T065849Z,26.3,88.2
20260719T065904Z,26.4,88.2
20260719T065919Z,26.4,88.4
20260719T065934Z,26.4,88.4
20260719T065949Z,26.5,88.5
20260719T070004Z,26.5,88.4
20260719T070019Z,26.5,88.5
20260719T070034Z,26.5,88.1
20260719T070049Z,26.5,86.2
20260719T070104Z,26.5,85.3
20260719T070119Z,26.5,85.4
20260719T070134Z,26.4,84.0
20260719T070149Z,26.4,83.6
20260719T070204Z,26.3,82.6
20260719T070219Z,26.3,82.4
20260719T070234Z,26.2,81.0
20260719T070249Z,26.1,80.8
20260719T070304Z,26.0,80.2
20260719T070319Z,25.9,79.4
20260719T070334Z,25.9,79.2
20260719T070349Z,25.8,78.0
20260719T070405Z,25.7,77.4
20260719T070420Z,25.6,77.0
20260719T070434Z,25.6,76.0
20260719T070449Z,25.5,76.5
20260719T070504Z,25.4,74.9
20260719T070519Z,25.3,74.1
20260719T070534Z,25.2,74.5
20260719T070549Z,25.1,73.7
20260719T070604Z,25.0,73.2
20260719T070619Z,24.9,74.2
20260719T070634Z,24.9,76.5
20260719T070649Z,24.9,78.3
20260719T070705Z,24.9,79.4
20260719T070720Z,24.9,80.1
20260719T070734Z,24.9,80.5
20260719T070749Z,25.0,80.6
20260719T070804Z,25.0,81.0
20260719T070819Z,25.1,81.4
20260719T070834Z,25.1,81.8
20260719T070849Z,25.1,82.1
20260719T070904Z,25.2,82.4
20260719T070919Z,25.2,82.9
20260719T070934Z,25.3,83.0
20260719T070949Z,25.3,83.4
20260719T071004Z,25.4,83.8
20260719T071019Z,25.4,84.2
20260719T071034Z,25.5,84.3
20260719T071049Z,25.5,84.5
20260719T071104Z,25.5,84.9
20260719T071119Z,25.6,85.2
20260719T071134Z,25.7,85.4
20260719T071149Z,25.7,85.5
20260719T071204Z,25.7,85.8
20260719T071219Z,25.8,85.9
20260719T071234Z,25.8,86.3
20260719T071249Z,25.8,86.4
20260719T071304Z,25.9,86.7
20260719T071319Z,25.9,86.7
20260719T071334Z,25.9,86.8
20260719T071349Z,26.0,87.0
20260719T071404Z,26.0,87.3
20260719T071419Z,26.0,87.4
20260719T071434Z,26.1,87.5
20260719T071449Z,26.1,87.7
20260719T071504Z,26.1,87.8
20260719T071519Z,26.2,87.9
20260719T071534Z,26.2,88.0
20260719T071549Z,26.2,88.2
20260719T071604Z,26.3,88.2
20260719T071619Z,26.3,88.3
20260719T071634Z,26.3,88.3
20260719T071649Z,26.3,88.5
20260719T071704Z,26.4,88.5
20260719T071719Z,26.4,88.7
20260719T071734Z,26.4,88.5
20260719T071749Z,26.5,88.7
20260719T071804Z,26.5,88.7
20260719T071819Z,26.5,88.4
20260719T071834Z,26.5,86.3
20260719T071849Z,26.5,85.4
20260719T071905Z,26.5,85.3
20260719T071920Z,26.4,84.1
20260719T071934Z,26.4,83.6
20260719T071949Z,26.3,82.9
20260719T072004Z,26.2,81.9
20260719T072019Z,26.2,81.3
20260719T072034Z,26.1,80.2
20260719T072049Z,26.0,80.0
20260719T072104Z,25.9,80.1
20260719T072119Z,25.8,78.2
20260719T072134Z,25.7,78.4
20260719T072149Z,25.6,78.3
20260719T072204Z,25.6,77.6
20260719T072219Z,25.5,76.8
20260719T072234Z,25.5,76.9
20260719T072249Z,25.4,75.4
20260719T072304Z,25.4,75.0
20260719T072319Z,25.3,74.3
20260719T072334Z,25.3,73.3
20260719T072349Z,25.3,73.9
20260719T072404Z,25.2,75.3
20260719T072419Z,25.2,77.1
20260719T072434Z,25.2,78.7
20260719T072449Z,25.2,79.3
20260719T072504Z,25.2,79.7
20260719T072519Z,25.1,80.0
20260719T072534Z,25.2,80.5
20260719T072549Z,25.2,80.6
20260719T072604Z,25.2,81.2
20260719T072619Z,25.2,81.2
20260719T072634Z,25.2,81.5
20260719T072649Z,25.3,82.3
20260719T072704Z,25.3,82.8
20260719T072719Z,25.4,83.1
20260719T072734Z,25.4,83.5
20260719T072749Z,25.4,83.8
20260719T072804Z,25.5,84.2
20260719T072819Z,25.5,84.5
20260719T072834Z,25.5,84.8
20260719T072849Z,25.6,85.0
20260719T072905Z,25.6,85.3
20260719T072920Z,25.6,85.5
20260719T072934Z,25.6,85.6
20260719T072949Z,25.7,86.0
20260719T073004Z,25.7,86.2
20260719T073019Z,25.8,86.5
20260719T073034Z,25.8,86.7
20260719T073049Z,25.8,86.9
20260719T073104Z,25.8,87.3
20260719T073119Z,25.9,87.2
20260719T073134Z,25.9,87.5
20260719T073149Z,26.0,87.7
20260719T073204Z,26.0,88.0
20260719T073219Z,26.0,88.0
20260719T073234Z,26.0,88.0
20260719T073249Z,26.1,88.3
20260719T073304Z,26.1,88.3
20260719T073319Z,26.1,88.4
20260719T073334Z,26.1,88.5
20260719T073349Z,26.2,88.6
20260719T073404Z,26.2,88.8
20260719T073419Z,26.2,88.8
20260719T073434Z,26.2,89.0
20260719T073449Z,26.2,89.0
20260719T073503Z,26.3,89.1
20260719T073520Z,26.3,89.3
20260719T073534Z,26.3,89.2
20260719T073549Z,26.3,89.3
20260719T073604Z,26.3,89.4
20260719T073619Z,26.4,89.4
20260719T073634Z,26.4,89.4
20260719T073649Z,26.4,89.4
20260719T073704Z,26.4,89.6
20260719T073719Z,26.5,89.5
20260719T073734Z,26.5,89.6
20260719T073749Z,26.5,88.6
20260719T073804Z,26.5,88.3
20260719T073819Z,26.5,86.9
20260719T073834Z,26.4,86.4
20260719T073849Z,26.4,85.3
20260719T073904Z,26.3,84.5
20260719T073919Z,26.3,83.7
20260719T073934Z,26.2,83.1
20260719T073949Z,26.1,82.5
20260719T074004Z,26.0,81.6
20260719T074019Z,25.9,81.4
20260719T074034Z,25.8,80.2
20260719T074049Z,25.7,79.8
20260719T074104Z,25.6,79.2
20260719T074119Z,25.5,78.4
20260719T074134Z,25.4,78.0
20260719T074149Z,25.3,77.3
20260719T074204Z,25.2,77.0
20260719T074219Z,25.1,76.7
20260719T074234Z,25.0,75.7
20260719T074249Z,25.0,76.1
20260719T074304Z,24.9,78.3
20260719T074319Z,24.9,79.6
20260719T074334Z,24.9,81.1
20260719T074349Z,24.9,81.8
20260719T074404Z,24.9,82.1
20260719T074419Z,25.0,82.3
20260719T074434Z,25.0,82.6
20260719T074449Z,25.0,83.0
20260719T074504Z,25.1,83.6
20260719T074519Z,25.1,83.7
20260719T074534Z,25.1,84.0
20260719T074549Z,25.2,84.2
20260719T074604Z,25.2,84.5
20260719T074619Z,25.2,84.9
20260719T074634Z,25.3,85.2
20260719T074649Z,25.3,85.4
20260719T074704Z,25.3,85.8
20260719T074720Z,25.4,86.0
20260719T074734Z,25.4,86.1
20260719T074749Z,25.4,86.3
20260719T074804Z,25.5,86.8
20260719T074819Z,25.5,86.9
20260719T074834Z,25.5,87.0
20260719T074849Z,25.6,87.2
20260719T074904Z,25.6,87.4
20260719T074919Z,25.6,87.8
20260719T074934Z,25.7,87.9
20260719T074949Z,25.7,88.0
20260719T075004Z,25.7,88.2
20260719T075019Z,25.7,88.3
20260719T075034Z,25.8,88.6
20260719T075049Z,25.8,88.7
20260719T075104Z,25.8,88.8
20260719T075119Z,25.9,89.0
20260719T075134Z,25.9,89.0
20260719T075149Z,25.9,89.1
20260719T075204Z,25.9,89.3
20260719T075219Z,26.0,89.6
20260719T075234Z,26.0,89.6
20260719T075249Z,26.0,89.7
20260719T075305Z,26.1,89.7
20260719T075319Z,26.1,89.8
20260719T075335Z,26.2,89.9
20260719T075349Z,26.2,90.0
20260719T075404Z,26.2,89.9
20260719T075419Z,26.3,89.9
20260719T075434Z,26.3,90.0
20260719T075449Z,26.3,90.0
20260719T075504Z,26.4,90.0
20260719T075519Z,26.4,90.1
20260719T075534Z,26.4,90.1
20260719T075549Z,26.4,90.1
20260719T075604Z,26.5,90.2
20260719T075619Z,26.5,90.2
20260719T075634Z,26.5,90.1
20260719T075649Z,26.6,90.1
20260719T075704Z,26.6,89.0
20260719T075719Z,26.6,88.8
20260719T075734Z,26.6,86.9
20260719T075749Z,26.5,86.8
20260719T075804Z,26.5,86.2
20260719T075819Z,26.5,85.4
20260719T075834Z,26.4,83.8
20260719T075849Z,26.3,83.7
20260719T075904Z,26.2,83.3
20260719T075920Z,26.1,81.9
20260719T075934Z,26.0,82.0
20260719T075950Z,25.9,81.0
20260719T080005Z,25.8,80.8
20260719T080019Z,25.8,80.1
20260719T080035Z,25.7,79.1
20260719T080049Z,25.6,78.8
20260719T080105Z,25.5,77.9
20260719T080119Z,25.4,77.3
20260719T080134Z,25.3,76.9
20260719T080150Z,25.2,76.3
20260719T080204Z,25.1,76.1
20260719T080219Z,25.0,75.6
20260719T080235Z,25.0,75.5
20260719T080249Z,24.9,74.1
20260719T080305Z,24.9,76.0
20260719T080319Z,24.8,77.9
20260719T080334Z,24.8,79.3
20260719T080350Z,24.9,80.6
20260719T080404Z,24.9,80.7
20260719T080420Z,24.9,81.2
20260719T080434Z,24.9,81.4
20260719T080450Z,25.0,81.8
20260719T080504Z,25.0,82.2
20260719T080519Z,25.1,82.6
20260719T080535Z,25.1,83.1
20260719T080549Z,25.1,83.4
20260719T080605Z,25.2,83.7
20260719T080620Z,25.2,84.1
20260719T080634Z,25.3,84.5
20260719T080650Z,25.3,84.8
20260719T080704Z,25.4,84.9
20260719T080720Z,25.4,84.9
20260719T080734Z,25.5,85.5
20260719T080750Z,25.5,85.7
20260719T080804Z,25.5,85.9
20260719T080819Z,25.6,86.1
20260719T080835Z,25.6,86.4
20260719T080849Z,25.7,86.7
20260719T080905Z,25.7,86.8
20260719T080920Z,25.7,86.9
20260719T080935Z,25.8,87.2
20260719T080949Z,25.8,87.3
20260719T081004Z,25.8,87.7
20260719T081020Z,25.9,87.7
20260719T081034Z,25.9,87.9
20260719T081050Z,25.9,88.0
20260719T081104Z,26.0,88.3
20260719T081119Z,26.0,88.4
20260719T081135Z,26.0,88.6
20260719T081149Z,26.1,88.7
20260719T081205Z,26.1,88.8
20260719T081219Z,26.1,88.9
20260719T081235Z,26.1,88.9
20260719T081249Z,26.2,89.2
20260719T081305Z,26.2,89.1
20260719T081319Z,26.2,89.3
20260719T081335Z,26.2,89.3
20260719T081349Z,26.3,89.5
20260719T081405Z,26.3,89.5
20260719T081419Z,26.3,89.6
20260719T081435Z,26.3,89.6
20260719T081450Z,26.4,89.8
20260719T081504Z,26.4,89.7
20260719T081520Z,26.4,89.9
20260719T081535Z,26.4,89.9
20260719T081550Z,26.5,89.9
20260719T081604Z,26.5,90.0
20260719T081619Z,26.5,89.9
20260719T081634Z,26.5,90.0
20260719T081650Z,26.5,89.4
20260719T081704Z,26.6,89.2
20260719T081720Z,26.5,87.2
20260719T081734Z,26.5,86.9
20260719T081750Z,26.5,86.1
20260719T081804Z,26.4,85.1
20260719T081820Z,26.3,84.2
20260719T081834Z,26.2,83.4
20260719T081850Z,26.1,83.6
20260719T081904Z,26.1,82.4
20260719T081920Z,26.0,81.7
20260719T081935Z,25.9,81.2
20260719T081949Z,25.8,80.7
20260719T082005Z,25.7,80.0
20260719T082019Z,25.6,79.4
20260719T082035Z,25.6,78.7
20260719T082049Z,25.5,77.8
20260719T082105Z,25.4,78.0
20260719T082119Z,25.3,76.8
20260719T082135Z,25.3,76.2
20260719T082149Z,25.2,75.9
20260719T082204Z,25.2,75.3
20260719T082219Z,25.1,75.9
20260719T082235Z,25.1,77.8
20260719T082249Z,25.1,79.6
20260719T082305Z,25.1,80.8
20260719T082319Z,25.1,81.1
20260719T082334Z,25.1,81.5
20260719T082350Z,25.1,81.6
20260719T082404Z,25.1,81.8
20260719T082420Z,25.1,82.5
20260719T082434Z,25.2,83.0
20260719T082450Z,25.2,83.2
20260719T082504Z,25.2,83.4
20260719T082520Z,25.2,84.2
20260719T082534Z,25.3,84.3
20260719T082550Z,25.3,84.6
20260719T082604Z,25.3,84.8
20260719T082620Z,25.4,85.3
20260719T082634Z,25.4,85.4
20260719T082650Z,25.4,85.8
20260719T082704Z,25.5,86.0
20260719T082720Z,25.5,86.1
20260719T082734Z,25.6,86.4
20260719T082750Z,25.6,86.7
20260719T082804Z,25.6,86.8
20260719T082820Z,25.7,87.0
20260719T082835Z,25.7,87.2
20260719T082850Z,25.7,87.4
20260719T082905Z,25.7,87.6
20260719T082920Z,25.8,87.7
20260719T082935Z,25.8,87.9
20260719T082949Z,25.8,88.2
20260719T083005Z,25.9,88.2
20260719T083019Z,25.9,88.3
20260719T083035Z,25.9,88.5
20260719T083049Z,26.0,88.6
20260719T083105Z,26.0,88.8
20260719T083119Z,26.0,88.8
20260719T083135Z,26.0,89.0
20260719T083149Z,26.1,89.1
20260719T083205Z,26.1,89.2
20260719T083220Z,26.1,89.3
20260719T083235Z,26.2,89.4
20260719T083250Z,26.2,89.4
20260719T083304Z,26.2,89.5
20260719T083320Z,26.2,89.6
20260719T083335Z,26.3,89.9
20260719T083349Z,26.3,89.8
20260719T083405Z,26.3,89.9
20260719T083419Z,26.4,90.0
20260719T083435Z,26.4,89.9
20260719T083450Z,26.4,90.0
20260719T083504Z,26.5,90.0
20260719T083519Z,26.5,90.0
20260719T083534Z,26.5,90.0
20260719T083549Z,26.6,89.0
20260719T083604Z,26.6,88.6
20260719T083619Z,26.6,86.8
20260719T083635Z,26.5,86.8
20260719T083649Z,26.5,85.6
20260719T083705Z,26.4,84.9
20260719T083719Z,26.4,84.3
20260719T083735Z,26.3,83.6
20260719T083749Z,26.2,82.9
20260719T083805Z,26.1,82.5
20260719T083819Z,26.0,81.8
20260719T083835Z,25.9,81.3
20260719T083849Z,25.9,80.7
20260719T083905Z,25.8,80.0
20260719T083919Z,25.7,79.0
20260719T083935Z,25.6,79.0
20260719T083949Z,25.5,78.0
20260719T084005Z,25.4,77.4
20260719T084019Z,25.3,77.2
20260719T084035Z,25.2,76.8
20260719T084049Z,25.1,76.4
20260719T084105Z,25.1,74.7
20260719T084120Z,25.0,74.4
20260719T084134Z,24.9,73.9
20260719T084149Z,24.8,75.0
20260719T084204Z,24.7,76.9
20260719T084220Z,24.7,78.5
20260719T084234Z,24.7,80.1
20260719T084250Z,24.7,80.5
20260719T084304Z,24.8,80.9
20260719T084320Z,24.8,81.6
20260719T084334Z,24.9,81.9
20260719T084350Z,24.9,82.1
20260719T084404Z,24.9,82.6
20260719T084420Z,25.0,82.9
20260719T084434Z,25.0,83.2
20260719T084449Z,25.1,83.8
20260719T084505Z,25.2,83.9
20260719T084519Z,25.2,84.3
20260719T084535Z,25.2,84.4
20260719T084549Z,25.3,84.9
20260719T084605Z,25.3,85.1
20260719T084619Z,25.4,85.3
20260719T084635Z,25.4,85.5
20260719T084649Z,25.5,85.9
20260719T084705Z,25.5,86.1
20260719T084719Z,25.5,86.3
20260719T084734Z,25.6,86.6
20260719T084749Z,25.6,86.8
20260719T084804Z,25.6,87.0
20260719T084819Z,25.7,87.4
20260719T084835Z,25.7,87.4
20260719T084849Z,25.7,87.7
20260719T084905Z,25.8,87.8
20260719T084920Z,25.8,88.0
20260719T084935Z,25.8,88.3
20260719T084950Z,25.8,88.4
20260719T085005Z,25.9,88.5
20260719T085020Z,25.9,88.7
20260719T085034Z,25.9,88.8
20260719T085050Z,26.0,89.0
20260719T085104Z,26.0,89.1
20260719T085119Z,26.0,89.2
20260719T085135Z,26.0,89.5
20260719T085149Z,26.1,89.4
20260719T085205Z,26.1,89.7
20260719T085219Z,26.1,89.7
20260719T085235Z,26.1,89.8
20260719T085249Z,26.2,89.8
20260719T085305Z,26.2,89.9
20260719T085319Z,26.2,89.9
20260719T085335Z,26.3,90.0
20260719T085349Z,26.3,90.0
20260719T085404Z,26.3,90.2
20260719T085419Z,26.3,90.2
20260719T085435Z,26.4,90.2
20260719T085449Z,26.4,90.3
20260719T085505Z,26.4,90.4
20260719T085520Z,26.4,90.3
20260719T085535Z,26.5,90.4
20260719T085550Z,26.5,90.5
20260719T085605Z,26.5,90.1
20260719T085620Z,26.5,90.0
20260719T085634Z,26.5,87.9
20260719T085650Z,26.5,87.1
20260719T085705Z,26.4,86.7
20260719T085720Z,26.4,85.8
20260719T085735Z,26.3,84.4
20260719T085750Z,26.2,84.3
20260719T085805Z,26.1,83.2
20260719T085820Z,26.0,82.6
20260719T085835Z,25.9,82.6
20260719T085849Z,25.8,82.0
20260719T085905Z,25.7,81.5
20260719T085920Z,25.6,81.1
20260719T085935Z,25.5,80.2
20260719T085950Z,25.5,79.9
20260719T090005Z,25.4,78.7
20260719T090020Z,25.3,78.6
20260719T090035Z,25.3,78.0
20260719T090050Z,25.2,76.9
20260719T090105Z,25.1,76.3
20260719T090120Z,25.1,75.6
20260719T090135Z,25.0,75.1
20260719T090150Z,24.9,75.5
20260719T090205Z,24.8,74.9
20260719T090220Z,24.8,75.7
20260719T090235Z,24.8,77.5
20260719T090250Z,24.8,79.4
20260719T090305Z,24.8,80.3
20260719T090320Z,24.8,80.9
20260719T090335Z,24.8,81.2
20260719T090350Z,24.8,81.5
20260719T090405Z,24.8,81.9
20260719T090420Z,24.8,82.2
20260719T090435Z,24.9,82.8
20260719T090450Z,24.9,83.1
20260719T090505Z,25.0,83.1
20260719T090520Z,25.0,83.6
20260719T090535Z,25.0,84.0
20260719T090550Z,25.1,84.3
20260719T090605Z,25.1,84.5
20260719T090620Z,25.2,85.1
20260719T090635Z,25.2,85.0
20260719T090650Z,25.2,85.3
20260719T090705Z,25.3,85.9
20260719T090720Z,25.3,86.1
20260719T090735Z,25.3,86.5
20260719T090750Z,25.4,86.6
20260719T090805Z,25.4,86.8
20260719T090820Z,25.4,87.0
20260719T090835Z,25.5,87.3
20260719T090850Z,25.5,87.5
20260719T090905Z,25.5,87.8
20260719T090920Z,25.6,87.7
20260719T090935Z,25.6,88.1
20260719T090950Z,25.6,88.3
20260719T091005Z,25.6,88.5
20260719T091020Z,25.7,88.6
20260719T091035Z,25.7,88.8
20260719T091050Z,25.7,88.9
20260719T091105Z,25.7,89.1
20260719T091120Z,25.8,89.6
20260719T091135Z,25.8,89.7
20260719T091150Z,25.8,90.1
20260719T091205Z,25.9,90.1
20260719T091220Z,25.9,90.2
20260719T091235Z,25.9,90.3
20260719T091250Z,26.0,90.3
20260719T091305Z,26.0,90.4
20260719T091320Z,26.0,90.5
20260719T091335Z,26.1,90.4
20260719T091350Z,26.1,90.6
20260719T091405Z,26.1,90.7
20260719T091420Z,26.1,90.8
20260719T091435Z,26.1,90.7
20260719T091450Z,26.2,90.8
20260719T091505Z,26.2,90.8
20260719T091520Z,26.2,90.9
20260719T091535Z,26.2,91.0
20260719T091550Z,26.3,91.0
20260719T091605Z,26.3,91.1
20260719T091620Z,26.3,91.1
20260719T091635Z,26.3,91.1
20260719T091650Z,26.3,91.1
20260719T091705Z,26.4,91.1
20260719T091720Z,26.4,91.1
20260719T091735Z,26.4,91.2
20260719T091750Z,26.4,91.2
20260719T091805Z,26.4,91.2
20260719T091820Z,26.5,91.5
20260719T091835Z,26.5,90.8
20260719T091850Z,26.5,89.4
20260719T091905Z,26.4,88.5
20260719T091920Z,26.4,87.9
20260719T091935Z,26.4,86.7
20260719T091950Z,26.3,86.5
20260719T092005Z,26.2,85.3
20260719T092020Z,26.2,85.2
20260719T092035Z,26.1,84.5
20260719T092050Z,26.0,83.5
20260719T092105Z,25.9,82.9
20260719T092120Z,25.8,81.8
20260719T092135Z,25.7,81.6
20260719T092150Z,25.6,81.2
20260719T092205Z,25.5,80.3
20260719T092220Z,25.4,79.9
20260719T092235Z,25.2,79.4
20260719T092250Z,25.2,78.0
20260719T092305Z,25.0,77.8
20260719T092320Z,24.9,77.5
20260719T092335Z,24.8,77.3
20260719T092350Z,24.8,77.4
20260719T092405Z,24.7,77.0
20260719T092420Z,24.7,78.7
20260719T092435Z,24.7,80.2
20260719T092450Z,24.7,81.4
20260719T092505Z,24.7,82.0
20260719T092520Z,24.7,82.5
20260719T092535Z,24.8,83.1
20260719T092550Z,24.8,83.1
20260719T092605Z,24.9,83.7
20260719T092620Z,24.9,84.2
20260719T092635Z,25.0,84.3
20260719T092650Z,25.0,84.4
20260719T092705Z,25.1,85.0
20260719T092720Z,25.1,85.4
20260719T092735Z,25.2,85.5
20260719T092750Z,25.2,85.7
20260719T092805Z,25.3,86.1
20260719T092820Z,25.3,86.2
20260719T092835Z,25.4,86.6
20260719T092850Z,25.4,86.9
20260719T092905Z,25.4,87.0
20260719T092920Z,25.5,87.4
20260719T092935Z,25.5,87.5
20260719T092950Z,25.6,87.8
20260719T093005Z,25.6,88.0
20260719T093020Z,25.6,88.2
20260719T093035Z,25.7,88.3
20260719T093050Z,25.7,88.4
20260719T093105Z,25.7,88.7
20260719T093120Z,25.8,88.9
20260719T093135Z,25.8,89.0
20260719T093150Z,25.8,89.2
20260719T093205Z,25.9,89.4
20260719T093220Z,25.9,89.5
20260719T093235Z,25.9,89.6
20260719T093250Z,25.9,89.7
20260719T093305Z,26.0,89.8
20260719T093320Z,26.0,89.9
20260719T093335Z,26.0,90.1
20260719T093350Z,26.1,90.2
20260719T093405Z,26.1,90.2
20260719T093420Z,26.1,90.2
20260719T093435Z,26.2,90.4
20260719T093450Z,26.2,90.5
20260719T093505Z,26.2,90.5
20260719T093520Z,26.3,90.6
20260719T093535Z,26.3,90.7
20260719T093550Z,26.3,90.8
20260719T093605Z,26.3,90.8
20260719T093620Z,26.4,90.9
20260719T093635Z,26.4,90.8
20260719T093650Z,26.4,91.0
20260719T093705Z,26.4,91.0
20260719T093720Z,26.4,91.1
20260719T093735Z,26.5,91.1
20260719T093750Z,26.5,91.1
20260719T093805Z,26.5,91.1
20260719T093820Z,26.5,90.1
20260719T093835Z,26.5,90.1
20260719T093850Z,26.5,88.3
20260719T093905Z,26.5,87.7
20260719T093920Z,26.4,87.5
20260719T093935Z,26.4,86.2
20260719T093950Z,26.3,85.3
20260719T094005Z,26.2,85.1
20260719T094020Z,26.1,83.9
20260719T094035Z,26.0,83.5
20260719T094050Z,25.9,82.7
20260719T094105Z,25.8,82.2
20260719T094120Z,25.7,81.5
20260719T094135Z,25.7,81.2
20260719T094150Z,25.5,80.2
20260719T094205Z,25.5,79.6
20260719T094220Z,25.4,79.4
20260719T094235Z,25.3,78.4
20260719T094250Z,25.2,77.6
20260719T094305Z,25.1,78.0
20260719T094320Z,25.0,77.4
20260719T094335Z,25.0,77.0
20260719T094350Z,24.9,76.0
20260719T094405Z,24.8,75.7
20260719T094420Z,24.8,76.8
20260719T094435Z,24.7,78.6
20260719T094450Z,24.7,80.5
20260719T094505Z,24.7,81.2
20260719T094520Z,24.8,81.9
20260719T094535Z,24.8,82.2
20260719T094550Z,24.8,82.5
20260719T094605Z,24.9,82.8
20260719T094620Z,24.9,83.3
20260719T094635Z,24.9,83.8
20260719T094650Z,25.0,83.9
20260719T094705Z,25.0,84.3
20260719T094720Z,25.1,84.9
20260719T094735Z,25.1,84.9
20260719T094750Z,25.2,85.3
20260719T094805Z,25.2,85.7
20260719T094820Z,25.3,85.7
20260719T094835Z,25.3,86.2
20260719T094850Z,25.4,86.3
20260719T094905Z,25.4,86.5
20260719T094920Z,25.4,86.9
20260719T094935Z,25.5,87.2
20260719T094950Z,25.5,87.2
20260719T095005Z,25.6,87.5
20260719T095020Z,25.6,87.6
20260719T095035Z,25.6,88.0
20260719T095050Z,25.7,88.1
20260719T095105Z,25.7,88.3
20260719T095120Z,25.7,88.6
20260719T095135Z,25.7,88.7
20260719T095150Z,25.8,88.9
20260719T095205Z,25.8,89.0
20260719T095220Z,25.9,89.2
20260719T095235Z,25.9,89.2
20260719T095250Z,25.9,89.4
20260719T095305Z,26.0,89.6
20260719T095320Z,26.0,89.7
20260719T095335Z,26.0,89.8
20260719T095350Z,26.0,89.9
20260719T095405Z,26.1,89.9
20260719T095420Z,26.1,90.1
20260719T095435Z,26.1,90.2
20260719T095450Z,26.2,90.3
20260719T095505Z,26.2,90.4
20260719T095520Z,26.2,90.4
20260719T095535Z,26.2,90.7
20260719T095550Z,26.2,90.7
20260719T095605Z,26.3,90.7
20260719T095620Z,26.3,90.8
20260719T095635Z,26.3,90.8
20260719T095650Z,26.3,90.9
20260719T095705Z,26.4,91.0
20260719T095720Z,26.4,91.0
20260719T095735Z,26.4,91.1
20260719T095750Z,26.5,91.1
20260719T095805Z,26.5,91.1
20260719T095820Z,26.5,91.1
20260719T095835Z,26.5,91.2
20260719T095850Z,26.5,90.7
20260719T095905Z,26.5,90.4
20260719T095920Z,26.5,88.7
20260719T095935Z,26.5,88.0
20260719T095950Z,26.5,87.3
20260719T100005Z,26.4,86.6
20260719T100020Z,26.3,85.8
20260719T100035Z,26.3,84.8
20260719T100050Z,26.2,84.9
20260719T100105Z,26.1,83.5
20260719T100120Z,26.0,82.9
20260719T100135Z,25.9,82.7
20260719T100150Z,25.8,82.1
20260719T100205Z,25.7,81.6
20260719T100220Z,25.6,80.3
20260719T100235Z,25.5,79.4
20260719T100250Z,25.4,79.1
20260719T100305Z,25.2,79.0
20260719T100320Z,25.1,78.0
20260719T100335Z,25.0,78.0
20260719T100350Z,24.9,77.6
20260719T100405Z,24.9,77.7
20260719T100420Z,24.9,77.3
20260719T100435Z,24.8,76.7
20260719T100450Z,24.8,78.4
20260719T100505Z,24.8,79.8
20260719T100520Z,24.8,81.1
20260719T100535Z,24.8,82.3
20260719T100550Z,24.9,82.5
20260719T100605Z,24.9,82.3
20260719T100620Z,24.9,82.7
20260719T100635Z,24.9,83.3
20260719T100650Z,25.0,83.6
20260719T100705Z,25.0,84.0
20260719T100720Z,25.0,84.4
20260719T100735Z,25.1,84.7
20260719T100750Z,25.1,84.8
20260719T100805Z,25.2,85.4
20260719T100820Z,25.2,85.6
20260719T100835Z,25.3,86.0
20260719T100850Z,25.3,86.1
20260719T100905Z,25.3,86.1
20260719T100920Z,25.4,86.9
20260719T100935Z,25.4,86.9
20260719T100950Z,25.5,87.1
20260719T101005Z,25.5,87.5
20260719T101020Z,25.5,87.6
20260719T101035Z,25.6,87.8
20260719T101050Z,25.6,88.1
20260719T101105Z,25.6,88.4
20260719T101120Z,25.7,88.5
20260719T101135Z,25.7,88.7
20260719T101150Z,25.7,89.0
20260719T101205Z,25.8,89.1
20260719T101220Z,25.8,89.3
20260719T101235Z,25.8,89.4
20260719T101250Z,25.8,89.5
20260719T101305Z,25.9,89.7
20260719T101320Z,25.9,89.8
20260719T101335Z,25.9,89.9
20260719T101350Z,26.0,90.1
20260719T101405Z,26.0,90.3
20260719T101420Z,26.0,90.3
20260719T101435Z,26.0,90.5
20260719T101450Z,26.1,90.5
20260719T101505Z,26.1,90.6
20260719T101520Z,26.1,90.7
20260719T101535Z,26.1,90.9
20260719T101550Z,26.2,90.9
20260719T101605Z,26.2,90.9
20260719T101620Z,26.2,91.0
20260719T101635Z,26.2,91.1
20260719T101650Z,26.3,91.1
20260719T101705Z,26.3,91.2
20260719T101720Z,26.3,91.2
20260719T101735Z,26.3,91.3
20260719T101750Z,26.4,91.3
20260719T101805Z,26.4,91.4
20260719T101820Z,26.4,91.4
20260719T101835Z,26.4,91.5
20260719T101850Z,26.5,91.5
20260719T101905Z,26.5,91.5
20260719T101920Z,26.5,91.5
20260719T101935Z,26.5,91.6
20260719T101950Z,26.5,90.9
20260719T102005Z,26.5,89.3
20260719T102020Z,26.5,88.3
20260719T102035Z,26.5,87.8
20260719T102050Z,26.4,86.9
20260719T102105Z,26.3,86.0
20260719T102120Z,26.2,85.8
20260719T102135Z,26.1,84.7
20260719T102150Z,26.0,84.0
20260719T102205Z,25.9,83.5
20260719T102220Z,25.9,82.8
20260719T102235Z,25.7,81.7
20260719T102250Z,25.6,80.8
20260719T102305Z,25.5,80.6
20260719T102320Z,25.4,80.6
20260719T102335Z,25.3,79.9
20260719T102350Z,25.2,79.7
20260719T102405Z,25.1,79.8
20260719T102420Z,25.0,80.1
20260719T102435Z,25.0,79.9
20260719T102450Z,24.9,80.0
20260719T102505Z,24.9,78.5
20260719T102520Z,24.9,78.1
20260719T102535Z,24.8,76.8
20260719T102550Z,24.8,77.9
20260719T102605Z,24.8,79.8
20260719T102620Z,24.7,81.3
20260719T102635Z,24.7,82.3
20260719T102650Z,24.8,82.9
20260719T102705Z,24.8,83.1
20260719T102720Z,24.8,83.5
20260719T102735Z,24.9,83.8
20260719T102750Z,24.9,84.2
20260719T102805Z,24.9,84.6
20260719T102820Z,25.0,84.9
20260719T102835Z,25.0,85.1
20260719T102850Z,25.1,85.5
20260719T102905Z,25.1,85.9
20260719T102920Z,25.1,86.1
20260719T102935Z,25.2,86.3
20260719T102950Z,25.2,86.7
20260719T103005Z,25.2,87.0
20260719T103020Z,25.3,87.1
20260719T103035Z,25.3,88.0
20260719T103050Z,25.4,88.0
20260719T103105Z,25.4,88.4
20260719T103120Z,25.4,88.5
20260719T103135Z,25.5,88.6
20260719T103150Z,25.5,89.0
20260719T103205Z,25.6,89.1
20260719T103220Z,25.6,89.1
20260719T103235Z,25.6,89.3
20260719T103250Z,25.7,89.5
20260719T103305Z,25.7,89.8
20260719T103320Z,25.7,89.7
20260719T103335Z,25.8,90.1
20260719T103350Z,25.8,90.1
20260719T103405Z,25.8,90.3
20260719T103420Z,25.9,90.5
20260719T103435Z,25.9,90.6
20260719T103450Z,25.9,90.7
20260719T103505Z,26.0,90.8
20260719T103520Z,26.0,90.8
20260719T103535Z,26.0,90.9
20260719T103550Z,26.0,91.2
20260719T103605Z,26.1,91.2
20260719T103620Z,26.1,91.2
20260719T103635Z,26.1,91.4
20260719T103650Z,26.1,91.4
20260719T103705Z,26.2,91.5
20260719T103720Z,26.2,91.6
20260719T103735Z,26.2,91.7
20260719T103750Z,26.2,91.8
20260719T103805Z,26.3,91.8
20260719T103820Z,26.3,91.9
20260719T103835Z,26.3,92.0
20260719T103850Z,26.3,92.0
20260719T103905Z,26.3,92.1
20260719T103920Z,26.4,92.1
20260719T103935Z,26.4,92.2
20260719T103950Z,26.4,92.2
20260719T104005Z,26.4,92.2
20260719T104020Z,26.4,92.3
20260719T104035Z,26.5,92.6
20260719T104050Z,26.5,92.0
20260719T104105Z,26.5,90.4
20260719T104120Z,26.5,89.5
20260719T104135Z,26.4,88.8
20260719T104150Z,26.4,88.2
20260719T104205Z,26.3,87.4
20260719T104220Z,26.3,86.6
20260719T104235Z,26.2,85.2
20260719T104250Z,26.1,84.6
20260719T104305Z,26.0,83.4
20260719T104320Z,25.8,82.9
20260719T104335Z,25.7,82.4
20260719T104350Z,25.6,82.1
20260719T104405Z,25.5,81.1
20260719T104420Z,25.4,80.7
20260719T104435Z,25.3,80.9
20260719T104450Z,25.2,79.7
20260719T104505Z,25.1,79.2
20260719T104520Z,25.0,78.8
20260719T104535Z,24.9,78.2
20260719T104550Z,24.9,80.1
20260719T104605Z,24.9,81.5
20260719T104620Z,24.8,83.2
20260719T104635Z,24.8,84.1
20260719T104650Z,24.9,84.4
20260719T104705Z,24.9,84.4
20260719T104720Z,24.9,84.5
20260719T104735Z,24.9,85.1
20260719T104750Z,25.0,85.5
20260719T104805Z,25.0,85.6
20260719T104820Z,25.0,86.3
20260719T104835Z,25.1,86.4
20260719T104850Z,25.1,86.7
20260719T104905Z,25.1,86.9
20260719T104920Z,25.2,87.3
20260719T104935Z,25.2,87.4
20260719T104950Z,25.3,87.8
20260719T105005Z,25.3,88.1
20260719T105020Z,25.3,88.3
20260719T105035Z,25.4,88.5
20260719T105050Z,25.4,88.6
20260719T105105Z,25.4,88.5
20260719T105120Z,25.5,88.9
20260719T105135Z,25.5,89.3
20260719T105150Z,25.5,89.4
20260719T105205Z,25.6,89.6
20260719T105220Z,25.6,89.8
20260719T105235Z,25.6,89.8
20260719T105250Z,25.7,90.0
20260719T105305Z,25.7,90.2
20260719T105320Z,25.7,90.3
20260719T105335Z,25.7,90.5
20260719T105350Z,25.8,90.7
20260719T105405Z,25.8,90.7
20260719T105420Z,25.8,90.6
20260719T105435Z,25.8,90.9
20260719T105450Z,25.9,91.0
20260719T105505Z,25.9,91.2
20260719T105520Z,25.9,91.3
20260719T105535Z,25.9,91.3
20260719T105550Z,26.0,91.4
20260719T105605Z,26.0,91.5
20260719T105620Z,26.0,91.6
20260719T105635Z,26.0,91.7
20260719T105650Z,26.0,91.7
20260719T105705Z,26.1,91.8
20260719T105720Z,26.1,92.0
20260719T105735Z,26.1,91.9
20260719T105750Z,26.1,92.0
20260719T105805Z,26.1,92.1
20260719T105820Z,26.2,92.1
20260719T105835Z,26.2,92.1
20260719T105850Z,26.2,92.2
20260719T105905Z,26.2,92.3
20260719T105920Z,26.2,92.4
20260719T105935Z,26.3,92.4
20260719T105950Z,26.3,92.5
20260719T110005Z,26.3,92.4
20260719T110020Z,26.4,92.4
20260719T110035Z,26.4,92.5
20260719T110050Z,26.4,92.5
20260719T110105Z,26.4,92.4
20260719T110120Z,26.5,92.3
20260719T110135Z,26.5,92.4
20260719T110150Z,26.5,91.4
20260719T110205Z,26.5,91.2
20260719T110220Z,26.5,89.7
20260719T110235Z,26.5,89.6
20260719T110250Z,26.4,88.6
20260719T110305Z,26.4,88.1
20260719T110320Z,26.3,86.3
20260719T110335Z,26.3,85.9
20260719T110350Z,26.2,84.8
20260719T110405Z,26.1,83.7
20260719T110420Z,25.9,83.0
20260719T110435Z,25.8,82.4
20260719T110450Z,25.7,82.1
20260719T110505Z,25.6,81.7
20260719T110520Z,25.5,81.2
20260719T110535Z,25.4,80.6
20260719T110550Z,25.3,79.9
20260719T110605Z,25.2,79.8
20260719T110620Z,25.1,79.5
20260719T110635Z,25.1,79.6
20260719T110650Z,25.0,79.5
20260719T110705Z,25.0,80.8
20260719T110720Z,25.0,82.0
20260719T110735Z,25.0,83.8
20260719T110750Z,25.0,84.3
20260719T110805Z,25.0,84.3
20260719T110820Z,25.1,84.4
20260719T110835Z,25.1,84.8
20260719T110850Z,25.1,85.2
20260719T110905Z,25.1,85.3
20260719T110920Z,25.2,85.9
20260719T110935Z,25.2,86.1
20260719T110950Z,25.2,86.6
20260719T111005Z,25.3,86.8
20260719T111020Z,25.3,87.0
20260719T111035Z,25.4,87.3
20260719T111050Z,25.4,87.8
20260719T111105Z,25.4,87.9
20260719T111120Z,25.5,88.1
20260719T111135Z,25.5,88.1
20260719T111150Z,25.5,88.5
20260719T111205Z,25.6,88.7
20260719T111220Z,25.6,88.9
20260719T111235Z,25.6,89.0
20260719T111250Z,25.7,89.2
20260719T111305Z,25.7,89.4
20260719T111320Z,25.7,89.6
20260719T111335Z,25.8,89.9
20260719T111350Z,25.8,90.0
20260719T111405Z,25.8,90.0
20260719T111420Z,25.9,90.2
20260719T111435Z,25.9,90.4
20260719T111450Z,25.9,90.6
20260719T111505Z,25.9,90.5
20260719T111520Z,26.0,90.8
20260719T111535Z,26.0,90.7
20260719T111550Z,26.0,90.9
20260719T111605Z,26.1,91.1
20260719T111620Z,26.1,91.1
20260719T111635Z,26.1,91.3
20260719T111650Z,26.1,91.3
20260719T111705Z,26.2,91.4
20260719T111720Z,26.2,91.5
20260719T111735Z,26.2,91.5
20260719T111750Z,26.2,91.6
20260719T111805Z,26.2,91.7
20260719T111820Z,26.3,91.7
20260719T111835Z,26.3,91.8
20260719T111850Z,26.3,91.9
20260719T111905Z,26.3,91.9
20260719T111920Z,26.4,92.0
20260719T111935Z,26.4,92.0
20260719T111950Z,26.4,92.1
20260719T112005Z,26.4,92.1
20260719T112020Z,26.4,92.1
20260719T112035Z,26.5,92.2
20260719T112050Z,26.5,92.1
20260719T112105Z,26.5,92.1
20260719T112120Z,26.5,92.1
20260719T112135Z,26.6,92.2
20260719T112150Z,26.6,91.4
20260719T112205Z,26.6,90.9
20260719T112220Z,26.5,89.8
20260719T112235Z,26.5,89.3
20260719T112250Z,26.5,88.3
20260719T112305Z,26.4,87.6
20260719T112321Z,26.4,86.5
20260719T112336Z,26.3,85.5
20260719T112350Z,26.2,84.4
20260719T112405Z,26.1,83.9
20260719T112420Z,26.0,83.1
20260719T112435Z,25.8,82.9
20260719T112450Z,25.7,82.2
20260719T112505Z,25.6,81.2
20260719T112520Z,25.5,81.2
20260719T112535Z,25.4,80.8
20260719T112550Z,25.3,80.0
20260719T112605Z,25.2,80.4
20260719T112621Z,25.1,78.7
20260719T112636Z,25.0,78.8
20260719T112650Z,25.0,79.7
20260719T112705Z,24.9,81.0
20260719T112720Z,24.9,82.3
20260719T112735Z,24.9,83.8
20260719T112750Z,25.0,84.5
20260719T112805Z,25.0,84.5
20260719T112820Z,25.0,84.5
20260719T112835Z,25.0,85.2
20260719T112850Z,25.1,85.6
20260719T112905Z,25.1,85.8
20260719T112920Z,25.2,86.3
20260719T112935Z,25.2,86.4
20260719T112950Z,25.2,86.8
20260719T113005Z,25.3,87.0
20260719T113020Z,25.3,87.4
20260719T113035Z,25.3,87.7
20260719T113050Z,25.4,87.9
20260719T113105Z,25.4,87.9
20260719T113120Z,25.5,88.1
20260719T113135Z,25.5,88.4
20260719T113150Z,25.5,88.7
20260719T113205Z,25.6,88.9
20260719T113220Z,25.6,89.2
20260719T113235Z,25.6,89.4
20260719T113250Z,25.7,89.5
20260719T113305Z,25.7,89.7
20260719T113320Z,25.7,89.8
20260719T113335Z,25.8,90.1
20260719T113350Z,25.8,90.3
20260719T113405Z,25.8,90.5
20260719T113420Z,25.8,90.6
20260719T113435Z,25.8,90.7
20260719T113450Z,25.9,91.0
20260719T113505Z,25.9,91.1
20260719T113521Z,25.9,91.3
20260719T113536Z,26.0,91.3
20260719T113550Z,26.0,91.3
20260719T113605Z,26.0,91.4
20260719T113620Z,26.0,91.6
20260719T113635Z,26.1,91.7
20260719T113650Z,26.1,91.8
20260719T113705Z,26.1,91.8
20260719T113720Z,26.1,92.0
20260719T113735Z,26.1,92.0
20260719T113750Z,26.2,92.1
20260719T113805Z,26.2,92.2
20260719T113820Z,26.2,92.2
20260719T113835Z,26.3,92.2
20260719T113850Z,26.3,92.3
20260719T113905Z,26.3,92.3
20260719T113920Z,26.3,92.3
20260719T113935Z,26.4,92.4
20260719T113950Z,26.4,92.4
20260719T114005Z,26.4,92.4
20260719T114020Z,26.4,92.4
20260719T114035Z,26.4,92.5
20260719T114050Z,26.5,92.5
20260719T114105Z,26.5,92.6
20260719T114120Z,26.5,92.5
20260719T114135Z,26.5,92.0
20260719T114150Z,26.5,90.0
20260719T114205Z,26.5,89.4
20260719T114220Z,26.4,88.7
20260719T114235Z,26.4,88.0
20260719T114250Z,26.3,87.2
20260719T114305Z,26.2,87.0
20260719T114320Z,26.2,85.8
20260719T114335Z,26.1,85.1
20260719T114350Z,26.0,84.2
20260719T114405Z,25.9,83.8
20260719T114420Z,25.8,83.5
20260719T114435Z,25.7,82.4
20260719T114450Z,25.6,81.6
20260719T114505Z,25.5,81.2
20260719T114520Z,25.4,80.8
20260719T114535Z,25.3,80.4
20260719T114550Z,25.2,79.4
20260719T114605Z,25.1,79.4
20260719T114620Z,25.0,78.0
20260719T114635Z,24.9,78.4
20260719T114650Z,24.8,77.0
20260719T114705Z,24.8,78.4
20260719T114720Z,24.7,80.4
20260719T114735Z,24.7,81.8
20260719T114750Z,24.7,83.1
20260719T114805Z,24.7,83.5
20260719T114821Z,24.8,84.0
20260719T114836Z,24.8,84.1
20260719T114850Z,24.9,84.7
20260719T114905Z,24.9,84.6
20260719T114920Z,24.9,85.3
20260719T114935Z,25.0,85.6
20260719T114950Z,25.0,85.9
20260719T115005Z,25.1,86.1
20260719T115020Z,25.1,86.6
20260719T115036Z,25.2,86.9
20260719T115050Z,25.2,87.0
20260719T115106Z,25.3,87.2
20260719T115120Z,25.3,87.6
20260719T115136Z,25.4,87.7
20260719T115150Z,25.4,87.9
20260719T115205Z,25.4,88.2
20260719T115220Z,25.5,88.3
20260719T115236Z,25.5,88.4
20260719T115250Z,25.6,88.8
20260719T115305Z,25.6,88.9
20260719T115320Z,25.6,89.3
20260719T115335Z,25.7,89.2
20260719T115350Z,25.7,89.2
20260719T115405Z,25.8,89.6
20260719T115420Z,25.8,89.8
20260719T115436Z,25.8,90.0
20260719T115450Z,25.8,90.1
20260719T115505Z,25.9,90.3
20260719T115520Z,25.9,90.4
20260719T115536Z,25.9,90.6
20260719T115550Z,25.9,90.7
20260719T115606Z,26.0,90.8
20260719T115620Z,26.0,90.9
20260719T115636Z,26.0,91.0
20260719T115650Z,26.1,91.1
20260719T115706Z,26.1,91.2
20260719T115720Z,26.1,91.3
20260719T115736Z,26.2,91.4
20260719T115750Z,26.2,91.5
20260719T115806Z,26.2,91.6
20260719T115821Z,26.2,91.6
20260719T115835Z,26.2,91.7
20260719T115851Z,26.3,91.8
20260719T115905Z,26.3,91.9
20260719T115921Z,26.3,92.0
20260719T115936Z,26.3,91.9
20260719T115950Z,26.4,92.1
20260719T120006Z,26.4,92.0
20260719T120020Z,26.4,92.0
20260719T120036Z,26.4,92.1
20260719T120050Z,26.5,92.2
20260719T120106Z,26.5,92.1
20260719T120121Z,26.5,92.0
20260719T120136Z,26.5,91.8
20260719T120150Z,26.5,89.5
20260719T120206Z,26.5,88.9
20260719T120221Z,26.4,88.4
20260719T120235Z,26.4,87.6
20260719T120250Z,26.3,86.5
20260719T120306Z,26.2,86.1
20260719T120320Z,26.1,85.1
20260719T120336Z,26.0,84.9
20260719T120350Z,26.0,83.9
20260719T120406Z,25.9,83.2
20260719T120420Z,25.8,82.5
20260719T120436Z,25.6,82.4
20260719T120450Z,25.5,81.5
20260719T120506Z,25.5,81.0
20260719T120522Z,25.4,80.3
20260719T120536Z,25.3,79.7
20260719T120550Z,25.2,79.5
20260719T120606Z,25.1,78.6
20260719T120620Z,25.0,77.8
20260719T120635Z,24.9,77.5
20260719T120650Z,24.8,77.0
20260719T120706Z,24.7,77.1
20260719T120720Z,24.7,78.7
20260719T120736Z,24.6,80.4
20260719T120750Z,24.6,82.0
20260719T120806Z,24.7,82.7
20260719T120820Z,24.7,83.1
20260719T120836Z,24.8,83.1
20260719T120850Z,24.8,83.7
20260719T120905Z,24.8,84.0
20260719T120921Z,24.9,84.3
20260719T120935Z,24.9,84.4
20260719T120951Z,25.0,85.0
20260719T121005Z,25.0,85.5
20260719T121021Z,25.1,85.9
20260719T121035Z,25.1,86.0
20260719T121051Z,25.2,86.3
20260719T121105Z,25.2,86.4
20260719T121121Z,25.3,86.8
20260719T121135Z,25.3,87.0
20260719T121151Z,25.4,87.3
20260719T121205Z,25.4,87.5
20260719T121220Z,25.4,87.9
20260719T121235Z,25.5,87.9
20260719T121251Z,25.5,88.3
20260719T121305Z,25.5,88.4
20260719T121320Z,25.6,88.7
20260719T121336Z,25.6,88.8
20260719T121350Z,25.6,89.0
20260719T121406Z,25.7,89.2
20260719T121420Z,25.7,89.4
20260719T121436Z,25.7,89.5
20260719T121450Z,25.8,89.8
20260719T121505Z,25.8,89.8
20260719T121521Z,25.8,90.0
20260719T121535Z,25.9,90.2
20260719T121551Z,25.9,90.3
20260719T121605Z,25.9,90.4
20260719T121621Z,25.9,90.6
20260719T121635Z,26.0,90.7
20260719T121651Z,26.0,90.8
20260719T121705Z,26.0,90.9
20260719T121721Z,26.1,91.0
20260719T121735Z,26.1,91.1
20260719T121750Z,26.1,91.1
20260719T121806Z,26.1,91.2
20260719T121820Z,26.2,91.3
20260719T121835Z,26.2,91.4
20260719T121850Z,26.2,91.4
20260719T121906Z,26.3,91.6
20260719T121920Z,26.3,91.5
20260719T121936Z,26.3,91.6
20260719T121950Z,26.3,91.7
20260719T122006Z,26.4,91.6
20260719T122020Z,26.4,91.7
20260719T122035Z,26.4,91.7
20260719T122051Z,26.4,91.9
20260719T122105Z,26.5,91.9
20260719T122121Z,26.5,92.0
20260719T122136Z,26.5,91.3
20260719T122150Z,26.5,91.1
20260719T122205Z,26.5,88.8
20260719T122221Z,26.4,88.8
20260719T122235Z,26.4,87.7
20260719T122251Z,26.3,87.1
20260719T122305Z,26.2,86.5
20260719T122321Z,26.2,85.4
20260719T122335Z,26.1,84.8
20260719T122351Z,26.0,84.5
20260719T122405Z,25.9,83.8
20260719T122421Z,25.8,82.9
20260719T122436Z,25.7,82.8
20260719T122450Z,25.6,81.0
20260719T122505Z,25.5,80.6
20260719T122520Z,25.4,80.1
20260719T122536Z,25.3,79.8
20260719T122550Z,25.2,79.0
20260719T122606Z,25.1,79.0
20260719T122621Z,25.0,78.7
20260719T122636Z,25.0,77.6
20260719T122650Z,24.9,76.9
20260719T122706Z,24.8,77.0
20260719T122720Z,24.7,78.1
20260719T122736Z,24.7,79.6
20260719T122750Z,24.7,81.3
20260719T122805Z,24.7,82.0
20260719T122821Z,24.7,82.6
20260719T122835Z,24.8,83.1
20260719T122851Z,24.8,83.4
20260719T122905Z,24.9,83.9
20260719T122921Z,24.9,84.1
20260719T122935Z,24.9,84.6
20260719T122951Z,25.0,84.8
20260719T123005Z,25.0,85.0
20260719T123020Z,25.1,85.7
20260719T123036Z,25.1,85.9
20260719T123050Z,25.2,86.1
20260719T123105Z,25.2,86.4
20260719T123120Z,25.3,86.6
20260719T123135Z,25.3,87.1
20260719T123151Z,25.3,87.1
20260719T123205Z,25.4,87.3
20260719T123221Z,25.4,87.5
20260719T123235Z,25.5,87.8
20260719T123251Z,25.5,88.2
20260719T123305Z,25.5,88.3
20260719T123321Z,25.6,88.5
20260719T123335Z,25.6,88.8
20260719T123351Z,25.6,89.0
20260719T123405Z,25.7,89.1
20260719T123420Z,25.7,89.3
20260719T123435Z,25.7,89.5
20260719T123451Z,25.8,89.5
20260719T123505Z,25.8,89.9
20260719T123521Z,25.8,90.0
20260719T123535Z,25.8,90.0
20260719T123551Z,25.9,90.1
20260719T123605Z,25.9,90.4
20260719T123621Z,25.9,90.5
20260719T123635Z,26.0,90.5
20260719T123651Z,26.0,90.7
20260719T123705Z,26.0,90.8
20260719T123721Z,26.1,90.9
20260719T123735Z,26.1,91.1
20260719T123751Z,26.1,91.2
20260719T123805Z,26.1,91.2
20260719T123821Z,26.2,91.2
20260719T123835Z,26.2,91.5
20260719T123851Z,26.2,91.5
20260719T123905Z,26.2,91.5
20260719T123921Z,26.2,91.6
20260719T123936Z,26.3,91.7
20260719T123950Z,26.3,91.7
20260719T124006Z,26.3,91.8
20260719T124021Z,26.4,91.7
20260719T124035Z,26.4,91.9
20260719T124050Z,26.4,91.8
20260719T124105Z,26.4,91.9
20260719T124122Z,26.4,92.0
20260719T124136Z,26.5,92.0
20260719T124151Z,26.5,92.0
20260719T124205Z,26.5,91.5
20260719T124221Z,26.5,89.5
20260719T124235Z,26.5,89.0
20260719T124251Z,26.4,88.0
20260719T124305Z,26.4,87.3
20260719T124321Z,26.3,86.6
20260719T124335Z,26.2,85.7
20260719T124350Z,26.1,85.2
20260719T124405Z,26.0,84.4
20260719T124420Z,25.9,83.7
20260719T124436Z,25.8,83.3
20260719T124450Z,25.7,82.8
20260719T124506Z,25.6,84.5
20260719T124520Z,25.6,85.4
20260719T124536Z,25.5,87.3
20260719T124550Z,25.5,88.2
20260719T124606Z,25.5,88.6
20260719T124620Z,25.6,88.6
20260719T124635Z,25.6,88.8
20260719T124651Z,25.6,89.0
20260719T124705Z,25.6,89.3
20260719T124721Z,25.6,89.4
20260719T124736Z,25.7,89.7
20260719T124751Z,25.7,90.0
20260719T124806Z,25.7,90.3
20260719T124820Z,25.7,90.5
20260719T124836Z,25.7,90.6
20260719T124850Z,25.8,91.0
20260719T124906Z,25.8,91.1
20260719T124920Z,25.8,91.1
20260719T124936Z,25.9,91.4
20260719T124950Z,25.9,91.4
20260719T125005Z,25.9,91.6
20260719T125021Z,25.9,91.8
20260719T125035Z,25.9,91.9
20260719T125051Z,26.0,92.1
20260719T125105Z,26.0,92.2
20260719T125121Z,26.0,92.2
20260719T125135Z,26.0,92.4
20260719T125151Z,26.0,92.6
20260719T125205Z,26.0,92.6
20260719T125221Z,26.1,92.7
20260719T125235Z,26.1,92.8
20260719T125251Z,26.1,92.9
20260719T125306Z,26.1,93.0
20260719T125321Z,26.2,93.1
20260719T125336Z,26.2,93.1
20260719T125351Z,26.2,93.2
20260719T125406Z,26.2,93.2
20260719T125422Z,26.2,93.2
20260719T125436Z,26.3,93.3
20260719T125450Z,26.3,93.4
20260719T125506Z,26.3,93.4
20260719T125521Z,26.3,93.5
20260719T125536Z,26.3,93.5
20260719T125550Z,26.3,93.5
20260719T125606Z,26.4,93.5
20260719T125621Z,26.4,93.6
20260719T125636Z,26.4,93.6
20260719T125651Z,26.4,93.7
20260719T125706Z,26.4,93.6
20260719T125721Z,26.4,93.6
20260719T125736Z,26.5,93.6
20260719T125751Z,26.5,93.7
20260719T125806Z,26.5,93.7
20260719T125821Z,26.5,93.8
20260719T125836Z,26.5,93.8
20260719T125851Z,26.5,93.8
20260719T125906Z,26.5,93.7
20260719T125921Z,26.6,93.8
20260719T125936Z,26.6,93.8
20260719T125951Z,26.6,93.8
20260719T130006Z,26.6,93.8
20260719T130021Z,26.6,93.8
20260719T130036Z,26.6,93.8
20260719T130051Z,26.6,93.9
20260719T130106Z,26.7,93.8
20260719T130121Z,26.7,93.8
20260719T130136Z,26.7,93.8
20260719T130151Z,26.7,93.8
20260719T130206Z,26.7,93.9
20260719T130221Z,26.7,93.8
20260719T130236Z,26.7,93.8
20260719T130251Z,26.7,93.8
20260719T130306Z,26.7,93.8
20260719T130321Z,26.8,93.9
20260719T130336Z,26.8,93.8
20260719T130351Z,26.8,93.9
20260719T130406Z,26.8,93.9
20260719T130421Z,26.8,93.8
20260719T130436Z,26.8,93.8
20260719T130451Z,26.8,93.8
20260719T130506Z,26.8,93.8
20260719T130521Z,26.8,93.8
20260719T130536Z,26.8,93.8
20260719T130551Z,26.9,93.8
20260719T130606Z,26.9,93.8
20260719T130621Z,26.9,93.8
20260719T130636Z,26.9,93.8
20260719T130651Z,26.9,93.8
20260719T130706Z,26.9,93.8
20260719T130721Z,26.9,93.8
20260719T130736Z,26.9,93.8
20260719T130751Z,26.9,93.7
20260719T130806Z,26.9,93.8
20260719T130821Z,27.0,93.7
20260719T130836Z,27.0,93.7
20260719T130851Z,27.0,93.7
20260719T130906Z,27.0,93.7
20260719T130921Z,27.0,93.7
20260719T130936Z,27.0,93.6
20260719T130951Z,27.0,93.6
20260719T131006Z,27.0,93.6
20260719T131021Z,27.0,93.6
20260719T131036Z,27.0,93.6
20260719T131051Z,27.0,93.6
20260719T131106Z,27.0,93.6
20260719T131121Z,27.1,93.5
20260719T131136Z,27.1,93.6
20260719T131151Z,27.1,93.5
20260719T131206Z,27.1,93.5
20260719T131221Z,27.1,93.5
20260719T131236Z,27.1,93.5
20260719T131251Z,27.1,93.5
20260719T131306Z,27.1,93.5
20260719T131321Z,27.1,93.5
20260719T131336Z,27.1,93.5
20260719T131351Z,27.1,93.4
20260719T131406Z,27.1,93.4
20260719T131421Z,27.1,93.4
20260719T131436Z,27.1,93.4
20260719T131451Z,27.1,93.4
20260719T131506Z,27.1,93.3
20260719T131521Z,27.2,93.3
20260719T131536Z,27.2,93.3
20260719T131551Z,27.2,93.2
20260719T131606Z,27.2,93.3
20260719T131621Z,27.2,93.3
20260719T131636Z,27.2,93.2
20260719T131651Z,27.2,93.3
20260719T131706Z,27.2,93.3
20260719T131721Z,27.2,93.2
20260719T131736Z,27.2,93.2
20260719T131751Z,27.2,93.2
20260719T131806Z,27.2,93.1
20260719T131821Z,27.2,93.1
20260719T131836Z,27.2,93.1
20260719T131851Z,27.3,93.1
20260719T131906Z,27.3,93.1
20260719T131921Z,27.2,93.1
20260719T131936Z,27.3,93.1
20260719T131951Z,27.3,93.1
20260719T132006Z,27.3,93.1
20260719T132021Z,27.3,93.0
20260719T132036Z,27.3,93.0
20260719T132051Z,27.3,93.0
20260719T132106Z,27.3,93.0
20260719T132121Z,27.3,93.0
20260719T132136Z,27.3,93.0
20260719T132151Z,27.3,92.9
20260719T132206Z,27.3,92.9
20260719T132221Z,27.3,92.9
20260719T132236Z,27.3,92.9
20260719T132251Z,27.3,92.9
20260719T132306Z,27.4,92.9
20260719T132321Z,27.4,92.9
20260719T132336Z,27.4,92.8
20260719T132351Z,27.4,92.9
20260719T132406Z,27.4,92.8
20260719T132421Z,27.4,92.8
20260719T132436Z,27.4,92.8
20260719T132451Z,27.4,92.8
20260719T132506Z,27.4,92.8
20260719T132521Z,27.4,92.8
20260719T132536Z,27.4,92.7
20260719T132551Z,27.4,92.7
20260719T132606Z,27.4,92.7
20260719T132621Z,27.4,92.7
20260719T132636Z,27.4,92.7
20260719T132651Z,27.4,92.7
20260719T132706Z,27.4,92.6
20260719T132721Z,27.4,92.6
20260719T132736Z,27.4,92.6
20260719T132751Z,27.4,92.6
20260719T132806Z,27.4,92.6
20260719T132821Z,27.5,92.6
20260719T132836Z,27.4,92.6
20260719T132851Z,27.5,92.6
20260719T132906Z,27.5,92.5
20260719T132921Z,27.5,92.5
20260719T132936Z,27.5,92.5
20260719T132951Z,27.5,92.5
20260719T133006Z,27.5,92.5
20260719T133021Z,27.5,92.5
20260719T133036Z,27.5,92.5
20260719T133051Z,27.5,92.4
20260719T133106Z,27.5,92.4
20260719T133121Z,27.5,92.4
20260719T133136Z,27.5,92.4
20260719T133151Z,27.5,92.4
20260719T133206Z,27.5,92.4
20260719T133221Z,27.5,92.3
20260719T133236Z,27.5,92.4
20260719T133251Z,27.5,92.3
20260719T133306Z,27.5,92.3
20260719T133321Z,27.5,92.3
20260719T133336Z,27.5,92.3
20260719T133351Z,27.5,92.2
20260719T133406Z,27.6,92.2
20260719T133421Z,27.5,92.3
20260719T133436Z,27.6,92.2
20260719T133451Z,27.6,92.2
20260719T133506Z,27.6,92.2
20260719T133521Z,27.5,92.2
20260719T133536Z,27.6,92.2
20260719T133551Z,27.6,92.2
20260719T133606Z,27.6,92.2
20260719T133621Z,27.6,92.2
20260719T133636Z,27.6,92.1
20260719T133651Z,27.6,92.1
20260719T133706Z,27.6,92.1
20260719T133721Z,27.6,92.1
20260719T133736Z,27.6,92.1
20260719T133751Z,27.6,92.1
20260719T133806Z,27.6,92.1
20260719T133821Z,27.6,92.1
20260719T133836Z,27.6,92.1
20260719T133851Z,27.6,92.1
20260719T133906Z,27.6,92.1
20260719T133921Z,27.6,92.0
20260719T133936Z,27.6,92.0
20260719T133951Z,27.6,92.0
20260719T134006Z,27.6,92.0
20260719T134021Z,27.6,92.0
20260719T134036Z,27.6,92.0
20260719T134051Z,27.6,92.0
20260719T134106Z,27.6,91.9
20260719T134121Z,27.6,91.9
20260719T134136Z,27.6,91.9
20260719T134151Z,27.6,91.9
20260719T134206Z,27.6,91.9
20260719T134221Z,27.6,91.9
20260719T134236Z,27.6,91.9
20260719T134251Z,27.6,91.9
20260719T134306Z,27.7,91.9
20260719T134321Z,27.6,90.9
20260719T134336Z,27.6,91.2
20260719T134351Z,27.6,89.6
20260719T134406Z,27.5,89.3
20260719T134421Z,27.5,88.5
20260719T134436Z,27.4,88.2
20260719T134451Z,27.3,87.7
20260719T134506Z,27.2,86.2
20260719T134521Z,27.0,86.0
20260719T134536Z,26.9,85.4
20260719T134551Z,26.8,85.1
20260719T134606Z,26.7,83.8
20260719T134621Z,26.5,83.8
20260719T134636Z,26.4,83.8
20260719T134651Z,26.3,82.7
20260719T134706Z,26.2,82.2
20260719T134721Z,26.0,82.2
20260719T134736Z,25.9,84.4
20260719T134751Z,25.9,85.8
20260719T134806Z,25.8,87.0
20260719T134821Z,25.8,87.5
20260719T134836Z,25.8,88.0
20260719T134851Z,25.8,88.5
20260719T134906Z,25.8,88.5
20260719T134921Z,25.8,88.6
20260719T134936Z,25.9,88.9
20260719T134951Z,25.9,89.3
20260719T135006Z,25.9,89.7
20260719T135021Z,25.9,89.7
20260719T135036Z,26.0,90.4
20260719T135051Z,26.0,90.6
20260719T135106Z,26.0,90.7
20260719T135121Z,26.0,91.0
20260719T135136Z,26.1,91.1
20260719T135151Z,26.1,91.3
20260719T135206Z,26.1,91.5
20260719T135221Z,26.1,91.7
20260719T135236Z,26.2,92.0
20260719T135251Z,26.2,91.9
20260719T135306Z,26.2,92.1
20260719T135321Z,26.2,92.4
20260719T135336Z,26.3,92.4
20260719T135351Z,26.3,92.6
20260719T135406Z,26.3,92.8
20260719T135421Z,26.3,93.0
20260719T135436Z,26.3,93.1
20260719T135451Z,26.4,93.2
20260719T135506Z,26.4,93.3
20260719T135521Z,26.4,93.5
20260719T135536Z,26.4,93.5
20260719T135551Z,26.5,93.6
20260719T135606Z,26.5,93.6
20260719T135621Z,26.5,93.7
20260719T135636Z,26.5,93.9
20260719T135651Z,26.5,93.9
20260719T135706Z,26.5,94.0
20260719T135721Z,26.6,93.9
20260719T135736Z,26.6,94.0
20260719T135751Z,26.6,94.1
20260719T135806Z,26.6,94.1
20260719T135821Z,26.6,94.2
20260719T135836Z,26.7,94.1
20260719T135851Z,26.7,94.1
20260719T135906Z,26.7,94.1
20260719T135921Z,26.7,94.2
20260719T135936Z,26.7,94.1
20260719T135951Z,26.8,94.1
20260719T140006Z,26.8,94.1
20260719T140021Z,26.8,94.1
20260719T140036Z,26.8,94.2
20260719T140051Z,26.8,94.1
20260719T140106Z,26.9,94.1
20260719T140121Z,26.9,94.1
20260719T140136Z,26.9,94.1
20260719T140151Z,26.9,94.1
20260719T140206Z,26.9,94.0
20260719T140221Z,26.9,94.0
20260719T140236Z,26.9,94.0
20260719T140251Z,27.0,94.1
20260719T140306Z,27.0,93.9
20260719T140321Z,27.0,93.9
20260719T140336Z,27.0,93.9
20260719T140351Z,27.0,93.9
20260719T140406Z,27.1,93.8
20260719T140421Z,27.1,93.8
20260719T140436Z,27.1,93.9
20260719T140451Z,27.1,93.8
20260719T140506Z,27.1,93.7
20260719T140521Z,27.1,93.7
20260719T140536Z,27.2,93.7
20260719T140551Z,27.2,93.6
20260719T140606Z,27.2,93.7
20260719T140621Z,27.2,93.6
20260719T140636Z,27.2,93.6
20260719T140651Z,27.2,93.5
20260719T140706Z,27.2,93.5
20260719T140721Z,27.2,93.5
20260719T140736Z,27.2,93.5
20260719T140751Z,27.3,93.5
20260719T140806Z,27.3,93.4
20260719T140821Z,27.3,93.4
20260719T140836Z,27.3,93.3
20260719T140851Z,27.3,93.3
20260719T140906Z,27.3,93.3
20260719T140921Z,27.3,93.3
20260719T140936Z,27.3,93.3
20260719T140951Z,27.3,93.2
20260719T141006Z,27.4,93.2
20260719T141021Z,27.4,93.2
20260719T141036Z,27.4,93.2
20260719T141051Z,27.4,93.1
20260719T141106Z,27.4,93.1
20260719T141121Z,27.4,93.1
20260719T141136Z,27.4,93.1
20260719T141151Z,27.4,93.0
20260719T141206Z,27.4,93.0
20260719T141221Z,27.4,92.8
20260719T141236Z,27.4,93.1
20260719T141251Z,27.4,91.4
20260719T141306Z,27.4,90.9
20260719T141321Z,27.3,90.1
20260719T141336Z,27.3,89.3
20260719T141351Z,27.2,88.1
20260719T141406Z,27.1,87.7
20260719T141421Z,27.0,86.6
20260719T141436Z,26.9,86.3
20260719T141451Z,26.7,85.5
20260719T141506Z,26.6,84.3
20260719T141521Z,26.5,84.0
20260719T141536Z,26.3,84.1
20260719T141551Z,26.2,83.3
20260719T141606Z,26.1,83.1
20260719T141621Z,26.0,82.2
20260719T141636Z,25.9,82.0
20260719T141651Z,25.8,82.0
20260719T141706Z,25.7,80.4
20260719T141721Z,25.6,79.8
20260719T141736Z,25.5,80.0
20260719T141751Z,25.4,79.4
20260719T141806Z,25.3,79.0
20260719T141821Z,25.3,78.4
20260719T141836Z,25.2,77.7
20260719T141851Z,25.1,77.4
20260719T141906Z,25.1,76.6
20260719T141921Z,25.0,76.1
20260719T141936Z,25.0,75.5
20260719T141951Z,25.0,75.1
20260719T142006Z,24.9,74.4
20260719T142021Z,24.9,73.7
20260719T142036Z,24.8,73.4
20260719T142051Z,24.8,72.8
20260719T142106Z,24.7,72.3
20260719T142121Z,24.7,71.5
20260719T142136Z,24.7,71.3
20260719T142151Z,24.7,70.7
20260719T142206Z,24.6,72.2
20260719T142221Z,24.7,74.0
20260719T142236Z,24.7,76.1
20260719T142251Z,24.7,77.4
20260719T142306Z,24.7,77.9
20260719T142321Z,24.7,78.3
20260719T142336Z,24.8,78.6
20260719T142351Z,24.8,79.1
20260719T142406Z,24.8,79.2
20260719T142421Z,24.8,80.0
20260719T142436Z,24.9,80.3
20260719T142451Z,24.9,80.8
20260719T142506Z,24.9,81.4
20260719T142521Z,24.9,81.9
20260719T142536Z,25.0,82.1
20260719T142551Z,25.0,82.3
20260719T142606Z,25.0,82.9
20260719T142621Z,25.1,83.4
20260719T142636Z,25.1,83.9
20260719T142651Z,25.1,84.2
20260719T142706Z,25.1,84.1
20260719T142721Z,25.2,84.4
20260719T142736Z,25.2,84.8
20260719T142751Z,25.2,85.3
20260719T142806Z,25.3,85.2
20260719T142822Z,25.3,85.8
20260719T142836Z,25.4,85.9
20260719T142851Z,25.4,86.3
20260719T142906Z,25.4,86.4
20260719T142921Z,25.4,86.7
20260719T142936Z,25.5,87.0
20260719T142951Z,25.5,87.2
20260719T143006Z,25.5,87.2
20260719T143021Z,25.6,87.8
20260719T143036Z,25.6,88.0
20260719T143051Z,25.6,87.6
20260719T143106Z,25.6,85.8
20260719T143121Z,25.6,85.4
20260719T143136Z,25.6,84.0
20260719T143151Z,25.5,83.7
20260719T143206Z,25.5,82.7
20260719T143221Z,25.4,82.2
20260719T143236Z,25.3,81.2
20260719T143251Z,25.2,80.5
20260719T143306Z,25.1,80.7
20260719T143321Z,25.1,79.4
20260719T143336Z,25.0,79.4
20260719T143351Z,25.0,77.8
20260719T143406Z,24.9,77.6
20260719T143421Z,24.8,76.9
20260719T143436Z,24.8,76.7
20260719T143451Z,24.7,75.9
20260719T143506Z,24.7,75.2
20260719T143521Z,24.7,74.7
20260719T143536Z,24.6,74.2
20260719T143551Z,24.6,73.7
20260719T143606Z,24.6,72.8
20260719T143621Z,24.6,73.0
20260719T143636Z,24.6,74.6
20260719T143651Z,24.6,76.6
20260719T143706Z,24.6,78.2
20260719T143721Z,24.6,78.6
20260719T143736Z,24.6,79.1
20260719T143751Z,24.7,79.5
20260719T143806Z,24.7,79.6
20260719T143821Z,24.7,80.2
20260719T143836Z,24.7,80.5
20260719T143851Z,24.8,81.0
20260719T143906Z,24.8,81.1
20260719T143921Z,24.8,81.9
20260719T143936Z,24.8,82.2
20260719T143951Z,24.8,82.7
20260719T144006Z,24.9,83.1
20260719T144022Z,24.9,83.4
20260719T144037Z,24.9,83.9
20260719T144051Z,25.0,84.0
20260719T144106Z,25.0,84.2
20260719T144121Z,25.0,84.6
20260719T144136Z,25.1,84.8
20260719T144151Z,25.1,85.2
20260719T144206Z,25.1,85.6
20260719T144221Z,25.2,85.7
20260719T144236Z,25.2,86.0
20260719T144251Z,25.2,86.4
20260719T144306Z,25.2,86.6
20260719T144321Z,25.3,86.9
20260719T144336Z,25.3,87.0
20260719T144351Z,25.3,87.3
20260719T144406Z,25.4,87.5
20260719T144421Z,25.4,87.6
20260719T144436Z,25.4,87.9
20260719T144451Z,25.5,87.9
20260719T144506Z,25.5,88.2
20260719T144521Z,25.5,88.3
20260719T144536Z,25.6,88.4
20260719T144551Z,25.6,88.6
20260719T144606Z,25.6,88.9
20260719T144621Z,25.6,89.1
20260719T144636Z,25.7,88.1
20260719T144651Z,25.7,87.6
20260719T144706Z,25.6,86.8
20260719T144721Z,25.6,85.9
20260719T144736Z,25.6,84.8
20260719T144751Z,25.5,84.4
20260719T144806Z,25.5,83.5
20260719T144821Z,25.4,82.9
20260719T144836Z,25.3,82.2
20260719T144851Z,25.3,81.8
20260719T144906Z,25.2,81.1
20260719T144921Z,25.1,79.7
20260719T144936Z,25.1,79.1
20260719T144951Z,25.0,78.8
20260719T145006Z,24.9,77.7
20260719T145021Z,24.9,77.4
20260719T145036Z,24.8,76.9
20260719T145051Z,24.8,76.3
20260719T145106Z,24.7,75.5
20260719T145121Z,24.7,74.9
20260719T145136Z,24.7,74.1
20260719T145151Z,24.7,73.5
20260719T145206Z,24.7,74.2
20260719T145221Z,24.7,75.8
20260719T145236Z,24.7,77.5
20260719T145251Z,24.7,78.7
20260719T145306Z,24.7,79.3
20260719T145321Z,24.8,79.6
20260719T145336Z,24.8,80.0
20260719T145351Z,24.8,80.3
20260719T145406Z,24.8,81.0
20260719T145421Z,24.7,81.4
20260719T145436Z,24.8,81.8
20260719T145451Z,24.8,82.4
20260719T145506Z,24.8,82.6
20260719T145522Z,24.8,82.9
20260719T145537Z,24.9,83.3
20260719T145551Z,24.9,83.6
20260719T145606Z,24.9,83.9
20260719T145621Z,24.9,84.4
20260719T145636Z,25.0,84.6
20260719T145651Z,25.0,84.8
20260719T145706Z,25.0,85.2
20260719T145721Z,25.1,85.6
20260719T145736Z,25.1,85.8
20260719T145751Z,25.1,86.0
20260719T145806Z,25.1,86.3
20260719T145821Z,25.2,86.6
20260719T145836Z,25.2,86.9
20260719T145851Z,25.2,87.3
20260719T145906Z,25.2,87.3
20260719T145921Z,25.3,87.6
20260719T145936Z,25.3,87.7
20260719T145951Z,25.3,88.6
20260719T150006Z,25.4,88.5
20260719T150021Z,25.4,88.6
20260719T150036Z,25.5,88.8
20260719T150051Z,25.5,88.9
20260719T150106Z,25.5,89.1
20260719T150121Z,25.5,89.3
20260719T150136Z,25.6,89.5
20260719T150151Z,25.6,89.4
20260719T150206Z,25.6,89.0
20260719T150221Z,25.6,87.5
20260719T150236Z,25.6,87.0
20260719T150251Z,25.6,86.4
20260719T150306Z,25.5,85.1
20260719T150321Z,25.5,84.4
20260719T150336Z,25.4,83.4
20260719T150351Z,25.3,82.6
20260719T150406Z,25.3,82.5
20260719T150421Z,25.2,82.1
20260719T150436Z,25.1,80.9
20260719T150451Z,25.1,80.1
20260719T150506Z,25.0,79.5
20260719T150521Z,24.9,78.9
20260719T150536Z,24.9,78.6
20260719T150551Z,24.8,77.1
20260719T150606Z,24.8,76.6
20260719T150621Z,24.7,75.9
20260719T150636Z,24.7,75.7
20260719T150651Z,24.7,74.9
20260719T150706Z,24.6,74.5
20260719T150721Z,24.6,75.6
20260719T150736Z,24.6,76.9
20260719T150751Z,24.6,78.6
20260719T150806Z,24.7,79.4
20260719T150821Z,24.7,79.9
20260719T150836Z,24.7,80.3
20260719T150851Z,24.7,80.9
20260719T150906Z,24.7,81.3
20260719T150921Z,24.7,81.6
20260719T150936Z,24.7,82.0
20260719T150951Z,24.7,82.4
20260719T151006Z,24.7,82.7
20260719T151021Z,24.8,83.1
20260719T151036Z,24.8,83.4
20260719T151051Z,24.8,84.1
20260719T151106Z,24.8,84.3
20260719T151121Z,24.9,84.8
20260719T151136Z,24.9,85.0
20260719T151151Z,24.9,85.2
20260719T151206Z,24.9,85.4
20260719T151221Z,25.0,85.7
20260719T151236Z,25.0,85.9
20260719T151251Z,25.0,86.4
20260719T151306Z,25.0,86.5
20260719T151321Z,25.1,86.7
20260719T151336Z,25.1,87.0
20260719T151351Z,25.1,87.3
20260719T151406Z,25.2,87.4
20260719T151421Z,25.2,88.0
20260719T151436Z,25.2,88.1
20260719T151451Z,25.3,88.0
20260719T151506Z,25.3,88.5
20260719T151521Z,25.3,88.7
20260719T151536Z,25.3,88.9
20260719T151551Z,25.4,89.2
20260719T151606Z,25.4,89.2
20260719T151621Z,25.4,89.6
20260719T151636Z,25.5,89.8
20260719T151651Z,25.5,89.9
20260719T151706Z,25.5,90.1
20260719T151721Z,25.5,90.2
20260719T151736Z,25.5,89.2
20260719T151751Z,25.5,88.9
20260719T151806Z,25.5,87.2
20260719T151821Z,25.5,87.5
20260719T151836Z,25.5,86.3
20260719T151851Z,25.4,86.0
20260719T151906Z,25.4,84.8
20260719T151921Z,25.3,83.4
20260719T151936Z,25.2,82.9
20260719T151951Z,25.1,82.4
20260719T152006Z,25.1,82.0
20260719T152021Z,25.0,81.3
20260719T152036Z,24.9,80.5
20260719T152051Z,24.8,80.0
20260719T152106Z,24.8,79.2
20260719T152121Z,24.7,78.1
20260719T152136Z,24.6,78.4
20260719T152151Z,24.5,77.5
20260719T152206Z,24.5,76.7
20260719T152221Z,24.4,75.9
20260719T152236Z,24.3,75.3
20260719T152251Z,24.3,75.2
20260719T152306Z,24.2,74.8
20260719T152321Z,24.2,74.3
20260719T152336Z,24.2,74.8
20260719T152351Z,24.2,76.6
20260719T152406Z,24.2,77.9
20260719T152421Z,24.2,79.7
20260719T152436Z,24.3,80.1
20260719T152451Z,24.3,80.4
20260719T152506Z,24.3,80.8
20260719T152521Z,24.4,81.1
20260719T152536Z,24.4,81.7
20260719T152551Z,24.4,81.9
20260719T152606Z,24.5,82.4
20260719T152621Z,24.5,83.0
20260719T152636Z,24.6,83.3
20260719T152651Z,24.6,83.4
20260719T152706Z,24.6,84.0
20260719T152721Z,24.7,84.4
20260719T152736Z,24.7,84.5
20260719T152751Z,24.7,84.8
20260719T152806Z,24.8,85.5
20260719T152821Z,24.8,85.7
20260719T152836Z,24.9,85.9
20260719T152851Z,24.9,86.2
20260719T152906Z,24.9,86.5
20260719T152921Z,25.0,87.2
20260719T152936Z,25.0,87.7
20260719T152951Z,25.0,87.8
20260719T153006Z,25.1,87.7
20260719T153021Z,25.1,88.0
20260719T153036Z,25.2,88.1
20260719T153051Z,25.2,88.4
20260719T153106Z,25.2,88.6
20260719T153121Z,25.3,88.8
20260719T153136Z,25.3,89.3
20260719T153151Z,25.4,89.3
20260719T153206Z,25.4,89.4
20260719T153222Z,25.4,88.7
20260719T153237Z,25.4,87.3
20260719T153251Z,25.4,86.3
20260719T153306Z,25.4,86.0
20260719T153321Z,25.4,84.9
20260719T153336Z,25.3,83.9
20260719T153351Z,25.3,84.1
20260719T153406Z,25.2,82.6
20260719T153421Z,25.1,81.5
20260719T153436Z,25.0,81.3
20260719T153451Z,25.0,79.9
20260719T153506Z,24.9,79.7
20260719T153521Z,24.8,81.2
20260719T153536Z,24.8,82.7
20260719T153551Z,24.7,84.1
20260719T153606Z,24.7,85.0
20260719T153621Z,24.8,85.3
20260719T153636Z,24.8,85.8
20260719T153651Z,24.8,85.9
20260719T153706Z,24.8,86.4
20260719T153721Z,24.8,86.8
20260719T153736Z,24.9,86.9
20260719T153751Z,24.9,87.2
20260719T153806Z,25.0,87.3
20260719T153821Z,25.0,87.8
20260719T153836Z,25.0,88.0
20260719T153851Z,25.1,88.3
20260719T153906Z,25.1,88.5
20260719T153921Z,25.2,88.7
20260719T153936Z,25.2,88.8
20260719T153951Z,25.2,88.9
20260719T154006Z,25.2,89.2
20260719T154021Z,25.3,89.2
20260719T154036Z,25.3,89.7
20260719T154051Z,25.4,89.9
20260719T154106Z,25.4,90.0
20260719T154121Z,25.4,90.2
20260719T154136Z,25.5,90.3
20260719T154151Z,25.5,90.4
20260719T154206Z,25.5,90.5
20260719T154221Z,25.5,90.5
20260719T154236Z,25.6,90.8
20260719T154251Z,25.6,90.8
20260719T154306Z,25.6,91.1
20260719T154321Z,25.7,91.1
20260719T154337Z,25.7,91.3
20260719T154351Z,25.7,91.4
20260719T154406Z,25.7,91.5
20260719T154421Z,25.7,91.6
20260719T154436Z,25.8,91.7
20260719T154451Z,25.8,91.9
20260719T154506Z,25.8,91.9
20260719T154521Z,25.8,92.1
20260719T154536Z,25.8,92.2
20260719T154551Z,25.9,92.3
20260719T154606Z,25.9,92.4
20260719T154621Z,25.9,92.4
20260719T154636Z,25.9,92.5
20260719T154651Z,25.9,92.5
20260719T154706Z,26.0,92.6
20260719T154721Z,26.0,92.7
20260719T154736Z,26.0,92.7
20260719T154751Z,26.0,92.8
20260719T154806Z,26.0,92.8
20260719T154821Z,26.1,93.0
20260719T154836Z,26.1,93.0
20260719T154851Z,26.1,93.0
20260719T154906Z,26.1,93.1
20260719T154922Z,26.1,93.1
20260719T154936Z,26.2,93.1
20260719T154952Z,26.2,93.2
20260719T155006Z,26.2,93.3
20260719T155021Z,26.2,93.3
20260719T155036Z,26.2,93.4
20260719T155051Z,26.2,93.4
20260719T155106Z,26.2,93.4
20260719T155121Z,26.3,93.4
20260719T155136Z,26.3,93.5
20260719T155152Z,26.3,93.5
20260719T155206Z,26.3,93.5
20260719T155221Z,26.3,93.6
20260719T155236Z,26.3,93.6
20260719T155251Z,26.3,93.6
20260719T155307Z,26.4,93.6
20260719T155321Z,26.4,93.6
20260719T155337Z,26.4,93.7
20260719T155351Z,26.4,93.8
20260719T155407Z,26.4,93.7
20260719T155421Z,26.5,93.8
20260719T155437Z,26.5,93.8
20260719T155451Z,26.5,93.8
20260719T155507Z,26.5,93.8
20260719T155521Z,26.5,93.3
20260719T155536Z,26.5,93.0
20260719T155552Z,26.5,91.0
20260719T155606Z,26.4,90.5
20260719T155622Z,26.4,89.5
20260719T155636Z,26.3,89.2
20260719T155652Z,26.2,88.5
20260719T155706Z,26.2,88.0
20260719T155722Z,26.1,87.2
20260719T155736Z,26.0,86.4
20260719T155752Z,25.9,85.9
20260719T155806Z,25.8,85.6
20260719T155822Z,25.7,84.0
20260719T155837Z,25.6,83.7
20260719T155851Z,25.5,83.6
20260719T155907Z,25.4,82.7
20260719T155921Z,25.3,82.4
20260719T155937Z,25.2,81.4
20260719T155951Z,25.2,80.5
20260719T160007Z,25.0,79.5
20260719T160021Z,24.9,78.7
20260719T160037Z,24.8,80.4
20260719T160051Z,24.7,81.9
20260719T160107Z,24.7,83.8
20260719T160121Z,24.7,85.0
20260719T160136Z,24.7,85.4
20260719T160151Z,24.7,85.8
20260719T160207Z,24.8,86.3
20260719T160221Z,24.8,86.4
20260719T160237Z,24.8,86.7
20260719T160251Z,24.9,87.0
20260719T160307Z,24.9,87.4
20260719T160321Z,25.0,87.7
20260719T160337Z,25.0,87.7
20260719T160351Z,25.0,88.3
20260719T160407Z,25.1,88.4
20260719T160421Z,25.1,88.8
20260719T160436Z,25.2,88.8
20260719T160452Z,25.2,89.1
20260719T160506Z,25.3,89.4
20260719T160521Z,25.3,89.5
20260719T160537Z,25.3,89.7
20260719T160551Z,25.4,89.7
20260719T160607Z,25.4,90.2
20260719T160622Z,25.5,90.3
20260719T160637Z,25.5,90.4
20260719T160651Z,25.5,90.5
20260719T160707Z,25.5,90.7
20260719T160721Z,25.6,90.9
20260719T160737Z,25.6,91.0
20260719T160751Z,25.6,91.1
20260719T160807Z,25.7,91.3
20260719T160821Z,25.7,91.4
20260719T160837Z,25.7,91.5
20260719T160851Z,25.7,91.7
20260719T160907Z,25.8,91.8
20260719T160921Z,25.8,91.9
20260719T160937Z,25.8,92.1
20260719T160951Z,25.8,92.1
20260719T161007Z,25.9,92.2
20260719T161021Z,25.9,92.4
20260719T161036Z,25.9,92.5
20260719T161051Z,25.9,92.4
20260719T161107Z,26.0,92.6
20260719T161122Z,26.0,92.7
20260719T161137Z,26.0,92.7
20260719T161151Z,26.0,92.9
20260719T161207Z,26.0,92.9
20260719T161221Z,26.1,93.0
20260719T161237Z,26.1,92.9
20260719T161251Z,26.1,93.0
20260719T161307Z,26.1,93.0
20260719T161321Z,26.2,93.1
20260719T161337Z,26.2,93.1
20260719T161351Z,26.2,93.1
20260719T161407Z,26.2,93.1
20260719T161422Z,26.2,93.2
20260719T161436Z,26.3,93.1
20260719T161452Z,26.3,93.1
20260719T161506Z,26.3,93.2
20260719T161523Z,26.3,93.2
20260719T161537Z,26.3,93.2
20260719T161552Z,26.4,93.2
20260719T161606Z,26.4,93.2
20260719T161622Z,26.4,93.3
20260719T161636Z,26.4,93.3
20260719T161652Z,26.4,93.3
20260719T161706Z,26.4,93.3
20260719T161722Z,26.4,93.3
20260719T161736Z,26.4,93.3
20260719T161752Z,26.5,93.4
20260719T161806Z,26.5,93.4
20260719T161822Z,26.5,93.4
20260719T161836Z,26.5,93.2
20260719T161852Z,26.5,92.9
20260719T161906Z,26.5,91.1
20260719T161922Z,26.5,90.5
20260719T161936Z,26.4,89.9
20260719T161952Z,26.3,89.4
20260719T162006Z,26.3,88.5
20260719T162022Z,26.2,87.3
20260719T162036Z,26.1,86.2
20260719T162052Z,26.0,85.8
20260719T162106Z,25.9,84.7
20260719T162122Z,25.8,84.1
20260719T162136Z,25.6,83.4
20260719T162152Z,25.5,83.3
20260719T162206Z,25.4,82.6
20260719T162222Z,25.3,82.0
20260719T162236Z,25.2,81.6
20260719T162252Z,25.1,80.6
20260719T162306Z,25.0,80.1
20260719T162322Z,24.9,80.3
20260719T162336Z,24.9,82.0
20260719T162352Z,24.8,83.6
20260719T162407Z,24.8,85.1
20260719T162422Z,24.8,85.6
20260719T162436Z,24.8,86.0
20260719T162452Z,24.9,86.5
20260719T162506Z,24.9,86.7
20260719T162521Z,24.9,87.2
20260719T162536Z,25.0,87.2
20260719T162552Z,25.0,87.5
20260719T162606Z,25.0,88.0
20260719T162622Z,25.1,88.1
20260719T162636Z,25.1,88.4
20260719T162651Z,25.2,88.6
20260719T162707Z,25.2,88.9
20260719T162721Z,25.2,89.1
20260719T162737Z,25.3,89.5
20260719T162751Z,25.3,89.6
20260719T162807Z,25.4,89.7
20260719T162821Z,25.4,89.9
20260719T162837Z,25.4,90.1
20260719T162851Z,25.5,90.3
20260719T162907Z,25.5,90.5
20260719T162922Z,25.5,90.5
20260719T162936Z,25.6,90.7
20260719T162951Z,25.6,90.9
20260719T163007Z,25.6,91.0
20260719T163021Z,25.7,91.3
20260719T163036Z,25.7,91.4
20260719T163051Z,25.7,91.4
20260719T163107Z,25.7,91.7
20260719T163122Z,25.8,91.8
20260719T163136Z,25.8,91.9
20260719T163152Z,25.8,92.1
20260719T163206Z,25.8,92.3
20260719T163222Z,25.8,92.3
20260719T163236Z,25.9,92.4
20260719T163252Z,25.9,92.5
20260719T163307Z,25.9,92.6
20260719T163321Z,26.0,92.7
20260719T163337Z,26.0,92.7
20260719T163352Z,26.0,92.8
20260719T163407Z,26.0,92.8
20260719T163421Z,26.1,92.9
20260719T163437Z,26.1,92.9
20260719T163451Z,26.1,93.0
20260719T163507Z,26.1,93.0
20260719T163522Z,26.1,93.0
20260719T163536Z,26.2,93.1
20260719T163552Z,26.2,93.1
20260719T163606Z,26.2,93.1
20260719T163622Z,26.2,93.1
20260719T163636Z,26.3,93.1
20260719T163651Z,26.3,93.1
20260719T163706Z,26.3,93.1
20260719T163722Z,26.4,93.2
20260719T163736Z,26.4,93.1
20260719T163752Z,26.4,93.2
20260719T163806Z,26.4,93.1
20260719T163822Z,26.4,93.1
20260719T163836Z,26.5,93.1
20260719T163852Z,26.5,93.2
20260719T163906Z,26.5,93.1
20260719T163921Z,26.5,93.1
20260719T163937Z,26.5,93.2
20260719T163952Z,26.6,93.0
20260719T164007Z,26.6,92.6
20260719T164021Z,26.6,91.4
20260719T164037Z,26.6,90.7
20260719T164051Z,26.5,90.1
20260719T164107Z,26.5,88.5
20260719T164121Z,26.4,87.6
20260719T164137Z,26.3,86.4
20260719T164151Z,26.2,85.6
20260719T164207Z,26.1,84.9
20260719T164221Z,26.0,84.2
20260719T164237Z,25.9,84.2
20260719T164252Z,25.8,83.0
20260719T164306Z,25.7,82.5
20260719T164322Z,25.6,83.0
20260719T164337Z,25.5,81.6
20260719T164351Z,25.3,80.9
20260719T164407Z,25.3,81.0
20260719T164421Z,25.2,79.9
20260719T164437Z,25.1,82.2
20260719T164451Z,25.1,83.4
20260719T164507Z,25.0,85.0
20260719T164521Z,25.0,85.3
20260719T164537Z,25.0,85.9
20260719T164552Z,25.0,85.8
20260719T164607Z,25.0,86.3
20260719T164622Z,25.1,86.4
20260719T164637Z,25.1,86.6
20260719T164651Z,25.1,86.9
20260719T164707Z,25.2,87.1
20260719T164721Z,25.2,87.5
20260719T164737Z,25.3,87.8
20260719T164751Z,25.3,88.1
20260719T164807Z,25.3,88.2
20260719T164822Z,25.4,88.5
20260719T164836Z,25.4,88.6
20260719T164852Z,25.5,88.7
20260719T164907Z,25.5,89.0
20260719T164922Z,25.5,89.1
20260719T164937Z,25.6,89.4
20260719T164952Z,25.6,89.7
20260719T165007Z,25.6,89.6
20260719T165022Z,25.6,89.7
20260719T165037Z,25.7,90.0
20260719T165052Z,25.7,90.2
20260719T165107Z,25.8,90.2
20260719T165122Z,25.8,90.4
20260719T165137Z,25.8,90.7
20260719T165152Z,25.8,90.7
20260719T165207Z,25.9,90.8
20260719T165222Z,25.9,91.0
20260719T165237Z,25.9,91.1
20260719T165252Z,26.0,91.3
20260719T165307Z,26.0,91.3
20260719T165322Z,26.0,91.5
20260719T165337Z,26.0,91.5
20260719T165352Z,26.1,91.7
20260719T165407Z,26.1,91.7
20260719T165423Z,26.1,91.8
20260719T165437Z,26.1,91.9
20260719T165452Z,26.1,92.0
20260719T165507Z,26.2,92.1
20260719T165522Z,26.2,92.1
20260719T165537Z,26.2,92.3
20260719T165552Z,26.2,92.3
20260719T165607Z,26.2,92.3
20260719T165622Z,26.2,92.4
20260719T165637Z,26.3,92.5
20260719T165652Z,26.3,92.5
20260719T165707Z,26.3,92.6
20260719T165722Z,26.3,92.6
20260719T165737Z,26.3,92.6
20260719T165752Z,26.4,92.6
20260719T165807Z,26.4,92.7
20260719T165822Z,26.4,92.7
20260719T165837Z,26.4,92.7
20260719T165852Z,26.4,92.7
20260719T165907Z,26.5,92.7
20260719T165922Z,26.5,92.8
20260719T165937Z,26.5,92.8
20260719T165952Z,26.5,92.8
20260719T170007Z,26.5,92.8
20260719T170022Z,26.5,92.9
20260719T170037Z,26.5,92.8
20260719T170052Z,26.6,92.9
20260719T170107Z,26.6,92.9
20260719T170122Z,26.6,92.9
20260719T170137Z,26.6,92.9
20260719T170152Z,26.6,92.8
20260719T170207Z,26.6,92.0
20260719T170222Z,26.7,91.8
20260719T170237Z,26.6,90.5
20260719T170252Z,26.6,90.0
20260719T170307Z,26.6,88.7
20260719T170322Z,26.5,88.1
20260719T170337Z,26.4,86.9
20260719T170352Z,26.3,86.8
20260719T170407Z,26.2,85.6
20260719T170422Z,26.1,85.1
20260719T170437Z,26.0,84.5
20260719T170452Z,25.9,83.9
20260719T170507Z,25.8,83.5
20260719T170522Z,25.7,82.9
20260719T170537Z,25.6,81.5
20260719T170552Z,25.5,81.4
20260719T170607Z,25.4,80.5
20260719T170622Z,25.4,80.3
20260719T170637Z,25.3,81.4
20260719T170652Z,25.2,82.4
20260719T170707Z,25.2,83.9
20260719T170722Z,25.2,85.0
20260719T170737Z,25.2,85.7
20260719T170752Z,25.1,85.9
20260719T170807Z,25.1,86.0
20260719T170822Z,25.2,86.6
20260719T170837Z,25.2,86.8
20260719T170852Z,25.2,86.8
20260719T170907Z,25.2,87.2
20260719T170922Z,25.2,87.5
20260719T170937Z,25.3,87.9
20260719T170952Z,25.3,88.3
20260719T171007Z,25.3,88.5
20260719T171022Z,25.4,88.8
20260719T171037Z,25.4,89.0
20260719T171052Z,25.4,89.2
20260719T171107Z,25.4,89.4
20260719T171122Z,25.5,89.7
20260719T171137Z,25.5,89.9
20260719T171152Z,25.5,90.0
20260719T171207Z,25.6,90.2
20260719T171222Z,25.6,90.4
20260719T171237Z,25.6,90.6
20260719T171252Z,25.7,90.6
20260719T171307Z,25.7,90.8
20260719T171322Z,25.7,91.0
20260719T171337Z,25.7,91.1
20260719T171352Z,25.8,91.3
20260719T171407Z,25.8,91.5
20260719T171422Z,25.8,91.6
20260719T171437Z,25.8,91.7
20260719T171452Z,25.9,91.8
20260719T171507Z,25.9,91.9
20260719T171522Z,25.9,92.1
20260719T171537Z,25.9,92.2
20260719T171552Z,25.9,92.2
20260719T171607Z,26.0,92.4
20260719T171622Z,26.0,92.5
20260719T171637Z,26.0,92.6
20260719T171652Z,26.0,92.8
20260719T171707Z,26.0,92.7
20260719T171722Z,26.1,92.9
20260719T171737Z,26.1,92.9
20260719T171752Z,26.1,93.0
20260719T171807Z,26.1,93.1
20260719T171822Z,26.1,93.1
20260719T171837Z,26.2,93.2
20260719T171852Z,26.2,93.1
20260719T171907Z,26.2,93.2
20260719T171922Z,26.2,93.3
20260719T171937Z,26.3,93.3
20260719T171952Z,26.3,93.3
20260719T172007Z,26.3,93.3
20260719T172022Z,26.3,93.4
20260719T172037Z,26.3,93.2
20260719T172052Z,26.4,93.2
20260719T172107Z,26.4,93.1
20260719T172122Z,26.5,93.1
20260719T172137Z,26.5,93.2
20260719T172152Z,26.5,93.0
20260719T172207Z,26.5,93.0
20260719T172222Z,26.5,93.0
20260719T172237Z,26.6,93.1
20260719T172252Z,26.6,93.0
20260719T172307Z,26.6,93.0
20260719T172322Z,26.6,93.0
20260719T172337Z,26.6,93.0
20260719T172352Z,26.7,93.0
20260719T172407Z,26.7,93.0
20260719T172422Z,26.7,93.0
20260719T172437Z,26.7,92.3
20260719T172452Z,26.7,91.5
20260719T172507Z,26.7,90.8
20260719T172522Z,26.7,89.9
20260719T172537Z,26.6,89.2
20260719T172552Z,26.6,88.3
20260719T172607Z,26.5,87.6
20260719T172622Z,26.4,87.2
20260719T172637Z,26.4,86.4
20260719T172652Z,26.3,86.9
20260719T172707Z,26.3,84.7
20260719T172722Z,26.2,84.9
20260719T172737Z,26.2,83.7
20260719T172752Z,26.2,84.6
20260719T172807Z,26.1,83.3
20260719T172822Z,26.1,81.9
20260719T172837Z,26.1,81.8
20260719T172852Z,26.1,81.7
20260719T172907Z,26.1,81.1
20260719T172922Z,26.1,81.0
20260719T172937Z,26.1,80.8
20260719T172952Z,26.1,82.1
20260719T173007Z,26.0,82.9
20260719T173022Z,25.9,83.4
20260719T173037Z,25.8,83.8
20260719T173052Z,25.8,84.3
20260719T173107Z,25.7,84.9
20260719T173122Z,25.7,85.4
20260719T173137Z,25.6,85.6
20260719T173152Z,25.6,86.1
20260719T173207Z,25.6,86.6
20260719T173222Z,25.6,86.9
20260719T173237Z,25.6,87.4
20260719T173252Z,25.6,87.6
20260719T173307Z,25.6,87.9
20260719T173322Z,25.7,88.0
20260719T173337Z,25.7,88.1
20260719T173352Z,25.7,88.5
20260719T173407Z,25.7,88.8
20260719T173422Z,25.7,89.4
20260719T173437Z,25.8,89.3
20260719T173452Z,25.8,89.6
20260719T173507Z,25.8,89.8
20260719T173522Z,25.8,90.0
20260719T173537Z,25.8,90.2
20260719T173552Z,25.9,90.2
20260719T173607Z,25.9,90.5
20260719T173622Z,25.9,90.7
20260719T173637Z,25.9,90.9
20260719T173652Z,25.9,90.9
20260719T173707Z,26.0,91.0
20260719T173722Z,26.0,91.2
20260719T173737Z,26.0,91.2
20260719T173752Z,26.0,91.4
20260719T173807Z,26.0,91.6
20260719T173823Z,26.1,91.6
20260719T173837Z,26.1,91.7
20260719T173852Z,26.1,91.8
20260719T173907Z,26.1,92.0
20260719T173922Z,26.1,92.0
20260719T173937Z,26.2,92.1
20260719T173952Z,26.2,92.3
20260719T174007Z,26.2,92.2
20260719T174022Z,26.2,92.5
20260719T174037Z,26.2,92.5
20260719T174052Z,26.2,92.4
20260719T174107Z,26.3,92.5
20260719T174122Z,26.3,92.7
20260719T174137Z,26.3,92.7
20260719T174152Z,26.3,92.6
20260719T174207Z,26.3,92.8
20260719T174222Z,26.4,92.8
20260719T174237Z,26.4,92.9
20260719T174252Z,26.4,92.8
20260719T174307Z,26.4,92.9
20260719T174322Z,26.4,92.9
20260719T174337Z,26.4,92.9
20260719T174352Z,26.5,92.9
20260719T174407Z,26.5,92.9
20260719T174422Z,26.5,92.9
20260719T174437Z,26.5,93.0
20260719T174452Z,26.5,92.9
20260719T174507Z,26.5,93.0
20260719T174522Z,26.6,93.0
20260719T174537Z,26.6,93.0
20260719T174552Z,26.6,93.0
20260719T174607Z,26.6,93.0
20260719T174622Z,26.6,93.0
20260719T174637Z,26.6,93.0
20260719T174652Z,26.7,93.0
20260719T174707Z,26.7,92.9
20260719T174722Z,26.7,92.9
20260719T174737Z,26.7,92.8
20260719T174752Z,26.7,92.9
20260719T174807Z,26.7,92.4
20260719T174822Z,26.7,91.2
20260719T174837Z,26.7,90.5
20260719T174852Z,26.7,89.8
20260719T174907Z,26.6,89.0
20260719T174922Z,26.6,87.7
20260719T174937Z,26.5,87.2
20260719T174952Z,26.4,86.1
20260719T175007Z,26.3,86.1
20260719T175022Z,26.1,85.0
20260719T175037Z,26.1,84.7
20260719T175052Z,26.0,83.1
20260719T175107Z,25.8,83.1
20260719T175122Z,25.7,83.2
20260719T175137Z,25.6,81.8
20260719T175152Z,25.5,81.7
20260719T175207Z,25.5,81.3
20260719T175222Z,25.4,80.3
20260719T175237Z,25.3,81.7
20260719T175252Z,25.2,82.8
20260719T175307Z,25.2,84.0
20260719T175322Z,25.2,85.3
20260719T175337Z,25.2,85.4
20260719T175352Z,25.2,85.8
20260719T175407Z,25.2,86.2
20260719T175422Z,25.2,86.6
20260719T175437Z,25.2,86.9
20260719T175452Z,25.2,87.2
20260719T175507Z,25.2,87.2
20260719T175522Z,25.3,87.6
20260719T175537Z,25.3,87.8
20260719T175552Z,25.4,88.0
20260719T175607Z,25.4,88.3
20260719T175622Z,25.5,88.4
20260719T175637Z,25.5,88.6
20260719T175652Z,25.5,89.0
20260719T175707Z,25.6,89.0
20260719T175722Z,25.6,89.1
20260719T175737Z,25.7,89.4
20260719T175752Z,25.7,89.7
20260719T175807Z,25.7,89.8
20260719T175822Z,25.7,90.0
20260719T175837Z,25.8,90.2
20260719T175852Z,25.8,90.1
20260719T175907Z,25.8,90.3
20260719T175922Z,25.9,90.5
20260719T175937Z,25.9,90.6
20260719T175952Z,25.9,90.6
20260719T180007Z,25.9,90.8
20260719T180022Z,26.0,91.0
20260719T180037Z,26.0,91.1
20260719T180052Z,26.0,91.1
20260719T180107Z,26.0,91.3
20260719T180122Z,26.1,91.4
20260719T180137Z,26.1,91.5
20260719T180152Z,26.1,91.7
20260719T180207Z,26.1,91.7
20260719T180222Z,26.1,91.9
20260719T180237Z,26.2,91.8
20260719T180252Z,26.2,92.0
20260719T180307Z,26.2,92.2
20260719T180322Z,26.2,92.2
20260719T180337Z,26.2,92.2
20260719T180352Z,26.2,92.4
20260719T180407Z,26.3,92.5
20260719T180423Z,26.3,92.5
20260719T180438Z,26.3,92.6
20260719T180452Z,26.3,92.6
20260719T180507Z,26.3,92.7
20260719T180523Z,26.3,92.8
20260719T180537Z,26.4,92.8
20260719T180552Z,26.4,92.8
20260719T180607Z,26.4,92.9
20260719T180622Z,26.4,92.9
20260719T180637Z,26.4,92.9
20260719T180652Z,26.5,92.9
20260719T180707Z,26.5,93.0
20260719T180722Z,26.5,93.0
20260719T180737Z,26.5,93.0
20260719T180752Z,26.5,93.0
20260719T180807Z,26.5,92.9
20260719T180822Z,26.5,93.0
20260719T180837Z,26.6,93.0
20260719T180852Z,26.6,93.0
20260719T180907Z,26.6,93.0
20260719T180922Z,26.6,93.0
20260719T180937Z,26.6,93.1
20260719T180952Z,26.6,93.1
20260719T181007Z,26.6,93.1
20260719T181022Z,26.7,93.1
20260719T181037Z,26.7,93.0
20260719T181052Z,26.7,93.0
20260719T181107Z,26.7,93.0
20260719T181122Z,26.7,93.0
20260719T181137Z,26.7,93.0
20260719T181152Z,26.7,93.0
20260719T181207Z,26.7,92.5
20260719T181222Z,26.7,92.3
20260719T181237Z,26.7,91.3
20260719T181252Z,26.7,90.8
20260719T181307Z,26.7,89.0
20260719T181323Z,26.6,88.1
20260719T181338Z,26.5,87.6
20260719T181352Z,26.4,87.0
20260719T181407Z,26.3,85.9
20260719T181422Z,26.2,85.2
20260719T181437Z,26.1,85.0
20260719T181452Z,26.0,83.9
20260719T181507Z,25.8,83.2
20260719T181522Z,25.7,83.3
20260719T181537Z,25.6,82.1
20260719T181552Z,25.5,82.2
20260719T181607Z,25.5,81.3
20260719T181622Z,25.4,80.8
20260719T181637Z,25.3,81.6
20260719T181652Z,25.3,82.8
20260719T181707Z,25.3,83.6
20260719T181722Z,25.3,85.3
20260719T181737Z,25.3,85.6
20260719T181752Z,25.2,86.1
20260719T181807Z,25.2,86.3
20260719T181822Z,25.2,86.5
20260719T181837Z,25.3,87.0
20260719T181852Z,25.3,87.3
20260719T181907Z,25.3,87.8
20260719T181922Z,25.3,88.0
20260719T181937Z,25.4,88.0
20260719T181952Z,25.4,88.4
20260719T182007Z,25.4,88.5
20260719T182022Z,25.5,88.8
20260719T182037Z,25.5,89.0
20260719T182052Z,25.5,89.2
20260719T182107Z,25.5,89.4
20260719T182122Z,25.6,89.7
20260719T182137Z,25.6,89.7
20260719T182152Z,25.6,89.9
20260719T182207Z,25.6,90.0
20260719T182222Z,25.7,90.4
20260719T182237Z,25.7,90.4
20260719T182252Z,25.7,90.7
20260719T182307Z,25.7,90.8
20260719T182322Z,25.7,90.9
20260719T182337Z,25.8,91.2
20260719T182352Z,25.8,91.3
20260719T182407Z,25.8,91.5
20260719T182422Z,25.8,91.6
20260719T182437Z,25.8,91.8
20260719T182452Z,25.8,91.9
20260719T182507Z,25.9,92.0
20260719T182522Z,25.9,92.0
20260719T182537Z,25.9,92.2
20260719T182552Z,25.9,92.2
20260719T182607Z,25.9,92.4
20260719T182622Z,25.9,92.5
20260719T182637Z,25.9,92.6
20260719T182652Z,26.0,92.7
20260719T182707Z,26.0,92.8
20260719T182722Z,26.0,93.0
20260719T182737Z,26.0,93.0
20260719T182752Z,26.0,92.9
20260719T182807Z,26.0,93.2
20260719T182822Z,26.1,93.1
20260719T182837Z,26.1,93.3
20260719T182852Z,26.1,93.3
20260719T182907Z,26.1,93.4
20260719T182923Z,26.1,93.5
20260719T182937Z,26.1,93.5
20260719T182952Z,26.1,93.6
20260719T183007Z,26.1,93.6
20260719T183022Z,26.2,93.6
20260719T183037Z,26.2,93.7
20260719T183052Z,26.2,93.6
20260719T183107Z,26.2,93.7
20260719T183122Z,26.2,93.7
20260719T183137Z,26.2,93.7
20260719T183152Z,26.2,93.7
20260719T183207Z,26.2,93.7
20260719T183222Z,26.3,93.8
20260719T183237Z,26.3,93.7
20260719T183252Z,26.3,93.8
20260719T183307Z,26.3,93.7
20260719T183322Z,26.3,93.8
20260719T183337Z,26.3,93.7
20260719T183352Z,26.3,93.8
20260719T183407Z,26.4,93.7
20260719T183422Z,26.4,93.7
20260719T183437Z,26.4,93.7
20260719T183452Z,26.4,93.6
20260719T183507Z,26.4,93.7
20260719T183522Z,26.4,93.8
20260719T183537Z,26.4,94.0
20260719T183552Z,26.5,94.0
20260719T183607Z,26.5,93.9
20260719T183622Z,26.5,94.0
20260719T183637Z,26.5,93.9
20260719T183652Z,26.6,93.8
20260719T183707Z,26.6,93.8
20260719T183722Z,26.6,93.8
20260719T183737Z,26.7,93.8
20260719T183752Z,26.7,93.7
20260719T183807Z,26.7,93.2
20260719T183822Z,26.7,92.2
20260719T183837Z,26.7,91.2
20260719T183852Z,26.6,90.7
20260719T183907Z,26.6,89.2
20260719T183922Z,26.5,88.4
20260719T183937Z,26.4,87.7
20260719T183952Z,26.3,87.2
20260719T184007Z,26.2,86.3
20260719T184022Z,26.1,85.2
20260719T184037Z,26.0,84.3
20260719T184052Z,25.9,84.0
20260719T184107Z,25.8,83.7
20260719T184122Z,25.7,83.5
20260719T184137Z,25.6,83.2
20260719T184152Z,25.5,82.5
20260719T184207Z,25.4,81.9
20260719T184223Z,25.4,81.8
20260719T184238Z,25.3,83.0
20260719T184252Z,25.3,84.0
20260719T184307Z,25.3,85.2
20260719T184322Z,25.3,85.8
20260719T184337Z,25.3,86.1
20260719T184352Z,25.3,86.8
20260719T184407Z,25.3,86.6
20260719T184422Z,25.3,87.2
20260719T184437Z,25.3,87.6
20260719T184452Z,25.3,87.8
20260719T184507Z,25.3,88.1
20260719T184522Z,25.3,88.3
20260719T184537Z,25.4,88.5
20260719T184552Z,25.4,89.0
20260719T184607Z,25.4,89.2
20260719T184622Z,25.4,89.4
20260719T184637Z,25.5,89.7
20260719T184652Z,25.5,89.7
20260719T184707Z,25.5,89.9
20260719T184722Z,25.6,90.2
20260719T184737Z,25.6,90.4
20260719T184752Z,25.6,90.6
20260719T184807Z,25.6,90.6
20260719T184822Z,25.7,90.9
20260719T184837Z,25.7,91.1
20260719T184852Z,25.7,91.1
20260719T184907Z,25.8,91.3
20260719T184922Z,25.8,91.5
20260719T184937Z,25.8,91.5
20260719T184952Z,25.8,91.8
20260719T185007Z,25.9,91.8
20260719T185022Z,25.9,92.0
20260719T185037Z,25.9,92.1
20260719T185052Z,25.9,92.3
20260719T185107Z,26.0,92.3
20260719T185122Z,26.0,92.4
20260719T185137Z,26.0,92.6
20260719T185152Z,26.0,92.7
20260719T185207Z,26.0,92.7
20260719T185222Z,26.1,92.9
20260719T185237Z,26.0,92.8
20260719T185252Z,26.1,92.9
20260719T185307Z,26.1,93.1
20260719T185322Z,26.1,93.2
20260719T185337Z,26.1,93.3
20260719T185352Z,26.1,93.4
20260719T185407Z,26.1,93.4
20260719T185422Z,26.2,93.4
20260719T185437Z,26.2,93.5
20260719T185452Z,26.2,93.6
20260719T185507Z,26.2,93.7
20260719T185522Z,26.2,93.7
20260719T185537Z,26.2,93.7
20260719T185552Z,26.3,93.7
20260719T185607Z,26.3,93.7
20260719T185622Z,26.3,93.8
20260719T185637Z,26.3,93.8
20260719T185652Z,26.3,93.8
20260719T185707Z,26.3,93.9
20260719T185722Z,26.4,93.9
20260719T185737Z,26.4,93.9
20260719T185752Z,26.4,93.9
20260719T185807Z,26.4,94.0
20260719T185822Z,26.4,93.9
20260719T185837Z,26.4,93.9
20260719T185852Z,26.4,94.0
20260719T185907Z,26.5,93.9
20260719T185922Z,26.5,94.0
20260719T185937Z,26.5,93.9
20260719T185952Z,26.5,93.9
20260719T190007Z,26.5,94.0
20260719T190022Z,26.5,93.9
20260719T190037Z,26.6,93.9
20260719T190052Z,26.6,93.9
20260719T190107Z,26.6,93.9
20260719T190122Z,26.6,93.9
20260719T190137Z,26.6,93.9
20260719T190152Z,26.6,93.9
20260719T190207Z,26.6,93.9
20260719T190222Z,26.6,93.8
20260719T190237Z,26.7,93.9
20260719T190252Z,26.7,93.8
20260719T190307Z,26.7,93.8
20260719T190322Z,26.7,93.8
20260719T190337Z,26.7,93.8
20260719T190352Z,26.7,93.1
20260719T190407Z,26.7,92.7
20260719T190422Z,26.7,91.4
20260719T190437Z,26.7,91.4
20260719T190452Z,26.6,89.8
20260719T190507Z,26.6,89.2
20260719T190522Z,26.5,88.0
20260719T190537Z,26.3,87.4
20260719T190552Z,26.3,87.2
20260719T190607Z,26.2,85.5
20260719T190622Z,26.1,85.3
20260719T190637Z,26.0,85.0
20260719T190652Z,25.9,85.2
20260719T190707Z,25.8,84.2
20260719T190722Z,25.7,82.8
20260719T190737Z,25.7,82.8
20260719T190752Z,25.6,82.3
20260719T190807Z,25.6,81.9
20260719T190822Z,25.5,83.0
20260719T190837Z,25.5,84.3
20260719T190852Z,25.4,84.9
20260719T190907Z,25.4,85.7
20260719T190922Z,25.4,86.3
20260719T190937Z,25.4,86.5
20260719T190952Z,25.3,86.9
20260719T191007Z,25.3,86.9
20260719T191022Z,25.3,87.3
20260719T191037Z,25.4,88.0
20260719T191052Z,25.4,88.2
20260719T191107Z,25.4,88.4
20260719T191122Z,25.4,88.8
20260719T191137Z,25.5,89.0
20260719T191152Z,25.5,89.3
20260719T191207Z,25.5,89.4
20260719T191222Z,25.5,89.6
20260719T191237Z,25.6,90.0
20260719T191252Z,25.6,90.1
20260719T191307Z,25.6,90.2
20260719T191322Z,25.6,90.4
20260719T191337Z,25.7,90.6
20260719T191352Z,25.7,90.7
20260719T191407Z,25.7,90.9
20260719T191422Z,25.8,91.0
20260719T191437Z,25.8,91.4
20260719T191452Z,25.8,91.5
20260719T191507Z,25.8,91.7
20260719T191522Z,25.8,91.8
20260719T191537Z,25.9,91.8
20260719T191552Z,25.9,92.0
20260719T191607Z,25.9,92.2
20260719T191622Z,25.9,92.2
20260719T191637Z,25.9,92.4
20260719T191652Z,26.0,92.5
20260719T191707Z,26.0,92.7
20260719T191722Z,26.0,92.6
20260719T191737Z,26.0,92.8
20260719T191752Z,26.0,92.9
20260719T191807Z,26.1,93.0
20260719T191822Z,26.1,93.1
20260719T191837Z,26.1,93.2
20260719T191852Z,26.1,93.2
20260719T191907Z,26.1,93.4
20260719T191922Z,26.2,93.3
20260719T191937Z,26.2,93.5
20260719T191952Z,26.2,93.5
20260719T192007Z,26.2,93.6
20260719T192022Z,26.2,93.6
20260719T192037Z,26.2,93.7
20260719T192052Z,26.2,93.8
20260719T192107Z,26.3,93.7
20260719T192122Z,26.3,93.8
20260719T192137Z,26.3,93.8
20260719T192152Z,26.3,93.8
20260719T192207Z,26.3,93.8
20260719T192222Z,26.4,93.9
20260719T192237Z,26.4,93.9
20260719T192252Z,26.4,93.9
20260719T192307Z,26.4,94.0
20260719T192321Z,26.4,94.0
20260719T192337Z,26.4,94.0
20260719T192352Z,26.4,94.0
20260719T192407Z,26.4,94.0
20260719T192422Z,26.5,93.9
20260719T192437Z,26.5,94.0
20260719T192452Z,26.5,94.0
20260719T192507Z,26.5,93.9
20260719T192522Z,26.5,94.0
20260719T192537Z,26.5,93.9
20260719T192552Z,26.6,94.0
20260719T192607Z,26.6,93.9
20260719T192622Z,26.6,93.9
20260719T192637Z,26.6,93.9
20260719T192652Z,26.6,93.9
20260719T192707Z,26.6,93.8
20260719T192722Z,26.7,93.8
20260719T192737Z,26.7,93.8
20260719T192752Z,26.7,93.8
20260719T192807Z,26.7,93.7
20260719T192822Z,26.7,93.7
20260719T192837Z,26.7,93.7
20260719T192852Z,26.7,93.7
20260719T192907Z,26.7,93.6
20260719T192922Z,26.7,93.3
20260719T192937Z,26.7,92.1
20260719T192952Z,26.7,91.5
20260719T193007Z,26.7,90.1
20260719T193022Z,26.6,89.6
20260719T193037Z,26.6,88.8
20260719T193052Z,26.5,88.2
20260719T193107Z,26.4,87.0
20260719T193122Z,26.3,86.5
20260719T193137Z,26.2,85.2
20260719T193152Z,26.1,85.2
20260719T193207Z,26.0,83.7
20260719T193222Z,25.9,83.9
20260719T193237Z,25.8,83.5
20260719T193252Z,25.8,82.5
20260719T193307Z,25.7,82.1
20260719T193322Z,25.6,81.3
20260719T193337Z,25.6,82.0
20260719T193352Z,25.5,83.2
20260719T193407Z,25.4,84.1
20260719T193422Z,25.4,85.2
20260719T193437Z,25.4,86.0
20260719T193452Z,25.3,86.4
20260719T193507Z,25.3,86.6
20260719T193522Z,25.3,87.0
20260719T193537Z,25.3,87.0
20260719T193552Z,25.3,87.6
20260719T193607Z,25.3,88.0
20260719T193622Z,25.4,88.2
20260719T193638Z,25.4,88.5
20260719T193653Z,25.4,88.9
20260719T193707Z,25.4,89.1
20260719T193722Z,25.5,89.4
20260719T193737Z,25.5,89.5
20260719T193752Z,25.5,89.7
20260719T193807Z,25.5,89.8
20260719T193822Z,25.6,90.1
20260719T193837Z,25.6,90.4
20260719T193852Z,25.6,90.5
20260719T193907Z,25.6,90.6
20260719T193922Z,25.7,90.9
20260719T193937Z,25.7,91.1
20260719T193952Z,25.7,91.2
20260719T194007Z,25.7,91.3
20260719T194022Z,25.8,91.4
20260719T194037Z,25.8,91.7
20260719T194052Z,25.8,91.9
20260719T194107Z,25.8,92.0
20260719T194123Z,25.8,92.0
20260719T194137Z,25.9,92.1
20260719T194153Z,25.9,92.2
20260719T194207Z,25.9,92.4
20260719T194222Z,25.9,92.5
20260719T194237Z,26.0,92.6
20260719T194252Z,26.0,92.7
20260719T194307Z,26.0,92.8
20260719T194322Z,26.0,93.0
20260719T194337Z,26.0,92.9
20260719T194353Z,26.0,93.0
20260719T194407Z,26.1,93.0
20260719T194423Z,26.1,93.3
20260719T194437Z,26.1,93.3
20260719T194453Z,26.1,93.3
20260719T194508Z,26.1,93.5
20260719T194522Z,26.2,93.5
20260719T194538Z,26.2,93.5
20260719T194552Z,26.2,93.6
20260719T194608Z,26.2,93.7
20260719T194622Z,26.2,93.6
20260719T194637Z,26.2,93.7
20260719T194653Z,26.3,93.7
20260719T194707Z,26.3,93.8
20260719T194723Z,26.3,93.8
20260719T194738Z,26.3,93.8
20260719T194752Z,26.3,93.9
20260719T194808Z,26.3,93.8
20260719T194822Z,26.4,93.9
20260719T194838Z,26.4,93.9
20260719T194852Z,26.4,93.9
20260719T194908Z,26.4,93.9
20260719T194922Z,26.4,93.9
20260719T194938Z,26.4,93.9
20260719T194952Z,26.4,93.8
20260719T195008Z,26.4,93.9
20260719T195022Z,26.5,93.9
20260719T195038Z,26.5,93.9
20260719T195053Z,26.5,93.9
20260719T195107Z,26.5,93.9
20260719T195122Z,26.6,93.9
20260719T195137Z,26.6,93.8
20260719T195153Z,26.6,93.9
20260719T195207Z,26.6,93.9
20260719T195223Z,26.6,93.8
20260719T195237Z,26.6,93.8
20260719T195253Z,26.7,93.8
20260719T195307Z,26.7,93.7
20260719T195323Z,26.7,93.7
20260719T195337Z,26.7,93.6
20260719T195353Z,26.7,93.6
20260719T195407Z,26.7,93.6
20260719T195423Z,26.7,93.6
20260719T195438Z,26.8,92.8
20260719T195453Z,26.8,91.9
20260719T195507Z,26.7,90.9
20260719T195523Z,26.7,90.9
20260719T195537Z,26.6,89.5
20260719T195553Z,26.6,88.3
20260719T195607Z,26.5,87.9
20260719T195623Z,26.4,86.8
20260719T195637Z,26.3,85.9
20260719T195653Z,26.2,85.6
20260719T195707Z,26.1,85.2
20260719T195723Z,26.0,84.5
20260719T195738Z,25.9,83.8
20260719T195753Z,25.8,84.1
20260719T195807Z,25.8,84.1
20260719T195823Z,25.7,82.7
20260719T195837Z,25.7,81.7
20260719T195853Z,25.6,81.6
20260719T195907Z,25.6,82.8
20260719T195923Z,25.5,83.7
20260719T195938Z,25.5,84.7
20260719T195952Z,25.5,85.5
20260719T200008Z,25.4,85.7
20260719T200022Z,25.4,86.2
20260719T200038Z,25.4,86.3
20260719T200052Z,25.4,87.0
20260719T200108Z,25.4,87.2
20260719T200122Z,25.4,87.3
20260719T200138Z,25.4,87.7
20260719T200152Z,25.5,88.1
20260719T200208Z,25.5,88.0
20260719T200222Z,25.5,88.6
20260719T200238Z,25.5,88.7
20260719T200252Z,25.6,88.8
20260719T200308Z,25.6,89.2
20260719T200322Z,25.6,89.3
20260719T200338Z,25.7,89.5
20260719T200352Z,25.7,89.8
20260719T200408Z,25.7,90.0
20260719T200423Z,25.7,90.1
20260719T200437Z,25.7,90.2
20260719T200453Z,25.8,90.5
20260719T200507Z,25.8,90.6
20260719T200523Z,25.8,90.8
20260719T200537Z,25.8,91.0
20260719T200553Z,25.9,91.1
20260719T200607Z,25.9,91.3
20260719T200623Z,25.9,91.4
20260719T200637Z,25.9,91.5
20260719T200653Z,26.0,91.7
20260719T200707Z,26.0,91.8
20260719T200723Z,26.0,92.0
20260719T200738Z,26.0,92.0
20260719T200752Z,26.0,92.3
20260719T200808Z,26.0,92.3
20260719T200822Z,26.0,92.4
20260719T200838Z,26.1,92.5
20260719T200852Z,26.1,92.6
20260719T200908Z,26.1,92.8
20260719T200922Z,26.1,92.7
20260719T200938Z,26.2,92.9
20260719T200953Z,26.2,93.0
20260719T201008Z,26.2,93.0
20260719T201022Z,26.2,93.0
20260719T201037Z,26.2,93.2
20260719T201053Z,26.2,93.2
20260719T201107Z,26.2,93.3
20260719T201123Z,26.2,93.3
20260719T201137Z,26.3,93.4
20260719T201153Z,26.3,93.4
20260719T201207Z,26.3,93.4
20260719T201223Z,26.3,93.4
20260719T201238Z,26.3,93.5
20260719T201252Z,26.4,93.4
20260719T201308Z,26.4,93.5
20260719T201322Z,26.4,93.5
20260719T201337Z,26.4,93.5
20260719T201353Z,26.4,93.5
20260719T201407Z,26.5,93.5
20260719T201423Z,26.5,93.5
20260719T201437Z,26.5,93.5
20260719T201452Z,26.5,93.5
20260719T201508Z,26.5,93.5
20260719T201522Z,26.5,93.5
20260719T201538Z,26.5,93.5
20260719T201552Z,26.6,93.5
20260719T201608Z,26.6,93.6
20260719T201622Z,26.6,93.5
20260719T201638Z,26.6,93.5
20260719T201653Z,26.6,93.5
20260719T201707Z,26.6,93.5
20260719T201723Z,26.7,93.5
20260719T201737Z,26.7,93.5
20260719T201753Z,26.7,93.5
20260719T201807Z,26.7,93.4
20260719T201823Z,26.7,93.5
20260719T201839Z,26.7,93.5
20260719T201853Z,26.7,93.5
20260719T201907Z,26.7,93.4
20260719T201923Z,26.8,93.4
20260719T201937Z,26.8,93.4
20260719T201952Z,26.8,93.4
20260719T202008Z,26.8,93.4
20260719T202022Z,26.8,93.4
20260719T202038Z,26.8,93.1
20260719T202052Z,26.8,93.0
20260719T202108Z,26.8,91.8
20260719T202122Z,26.7,90.9
20260719T202138Z,26.7,89.5
20260719T202152Z,26.6,89.3
20260719T202208Z,26.5,88.1
20260719T202222Z,26.5,87.5
20260719T202238Z,26.4,86.4
20260719T202252Z,26.3,86.1
20260719T202308Z,26.2,85.9
20260719T202322Z,26.1,84.8
20260719T202337Z,26.0,84.3
20260719T202353Z,25.9,83.3
20260719T202408Z,25.8,83.4
20260719T202422Z,25.7,82.1
20260719T202437Z,25.7,81.5
20260719T202453Z,25.6,81.9
20260719T202507Z,25.5,83.0
20260719T202523Z,25.5,84.0
20260719T202537Z,25.5,84.9
20260719T202553Z,25.4,85.9
20260719T202608Z,25.4,86.2
20260719T202622Z,25.4,86.7
20260719T202637Z,25.4,87.1
20260719T202653Z,25.4,87.5
20260719T202707Z,25.4,87.6
20260719T202723Z,25.4,87.8
20260719T202737Z,25.4,88.2
20260719T202753Z,25.4,88.5
20260719T202807Z,25.5,88.6
20260719T202823Z,25.5,88.9
20260719T202837Z,25.5,88.9
20260719T202853Z,25.6,89.3
20260719T202907Z,25.6,89.6
20260719T202923Z,25.6,89.8
20260719T202937Z,25.6,89.9
20260719T202952Z,25.7,90.1
20260719T203008Z,25.7,90.3
20260719T203022Z,25.7,90.4
20260719T203038Z,25.7,90.5
20260719T203052Z,25.8,90.9
20260719T203108Z,25.8,90.9
20260719T203122Z,25.8,91.0
20260719T203138Z,25.8,91.2
20260719T203152Z,25.8,91.3
20260719T203208Z,25.9,91.6
20260719T203222Z,25.9,91.7
20260719T203238Z,25.9,91.8
20260719T203252Z,25.9,91.9
20260719T203308Z,26.0,91.9
20260719T203322Z,26.0,92.0
20260719T203338Z,26.0,92.2
20260719T203353Z,26.0,92.4
20260719T203407Z,26.1,92.4
20260719T203423Z,26.1,92.4
20260719T203437Z,26.1,92.5
20260719T203453Z,26.1,92.7
20260719T203507Z,26.1,92.8
20260719T203523Z,26.1,92.8
20260719T203538Z,26.2,92.9
20260719T203552Z,26.2,93.0
20260719T203607Z,26.2,93.0
20260719T203622Z,26.2,93.2
20260719T203637Z,26.2,93.2
20260719T203653Z,26.2,93.3
20260719T203707Z,26.2,93.3
20260719T203723Z,26.3,93.4
20260719T203738Z,26.3,93.4
20260719T203753Z,26.3,93.4
20260719T203808Z,26.3,93.4
20260719T203823Z,26.3,93.5
20260719T203838Z,26.4,93.5
20260719T203853Z,26.4,93.5
20260719T203907Z,26.4,93.5
20260719T203922Z,26.4,93.6
20260719T203938Z,26.4,93.5
20260719T203952Z,26.4,93.6
20260719T204008Z,26.5,93.6
20260719T204022Z,26.5,93.5
20260719T204037Z,26.5,93.5
20260719T204053Z,26.5,93.6
20260719T204107Z,26.5,93.6
20260719T204123Z,26.5,93.6
20260719T204138Z,26.5,93.6
20260719T204153Z,26.5,93.6
20260719T204207Z,26.6,93.6
20260719T204223Z,26.6,93.6
20260719T204237Z,26.6,93.6
20260719T204253Z,26.6,93.6
20260719T204307Z,26.6,93.5
20260719T204323Z,26.6,93.5
20260719T204337Z,26.6,93.5
20260719T204353Z,26.7,93.5
20260719T204407Z,26.7,93.5
20260719T204423Z,26.7,93.5
20260719T204438Z,26.7,93.5
20260719T204453Z,26.7,93.4
20260719T204508Z,26.7,93.5
20260719T204523Z,26.7,93.4
20260719T204538Z,26.7,93.4
20260719T204553Z,26.8,93.4
20260719T204608Z,26.8,93.4
20260719T204623Z,26.8,93.3
20260719T204639Z,26.8,93.4
20260719T204653Z,26.8,93.0
20260719T204708Z,26.8,92.7
20260719T204723Z,26.8,91.1
20260719T204738Z,26.7,90.8
20260719T204753Z,26.7,89.8
20260719T204808Z,26.6,88.5
20260719T204823Z,26.5,87.8
20260719T204838Z,26.4,87.4
20260719T204853Z,26.3,86.5
20260719T204908Z,26.2,85.7
20260719T204923Z,26.1,85.3
20260719T204938Z,26.0,84.9
20260719T204953Z,25.9,84.8
20260719T205008Z,25.8,84.1
20260719T205023Z,25.8,82.9
20260719T205038Z,25.7,82.7
20260719T205053Z,25.7,81.5
20260719T205108Z,25.6,81.6
20260719T205123Z,25.5,82.5
20260719T205138Z,25.5,83.7
20260719T205153Z,25.4,84.2
20260719T205208Z,25.4,85.5
20260719T205223Z,25.4,86.3
20260719T205238Z,25.4,86.5
20260719T205253Z,25.3,86.8
20260719T205308Z,25.3,86.7
20260719T205323Z,25.4,87.4
20260719T205338Z,25.4,87.5
20260719T205353Z,25.4,87.9
20260719T205408Z,25.4,88.3
20260719T205423Z,25.4,88.5
20260719T205438Z,25.5,88.7
20260719T205453Z,25.5,88.6
20260719T205508Z,25.5,89.0
20260719T205523Z,25.5,89.3
20260719T205538Z,25.6,89.4
20260719T205553Z,25.6,89.7
20260719T205608Z,25.7,89.9
20260719T205623Z,25.7,90.0
20260719T205638Z,25.7,90.2
20260719T205653Z,25.7,90.4
20260719T205708Z,25.8,90.5
20260719T205723Z,25.8,90.7
20260719T205738Z,25.8,90.7
20260719T205753Z,25.8,90.8
20260719T205808Z,25.9,91.1
20260719T205823Z,25.9,91.3
20260719T205839Z,25.9,91.3
20260719T205853Z,25.9,91.5
20260719T205908Z,25.9,91.7
20260719T205923Z,26.0,91.6
20260719T205938Z,26.0,91.9
20260719T205953Z,26.0,92.1
20260719T210008Z,26.0,92.1
20260719T210023Z,26.0,92.3
20260719T210038Z,26.0,92.4
20260719T210053Z,26.1,92.4
20260719T210108Z,26.1,92.6
20260719T210123Z,26.1,92.6
20260719T210138Z,26.1,92.7
20260719T210153Z,26.1,92.8
20260719T210208Z,26.1,92.8
20260719T210223Z,26.2,93.0
20260719T210238Z,26.2,93.0
20260719T210253Z,26.2,93.1
20260719T210308Z,26.2,93.2
20260719T210323Z,26.2,93.2
20260719T210338Z,26.2,93.3
20260719T210353Z,26.3,93.4
20260719T210408Z,26.3,93.4
20260719T210423Z,26.3,93.4
20260719T210438Z,26.3,93.5
20260719T210453Z,26.3,93.4
20260719T210508Z,26.3,93.5
20260719T210523Z,26.4,93.5
20260719T210538Z,26.4,93.5
20260719T210553Z,26.4,93.5
20260719T210608Z,26.4,93.5
20260719T210623Z,26.4,93.5
20260719T210638Z,26.5,93.5
20260719T210653Z,26.5,93.6
20260719T210708Z,26.5,93.6
20260719T210723Z,26.5,93.6
20260719T210738Z,26.5,93.5
20260719T210753Z,26.5,93.6
20260719T210808Z,26.5,93.6
20260719T210823Z,26.5,93.5
20260719T210838Z,26.6,93.5
20260719T210853Z,26.6,93.6
20260719T210908Z,26.6,93.6
20260719T210923Z,26.6,93.5
20260719T210938Z,26.6,93.5
20260719T210953Z,26.6,93.5
20260719T211008Z,26.6,93.5
20260719T211023Z,26.7,93.5
20260719T211038Z,26.7,93.5
20260719T211053Z,26.7,93.4
20260719T211108Z,26.7,93.5
20260719T211123Z,26.7,93.4
20260719T211138Z,26.7,93.4
20260719T211153Z,26.7,93.4
20260719T211208Z,26.7,93.4
20260719T211223Z,26.7,93.4
20260719T211238Z,26.7,93.3
20260719T211253Z,26.7,93.3
20260719T211308Z,26.8,93.3
20260719T211323Z,26.8,93.3
20260719T211338Z,26.8,93.3
20260719T211353Z,26.8,92.9
20260719T211408Z,26.8,91.9
20260719T211423Z,26.8,91.3
20260719T211439Z,26.7,90.9
20260719T211453Z,26.7,89.0
20260719T211508Z,26.6,88.2
20260719T211523Z,26.5,87.5
20260719T211538Z,26.4,87.2
20260719T211553Z,26.3,86.0
20260719T211608Z,26.2,85.4
20260719T211623Z,26.1,85.5
20260719T211638Z,26.0,84.1
20260719T211653Z,25.9,84.3
20260719T211708Z,25.9,83.8
20260719T211723Z,25.8,82.6
20260719T211738Z,25.7,81.9
20260719T211753Z,25.6,81.7
20260719T211808Z,25.6,82.1
20260719T211823Z,25.5,83.3
20260719T211838Z,25.5,84.3
20260719T211853Z,25.5,85.7
20260719T211908Z,25.4,86.0
20260719T211923Z,25.4,86.3
20260719T211938Z,25.4,86.4
20260719T211953Z,25.4,86.8
20260719T212008Z,25.4,87.2
20260719T212023Z,25.4,87.6
20260719T212038Z,25.4,87.7
20260719T212053Z,25.4,88.1
20260719T212108Z,25.5,88.4
20260719T212123Z,25.5,88.5
20260719T212138Z,25.5,88.7
20260719T212153Z,25.5,88.9
20260719T212208Z,25.6,89.1
20260719T212223Z,25.6,89.4
20260719T212238Z,25.6,89.8
20260719T212253Z,25.6,89.8
20260719T212308Z,25.6,90.1
20260719T212323Z,25.7,90.2
20260719T212338Z,25.7,90.4
20260719T212353Z,25.7,90.5
20260719T212408Z,25.8,90.7
20260719T212423Z,25.8,90.8
20260719T212438Z,25.8,91.1
20260719T212453Z,25.8,91.0
20260719T212508Z,25.8,91.2
20260719T212523Z,25.8,91.6
20260719T212538Z,25.9,91.5
20260719T212553Z,25.9,91.7
20260719T212608Z,25.9,91.8
20260719T212623Z,25.9,92.0
20260719T212638Z,26.0,92.1
20260719T212653Z,26.0,92.2
20260719T212708Z,26.0,92.5
20260719T212723Z,26.0,92.5
20260719T212738Z,26.0,92.4
20260719T212753Z,26.0,92.7
20260719T212808Z,26.0,92.7
20260719T212823Z,26.0,92.8
20260719T212838Z,26.1,92.8
20260719T212853Z,26.1,93.0
20260719T212908Z,26.1,93.0
20260719T212923Z,26.1,93.2
20260719T212939Z,26.1,93.1
20260719T212953Z,26.1,93.3
20260719T213008Z,26.2,93.4
20260719T213023Z,26.2,93.5
20260719T213038Z,26.2,93.5
20260719T213053Z,26.2,93.6
20260719T213108Z,26.2,93.6
20260719T213123Z,26.2,93.5
20260719T213138Z,26.2,93.5
20260719T213153Z,26.3,93.6
20260719T213208Z,26.3,93.6
20260719T213223Z,26.3,93.6
20260719T213238Z,26.3,93.7
20260719T213253Z,26.3,93.7
20260719T213308Z,26.3,93.7
20260719T213323Z,26.4,93.7
20260719T213338Z,26.4,93.7
20260719T213353Z,26.4,93.7
20260719T213408Z,26.4,93.7
20260719T213423Z,26.4,93.8
20260719T213438Z,26.4,93.7
20260719T213453Z,26.4,93.8
20260719T213508Z,26.4,93.8
20260719T213523Z,26.5,93.7
20260719T213538Z,26.5,93.7
20260719T213553Z,26.5,93.7
20260719T213608Z,26.5,93.7
20260719T213623Z,26.5,93.7
20260719T213638Z,26.5,93.7
20260719T213653Z,26.5,93.7
20260719T213708Z,26.6,93.7
20260719T213723Z,26.6,93.7
20260719T213738Z,26.6,93.6
20260719T213753Z,26.6,93.6
20260719T213808Z,26.6,93.7
20260719T213823Z,26.6,93.6
20260719T213838Z,26.6,93.6
20260719T213853Z,26.6,93.6
20260719T213908Z,26.7,93.6
20260719T213923Z,26.7,93.5
20260719T213938Z,26.7,93.5
20260719T213953Z,26.7,93.5
20260719T214008Z,26.7,93.5
20260719T214023Z,26.7,93.5
20260719T214038Z,26.7,93.5
20260719T214053Z,26.7,93.5
20260719T214108Z,26.7,93.4
20260719T214123Z,26.7,93.5
20260719T214138Z,26.7,93.4
20260719T214153Z,26.8,93.4
20260719T214208Z,26.7,93.2
20260719T214223Z,26.7,91.2
20260719T214238Z,26.7,90.7
20260719T214253Z,26.7,90.6
20260719T214308Z,26.6,89.4
20260719T214323Z,26.5,88.4
20260719T214338Z,26.4,87.4
20260719T214353Z,26.3,86.6
20260719T214408Z,26.3,86.2
20260719T214423Z,26.1,85.8
20260719T214438Z,26.1,84.9
20260719T214453Z,26.0,84.5
20260719T214508Z,25.9,83.7
20260719T214523Z,25.8,82.8
20260719T214538Z,25.8,82.7
20260719T214553Z,25.7,81.8
20260719T214608Z,25.6,80.9
20260719T214623Z,25.6,82.8
20260719T214638Z,25.5,83.8
20260719T214653Z,25.5,85.0
20260719T214708Z,25.5,85.4
20260719T214723Z,25.5,86.2
20260719T214738Z,25.4,86.4
20260719T214753Z,25.4,86.6
20260719T214808Z,25.4,87.1
20260719T214823Z,25.4,87.4
20260719T214838Z,25.4,87.5
20260719T214853Z,25.4,87.9
20260719T214908Z,25.4,88.4
20260719T214923Z,25.4,88.6
20260719T214938Z,25.4,88.8
20260719T214953Z,25.4,89.2
20260719T215008Z,25.5,89.4
20260719T215023Z,25.5,89.7
20260719T215038Z,25.5,89.6
20260719T215053Z,25.6,89.9
20260719T215108Z,25.6,90.1
20260719T215123Z,25.6,90.3
20260719T215138Z,25.7,90.4
20260719T215153Z,25.7,90.6
20260719T215208Z,25.7,90.9
20260719T215223Z,25.7,91.0
20260719T215238Z,25.8,91.0
20260719T215253Z,25.8,91.2
20260719T215308Z,25.8,91.2
20260719T215323Z,25.8,91.4
20260719T215338Z,25.8,91.5
20260719T215353Z,25.9,91.8
20260719T215408Z,25.9,91.7
20260719T215423Z,25.9,92.0
20260719T215438Z,25.9,92.1
20260719T215453Z,25.9,92.2
20260719T215508Z,25.9,92.2
20260719T215523Z,26.0,92.4
20260719T215538Z,26.0,92.6
20260719T215553Z,26.0,92.6
20260719T215608Z,26.0,92.9
20260719T215623Z,26.0,92.8
20260719T215638Z,26.0,92.9
20260719T215653Z,26.1,93.0
20260719T215708Z,26.1,93.1
20260719T215723Z,26.1,93.1
20260719T215738Z,26.1,93.3
20260719T215753Z,26.1,93.4
20260719T215808Z,26.1,93.4
20260719T215823Z,26.1,93.5
20260719T215838Z,26.2,93.5
20260719T215853Z,26.2,93.5
20260719T215908Z,26.2,93.6
20260719T215923Z,26.2,93.6
20260719T215938Z,26.2,93.7
20260719T215953Z,26.3,93.6
20260719T220008Z,26.3,93.7
20260719T220023Z,26.3,93.7
20260719T220038Z,26.3,93.8
20260719T220053Z,26.3,93.8
20260719T220108Z,26.3,93.7
20260719T220123Z,26.3,93.8
20260719T220138Z,26.3,93.8
20260719T220153Z,26.4,93.9
20260719T220208Z,26.4,93.8
20260719T220223Z,26.4,93.8
20260719T220238Z,26.4,93.8
20260719T220253Z,26.4,93.8
20260719T220308Z,26.4,93.8
20260719T220323Z,26.4,93.8
20260719T220338Z,26.5,93.9
20260719T220353Z,26.5,93.8
20260719T220408Z,26.5,93.8
20260719T220423Z,26.5,93.8
20260719T220438Z,26.5,93.8
20260719T220453Z,26.5,93.7
20260719T220508Z,26.5,93.7
20260719T220523Z,26.6,93.8
20260719T220538Z,26.6,93.7
20260719T220553Z,26.6,93.7
20260719T220608Z,26.6,93.7
20260719T220623Z,26.6,93.7
20260719T220638Z,26.6,93.6
20260719T220653Z,26.6,93.7
20260719T220708Z,26.6,93.6
20260719T220723Z,26.7,93.6
20260719T220738Z,26.7,93.6
20260719T220753Z,26.7,93.6
20260719T220808Z,26.7,93.6
20260719T220823Z,26.7,93.5
20260719T220838Z,26.7,93.5
20260719T220853Z,26.7,93.5
20260719T220908Z,26.7,93.5
20260719T220923Z,26.7,92.8
20260719T220939Z,26.7,92.0
20260719T220954Z,26.7,91.4
20260719T221008Z,26.7,90.4
20260719T221023Z,26.6,90.5
20260719T221038Z,26.5,88.9
20260719T221053Z,26.5,87.9
20260719T221108Z,26.4,87.3
20260719T221123Z,26.2,86.0
20260719T221138Z,26.1,86.3
20260719T221153Z,26.0,86.1
20260719T221208Z,25.9,84.7
20260719T221223Z,25.8,84.7
20260719T221238Z,25.8,83.4
20260719T221253Z,25.7,82.8
20260719T221308Z,25.6,82.4
20260719T221323Z,25.5,81.7
20260719T221338Z,25.5,81.7
20260719T221353Z,25.4,82.8
20260719T221408Z,25.4,84.3
20260719T221423Z,25.4,85.2
20260719T221438Z,25.4,86.2
20260719T221453Z,25.4,86.3
20260719T221508Z,25.4,86.7
20260719T221523Z,25.3,87.1
20260719T221538Z,25.3,87.5
20260719T221553Z,25.3,87.6
20260719T221608Z,25.3,88.1
20260719T221623Z,25.3,88.3
20260719T221638Z,25.4,88.5
20260719T221653Z,25.4,88.8
20260719T221708Z,25.4,89.0
20260719T221723Z,25.5,89.2
20260719T221738Z,25.5,89.5
20260719T221753Z,25.5,89.6
20260719T221808Z,25.5,89.8
20260719T221823Z,25.6,90.1
20260719T221838Z,25.6,90.0
20260719T221853Z,25.6,90.5
20260719T221908Z,25.7,90.6
20260719T221923Z,25.7,90.8
20260719T221938Z,25.7,91.0
20260719T221953Z,25.7,90.9
20260719T222008Z,25.7,91.2
20260719T222023Z,25.8,91.3
20260719T222038Z,25.8,91.5
20260719T222053Z,25.8,91.6
20260719T222108Z,25.8,91.7
20260719T222123Z,25.8,91.9
20260719T222138Z,25.9,92.1
20260719T222153Z,25.9,92.2
20260719T222208Z,25.9,92.3
20260719T222223Z,25.9,92.4
20260719T222238Z,25.9,92.4
20260719T222253Z,26.0,92.5
20260719T222308Z,26.0,92.7
20260719T222323Z,26.0,92.8
20260719T222338Z,26.0,92.9
20260719T222353Z,26.0,93.0
20260719T222408Z,26.0,93.1
20260719T222423Z,26.1,93.2
20260719T222438Z,26.1,93.1
20260719T222453Z,26.1,93.3
20260719T222508Z,26.1,93.4
20260719T222523Z,26.1,93.5
20260719T222538Z,26.2,93.4
20260719T222553Z,26.2,93.5
20260719T222608Z,26.2,93.6
20260719T222623Z,26.2,93.6
20260719T222638Z,26.2,93.7
20260719T222653Z,26.2,93.6
20260719T222708Z,26.3,93.7
20260719T222723Z,26.3,93.7
20260719T222738Z,26.3,93.7
20260719T222753Z,26.3,93.8
20260719T222808Z,26.3,93.8
20260719T222823Z,26.3,93.7
20260719T222838Z,26.3,93.8
20260719T222853Z,26.4,93.9
20260719T222908Z,26.4,93.9
20260719T222923Z,26.4,93.9
20260719T222938Z,26.4,93.9
20260719T222953Z,26.4,93.9
20260719T223008Z,26.4,93.9
20260719T223023Z,26.5,93.9
20260719T223038Z,26.5,93.8
20260719T223053Z,26.5,93.9
20260719T223108Z,26.5,93.9
20260719T223123Z,26.5,93.9
20260719T223138Z,26.5,93.8
20260719T223153Z,26.5,93.8
20260719T223208Z,26.5,93.8
20260719T223223Z,26.6,93.8
20260719T223238Z,26.5,93.8
20260719T223253Z,26.6,93.8
20260719T223308Z,26.6,93.8
20260719T223323Z,26.6,93.7
20260719T223338Z,26.6,93.8
20260719T223353Z,26.6,93.8
20260719T223408Z,26.6,93.8
20260719T223423Z,26.6,93.7
20260719T223438Z,26.7,93.7
20260719T223453Z,26.7,93.7
20260719T223508Z,26.7,93.6
20260719T223523Z,26.7,93.7
20260719T223538Z,26.7,93.6
20260719T223553Z,26.7,93.6
20260719T223608Z,26.7,92.8
20260719T223623Z,26.7,92.7
20260719T223638Z,26.7,91.2
20260719T223653Z,26.7,90.6
20260719T223708Z,26.6,89.8
20260719T223723Z,26.5,88.5
20260719T223738Z,26.5,87.7
20260719T223753Z,26.4,86.9
20260719T223808Z,26.3,86.6
20260719T223823Z,26.2,86.2
20260719T223838Z,26.0,84.7
20260719T223853Z,25.9,85.2
20260719T223908Z,25.8,83.8
20260719T223923Z,25.7,83.9
20260719T223938Z,25.6,83.8
20260719T223953Z,25.6,82.6
20260719T224008Z,25.5,81.7
20260719T224023Z,25.4,82.1
20260719T224038Z,25.4,83.5
20260719T224053Z,25.4,84.2
20260719T224108Z,25.3,85.5
20260719T224123Z,25.3,86.6
20260719T224138Z,25.3,86.9
20260719T224153Z,25.3,86.9
20260719T224208Z,25.3,87.5
20260719T224223Z,25.3,87.5
20260719T224238Z,25.3,87.9
20260719T224253Z,25.3,88.1
20260719T224308Z,25.3,88.5
20260719T224323Z,25.3,88.9
20260719T224338Z,25.4,89.0
20260719T224353Z,25.4,89.2
20260719T224408Z,25.4,89.5
20260719T224423Z,25.4,89.7
20260719T224438Z,25.5,89.8
20260719T224453Z,25.5,90.0
20260719T224508Z,25.5,90.3
20260719T224523Z,25.6,90.6
20260719T224538Z,25.6,90.5
20260719T224553Z,25.6,90.7
20260719T224608Z,25.6,90.8
20260719T224623Z,25.7,91.1
20260719T224638Z,25.7,91.1
20260719T224653Z,25.7,91.4
20260719T224708Z,25.7,91.5
20260719T224723Z,25.8,91.6
20260719T224738Z,25.8,91.8
20260719T224753Z,25.8,91.9
20260719T224808Z,25.8,92.0
20260719T224823Z,25.9,92.2
20260719T224838Z,25.9,92.2
20260719T224853Z,25.9,92.4
20260719T224908Z,25.9,92.5
20260719T224923Z,25.9,92.6
20260719T224938Z,26.0,92.7
20260719T224953Z,26.0,92.7
20260719T225008Z,26.0,92.8
20260719T225023Z,26.0,93.0
20260719T225038Z,26.0,93.0
20260719T225053Z,26.1,93.2
20260719T225108Z,26.1,93.3
20260719T225123Z,26.1,93.3
20260719T225138Z,26.1,93.4
20260719T225153Z,26.1,93.4
20260719T225208Z,26.1,93.5
20260719T225223Z,26.2,93.7
20260719T225239Z,26.2,93.7
20260719T225254Z,26.2,93.7
20260719T225308Z,26.2,93.8
20260719T225323Z,26.2,93.8
20260719T225338Z,26.2,93.8
20260719T225353Z,26.2,93.8
20260719T225408Z,26.3,93.8
20260719T225423Z,26.3,93.8
20260719T225438Z,26.3,93.9
20260719T225453Z,26.3,93.9
20260719T225508Z,26.3,93.9
20260719T225523Z,26.3,94.0
20260719T225538Z,26.3,94.0
20260719T225553Z,26.4,94.0
20260719T225608Z,26.4,94.0
20260719T225623Z,26.4,94.0
20260719T225638Z,26.4,94.0
20260719T225653Z,26.4,94.0
20260719T225708Z,26.4,94.0
20260719T225723Z,26.4,93.9
20260719T225738Z,26.5,94.0
20260719T225753Z,26.5,93.9
20260719T225808Z,26.5,93.9
20260719T225823Z,26.5,94.0
20260719T225838Z,26.5,93.9
20260719T225853Z,26.5,93.9
20260719T225908Z,26.6,93.9
20260719T225923Z,26.6,93.9
20260719T225938Z,26.6,93.9
20260719T225953Z,26.6,93.8
20260719T230008Z,26.6,93.9
20260719T230023Z,26.6,93.8
20260719T230038Z,26.6,93.8
20260719T230053Z,26.6,93.9
20260719T230108Z,26.6,93.8
20260719T230123Z,26.7,93.8
20260719T230138Z,26.7,93.8
20260719T230153Z,26.7,93.7
20260719T230208Z,26.7,93.7
20260719T230223Z,26.7,92.9
20260719T230238Z,26.7,92.5
20260719T230253Z,26.7,91.2
20260719T230308Z,26.6,91.0
20260719T230323Z,26.6,89.9
20260719T230338Z,26.5,89.2
20260719T230353Z,26.4,88.2
20260719T230408Z,26.3,87.3
20260719T230423Z,26.2,86.2
20260719T230438Z,26.1,86.1
20260719T230453Z,26.0,85.8
20260719T230508Z,25.9,85.1
20260719T230523Z,25.8,84.4
20260719T230538Z,25.7,84.0
20260719T230553Z,25.6,83.5
20260719T230608Z,25.5,83.4
20260719T230623Z,25.5,82.5
20260719T230638Z,25.4,81.5
20260719T230653Z,25.3,82.9
20260719T230708Z,25.3,84.4
20260719T230723Z,25.3,85.7
20260719T230738Z,25.2,86.6
20260719T230753Z,25.2,87.2
20260719T230808Z,25.2,86.9
20260719T230823Z,25.2,87.1
20260719T230838Z,25.2,87.5
20260719T230853Z,25.3,87.8
20260719T230908Z,25.3,88.2
20260719T230923Z,25.3,88.5
20260719T230938Z,25.3,88.6
20260719T230953Z,25.4,88.8
20260719T231008Z,25.4,89.0
20260719T231023Z,25.4,89.2
20260719T231038Z,25.5,89.6
20260719T231053Z,25.5,89.6
20260719T231108Z,25.5,89.9
20260719T231123Z,25.6,90.0
20260719T231138Z,25.6,90.2
20260719T231153Z,25.6,90.4
20260719T231208Z,25.7,90.5
20260719T231223Z,25.7,90.6
20260719T231238Z,25.7,90.6
20260719T231253Z,25.7,90.9
20260719T231308Z,25.8,91.0
20260719T231323Z,25.8,91.2
20260719T231338Z,25.8,91.4
20260719T231353Z,25.9,91.6
20260719T231408Z,25.9,91.6
20260719T231423Z,25.9,91.9
20260719T231438Z,25.9,92.1
20260719T231453Z,25.9,92.2
20260719T231508Z,26.0,92.2
20260719T231523Z,26.0,92.4
20260719T231538Z,26.0,92.4
20260719T231553Z,26.0,92.6
20260719T231608Z,26.0,92.8
20260719T231623Z,26.0,92.9
20260719T231638Z,26.1,92.9
20260719T231653Z,26.1,93.1
20260719T231708Z,26.1,93.1
20260719T231723Z,26.1,93.2
20260719T231738Z,26.1,93.3
20260719T231753Z,26.1,93.4
20260719T231808Z,26.1,93.4
20260719T231823Z,26.1,93.6
20260719T231839Z,26.2,93.7
20260719T231854Z,26.2,93.6
20260719T231908Z,26.2,93.7
20260719T231923Z,26.2,93.8
20260719T231938Z,26.2,93.8
20260719T231953Z,26.2,94.0
20260719T232008Z,26.2,94.0
20260719T232023Z,26.2,93.9
20260719T232038Z,26.3,94.0
20260719T232053Z,26.3,94.0
20260719T232108Z,26.3,94.1
20260719T232123Z,26.3,94.0
20260719T232139Z,26.3,94.1
20260719T232154Z,26.3,94.1
20260719T232208Z,26.4,94.1
20260719T232223Z,26.4,94.1
20260719T232239Z,26.4,94.1
20260719T232254Z,26.4,94.1
20260719T232308Z,26.4,94.1
20260719T232323Z,26.4,94.2
20260719T232338Z,26.4,94.1
20260719T232353Z,26.4,94.1
20260719T232408Z,26.5,94.1
20260719T232423Z,26.5,94.1
20260719T232438Z,26.5,94.1
20260719T232453Z,26.5,94.0
20260719T232508Z,26.5,94.0
20260719T232523Z,26.5,94.0
20260719T232538Z,26.6,94.0
20260719T232553Z,26.6,94.0
20260719T232608Z,26.6,94.0
20260719T232623Z,26.6,94.0
20260719T232638Z,26.6,94.0
20260719T232653Z,26.6,94.0
20260719T232708Z,26.6,93.9
20260719T232723Z,26.6,93.9
20260719T232738Z,26.6,93.9
20260719T232753Z,26.7,93.8
20260719T232808Z,26.7,93.8
20260719T232823Z,26.7,93.3
20260719T232838Z,26.7,92.4
20260719T232853Z,26.6,91.2
20260719T232908Z,26.6,91.4
20260719T232923Z,26.5,90.2
20260719T232938Z,26.5,89.5
20260719T232953Z,26.4,87.7
20260719T233008Z,26.3,87.1
20260719T233023Z,26.2,86.5
20260719T233038Z,26.1,85.5
20260719T233053Z,25.9,85.4
20260719T233108Z,25.8,84.3
20260719T233123Z,25.7,84.1
20260719T233138Z,25.6,83.7
20260719T233153Z,25.5,83.7
20260719T233208Z,25.4,83.1
20260719T233223Z,25.3,82.1
20260719T233239Z,25.3,81.8
20260719T233254Z,25.2,83.1
20260719T233308Z,25.1,83.9
20260719T233323Z,25.1,85.5
20260719T233338Z,25.1,86.7
20260719T233354Z,25.1,87.1
20260719T233408Z,25.1,87.3
20260719T233423Z,25.1,87.5
20260719T233438Z,25.1,87.9
20260719T233453Z,25.1,87.7
20260719T233508Z,25.2,88.5
20260719T233523Z,25.2,88.8
20260719T233538Z,25.2,88.9
20260719T233553Z,25.2,89.2
20260719T233608Z,25.3,89.3
20260719T233623Z,25.3,89.5
20260719T233638Z,25.4,89.8
20260719T233653Z,25.4,90.0
20260719T233708Z,25.4,90.0
20260719T233723Z,25.4,90.4
20260719T233738Z,25.5,90.6
20260719T233753Z,25.5,90.6
20260719T233808Z,25.5,90.8
20260719T233823Z,25.6,91.2
20260719T233838Z,25.6,91.2
20260719T233853Z,25.6,91.4
20260719T233908Z,25.6,91.6
20260719T233924Z,25.7,91.7
20260719T233939Z,25.7,91.7
20260719T233953Z,25.7,92.1
20260719T234009Z,25.7,92.1
20260719T234023Z,25.7,92.1
20260719T234038Z,25.8,92.3
20260719T234054Z,25.8,92.5
20260719T234108Z,25.8,92.6
20260719T234123Z,25.9,92.6
20260719T234138Z,25.9,92.8
20260719T234154Z,25.9,92.8
20260719T234209Z,25.9,93.0
20260719T234223Z,25.9,93.1
20260719T234238Z,25.9,93.2
20260719T234253Z,26.0,93.4
20260719T234308Z,26.0,93.5
20260719T234324Z,26.0,93.5
20260719T234338Z,26.0,93.6
20260719T234354Z,26.0,93.6
20260719T234408Z,26.0,93.8
20260719T234423Z,26.1,93.8
20260719T234439Z,26.1,93.9
20260719T234453Z,26.1,93.9
20260719T234509Z,26.1,93.9
20260719T234523Z,26.1,94.0
20260719T234540Z,26.1,94.1
20260719T234554Z,26.2,94.1
20260719T234609Z,26.2,94.1
20260719T234623Z,26.2,94.2
20260719T234639Z,26.2,94.2
20260719T234653Z,26.2,94.2
20260719T234709Z,26.2,94.2
20260719T234723Z,26.2,94.2
20260719T234740Z,26.3,94.3
20260719T234754Z,26.3,94.2
20260719T234809Z,26.3,94.3
20260719T234823Z,26.3,94.2
20260719T234839Z,26.3,94.3
20260719T234854Z,26.3,94.2
20260719T234908Z,26.4,94.2
20260719T234923Z,26.4,94.3
20260719T234939Z,26.4,94.3
20260719T234953Z,26.4,94.3
20260719T235009Z,26.4,94.2
20260719T235024Z,26.4,94.2
20260719T235038Z,26.4,94.2
20260719T235054Z,26.4,94.2
20260719T235108Z,26.5,94.2
20260719T235124Z,26.5,94.2
20260719T235139Z,26.5,94.1
20260719T235153Z,26.5,94.1
20260719T235209Z,26.5,94.1
20260719T235223Z,26.6,94.1
20260719T235239Z,26.6,94.1
20260719T235253Z,26.6,94.1
20260719T235309Z,26.6,94.0
20260719T235324Z,26.6,94.0
20260719T235338Z,26.6,94.0
20260719T235354Z,26.6,94.0
20260719T235408Z,26.6,94.0
20260719T235424Z,26.6,93.1
20260719T235438Z,26.6,92.8
20260719T235454Z,26.6,91.8
20260719T235508Z,26.6,90.8
20260719T235524Z,26.5,90.6
20260719T235538Z,26.5,89.4
20260719T235554Z,26.4,88.2
20260719T235608Z,26.3,87.5
20260719T235624Z,26.2,87.2
20260719T235639Z,26.1,86.0
20260719T235653Z,26.0,86.3
20260719T235708Z,25.9,85.5
20260719T235724Z,25.8,84.6
20260719T235738Z,25.7,84.1
20260719T235754Z,25.6,83.1
20260719T235808Z,25.5,82.2
20260719T235823Z,25.4,82.0
20260719T235839Z,25.4,81.5
20260719T235853Z,25.3,82.5
20260719T235909Z,25.2,83.8
20260719T235923Z,25.2,84.9
20260719T235939Z,25.2,86.2
20260719T235953Z,25.2,86.9