Time,Temperature,Humidity
20260728T000008Z,25.5,91.3
20260728T000023Z,25.4,90.8
20260728T000038Z,25.4,90.3
20260728T000053Z,25.4,89.1
20260728T000108Z,25.3,88.5
20260728T000123Z,25.2,86.7
20260728T000138Z,25.1,86.5
20260728T000153Z,25.0,85.1
20260728T000208Z,24.9,85.5
20260728T000223Z,24.8,84.8
20260728T000238Z,24.7,84.1
20260728T000253Z,24.6,83.5
20260728T000308Z,24.6,83.1
20260728T000323Z,24.5,82.3
20260728T000338Z,24.4,81.7
20260728T000353Z,24.3,81.8
20260728T000408Z,24.2,81.0
20260728T000423Z,24.2,80.4
20260728T000438Z,24.1,80.6
20260728T000453Z,24.0,82.2
20260728T000508Z,24.0,83.6
20260728T000523Z,24.0,84.8
20260728T000538Z,24.0,85.4
20260728T000553Z,24.1,86.0
20260728T000608Z,24.1,86.0
20260728T000623Z,24.1,86.4
20260728T000638Z,24.1,86.4
20260728T000653Z,24.2,86.8
20260728T000708Z,24.2,86.8
20260728T000723Z,24.2,87.2
20260728T000738Z,24.3,87.5
20260728T000753Z,24.3,87.6
20260728T000808Z,24.4,87.9
20260728T000823Z,24.4,88.3
20260728T000838Z,24.4,88.4
20260728T000853Z,24.5,88.6
20260728T000908Z,24.5,89.0
20260728T000923Z,24.5,89.1
20260728T000938Z,24.6,89.3
20260728T000953Z,24.6,89.2
20260728T001008Z,24.6,89.5
20260728T001023Z,24.7,89.8
20260728T001038Z,24.7,89.9
20260728T001053Z,24.8,90.1
20260728T001108Z,24.8,90.3
20260728T001123Z,24.8,90.5
20260728T001138Z,24.8,90.7
20260728T001153Z,24.9,91.0
20260728T001208Z,24.9,90.9
20260728T001223Z,24.9,91.2
20260728T001238Z,24.9,91.2
20260728T001253Z,25.0,91.4
20260728T001308Z,25.0,91.6
20260728T001323Z,25.0,91.7
20260728T001338Z,25.0,91.8
20260728T001353Z,25.1,92.1
20260728T001408Z,25.1,92.0
20260728T001423Z,25.1,92.2
20260728T001438Z,25.1,92.3
20260728T001453Z,25.1,92.4
20260728T001508Z,25.2,92.6
20260728T001523Z,25.2,92.7
20260728T001538Z,25.2,92.7
20260728T001553Z,25.2,92.8
20260728T001608Z,25.2,92.8
20260728T001623Z,25.3,92.9
20260728T001638Z,25.3,93.0
20260728T001653Z,25.3,93.0
20260728T001708Z,25.3,93.1
20260728T001723Z,25.3,93.1
20260728T001738Z,25.3,93.2
20260728T001753Z,25.4,93.1
20260728T001808Z,25.4,93.2
20260728T001823Z,25.4,93.2
20260728T001838Z,25.4,93.3
20260728T001853Z,25.5,92.5
20260728T001908Z,25.4,92.0
20260728T001923Z,25.4,90.8
20260728T001938Z,25.4,90.2
20260728T001953Z,25.4,89.3
20260728T002008Z,25.3,88.7
20260728T002023Z,25.3,88.0
20260728T002038Z,25.2,86.5
20260728T002053Z,25.1,86.2
20260728T002108Z,25.0,85.3
20260728T002123Z,24.9,84.4
20260728T002138Z,24.8,84.1
20260728T002153Z,24.7,83.9
20260728T002208Z,24.6,83.2
20260728T002223Z,24.5,82.2
20260728T002238Z,24.4,81.6
20260728T002253Z,24.3,81.1
20260728T002308Z,24.3,81.0
20260728T002323Z,24.2,80.4
20260728T002338Z,24.1,79.7
20260728T002353Z,24.1,80.8
20260728T002408Z,24.1,82.1
20260728T002423Z,24.0,83.7
20260728T002438Z,24.0,85.2
20260728T002453Z,24.0,85.5
20260728T002508Z,24.1,85.9
20260728T002523Z,24.1,86.0
20260728T002538Z,24.1,86.4
20260728T002553Z,24.1,86.4
20260728T002608Z,24.2,86.8
20260728T002623Z,24.2,86.8
20260728T002638Z,24.3,87.2
20260728T002653Z,24.3,87.3
20260728T002708Z,24.3,87.7
20260728T002723Z,24.4,87.8
20260728T002738Z,24.4,88.2
20260728T002753Z,24.4,88.3
20260728T002808Z,24.5,88.6
20260728T002823Z,24.5,88.9
20260728T002838Z,24.5,89.1
20260728T002853Z,24.6,89.3
20260728T002908Z,24.6,89.5
20260728T002923Z,24.7,89.8
20260728T002938Z,24.7,90.0
20260728T002953Z,24.7,90.3
20260728T003008Z,24.7,90.2
20260728T003023Z,24.8,90.5
20260728T003038Z,24.8,90.7
20260728T003053Z,24.8,90.8
20260728T003108Z,24.8,91.0
20260728T003123Z,24.9,91.2
20260728T003138Z,24.9,91.2
20260728T003153Z,24.9,91.4
20260728T003208Z,24.9,91.6
20260728T003223Z,25.0,91.7
20260728T003238Z,25.0,91.9
20260728T003253Z,25.0,92.0
20260728T003308Z,25.0,92.1
20260728T003323Z,25.0,92.2
20260728T003339Z,25.1,92.4
20260728T003353Z,25.1,92.4
20260728T003408Z,25.1,92.5
20260728T003423Z,25.1,92.6
20260728T003438Z,25.2,92.7
20260728T003453Z,25.2,92.7
20260728T003508Z,25.2,92.8
20260728T003523Z,25.2,92.9
20260728T003538Z,25.2,92.9
20260728T003553Z,25.3,93.0
20260728T003608Z,25.3,93.1
20260728T003623Z,25.3,93.2
20260728T003638Z,25.3,93.2
20260728T003653Z,25.3,93.2
20260728T003708Z,25.3,93.2
20260728T003723Z,25.4,93.2
20260728T003738Z,25.4,92.3
20260728T003753Z,25.4,92.5
20260728T003808Z,25.4,91.1
20260728T003823Z,25.4,91.0
20260728T003838Z,25.4,89.9
20260728T003853Z,25.3,88.6
20260728T003908Z,25.3,87.7
20260728T003923Z,25.2,86.8
20260728T003938Z,25.1,85.7
20260728T003953Z,25.0,85.1
20260728T004008Z,24.9,84.8
20260728T004023Z,24.8,84.1
20260728T004038Z,24.7,83.6
20260728T004053Z,24.6,82.5
20260728T004108Z,24.5,82.4
20260728T004123Z,24.4,81.7
20260728T004138Z,24.3,80.9
20260728T004153Z,24.2,80.8
20260728T004208Z,24.2,80.2
20260728T004223Z,24.1,79.2
20260728T004238Z,24.0,80.6
20260728T004253Z,24.0,82.4
20260728T004308Z,23.9,83.6
20260728T004323Z,24.0,84.7
20260728T004338Z,24.0,85.6
20260728T004353Z,24.0,85.7
20260728T004408Z,24.0,86.0
20260728T004423Z,24.1,86.2
20260728T004438Z,24.1,86.4
20260728T004453Z,24.1,86.9
20260728T004508Z,24.2,86.8
20260728T004523Z,24.2,87.0
20260728T004538Z,24.2,87.5
20260728T004553Z,24.3,87.6
20260728T004608Z,24.3,87.8
20260728T004623Z,24.4,87.9
20260728T004638Z,24.4,88.2
20260728T004653Z,24.5,88.5
20260728T004708Z,24.5,88.6
20260728T004723Z,24.5,89.1
20260728T004738Z,24.6,89.2
20260728T004753Z,24.6,89.4
20260728T004808Z,24.6,89.6
20260728T004823Z,24.7,89.7
20260728T004838Z,24.7,90.1
20260728T004853Z,24.7,90.2
20260728T004908Z,24.7,90.5
20260728T004923Z,24.8,90.4
20260728T004938Z,24.8,90.6
20260728T004953Z,24.8,90.8
20260728T005008Z,24.9,91.0
20260728T005023Z,24.9,91.2
20260728T005038Z,24.9,91.4
20260728T005053Z,25.0,91.4
20260728T005108Z,25.0,91.6
20260728T005123Z,25.0,91.6
20260728T005138Z,25.0,91.7
20260728T005153Z,25.1,92.0
20260728T005208Z,25.1,92.1
20260728T005223Z,25.1,92.1
20260728T005238Z,25.1,92.2
20260728T005253Z,25.1,92.4
20260728T005308Z,25.2,92.3
20260728T005323Z,25.2,92.4
20260728T005338Z,25.2,92.5
20260728T005353Z,25.2,92.6
20260728T005408Z,25.3,92.5
20260728T005423Z,25.3,92.7
20260728T005438Z,25.3,92.7
20260728T005453Z,25.3,92.9
20260728T005508Z,25.3,92.9
20260728T005523Z,25.4,92.9
20260728T005538Z,25.4,92.9
20260728T005553Z,25.4,93.0
20260728T005608Z,25.4,92.2
20260728T005623Z,25.4,91.7
20260728T005638Z,25.4,90.4
20260728T005653Z,25.4,90.0
20260728T005708Z,25.4,89.1
20260728T005723Z,25.3,88.2
20260728T005738Z,25.2,87.4
20260728T005753Z,25.2,86.8
20260728T005808Z,25.1,85.9
20260728T005823Z,25.0,85.0
20260728T005838Z,24.9,84.3
20260728T005853Z,24.8,84.5
20260728T005908Z,24.7,83.5
20260728T005923Z,24.5,82.4
20260728T005939Z,24.4,82.5
20260728T005954Z,24.4,82.3
20260728T010008Z,24.3,80.8
20260728T010023Z,24.2,80.9
20260728T010038Z,24.2,80.5
20260728T010053Z,24.1,80.4
20260728T010108Z,24.1,79.7
20260728T010123Z,24.0,81.2
20260728T010138Z,24.0,82.7
20260728T010153Z,24.0,84.0
20260728T010208Z,24.0,85.0
20260728T010223Z,24.0,85.1
20260728T010238Z,24.0,85.4
20260728T010253Z,24.1,85.5
20260728T010308Z,24.1,85.7
20260728T010323Z,24.1,86.2
20260728T010338Z,24.2,86.2
20260728T010353Z,24.2,86.4
20260728T010408Z,24.2,86.6
20260728T010423Z,24.3,87.0
20260728T010438Z,24.3,87.3
20260728T010453Z,24.4,87.7
20260728T010508Z,24.4,88.0
20260728T010523Z,24.4,88.5
20260728T010538Z,24.5,88.6
20260728T010553Z,24.5,88.7
20260728T010608Z,24.5,88.9
20260728T010623Z,24.6,89.2
20260728T010638Z,24.6,89.4
20260728T010653Z,24.6,89.8
20260728T010708Z,24.7,89.9
20260728T010723Z,24.7,90.0
20260728T010738Z,24.7,90.3
20260728T010753Z,24.8,90.5
20260728T010808Z,24.8,90.6
20260728T010823Z,24.8,90.7
20260728T010838Z,24.8,90.9
20260728T010853Z,24.9,91.1
20260728T010908Z,24.9,91.3
20260728T010923Z,24.9,91.3
20260728T010938Z,24.9,91.5
20260728T010953Z,25.0,91.6
20260728T011008Z,25.0,91.7
20260728T011023Z,25.0,91.7
20260728T011038Z,25.0,92.0
20260728T011053Z,25.1,92.0
20260728T011108Z,25.1,92.1
20260728T011123Z,25.1,92.3
20260728T011138Z,25.1,92.3
20260728T011153Z,25.1,92.4
20260728T011208Z,25.2,92.5
20260728T011223Z,25.2,92.6
20260728T011238Z,25.2,92.5
20260728T011253Z,25.2,92.5
20260728T011308Z,25.3,92.8
20260728T011323Z,25.3,92.9
20260728T011338Z,25.3,93.0
20260728T011353Z,25.3,92.9
20260728T011408Z,25.3,92.9
20260728T011423Z,25.3,92.4
20260728T011438Z,25.3,91.3
20260728T011453Z,25.3,90.4
20260728T011508Z,25.3,90.0
20260728T011523Z,25.3,89.0
20260728T011538Z,25.2,88.4
20260728T011553Z,25.1,87.4
20260728T011608Z,25.1,86.6
20260728T011623Z,25.0,85.8
20260728T011638Z,24.9,85.3
20260728T011653Z,24.8,84.0
20260728T011708Z,24.7,84.2
20260728T011723Z,24.6,82.9
20260728T011738Z,24.5,83.0
20260728T011753Z,24.4,82.6
20260728T011808Z,24.4,81.3
20260728T011823Z,24.3,80.8
20260728T011838Z,24.2,80.6
20260728T011853Z,24.2,79.3
20260728T011908Z,24.1,79.1
20260728T011923Z,24.1,79.4
20260728T011938Z,24.0,81.1
20260728T011953Z,24.0,82.4
20260728T012008Z,24.1,84.2
20260728T012023Z,24.1,84.7
20260728T012038Z,24.1,84.9
20260728T012053Z,24.1,85.0
20260728T012108Z,24.1,85.5
20260728T012123Z,24.2,85.7
20260728T012138Z,24.2,85.6
20260728T012153Z,24.2,86.0
20260728T012208Z,24.2,86.6
20260728T012223Z,24.3,86.7
20260728T012238Z,24.3,86.8
20260728T012253Z,24.3,87.0
20260728T012308Z,24.4,87.4
20260728T012323Z,24.4,87.8
20260728T012338Z,24.5,88.0
20260728T012353Z,24.5,88.2
20260728T012408Z,24.5,88.4
20260728T012423Z,24.6,88.7
20260728T012439Z,24.6,89.0
20260728T012454Z,24.6,89.2
20260728T012508Z,24.7,89.3
20260728T012523Z,24.7,89.5
20260728T012538Z,24.7,89.6
20260728T012553Z,24.7,90.0
20260728T012608Z,24.8,90.2
20260728T012623Z,24.8,90.2
20260728T012638Z,24.8,90.4
20260728T012653Z,24.9,90.7
20260728T012708Z,24.9,90.7
20260728T012723Z,24.9,91.0
20260728T012738Z,24.9,91.0
20260728T012753Z,25.0,91.1
20260728T012808Z,25.0,91.3
20260728T012823Z,25.0,91.4
20260728T012838Z,25.0,91.6
20260728T012853Z,25.1,91.6
20260728T012908Z,25.1,91.7
20260728T012923Z,25.1,91.8
20260728T012938Z,25.1,92.0
20260728T012953Z,25.2,92.0
20260728T013008Z,25.2,92.1
20260728T013023Z,25.2,92.2
20260728T013038Z,25.2,92.3
20260728T013053Z,25.2,92.4
20260728T013108Z,25.3,92.3
20260728T013123Z,25.3,92.5
20260728T013138Z,25.3,92.6
20260728T013153Z,25.3,92.7
20260728T013208Z,25.4,92.7
20260728T013223Z,25.4,92.7
20260728T013238Z,25.4,92.5
20260728T013253Z,25.4,92.4
20260728T013308Z,25.4,90.4
20260728T013323Z,25.4,90.2
20260728T013338Z,25.4,89.6
20260728T013353Z,25.3,88.7
20260728T013408Z,25.3,87.7
20260728T013423Z,25.2,86.6
20260728T013438Z,25.1,85.7
20260728T013453Z,25.0,84.8
20260728T013508Z,24.9,84.4
20260728T013523Z,24.8,84.1
20260728T013538Z,24.7,83.1
20260728T013553Z,24.6,83.1
20260728T013608Z,24.5,82.9
20260728T013623Z,24.5,82.3
20260728T013638Z,24.4,81.4
20260728T013653Z,24.4,80.7
20260728T013708Z,24.3,80.3
20260728T013723Z,24.2,79.2
20260728T013738Z,24.2,78.8
20260728T013753Z,24.1,79.5
20260728T013808Z,24.1,81.2
20260728T013823Z,24.0,83.0
20260728T013838Z,24.0,84.3
20260728T013853Z,24.0,84.7
20260728T013908Z,24.1,85.2
20260728T013923Z,24.1,85.5
20260728T013938Z,24.1,85.6
20260728T013953Z,24.1,85.6
20260728T014008Z,24.2,85.7
20260728T014023Z,24.2,86.1
20260728T014038Z,24.2,86.5
20260728T014053Z,24.3,86.9
20260728T014108Z,24.3,87.0
20260728T014123Z,24.4,87.4
20260728T014138Z,24.4,87.7
20260728T014153Z,24.4,87.8
20260728T014208Z,24.5,88.2
20260728T014223Z,24.5,88.4
20260728T014238Z,24.6,88.6
20260728T014253Z,24.6,89.0
20260728T014308Z,24.6,89.3
20260728T014323Z,24.6,89.3
20260728T014338Z,24.7,89.6
20260728T014353Z,24.7,89.9
20260728T014408Z,24.7,90.0
20260728T014423Z,24.8,90.1
20260728T014438Z,24.8,90.4
20260728T014453Z,24.8,90.6
20260728T014508Z,24.8,90.7
20260728T014523Z,24.9,90.8
20260728T014538Z,24.9,91.0
20260728T014553Z,24.9,91.1
20260728T014608Z,25.0,91.3
20260728T014623Z,25.0,91.4
20260728T014639Z,25.0,91.6
20260728T014654Z,25.0,91.7
20260728T014708Z,25.1,91.9
20260728T014723Z,25.1,91.9
20260728T014738Z,25.1,91.9
20260728T014753Z,25.1,92.1
20260728T014808Z,25.2,92.2
20260728T014823Z,25.2,92.4
20260728T014838Z,25.2,92.4
20260728T014853Z,25.2,92.4
20260728T014908Z,25.3,92.5
20260728T014923Z,25.3,92.4
20260728T014938Z,25.3,92.5
20260728T014953Z,25.3,92.6
20260728T015008Z,25.3,92.2
20260728T015023Z,25.4,92.3
20260728T015038Z,25.4,90.5
20260728T015053Z,25.3,89.6
20260728T015108Z,25.3,89.1
20260728T015123Z,25.3,89.1
20260728T015138Z,25.2,87.8
20260728T015153Z,25.2,87.1
20260728T015208Z,25.1,86.0
20260728T015223Z,25.0,84.9
20260728T015238Z,24.9,84.4
20260728T015253Z,24.8,83.9
20260728T015308Z,24.7,83.4
20260728T015323Z,24.7,82.6
20260728T015338Z,24.6,82.0
20260728T015353Z,24.5,81.4
20260728T015408Z,24.4,81.1
20260728T015423Z,24.4,80.5
20260728T015438Z,24.3,79.6
20260728T015453Z,24.3,79.1
20260728T015508Z,24.2,78.6
20260728T015523Z,24.2,78.0
20260728T015538Z,24.2,78.7
20260728T015553Z,24.2,80.2
20260728T015608Z,24.2,81.8
20260728T015623Z,24.2,83.1
20260728T015638Z,24.1,83.5
20260728T015653Z,24.2,83.8
20260728T015708Z,24.2,83.8
20260728T015723Z,24.2,84.4
20260728T015738Z,24.2,85.1
20260728T015753Z,24.2,85.1
20260728T015808Z,24.2,85.3
20260728T015823Z,24.3,85.5
20260728T015838Z,24.3,86.1
20260728T015853Z,24.3,86.5
20260728T015908Z,24.4,86.7
20260728T015923Z,24.4,87.1
20260728T015938Z,24.4,87.5
20260728T015953Z,24.4,87.6
20260728T020008Z,24.5,87.9
20260728T020023Z,24.5,88.3
20260728T020038Z,24.5,88.5
20260728T020053Z,24.6,88.9
20260728T020108Z,24.6,89.1
20260728T020123Z,24.6,89.1
20260728T020138Z,24.7,89.4
20260728T020153Z,24.7,89.6
20260728T020208Z,24.7,89.8
20260728T020223Z,24.8,89.9
20260728T020238Z,24.8,90.0
20260728T020253Z,24.8,90.3
20260728T020308Z,24.8,90.4
20260728T020323Z,24.9,90.7
20260728T020338Z,24.9,90.7
20260728T020353Z,24.9,90.8
20260728T020408Z,24.9,91.0
20260728T020423Z,25.0,91.1
20260728T020438Z,25.0,91.2
20260728T020453Z,25.0,91.4
20260728T020508Z,25.0,91.4
20260728T020523Z,25.1,91.6
20260728T020538Z,25.1,91.7
20260728T020553Z,25.1,91.7
20260728T020608Z,25.2,91.8
20260728T020623Z,25.2,91.9
20260728T020638Z,25.2,92.0
20260728T020653Z,25.2,91.9
20260728T020708Z,25.3,92.0
20260728T020723Z,25.3,92.2
20260728T020738Z,25.3,92.1
20260728T020753Z,25.3,91.8
20260728T020808Z,25.3,90.0
20260728T020823Z,25.3,89.4
20260728T020838Z,25.3,88.8
20260728T020853Z,25.2,88.1
20260728T020908Z,25.2,87.2
20260728T020923Z,25.1,86.2
20260728T020938Z,25.1,85.9
20260728T020953Z,25.0,85.0
20260728T021008Z,24.9,84.4
20260728T021023Z,24.9,83.7
20260728T021038Z,24.8,83.2
20260728T021053Z,24.7,84.4
20260728T021108Z,24.6,85.8
20260728T021123Z,24.6,87.1
20260728T021138Z,24.6,87.9
20260728T021153Z,24.6,88.3
20260728T021208Z,24.6,88.4
20260728T021223Z,24.7,88.8
20260728T021238Z,24.7,89.0
20260728T021253Z,24.7,89.2
20260728T021308Z,24.8,89.4
20260728T021324Z,24.8,89.7
20260728T021338Z,24.8,90.0
20260728T021353Z,24.8,90.1
20260728T021408Z,24.9,90.2
20260728T021423Z,24.9,90.5
20260728T021438Z,25.0,90.7
20260728T021453Z,25.0,90.9
20260728T021508Z,25.0,91.0
20260728T021523Z,25.1,91.2
20260728T021538Z,25.1,91.3
20260728T021553Z,25.1,91.3
20260728T021608Z,25.2,91.4
20260728T021623Z,25.2,91.7
20260728T021638Z,25.2,91.7
20260728T021653Z,25.2,92.0
20260728T021708Z,25.3,91.9
20260728T021723Z,25.3,92.0
20260728T021738Z,25.3,92.2
20260728T021753Z,25.4,92.2
20260728T021808Z,25.4,92.3
20260728T021823Z,25.4,92.4
20260728T021838Z,25.4,92.4
20260728T021854Z,25.5,92.4
20260728T021908Z,25.5,92.4
20260728T021924Z,25.5,92.7
20260728T021938Z,25.5,92.5
20260728T021953Z,25.6,92.6
20260728T022008Z,25.6,92.6
20260728T022023Z,25.6,92.7
20260728T022038Z,25.7,92.7
20260728T022053Z,25.7,92.8
20260728T022108Z,25.7,92.8
20260728T022123Z,25.7,92.9
20260728T022138Z,25.8,92.9
20260728T022153Z,25.8,93.0
20260728T022208Z,25.8,92.9
20260728T022223Z,25.8,92.9
20260728T022238Z,25.8,93.0
20260728T022253Z,25.9,92.9
20260728T022308Z,25.9,93.0
20260728T022323Z,25.9,93.0
20260728T022338Z,25.9,93.0
20260728T022353Z,26.0,93.0
20260728T022408Z,26.0,93.0
20260728T022423Z,26.0,93.0
20260728T022439Z,26.0,93.0
20260728T022454Z,26.0,93.0
20260728T022509Z,26.0,93.1
20260728T022523Z,26.1,93.0
20260728T022539Z,26.1,93.0
20260728T022553Z,26.1,93.0
20260728T022609Z,26.1,93.0
20260728T022623Z,26.2,93.0
20260728T022639Z,26.2,93.0
20260728T022653Z,26.2,92.9
20260728T022709Z,26.2,93.0
20260728T022723Z,26.2,93.0
20260728T022739Z,26.2,93.0
20260728T022753Z,26.2,93.0
20260728T022809Z,26.3,93.0
20260728T022823Z,26.3,93.0
20260728T022839Z,26.3,93.0
20260728T022853Z,26.3,93.0
20260728T022909Z,26.3,92.9
20260728T022923Z,26.3,92.9
20260728T022939Z,26.4,92.9
20260728T022954Z,26.4,92.9
20260728T023008Z,26.4,92.9
20260728T023024Z,26.4,92.9
20260728T023038Z,26.4,92.8
20260728T023054Z,26.4,92.8
20260728T023108Z,26.4,92.8
20260728T023124Z,26.4,92.7
20260728T023138Z,26.5,92.6
20260728T023154Z,26.4,90.6
20260728T023208Z,26.4,90.2
20260728T023224Z,26.3,89.5
20260728T023238Z,26.3,88.6
20260728T023254Z,26.2,88.3
20260728T023308Z,26.1,87.6
20260728T023324Z,26.0,86.7
20260728T023338Z,25.9,86.3
20260728T023354Z,25.8,85.8
20260728T023408Z,25.7,85.2
20260728T023424Z,25.6,85.2
20260728T023438Z,25.5,84.1
20260728T023454Z,25.4,84.2
20260728T023509Z,25.3,83.5
20260728T023523Z,25.2,83.2
20260728T023540Z,25.1,82.6
20260728T023554Z,25.0,81.7
20260728T023609Z,24.9,81.0
20260728T023623Z,24.8,80.7
20260728T023639Z,24.7,80.0
20260728T023653Z,24.6,79.3
20260728T023709Z,24.6,81.6
20260728T023723Z,24.5,83.4
20260728T023737Z,24.5,84.4
20260728T023753Z,24.5,85.4
20260728T023809Z,24.5,85.4
20260728T023823Z,24.6,85.7
20260728T023839Z,24.6,86.4
20260728T023853Z,24.6,86.8
20260728T023909Z,24.7,86.9
20260728T023923Z,24.7,87.3
20260728T023939Z,24.8,87.7
20260728T023953Z,24.8,87.9
20260728T024008Z,24.8,87.9
20260728T024024Z,24.9,88.4
20260728T024038Z,24.9,88.8
20260728T024054Z,25.0,89.0
20260728T024108Z,25.0,89.0
20260728T024124Z,25.1,89.2
20260728T024138Z,25.1,89.5
20260728T024153Z,25.1,89.7
20260728T024209Z,25.2,89.7
20260728T024223Z,25.2,90.2
20260728T024238Z,25.2,90.3
20260728T024254Z,25.3,90.6
20260728T024308Z,25.3,90.6
20260728T024324Z,25.4,90.7
20260728T024338Z,25.4,90.9
20260728T024353Z,25.4,91.1
20260728T024409Z,25.5,91.2
20260728T024423Z,25.5,91.3
20260728T024439Z,25.5,91.3
20260728T024453Z,25.6,91.5
20260728T024509Z,25.6,91.6
20260728T024523Z,25.6,91.7
20260728T024539Z,25.7,91.8
20260728T024553Z,25.7,91.9
20260728T024609Z,25.7,92.1
20260728T024623Z,25.7,92.0
20260728T024639Z,25.8,92.2
20260728T024653Z,25.8,92.2
20260728T024709Z,25.8,92.3
20260728T024723Z,25.8,92.3
20260728T024739Z,25.9,92.4
20260728T024754Z,25.9,92.4
20260728T024809Z,25.9,92.5
20260728T024823Z,26.0,92.4
20260728T024839Z,26.0,92.5
20260728T024853Z,26.0,92.5
20260728T024909Z,26.1,92.5
20260728T024923Z,26.1,92.6
20260728T024939Z,26.1,92.5
20260728T024954Z,26.1,92.5
20260728T025009Z,26.2,92.4
20260728T025023Z,26.2,92.5
20260728T025039Z,26.2,92.4
20260728T025053Z,26.2,92.3
20260728T025109Z,26.3,92.4
20260728T025123Z,26.3,92.4
20260728T025139Z,26.3,92.4
20260728T025153Z,26.3,92.4
20260728T025209Z,26.4,92.4
20260728T025223Z,26.4,92.4
20260728T025239Z,26.4,92.4
20260728T025253Z,26.4,92.4
20260728T025309Z,26.4,92.4
20260728T025323Z,26.4,92.3
20260728T025339Z,26.5,92.3
20260728T025353Z,26.5,91.5
20260728T025408Z,26.5,91.8
20260728T025424Z,26.5,89.7
20260728T025438Z,26.4,89.3
20260728T025454Z,26.3,88.9
20260728T025508Z,26.3,88.2
20260728T025524Z,26.2,87.2
20260728T025539Z,26.1,86.3
20260728T025553Z,26.0,85.7
20260728T025609Z,25.9,85.4
20260728T025623Z,25.8,84.9
20260728T025639Z,25.7,83.8
20260728T025653Z,25.6,83.2
20260728T025709Z,25.4,82.8
20260728T025723Z,25.3,82.6
20260728T025739Z,25.2,82.6
20260728T025753Z,25.1,82.1
20260728T025809Z,25.0,80.6
20260728T025823Z,24.9,80.3
20260728T025839Z,24.8,81.0
20260728T025853Z,24.8,82.9
20260728T025909Z,24.7,83.9
20260728T025923Z,24.7,85.4
20260728T025939Z,24.8,86.3
20260728T025953Z,24.8,86.8
20260728T030009Z,24.8,87.3
20260728T030023Z,24.9,87.3
20260728T030039Z,24.9,87.9
20260728T030054Z,25.0,88.1
20260728T030108Z,25.0,88.4
20260728T030124Z,25.0,88.9
20260728T030138Z,25.1,89.0
20260728T030154Z,25.1,89.2
20260728T030208Z,25.2,89.4
20260728T030224Z,25.2,89.5
20260728T030239Z,25.3,89.8
20260728T030254Z,25.3,89.9
20260728T030308Z,25.4,90.2
20260728T030324Z,25.4,90.5
20260728T030338Z,25.4,90.5
20260728T030353Z,25.5,90.6
20260728T030409Z,25.5,90.8
20260728T030423Z,25.5,90.9
20260728T030439Z,25.5,91.1
20260728T030453Z,25.6,91.3
20260728T030509Z,25.6,91.4
20260728T030524Z,25.6,91.4
20260728T030538Z,25.6,91.6
20260728T030554Z,25.7,91.7
20260728T030608Z,25.7,91.9
20260728T030623Z,25.7,91.9
20260728T030638Z,25.8,92.1
20260728T030653Z,25.8,92.2
20260728T030709Z,25.8,92.3
20260728T030723Z,25.8,92.3
20260728T030739Z,25.9,92.4
20260728T030753Z,25.9,92.5
20260728T030809Z,25.9,92.5
20260728T030823Z,25.9,92.6
20260728T030839Z,26.0,92.6
20260728T030853Z,26.0,92.6
20260728T030909Z,26.0,92.8
20260728T030923Z,26.0,92.8
20260728T030939Z,26.1,92.7
20260728T030953Z,26.1,92.7
20260728T031009Z,26.1,92.8
20260728T031023Z,26.1,92.8
20260728T031039Z,26.1,92.8
20260728T031053Z,26.2,92.8
20260728T031109Z,26.2,92.8
20260728T031123Z,26.2,92.8
20260728T031139Z,26.2,92.8
20260728T031153Z,26.3,92.8
20260728T031209Z,26.3,92.8
20260728T031223Z,26.3,92.8
20260728T031239Z,26.3,92.8
20260728T031253Z,26.4,92.8
20260728T031308Z,26.4,92.7
20260728T031323Z,26.4,92.8
20260728T031339Z,26.4,92.6
20260728T031353Z,26.4,92.5
20260728T031409Z,26.4,92.6
20260728T031423Z,26.5,92.6
20260728T031439Z,26.5,92.6
20260728T031453Z,26.5,92.5
20260728T031509Z,26.5,92.5
20260728T031523Z,26.5,92.5
20260728T031539Z,26.5,92.5
20260728T031554Z,26.6,92.4
20260728T031609Z,26.6,92.5
20260728T031623Z,26.6,92.4
20260728T031639Z,26.6,92.4
20260728T031654Z,26.7,92.4
20260728T031708Z,26.7,92.3
20260728T031724Z,26.7,92.3
20260728T031738Z,26.7,92.3
20260728T031754Z,26.7,92.3
20260728T031808Z,26.7,92.3
20260728T031824Z,26.7,92.3
20260728T031838Z,26.7,92.2
20260728T031854Z,26.8,92.2
20260728T031909Z,26.8,92.2
20260728T031923Z,26.8,92.1
20260728T031938Z,26.8,92.2
20260728T031953Z,26.8,92.1
20260728T032009Z,26.8,92.1
20260728T032023Z,26.9,92.0
20260728T032039Z,26.9,92.1
20260728T032053Z,26.9,92.0
20260728T032109Z,26.9,92.0
20260728T032123Z,26.9,91.9
20260728T032139Z,26.9,91.9
20260728T032154Z,26.9,91.9
20260728T032209Z,26.9,91.9
20260728T032224Z,26.9,91.9
20260728T032239Z,27.0,91.8
20260728T032254Z,27.0,91.8
20260728T032309Z,27.0,91.8
20260728T032323Z,27.0,91.8
20260728T032339Z,27.0,91.7
20260728T032354Z,27.0,91.7
20260728T032408Z,27.0,91.7
20260728T032424Z,27.0,91.7
20260728T032439Z,27.0,91.7
20260728T032454Z,27.1,91.7
20260728T032509Z,27.1,91.7
20260728T032524Z,27.1,91.6
20260728T032539Z,27.1,91.6
20260728T032554Z,27.1,91.6
20260728T032609Z,27.1,91.6
20260728T032624Z,27.1,91.5
20260728T032639Z,27.1,91.5
20260728T032654Z,27.1,91.5
20260728T032709Z,27.1,91.5
20260728T032724Z,27.2,91.5
20260728T032739Z,27.2,91.5
20260728T032754Z,27.2,91.4
20260728T032809Z,27.2,91.4
20260728T032824Z,27.2,91.4
20260728T032839Z,27.2,91.4
20260728T032854Z,27.2,91.3
20260728T032909Z,27.2,91.3
20260728T032924Z,27.2,91.3
20260728T032939Z,27.2,91.4
20260728T032954Z,27.2,91.4
20260728T033009Z,27.2,91.4
20260728T033024Z,27.2,91.4
20260728T033039Z,27.2,91.4
20260728T033055Z,27.2,91.4
20260728T033109Z,27.2,91.4
20260728T033124Z,27.2,91.4
20260728T033139Z,27.2,91.4
20260728T033154Z,27.2,91.4
20260728T033209Z,27.2,91.4
20260728T033224Z,27.2,91.4
20260728T033239Z,27.2,91.4
20260728T033254Z,27.2,91.4
20260728T033309Z,27.2,91.4
20260728T033324Z,27.2,91.4
20260728T033339Z,27.2,91.5
20260728T033354Z,27.2,91.5
20260728T033409Z,27.2,91.4
20260728T033424Z,27.2,91.4
20260728T033439Z,27.2,91.4
20260728T033454Z,27.2,91.5
20260728T033509Z,27.2,91.4
20260728T033524Z,27.2,91.4
20260728T033539Z,27.2,91.5
20260728T033554Z,27.2,91.4
20260728T033609Z,27.2,91.4
20260728T033624Z,27.2,91.4
20260728T033639Z,27.3,91.4
20260728T033654Z,27.3,91.4
20260728T033709Z,27.3,91.4
20260728T033724Z,27.3,91.4
20260728T033739Z,27.3,91.4
20260728T033754Z,27.3,91.4
20260728T033809Z,27.3,91.4
20260728T033824Z,27.3,91.4
20260728T033839Z,27.3,91.4
20260728T033854Z,27.3,91.4
20260728T033909Z,27.3,91.4
20260728T033924Z,27.3,91.4
20260728T033939Z,27.3,91.3
20260728T033954Z,27.3,91.3
20260728T034009Z,27.3,91.4
20260728T034024Z,27.3,91.3
20260728T034039Z,27.3,91.4
20260728T034054Z,27.3,91.4
20260728T034109Z,27.3,91.4
20260728T034124Z,27.3,91.3
20260728T034139Z,27.3,91.3
20260728T034154Z,27.3,91.3
20260728T034209Z,27.3,91.3
20260728T034224Z,27.3,91.3
20260728T034239Z,27.3,91.2
20260728T034254Z,27.3,91.3
20260728T034309Z,27.3,91.3
20260728T034324Z,27.3,91.3
20260728T034339Z,27.3,91.3
20260728T034354Z,27.3,91.3
20260728T034409Z,27.3,91.3
20260728T034424Z,27.3,91.3
20260728T034439Z,27.3,91.3
20260728T034454Z,27.3,91.3
20260728T034509Z,27.3,91.3
20260728T034524Z,27.4,91.3
20260728T034539Z,27.4,91.3
20260728T034554Z,27.4,91.2
20260728T034609Z,27.4,91.3
20260728T034624Z,27.4,91.2
20260728T034639Z,27.4,91.2
20260728T034654Z,27.4,91.2
20260728T034709Z,27.4,91.2
20260728T034724Z,27.4,91.2
20260728T034739Z,27.4,91.2
20260728T034754Z,27.4,91.2
20260728T034809Z,27.4,91.2
20260728T034824Z,27.4,91.2
20260728T034839Z,27.4,91.2
20260728T034854Z,27.4,91.1
20260728T034909Z,27.4,91.2
20260728T034924Z,27.4,91.2
20260728T034939Z,27.4,91.3
20260728T034954Z,27.4,91.3
20260728T035009Z,27.4,91.3
20260728T035024Z,27.4,91.3
20260728T035039Z,27.4,91.3
20260728T035054Z,27.4,91.3
20260728T035109Z,27.5,91.3
20260728T035124Z,27.4,91.3
20260728T035139Z,27.5,91.2
20260728T035154Z,27.5,91.2
20260728T035209Z,27.5,91.2
20260728T035224Z,27.5,91.2
20260728T035239Z,27.5,91.2
20260728T035254Z,27.5,91.2
20260728T035309Z,27.5,90.6
20260728T035324Z,27.5,91.0
20260728T035339Z,27.4,89.5
20260728T035354Z,27.4,89.1
20260728T035409Z,27.3,88.0
20260728T035424Z,27.2,87.9
20260728T035439Z,27.2,87.0
20260728T035454Z,27.0,86.3
20260728T035509Z,26.9,85.7
20260728T035524Z,26.8,85.2
20260728T035539Z,26.7,84.3
20260728T035554Z,26.5,84.4
20260728T035609Z,26.4,83.8
20260728T035624Z,26.3,84.1
20260728T035639Z,26.2,83.4
20260728T035654Z,26.1,82.8
20260728T035709Z,26.0,83.0
20260728T035724Z,25.9,82.3
20260728T035739Z,25.8,81.4
20260728T035754Z,25.8,81.8
20260728T035809Z,25.7,81.1
20260728T035824Z,25.6,80.2
20260728T035839Z,25.5,79.8
20260728T035854Z,25.4,79.8
20260728T035909Z,25.4,79.1
20260728T035924Z,25.3,78.7
20260728T035939Z,25.2,79.1
20260728T035954Z,25.2,77.9
20260728T040009Z,25.1,77.3
20260728T040024Z,25.1,76.6
20260728T040039Z,25.0,75.9
20260728T040054Z,25.0,76.4
20260728T040109Z,25.0,77.8
20260728T040124Z,25.0,79.8
20260728T040139Z,24.9,81.0
20260728T040155Z,25.0,81.8
20260728T040209Z,25.0,82.0
20260728T040224Z,25.0,82.4
20260728T040239Z,25.0,83.0
20260728T040254Z,25.0,83.5
20260728T040309Z,25.0,83.8
20260728T040324Z,25.1,84.1
20260728T040339Z,25.1,84.5
20260728T040354Z,25.2,84.9
20260728T040409Z,25.2,85.2
20260728T040424Z,25.2,85.7
20260728T040439Z,25.3,86.0
20260728T040454Z,25.3,86.2
20260728T040509Z,25.3,86.6
20260728T040524Z,25.4,87.0
20260728T040539Z,25.4,87.3
20260728T040554Z,25.4,87.3
20260728T040609Z,25.5,87.5
20260728T040624Z,25.5,88.0
20260728T040639Z,25.6,88.2
20260728T040654Z,25.6,88.5
20260728T040709Z,25.6,88.6
20260728T040724Z,25.7,88.8
20260728T040739Z,25.7,89.1
20260728T040754Z,25.7,89.3
20260728T040809Z,25.8,89.4
20260728T040824Z,25.8,89.6
20260728T040839Z,25.8,89.8
20260728T040854Z,25.8,90.1
20260728T040909Z,25.9,90.2
20260728T040924Z,25.9,90.3
20260728T040939Z,25.9,90.4
20260728T040954Z,25.9,90.5
20260728T041009Z,26.0,90.7
20260728T041024Z,26.0,90.8
20260728T041039Z,26.0,91.0
20260728T041054Z,26.0,91.0
20260728T041109Z,26.1,91.2
20260728T041124Z,26.1,91.3
20260728T041139Z,26.1,91.3
20260728T041154Z,26.1,91.5
20260728T041209Z,26.2,91.5
20260728T041224Z,26.2,91.6
20260728T041239Z,26.2,91.7
20260728T041254Z,26.2,91.7
20260728T041309Z,26.3,91.7
20260728T041324Z,26.3,91.8
20260728T041339Z,26.3,91.8
20260728T041354Z,26.4,91.8
20260728T041409Z,26.4,91.7
20260728T041424Z,26.4,91.8
20260728T041439Z,26.4,91.9
20260728T041454Z,26.4,91.9
20260728T041509Z,26.5,90.9
20260728T041524Z,26.5,90.6
20260728T041539Z,26.4,88.8
20260728T041554Z,26.4,88.7
20260728T041609Z,26.4,87.4
20260728T041624Z,26.3,87.0
20260728T041639Z,26.2,86.3
20260728T041654Z,26.1,85.6
20260728T041709Z,26.0,84.9
20260728T041724Z,26.0,84.2
20260728T041739Z,25.9,83.9
20260728T041754Z,25.8,82.9
20260728T041809Z,25.7,83.3
20260728T041824Z,25.6,82.3
20260728T041839Z,25.5,81.8
20260728T041854Z,25.4,81.0
20260728T041909Z,25.4,80.4
20260728T041924Z,25.3,79.9
20260728T041939Z,25.2,79.4
20260728T041954Z,25.1,78.8
20260728T042009Z,25.0,78.5
20260728T042024Z,24.9,78.9
20260728T042039Z,24.8,78.1
20260728T042054Z,24.8,77.6
20260728T042109Z,24.7,77.2
20260728T042124Z,24.7,79.3
20260728T042139Z,24.7,80.9
20260728T042154Z,24.7,82.4
20260728T042209Z,24.7,83.1
20260728T042224Z,24.7,83.5
20260728T042239Z,24.8,83.9
20260728T042254Z,24.8,84.2
20260728T042309Z,24.9,84.6
20260728T042324Z,24.9,85.0
20260728T042339Z,25.0,85.4
20260728T042354Z,25.0,85.8
20260728T042409Z,25.1,85.9
20260728T042424Z,25.1,86.3
20260728T042439Z,25.2,86.5
20260728T042454Z,25.2,86.9
20260728T042509Z,25.3,87.1
20260728T042524Z,25.3,87.4
20260728T042539Z,25.3,87.7
20260728T042554Z,25.4,87.8
20260728T042609Z,25.4,88.2
20260728T042624Z,25.5,88.4
20260728T042639Z,25.5,88.4
20260728T042654Z,25.5,88.8
20260728T042709Z,25.6,89.2
20260728T042724Z,25.6,89.2
20260728T042739Z,25.6,89.4
20260728T042754Z,25.7,89.5
20260728T042809Z,25.7,89.9
20260728T042824Z,25.7,89.9
20260728T042839Z,25.8,90.1
20260728T042854Z,25.8,90.2
20260728T042909Z,25.8,90.4
20260728T042924Z,25.9,90.5
20260728T042939Z,25.9,90.6
20260728T042954Z,25.9,90.9
20260728T043009Z,26.0,90.8
20260728T043024Z,26.0,91.0
20260728T043039Z,26.0,91.1
20260728T043054Z,26.0,91.2
20260728T043109Z,26.1,91.3
20260728T043124Z,26.1,91.5
20260728T043139Z,26.1,91.5
20260728T043154Z,26.1,91.6
20260728T043209Z,26.1,91.6
20260728T043224Z,26.2,91.8
20260728T043239Z,26.2,91.8
20260728T043254Z,26.2,91.7
20260728T043309Z,26.3,91.9
20260728T043324Z,26.3,91.9
20260728T043339Z,26.3,92.0
20260728T043354Z,26.3,92.0
20260728T043409Z,26.4,91.9
20260728T043424Z,26.4,92.0
20260728T043439Z,26.4,92.0
20260728T043454Z,26.4,92.0
20260728T043509Z,26.5,92.0
20260728T043524Z,26.5,90.8
20260728T043539Z,26.5,90.7
20260728T043554Z,26.5,89.0
20260728T043609Z,26.4,88.8
20260728T043624Z,26.4,87.8
20260728T043639Z,26.3,87.2
20260728T043654Z,26.2,85.9
20260728T043709Z,26.2,85.6
20260728T043724Z,26.1,85.0
20260728T043739Z,26.0,84.1
20260728T043754Z,25.9,83.4
20260728T043809Z,25.8,83.2
20260728T043824Z,25.7,82.6
20260728T043839Z,25.6,82.3
20260728T043854Z,25.5,81.7
20260728T043909Z,25.4,81.2
20260728T043924Z,25.4,80.3
20260728T043939Z,25.3,79.9
20260728T043954Z,25.2,80.2
20260728T044009Z,25.1,79.3
20260728T044024Z,25.1,78.7
20260728T044039Z,25.0,78.1
20260728T044054Z,24.9,77.1
20260728T044109Z,24.8,77.0
20260728T044124Z,24.8,76.6
20260728T044139Z,24.8,77.5
20260728T044154Z,24.7,79.3
20260728T044209Z,24.7,80.5
20260728T044224Z,24.7,81.7
20260728T044239Z,24.7,82.4
20260728T044254Z,24.8,82.9
20260728T044309Z,24.8,83.1
20260728T044324Z,24.8,83.4
20260728T044339Z,24.8,83.9
20260728T044354Z,24.9,84.4
20260728T044409Z,24.9,84.7
20260728T044424Z,24.9,85.1
20260728T044439Z,25.0,85.5
20260728T044454Z,25.1,85.6
20260728T044509Z,25.1,86.0
20260728T044524Z,25.1,86.2
20260728T044539Z,25.2,86.8
20260728T044554Z,25.2,87.0
20260728T044609Z,25.3,87.1
20260728T044624Z,25.3,87.5
20260728T044639Z,25.3,87.8
20260728T044654Z,25.3,87.9
20260728T044709Z,25.4,88.2
20260728T044724Z,25.4,88.6
20260728T044739Z,25.5,88.7
20260728T044754Z,25.5,88.8
20260728T044809Z,25.5,88.9
20260728T044824Z,25.6,89.3
20260728T044839Z,25.6,89.5
20260728T044854Z,25.6,89.6
20260728T044909Z,25.7,89.7
20260728T044924Z,25.7,89.9
20260728T044939Z,25.7,89.9
20260728T044954Z,25.8,90.3
20260728T045009Z,25.8,90.4
20260728T045024Z,25.8,90.4
20260728T045039Z,25.8,90.5
20260728T045054Z,25.9,90.7
20260728T045109Z,25.9,90.7
20260728T045124Z,25.9,90.9
20260728T045139Z,26.0,91.0
20260728T045154Z,26.0,91.1
20260728T045209Z,26.0,91.1
20260728T045224Z,26.0,91.3
20260728T045239Z,26.1,91.3
20260728T045254Z,26.1,91.4
20260728T045309Z,26.1,91.4
20260728T045324Z,26.1,91.4
20260728T045339Z,26.2,91.5
20260728T045354Z,26.2,91.5
20260728T045409Z,26.2,91.5
20260728T045424Z,26.2,91.5
20260728T045439Z,26.3,91.6
20260728T045454Z,26.3,91.6
20260728T045509Z,26.3,91.7
20260728T045524Z,26.4,91.7
20260728T045539Z,26.4,91.7
20260728T045554Z,26.4,91.7
20260728T045609Z,26.4,91.6
20260728T045624Z,26.5,91.6
20260728T045639Z,26.5,91.4
20260728T045654Z,26.5,91.2
20260728T045709Z,26.5,89.1
20260728T045724Z,26.4,88.6
20260728T045739Z,26.4,88.1
20260728T045754Z,26.3,86.8
20260728T045809Z,26.3,86.3
20260728T045824Z,26.2,86.4
20260728T045839Z,26.1,85.0
20260728T045854Z,26.0,84.5
20260728T045909Z,25.9,83.7
20260728T045924Z,25.8,82.5
20260728T045939Z,25.7,82.8
20260728T045954Z,25.6,81.8
20260728T050009Z,25.5,81.6
20260728T050024Z,25.4,80.7
20260728T050039Z,25.3,80.1
20260728T050054Z,25.2,80.1
20260728T050109Z,25.0,79.6
20260728T050124Z,25.0,80.4
20260728T050139Z,24.9,79.3
20260728T050154Z,24.8,78.3
20260728T050209Z,24.8,77.9
20260728T050224Z,24.7,77.6
20260728T050239Z,24.7,77.9
20260728T050254Z,24.7,79.8
20260728T050309Z,24.6,82.1
20260728T050324Z,24.7,83.2
20260728T050339Z,24.7,84.0
20260728T050354Z,24.7,84.1
20260728T050409Z,24.8,84.1
20260728T050424Z,24.8,84.6
20260728T050439Z,24.9,85.0
20260728T050454Z,24.9,85.4
20260728T050509Z,24.9,85.9
20260728T050524Z,25.0,86.2
20260728T050539Z,25.0,86.4
20260728T050554Z,25.1,86.7
20260728T050609Z,25.1,87.0
20260728T050624Z,25.2,87.2
20260728T050639Z,25.2,87.3
20260728T050654Z,25.2,87.7
20260728T050709Z,25.3,88.0
20260728T050724Z,25.3,88.1
20260728T050739Z,25.4,88.5
20260728T050754Z,25.4,88.5
20260728T050809Z,25.4,88.9
20260728T050824Z,25.5,89.0
20260728T050839Z,25.5,89.2
20260728T050854Z,25.5,89.5
20260728T050909Z,25.6,89.6
20260728T050924Z,25.6,89.8
20260728T050939Z,25.6,90.0
20260728T050954Z,25.7,90.1
20260728T051009Z,25.7,90.3
20260728T051024Z,25.7,90.4
20260728T051039Z,25.8,90.6
20260728T051054Z,25.8,90.7
20260728T051109Z,25.8,90.9
20260728T051124Z,25.8,90.9
20260728T051139Z,25.9,91.0
20260728T051154Z,25.9,91.3
20260728T051209Z,25.9,91.3
20260728T051224Z,25.9,91.4
20260728T051239Z,26.0,91.4
20260728T051254Z,26.0,91.5
20260728T051309Z,26.0,91.7
20260728T051324Z,26.1,91.7
20260728T051339Z,26.1,91.8
20260728T051354Z,26.1,91.8
20260728T051409Z,26.1,91.8
20260728T051424Z,26.2,91.9
20260728T051439Z,26.2,91.9
20260728T051454Z,26.2,91.9
20260728T051509Z,26.3,92.1
20260728T051524Z,26.3,92.0
20260728T051539Z,26.3,92.0
20260728T051554Z,26.3,91.9
20260728T051609Z,26.4,92.0
20260728T051624Z,26.4,92.0
20260728T051639Z,26.4,92.0
20260728T051654Z,26.4,92.0
20260728T051709Z,26.5,92.0
20260728T051724Z,26.5,91.4
20260728T051739Z,26.5,91.3
20260728T051754Z,26.5,89.1
20260728T051809Z,26.4,88.8
20260728T051824Z,26.4,87.6
20260728T051839Z,26.3,87.4
20260728T051854Z,26.2,86.2
20260728T051909Z,26.1,85.8
20260728T051924Z,26.0,85.1
20260728T051939Z,26.0,84.4
20260728T051954Z,25.9,83.8
20260728T052009Z,25.8,83.4
20260728T052024Z,25.7,82.8
20260728T052039Z,25.5,82.2
20260728T052054Z,25.4,81.2
20260728T052109Z,25.3,81.0
20260728T052124Z,25.2,80.9
20260728T052139Z,25.1,80.7
20260728T052154Z,25.1,79.5
20260728T052209Z,25.0,79.5
20260728T052224Z,24.9,78.9
20260728T052239Z,24.8,78.1
20260728T052254Z,24.7,78.2
20260728T052309Z,24.6,77.1
20260728T052324Z,24.6,77.8
20260728T052339Z,24.5,79.7
20260728T052354Z,24.5,81.1
20260728T052409Z,24.5,82.7
20260728T052424Z,24.5,83.0
20260728T052439Z,24.6,83.3
20260728T052454Z,24.6,84.0
20260728T052509Z,24.7,84.5
20260728T052524Z,24.7,84.8
20260728T052539Z,24.8,85.1
20260728T052554Z,24.9,85.4
20260728T052609Z,24.9,85.7
20260728T052624Z,24.9,86.0
20260728T052639Z,25.0,86.3
20260728T052654Z,25.1,86.7
20260728T052709Z,25.1,87.0
20260728T052724Z,25.2,87.2
20260728T052739Z,25.2,87.5
20260728T052754Z,25.2,87.5
20260728T052809Z,25.3,87.9
20260728T052824Z,25.3,88.2
20260728T052839Z,25.4,88.5
20260728T052854Z,25.4,88.5
20260728T052909Z,25.5,88.9
20260728T052924Z,25.5,89.1
20260728T052939Z,25.5,89.1
20260728T052954Z,25.6,89.3
20260728T053009Z,25.6,89.4
20260728T053024Z,25.6,89.6
20260728T053039Z,25.7,89.8
20260728T053054Z,25.7,90.0
20260728T053109Z,25.7,90.2
20260728T053124Z,25.8,90.3
20260728T053139Z,25.8,90.6
20260728T053154Z,25.8,90.5
20260728T053209Z,25.9,90.8
20260728T053224Z,25.9,90.8
20260728T053239Z,25.9,91.0
20260728T053254Z,25.9,91.1
20260728T053309Z,26.0,91.2
20260728T053324Z,26.0,91.3
20260728T053339Z,26.0,91.3
20260728T053354Z,26.0,91.3
20260728T053409Z,26.1,91.5
20260728T053424Z,26.1,91.6
20260728T053439Z,26.1,91.6
20260728T053454Z,26.2,91.6
20260728T053509Z,26.2,91.6
20260728T053524Z,26.2,91.7
20260728T053539Z,26.3,91.7
20260728T053554Z,26.3,91.7
20260728T053609Z,26.3,91.8
20260728T053624Z,26.3,91.8
20260728T053639Z,26.4,91.7
20260728T053654Z,26.4,91.8
20260728T053709Z,26.4,91.8
20260728T053724Z,26.4,91.8
20260728T053739Z,26.5,91.7
20260728T053754Z,26.5,91.5
20260728T053809Z,26.5,89.4
20260728T053824Z,26.4,88.5
20260728T053839Z,26.4,87.6
20260728T053854Z,26.3,87.3
20260728T053909Z,26.2,86.2
20260728T053924Z,26.2,85.7
20260728T053939Z,26.1,84.6
20260728T053954Z,25.9,84.4
20260728T054009Z,25.9,83.8
20260728T054024Z,25.7,83.6
20260728T054039Z,25.6,83.0
20260728T054054Z,25.6,81.8
20260728T054109Z,25.5,81.6
20260728T054124Z,25.4,81.0
20260728T054139Z,25.3,80.7
20260728T054154Z,25.2,80.4
20260728T054209Z,25.1,79.7
20260728T054224Z,25.0,79.5
20260728T054239Z,24.9,78.3
20260728T054254Z,24.8,77.7
20260728T054309Z,24.7,77.4
20260728T054324Z,24.6,77.6
20260728T054339Z,24.6,76.6
20260728T054354Z,24.5,78.7
20260728T054409Z,24.5,80.5
20260728T054424Z,24.5,81.8
20260728T054439Z,24.5,82.6
20260728T054454Z,24.5,83.4
20260728T054509Z,24.6,83.7
20260728T054524Z,24.6,84.0
20260728T054539Z,24.7,84.1
20260728T054554Z,24.7,84.7
20260728T054609Z,24.8,84.8
20260728T054624Z,24.8,85.3
20260728T054639Z,24.9,85.7
20260728T054654Z,24.9,85.7
20260728T054709Z,25.0,86.2
20260728T054724Z,25.0,86.6
20260728T054739Z,25.1,86.7
20260728T054754Z,25.2,87.0
20260728T054809Z,25.2,87.3
20260728T054824Z,25.2,87.6
20260728T054839Z,25.3,87.8
20260728T054854Z,25.3,87.7
20260728T054909Z,25.4,88.2
20260728T054924Z,25.4,88.6
20260728T054939Z,25.5,88.7
20260728T054954Z,25.5,88.7
20260728T055009Z,25.5,89.0
20260728T055024Z,25.6,89.2
20260728T055039Z,25.6,89.4
20260728T055054Z,25.6,89.4
20260728T055109Z,25.7,89.7
20260728T055124Z,25.7,89.7
20260728T055139Z,25.7,90.0
20260728T055154Z,25.8,90.2
20260728T055209Z,25.8,90.4
20260728T055224Z,25.8,90.4
20260728T055239Z,25.8,90.6
20260728T055254Z,25.8,90.7
20260728T055309Z,25.9,90.8
20260728T055324Z,25.9,91.2
20260728T055339Z,25.9,91.1
20260728T055354Z,26.0,91.3
20260728T055409Z,26.0,91.3
20260728T055424Z,26.0,91.4
20260728T055439Z,26.0,91.4
20260728T055454Z,26.1,91.5
20260728T055509Z,26.1,91.6
20260728T055524Z,26.1,91.5
20260728T055539Z,26.2,91.8
20260728T055554Z,26.2,91.7
20260728T055609Z,26.2,91.7
20260728T055624Z,26.3,91.8
20260728T055639Z,26.3,91.8
20260728T055654Z,26.3,91.8
20260728T055709Z,26.3,91.8
20260728T055724Z,26.4,91.7
20260728T055739Z,26.4,91.8
20260728T055754Z,26.4,91.8
20260728T055809Z,26.4,91.3
20260728T055824Z,26.4,89.4
20260728T055839Z,26.4,88.8
20260728T055854Z,26.4,87.9
20260728T055909Z,26.3,87.2
20260728T055924Z,26.2,86.5
20260728T055939Z,26.1,85.6
20260728T055954Z,26.1,85.0
20260728T060009Z,26.0,84.5
20260728T060024Z,25.9,83.5
20260728T060039Z,25.8,83.6
20260728T060054Z,25.7,82.7
20260728T060109Z,25.6,82.6
20260728T060124Z,25.5,82.1
20260728T060139Z,25.4,81.7
20260728T060154Z,25.3,80.7
20260728T060209Z,25.2,80.4
20260728T060224Z,25.1,79.1
20260728T060239Z,25.0,79.2
20260728T060254Z,24.9,77.9
20260728T060309Z,24.9,77.8
20260728T060324Z,24.8,77.4
20260728T060339Z,24.7,76.8
20260728T060354Z,24.6,77.1
20260728T060409Z,24.6,78.1
20260728T060424Z,24.5,79.8
20260728T060439Z,24.5,81.4
20260728T060454Z,24.5,82.4
20260728T060509Z,24.6,82.9
20260728T060524Z,24.6,83.0
20260728T060539Z,24.6,83.4
20260728T060554Z,24.7,83.9
20260728T060609Z,24.7,84.3
20260728T060624Z,24.8,84.7
20260728T060639Z,24.8,85.0
20260728T060654Z,24.9,85.4
20260728T060709Z,24.9,85.6
20260728T060724Z,25.0,86.1
20260728T060739Z,25.0,86.1
20260728T060754Z,25.1,86.5
20260728T060809Z,25.1,86.6
20260728T060824Z,25.2,87.0
20260728T060839Z,25.2,87.2
20260728T060855Z,25.3,87.7
20260728T060910Z,25.3,87.7
20260728T060924Z,25.3,88.0
20260728T060939Z,25.4,88.3
20260728T060954Z,25.4,88.4
20260728T061009Z,25.5,88.5
20260728T061024Z,25.5,88.8
20260728T061039Z,25.5,89.1
20260728T061054Z,25.6,89.2
20260728T061109Z,25.6,89.4
20260728T061125Z,25.6,89.7
20260728T061139Z,25.7,89.8
20260728T061154Z,25.7,90.0
20260728T061209Z,25.7,90.1
20260728T061224Z,25.8,90.3
20260728T061239Z,25.8,90.4
20260728T061254Z,25.8,90.4
20260728T061309Z,25.8,90.7
20260728T061324Z,25.9,90.8
20260728T061339Z,25.9,90.9
20260728T061354Z,25.9,90.9
20260728T061409Z,25.9,91.1
20260728T061424Z,26.0,91.1
20260728T061439Z,26.0,91.1
20260728T061454Z,26.0,91.2
20260728T061509Z,26.1,91.3
20260728T061524Z,26.1,91.3
20260728T061539Z,26.1,91.4
20260728T061554Z,26.2,91.4
20260728T061609Z,26.2,91.4
20260728T061624Z,26.2,91.5
20260728T061639Z,26.2,91.5
20260728T061654Z,26.3,91.6
20260728T061709Z,26.3,91.5
20260728T061725Z,26.3,91.6
20260728T061739Z,26.3,91.6
20260728T061755Z,26.4,91.5
20260728T061809Z,26.4,91.6
20260728T061824Z,26.4,91.6
20260728T061839Z,26.4,91.5
20260728T061854Z,26.5,91.6
20260728T061909Z,26.5,91.1
20260728T061924Z,26.5,90.7
20260728T061939Z,26.5,88.8
20260728T061954Z,26.4,88.3
20260728T062009Z,26.4,87.6
20260728T062024Z,26.3,87.0
20260728T062039Z,26.2,85.6
20260728T062055Z,26.1,85.5
20260728T062109Z,26.0,84.6
20260728T062125Z,25.9,83.8
20260728T062139Z,25.8,83.6
20260728T062155Z,25.7,82.9
20260728T062209Z,25.6,82.5
20260728T062225Z,25.6,82.1
20260728T062239Z,25.5,81.6
20260728T062255Z,25.4,80.9
20260728T062309Z,25.3,80.7
20260728T062324Z,25.3,80.0
20260728T062340Z,25.2,79.6
20260728T062354Z,25.1,78.8
20260728T062410Z,25.1,77.7
20260728T062424Z,25.0,78.1
20260728T062440Z,24.9,77.4
20260728T062454Z,24.8,76.6
20260728T062510Z,24.7,76.7
20260728T062524Z,24.7,78.3
20260728T062540Z,24.6,79.7
20260728T062555Z,24.6,81.2
20260728T062609Z,24.6,82.8
20260728T062625Z,24.6,82.9
20260728T062639Z,24.6,83.1
20260728T062655Z,24.7,83.5
20260728T062709Z,24.7,84.2
20260728T062724Z,24.8,84.2
20260728T062739Z,24.8,84.9
20260728T062754Z,24.9,84.8
20260728T062809Z,24.9,85.4
20260728T062825Z,24.9,85.7
20260728T062839Z,25.0,86.0
20260728T062855Z,25.0,86.4
20260728T062909Z,25.1,86.6
20260728T062925Z,25.1,86.6
20260728T062940Z,25.2,87.1
20260728T062954Z,25.2,87.5
20260728T063010Z,25.3,87.9
20260728T063024Z,25.3,87.9
20260728T063040Z,25.3,88.5
20260728T063054Z,25.4,88.7
20260728T063110Z,25.4,88.8
20260728T063124Z,25.5,89.0
20260728T063140Z,25.5,88.9
20260728T063154Z,25.6,89.4
20260728T063210Z,25.6,89.3
20260728T063224Z,25.6,89.8
20260728T063240Z,25.7,89.7
20260728T063254Z,25.7,89.9
20260728T063310Z,25.7,90.1
20260728T063324Z,25.7,90.2
20260728T063340Z,25.8,90.3
20260728T063355Z,25.8,90.4
20260728T063410Z,25.8,90.6
20260728T063425Z,25.9,90.6
20260728T063439Z,25.9,90.9
20260728T063455Z,25.9,91.0
20260728T063509Z,25.9,91.0
20260728T063525Z,25.9,91.1
20260728T063539Z,26.0,91.2
20260728T063554Z,26.0,91.3
20260728T063610Z,26.0,91.4
20260728T063624Z,26.0,91.5
20260728T063640Z,26.1,91.6
20260728T063655Z,26.1,91.6
20260728T063709Z,26.1,91.6
20260728T063725Z,26.1,91.7
20260728T063739Z,26.2,91.6
20260728T063755Z,26.2,91.7
20260728T063809Z,26.2,91.7
20260728T063825Z,26.2,91.7
20260728T063839Z,26.2,91.8
20260728T063855Z,26.3,91.8
20260728T063909Z,26.3,91.8
20260728T063925Z,26.3,91.8
20260728T063939Z,26.3,91.8
20260728T063954Z,26.4,91.8
20260728T064010Z,26.4,91.7
20260728T064024Z,26.4,91.7
20260728T064040Z,26.4,91.7
20260728T064054Z,26.4,91.7
20260728T064110Z,26.4,90.8
20260728T064124Z,26.5,90.5
20260728T064140Z,26.4,88.8
20260728T064154Z,26.4,88.9
20260728T064210Z,26.3,87.8
20260728T064224Z,26.3,87.0
20260728T064240Z,26.2,86.2
20260728T064254Z,26.1,85.8
20260728T064310Z,26.0,85.1
20260728T064324Z,25.9,84.0
20260728T064340Z,25.8,83.9
20260728T064354Z,25.7,83.3
20260728T064409Z,25.6,82.7
20260728T064425Z,25.4,81.9
20260728T064439Z,25.3,81.4
20260728T064454Z,25.2,81.2
20260728T064510Z,25.1,80.7
20260728T064524Z,25.0,80.3
20260728T064540Z,25.0,80.6
20260728T064554Z,24.9,79.8
20260728T064610Z,24.9,78.9
20260728T064624Z,24.8,79.3
20260728T064640Z,24.8,79.6
20260728T064654Z,24.8,80.5
20260728T064710Z,24.8,81.5
20260728T064724Z,24.8,83.4
20260728T064740Z,24.8,84.0
20260728T064754Z,24.8,84.1
20260728T064810Z,24.9,84.4
20260728T064824Z,24.9,84.7
20260728T064839Z,24.9,84.9
20260728T064855Z,25.0,85.0
20260728T064909Z,25.0,85.1
20260728T064925Z,25.1,85.7
20260728T064939Z,25.1,86.1
20260728T064955Z,25.2,86.3
20260728T065009Z,25.2,86.9
20260728T065025Z,25.2,86.9
20260728T065040Z,25.3,87.4
20260728T065054Z,25.3,87.5
20260728T065110Z,25.3,88.0
20260728T065124Z,25.4,88.0
20260728T065140Z,25.4,88.3
20260728T065154Z,25.5,88.6
20260728T065210Z,25.5,88.8
20260728T065224Z,25.5,89.1
20260728T065239Z,25.5,89.2
20260728T065255Z,25.6,89.4
20260728T065310Z,25.6,89.7
20260728T065324Z,25.6,89.9
20260728T065339Z,25.7,89.8
20260728T065355Z,25.7,90.2
20260728T065409Z,25.7,90.3
20260728T065425Z,25.8,90.4
20260728T065440Z,25.8,90.5
20260728T065454Z,25.8,90.6
20260728T065510Z,25.8,90.7
20260728T065524Z,25.9,90.9
20260728T065540Z,25.9,91.0
20260728T065555Z,25.9,91.1
20260728T065609Z,26.0,91.2
20260728T065625Z,26.0,91.2
20260728T065639Z,26.0,91.4
20260728T065654Z,26.0,91.4
20260728T065710Z,26.1,91.5
20260728T065724Z,26.1,91.6
20260728T065740Z,26.1,91.5
20260728T065755Z,26.2,91.6
20260728T065809Z,26.2,91.6
20260728T065825Z,26.2,91.6
20260728T065839Z,26.2,91.6
20260728T065854Z,26.3,91.6
20260728T065909Z,26.3,91.7
20260728T065925Z,26.3,91.7
20260728T065939Z,26.3,91.7
20260728T065954Z,26.4,91.7
20260728T070010Z,26.4,91.7
20260728T070024Z,26.4,91.7
20260728T070040Z,26.4,91.0
20260728T070055Z,26.4,90.0
20260728T070109Z,26.4,88.9
20260728T070125Z,26.4,88.3
20260728T070139Z,26.3,87.9
20260728T070155Z,26.3,87.0
20260728T070209Z,26.2,86.6
20260728T070225Z,26.1,84.8
20260728T070239Z,26.1,85.0
20260728T070255Z,26.0,84.0
20260728T070310Z,25.9,82.8
20260728T070324Z,25.7,82.5
20260728T070340Z,25.6,82.2
20260728T070355Z,25.5,81.7
20260728T070409Z,25.4,81.8
20260728T070425Z,25.3,81.0
20260728T070439Z,25.2,79.8
20260728T070455Z,25.1,80.0
20260728T070509Z,25.1,78.8
20260728T070525Z,25.0,78.4
20260728T070540Z,24.9,77.8
20260728T070555Z,24.9,80.0
20260728T070610Z,24.8,81.9
20260728T070625Z,24.8,83.0
20260728T070639Z,24.8,84.0
20260728T070655Z,24.9,84.7
20260728T070710Z,24.9,84.8
20260728T070724Z,24.9,85.3
20260728T070740Z,24.9,85.2
20260728T070756Z,25.0,85.9
20260728T070810Z,25.0,85.7
20260728T070825Z,25.1,86.1
20260728T070839Z,25.1,86.6
20260728T070855Z,25.2,86.9
20260728T070909Z,25.2,87.0
20260728T070924Z,25.2,87.3
20260728T070939Z,25.3,87.6
20260728T070954Z,25.3,87.8
20260728T071010Z,25.3,88.2
20260728T071024Z,25.4,88.4
20260728T071040Z,25.4,88.6
20260728T071055Z,25.5,89.1
20260728T071109Z,25.5,89.2
20260728T071124Z,25.6,89.5
20260728T071140Z,25.6,89.6
20260728T071154Z,25.6,89.8
20260728T071209Z,25.7,90.1
20260728T071224Z,25.7,90.3
20260728T071240Z,25.7,90.3
20260728T071254Z,25.8,90.4
20260728T071310Z,25.8,90.6
20260728T071324Z,25.8,90.7
20260728T071340Z,25.8,90.8
20260728T071354Z,25.8,91.0
20260728T071410Z,25.9,91.1
20260728T071425Z,25.9,91.2
20260728T071440Z,25.9,91.3
20260728T071454Z,25.9,91.4
20260728T071510Z,26.0,91.5
20260728T071524Z,26.0,91.6
20260728T071539Z,26.0,91.6
20260728T071554Z,26.0,91.6
20260728T071610Z,26.1,91.8
20260728T071624Z,26.1,91.8
20260728T071640Z,26.1,91.8
20260728T071654Z,26.1,91.8
20260728T071710Z,26.2,91.9
20260728T071724Z,26.2,91.9
20260728T071740Z,26.2,91.9
20260728T071755Z,26.2,92.0
20260728T071810Z,26.3,92.0
20260728T071825Z,26.3,91.9
20260728T071840Z,26.3,92.0
20260728T071855Z,26.3,91.9
20260728T071910Z,26.4,92.0
20260728T071925Z,26.4,92.0
20260728T071940Z,26.4,91.9
20260728T071955Z,26.4,91.9
20260728T072010Z,26.5,91.1
20260728T072025Z,26.5,90.8
20260728T072040Z,26.5,89.3
20260728T072054Z,26.4,88.8
20260728T072110Z,26.4,88.1
20260728T072125Z,26.3,87.2
20260728T072140Z,26.2,86.6
20260728T072155Z,26.2,85.8
20260728T072210Z,26.1,84.9
20260728T072225Z,26.0,84.2
20260728T072240Z,25.9,83.9
20260728T072255Z,25.8,83.8
20260728T072310Z,25.7,82.8
20260728T072325Z,25.6,82.2
20260728T072340Z,25.5,81.9
20260728T072355Z,25.4,81.6
20260728T072410Z,25.3,80.9
20260728T072425Z,25.3,81.1
20260728T072440Z,25.2,79.8
20260728T072455Z,25.1,78.9
20260728T072510Z,25.1,79.3
20260728T072525Z,25.0,78.4
20260728T072540Z,24.9,77.6
20260728T072555Z,24.9,77.5
20260728T072610Z,24.8,76.4
20260728T072625Z,24.8,76.1
20260728T072640Z,24.7,77.9
20260728T072655Z,24.7,79.7
20260728T072710Z,24.7,81.2
20260728T072725Z,24.7,82.1
20260728T072740Z,24.7,82.6
20260728T072755Z,24.8,82.7
20260728T072810Z,24.8,83.3
20260728T072825Z,24.9,83.3
20260728T072840Z,24.9,83.9
20260728T072855Z,24.9,84.5
20260728T072910Z,25.0,84.6
20260728T072925Z,25.0,84.8
20260728T072940Z,25.1,85.3
20260728T072955Z,25.1,85.7
20260728T073010Z,25.2,85.8
20260728T073025Z,25.2,86.2
20260728T073040Z,25.3,86.3
20260728T073055Z,25.3,86.7
20260728T073110Z,25.3,87.0
20260728T073125Z,25.4,87.2
20260728T073140Z,25.4,87.4
20260728T073155Z,25.5,87.6
20260728T073210Z,25.5,88.0
20260728T073225Z,25.5,88.1
20260728T073240Z,25.6,88.5
20260728T073255Z,25.6,88.4
20260728T073310Z,25.6,88.7
20260728T073325Z,25.7,89.0
20260728T073340Z,25.7,89.1
20260728T073355Z,25.8,89.3
20260728T073410Z,25.8,89.4
20260728T073425Z,25.8,89.6
20260728T073440Z,25.9,89.7
20260728T073455Z,25.9,89.8
20260728T073510Z,25.9,90.1
20260728T073525Z,26.0,90.2
20260728T073540Z,26.0,90.2
20260728T073555Z,26.0,90.4
20260728T073610Z,26.1,90.6
20260728T073625Z,26.1,90.7
20260728T073640Z,26.1,90.7
20260728T073655Z,26.1,90.7
20260728T073710Z,26.1,90.8
20260728T073725Z,26.2,90.9
20260728T073740Z,26.2,90.9
20260728T073755Z,26.3,90.9
20260728T073810Z,26.3,91.0
20260728T073825Z,26.3,91.0
20260728T073840Z,26.3,91.2
20260728T073855Z,26.4,91.1
20260728T073910Z,26.4,91.1
20260728T073925Z,26.4,91.1
20260728T073940Z,26.5,91.0
20260728T073955Z,26.5,90.9
20260728T074010Z,26.5,88.8
20260728T074025Z,26.4,88.0
20260728T074040Z,26.4,87.6
20260728T074055Z,26.4,86.8
20260728T074110Z,26.3,85.6
20260728T074125Z,26.2,85.2
20260728T074140Z,26.1,84.5
20260728T074155Z,26.1,84.1
20260728T074210Z,26.0,83.6
20260728T074225Z,25.9,82.9
20260728T074240Z,25.8,82.4
20260728T074255Z,25.8,81.8
20260728T074310Z,25.7,81.2
20260728T074325Z,25.6,80.6
20260728T074340Z,25.5,80.3
20260728T074355Z,25.4,79.6
20260728T074410Z,25.3,79.6
20260728T074425Z,25.3,78.9
20260728T074440Z,25.2,78.6
20260728T074455Z,25.2,78.1
20260728T074510Z,25.1,77.5
20260728T074525Z,25.1,77.1
20260728T074540Z,25.0,75.9
20260728T074556Z,25.0,75.5
20260728T074610Z,24.9,74.9
20260728T074625Z,24.9,75.2
20260728T074640Z,24.9,76.7
20260728T074655Z,24.8,78.4
20260728T074710Z,24.8,79.6
20260728T074725Z,24.8,80.6
20260728T074740Z,24.8,81.0
20260728T074755Z,24.8,81.6
20260728T074810Z,24.8,81.8
20260728T074825Z,24.9,82.3
20260728T074840Z,24.9,82.7
20260728T074855Z,25.0,83.2
20260728T074910Z,25.0,83.8
20260728T074925Z,25.1,84.0
20260728T074940Z,25.1,84.3
20260728T074955Z,25.1,84.7
20260728T075010Z,25.2,85.1
20260728T075025Z,25.2,85.4
20260728T075040Z,25.3,85.6
20260728T075055Z,25.3,86.0
20260728T075110Z,25.4,86.2
20260728T075125Z,25.4,86.4
20260728T075140Z,25.4,86.7
20260728T075155Z,25.5,86.9
20260728T075210Z,25.5,87.1
20260728T075225Z,25.6,87.4
20260728T075240Z,25.6,87.5
20260728T075255Z,25.6,87.9
20260728T075310Z,25.7,88.1
20260728T075325Z,25.7,88.1
20260728T075340Z,25.7,88.4
20260728T075355Z,25.8,88.6
20260728T075410Z,25.8,88.8
20260728T075425Z,25.8,88.9
20260728T075440Z,25.9,89.0
20260728T075455Z,25.9,89.2
20260728T075510Z,25.9,89.4
20260728T075525Z,26.0,89.4
20260728T075540Z,26.0,89.5
20260728T075555Z,26.0,89.7
20260728T075610Z,26.1,89.8
20260728T075625Z,26.1,89.9
20260728T075640Z,26.1,90.0
20260728T075655Z,26.2,90.0
20260728T075710Z,26.2,90.1
20260728T075725Z,26.2,90.2
20260728T075740Z,26.2,90.2
20260728T075755Z,26.3,90.3
20260728T075810Z,26.3,90.3
20260728T075825Z,26.3,90.4
20260728T075840Z,26.4,90.4
20260728T075855Z,26.4,90.5
20260728T075910Z,26.4,90.4
20260728T075925Z,26.4,90.6
20260728T075940Z,26.5,89.8
20260728T075955Z,26.5,89.6
20260728T080010Z,26.5,87.5
20260728T080025Z,26.4,87.5
20260728T080040Z,26.4,86.4
20260728T080055Z,26.3,85.8
20260728T080110Z,26.2,84.9
20260728T080125Z,26.2,84.5
20260728T080140Z,26.1,83.8
20260728T080155Z,26.0,83.2
20260728T080210Z,25.9,82.7
20260728T080225Z,25.8,81.9
20260728T080240Z,25.7,82.0
20260728T080255Z,25.6,81.1
20260728T080310Z,25.5,80.9
20260728T080325Z,25.5,80.3
20260728T080340Z,25.4,79.2
20260728T080355Z,25.3,78.7
20260728T080410Z,25.3,78.3
20260728T080425Z,25.2,77.9
20260728T080440Z,25.1,77.4
20260728T080455Z,25.1,77.0
20260728T080510Z,25.0,76.7
20260728T080525Z,25.0,76.2
20260728T080540Z,24.9,75.2
20260728T080555Z,24.9,74.1
20260728T080610Z,24.8,75.5
20260728T080625Z,24.7,77.3
20260728T080640Z,24.7,79.1
20260728T080655Z,24.7,80.2
20260728T080710Z,24.7,80.8
20260728T080725Z,24.7,81.1
20260728T080740Z,24.8,81.6
20260728T080755Z,24.8,81.9
20260728T080810Z,24.8,82.4
20260728T080825Z,24.9,82.8
20260728T080840Z,24.9,83.5
20260728T080855Z,25.0,83.6
20260728T080910Z,25.0,84.0
20260728T080925Z,25.0,84.4
20260728T080940Z,25.1,84.6
20260728T080955Z,25.1,85.0
20260728T081010Z,25.2,85.3
20260728T081025Z,25.2,85.6
20260728T081040Z,25.3,85.7
20260728T081055Z,25.3,86.4
20260728T081110Z,25.3,86.3
20260728T081125Z,25.4,86.6
20260728T081140Z,25.4,87.0
20260728T081155Z,25.5,87.1
20260728T081210Z,25.5,87.4
20260728T081225Z,25.5,87.5
20260728T081240Z,25.6,87.8
20260728T081255Z,25.6,87.9
20260728T081310Z,25.6,88.1
20260728T081325Z,25.7,88.4
20260728T081340Z,25.7,88.6
20260728T081355Z,25.7,88.7
20260728T081410Z,25.8,89.0
20260728T081425Z,25.8,89.0
20260728T081440Z,25.8,89.2
20260728T081455Z,25.8,89.3
20260728T081510Z,25.9,89.5
20260728T081525Z,25.9,89.6
20260728T081540Z,25.9,89.7
20260728T081555Z,26.0,89.9
20260728T081610Z,26.0,89.9
20260728T081625Z,26.0,90.0
20260728T081640Z,26.1,89.9
20260728T081655Z,26.1,90.1
20260728T081710Z,26.1,90.2
20260728T081725Z,26.2,90.2
20260728T081740Z,26.2,90.3
20260728T081755Z,26.2,90.4
20260728T081810Z,26.3,90.4
20260728T081825Z,26.3,90.6
20260728T081840Z,26.3,90.5
20260728T081855Z,26.3,90.5
20260728T081910Z,26.4,90.6
20260728T081925Z,26.4,90.6
20260728T081940Z,26.4,90.5
20260728T081955Z,26.4,90.5
20260728T082010Z,26.5,90.2
20260728T082025Z,26.5,89.0
20260728T082040Z,26.5,87.9
20260728T082055Z,26.4,87.1
20260728T082110Z,26.4,86.3
20260728T082125Z,26.3,85.6
20260728T082140Z,26.2,84.9
20260728T082155Z,26.1,83.9
20260728T082210Z,26.0,83.7
20260728T082225Z,25.9,83.3
20260728T082240Z,25.8,82.6
20260728T082255Z,25.7,81.3
20260728T082310Z,25.6,80.9
20260728T082325Z,25.4,80.6
20260728T082340Z,25.4,80.7
20260728T082355Z,25.3,80.4
20260728T082410Z,25.2,79.9
20260728T082425Z,25.1,79.3
20260728T082440Z,25.1,78.8
20260728T082455Z,25.1,78.3
20260728T082510Z,25.1,77.1
20260728T082525Z,25.0,76.5
20260728T082540Z,25.0,78.5
20260728T082555Z,24.9,80.2
20260728T082610Z,24.9,81.4
20260728T082625Z,24.9,82.3
20260728T082640Z,24.9,82.3
20260728T082655Z,24.9,82.8
20260728T082710Z,24.9,83.3
20260728T082725Z,24.9,83.6
20260728T082740Z,24.9,84.3
20260728T082756Z,25.0,84.7
20260728T082810Z,25.0,84.8
20260728T082825Z,25.0,85.2
20260728T082840Z,25.1,85.3
20260728T082855Z,25.1,86.0
20260728T082910Z,25.1,86.2
20260728T082925Z,25.2,86.4
20260728T082940Z,25.2,86.6
20260728T082955Z,25.2,87.0
20260728T083010Z,25.3,87.2
20260728T083025Z,25.3,87.3
20260728T083040Z,25.4,87.7
20260728T083056Z,25.4,87.9
20260728T083110Z,25.4,88.2
20260728T083125Z,25.4,88.2
20260728T083140Z,25.5,88.4
20260728T083155Z,25.5,88.7
20260728T083210Z,25.5,88.9
20260728T083225Z,25.6,89.0
20260728T083240Z,25.6,89.2
20260728T083255Z,25.6,89.4
20260728T083310Z,25.7,89.4
20260728T083325Z,25.7,89.6
20260728T083340Z,25.7,89.8
20260728T083355Z,25.8,89.8
20260728T083410Z,25.8,90.0
20260728T083425Z,25.8,90.1
20260728T083440Z,25.8,90.2
20260728T083455Z,25.9,90.4
20260728T083510Z,25.9,90.6
20260728T083525Z,25.9,90.6
20260728T083540Z,26.0,90.6
20260728T083555Z,26.0,90.6
20260728T083610Z,26.0,90.7
20260728T083625Z,26.1,90.9
20260728T083640Z,26.1,90.8
20260728T083655Z,26.1,90.8
20260728T083710Z,26.2,90.9
20260728T083725Z,26.2,90.9
20260728T083740Z,26.3,90.9
20260728T083755Z,26.3,90.8
20260728T083810Z,26.3,90.9
20260728T083825Z,26.4,90.9
20260728T083840Z,26.4,90.8
20260728T083855Z,26.4,90.8
20260728T083910Z,26.4,90.9
20260728T083925Z,26.5,90.1
20260728T083940Z,26.5,89.3
20260728T083955Z,26.5,88.0
20260728T084010Z,26.4,87.5
20260728T084025Z,26.4,86.7
20260728T084040Z,26.3,86.3
20260728T084055Z,26.2,85.1
20260728T084110Z,26.2,84.8
20260728T084125Z,26.1,84.2
20260728T084140Z,26.0,83.5
20260728T084156Z,25.9,83.1
20260728T084211Z,25.8,82.8
20260728T084225Z,25.7,81.6
20260728T084240Z,25.6,81.0
20260728T084256Z,25.5,80.9
20260728T084311Z,25.4,80.8
20260728T084325Z,25.3,79.4
20260728T084340Z,25.2,79.3
20260728T084356Z,25.1,78.6
20260728T084411Z,25.1,77.9
20260728T084425Z,25.0,78.1
20260728T084440Z,24.9,77.1
20260728T084456Z,24.9,76.2
20260728T084511Z,24.9,76.4
20260728T084525Z,24.8,77.9
20260728T084540Z,24.8,79.4
20260728T084555Z,24.8,80.9
20260728T084610Z,24.8,82.5
20260728T084625Z,24.8,82.7
20260728T084640Z,24.8,82.9
20260728T084655Z,24.9,83.4
20260728T084710Z,24.9,83.5
20260728T084725Z,24.9,84.0
20260728T084740Z,25.0,84.3
20260728T084755Z,25.0,84.6
20260728T084810Z,25.0,85.1
20260728T084825Z,25.1,85.3
20260728T084840Z,25.1,85.6
20260728T084855Z,25.1,85.9
20260728T084910Z,25.2,86.2
20260728T084925Z,25.2,86.6
20260728T084940Z,25.2,86.9
20260728T084955Z,25.3,87.2
20260728T085010Z,25.3,87.5
20260728T085025Z,25.3,87.5
20260728T085040Z,25.4,87.9
20260728T085055Z,25.4,88.1
20260728T085110Z,25.4,88.2
20260728T085125Z,25.5,88.4
20260728T085140Z,25.5,88.7
20260728T085155Z,25.5,88.9
20260728T085210Z,25.5,89.1
20260728T085225Z,25.6,89.3
20260728T085240Z,25.6,89.4
20260728T085255Z,25.6,89.6
20260728T085310Z,25.6,89.6
20260728T085325Z,25.7,89.9
20260728T085340Z,25.7,89.9
20260728T085355Z,25.7,90.1
20260728T085410Z,25.8,90.3
20260728T085425Z,25.8,90.3
20260728T085440Z,25.8,90.5
20260728T085456Z,25.8,90.7
20260728T085510Z,25.8,90.6
20260728T085525Z,25.9,90.7
20260728T085540Z,25.9,90.8
20260728T085555Z,25.9,90.8
20260728T085610Z,26.0,90.9
20260728T085625Z,26.0,91.0
20260728T085640Z,26.0,91.0
20260728T085655Z,26.1,91.0
20260728T085710Z,26.1,91.0
20260728T085725Z,26.1,91.0
20260728T085740Z,26.1,91.1
20260728T085755Z,26.2,91.1
20260728T085810Z,26.2,91.1
20260728T085825Z,26.2,91.0
20260728T085840Z,26.2,91.1
20260728T085855Z,26.3,91.1
20260728T085910Z,26.3,91.0
20260728T085925Z,26.3,91.1
20260728T085940Z,26.3,91.0
20260728T085955Z,26.4,91.1
20260728T090010Z,26.4,91.0
20260728T090025Z,26.4,91.1
20260728T090040Z,26.4,91.0
20260728T090055Z,26.5,90.0
20260728T090110Z,26.5,90.0
20260728T090125Z,26.4,88.4
20260728T090140Z,26.4,87.8
20260728T090155Z,26.4,87.3
20260728T090210Z,26.3,86.7
20260728T090225Z,26.2,85.6
20260728T090240Z,26.1,85.2
20260728T090255Z,26.0,83.9
20260728T090310Z,25.9,83.1
20260728T090325Z,25.8,83.1
20260728T090340Z,25.7,82.5
20260728T090355Z,25.6,81.7
20260728T090410Z,25.4,81.2
20260728T090425Z,25.3,81.1
20260728T090440Z,25.3,80.8
20260728T090455Z,25.2,80.6
20260728T090510Z,25.1,80.2
20260728T090525Z,25.1,79.4
20260728T090540Z,25.1,78.6
20260728T090555Z,25.0,77.4
20260728T090610Z,25.0,78.7
20260728T090625Z,25.0,80.3
20260728T090640Z,25.0,82.0
20260728T090655Z,25.0,82.4
20260728T090710Z,24.9,83.4
20260728T090725Z,25.0,83.7
20260728T090740Z,24.9,84.0
20260728T090755Z,24.9,84.5
20260728T090810Z,25.0,84.8
20260728T090825Z,25.0,85.0
20260728T090840Z,25.0,85.7
20260728T090855Z,25.0,85.9
20260728T090910Z,25.1,86.1
20260728T090925Z,25.1,86.4
20260728T090940Z,25.1,86.9
20260728T090955Z,25.2,87.0
20260728T091010Z,25.2,87.3
20260728T091025Z,25.2,87.6
20260728T091040Z,25.3,87.9
20260728T091055Z,25.3,87.9
20260728T091110Z,25.3,88.3
20260728T091125Z,25.4,88.6
20260728T091140Z,25.4,88.6
20260728T091155Z,25.4,89.0
20260728T091210Z,25.5,89.6
20260728T091225Z,25.5,89.6
20260728T091240Z,25.6,89.8
20260728T091255Z,25.6,90.0
20260728T091310Z,25.7,90.2
20260728T091325Z,25.7,90.4
20260728T091340Z,25.8,90.3
20260728T091355Z,25.8,90.2
20260728T091410Z,25.8,90.5
20260728T091425Z,25.9,90.6
20260728T091440Z,25.9,90.7
20260728T091455Z,25.9,90.8
20260728T091510Z,25.9,90.7
20260728T091525Z,26.0,90.9
20260728T091540Z,26.0,90.9
20260728T091555Z,26.0,91.1
20260728T091610Z,26.0,91.1
20260728T091625Z,26.1,91.2
20260728T091640Z,26.1,91.2
20260728T091655Z,26.1,91.3
20260728T091710Z,26.1,91.3
20260728T091725Z,26.1,91.3
20260728T091740Z,26.2,91.4
20260728T091755Z,26.2,91.3
20260728T091810Z,26.2,91.3
20260728T091825Z,26.2,91.4
20260728T091840Z,26.3,91.4
20260728T091855Z,26.3,91.4
20260728T091910Z,26.3,91.4
20260728T091925Z,26.3,91.4
20260728T091940Z,26.4,91.4
20260728T091955Z,26.4,91.4
20260728T092010Z,26.4,91.4
20260728T092025Z,26.4,90.8
20260728T092040Z,26.4,90.7
20260728T092055Z,26.4,88.8
20260728T092110Z,26.3,88.4
20260728T092125Z,26.3,87.8
20260728T092140Z,26.2,86.9
20260728T092155Z,26.2,86.1
20260728T092210Z,26.1,85.5
20260728T092225Z,26.0,85.0
20260728T092240Z,25.9,83.8
20260728T092255Z,25.8,83.0
20260728T092310Z,25.7,82.4
20260728T092325Z,25.6,82.2
20260728T092340Z,25.4,81.2
20260728T092355Z,25.3,80.8
20260728T092410Z,25.2,80.4
20260728T092425Z,25.1,80.3
20260728T092440Z,25.0,80.7
20260728T092455Z,25.0,80.0
20260728T092510Z,24.9,79.3
20260728T092525Z,24.9,78.9
20260728T092540Z,24.9,80.1
20260728T092555Z,24.9,81.3
20260728T092610Z,24.9,83.3
20260728T092625Z,24.9,84.0
20260728T092640Z,24.9,84.2
20260728T092655Z,24.9,84.7
20260728T092710Z,24.9,85.1
20260728T092725Z,24.9,85.1
20260728T092740Z,25.0,85.6
20260728T092755Z,25.0,85.8
20260728T092810Z,25.0,85.8
20260728T092825Z,25.0,86.2
20260728T092840Z,25.1,86.6
20260728T092855Z,25.1,87.0
20260728T092910Z,25.1,87.2
20260728T092925Z,25.2,87.7
20260728T092940Z,25.2,87.8
20260728T092955Z,25.2,88.1
20260728T093010Z,25.3,88.1
20260728T093025Z,25.3,88.6
20260728T093040Z,25.3,88.8
20260728T093055Z,25.4,89.0
20260728T093110Z,25.4,89.1
20260728T093125Z,25.4,89.4
20260728T093140Z,25.5,89.5
20260728T093155Z,25.5,89.7
20260728T093210Z,25.5,89.8
20260728T093225Z,25.5,90.0
20260728T093240Z,25.6,90.2
20260728T093255Z,25.6,90.3
20260728T093310Z,25.6,90.4
20260728T093325Z,25.7,90.5
20260728T093340Z,25.7,90.7
20260728T093355Z,25.7,90.8
20260728T093410Z,25.8,90.8
20260728T093425Z,25.8,91.0
20260728T093440Z,25.8,91.0
20260728T093455Z,25.8,91.0
20260728T093510Z,25.8,91.1
20260728T093525Z,25.9,91.3
20260728T093540Z,25.9,91.3
20260728T093555Z,25.9,91.2
20260728T093610Z,26.0,91.3
20260728T093625Z,26.0,91.4
20260728T093640Z,26.0,91.4
20260728T093655Z,26.1,91.3
20260728T093710Z,26.1,91.4
20260728T093725Z,26.1,91.5
20260728T093740Z,26.1,91.4
20260728T093756Z,26.2,91.4
20260728T093811Z,26.2,91.4
20260728T093825Z,26.2,91.4
20260728T093840Z,26.2,91.5
20260728T093855Z,26.3,91.4
20260728T093910Z,26.3,91.4
20260728T093925Z,26.3,91.5
20260728T093940Z,26.3,91.4
20260728T093955Z,26.3,91.4
20260728T094010Z,26.4,91.4
20260728T094025Z,26.4,91.4
20260728T094040Z,26.4,91.4
20260728T094055Z,26.4,90.5
20260728T094110Z,26.4,89.9
20260728T094125Z,26.4,88.6
20260728T094140Z,26.4,88.5
20260728T094155Z,26.3,87.1
20260728T094210Z,26.2,86.4
20260728T094225Z,26.1,85.9
20260728T094240Z,26.0,85.1
20260728T094255Z,25.9,84.0
20260728T094310Z,25.8,84.2
20260728T094325Z,25.7,83.1
20260728T094340Z,25.6,83.0
20260728T094355Z,25.5,82.4
20260728T094410Z,25.4,81.6
20260728T094425Z,25.3,80.7
20260728T094440Z,25.2,81.2
20260728T094455Z,25.1,79.8
20260728T094510Z,25.0,79.4
20260728T094525Z,24.9,79.0
20260728T094540Z,24.8,78.4
20260728T094555Z,24.7,79.5
20260728T094610Z,24.6,81.3
20260728T094625Z,24.6,82.6
20260728T094640Z,24.6,84.4
20260728T094655Z,24.6,84.7
20260728T094710Z,24.6,85.0
20260728T094725Z,24.7,85.1
20260728T094740Z,24.7,85.5
20260728T094755Z,24.8,85.7
20260728T094810Z,24.8,85.8
20260728T094825Z,24.9,86.3
20260728T094840Z,24.9,86.7
20260728T094855Z,24.9,87.0
20260728T094910Z,25.0,87.0
20260728T094925Z,25.0,87.4
20260728T094940Z,25.1,87.7
20260728T094955Z,25.1,88.0
20260728T095010Z,25.1,88.3
20260728T095025Z,25.2,88.5
20260728T095040Z,25.2,88.7
20260728T095055Z,25.3,88.9
20260728T095110Z,25.3,88.9
20260728T095125Z,25.3,89.1
20260728T095140Z,25.4,89.3
20260728T095155Z,25.4,89.4
20260728T095210Z,25.4,89.7
20260728T095225Z,25.5,90.0
20260728T095240Z,25.5,90.0
20260728T095255Z,25.5,90.2
20260728T095310Z,25.6,90.4
20260728T095325Z,25.6,90.4
20260728T095340Z,25.6,90.7
20260728T095355Z,25.6,90.7
20260728T095410Z,25.7,90.8
20260728T095425Z,25.7,90.9
20260728T095440Z,25.7,91.1
20260728T095455Z,25.7,91.1
20260728T095510Z,25.8,91.2
20260728T095525Z,25.8,91.3
20260728T095540Z,25.8,91.3
20260728T095555Z,25.8,91.3
20260728T095610Z,25.9,91.4
20260728T095625Z,25.9,91.5
20260728T095640Z,25.9,91.5
20260728T095655Z,26.0,91.5
20260728T095710Z,26.0,91.6
20260728T095725Z,26.0,91.6
20260728T095740Z,26.0,91.6
20260728T095755Z,26.1,91.7
20260728T095810Z,26.1,91.7
20260728T095825Z,26.1,91.6
20260728T095840Z,26.1,91.7
20260728T095855Z,26.2,91.6
20260728T095910Z,26.2,91.7
20260728T095925Z,26.2,91.6
20260728T095940Z,26.2,91.5
20260728T095955Z,26.3,91.6
20260728T100010Z,26.3,91.5
20260728T100025Z,26.3,91.5
20260728T100040Z,26.4,91.6
20260728T100055Z,26.4,91.5
20260728T100110Z,26.4,91.5
20260728T100125Z,26.4,91.5
20260728T100140Z,26.4,91.5
20260728T100155Z,26.5,90.5
20260728T100210Z,26.4,90.0
20260728T100225Z,26.4,88.9
20260728T100240Z,26.4,88.6
20260728T100255Z,26.3,87.8
20260728T100310Z,26.3,87.0
20260728T100325Z,26.2,86.2
20260728T100340Z,26.1,85.0
20260728T100355Z,26.0,84.3
20260728T100410Z,25.9,83.6
20260728T100425Z,25.7,83.2
20260728T100440Z,25.6,82.6
20260728T100455Z,25.5,82.2
20260728T100510Z,25.4,82.9
20260728T100525Z,25.3,81.2
20260728T100540Z,25.2,80.8
20260728T100555Z,25.1,80.5
20260728T100610Z,25.0,80.2
20260728T100625Z,24.9,79.1
20260728T100640Z,24.8,78.7
20260728T100655Z,24.7,80.4
20260728T100710Z,24.6,82.3
20260728T100725Z,24.6,83.9
20260728T100740Z,24.7,85.1
20260728T100755Z,24.7,85.5
20260728T100810Z,24.7,85.7
20260728T100825Z,24.7,85.7
20260728T100840Z,24.8,85.8
20260728T100855Z,24.8,86.3
20260728T100910Z,24.9,86.3
20260728T100925Z,24.9,86.8
20260728T100940Z,24.9,87.3
20260728T100955Z,25.0,87.5
20260728T101010Z,25.0,87.7
20260728T101025Z,25.0,87.8
20260728T101040Z,25.1,88.1
20260728T101055Z,25.1,88.3
20260728T101110Z,25.2,88.5
20260728T101125Z,25.2,88.8
20260728T101140Z,25.3,89.2
20260728T101155Z,25.3,89.2
20260728T101210Z,25.3,89.4
20260728T101225Z,25.4,89.6
20260728T101240Z,25.4,89.7
20260728T101255Z,25.4,90.0
20260728T101310Z,25.4,90.1
20260728T101325Z,25.5,90.3
20260728T101340Z,25.5,90.4
20260728T101356Z,25.5,90.7
20260728T101411Z,25.6,90.7
20260728T101425Z,25.6,90.8
20260728T101440Z,25.6,91.0
20260728T101455Z,25.6,91.1
20260728T101510Z,25.7,91.2
20260728T101525Z,25.7,91.3
20260728T101541Z,25.7,91.3
20260728T101555Z,25.8,91.5
20260728T101611Z,25.8,91.6
20260728T101625Z,25.8,91.6
20260728T101641Z,25.8,91.7
20260728T101656Z,25.9,91.7
20260728T101710Z,25.9,91.7
20260728T101726Z,25.9,91.8
20260728T101741Z,25.9,91.9
20260728T101755Z,26.0,91.9
20260728T101811Z,26.0,91.9
20260728T101825Z,26.0,91.8
20260728T101841Z,26.0,91.9
20260728T101855Z,26.1,92.0
20260728T101911Z,26.1,91.9
20260728T101925Z,26.1,91.9
20260728T101941Z,26.1,91.9
20260728T101956Z,26.2,91.9
20260728T102010Z,26.2,91.9
20260728T102026Z,26.2,91.9
20260728T102040Z,26.2,91.9
20260728T102056Z,26.3,91.9
20260728T102110Z,26.3,91.9
20260728T102126Z,26.3,91.9
20260728T102140Z,26.3,91.9
20260728T102156Z,26.3,91.8
20260728T102210Z,26.4,91.8
20260728T102226Z,26.4,91.8
20260728T102240Z,26.4,91.7
20260728T102256Z,26.4,91.8
20260728T102310Z,26.5,90.8
20260728T102326Z,26.5,90.8
20260728T102340Z,26.4,88.9
20260728T102355Z,26.4,88.7
20260728T102411Z,26.3,88.0
20260728T102425Z,26.3,87.1
20260728T102441Z,26.2,87.0
20260728T102457Z,26.1,85.9
20260728T102511Z,26.0,84.6
20260728T102526Z,25.9,83.9
20260728T102540Z,25.8,83.4
20260728T102556Z,25.6,83.0
20260728T102610Z,25.5,83.1
20260728T102625Z,25.4,83.1
20260728T102641Z,25.3,82.1
20260728T102655Z,25.3,82.3
20260728T102710Z,25.2,80.6
20260728T102726Z,25.1,80.5
20260728T102740Z,25.0,80.5
20260728T102756Z,25.0,79.0
20260728T102810Z,24.9,79.1
20260728T102826Z,24.8,81.0
20260728T102840Z,24.8,82.7
20260728T102856Z,24.7,84.2
20260728T102910Z,24.7,85.0
20260728T102926Z,24.7,85.2
20260728T102940Z,24.8,85.3
20260728T102955Z,24.8,85.6
20260728T103011Z,24.8,85.9
20260728T103025Z,24.8,86.1
20260728T103041Z,24.9,86.5
20260728T103055Z,24.9,86.9
20260728T103111Z,24.9,87.3
20260728T103125Z,25.0,87.7
20260728T103141Z,25.0,87.7
20260728T103155Z,25.0,88.1
20260728T103211Z,25.1,88.3
20260728T103225Z,25.1,88.6
20260728T103240Z,25.1,88.8
20260728T103255Z,25.2,88.9
20260728T103310Z,25.2,89.2
20260728T103325Z,25.3,89.4
20260728T103340Z,25.3,89.5
20260728T103356Z,25.3,89.8
20260728T103411Z,25.4,89.9
20260728T103425Z,25.4,90.3
20260728T103441Z,25.4,90.4
20260728T103455Z,25.4,90.4
20260728T103511Z,25.5,90.7
20260728T103525Z,25.5,90.8
20260728T103541Z,25.5,91.0
20260728T103555Z,25.5,91.1
20260728T103610Z,25.6,91.3
20260728T103625Z,25.6,91.3
20260728T103640Z,25.6,91.5
20260728T103655Z,25.6,91.5
20260728T103711Z,25.7,91.6
20260728T103725Z,25.7,91.7
20260728T103741Z,25.7,91.8
20260728T103756Z,25.8,91.9
20260728T103810Z,25.8,92.0
20260728T103826Z,25.8,92.0
20260728T103840Z,25.8,92.0
20260728T103855Z,25.9,92.1
20260728T103910Z,25.9,92.2
20260728T103925Z,25.9,92.2
20260728T103941Z,25.9,92.2
20260728T103956Z,26.0,92.2
20260728T104010Z,26.0,92.2
20260728T104026Z,26.0,92.2
20260728T104040Z,26.0,92.2
20260728T104056Z,26.1,92.2
20260728T104110Z,26.1,92.2
20260728T104126Z,26.1,92.1
20260728T104140Z,26.2,92.1
20260728T104156Z,26.2,92.1
20260728T104211Z,26.2,92.1
20260728T104225Z,26.2,92.1
20260728T104240Z,26.3,92.1
20260728T104255Z,26.3,92.0
20260728T104310Z,26.3,92.0
20260728T104326Z,26.3,92.0
20260728T104340Z,26.4,92.2
20260728T104355Z,26.4,91.4
20260728T104411Z,26.4,90.7
20260728T104425Z,26.4,89.4
20260728T104441Z,26.3,88.7
20260728T104455Z,26.3,88.5
20260728T104511Z,26.2,87.7
20260728T104525Z,26.1,86.1
20260728T104541Z,26.0,85.6
20260728T104555Z,25.9,85.0
20260728T104610Z,25.8,84.2
20260728T104625Z,25.7,83.8
20260728T104641Z,25.6,83.3
20260728T104655Z,25.5,82.7
20260728T104711Z,25.4,82.1
20260728T104725Z,25.3,82.1
20260728T104741Z,25.2,80.6
20260728T104755Z,25.1,80.7
20260728T104811Z,25.0,80.6
20260728T104825Z,24.9,79.4
20260728T104841Z,24.8,81.3
20260728T104855Z,24.8,82.4
20260728T104911Z,24.8,84.0
20260728T104925Z,24.8,85.3
20260728T104940Z,24.8,85.9
20260728T104956Z,24.8,85.9
20260728T105010Z,24.8,86.1
20260728T105026Z,24.8,86.2
20260728T105040Z,24.9,86.5
20260728T105056Z,24.9,86.9
20260728T105110Z,24.9,87.4
20260728T105126Z,25.0,87.8
20260728T105140Z,25.0,87.8
20260728T105155Z,25.0,88.3
20260728T105211Z,25.1,88.5
20260728T105225Z,25.1,88.8
20260728T105241Z,25.1,89.0
20260728T105256Z,25.2,89.3
20260728T105311Z,25.2,89.4
20260728T105325Z,25.2,89.7
20260728T105341Z,25.3,89.9
20260728T105355Z,25.3,90.0
20260728T105411Z,25.3,90.2
20260728T105425Z,25.4,90.3
20260728T105441Z,25.4,90.5
20260728T105455Z,25.4,90.7
20260728T105510Z,25.4,91.0
20260728T105526Z,25.5,91.3
20260728T105540Z,25.5,91.4
20260728T105555Z,25.6,91.5
20260728T105611Z,25.6,91.7
20260728T105625Z,25.6,91.9
20260728T105641Z,25.7,92.0
20260728T105655Z,25.7,92.2
20260728T105711Z,25.7,92.2
20260728T105725Z,25.7,92.2
20260728T105741Z,25.8,92.4
20260728T105755Z,25.8,92.5
20260728T105811Z,25.8,92.5
20260728T105825Z,25.9,92.5
20260728T105841Z,25.9,92.5
20260728T105855Z,25.9,92.6
20260728T105910Z,26.0,92.6
20260728T105926Z,26.0,92.7
20260728T105940Z,26.0,92.8
20260728T105956Z,26.1,92.7
20260728T110010Z,26.1,92.7
20260728T110026Z,26.1,92.7
20260728T110040Z,26.2,92.8
20260728T110056Z,26.2,92.8
20260728T110110Z,26.2,92.8
20260728T110126Z,26.2,92.8
20260728T110140Z,26.3,92.8
20260728T110156Z,26.3,92.8
20260728T110211Z,26.3,92.8
20260728T110226Z,26.3,92.8
20260728T110240Z,26.4,92.7
20260728T110256Z,26.4,92.8
20260728T110310Z,26.4,92.7
20260728T110325Z,26.4,92.7
20260728T110341Z,26.5,92.3
20260728T110355Z,26.5,92.2
20260728T110410Z,26.5,89.8
20260728T110425Z,26.4,89.4
20260728T110440Z,26.3,88.8
20260728T110455Z,26.3,88.2
20260728T110510Z,26.2,87.4
20260728T110525Z,26.1,86.7
20260728T110541Z,26.0,86.8
20260728T110556Z,26.0,85.2
20260728T110611Z,25.9,84.5
20260728T110625Z,25.8,84.4
20260728T110641Z,25.7,83.7
20260728T110655Z,25.6,82.8
20260728T110710Z,25.5,82.8
20260728T110726Z,25.4,82.1
20260728T110740Z,25.3,81.5
20260728T110756Z,25.2,80.6
20260728T110811Z,25.1,80.2
20260728T110826Z,25.0,80.2
20260728T110840Z,24.9,79.1
20260728T110856Z,24.8,78.3
20260728T110910Z,24.7,78.1
20260728T110925Z,24.6,79.3
20260728T110941Z,24.6,81.3
20260728T110955Z,24.6,83.2
20260728T111011Z,24.6,83.7
20260728T111025Z,24.6,85.0
20260728T111040Z,24.6,85.1
20260728T111056Z,24.7,85.5
20260728T111111Z,24.8,85.9
20260728T111126Z,24.8,86.0
20260728T111141Z,24.9,86.7
20260728T111155Z,25.0,86.9
20260728T111211Z,25.0,87.2
20260728T111226Z,25.1,87.3
20260728T111241Z,25.1,87.8
20260728T111255Z,25.2,87.8
20260728T111311Z,25.2,88.3
20260728T111325Z,25.3,88.5
20260728T111341Z,25.3,88.7
20260728T111355Z,25.4,89.0
20260728T111411Z,25.4,89.3
20260728T111426Z,25.5,89.6
20260728T111441Z,25.5,89.7
20260728T111456Z,25.5,89.9
20260728T111511Z,25.6,90.2
20260728T111526Z,25.6,90.3
20260728T111541Z,25.7,90.5
20260728T111555Z,25.7,90.7
20260728T111611Z,25.7,90.9
20260728T111626Z,25.8,91.3
20260728T111640Z,25.8,91.3
20260728T111656Z,25.8,91.4
20260728T111710Z,25.9,91.6
20260728T111726Z,25.9,91.6
20260728T111741Z,25.9,91.8
20260728T111756Z,25.9,91.9
20260728T111811Z,26.0,92.1
20260728T111826Z,26.0,92.2
20260728T111841Z,26.0,92.3
20260728T111856Z,26.0,92.4
20260728T111911Z,26.1,92.4
20260728T111926Z,26.1,92.6
20260728T111941Z,26.1,92.6
20260728T111956Z,26.1,92.7
20260728T112011Z,26.2,92.8
20260728T112026Z,26.2,92.8
20260728T112041Z,26.2,92.9
20260728T112056Z,26.2,92.9
20260728T112111Z,26.2,93.0
20260728T112126Z,26.3,93.0
20260728T112141Z,26.3,93.0
20260728T112156Z,26.3,93.0
20260728T112211Z,26.3,93.0
20260728T112226Z,26.3,93.0
20260728T112241Z,26.4,93.0
20260728T112256Z,26.4,93.0
20260728T112311Z,26.4,92.4
20260728T112326Z,26.4,92.2
20260728T112341Z,26.4,90.1
20260728T112356Z,26.4,89.7
20260728T112411Z,26.3,88.5
20260728T112426Z,26.2,88.3
20260728T112441Z,26.2,87.3
20260728T112455Z,26.1,86.7
20260728T112511Z,26.0,86.9
20260728T112526Z,25.9,85.9
20260728T112541Z,25.9,84.6
20260728T112556Z,25.8,84.2
20260728T112611Z,25.7,83.7
20260728T112626Z,25.6,83.0
20260728T112641Z,25.5,82.0
20260728T112656Z,25.4,81.7
20260728T112711Z,25.2,81.1
20260728T112726Z,25.1,80.9
20260728T112741Z,25.0,80.4
20260728T112756Z,25.0,79.7
20260728T112811Z,24.8,79.4
20260728T112826Z,24.8,78.7
20260728T112841Z,24.7,78.9
20260728T112856Z,24.6,80.6
20260728T112911Z,24.6,82.1
20260728T112926Z,24.6,83.4
20260728T112941Z,24.6,84.4
20260728T112956Z,24.6,84.9
20260728T113011Z,24.6,85.2
20260728T113026Z,24.7,85.4
20260728T113041Z,24.8,85.8
20260728T113056Z,24.8,86.0
20260728T113111Z,24.8,86.5
20260728T113126Z,24.9,86.9
20260728T113141Z,24.9,87.2
20260728T113156Z,25.0,87.5
20260728T113211Z,25.0,87.5
20260728T113226Z,25.1,87.5
20260728T113241Z,25.1,88.3
20260728T113256Z,25.2,88.4
20260728T113311Z,25.2,88.7
20260728T113326Z,25.3,88.6
20260728T113341Z,25.3,89.2
20260728T113356Z,25.3,89.3
20260728T113411Z,25.4,89.3
20260728T113426Z,25.4,89.6
20260728T113441Z,25.4,89.7
20260728T113456Z,25.5,89.9
20260728T113511Z,25.5,90.0
20260728T113526Z,25.6,90.4
20260728T113541Z,25.6,90.5
20260728T113556Z,25.6,90.5
20260728T113611Z,25.7,90.8
20260728T113626Z,25.7,91.0
20260728T113641Z,25.7,91.0
20260728T113656Z,25.7,91.2
20260728T113711Z,25.8,91.3
20260728T113726Z,25.8,91.4
20260728T113741Z,25.8,91.6
20260728T113756Z,25.9,91.6
20260728T113811Z,25.9,91.7
20260728T113826Z,25.9,91.9
20260728T113841Z,25.9,92.0
20260728T113856Z,25.9,92.0
20260728T113911Z,26.0,92.1
20260728T113926Z,26.0,92.2
20260728T113941Z,26.0,92.2
20260728T113956Z,26.1,92.3
20260728T114011Z,26.1,92.1
20260728T114026Z,26.1,92.3
20260728T114041Z,26.2,92.4
20260728T114056Z,26.2,92.4
20260728T114111Z,26.2,92.5
20260728T114126Z,26.2,92.4
20260728T114141Z,26.2,92.4
20260728T114156Z,26.3,92.4
20260728T114211Z,26.3,92.3
20260728T114226Z,26.3,92.4
20260728T114241Z,26.3,92.4
20260728T114256Z,26.4,92.4
20260728T114311Z,26.4,92.4
20260728T114326Z,26.4,92.4
20260728T114341Z,26.4,92.4
20260728T114356Z,26.5,92.3
20260728T114411Z,26.5,92.3
20260728T114426Z,26.5,92.1
20260728T114441Z,26.5,90.0
20260728T114456Z,26.4,89.3
20260728T114511Z,26.4,88.6
20260728T114526Z,26.3,87.8
20260728T114541Z,26.2,86.6
20260728T114556Z,26.2,86.1
20260728T114611Z,26.1,86.1
20260728T114626Z,26.0,84.8
20260728T114641Z,25.9,84.3
20260728T114656Z,25.8,84.3
20260728T114711Z,25.7,83.3
20260728T114726Z,25.6,82.6
20260728T114741Z,25.4,82.1
20260728T114756Z,25.3,81.6
20260728T114811Z,25.2,81.1
20260728T114826Z,25.1,81.1
20260728T114841Z,25.0,80.1
20260728T114856Z,24.9,79.6
20260728T114911Z,24.8,79.3
20260728T114926Z,24.8,78.7
20260728T114941Z,24.7,78.5
20260728T114956Z,24.6,79.1
20260728T115011Z,24.6,81.0
20260728T115026Z,24.5,82.4
20260728T115041Z,24.5,83.8
20260728T115056Z,24.5,84.3
20260728T115111Z,24.6,84.2
20260728T115126Z,24.6,84.9
20260728T115141Z,24.7,85.3
20260728T115156Z,24.7,85.6
20260728T115211Z,24.8,86.1
20260728T115226Z,24.8,86.1
20260728T115241Z,24.9,86.4
20260728T115256Z,24.9,86.7
20260728T115311Z,25.0,87.0
20260728T115326Z,25.0,87.5
20260728T115341Z,25.0,87.6
20260728T115356Z,25.1,87.8
20260728T115411Z,25.1,88.2
20260728T115426Z,25.2,88.5
20260728T115441Z,25.2,88.7
20260728T115456Z,25.3,88.8
20260728T115511Z,25.3,89.0
20260728T115526Z,25.4,89.2
20260728T115541Z,25.4,89.4
20260728T115556Z,25.4,89.6
20260728T115611Z,25.5,89.7
20260728T115626Z,25.5,90.0
20260728T115641Z,25.6,90.1
20260728T115656Z,25.6,90.1
20260728T115711Z,25.6,90.4
20260728T115726Z,25.7,90.4
20260728T115741Z,25.7,90.5
20260728T115756Z,25.7,90.5
20260728T115811Z,25.8,90.6
20260728T115826Z,25.8,90.8
20260728T115841Z,25.9,90.8
20260728T115856Z,25.9,90.9
20260728T115911Z,25.9,91.0
20260728T115926Z,26.0,91.1
20260728T115941Z,26.0,91.3
20260728T115956Z,26.0,91.3
20260728T120011Z,26.0,91.3
20260728T120026Z,26.1,91.3
20260728T120041Z,26.1,91.4
20260728T120056Z,26.1,91.5
20260728T120111Z,26.2,91.6
20260728T120126Z,26.2,91.6
20260728T120141Z,26.2,91.5
20260728T120156Z,26.2,91.6
20260728T120211Z,26.3,91.6
20260728T120226Z,26.3,91.6
20260728T120241Z,26.3,91.6
20260728T120256Z,26.3,91.7
20260728T120311Z,26.4,91.7
20260728T120326Z,26.4,91.7
20260728T120341Z,26.4,91.8
20260728T120356Z,26.4,91.8
20260728T120411Z,26.5,91.7
20260728T120426Z,26.5,91.7
20260728T120441Z,26.5,91.7
20260728T120456Z,26.5,91.0
20260728T120511Z,26.5,90.5
20260728T120526Z,26.5,89.5
20260728T120541Z,26.5,88.4
20260728T120556Z,26.4,87.5
20260728T120611Z,26.4,86.8
20260728T120626Z,26.3,86.3
20260728T120641Z,26.2,85.1
20260728T120656Z,26.1,84.8
20260728T120711Z,26.0,83.9
20260728T120726Z,25.9,83.3
20260728T120741Z,25.8,82.9
20260728T120756Z,25.7,82.7
20260728T120811Z,25.6,81.9
20260728T120826Z,25.5,81.7
20260728T120841Z,25.4,81.1
20260728T120856Z,25.3,80.0
20260728T120911Z,25.2,79.6
20260728T120926Z,25.0,79.0
20260728T120941Z,24.9,78.5
20260728T120956Z,24.8,80.1
20260728T121011Z,24.8,81.9
20260728T121026Z,24.8,83.3
20260728T121041Z,24.7,84.3
20260728T121056Z,24.7,85.2
20260728T121111Z,24.8,85.5
20260728T121126Z,24.8,85.4
20260728T121141Z,24.8,85.7
20260728T121156Z,24.9,86.2
20260728T121211Z,24.9,86.3
20260728T121226Z,24.9,86.9
20260728T121241Z,25.0,87.3
20260728T121256Z,25.0,87.4
20260728T121311Z,25.1,87.8
20260728T121326Z,25.1,87.9
20260728T121341Z,25.1,88.3
20260728T121356Z,25.2,88.4
20260728T121411Z,25.2,88.6
20260728T121426Z,25.2,89.0
20260728T121441Z,25.3,89.2
20260728T121456Z,25.3,89.5
20260728T121511Z,25.3,89.5
20260728T121526Z,25.4,89.8
20260728T121541Z,25.4,90.0
20260728T121556Z,25.5,90.1
20260728T121611Z,25.5,90.3
20260728T121626Z,25.5,90.3
20260728T121641Z,25.6,90.4
20260728T121656Z,25.6,90.7
20260728T121711Z,25.6,90.7
20260728T121726Z,25.7,90.9
20260728T121741Z,25.7,90.9
20260728T121756Z,25.7,91.1
20260728T121811Z,25.8,91.3
20260728T121826Z,25.8,91.4
20260728T121841Z,25.8,91.4
20260728T121856Z,25.9,91.5
20260728T121911Z,25.9,91.5
20260728T121926Z,25.9,91.6
20260728T121941Z,25.9,91.8
20260728T121956Z,26.0,91.9
20260728T122011Z,26.0,91.9
20260728T122026Z,26.0,91.9
20260728T122041Z,26.1,92.1
20260728T122056Z,26.1,92.0
20260728T122111Z,26.1,92.1
20260728T122126Z,26.1,92.2
20260728T122141Z,26.1,92.2
20260728T122156Z,26.2,92.2
20260728T122211Z,26.2,92.2
20260728T122226Z,26.2,92.3
20260728T122241Z,26.2,92.3
20260728T122256Z,26.3,92.3
20260728T122311Z,26.3,92.3
20260728T122326Z,26.3,92.3
20260728T122341Z,26.3,92.3
20260728T122356Z,26.3,92.3
20260728T122411Z,26.4,92.3
20260728T122426Z,26.4,92.3
20260728T122441Z,26.4,92.3
20260728T122456Z,26.4,92.3
20260728T122511Z,26.5,92.3
20260728T122526Z,26.5,91.3
20260728T122541Z,26.5,91.2
20260728T122556Z,26.5,90.2
20260728T122611Z,26.4,89.7
20260728T122626Z,26.4,88.9
20260728T122641Z,26.4,87.2
20260728T122656Z,26.3,86.6
20260728T122712Z,26.2,86.0
20260728T122726Z,26.1,85.0
20260728T122741Z,26.0,84.8
20260728T122756Z,25.9,83.8
20260728T122811Z,25.8,82.9
20260728T122826Z,25.6,82.9
20260728T122841Z,25.5,82.3
20260728T122856Z,25.4,81.8
20260728T122911Z,25.3,81.7
20260728T122926Z,25.2,81.0
20260728T122941Z,25.1,80.8
20260728T122956Z,25.1,80.2
20260728T123011Z,25.0,79.3
20260728T123026Z,24.9,80.6
20260728T123041Z,24.8,82.0
20260728T123056Z,24.8,83.8
20260728T123111Z,24.8,84.5
20260728T123126Z,24.8,85.1
20260728T123141Z,24.9,85.9
20260728T123156Z,24.9,85.9
20260728T123211Z,24.9,87.0
20260728T123226Z,25.0,86.9
20260728T123241Z,25.0,87.3
20260728T123256Z,25.1,87.3
20260728T123311Z,25.1,87.7
20260728T123326Z,25.2,87.8
20260728T123341Z,25.2,88.3
20260728T123356Z,25.3,88.4
20260728T123411Z,25.3,88.6
20260728T123426Z,25.3,88.9
20260728T123441Z,25.3,89.0
20260728T123456Z,25.4,89.2
20260728T123511Z,25.4,89.6
20260728T123526Z,25.4,89.7
20260728T123541Z,25.5,89.8
20260728T123556Z,25.5,90.2
20260728T123611Z,25.5,90.4
20260728T123626Z,25.5,90.3
20260728T123641Z,25.6,90.7
20260728T123656Z,25.6,90.7
20260728T123711Z,25.6,90.9
20260728T123726Z,25.6,91.3
20260728T123741Z,25.6,91.2
20260728T123756Z,25.7,91.5
20260728T123811Z,25.7,91.6
20260728T123826Z,25.7,91.8
20260728T123841Z,25.7,91.9
20260728T123856Z,25.7,91.9
20260728T123911Z,25.8,92.0
20260728T123926Z,25.8,92.2
20260728T123941Z,25.8,92.3
20260728T123956Z,25.8,92.4
20260728T124011Z,25.8,92.4
20260728T124026Z,25.9,92.5
20260728T124041Z,25.9,92.6
20260728T124056Z,25.9,92.7
20260728T124111Z,25.9,92.8
20260728T124126Z,25.9,92.8
20260728T124141Z,26.0,92.9
20260728T124156Z,26.0,92.9
20260728T124211Z,26.0,93.0
20260728T124226Z,26.0,93.0
20260728T124241Z,26.1,93.0
20260728T124256Z,26.1,93.0
20260728T124311Z,26.1,93.1
20260728T124326Z,26.1,93.1
20260728T124341Z,26.1,93.0
20260728T124356Z,26.1,93.1
20260728T124411Z,26.1,93.1
20260728T124426Z,26.2,93.1
20260728T124441Z,26.2,93.0
20260728T124456Z,26.2,93.1
20260728T124511Z,26.2,93.1
20260728T124526Z,26.3,93.0
20260728T124541Z,26.3,93.0
20260728T124556Z,26.3,93.0
20260728T124611Z,26.3,93.0
20260728T124626Z,26.3,93.0
20260728T124641Z,26.3,93.0
20260728T124656Z,26.3,93.0
20260728T124711Z,26.4,93.1
20260728T124726Z,26.4,93.0
20260728T124741Z,26.4,93.0
20260728T124756Z,26.4,93.0
20260728T124811Z,26.4,93.0
20260728T124826Z,26.4,93.0
20260728T124841Z,26.5,92.9
20260728T124856Z,26.5,92.9
20260728T124912Z,26.5,92.9
20260728T124926Z,26.5,92.9
20260728T124941Z,26.5,92.9
20260728T124956Z,26.5,92.9
20260728T125011Z,26.5,92.8
20260728T125026Z,26.5,92.8
20260728T125041Z,26.6,92.8
20260728T125056Z,26.6,92.8
20260728T125111Z,26.6,92.8
20260728T125126Z,26.6,92.7
20260728T125141Z,26.6,92.7
20260728T125156Z,26.6,92.7
20260728T125211Z,26.6,92.7
20260728T125226Z,26.6,92.7
20260728T125241Z,26.6,92.7
20260728T125256Z,26.7,92.6
20260728T125311Z,26.7,92.6
20260728T125326Z,26.7,92.6
20260728T125341Z,26.7,92.6
20260728T125356Z,26.7,92.6
20260728T125411Z,26.7,92.6
20260728T125426Z,26.7,92.6
20260728T125441Z,26.7,92.6
20260728T125456Z,26.7,92.6
20260728T125512Z,26.7,92.6
20260728T125526Z,26.8,92.5
20260728T125541Z,26.8,92.5
20260728T125556Z,26.8,92.5
20260728T125611Z,26.8,92.6
20260728T125626Z,26.8,92.5
20260728T125641Z,26.8,92.5
20260728T125656Z,26.8,92.5
20260728T125711Z,26.8,92.5
20260728T125726Z,26.8,92.5
20260728T125741Z,26.8,92.5
20260728T125756Z,26.8,92.5
20260728T125811Z,26.8,92.4
20260728T125826Z,26.8,92.5
20260728T125841Z,26.8,92.4
20260728T125856Z,26.8,92.4
20260728T125911Z,26.8,92.4
20260728T125926Z,26.8,92.4
20260728T125941Z,26.9,92.4
20260728T125956Z,26.9,92.4
20260728T130011Z,26.9,92.4
20260728T130026Z,26.9,92.4
20260728T130041Z,26.9,92.4
20260728T130056Z,26.9,92.3
20260728T130111Z,26.9,92.4
20260728T130126Z,26.9,92.3
20260728T130141Z,26.9,92.3
20260728T130156Z,26.9,92.3
20260728T130211Z,26.9,92.3
20260728T130226Z,26.9,92.3
20260728T130241Z,26.9,92.2
20260728T130256Z,26.9,92.2
20260728T130311Z,27.0,92.2
20260728T130326Z,26.9,92.2
20260728T130341Z,27.0,92.2
20260728T130356Z,27.0,92.2
20260728T130411Z,27.0,92.2
20260728T130426Z,27.0,92.2
20260728T130441Z,27.0,92.2
20260728T130456Z,27.0,92.2
20260728T130511Z,27.0,92.2
20260728T130526Z,27.0,92.2
20260728T130541Z,27.0,92.2
20260728T130556Z,27.0,92.2
20260728T130611Z,27.0,92.1
20260728T130626Z,27.0,92.1
20260728T130641Z,27.0,92.1
20260728T130656Z,27.0,92.1
20260728T130711Z,27.0,92.1
20260728T130726Z,27.0,92.1
20260728T130741Z,27.0,92.1
20260728T130756Z,27.0,92.1
20260728T130811Z,27.0,92.1
20260728T130826Z,27.0,92.1
20260728T130841Z,27.0,92.1
20260728T130856Z,27.0,92.0
20260728T130912Z,27.0,92.0
20260728T130927Z,27.1,92.0
20260728T130941Z,27.0,92.0
20260728T130956Z,27.0,92.0
20260728T131011Z,27.1,92.0
20260728T131026Z,27.1,92.0
20260728T131041Z,27.1,92.0
20260728T131056Z,27.1,92.0
20260728T131111Z,27.1,91.9
20260728T131126Z,27.1,92.0
20260728T131141Z,27.1,92.0
20260728T131156Z,27.1,91.9
20260728T131211Z,27.1,91.9
20260728T131226Z,27.1,92.0
20260728T131241Z,27.1,91.9
20260728T131256Z,27.1,91.9
20260728T131311Z,27.1,91.9
20260728T131326Z,27.1,91.9
20260728T131341Z,27.1,91.9
20260728T131356Z,27.1,91.9
20260728T131411Z,27.1,91.9
20260728T131426Z,27.1,91.9
20260728T131441Z,27.1,91.9
20260728T131456Z,27.1,91.9
20260728T131511Z,27.1,91.9
20260728T131526Z,27.1,91.9
20260728T131541Z,27.1,91.9
20260728T131556Z,27.1,91.8
20260728T131611Z,27.1,91.8
20260728T131626Z,27.1,91.8
20260728T131641Z,27.1,91.8
20260728T131656Z,27.1,91.8
20260728T131711Z,27.2,91.8
20260728T131726Z,27.1,91.8
20260728T131741Z,27.2,91.8
20260728T131756Z,27.2,91.8
20260728T131811Z,27.2,91.8
20260728T131826Z,27.2,91.8
20260728T131841Z,27.2,91.8
20260728T131856Z,27.2,91.8
20260728T131911Z,27.2,91.8
20260728T131926Z,27.2,91.8
20260728T131941Z,27.2,91.8
20260728T131956Z,27.2,91.7
20260728T132011Z,27.2,91.7
20260728T132026Z,27.2,91.7
20260728T132041Z,27.2,91.7
20260728T132056Z,27.2,91.7
20260728T132111Z,27.2,91.7
20260728T132126Z,27.2,91.7
20260728T132141Z,27.2,91.6
20260728T132156Z,27.2,91.7
20260728T132211Z,27.2,91.7
20260728T132226Z,27.2,91.7
20260728T132241Z,27.2,91.6
20260728T132256Z,27.2,91.6
20260728T132311Z,27.2,91.6
20260728T132326Z,27.2,91.6
20260728T132341Z,27.2,91.6
20260728T132356Z,27.2,91.6
20260728T132411Z,27.3,91.6
20260728T132426Z,27.2,91.6
20260728T132441Z,27.3,91.6
20260728T132456Z,27.3,91.6
20260728T132511Z,27.2,91.5
20260728T132526Z,27.3,91.6
20260728T132541Z,27.3,91.5
20260728T132556Z,27.3,91.5
20260728T132611Z,27.3,91.5
20260728T132626Z,27.3,91.5
20260728T132641Z,27.3,91.5
20260728T132656Z,27.3,91.5
20260728T132711Z,27.3,91.5
20260728T132726Z,27.3,91.5
20260728T132741Z,27.3,91.5
20260728T132756Z,27.3,91.5
20260728T132811Z,27.3,91.5
20260728T132826Z,27.3,91.5
20260728T132841Z,27.3,91.5
20260728T132856Z,27.3,91.5
20260728T132911Z,27.3,91.5
20260728T132926Z,27.3,91.5
20260728T132941Z,27.3,91.5
20260728T132956Z,27.3,91.4
20260728T133011Z,27.3,91.4
20260728T133026Z,27.3,91.4
20260728T133041Z,27.3,91.4
20260728T133056Z,27.3,91.4
20260728T133111Z,27.3,91.4
20260728T133126Z,27.3,91.4
20260728T133141Z,27.3,91.4
20260728T133156Z,27.3,91.4
20260728T133211Z,27.3,91.4
20260728T133226Z,27.3,91.4
20260728T133241Z,27.3,91.4
20260728T133256Z,27.3,91.4
20260728T133311Z,27.3,91.4
20260728T133326Z,27.3,91.4
20260728T133341Z,27.3,91.4
20260728T133356Z,27.3,91.3
20260728T133411Z,27.3,91.3
20260728T133426Z,27.3,91.3
20260728T133441Z,27.3,91.3
20260728T133456Z,27.3,91.3
20260728T133511Z,27.3,91.3
20260728T133526Z,27.3,91.3
20260728T133541Z,27.3,91.3
20260728T133556Z,27.3,91.3
20260728T133611Z,27.3,91.3
20260728T133626Z,27.4,91.3
20260728T133641Z,27.4,91.3
20260728T133656Z,27.4,91.3
20260728T133711Z,27.3,91.3
20260728T133726Z,27.4,91.3
20260728T133741Z,27.4,91.2
20260728T133756Z,27.4,91.3
20260728T133811Z,27.4,91.3
20260728T133826Z,27.4,91.3
20260728T133841Z,27.4,91.2
20260728T133856Z,27.4,91.2
20260728T133911Z,27.4,91.2
20260728T133926Z,27.4,91.2
20260728T133941Z,27.4,91.2
20260728T133956Z,27.4,91.2
20260728T134011Z,27.4,91.2
20260728T134026Z,27.4,91.2
20260728T134041Z,27.4,91.2
20260728T134056Z,27.4,91.2
20260728T134111Z,27.4,91.2
20260728T134126Z,27.4,91.1
20260728T134141Z,27.4,91.2
20260728T134156Z,27.4,91.1
20260728T134211Z,27.4,91.1
20260728T134226Z,27.4,90.7
20260728T134241Z,27.4,91.2
20260728T134256Z,27.4,89.3
20260728T134311Z,27.3,89.6
20260728T134326Z,27.2,88.9
20260728T134341Z,27.2,88.3
20260728T134356Z,27.1,87.2
20260728T134411Z,27.0,86.9
20260728T134426Z,26.9,86.8
20260728T134441Z,26.8,86.4
20260728T134456Z,26.7,85.8
20260728T134511Z,26.6,85.1
20260728T134526Z,26.4,84.7
20260728T134541Z,26.3,84.5
20260728T134556Z,26.2,83.3
20260728T134611Z,26.1,83.6
20260728T134626Z,26.0,83.4
20260728T134641Z,25.9,82.6
20260728T134656Z,25.8,82.3
20260728T134711Z,25.7,81.6
20260728T134726Z,25.7,81.9
20260728T134741Z,25.6,81.4
20260728T134756Z,25.5,80.5
20260728T134811Z,25.4,80.3
20260728T134826Z,25.4,80.1
20260728T134841Z,25.3,79.7
20260728T134856Z,25.3,77.9
20260728T134911Z,25.2,77.3
20260728T134926Z,25.1,78.0
20260728T134941Z,25.1,79.8
20260728T134956Z,25.0,80.9
20260728T135011Z,25.0,82.5
20260728T135026Z,25.0,83.4
20260728T135041Z,25.0,83.6
20260728T135056Z,25.0,83.7
20260728T135111Z,25.0,84.1
20260728T135126Z,25.1,84.4
20260728T135141Z,25.1,84.7
20260728T135156Z,25.1,85.2
20260728T135211Z,25.1,85.5
20260728T135226Z,25.1,85.9
20260728T135241Z,25.2,86.2
20260728T135256Z,25.2,86.5
20260728T135311Z,25.2,86.9
20260728T135326Z,25.3,87.3
20260728T135341Z,25.3,87.3
20260728T135356Z,25.3,87.8
20260728T135411Z,25.4,88.0
20260728T135426Z,25.4,88.4
20260728T135441Z,25.4,88.5
20260728T135456Z,25.5,88.8
20260728T135511Z,25.5,89.1
20260728T135526Z,25.5,89.4
20260728T135541Z,25.5,89.5
20260728T135556Z,25.6,89.7
20260728T135612Z,25.6,89.8
20260728T135627Z,25.6,90.0
20260728T135641Z,25.6,90.2
20260728T135656Z,25.7,90.4
20260728T135712Z,25.7,90.5
20260728T135727Z,25.7,90.7
20260728T135741Z,25.8,91.0
20260728T135756Z,25.8,91.1
20260728T135811Z,25.8,91.2
20260728T135826Z,25.8,91.3
20260728T135841Z,25.9,91.5
20260728T135856Z,25.9,91.7
20260728T135911Z,25.9,91.7
20260728T135926Z,25.9,91.9
20260728T135941Z,25.9,92.0
20260728T135956Z,26.0,92.1
20260728T140011Z,26.0,92.1
20260728T140026Z,26.0,92.3
20260728T140041Z,26.0,92.4
20260728T140056Z,26.0,92.4
20260728T140111Z,26.0,92.5
20260728T140126Z,26.1,92.6
20260728T140141Z,26.1,92.7
20260728T140157Z,26.1,92.7
20260728T140211Z,26.1,92.7
20260728T140226Z,26.1,92.8
20260728T140241Z,26.2,92.8
20260728T140256Z,26.2,92.8
20260728T140311Z,26.2,92.9
20260728T140326Z,26.2,92.9
20260728T140341Z,26.2,92.9
20260728T140356Z,26.3,92.9
20260728T140411Z,26.3,92.9
20260728T140426Z,26.3,92.9
20260728T140441Z,26.3,92.9
20260728T140456Z,26.4,92.8
20260728T140511Z,26.4,92.8
20260728T140526Z,26.4,92.8
20260728T140541Z,26.4,92.8
20260728T140556Z,26.5,92.7
20260728T140611Z,26.5,92.7
20260728T140626Z,26.5,92.7
20260728T140641Z,26.5,92.6
20260728T140656Z,26.5,92.3
20260728T140711Z,26.5,91.2
20260728T140727Z,26.5,89.9
20260728T140741Z,26.5,89.8
20260728T140757Z,26.4,88.8
20260728T140811Z,26.4,88.2
20260728T140827Z,26.3,87.1
20260728T140841Z,26.2,85.9
20260728T140856Z,26.1,85.4
20260728T140911Z,26.0,85.0
20260728T140927Z,25.9,84.2
20260728T140941Z,25.8,83.6
20260728T140956Z,25.7,83.4
20260728T141011Z,25.6,82.7
20260728T141026Z,25.5,82.3
20260728T141041Z,25.4,81.5
20260728T141056Z,25.4,81.5
20260728T141111Z,25.3,80.7
20260728T141126Z,25.2,80.7
20260728T141141Z,25.1,82.0
20260728T141156Z,25.1,83.0
20260728T141211Z,25.1,84.5
20260728T141226Z,25.1,85.4
20260728T141241Z,25.1,85.3
20260728T141256Z,25.1,85.9
20260728T141311Z,25.1,86.1
20260728T141326Z,25.1,86.3
20260728T141342Z,25.1,86.9
20260728T141356Z,25.2,86.9
20260728T141412Z,25.2,87.2
20260728T141426Z,25.2,87.4
20260728T141442Z,25.2,87.8
20260728T141456Z,25.2,88.2
20260728T141512Z,25.3,88.6
20260728T141526Z,25.3,88.8
20260728T141541Z,25.3,89.1
20260728T141557Z,25.4,89.2
20260728T141612Z,25.4,89.4
20260728T141626Z,25.4,89.7
20260728T141642Z,25.4,90.0
20260728T141657Z,25.5,90.3
20260728T141711Z,25.5,90.4
20260728T141727Z,25.5,90.6
20260728T141741Z,25.5,90.7
20260728T141757Z,25.6,91.0
20260728T141811Z,25.6,91.1
20260728T141827Z,25.6,91.3
20260728T141841Z,25.6,91.6
20260728T141857Z,25.7,91.6
20260728T141911Z,25.7,91.7
20260728T141927Z,25.7,91.8
20260728T141942Z,25.7,91.9
20260728T141957Z,25.8,92.1
20260728T142011Z,25.8,92.2
20260728T142027Z,25.8,92.2
20260728T142041Z,25.8,92.1
20260728T142057Z,25.8,92.4
20260728T142111Z,25.9,92.5
20260728T142127Z,25.9,92.5
20260728T142141Z,25.9,92.6
20260728T142157Z,26.0,92.6
20260728T142212Z,26.0,92.7
20260728T142227Z,26.0,92.7
20260728T142242Z,26.0,92.8
20260728T142256Z,26.0,92.8
20260728T142311Z,26.1,92.8
20260728T142327Z,26.1,92.9
20260728T142341Z,26.1,92.9
20260728T142357Z,26.1,92.9
20260728T142411Z,26.2,92.9
20260728T142427Z,26.2,92.9
20260728T142441Z,26.2,92.9
20260728T142457Z,26.2,92.9
20260728T142511Z,26.3,92.9
20260728T142527Z,26.3,92.9
20260728T142542Z,26.3,92.9
20260728T142556Z,26.3,92.9
20260728T142611Z,26.3,92.9
20260728T142627Z,26.3,92.9
20260728T142641Z,26.4,92.9
20260728T142657Z,26.4,92.9
20260728T142711Z,26.4,92.9
20260728T142727Z,26.4,92.9
20260728T142741Z,26.4,92.8
20260728T142757Z,26.4,92.8
20260728T142811Z,26.5,92.8
20260728T142827Z,26.5,92.8
20260728T142841Z,26.5,92.8
20260728T142857Z,26.5,92.7
20260728T142911Z,26.5,92.3
20260728T142927Z,26.5,91.0
20260728T142942Z,26.5,90.1
20260728T142956Z,26.4,90.1
20260728T143012Z,26.4,89.2
20260728T143026Z,26.3,88.4
20260728T143042Z,26.2,87.2
20260728T143056Z,26.2,86.6
20260728T143113Z,26.1,85.8
20260728T143127Z,26.0,85.1
20260728T143142Z,25.9,85.1
20260728T143157Z,25.8,84.1
20260728T143211Z,25.7,84.0
20260728T143227Z,25.6,82.8
20260728T143242Z,25.5,83.1
20260728T143256Z,25.4,82.3
20260728T143312Z,25.4,81.6
20260728T143326Z,25.3,81.0
20260728T143342Z,25.2,81.6
20260728T143356Z,25.2,82.8
20260728T143413Z,25.1,83.7
20260728T143427Z,25.1,85.0
20260728T143442Z,25.1,85.6
20260728T143456Z,25.1,85.9
20260728T143511Z,25.1,86.3
20260728T143526Z,25.1,86.6
20260728T143541Z,25.1,86.9
20260728T143557Z,25.1,87.1
20260728T143611Z,25.1,87.4
20260728T143627Z,25.2,88.4
20260728T143641Z,25.2,88.5
20260728T143657Z,25.2,88.8
20260728T143711Z,25.3,89.2
20260728T143727Z,25.3,89.5
20260728T143741Z,25.3,89.9
20260728T143757Z,25.4,90.0
20260728T143811Z,25.4,90.2
20260728T143827Z,25.4,90.6
20260728T143842Z,25.4,90.7
20260728T143856Z,25.5,91.0
20260728T143912Z,25.5,91.2
20260728T143926Z,25.5,91.3
20260728T143942Z,25.6,91.5
20260728T143956Z,25.6,91.7
20260728T144012Z,25.6,91.8
20260728T144026Z,25.7,92.1
20260728T144042Z,25.7,92.1
20260728T144056Z,25.7,92.3
20260728T144112Z,25.8,92.3
20260728T144126Z,25.8,92.5
20260728T144142Z,25.8,92.5
20260728T144156Z,25.8,92.7
20260728T144212Z,25.9,92.8
20260728T144227Z,25.9,92.9
20260728T144241Z,25.9,92.9
20260728T144257Z,26.0,93.0
20260728T144311Z,26.0,93.1
20260728T144327Z,26.0,93.1
20260728T144341Z,26.0,93.2
20260728T144357Z,26.1,93.2
20260728T144412Z,26.1,93.2
20260728T144427Z,26.1,93.2
20260728T144441Z,26.1,93.3
20260728T144456Z,26.2,93.3
20260728T144512Z,26.2,93.4
20260728T144526Z,26.2,93.3
20260728T144542Z,26.2,93.4
20260728T144556Z,26.3,93.4
20260728T144612Z,26.3,93.3
20260728T144626Z,26.3,93.3
20260728T144642Z,26.3,93.3
20260728T144656Z,26.4,93.3
20260728T144712Z,26.4,93.3
20260728T144726Z,26.4,93.2
20260728T144741Z,26.5,93.2
20260728T144756Z,26.5,92.9
20260728T144811Z,26.5,92.7
20260728T144827Z,26.5,90.6
20260728T144841Z,26.5,90.5
20260728T144857Z,26.4,89.3
20260728T144911Z,26.4,88.7
20260728T144927Z,26.3,88.2
20260728T144941Z,26.2,87.0
20260728T144957Z,26.2,86.4
20260728T145011Z,26.1,85.7
20260728T145027Z,26.0,85.1
20260728T145041Z,25.9,84.2
20260728T145057Z,25.8,83.9
20260728T145112Z,25.7,83.4
20260728T145127Z,25.6,83.2
20260728T145141Z,25.5,81.5
20260728T145157Z,25.4,81.6
20260728T145211Z,25.3,81.1
20260728T145227Z,25.2,80.4
20260728T145241Z,25.1,79.7
20260728T145257Z,25.0,80.0
20260728T145311Z,24.9,79.4
20260728T145327Z,24.8,78.9
20260728T145341Z,24.8,80.0
20260728T145357Z,24.8,81.3
20260728T145411Z,24.8,82.8
20260728T145426Z,24.7,83.7
20260728T145442Z,24.8,84.2
20260728T145456Z,24.8,84.6
20260728T145511Z,24.8,85.1
20260728T145527Z,24.9,85.6
20260728T145541Z,24.9,85.9
20260728T145557Z,24.9,86.2
20260728T145611Z,25.0,86.6
20260728T145627Z,25.0,87.0
20260728T145641Z,25.0,87.1
20260728T145657Z,25.1,87.6
20260728T145711Z,25.1,87.8
20260728T145726Z,25.2,88.2
20260728T145742Z,25.2,88.4
20260728T145756Z,25.3,88.7
20260728T145813Z,25.3,88.9
20260728T145827Z,25.3,89.0
20260728T145842Z,25.4,89.1
20260728T145856Z,25.4,89.5
20260728T145911Z,25.4,89.7
20260728T145927Z,25.5,89.7
20260728T145941Z,25.5,90.0
20260728T145957Z,25.5,90.3
20260728T150011Z,25.6,90.4
20260728T150027Z,25.6,90.5
20260728T150042Z,25.6,90.7
20260728T150057Z,25.7,90.8
20260728T150112Z,25.7,91.0
20260728T150126Z,25.8,91.2
20260728T150142Z,25.8,91.4
20260728T150156Z,25.8,91.5
20260728T150212Z,25.8,91.6
20260728T150226Z,25.9,91.7
20260728T150242Z,25.9,91.9
20260728T150256Z,25.9,91.9
20260728T150312Z,25.9,92.1
20260728T150326Z,25.9,92.2
20260728T150342Z,26.0,92.3
20260728T150357Z,26.0,92.4
20260728T150412Z,26.0,92.4
20260728T150427Z,26.0,92.5
20260728T150442Z,26.1,92.5
20260728T150456Z,26.1,92.6
20260728T150512Z,26.1,92.7
20260728T150526Z,26.2,92.7
20260728T150542Z,26.2,92.7
20260728T150556Z,26.2,92.7
20260728T150612Z,26.2,92.7
20260728T150626Z,26.3,92.7
20260728T150642Z,26.3,92.7
20260728T150657Z,26.3,92.7
20260728T150712Z,26.3,92.8
20260728T150727Z,26.4,92.7
20260728T150742Z,26.4,92.7
20260728T150756Z,26.4,92.7
20260728T150812Z,26.5,92.7
20260728T150826Z,26.5,92.7
20260728T150842Z,26.5,91.9
20260728T150856Z,26.5,91.8
20260728T150912Z,26.5,89.7
20260728T150926Z,26.4,89.5
20260728T150942Z,26.4,88.4
20260728T150957Z,26.3,88.0
20260728T151012Z,26.2,86.9
20260728T151027Z,26.2,86.4
20260728T151042Z,26.1,86.0
20260728T151057Z,26.0,85.0
20260728T151112Z,25.9,84.2
20260728T151127Z,25.8,83.9
20260728T151142Z,25.7,82.9
20260728T151157Z,25.6,83.5
20260728T151212Z,25.6,82.9
20260728T151227Z,25.5,82.1
20260728T151242Z,25.4,81.6
20260728T151256Z,25.3,80.4
20260728T151312Z,25.2,80.1
20260728T151327Z,25.1,79.5
20260728T151342Z,25.0,78.6
20260728T151357Z,24.9,78.2
20260728T151412Z,24.8,78.3
20260728T151427Z,24.8,79.9
20260728T151442Z,24.7,81.8
20260728T151457Z,24.7,83.2
20260728T151512Z,24.7,83.8
20260728T151527Z,24.7,84.0
20260728T151542Z,24.8,84.6
20260728T151557Z,24.8,85.1
20260728T151612Z,24.8,85.4
20260728T151627Z,24.9,85.9
20260728T151642Z,24.9,86.2
20260728T151657Z,25.0,86.5
20260728T151712Z,25.0,87.0
20260728T151727Z,25.0,87.1
20260728T151742Z,25.1,87.4
20260728T151757Z,25.1,87.7
20260728T151812Z,25.2,88.0
20260728T151827Z,25.2,88.1
20260728T151842Z,25.2,88.5
20260728T151857Z,25.3,88.8
20260728T151912Z,25.3,88.9
20260728T151927Z,25.4,89.2
20260728T151942Z,25.4,89.5
20260728T151957Z,25.4,89.7
20260728T152012Z,25.5,89.7
20260728T152027Z,25.5,90.0
20260728T152042Z,25.5,90.2
20260728T152057Z,25.6,90.4
20260728T152112Z,25.6,90.5
20260728T152127Z,25.6,90.7
20260728T152142Z,25.7,91.0
20260728T152157Z,25.7,91.0
20260728T152212Z,25.7,91.1
20260728T152227Z,25.8,91.3
20260728T152242Z,25.8,91.4
20260728T152257Z,25.8,91.5
20260728T152312Z,25.8,91.6
20260728T152327Z,25.9,91.8
20260728T152342Z,25.9,91.9
20260728T152357Z,25.9,91.9
20260728T152412Z,26.0,92.0
20260728T152427Z,26.0,92.1
20260728T152442Z,26.0,92.1
20260728T152457Z,26.0,92.2
20260728T152512Z,26.0,92.3
20260728T152527Z,26.1,92.4
20260728T152542Z,26.1,92.4
20260728T152557Z,26.1,92.5
20260728T152612Z,26.2,92.5
20260728T152627Z,26.2,92.4
20260728T152642Z,26.2,92.4
20260728T152657Z,26.3,92.5
20260728T152712Z,26.3,92.4
20260728T152727Z,26.3,92.5
20260728T152742Z,26.3,92.5
20260728T152757Z,26.3,92.5
20260728T152812Z,26.4,92.5
20260728T152827Z,26.4,92.5
20260728T152842Z,26.4,92.4
20260728T152857Z,26.5,92.5
20260728T152912Z,26.5,92.4
20260728T152927Z,26.5,91.6
20260728T152942Z,26.5,90.5
20260728T152957Z,26.5,89.1
20260728T153012Z,26.4,88.8
20260728T153027Z,26.3,87.8
20260728T153042Z,26.3,87.2
20260728T153057Z,26.2,86.7
20260728T153112Z,26.1,85.9
20260728T153127Z,26.0,85.6
20260728T153142Z,25.9,84.8
20260728T153157Z,25.8,83.9
20260728T153212Z,25.7,83.3
20260728T153227Z,25.6,83.1
20260728T153242Z,25.5,82.6
20260728T153257Z,25.4,82.1
20260728T153312Z,25.4,81.6
20260728T153327Z,25.3,80.8
20260728T153342Z,25.2,79.9
20260728T153357Z,25.1,79.7
20260728T153412Z,25.0,79.3
20260728T153427Z,24.9,78.2
20260728T153442Z,24.8,78.3
20260728T153457Z,24.7,77.6
20260728T153512Z,24.7,79.6
20260728T153527Z,24.6,81.3
20260728T153542Z,24.6,82.5
20260728T153557Z,24.6,83.7
20260728T153612Z,24.6,84.2
20260728T153627Z,24.7,84.3
20260728T153642Z,24.7,84.7
20260728T153657Z,24.8,85.2
20260728T153712Z,24.8,85.6
20260728T153727Z,24.9,86.0
20260728T153742Z,24.9,86.2
20260728T153757Z,24.9,86.4
20260728T153812Z,25.0,86.8
20260728T153827Z,25.0,86.9
20260728T153842Z,25.1,87.4
20260728T153857Z,25.1,87.7
20260728T153912Z,25.2,88.0
20260728T153927Z,25.2,88.2
20260728T153942Z,25.2,88.7
20260728T153957Z,25.3,88.7
20260728T154012Z,25.3,88.8
20260728T154027Z,25.4,89.2
20260728T154042Z,25.4,89.3
20260728T154057Z,25.4,89.4
20260728T154112Z,25.5,89.7
20260728T154127Z,25.5,89.9
20260728T154142Z,25.5,90.1
20260728T154157Z,25.6,90.2
20260728T154212Z,25.6,90.3
20260728T154227Z,25.6,90.6
20260728T154242Z,25.7,90.7
20260728T154257Z,25.7,90.9
20260728T154312Z,25.7,91.0
20260728T154327Z,25.8,91.1
20260728T154342Z,25.8,91.2
20260728T154357Z,25.8,91.4
20260728T154412Z,25.8,91.5
20260728T154427Z,25.9,91.5
20260728T154442Z,25.9,91.6
20260728T154457Z,25.9,91.8
20260728T154512Z,25.9,91.9
20260728T154527Z,26.0,92.0
20260728T154542Z,26.0,92.1
20260728T154557Z,26.0,92.1
20260728T154612Z,26.0,92.1
20260728T154627Z,26.1,92.1
20260728T154642Z,26.1,92.3
20260728T154657Z,26.1,92.2
20260728T154712Z,26.2,92.3
20260728T154727Z,26.2,92.3
20260728T154742Z,26.2,92.3
20260728T154757Z,26.2,92.3
20260728T154812Z,26.3,92.3
20260728T154827Z,26.3,92.3
20260728T154842Z,26.3,92.3
20260728T154857Z,26.3,92.4
20260728T154912Z,26.4,92.3
20260728T154927Z,26.4,92.4
20260728T154942Z,26.4,92.3
20260728T154957Z,26.4,92.3
20260728T155012Z,26.5,92.3
20260728T155027Z,26.5,91.6
20260728T155042Z,26.5,90.0
20260728T155057Z,26.4,89.3
20260728T155112Z,26.4,88.8
20260728T155127Z,26.3,87.6
20260728T155142Z,26.3,87.2
20260728T155157Z,26.2,86.5
20260728T155212Z,26.1,85.8
20260728T155227Z,26.0,85.0
20260728T155242Z,25.9,84.8
20260728T155257Z,25.8,84.4
20260728T155312Z,25.7,83.8
20260728T155327Z,25.6,83.6
20260728T155342Z,25.5,82.2
20260728T155357Z,25.5,81.6
20260728T155412Z,25.4,80.9
20260728T155427Z,25.3,80.3
20260728T155442Z,25.2,80.1
20260728T155457Z,25.1,79.6
20260728T155512Z,25.0,79.2
20260728T155527Z,24.9,78.8
20260728T155542Z,24.9,77.8
20260728T155557Z,24.8,79.3
20260728T155612Z,24.8,80.5
20260728T155627Z,24.7,81.7
20260728T155642Z,24.7,83.0
20260728T155657Z,24.8,83.7
20260728T155712Z,24.8,83.8
20260728T155727Z,24.8,84.0
20260728T155742Z,24.8,84.6
20260728T155757Z,24.8,84.8
20260728T155812Z,24.9,85.2
20260728T155827Z,24.9,85.8
20260728T155842Z,25.0,85.9
20260728T155857Z,25.0,86.3
20260728T155912Z,25.0,86.7
20260728T155927Z,25.1,87.1
20260728T155942Z,25.1,87.2
20260728T155957Z,25.2,87.5
20260728T160012Z,25.2,87.8
20260728T160027Z,25.2,88.1
20260728T160042Z,25.3,88.2
20260728T160057Z,25.3,88.4
20260728T160112Z,25.3,88.7
20260728T160127Z,25.4,88.7
20260728T160142Z,25.4,89.1
20260728T160157Z,25.5,89.2
20260728T160212Z,25.5,89.3
20260728T160227Z,25.5,89.5
20260728T160242Z,25.6,89.6
20260728T160257Z,25.6,89.8
20260728T160312Z,25.6,89.9
20260728T160327Z,25.7,90.0
20260728T160342Z,25.7,90.1
20260728T160357Z,25.7,90.2
20260728T160412Z,25.8,90.3
20260728T160427Z,25.8,90.4
20260728T160442Z,25.8,90.5
20260728T160457Z,25.8,90.6
20260728T160512Z,25.9,90.7
20260728T160527Z,25.9,90.8
20260728T160542Z,25.9,90.9
20260728T160557Z,26.0,91.0
20260728T160612Z,26.0,91.1
20260728T160627Z,26.0,91.2
20260728T160642Z,26.0,91.2
20260728T160657Z,26.1,91.3
20260728T160712Z,26.1,91.2
20260728T160727Z,26.1,91.4
20260728T160742Z,26.1,91.4
20260728T160757Z,26.2,91.4
20260728T160812Z,26.2,91.5
20260728T160827Z,26.2,91.4
20260728T160842Z,26.3,91.5
20260728T160857Z,26.3,91.5
20260728T160913Z,26.3,91.5
20260728T160927Z,26.3,91.5
20260728T160942Z,26.3,91.6
20260728T160957Z,26.4,91.6
20260728T161013Z,26.4,91.6
20260728T161027Z,26.4,91.6
20260728T161042Z,26.4,91.6
20260728T161057Z,26.4,91.6
20260728T161112Z,26.5,91.6
20260728T161127Z,26.5,91.6
20260728T161142Z,26.5,91.7
20260728T161157Z,26.5,91.7
20260728T161212Z,26.5,91.7
20260728T161227Z,26.5,91.6
20260728T161242Z,26.6,91.8
20260728T161257Z,26.6,91.7
20260728T161312Z,26.6,91.7
20260728T161327Z,26.6,91.6
20260728T161342Z,26.6,91.5
20260728T161357Z,26.6,91.4
20260728T161412Z,26.6,89.8
20260728T161427Z,26.6,89.5
20260728T161442Z,26.5,88.0
20260728T161457Z,26.5,87.5
20260728T161512Z,26.4,86.8
20260728T161527Z,26.3,85.6
20260728T161542Z,26.2,85.4
20260728T161557Z,26.1,84.8
20260728T161612Z,26.0,83.7
20260728T161627Z,25.9,83.3
20260728T161642Z,25.8,83.1
20260728T161657Z,25.6,82.4
20260728T161712Z,25.5,82.5
20260728T161727Z,25.5,81.7
20260728T161742Z,25.3,80.6
20260728T161757Z,25.3,81.0
20260728T161813Z,25.2,79.6
20260728T161828Z,25.1,80.9
20260728T161842Z,25.0,82.4
20260728T161857Z,25.0,83.8
20260728T161912Z,25.0,84.4
20260728T161927Z,25.0,85.4
20260728T161942Z,25.0,85.1
20260728T161957Z,25.0,85.6
20260728T162012Z,25.0,85.8
20260728T162027Z,25.0,86.4
20260728T162042Z,25.1,86.7
20260728T162057Z,25.1,87.1
20260728T162113Z,25.1,87.4
20260728T162128Z,25.2,87.6
20260728T162142Z,25.2,87.9
20260728T162157Z,25.2,88.2
20260728T162213Z,25.3,88.5
20260728T162227Z,25.3,88.6
20260728T162242Z,25.4,88.9
20260728T162257Z,25.4,88.8
20260728T162312Z,25.4,89.1
20260728T162327Z,25.5,89.3
20260728T162342Z,25.5,89.5
20260728T162357Z,25.6,89.7
20260728T162412Z,25.6,89.9
20260728T162427Z,25.6,90.0
20260728T162442Z,25.6,90.2
20260728T162457Z,25.7,90.2
20260728T162512Z,25.7,90.3
20260728T162527Z,25.7,90.5
20260728T162542Z,25.8,90.5
20260728T162557Z,25.8,90.8
20260728T162612Z,25.8,90.9
20260728T162627Z,25.9,90.9
20260728T162642Z,25.9,91.0
20260728T162657Z,25.9,91.1
20260728T162712Z,26.0,91.1
20260728T162727Z,26.0,91.3
20260728T162742Z,26.0,91.4
20260728T162757Z,26.0,91.4
20260728T162812Z,26.1,91.5
20260728T162827Z,26.1,91.5
20260728T162842Z,26.1,91.7
20260728T162857Z,26.1,91.7
20260728T162912Z,26.1,91.8
20260728T162927Z,26.2,91.8
20260728T162942Z,26.2,91.8
20260728T162957Z,26.2,91.9
20260728T163013Z,26.2,91.9
20260728T163027Z,26.2,91.9
20260728T163042Z,26.3,92.2
20260728T163057Z,26.3,92.1
20260728T163112Z,26.3,92.2
20260728T163127Z,26.3,92.3
20260728T163142Z,26.3,92.2
20260728T163157Z,26.4,92.2
20260728T163213Z,26.4,92.3
20260728T163227Z,26.4,92.3
20260728T163242Z,26.4,92.4
20260728T163257Z,26.4,92.3
20260728T163312Z,26.4,92.4
20260728T163327Z,26.4,92.4
20260728T163342Z,26.4,92.4
20260728T163357Z,26.5,92.4
20260728T163413Z,26.5,92.4
20260728T163428Z,26.5,92.4
20260728T163442Z,26.5,92.5
20260728T163457Z,26.5,92.5
20260728T163512Z,26.5,92.5
20260728T163527Z,26.5,92.5
20260728T163542Z,26.5,92.5
20260728T163557Z,26.5,92.1
20260728T163612Z,26.5,90.6
20260728T163627Z,26.5,90.1
20260728T163642Z,26.4,89.8
20260728T163657Z,26.4,88.7
20260728T163712Z,26.3,88.2
20260728T163727Z,26.2,87.3
20260728T163742Z,26.2,86.6
20260728T163757Z,26.1,86.2
20260728T163812Z,26.0,84.6
20260728T163827Z,25.9,84.9
20260728T163842Z,25.8,83.6
20260728T163857Z,25.7,83.7
20260728T163912Z,25.6,83.2
20260728T163927Z,25.5,82.5
20260728T163942Z,25.4,81.3
20260728T163957Z,25.3,81.2
20260728T164012Z,25.2,80.8
20260728T164027Z,25.1,82.5
20260728T164042Z,25.1,84.3
20260728T164057Z,25.1,84.9
20260728T164112Z,25.1,86.1
20260728T164127Z,25.1,86.2
20260728T164142Z,25.1,86.5
20260728T164157Z,25.1,87.1
20260728T164212Z,25.1,87.8
20260728T164227Z,25.1,87.8
20260728T164242Z,25.2,88.5
20260728T164257Z,25.2,88.8
20260728T164312Z,25.3,88.8
20260728T164327Z,25.3,89.0
20260728T164342Z,25.4,89.1
20260728T164357Z,25.4,89.2
20260728T164412Z,25.5,88.5
20260728T164427Z,25.5,87.6
20260728T164442Z,25.5,86.6
20260728T164457Z,25.5,86.2
20260728T164512Z,25.5,85.6
20260728T164527Z,25.5,85.2
20260728T164542Z,25.5,83.9
20260728T164557Z,25.6,82.9
20260728T164612Z,25.6,81.5
20260728T164627Z,25.5,80.3
20260728T164642Z,25.5,79.4
20260728T164657Z,25.5,78.8
20260728T164712Z,25.4,77.8
20260728T164727Z,25.4,77.2
20260728T164742Z,25.3,76.9
20260728T164757Z,25.3,75.9
20260728T164812Z,25.2,75.2
20260728T164827Z,25.2,74.4
20260728T164842Z,25.1,74.4
20260728T164857Z,25.0,73.3
20260728T164912Z,25.0,72.8
20260728T164927Z,24.9,72.5
20260728T164942Z,24.9,72.3
20260728T164957Z,24.8,71.3
20260728T165012Z,24.7,71.1
20260728T165027Z,24.7,70.2
20260728T165042Z,24.6,70.0
20260728T165057Z,24.5,70.0
20260728T165112Z,24.5,71.0
20260728T165127Z,24.5,72.7
20260728T165142Z,24.5,74.7
20260728T165157Z,24.6,76.1
20260728T165212Z,24.6,76.8
20260728T165227Z,24.7,77.3
20260728T165242Z,24.7,77.3
20260728T165257Z,24.7,77.6
20260728T165312Z,24.8,77.6
20260728T165327Z,24.8,77.8
20260728T165342Z,24.9,78.4
20260728T165357Z,24.9,78.7
20260728T165412Z,24.9,78.7
20260728T165427Z,24.9,79.4
20260728T165442Z,25.0,79.6
20260728T165457Z,25.0,80.2
20260728T165512Z,25.0,80.4
20260728T165527Z,25.0,80.9
20260728T165542Z,25.0,80.9
20260728T165557Z,25.0,81.2
20260728T165612Z,25.1,81.6
20260728T165627Z,25.1,82.1
20260728T165642Z,25.1,82.2
20260728T165657Z,25.1,82.7
20260728T165712Z,25.1,82.7
20260728T165727Z,25.1,83.1
20260728T165742Z,25.2,83.5
20260728T165757Z,25.2,83.8
20260728T165812Z,25.2,83.6
20260728T165827Z,25.2,84.1
20260728T165842Z,25.2,84.4
20260728T165857Z,25.3,84.5
20260728T165912Z,25.3,84.9
20260728T165927Z,25.3,84.7
20260728T165942Z,25.3,85.2
20260728T165957Z,25.4,85.4
20260728T170012Z,25.4,85.7
20260728T170027Z,25.4,85.7
20260728T170042Z,25.4,86.0
20260728T170057Z,25.4,86.2
20260728T170112Z,25.5,86.2
20260728T170127Z,25.5,86.5
20260728T170142Z,25.5,86.8
20260728T170157Z,25.5,86.9
20260728T170212Z,25.5,87.1
20260728T170227Z,25.5,87.1
20260728T170242Z,25.6,87.4
20260728T170257Z,25.6,87.3
20260728T170312Z,25.6,87.6
20260728T170327Z,25.6,87.4
20260728T170342Z,25.6,87.1
20260728T170357Z,25.6,85.9
20260728T170412Z,25.6,84.9
20260728T170427Z,25.6,84.5
20260728T170442Z,25.6,84.0
20260728T170457Z,25.5,83.5
20260728T170512Z,25.5,82.0
20260728T170527Z,25.5,81.2
20260728T170542Z,25.5,80.0
20260728T170557Z,25.4,78.8
20260728T170612Z,25.3,78.1
20260728T170627Z,25.2,77.9
20260728T170642Z,25.1,77.1
20260728T170657Z,25.1,76.8
20260728T170712Z,25.1,75.8
20260728T170727Z,25.0,75.4
20260728T170742Z,24.9,74.5
20260728T170757Z,24.9,74.2
20260728T170812Z,24.8,73.7
20260728T170827Z,24.8,73.1
20260728T170842Z,24.7,72.5
20260728T170857Z,24.6,71.8
20260728T170912Z,24.6,71.0
20260728T170927Z,24.5,71.1
20260728T170942Z,24.5,72.0
20260728T170957Z,24.5,74.3
20260728T171012Z,24.5,75.8
20260728T171027Z,24.6,77.1
20260728T171042Z,24.6,77.7
20260728T171057Z,24.6,78.0
20260728T171112Z,24.7,78.5
20260728T171127Z,24.7,78.7
20260728T171142Z,24.7,78.6
20260728T171157Z,24.8,78.8
20260728T171212Z,24.8,79.0
20260728T171227Z,24.8,79.0
20260728T171242Z,24.9,79.7
20260728T171257Z,24.9,80.0
20260728T171312Z,24.9,80.2
20260728T171327Z,24.9,80.6
20260728T171342Z,25.0,80.8
20260728T171357Z,25.0,81.6
20260728T171412Z,25.0,81.7
20260728T171427Z,25.0,82.0
20260728T171442Z,25.0,82.6
20260728T171457Z,25.0,82.6
20260728T171512Z,25.0,82.8
20260728T171527Z,25.0,83.1
20260728T171542Z,25.1,83.0
20260728T171557Z,25.1,83.4
20260728T171612Z,25.1,83.8
20260728T171627Z,25.1,83.9
20260728T171642Z,25.2,84.3
20260728T171657Z,25.2,84.5
20260728T171712Z,25.2,84.4
20260728T171727Z,25.2,84.9
20260728T171742Z,25.3,85.1
20260728T171757Z,25.3,85.3
20260728T171812Z,25.3,85.5
20260728T171827Z,25.3,85.7
20260728T171842Z,25.3,85.9
20260728T171857Z,25.3,86.0
20260728T171912Z,25.4,86.3
20260728T171927Z,25.4,86.4
20260728T171942Z,25.4,86.6
20260728T171957Z,25.4,86.9
20260728T172012Z,25.4,87.0
20260728T172027Z,25.4,87.3
20260728T172042Z,25.5,87.3
20260728T172057Z,25.5,87.4
20260728T172112Z,25.5,87.7
20260728T172127Z,25.5,87.8
20260728T172142Z,25.5,87.8
20260728T172157Z,25.5,87.8
20260728T172212Z,25.6,88.2
20260728T172227Z,25.6,88.4
20260728T172242Z,25.6,88.6
20260728T172257Z,25.6,88.7
20260728T172312Z,25.6,88.0
20260728T172327Z,25.6,88.1
20260728T172342Z,25.6,86.6
20260728T172357Z,25.6,85.8
20260728T172412Z,25.6,85.4
20260728T172427Z,25.5,84.5
20260728T172442Z,25.5,83.5
20260728T172457Z,25.5,82.6
20260728T172512Z,25.5,81.2
20260728T172527Z,25.4,80.3
20260728T172542Z,25.3,79.3
20260728T172557Z,25.3,78.2
20260728T172612Z,25.2,78.1
20260728T172627Z,25.1,77.7
20260728T172642Z,25.1,76.9
20260728T172657Z,25.0,76.3
20260728T172712Z,24.9,75.7
20260728T172727Z,24.8,74.9
20260728T172742Z,24.8,74.5
20260728T172757Z,24.7,73.8
20260728T172812Z,24.6,73.5
20260728T172827Z,24.5,73.0
20260728T172842Z,24.5,72.4
20260728T172857Z,24.4,72.4
20260728T172912Z,24.4,73.4
20260728T172927Z,24.4,74.9
20260728T172942Z,24.4,76.7
20260728T172957Z,24.4,77.9
20260728T173012Z,24.5,78.7
20260728T173027Z,24.5,78.8
20260728T173042Z,24.5,79.2
20260728T173057Z,24.6,79.3
20260728T173112Z,24.6,79.3
20260728T173127Z,24.7,79.6
20260728T173142Z,24.7,79.7
20260728T173157Z,24.7,79.8
20260728T173212Z,24.8,80.2
20260728T173227Z,24.8,80.6
20260728T173242Z,24.9,80.8
20260728T173257Z,24.9,81.1
20260728T173313Z,24.9,81.7
20260728T173328Z,24.9,81.9
20260728T173342Z,25.0,82.2
20260728T173357Z,24.9,82.5
20260728T173412Z,25.0,82.9
20260728T173427Z,25.0,83.3
20260728T173442Z,25.0,83.6
20260728T173457Z,25.0,83.7
20260728T173512Z,25.0,83.9
20260728T173527Z,25.0,84.2
20260728T173542Z,25.0,84.5
20260728T173557Z,25.1,84.7
20260728T173612Z,25.1,84.8
20260728T173627Z,25.1,85.1
20260728T173642Z,25.1,85.4
20260728T173657Z,25.1,85.5
20260728T173712Z,25.2,85.7
20260728T173727Z,25.2,86.0
20260728T173742Z,25.2,86.1
20260728T173757Z,25.2,86.3
20260728T173812Z,25.2,86.5
20260728T173827Z,25.2,86.6
20260728T173842Z,25.3,86.8
20260728T173857Z,25.3,87.0
20260728T173912Z,25.3,87.2
20260728T173927Z,25.3,87.2
20260728T173942Z,25.3,87.4
20260728T173957Z,25.4,87.6
20260728T174012Z,25.4,87.6
20260728T174027Z,25.4,87.6
20260728T174042Z,25.4,87.8
20260728T174057Z,25.5,88.2
20260728T174112Z,25.5,88.2
20260728T174127Z,25.5,88.2
20260728T174142Z,25.5,88.5
20260728T174157Z,25.5,88.7
20260728T174212Z,25.5,88.8
20260728T174227Z,25.6,88.8
20260728T174242Z,25.6,89.0
20260728T174257Z,25.6,89.0
20260728T174313Z,25.6,89.1
20260728T174328Z,25.6,89.5
20260728T174342Z,25.6,89.5
20260728T174357Z,25.6,89.7
20260728T174412Z,25.6,89.5
20260728T174427Z,25.7,89.8
20260728T174442Z,25.7,90.0
20260728T174457Z,25.7,90.0
20260728T174512Z,25.7,90.2
20260728T174527Z,25.7,90.1
20260728T174542Z,25.7,90.3
20260728T174557Z,25.8,90.3
20260728T174612Z,25.8,90.6
20260728T174627Z,25.8,90.6
20260728T174642Z,25.8,90.7
20260728T174657Z,25.8,90.6
20260728T174712Z,25.8,90.8
20260728T174727Z,25.8,90.9
20260728T174742Z,25.8,91.0
20260728T174757Z,25.9,91.1
20260728T174812Z,25.9,91.1
20260728T174827Z,25.9,91.2
20260728T174842Z,25.9,91.3
20260728T174857Z,25.9,91.4
20260728T174912Z,25.9,91.4
20260728T174927Z,25.9,91.5
20260728T174942Z,25.9,91.6
20260728T174957Z,25.9,91.6
20260728T175012Z,25.9,91.6
20260728T175027Z,26.0,91.8
20260728T175042Z,26.0,91.7
20260728T175057Z,26.0,91.8
20260728T175112Z,26.0,91.7
20260728T175127Z,26.0,91.9
20260728T175142Z,26.0,91.9
20260728T175157Z,26.0,92.0
20260728T175212Z,26.0,92.0
20260728T175227Z,26.1,92.1
20260728T175242Z,26.1,92.1
20260728T175257Z,26.1,92.2
20260728T175313Z,26.1,92.3
20260728T175328Z,26.1,92.3
20260728T175343Z,26.1,92.3
20260728T175357Z,26.1,92.4
20260728T175412Z,26.1,92.3
20260728T175427Z,26.1,92.3
20260728T175442Z,26.1,92.4
20260728T175457Z,26.2,92.4
20260728T175512Z,26.2,92.5
20260728T175527Z,26.2,92.4
20260728T175542Z,26.2,92.5
20260728T175557Z,26.2,92.6
20260728T175612Z,26.2,92.7
20260728T175627Z,26.2,92.6
20260728T175642Z,26.2,92.7
20260728T175657Z,26.2,92.7
20260728T175712Z,26.2,92.7
20260728T175727Z,26.2,92.7
20260728T175742Z,26.3,92.7
20260728T175757Z,26.3,92.7
20260728T175812Z,26.3,92.6
20260728T175827Z,26.3,92.7
20260728T175842Z,26.3,92.7
20260728T175857Z,26.3,92.7
20260728T175912Z,26.3,92.9
20260728T175927Z,26.3,92.7
20260728T175942Z,26.3,92.9
20260728T175958Z,26.4,92.8
20260728T180012Z,26.4,92.7
20260728T180027Z,26.4,92.7
20260728T180042Z,26.4,92.8
20260728T180057Z,26.4,92.7
20260728T180112Z,26.4,92.7
20260728T180127Z,26.4,92.8
20260728T180142Z,26.4,92.8
20260728T180157Z,26.4,92.8
20260728T180212Z,26.4,92.8
20260728T180227Z,26.4,92.8
20260728T180242Z,26.5,92.8
20260728T180257Z,26.4,92.7
20260728T180312Z,26.5,92.7
20260728T180327Z,26.5,92.8
20260728T180342Z,26.5,92.8
20260728T180357Z,26.5,92.8
20260728T180412Z,26.5,92.8
20260728T180427Z,26.5,92.8
20260728T180442Z,26.5,92.8
20260728T180457Z,26.5,92.8
20260728T180512Z,26.5,92.8
20260728T180527Z,26.5,92.8
20260728T180542Z,26.6,92.8
20260728T180558Z,26.6,92.8
20260728T180612Z,26.6,92.8
20260728T180628Z,26.6,92.7
20260728T180642Z,26.6,92.7
20260728T180657Z,26.6,92.7
20260728T180712Z,26.6,92.8
20260728T180727Z,26.6,92.8
20260728T180742Z,26.6,92.7
20260728T180757Z,26.6,92.7
20260728T180812Z,26.7,92.7
20260728T180828Z,26.6,92.6
20260728T180842Z,26.7,92.6
20260728T180858Z,26.7,92.6
20260728T180913Z,26.7,92.5
20260728T180927Z,26.7,92.6
20260728T180942Z,26.7,91.9
20260728T180958Z,26.7,91.7
20260728T181012Z,26.7,90.0
20260728T181028Z,26.6,90.7
20260728T181042Z,26.6,88.8
20260728T181058Z,26.5,88.2
20260728T181112Z,26.5,87.4
20260728T181128Z,26.5,87.8
20260728T181142Z,26.4,86.5
20260728T181157Z,26.4,85.2
20260728T181213Z,26.3,84.0
20260728T181227Z,26.3,82.6
20260728T181243Z,26.2,81.8
20260728T181257Z,26.1,80.8
20260728T181313Z,26.0,80.4
20260728T181327Z,25.9,79.9
20260728T181343Z,25.8,79.4
20260728T181357Z,25.7,78.8
20260728T181412Z,25.6,78.2
20260728T181428Z,25.5,79.1
20260728T181442Z,25.4,81.5
20260728T181458Z,25.4,82.0
20260728T181512Z,25.4,83.6
20260728T181527Z,25.4,84.5
20260728T181543Z,25.4,84.9
20260728T181557Z,25.4,85.2
20260728T181612Z,25.4,85.3
20260728T181628Z,25.4,85.5
20260728T181642Z,25.4,85.4
20260728T181658Z,25.4,85.8
20260728T181712Z,25.4,86.1
20260728T181728Z,25.4,86.5
20260728T181742Z,25.4,86.6
20260728T181758Z,25.4,86.8
20260728T181812Z,25.5,87.1
20260728T181828Z,25.5,86.9
20260728T181842Z,25.5,87.4
20260728T181858Z,25.5,87.5
20260728T181912Z,25.5,87.7
20260728T181928Z,25.5,87.9
20260728T181942Z,25.6,88.2
20260728T181958Z,25.6,88.4
20260728T182012Z,25.6,88.7
20260728T182028Z,25.6,88.6
20260728T182042Z,25.6,88.9
20260728T182058Z,25.7,89.0
20260728T182112Z,25.7,89.2
20260728T182128Z,25.7,89.4
20260728T182142Z,25.7,89.5
20260728T182158Z,25.7,89.8
20260728T182213Z,25.7,89.8
20260728T182227Z,25.7,89.8
20260728T182242Z,25.7,90.0
20260728T182258Z,25.8,90.1
20260728T182313Z,25.8,90.3
20260728T182327Z,25.8,90.3
20260728T182343Z,25.8,90.5
20260728T182357Z,25.8,90.6
20260728T182413Z,25.9,90.6
20260728T182428Z,25.9,90.9
20260728T182442Z,25.9,90.9
20260728T182458Z,25.9,91.0
20260728T182512Z,25.9,91.2
20260728T182528Z,25.9,91.2
20260728T182542Z,25.9,91.3
20260728T182558Z,26.0,91.4
20260728T182612Z,26.0,91.5
20260728T182628Z,26.0,91.7
20260728T182642Z,26.0,91.7
20260728T182658Z,26.0,91.6
20260728T182713Z,26.0,91.8
20260728T182727Z,26.0,91.9
20260728T182743Z,26.0,92.0
20260728T182757Z,26.0,92.2
20260728T182813Z,26.0,92.1
20260728T182828Z,26.1,92.2
20260728T182842Z,26.1,92.2
20260728T182858Z,26.1,92.4
20260728T182913Z,26.1,92.3
20260728T182927Z,26.1,92.4
20260728T182943Z,26.1,92.5
20260728T182957Z,26.1,92.6
20260728T183014Z,26.1,92.6
20260728T183028Z,26.1,92.7
20260728T183043Z,26.2,92.7
20260728T183058Z,26.2,92.9
20260728T183112Z,26.2,92.9
20260728T183128Z,26.2,92.8
20260728T183142Z,26.2,92.9
20260728T183158Z,26.2,93.0
20260728T183212Z,26.2,93.0
20260728T183228Z,26.2,93.0
20260728T183242Z,26.2,93.1
20260728T183258Z,26.3,93.0
20260728T183312Z,26.3,93.1
20260728T183328Z,26.3,93.1
20260728T183342Z,26.3,93.1
20260728T183358Z,26.3,93.1
20260728T183413Z,26.3,93.1
20260728T183428Z,26.3,93.1
20260728T183443Z,26.3,93.2
20260728T183458Z,26.3,93.1
20260728T183513Z,26.4,93.2
20260728T183527Z,26.4,93.2
20260728T183543Z,26.4,93.2
20260728T183557Z,26.4,93.2
20260728T183612Z,26.4,93.2
20260728T183628Z,26.4,93.2
20260728T183642Z,26.4,93.2
20260728T183658Z,26.4,93.3
20260728T183712Z,26.4,93.2
20260728T183728Z,26.5,93.2
20260728T183742Z,26.5,93.3
20260728T183758Z,26.5,93.2
20260728T183812Z,26.5,93.1
20260728T183828Z,26.5,93.3
20260728T183842Z,26.5,93.2
20260728T183858Z,26.5,93.2
20260728T183912Z,26.5,93.2
20260728T183928Z,26.5,93.2
20260728T183942Z,26.5,93.2
20260728T183958Z,26.5,93.2
20260728T184012Z,26.6,93.1
20260728T184028Z,26.6,93.1
20260728T184042Z,26.6,93.2
20260728T184058Z,26.6,93.2
20260728T184112Z,26.6,93.1
20260728T184127Z,26.6,93.1
20260728T184143Z,26.6,93.1
20260728T184157Z,26.6,93.1
20260728T184213Z,26.6,93.1
20260728T184227Z,26.7,93.2
20260728T184243Z,26.6,93.2
20260728T184257Z,26.7,93.1
20260728T184313Z,26.7,92.3
20260728T184327Z,26.7,92.0
20260728T184343Z,26.6,90.6
20260728T184357Z,26.6,90.0
20260728T184413Z,26.5,89.6
20260728T184427Z,26.5,89.3
20260728T184443Z,26.5,88.4
20260728T184457Z,26.5,87.7
20260728T184513Z,26.4,85.6
20260728T184527Z,26.3,85.1
20260728T184543Z,26.2,84.0
20260728T184557Z,26.2,83.4
20260728T184612Z,26.1,83.3
20260728T184628Z,26.0,84.6
20260728T184642Z,26.0,86.3
20260728T184658Z,26.0,87.6
20260728T184712Z,26.0,87.9
20260728T184728Z,26.0,88.3
20260728T184742Z,25.9,88.4
20260728T184758Z,25.9,88.4
20260728T184812Z,25.9,88.8
20260728T184828Z,25.9,89.3
20260728T184842Z,25.8,89.5
20260728T184858Z,25.8,89.7
20260728T184912Z,25.8,89.7
20260728T184928Z,25.8,90.2
20260728T184943Z,25.8,90.3
20260728T184957Z,25.8,90.5
20260728T185013Z,25.8,90.6
20260728T185027Z,25.9,90.8
20260728T185042Z,25.9,90.9
20260728T185058Z,25.9,91.2
20260728T185112Z,25.9,91.2
20260728T185128Z,25.9,91.4
20260728T185142Z,25.9,91.4
20260728T185158Z,25.9,91.7
20260728T185212Z,26.0,91.6
20260728T185228Z,26.0,91.8
20260728T185242Z,26.0,92.0
20260728T185258Z,26.0,92.2
20260728T185313Z,26.0,92.2
20260728T185327Z,26.0,92.2
20260728T185343Z,26.0,92.4
20260728T185357Z,26.1,92.4
20260728T185413Z,26.1,92.6
20260728T185427Z,26.1,92.6
20260728T185443Z,26.1,92.7
20260728T185458Z,26.1,92.9
20260728T185512Z,26.1,92.9
20260728T185528Z,26.1,93.1
20260728T185543Z,26.2,93.0
20260728T185558Z,26.2,93.1
20260728T185613Z,26.2,93.3
20260728T185628Z,26.2,93.2
20260728T185642Z,26.2,93.2
20260728T185658Z,26.2,93.4
20260728T185712Z,26.2,93.6
20260728T185728Z,26.2,93.4
20260728T185742Z,26.3,93.5
20260728T185758Z,26.3,93.5
20260728T185812Z,26.3,93.6
20260728T185828Z,26.3,93.6
20260728T185842Z,26.3,93.6
20260728T185858Z,26.3,93.7
20260728T185913Z,26.3,93.8
20260728T185927Z,26.4,93.8
20260728T185943Z,26.3,93.7
20260728T185958Z,26.4,93.8
20260728T190013Z,26.4,93.8
20260728T190027Z,26.4,93.8
20260728T190042Z,26.4,93.8
20260728T190058Z,26.4,94.0
20260728T190113Z,26.4,93.9
20260728T190127Z,26.4,93.9
20260728T190143Z,26.4,94.0
20260728T190158Z,26.5,94.0
20260728T190213Z,26.5,93.9
20260728T190227Z,26.5,94.0
20260728T190243Z,26.5,94.0
20260728T190258Z,26.5,94.0
20260728T190313Z,26.5,94.0
20260728T190327Z,26.5,93.9
20260728T190343Z,26.5,93.9
20260728T190357Z,26.5,93.9
20260728T190413Z,26.6,93.9
20260728T190427Z,26.6,93.9
20260728T190443Z,26.6,93.9
20260728T190457Z,26.6,93.9
20260728T190513Z,26.6,93.9
20260728T190528Z,26.6,94.0
20260728T190543Z,26.6,93.8
20260728T190557Z,26.6,93.9
20260728T190613Z,26.6,93.9
20260728T190628Z,26.6,93.9
20260728T190643Z,26.7,93.8
20260728T190658Z,26.7,93.8
20260728T190713Z,26.7,93.9
20260728T190727Z,26.7,93.8
20260728T190743Z,26.7,93.8
20260728T190758Z,26.7,93.8
20260728T190812Z,26.7,93.8
20260728T190828Z,26.7,93.8
20260728T190843Z,26.7,93.7
20260728T190858Z,26.7,93.8
20260728T190913Z,26.7,93.8
20260728T190928Z,26.7,93.8
20260728T190943Z,26.7,93.7
20260728T190958Z,26.7,93.7
20260728T191013Z,26.8,93.7
20260728T191028Z,26.8,93.7
20260728T191043Z,26.8,93.7
20260728T191058Z,26.8,93.7
20260728T191113Z,26.8,93.7
20260728T191128Z,26.8,93.6
20260728T191143Z,26.8,93.7
20260728T191158Z,26.8,93.6
20260728T191213Z,26.8,93.6
20260728T191228Z,26.8,93.6
20260728T191243Z,26.8,93.6
20260728T191258Z,26.8,93.6
20260728T191313Z,26.8,93.6
20260728T191328Z,26.8,93.5
20260728T191343Z,26.8,93.5
20260728T191358Z,26.8,93.5
20260728T191413Z,26.9,93.5
20260728T191428Z,26.9,93.5
20260728T191443Z,26.9,93.5
20260728T191458Z,26.9,93.5
20260728T191513Z,26.9,93.5
20260728T191528Z,26.9,93.5
20260728T191543Z,26.9,93.5
20260728T191558Z,26.9,93.5
20260728T191613Z,26.9,93.4
20260728T191628Z,26.9,93.4
20260728T191643Z,26.9,93.4
20260728T191658Z,26.9,93.4
20260728T191713Z,26.9,93.3
20260728T191728Z,26.9,93.4
20260728T191743Z,26.9,93.3
20260728T191758Z,26.9,93.4
20260728T191813Z,26.9,93.3
20260728T191828Z,26.9,93.3
20260728T191843Z,27.0,93.3
20260728T191858Z,26.9,93.3
20260728T191913Z,26.9,93.3
20260728T191928Z,27.0,93.3
20260728T191943Z,27.0,93.3
20260728T191958Z,27.0,93.3
20260728T192013Z,27.0,93.3
20260728T192028Z,27.0,93.2
20260728T192043Z,27.0,93.2
20260728T192058Z,27.0,93.2
20260728T192113Z,27.0,93.2
20260728T192128Z,27.0,93.2
20260728T192143Z,27.0,93.2
20260728T192158Z,27.0,93.1
20260728T192213Z,27.0,93.1
20260728T192228Z,27.0,93.2
20260728T192243Z,27.0,93.2
20260728T192258Z,27.0,93.1
20260728T192313Z,27.0,93.1
20260728T192328Z,27.0,93.2
20260728T192343Z,27.0,93.1
20260728T192358Z,27.0,93.1
20260728T192413Z,27.0,93.1
20260728T192428Z,27.1,93.1
20260728T192443Z,27.1,93.1
20260728T192458Z,27.1,93.1
20260728T192513Z,27.1,93.1
20260728T192528Z,27.1,93.0
20260728T192543Z,27.1,93.0
20260728T192558Z,27.1,93.1
20260728T192613Z,27.1,93.1
20260728T192628Z,27.1,93.1
20260728T192643Z,27.1,93.0
20260728T192658Z,27.1,93.0
20260728T192713Z,27.1,93.0
20260728T192728Z,27.1,93.0
20260728T192743Z,27.1,93.0
20260728T192758Z,27.1,93.0
20260728T192813Z,27.1,93.0
20260728T192828Z,27.1,93.0
20260728T192843Z,27.1,93.0
20260728T192858Z,27.1,93.0
20260728T192913Z,27.1,93.0
20260728T192928Z,27.1,93.0
20260728T192943Z,27.1,93.0
20260728T192958Z,27.1,93.0
20260728T193013Z,27.1,92.9
20260728T193028Z,27.1,93.0
20260728T193043Z,27.1,93.0
20260728T193058Z,27.1,92.9
20260728T193113Z,27.1,93.0
20260728T193128Z,27.2,92.9
20260728T193143Z,27.1,92.9
20260728T193158Z,27.1,92.9
20260728T193213Z,27.2,92.9
20260728T193228Z,27.2,92.9
20260728T193243Z,27.2,92.9
20260728T193258Z,27.2,92.9
20260728T193313Z,27.2,92.9
20260728T193328Z,27.2,92.9
20260728T193343Z,27.2,92.9
20260728T193358Z,27.2,92.9
20260728T193413Z,27.2,92.8
20260728T193428Z,27.2,92.9
20260728T193443Z,27.2,92.9
20260728T193458Z,27.2,92.8
20260728T193513Z,27.2,92.8
20260728T193528Z,27.2,92.8
20260728T193543Z,27.2,92.9
20260728T193558Z,27.2,92.8
20260728T193613Z,27.2,92.8
20260728T193628Z,27.2,92.9
20260728T193643Z,27.2,92.8
20260728T193658Z,27.2,92.8
20260728T193713Z,27.2,92.8
20260728T193728Z,27.2,92.8
20260728T193743Z,27.2,92.8
20260728T193758Z,27.2,92.8
20260728T193813Z,27.2,92.8
20260728T193828Z,27.2,92.9
20260728T193843Z,27.2,92.9
20260728T193858Z,27.2,92.9
20260728T193913Z,27.2,92.8
20260728T193928Z,27.2,92.8
20260728T193943Z,27.2,92.8
20260728T193958Z,27.2,92.8
20260728T194013Z,27.2,92.8
20260728T194028Z,27.3,92.8
20260728T194043Z,27.2,92.8
20260728T194058Z,27.3,92.8
20260728T194113Z,27.3,92.8
20260728T194128Z,27.3,92.7
20260728T194143Z,27.3,92.8
20260728T194158Z,27.3,92.7
20260728T194213Z,27.3,92.7
20260728T194228Z,27.3,92.7
20260728T194243Z,27.3,92.7
20260728T194258Z,27.3,92.7
20260728T194313Z,27.3,92.7
20260728T194328Z,27.3,92.7
20260728T194343Z,27.3,92.7
20260728T194358Z,27.3,92.7
20260728T194413Z,27.3,92.7
20260728T194428Z,27.3,92.7
20260728T194443Z,27.3,92.6
20260728T194458Z,27.3,92.7
20260728T194513Z,27.3,92.7
20260728T194528Z,27.3,92.8
20260728T194543Z,27.3,92.8
20260728T194558Z,27.3,92.7
20260728T194613Z,27.3,92.7
20260728T194628Z,27.3,92.7
20260728T194643Z,27.3,92.7
20260728T194658Z,27.3,92.6
20260728T194713Z,27.4,92.6
20260728T194728Z,27.4,92.7
20260728T194743Z,27.4,92.6
20260728T194758Z,27.4,92.6
20260728T194813Z,27.4,92.6
20260728T194828Z,27.4,92.6
20260728T194843Z,27.4,92.5
20260728T194858Z,27.4,92.5
20260728T194913Z,27.4,92.5
20260728T194928Z,27.4,92.5
20260728T194943Z,27.4,92.4
20260728T194958Z,27.4,92.4
20260728T195013Z,27.4,92.4
20260728T195028Z,27.4,92.3
20260728T195043Z,27.4,92.4
20260728T195058Z,27.4,92.4
20260728T195113Z,27.4,92.3
20260728T195128Z,27.4,92.3
20260728T195143Z,27.4,92.3
20260728T195158Z,27.4,92.3
20260728T195213Z,27.4,92.3
20260728T195228Z,27.4,92.3
20260728T195243Z,27.4,92.3
20260728T195258Z,27.4,92.3
20260728T195313Z,27.4,92.3
20260728T195328Z,27.4,92.3
20260728T195343Z,27.4,92.3
20260728T195358Z,27.5,92.2
20260728T195413Z,27.5,92.2
20260728T195428Z,27.4,92.2
20260728T195443Z,27.4,92.2
20260728T195458Z,27.5,92.2
20260728T195514Z,27.4,92.2
20260728T195528Z,27.5,92.2
20260728T195543Z,27.5,92.2
20260728T195558Z,27.5,92.2
20260728T195613Z,27.5,92.2
20260728T195628Z,27.5,92.2
20260728T195643Z,27.5,92.2
20260728T195658Z,27.5,92.2
20260728T195713Z,27.5,92.1
20260728T195728Z,27.5,92.1
20260728T195743Z,27.5,92.1
20260728T195758Z,27.5,92.1
20260728T195813Z,27.5,92.1
20260728T195828Z,27.5,92.1
20260728T195843Z,27.5,92.1
20260728T195858Z,27.5,92.1
20260728T195913Z,27.5,92.1
20260728T195928Z,27.5,92.1
20260728T195943Z,27.5,92.1
20260728T195958Z,27.5,92.1
20260728T200013Z,27.5,92.1
20260728T200028Z,27.5,92.1
20260728T200043Z,27.5,92.1
20260728T200058Z,27.5,92.0
20260728T200113Z,27.5,92.0
20260728T200128Z,27.5,92.0
20260728T200143Z,27.5,92.0
20260728T200158Z,27.5,92.0
20260728T200213Z,27.5,92.0
20260728T200228Z,27.5,92.0
20260728T200243Z,27.5,92.0
20260728T200258Z,27.5,92.0
20260728T200314Z,27.5,92.0
20260728T200328Z,27.5,92.0
20260728T200343Z,27.5,92.0
20260728T200358Z,27.5,92.0
20260728T200413Z,27.5,92.0
20260728T200428Z,27.5,92.0
20260728T200443Z,27.5,91.9
20260728T200458Z,27.5,92.0
20260728T200513Z,27.5,91.9
20260728T200528Z,27.5,91.9
20260728T200543Z,27.5,91.9
20260728T200558Z,27.5,91.9
20260728T200613Z,27.5,91.9
20260728T200628Z,27.5,91.9
20260728T200643Z,27.6,91.9
20260728T200658Z,27.6,91.9
20260728T200712Z,27.6,91.9
20260728T200729Z,27.6,91.9
20260728T200743Z,27.6,91.9
20260728T200758Z,27.6,91.8
20260728T200813Z,27.6,91.8
20260728T200828Z,27.6,91.8
20260728T200843Z,27.6,91.8
20260728T200858Z,27.6,91.8
20260728T200913Z,27.6,91.8
20260728T200928Z,27.6,91.8
20260728T200943Z,27.6,91.8
20260728T200958Z,27.6,91.8
20260728T201013Z,27.6,91.7
20260728T201028Z,27.6,91.8
20260728T201043Z,27.6,91.8
20260728T201058Z,27.6,91.7
20260728T201113Z,27.6,91.8
20260728T201128Z,27.6,91.7
20260728T201143Z,27.6,91.7
20260728T201158Z,27.6,91.7
20260728T201213Z,27.6,91.7
20260728T201228Z,27.6,91.7
20260728T201243Z,27.6,91.7
20260728T201258Z,27.6,91.7
20260728T201313Z,27.6,91.7
20260728T201328Z,27.6,91.7
20260728T201343Z,27.6,91.7
20260728T201358Z,27.6,91.7
20260728T201413Z,27.6,91.7
20260728T201428Z,27.6,91.7
20260728T201443Z,27.6,91.7
20260728T201458Z,27.6,91.6
20260728T201513Z,27.6,91.6
20260728T201528Z,27.6,91.6
20260728T201543Z,27.6,91.6
20260728T201558Z,27.6,91.6
20260728T201613Z,27.6,91.6
20260728T201628Z,27.6,91.5
20260728T201643Z,27.7,91.6
20260728T201658Z,27.6,91.5
20260728T201713Z,27.6,91.5
20260728T201728Z,27.6,91.5
20260728T201743Z,27.6,91.5
20260728T201758Z,27.6,91.5
20260728T201813Z,27.6,91.5
20260728T201828Z,27.6,91.5
20260728T201843Z,27.6,91.5
20260728T201858Z,27.6,91.5
20260728T201913Z,27.7,91.5
20260728T201928Z,27.7,91.5
20260728T201943Z,27.7,91.5
20260728T201958Z,27.6,91.5
20260728T202013Z,27.6,91.5
20260728T202028Z,27.6,91.5
20260728T202043Z,27.7,91.5
20260728T202058Z,27.7,91.5
20260728T202113Z,27.7,91.4
20260728T202128Z,27.7,91.4
20260728T202143Z,27.7,91.4
20260728T202158Z,27.7,91.4
20260728T202213Z,27.7,91.4
20260728T202228Z,27.7,91.4
20260728T202243Z,27.7,91.4
20260728T202258Z,27.7,91.4
20260728T202313Z,27.7,91.4
20260728T202328Z,27.7,91.4
20260728T202343Z,27.7,91.4
20260728T202358Z,27.7,91.4
20260728T202413Z,27.7,91.3
20260728T202428Z,27.7,91.3
20260728T202443Z,27.7,91.3
20260728T202458Z,27.7,91.3
20260728T202513Z,27.7,90.9
20260728T202528Z,27.6,90.1
20260728T202543Z,27.6,89.5
20260728T202558Z,27.6,89.2
20260728T202613Z,27.5,88.5
20260728T202628Z,27.5,87.0
20260728T202643Z,27.4,87.0
20260728T202658Z,27.4,86.9
20260728T202713Z,27.3,85.5
20260728T202728Z,27.3,84.4
20260728T202743Z,27.2,84.6
20260728T202758Z,27.1,83.3
20260728T202813Z,27.0,81.9
20260728T202828Z,26.9,80.9
20260728T202843Z,26.9,80.7
20260728T202858Z,26.8,80.4
20260728T202913Z,26.7,79.1
20260728T202928Z,26.6,79.6
20260728T202943Z,26.6,81.1
20260728T202958Z,26.5,83.1
20260728T203013Z,26.5,84.5
20260728T203028Z,26.5,85.2
20260728T203043Z,26.5,85.9
20260728T203058Z,26.4,85.9
20260728T203113Z,26.4,86.3
20260728T203128Z,26.3,86.1
20260728T203143Z,26.3,86.4
20260728T203158Z,26.3,86.8
20260728T203213Z,26.3,87.1
20260728T203228Z,26.3,87.2
20260728T203243Z,26.3,87.8
20260728T203258Z,26.3,87.9
20260728T203313Z,26.3,88.0
20260728T203328Z,26.3,88.4
20260728T203343Z,26.3,88.5
20260728T203358Z,26.3,88.8
20260728T203413Z,26.3,88.8
20260728T203429Z,26.4,89.2
20260728T203444Z,26.4,88.9
20260728T203458Z,26.4,89.4
20260728T203513Z,26.4,89.7
20260728T203528Z,26.4,89.7
20260728T203543Z,26.4,90.0
20260728T203558Z,26.4,89.8
20260728T203613Z,26.5,90.1
20260728T203628Z,26.5,90.3
20260728T203643Z,26.5,90.5
20260728T203658Z,26.5,90.5
20260728T203713Z,26.5,90.7
20260728T203728Z,26.5,90.7
20260728T203743Z,26.5,90.8
20260728T203758Z,26.6,91.0
20260728T203813Z,26.6,91.0
20260728T203828Z,26.6,91.1
20260728T203843Z,26.6,91.3
20260728T203858Z,26.6,91.3
20260728T203913Z,26.6,91.5
20260728T203928Z,26.6,91.7
20260728T203943Z,26.6,91.6
20260728T203958Z,26.6,91.8
20260728T204013Z,26.7,91.9
20260728T204028Z,26.7,92.0
20260728T204043Z,26.7,92.1
20260728T204058Z,26.7,92.1
20260728T204113Z,26.7,92.2
20260728T204128Z,26.7,92.3
20260728T204143Z,26.7,92.4
20260728T204158Z,26.7,92.5
20260728T204213Z,26.7,92.5
20260728T204228Z,26.8,92.7
20260728T204243Z,26.8,92.7
20260728T204258Z,26.8,92.7
20260728T204313Z,26.8,92.9
20260728T204328Z,26.8,92.9
20260728T204343Z,26.8,92.9
20260728T204358Z,26.8,92.9
20260728T204413Z,26.8,93.0
20260728T204428Z,26.8,93.0
20260728T204443Z,26.8,93.1
20260728T204458Z,26.8,93.1
20260728T204513Z,26.9,93.1
20260728T204528Z,26.9,93.2
20260728T204543Z,26.9,93.2
20260728T204558Z,26.9,93.2
20260728T204613Z,26.9,93.3
20260728T204629Z,26.9,93.3
20260728T204643Z,26.9,93.3
20260728T204658Z,26.9,93.4
20260728T204713Z,26.9,93.3
20260728T204728Z,26.9,93.3
20260728T204743Z,26.9,93.3
20260728T204758Z,27.0,93.3
20260728T204813Z,27.0,93.3
20260728T204829Z,27.0,93.3
20260728T204844Z,27.0,93.3
20260728T204858Z,27.0,93.3
20260728T204913Z,27.0,93.3
20260728T204928Z,27.0,93.3
20260728T204943Z,27.0,93.3
20260728T204958Z,27.0,93.3
20260728T205013Z,27.1,93.3
20260728T205028Z,27.1,93.2
20260728T205043Z,27.1,93.2
20260728T205058Z,27.1,93.1
20260728T205113Z,27.1,93.2
20260728T205128Z,27.1,93.2
20260728T205143Z,27.1,93.1
20260728T205158Z,27.1,93.1
20260728T205213Z,27.2,93.1
20260728T205228Z,27.1,93.1
20260728T205243Z,27.2,93.1
20260728T205258Z,27.2,93.0
20260728T205313Z,27.2,93.0
20260728T205328Z,27.2,93.0
20260728T205343Z,27.2,93.0
20260728T205358Z,27.2,93.0
20260728T205413Z,27.2,93.0
20260728T205428Z,27.2,92.9
20260728T205443Z,27.2,93.0
20260728T205458Z,27.2,92.9
20260728T205513Z,27.3,93.0
20260728T205528Z,27.2,92.9
20260728T205543Z,27.3,92.9
20260728T205558Z,27.3,92.9
20260728T205613Z,27.3,92.9
20260728T205628Z,27.3,92.9
20260728T205643Z,27.3,92.8
20260728T205658Z,27.3,92.9
20260728T205713Z,27.3,92.8
20260728T205728Z,27.3,92.8
20260728T205743Z,27.3,92.8
20260728T205758Z,27.3,92.7
20260728T205813Z,27.3,92.8
20260728T205828Z,27.3,92.8
20260728T205843Z,27.3,92.7
20260728T205858Z,27.3,92.7
20260728T205913Z,27.4,92.7
20260728T205928Z,27.4,92.7
20260728T205943Z,27.4,92.7
20260728T205958Z,27.4,92.7
20260728T210013Z,27.4,92.6
20260728T210029Z,27.4,92.6
20260728T210043Z,27.4,92.6
20260728T210058Z,27.4,92.6
20260728T210113Z,27.4,92.6
20260728T210128Z,27.4,92.6
20260728T210143Z,27.4,92.6
20260728T210158Z,27.4,92.5
20260728T210213Z,27.4,92.5
20260728T210228Z,27.4,92.5
20260728T210243Z,27.4,92.5
20260728T210258Z,27.4,92.5
20260728T210313Z,27.4,92.5
20260728T210328Z,27.4,92.5
20260728T210343Z,27.4,92.5
20260728T210358Z,27.4,92.5
20260728T210413Z,27.4,92.5
20260728T210428Z,27.4,92.4
20260728T210443Z,27.4,92.4
20260728T210458Z,27.5,92.4
20260728T210513Z,27.4,92.4
20260728T210528Z,27.5,92.4
20260728T210543Z,27.5,92.4
20260728T210558Z,27.5,92.4
20260728T210613Z,27.5,92.4
20260728T210628Z,27.5,92.3
20260728T210643Z,27.5,92.3
20260728T210658Z,27.5,92.3
20260728T210713Z,27.5,92.3
20260728T210728Z,27.5,92.3
20260728T210743Z,27.5,92.3
20260728T210758Z,27.5,92.3
20260728T210813Z,27.5,92.3
20260728T210828Z,27.5,92.2
20260728T210843Z,27.5,92.2
20260728T210858Z,27.5,92.2
20260728T210913Z,27.5,92.2
20260728T210928Z,27.5,92.2
20260728T210943Z,27.5,92.2
20260728T210958Z,27.5,92.2
20260728T211013Z,27.5,92.2
20260728T211028Z,27.5,92.2
20260728T211043Z,27.5,92.2
20260728T211058Z,27.5,92.2
20260728T211113Z,27.5,92.1
20260728T211128Z,27.5,92.1
20260728T211143Z,27.5,92.2
20260728T211158Z,27.5,92.2
20260728T211213Z,27.5,92.1
20260728T211229Z,27.5,92.1
20260728T211244Z,27.5,92.1
20260728T211258Z,27.5,92.1
20260728T211313Z,27.6,92.1
20260728T211328Z,27.6,92.1
20260728T211343Z,27.6,92.1
20260728T211358Z,27.5,92.1
20260728T211413Z,27.6,92.1
20260728T211428Z,27.6,92.1
20260728T211443Z,27.6,92.1
20260728T211458Z,27.6,92.1
20260728T211513Z,27.6,92.1
20260728T211528Z,27.6,92.0
20260728T211543Z,27.6,92.0
20260728T211558Z,27.6,92.0
20260728T211613Z,27.6,92.0
20260728T211628Z,27.6,92.0
20260728T211643Z,27.6,92.0
20260728T211658Z,27.6,92.0
20260728T211713Z,27.6,92.0
20260728T211728Z,27.6,92.0
20260728T211743Z,27.6,92.0
20260728T211758Z,27.6,92.0
20260728T211813Z,27.6,92.0
20260728T211828Z,27.6,92.0
20260728T211843Z,27.6,92.0
20260728T211858Z,27.6,92.0
20260728T211913Z,27.6,92.0
20260728T211928Z,27.6,92.0
20260728T211943Z,27.6,91.9
20260728T211958Z,27.6,91.9
20260728T212013Z,27.6,91.9
20260728T212028Z,27.6,91.9
20260728T212043Z,27.6,91.9
20260728T212058Z,27.6,91.9
20260728T212113Z,27.6,91.9
20260728T212128Z,27.6,91.9
20260728T212143Z,27.6,91.8
20260728T212158Z,27.6,91.9
20260728T212213Z,27.6,91.8
20260728T212228Z,27.6,91.9
20260728T212243Z,27.6,91.9
20260728T212258Z,27.6,91.9
20260728T212313Z,27.6,91.8
20260728T212328Z,27.6,91.8
20260728T212343Z,27.6,91.8
20260728T212358Z,27.6,91.8
20260728T212413Z,27.6,91.8
20260728T212428Z,27.6,91.8
20260728T212443Z,27.6,91.8
20260728T212458Z,27.6,91.8
20260728T212513Z,27.6,91.8
20260728T212528Z,27.6,91.8
20260728T212543Z,27.6,91.8
20260728T212558Z,27.6,91.8
20260728T212613Z,27.6,91.8
20260728T212628Z,27.6,91.8
20260728T212643Z,27.6,91.8
20260728T212658Z,27.6,91.8
20260728T212713Z,27.7,91.8
20260728T212728Z,27.7,91.8
20260728T212743Z,27.7,91.8
20260728T212758Z,27.7,91.7
20260728T212813Z,27.7,91.7
20260728T212828Z,27.6,91.7
20260728T212843Z,27.7,91.7
20260728T212858Z,27.7,91.7
20260728T212913Z,27.7,91.7
20260728T212928Z,27.7,91.7
20260728T212943Z,27.7,91.7
20260728T212958Z,27.7,91.7
20260728T213013Z,27.7,91.7
20260728T213028Z,27.7,91.7
20260728T213043Z,27.7,91.7
20260728T213058Z,27.7,91.7
20260728T213113Z,27.7,91.7
20260728T213128Z,27.7,91.7
20260728T213143Z,27.7,91.7
20260728T213158Z,27.7,91.6
20260728T213213Z,27.7,91.7
20260728T213228Z,27.7,91.6
20260728T213243Z,27.7,91.6
20260728T213258Z,27.7,91.6
20260728T213313Z,27.7,91.6
20260728T213328Z,27.7,91.6
20260728T213343Z,27.7,90.9
20260728T213358Z,27.7,90.8
20260728T213413Z,27.6,90.1
20260728T213428Z,27.6,89.4
20260728T213443Z,27.6,88.6
20260728T213458Z,27.5,87.6
20260728T213513Z,27.5,86.2
20260728T213528Z,27.4,86.8
20260728T213543Z,27.3,85.8
20260728T213558Z,27.3,84.6
20260728T213613Z,27.2,83.8
20260728T213628Z,27.1,82.9
20260728T213643Z,27.0,82.4
20260728T213658Z,26.9,81.6
20260728T213713Z,26.8,80.8
20260728T213728Z,26.7,80.1
20260728T213743Z,26.6,79.4
20260728T213758Z,26.5,79.4
20260728T213813Z,26.4,81.2
20260728T213828Z,26.4,83.0
20260728T213843Z,26.4,84.2
20260728T213858Z,26.4,85.4
20260728T213913Z,26.4,86.0
20260728T213928Z,26.4,86.0
20260728T213943Z,26.3,86.4
20260728T213958Z,26.3,86.2
20260728T214013Z,26.3,86.6
20260728T214028Z,26.3,87.0
20260728T214043Z,26.3,87.0
20260728T214058Z,26.3,87.5
20260728T214113Z,26.3,87.9
20260728T214128Z,26.3,87.9
20260728T214143Z,26.3,88.1
20260728T214158Z,26.3,88.3
20260728T214213Z,26.3,88.6
20260728T214228Z,26.3,88.8
20260728T214243Z,26.3,88.9
20260728T214258Z,26.3,89.1
20260728T214313Z,26.3,89.3
20260728T214328Z,26.4,89.2
20260728T214343Z,26.4,89.5
20260728T214358Z,26.4,89.7
20260728T214413Z,26.4,89.9
20260728T214428Z,26.4,89.9
20260728T214443Z,26.5,90.2
20260728T214458Z,26.5,90.3
20260728T214513Z,26.5,90.4
20260728T214528Z,26.5,90.6
20260728T214543Z,26.5,90.7
20260728T214558Z,26.5,90.6
20260728T214613Z,26.5,90.8
20260728T214628Z,26.6,91.0
20260728T214643Z,26.6,91.0
20260728T214658Z,26.6,91.1
20260728T214713Z,26.6,91.4
20260728T214728Z,26.6,91.4
20260728T214743Z,26.6,91.4
20260728T214758Z,26.6,91.5
20260728T214813Z,26.6,91.7
20260728T214828Z,26.7,91.8
20260728T214843Z,26.7,91.9
20260728T214858Z,26.7,91.9
20260728T214913Z,26.7,92.0
20260728T214928Z,26.7,92.1
20260728T214943Z,26.7,91.5
20260728T214958Z,26.7,91.6
20260728T215013Z,26.7,89.7
20260728T215028Z,26.7,89.3
20260728T215043Z,26.6,88.2
20260728T215058Z,26.6,88.1
20260728T215113Z,26.6,87.5
20260728T215128Z,26.5,87.2
20260728T215143Z,26.5,85.4
20260728T215158Z,26.5,84.0
20260728T215213Z,26.4,83.4
20260728T215228Z,26.3,82.5
20260728T215243Z,26.3,81.9
20260728T215258Z,26.2,81.6
20260728T215313Z,26.1,80.9
20260728T215328Z,26.0,79.8
20260728T215343Z,26.0,79.2
20260728T215358Z,25.9,79.2
20260728T215413Z,25.8,78.4
20260728T215428Z,25.8,77.6
20260728T215443Z,25.7,77.0
20260728T215458Z,25.6,76.2
20260728T215513Z,25.6,77.2
20260728T215528Z,25.6,79.1
20260728T215543Z,25.5,80.4
20260728T215558Z,25.6,82.0
20260728T215613Z,25.6,82.5
20260728T215628Z,25.6,83.2
20260728T215643Z,25.7,83.4
20260728T215658Z,25.7,83.6
20260728T215713Z,25.7,83.8
20260728T215728Z,25.7,84.0
20260728T215743Z,25.7,84.2
20260728T215758Z,25.7,84.1
20260728T215814Z,25.7,84.8
20260728T215828Z,25.7,84.9
20260728T215844Z,25.8,85.0
20260728T215858Z,25.8,85.5
20260728T215913Z,25.8,85.8
20260728T215928Z,25.8,85.9
20260728T215943Z,25.8,86.2
20260728T215958Z,25.8,86.3
20260728T220013Z,25.8,86.6
20260728T220028Z,25.9,86.7
20260728T220043Z,25.9,86.9
20260728T220058Z,25.9,86.9
20260728T220113Z,25.9,87.2
20260728T220128Z,26.0,87.4
20260728T220143Z,26.0,87.5
20260728T220158Z,26.0,87.8
20260728T220213Z,26.0,88.0
20260728T220228Z,26.0,87.9
20260728T220243Z,26.1,88.2
20260728T220259Z,26.1,88.5
20260728T220313Z,26.1,88.5
20260728T220330Z,26.1,88.6
20260728T220344Z,26.1,88.9
20260728T220358Z,26.1,88.9
20260728T220414Z,26.2,89.1
20260728T220428Z,26.2,89.2
20260728T220444Z,26.2,89.4
20260728T220458Z,26.2,89.3
20260728T220514Z,26.2,89.6
20260728T220528Z,26.2,89.6
20260728T220544Z,26.3,89.9
20260728T220558Z,26.3,90.0
20260728T220614Z,26.3,90.0
20260728T220628Z,26.3,90.1
20260728T220644Z,26.3,90.4
20260728T220658Z,26.3,90.4
20260728T220714Z,26.3,90.4
20260728T220728Z,26.3,90.6
20260728T220744Z,26.4,90.6
20260728T220758Z,26.4,90.7
20260728T220814Z,26.4,90.9
20260728T220829Z,26.4,90.9
20260728T220843Z,26.4,91.1
20260728T220859Z,26.4,91.1
20260728T220913Z,26.4,91.1
20260728T220929Z,26.4,91.3
20260728T220943Z,26.5,91.4
20260728T220959Z,26.5,91.5
20260728T221013Z,26.5,91.5
20260728T221029Z,26.5,91.8
20260728T221043Z,26.5,91.7
20260728T221059Z,26.5,91.8
20260728T221113Z,26.5,91.8
20260728T221129Z,26.5,92.0
20260728T221143Z,26.5,92.0
20260728T221159Z,26.5,92.2
20260728T221213Z,26.6,92.0
20260728T221229Z,26.6,92.3
20260728T221243Z,26.6,92.3
20260728T221259Z,26.6,92.3
20260728T221313Z,26.6,92.4
20260728T221329Z,26.6,92.4
20260728T221343Z,26.6,92.5
20260728T221359Z,26.6,92.5
20260728T221413Z,26.6,92.6
20260728T221429Z,26.7,92.7
20260728T221443Z,26.6,92.5
20260728T221459Z,26.7,92.6
20260728T221514Z,26.7,92.8
20260728T221528Z,26.7,92.7
20260728T221544Z,26.7,92.8
20260728T221558Z,26.7,92.9
20260728T221614Z,26.7,92.9
20260728T221629Z,26.7,92.9
20260728T221643Z,26.7,92.9
20260728T221659Z,26.8,92.9
20260728T221713Z,26.8,92.9
20260728T221729Z,26.8,92.0
20260728T221743Z,26.8,91.4
20260728T221759Z,26.7,90.4
20260728T221813Z,26.7,89.5
20260728T221828Z,26.7,88.9
20260728T221844Z,26.6,88.5
20260728T221858Z,26.6,88.3
20260728T221914Z,26.6,87.1
20260728T221928Z,26.5,86.4
20260728T221944Z,26.5,84.8
20260728T221958Z,26.5,84.3
20260728T222014Z,26.4,83.0
20260728T222028Z,26.3,81.4
20260728T222043Z,26.2,81.4
20260728T222058Z,26.1,80.3
20260728T222114Z,26.0,80.0
20260728T222128Z,26.0,79.5
20260728T222144Z,25.9,78.6
20260728T222158Z,25.8,78.7
20260728T222214Z,25.8,77.8
20260728T222228Z,25.7,77.0
20260728T222244Z,25.6,78.5
20260728T222258Z,25.6,80.5
20260728T222314Z,25.6,81.9
20260728T222328Z,25.6,83.2
20260728T222344Z,25.6,83.5
20260728T222358Z,25.6,83.8
20260728T222414Z,25.6,83.9
20260728T222428Z,25.6,84.1
20260728T222443Z,25.6,84.4
20260728T222459Z,25.6,84.6
20260728T222513Z,25.6,85.0
20260728T222529Z,25.6,85.0
20260728T222543Z,25.6,85.2
20260728T222559Z,25.6,85.6
20260728T222613Z,25.7,85.9
20260728T222629Z,25.7,85.9
20260728T222643Z,25.7,86.1
20260728T222659Z,25.7,86.5
20260728T222713Z,25.7,86.4
20260728T222728Z,25.8,86.7
20260728T222744Z,25.8,86.9
20260728T222758Z,25.8,87.3
20260728T222814Z,25.8,87.1
20260728T222828Z,25.8,87.3
20260728T222844Z,25.8,87.8
20260728T222858Z,25.9,87.9
20260728T222914Z,25.9,88.0
20260728T222928Z,25.9,88.3
20260728T222944Z,25.9,88.5
20260728T222958Z,26.0,88.6
20260728T223014Z,26.0,88.8
20260728T223028Z,26.0,88.8
20260728T223044Z,26.0,89.0
20260728T223058Z,26.0,89.1
20260728T223113Z,26.0,89.2
20260728T223129Z,26.1,89.4
20260728T223143Z,26.1,89.4
20260728T223159Z,26.1,89.6
20260728T223213Z,26.1,89.8
20260728T223229Z,26.1,89.9
20260728T223243Z,26.1,90.0
20260728T223258Z,26.1,90.2
20260728T223313Z,26.2,90.4
20260728T223329Z,26.2,90.4
20260728T223343Z,26.2,90.6
20260728T223359Z,26.2,90.6
20260728T223414Z,26.2,90.6
20260728T223428Z,26.2,90.8
20260728T223444Z,26.2,91.0
20260728T223458Z,26.3,91.1
20260728T223514Z,26.3,91.1
20260728T223528Z,26.3,91.2
20260728T223544Z,26.3,91.3
20260728T223558Z,26.3,91.4
20260728T223614Z,26.3,91.5
20260728T223628Z,26.3,91.6
20260728T223644Z,26.3,91.6
20260728T223658Z,26.3,91.7
20260728T223713Z,26.4,92.0
20260728T223728Z,26.3,91.9
20260728T223744Z,26.4,92.0
20260728T223758Z,26.4,92.0
20260728T223814Z,26.4,92.1
20260728T223828Z,26.4,92.1
20260728T223843Z,26.4,92.3
20260728T223859Z,26.4,92.2
20260728T223913Z,26.5,92.2
20260728T223929Z,26.4,92.4
20260728T223943Z,26.5,92.5
20260728T223958Z,26.5,92.4
20260728T224013Z,26.5,92.5
20260728T224029Z,26.5,92.5
20260728T224043Z,26.5,92.6
20260728T224059Z,26.5,92.7
20260728T224113Z,26.5,92.7
20260728T224129Z,26.5,92.7
20260728T224143Z,26.6,92.6
20260728T224159Z,26.6,92.7
20260728T224213Z,26.6,92.7
20260728T224229Z,26.6,92.8
20260728T224243Z,26.6,92.8
20260728T224259Z,26.6,92.8
20260728T224313Z,26.6,92.8
20260728T224329Z,26.6,92.8
20260728T224343Z,26.6,92.9
20260728T224359Z,26.6,92.9
20260728T224413Z,26.6,92.9
20260728T224429Z,26.7,92.9
20260728T224443Z,26.7,92.9
20260728T224459Z,26.7,92.9
20260728T224513Z,26.7,92.9
20260728T224529Z,26.7,92.9
20260728T224543Z,26.7,92.9
20260728T224559Z,26.7,92.9
20260728T224614Z,26.7,92.8
20260728T224628Z,26.8,92.9
20260728T224643Z,26.8,91.9
20260728T224658Z,26.8,91.8
20260728T224714Z,26.7,90.5
20260728T224728Z,26.7,90.4
20260728T224744Z,26.7,89.1
20260728T224758Z,26.7,88.6
20260728T224814Z,26.6,87.9
20260728T224828Z,26.6,87.4
20260728T224844Z,26.6,85.6
20260728T224858Z,26.6,84.7
20260728T224914Z,26.5,84.1
20260728T224928Z,26.4,82.4
20260728T224944Z,26.4,81.6
20260728T224959Z,26.3,81.2
20260728T225013Z,26.2,80.6
20260728T225029Z,26.1,80.1
20260728T225043Z,26.0,79.3
20260728T225059Z,26.0,78.4
20260728T225113Z,25.9,77.9
20260728T225129Z,25.8,77.1
20260728T225143Z,25.7,77.1
20260728T225159Z,25.7,78.4
20260728T225213Z,25.7,80.0
20260728T225229Z,25.7,81.8
20260728T225243Z,25.6,82.8
20260728T225258Z,25.7,83.1
20260728T225314Z,25.6,83.6
20260728T225328Z,25.6,84.0
20260728T225344Z,25.6,84.3
20260728T225359Z,25.6,84.3
20260728T225413Z,25.6,84.7
20260728T225430Z,25.6,84.7
20260728T225444Z,25.6,85.0
20260728T225459Z,25.7,85.3
20260728T225513Z,25.7,85.3
20260728T225529Z,25.7,85.7
20260728T225543Z,25.7,85.9
20260728T225558Z,25.7,86.4
20260728T225614Z,25.7,86.6
20260728T225629Z,25.7,86.7
20260728T225644Z,25.7,87.1
20260728T225658Z,25.7,87.1
20260728T225714Z,25.8,87.3
20260728T225728Z,25.8,87.6
20260728T225744Z,25.8,87.7
20260728T225759Z,25.8,87.9
20260728T225813Z,25.8,88.0
20260728T225829Z,25.8,88.1
20260728T225843Z,25.9,88.5
20260728T225859Z,25.9,88.7
20260728T225914Z,25.9,88.8
20260728T225929Z,25.9,89.0
20260728T225943Z,25.9,89.0
20260728T225959Z,26.0,89.3
20260728T230014Z,26.0,89.3
20260728T230028Z,26.0,89.6
20260728T230044Z,26.0,89.6
20260728T230059Z,26.0,89.7
20260728T230114Z,26.1,89.7
20260728T230128Z,26.1,90.0
20260728T230144Z,26.1,90.1
20260728T230159Z,26.1,90.2
20260728T230214Z,26.1,90.5
20260728T230229Z,26.1,90.5
20260728T230244Z,26.1,90.6
20260728T230259Z,26.1,90.6
20260728T230314Z,26.2,90.7
20260728T230329Z,26.2,90.8
20260728T230344Z,26.2,90.9
20260728T230359Z,26.2,91.1
20260728T230414Z,26.2,91.2
20260728T230429Z,26.2,91.3
20260728T230443Z,26.3,91.3
20260728T230459Z,26.2,91.3
20260728T230514Z,26.3,91.5
20260728T230529Z,26.3,91.5
20260728T230544Z,26.3,91.6
20260728T230559Z,26.3,91.8
20260728T230614Z,26.3,91.7
20260728T230629Z,26.3,91.9
20260728T230644Z,26.3,91.9
20260728T230659Z,26.4,92.1
20260728T230714Z,26.4,92.2
20260728T230729Z,26.4,92.2
20260728T230744Z,26.4,92.3
20260728T230759Z,26.4,92.3
20260728T230814Z,26.4,92.2
20260728T230829Z,26.4,92.4
20260728T230844Z,26.4,92.5
20260728T230859Z,26.4,92.5
20260728T230914Z,26.4,92.5
20260728T230929Z,26.5,92.5
20260728T230944Z,26.5,92.7
20260728T230959Z,26.5,92.7
20260728T231014Z,26.5,92.7
20260728T231029Z,26.5,92.8
20260728T231044Z,26.5,92.7
20260728T231059Z,26.5,92.8
20260728T231114Z,26.5,92.7
20260728T231129Z,26.6,92.9
20260728T231144Z,26.6,92.9
20260728T231159Z,26.6,92.9
20260728T231214Z,26.6,92.8
20260728T231229Z,26.6,92.8
20260728T231244Z,26.6,92.9
20260728T231259Z,26.6,92.9
20260728T231314Z,26.6,92.8
20260728T231329Z,26.6,92.9
20260728T231344Z,26.7,92.9
20260728T231359Z,26.7,92.9
20260728T231414Z,26.7,92.9
20260728T231429Z,26.7,92.9
20260728T231444Z,26.7,92.9
20260728T231459Z,26.7,92.9
20260728T231514Z,26.7,92.9
20260728T231529Z,26.7,92.9
20260728T231544Z,26.7,92.3
20260728T231559Z,26.7,92.1
20260728T231614Z,26.7,90.6
20260728T231629Z,26.7,89.9
20260728T231644Z,26.7,89.4
20260728T231659Z,26.6,88.5
20260728T231714Z,26.6,88.1
20260728T231729Z,26.5,87.4
20260728T231744Z,26.5,85.5
20260728T231759Z,26.4,84.8
20260728T231814Z,26.4,84.0
20260728T231829Z,26.3,82.9
20260728T231844Z,26.2,83.0
20260728T231859Z,26.2,81.5
20260728T231914Z,26.1,81.3
20260728T231929Z,26.0,80.1
20260728T231944Z,25.9,80.1
20260728T231959Z,25.8,79.5
20260728T232014Z,25.7,78.3
20260728T232029Z,25.6,78.1
20260728T232044Z,25.5,78.2
20260728T232059Z,25.5,79.8
20260728T232114Z,25.5,81.2
20260728T232129Z,25.5,82.8
20260728T232144Z,25.5,83.7
20260728T232159Z,25.5,84.2
20260728T232214Z,25.5,84.2
20260728T232229Z,25.5,84.4
20260728T232244Z,25.6,84.7
20260728T232259Z,25.6,85.0
20260728T232314Z,25.6,85.1
20260728T232329Z,25.6,85.5
20260728T232344Z,25.6,85.5
20260728T232359Z,25.6,85.8
20260728T232414Z,25.6,85.9
20260728T232429Z,25.6,86.1
20260728T232444Z,25.6,86.5
20260728T232459Z,25.7,86.6
20260728T232514Z,25.7,86.8
20260728T232529Z,25.7,87.0
20260728T232544Z,25.7,87.2
20260728T232559Z,25.7,87.5
20260728T232614Z,25.7,87.6
20260728T232629Z,25.8,87.8
20260728T232644Z,25.8,88.1
20260728T232659Z,25.8,88.3
20260728T232714Z,25.8,88.3
20260728T232729Z,25.8,88.6
20260728T232744Z,25.9,88.8
20260728T232759Z,25.9,88.9
20260728T232814Z,25.9,89.1
20260728T232829Z,25.9,89.4
20260728T232844Z,25.9,89.3
20260728T232859Z,26.0,89.5
20260728T232914Z,25.9,89.6
20260728T232929Z,26.0,89.8
20260728T232944Z,26.0,89.9
20260728T232959Z,26.0,90.0
20260728T233014Z,26.0,90.1
20260728T233029Z,26.0,90.3
20260728T233044Z,26.1,90.4
20260728T233059Z,26.1,90.4
20260728T233114Z,26.1,90.6
20260728T233129Z,26.1,90.7
20260728T233144Z,26.1,90.7
20260728T233159Z,26.1,90.9
20260728T233214Z,26.1,91.1
20260728T233229Z,26.2,91.2
20260728T233244Z,26.2,91.3
20260728T233259Z,26.2,91.3
20260728T233314Z,26.2,91.4
20260728T233329Z,26.2,91.6
20260728T233344Z,26.2,91.4
20260728T233359Z,26.2,91.8
20260728T233414Z,26.2,91.9
20260728T233429Z,26.2,91.9
20260728T233444Z,26.3,92.0
20260728T233459Z,26.3,92.0
20260728T233514Z,26.3,92.1
20260728T233529Z,26.3,92.3
20260728T233544Z,26.3,92.2
20260728T233559Z,26.3,92.3
20260728T233614Z,26.3,92.4
20260728T233629Z,26.3,92.4
20260728T233644Z,26.3,92.4
20260728T233659Z,26.4,92.6
20260728T233714Z,26.4,92.6
20260728T233729Z,26.4,92.6
20260728T233744Z,26.4,92.6
20260728T233759Z,26.4,92.8
20260728T233814Z,26.4,92.7
20260728T233829Z,26.4,92.7
20260728T233844Z,26.4,92.8
20260728T233859Z,26.5,92.8
20260728T233914Z,26.5,92.8
20260728T233929Z,26.5,92.8
20260728T233944Z,26.5,92.9
20260728T233959Z,26.5,92.9
20260728T234014Z,26.5,92.9
20260728T234029Z,26.5,93.0
20260728T234044Z,26.5,93.0
20260728T234059Z,26.6,93.0
20260728T234114Z,26.6,93.0
20260728T234129Z,26.6,93.0
20260728T234144Z,26.6,93.1
20260728T234159Z,26.6,93.1
20260728T234214Z,26.6,93.1
20260728T234229Z,26.6,93.1
20260728T234244Z,26.6,93.1
20260728T234259Z,26.7,93.1
20260728T234314Z,26.7,93.1
20260728T234329Z,26.7,93.1
20260728T234344Z,26.7,93.0
20260728T234359Z,26.7,93.0
20260728T234414Z,26.7,92.1
20260728T234429Z,26.7,91.7
20260728T234444Z,26.7,90.1
20260728T234459Z,26.6,89.5
20260728T234514Z,26.6,88.9
20260728T234529Z,26.6,88.6
20260728T234544Z,26.5,87.9
20260728T234559Z,26.5,86.1
20260728T234614Z,26.4,85.1
20260728T234629Z,26.4,84.4
20260728T234644Z,26.3,83.8
20260728T234659Z,26.2,83.4
20260728T234714Z,26.2,82.5
20260728T234729Z,26.1,81.8
20260728T234744Z,26.0,81.2
20260728T234759Z,26.0,79.9
20260728T234814Z,25.9,79.6
20260728T234829Z,25.8,78.8
20260728T234844Z,25.7,78.5
20260728T234859Z,25.6,77.9
20260728T234914Z,25.6,77.7
20260728T234929Z,25.5,79.4
20260728T234944Z,25.5,81.2
20260728T234959Z,25.5,82.1
20260728T235014Z,25.5,83.3
20260728T235029Z,25.5,83.9
20260728T235044Z,25.6,84.3
20260728T235059Z,25.5,84.5
20260728T235114Z,25.6,84.5
20260728T235129Z,25.6,84.9
20260728T235144Z,25.6,85.1
20260728T235159Z,25.6,85.3
20260728T235214Z,25.6,85.7
20260728T235229Z,25.6,85.7
20260728T235244Z,25.6,85.8
20260728T235259Z,25.6,86.0
20260728T235314Z,25.6,86.3
20260728T235329Z,25.7,86.5
20260728T235344Z,25.7,86.8
20260728T235359Z,25.7,86.8
20260728T235414Z,25.7,87.1
20260728T235429Z,25.7,87.5
20260728T235444Z,25.7,87.7
20260728T235459Z,25.8,87.7
20260728T235514Z,25.8,87.9
20260728T235529Z,25.8,88.4
20260728T235544Z,25.8,88.3
20260728T235559Z,25.8,88.5
20260728T235614Z,25.8,88.7
20260728T235629Z,25.9,88.6
20260728T235644Z,25.9,89.0
20260728T235659Z,25.9,88.8
20260728T235714Z,25.9,89.1
20260728T235729Z,25.9,89.2
20260728T235744Z,25.9,89.7
20260728T235759Z,26.0,89.8
20260728T235814Z,26.0,89.7
20260728T235829Z,26.0,90.1
20260728T235844Z,26.0,90.1
20260728T235859Z,26.0,90.3
20260728T235914Z,26.1,90.4
20260728T235929Z,26.1,90.5
20260728T235944Z,26.1,90.5
20260728T235959Z,26.1,90.7