Time,Temperature,Humidity
20260726T000010Z,26.4,83.0
20260726T000026Z,26.3,81.8
20260726T000040Z,26.3,81.0
20260726T000056Z,26.2,80.5
20260726T000111Z,26.1,79.4
20260726T000125Z,26.0,79.3
20260726T000141Z,26.0,78.3
20260726T000155Z,25.9,78.5
20260726T000211Z,25.8,77.1
20260726T000225Z,25.7,76.6
20260726T000240Z,25.7,75.8
20260726T000256Z,25.6,76.0
20260726T000310Z,25.5,74.8
20260726T000326Z,25.4,74.3
20260726T000340Z,25.3,74.1
20260726T000356Z,25.3,74.1
20260726T000410Z,25.2,75.4
20260726T000426Z,25.2,77.0
20260726T000440Z,25.2,78.7
20260726T000456Z,25.3,79.7
20260726T000510Z,25.3,80.5
20260726T000525Z,25.4,80.9
20260726T000541Z,25.4,80.8
20260726T000555Z,25.4,81.1
20260726T000610Z,25.4,81.7
20260726T000626Z,25.5,81.6
20260726T000640Z,25.5,81.9
20260726T000656Z,25.5,82.0
20260726T000710Z,25.5,82.4
20260726T000726Z,25.6,82.5
20260726T000740Z,25.6,82.8
20260726T000756Z,25.6,83.2
20260726T000810Z,25.6,83.2
20260726T000825Z,25.7,83.6
20260726T000841Z,25.7,83.8
20260726T000855Z,25.7,84.1
20260726T000910Z,25.7,84.3
20260726T000926Z,25.8,84.5
20260726T000941Z,25.8,84.7
20260726T000956Z,25.8,85.0
20260726T001010Z,25.8,85.2
20260726T001026Z,25.9,85.3
20260726T001040Z,25.9,85.8
20260726T001056Z,25.9,86.0
20260726T001110Z,25.9,86.0
20260726T001126Z,25.9,86.2
20260726T001140Z,26.0,86.5
20260726T001156Z,26.0,86.5
20260726T001211Z,26.0,86.7
20260726T001226Z,26.0,86.8
20260726T001240Z,26.0,87.2
20260726T001256Z,26.0,87.3
20260726T001310Z,26.1,87.3
20260726T001326Z,26.1,87.6
20260726T001340Z,26.1,87.9
20260726T001356Z,26.1,88.0
20260726T001411Z,26.1,88.3
20260726T001426Z,26.1,88.3
20260726T001441Z,26.2,88.5
20260726T001456Z,26.1,88.6
20260726T001511Z,26.2,88.5
20260726T001526Z,26.2,88.6
20260726T001541Z,26.2,88.9
20260726T001556Z,26.2,88.9
20260726T001611Z,26.3,89.1
20260726T001626Z,26.3,89.2
20260726T001641Z,26.3,89.3
20260726T001655Z,26.3,89.4
20260726T001711Z,26.3,89.4
20260726T001725Z,26.3,89.6
20260726T001741Z,26.3,89.7
20260726T001756Z,26.4,89.8
20260726T001811Z,26.4,89.9
20260726T001826Z,26.4,90.0
20260726T001841Z,26.4,90.1
20260726T001856Z,26.4,90.1
20260726T001911Z,26.4,90.2
20260726T001926Z,26.5,90.2
20260726T001941Z,26.5,90.3
20260726T001956Z,26.5,90.5
20260726T002011Z,26.5,90.5
20260726T002026Z,26.5,90.6
20260726T002041Z,26.5,90.7
20260726T002056Z,26.5,90.8
20260726T002111Z,26.6,90.0
20260726T002126Z,26.5,90.1
20260726T002141Z,26.5,88.3
20260726T002156Z,26.5,87.8
20260726T002211Z,26.5,87.4
20260726T002226Z,26.5,86.7
20260726T002241Z,26.5,85.6
20260726T002256Z,26.4,83.8
20260726T002311Z,26.4,83.1
20260726T002326Z,26.3,82.2
20260726T002341Z,26.3,81.3
20260726T002356Z,26.2,81.1
20260726T002411Z,26.1,80.0
20260726T002426Z,26.0,79.5
20260726T002441Z,26.0,78.6
20260726T002456Z,25.9,77.8
20260726T002511Z,25.8,77.4
20260726T002526Z,25.8,76.5
20260726T002541Z,25.7,76.2
20260726T002556Z,25.6,75.3
20260726T002611Z,25.5,74.9
20260726T002626Z,25.4,74.1
20260726T002641Z,25.4,74.0
20260726T002656Z,25.3,75.6
20260726T002712Z,25.3,77.9
20260726T002726Z,25.3,77.7
20260726T002741Z,25.4,79.3
20260726T002756Z,25.4,81.6
20260726T002811Z,25.5,81.8
20260726T002826Z,25.5,82.0
20260726T002841Z,25.5,82.4
20260726T002856Z,25.6,82.8
20260726T002911Z,25.6,83.0
20260726T002926Z,25.6,83.1
20260726T002941Z,25.7,83.3
20260726T002956Z,25.7,83.9
20260726T003011Z,25.7,84.3
20260726T003026Z,25.8,84.5
20260726T003041Z,25.8,84.6
20260726T003056Z,25.8,85.1
20260726T003111Z,25.8,85.1
20260726T003126Z,25.8,85.3
20260726T003141Z,25.8,85.7
20260726T003156Z,25.9,85.9
20260726T003211Z,25.9,86.1
20260726T003226Z,25.9,86.2
20260726T003241Z,26.0,86.5
20260726T003256Z,26.0,86.9
20260726T003311Z,26.0,87.1
20260726T003326Z,26.0,87.3
20260726T003341Z,26.1,87.4
20260726T003356Z,26.1,87.4
20260726T003411Z,26.1,88.0
20260726T003426Z,26.2,88.0
20260726T003441Z,26.2,88.2
20260726T003456Z,26.2,88.6
20260726T003511Z,26.3,88.7
20260726T003526Z,26.3,88.3
20260726T003541Z,26.3,87.1
20260726T003556Z,26.3,86.6
20260726T003611Z,26.3,86.4
20260726T003626Z,26.2,85.1
20260726T003641Z,26.2,84.0
20260726T003656Z,26.1,83.5
20260726T003711Z,26.1,83.4
20260726T003726Z,26.0,81.9
20260726T003741Z,26.0,82.3
20260726T003756Z,25.9,81.1
20260726T003811Z,25.8,80.6
20260726T003826Z,25.8,79.5
20260726T003841Z,25.7,78.8
20260726T003856Z,25.7,79.0
20260726T003911Z,25.7,78.3
20260726T003926Z,25.6,78.3
20260726T003941Z,25.6,80.3
20260726T003956Z,25.6,81.4
20260726T004011Z,25.6,82.2
20260726T004026Z,25.5,83.3
20260726T004041Z,25.6,83.6
20260726T004056Z,25.6,83.7
20260726T004111Z,25.6,84.1
20260726T004126Z,25.6,84.5
20260726T004141Z,25.6,84.7
20260726T004156Z,25.6,85.0
20260726T004211Z,25.6,85.2
20260726T004226Z,25.6,85.8
20260726T004241Z,25.6,86.0
20260726T004256Z,25.6,86.4
20260726T004311Z,25.7,86.8
20260726T004326Z,25.7,87.1
20260726T004341Z,25.7,87.3
20260726T004356Z,25.7,87.5
20260726T004411Z,25.7,87.7
20260726T004426Z,25.8,88.2
20260726T004441Z,25.8,88.0
20260726T004456Z,25.8,88.6
20260726T004511Z,25.8,88.6
20260726T004526Z,25.8,89.0
20260726T004541Z,25.9,89.3
20260726T004556Z,25.9,89.2
20260726T004611Z,25.9,89.5
20260726T004626Z,25.9,89.7
20260726T004641Z,25.9,90.1
20260726T004656Z,26.0,90.1
20260726T004711Z,26.0,90.3
20260726T004726Z,26.0,90.6
20260726T004741Z,26.0,90.7
20260726T004756Z,26.0,90.6
20260726T004811Z,26.0,91.0
20260726T004826Z,26.1,91.1
20260726T004841Z,26.1,91.2
20260726T004856Z,26.1,91.3
20260726T004911Z,26.1,91.4
20260726T004926Z,26.1,91.6
20260726T004941Z,26.1,91.7
20260726T004956Z,26.1,91.7
20260726T005011Z,26.2,91.8
20260726T005026Z,26.2,92.0
20260726T005041Z,26.2,92.1
20260726T005056Z,26.2,92.3
20260726T005111Z,26.2,92.4
20260726T005126Z,26.2,92.4
20260726T005141Z,26.3,92.6
20260726T005156Z,26.3,92.6
20260726T005211Z,26.3,92.7
20260726T005226Z,26.3,92.9
20260726T005241Z,26.3,92.9
20260726T005256Z,26.3,93.0
20260726T005311Z,26.4,93.0
20260726T005326Z,26.4,93.0
20260726T005341Z,26.4,93.0
20260726T005356Z,26.4,93.3
20260726T005411Z,26.4,93.2
20260726T005426Z,26.4,93.3
20260726T005441Z,26.4,93.4
20260726T005456Z,26.4,93.4
20260726T005511Z,26.5,93.3
20260726T005526Z,26.5,93.4
20260726T005541Z,26.5,93.5
20260726T005556Z,26.5,93.5
20260726T005611Z,26.5,93.6
20260726T005626Z,26.5,93.5
20260726T005641Z,26.5,93.5
20260726T005656Z,26.6,93.5
20260726T005711Z,26.6,93.6
20260726T005726Z,26.6,93.6
20260726T005741Z,26.6,93.7
20260726T005756Z,26.6,93.7
20260726T005811Z,26.6,93.7
20260726T005826Z,26.7,93.7
20260726T005841Z,26.7,93.7
20260726T005856Z,26.7,93.7
20260726T005911Z,26.7,93.8
20260726T005926Z,26.7,93.7
20260726T005941Z,26.7,93.7
20260726T005956Z,26.7,93.8
20260726T010011Z,26.7,93.7
20260726T010026Z,26.8,93.7
20260726T010041Z,26.8,93.7
20260726T010056Z,26.8,93.7
20260726T010111Z,26.8,93.7
20260726T010126Z,26.8,93.7
20260726T010141Z,26.8,93.7
20260726T010156Z,26.8,93.7
20260726T010211Z,26.8,93.7
20260726T010226Z,26.8,93.7
20260726T010241Z,26.9,93.6
20260726T010256Z,26.9,93.6
20260726T010311Z,26.9,93.7
20260726T010326Z,26.9,93.6
20260726T010341Z,26.9,93.7
20260726T010356Z,26.9,93.6
20260726T010411Z,26.9,93.6
20260726T010426Z,26.9,93.5
20260726T010441Z,27.0,93.5
20260726T010456Z,27.0,93.5
20260726T010511Z,27.0,93.5
20260726T010526Z,27.0,93.5
20260726T010541Z,27.0,93.4
20260726T010556Z,27.0,93.5
20260726T010611Z,27.0,93.4
20260726T010626Z,27.0,93.4
20260726T010641Z,27.0,93.3
20260726T010656Z,27.1,93.3
20260726T010711Z,27.0,93.3
20260726T010726Z,27.0,93.2
20260726T010741Z,27.1,93.2
20260726T010756Z,27.1,93.3
20260726T010811Z,27.1,93.3
20260726T010826Z,27.1,93.2
20260726T010841Z,27.1,93.1
20260726T010856Z,27.1,93.2
20260726T010911Z,27.1,93.1
20260726T010926Z,27.1,93.1
20260726T010941Z,27.1,93.1
20260726T010956Z,27.1,93.1
20260726T011011Z,27.1,93.1
20260726T011026Z,27.2,93.1
20260726T011041Z,27.2,93.0
20260726T011056Z,27.2,93.0
20260726T011111Z,27.2,93.0
20260726T011126Z,27.2,92.9
20260726T011141Z,27.2,92.9
20260726T011156Z,27.2,92.9
20260726T011211Z,27.2,92.9
20260726T011226Z,27.2,92.8
20260726T011241Z,27.2,92.8
20260726T011256Z,27.2,92.8
20260726T011311Z,27.3,92.8
20260726T011326Z,27.3,92.7
20260726T011341Z,27.3,92.7
20260726T011356Z,27.3,92.7
20260726T011411Z,27.3,92.6
20260726T011426Z,27.3,92.6
20260726T011441Z,27.3,92.6
20260726T011456Z,27.3,92.6
20260726T011511Z,27.3,92.6
20260726T011526Z,27.3,92.5
20260726T011541Z,27.3,92.6
20260726T011556Z,27.4,92.5
20260726T011611Z,27.3,92.5
20260726T011626Z,27.3,92.5
20260726T011641Z,27.4,92.5
20260726T011656Z,27.4,92.5
20260726T011711Z,27.4,92.4
20260726T011726Z,27.4,92.4
20260726T011741Z,27.4,92.4
20260726T011756Z,27.4,92.4
20260726T011811Z,27.4,92.4
20260726T011826Z,27.4,92.4
20260726T011841Z,27.4,92.3
20260726T011856Z,27.4,92.3
20260726T011911Z,27.4,92.3
20260726T011926Z,27.4,92.3
20260726T011941Z,27.4,92.3
20260726T011956Z,27.4,92.3
20260726T012011Z,27.4,92.3
20260726T012026Z,27.4,92.3
20260726T012041Z,27.5,92.2
20260726T012056Z,27.4,92.2
20260726T012111Z,27.5,92.2
20260726T012126Z,27.4,92.2
20260726T012141Z,27.5,92.2
20260726T012156Z,27.5,92.2
20260726T012211Z,27.5,92.2
20260726T012226Z,27.5,92.1
20260726T012241Z,27.5,92.1
20260726T012256Z,27.5,92.1
20260726T012311Z,27.5,92.1
20260726T012326Z,27.5,92.1
20260726T012341Z,27.5,92.0
20260726T012356Z,27.5,92.0
20260726T012411Z,27.5,92.0
20260726T012426Z,27.5,92.0
20260726T012441Z,27.5,92.0
20260726T012456Z,27.6,92.0
20260726T012511Z,27.5,91.9
20260726T012526Z,27.5,91.9
20260726T012541Z,27.5,91.9
20260726T012556Z,27.6,91.9
20260726T012611Z,27.6,91.9
20260726T012626Z,27.6,91.9
20260726T012641Z,27.6,91.9
20260726T012656Z,27.6,91.8
20260726T012711Z,27.6,91.8
20260726T012726Z,27.6,91.8
20260726T012741Z,27.6,91.8
20260726T012756Z,27.6,91.8
20260726T012811Z,27.6,91.8
20260726T012826Z,27.6,91.7
20260726T012841Z,27.6,91.7
20260726T012856Z,27.6,91.7
20260726T012911Z,27.6,90.6
20260726T012926Z,27.6,90.8
20260726T012941Z,27.5,89.6
20260726T012956Z,27.5,89.3
20260726T013011Z,27.4,89.1
20260726T013026Z,27.3,87.6
20260726T013041Z,27.3,87.0
20260726T013056Z,27.2,86.5
20260726T013111Z,27.1,86.0
20260726T013126Z,26.9,85.4
20260726T013141Z,26.8,84.9
20260726T013156Z,26.7,85.1
20260726T013211Z,26.6,84.0
20260726T013226Z,26.4,83.1
20260726T013241Z,26.3,83.0
20260726T013256Z,26.2,82.3
20260726T013311Z,26.1,82.3
20260726T013326Z,26.0,82.1
20260726T013341Z,25.9,83.9
20260726T013356Z,25.9,85.4
20260726T013411Z,25.8,86.3
20260726T013426Z,25.8,87.4
20260726T013441Z,25.8,87.1
20260726T013456Z,25.8,87.7
20260726T013511Z,25.9,88.1
20260726T013526Z,25.9,88.2
20260726T013541Z,25.9,88.6
20260726T013556Z,25.9,88.8
20260726T013611Z,25.9,89.1
20260726T013626Z,26.0,89.3
20260726T013641Z,26.0,89.6
20260726T013656Z,26.0,89.8
20260726T013711Z,26.0,90.1
20260726T013726Z,26.1,90.3
20260726T013741Z,26.1,90.6
20260726T013756Z,26.1,90.7
20260726T013811Z,26.2,90.9
20260726T013826Z,26.2,91.1
20260726T013841Z,26.2,91.3
20260726T013856Z,26.2,91.5
20260726T013911Z,26.2,91.7
20260726T013926Z,26.3,91.9
20260726T013941Z,26.3,91.9
20260726T013956Z,26.3,92.1
20260726T014011Z,26.3,92.2
20260726T014026Z,26.4,92.3
20260726T014041Z,26.4,92.5
20260726T014056Z,26.4,92.7
20260726T014111Z,26.4,92.7
20260726T014126Z,26.4,92.8
20260726T014141Z,26.5,92.9
20260726T014156Z,26.5,92.9
20260726T014211Z,26.5,93.1
20260726T014226Z,26.5,93.1
20260726T014241Z,26.5,93.1
20260726T014256Z,26.6,93.2
20260726T014311Z,26.6,93.3
20260726T014326Z,26.6,93.4
20260726T014341Z,26.6,93.4
20260726T014356Z,26.7,93.3
20260726T014411Z,26.7,93.4
20260726T014426Z,26.7,93.5
20260726T014441Z,26.7,93.4
20260726T014456Z,26.7,93.4
20260726T014511Z,26.8,93.4
20260726T014526Z,26.8,93.4
20260726T014541Z,26.8,93.4
20260726T014556Z,26.8,93.3
20260726T014611Z,26.9,93.4
20260726T014626Z,26.9,93.3
20260726T014641Z,26.9,93.3
20260726T014656Z,26.9,93.3
20260726T014711Z,26.9,93.2
20260726T014726Z,27.0,93.2
20260726T014741Z,27.0,93.2
20260726T014756Z,27.0,93.2
20260726T014811Z,27.0,93.1
20260726T014826Z,27.0,93.1
20260726T014841Z,27.0,93.1
20260726T014856Z,27.0,93.0
20260726T014911Z,27.1,93.0
20260726T014926Z,27.1,93.1
20260726T014941Z,27.1,93.1
20260726T014956Z,27.1,93.0
20260726T015011Z,27.1,93.0
20260726T015026Z,27.2,92.9
20260726T015041Z,27.2,92.9
20260726T015056Z,27.2,92.9
20260726T015111Z,27.2,92.9
20260726T015126Z,27.2,92.9
20260726T015141Z,27.2,92.8
20260726T015156Z,27.3,92.8
20260726T015211Z,27.3,92.8
20260726T015226Z,27.3,92.7
20260726T015241Z,27.3,92.7
20260726T015256Z,27.3,92.7
20260726T015311Z,27.3,92.7
20260726T015326Z,27.3,92.6
20260726T015341Z,27.3,92.6
20260726T015356Z,27.3,92.6
20260726T015411Z,27.4,92.6
20260726T015426Z,27.4,92.6
20260726T015441Z,27.4,92.6
20260726T015456Z,27.4,92.6
20260726T015511Z,27.4,92.5
20260726T015526Z,27.4,92.5
20260726T015541Z,27.4,92.5
20260726T015556Z,27.4,92.4
20260726T015611Z,27.4,92.4
20260726T015626Z,27.4,92.4
20260726T015641Z,27.5,92.4
20260726T015656Z,27.5,92.3
20260726T015711Z,27.5,92.3
20260726T015726Z,27.5,92.3
20260726T015741Z,27.5,92.3
20260726T015756Z,27.5,92.3
20260726T015811Z,27.5,92.2
20260726T015826Z,27.5,92.2
20260726T015841Z,27.5,92.2
20260726T015856Z,27.5,92.2
20260726T015911Z,27.5,92.2
20260726T015926Z,27.6,92.2
20260726T015941Z,27.6,92.1
20260726T015956Z,27.6,92.1
20260726T020011Z,27.6,92.1
20260726T020028Z,27.6,92.1
20260726T020042Z,27.6,92.1
20260726T020057Z,27.6,92.0
20260726T020111Z,27.6,92.0
20260726T020126Z,27.6,92.0
20260726T020141Z,27.6,92.0
20260726T020156Z,27.6,92.0
20260726T020211Z,27.6,92.0
20260726T020226Z,27.6,91.2
20260726T020241Z,27.6,90.2
20260726T020256Z,27.5,89.9
20260726T020311Z,27.5,89.3
20260726T020326Z,27.4,88.6
20260726T020341Z,27.3,87.8
20260726T020356Z,27.2,87.3
20260726T020411Z,27.1,86.7
20260726T020426Z,27.0,86.4
20260726T020441Z,26.9,85.3
20260726T020456Z,26.8,85.1
20260726T020511Z,26.7,84.6
20260726T020526Z,26.6,83.7
20260726T020541Z,26.5,83.4
20260726T020556Z,26.3,82.7
20260726T020611Z,26.2,82.8
20260726T020626Z,26.1,81.6
20260726T020641Z,26.0,82.4
20260726T020656Z,26.0,84.2
20260726T020711Z,25.9,85.3
20260726T020726Z,25.9,86.8
20260726T020741Z,25.9,87.1
20260726T020756Z,25.9,87.7
20260726T020811Z,25.9,87.9
20260726T020826Z,25.9,88.3
20260726T020841Z,26.0,88.2
20260726T020856Z,26.0,88.7
20260726T020911Z,26.0,88.9
20260726T020926Z,26.0,89.1
20260726T020941Z,26.0,89.5
20260726T020956Z,26.1,89.8
20260726T021011Z,26.1,90.1
20260726T021026Z,26.1,90.1
20260726T021041Z,26.1,90.4
20260726T021056Z,26.2,90.4
20260726T021111Z,26.2,90.8
20260726T021126Z,26.2,90.9
20260726T021141Z,26.2,91.2
20260726T021156Z,26.3,91.3
20260726T021211Z,26.3,91.6
20260726T021226Z,26.3,91.6
20260726T021241Z,26.3,91.8
20260726T021256Z,26.4,92.0
20260726T021311Z,26.4,92.1
20260726T021326Z,26.4,92.4
20260726T021341Z,26.4,92.5
20260726T021356Z,26.4,92.5
20260726T021411Z,26.4,92.7
20260726T021427Z,26.5,92.8
20260726T021442Z,26.5,92.9
20260726T021456Z,26.5,93.1
20260726T021511Z,26.5,93.0
20260726T021526Z,26.6,93.2
20260726T021541Z,26.6,93.3
20260726T021556Z,26.6,93.3
20260726T021611Z,26.6,93.3
20260726T021626Z,26.7,93.3
20260726T021641Z,26.7,93.4
20260726T021656Z,26.7,93.5
20260726T021711Z,26.7,93.5
20260726T021726Z,26.7,93.5
20260726T021741Z,26.8,93.5
20260726T021756Z,26.8,93.6
20260726T021811Z,26.8,93.6
20260726T021826Z,26.8,93.6
20260726T021841Z,26.8,93.6
20260726T021856Z,26.9,93.6
20260726T021911Z,26.9,93.6
20260726T021926Z,26.9,93.6
20260726T021941Z,26.9,93.6
20260726T021956Z,27.0,93.5
20260726T022011Z,27.0,93.5
20260726T022026Z,27.0,93.5
20260726T022041Z,27.0,93.5
20260726T022056Z,27.0,93.4
20260726T022111Z,27.1,93.4
20260726T022126Z,27.1,93.5
20260726T022141Z,27.1,93.4
20260726T022156Z,27.1,93.3
20260726T022211Z,27.1,93.4
20260726T022226Z,27.1,93.3
20260726T022241Z,27.2,93.3
20260726T022256Z,27.2,93.3
20260726T022311Z,27.2,93.3
20260726T022326Z,27.2,93.3
20260726T022341Z,27.2,93.2
20260726T022356Z,27.2,93.2
20260726T022411Z,27.2,93.1
20260726T022426Z,27.3,93.1
20260726T022441Z,27.3,93.0
20260726T022456Z,27.3,93.0
20260726T022511Z,27.3,92.9
20260726T022526Z,27.3,93.0
20260726T022541Z,27.3,93.0
20260726T022556Z,27.3,93.0
20260726T022611Z,27.4,93.0
20260726T022626Z,27.4,92.9
20260726T022641Z,27.4,92.8
20260726T022656Z,27.4,92.8
20260726T022711Z,27.4,92.8
20260726T022726Z,27.4,92.8
20260726T022741Z,27.4,92.8
20260726T022756Z,27.5,92.8
20260726T022811Z,27.5,92.8
20260726T022826Z,27.5,92.7
20260726T022841Z,27.5,92.7
20260726T022856Z,27.5,92.7
20260726T022911Z,27.5,92.6
20260726T022926Z,27.5,92.6
20260726T022941Z,27.5,92.6
20260726T022956Z,27.5,92.6
20260726T023011Z,27.5,92.5
20260726T023026Z,27.5,92.6
20260726T023041Z,27.6,92.5
20260726T023056Z,27.5,92.5
20260726T023111Z,27.6,92.5
20260726T023126Z,27.6,92.5
20260726T023141Z,27.6,92.5
20260726T023156Z,27.6,92.4
20260726T023211Z,27.6,92.4
20260726T023226Z,27.6,92.4
20260726T023241Z,27.6,92.3
20260726T023256Z,27.6,92.3
20260726T023311Z,27.6,92.3
20260726T023326Z,27.6,92.3
20260726T023341Z,27.6,92.2
20260726T023356Z,27.6,92.0
20260726T023411Z,27.6,90.6
20260726T023426Z,27.5,90.0
20260726T023441Z,27.5,89.4
20260726T023456Z,27.4,88.8
20260726T023511Z,27.3,88.2
20260726T023526Z,27.2,87.4
20260726T023541Z,27.1,86.7
20260726T023556Z,27.0,85.9
20260726T023611Z,26.9,84.8
20260726T023626Z,26.8,85.4
20260726T023641Z,26.7,84.7
20260726T023656Z,26.5,84.3
20260726T023711Z,26.5,83.6
20260726T023726Z,26.3,83.1
20260726T023741Z,26.2,82.7
20260726T023756Z,26.2,82.3
20260726T023811Z,26.1,81.4
20260726T023826Z,26.0,83.2
20260726T023841Z,25.9,85.2
20260726T023856Z,25.9,86.4
20260726T023911Z,25.9,87.4
20260726T023926Z,25.9,87.6
20260726T023941Z,25.9,87.8
20260726T023956Z,25.9,88.3
20260726T024011Z,25.9,88.4
20260726T024026Z,25.9,88.4
20260726T024041Z,26.0,88.9
20260726T024056Z,26.0,89.0
20260726T024111Z,26.0,89.4
20260726T024126Z,26.0,89.5
20260726T024141Z,26.1,89.7
20260726T024156Z,26.1,90.1
20260726T024211Z,26.1,90.4
20260726T024226Z,26.2,90.4
20260726T024241Z,26.2,90.8
20260726T024256Z,26.2,90.8
20260726T024311Z,26.2,90.9
20260726T024326Z,26.3,91.3
20260726T024341Z,26.3,91.3
20260726T024356Z,26.3,91.5
20260726T024411Z,26.4,91.8
20260726T024426Z,26.4,91.8
20260726T024441Z,26.4,92.1
20260726T024456Z,26.4,92.2
20260726T024511Z,26.4,92.4
20260726T024526Z,26.5,92.4
20260726T024541Z,26.5,92.5
20260726T024556Z,26.5,92.6
20260726T024611Z,26.5,92.8
20260726T024626Z,26.5,92.9
20260726T024641Z,26.6,93.0
20260726T024656Z,26.6,93.0
20260726T024711Z,26.6,93.1
20260726T024726Z,26.6,93.3
20260726T024741Z,26.6,93.2
20260726T024756Z,26.7,93.4
20260726T024811Z,26.7,93.3
20260726T024826Z,26.7,93.3
20260726T024841Z,26.7,93.4
20260726T024856Z,26.8,93.5
20260726T024911Z,26.8,93.5
20260726T024927Z,26.8,93.5
20260726T024942Z,26.8,93.6
20260726T024956Z,26.9,93.5
20260726T025011Z,26.9,93.6
20260726T025026Z,26.9,93.6
20260726T025041Z,26.9,93.6
20260726T025056Z,26.9,93.5
20260726T025111Z,27.0,93.6
20260726T025126Z,27.0,93.5
20260726T025141Z,27.0,93.5
20260726T025156Z,27.0,93.5
20260726T025211Z,27.1,93.5
20260726T025226Z,27.1,93.5
20260726T025241Z,27.1,93.5
20260726T025256Z,27.1,93.5
20260726T025311Z,27.1,93.5
20260726T025326Z,27.1,93.4
20260726T025341Z,27.2,93.4
20260726T025356Z,27.2,93.4
20260726T025411Z,27.2,93.4
20260726T025426Z,27.2,93.3
20260726T025441Z,27.2,93.3
20260726T025456Z,27.2,93.3
20260726T025511Z,27.3,93.3
20260726T025526Z,27.3,93.2
20260726T025541Z,27.3,93.2
20260726T025556Z,27.3,93.2
20260726T025611Z,27.3,93.1
20260726T025626Z,27.3,93.1
20260726T025641Z,27.3,93.1
20260726T025656Z,27.3,93.1
20260726T025711Z,27.4,93.1
20260726T025726Z,27.4,93.1
20260726T025741Z,27.4,93.1
20260726T025756Z,27.4,93.0
20260726T025811Z,27.4,92.9
20260726T025826Z,27.4,92.9
20260726T025841Z,27.5,92.9
20260726T025856Z,27.5,92.9
20260726T025911Z,27.5,92.9
20260726T025926Z,27.5,92.9
20260726T025941Z,27.5,92.9
20260726T025956Z,27.5,92.8
20260726T030011Z,27.5,92.8
20260726T030026Z,27.5,92.7
20260726T030041Z,27.5,92.7
20260726T030056Z,27.6,92.7
20260726T030111Z,27.6,92.7
20260726T030126Z,27.6,92.7
20260726T030141Z,27.6,92.6
20260726T030156Z,27.6,92.6
20260726T030211Z,27.6,92.6
20260726T030226Z,27.6,92.5
20260726T030241Z,27.6,92.6
20260726T030256Z,27.6,92.5
20260726T030311Z,27.6,92.5
20260726T030326Z,27.7,92.5
20260726T030341Z,27.6,91.8
20260726T030356Z,27.6,91.9
20260726T030411Z,27.6,89.9
20260726T030426Z,27.5,89.8
20260726T030441Z,27.5,89.6
20260726T030456Z,27.4,89.0
20260726T030511Z,27.3,88.4
20260726T030526Z,27.2,87.0
20260726T030542Z,27.1,86.3
20260726T030556Z,27.0,85.7
20260726T030611Z,26.9,84.9
20260726T030626Z,26.7,85.1
20260726T030641Z,26.6,83.8
20260726T030656Z,26.5,84.3
20260726T030711Z,26.4,83.5
20260726T030726Z,26.3,82.6
20260726T030741Z,26.1,82.0
20260726T030756Z,26.1,82.2
20260726T030811Z,26.0,81.6
20260726T030826Z,25.9,83.5
20260726T030841Z,25.9,84.8
20260726T030856Z,25.9,86.5
20260726T030911Z,25.9,87.1
20260726T030926Z,25.9,87.6
20260726T030941Z,25.9,87.7
20260726T030956Z,25.9,87.9
20260726T031011Z,25.9,88.2
20260726T031026Z,26.0,88.5
20260726T031041Z,26.0,88.7
20260726T031056Z,26.0,88.7
20260726T031112Z,26.1,89.3
20260726T031126Z,26.1,89.5
20260726T031142Z,26.1,89.5
20260726T031156Z,26.1,90.0
20260726T031211Z,26.2,90.2
20260726T031226Z,26.2,90.4
20260726T031241Z,26.2,90.7
20260726T031256Z,26.3,90.8
20260726T031312Z,26.3,91.0
20260726T031327Z,26.3,91.1
20260726T031341Z,26.3,91.4
20260726T031357Z,26.4,91.5
20260726T031411Z,26.4,91.9
20260726T031427Z,26.4,91.9
20260726T031441Z,26.4,91.9
20260726T031457Z,26.5,92.1
20260726T031511Z,26.5,92.4
20260726T031527Z,26.5,92.4
20260726T031541Z,26.5,92.5
20260726T031556Z,26.5,92.7
20260726T031611Z,26.6,92.8
20260726T031627Z,26.6,92.9
20260726T031641Z,26.6,93.1
20260726T031656Z,26.6,93.0
20260726T031711Z,26.7,93.1
20260726T031727Z,26.7,93.2
20260726T031741Z,26.7,93.2
20260726T031757Z,26.7,93.4
20260726T031811Z,26.8,93.4
20260726T031828Z,26.8,93.5
20260726T031842Z,26.8,93.5
20260726T031857Z,26.8,93.5
20260726T031911Z,26.8,93.5
20260726T031927Z,26.9,93.6
20260726T031941Z,26.9,93.7
20260726T031957Z,26.9,93.6
20260726T032011Z,26.9,93.6
20260726T032027Z,26.9,93.6
20260726T032041Z,27.0,93.6
20260726T032057Z,27.0,93.6
20260726T032111Z,27.0,93.6
20260726T032127Z,27.0,93.6
20260726T032141Z,27.1,93.6
20260726T032156Z,27.1,93.6
20260726T032212Z,27.1,93.5
20260726T032226Z,27.1,93.5
20260726T032242Z,27.1,93.5
20260726T032257Z,27.1,93.5
20260726T032312Z,27.2,93.5
20260726T032327Z,27.2,93.5
20260726T032342Z,27.2,93.5
20260726T032356Z,27.2,93.1
20260726T032412Z,27.2,91.3
20260726T032426Z,27.1,90.5
20260726T032442Z,27.1,90.3
20260726T032456Z,27.1,89.5
20260726T032512Z,27.0,88.9
20260726T032526Z,26.9,88.4
20260726T032542Z,26.9,87.6
20260726T032556Z,26.8,86.6
20260726T032611Z,26.7,86.0
20260726T032627Z,26.6,85.2
20260726T032641Z,26.5,84.7
20260726T032657Z,26.4,83.8
20260726T032711Z,26.3,83.8
20260726T032727Z,26.2,83.1
20260726T032741Z,26.1,82.1
20260726T032757Z,26.0,82.1
20260726T032811Z,25.9,81.6
20260726T032827Z,25.8,80.8
20260726T032841Z,25.7,80.4
20260726T032857Z,25.6,79.9
20260726T032911Z,25.6,79.6
20260726T032926Z,25.5,79.2
20260726T032942Z,25.4,78.5
20260726T032957Z,25.4,77.8
20260726T033011Z,25.3,77.5
20260726T033027Z,25.3,77.3
20260726T033041Z,25.3,76.8
20260726T033057Z,25.2,76.2
20260726T033111Z,25.2,75.8
20260726T033127Z,25.2,74.7
20260726T033141Z,25.2,74.8
20260726T033157Z,25.1,73.9
20260726T033211Z,25.1,74.1
20260726T033226Z,25.1,73.4
20260726T033241Z,25.1,72.9
20260726T033256Z,25.0,72.6
20260726T033312Z,25.1,72.2
20260726T033326Z,25.1,71.1
20260726T033342Z,25.0,70.8
20260726T033356Z,25.0,70.3
20260726T033412Z,25.0,69.6
20260726T033426Z,24.9,69.6
20260726T033442Z,24.9,69.2
20260726T033456Z,24.9,68.8
20260726T033512Z,24.8,68.3
20260726T033526Z,24.8,68.3
20260726T033541Z,24.7,67.9
20260726T033557Z,24.7,67.6
20260726T033611Z,24.7,67.7
20260726T033627Z,24.8,67.2
20260726T033641Z,24.9,66.6
20260726T033657Z,24.9,66.2
20260726T033711Z,24.9,65.4
20260726T033727Z,24.9,65.0
20260726T033741Z,24.9,64.8
20260726T033757Z,24.9,64.7
20260726T033811Z,24.9,66.9
20260726T033827Z,25.0,68.9
20260726T033841Z,25.0,71.0
20260726T033856Z,25.0,71.7
20260726T033911Z,25.0,72.4
20260726T033926Z,25.0,73.0
20260726T033942Z,25.0,73.5
20260726T033956Z,25.0,73.9
20260726T034012Z,25.0,74.7
20260726T034026Z,25.0,75.4
20260726T034042Z,25.0,76.1
20260726T034056Z,25.0,76.9
20260726T034111Z,25.1,77.5
20260726T034128Z,25.1,78.0
20260726T034142Z,25.1,78.8
20260726T034157Z,25.1,79.6
20260726T034211Z,25.2,80.1
20260726T034227Z,25.2,80.5
20260726T034242Z,25.2,80.8
20260726T034256Z,25.3,81.2
20260726T034312Z,25.3,81.7
20260726T034326Z,25.3,82.0
20260726T034342Z,25.4,82.4
20260726T034356Z,25.4,83.0
20260726T034412Z,25.4,83.1
20260726T034426Z,25.5,83.6
20260726T034442Z,25.5,82.8
20260726T034457Z,25.5,82.6
20260726T034511Z,25.5,81.4
20260726T034526Z,25.5,81.0
20260726T034541Z,25.5,80.3
20260726T034556Z,25.5,79.6
20260726T034612Z,25.4,78.7
20260726T034626Z,25.4,78.4
20260726T034642Z,25.4,77.9
20260726T034656Z,25.3,77.7
20260726T034712Z,25.3,77.0
20260726T034726Z,25.3,75.6
20260726T034742Z,25.2,74.9
20260726T034756Z,25.1,74.3
20260726T034812Z,25.1,74.8
20260726T034827Z,25.0,74.0
20260726T034841Z,25.0,73.4
20260726T034857Z,25.0,72.8
20260726T034911Z,24.9,72.2
20260726T034927Z,24.9,71.8
20260726T034941Z,24.8,71.4
20260726T034957Z,24.8,70.7
20260726T035011Z,24.8,70.3
20260726T035027Z,24.8,69.7
20260726T035041Z,24.8,69.3
20260726T035057Z,24.8,69.0
20260726T035111Z,24.7,68.4
20260726T035126Z,24.8,68.1
20260726T035142Z,24.8,67.6
20260726T035156Z,24.8,67.2
20260726T035212Z,24.8,66.8
20260726T035227Z,24.8,66.2
20260726T035241Z,24.8,65.8
20260726T035257Z,24.8,65.3
20260726T035311Z,24.8,65.0
20260726T035327Z,24.8,65.5
20260726T035342Z,24.8,67.8
20260726T035356Z,24.8,69.9
20260726T035412Z,24.8,71.1
20260726T035427Z,24.8,71.6
20260726T035442Z,24.8,72.6
20260726T035457Z,24.8,73.2
20260726T035511Z,24.8,73.6
20260726T035527Z,24.8,74.0
20260726T035541Z,24.8,74.7
20260726T035557Z,24.9,75.1
20260726T035611Z,24.9,76.4
20260726T035627Z,24.9,76.7
20260726T035641Z,24.9,77.3
20260726T035657Z,25.0,77.9
20260726T035711Z,25.0,78.5
20260726T035727Z,25.0,78.9
20260726T035741Z,25.0,79.1
20260726T035757Z,25.1,79.6
20260726T035811Z,25.1,80.1
20260726T035826Z,25.1,80.7
20260726T035841Z,25.2,81.2
20260726T035857Z,25.2,81.3
20260726T035911Z,25.2,82.2
20260726T035927Z,25.3,82.2
20260726T035941Z,25.3,82.4
20260726T035957Z,25.4,82.9
20260726T040011Z,25.4,83.5
20260726T040027Z,25.4,83.6
20260726T040041Z,25.5,83.8
20260726T040056Z,25.5,83.4
20260726T040112Z,25.5,82.0
20260726T040127Z,25.5,81.2
20260726T040142Z,25.5,80.8
20260726T040157Z,25.5,80.0
20260726T040211Z,25.5,79.4
20260726T040226Z,25.4,78.8
20260726T040242Z,25.4,77.9
20260726T040256Z,25.3,77.7
20260726T040312Z,25.3,76.5
20260726T040327Z,25.2,75.6
20260726T040341Z,25.1,75.0
20260726T040357Z,25.0,74.9
20260726T040411Z,25.0,74.8
20260726T040426Z,24.9,73.8
20260726T040441Z,24.8,73.2
20260726T040457Z,24.8,72.9
20260726T040512Z,24.8,72.6
20260726T040526Z,24.7,72.0
20260726T040542Z,24.7,71.5
20260726T040556Z,24.7,71.1
20260726T040612Z,24.7,70.3
20260726T040626Z,24.7,70.1
20260726T040641Z,24.6,69.3
20260726T040657Z,24.6,69.0
20260726T040712Z,24.6,68.7
20260726T040727Z,24.6,68.2
20260726T040742Z,24.6,67.8
20260726T040757Z,24.6,67.4
20260726T040812Z,24.5,66.6
20260726T040827Z,24.5,66.1
20260726T040841Z,24.5,66.1
20260726T040857Z,24.5,67.7
20260726T040911Z,24.5,70.2
20260726T040927Z,24.5,72.1
20260726T040941Z,24.5,72.8
20260726T040957Z,24.6,73.2
20260726T041011Z,24.6,73.8
20260726T041027Z,24.6,74.3
20260726T041042Z,24.6,75.2
20260726T041057Z,24.7,75.5
20260726T041112Z,24.7,75.7
20260726T041127Z,24.7,76.2
20260726T041141Z,24.7,76.8
20260726T041157Z,24.8,77.5
20260726T041211Z,24.8,77.9
20260726T041227Z,24.9,78.7
20260726T041241Z,24.9,79.0
20260726T041257Z,24.9,79.6
20260726T041312Z,25.0,79.9
20260726T041327Z,25.0,80.5
20260726T041342Z,25.1,80.6
20260726T041357Z,25.1,81.2
20260726T041412Z,25.1,81.5
20260726T041427Z,25.1,82.0
20260726T041442Z,25.2,82.3
20260726T041457Z,25.2,82.7
20260726T041512Z,25.3,82.9
20260726T041527Z,25.3,83.5
20260726T041542Z,25.3,83.8
20260726T041557Z,25.4,83.8
20260726T041612Z,25.4,84.3
20260726T041627Z,25.4,84.3
20260726T041642Z,25.5,84.1
20260726T041657Z,25.5,82.2
20260726T041712Z,25.5,81.7
20260726T041727Z,25.4,81.3
20260726T041742Z,25.4,80.5
20260726T041757Z,25.4,79.6
20260726T041812Z,25.3,79.2
20260726T041827Z,25.3,78.5
20260726T041842Z,25.2,77.2
20260726T041857Z,25.1,77.5
20260726T041912Z,25.1,76.8
20260726T041927Z,25.0,75.8
20260726T041942Z,25.0,74.9
20260726T041957Z,24.9,75.5
20260726T042012Z,24.8,74.3
20260726T042027Z,24.7,74.0
20260726T042042Z,24.7,73.7
20260726T042057Z,24.7,73.0
20260726T042112Z,24.7,72.8
20260726T042127Z,24.6,71.9
20260726T042142Z,24.6,71.4
20260726T042157Z,24.6,71.0
20260726T042212Z,24.6,70.8
20260726T042227Z,24.6,70.4
20260726T042242Z,24.6,69.4
20260726T042257Z,24.5,68.8
20260726T042312Z,24.5,68.2
20260726T042327Z,24.5,68.0
20260726T042342Z,24.5,67.5
20260726T042357Z,24.4,66.9
20260726T042412Z,24.4,67.8
20260726T042427Z,24.4,70.2
20260726T042442Z,24.4,72.5
20260726T042457Z,24.5,73.3
20260726T042512Z,24.5,74.1
20260726T042527Z,24.5,74.9
20260726T042542Z,24.5,75.2
20260726T042557Z,24.6,75.3
20260726T042612Z,24.6,76.1
20260726T042627Z,24.6,76.4
20260726T042642Z,24.7,76.8
20260726T042657Z,24.7,77.6
20260726T042712Z,24.7,77.9
20260726T042727Z,24.8,78.3
20260726T042742Z,24.8,79.2
20260726T042757Z,24.8,79.6
20260726T042812Z,24.9,80.0
20260726T042827Z,24.9,80.4
20260726T042842Z,24.9,80.8
20260726T042857Z,24.9,81.0
20260726T042912Z,25.0,81.5
20260726T042927Z,25.0,81.9
20260726T042942Z,25.1,82.3
20260726T042957Z,25.1,82.8
20260726T043012Z,25.2,82.8
20260726T043027Z,25.2,83.4
20260726T043042Z,25.2,83.7
20260726T043057Z,25.3,84.0
20260726T043112Z,25.3,84.2
20260726T043128Z,25.3,84.5
20260726T043142Z,25.4,84.1
20260726T043157Z,25.4,84.2
20260726T043212Z,25.4,82.4
20260726T043227Z,25.4,81.8
20260726T043242Z,25.4,81.7
20260726T043257Z,25.4,80.3
20260726T043312Z,25.3,79.7
20260726T043327Z,25.3,79.3
20260726T043342Z,25.3,78.8
20260726T043357Z,25.2,77.9
20260726T043412Z,25.2,77.6
20260726T043428Z,25.1,76.7
20260726T043442Z,25.1,76.0
20260726T043457Z,25.0,75.5
20260726T043512Z,24.9,74.8
20260726T043528Z,24.9,74.2
20260726T043542Z,24.9,73.8
20260726T043557Z,24.8,73.3
20260726T043612Z,24.8,72.6
20260726T043627Z,24.8,72.2
20260726T043642Z,24.7,71.6
20260726T043657Z,24.7,70.6
20260726T043712Z,24.6,70.2
20260726T043727Z,24.6,70.2
20260726T043742Z,24.6,69.6
20260726T043757Z,24.5,69.0
20260726T043812Z,24.5,68.3
20260726T043827Z,24.5,68.0
20260726T043842Z,24.4,67.8
20260726T043857Z,24.4,67.3
20260726T043912Z,24.4,67.4
20260726T043927Z,24.3,69.4
20260726T043942Z,24.3,71.3
20260726T043957Z,24.4,73.2
20260726T044012Z,24.4,74.0
20260726T044027Z,24.4,74.4
20260726T044042Z,24.5,74.8
20260726T044057Z,24.5,75.4
20260726T044112Z,24.5,76.0
20260726T044127Z,24.6,76.1
20260726T044142Z,24.6,77.1
20260726T044157Z,24.6,77.1
20260726T044212Z,24.7,77.4
20260726T044227Z,24.7,78.5
20260726T044242Z,24.7,79.0
20260726T044257Z,24.8,79.4
20260726T044312Z,24.8,79.4
20260726T044327Z,24.8,80.1
20260726T044342Z,24.8,80.5
20260726T044357Z,24.9,80.9
20260726T044412Z,24.9,81.3
20260726T044428Z,25.0,81.8
20260726T044442Z,25.0,81.8
20260726T044457Z,25.1,82.3
20260726T044512Z,25.1,82.4
20260726T044528Z,25.1,83.0
20260726T044542Z,25.2,83.2
20260726T044557Z,25.2,83.4
20260726T044612Z,25.2,83.5
20260726T044627Z,25.3,84.1
20260726T044642Z,25.3,84.1
20260726T044657Z,25.3,84.5
20260726T044712Z,25.4,84.2
20260726T044727Z,25.4,84.4
20260726T044742Z,25.4,82.3
20260726T044757Z,25.4,82.1
20260726T044812Z,25.4,81.3
20260726T044827Z,25.4,80.7
20260726T044842Z,25.3,79.7
20260726T044857Z,25.3,79.4
20260726T044912Z,25.3,78.5
20260726T044927Z,25.2,77.8
20260726T044942Z,25.2,77.0
20260726T044957Z,25.1,76.5
20260726T045012Z,25.0,75.8
20260726T045027Z,25.0,75.0
20260726T045042Z,24.9,75.0
20260726T045057Z,24.9,74.0
20260726T045112Z,24.8,73.7
20260726T045127Z,24.8,73.4
20260726T045142Z,24.8,72.5
20260726T045157Z,24.7,72.2
20260726T045212Z,24.7,71.3
20260726T045227Z,24.7,71.0
20260726T045242Z,24.6,70.3
20260726T045257Z,24.6,69.7
20260726T045312Z,24.6,69.3
20260726T045327Z,24.6,69.0
20260726T045342Z,24.5,68.3
20260726T045357Z,24.5,67.7
20260726T045412Z,24.4,67.2
20260726T045427Z,24.4,68.0
20260726T045442Z,24.4,70.0
20260726T045457Z,24.4,72.0
20260726T045512Z,24.4,73.4
20260726T045527Z,24.4,74.5
20260726T045542Z,24.4,74.7
20260726T045557Z,24.4,75.2
20260726T045612Z,24.5,75.6
20260726T045628Z,24.5,76.6
20260726T045642Z,24.5,77.1
20260726T045657Z,24.5,77.5
20260726T045712Z,24.6,77.8
20260726T045727Z,24.6,78.4
20260726T045742Z,24.7,78.8
20260726T045757Z,24.7,79.1
20260726T045812Z,24.7,79.9
20260726T045828Z,24.8,80.1
20260726T045843Z,24.8,80.6
20260726T045857Z,24.9,81.0
20260726T045912Z,24.9,81.3
20260726T045928Z,24.9,82.0
20260726T045942Z,25.0,82.3
20260726T045957Z,25.0,82.6
20260726T050012Z,25.0,82.6
20260726T050027Z,25.1,83.0
20260726T050042Z,25.1,83.4
20260726T050057Z,25.2,83.8
20260726T050112Z,25.2,84.1
20260726T050127Z,25.3,84.2
20260726T050142Z,25.3,84.6
20260726T050157Z,25.3,84.6
20260726T050212Z,25.4,84.8
20260726T050227Z,25.4,84.5
20260726T050242Z,25.4,82.9
20260726T050257Z,25.4,82.3
20260726T050312Z,25.4,81.7
20260726T050327Z,25.4,80.9
20260726T050342Z,25.3,80.3
20260726T050357Z,25.3,79.8
20260726T050412Z,25.2,79.0
20260726T050427Z,25.2,78.1
20260726T050442Z,25.1,77.3
20260726T050457Z,25.1,76.6
20260726T050512Z,25.0,76.8
20260726T050527Z,25.0,75.9
20260726T050542Z,24.9,75.6
20260726T050557Z,24.9,74.5
20260726T050612Z,24.8,74.2
20260726T050627Z,24.8,73.4
20260726T050642Z,24.7,72.8
20260726T050657Z,24.7,72.2
20260726T050712Z,24.7,71.6
20260726T050727Z,24.6,71.2
20260726T050742Z,24.5,70.6
20260726T050757Z,24.5,70.1
20260726T050812Z,24.4,70.0
20260726T050827Z,24.4,69.6
20260726T050842Z,24.4,68.9
20260726T050857Z,24.3,68.5
20260726T050912Z,24.3,68.3
20260726T050927Z,24.3,69.3
20260726T050942Z,24.3,70.8
20260726T050957Z,24.3,73.1
20260726T051012Z,24.3,74.3
20260726T051027Z,24.4,75.2
20260726T051042Z,24.4,75.6
20260726T051057Z,24.4,76.2
20260726T051112Z,24.5,76.5
20260726T051127Z,24.5,77.2
20260726T051142Z,24.5,77.5
20260726T051157Z,24.6,78.1
20260726T051212Z,24.6,78.5
20260726T051227Z,24.6,79.2
20260726T051242Z,24.7,79.2
20260726T051257Z,24.7,79.6
20260726T051312Z,24.8,80.3
20260726T051328Z,24.8,80.9
20260726T051343Z,24.8,81.2
20260726T051357Z,24.9,81.8
20260726T051412Z,24.9,82.0
20260726T051427Z,25.0,82.6
20260726T051442Z,25.0,83.0
20260726T051457Z,25.1,83.3
20260726T051512Z,25.1,83.5
20260726T051527Z,25.2,83.7
20260726T051542Z,25.2,83.8
20260726T051557Z,25.3,84.1
20260726T051612Z,25.3,84.3
20260726T051627Z,25.3,84.7
20260726T051642Z,25.4,83.9
20260726T051657Z,25.4,83.9
20260726T051712Z,25.4,82.2
20260726T051727Z,25.4,81.9
20260726T051742Z,25.4,81.4
20260726T051757Z,25.4,81.4
20260726T051812Z,25.4,79.9
20260726T051827Z,25.3,79.2
20260726T051842Z,25.3,78.7
20260726T051857Z,25.3,77.9
20260726T051912Z,25.2,77.6
20260726T051927Z,25.2,76.8
20260726T051942Z,25.2,76.0
20260726T051957Z,25.1,75.6
20260726T052012Z,25.1,75.3
20260726T052027Z,25.1,74.8
20260726T052042Z,25.0,74.1
20260726T052057Z,25.0,73.4
20260726T052112Z,25.0,72.9
20260726T052127Z,25.0,72.6
20260726T052142Z,24.9,71.9
20260726T052157Z,24.9,71.6
20260726T052212Z,24.9,71.1
20260726T052227Z,24.9,70.4
20260726T052242Z,24.9,69.5
20260726T052257Z,24.9,69.4
20260726T052312Z,24.9,69.1
20260726T052327Z,24.9,67.8
20260726T052342Z,24.8,68.0
20260726T052357Z,24.8,68.1
20260726T052412Z,24.8,67.3
20260726T052427Z,24.8,66.2
20260726T052442Z,24.7,67.8
20260726T052457Z,24.7,69.9
20260726T052512Z,24.7,72.2
20260726T052527Z,24.7,73.2
20260726T052542Z,24.7,73.7
20260726T052557Z,24.7,74.2
20260726T052612Z,24.7,74.3
20260726T052627Z,24.7,75.0
20260726T052642Z,24.7,75.6
20260726T052657Z,24.7,76.6
20260726T052712Z,24.8,76.9
20260726T052727Z,24.8,77.0
20260726T052742Z,24.8,78.0
20260726T052757Z,24.9,78.5
20260726T052812Z,24.9,79.2
20260726T052827Z,24.9,79.8
20260726T052842Z,25.0,79.5
20260726T052857Z,25.0,80.3
20260726T052912Z,25.0,80.8
20260726T052927Z,25.0,80.9
20260726T052942Z,25.1,81.8
20260726T052957Z,25.1,81.9
20260726T053012Z,25.2,82.2
20260726T053027Z,25.2,82.6
20260726T053042Z,25.2,82.9
20260726T053057Z,25.3,83.2
20260726T053112Z,25.3,83.6
20260726T053127Z,25.3,83.7
20260726T053142Z,25.4,84.0
20260726T053157Z,25.4,84.3
20260726T053212Z,25.4,83.8
20260726T053227Z,25.5,82.7
20260726T053242Z,25.5,81.6
20260726T053257Z,25.5,81.0
20260726T053312Z,25.4,80.3
20260726T053327Z,25.4,79.7
20260726T053342Z,25.4,79.2
20260726T053357Z,25.3,78.6
20260726T053412Z,25.3,78.1
20260726T053427Z,25.2,78.1
20260726T053442Z,25.2,77.4
20260726T053457Z,25.3,77.0
20260726T053512Z,25.3,76.5
20260726T053527Z,25.3,75.2
20260726T053542Z,25.3,75.1
20260726T053557Z,25.3,74.5
20260726T053612Z,25.4,74.4
20260726T053627Z,25.4,73.5
20260726T053642Z,25.4,72.2
20260726T053657Z,25.4,71.9
20260726T053712Z,25.5,71.3
20260726T053727Z,25.5,69.6
20260726T053742Z,25.5,69.2
20260726T053757Z,25.5,69.4
20260726T053812Z,25.5,68.2
20260726T053827Z,25.5,67.1
20260726T053842Z,25.5,67.4
20260726T053857Z,25.5,66.7
20260726T053912Z,25.5,66.4
20260726T053927Z,25.5,67.4
20260726T053942Z,25.5,69.1
20260726T053957Z,25.4,70.8
20260726T054012Z,25.4,71.8
20260726T054027Z,25.3,72.6
20260726T054042Z,25.2,73.3
20260726T054057Z,25.2,73.7
20260726T054112Z,25.1,74.9
20260726T054127Z,25.1,75.5
20260726T054142Z,25.0,75.6
20260726T054157Z,25.0,76.4
20260726T054212Z,25.0,76.7
20260726T054227Z,25.0,77.5
20260726T054242Z,25.0,78.0
20260726T054257Z,25.0,78.7
20260726T054312Z,25.1,79.3
20260726T054327Z,25.1,79.9
20260726T054342Z,25.1,80.1
20260726T054357Z,25.1,80.6
20260726T054412Z,25.2,81.1
20260726T054427Z,25.2,81.0
20260726T054442Z,25.2,81.7
20260726T054457Z,25.2,82.1
20260726T054512Z,25.3,82.5
20260726T054527Z,25.3,82.7
20260726T054542Z,25.3,83.2
20260726T054557Z,25.4,83.5
20260726T054612Z,25.4,83.8
20260726T054627Z,25.4,84.0
20260726T054642Z,25.5,83.3
20260726T054657Z,25.5,82.7
20260726T054712Z,25.5,81.6
20260726T054727Z,25.5,81.3
20260726T054742Z,25.5,80.0
20260726T054757Z,25.5,79.1
20260726T054812Z,25.4,78.4
20260726T054827Z,25.3,77.8
20260726T054842Z,25.3,77.6
20260726T054857Z,25.2,76.9
20260726T054912Z,25.2,76.3
20260726T054927Z,25.1,76.4
20260726T054942Z,25.1,75.5
20260726T054957Z,25.1,75.5
20260726T055012Z,25.2,75.0
20260726T055027Z,25.2,74.8
20260726T055042Z,25.2,73.4
20260726T055057Z,25.3,73.8
20260726T055112Z,25.3,73.0
20260726T055127Z,25.3,71.3
20260726T055142Z,25.3,69.3
20260726T055157Z,25.3,69.1
20260726T055212Z,25.2,68.5
20260726T055227Z,25.1,68.0
20260726T055242Z,25.1,67.6
20260726T055257Z,25.0,67.3
20260726T055312Z,25.0,66.9
20260726T055327Z,24.9,68.5
20260726T055342Z,24.9,69.9
20260726T055357Z,24.9,72.3
20260726T055412Z,24.9,73.3
20260726T055427Z,24.9,73.9
20260726T055442Z,24.8,74.3
20260726T055457Z,24.8,75.1
20260726T055512Z,24.8,75.8
20260726T055527Z,24.8,75.9
20260726T055542Z,24.8,76.6
20260726T055557Z,24.8,77.4
20260726T055612Z,24.9,77.6
20260726T055627Z,24.9,77.9
20260726T055642Z,24.9,78.2
20260726T055657Z,24.9,78.6
20260726T055712Z,25.0,79.2
20260726T055727Z,25.0,79.8
20260726T055742Z,25.0,79.8
20260726T055757Z,25.1,80.4
20260726T055812Z,25.1,80.8
20260726T055827Z,25.1,80.9
20260726T055842Z,25.2,81.5
20260726T055857Z,25.2,81.8
20260726T055912Z,25.2,82.3
20260726T055927Z,25.3,82.4
20260726T055942Z,25.3,82.6
20260726T055957Z,25.4,83.3
20260726T060012Z,25.4,83.3
20260726T060027Z,25.4,83.8
20260726T060042Z,25.5,84.1
20260726T060057Z,25.5,83.2
20260726T060112Z,25.5,83.3
20260726T060127Z,25.5,82.1
20260726T060142Z,25.5,81.3
20260726T060157Z,25.5,80.6
20260726T060212Z,25.5,80.0
20260726T060227Z,25.4,78.5
20260726T060242Z,25.4,78.5
20260726T060257Z,25.3,77.9
20260726T060312Z,25.3,77.6
20260726T060328Z,25.3,77.6
20260726T060343Z,25.3,77.1
20260726T060357Z,25.3,76.5
20260726T060412Z,25.4,76.0
20260726T060427Z,25.4,75.0
20260726T060442Z,25.5,73.6
20260726T060457Z,25.5,73.1
20260726T060512Z,25.5,71.8
20260726T060527Z,25.5,71.6
20260726T060542Z,25.5,71.2
20260726T060557Z,25.5,70.5
20260726T060612Z,25.5,69.8
20260726T060627Z,25.5,69.3
20260726T060642Z,25.5,68.9
20260726T060657Z,25.5,68.3
20260726T060712Z,25.5,67.4
20260726T060727Z,25.5,67.5
20260726T060742Z,25.5,67.4
20260726T060757Z,25.5,69.4
20260726T060812Z,25.5,71.0
20260726T060827Z,25.4,72.0
20260726T060842Z,25.3,72.9
20260726T060857Z,25.3,73.3
20260726T060912Z,25.2,74.0
20260726T060927Z,25.2,74.8
20260726T060942Z,25.2,75.2
20260726T060957Z,25.2,76.7
20260726T061012Z,25.2,77.3
20260726T061027Z,25.2,77.6
20260726T061042Z,25.2,78.3
20260726T061057Z,25.2,78.5
20260726T061112Z,25.2,79.1
20260726T061127Z,25.3,79.7
20260726T061142Z,25.3,80.4
20260726T061157Z,25.3,80.3
20260726T061212Z,25.3,80.9
20260726T061227Z,25.3,81.5
20260726T061242Z,25.4,81.7
20260726T061257Z,25.4,82.3
20260726T061312Z,25.4,82.5
20260726T061327Z,25.4,82.7
20260726T061342Z,25.4,83.1
20260726T061357Z,25.4,83.6
20260726T061412Z,25.5,83.9
20260726T061427Z,25.5,83.1
20260726T061442Z,25.5,82.5
20260726T061457Z,25.5,81.7
20260726T061512Z,25.5,80.9
20260726T061527Z,25.5,80.5
20260726T061542Z,25.4,79.7
20260726T061557Z,25.4,79.1
20260726T061612Z,25.4,78.1
20260726T061627Z,25.3,77.5
20260726T061642Z,25.3,76.8
20260726T061657Z,25.2,76.4
20260726T061712Z,25.2,76.4
20260726T061727Z,25.2,75.9
20260726T061742Z,25.2,75.4
20260726T061757Z,25.2,74.2
20260726T061812Z,25.2,73.2
20260726T061827Z,25.2,72.4
20260726T061842Z,25.2,71.8
20260726T061857Z,25.1,71.3
20260726T061912Z,25.1,71.0
20260726T061927Z,25.1,70.1
20260726T061942Z,25.1,69.3
20260726T061957Z,25.1,69.2
20260726T062012Z,25.1,68.6
20260726T062027Z,25.1,68.1
20260726T062042Z,25.0,67.3
20260726T062057Z,25.0,67.7
20260726T062112Z,25.0,69.0
20260726T062127Z,25.0,71.5
20260726T062142Z,25.0,73.2
20260726T062157Z,25.0,73.6
20260726T062212Z,25.0,74.0
20260726T062227Z,25.0,74.5
20260726T062242Z,25.0,75.5
20260726T062257Z,25.0,75.8
20260726T062312Z,25.0,76.1
20260726T062327Z,24.9,76.6
20260726T062342Z,24.9,77.2
20260726T062357Z,24.9,78.0
20260726T062412Z,24.9,78.7
20260726T062427Z,25.0,79.0
20260726T062442Z,25.0,79.4
20260726T062457Z,25.0,80.1
20260726T062512Z,25.0,80.5
20260726T062527Z,25.0,80.7
20260726T062542Z,25.1,80.9
20260726T062557Z,25.1,81.6
20260726T062612Z,25.1,81.9
20260726T062627Z,25.1,82.3
20260726T062642Z,25.2,82.5
20260726T062657Z,25.2,82.8
20260726T062712Z,25.2,83.2
20260726T062727Z,25.3,83.5
20260726T062742Z,25.3,83.9
20260726T062757Z,25.3,84.0
20260726T062812Z,25.4,84.3
20260726T062828Z,25.4,84.3
20260726T062843Z,25.4,84.8
20260726T062857Z,25.5,84.4
20260726T062912Z,25.5,84.6
20260726T062927Z,25.5,82.6
20260726T062942Z,25.5,82.3
20260726T062957Z,25.5,81.6
20260726T063012Z,25.4,81.1
20260726T063027Z,25.4,80.2
20260726T063042Z,25.4,79.4
20260726T063057Z,25.3,78.9
20260726T063112Z,25.3,78.4
20260726T063127Z,25.3,77.7
20260726T063142Z,25.3,76.9
20260726T063157Z,25.2,76.5
20260726T063212Z,25.2,76.1
20260726T063227Z,25.2,75.5
20260726T063242Z,25.2,74.4
20260726T063257Z,25.3,73.5
20260726T063312Z,25.2,72.5
20260726T063327Z,25.2,72.1
20260726T063342Z,25.2,71.8
20260726T063357Z,25.2,71.4
20260726T063412Z,25.2,70.4
20260726T063427Z,25.2,69.8
20260726T063442Z,25.2,68.9
20260726T063457Z,25.2,68.3
20260726T063512Z,25.2,67.9
20260726T063527Z,25.1,67.4
20260726T063542Z,25.1,67.2
20260726T063557Z,25.1,68.6
20260726T063612Z,25.1,71.1
20260726T063627Z,25.1,73.1
20260726T063642Z,25.0,73.4
20260726T063657Z,25.0,74.2
20260726T063712Z,25.0,74.4
20260726T063727Z,25.0,74.9
20260726T063742Z,25.0,75.6
20260726T063757Z,24.9,75.7
20260726T063812Z,24.9,76.5
20260726T063827Z,24.9,77.0
20260726T063842Z,24.9,77.5
20260726T063857Z,24.9,78.1
20260726T063912Z,24.9,78.6
20260726T063927Z,24.9,79.2
20260726T063942Z,24.9,79.6
20260726T063957Z,25.0,80.1
20260726T064012Z,25.0,80.8
20260726T064027Z,25.0,80.8
20260726T064042Z,25.0,81.1
20260726T064057Z,25.1,81.6
20260726T064112Z,25.1,81.8
20260726T064128Z,25.1,82.4
20260726T064143Z,25.1,82.6
20260726T064157Z,25.2,82.8
20260726T064212Z,25.2,83.1
20260726T064227Z,25.2,83.5
20260726T064242Z,25.3,83.7
20260726T064257Z,25.3,83.9
20260726T064312Z,25.3,84.3
20260726T064327Z,25.4,84.8
20260726T064342Z,25.4,85.0
20260726T064357Z,25.4,84.9
20260726T064412Z,25.4,84.4
20260726T064427Z,25.5,85.1
20260726T064442Z,25.5,83.0
20260726T064457Z,25.5,82.6
20260726T064512Z,25.5,82.1
20260726T064527Z,25.4,81.3
20260726T064542Z,25.4,80.5
20260726T064557Z,25.4,80.2
20260726T064612Z,25.3,79.7
20260726T064627Z,25.3,79.1
20260726T064642Z,25.3,78.4
20260726T064657Z,25.3,78.0
20260726T064712Z,25.3,77.4
20260726T064727Z,25.3,76.9
20260726T064742Z,25.3,76.4
20260726T064757Z,25.3,75.6
20260726T064812Z,25.3,74.8
20260726T064827Z,25.2,74.1
20260726T064842Z,25.3,73.4
20260726T064857Z,25.3,72.6
20260726T064912Z,25.3,72.0
20260726T064928Z,25.3,70.8
20260726T064943Z,25.2,70.5
20260726T064957Z,25.2,70.0
20260726T065012Z,25.2,69.4
20260726T065027Z,25.2,69.1
20260726T065042Z,25.2,68.0
20260726T065057Z,25.2,67.3
20260726T065112Z,25.1,67.3
20260726T065127Z,25.1,66.9
20260726T065142Z,25.0,66.4
20260726T065157Z,25.0,66.0
20260726T065212Z,25.0,65.4
20260726T065227Z,24.9,65.0
20260726T065242Z,24.9,64.4
20260726T065257Z,24.8,64.4
20260726T065312Z,24.8,64.1
20260726T065327Z,24.8,65.2
20260726T065342Z,24.8,67.1
20260726T065357Z,24.8,69.0
20260726T065412Z,24.8,70.5
20260726T065427Z,24.8,71.1
20260726T065442Z,24.8,71.7
20260726T065457Z,24.8,72.2
20260726T065512Z,24.8,72.8
20260726T065527Z,24.8,73.5
20260726T065542Z,24.8,74.3
20260726T065557Z,24.8,75.0
20260726T065612Z,24.8,75.7
20260726T065627Z,24.8,76.3
20260726T065642Z,24.8,76.8
20260726T065657Z,24.8,77.0
20260726T065713Z,24.8,77.9
20260726T065727Z,24.9,78.8
20260726T065743Z,24.9,79.1
20260726T065757Z,24.9,79.6
20260726T065812Z,25.0,79.5
20260726T065827Z,25.0,80.0
20260726T065842Z,25.0,80.8
20260726T065857Z,25.1,80.9
20260726T065912Z,25.1,81.2
20260726T065927Z,25.1,81.9
20260726T065942Z,25.1,82.1
20260726T065957Z,25.2,82.5
20260726T070012Z,25.2,82.8
20260726T070027Z,25.2,83.2
20260726T070042Z,25.3,83.2
20260726T070057Z,25.3,83.6
20260726T070112Z,25.3,83.9
20260726T070127Z,25.4,84.1
20260726T070142Z,25.4,83.7
20260726T070157Z,25.4,82.1
20260726T070212Z,25.4,81.4
20260726T070227Z,25.4,81.0
20260726T070242Z,25.4,80.0
20260726T070258Z,25.3,79.4
20260726T070312Z,25.3,78.7
20260726T070329Z,25.3,77.8
20260726T070343Z,25.2,77.5
20260726T070358Z,25.2,76.8
20260726T070412Z,25.1,76.4
20260726T070427Z,25.1,76.1
20260726T070442Z,25.1,75.4
20260726T070457Z,25.1,74.8
20260726T070512Z,25.1,73.5
20260726T070527Z,25.1,72.9
20260726T070542Z,25.1,72.4
20260726T070557Z,25.1,71.4
20260726T070612Z,25.1,71.2
20260726T070628Z,25.1,70.5
20260726T070643Z,25.1,70.0
20260726T070657Z,25.1,69.4
20260726T070712Z,25.1,68.7
20260726T070727Z,25.1,68.3
20260726T070742Z,25.1,67.3
20260726T070757Z,25.1,66.7
20260726T070812Z,25.0,66.3
20260726T070827Z,25.0,68.0
20260726T070842Z,25.0,70.1
20260726T070857Z,24.9,72.1
20260726T070912Z,24.9,72.4
20260726T070928Z,24.9,73.3
20260726T070942Z,24.9,74.0
20260726T070958Z,24.9,74.5
20260726T071012Z,24.8,75.3
20260726T071028Z,24.8,75.9
20260726T071042Z,24.8,76.2
20260726T071058Z,24.8,76.7
20260726T071112Z,24.8,77.6
20260726T071127Z,24.8,77.8
20260726T071143Z,24.9,78.5
20260726T071157Z,24.9,79.1
20260726T071213Z,24.9,79.4
20260726T071228Z,24.9,79.6
20260726T071243Z,25.0,80.2
20260726T071258Z,25.0,80.6
20260726T071312Z,25.0,81.2
20260726T071327Z,25.0,81.3
20260726T071343Z,25.1,81.8
20260726T071357Z,25.1,82.1
20260726T071412Z,25.1,82.4
20260726T071428Z,25.2,82.5
20260726T071442Z,25.2,82.8
20260726T071458Z,25.2,83.5
20260726T071512Z,25.3,83.7
20260726T071528Z,25.3,83.8
20260726T071542Z,25.3,84.0
20260726T071558Z,25.4,84.1
20260726T071612Z,25.4,83.3
20260726T071628Z,25.4,83.6
20260726T071642Z,25.4,81.9
20260726T071658Z,25.4,81.4
20260726T071712Z,25.4,80.7
20260726T071727Z,25.4,80.3
20260726T071743Z,25.4,79.8
20260726T071757Z,25.3,79.2
20260726T071813Z,25.3,78.1
20260726T071828Z,25.3,78.0
20260726T071842Z,25.3,77.3
20260726T071858Z,25.2,77.0
20260726T071913Z,25.2,76.2
20260726T071927Z,25.2,75.2
20260726T071943Z,25.2,74.2
20260726T071957Z,25.1,73.8
20260726T072013Z,25.1,73.6
20260726T072028Z,25.1,72.8
20260726T072042Z,25.0,71.3
20260726T072058Z,25.0,71.2
20260726T072112Z,24.9,71.3
20260726T072127Z,24.9,70.9
20260726T072142Z,24.8,70.2
20260726T072158Z,24.8,69.6
20260726T072212Z,24.8,69.1
20260726T072228Z,24.7,68.6
20260726T072242Z,24.7,68.4
20260726T072258Z,24.6,67.9
20260726T072312Z,24.6,67.2
20260726T072328Z,24.6,67.4
20260726T072342Z,24.5,68.1
20260726T072358Z,24.5,70.1
20260726T072412Z,24.5,72.2
20260726T072427Z,24.5,73.4
20260726T072443Z,24.5,74.2
20260726T072458Z,24.6,75.0
20260726T072512Z,24.6,74.9
20260726T072528Z,24.6,75.6
20260726T072542Z,24.6,76.5
20260726T072558Z,24.6,76.9
20260726T072613Z,24.7,77.4
20260726T072627Z,24.7,77.7
20260726T072643Z,24.8,78.5
20260726T072657Z,24.8,78.9
20260726T072713Z,24.8,79.1
20260726T072727Z,24.9,79.7
20260726T072743Z,24.9,79.9
20260726T072757Z,25.0,80.3
20260726T072813Z,25.0,80.7
20260726T072827Z,25.0,81.1
20260726T072843Z,25.1,81.5
20260726T072857Z,25.1,81.8
20260726T072913Z,25.2,82.1
20260726T072927Z,25.2,82.5
20260726T072943Z,25.3,82.7
20260726T072957Z,25.3,82.9
20260726T073013Z,25.3,83.2
20260726T073027Z,25.4,83.4
20260726T073043Z,25.4,83.7
20260726T073058Z,25.4,83.5
20260726T073112Z,25.5,81.9
20260726T073128Z,25.5,81.2
20260726T073143Z,25.4,80.8
20260726T073157Z,25.4,79.9
20260726T073212Z,25.4,79.1
20260726T073227Z,25.3,78.5
20260726T073243Z,25.3,78.3
20260726T073257Z,25.3,77.7
20260726T073313Z,25.2,76.6
20260726T073327Z,25.2,76.2
20260726T073343Z,25.2,75.5
20260726T073357Z,25.2,74.6
20260726T073413Z,25.1,74.1
20260726T073428Z,25.1,73.8
20260726T073442Z,25.1,73.0
20260726T073458Z,25.1,72.3
20260726T073512Z,25.0,71.8
20260726T073528Z,25.0,71.7
20260726T073542Z,25.0,70.7
20260726T073558Z,25.0,70.5
20260726T073612Z,25.0,70.0
20260726T073627Z,24.9,68.9
20260726T073643Z,24.9,68.7
20260726T073657Z,24.8,68.2
20260726T073713Z,24.8,67.8
20260726T073727Z,24.8,67.1
20260726T073743Z,24.7,66.9
20260726T073758Z,24.7,67.5
20260726T073813Z,24.7,69.3
20260726T073828Z,24.7,71.9
20260726T073842Z,24.7,73.1
20260726T073858Z,24.7,73.9
20260726T073912Z,24.7,74.3
20260726T073928Z,24.7,75.2
20260726T073942Z,24.7,75.4
20260726T073958Z,24.7,76.2
20260726T074012Z,24.7,76.1
20260726T074028Z,24.7,76.7
20260726T074042Z,24.8,77.1
20260726T074058Z,24.8,77.7
20260726T074112Z,24.8,78.7
20260726T074128Z,24.9,79.0
20260726T074142Z,24.9,79.1
20260726T074158Z,24.9,79.4
20260726T074212Z,25.0,80.2
20260726T074228Z,25.0,80.5
20260726T074242Z,25.0,80.9
20260726T074258Z,25.1,81.3
20260726T074312Z,25.1,81.7
20260726T074327Z,25.2,82.1
20260726T074343Z,25.2,82.3
20260726T074357Z,25.2,82.6
20260726T074413Z,25.3,83.3
20260726T074427Z,25.3,83.1
20260726T074442Z,25.3,83.6
20260726T074457Z,25.4,83.9
20260726T074512Z,25.4,83.9
20260726T074528Z,25.4,83.2
20260726T074542Z,25.5,83.4
20260726T074558Z,25.5,81.8
20260726T074612Z,25.5,81.3
20260726T074628Z,25.5,80.2
20260726T074642Z,25.4,80.0
20260726T074658Z,25.4,79.4
20260726T074712Z,25.4,78.5
20260726T074728Z,25.3,78.7
20260726T074742Z,25.3,77.8
20260726T074757Z,25.3,76.8
20260726T074813Z,25.3,76.6
20260726T074828Z,25.2,75.9
20260726T074842Z,25.2,75.8
20260726T074858Z,25.3,74.8
20260726T074912Z,25.3,74.3
20260726T074927Z,25.3,73.7
20260726T074942Z,25.3,73.0
20260726T074958Z,25.3,71.9
20260726T075012Z,25.3,71.3
20260726T075027Z,25.3,70.6
20260726T075043Z,25.3,69.9
20260726T075058Z,25.3,69.7
20260726T075112Z,25.2,69.1
20260726T075128Z,25.2,68.3
20260726T075142Z,25.2,68.0
20260726T075158Z,25.2,67.2
20260726T075212Z,25.1,66.7
20260726T075228Z,25.1,69.5
20260726T075242Z,25.1,71.3
20260726T075258Z,25.0,72.7
20260726T075313Z,25.0,73.1
20260726T075327Z,24.9,73.5
20260726T075343Z,24.9,74.4
20260726T075358Z,24.9,75.2
20260726T075412Z,24.8,75.8
20260726T075428Z,24.8,76.2
20260726T075442Z,24.8,76.9
20260726T075458Z,24.9,77.3
20260726T075512Z,24.9,77.9
20260726T075528Z,24.9,78.3
20260726T075543Z,24.9,78.7
20260726T075557Z,25.0,79.3
20260726T075613Z,25.0,79.9
20260726T075628Z,25.0,80.1
20260726T075643Z,25.0,80.7
20260726T075657Z,25.1,80.9
20260726T075712Z,25.1,81.0
20260726T075727Z,25.1,81.7
20260726T075742Z,25.2,82.0
20260726T075758Z,25.2,82.7
20260726T075812Z,25.3,82.8
20260726T075828Z,25.3,82.9
20260726T075843Z,25.3,83.1
20260726T075857Z,25.4,83.6
20260726T075913Z,25.4,84.1
20260726T075928Z,25.4,84.1
20260726T075943Z,25.5,84.3
20260726T075958Z,25.5,83.9
20260726T080013Z,25.5,82.6
20260726T080028Z,25.5,81.7
20260726T080042Z,25.5,81.3
20260726T080058Z,25.4,80.4
20260726T080112Z,25.4,79.6
20260726T080128Z,25.3,79.6
20260726T080143Z,25.3,78.6
20260726T080158Z,25.3,78.0
20260726T080212Z,25.2,77.6
20260726T080227Z,25.2,77.3
20260726T080243Z,25.2,76.5
20260726T080257Z,25.2,75.8
20260726T080313Z,25.2,75.3
20260726T080328Z,25.2,75.0
20260726T080342Z,25.3,73.9
20260726T080357Z,25.3,73.3
20260726T080412Z,25.3,72.5
20260726T080427Z,25.3,71.7
20260726T080442Z,25.3,71.1
20260726T080457Z,25.3,70.1
20260726T080513Z,25.3,69.3
20260726T080527Z,25.2,69.3
20260726T080543Z,25.2,68.6
20260726T080557Z,25.2,67.9
20260726T080613Z,25.2,67.7
20260726T080628Z,25.1,68.8
20260726T080643Z,25.1,71.0
20260726T080658Z,25.1,72.9
20260726T080713Z,25.0,73.4
20260726T080728Z,25.0,74.2
20260726T080743Z,24.9,74.6
20260726T080757Z,24.9,75.1
20260726T080813Z,24.9,75.7
20260726T080829Z,24.9,76.4
20260726T080843Z,24.9,77.1
20260726T080858Z,24.9,77.7
20260726T080912Z,24.9,78.4
20260726T080928Z,24.9,79.1
20260726T080943Z,24.9,79.5
20260726T080958Z,25.0,79.9
20260726T081013Z,25.0,80.6
20260726T081028Z,25.0,81.1
20260726T081043Z,25.1,82.1
20260726T081058Z,25.1,81.9
20260726T081113Z,25.2,82.3
20260726T081128Z,25.2,82.8
20260726T081143Z,25.3,83.0
20260726T081158Z,25.3,83.3
20260726T081213Z,25.3,83.5
20260726T081228Z,25.3,83.9
20260726T081243Z,25.4,84.3
20260726T081258Z,25.4,83.4
20260726T081313Z,25.4,83.3
20260726T081328Z,25.4,82.0
20260726T081343Z,25.4,81.8
20260726T081358Z,25.3,80.9
20260726T081413Z,25.3,80.3
20260726T081428Z,25.3,79.5
20260726T081443Z,25.3,78.5
20260726T081458Z,25.2,78.3
20260726T081513Z,25.2,77.8
20260726T081528Z,25.2,77.3
20260726T081543Z,25.2,76.9
20260726T081558Z,25.2,75.7
20260726T081613Z,25.2,74.8
20260726T081628Z,25.2,74.1
20260726T081643Z,25.2,73.8
20260726T081658Z,25.2,72.8
20260726T081713Z,25.2,71.9
20260726T081728Z,25.2,71.4
20260726T081743Z,25.2,70.7
20260726T081758Z,25.2,70.0
20260726T081813Z,25.2,69.2
20260726T081828Z,25.2,68.7
20260726T081843Z,25.1,68.4
20260726T081858Z,25.1,68.1
20260726T081913Z,25.1,68.9
20260726T081928Z,25.1,70.9
20260726T081943Z,25.1,73.1
20260726T081958Z,25.0,73.6
20260726T082013Z,25.0,74.4
20260726T082028Z,25.0,74.9
20260726T082043Z,24.9,75.5
20260726T082058Z,24.9,76.0
20260726T082113Z,24.9,75.9
20260726T082129Z,24.9,77.0
20260726T082143Z,24.9,77.1
20260726T082158Z,24.9,78.1
20260726T082213Z,24.9,78.9
20260726T082228Z,24.9,79.3
20260726T082243Z,24.9,79.6
20260726T082258Z,24.9,79.7
20260726T082313Z,24.9,80.7
20260726T082328Z,24.9,81.2
20260726T082343Z,24.9,81.4
20260726T082358Z,24.9,81.9
20260726T082413Z,25.0,82.2
20260726T082428Z,25.0,82.7
20260726T082443Z,25.0,83.3
20260726T082458Z,25.1,83.8
20260726T082513Z,25.1,83.9
20260726T082528Z,25.1,84.3
20260726T082543Z,25.2,84.4
20260726T082558Z,25.2,84.8
20260726T082613Z,25.2,85.0
20260726T082628Z,25.3,85.4
20260726T082643Z,25.3,85.6
20260726T082658Z,25.4,85.8
20260726T082713Z,25.4,86.2
20260726T082728Z,25.4,86.3
20260726T082743Z,25.4,85.7
20260726T082758Z,25.5,84.3
20260726T082813Z,25.4,83.5
20260726T082828Z,25.4,83.0
20260726T082843Z,25.4,82.4
20260726T082858Z,25.4,81.6
20260726T082913Z,25.3,80.8
20260726T082928Z,25.3,80.2
20260726T082943Z,25.2,79.7
20260726T082958Z,25.2,79.4
20260726T083013Z,25.1,78.5
20260726T083028Z,25.1,78.3
20260726T083043Z,25.0,78.0
20260726T083058Z,25.0,77.3
20260726T083113Z,25.0,76.2
20260726T083129Z,25.1,75.6
20260726T083143Z,25.1,74.6
20260726T083158Z,25.0,74.5
20260726T083213Z,25.1,73.6
20260726T083229Z,25.1,73.1
20260726T083243Z,25.1,72.3
20260726T083258Z,25.1,71.3
20260726T083313Z,25.1,71.0
20260726T083328Z,25.1,70.2
20260726T083343Z,25.1,69.0
20260726T083358Z,25.1,68.9
20260726T083413Z,25.1,68.7
20260726T083428Z,25.0,68.7
20260726T083443Z,25.0,68.4
20260726T083458Z,25.0,68.9
20260726T083513Z,25.0,71.2
20260726T083528Z,25.0,72.8
20260726T083543Z,25.0,73.7
20260726T083558Z,25.0,74.3
20260726T083613Z,24.9,74.8
20260726T083628Z,24.9,75.3
20260726T083643Z,24.9,76.3
20260726T083658Z,24.8,76.6
20260726T083713Z,24.8,77.4
20260726T083728Z,24.8,77.5
20260726T083743Z,24.8,78.0
20260726T083758Z,24.8,78.4
20260726T083813Z,24.8,79.2
20260726T083828Z,24.8,79.8
20260726T083843Z,24.8,80.1
20260726T083858Z,24.8,80.6
20260726T083913Z,24.9,81.0
20260726T083928Z,24.9,81.6
20260726T083943Z,24.9,82.0
20260726T083958Z,24.9,82.3
20260726T084013Z,24.9,82.8
20260726T084028Z,25.0,83.2
20260726T084043Z,25.0,83.2
20260726T084058Z,25.0,83.8
20260726T084113Z,25.0,84.0
20260726T084128Z,25.1,84.2
20260726T084143Z,25.1,84.4
20260726T084158Z,25.1,84.6
20260726T084213Z,25.1,85.2
20260726T084228Z,25.2,85.2
20260726T084243Z,25.2,85.5
20260726T084258Z,25.2,85.8
20260726T084313Z,25.2,86.0
20260726T084328Z,25.3,86.2
20260726T084343Z,25.3,86.5
20260726T084358Z,25.3,86.6
20260726T084413Z,25.3,86.3
20260726T084428Z,25.4,86.3
20260726T084443Z,25.4,84.5
20260726T084458Z,25.3,83.8
20260726T084513Z,25.3,83.4
20260726T084528Z,25.3,82.1
20260726T084543Z,25.3,81.5
20260726T084558Z,25.2,80.9
20260726T084613Z,25.1,80.0
20260726T084628Z,25.1,80.2
20260726T084643Z,25.0,79.3
20260726T084658Z,25.0,78.4
20260726T084713Z,24.9,78.2
20260726T084728Z,24.9,77.2
20260726T084743Z,24.8,76.7
20260726T084758Z,24.8,75.4
20260726T084813Z,24.7,75.5
20260726T084828Z,24.7,75.1
20260726T084843Z,24.7,75.1
20260726T084858Z,24.7,74.1
20260726T084913Z,24.7,73.6
20260726T084928Z,24.7,72.8
20260726T084943Z,24.7,71.6
20260726T084958Z,24.7,71.5
20260726T085013Z,24.7,71.0
20260726T085028Z,24.7,70.3
20260726T085043Z,24.7,71.3
20260726T085058Z,24.8,73.2
20260726T085113Z,24.8,75.0
20260726T085128Z,24.7,75.8
20260726T085143Z,24.7,76.2
20260726T085158Z,24.7,76.4
20260726T085213Z,24.7,77.0
20260726T085228Z,24.7,77.7
20260726T085243Z,24.7,77.9
20260726T085258Z,24.7,78.7
20260726T085313Z,24.8,78.9
20260726T085328Z,24.8,79.3
20260726T085343Z,24.8,79.9
20260726T085358Z,24.8,80.4
20260726T085413Z,24.8,81.0
20260726T085428Z,24.9,81.4
20260726T085443Z,24.9,81.9
20260726T085458Z,24.9,82.2
20260726T085513Z,24.9,82.6
20260726T085529Z,24.9,82.7
20260726T085543Z,25.0,83.1
20260726T085558Z,25.0,83.6
20260726T085613Z,25.0,83.6
20260726T085629Z,25.1,84.1
20260726T085644Z,25.1,84.2
20260726T085658Z,25.1,84.7
20260726T085713Z,25.2,85.0
20260726T085728Z,25.2,85.1
20260726T085743Z,25.2,85.6
20260726T085758Z,25.3,85.7
20260726T085813Z,25.3,86.0
20260726T085829Z,25.3,86.0
20260726T085843Z,25.4,86.3
20260726T085858Z,25.4,86.4
20260726T085913Z,25.4,86.0
20260726T085928Z,25.4,84.6
20260726T085943Z,25.4,83.8
20260726T085958Z,25.4,82.9
20260726T090013Z,25.4,82.3
20260726T090028Z,25.3,81.8
20260726T090043Z,25.3,80.4
20260726T090058Z,25.2,79.7
20260726T090113Z,25.1,79.5
20260726T090128Z,25.0,78.4
20260726T090143Z,24.9,78.5
20260726T090158Z,24.8,78.0
20260726T090213Z,24.8,77.7
20260726T090228Z,24.7,77.0
20260726T090243Z,24.7,76.0
20260726T090258Z,24.7,75.8
20260726T090313Z,24.6,74.7
20260726T090328Z,24.6,75.5
20260726T090343Z,24.6,74.6
20260726T090358Z,24.7,73.7
20260726T090413Z,24.7,72.7
20260726T090428Z,24.7,73.0
20260726T090443Z,24.7,72.9
20260726T090458Z,24.8,71.9
20260726T090513Z,24.8,71.3
20260726T090528Z,24.9,71.5
20260726T090543Z,24.9,73.5
20260726T090558Z,24.9,75.2
20260726T090613Z,24.9,75.8
20260726T090628Z,24.8,76.4
20260726T090643Z,24.8,76.6
20260726T090658Z,24.8,77.1
20260726T090713Z,24.7,77.9
20260726T090728Z,24.7,78.0
20260726T090743Z,24.7,78.7
20260726T090758Z,24.7,79.1
20260726T090813Z,24.7,79.4
20260726T090828Z,24.8,80.2
20260726T090843Z,24.8,80.7
20260726T090858Z,24.8,80.9
20260726T090913Z,24.8,81.3
20260726T090928Z,24.8,81.7
20260726T090943Z,24.9,82.1
20260726T090958Z,24.9,82.4
20260726T091013Z,24.9,82.9
20260726T091028Z,24.9,83.5
20260726T091043Z,25.0,83.7
20260726T091058Z,25.0,83.9
20260726T091113Z,25.0,84.1
20260726T091128Z,25.1,84.5
20260726T091143Z,25.1,84.6
20260726T091158Z,25.1,85.0
20260726T091213Z,25.1,85.2
20260726T091228Z,25.2,85.5
20260726T091243Z,25.2,85.7
20260726T091258Z,25.2,85.8
20260726T091313Z,25.3,86.1
20260726T091328Z,25.3,86.3
20260726T091343Z,25.3,86.6
20260726T091358Z,25.4,86.5
20260726T091413Z,25.4,86.5
20260726T091428Z,25.4,85.1
20260726T091443Z,25.4,84.2
20260726T091458Z,25.4,83.1
20260726T091513Z,25.4,82.5
20260726T091528Z,25.3,81.8
20260726T091543Z,25.2,80.7
20260726T091558Z,25.2,80.2
20260726T091613Z,25.1,79.7
20260726T091628Z,25.1,78.8
20260726T091643Z,25.0,78.0
20260726T091658Z,24.9,78.1
20260726T091713Z,24.8,78.2
20260726T091728Z,24.8,77.6
20260726T091743Z,24.8,76.8
20260726T091758Z,24.8,76.9
20260726T091813Z,24.7,75.7
20260726T091828Z,24.7,75.3
20260726T091843Z,24.7,74.4
20260726T091858Z,24.7,73.9
20260726T091913Z,24.8,73.1
20260726T091928Z,24.8,72.5
20260726T091943Z,24.8,71.8
20260726T091958Z,24.8,70.6
20260726T092013Z,24.7,69.8
20260726T092028Z,24.7,71.3
20260726T092043Z,24.7,73.3
20260726T092058Z,24.7,75.5
20260726T092113Z,24.6,76.2
20260726T092128Z,24.6,76.7
20260726T092143Z,24.6,77.2
20260726T092158Z,24.6,77.3
20260726T092213Z,24.6,78.1
20260726T092228Z,24.6,78.3
20260726T092243Z,24.6,78.9
20260726T092258Z,24.6,79.4
20260726T092313Z,24.6,79.8
20260726T092328Z,24.6,80.3
20260726T092343Z,24.6,80.5
20260726T092358Z,24.7,81.0
20260726T092413Z,24.7,81.4
20260726T092428Z,24.7,81.8
20260726T092443Z,24.7,81.9
20260726T092458Z,24.8,82.9
20260726T092513Z,24.8,83.0
20260726T092528Z,24.8,83.5
20260726T092543Z,24.8,83.8
20260726T092558Z,24.9,84.2
20260726T092613Z,24.9,84.3
20260726T092628Z,24.9,84.7
20260726T092643Z,24.9,84.7
20260726T092658Z,25.0,85.1
20260726T092713Z,25.0,85.4
20260726T092728Z,25.0,85.6
20260726T092743Z,25.1,85.9
20260726T092758Z,25.1,86.1
20260726T092813Z,25.1,86.4
20260726T092828Z,25.2,86.5
20260726T092843Z,25.2,86.8
20260726T092858Z,25.2,86.9
20260726T092913Z,25.2,86.9
20260726T092928Z,25.3,87.1
20260726T092943Z,25.3,87.4
20260726T092958Z,25.3,87.5
20260726T093013Z,25.3,87.6
20260726T093028Z,25.4,86.8
20260726T093043Z,25.4,86.3
20260726T093058Z,25.4,85.0
20260726T093113Z,25.4,84.8
20260726T093128Z,25.3,84.2
20260726T093143Z,25.3,83.3
20260726T093158Z,25.3,82.1
20260726T093213Z,25.2,81.4
20260726T093228Z,25.1,80.8
20260726T093243Z,25.0,80.6
20260726T093258Z,24.9,80.1
20260726T093313Z,24.9,78.9
20260726T093329Z,24.8,79.0
20260726T093343Z,24.8,78.9
20260726T093358Z,24.7,78.3
20260726T093413Z,24.7,77.3
20260726T093428Z,24.7,76.4
20260726T093443Z,24.7,75.7
20260726T093458Z,24.7,74.5
20260726T093513Z,24.7,73.8
20260726T093528Z,24.7,73.0
20260726T093543Z,24.6,72.6
20260726T093558Z,24.6,74.4
20260726T093613Z,24.6,76.1
20260726T093628Z,24.5,77.7
20260726T093643Z,24.6,78.7
20260726T093658Z,24.5,78.8
20260726T093713Z,24.5,79.0
20260726T093728Z,24.5,79.4
20260726T093743Z,24.5,79.9
20260726T093758Z,24.5,80.1
20260726T093813Z,24.5,80.7
20260726T093828Z,24.6,81.0
20260726T093843Z,24.6,81.6
20260726T093858Z,24.6,82.1
20260726T093913Z,24.6,82.1
20260726T093928Z,24.7,82.8
20260726T093943Z,24.7,82.9
20260726T093958Z,24.7,83.2
20260726T094013Z,24.7,83.5
20260726T094028Z,24.8,83.6
20260726T094043Z,24.8,84.0
20260726T094058Z,24.8,84.3
20260726T094113Z,24.9,84.6
20260726T094128Z,24.9,84.9
20260726T094143Z,24.9,85.0
20260726T094158Z,25.0,85.2
20260726T094213Z,25.0,85.4
20260726T094228Z,25.0,85.9
20260726T094243Z,25.0,85.9
20260726T094258Z,25.1,86.2
20260726T094313Z,25.1,86.4
20260726T094328Z,25.1,86.6
20260726T094343Z,25.1,86.9
20260726T094358Z,25.2,87.1
20260726T094413Z,25.2,87.1
20260726T094429Z,25.2,87.3
20260726T094444Z,25.2,87.6
20260726T094458Z,25.3,87.8
20260726T094513Z,25.3,87.8
20260726T094528Z,25.3,88.0
20260726T094543Z,25.4,88.2
20260726T094558Z,25.4,88.4
20260726T094613Z,25.4,88.4
20260726T094628Z,25.4,88.6
20260726T094643Z,25.5,88.1
20260726T094658Z,25.5,88.1
20260726T094713Z,25.5,86.3
20260726T094728Z,25.4,86.3
20260726T094743Z,25.4,85.0
20260726T094758Z,25.4,84.1
20260726T094813Z,25.3,84.0
20260726T094828Z,25.3,83.0
20260726T094843Z,25.2,81.7
20260726T094858Z,25.1,81.4
20260726T094913Z,25.0,81.3
20260726T094928Z,24.9,80.9
20260726T094943Z,24.9,79.7
20260726T094958Z,24.8,78.8
20260726T095013Z,24.7,78.7
20260726T095028Z,24.7,78.2
20260726T095043Z,24.6,77.9
20260726T095058Z,24.6,77.2
20260726T095113Z,24.6,76.3
20260726T095128Z,24.6,75.9
20260726T095143Z,24.6,74.6
20260726T095158Z,24.6,74.2
20260726T095213Z,24.5,74.4
20260726T095228Z,24.6,76.1
20260726T095243Z,24.5,78.0
20260726T095258Z,24.5,79.3
20260726T095313Z,24.5,79.7
20260726T095328Z,24.5,79.7
20260726T095343Z,24.5,79.8
20260726T095358Z,24.5,80.6
20260726T095413Z,24.5,80.8
20260726T095428Z,24.5,81.3
20260726T095443Z,24.5,81.6
20260726T095458Z,24.6,82.2
20260726T095513Z,24.6,82.4
20260726T095528Z,24.6,82.8
20260726T095543Z,24.6,82.9
20260726T095558Z,24.7,83.5
20260726T095613Z,24.7,83.5
20260726T095628Z,24.7,84.1
20260726T095643Z,24.7,84.3
20260726T095658Z,24.8,84.6
20260726T095713Z,24.8,84.8
20260726T095728Z,24.8,85.2
20260726T095743Z,24.9,85.6
20260726T095758Z,24.9,85.5
20260726T095813Z,24.9,85.8
20260726T095828Z,24.9,86.3
20260726T095843Z,25.0,86.4
20260726T095858Z,25.0,86.8
20260726T095913Z,25.0,87.0
20260726T095928Z,25.1,87.2
20260726T095943Z,25.1,87.5
20260726T095958Z,25.1,87.6
20260726T100013Z,25.1,87.8
20260726T100028Z,25.2,88.1
20260726T100043Z,25.2,88.2
20260726T100058Z,25.2,88.3
20260726T100113Z,25.2,88.6
20260726T100128Z,25.3,88.6
20260726T100143Z,25.3,88.9
20260726T100158Z,25.3,89.0
20260726T100213Z,25.4,89.1
20260726T100228Z,25.4,89.1
20260726T100243Z,25.4,89.3
20260726T100258Z,25.4,89.4
20260726T100313Z,25.4,88.6
20260726T100328Z,25.5,88.1
20260726T100343Z,25.4,87.1
20260726T100358Z,25.4,87.0
20260726T100413Z,25.4,85.4
20260726T100428Z,25.4,85.2
20260726T100443Z,25.3,83.5
20260726T100458Z,25.3,83.2
20260726T100513Z,25.1,82.5
20260726T100528Z,25.1,81.2
20260726T100543Z,25.0,81.4
20260726T100558Z,24.9,80.5
20260726T100613Z,24.8,79.8
20260726T100628Z,24.7,79.4
20260726T100643Z,24.7,79.8
20260726T100658Z,24.6,78.2
20260726T100713Z,24.5,78.0
20260726T100728Z,24.5,77.2
20260726T100743Z,24.4,77.0
20260726T100758Z,24.4,76.1
20260726T100813Z,24.4,75.4
20260726T100828Z,24.4,74.8
20260726T100843Z,24.4,76.4
20260726T100858Z,24.4,77.7
20260726T100913Z,24.4,79.4
20260726T100928Z,24.4,80.2
20260726T100943Z,24.4,80.6
20260726T100958Z,24.4,81.1
20260726T101013Z,24.4,81.2
20260726T101028Z,24.4,81.3
20260726T101043Z,24.4,81.7
20260726T101058Z,24.4,82.0
20260726T101113Z,24.4,82.8
20260726T101128Z,24.5,82.9
20260726T101143Z,24.5,83.2
20260726T101158Z,24.5,83.5
20260726T101213Z,24.6,83.9
20260726T101228Z,24.6,84.4
20260726T101243Z,24.6,84.7
20260726T101258Z,24.6,84.7
20260726T101313Z,24.7,85.2
20260726T101328Z,24.7,85.6
20260726T101343Z,24.7,85.9
20260726T101358Z,24.8,86.0
20260726T101413Z,24.8,86.0
20260726T101428Z,24.8,86.4
20260726T101443Z,24.9,86.7
20260726T101458Z,24.9,86.8
20260726T101513Z,24.9,87.2
20260726T101528Z,25.0,87.5
20260726T101543Z,25.0,87.6
20260726T101558Z,25.0,87.8
20260726T101613Z,25.1,88.0
20260726T101628Z,25.1,88.1
20260726T101643Z,25.1,88.2
20260726T101658Z,25.1,88.5
20260726T101713Z,25.2,88.7
20260726T101728Z,25.2,88.7
20260726T101743Z,25.2,88.9
20260726T101758Z,25.3,89.2
20260726T101813Z,25.3,89.2
20260726T101828Z,25.3,89.3
20260726T101843Z,25.3,89.6
20260726T101858Z,25.3,89.6
20260726T101913Z,25.4,89.9
20260726T101928Z,25.4,89.9
20260726T101943Z,25.4,90.0
20260726T101958Z,25.4,89.6
20260726T102013Z,25.4,88.0
20260726T102028Z,25.4,87.4
20260726T102043Z,25.4,86.4
20260726T102058Z,25.3,86.0
20260726T102113Z,25.3,85.3
20260726T102128Z,25.2,84.5
20260726T102143Z,25.2,83.7
20260726T102158Z,25.1,83.0
20260726T102213Z,25.0,81.7
20260726T102228Z,24.9,82.1
20260726T102243Z,24.8,81.1
20260726T102258Z,24.8,80.4
20260726T102313Z,24.8,80.3
20260726T102328Z,24.7,79.5
20260726T102343Z,24.7,79.2
20260726T102358Z,24.7,78.4
20260726T102413Z,24.7,77.3
20260726T102428Z,24.7,77.2
20260726T102443Z,24.7,76.7
20260726T102458Z,24.7,75.7
20260726T102513Z,24.7,76.6
20260726T102528Z,24.7,78.1
20260726T102543Z,24.6,79.8
20260726T102558Z,24.6,80.3
20260726T102613Z,24.6,80.7
20260726T102628Z,24.6,80.6
20260726T102643Z,24.6,81.7
20260726T102658Z,24.6,81.9
20260726T102713Z,24.6,82.1
20260726T102728Z,24.6,82.8
20260726T102743Z,24.6,83.0
20260726T102758Z,24.6,83.4
20260726T102813Z,24.6,83.9
20260726T102828Z,24.7,84.4
20260726T102843Z,24.7,84.5
20260726T102858Z,24.7,84.6
20260726T102913Z,24.7,85.2
20260726T102928Z,24.8,85.5
20260726T102943Z,24.8,85.8
20260726T102958Z,24.8,86.1
20260726T103013Z,24.8,86.4
20260726T103028Z,24.9,86.5
20260726T103043Z,24.9,86.7
20260726T103058Z,25.0,86.9
20260726T103113Z,25.0,87.2
20260726T103128Z,25.0,87.3
20260726T103143Z,25.0,87.5
20260726T103158Z,25.1,87.9
20260726T103213Z,25.1,88.1
20260726T103228Z,25.1,88.1
20260726T103243Z,25.1,88.4
20260726T103258Z,25.2,88.5
20260726T103313Z,25.2,88.7
20260726T103328Z,25.2,88.7
20260726T103343Z,25.3,89.0
20260726T103358Z,25.3,89.3
20260726T103413Z,25.3,89.3
20260726T103428Z,25.3,89.4
20260726T103443Z,25.4,89.6
20260726T103458Z,25.4,89.8
20260726T103513Z,25.4,89.8
20260726T103528Z,25.4,89.9
20260726T103543Z,25.5,90.0
20260726T103558Z,25.5,90.2
20260726T103613Z,25.5,89.7
20260726T103628Z,25.5,88.3
20260726T103643Z,25.5,88.1
20260726T103658Z,25.5,87.1
20260726T103713Z,25.4,86.0
20260726T103728Z,25.4,85.2
20260726T103743Z,25.3,84.6
20260726T103758Z,25.2,83.9
20260726T103813Z,25.1,83.3
20260726T103828Z,25.1,82.9
20260726T103843Z,25.0,81.7
20260726T103858Z,24.9,81.2
20260726T103913Z,24.8,80.5
20260726T103928Z,24.7,80.2
20260726T103943Z,24.6,78.9
20260726T103958Z,24.6,79.2
20260726T104013Z,24.5,78.9
20260726T104028Z,24.5,78.0
20260726T104043Z,24.4,77.6
20260726T104058Z,24.4,76.8
20260726T104113Z,24.4,76.1
20260726T104128Z,24.3,76.7
20260726T104143Z,24.3,78.4
20260726T104158Z,24.3,79.7
20260726T104213Z,24.3,80.5
20260726T104228Z,24.3,81.8
20260726T104243Z,24.3,81.9
20260726T104258Z,24.3,82.2
20260726T104313Z,24.3,82.3
20260726T104328Z,24.3,82.7
20260726T104343Z,24.4,83.0
20260726T104358Z,24.4,83.4
20260726T104413Z,24.4,83.5
20260726T104428Z,24.5,84.0
20260726T104443Z,24.5,84.0
20260726T104458Z,24.6,84.5
20260726T104513Z,24.6,84.8
20260726T104528Z,24.6,85.0
20260726T104543Z,24.6,85.4
20260726T104558Z,24.7,85.8
20260726T104613Z,24.7,85.8
20260726T104628Z,24.8,86.2
20260726T104643Z,24.8,86.3
20260726T104658Z,24.8,86.7
20260726T104713Z,24.9,86.9
20260726T104728Z,24.9,87.1
20260726T104743Z,24.9,87.2
20260726T104758Z,24.9,87.4
20260726T104814Z,25.0,87.6
20260726T104828Z,25.0,87.6
20260726T104843Z,25.0,88.1
20260726T104858Z,25.1,88.2
20260726T104913Z,25.1,88.3
20260726T104928Z,25.1,88.8
20260726T104944Z,25.2,88.8
20260726T104958Z,25.2,89.0
20260726T105013Z,25.2,88.9
20260726T105027Z,25.2,89.1
20260726T105043Z,25.3,89.4
20260726T105058Z,25.3,89.5
20260726T105113Z,25.3,89.7
20260726T105128Z,25.3,89.8
20260726T105143Z,25.3,89.9
20260726T105158Z,25.4,90.0
20260726T105213Z,25.4,90.1
20260726T105228Z,25.4,90.1
20260726T105243Z,25.4,90.4
20260726T105258Z,25.4,89.4
20260726T105313Z,25.5,89.1
20260726T105328Z,25.4,87.8
20260726T105343Z,25.4,87.8
20260726T105358Z,25.4,86.4
20260726T105413Z,25.4,86.1
20260726T105428Z,25.3,85.1
20260726T105443Z,25.2,84.2
20260726T105458Z,25.2,83.4
20260726T105513Z,25.1,82.9
20260726T105528Z,25.0,82.1
20260726T105543Z,24.9,81.5
20260726T105558Z,24.8,81.0
20260726T105613Z,24.8,80.2
20260726T105628Z,24.7,80.2
20260726T105643Z,24.6,79.5
20260726T105658Z,24.6,78.7
20260726T105713Z,24.6,77.8
20260726T105728Z,24.5,77.0
20260726T105743Z,24.5,76.2
20260726T105758Z,24.4,75.4
20260726T105813Z,24.4,76.8
20260726T105828Z,24.4,78.5
20260726T105843Z,24.4,80.3
20260726T105858Z,24.4,80.8
20260726T105913Z,24.4,81.6
20260726T105928Z,24.4,82.2
20260726T105943Z,24.4,82.1
20260726T105958Z,24.4,82.8
20260726T110013Z,24.4,83.1
20260726T110028Z,24.4,83.5
20260726T110043Z,24.4,83.9
20260726T110058Z,24.4,84.2
20260726T110114Z,24.4,84.5
20260726T110128Z,24.5,84.8
20260726T110143Z,24.5,85.2
20260726T110159Z,24.5,85.6
20260726T110213Z,24.6,85.8
20260726T110228Z,24.6,86.0
20260726T110243Z,24.6,86.4
20260726T110258Z,24.7,86.5
20260726T110313Z,24.7,86.7
20260726T110328Z,24.8,86.8
20260726T110343Z,24.8,87.2
20260726T110358Z,24.8,87.5
20260726T110413Z,24.9,87.5
20260726T110428Z,24.9,87.7
20260726T110443Z,24.9,87.9
20260726T110459Z,25.0,88.1
20260726T110513Z,25.0,88.4
20260726T110529Z,25.0,88.5
20260726T110544Z,25.1,88.6
20260726T110559Z,25.1,88.9
20260726T110613Z,25.1,89.0
20260726T110629Z,25.1,89.2
20260726T110644Z,25.2,89.4
20260726T110658Z,25.2,89.5
20260726T110714Z,25.2,89.6
20260726T110729Z,25.2,89.8
20260726T110744Z,25.3,90.0
20260726T110758Z,25.3,89.9
20260726T110814Z,25.3,90.1
20260726T110828Z,25.3,90.2
20260726T110843Z,25.4,90.3
20260726T110859Z,25.4,90.5
20260726T110913Z,25.4,90.7
20260726T110929Z,25.4,90.6
20260726T110943Z,25.5,89.7
20260726T110959Z,25.5,90.1
20260726T111013Z,25.5,88.8
20260726T111029Z,25.5,87.7
20260726T111043Z,25.4,87.5
20260726T111059Z,25.4,86.1
20260726T111113Z,25.3,85.1
20260726T111128Z,25.2,85.0
20260726T111144Z,25.1,83.9
20260726T111159Z,25.1,84.0
20260726T111214Z,25.0,82.4
20260726T111229Z,24.9,82.0
20260726T111243Z,24.8,81.8
20260726T111259Z,24.8,81.3
20260726T111313Z,24.7,80.4
20260726T111329Z,24.6,79.2
20260726T111344Z,24.5,78.5
20260726T111359Z,24.5,79.2
20260726T111413Z,24.4,78.3
20260726T111429Z,24.4,77.4
20260726T111443Z,24.3,76.9
20260726T111458Z,24.2,76.4
20260726T111514Z,24.2,76.6
20260726T111528Z,24.1,76.0
20260726T111543Z,24.1,76.6
20260726T111559Z,24.1,77.7
20260726T111613Z,24.1,79.3
20260726T111629Z,24.1,80.3
20260726T111643Z,24.1,81.1
20260726T111659Z,24.1,81.7
20260726T111714Z,24.2,82.0
20260726T111728Z,24.2,83.0
20260726T111744Z,24.3,84.0
20260726T111759Z,24.3,84.2
20260726T111813Z,24.4,84.4
20260726T111828Z,24.5,84.9
20260726T111844Z,24.5,84.8
20260726T111858Z,24.6,85.3
20260726T111914Z,24.6,85.4
20260726T111928Z,24.6,85.5
20260726T111944Z,24.7,85.9
20260726T111959Z,24.7,86.1
20260726T112013Z,24.8,86.3
20260726T112029Z,24.8,86.6
20260726T112043Z,24.8,86.6
20260726T112059Z,24.9,86.9
20260726T112113Z,24.9,87.0
20260726T112129Z,25.0,87.2
20260726T112143Z,25.0,87.4
20260726T112158Z,25.0,87.7
20260726T112214Z,25.1,88.0
20260726T112228Z,25.1,88.1
20260726T112244Z,25.1,88.2
20260726T112258Z,25.1,88.6
20260726T112314Z,25.1,88.5
20260726T112328Z,25.2,88.7
20260726T112344Z,25.2,88.9
20260726T112358Z,25.2,89.0
20260726T112414Z,25.3,89.3
20260726T112428Z,25.3,89.5
20260726T112444Z,25.3,89.6
20260726T112458Z,25.3,89.6
20260726T112514Z,25.3,89.8
20260726T112528Z,25.4,89.9
20260726T112544Z,25.4,90.1
20260726T112558Z,25.4,90.2
20260726T112614Z,25.4,90.3
20260726T112628Z,25.5,90.5
20260726T112644Z,25.5,90.6
20260726T112658Z,25.5,90.6
20260726T112714Z,25.5,90.8
20260726T112728Z,25.5,90.3
20260726T112744Z,25.5,89.3
20260726T112758Z,25.5,88.6
20260726T112813Z,25.5,87.5
20260726T112829Z,25.4,86.6
20260726T112843Z,25.4,85.9
20260726T112859Z,25.3,85.3
20260726T112913Z,25.2,84.3
20260726T112929Z,25.2,84.5
20260726T112943Z,25.1,83.4
20260726T112959Z,25.0,82.7
20260726T113013Z,24.9,81.4
20260726T113029Z,24.8,80.9
20260726T113043Z,24.7,80.2
20260726T113059Z,24.7,79.8
20260726T113113Z,24.6,79.2
20260726T113129Z,24.5,79.1
20260726T113143Z,24.4,78.2
20260726T113159Z,24.4,78.4
20260726T113213Z,24.3,77.6
20260726T113229Z,24.3,77.0
20260726T113244Z,24.3,78.1
20260726T113258Z,24.3,79.3
20260726T113314Z,24.3,80.5
20260726T113328Z,24.3,81.6
20260726T113343Z,24.3,82.1
20260726T113359Z,24.3,82.2
20260726T113413Z,24.3,82.5
20260726T113429Z,24.3,83.0
20260726T113443Z,24.3,83.3
20260726T113459Z,24.3,83.5
20260726T113513Z,24.4,83.8
20260726T113529Z,24.4,84.4
20260726T113543Z,24.4,84.7
20260726T113559Z,24.5,84.8
20260726T113613Z,24.5,85.0
20260726T113629Z,24.5,85.5
20260726T113643Z,24.6,85.6
20260726T113659Z,24.6,86.2
20260726T113713Z,24.6,86.4
20260726T113729Z,24.7,86.6
20260726T113743Z,24.7,86.9
20260726T113758Z,24.7,87.0
20260726T113814Z,24.8,87.2
20260726T113828Z,24.8,87.7
20260726T113844Z,24.8,87.7
20260726T113858Z,24.9,87.8
20260726T113914Z,24.9,87.8
20260726T113928Z,25.0,88.3
20260726T113944Z,25.0,88.4
20260726T113958Z,25.0,88.6
20260726T114014Z,25.0,88.6
20260726T114028Z,25.1,89.0
20260726T114044Z,25.1,89.2
20260726T114058Z,25.1,89.2
20260726T114113Z,25.2,89.3
20260726T114129Z,25.2,89.5
20260726T114143Z,25.2,89.7
20260726T114159Z,25.2,89.6
20260726T114213Z,25.3,89.8
20260726T114229Z,25.3,89.9
20260726T114243Z,25.3,90.1
20260726T114259Z,25.4,90.1
20260726T114313Z,25.4,90.2
20260726T114328Z,25.4,90.4
20260726T114344Z,25.4,90.5
20260726T114358Z,25.4,90.6
20260726T114413Z,25.5,90.7
20260726T114429Z,25.5,90.6
20260726T114443Z,25.5,90.8
20260726T114459Z,25.5,90.1
20260726T114513Z,25.5,89.9
20260726T114529Z,25.5,88.9
20260726T114543Z,25.5,87.8
20260726T114559Z,25.5,86.9
20260726T114613Z,25.4,86.0
20260726T114629Z,25.3,85.3
20260726T114643Z,25.3,84.9
20260726T114659Z,25.2,84.7
20260726T114714Z,25.1,83.4
20260726T114728Z,25.0,82.8
20260726T114744Z,25.0,82.4
20260726T114758Z,24.9,81.7
20260726T114814Z,24.8,80.8
20260726T114828Z,24.7,80.1
20260726T114844Z,24.6,79.8
20260726T114858Z,24.5,78.8
20260726T114914Z,24.5,78.3
20260726T114928Z,24.4,78.6
20260726T114944Z,24.3,77.5
20260726T114958Z,24.3,77.0
20260726T115013Z,24.3,77.8
20260726T115028Z,24.2,78.9
20260726T115043Z,24.2,80.7
20260726T115059Z,24.2,82.2
20260726T115113Z,24.3,82.5
20260726T115129Z,24.3,82.6
20260726T115143Z,24.3,82.8
20260726T115159Z,24.3,83.4
20260726T115213Z,24.3,83.6
20260726T115229Z,24.3,84.1
20260726T115243Z,24.4,84.5
20260726T115258Z,24.4,84.6
20260726T115314Z,24.4,85.0
20260726T115328Z,24.4,85.0
20260726T115343Z,24.5,85.3
20260726T115359Z,24.5,85.8
20260726T115413Z,24.6,86.0
20260726T115429Z,24.6,86.0
20260726T115443Z,24.6,86.4
20260726T115459Z,24.7,86.8
20260726T115513Z,24.7,86.9
20260726T115529Z,24.8,87.2
20260726T115543Z,24.8,87.3
20260726T115559Z,24.8,87.5
20260726T115614Z,24.9,87.8
20260726T115629Z,24.9,88.0
20260726T115643Z,24.9,88.2
20260726T115659Z,25.0,88.4
20260726T115713Z,25.0,88.4
20260726T115729Z,25.0,88.8
20260726T115744Z,25.1,88.7
20260726T115759Z,25.1,88.8
20260726T115814Z,25.1,89.2
20260726T115828Z,25.1,89.4
20260726T115844Z,25.2,89.4
20260726T115858Z,25.2,89.8
20260726T115914Z,25.2,89.8
20260726T115928Z,25.3,89.8
20260726T115944Z,25.3,90.0
20260726T115959Z,25.3,90.1
20260726T120013Z,25.3,90.2
20260726T120029Z,25.4,90.4
20260726T120043Z,25.4,90.3
20260726T120059Z,25.4,90.6
20260726T120113Z,25.4,90.6
20260726T120129Z,25.5,90.7
20260726T120143Z,25.5,90.8
20260726T120159Z,25.5,91.0
20260726T120213Z,25.5,91.0
20260726T120229Z,25.5,90.6
20260726T120244Z,25.5,89.6
20260726T120259Z,25.5,88.8
20260726T120314Z,25.5,87.7
20260726T120329Z,25.5,87.0
20260726T120344Z,25.4,85.8
20260726T120359Z,25.3,85.4
20260726T120414Z,25.2,84.5
20260726T120429Z,25.2,83.8
20260726T120444Z,25.1,83.7
20260726T120459Z,25.0,83.0
20260726T120513Z,25.0,82.1
20260726T120529Z,24.9,81.2
20260726T120544Z,24.8,80.9
20260726T120559Z,24.7,80.1
20260726T120614Z,24.6,79.2
20260726T120629Z,24.5,78.5
20260726T120644Z,24.5,78.1
20260726T120659Z,24.4,78.1
20260726T120714Z,24.3,78.1
20260726T120729Z,24.3,77.8
20260726T120744Z,24.3,79.3
20260726T120759Z,24.3,80.4
20260726T120814Z,24.3,81.5
20260726T120829Z,24.3,82.3
20260726T120844Z,24.3,82.6
20260726T120859Z,24.3,83.0
20260726T120914Z,24.3,83.3
20260726T120929Z,24.3,83.4
20260726T120944Z,24.3,83.6
20260726T120959Z,24.4,83.8
20260726T121014Z,24.4,84.3
20260726T121029Z,24.4,84.8
20260726T121044Z,24.5,85.1
20260726T121059Z,24.5,85.2
20260726T121114Z,24.5,85.4
20260726T121129Z,24.6,85.9
20260726T121144Z,24.6,86.1
20260726T121159Z,24.6,86.3
20260726T121214Z,24.7,86.5
20260726T121229Z,24.7,86.8
20260726T121244Z,24.7,87.1
20260726T121259Z,24.8,87.3
20260726T121314Z,24.8,87.6
20260726T121329Z,24.8,87.8
20260726T121344Z,24.9,88.0
20260726T121359Z,24.9,88.3
20260726T121414Z,24.9,88.4
20260726T121429Z,25.0,88.5
20260726T121444Z,25.0,88.8
20260726T121459Z,25.0,88.7
20260726T121514Z,25.1,89.0
20260726T121529Z,25.1,89.1
20260726T121544Z,25.1,89.3
20260726T121559Z,25.2,89.4
20260726T121614Z,25.2,89.6
20260726T121629Z,25.2,89.6
20260726T121644Z,25.2,89.7
20260726T121659Z,25.3,89.8
20260726T121714Z,25.3,90.0
20260726T121729Z,25.3,90.1
20260726T121744Z,25.4,90.1
20260726T121759Z,25.4,90.3
20260726T121814Z,25.4,90.4
20260726T121829Z,25.4,90.4
20260726T121844Z,25.5,90.6
20260726T121859Z,25.5,90.7
20260726T121914Z,25.5,90.8
20260726T121929Z,25.5,90.8
20260726T121944Z,25.5,90.9
20260726T121959Z,25.5,91.0
20260726T122014Z,25.6,91.2
20260726T122029Z,25.6,90.7
20260726T122044Z,25.6,89.7
20260726T122059Z,25.6,88.8
20260726T122114Z,25.6,88.1
20260726T122129Z,25.5,87.9
20260726T122144Z,25.5,86.2
20260726T122159Z,25.4,85.3
20260726T122214Z,25.3,84.5
20260726T122229Z,25.2,84.4
20260726T122244Z,25.2,83.6
20260726T122259Z,25.1,83.0
20260726T122314Z,25.0,82.1
20260726T122329Z,24.9,81.2
20260726T122344Z,24.9,80.8
20260726T122359Z,24.8,80.3
20260726T122414Z,24.7,79.7
20260726T122429Z,24.6,79.4
20260726T122444Z,24.5,79.0
20260726T122459Z,24.5,78.5
20260726T122514Z,24.4,77.3
20260726T122529Z,24.4,76.9
20260726T122544Z,24.4,76.9
20260726T122559Z,24.4,78.3
20260726T122614Z,24.3,80.1
20260726T122629Z,24.3,81.7
20260726T122644Z,24.3,82.0
20260726T122659Z,24.3,82.2
20260726T122714Z,24.3,82.5
20260726T122729Z,24.3,82.8
20260726T122744Z,24.3,83.1
20260726T122759Z,24.4,83.6
20260726T122814Z,24.4,83.9
20260726T122829Z,24.4,84.3
20260726T122844Z,24.4,84.7
20260726T122859Z,24.5,84.9
20260726T122914Z,24.5,85.0
20260726T122929Z,24.5,85.3
20260726T122944Z,24.6,85.7
20260726T122959Z,24.6,86.2
20260726T123014Z,24.6,86.0
20260726T123029Z,24.7,86.7
20260726T123044Z,24.7,87.2
20260726T123059Z,24.7,87.1
20260726T123114Z,24.8,87.3
20260726T123129Z,24.8,87.4
20260726T123144Z,24.8,87.7
20260726T123159Z,24.9,88.0
20260726T123214Z,24.9,88.0
20260726T123229Z,24.9,88.2
20260726T123244Z,25.0,88.4
20260726T123259Z,25.0,88.6
20260726T123314Z,25.0,88.8
20260726T123329Z,25.1,89.0
20260726T123344Z,25.1,89.2
20260726T123359Z,25.1,89.3
20260726T123414Z,25.2,89.5
20260726T123429Z,25.2,89.6
20260726T123444Z,25.2,89.6
20260726T123459Z,25.3,89.7
20260726T123514Z,25.3,90.0
20260726T123529Z,25.3,90.0
20260726T123544Z,25.3,90.2
20260726T123559Z,25.3,90.3
20260726T123614Z,25.4,90.4
20260726T123629Z,25.4,90.4
20260726T123644Z,25.4,90.4
20260726T123659Z,25.5,90.7
20260726T123714Z,25.5,91.0
20260726T123729Z,25.5,90.9
20260726T123744Z,25.5,90.9
20260726T123759Z,25.5,90.3
20260726T123814Z,25.5,90.0
20260726T123829Z,25.5,89.0
20260726T123844Z,25.5,88.0
20260726T123859Z,25.5,87.3
20260726T123914Z,25.4,86.7
20260726T123929Z,25.4,85.3
20260726T123944Z,25.3,84.6
20260726T123959Z,25.2,83.8
20260726T124014Z,25.1,82.9
20260726T124029Z,25.0,82.3
20260726T124044Z,24.9,81.8
20260726T124059Z,24.8,81.5
20260726T124114Z,24.7,81.0
20260726T124129Z,24.6,80.1
20260726T124144Z,24.6,79.9
20260726T124159Z,24.5,79.4
20260726T124214Z,24.4,78.8
20260726T124229Z,24.3,77.8
20260726T124244Z,24.3,78.3
20260726T124259Z,24.3,77.7
20260726T124314Z,24.2,77.7
20260726T124329Z,24.3,78.8
20260726T124344Z,24.3,80.1
20260726T124359Z,24.3,81.6
20260726T124414Z,24.3,82.1
20260726T124429Z,24.3,82.3
20260726T124444Z,24.3,82.7
20260726T124459Z,24.3,83.1
20260726T124514Z,24.3,83.4
20260726T124529Z,24.3,83.8
20260726T124544Z,24.4,84.0
20260726T124559Z,24.4,84.5
20260726T124614Z,24.4,84.9
20260726T124629Z,24.5,85.0
20260726T124644Z,24.5,85.3
20260726T124659Z,24.5,85.8
20260726T124714Z,24.6,86.0
20260726T124729Z,24.6,86.3
20260726T124744Z,24.6,86.5
20260726T124759Z,24.7,86.9
20260726T124814Z,24.7,87.3
20260726T124829Z,24.7,87.2
20260726T124844Z,24.8,87.5
20260726T124859Z,24.8,87.7
20260726T124914Z,24.8,87.7
20260726T124929Z,24.9,88.1
20260726T124944Z,24.9,88.2
20260726T124959Z,24.9,88.6
20260726T125014Z,25.0,88.7
20260726T125029Z,25.0,88.9
20260726T125044Z,25.0,89.0
20260726T125059Z,25.0,89.2
20260726T125114Z,25.1,89.5
20260726T125129Z,25.1,89.4
20260726T125144Z,25.1,89.8
20260726T125159Z,25.1,89.8
20260726T125214Z,25.2,90.0
20260726T125229Z,25.2,90.0
20260726T125244Z,25.2,90.1
20260726T125259Z,25.3,90.3
20260726T125314Z,25.3,90.5
20260726T125329Z,25.3,90.7
20260726T125344Z,25.3,90.5
20260726T125359Z,25.4,90.6
20260726T125414Z,25.4,90.8
20260726T125429Z,25.4,90.9
20260726T125444Z,25.5,90.9
20260726T125459Z,25.5,91.0
20260726T125514Z,25.5,90.5
20260726T125529Z,25.5,90.0
20260726T125544Z,25.5,88.9
20260726T125559Z,25.5,87.7
20260726T125614Z,25.5,87.1
20260726T125629Z,25.4,86.2
20260726T125644Z,25.3,85.2
20260726T125659Z,25.3,84.1
20260726T125714Z,25.2,83.8
20260726T125729Z,25.1,83.4
20260726T125744Z,25.0,82.9
20260726T125759Z,24.9,82.0
20260726T125814Z,24.8,81.5
20260726T125829Z,24.8,81.0
20260726T125844Z,24.7,80.2
20260726T125859Z,24.6,79.9
20260726T125914Z,24.6,79.0
20260726T125929Z,24.5,78.5
20260726T125944Z,24.4,77.8
20260726T125959Z,24.4,77.1
20260726T130014Z,24.3,77.5
20260726T130029Z,24.3,79.0
20260726T130044Z,24.3,80.5
20260726T130059Z,24.2,81.5
20260726T130114Z,24.2,82.6
20260726T130129Z,24.2,83.1
20260726T130144Z,24.2,82.8
20260726T130159Z,24.3,83.3
20260726T130214Z,24.3,83.5
20260726T130229Z,24.3,83.9
20260726T130244Z,24.3,84.0
20260726T130259Z,24.4,84.5
20260726T130314Z,24.4,84.9
20260726T130329Z,24.4,84.9
20260726T130344Z,24.5,85.4
20260726T130359Z,24.5,85.5
20260726T130414Z,24.6,85.9
20260726T130429Z,24.6,86.0
20260726T130444Z,24.6,86.4
20260726T130459Z,24.7,86.7
20260726T130514Z,24.7,86.8
20260726T130529Z,24.8,87.2
20260726T130544Z,24.8,87.2
20260726T130559Z,24.8,87.7
20260726T130614Z,24.8,87.7
20260726T130629Z,24.9,87.9
20260726T130644Z,24.9,88.2
20260726T130659Z,24.9,88.3
20260726T130714Z,25.0,88.6
20260726T130729Z,25.0,88.7
20260726T130744Z,25.0,89.0
20260726T130759Z,25.1,89.1
20260726T130814Z,25.1,89.2
20260726T130829Z,25.1,89.5
20260726T130844Z,25.1,89.6
20260726T130859Z,25.2,89.7
20260726T130914Z,25.2,89.8
20260726T130929Z,25.2,90.1
20260726T130944Z,25.2,90.1
20260726T130959Z,25.3,90.3
20260726T131014Z,25.3,90.3
20260726T131029Z,25.3,90.3
20260726T131045Z,25.3,90.6
20260726T131100Z,25.4,90.6
20260726T131114Z,25.4,90.7
20260726T131129Z,25.4,90.9
20260726T131144Z,25.4,91.0
20260726T131159Z,25.4,91.2
20260726T131214Z,25.5,91.1
20260726T131229Z,25.5,91.4
20260726T131244Z,25.5,90.9
20260726T131259Z,25.5,90.7
20260726T131314Z,25.5,89.4
20260726T131329Z,25.5,89.2
20260726T131344Z,25.5,87.1
20260726T131359Z,25.5,86.4
20260726T131414Z,25.4,85.5
20260726T131429Z,25.3,84.6
20260726T131444Z,25.2,84.1
20260726T131459Z,25.1,83.4
20260726T131514Z,25.0,83.5
20260726T131529Z,25.0,82.5
20260726T131544Z,24.9,82.1
20260726T131559Z,24.8,81.2
20260726T131614Z,24.7,80.6
20260726T131629Z,24.7,80.0
20260726T131644Z,24.6,79.1
20260726T131659Z,24.5,79.4
20260726T131714Z,24.5,78.3
20260726T131729Z,24.4,77.5
20260726T131744Z,24.3,76.8
20260726T131759Z,24.2,76.8
20260726T131814Z,24.1,77.3
20260726T131829Z,24.1,78.6
20260726T131844Z,24.1,80.2
20260726T131859Z,24.1,81.7
20260726T131914Z,24.1,82.4
20260726T131929Z,24.1,82.4
20260726T131944Z,24.1,83.1
20260726T131959Z,24.2,83.4
20260726T132014Z,24.2,83.7
20260726T132029Z,24.2,84.2
20260726T132044Z,24.2,84.4
20260726T132059Z,24.3,84.4
20260726T132114Z,24.3,85.0
20260726T132129Z,24.3,85.5
20260726T132144Z,24.4,85.9
20260726T132159Z,24.4,86.1
20260726T132214Z,24.4,86.5
20260726T132229Z,24.5,86.8
20260726T132244Z,24.5,86.8
20260726T132259Z,24.5,87.2
20260726T132314Z,24.6,87.5
20260726T132329Z,24.6,87.7
20260726T132345Z,24.6,87.9
20260726T132359Z,24.7,88.2
20260726T132414Z,24.7,88.2
20260726T132429Z,24.7,88.4
20260726T132444Z,24.8,88.7
20260726T132459Z,24.8,88.9
20260726T132514Z,24.9,89.0
20260726T132529Z,24.9,89.0
20260726T132545Z,24.9,89.3
20260726T132600Z,24.9,89.5
20260726T132614Z,25.0,89.6
20260726T132629Z,25.0,89.7
20260726T132644Z,25.0,90.0
20260726T132659Z,25.0,90.1
20260726T132714Z,25.1,90.2
20260726T132729Z,25.1,90.4
20260726T132745Z,25.1,90.6
20260726T132759Z,25.1,90.7
20260726T132814Z,25.2,90.8
20260726T132829Z,25.2,90.9
20260726T132844Z,25.2,91.0
20260726T132859Z,25.2,91.0
20260726T132914Z,25.3,91.3
20260726T132929Z,25.3,91.3
20260726T132944Z,25.3,91.4
20260726T132959Z,25.3,91.4
20260726T133014Z,25.3,90.8
20260726T133029Z,25.4,89.6
20260726T133044Z,25.3,88.8
20260726T133059Z,25.3,88.2
20260726T133114Z,25.3,87.5
20260726T133129Z,25.2,86.4
20260726T133144Z,25.2,85.6
20260726T133159Z,25.1,84.5
20260726T133214Z,25.0,83.6
20260726T133229Z,24.9,83.3
20260726T133244Z,24.9,83.5
20260726T133259Z,24.8,81.6
20260726T133314Z,24.7,81.8
20260726T133329Z,24.7,81.4
20260726T133344Z,24.6,80.3
20260726T133359Z,24.6,80.2
20260726T133414Z,24.5,79.1
20260726T133429Z,24.5,78.2
20260726T133444Z,24.4,77.8
20260726T133459Z,24.4,77.5
20260726T133514Z,24.3,76.0
20260726T133529Z,24.3,77.4
20260726T133544Z,24.2,78.9
20260726T133559Z,24.2,80.3
20260726T133614Z,24.2,81.8
20260726T133629Z,24.2,82.3
20260726T133645Z,24.2,82.4
20260726T133700Z,24.2,82.9
20260726T133714Z,24.2,83.2
20260726T133729Z,24.2,83.6
20260726T133744Z,24.2,84.6
20260726T133759Z,24.3,85.2
20260726T133814Z,24.3,85.3
20260726T133829Z,24.4,85.7
20260726T133844Z,24.4,85.8
20260726T133859Z,24.5,86.2
20260726T133914Z,24.5,86.4
20260726T133929Z,24.5,86.6
20260726T133944Z,24.6,87.1
20260726T133959Z,24.6,87.4
20260726T134014Z,24.6,87.6
20260726T134029Z,24.7,87.8
20260726T134044Z,24.7,88.0
20260726T134059Z,24.7,88.2
20260726T134114Z,24.7,88.6
20260726T134129Z,24.8,88.8
20260726T134144Z,24.8,89.0
20260726T134159Z,24.9,89.1
20260726T134214Z,24.9,89.2
20260726T134229Z,24.9,89.5
20260726T134244Z,24.9,89.7
20260726T134259Z,25.0,89.9
20260726T134314Z,25.0,90.0
20260726T134329Z,25.0,90.1
20260726T134344Z,25.1,90.2
20260726T134359Z,25.1,90.1
20260726T134414Z,25.1,90.4
20260726T134429Z,25.2,90.5
20260726T134444Z,25.2,90.7
20260726T134459Z,25.2,90.8
20260726T134514Z,25.2,90.9
20260726T134529Z,25.3,91.0
20260726T134544Z,25.3,91.0
20260726T134559Z,25.3,91.1
20260726T134614Z,25.3,91.2
20260726T134629Z,25.4,90.5
20260726T134644Z,25.4,89.9
20260726T134659Z,25.3,88.4
20260726T134714Z,25.3,88.1
20260726T134729Z,25.3,87.7
20260726T134744Z,25.3,86.2
20260726T134759Z,25.2,85.1
20260726T134814Z,25.2,84.5
20260726T134829Z,25.1,84.0
20260726T134844Z,25.0,82.9
20260726T134859Z,24.9,82.2
20260726T134914Z,24.8,81.8
20260726T134929Z,24.7,81.3
20260726T134945Z,24.7,80.7
20260726T134959Z,24.6,80.6
20260726T135014Z,24.6,80.3
20260726T135029Z,24.5,79.2
20260726T135044Z,24.5,78.5
20260726T135059Z,24.4,77.2
20260726T135114Z,24.3,76.8
20260726T135129Z,24.3,75.9
20260726T135144Z,24.2,76.8
20260726T135159Z,24.2,78.5
20260726T135214Z,24.1,80.4
20260726T135229Z,24.1,81.9
20260726T135244Z,24.1,82.2
20260726T135259Z,24.2,82.4
20260726T135314Z,24.2,82.9
20260726T135329Z,24.2,83.4
20260726T135345Z,24.2,83.5
20260726T135400Z,24.2,83.6
20260726T135414Z,24.2,84.2
20260726T135429Z,24.3,84.4
20260726T135444Z,24.3,85.2
20260726T135459Z,24.3,85.3
20260726T135514Z,24.4,85.9
20260726T135529Z,24.4,86.1
20260726T135544Z,24.4,86.5
20260726T135559Z,24.5,86.8
20260726T135614Z,24.5,86.8
20260726T135629Z,24.5,87.2
20260726T135644Z,24.6,87.4
20260726T135659Z,24.6,87.5
20260726T135714Z,24.6,87.7
20260726T135729Z,24.7,88.0
20260726T135744Z,24.7,88.2
20260726T135759Z,24.7,88.5
20260726T135814Z,24.8,88.7
20260726T135829Z,24.8,88.8
20260726T135844Z,24.8,89.0
20260726T135859Z,24.9,89.1
20260726T135914Z,24.9,89.4
20260726T135929Z,24.9,89.4
20260726T135944Z,25.0,89.7
20260726T135959Z,25.0,89.8
20260726T140014Z,25.0,89.9
20260726T140029Z,25.1,90.0
20260726T140044Z,25.1,90.1
20260726T140059Z,25.1,90.3
20260726T140114Z,25.1,90.5
20260726T140129Z,25.2,90.5
20260726T140144Z,25.2,90.7
20260726T140159Z,25.2,90.8
20260726T140214Z,25.2,90.9
20260726T140229Z,25.3,90.9
20260726T140244Z,25.3,91.0
20260726T140259Z,25.3,91.0
20260726T140314Z,25.4,90.4
20260726T140329Z,25.4,89.7
20260726T140344Z,25.3,88.5
20260726T140359Z,25.3,88.0
20260726T140414Z,25.3,86.9
20260726T140429Z,25.2,86.0
20260726T140444Z,25.2,85.0
20260726T140459Z,25.1,84.7
20260726T140514Z,25.0,83.9
20260726T140529Z,25.0,83.0
20260726T140544Z,24.9,82.6
20260726T140559Z,24.8,81.6
20260726T140614Z,24.7,80.7
20260726T140629Z,24.6,81.1
20260726T140644Z,24.5,80.1
20260726T140659Z,24.4,79.7
20260726T140714Z,24.4,78.9
20260726T140729Z,24.3,77.6
20260726T140744Z,24.2,77.5
20260726T140759Z,24.1,76.9
20260726T140814Z,24.1,76.4
20260726T140829Z,24.0,76.4
20260726T140844Z,23.9,78.2
20260726T140859Z,23.9,79.5
20260726T140914Z,23.9,80.4
20260726T140929Z,23.9,81.5
20260726T140944Z,23.9,82.4
20260726T140959Z,24.0,82.8
20260726T141014Z,24.0,82.4
20260726T141029Z,24.0,83.4
20260726T141044Z,24.1,83.5
20260726T141059Z,24.1,83.8
20260726T141114Z,24.1,84.5
20260726T141129Z,24.2,84.9
20260726T141144Z,24.2,85.4
20260726T141159Z,24.2,85.6
20260726T141214Z,24.3,85.9
20260726T141229Z,24.3,86.2
20260726T141244Z,24.4,86.4
20260726T141259Z,24.4,86.7
20260726T141314Z,24.4,87.0
20260726T141329Z,24.5,87.2
20260726T141344Z,24.5,87.4
20260726T141359Z,24.6,87.7
20260726T141414Z,24.6,88.1
20260726T141429Z,24.6,88.4
20260726T141444Z,24.7,88.4
20260726T141459Z,24.7,88.6
20260726T141514Z,24.7,88.9
20260726T141529Z,24.8,88.9
20260726T141544Z,24.8,89.2
20260726T141559Z,24.8,89.4
20260726T141614Z,24.9,89.5
20260726T141629Z,24.9,89.6
20260726T141644Z,24.9,89.9
20260726T141659Z,25.0,89.8
20260726T141714Z,25.0,90.0
20260726T141729Z,25.0,90.2
20260726T141744Z,25.1,90.3
20260726T141759Z,25.1,90.3
20260726T141814Z,25.1,90.6
20260726T141829Z,25.2,90.7
20260726T141844Z,25.2,90.7
20260726T141859Z,25.2,90.8
20260726T141914Z,25.2,90.9
20260726T141929Z,25.3,91.0
20260726T141944Z,25.3,91.1
20260726T141959Z,25.3,90.5
20260726T142014Z,25.3,90.6
20260726T142029Z,25.3,88.8
20260726T142044Z,25.3,88.5
20260726T142059Z,25.3,87.8
20260726T142114Z,25.3,87.0
20260726T142129Z,25.2,85.7
20260726T142144Z,25.2,84.6
20260726T142159Z,25.1,84.2
20260726T142214Z,25.0,83.6
20260726T142229Z,24.9,82.5
20260726T142244Z,24.8,82.2
20260726T142259Z,24.8,81.3
20260726T142314Z,24.7,81.0
20260726T142329Z,24.6,80.4
20260726T142344Z,24.5,79.8
20260726T142359Z,24.5,79.0
20260726T142414Z,24.4,78.5
20260726T142429Z,24.3,77.6
20260726T142444Z,24.3,77.4
20260726T142459Z,24.2,76.3
20260726T142514Z,24.1,76.2
20260726T142529Z,24.0,77.8
20260726T142544Z,24.0,79.4
20260726T142559Z,24.0,80.8
20260726T142614Z,24.0,82.1
20260726T142629Z,24.0,82.7
20260726T142644Z,24.0,82.5
20260726T142659Z,24.1,83.0
20260726T142714Z,24.1,83.2
20260726T142729Z,24.1,83.5
20260726T142744Z,24.1,84.2
20260726T142759Z,24.2,84.5
20260726T142814Z,24.2,84.7
20260726T142829Z,24.2,85.0
20260726T142844Z,24.3,85.5
20260726T142859Z,24.3,86.0
20260726T142914Z,24.3,86.2
20260726T142929Z,24.4,86.6
20260726T142944Z,24.4,86.7
20260726T142959Z,24.4,86.8
20260726T143014Z,24.5,87.2
20260726T143029Z,24.5,87.6
20260726T143044Z,24.6,87.4
20260726T143059Z,24.6,88.1
20260726T143114Z,24.6,88.2
20260726T143129Z,24.7,88.4
20260726T143145Z,24.7,88.4
20260726T143200Z,24.8,88.7
20260726T143214Z,24.8,89.0
20260726T143229Z,24.8,89.1
20260726T143244Z,24.9,89.1
20260726T143259Z,24.9,89.5
20260726T143314Z,24.9,89.7
20260726T143329Z,24.9,89.6
20260726T143344Z,25.0,89.8
20260726T143359Z,25.0,89.9
20260726T143414Z,25.0,90.0
20260726T143429Z,25.1,90.1
20260726T143444Z,25.1,90.3
20260726T143459Z,25.1,90.5
20260726T143514Z,25.2,90.6
20260726T143529Z,25.2,90.7
20260726T143544Z,25.2,90.7
20260726T143559Z,25.2,90.8
20260726T143614Z,25.3,90.9
20260726T143629Z,25.3,90.8
20260726T143644Z,25.3,90.6
20260726T143659Z,25.3,88.6
20260726T143714Z,25.3,88.3
20260726T143729Z,25.2,87.6
20260726T143744Z,25.2,86.6
20260726T143759Z,25.2,86.3
20260726T143814Z,25.1,84.9
20260726T143829Z,25.1,84.1
20260726T143844Z,25.0,83.3
20260726T143859Z,24.9,82.8
20260726T143914Z,24.8,82.0
20260726T143929Z,24.7,81.1
20260726T143945Z,24.6,81.4
20260726T144000Z,24.5,80.0
20260726T144014Z,24.4,79.6
20260726T144029Z,24.3,79.3
20260726T144045Z,24.2,79.2
20260726T144100Z,24.2,78.4
20260726T144114Z,24.1,77.6
20260726T144129Z,24.1,76.9
20260726T144144Z,24.0,76.3
20260726T144159Z,24.0,78.0
20260726T144214Z,23.9,79.6
20260726T144229Z,23.9,81.0
20260726T144244Z,23.9,81.9
20260726T144259Z,24.0,82.4
20260726T144314Z,24.0,82.9
20260726T144329Z,24.0,83.2
20260726T144344Z,24.0,83.6
20260726T144359Z,24.1,83.8
20260726T144414Z,24.1,84.1
20260726T144429Z,24.1,84.7
20260726T144444Z,24.1,84.8
20260726T144459Z,24.2,85.4
20260726T144514Z,24.2,85.7
20260726T144529Z,24.3,86.1
20260726T144544Z,24.3,86.4
20260726T144559Z,24.3,86.8
20260726T144614Z,24.4,87.3
20260726T144629Z,24.5,87.3
20260726T144644Z,24.5,87.5
20260726T144659Z,24.6,87.8
20260726T144714Z,24.6,88.0
20260726T144729Z,24.6,88.2
20260726T144744Z,24.7,88.4
20260726T144759Z,24.7,88.6
20260726T144814Z,24.7,88.8
20260726T144829Z,24.8,88.9
20260726T144844Z,24.8,89.2
20260726T144859Z,24.8,89.2
20260726T144914Z,24.9,89.4
20260726T144929Z,24.9,89.6
20260726T144944Z,24.9,89.8
20260726T144959Z,25.0,89.7
20260726T145014Z,25.0,89.9
20260726T145029Z,25.0,90.1
20260726T145044Z,25.1,90.3
20260726T145059Z,25.1,90.3
20260726T145114Z,25.1,90.4
20260726T145129Z,25.1,90.4
20260726T145144Z,25.2,90.7
20260726T145159Z,25.2,90.8
20260726T145214Z,25.2,90.9
20260726T145229Z,25.3,91.0
20260726T145244Z,25.3,91.0
20260726T145259Z,25.3,90.0
20260726T145314Z,25.3,89.6
20260726T145329Z,25.3,88.2
20260726T145344Z,25.3,87.9
20260726T145400Z,25.2,87.0
20260726T145414Z,25.2,85.9
20260726T145429Z,25.1,85.2
20260726T145445Z,25.1,84.4
20260726T145500Z,25.0,83.6
20260726T145514Z,24.9,83.1
20260726T145529Z,24.8,82.1
20260726T145544Z,24.7,81.8
20260726T145559Z,24.6,81.5
20260726T145614Z,24.5,80.4
20260726T145629Z,24.4,80.0
20260726T145644Z,24.4,79.3
20260726T145659Z,24.3,78.8
20260726T145714Z,24.2,78.1
20260726T145729Z,24.1,77.1
20260726T145744Z,24.0,77.7
20260726T145759Z,23.9,77.0
20260726T145814Z,23.9,78.0
20260726T145829Z,23.8,79.6
20260726T145844Z,23.9,80.9
20260726T145859Z,23.9,81.7
20260726T145914Z,23.9,83.1
20260726T145930Z,23.9,83.0
20260726T145944Z,24.0,83.4
20260726T150000Z,24.0,83.5
20260726T150014Z,24.0,83.9
20260726T150030Z,24.1,84.2
20260726T150044Z,24.1,84.7
20260726T150059Z,24.1,84.9
20260726T150115Z,24.2,85.3
20260726T150129Z,24.2,85.9
20260726T150144Z,24.3,86.4
20260726T150159Z,24.3,86.7
20260726T150215Z,24.4,87.3
20260726T150229Z,24.4,87.6
20260726T150244Z,24.4,87.7
20260726T150300Z,24.5,88.3
20260726T150315Z,24.5,88.6
20260726T150329Z,24.6,89.0
20260726T150344Z,24.7,89.1
20260726T150359Z,24.7,89.5
20260726T150415Z,24.7,89.9
20260726T150429Z,24.8,89.9
20260726T150445Z,24.8,90.3
20260726T150459Z,24.8,90.3
20260726T150514Z,24.9,90.8
20260726T150530Z,24.9,90.9
20260726T150545Z,24.9,91.2
20260726T150559Z,25.0,91.3
20260726T150615Z,25.0,91.5
20260726T150629Z,25.1,91.7
20260726T150645Z,25.1,91.8
20260726T150659Z,25.1,91.9
20260726T150715Z,25.2,92.0
20260726T150729Z,25.2,92.3
20260726T150745Z,25.2,92.5
20260726T150800Z,25.3,92.6
20260726T150814Z,25.3,92.3
20260726T150829Z,25.3,92.0
20260726T150844Z,25.3,90.3
20260726T150900Z,25.3,89.5
20260726T150915Z,25.3,89.0
20260726T150929Z,25.3,87.9
20260726T150944Z,25.2,87.5
20260726T151000Z,25.2,86.8
20260726T151014Z,25.1,86.1
20260726T151030Z,25.1,85.0
20260726T151044Z,25.0,85.9
20260726T151100Z,24.9,84.3
20260726T151115Z,24.8,83.7
20260726T151130Z,24.8,83.2
20260726T151144Z,24.7,82.1
20260726T151200Z,24.6,81.6
20260726T151214Z,24.5,83.0
20260726T151230Z,24.4,81.7
20260726T151244Z,24.4,80.9
20260726T151300Z,24.3,79.9
20260726T151314Z,24.2,79.7
20260726T151330Z,24.1,79.1
20260726T151345Z,24.1,78.4
20260726T151359Z,24.0,77.5
20260726T151415Z,24.0,77.8
20260726T151429Z,23.9,77.2
20260726T151445Z,23.9,76.8
20260726T151459Z,23.8,76.6
20260726T151515Z,23.8,75.1
20260726T151529Z,23.7,75.1
20260726T151544Z,23.7,76.9
20260726T151600Z,23.7,78.1
20260726T151614Z,23.7,80.3
20260726T151630Z,23.7,81.3
20260726T151644Z,23.7,82.0
20260726T151700Z,23.8,82.1
20260726T151715Z,23.8,82.4
20260726T151729Z,23.9,82.6
20260726T151745Z,23.9,83.2
20260726T151759Z,23.9,83.9
20260726T151814Z,24.0,83.8
20260726T151830Z,24.0,84.2
20260726T151844Z,24.1,84.7
20260726T151900Z,24.1,85.2
20260726T151914Z,24.2,85.6
20260726T151930Z,24.2,86.1
20260726T151944Z,24.3,86.3
20260726T152000Z,24.3,86.4
20260726T152014Z,24.4,86.6
20260726T152029Z,24.4,87.1
20260726T152044Z,24.4,87.4
20260726T152100Z,24.5,87.7
20260726T152114Z,24.5,88.0
20260726T152129Z,24.6,88.2
20260726T152144Z,24.6,88.4
20260726T152200Z,24.7,88.6
20260726T152214Z,24.7,88.9
20260726T152230Z,24.7,89.1
20260726T152245Z,24.8,89.4
20260726T152259Z,24.8,89.5
20260726T152314Z,24.8,89.7
20260726T152329Z,24.9,89.9
20260726T152345Z,24.9,90.0
20260726T152400Z,25.0,90.2
20260726T152414Z,25.0,90.4
20260726T152430Z,25.0,90.5
20260726T152444Z,25.0,90.7
20260726T152500Z,25.1,90.8
20260726T152514Z,25.1,90.9
20260726T152530Z,25.2,91.0
20260726T152544Z,25.2,91.1
20260726T152600Z,25.2,91.3
20260726T152614Z,25.2,91.3
20260726T152630Z,25.2,90.6
20260726T152644Z,25.3,89.1
20260726T152659Z,25.2,88.1
20260726T152714Z,25.2,87.6
20260726T152729Z,25.2,86.8
20260726T152744Z,25.1,86.3
20260726T152800Z,25.1,85.2
20260726T152814Z,25.0,84.7
20260726T152830Z,24.9,83.8
20260726T152844Z,24.8,83.3
20260726T152900Z,24.8,82.4
20260726T152915Z,24.7,82.5
20260726T152929Z,24.6,81.4
20260726T152945Z,24.5,80.2
20260726T152959Z,24.5,80.3
20260726T153015Z,24.4,79.5
20260726T153029Z,24.3,79.1
20260726T153045Z,24.2,78.2
20260726T153059Z,24.2,77.6
20260726T153115Z,24.1,77.1
20260726T153129Z,24.1,76.1
20260726T153145Z,24.0,75.8
20260726T153159Z,23.9,75.2
20260726T153215Z,23.8,75.1
20260726T153229Z,23.7,76.7
20260726T153245Z,23.7,78.5
20260726T153259Z,23.8,79.9
20260726T153315Z,23.8,81.1
20260726T153330Z,23.8,81.8
20260726T153344Z,23.8,82.2
20260726T153359Z,23.9,82.6
20260726T153415Z,23.9,82.9
20260726T153429Z,24.0,83.2
20260726T153444Z,24.0,83.8
20260726T153500Z,24.1,84.2
20260726T153514Z,24.1,84.6
20260726T153530Z,24.1,85.0
20260726T153545Z,24.2,85.4
20260726T153559Z,24.2,85.7
20260726T153615Z,24.3,85.9
20260726T153629Z,24.3,86.3
20260726T153644Z,24.4,86.3
20260726T153659Z,24.4,86.6
20260726T153715Z,24.5,87.1
20260726T153729Z,24.5,87.2
20260726T153745Z,24.6,87.4
20260726T153759Z,24.6,87.6
20260726T153815Z,24.6,87.8
20260726T153829Z,24.7,88.1
20260726T153845Z,24.7,88.3
20260726T153859Z,24.8,88.5
20260726T153915Z,24.8,88.8
20260726T153929Z,24.8,89.0
20260726T153945Z,24.9,89.1
20260726T153959Z,24.9,89.2
20260726T154014Z,24.9,89.4
20260726T154030Z,25.0,89.6
20260726T154044Z,25.0,89.8
20260726T154100Z,25.0,89.9
20260726T154114Z,25.1,90.2
20260726T154130Z,25.1,90.2
20260726T154145Z,25.1,90.5
20260726T154159Z,25.1,90.5
20260726T154215Z,25.2,90.7
20260726T154229Z,25.2,90.7
20260726T154244Z,25.2,90.8
20260726T154300Z,25.3,89.6
20260726T154315Z,25.3,89.1
20260726T154330Z,25.2,87.9
20260726T154344Z,25.2,87.6
20260726T154400Z,25.2,86.0
20260726T154414Z,25.1,86.3
20260726T154430Z,25.1,85.2
20260726T154444Z,25.0,85.0
20260726T154500Z,25.0,84.2
20260726T154514Z,24.9,83.0
20260726T154530Z,24.8,82.4
20260726T154544Z,24.7,81.7
20260726T154600Z,24.6,81.2
20260726T154614Z,24.6,80.2
20260726T154630Z,24.5,79.3
20260726T154644Z,24.4,78.6
20260726T154700Z,24.3,78.6
20260726T154714Z,24.1,77.6
20260726T154730Z,24.0,77.7
20260726T154744Z,24.0,77.8
20260726T154759Z,23.9,77.2
20260726T154815Z,23.9,76.2
20260726T154829Z,23.8,75.6
20260726T154845Z,23.8,75.0
20260726T154859Z,23.7,74.5
20260726T154914Z,23.6,76.5
20260726T154929Z,23.6,78.2
20260726T154945Z,23.6,80.0
20260726T155000Z,23.6,80.9
20260726T155015Z,23.7,81.2
20260726T155030Z,23.7,81.6
20260726T155044Z,23.7,82.0
20260726T155100Z,23.8,82.3
20260726T155114Z,23.8,82.6
20260726T155130Z,23.9,83.4
20260726T155144Z,24.0,83.8
20260726T155159Z,24.0,84.0
20260726T155214Z,24.1,84.5
20260726T155230Z,24.1,84.6
20260726T155245Z,24.2,85.1
20260726T155259Z,24.2,85.3
20260726T155315Z,24.3,85.6
20260726T155329Z,24.3,85.8
20260726T155344Z,24.4,86.1
20260726T155400Z,24.4,86.5
20260726T155414Z,24.4,86.7
20260726T155430Z,24.5,86.9
20260726T155444Z,24.5,87.3
20260726T155500Z,24.6,87.5
20260726T155514Z,24.6,87.6
20260726T155529Z,24.6,87.9
20260726T155544Z,24.7,88.2
20260726T155600Z,24.7,88.2
20260726T155615Z,24.8,88.5
20260726T155630Z,24.8,88.8
20260726T155645Z,24.9,88.8
20260726T155659Z,24.9,89.0
20260726T155715Z,24.9,89.2
20260726T155729Z,24.9,89.2
20260726T155745Z,25.0,89.4
20260726T155759Z,25.0,89.6
20260726T155815Z,25.0,89.8
20260726T155830Z,25.1,89.8
20260726T155845Z,25.1,89.9
20260726T155900Z,25.1,90.0
20260726T155915Z,25.2,90.2
20260726T155930Z,25.2,90.2
20260726T155944Z,25.2,90.0
20260726T160000Z,25.3,89.8
20260726T160014Z,25.2,87.6
20260726T160030Z,25.2,87.1
20260726T160044Z,25.2,86.2
20260726T160100Z,25.1,86.0
20260726T160114Z,25.1,84.8
20260726T160130Z,25.0,84.2
20260726T160146Z,25.0,83.5
20260726T160200Z,24.9,83.3
20260726T160215Z,24.8,81.9
20260726T160230Z,24.7,81.7
20260726T160245Z,24.6,80.9
20260726T160300Z,24.6,80.1
20260726T160315Z,24.5,80.3
20260726T160330Z,24.4,79.8
20260726T160346Z,24.4,79.1
20260726T160400Z,24.3,79.1
20260726T160415Z,24.3,78.6
20260726T160430Z,24.2,77.7
20260726T160445Z,24.2,76.9
20260726T160500Z,24.1,75.9
20260726T160515Z,24.0,75.8
20260726T160530Z,24.0,75.3
20260726T160545Z,23.9,74.6
20260726T160600Z,23.9,75.3
20260726T160615Z,23.8,76.8
20260726T160630Z,23.8,78.8
20260726T160645Z,23.8,80.0
20260726T160700Z,23.8,80.4
20260726T160715Z,23.9,80.6
20260726T160730Z,23.9,81.3
20260726T160745Z,23.9,81.5
20260726T160800Z,23.9,81.8
20260726T160815Z,24.0,82.4
20260726T160830Z,24.0,82.4
20260726T160845Z,24.0,83.1
20260726T160900Z,24.1,83.6
20260726T160915Z,24.1,83.7
20260726T160930Z,24.1,84.0
20260726T160945Z,24.2,84.4
20260726T161000Z,24.2,84.8
20260726T161015Z,24.2,85.3
20260726T161030Z,24.3,85.5
20260726T161045Z,24.3,85.8
20260726T161100Z,24.3,86.2
20260726T161115Z,24.4,86.3
20260726T161130Z,24.4,86.8
20260726T161145Z,24.4,86.9
20260726T161200Z,24.5,87.3
20260726T161215Z,24.5,87.5
20260726T161230Z,24.6,87.6
20260726T161245Z,24.6,87.9
20260726T161300Z,24.6,88.0
20260726T161315Z,24.6,88.2
20260726T161330Z,24.7,88.3
20260726T161345Z,24.7,88.7
20260726T161400Z,24.7,88.8
20260726T161415Z,24.8,89.0
20260726T161430Z,24.8,89.1
20260726T161445Z,24.8,89.2
20260726T161500Z,24.9,89.4
20260726T161515Z,24.9,89.4
20260726T161530Z,24.9,89.7
20260726T161546Z,24.9,89.7
20260726T161600Z,25.0,89.9
20260726T161615Z,25.0,90.0
20260726T161630Z,25.0,90.2
20260726T161645Z,25.1,90.2
20260726T161700Z,25.1,90.4
20260726T161715Z,25.1,90.4
20260726T161730Z,25.2,90.7
20260726T161745Z,25.2,90.7
20260726T161800Z,25.2,90.7
20260726T161815Z,25.2,90.9
20260726T161830Z,25.2,91.0
20260726T161845Z,25.2,91.1
20260726T161900Z,25.2,90.1
20260726T161915Z,25.3,89.6
20260726T161930Z,25.2,88.7
20260726T161945Z,25.2,88.2
20260726T162000Z,25.2,87.1
20260726T162015Z,25.2,86.5
20260726T162030Z,25.1,85.4
20260726T162045Z,25.1,84.7
20260726T162100Z,25.0,83.5
20260726T162115Z,24.9,83.2
20260726T162130Z,24.8,82.5
20260726T162145Z,24.7,82.3
20260726T162200Z,24.6,81.2
20260726T162215Z,24.5,80.2
20260726T162230Z,24.4,79.5
20260726T162245Z,24.4,79.7
20260726T162300Z,24.3,79.0
20260726T162315Z,24.2,77.8
20260726T162330Z,24.1,77.3
20260726T162345Z,24.1,77.2
20260726T162400Z,24.0,77.6
20260726T162415Z,24.0,79.1
20260726T162430Z,23.9,80.8
20260726T162445Z,23.9,81.6
20260726T162500Z,23.9,82.3
20260726T162515Z,24.0,82.6
20260726T162530Z,24.0,83.1
20260726T162545Z,24.0,83.2
20260726T162600Z,24.0,83.8
20260726T162615Z,24.1,83.8
20260726T162630Z,24.1,84.4
20260726T162645Z,24.1,84.5
20260726T162700Z,24.2,84.9
20260726T162715Z,24.2,85.4
20260726T162730Z,24.2,85.6
20260726T162745Z,24.3,85.9
20260726T162800Z,24.3,86.1
20260726T162815Z,24.3,86.5
20260726T162830Z,24.4,86.8
20260726T162845Z,24.4,87.1
20260726T162900Z,24.4,87.5
20260726T162915Z,24.5,87.8
20260726T162930Z,24.5,88.1
20260726T162945Z,24.6,88.3
20260726T163000Z,24.6,88.3
20260726T163015Z,24.7,88.5
20260726T163030Z,24.7,88.7
20260726T163045Z,24.8,89.0
20260726T163100Z,24.8,89.1
20260726T163115Z,24.8,89.6
20260726T163130Z,24.8,89.7
20260726T163145Z,24.9,89.8
20260726T163200Z,24.9,90.0
20260726T163215Z,25.0,90.1
20260726T163230Z,25.0,90.2
20260726T163245Z,25.0,90.5
20260726T163300Z,25.1,90.4
20260726T163315Z,25.1,90.6
20260726T163330Z,25.1,90.6
20260726T163345Z,25.2,90.9
20260726T163400Z,25.2,90.9
20260726T163415Z,25.2,90.8
20260726T163430Z,25.3,91.0
20260726T163445Z,25.3,91.2
20260726T163500Z,25.3,91.2
20260726T163515Z,25.4,91.3
20260726T163530Z,25.4,91.4
20260726T163545Z,25.4,90.7
20260726T163600Z,25.4,90.3
20260726T163615Z,25.4,89.2
20260726T163630Z,25.4,88.4
20260726T163645Z,25.4,87.3
20260726T163700Z,25.3,87.0
20260726T163715Z,25.3,86.0
20260726T163730Z,25.2,85.5
20260726T163745Z,25.1,84.3
20260726T163800Z,25.1,83.9
20260726T163815Z,25.0,83.0
20260726T163830Z,24.9,82.1
20260726T163845Z,24.8,82.1
20260726T163900Z,24.7,81.1
20260726T163915Z,24.7,80.8
20260726T163930Z,24.6,80.3
20260726T163945Z,24.5,79.6
20260726T164000Z,24.5,78.7
20260726T164015Z,24.4,78.1
20260726T164030Z,24.3,77.6
20260726T164045Z,24.2,76.8
20260726T164100Z,24.1,76.2
20260726T164115Z,24.0,76.6
20260726T164130Z,24.0,78.3
20260726T164146Z,23.9,79.7
20260726T164200Z,24.0,81.4
20260726T164215Z,24.0,82.1
20260726T164230Z,24.0,82.6
20260726T164245Z,24.0,83.0
20260726T164300Z,24.0,83.7
20260726T164315Z,24.1,84.0
20260726T164330Z,24.1,84.4
20260726T164345Z,24.2,84.9
20260726T164400Z,24.2,85.1
20260726T164415Z,24.2,85.3
20260726T164430Z,24.3,85.7
20260726T164445Z,24.3,86.0
20260726T164500Z,24.4,86.3
20260726T164515Z,24.4,86.6
20260726T164530Z,24.4,86.9
20260726T164545Z,24.5,87.2
20260726T164600Z,24.5,87.5
20260726T164615Z,24.6,87.8
20260726T164630Z,24.6,88.0
20260726T164645Z,24.6,88.4
20260726T164700Z,24.7,88.5
20260726T164715Z,24.7,88.8
20260726T164730Z,24.7,89.1
20260726T164745Z,24.8,89.1
20260726T164800Z,24.8,89.4
20260726T164815Z,24.8,89.5
20260726T164830Z,24.9,89.5
20260726T164845Z,24.9,89.7
20260726T164900Z,24.9,89.7
20260726T164915Z,25.0,89.8
20260726T164930Z,25.0,89.9
20260726T164945Z,25.1,90.0
20260726T165000Z,25.1,90.2
20260726T165015Z,25.1,90.3
20260726T165030Z,25.1,90.4
20260726T165045Z,25.2,90.4
20260726T165100Z,25.2,90.5
20260726T165115Z,25.2,90.7
20260726T165130Z,25.3,90.8
20260726T165145Z,25.3,90.8
20260726T165200Z,25.3,91.1
20260726T165215Z,25.3,90.2
20260726T165230Z,25.3,89.7
20260726T165245Z,25.4,89.3
20260726T165300Z,25.3,88.0
20260726T165315Z,25.3,86.9
20260726T165330Z,25.3,86.1
20260726T165345Z,25.2,85.7
20260726T165400Z,25.1,84.7
20260726T165415Z,25.1,83.7
20260726T165430Z,25.0,83.3
20260726T165446Z,24.9,82.9
20260726T165500Z,24.8,81.7
20260726T165515Z,24.7,81.7
20260726T165530Z,24.6,81.0
20260726T165546Z,24.5,80.8
20260726T165600Z,24.5,80.1
20260726T165615Z,24.4,79.9
20260726T165630Z,24.4,77.9
20260726T165646Z,24.3,77.3
20260726T165700Z,24.3,77.2
20260726T165715Z,24.2,77.3
20260726T165730Z,24.1,79.1
20260726T165745Z,24.1,80.6
20260726T165800Z,24.1,82.0
20260726T165815Z,24.0,82.7
20260726T165830Z,24.1,83.1
20260726T165845Z,24.1,83.0
20260726T165900Z,24.1,83.6
20260726T165915Z,24.1,83.6
20260726T165930Z,24.1,84.0
20260726T165945Z,24.2,84.3
20260726T170000Z,24.2,84.8
20260726T170015Z,24.3,85.0
20260726T170030Z,24.3,85.4
20260726T170045Z,24.3,85.6
20260726T170100Z,24.4,85.9
20260726T170115Z,24.4,86.0
20260726T170130Z,24.5,86.4
20260726T170145Z,24.5,86.4
20260726T170200Z,24.5,86.9
20260726T170215Z,24.6,87.1
20260726T170230Z,24.6,87.2
20260726T170245Z,24.7,87.5
20260726T170300Z,24.7,87.7
20260726T170315Z,24.7,87.9
20260726T170330Z,24.8,88.3
20260726T170345Z,24.8,88.2
20260726T170400Z,24.9,88.5
20260726T170415Z,24.9,88.6
20260726T170430Z,24.9,88.7
20260726T170445Z,25.0,88.8
20260726T170500Z,25.0,89.0
20260726T170515Z,25.0,89.2
20260726T170530Z,25.1,89.3
20260726T170545Z,25.1,89.5
20260726T170600Z,25.1,89.7
20260726T170615Z,25.1,89.8
20260726T170630Z,25.2,89.9
20260726T170645Z,25.2,90.1
20260726T170700Z,25.2,90.3
20260726T170715Z,25.2,90.3
20260726T170730Z,25.3,90.4
20260726T170745Z,25.3,90.5
20260726T170800Z,25.3,90.6
20260726T170815Z,25.3,90.8
20260726T170830Z,25.4,90.8
20260726T170846Z,25.4,91.0
20260726T170901Z,25.4,91.1
20260726T170915Z,25.4,91.1
20260726T170930Z,25.4,91.3
20260726T170945Z,25.5,91.3
20260726T171000Z,25.5,91.4
20260726T171015Z,25.5,91.5
20260726T171030Z,25.5,91.1
20260726T171045Z,25.5,90.0
20260726T171100Z,25.5,89.1
20260726T171115Z,25.5,88.3
20260726T171130Z,25.4,87.3
20260726T171145Z,25.4,86.4
20260726T171200Z,25.3,85.6
20260726T171215Z,25.2,85.2
20260726T171230Z,25.2,84.4
20260726T171245Z,25.1,83.3
20260726T171300Z,25.0,82.6
20260726T171315Z,24.9,82.4
20260726T171330Z,24.8,81.6
20260726T171345Z,24.7,81.1
20260726T171400Z,24.6,81.1
20260726T171415Z,24.6,79.5
20260726T171430Z,24.5,79.4
20260726T171445Z,24.4,79.2
20260726T171500Z,24.4,78.7
20260726T171515Z,24.3,77.2
20260726T171530Z,24.3,78.5
20260726T171545Z,24.2,79.8
20260726T171600Z,24.2,81.3
20260726T171615Z,24.2,82.4
20260726T171630Z,24.2,83.0
20260726T171645Z,24.2,83.4
20260726T171700Z,24.2,83.5
20260726T171715Z,24.2,83.9
20260726T171730Z,24.2,84.0
20260726T171745Z,24.2,84.5
20260726T171800Z,24.3,85.1
20260726T171815Z,24.3,85.3
20260726T171830Z,24.3,85.4
20260726T171845Z,24.3,85.9
20260726T171900Z,24.4,86.3
20260726T171915Z,24.4,86.7
20260726T171930Z,24.5,86.7
20260726T171945Z,24.5,87.0
20260726T172000Z,24.5,87.0
20260726T172015Z,24.6,87.4
20260726T172030Z,24.6,87.8
20260726T172045Z,24.7,88.0
20260726T172100Z,24.7,88.2
20260726T172115Z,24.7,88.3
20260726T172130Z,24.8,88.5
20260726T172146Z,24.8,88.6
20260726T172200Z,24.8,88.9
20260726T172215Z,24.9,89.1
20260726T172230Z,24.9,89.2
20260726T172245Z,24.9,89.4
20260726T172300Z,24.9,89.6
20260726T172315Z,25.0,89.7
20260726T172330Z,25.0,89.8
20260726T172345Z,25.0,89.8
20260726T172400Z,25.1,90.1
20260726T172415Z,25.1,90.1
20260726T172430Z,25.1,90.4
20260726T172445Z,25.1,90.4
20260726T172500Z,25.2,90.5
20260726T172515Z,25.2,90.7
20260726T172530Z,25.2,90.7
20260726T172545Z,25.3,90.9
20260726T172600Z,25.3,90.8
20260726T172615Z,25.3,91.0
20260726T172630Z,25.3,91.1
20260726T172645Z,25.4,91.2
20260726T172700Z,25.4,91.2
20260726T172715Z,25.4,91.3
20260726T172730Z,25.4,91.4
20260726T172745Z,25.5,91.5
20260726T172800Z,25.5,91.5
20260726T172815Z,25.5,91.7
20260726T172830Z,25.5,91.7
20260726T172845Z,25.5,91.7
20260726T172900Z,25.5,91.2
20260726T172915Z,25.6,90.8
20260726T172930Z,25.5,89.5
20260726T172945Z,25.5,89.4
20260726T173000Z,25.5,88.8
20260726T173015Z,25.4,87.4
20260726T173030Z,25.4,86.9
20260726T173045Z,25.3,85.8
20260726T173100Z,25.3,84.9
20260726T173115Z,25.2,83.9
20260726T173130Z,25.1,83.5
20260726T173145Z,25.0,82.6
20260726T173200Z,24.9,81.9
20260726T173215Z,24.8,81.4
20260726T173230Z,24.6,80.8
20260726T173245Z,24.5,80.3
20260726T173300Z,24.4,79.8
20260726T173315Z,24.4,78.8
20260726T173330Z,24.3,78.6
20260726T173345Z,24.2,77.7
20260726T173400Z,24.1,78.2
20260726T173415Z,24.1,79.2
20260726T173430Z,24.0,80.7
20260726T173445Z,24.0,81.8
20260726T173500Z,24.1,82.6
20260726T173515Z,24.1,83.4
20260726T173530Z,24.1,83.5
20260726T173545Z,24.1,83.6
20260726T173600Z,24.2,83.8
20260726T173615Z,24.2,84.4
20260726T173630Z,24.2,84.6
20260726T173645Z,24.2,85.2
20260726T173700Z,24.3,85.4
20260726T173715Z,24.3,85.8
20260726T173730Z,24.4,86.1
20260726T173745Z,24.4,86.3
20260726T173800Z,24.4,86.5
20260726T173815Z,24.5,86.8
20260726T173830Z,24.5,86.9
20260726T173845Z,24.5,87.2
20260726T173900Z,24.6,87.5
20260726T173915Z,24.6,87.8
20260726T173930Z,24.7,88.0
20260726T173945Z,24.7,88.0
20260726T174000Z,24.8,88.4
20260726T174015Z,24.8,88.4
20260726T174030Z,24.8,88.8
20260726T174045Z,24.9,88.9
20260726T174100Z,24.9,89.0
20260726T174115Z,24.9,89.1
20260726T174130Z,24.9,89.3
20260726T174145Z,25.0,89.4
20260726T174200Z,25.0,89.4
20260726T174215Z,25.0,89.8
20260726T174230Z,25.1,89.9
20260726T174245Z,25.1,89.9
20260726T174300Z,25.1,90.0
20260726T174315Z,25.1,90.3
20260726T174330Z,25.2,90.4
20260726T174345Z,25.2,90.3
20260726T174400Z,25.2,90.5
20260726T174415Z,25.2,90.7
20260726T174430Z,25.3,90.6
20260726T174445Z,25.3,90.8
20260726T174500Z,25.3,91.0
20260726T174515Z,25.3,90.9
20260726T174530Z,25.3,91.1
20260726T174545Z,25.4,91.2
20260726T174600Z,25.4,91.1
20260726T174615Z,25.4,91.4
20260726T174630Z,25.4,91.4
20260726T174645Z,25.5,91.4
20260726T174700Z,25.5,91.5
20260726T174715Z,25.5,91.7
20260726T174730Z,25.5,91.6
20260726T174745Z,25.6,91.7
20260726T174800Z,25.6,91.1
20260726T174815Z,25.6,91.0
20260726T174830Z,25.6,89.2
20260726T174845Z,25.6,89.0
20260726T174900Z,25.5,87.3
20260726T174915Z,25.5,87.1
20260726T174930Z,25.4,86.0
20260726T174945Z,25.3,85.5
20260726T175000Z,25.2,84.0
20260726T175015Z,25.1,83.7
20260726T175030Z,25.0,83.9
20260726T175045Z,25.0,83.0
20260726T175100Z,24.9,82.7
20260726T175115Z,24.9,81.8
20260726T175130Z,24.8,80.7
20260726T175145Z,24.7,80.0
20260726T175200Z,24.7,79.6
20260726T175215Z,24.6,79.3
20260726T175230Z,24.5,78.0
20260726T175245Z,24.4,78.0
20260726T175300Z,24.4,78.8
20260726T175315Z,24.4,79.5
20260726T175330Z,24.4,81.4
20260726T175345Z,24.4,82.2
20260726T175400Z,24.3,82.9
20260726T175415Z,24.3,83.3
20260726T175430Z,24.3,83.3
20260726T175445Z,24.3,83.6
20260726T175500Z,24.3,84.0
20260726T175515Z,24.4,84.4
20260726T175530Z,24.4,84.8
20260726T175545Z,24.4,84.8
20260726T175600Z,24.4,85.4
20260726T175615Z,24.5,85.8
20260726T175630Z,24.5,86.0
20260726T175645Z,24.6,86.4
20260726T175700Z,24.6,86.7
20260726T175715Z,24.6,86.8
20260726T175730Z,24.7,87.1
20260726T175745Z,24.7,87.2
20260726T175800Z,24.7,87.6
20260726T175815Z,24.8,87.7
20260726T175830Z,24.8,87.9
20260726T175845Z,24.8,88.2
20260726T175900Z,24.9,88.3
20260726T175915Z,24.9,88.5
20260726T175930Z,24.9,88.6
20260726T175945Z,25.0,88.7
20260726T180000Z,25.0,88.9
20260726T180015Z,25.0,89.2
20260726T180030Z,25.0,89.2
20260726T180045Z,25.1,89.4
20260726T180100Z,25.1,89.7
20260726T180115Z,25.1,89.9
20260726T180130Z,25.1,89.9
20260726T180145Z,25.2,90.0
20260726T180200Z,25.2,90.2
20260726T180215Z,25.2,90.3
20260726T180230Z,25.2,90.3
20260726T180245Z,25.3,90.4
20260726T180300Z,25.3,90.6
20260726T180315Z,25.3,90.7
20260726T180330Z,25.3,90.9
20260726T180400Z,25.4,90.9
20260726T180415Z,25.4,91.0
20260726T180430Z,25.4,91.1
20260726T180445Z,25.4,91.3
20260726T180500Z,25.4,91.2
20260726T180515Z,25.5,91.5
20260726T180530Z,25.5,91.5
20260726T180545Z,25.5,91.5
20260726T180600Z,25.6,91.5
20260726T180615Z,25.6,91.6
20260726T180630Z,25.6,91.7
20260726T180645Z,25.6,91.0
20260726T180700Z,25.6,90.3
20260726T180715Z,25.6,89.4
20260726T180730Z,25.6,88.4
20260726T180745Z,25.5,87.4
20260726T180800Z,25.5,86.8
20260726T180815Z,25.4,86.0
20260726T180830Z,25.3,85.0
20260726T180845Z,25.2,84.9
20260726T180900Z,25.1,84.5
20260726T180915Z,25.1,83.2
20260726T180930Z,25.0,83.0
20260726T180945Z,24.9,81.6
20260726T181000Z,24.8,81.7
20260726T181015Z,24.7,80.6
20260726T181030Z,24.6,80.3
20260726T181045Z,24.5,79.8
20260726T181100Z,24.5,79.1
20260726T181115Z,24.4,78.8
20260726T181130Z,24.4,77.7
20260726T181145Z,24.3,78.1
20260726T181200Z,24.3,79.4
20260726T181215Z,24.2,80.6
20260726T181230Z,24.2,82.0
20260726T181245Z,24.2,82.4
20260726T181300Z,24.2,82.8
20260726T181315Z,24.2,83.4
20260726T181330Z,24.2,83.6
20260726T181345Z,24.2,83.8
20260726T181400Z,24.3,84.3
20260726T181415Z,24.3,84.7
20260726T181430Z,24.3,85.3
20260726T181445Z,24.3,85.4
20260726T181500Z,24.4,85.6
20260726T181515Z,24.4,86.0
20260726T181530Z,24.4,86.2
20260726T181545Z,24.5,86.6
20260726T181600Z,24.5,86.8
20260726T181615Z,24.6,87.0
20260726T181630Z,24.6,87.2
20260726T181645Z,24.6,87.2
20260726T181700Z,24.7,87.7
20260726T181715Z,24.7,87.5
20260726T181730Z,24.8,87.9
20260726T181745Z,24.8,88.2
20260726T181800Z,24.8,88.4
20260726T181815Z,24.9,88.5
20260726T181830Z,24.9,88.7
20260726T181845Z,24.9,88.7
20260726T181900Z,24.9,89.0
20260726T181915Z,25.0,89.2
20260726T181930Z,25.0,89.3
20260726T181945Z,25.0,89.5
20260726T182000Z,25.1,89.7
20260726T182015Z,25.1,89.8
20260726T182030Z,25.1,89.9
20260726T182045Z,25.1,90.0
20260726T182100Z,25.2,90.0
20260726T182115Z,25.2,90.3
20260726T182130Z,25.2,90.4
20260726T182145Z,25.2,90.5
20260726T182200Z,25.3,90.6
20260726T182215Z,25.3,90.7
20260726T182230Z,25.3,90.9
20260726T182245Z,25.3,90.9
20260726T182300Z,25.4,91.0
20260726T182315Z,25.4,91.0
20260726T182330Z,25.4,91.1
20260726T182345Z,25.4,91.3
20260726T182400Z,25.4,91.2
20260726T182415Z,25.4,91.2
20260726T182430Z,25.5,91.4
20260726T182445Z,25.5,91.6
20260726T182500Z,25.5,91.5
20260726T182515Z,25.5,91.7
20260726T182530Z,25.5,91.6
20260726T182545Z,25.6,91.2
20260726T182600Z,25.6,91.2
20260726T182615Z,25.6,90.0
20260726T182630Z,25.5,89.3
20260726T182645Z,25.5,87.9
20260726T182700Z,25.5,87.7
20260726T182715Z,25.4,86.5
20260726T182730Z,25.3,85.9
20260726T182745Z,25.2,84.9
20260726T182800Z,25.2,84.6
20260726T182815Z,25.1,83.4
20260726T182830Z,25.0,83.4
20260726T182845Z,24.9,82.8
20260726T182900Z,24.8,82.3
20260726T182915Z,24.8,81.3
20260726T182930Z,24.7,80.2
20260726T182945Z,24.6,79.5
20260726T183000Z,24.5,79.0
20260726T183015Z,24.5,78.5
20260726T183030Z,24.4,78.3
20260726T183045Z,24.3,79.1
20260726T183100Z,24.3,80.6
20260726T183115Z,24.3,81.7
20260726T183130Z,24.3,82.8
20260726T183145Z,24.2,83.3
20260726T183200Z,24.3,83.5
20260726T183215Z,24.3,83.9
20260726T183230Z,24.3,84.3
20260726T183245Z,24.3,84.3
20260726T183300Z,24.3,84.9
20260726T183315Z,24.4,85.2
20260726T183330Z,24.4,85.4
20260726T183345Z,24.4,85.7
20260726T183400Z,24.5,85.8
20260726T183415Z,24.5,86.4
20260726T183430Z,24.5,86.5
20260726T183445Z,24.6,86.8
20260726T183500Z,24.6,87.0
20260726T183515Z,24.6,87.5
20260726T183530Z,24.7,87.5
20260726T183546Z,24.7,87.8
20260726T183601Z,24.8,88.1
20260726T183615Z,24.8,87.9
20260726T183630Z,24.8,88.5
20260726T183645Z,24.8,88.6
20260726T183700Z,24.9,88.5
20260726T183715Z,24.9,88.8
20260726T183730Z,24.9,88.8
20260726T183745Z,25.0,89.1
20260726T183800Z,25.0,89.4
20260726T183815Z,25.0,89.4
20260726T183830Z,25.1,89.7
20260726T183845Z,25.1,89.7
20260726T183900Z,25.1,90.0
20260726T183915Z,25.1,90.2
20260726T183930Z,25.2,90.1
20260726T183945Z,25.2,90.5
20260726T184000Z,25.2,90.5
20260726T184015Z,25.2,90.8
20260726T184030Z,25.2,90.7
20260726T184045Z,25.3,90.9
20260726T184100Z,25.3,90.9
20260726T184115Z,25.3,91.2
20260726T184130Z,25.3,91.2
20260726T184145Z,25.3,91.3
20260726T184200Z,25.4,91.3
20260726T184215Z,25.4,91.5
20260726T184230Z,25.4,91.5
20260726T184245Z,25.4,91.6
20260726T184300Z,25.4,91.6
20260726T184315Z,25.5,91.7
20260726T184330Z,25.5,91.7
20260726T184345Z,25.5,91.8
20260726T184400Z,25.5,91.9
20260726T184415Z,25.5,91.9
20260726T184430Z,25.5,91.9
20260726T184445Z,25.6,91.6
20260726T184500Z,25.6,91.5
20260726T184515Z,25.6,89.8
20260726T184530Z,25.5,89.2
20260726T184545Z,25.5,88.0
20260726T184600Z,25.5,87.6
20260726T184615Z,25.4,86.9
20260726T184630Z,25.3,86.0
20260726T184645Z,25.2,85.4
20260726T184700Z,25.2,85.0
20260726T184715Z,25.1,84.5
20260726T184730Z,25.0,84.4
20260726T184745Z,25.0,82.4
20260726T184800Z,24.9,82.1
20260726T184815Z,24.8,81.8
20260726T184830Z,24.8,81.4
20260726T184845Z,24.7,80.2
20260726T184900Z,24.7,79.9
20260726T184915Z,24.6,79.3
20260726T184930Z,24.6,78.2
20260726T184945Z,24.5,78.6
20260726T185000Z,24.5,79.7
20260726T185015Z,24.5,80.9
20260726T185030Z,24.5,81.8
20260726T185045Z,24.4,83.1
20260726T185100Z,24.4,83.4
20260726T185115Z,24.4,83.6
20260726T185131Z,24.4,83.9
20260726T185145Z,24.4,84.3
20260726T185200Z,24.4,84.7
20260726T185215Z,24.4,85.1
20260726T185231Z,24.4,85.6
20260726T185245Z,24.4,86.0
20260726T185300Z,24.5,86.2
20260726T185315Z,24.5,86.4
20260726T185330Z,24.5,86.9
20260726T185345Z,24.6,86.7
20260726T185400Z,24.6,87.1
20260726T185415Z,24.6,87.5
20260726T185430Z,24.7,87.6
20260726T185445Z,24.7,87.8
20260726T185500Z,24.8,87.7
20260726T185515Z,24.8,88.1
20260726T185530Z,24.8,88.4
20260726T185545Z,24.9,88.4
20260726T185600Z,24.9,88.6
20260726T185615Z,24.9,88.9
20260726T185630Z,24.9,88.9
20260726T185645Z,25.0,89.4
20260726T185700Z,25.0,89.2
20260726T185715Z,25.0,89.4
20260726T185730Z,25.1,89.7
20260726T185746Z,25.1,89.9
20260726T185801Z,25.1,89.9
20260726T185815Z,25.1,90.0
20260726T185831Z,25.1,90.2
20260726T185846Z,25.2,90.3
20260726T185901Z,25.2,90.4
20260726T185915Z,25.2,90.6
20260726T185931Z,25.3,90.6
20260726T185945Z,25.3,90.7
20260726T190001Z,25.3,90.9
20260726T190015Z,25.3,91.1
20260726T190030Z,25.3,91.0
20260726T190045Z,25.3,91.3
20260726T190100Z,25.4,91.3
20260726T190115Z,25.4,91.5
20260726T190131Z,25.4,91.5
20260726T190146Z,25.4,91.5
20260726T190200Z,25.4,91.6
20260726T190216Z,25.5,91.7
20260726T190230Z,25.5,91.7
20260726T190245Z,25.5,91.8
20260726T190301Z,25.5,91.9
20260726T190316Z,25.6,92.0
20260726T190330Z,25.6,91.9
20260726T190345Z,25.6,92.0
20260726T190400Z,25.6,91.2
20260726T190416Z,25.6,91.5
20260726T190430Z,25.6,90.0
20260726T190446Z,25.6,89.8
20260726T190500Z,25.6,88.2
20260726T190516Z,25.5,87.7
20260726T190530Z,25.5,86.9
20260726T190546Z,25.4,85.6
20260726T190600Z,25.3,84.8
20260726T190616Z,25.2,84.0
20260726T190630Z,25.1,84.4
20260726T190645Z,25.0,83.0
20260726T190701Z,25.0,82.7
20260726T190715Z,24.9,82.6
20260726T190731Z,24.8,81.3
20260726T190745Z,24.8,81.5
20260726T190801Z,24.7,80.5
20260726T190816Z,24.7,79.3
20260726T190830Z,24.6,78.8
20260726T190845Z,24.6,78.2
20260726T190901Z,24.5,78.8
20260726T190915Z,24.5,80.1
20260726T190931Z,24.5,81.4
20260726T190945Z,24.5,82.2
20260726T191001Z,24.5,83.0
20260726T191016Z,24.5,83.3
20260726T191031Z,24.4,83.7
20260726T191045Z,24.4,83.9
20260726T191101Z,24.4,84.6
20260726T191115Z,24.5,84.8
20260726T191131Z,24.5,85.0
20260726T191145Z,24.5,85.5
20260726T191201Z,24.5,85.8
20260726T191215Z,24.5,86.2
20260726T191231Z,24.6,86.4
20260726T191245Z,24.6,86.6
20260726T191301Z,24.6,86.9
20260726T191315Z,24.7,87.2
20260726T191330Z,24.7,87.4
20260726T191345Z,24.7,87.5
20260726T191401Z,24.8,87.9
20260726T191415Z,24.8,88.2
20260726T191431Z,24.8,88.3
20260726T191445Z,24.8,88.3
20260726T191501Z,24.9,88.7
20260726T191515Z,24.9,88.9
20260726T191531Z,24.9,88.8
20260726T191545Z,25.0,89.1
20260726T191601Z,25.0,89.1
20260726T191615Z,25.0,89.5
20260726T191631Z,25.0,89.7
20260726T191646Z,25.1,89.8
20260726T191700Z,25.1,89.8
20260726T191716Z,25.1,90.0
20260726T191730Z,25.2,90.2
20260726T191746Z,25.2,90.2
20260726T191800Z,25.2,90.5
20260726T191816Z,25.2,90.4
20260726T191830Z,25.3,90.5
20260726T191846Z,25.3,90.6
20260726T191900Z,25.3,90.7
20260726T191916Z,25.3,91.0
20260726T191930Z,25.3,91.0
20260726T191945Z,25.4,91.1
20260726T192001Z,25.4,91.2
20260726T192015Z,25.4,91.2
20260726T192031Z,25.4,91.3
20260726T192046Z,25.4,91.5
20260726T192101Z,25.5,91.5
20260726T192115Z,25.5,91.6
20260726T192131Z,25.5,91.7
20260726T192146Z,25.5,91.7
20260726T192201Z,25.5,91.8
20260726T192215Z,25.5,91.8
20260726T192231Z,25.6,91.9
20260726T192246Z,25.6,92.0
20260726T192300Z,25.6,91.4
20260726T192316Z,25.6,91.5
20260726T192330Z,25.6,90.0
20260726T192346Z,25.6,89.5
20260726T192400Z,25.5,88.1
20260726T192416Z,25.5,87.7
20260726T192430Z,25.4,86.5
20260726T192446Z,25.3,86.3
20260726T192500Z,25.2,85.5
20260726T192516Z,25.2,84.9
20260726T192530Z,25.1,84.0
20260726T192546Z,25.0,83.1
20260726T192600Z,24.9,82.9
20260726T192616Z,24.9,82.5
20260726T192630Z,24.8,81.4
20260726T192645Z,24.7,81.2
20260726T192701Z,24.7,80.5
20260726T192715Z,24.6,79.8
20260726T192731Z,24.5,79.2
20260726T192745Z,24.5,77.7
20260726T192801Z,24.4,79.1
20260726T192815Z,24.4,80.4
20260726T192831Z,24.3,81.6
20260726T192845Z,24.3,82.6
20260726T192901Z,24.3,83.5
20260726T192915Z,24.3,84.2
20260726T192931Z,24.4,84.1
20260726T192945Z,24.4,84.4
20260726T193001Z,24.4,84.8
20260726T193015Z,24.4,84.9
20260726T193031Z,24.4,85.2
20260726T193045Z,24.4,85.6
20260726T193101Z,24.4,86.1
20260726T193115Z,24.5,86.3
20260726T193130Z,24.5,86.6
20260726T193146Z,24.5,86.9
20260726T193200Z,24.6,87.2
20260726T193216Z,24.6,87.5
20260726T193230Z,24.6,87.4
20260726T193245Z,24.7,87.8
20260726T193300Z,24.7,88.0
20260726T193316Z,24.7,88.3
20260726T193330Z,24.7,88.4
20260726T193346Z,24.8,88.6
20260726T193400Z,24.8,88.7
20260726T193416Z,24.9,88.9
20260726T193431Z,24.9,88.9
20260726T193445Z,24.9,89.3
20260726T193501Z,24.9,89.3
20260726T193515Z,25.0,89.4
20260726T193530Z,25.0,89.7
20260726T193544Z,25.0,89.9
20260726T193600Z,25.1,90.1
20260726T193616Z,25.1,90.2
20260726T193630Z,25.1,90.3
20260726T193646Z,25.1,90.5
20260726T193700Z,25.1,90.6
20260726T193716Z,25.2,90.7
20260726T193730Z,25.2,90.9
20260726T193746Z,25.2,91.1
20260726T193800Z,25.2,91.1
20260726T193816Z,25.2,91.3
20260726T193830Z,25.2,91.3
20260726T193846Z,25.3,91.6
20260726T193900Z,25.3,91.4
20260726T193916Z,25.3,91.6
20260726T193931Z,25.3,91.6
20260726T193946Z,25.4,91.7
20260726T194000Z,25.4,91.8
20260726T194016Z,25.4,91.9
20260726T194030Z,25.4,91.9
20260726T194046Z,25.4,92.0
20260726T194101Z,25.5,92.0
20260726T194115Z,25.5,92.1
20260726T194131Z,25.5,92.2
20260726T194145Z,25.5,92.3
20260726T194201Z,25.5,92.2
20260726T194215Z,25.5,92.2
20260726T194231Z,25.6,92.3
20260726T194245Z,25.6,91.8
20260726T194301Z,25.6,90.9
20260726T194315Z,25.6,90.2
20260726T194331Z,25.6,89.2
20260726T194345Z,25.5,88.4
20260726T194401Z,25.5,87.7
20260726T194415Z,25.4,86.5
20260726T194431Z,25.3,86.5
20260726T194445Z,25.2,85.4
20260726T194500Z,25.1,84.7
20260726T194515Z,25.1,84.3
20260726T194531Z,25.0,83.6
20260726T194545Z,24.9,83.3
20260726T194601Z,24.9,83.0
20260726T194615Z,24.9,81.4
20260726T194631Z,24.8,80.6
20260726T194645Z,24.7,79.9
20260726T194701Z,24.6,79.4
20260726T194715Z,24.6,78.7
20260726T194731Z,24.5,79.3
20260726T194745Z,24.5,80.5
20260726T194800Z,24.5,81.8
20260726T194816Z,24.5,82.7
20260726T194831Z,24.4,83.6
20260726T194846Z,24.4,84.0
20260726T194901Z,24.4,84.1
20260726T194915Z,24.4,84.6
20260726T194931Z,24.4,85.0
20260726T194945Z,24.4,85.3
20260726T195002Z,24.4,85.5
20260726T195016Z,24.4,86.0
20260726T195031Z,24.4,86.2
20260726T195045Z,24.5,86.3
20260726T195101Z,24.5,86.9
20260726T195115Z,24.5,86.8
20260726T195130Z,24.5,87.5
20260726T195146Z,24.6,87.7
20260726T195201Z,24.6,87.9
20260726T195215Z,24.6,88.1
20260726T195231Z,24.7,88.3
20260726T195245Z,24.7,88.7
20260726T195301Z,24.7,88.7
20260726T195315Z,24.8,88.9
20260726T195331Z,24.8,88.9
20260726T195345Z,24.8,89.2
20260726T195401Z,24.9,89.4
20260726T195416Z,24.9,89.6
20260726T195431Z,24.9,89.7
20260726T195446Z,24.9,89.7
20260726T195501Z,25.0,90.1
20260726T195515Z,25.0,90.3
20260726T195531Z,25.0,90.2
20260726T195545Z,25.0,90.3
20260726T195601Z,25.1,90.5
20260726T195615Z,25.1,90.6
20260726T195631Z,25.1,90.8
20260726T195645Z,25.1,90.9
20260726T195701Z,25.2,91.1
20260726T195715Z,25.2,91.1
20260726T195731Z,25.2,91.3
20260726T195746Z,25.2,91.4
20260726T195801Z,25.3,91.5
20260726T195816Z,25.3,91.6
20260726T195831Z,25.3,91.7
20260726T195846Z,25.3,91.8
20260726T195901Z,25.3,91.8
20260726T195916Z,25.3,92.0
20260726T195931Z,25.3,92.0
20260726T195946Z,25.4,92.0
20260726T200001Z,25.4,92.1
20260726T200016Z,25.4,92.2
20260726T200031Z,25.4,92.2
20260726T200046Z,25.5,92.3
20260726T200101Z,25.5,92.4
20260726T200116Z,25.5,92.4
20260726T200131Z,25.5,92.4
20260726T200146Z,25.6,92.5
20260726T200202Z,25.6,92.5
20260726T200216Z,25.6,92.5
20260726T200231Z,25.6,92.5
20260726T200246Z,25.6,91.7
20260726T200302Z,25.6,91.5
20260726T200316Z,25.6,90.5
20260726T200331Z,25.6,89.5
20260726T200346Z,25.5,88.6
20260726T200401Z,25.5,88.1
20260726T200416Z,25.4,86.7
20260726T200431Z,25.3,86.5
20260726T200446Z,25.2,85.6
20260726T200501Z,25.1,85.0
20260726T200516Z,25.0,84.1
20260726T200531Z,24.9,83.8
20260726T200546Z,24.8,83.3
20260726T200601Z,24.7,82.3
20260726T200616Z,24.6,81.7
20260726T200631Z,24.5,81.5
20260726T200646Z,24.5,81.0
20260726T200701Z,24.4,80.3
20260726T200716Z,24.4,79.3
20260726T200731Z,24.3,79.3
20260726T200746Z,24.3,80.7
20260726T200801Z,24.3,81.7
20260726T200816Z,24.3,83.2
20260726T200831Z,24.3,84.2
20260726T200846Z,24.3,84.7
20260726T200901Z,24.3,84.7
20260726T200916Z,24.3,84.9
20260726T200931Z,24.3,85.3
20260726T200946Z,24.3,85.7
20260726T201001Z,24.3,86.2
20260726T201016Z,24.3,86.3
20260726T201031Z,24.4,86.7
20260726T201046Z,24.4,87.1
20260726T201101Z,24.4,87.1
20260726T201116Z,24.5,87.7
20260726T201131Z,24.5,87.7
20260726T201146Z,24.5,88.0
20260726T201201Z,24.6,88.2
20260726T201216Z,24.6,88.2
20260726T201231Z,24.6,88.7
20260726T201246Z,24.7,88.9
20260726T201301Z,24.7,89.1
20260726T201316Z,24.7,89.2
20260726T201331Z,24.8,89.5
20260726T201346Z,24.8,89.5
20260726T201401Z,24.8,89.6
20260726T201416Z,24.8,89.9
20260726T201431Z,24.9,90.0
20260726T201446Z,24.9,90.1
20260726T201501Z,24.9,90.4
20260726T201516Z,25.0,90.5
20260726T201531Z,25.0,90.6
20260726T201546Z,25.0,90.8
20260726T201602Z,25.1,90.8
20260726T201616Z,25.1,90.9
20260726T201631Z,25.1,91.1
20260726T201646Z,25.1,91.2
20260726T201701Z,25.2,91.4
20260726T201716Z,25.2,91.5
20260726T201731Z,25.2,91.4
20260726T201746Z,25.2,91.7
20260726T201801Z,25.2,91.8
20260726T201816Z,25.3,91.9
20260726T201831Z,25.3,92.0
20260726T201846Z,25.3,92.2
20260726T201901Z,25.3,92.1
20260726T201916Z,25.3,92.2
20260726T201931Z,25.4,92.2
20260726T201946Z,25.4,92.3
20260726T202001Z,25.4,92.2
20260726T202016Z,25.4,92.5
20260726T202031Z,25.5,92.4
20260726T202046Z,25.5,92.5
20260726T202101Z,25.5,92.5
20260726T202116Z,25.5,92.5
20260726T202131Z,25.5,92.5
20260726T202146Z,25.5,92.6
20260726T202201Z,25.6,92.7
20260726T202216Z,25.6,92.5
20260726T202231Z,25.6,92.3
20260726T202246Z,25.6,90.9
20260726T202301Z,25.6,90.0
20260726T202316Z,25.5,89.2
20260726T202331Z,25.5,88.5
20260726T202346Z,25.4,87.7
20260726T202401Z,25.3,87.0
20260726T202416Z,25.3,86.4
20260726T202431Z,25.2,85.5
20260726T202446Z,25.1,85.4
20260726T202501Z,25.0,84.6
20260726T202516Z,25.0,84.0
20260726T202531Z,24.9,83.1
20260726T202546Z,24.8,82.6
20260726T202601Z,24.8,82.0
20260726T202616Z,24.7,81.1
20260726T202631Z,24.7,80.9
20260726T202646Z,24.6,80.6
20260726T202701Z,24.6,79.4
20260726T202716Z,24.6,79.4
20260726T202731Z,24.6,80.2
20260726T202746Z,24.6,81.7
20260726T202802Z,24.6,82.8
20260726T202816Z,24.5,83.7
20260726T202831Z,24.5,83.8
20260726T202846Z,24.5,83.9
20260726T202901Z,24.5,84.6
20260726T202916Z,24.5,84.9
20260726T202931Z,24.5,85.0
20260726T202946Z,24.5,85.7
20260726T203001Z,24.5,85.8
20260726T203016Z,24.5,86.4
20260726T203031Z,24.5,86.7
20260726T203046Z,24.6,86.8
20260726T203101Z,24.6,87.2
20260726T203116Z,24.6,87.5
20260726T203131Z,24.6,87.7
20260726T203146Z,24.7,88.1
20260726T203201Z,24.7,88.2
20260726T203216Z,24.7,88.4
20260726T203231Z,24.8,88.5
20260726T203246Z,24.8,88.7
20260726T203301Z,24.8,89.0
20260726T203316Z,24.9,89.2
20260726T203331Z,24.9,89.4
20260726T203346Z,24.9,89.4
20260726T203401Z,24.9,89.8
20260726T203416Z,25.0,89.8
20260726T203431Z,25.0,90.0
20260726T203446Z,25.0,90.0
20260726T203501Z,25.1,90.2
20260726T203516Z,25.1,90.2
20260726T203531Z,25.1,90.4
20260726T203546Z,25.1,90.6
20260726T203601Z,25.2,90.8
20260726T203616Z,25.2,90.9
20260726T203631Z,25.2,91.0
20260726T203646Z,25.2,91.2
20260726T203701Z,25.2,91.1
20260726T203716Z,25.2,91.3
20260726T203731Z,25.3,91.4
20260726T203746Z,25.3,91.6
20260726T203801Z,25.3,91.6
20260726T203816Z,25.3,91.7
20260726T203831Z,25.4,91.8
20260726T203846Z,25.4,91.9
20260726T203901Z,25.4,91.9
20260726T203916Z,25.4,92.0
20260726T203931Z,25.4,92.2
20260726T203946Z,25.4,92.2
20260726T204001Z,25.5,92.2
20260726T204016Z,25.5,92.3
20260726T204031Z,25.5,92.3
20260726T204046Z,25.5,92.4
20260726T204101Z,25.5,92.4
20260726T204116Z,25.5,92.4
20260726T204131Z,25.6,92.5
20260726T204146Z,25.6,92.5
20260726T204202Z,25.6,92.2
20260726T204216Z,25.6,92.1
20260726T204231Z,25.6,90.4
20260726T204246Z,25.6,89.9
20260726T204301Z,25.6,89.0
20260726T204316Z,25.5,88.1
20260726T204331Z,25.4,87.5
20260726T204346Z,25.3,86.2
20260726T204401Z,25.2,85.9
20260726T204416Z,25.2,85.3
20260726T204431Z,25.1,84.7
20260726T204446Z,24.9,84.0
20260726T204501Z,24.9,82.9
20260726T204516Z,24.8,82.8
20260726T204531Z,24.7,82.9
20260726T204546Z,24.6,82.5
20260726T204601Z,24.6,81.9
20260726T204616Z,24.5,80.7
20260726T204631Z,24.5,80.1
20260726T204646Z,24.4,79.4
20260726T204701Z,24.4,79.9
20260726T204716Z,24.4,81.5
20260726T204731Z,24.4,82.0
20260726T204746Z,24.3,83.2
20260726T204801Z,24.3,84.4
20260726T204816Z,24.3,84.5
20260726T204831Z,24.3,84.9
20260726T204846Z,24.3,85.1
20260726T204901Z,24.3,85.6
20260726T204916Z,24.3,85.8
20260726T204931Z,24.3,86.2
20260726T204946Z,24.4,86.6
20260726T205001Z,24.4,86.8
20260726T205016Z,24.4,87.0
20260726T205031Z,24.5,87.3
20260726T205046Z,24.5,87.4
20260726T205101Z,24.5,87.6
20260726T205116Z,24.6,87.7
20260726T205131Z,24.6,88.2
20260726T205146Z,24.6,88.3
20260726T205201Z,24.7,88.5
20260726T205216Z,24.7,88.7
20260726T205231Z,24.8,88.8
20260726T205246Z,24.8,89.2
20260726T205301Z,24.8,89.1
20260726T205316Z,24.9,89.5
20260726T205331Z,24.9,89.5
20260726T205346Z,24.9,89.9
20260726T205401Z,24.9,89.9
20260726T205416Z,25.0,90.1
20260726T205431Z,25.0,90.3
20260726T205446Z,25.0,90.4
20260726T205501Z,25.1,90.6
20260726T205516Z,25.1,90.7
20260726T205531Z,25.1,90.8
20260726T205546Z,25.1,91.0
20260726T205601Z,25.1,90.8
20260726T205616Z,25.2,91.0
20260726T205631Z,25.2,91.1
20260726T205646Z,25.2,91.3
20260726T205701Z,25.2,91.4
20260726T205716Z,25.3,91.3
20260726T205731Z,25.3,91.6
20260726T205746Z,25.3,91.6
20260726T205801Z,25.3,91.8
20260726T205816Z,25.3,91.8
20260726T205831Z,25.4,91.9
20260726T205846Z,25.4,92.0
20260726T205901Z,25.4,92.0
20260726T205916Z,25.4,92.1
20260726T205931Z,25.4,92.0
20260726T205946Z,25.5,92.3
20260726T210001Z,25.5,92.1
20260726T210016Z,25.5,92.2
20260726T210031Z,25.5,92.3
20260726T210046Z,25.5,92.3
20260726T210101Z,25.5,92.4
20260726T210116Z,25.6,92.4
20260726T210131Z,25.6,92.5
20260726T210146Z,25.6,92.5
20260726T210201Z,25.6,91.9
20260726T210216Z,25.6,92.1
20260726T210231Z,25.6,90.7
20260726T210246Z,25.6,89.8
20260726T210301Z,25.6,89.1
20260726T210316Z,25.5,88.0
20260726T210331Z,25.4,87.6
20260726T210346Z,25.4,86.5
20260726T210401Z,25.3,85.5
20260726T210416Z,25.2,85.7
20260726T210431Z,25.1,84.6
20260726T210446Z,25.0,83.7
20260726T210501Z,24.9,83.9
20260726T210516Z,24.8,83.8
20260726T210531Z,24.7,82.4
20260726T210546Z,24.7,81.5
20260726T210601Z,24.7,81.1
20260726T210616Z,24.6,80.3
20260726T210631Z,24.6,80.1
20260726T210646Z,24.5,79.2
20260726T210701Z,24.5,80.0
20260726T210716Z,24.5,81.1
20260726T210731Z,24.5,82.6
20260726T210746Z,24.4,83.9
20260726T210801Z,24.4,84.2
20260726T210816Z,24.4,84.2
20260726T210831Z,24.4,84.4
20260726T210846Z,24.4,84.9
20260726T210901Z,24.4,85.1
20260726T210916Z,24.4,85.7
20260726T210931Z,24.4,85.8
20260726T210946Z,24.5,86.0
20260726T211001Z,24.5,86.4
20260726T211016Z,24.5,86.8
20260726T211031Z,24.5,87.2
20260726T211046Z,24.6,87.2
20260726T211101Z,24.6,87.7
20260726T211116Z,24.6,87.7
20260726T211131Z,24.7,87.9
20260726T211146Z,24.7,88.3
20260726T211201Z,24.8,88.4
20260726T211216Z,24.8,88.4
20260726T211231Z,24.8,88.7
20260726T211246Z,24.9,88.9
20260726T211301Z,24.9,89.2
20260726T211316Z,24.9,89.3
20260726T211331Z,24.9,89.5
20260726T211346Z,25.0,89.6
20260726T211401Z,25.0,89.7
20260726T211416Z,25.0,89.8
20260726T211431Z,25.0,90.2
20260726T211446Z,25.0,90.2
20260726T211501Z,25.1,90.3
20260726T211516Z,25.1,90.5
20260726T211531Z,25.1,90.5
20260726T211546Z,25.2,90.8
20260726T211601Z,25.2,91.0
20260726T211616Z,25.2,91.1
20260726T211631Z,25.2,91.1
20260726T211646Z,25.2,91.2
20260726T211701Z,25.2,91.4
20260726T211716Z,25.3,91.4
20260726T211731Z,25.3,91.5
20260726T211746Z,25.3,91.6
20260726T211801Z,25.3,91.6
20260726T211816Z,25.3,91.7
20260726T211831Z,25.4,91.9
20260726T211846Z,25.4,91.9
20260726T211901Z,25.4,91.9
20260726T211916Z,25.4,92.1
20260726T211931Z,25.4,92.2
20260726T211946Z,25.5,92.1
20260726T212001Z,25.5,92.3
20260726T212016Z,25.5,92.3
20260726T212031Z,25.5,92.3
20260726T212046Z,25.5,92.4
20260726T212101Z,25.5,92.5
20260726T212116Z,25.6,92.6
20260726T212131Z,25.6,92.6
20260726T212146Z,25.6,92.7
20260726T212201Z,25.6,92.7
20260726T212216Z,25.6,91.9
20260726T212231Z,25.6,91.7
20260726T212246Z,25.6,90.3
20260726T212301Z,25.6,89.4
20260726T212316Z,25.5,88.6
20260726T212331Z,25.5,87.9
20260726T212346Z,25.4,86.7
20260726T212401Z,25.3,86.5
20260726T212416Z,25.2,85.9
20260726T212431Z,25.1,85.1
20260726T212446Z,25.1,84.8
20260726T212501Z,25.0,84.0
20260726T212516Z,24.9,83.1
20260726T212531Z,24.8,83.0
20260726T212546Z,24.7,82.7
20260726T212601Z,24.7,81.8
20260726T212616Z,24.6,80.8
20260726T212631Z,24.6,79.9
20260726T212646Z,24.5,79.4
20260726T212701Z,24.4,79.3
20260726T212716Z,24.3,80.6
20260726T212731Z,24.3,81.9
20260726T212746Z,24.3,83.1
20260726T212801Z,24.3,84.3
20260726T212816Z,24.3,84.8
20260726T212831Z,24.3,84.5
20260726T212846Z,24.3,85.1
20260726T212901Z,24.3,85.4
20260726T212916Z,24.3,85.8
20260726T212931Z,24.3,86.0
20260726T212946Z,24.3,86.3
20260726T213001Z,24.4,86.5
20260726T213016Z,24.4,86.7
20260726T213031Z,24.5,87.3
20260726T213046Z,24.5,87.6
20260726T213101Z,24.5,87.9
20260726T213116Z,24.5,88.0
20260726T213131Z,24.6,88.3
20260726T213146Z,24.6,88.3
20260726T213201Z,24.7,88.5
20260726T213216Z,24.7,88.7
20260726T213231Z,24.7,89.0
20260726T213246Z,24.8,89.2
20260726T213301Z,24.8,89.2
20260726T213316Z,24.8,89.4
20260726T213331Z,24.9,89.6
20260726T213346Z,24.9,89.8
20260726T213401Z,24.9,90.0
20260726T213416Z,24.9,90.2
20260726T213431Z,25.0,90.3
20260726T213446Z,25.0,90.4
20260726T213501Z,25.0,90.5
20260726T213516Z,25.1,90.7
20260726T213531Z,25.1,90.8
20260726T213546Z,25.1,90.9
20260726T213601Z,25.1,91.2
20260726T213616Z,25.1,91.3
20260726T213631Z,25.2,91.5
20260726T213646Z,25.2,91.6
20260726T213701Z,25.2,91.5
20260726T213716Z,25.2,91.6
20260726T213731Z,25.2,91.8
20260726T213746Z,25.3,91.7
20260726T213801Z,25.3,92.0
20260726T213816Z,25.3,92.0
20260726T213831Z,25.3,92.2
20260726T213846Z,25.3,92.2
20260726T213901Z,25.3,92.3
20260726T213916Z,25.4,92.4
20260726T213931Z,25.4,92.5
20260726T213946Z,25.4,92.4
20260726T214001Z,25.4,92.6
20260726T214016Z,25.4,92.5
20260726T214031Z,25.4,92.6
20260726T214046Z,25.5,92.7
20260726T214101Z,25.5,92.7
20260726T214116Z,25.5,92.9
20260726T214131Z,25.5,92.9
20260726T214146Z,25.6,93.0
20260726T214201Z,25.6,92.0
20260726T214216Z,25.5,91.9
20260726T214231Z,25.5,90.7
20260726T214246Z,25.5,89.9
20260726T214301Z,25.5,89.5
20260726T214316Z,25.4,88.1
20260726T214331Z,25.4,87.4
20260726T214346Z,25.3,86.9
20260726T214401Z,25.2,86.0
20260726T214416Z,25.1,85.0
20260726T214431Z,25.0,85.0
20260726T214446Z,24.9,83.9
20260726T214501Z,24.8,83.7
20260726T214516Z,24.8,83.4
20260726T214531Z,24.7,82.3
20260726T214546Z,24.7,82.4
20260726T214601Z,24.6,80.5
20260726T214616Z,24.5,80.4
20260726T214631Z,24.5,79.4
20260726T214646Z,24.4,79.6
20260726T214701Z,24.4,80.9
20260726T214716Z,24.3,81.3
20260726T214731Z,24.3,82.7
20260726T214746Z,24.3,83.8
20260726T214801Z,24.3,84.3
20260726T214816Z,24.3,84.4
20260726T214831Z,24.3,84.9
20260726T214846Z,24.4,85.0
20260726T214901Z,24.4,85.5
20260726T214916Z,24.4,85.9
20260726T214931Z,24.4,86.1
20260726T214946Z,24.4,86.4
20260726T215001Z,24.5,86.4
20260726T215016Z,24.5,87.0
20260726T215031Z,24.5,87.2
20260726T215046Z,24.6,87.4
20260726T215101Z,24.6,87.8
20260726T215116Z,24.6,87.8
20260726T215131Z,24.7,88.3
20260726T215146Z,24.7,88.4
20260726T215201Z,24.7,88.5
20260726T215216Z,24.8,88.9
20260726T215231Z,24.8,89.2
20260726T215246Z,24.8,89.1
20260726T215301Z,24.8,89.6
20260726T215316Z,24.9,89.6
20260726T215331Z,24.9,89.8
20260726T215346Z,24.9,90.0
20260726T215401Z,24.9,90.1
20260726T215416Z,25.0,90.3
20260726T215431Z,25.0,90.4
20260726T215446Z,25.0,90.7
20260726T215501Z,25.0,90.8
20260726T215516Z,25.1,90.8
20260726T215531Z,25.1,91.1
20260726T215546Z,25.1,91.1
20260726T215601Z,25.1,91.3
20260726T215616Z,25.1,91.5
20260726T215631Z,25.2,91.6
20260726T215646Z,25.2,91.8
20260726T215701Z,25.2,91.8
20260726T215716Z,25.2,91.8
20260726T215731Z,25.2,92.0
20260726T215746Z,25.3,92.1
20260726T215801Z,25.3,92.2
20260726T215816Z,25.3,92.2
20260726T215831Z,25.3,92.3
20260726T215846Z,25.4,92.3
20260726T215901Z,25.4,92.3
20260726T215916Z,25.4,92.5
20260726T215931Z,25.4,92.5
20260726T215946Z,25.4,92.5
20260726T220001Z,25.5,92.5
20260726T220016Z,25.5,92.7
20260726T220031Z,25.5,92.7
20260726T220046Z,25.5,92.8
20260726T220101Z,25.5,92.8
20260726T220116Z,25.5,92.9
20260726T220131Z,25.5,92.2
20260726T220146Z,25.5,91.7
20260726T220201Z,25.5,90.9
20260726T220216Z,25.5,90.4
20260726T220231Z,25.5,89.0
20260726T220246Z,25.4,88.0
20260726T220301Z,25.4,87.3
20260726T220316Z,25.3,86.3
20260726T220331Z,25.2,85.4
20260726T220346Z,25.1,85.0
20260726T220401Z,25.0,83.8
20260726T220416Z,24.9,83.5
20260726T220431Z,24.8,83.8
20260726T220446Z,24.8,82.7
20260726T220501Z,24.7,82.1
20260726T220516Z,24.6,82.0
20260726T220531Z,24.6,81.1
20260726T220546Z,24.5,80.2
20260726T220601Z,24.5,79.3
20260726T220616Z,24.4,80.6
20260726T220631Z,24.4,81.7
20260726T220646Z,24.3,83.2
20260726T220701Z,24.3,84.3
20260726T220716Z,24.3,84.7
20260726T220731Z,24.3,85.1
20260726T220746Z,24.3,85.2
20260726T220801Z,24.3,85.5
20260726T220816Z,24.3,86.2
20260726T220831Z,24.3,86.4
20260726T220846Z,24.4,86.6
20260726T220902Z,24.4,86.8
20260726T220917Z,24.4,86.9
20260726T220931Z,24.5,87.4
20260726T220946Z,24.5,87.5
20260726T221001Z,24.5,88.0
20260726T221016Z,24.6,88.1
20260726T221031Z,24.6,88.3
20260726T221046Z,24.6,88.4
20260726T221101Z,24.7,88.6
20260726T221116Z,24.7,88.9
20260726T221131Z,24.7,88.8
20260726T221146Z,24.8,88.9
20260726T221201Z,24.8,89.2
20260726T221216Z,24.9,89.4
20260726T221231Z,24.9,89.6
20260726T221246Z,24.9,89.8
20260726T221301Z,25.0,90.0
20260726T221316Z,25.0,90.0
20260726T221331Z,25.0,90.3
20260726T221346Z,25.0,90.3
20260726T221401Z,25.1,90.4
20260726T221416Z,25.1,90.6
20260726T221431Z,25.1,90.9
20260726T221446Z,25.1,91.0
20260726T221501Z,25.1,91.2
20260726T221516Z,25.1,91.3
20260726T221531Z,25.1,91.4
20260726T221546Z,25.2,91.5
20260726T221601Z,25.2,91.6
20260726T221616Z,25.2,91.7
20260726T221631Z,25.2,91.8
20260726T221646Z,25.3,91.9
20260726T221701Z,25.3,92.0
20260726T221716Z,25.3,92.1
20260726T221731Z,25.3,92.2
20260726T221746Z,25.3,92.2
20260726T221801Z,25.3,92.3
20260726T221816Z,25.4,92.4
20260726T221831Z,25.4,92.6
20260726T221846Z,25.4,92.7
20260726T221901Z,25.4,92.7
20260726T221916Z,25.4,92.7
20260726T221931Z,25.4,92.7
20260726T221946Z,25.4,92.8
20260726T222001Z,25.5,92.8
20260726T222016Z,25.5,92.9
20260726T222031Z,25.5,92.9
20260726T222046Z,25.5,92.6
20260726T222101Z,25.5,92.7
20260726T222116Z,25.5,91.4
20260726T222131Z,25.5,90.5
20260726T222146Z,25.5,89.9
20260726T222202Z,25.4,87.9
20260726T222217Z,25.4,87.5
20260726T222231Z,25.3,87.2
20260726T222246Z,25.2,85.9
20260726T222301Z,25.1,85.9
20260726T222316Z,25.0,85.2
20260726T222331Z,24.9,83.9
20260726T222346Z,24.8,83.6
20260726T222401Z,24.7,83.8
20260726T222416Z,24.7,82.4
20260726T222431Z,24.6,81.8
20260726T222446Z,24.5,81.3
20260726T222501Z,24.4,80.5
20260726T222516Z,24.3,80.1
20260726T222531Z,24.3,80.0
20260726T222546Z,24.3,80.5
20260726T222601Z,24.2,81.8
20260726T222616Z,24.2,82.9
20260726T222631Z,24.2,84.4
20260726T222646Z,24.2,84.8
20260726T222701Z,24.2,84.7
20260726T222716Z,24.2,84.9
20260726T222731Z,24.2,85.4
20260726T222746Z,24.2,85.6
20260726T222801Z,24.3,86.0
20260726T222816Z,24.3,86.7
20260726T222831Z,24.3,86.9
20260726T222846Z,24.4,87.1
20260726T222901Z,24.4,87.4
20260726T222916Z,24.4,87.7
20260726T222931Z,24.4,87.8
20260726T222946Z,24.5,88.3
20260726T223001Z,24.5,88.4
20260726T223016Z,24.5,88.6
20260726T223031Z,24.6,88.8
20260726T223046Z,24.6,89.1
20260726T223101Z,24.7,89.2
20260726T223116Z,24.7,89.5
20260726T223131Z,24.7,89.5
20260726T223147Z,24.8,89.7
20260726T223201Z,24.8,90.0
20260726T223216Z,24.8,90.1
20260726T223231Z,24.9,90.3
20260726T223246Z,24.9,90.4
20260726T223301Z,24.9,90.7
20260726T223316Z,24.9,90.8
20260726T223331Z,25.0,90.8
20260726T223346Z,25.0,91.1
20260726T223402Z,25.0,91.2
20260726T223417Z,25.0,91.2
20260726T223431Z,25.1,91.4
20260726T223446Z,25.1,91.6
20260726T223501Z,25.1,91.6
20260726T223516Z,25.1,91.7
20260726T223531Z,25.1,91.8
20260726T223546Z,25.2,92.0
20260726T223601Z,25.2,92.2
20260726T223616Z,25.2,92.2
20260726T223631Z,25.2,92.3
20260726T223646Z,25.3,92.1
20260726T223701Z,25.3,92.3
20260726T223716Z,25.3,92.3
20260726T223731Z,25.4,92.4
20260726T223746Z,25.4,92.4
20260726T223801Z,25.4,92.4
20260726T223816Z,25.4,92.5
20260726T223831Z,25.5,92.4
20260726T223846Z,25.5,92.5
20260726T223901Z,25.5,92.6
20260726T223916Z,25.5,92.6
20260726T223931Z,25.6,92.6
20260726T223946Z,25.6,92.3
20260726T224001Z,25.6,92.4
20260726T224016Z,25.5,90.9
20260726T224031Z,25.6,89.9
20260726T224046Z,25.5,90.3
20260726T224101Z,25.5,88.4
20260726T224116Z,25.4,87.4
20260726T224131Z,25.4,86.8
20260726T224146Z,25.3,86.1
20260726T224201Z,25.2,85.3
20260726T224216Z,25.2,84.2
20260726T224231Z,25.1,84.2
20260726T224246Z,25.0,84.2
20260726T224301Z,24.9,82.4
20260726T224316Z,24.8,82.3
20260726T224331Z,24.8,81.1
20260726T224346Z,24.7,80.5
20260726T224402Z,24.6,80.1
20260726T224416Z,24.5,79.7
20260726T224431Z,24.5,78.1
20260726T224446Z,24.4,79.2
20260726T224501Z,24.3,80.5
20260726T224516Z,24.3,81.7
20260726T224531Z,24.3,82.8
20260726T224546Z,24.2,83.9
20260726T224601Z,24.2,84.7
20260726T224616Z,24.2,84.9
20260726T224631Z,24.2,85.2
20260726T224646Z,24.2,85.3
20260726T224701Z,24.3,85.7
20260726T224716Z,24.3,86.1
20260726T224731Z,24.3,86.3
20260726T224746Z,24.3,86.6
20260726T224801Z,24.4,86.8
20260726T224816Z,24.4,87.3
20260726T224831Z,24.4,87.5
20260726T224846Z,24.5,87.9
20260726T224901Z,24.5,87.9
20260726T224916Z,24.6,88.1
20260726T224931Z,24.6,88.3
20260726T224946Z,24.6,88.5
20260726T225002Z,24.6,88.6
20260726T225016Z,24.7,89.1
20260726T225032Z,24.7,89.0
20260726T225046Z,24.8,89.2
20260726T225101Z,24.8,89.6
20260726T225116Z,24.8,89.7
20260726T225131Z,24.8,89.8
20260726T225146Z,24.8,90.0
20260726T225201Z,24.9,90.2
20260726T225216Z,24.9,90.3
20260726T225231Z,25.0,90.5
20260726T225246Z,25.0,90.6
20260726T225301Z,25.0,90.8
20260726T225316Z,25.0,90.8
20260726T225331Z,25.0,90.9
20260726T225347Z,25.1,91.0
20260726T225402Z,25.1,91.3
20260726T225416Z,25.1,91.3
20260726T225432Z,25.1,91.5
20260726T225446Z,25.2,91.7
20260726T225502Z,25.2,91.6
20260726T225516Z,25.2,91.9
20260726T225531Z,25.2,91.8
20260726T225546Z,25.2,92.0
20260726T225602Z,25.3,92.1
20260726T225617Z,25.3,92.2
20260726T225631Z,25.3,92.3
20260726T225647Z,25.3,92.4
20260726T225701Z,25.3,92.5
20260726T225717Z,25.3,92.5
20260726T225731Z,25.4,92.7
20260726T225747Z,25.4,92.6
20260726T225802Z,25.4,92.6
20260726T225816Z,25.4,92.8
20260726T225832Z,25.5,92.8
20260726T225846Z,25.5,92.8
20260726T225902Z,25.5,92.8
20260726T225916Z,25.5,92.3
20260726T225932Z,25.5,91.3
20260726T225946Z,25.5,90.4
20260726T230002Z,25.5,90.1
20260726T230016Z,25.4,89.1
20260726T230032Z,25.4,87.9
20260726T230046Z,25.3,87.7
20260726T230101Z,25.3,86.2
20260726T230117Z,25.2,85.0
20260726T230131Z,25.1,84.4
20260726T230147Z,25.0,83.7
20260726T230201Z,24.9,83.7
20260726T230217Z,24.8,82.9
20260726T230231Z,24.7,82.7
20260726T230247Z,24.6,81.7
20260726T230301Z,24.5,81.3
20260726T230317Z,24.4,81.4
20260726T230331Z,24.4,80.5
20260726T230347Z,24.3,80.1
20260726T230401Z,24.3,79.6
20260726T230417Z,24.3,80.8
20260726T230431Z,24.2,82.0
20260726T230447Z,24.2,83.5
20260726T230501Z,24.2,84.2
20260726T230517Z,24.2,84.8
20260726T230532Z,24.2,85.0
20260726T230546Z,24.3,85.2
20260726T230602Z,24.3,85.5
20260726T230616Z,24.3,85.8
20260726T230631Z,24.3,86.0
20260726T230647Z,24.3,86.3
20260726T230701Z,24.4,86.5
20260726T230717Z,24.4,87.0
20260726T230731Z,24.4,87.4
20260726T230747Z,24.5,87.8
20260726T230801Z,24.5,88.0
20260726T230817Z,24.5,88.2
20260726T230832Z,24.5,88.3
20260726T230846Z,24.6,88.7
20260726T230902Z,24.6,88.8
20260726T230916Z,24.6,88.9
20260726T230932Z,24.7,89.2
20260726T230947Z,24.7,89.5
20260726T231001Z,24.7,89.5
20260726T231017Z,24.8,89.6
20260726T231031Z,24.8,90.0
20260726T231047Z,24.8,90.3
20260726T231101Z,24.9,90.2
20260726T231117Z,24.9,90.3
20260726T231132Z,24.9,90.5
20260726T231146Z,25.0,90.7
20260726T231202Z,25.0,90.9
20260726T231216Z,25.0,90.9
20260726T231231Z,25.0,91.0
20260726T231246Z,25.1,91.2
20260726T231301Z,25.1,91.4
20260726T231317Z,25.1,91.5
20260726T231331Z,25.1,91.7
20260726T231347Z,25.1,91.8
20260726T231401Z,25.1,91.9
20260726T231417Z,25.2,92.0
20260726T231431Z,25.2,92.1
20260726T231446Z,25.2,92.2
20260726T231501Z,25.2,92.3
20260726T231517Z,25.2,92.5
20260726T231531Z,25.3,92.6
20260726T231547Z,25.3,92.7
20260726T231601Z,25.3,92.8
20260726T231617Z,25.3,92.9
20260726T231631Z,25.3,92.9
20260726T231647Z,25.4,92.9
20260726T231701Z,25.4,93.0
20260726T231717Z,25.4,93.0
20260726T231731Z,25.4,93.0
20260726T231747Z,25.4,93.0
20260726T231801Z,25.5,93.1
20260726T231817Z,25.5,92.4
20260726T231831Z,25.5,91.8
20260726T231847Z,25.5,90.8
20260726T231901Z,25.4,90.3
20260726T231917Z,25.4,88.9
20260726T231931Z,25.4,88.2
20260726T231947Z,25.3,87.4
20260726T232001Z,25.3,86.3
20260726T232017Z,25.2,85.6
20260726T232031Z,25.1,84.7
20260726T232047Z,25.0,84.4
20260726T232101Z,24.9,84.1
20260726T232116Z,24.8,83.8
20260726T232132Z,24.7,82.3
20260726T232146Z,24.7,81.7
20260726T232202Z,24.6,81.6
20260726T232216Z,24.5,81.1
20260726T232232Z,24.5,80.7
20260726T232246Z,24.4,79.7
20260726T232302Z,24.4,79.5
20260726T232316Z,24.3,80.9
20260726T232332Z,24.3,82.5
20260726T232346Z,24.3,83.3
20260726T232402Z,24.3,84.1
20260726T232416Z,24.3,84.5
20260726T232432Z,24.3,84.8
20260726T232446Z,24.3,84.9
20260726T232501Z,24.3,85.5
20260726T232517Z,24.3,85.6
20260726T232532Z,24.3,85.9
20260726T232546Z,24.3,86.4
20260726T232602Z,24.4,86.7
20260726T232616Z,24.4,87.0
20260726T232632Z,24.4,87.0
20260726T232646Z,24.5,87.5
20260726T232702Z,24.5,87.8
20260726T232716Z,24.5,88.0
20260726T232732Z,24.6,88.3
20260726T232746Z,24.6,88.6
20260726T232802Z,24.6,88.7
20260726T232816Z,24.6,89.0
20260726T232831Z,24.7,89.3
20260726T232847Z,24.7,89.3
20260726T232901Z,24.7,89.7
20260726T232917Z,24.8,90.0
20260726T232931Z,24.8,90.1
20260726T232947Z,24.8,90.1
20260726T233001Z,24.8,90.5
20260726T233017Z,24.8,90.6
20260726T233031Z,24.9,90.7
20260726T233047Z,24.9,90.8
20260726T233101Z,24.9,91.0
20260726T233117Z,25.0,91.2
20260726T233131Z,25.0,91.3
20260726T233146Z,25.0,91.5
20260726T233202Z,25.0,91.5
20260726T233216Z,25.1,91.7
20260726T233232Z,25.1,91.9
20260726T233246Z,25.1,92.1
20260726T233302Z,25.1,92.2
20260726T233316Z,25.1,92.2
20260726T233332Z,25.1,92.4
20260726T233346Z,25.1,92.5
20260726T233402Z,25.2,92.5
20260726T233416Z,25.2,92.6
20260726T233432Z,25.2,92.8
20260726T233447Z,25.2,92.8
20260726T233502Z,25.2,92.8
20260726T233516Z,25.3,92.9
20260726T233532Z,25.3,93.0
20260726T233546Z,25.3,93.1
20260726T233602Z,25.3,93.1
20260726T233616Z,25.3,93.1
20260726T233632Z,25.4,93.0
20260726T233646Z,25.4,92.7
20260726T233702Z,25.4,91.4
20260726T233716Z,25.4,90.5
20260726T233732Z,25.3,90.2
20260726T233746Z,25.3,88.9
20260726T233801Z,25.3,88.4
20260726T233816Z,25.2,87.4
20260726T233831Z,25.1,86.8
20260726T233847Z,25.1,85.4
20260726T233901Z,25.0,85.2
20260726T233917Z,24.9,84.1
20260726T233931Z,24.8,82.9
20260726T233946Z,24.7,82.7
20260726T234001Z,24.6,82.6
20260726T234017Z,24.6,81.9
20260726T234032Z,24.5,81.5
20260726T234047Z,24.4,80.3
20260726T234101Z,24.3,79.9
20260726T234117Z,24.2,78.8
20260726T234131Z,24.2,79.7
20260726T234147Z,24.1,81.0
20260726T234201Z,24.1,82.6
20260726T234217Z,24.1,83.6
20260726T234231Z,24.1,84.5
20260726T234247Z,24.1,84.6
20260726T234301Z,24.1,85.1
20260726T234317Z,24.1,85.3
20260726T234331Z,24.1,85.8
20260726T234347Z,24.2,86.0
20260726T234401Z,24.2,86.2
20260726T234417Z,24.2,86.6
20260726T234431Z,24.2,87.0
20260726T234446Z,24.3,87.2
20260726T234502Z,24.3,87.3
20260726T234516Z,24.4,87.6
20260726T234532Z,24.4,87.8
20260726T234546Z,24.5,88.0
20260726T234602Z,24.5,88.4
20260726T234617Z,24.5,88.3
20260726T234631Z,24.6,88.6
20260726T234647Z,24.6,88.8
20260726T234702Z,24.6,89.2
20260726T234716Z,24.7,89.4
20260726T234732Z,24.7,89.5
20260726T234746Z,24.7,89.7
20260726T234801Z,24.8,89.8
20260726T234816Z,24.8,90.0
20260726T234832Z,24.8,90.2
20260726T234846Z,24.9,90.4
20260726T234902Z,24.9,90.4
20260726T234916Z,24.9,90.7
20260726T234932Z,24.9,90.9
20260726T234947Z,25.0,91.1
20260726T235001Z,25.0,91.3
20260726T235017Z,25.0,91.4
20260726T235032Z,25.0,91.5
20260726T235047Z,25.0,91.6
20260726T235101Z,25.1,91.8
20260726T235117Z,25.1,91.8
20260726T235132Z,25.1,91.9
20260726T235146Z,25.1,92.1
20260726T235202Z,25.1,92.1
20260726T235216Z,25.2,92.2
20260726T235232Z,25.2,92.3
20260726T235247Z,25.2,92.3
20260726T235302Z,25.2,92.6
20260726T235317Z,25.3,92.6
20260726T235332Z,25.3,92.7
20260726T235347Z,25.3,92.6
20260726T235402Z,25.3,92.7
20260726T235417Z,25.3,92.8
20260726T235432Z,25.3,92.8
20260726T235447Z,25.4,93.0
20260726T235502Z,25.4,92.9
20260726T235517Z,25.4,93.1
20260726T235532Z,25.4,93.1
20260726T235547Z,25.4,93.2
20260726T235602Z,25.4,92.3
20260726T235617Z,25.4,92.1
20260726T235632Z,25.4,90.4
20260726T235647Z,25.4,90.6
20260726T235702Z,25.4,89.2
20260726T235717Z,25.3,88.2
20260726T235732Z,25.2,87.8
20260726T235747Z,25.2,86.8
20260726T235802Z,25.1,86.3
20260726T235817Z,25.0,85.5
20260726T235832Z,24.9,84.4
20260726T235847Z,24.8,84.3
20260726T235902Z,24.7,83.7
20260726T235917Z,24.6,83.2
20260726T235932Z,24.5,82.8
20260726T235947Z,24.5,81.6