Time,Temperature,Humidity
20260723T000013Z,27.6,92.9
20260723T000028Z,27.6,92.9
20260723T000043Z,27.6,92.9
20260723T000058Z,27.6,92.9
20260723T000113Z,27.6,92.8
20260723T000128Z,27.6,92.9
20260723T000143Z,27.6,92.8
20260723T000158Z,27.6,92.8
20260723T000213Z,27.6,92.8
20260723T000228Z,27.6,92.8
20260723T000243Z,27.6,92.8
20260723T000258Z,27.7,92.8
20260723T000313Z,27.7,92.8
20260723T000328Z,27.7,92.8
20260723T000343Z,27.7,92.7
20260723T000358Z,27.7,92.7
20260723T000413Z,27.7,92.7
20260723T000428Z,27.7,92.7
20260723T000443Z,27.7,92.7
20260723T000458Z,27.7,92.7
20260723T000513Z,27.7,92.6
20260723T000528Z,27.7,92.6
20260723T000543Z,27.7,91.9
20260723T000558Z,27.7,90.4
20260723T000613Z,27.6,89.2
20260723T000628Z,27.6,89.1
20260723T000643Z,27.5,88.9
20260723T000658Z,27.5,87.6
20260723T000713Z,27.4,88.0
20260723T000728Z,27.3,86.6
20260723T000743Z,27.3,85.5
20260723T000758Z,27.2,85.0
20260723T000813Z,27.2,84.9
20260723T000828Z,27.1,83.2
20260723T000843Z,27.0,82.6
20260723T000858Z,26.9,82.1
20260723T000913Z,26.9,81.6
20260723T000928Z,26.8,81.8
20260723T000943Z,26.7,80.8
20260723T000958Z,26.6,79.7
20260723T001013Z,26.5,79.1
20260723T001028Z,26.5,81.1
20260723T001043Z,26.4,83.1
20260723T001058Z,26.4,84.2
20260723T001113Z,26.4,84.8
20260723T001128Z,26.4,85.2
20260723T001143Z,26.4,85.6
20260723T001158Z,26.4,85.7
20260723T001213Z,26.4,85.9
20260723T001228Z,26.4,86.1
20260723T001243Z,26.4,86.4
20260723T001258Z,26.4,86.7
20260723T001313Z,26.4,86.6
20260723T001328Z,26.4,87.0
20260723T001343Z,26.4,87.1
20260723T001358Z,26.5,87.1
20260723T001413Z,26.5,87.4
20260723T001428Z,26.5,87.4
20260723T001443Z,26.5,88.1
20260723T001458Z,26.5,88.3
20260723T001513Z,26.5,88.2
20260723T001528Z,26.5,88.6
20260723T001543Z,26.5,88.8
20260723T001558Z,26.6,88.9
20260723T001613Z,26.6,89.2
20260723T001628Z,26.6,89.4
20260723T001643Z,26.6,89.5
20260723T001658Z,26.6,89.5
20260723T001713Z,26.6,89.7
20260723T001728Z,26.7,89.7
20260723T001743Z,26.7,90.1
20260723T001758Z,26.7,90.3
20260723T001813Z,26.7,90.4
20260723T001828Z,26.7,90.4
20260723T001843Z,26.7,90.6
20260723T001858Z,26.7,90.7
20260723T001913Z,26.8,91.0
20260723T001928Z,26.8,91.1
20260723T001944Z,26.8,91.2
20260723T001959Z,26.8,91.3
20260723T002013Z,26.8,91.5
20260723T002028Z,26.8,91.6
20260723T002043Z,26.8,91.7
20260723T002058Z,26.8,91.7
20260723T002113Z,26.8,91.8
20260723T002128Z,26.9,91.9
20260723T002143Z,26.9,92.1
20260723T002158Z,26.9,92.1
20260723T002213Z,26.9,92.3
20260723T002228Z,26.9,92.3
20260723T002243Z,26.9,92.4
20260723T002258Z,26.9,92.4
20260723T002313Z,26.9,92.6
20260723T002328Z,27.0,92.7
20260723T002343Z,27.0,92.8
20260723T002358Z,27.0,92.7
20260723T002413Z,27.0,92.9
20260723T002428Z,27.0,92.9
20260723T002443Z,27.0,93.0
20260723T002458Z,27.0,93.1
20260723T002513Z,27.0,93.1
20260723T002528Z,27.0,93.2
20260723T002543Z,27.1,93.3
20260723T002558Z,27.1,93.3
20260723T002613Z,27.1,93.4
20260723T002628Z,27.1,93.4
20260723T002643Z,27.1,93.5
20260723T002658Z,27.1,93.5
20260723T002713Z,27.1,93.5
20260723T002728Z,27.1,93.6
20260723T002743Z,27.1,93.6
20260723T002758Z,27.1,93.6
20260723T002813Z,27.1,93.7
20260723T002828Z,27.2,93.7
20260723T002843Z,27.1,93.8
20260723T002858Z,27.2,93.6
20260723T002913Z,27.2,93.7
20260723T002928Z,27.2,93.7
20260723T002943Z,27.2,93.7
20260723T002958Z,27.2,93.8
20260723T003013Z,27.2,93.7
20260723T003028Z,27.2,93.7
20260723T003043Z,27.2,93.7
20260723T003058Z,27.3,93.7
20260723T003113Z,27.3,93.7
20260723T003128Z,27.3,93.7
20260723T003143Z,27.3,93.6
20260723T003158Z,27.3,93.6
20260723T003213Z,27.3,93.6
20260723T003228Z,27.3,93.6
20260723T003243Z,27.3,93.7
20260723T003258Z,27.4,93.6
20260723T003313Z,27.4,93.6
20260723T003328Z,27.4,93.6
20260723T003343Z,27.4,93.6
20260723T003358Z,27.4,93.6
20260723T003413Z,27.4,93.5
20260723T003428Z,27.4,93.5
20260723T003443Z,27.4,93.5
20260723T003458Z,27.4,93.5
20260723T003513Z,27.5,93.5
20260723T003528Z,27.5,93.5
20260723T003543Z,27.5,93.5
20260723T003558Z,27.5,93.4
20260723T003613Z,27.5,93.4
20260723T003628Z,27.5,93.4
20260723T003643Z,27.5,93.4
20260723T003658Z,27.5,93.4
20260723T003713Z,27.5,93.3
20260723T003728Z,27.5,93.3
20260723T003743Z,27.5,93.4
20260723T003758Z,27.5,93.3
20260723T003813Z,27.6,93.3
20260723T003828Z,27.6,93.3
20260723T003843Z,27.6,93.2
20260723T003858Z,27.6,93.2
20260723T003913Z,27.6,93.2
20260723T003928Z,27.6,93.2
20260723T003943Z,27.6,93.2
20260723T003958Z,27.6,93.1
20260723T004013Z,27.6,93.1
20260723T004028Z,27.6,93.1
20260723T004043Z,27.6,93.1
20260723T004058Z,27.6,93.1
20260723T004113Z,27.7,93.1
20260723T004128Z,27.7,93.1
20260723T004143Z,27.7,93.0
20260723T004158Z,27.7,93.0
20260723T004213Z,27.7,93.0
20260723T004228Z,27.7,93.0
20260723T004243Z,27.7,92.9
20260723T004258Z,27.7,93.0
20260723T004313Z,27.7,93.0
20260723T004328Z,27.7,93.0
20260723T004343Z,27.7,93.0
20260723T004358Z,27.7,92.6
20260723T004413Z,27.7,92.6
20260723T004428Z,27.7,90.6
20260723T004443Z,27.6,89.7
20260723T004458Z,27.6,90.2
20260723T004513Z,27.5,89.6
20260723T004528Z,27.5,88.6
20260723T004543Z,27.5,87.6
20260723T004558Z,27.4,85.4
20260723T004613Z,27.4,85.3
20260723T004628Z,27.3,84.2
20260723T004643Z,27.2,83.3
20260723T004658Z,27.1,84.5
20260723T004713Z,27.0,83.0
20260723T004728Z,26.9,82.3
20260723T004743Z,26.8,82.3
20260723T004758Z,26.7,81.2
20260723T004813Z,26.6,82.3
20260723T004828Z,26.6,82.2
20260723T004843Z,26.5,80.1
20260723T004858Z,26.5,81.1
20260723T004913Z,26.5,83.8
20260723T004928Z,26.5,84.8
20260723T004943Z,26.5,85.4
20260723T004958Z,26.5,85.5
20260723T005013Z,26.5,85.4
20260723T005028Z,26.5,85.7
20260723T005043Z,26.5,86.3
20260723T005058Z,26.5,86.5
20260723T005113Z,26.5,86.8
20260723T005128Z,26.5,86.8
20260723T005143Z,26.5,87.2
20260723T005158Z,26.5,87.4
20260723T005213Z,26.5,87.0
20260723T005228Z,26.5,87.5
20260723T005243Z,26.5,88.1
20260723T005258Z,26.5,88.2
20260723T005313Z,26.5,88.3
20260723T005328Z,26.5,88.6
20260723T005343Z,26.6,88.8
20260723T005358Z,26.6,88.7
20260723T005413Z,26.6,89.0
20260723T005428Z,26.6,89.4
20260723T005443Z,26.6,89.4
20260723T005458Z,26.6,89.7
20260723T005513Z,26.6,89.7
20260723T005528Z,26.7,90.0
20260723T005543Z,26.7,90.1
20260723T005558Z,26.7,90.4
20260723T005613Z,26.7,90.3
20260723T005628Z,26.7,90.5
20260723T005643Z,26.7,90.7
20260723T005658Z,26.7,90.8
20260723T005713Z,26.8,90.8
20260723T005728Z,26.8,91.1
20260723T005743Z,26.8,91.2
20260723T005758Z,26.8,91.3
20260723T005813Z,26.8,91.5
20260723T005828Z,26.8,91.5
20260723T005843Z,26.8,91.7
20260723T005858Z,26.8,91.8
20260723T005913Z,26.9,91.9
20260723T005928Z,26.9,92.1
20260723T005943Z,26.9,92.1
20260723T005958Z,26.9,92.3
20260723T010013Z,26.9,92.4
20260723T010028Z,26.9,92.4
20260723T010043Z,26.9,92.6
20260723T010058Z,26.9,92.6
20260723T010113Z,26.9,92.7
20260723T010128Z,26.9,93.0
20260723T010143Z,26.9,93.0
20260723T010158Z,26.9,93.1
20260723T010213Z,26.9,93.1
20260723T010229Z,27.0,93.2
20260723T010243Z,27.0,93.3
20260723T010258Z,27.0,93.3
20260723T010313Z,27.0,93.5
20260723T010328Z,27.0,93.5
20260723T010343Z,27.0,93.5
20260723T010358Z,27.0,93.5
20260723T010413Z,27.0,93.6
20260723T010428Z,27.0,93.6
20260723T010443Z,27.1,93.7
20260723T010458Z,27.1,93.7
20260723T010513Z,27.1,93.8
20260723T010528Z,27.1,93.8
20260723T010543Z,27.1,93.8
20260723T010558Z,27.1,93.8
20260723T010613Z,27.1,93.8
20260723T010628Z,27.1,93.8
20260723T010643Z,27.1,93.9
20260723T010658Z,27.1,94.0
20260723T010713Z,27.2,94.0
20260723T010728Z,27.2,94.0
20260723T010743Z,27.2,94.0
20260723T010758Z,27.2,94.0
20260723T010813Z,27.2,94.1
20260723T010828Z,27.2,94.0
20260723T010844Z,27.2,94.0
20260723T010858Z,27.2,94.0
20260723T010913Z,27.2,94.0
20260723T010928Z,27.3,93.9
20260723T010943Z,27.3,94.0
20260723T010958Z,27.3,94.0
20260723T011013Z,27.3,94.0
20260723T011028Z,27.3,94.0
20260723T011043Z,27.3,94.0
20260723T011058Z,27.3,93.9
20260723T011113Z,27.3,93.9
20260723T011128Z,27.3,93.9
20260723T011143Z,27.3,93.9
20260723T011158Z,27.4,93.9
20260723T011213Z,27.4,93.8
20260723T011228Z,27.4,93.8
20260723T011243Z,27.4,93.8
20260723T011258Z,27.4,93.8
20260723T011313Z,27.4,93.8
20260723T011328Z,27.4,93.8
20260723T011343Z,27.4,93.7
20260723T011359Z,27.4,93.7
20260723T011413Z,27.4,93.7
20260723T011429Z,27.5,93.7
20260723T011443Z,27.5,93.7
20260723T011459Z,27.5,93.6
20260723T011513Z,27.5,93.6
20260723T011528Z,27.5,93.7
20260723T011543Z,27.5,93.6
20260723T011558Z,27.5,93.6
20260723T011613Z,27.5,93.5
20260723T011629Z,27.6,93.5
20260723T011643Z,27.6,93.5
20260723T011658Z,27.6,93.5
20260723T011713Z,27.6,93.5
20260723T011728Z,27.6,93.5
20260723T011743Z,27.6,93.5
20260723T011758Z,27.6,93.5
20260723T011813Z,27.6,93.5
20260723T011828Z,27.6,93.4
20260723T011843Z,27.6,93.4
20260723T011858Z,27.6,93.3
20260723T011913Z,27.6,93.4
20260723T011929Z,27.6,93.3
20260723T011943Z,27.6,93.3
20260723T011958Z,27.7,93.3
20260723T012013Z,27.7,93.3
20260723T012029Z,27.7,93.2
20260723T012043Z,27.7,93.3
20260723T012059Z,27.7,93.2
20260723T012113Z,27.7,93.2
20260723T012129Z,27.7,93.2
20260723T012143Z,27.7,92.4
20260723T012159Z,27.7,92.6
20260723T012213Z,27.7,91.1
20260723T012229Z,27.6,90.8
20260723T012243Z,27.6,89.8
20260723T012258Z,27.5,89.7
20260723T012314Z,27.5,87.7
20260723T012329Z,27.4,87.6
20260723T012344Z,27.4,86.0
20260723T012358Z,27.3,84.7
20260723T012414Z,27.2,84.3
20260723T012428Z,27.1,83.3
20260723T012443Z,27.0,83.1
20260723T012459Z,26.9,82.1
20260723T012513Z,26.8,81.6
20260723T012529Z,26.8,81.7
20260723T012543Z,26.7,80.5
20260723T012558Z,26.6,79.9
20260723T012613Z,26.5,78.6
20260723T012629Z,26.4,78.8
20260723T012644Z,26.4,80.4
20260723T012658Z,26.4,82.3
20260723T012714Z,26.4,84.2
20260723T012728Z,26.4,85.2
20260723T012744Z,26.4,85.9
20260723T012758Z,26.5,86.0
20260723T012814Z,26.5,85.8
20260723T012828Z,26.5,86.3
20260723T012844Z,26.5,86.4
20260723T012858Z,26.5,86.8
20260723T012913Z,26.5,87.0
20260723T012928Z,26.5,87.1
20260723T012944Z,26.5,87.3
20260723T012958Z,26.5,87.5
20260723T013014Z,26.5,87.7
20260723T013028Z,26.5,87.9
20260723T013043Z,26.5,88.2
20260723T013059Z,26.5,88.4
20260723T013113Z,26.5,88.5
20260723T013129Z,26.5,88.6
20260723T013143Z,26.5,88.9
20260723T013159Z,26.5,89.2
20260723T013213Z,26.6,89.2
20260723T013228Z,26.6,89.7
20260723T013243Z,26.6,89.6
20260723T013259Z,26.6,89.6
20260723T013314Z,26.6,90.0
20260723T013328Z,26.6,90.4
20260723T013344Z,26.6,90.5
20260723T013358Z,26.7,90.5
20260723T013414Z,26.7,90.5
20260723T013428Z,26.7,90.9
20260723T013444Z,26.7,91.1
20260723T013458Z,26.7,91.0
20260723T013514Z,26.7,91.1
20260723T013528Z,26.7,91.1
20260723T013544Z,26.8,91.3
20260723T013558Z,26.8,91.5
20260723T013614Z,26.8,91.7
20260723T013628Z,26.8,91.7
20260723T013644Z,26.8,91.9
20260723T013658Z,26.8,92.1
20260723T013714Z,26.8,92.1
20260723T013728Z,26.9,92.2
20260723T013744Z,26.9,92.3
20260723T013758Z,26.9,92.4
20260723T013814Z,26.9,92.5
20260723T013829Z,26.9,92.7
20260723T013843Z,26.9,92.7
20260723T013859Z,26.9,92.8
20260723T013914Z,26.9,92.9
20260723T013928Z,26.9,92.8
20260723T013945Z,26.9,93.1
20260723T013959Z,27.0,93.0
20260723T014014Z,27.0,93.1
20260723T014028Z,27.0,93.3
20260723T014045Z,27.0,93.3
20260723T014059Z,27.0,93.3
20260723T014114Z,27.0,93.4
20260723T014128Z,27.0,93.5
20260723T014143Z,27.0,93.6
20260723T014158Z,27.0,93.7
20260723T014214Z,27.1,93.7
20260723T014228Z,27.1,93.7
20260723T014245Z,27.1,93.7
20260723T014259Z,27.1,93.8
20260723T014314Z,27.1,93.8
20260723T014328Z,27.1,93.9
20260723T014344Z,27.1,93.9
20260723T014358Z,27.1,94.0
20260723T014414Z,27.1,94.0
20260723T014428Z,27.2,94.0
20260723T014444Z,27.2,94.0
20260723T014459Z,27.2,94.0
20260723T014513Z,27.2,94.0
20260723T014528Z,27.2,94.0
20260723T014543Z,27.2,94.0
20260723T014559Z,27.2,94.1
20260723T014613Z,27.2,94.1
20260723T014629Z,27.2,94.1
20260723T014643Z,27.3,94.0
20260723T014659Z,27.3,94.0
20260723T014713Z,27.3,94.0
20260723T014729Z,27.3,94.0
20260723T014743Z,27.3,94.0
20260723T014759Z,27.3,94.0
20260723T014813Z,27.3,94.0
20260723T014829Z,27.3,94.1
20260723T014844Z,27.3,94.1
20260723T014858Z,27.3,94.0
20260723T014914Z,27.4,94.0
20260723T014928Z,27.4,93.9
20260723T014943Z,27.4,94.0
20260723T014959Z,27.4,94.0
20260723T015013Z,27.4,93.4
20260723T015029Z,27.4,93.6
20260723T015043Z,27.4,91.9
20260723T015059Z,27.3,91.6
20260723T015113Z,27.3,90.8
20260723T015128Z,27.3,89.8
20260723T015144Z,27.2,89.4
20260723T015158Z,27.1,88.0
20260723T015214Z,27.0,87.4
20260723T015228Z,26.9,86.6
20260723T015244Z,26.8,86.4
20260723T015258Z,26.6,85.0
20260723T015314Z,26.5,84.6
20260723T015328Z,26.4,84.3
20260723T015343Z,26.3,84.1
20260723T015359Z,26.2,83.8
20260723T015413Z,26.2,83.1
20260723T015429Z,26.1,82.7
20260723T015443Z,26.0,83.3
20260723T015459Z,26.0,82.4
20260723T015513Z,26.0,81.7
20260723T015529Z,26.0,79.6
20260723T015543Z,25.9,79.1
20260723T015559Z,25.9,78.4
20260723T015614Z,25.8,78.8
20260723T015628Z,25.8,78.2
20260723T015644Z,25.8,77.1
20260723T015658Z,25.7,77.0
20260723T015714Z,25.7,78.7
20260723T015728Z,25.7,80.5
20260723T015744Z,25.7,81.7
20260723T015759Z,25.7,81.7
20260723T015813Z,25.7,82.2
20260723T015829Z,25.7,82.7
20260723T015843Z,25.7,83.0
20260723T015859Z,25.7,83.5
20260723T015913Z,25.7,83.8
20260723T015929Z,25.7,84.0
20260723T015943Z,25.7,84.8
20260723T015959Z,25.8,85.1
20260723T020013Z,25.8,85.3
20260723T020029Z,25.8,85.8
20260723T020043Z,25.8,86.2
20260723T020059Z,25.8,86.5
20260723T020113Z,25.8,86.6
20260723T020128Z,25.9,86.9
20260723T020144Z,25.9,87.2
20260723T020159Z,25.9,87.6
20260723T020213Z,26.0,87.5
20260723T020229Z,26.0,87.8
20260723T020244Z,26.0,88.4
20260723T020258Z,26.0,88.7
20260723T020314Z,26.0,89.0
20260723T020328Z,26.1,89.2
20260723T020344Z,26.1,89.3
20260723T020358Z,26.1,89.6
20260723T020414Z,26.1,89.7
20260723T020428Z,26.1,89.9
20260723T020444Z,26.2,90.1
20260723T020459Z,26.2,90.4
20260723T020514Z,26.2,90.5
20260723T020528Z,26.3,90.8
20260723T020544Z,26.3,90.9
20260723T020558Z,26.3,91.0
20260723T020614Z,26.3,91.1
20260723T020628Z,26.3,91.4
20260723T020644Z,26.3,91.5
20260723T020658Z,26.4,91.5
20260723T020714Z,26.4,91.8
20260723T020729Z,26.4,91.9
20260723T020744Z,26.4,92.1
20260723T020759Z,26.5,92.2
20260723T020814Z,26.5,92.3
20260723T020828Z,26.5,92.4
20260723T020843Z,26.5,92.5
20260723T020859Z,26.5,92.6
20260723T020913Z,26.5,92.4
20260723T020928Z,26.5,92.2
20260723T020944Z,26.5,90.8
20260723T020958Z,26.5,90.0
20260723T021013Z,26.5,88.8
20260723T021029Z,26.5,88.3
20260723T021044Z,26.4,87.3
20260723T021059Z,26.4,86.2
20260723T021114Z,26.3,85.7
20260723T021129Z,26.2,84.9
20260723T021143Z,26.1,84.1
20260723T021159Z,26.1,83.8
20260723T021213Z,26.0,83.1
20260723T021229Z,25.9,82.9
20260723T021243Z,25.8,82.0
20260723T021259Z,25.7,81.5
20260723T021313Z,25.7,81.0
20260723T021329Z,25.7,80.5
20260723T021344Z,25.6,79.6
20260723T021359Z,25.6,79.4
20260723T021414Z,25.6,78.4
20260723T021428Z,25.6,78.4
20260723T021444Z,25.6,79.5
20260723T021458Z,25.6,81.3
20260723T021514Z,25.6,82.6
20260723T021528Z,25.6,83.1
20260723T021544Z,25.6,83.4
20260723T021558Z,25.6,83.7
20260723T021614Z,25.6,83.8
20260723T021628Z,25.6,84.4
20260723T021644Z,25.6,84.5
20260723T021659Z,25.6,85.0
20260723T021714Z,25.6,85.1
20260723T021729Z,25.6,85.4
20260723T021744Z,25.7,85.8
20260723T021759Z,25.7,86.1
20260723T021814Z,25.7,86.3
20260723T021829Z,25.7,86.8
20260723T021844Z,25.8,87.1
20260723T021859Z,25.8,87.4
20260723T021914Z,25.8,87.7
20260723T021929Z,25.8,88.1
20260723T021943Z,25.8,88.2
20260723T021959Z,25.9,88.5
20260723T022014Z,25.9,88.6
20260723T022029Z,25.9,88.9
20260723T022044Z,25.9,89.3
20260723T022059Z,26.0,89.4
20260723T022114Z,26.0,89.5
20260723T022129Z,26.0,89.6
20260723T022144Z,26.0,90.1
20260723T022159Z,26.0,90.2
20260723T022214Z,26.1,90.5
20260723T022229Z,26.1,90.6
20260723T022244Z,26.1,90.7
20260723T022259Z,26.1,90.9
20260723T022314Z,26.1,91.1
20260723T022329Z,26.2,91.2
20260723T022344Z,26.2,91.3
20260723T022359Z,26.2,91.5
20260723T022414Z,26.2,91.7
20260723T022429Z,26.2,91.8
20260723T022444Z,26.3,91.9
20260723T022459Z,26.3,92.0
20260723T022514Z,26.3,92.1
20260723T022529Z,26.3,92.2
20260723T022544Z,26.3,92.4
20260723T022559Z,26.4,92.5
20260723T022614Z,26.4,92.5
20260723T022629Z,26.4,92.6
20260723T022644Z,26.4,92.7
20260723T022659Z,26.4,92.7
20260723T022714Z,26.4,92.7
20260723T022729Z,26.5,92.9
20260723T022745Z,26.5,93.0
20260723T022759Z,26.5,93.0
20260723T022814Z,26.5,93.0
20260723T022829Z,26.5,92.6
20260723T022844Z,26.5,92.7
20260723T022859Z,26.5,91.0
20260723T022914Z,26.5,90.5
20260723T022929Z,26.5,90.0
20260723T022944Z,26.4,88.7
20260723T022959Z,26.4,87.6
20260723T023014Z,26.3,86.9
20260723T023029Z,26.2,86.2
20260723T023044Z,26.2,85.5
20260723T023059Z,26.1,84.9
20260723T023114Z,26.0,84.7
20260723T023129Z,25.9,83.4
20260723T023144Z,25.9,83.5
20260723T023159Z,25.8,83.3
20260723T023214Z,25.8,81.2
20260723T023229Z,25.8,81.1
20260723T023244Z,25.7,80.1
20260723T023259Z,25.7,79.4
20260723T023314Z,25.6,79.2
20260723T023329Z,25.6,78.2
20260723T023344Z,25.6,79.9
20260723T023359Z,25.5,81.4
20260723T023414Z,25.5,83.1
20260723T023429Z,25.5,83.5
20260723T023444Z,25.5,84.2
20260723T023459Z,25.5,84.1
20260723T023514Z,25.5,84.9
20260723T023529Z,25.5,85.5
20260723T023545Z,25.5,85.5
20260723T023559Z,25.5,85.9
20260723T023614Z,25.5,86.4
20260723T023629Z,25.6,86.8
20260723T023644Z,25.6,86.9
20260723T023659Z,25.6,87.3
20260723T023714Z,25.7,87.6
20260723T023729Z,25.7,87.8
20260723T023744Z,25.7,88.3
20260723T023759Z,25.8,88.5
20260723T023814Z,25.8,88.8
20260723T023829Z,25.8,88.9
20260723T023844Z,25.9,89.2
20260723T023859Z,25.9,89.4
20260723T023914Z,25.9,89.6
20260723T023929Z,25.9,89.8
20260723T023945Z,26.0,90.0
20260723T023959Z,26.0,90.2
20260723T024014Z,26.0,90.4
20260723T024029Z,26.1,90.5
20260723T024044Z,26.1,90.6
20260723T024059Z,26.1,90.9
20260723T024114Z,26.1,91.1
20260723T024129Z,26.2,91.2
20260723T024144Z,26.2,91.2
20260723T024159Z,26.2,91.5
20260723T024214Z,26.2,91.6
20260723T024229Z,26.3,91.8
20260723T024244Z,26.3,91.8
20260723T024259Z,26.3,91.9
20260723T024314Z,26.3,92.1
20260723T024329Z,26.4,92.1
20260723T024344Z,26.4,92.2
20260723T024359Z,26.4,92.3
20260723T024414Z,26.4,92.4
20260723T024429Z,26.5,92.6
20260723T024444Z,26.5,92.6
20260723T024459Z,26.5,92.6
20260723T024514Z,26.5,92.6
20260723T024529Z,26.5,92.2
20260723T024544Z,26.5,90.3
20260723T024559Z,26.5,89.5
20260723T024614Z,26.5,89.1
20260723T024629Z,26.4,88.3
20260723T024644Z,26.4,87.3
20260723T024659Z,26.3,87.0
20260723T024714Z,26.2,86.1
20260723T024729Z,26.2,85.5
20260723T024744Z,26.1,85.1
20260723T024759Z,26.1,84.0
20260723T024814Z,26.0,83.1
20260723T024829Z,25.9,82.2
20260723T024844Z,25.8,82.3
20260723T024859Z,25.8,81.3
20260723T024914Z,25.7,80.8
20260723T024929Z,25.6,80.3
20260723T024944Z,25.5,79.7
20260723T024959Z,25.5,79.2
20260723T025014Z,25.4,78.8
20260723T025029Z,25.4,78.6
20260723T025044Z,25.3,77.5
20260723T025059Z,25.3,76.7
20260723T025114Z,25.3,75.7
20260723T025129Z,25.2,75.5
20260723T025144Z,25.2,76.6
20260723T025159Z,25.2,78.4
20260723T025214Z,25.2,80.4
20260723T025229Z,25.2,81.0
20260723T025244Z,25.2,81.3
20260723T025259Z,25.2,81.7
20260723T025314Z,25.3,82.2
20260723T025329Z,25.3,82.6
20260723T025344Z,25.3,83.0
20260723T025359Z,25.3,83.4
20260723T025414Z,25.3,83.9
20260723T025429Z,25.4,84.5
20260723T025444Z,25.4,84.8
20260723T025459Z,25.4,85.2
20260723T025514Z,25.5,85.4
20260723T025529Z,25.5,85.6
20260723T025544Z,25.5,86.1
20260723T025559Z,25.6,86.3
20260723T025614Z,25.6,86.8
20260723T025629Z,25.6,87.0
20260723T025644Z,25.7,87.2
20260723T025659Z,25.7,87.5
20260723T025714Z,25.8,87.8
20260723T025729Z,25.8,88.1
20260723T025744Z,25.8,88.3
20260723T025759Z,25.9,88.5
20260723T025814Z,25.9,88.7
20260723T025829Z,25.9,88.8
20260723T025844Z,26.0,89.2
20260723T025859Z,26.0,89.2
20260723T025914Z,26.0,89.4
20260723T025929Z,26.0,89.6
20260723T025944Z,26.1,89.7
20260723T025959Z,26.1,89.9
20260723T030014Z,26.1,90.1
20260723T030029Z,26.1,90.1
20260723T030044Z,26.2,90.4
20260723T030059Z,26.2,90.5
20260723T030114Z,26.2,90.6
20260723T030129Z,26.2,90.7
20260723T030144Z,26.3,90.9
20260723T030159Z,26.3,91.0
20260723T030214Z,26.3,91.1
20260723T030229Z,26.3,91.3
20260723T030244Z,26.4,91.3
20260723T030259Z,26.4,91.5
20260723T030314Z,26.4,91.5
20260723T030329Z,26.4,91.6
20260723T030344Z,26.5,91.6
20260723T030359Z,26.5,91.2
20260723T030414Z,26.5,89.3
20260723T030429Z,26.4,88.8
20260723T030444Z,26.4,88.1
20260723T030459Z,26.4,87.0
20260723T030514Z,26.3,86.5
20260723T030529Z,26.3,85.6
20260723T030544Z,26.2,85.3
20260723T030559Z,26.1,85.2
20260723T030614Z,26.1,84.1
20260723T030629Z,26.0,83.2
20260723T030644Z,25.9,81.9
20260723T030659Z,25.9,81.8
20260723T030714Z,25.8,80.9
20260723T030729Z,25.7,80.4
20260723T030744Z,25.7,80.6
20260723T030759Z,25.6,79.6
20260723T030814Z,25.6,78.8
20260723T030829Z,25.6,77.4
20260723T030844Z,25.5,77.2
20260723T030859Z,25.5,76.4
20260723T030914Z,25.5,75.9
20260723T030929Z,25.5,75.7
20260723T030944Z,25.4,76.4
20260723T030959Z,25.4,78.4
20260723T031014Z,25.4,79.8
20260723T031029Z,25.4,80.8
20260723T031045Z,25.4,81.3
20260723T031059Z,25.4,81.6
20260723T031114Z,25.4,81.8
20260723T031129Z,25.4,82.4
20260723T031144Z,25.4,82.6
20260723T031159Z,25.4,83.2
20260723T031214Z,25.4,83.6
20260723T031229Z,25.4,83.9
20260723T031244Z,25.4,84.3
20260723T031259Z,25.5,84.8
20260723T031314Z,25.5,85.2
20260723T031329Z,25.5,85.4
20260723T031344Z,25.5,85.8
20260723T031359Z,25.6,86.0
20260723T031414Z,25.6,86.4
20260723T031429Z,25.6,86.8
20260723T031444Z,25.6,87.1
20260723T031459Z,25.7,87.3
20260723T031514Z,25.7,87.7
20260723T031529Z,25.7,87.8
20260723T031544Z,25.8,88.2
20260723T031559Z,25.8,88.4
20260723T031614Z,25.8,88.4
20260723T031629Z,25.8,89.0
20260723T031644Z,25.8,89.1
20260723T031659Z,25.9,89.1
20260723T031714Z,25.9,89.5
20260723T031729Z,25.9,89.5
20260723T031744Z,25.9,89.7
20260723T031759Z,26.0,89.8
20260723T031814Z,26.0,90.1
20260723T031829Z,26.0,90.2
20260723T031844Z,26.1,90.2
20260723T031859Z,26.1,90.4
20260723T031914Z,26.1,90.6
20260723T031929Z,26.1,90.6
20260723T031944Z,26.1,90.8
20260723T031959Z,26.2,90.9
20260723T032014Z,26.2,91.0
20260723T032029Z,26.2,91.2
20260723T032044Z,26.2,91.4
20260723T032059Z,26.3,91.3
20260723T032114Z,26.3,91.4
20260723T032129Z,26.3,91.6
20260723T032144Z,26.3,91.6
20260723T032159Z,26.4,91.7
20260723T032214Z,26.4,91.7
20260723T032229Z,26.4,91.8
20260723T032245Z,26.5,91.4
20260723T032300Z,26.5,91.4
20260723T032314Z,26.5,89.4
20260723T032329Z,26.5,89.0
20260723T032344Z,26.5,88.5
20260723T032359Z,26.4,87.2
20260723T032414Z,26.4,86.6
20260723T032429Z,26.3,85.9
20260723T032444Z,26.2,84.8
20260723T032459Z,26.2,84.3
20260723T032514Z,26.1,84.1
20260723T032529Z,26.1,83.4
20260723T032544Z,26.0,82.8
20260723T032559Z,25.9,81.6
20260723T032614Z,25.9,80.6
20260723T032629Z,25.8,80.5
20260723T032644Z,25.8,79.7
20260723T032659Z,25.7,79.3
20260723T032714Z,25.6,78.7
20260723T032729Z,25.6,78.6
20260723T032744Z,25.6,78.8
20260723T032759Z,25.5,80.7
20260723T032814Z,25.5,82.2
20260723T032829Z,25.5,83.2
20260723T032844Z,25.5,83.6
20260723T032859Z,25.5,83.8
20260723T032914Z,25.5,84.3
20260723T032929Z,25.5,84.7
20260723T032944Z,25.5,85.0
20260723T032959Z,25.5,85.5
20260723T033014Z,25.5,85.8
20260723T033029Z,25.5,86.2
20260723T033044Z,25.5,86.5
20260723T033059Z,25.6,86.7
20260723T033114Z,25.6,87.2
20260723T033129Z,25.6,87.3
20260723T033144Z,25.6,87.7
20260723T033159Z,25.6,88.0
20260723T033214Z,25.7,88.1
20260723T033229Z,25.7,88.4
20260723T033244Z,25.7,88.7
20260723T033259Z,25.7,88.8
20260723T033314Z,25.8,89.1
20260723T033329Z,25.8,89.5
20260723T033344Z,25.8,89.6
20260723T033359Z,25.9,89.8
20260723T033414Z,25.9,89.9
20260723T033429Z,25.9,90.1
20260723T033444Z,25.9,90.2
20260723T033459Z,26.0,90.4
20260723T033514Z,26.0,90.5
20260723T033529Z,26.0,90.8
20260723T033544Z,26.0,90.7
20260723T033559Z,26.1,90.9
20260723T033614Z,26.1,91.1
20260723T033629Z,26.1,91.3
20260723T033644Z,26.1,91.3
20260723T033659Z,26.2,91.4
20260723T033714Z,26.2,91.4
20260723T033729Z,26.2,91.6
20260723T033744Z,26.2,91.7
20260723T033759Z,26.2,91.9
20260723T033814Z,26.3,91.8
20260723T033829Z,26.3,92.0
20260723T033844Z,26.3,92.0
20260723T033859Z,26.3,92.1
20260723T033914Z,26.4,92.2
20260723T033929Z,26.4,92.2
20260723T033944Z,26.4,92.2
20260723T033959Z,26.4,92.4
20260723T034014Z,26.4,92.4
20260723T034029Z,26.4,92.3
20260723T034044Z,26.5,92.5
20260723T034059Z,26.5,92.5
20260723T034114Z,26.5,92.5
20260723T034129Z,26.5,92.7
20260723T034144Z,26.5,92.6
20260723T034159Z,26.6,92.8
20260723T034214Z,26.6,92.8
20260723T034229Z,26.6,92.8
20260723T034244Z,26.6,92.9
20260723T034259Z,26.6,92.8
20260723T034314Z,26.6,92.9
20260723T034329Z,26.7,92.9
20260723T034344Z,26.7,92.9
20260723T034359Z,26.7,93.0
20260723T034414Z,26.7,93.0
20260723T034429Z,26.7,93.0
20260723T034444Z,26.7,93.0
20260723T034459Z,26.7,93.0
20260723T034514Z,26.8,93.0
20260723T034529Z,26.8,93.1
20260723T034544Z,26.8,93.1
20260723T034559Z,26.8,93.1
20260723T034614Z,26.8,93.1
20260723T034629Z,26.9,93.1
20260723T034644Z,26.9,93.2
20260723T034659Z,26.9,93.1
20260723T034714Z,26.9,93.1
20260723T034729Z,26.9,93.1
20260723T034744Z,26.9,93.2
20260723T034759Z,26.9,93.1
20260723T034814Z,26.9,93.1
20260723T034829Z,27.0,93.1
20260723T034844Z,27.0,93.2
20260723T034859Z,27.0,93.1
20260723T034914Z,27.0,93.1
20260723T034929Z,27.0,93.1
20260723T034944Z,27.0,93.1
20260723T034959Z,27.0,93.0
20260723T035014Z,27.0,93.1
20260723T035029Z,27.1,93.1
20260723T035044Z,27.1,93.0
20260723T035059Z,27.1,93.1
20260723T035114Z,27.1,93.0
20260723T035129Z,27.1,93.0
20260723T035144Z,27.1,93.0
20260723T035159Z,27.1,93.0
20260723T035214Z,27.2,93.0
20260723T035229Z,27.2,93.0
20260723T035244Z,27.2,92.9
20260723T035259Z,27.2,92.9
20260723T035314Z,27.2,92.9
20260723T035329Z,27.2,92.9
20260723T035344Z,27.2,92.9
20260723T035359Z,27.2,92.8
20260723T035414Z,27.3,92.8
20260723T035429Z,27.3,92.7
20260723T035444Z,27.3,92.8
20260723T035459Z,27.2,92.8
20260723T035514Z,27.3,92.8
20260723T035529Z,27.3,92.7
20260723T035544Z,27.3,92.7
20260723T035559Z,27.3,92.7
20260723T035614Z,27.3,92.7
20260723T035629Z,27.3,92.7
20260723T035644Z,27.3,92.7
20260723T035659Z,27.3,92.6
20260723T035714Z,27.4,92.6
20260723T035729Z,27.4,92.6
20260723T035744Z,27.4,92.5
20260723T035759Z,27.4,92.6
20260723T035814Z,27.4,92.6
20260723T035829Z,27.4,92.6
20260723T035844Z,27.4,92.5
20260723T035859Z,27.4,92.5
20260723T035914Z,27.4,92.4
20260723T035929Z,27.4,92.4
20260723T035944Z,27.4,92.4
20260723T035959Z,27.5,92.4
20260723T040014Z,27.5,92.4
20260723T040029Z,27.5,92.4
20260723T040044Z,27.5,92.4
20260723T040059Z,27.5,92.3
20260723T040114Z,27.5,92.3
20260723T040129Z,27.5,92.3
20260723T040144Z,27.5,92.3
20260723T040159Z,27.5,92.3
20260723T040214Z,27.5,92.3
20260723T040229Z,27.5,92.2
20260723T040244Z,27.5,92.3
20260723T040259Z,27.5,92.2
20260723T040314Z,27.5,92.2
20260723T040329Z,27.6,92.2
20260723T040344Z,27.5,92.2
20260723T040359Z,27.5,92.2
20260723T040414Z,27.6,92.2
20260723T040429Z,27.6,92.1
20260723T040444Z,27.6,92.1
20260723T040459Z,27.6,92.1
20260723T040514Z,27.6,92.1
20260723T040529Z,27.6,92.0
20260723T040544Z,27.6,92.1
20260723T040559Z,27.6,92.0
20260723T040614Z,27.6,92.0
20260723T040629Z,27.6,92.0
20260723T040645Z,27.6,92.0
20260723T040700Z,27.6,92.0
20260723T040714Z,27.6,92.0
20260723T040729Z,27.6,91.7
20260723T040745Z,27.6,90.2
20260723T040759Z,27.6,89.6
20260723T040814Z,27.5,89.0
20260723T040829Z,27.4,88.4
20260723T040844Z,27.3,87.5
20260723T040859Z,27.2,87.0
20260723T040914Z,27.1,86.7
20260723T040929Z,27.0,85.7
20260723T040944Z,26.9,85.0
20260723T040959Z,26.7,85.0
20260723T041014Z,26.6,84.3
20260723T041029Z,26.5,83.8
20260723T041044Z,26.4,84.3
20260723T041059Z,26.4,83.7
20260723T041114Z,26.3,83.4
20260723T041129Z,26.2,81.9
20260723T041144Z,26.1,81.2
20260723T041159Z,26.0,80.6
20260723T041214Z,25.9,81.5
20260723T041229Z,25.8,83.2
20260723T041244Z,25.8,85.2
20260723T041259Z,25.8,85.9
20260723T041314Z,25.8,86.7
20260723T041329Z,25.8,86.8
20260723T041344Z,25.8,87.1
20260723T041359Z,25.8,87.6
20260723T041414Z,25.9,87.9
20260723T041429Z,25.9,88.1
20260723T041444Z,25.9,88.6
20260723T041459Z,26.0,88.8
20260723T041514Z,26.0,88.9
20260723T041529Z,26.0,89.3
20260723T041544Z,26.1,89.6
20260723T041559Z,26.1,89.8
20260723T041614Z,26.1,90.0
20260723T041629Z,26.2,90.2
20260723T041644Z,26.2,90.3
20260723T041659Z,26.2,90.5
20260723T041714Z,26.3,90.7
20260723T041729Z,26.3,91.0
20260723T041744Z,26.3,91.0
20260723T041759Z,26.4,91.2
20260723T041814Z,26.4,91.2
20260723T041829Z,26.4,90.6
20260723T041844Z,26.4,90.7
20260723T041859Z,26.4,88.7
20260723T041914Z,26.4,87.9
20260723T041929Z,26.4,87.6
20260723T041945Z,26.4,86.8
20260723T042000Z,26.3,86.2
20260723T042014Z,26.3,85.6
20260723T042029Z,26.2,84.8
20260723T042044Z,26.1,84.2
20260723T042059Z,26.1,84.0
20260723T042114Z,26.0,83.0
20260723T042129Z,26.0,82.5
20260723T042144Z,25.9,82.4
20260723T042159Z,25.9,81.8
20260723T042214Z,25.8,80.2
20260723T042229Z,25.8,79.8
20260723T042244Z,25.7,79.0
20260723T042259Z,25.6,78.7
20260723T042314Z,25.6,78.2
20260723T042329Z,25.5,77.6
20260723T042344Z,25.5,77.0
20260723T042359Z,25.5,76.5
20260723T042414Z,25.4,75.6
20260723T042429Z,25.4,75.3
20260723T042444Z,25.4,74.9
20260723T042459Z,25.3,74.7
20260723T042514Z,25.3,73.9
20260723T042529Z,25.3,73.3
20260723T042544Z,25.3,72.6
20260723T042559Z,25.3,71.9
20260723T042614Z,25.2,71.3
20260723T042629Z,25.2,71.1
20260723T042644Z,25.2,70.5
20260723T042659Z,25.1,70.1
20260723T042714Z,25.1,69.9
20260723T042729Z,25.1,68.8
20260723T042744Z,25.0,68.5
20260723T042759Z,25.0,68.7
20260723T042814Z,25.0,68.9
20260723T042829Z,24.9,68.2
20260723T042844Z,24.9,67.5
20260723T042859Z,24.9,67.2
20260723T042914Z,24.9,69.5
20260723T042929Z,24.9,71.4
20260723T042944Z,24.9,73.5
20260723T042959Z,24.9,74.1
20260723T043014Z,25.0,74.7
20260723T043029Z,25.0,75.5
20260723T043044Z,25.0,76.1
20260723T043059Z,25.0,76.6
20260723T043114Z,25.0,77.1
20260723T043129Z,25.0,77.4
20260723T043144Z,25.1,77.9
20260723T043159Z,25.1,78.3
20260723T043214Z,25.1,78.8
20260723T043229Z,25.1,79.4
20260723T043244Z,25.2,80.0
20260723T043259Z,25.2,80.5
20260723T043314Z,25.2,80.8
20260723T043329Z,25.3,81.0
20260723T043344Z,25.3,82.0
20260723T043359Z,25.3,82.2
20260723T043414Z,25.4,82.9
20260723T043429Z,25.4,83.1
20260723T043444Z,25.4,83.4
20260723T043459Z,25.5,83.7
20260723T043514Z,25.5,84.1
20260723T043529Z,25.5,84.4
20260723T043544Z,25.6,83.8
20260723T043559Z,25.6,84.2
20260723T043614Z,25.6,82.7
20260723T043629Z,25.6,82.2
20260723T043644Z,25.6,81.2
20260723T043659Z,25.6,80.6
20260723T043714Z,25.5,80.0
20260723T043729Z,25.5,79.5
20260723T043744Z,25.4,78.3
20260723T043759Z,25.4,78.0
20260723T043814Z,25.3,77.4
20260723T043829Z,25.2,77.0
20260723T043844Z,25.2,77.2
20260723T043859Z,25.2,76.3
20260723T043914Z,25.2,75.5
20260723T043929Z,25.2,75.1
20260723T043944Z,25.2,74.1
20260723T043959Z,25.1,73.3
20260723T044014Z,25.1,72.8
20260723T044029Z,25.1,72.1
20260723T044045Z,25.0,71.7
20260723T044100Z,25.0,71.4
20260723T044114Z,25.0,70.6
20260723T044129Z,24.9,70.5
20260723T044144Z,24.9,69.5
20260723T044159Z,24.9,69.1
20260723T044214Z,24.8,68.7
20260723T044229Z,24.8,69.2
20260723T044244Z,24.8,71.2
20260723T044259Z,24.8,73.6
20260723T044314Z,24.8,75.3
20260723T044329Z,24.8,75.7
20260723T044345Z,24.8,76.3
20260723T044400Z,24.8,76.9
20260723T044414Z,24.8,76.9
20260723T044429Z,24.8,77.7
20260723T044444Z,24.9,77.4
20260723T044459Z,24.9,78.3
20260723T044514Z,24.9,78.5
20260723T044529Z,25.0,78.4
20260723T044544Z,25.0,79.1
20260723T044559Z,25.1,79.9
20260723T044614Z,25.1,80.3
20260723T044629Z,25.1,80.6
20260723T044644Z,25.1,81.2
20260723T044659Z,25.2,81.7
20260723T044714Z,25.2,81.8
20260723T044729Z,25.2,82.2
20260723T044744Z,25.3,83.0
20260723T044759Z,25.3,83.3
20260723T044814Z,25.4,83.7
20260723T044829Z,25.4,84.0
20260723T044844Z,25.4,84.0
20260723T044859Z,25.5,84.7
20260723T044914Z,25.5,84.8
20260723T044929Z,25.5,85.2
20260723T044944Z,25.6,84.7
20260723T044959Z,25.6,84.2
20260723T045014Z,25.6,82.7
20260723T045029Z,25.6,82.5
20260723T045044Z,25.6,82.0
20260723T045908Z,24.8,75.5
20260723T045922Z,24.8,76.2
20260723T045937Z,24.8,76.6
20260723T045952Z,24.8,77.3
20260723T050006Z,24.9,77.6
20260723T050022Z,24.9,78.4
20260723T050037Z,24.9,78.5
20260723T050052Z,24.9,79.2
20260723T050107Z,25.0,79.8
20260723T050122Z,25.0,80.4
20260723T050137Z,25.0,80.6
20260723T050152Z,25.1,80.9
20260723T050207Z,25.1,81.4
20260723T050222Z,25.1,81.9
20260723T050237Z,25.2,82.2
20260723T050252Z,25.2,82.7
20260723T050307Z,25.2,83.1
20260723T050322Z,25.3,83.5
20260723T050337Z,25.3,83.7
20260723T050352Z,25.3,84.1
20260723T050407Z,25.4,84.1
20260723T050422Z,25.4,84.6
20260723T050437Z,25.5,84.9
20260723T050452Z,25.5,85.3
20260723T050507Z,25.5,84.4
20260723T050522Z,25.5,83.8
20260723T050537Z,25.5,82.7
20260723T050552Z,25.5,82.8
20260723T050607Z,25.5,81.7
20260723T050622Z,25.5,81.4
20260723T050637Z,25.4,80.2
20260723T050652Z,25.4,79.8
20260723T050707Z,25.4,79.0
20260723T050722Z,25.4,78.4
20260723T050737Z,25.3,78.0
20260723T050752Z,25.3,77.0
20260723T050807Z,25.2,76.6
20260723T050822Z,25.2,76.1
20260723T050837Z,25.2,75.3
20260723T050852Z,25.1,74.8
20260723T050907Z,25.1,74.3
20260723T050922Z,25.1,74.0
20260723T050937Z,25.0,73.5
20260723T050952Z,25.0,72.6
20260723T051007Z,25.0,71.7
20260723T051022Z,25.0,71.2
20260723T051037Z,25.0,70.9
20260723T051052Z,24.9,70.7
20260723T051107Z,24.9,70.1
20260723T051122Z,24.9,69.4
20260723T051137Z,24.9,68.8
20260723T051152Z,24.9,68.3
20260723T051207Z,24.8,67.4
20260723T051222Z,24.8,67.4
20260723T051237Z,24.8,67.9
20260723T051252Z,24.7,69.8
20260723T051307Z,24.8,71.6
20260723T051322Z,24.8,73.4
20260723T051337Z,24.8,73.8
20260723T051352Z,24.7,74.6
20260723T051407Z,24.8,75.2
20260723T051422Z,24.8,75.5
20260723T051437Z,24.8,76.2
20260723T051452Z,24.8,76.9
20260723T051507Z,24.9,77.3
20260723T051522Z,24.9,77.8
20260723T051537Z,24.9,78.4
20260723T051552Z,24.9,78.9
20260723T051607Z,24.9,79.2
20260723T051622Z,25.0,79.6
20260723T051637Z,25.0,80.2
20260723T051652Z,25.0,80.5
20260723T051707Z,25.0,81.0
20260723T051722Z,25.1,81.5
20260723T051737Z,25.1,81.7
20260723T051752Z,25.1,82.3
20260723T051807Z,25.2,82.5
20260723T051822Z,25.2,82.8
20260723T051837Z,25.3,83.4
20260723T051852Z,25.3,83.6
20260723T051907Z,25.3,83.9
20260723T051922Z,25.3,84.3
20260723T051937Z,25.4,84.6
20260723T051952Z,25.4,84.8
20260723T052007Z,25.4,85.1
20260723T052022Z,25.5,85.4
20260723T052037Z,25.5,85.6
20260723T052052Z,25.5,85.9
20260723T052107Z,25.6,86.1
20260723T052122Z,25.6,86.1
20260723T052137Z,25.6,86.4
20260723T052152Z,25.7,86.5
20260723T052207Z,25.7,86.7
20260723T052222Z,25.7,87.0
20260723T052237Z,25.7,87.3
20260723T052252Z,25.8,87.5
20260723T052307Z,25.8,87.6
20260723T052322Z,25.8,87.8
20260723T052337Z,25.9,87.9
20260723T052352Z,25.9,88.1
20260723T052407Z,25.9,88.2
20260723T052422Z,25.9,88.4
20260723T052437Z,26.0,88.6
20260723T052452Z,26.0,88.6
20260723T052507Z,26.0,88.8
20260723T052522Z,26.1,89.0
20260723T052537Z,26.1,89.0
20260723T052552Z,26.1,89.4
20260723T052607Z,26.2,89.4
20260723T052622Z,26.2,89.4
20260723T052637Z,26.2,89.7
20260723T052652Z,26.2,89.9
20260723T052707Z,26.3,89.9
20260723T052722Z,26.3,90.0
20260723T052737Z,26.3,90.0
20260723T052752Z,26.3,90.1
20260723T052807Z,26.4,90.1
20260723T052822Z,26.4,90.2
20260723T052837Z,26.4,89.1
20260723T052852Z,26.4,88.9
20260723T052907Z,26.4,87.5
20260723T052922Z,26.3,86.9
20260723T052937Z,26.3,86.0
20260723T052952Z,26.2,85.3
20260723T053007Z,26.2,84.9
20260723T053022Z,26.1,83.5
20260723T053037Z,26.0,83.2
20260723T053052Z,25.9,82.5
20260723T053107Z,25.8,81.7
20260723T053122Z,25.7,81.3
20260723T053137Z,25.7,81.2
20260723T053152Z,25.6,80.1
20260723T053207Z,25.5,79.2
20260723T053222Z,25.5,79.2
20260723T053237Z,25.4,79.0
20260723T053252Z,25.4,78.6
20260723T053307Z,25.3,77.9
20260723T053322Z,25.3,77.0
20260723T053337Z,25.3,77.0
20260723T053352Z,25.2,76.0
20260723T053407Z,25.2,74.7
20260723T053423Z,25.2,74.3
20260723T053437Z,25.1,76.0
20260723T053452Z,25.1,78.0
20260723T053507Z,25.1,79.6
20260723T053522Z,25.1,80.3
20260723T053537Z,25.1,81.0
20260723T053552Z,25.1,81.2
20260723T053607Z,25.1,81.6
20260723T053622Z,25.1,82.2
20260723T053637Z,25.2,82.4
20260723T053652Z,25.2,82.9
20260723T053707Z,25.2,83.2
20260723T053722Z,25.3,83.6
20260723T053737Z,25.3,84.1
20260723T053752Z,25.3,84.6
20260723T053807Z,25.4,84.6
20260723T053822Z,25.4,85.3
20260723T053837Z,25.4,85.5
20260723T053852Z,25.5,85.6
20260723T053907Z,25.5,85.9
20260723T053922Z,25.5,86.2
20260723T053937Z,25.6,86.6
20260723T053952Z,25.6,86.8
20260723T054007Z,25.7,87.0
20260723T054022Z,25.7,87.3
20260723T054037Z,25.7,87.3
20260723T054052Z,25.8,87.6
20260723T054107Z,25.8,87.9
20260723T054122Z,25.8,88.0
20260723T054137Z,25.9,88.2
20260723T054152Z,25.9,88.4
20260723T054207Z,25.9,88.6
20260723T054222Z,25.9,88.7
20260723T054237Z,26.0,89.0
20260723T054252Z,26.0,88.9
20260723T054307Z,26.0,89.3
20260723T054322Z,26.1,89.3
20260723T054337Z,26.1,89.6
20260723T054352Z,26.1,89.6
20260723T054407Z,26.1,89.6
20260723T054422Z,26.2,89.8
20260723T054437Z,26.2,89.8
20260723T054452Z,26.2,90.0
20260723T054507Z,26.2,90.1
20260723T054522Z,26.2,90.2
20260723T054537Z,26.3,90.3
20260723T054552Z,26.3,90.4
20260723T054607Z,26.3,90.3
20260723T054622Z,26.4,90.6
20260723T054637Z,26.4,90.5
20260723T054652Z,26.4,90.6
20260723T054707Z,26.4,90.7
20260723T054722Z,26.5,90.0
20260723T054737Z,26.5,89.7
20260723T054752Z,26.5,88.1
20260723T054807Z,26.4,87.4
20260723T054822Z,26.4,86.6
20260723T054837Z,26.3,85.9
20260723T054852Z,26.3,85.5
20260723T054907Z,26.2,84.8
20260723T054922Z,26.1,83.8
20260723T054937Z,26.0,83.6
20260723T054952Z,26.0,83.0
20260723T055007Z,25.9,82.1
20260723T055022Z,25.8,81.7
20260723T055037Z,25.8,81.1
20260723T055052Z,25.7,80.5
20260723T055107Z,25.6,79.9
20260723T055122Z,25.6,79.2
20260723T055137Z,25.5,78.4
20260723T055152Z,25.5,78.2
20260723T055207Z,25.4,77.7
20260723T055222Z,25.4,76.8
20260723T055237Z,25.4,76.3
20260723T055252Z,25.4,76.0
20260723T055307Z,25.3,74.6
20260723T055322Z,25.3,74.3
20260723T055337Z,25.3,73.7
20260723T055352Z,25.3,73.0
20260723T055407Z,25.2,74.8
20260723T055422Z,25.2,76.2
20260723T055437Z,25.1,78.3
20260723T055452Z,25.1,79.1
20260723T055507Z,25.1,79.6
20260723T055522Z,25.1,79.9
20260723T055537Z,25.1,80.4
20260723T055552Z,25.1,80.8
20260723T055607Z,25.1,81.5
20260723T055622Z,25.2,81.8
20260723T055637Z,25.2,82.4
20260723T055652Z,25.2,82.6
20260723T055707Z,25.2,83.3
20260723T055722Z,25.3,83.6
20260723T055737Z,25.3,84.0
20260723T055752Z,25.4,84.3
20260723T055807Z,25.4,84.8
20260723T055822Z,25.4,84.7
20260723T055837Z,25.5,85.0
20260723T055852Z,25.5,85.6
20260723T055907Z,25.6,85.7
20260723T055922Z,25.6,85.9
20260723T055937Z,25.6,86.3
20260723T055952Z,25.7,86.7
20260723T060007Z,25.7,86.8
20260723T060022Z,25.8,86.9
20260723T060037Z,25.8,87.2
20260723T060052Z,25.8,87.5
20260723T060107Z,25.9,87.5
20260723T060122Z,25.9,87.8
20260723T060137Z,26.0,88.1
20260723T060152Z,26.0,88.1
20260723T060207Z,26.0,88.2
20260723T060222Z,26.0,88.3
20260723T060237Z,26.1,88.7
20260723T060252Z,26.1,88.8
20260723T060307Z,26.1,89.0
20260723T060322Z,26.2,89.1
20260723T060337Z,26.2,89.2
20260723T060352Z,26.2,89.3
20260723T060407Z,26.2,89.4
20260723T060422Z,26.3,89.6
20260723T060437Z,26.3,89.7
20260723T060452Z,26.3,89.8
20260723T060507Z,26.4,89.8
20260723T060522Z,26.4,90.0
20260723T060537Z,26.4,90.1
20260723T060552Z,26.4,90.2
20260723T060607Z,26.5,89.3
20260723T060622Z,26.5,88.3
20260723T060637Z,26.4,87.0
20260723T060652Z,26.4,86.7
20260723T060707Z,26.3,85.8
20260723T060722Z,26.3,85.0
20260723T060737Z,26.2,84.2
20260723T060752Z,26.2,83.5
20260723T060807Z,26.1,82.8
20260723T060822Z,26.0,82.7
20260723T060837Z,25.9,82.2
20260723T060852Z,25.9,80.9
20260723T060907Z,25.8,80.3
20260723T060922Z,25.7,80.2
20260723T060937Z,25.6,79.7
20260723T060952Z,25.6,79.2
20260723T061007Z,25.5,79.0
20260723T061022Z,25.5,78.1
20260723T061037Z,25.4,77.6
20260723T061052Z,25.4,76.8
20260723T061107Z,25.3,76.2
20260723T061122Z,25.3,75.7
20260723T061137Z,25.3,75.2
20260723T061152Z,25.3,74.3
20260723T061207Z,25.2,74.1
20260723T061222Z,25.2,73.5
20260723T061237Z,25.2,73.2
20260723T061252Z,25.2,73.0
20260723T061307Z,25.2,74.5
20260723T061322Z,25.2,76.4
20260723T061337Z,25.2,77.6
20260723T061352Z,25.2,78.3
20260723T061407Z,25.2,78.9
20260723T061422Z,25.2,79.1
20260723T061437Z,25.2,79.5
20260723T061452Z,25.3,79.9
20260723T061507Z,25.3,80.6
20260723T061522Z,25.3,81.3
20260723T061537Z,25.3,81.6
20260723T061552Z,25.3,82.1
20260723T061607Z,25.3,82.5
20260723T061622Z,25.4,82.8
20260723T061637Z,25.4,83.1
20260723T061652Z,25.4,83.4
20260723T061707Z,25.5,83.9
20260723T061722Z,25.5,84.2
20260723T061737Z,25.6,84.6
20260723T061752Z,25.6,85.0
20260723T061807Z,25.6,85.0
20260723T061822Z,25.7,85.5
20260723T061837Z,25.7,85.8
20260723T061852Z,25.7,85.8
20260723T061907Z,25.8,86.2
20260723T061922Z,25.8,86.4
20260723T061937Z,25.8,86.6
20260723T061952Z,25.8,86.7
20260723T062007Z,25.9,87.1
20260723T062022Z,25.9,87.3
20260723T062037Z,25.9,87.6
20260723T062052Z,26.0,87.7
20260723T062107Z,26.0,87.9
20260723T062122Z,26.0,88.2
20260723T062137Z,26.1,88.1
20260723T062152Z,26.1,88.3
20260723T062207Z,26.1,88.5
20260723T062222Z,26.2,88.6
20260723T062237Z,26.2,88.7
20260723T062252Z,26.2,89.0
20260723T062307Z,26.3,89.0
20260723T062322Z,26.3,89.1
20260723T062337Z,26.3,89.1
20260723T062352Z,26.4,89.2
20260723T062407Z,26.4,89.4
20260723T062422Z,26.4,89.4
20260723T062437Z,26.4,89.5
20260723T062452Z,26.5,89.4
20260723T062507Z,26.5,89.1
20260723T062522Z,26.4,86.8
20260723T062537Z,26.4,86.2
20260723T062552Z,26.4,85.2
20260723T062607Z,26.3,85.1
20260723T062622Z,26.3,84.1
20260723T062637Z,26.2,83.7
20260723T062652Z,26.1,83.6
20260723T062707Z,26.0,82.1
20260723T062722Z,26.0,81.8
20260723T062737Z,25.9,81.2
20260723T062752Z,25.8,80.8
20260723T062807Z,25.7,79.9
20260723T062822Z,25.7,80.1
20260723T062837Z,25.7,78.9
20260723T062852Z,25.6,78.3
20260723T062907Z,25.6,78.2
20260723T062922Z,25.5,78.0
20260723T062937Z,25.5,76.5
20260723T062952Z,25.5,76.2
20260723T063007Z,25.5,75.8
20260723T063022Z,25.4,74.5
20260723T063037Z,25.4,74.2
20260723T063052Z,25.4,73.3
20260723T063107Z,25.4,73.5
20260723T063122Z,25.3,72.4
20260723T063137Z,25.3,73.3
20260723T063152Z,25.3,74.9
20260723T063207Z,25.3,76.0
20260723T063222Z,25.3,77.5
20260723T063237Z,25.2,78.4
20260723T063252Z,25.3,78.7
20260723T063307Z,25.2,78.9
20260723T063322Z,25.3,79.3
20260723T063337Z,25.3,79.8
20260723T063352Z,25.3,80.7
20260723T063407Z,25.3,80.7
20260723T063422Z,25.3,81.3
20260723T063437Z,25.3,82.0
20260723T063452Z,25.4,82.3
20260723T063507Z,25.4,83.2
20260723T063522Z,25.4,83.4
20260723T063537Z,25.4,83.9
20260723T063552Z,25.5,84.4
20260723T063607Z,25.5,84.7
20260723T063622Z,25.6,84.9
20260723T063637Z,25.6,85.3
20260723T063652Z,25.7,85.9
20260723T063707Z,25.7,85.9
20260723T063722Z,25.7,86.1
20260723T063737Z,25.8,86.6
20260723T063752Z,25.8,86.7
20260723T063807Z,25.9,87.0
20260723T063822Z,25.9,87.1
20260723T063837Z,25.9,87.2
20260723T063852Z,26.0,87.5
20260723T063907Z,26.0,87.7
20260723T063922Z,26.0,87.8
20260723T063937Z,26.0,88.1
20260723T063952Z,26.1,88.2
20260723T064007Z,26.1,88.4
20260723T064022Z,26.1,88.3
20260723T064037Z,26.2,88.6
20260723T064052Z,26.2,88.8
20260723T064107Z,26.2,89.0
20260723T064122Z,26.3,89.0
20260723T064137Z,26.3,89.2
20260723T064152Z,26.3,89.3
20260723T064207Z,26.3,89.4
20260723T064222Z,26.4,89.5
20260723T064237Z,26.4,89.6
20260723T064252Z,26.4,89.8
20260723T064307Z,26.4,89.6
20260723T064322Z,26.5,89.2
20260723T064337Z,26.5,86.8
20260723T064352Z,26.4,86.7
20260723T064407Z,26.4,86.1
20260723T064422Z,26.3,85.1
20260723T064437Z,26.3,84.2
20260723T064452Z,26.2,83.8
20260723T064507Z,26.2,83.5
20260723T064522Z,26.1,82.8
20260723T064537Z,26.0,82.0
20260723T064552Z,26.0,81.6
20260723T064607Z,25.9,80.4
20260723T064622Z,25.8,79.8
20260723T064637Z,25.8,78.8
20260723T064652Z,25.7,78.9
20260723T064707Z,25.7,78.1
20260723T064722Z,25.6,77.5
20260723T064737Z,25.5,77.2
20260723T064752Z,25.5,76.6
20260723T064807Z,25.5,75.5
20260723T064822Z,25.4,75.3
20260723T064837Z,25.4,74.7
20260723T064852Z,25.4,73.6
20260723T064907Z,25.3,73.2
20260723T064922Z,25.3,74.3
20260723T064937Z,25.2,76.2
20260723T064952Z,25.2,77.7
20260723T065007Z,25.2,79.3
20260723T065022Z,25.2,79.6
20260723T065037Z,25.2,80.1
20260723T065052Z,25.2,80.7
20260723T065107Z,25.2,81.2
20260723T065122Z,25.2,81.4
20260723T065137Z,25.3,82.1
20260723T065152Z,25.3,82.4
20260723T065207Z,25.3,83.0
20260723T065222Z,25.4,83.5
20260723T065237Z,25.4,83.9
20260723T065252Z,25.4,84.1
20260723T065307Z,25.5,84.4
20260723T065322Z,25.5,84.8
20260723T065337Z,25.6,85.2
20260723T065352Z,25.6,85.5
20260723T065407Z,25.6,85.6
20260723T065422Z,25.7,86.0
20260723T065437Z,25.7,86.1
20260723T065452Z,25.7,86.4
20260723T065507Z,25.8,86.7
20260723T065522Z,25.8,87.1
20260723T065537Z,25.9,87.2
20260723T065552Z,25.9,87.3
20260723T065607Z,25.9,87.4
20260723T065622Z,26.0,87.8
20260723T065637Z,26.0,88.0
20260723T065652Z,26.0,88.0
20260723T065707Z,26.1,88.3
20260723T065722Z,26.1,88.5
20260723T065737Z,26.1,88.6
20260723T065752Z,26.2,88.9
20260723T065807Z,26.2,89.0
20260723T065822Z,26.2,89.1
20260723T065837Z,26.3,89.1
20260723T065852Z,26.3,89.4
20260723T065907Z,26.3,89.5
20260723T065922Z,26.3,89.5
20260723T065937Z,26.4,89.6
20260723T065952Z,26.4,89.6
20260723T070007Z,26.4,89.8
20260723T070022Z,26.5,90.0
20260723T070037Z,26.5,89.0
20260723T070052Z,26.5,88.4
20260723T070107Z,26.5,86.9
20260723T070122Z,26.4,86.4
20260723T070137Z,26.4,85.6
20260723T070152Z,26.3,85.0
20260723T070207Z,26.3,84.5
20260723T070222Z,26.2,83.7
20260723T070238Z,26.1,83.1
20260723T070252Z,26.1,82.0
20260723T070308Z,26.0,82.0
20260723T070322Z,25.9,81.4
20260723T070337Z,25.9,80.7
20260723T070352Z,25.8,80.1
20260723T070407Z,25.7,79.5
20260723T070422Z,25.7,79.1
20260723T070437Z,25.6,78.4
20260723T070452Z,25.5,78.1
20260723T070507Z,25.5,77.9
20260723T070522Z,25.5,77.3
20260723T070537Z,25.5,76.0
20260723T070552Z,25.4,75.5
20260723T070607Z,25.4,74.5
20260723T070622Z,25.4,73.6
20260723T070637Z,25.3,73.7
20260723T070652Z,25.3,72.9
20260723T070707Z,25.3,72.7
20260723T070722Z,25.2,72.0
20260723T070737Z,25.2,73.6
20260723T070752Z,25.2,74.8
20260723T070807Z,25.2,76.6
20260723T070822Z,25.2,77.3
20260723T070837Z,25.2,77.8
20260723T070853Z,25.2,78.9
20260723T070907Z,25.2,79.0
20260723T070923Z,25.2,79.8
20260723T070937Z,25.3,80.2
20260723T070953Z,25.3,80.5
20260723T071007Z,25.3,81.1
20260723T071022Z,25.3,81.9
20260723T071038Z,25.4,82.2
20260723T071052Z,25.4,82.5
20260723T071107Z,25.4,82.8
20260723T071122Z,25.5,83.3
20260723T071137Z,25.5,83.5
20260723T071152Z,25.5,84.1
20260723T071207Z,25.6,84.3
20260723T071222Z,25.6,84.7
20260723T071238Z,25.6,85.2
20260723T071252Z,25.7,85.4
20260723T071308Z,25.7,85.8
20260723T071322Z,25.8,86.2
20260723T071338Z,25.8,86.4
20260723T071352Z,25.8,86.7
20260723T071408Z,25.9,86.7
20260723T071422Z,25.9,87.0
20260723T071438Z,25.9,87.3
20260723T071452Z,25.9,87.5
20260723T071508Z,26.0,87.5
20260723T071522Z,26.0,87.9
20260723T071538Z,26.1,87.9
20260723T071553Z,26.1,88.2
20260723T071607Z,26.1,88.2
20260723T071623Z,26.1,88.6
20260723T071637Z,26.2,88.6
20260723T071653Z,26.2,88.8
20260723T071707Z,26.2,89.0
20260723T071723Z,26.3,89.1
20260723T071737Z,26.3,89.3
20260723T071753Z,26.3,89.3
20260723T071808Z,26.3,89.4
20260723T071822Z,26.4,89.6
20260723T071838Z,26.4,89.7
20260723T071853Z,26.4,88.7
20260723T071908Z,26.4,88.9
20260723T071923Z,26.4,86.3
20260723T071937Z,26.4,86.5
20260723T071953Z,26.4,85.6
20260723T072007Z,26.3,85.2
20260723T072023Z,26.2,84.3
20260723T072037Z,26.2,83.4
20260723T072053Z,26.1,82.9
20260723T072107Z,26.1,82.1
20260723T072123Z,26.0,81.4
20260723T072137Z,26.0,81.0
20260723T072153Z,25.9,79.9
20260723T072207Z,25.8,79.8
20260723T072223Z,25.7,79.5
20260723T072237Z,25.7,78.7
20260723T072253Z,25.6,77.8
20260723T072307Z,25.6,77.4
20260723T072322Z,25.5,77.4
20260723T072338Z,25.5,76.6
20260723T072352Z,25.5,75.8
20260723T072408Z,25.4,75.1
20260723T072422Z,25.4,74.5
20260723T072438Z,25.4,74.1
20260723T072452Z,25.3,73.2
20260723T072508Z,25.3,73.0
20260723T072523Z,25.3,72.1
20260723T072537Z,25.3,71.6
20260723T072553Z,25.3,71.8
20260723T072607Z,25.3,73.5
20260723T072622Z,25.3,75.2
20260723T072638Z,25.3,76.5
20260723T072652Z,25.3,77.1
20260723T072708Z,25.3,77.8
20260723T072722Z,25.3,78.0
20260723T072738Z,25.3,78.5
20260723T072752Z,25.3,79.0
20260723T072808Z,25.3,79.7
20260723T072822Z,25.3,80.3
20260723T072837Z,25.3,80.7
20260723T072853Z,25.4,81.2
20260723T072908Z,25.4,81.8
20260723T072922Z,25.4,82.2
20260723T072938Z,25.5,82.6
20260723T072952Z,25.5,82.7
20260723T073008Z,25.5,83.2
20260723T073022Z,25.6,83.7
20260723T073038Z,25.6,84.0
20260723T073052Z,25.6,84.3
20260723T073108Z,25.7,84.7
20260723T073122Z,25.7,85.0
20260723T073138Z,25.7,85.3
20260723T073153Z,25.7,85.5
20260723T073207Z,25.8,85.9
20260723T073222Z,25.8,86.0
20260723T073238Z,25.9,86.3
20260723T073253Z,25.9,86.5
20260723T073307Z,25.9,86.7
20260723T073323Z,26.0,86.9
20260723T073337Z,26.0,87.2
20260723T073353Z,26.0,87.3
20260723T073423Z,26.1,87.7
20260723T073437Z,26.1,87.8
20260723T073452Z,26.1,87.9
20260723T073508Z,26.2,88.2
20260723T073522Z,26.2,88.3
20260723T073537Z,26.2,88.5
20260723T073553Z,26.3,88.5
20260723T073607Z,26.3,88.7
20260723T073623Z,26.3,88.7
20260723T073637Z,26.3,88.9
20260723T073653Z,26.4,88.8
20260723T073707Z,26.4,89.1
20260723T073723Z,26.4,89.1
20260723T073737Z,26.5,88.9
20260723T073753Z,26.5,88.6
20260723T073807Z,26.5,86.5
20260723T073823Z,26.4,86.0
20260723T073838Z,26.4,85.0
20260723T073852Z,26.3,84.3
20260723T073908Z,26.3,84.1
20260723T073923Z,26.2,83.2
20260723T073937Z,26.1,82.4
20260723T073952Z,26.1,81.8
20260723T074008Z,26.0,81.5
20260723T074022Z,25.9,81.0
20260723T074038Z,25.9,80.1
20260723T074052Z,25.8,79.2
20260723T074108Z,25.7,79.0
20260723T074122Z,25.6,78.3
20260723T074138Z,25.6,77.9
20260723T074152Z,25.5,77.6
20260723T074207Z,25.5,76.9
20260723T074223Z,25.4,76.3
20260723T074237Z,25.4,75.6
20260723T074253Z,25.3,75.1
20260723T074307Z,25.3,74.8
20260723T074323Z,25.3,73.9
20260723T074337Z,25.3,72.8
20260723T074353Z,25.2,72.6
20260723T074407Z,25.2,72.3
20260723T074422Z,25.2,72.0
20260723T074438Z,25.2,73.3
20260723T074452Z,25.2,75.0
20260723T074507Z,25.2,76.4
20260723T074522Z,25.2,77.4
20260723T074538Z,25.2,78.0
20260723T074552Z,25.2,78.4
20260723T074608Z,25.2,78.5
20260723T074622Z,25.2,79.3
20260723T074638Z,25.2,79.6
20260723T074652Z,25.3,80.4
20260723T074708Z,25.3,81.1
20260723T074722Z,25.3,81.6
20260723T074738Z,25.3,81.7
20260723T074752Z,25.4,82.1
20260723T074807Z,25.4,82.5
20260723T074822Z,25.4,82.9
20260723T074838Z,25.5,83.1
20260723T074852Z,25.5,83.6
20260723T074908Z,25.5,84.0
20260723T074922Z,25.6,84.5
20260723T074937Z,25.6,84.5
20260723T074953Z,25.6,84.9
20260723T075007Z,25.7,85.2
20260723T075023Z,25.7,85.6
20260723T075037Z,25.7,85.6
20260723T075052Z,25.8,86.0
20260723T075107Z,25.8,86.3
20260723T075123Z,25.8,86.3
20260723T075137Z,25.9,86.5
20260723T075153Z,25.9,86.8
20260723T075207Z,25.9,87.2
20260723T075223Z,26.0,87.3
20260723T075238Z,26.0,87.5
20260723T075252Z,26.0,87.7
20260723T075308Z,26.1,87.9
20260723T075323Z,26.1,87.8
20260723T075337Z,26.1,88.0
20260723T075353Z,26.2,88.2
20260723T075407Z,26.2,88.3
20260723T075423Z,26.2,88.5
20260723T075438Z,26.2,88.6
20260723T075452Z,26.3,88.7
20260723T075508Z,26.3,88.9
20260723T075522Z,26.4,89.0
20260723T075538Z,26.4,89.0
20260723T075552Z,26.4,89.2
20260723T075608Z,26.4,89.1
20260723T075622Z,26.4,88.6
20260723T075637Z,26.4,87.2
20260723T075653Z,26.4,85.6
20260723T075707Z,26.4,85.2
20260723T075723Z,26.3,84.5
20260723T075737Z,26.3,83.7
20260723T075752Z,26.2,83.1
20260723T075808Z,26.1,82.8
20260723T075822Z,26.0,81.7
20260723T075838Z,26.0,81.6
20260723T075852Z,25.9,81.0
20260723T075908Z,25.8,80.5
20260723T075922Z,25.8,79.9
20260723T075938Z,25.7,78.9
20260723T075952Z,25.7,78.3
20260723T080008Z,25.6,78.4
20260723T080022Z,25.6,77.3
20260723T080037Z,25.5,76.5
20260723T080052Z,25.5,76.4
20260723T080107Z,25.5,75.6
20260723T080123Z,25.4,75.1
20260723T080137Z,25.4,74.4
20260723T080153Z,25.4,73.6
20260723T080207Z,25.4,73.3
20260723T080222Z,25.3,72.6
20260723T080238Z,25.3,72.3
20260723T080252Z,25.3,72.0
20260723T080308Z,25.3,72.6
20260723T080322Z,25.3,74.1
20260723T080337Z,25.3,75.3
20260723T080352Z,25.3,76.4
20260723T080407Z,25.3,77.5
20260723T080422Z,25.3,78.0
20260723T080438Z,25.3,78.4
20260723T080453Z,25.3,78.7
20260723T080508Z,25.3,79.4
20260723T080523Z,25.3,79.8
20260723T080538Z,25.3,80.3
20260723T080553Z,25.3,81.0
20260723T080608Z,25.3,81.2
20260723T080623Z,25.4,81.6
20260723T080637Z,25.4,82.1
20260723T080652Z,25.4,82.3
20260723T080707Z,25.4,83.0
20260723T080723Z,25.5,83.2
20260723T080737Z,25.5,83.6
20260723T080753Z,25.5,84.0
20260723T080807Z,25.6,84.4
20260723T080823Z,25.6,84.7
20260723T080837Z,25.7,84.9
20260723T080853Z,25.7,85.0
20260723T080907Z,25.7,85.5
20260723T080922Z,25.7,85.7
20260723T080938Z,25.8,86.1
20260723T080953Z,25.8,86.1
20260723T081008Z,25.8,86.5
20260723T081023Z,25.9,86.7
20260723T081038Z,25.9,86.8
20260723T081053Z,25.9,87.2
20260723T081108Z,26.0,87.5
20260723T081123Z,26.0,87.4
20260723T081138Z,26.0,87.8
20260723T081153Z,26.0,87.8
20260723T081208Z,26.1,87.9
20260723T081223Z,26.1,88.3
20260723T081238Z,26.2,88.3
20260723T081253Z,26.2,88.4
20260723T081308Z,26.2,88.5
20260723T081324Z,26.2,88.7
20260723T081338Z,26.3,88.8
20260723T081353Z,26.3,88.8
20260723T081408Z,26.3,89.0
20260723T081423Z,26.3,89.2
20260723T081438Z,26.4,89.2
20260723T081453Z,26.4,89.3
20260723T081508Z,26.4,89.4
20260723T081523Z,26.4,88.6
20260723T081538Z,26.5,87.6
20260723T081553Z,26.4,86.1
20260723T081608Z,26.4,86.1
20260723T081623Z,26.4,84.8
20260723T081638Z,26.3,84.3
20260723T081653Z,26.2,83.7
20260723T081708Z,26.2,82.8
20260723T081723Z,26.1,82.2
20260723T081738Z,26.0,81.8
20260723T081753Z,25.9,80.9
20260723T081808Z,25.8,80.7
20260723T081823Z,25.8,80.2
20260723T081838Z,25.7,79.5
20260723T081853Z,25.7,79.1
20260723T081908Z,25.6,77.9
20260723T081923Z,25.6,77.7
20260723T081938Z,25.5,77.1
20260723T081953Z,25.5,76.3
20260723T082008Z,25.5,75.6
20260723T082023Z,25.4,75.5
20260723T082038Z,25.4,74.5
20260723T082053Z,25.4,73.6
20260723T082108Z,25.3,73.0
20260723T082123Z,25.3,73.2
20260723T082138Z,25.2,72.8
20260723T082153Z,25.2,72.3
20260723T082208Z,25.2,71.3
20260723T082223Z,25.1,72.6
20260723T082238Z,25.1,74.6
20260723T082253Z,25.1,76.6
20260723T082308Z,25.1,77.6
20260723T082323Z,25.1,78.1
20260723T082338Z,25.1,78.5
20260723T082353Z,25.2,78.9
20260723T082408Z,25.2,79.3
20260723T082423Z,25.2,79.8
20260723T082438Z,25.2,80.7
20260723T082453Z,25.2,81.3
20260723T082508Z,25.2,81.6
20260723T082523Z,25.2,82.0
20260723T082538Z,25.3,82.5
20260723T082553Z,25.3,82.9
20260723T082608Z,25.3,83.2
20260723T082623Z,25.4,83.6
20260723T082638Z,25.4,84.0
20260723T082653Z,25.4,84.2
20260723T082708Z,25.5,84.7
20260723T082723Z,25.5,85.0
20260723T082738Z,25.5,85.3
20260723T082753Z,25.6,85.3
20260723T082808Z,25.6,85.7
20260723T082823Z,25.6,86.0
20260723T082838Z,25.7,86.2
20260723T082853Z,25.7,86.3
20260723T082908Z,25.7,86.7
20260723T082923Z,25.7,86.9
20260723T082938Z,25.8,87.1
20260723T082953Z,25.8,87.4
20260723T083008Z,25.8,87.5
20260723T083023Z,25.9,87.8
20260723T083038Z,25.9,88.0
20260723T083053Z,25.9,88.0
20260723T083108Z,26.0,88.3
20260723T083123Z,26.0,88.3
20260723T083138Z,26.0,88.5
20260723T083153Z,26.1,88.6
20260723T083208Z,26.1,88.8
20260723T083223Z,26.1,88.9
20260723T083238Z,26.1,89.0
20260723T083253Z,26.2,89.1
20260723T083308Z,26.2,89.1
20260723T083323Z,26.2,89.3
20260723T083338Z,26.3,89.3
20260723T083353Z,26.3,89.5
20260723T083408Z,26.3,89.6
20260723T083423Z,26.3,89.2
20260723T083438Z,26.3,89.1
20260723T083453Z,26.4,87.2
20260723T083508Z,26.3,86.4
20260723T083523Z,26.3,85.6
20260723T083538Z,26.2,85.0
20260723T083553Z,26.2,84.3
20260723T083608Z,26.1,83.4
20260723T083623Z,26.0,82.5
20260723T083638Z,25.9,82.1
20260723T083653Z,25.8,82.0
20260723T083708Z,25.8,81.2
20260723T083723Z,25.7,80.2
20260723T083738Z,25.6,79.3
20260723T083753Z,25.5,78.9
20260723T083808Z,25.5,78.7
20260723T083823Z,25.4,77.9
20260723T083838Z,25.3,78.3
20260723T083853Z,25.3,77.7
20260723T083908Z,25.3,77.0
20260723T083923Z,25.3,75.9
20260723T083938Z,25.3,75.3
20260723T083953Z,25.2,76.3
20260723T084008Z,25.2,78.0
20260723T084023Z,25.2,79.1
20260723T084038Z,25.1,80.5
20260723T084053Z,25.1,81.2
20260723T084108Z,25.1,81.2
20260723T084123Z,25.1,81.9
20260723T084138Z,25.1,82.2
20260723T084153Z,25.2,82.6
20260723T084208Z,25.2,83.0
20260723T084223Z,25.2,83.5
20260723T084238Z,25.2,83.8
20260723T084253Z,25.3,83.9
20260723T084308Z,25.3,84.3
20260723T084323Z,25.3,84.7
20260723T084338Z,25.4,85.3
20260723T084353Z,25.4,85.5
20260723T084408Z,25.4,85.6
20260723T084423Z,25.5,85.9
20260723T084438Z,25.5,86.3
20260723T084453Z,25.5,86.4
20260723T084508Z,25.6,86.6
20260723T084523Z,25.6,87.0
20260723T084538Z,25.7,87.1
20260723T084553Z,25.7,87.5
20260723T084608Z,25.7,87.5
20260723T084623Z,25.8,87.9
20260723T084638Z,25.8,88.0
20260723T084653Z,25.8,88.2
20260723T084708Z,25.9,88.2
20260723T084723Z,25.9,88.5
20260723T084738Z,25.9,88.6
20260723T084753Z,25.9,88.8
20260723T084808Z,26.0,88.8
20260723T084823Z,26.0,89.0
20260723T084838Z,26.0,89.0
20260723T084853Z,26.1,89.3
20260723T084908Z,26.1,89.4
20260723T084923Z,26.1,89.5
20260723T084938Z,26.2,89.6
20260723T084953Z,26.2,89.7
20260723T085008Z,26.2,89.8
20260723T085023Z,26.2,90.0
20260723T085038Z,26.3,90.1
20260723T085053Z,26.3,90.1
20260723T085108Z,26.3,90.3
20260723T085123Z,26.4,90.5
20260723T085138Z,26.4,90.4
20260723T085153Z,26.4,90.4
20260723T085208Z,26.4,90.6
20260723T085223Z,26.4,90.5
20260723T085238Z,26.5,90.7
20260723T085253Z,26.5,90.7
20260723T085308Z,26.5,90.7
20260723T085323Z,26.5,90.8
20260723T085338Z,26.5,90.9
20260723T085353Z,26.5,91.0
20260723T085408Z,26.6,91.1
20260723T085423Z,26.6,91.0
20260723T085438Z,26.6,91.1
20260723T085453Z,26.6,91.2
20260723T085508Z,26.6,91.2
20260723T085524Z,26.6,91.2
20260723T085538Z,26.6,91.2
20260723T085553Z,26.7,91.4
20260723T085608Z,26.7,91.4
20260723T085623Z,26.7,91.5
20260723T085638Z,26.7,91.3
20260723T085653Z,26.7,91.5
20260723T085708Z,26.7,91.4
20260723T085723Z,26.8,91.5
20260723T085738Z,26.8,91.5
20260723T085753Z,26.8,91.6
20260723T085808Z,26.8,91.6
20260723T085823Z,26.8,91.6
20260723T085838Z,26.8,91.6
20260723T085853Z,26.8,91.7
20260723T085908Z,26.8,91.7
20260723T085923Z,26.9,91.7
20260723T085938Z,26.9,91.8
20260723T085953Z,26.9,91.9
20260723T090008Z,26.9,91.8
20260723T090023Z,26.9,91.8
20260723T090038Z,27.0,91.7
20260723T090053Z,27.0,91.8
20260723T090108Z,27.0,91.8
20260723T090123Z,27.0,91.8
20260723T090138Z,27.0,91.7
20260723T090153Z,27.0,91.7
20260723T090208Z,27.0,91.7
20260723T090223Z,27.0,91.7
20260723T090238Z,27.1,91.8
20260723T090253Z,27.0,91.7
20260723T090308Z,27.1,91.7
20260723T090323Z,27.1,91.8
20260723T090338Z,27.1,91.8
20260723T090353Z,27.1,91.7
20260723T090408Z,27.1,91.7
20260723T090423Z,27.1,91.8
20260723T090438Z,27.1,91.7
20260723T090453Z,27.1,91.7
20260723T090508Z,27.2,91.8
20260723T090523Z,27.2,91.7
20260723T090538Z,27.2,91.7
20260723T090553Z,27.2,91.7
20260723T090608Z,27.2,91.7
20260723T090623Z,27.2,91.7
20260723T090638Z,27.2,91.7
20260723T090653Z,27.2,91.6
20260723T090708Z,27.2,91.7
20260723T090723Z,27.2,91.6
20260723T090738Z,27.3,91.6
20260723T090753Z,27.2,91.6
20260723T090808Z,27.3,91.6
20260723T090823Z,27.3,91.7
20260723T090838Z,27.3,91.6
20260723T090853Z,27.3,91.6
20260723T090908Z,27.3,91.6
20260723T090923Z,27.3,91.6
20260723T090938Z,27.3,91.6
20260723T090953Z,27.3,91.6
20260723T091008Z,27.3,91.5
20260723T091023Z,27.4,91.5
20260723T091038Z,27.3,91.5
20260723T091053Z,27.4,91.5
20260723T091108Z,27.4,91.5
20260723T091123Z,27.4,91.5
20260723T091138Z,27.4,91.4
20260723T091153Z,27.4,91.4
20260723T091208Z,27.4,91.4
20260723T091223Z,27.4,91.4
20260723T091238Z,27.4,91.4
20260723T091253Z,27.4,91.4
20260723T091308Z,27.4,91.4
20260723T091323Z,27.4,91.3
20260723T091338Z,27.4,91.3
20260723T091353Z,27.4,91.4
20260723T091408Z,27.4,91.3
20260723T091423Z,27.4,91.3
20260723T091438Z,27.5,91.3
20260723T091453Z,27.5,91.3
20260723T091508Z,27.5,91.3
20260723T091523Z,27.5,91.3
20260723T091538Z,27.5,91.3
20260723T091553Z,27.5,91.3
20260723T091608Z,27.5,91.3
20260723T091623Z,27.5,91.2
20260723T091638Z,27.5,91.2
20260723T091653Z,27.5,91.2
20260723T091708Z,27.5,91.2
20260723T091723Z,27.5,91.2
20260723T091738Z,27.5,90.3
20260723T091753Z,27.5,90.0
20260723T091808Z,27.5,88.5
20260723T091823Z,27.4,88.4
20260723T091838Z,27.3,87.7
20260723T091853Z,27.2,87.2
20260723T091908Z,27.1,86.4
20260723T091923Z,27.0,85.5
20260723T091938Z,26.9,84.5
20260723T091953Z,26.7,84.7
20260723T092008Z,26.6,83.8
20260723T092023Z,26.5,84.0
20260723T092038Z,26.4,83.4
20260723T092053Z,26.3,83.3
20260723T092108Z,26.2,83.0
20260723T092123Z,26.1,82.4
20260723T092138Z,26.1,82.1
20260723T092153Z,26.0,81.3
20260723T092208Z,26.0,81.4
20260723T092223Z,26.0,81.8
20260723T092238Z,26.0,83.2
20260723T092253Z,26.0,84.4
20260723T092308Z,25.9,84.8
20260723T092323Z,25.9,85.4
20260723T092338Z,25.9,85.6
20260723T092353Z,25.9,86.1
20260723T092408Z,25.9,86.5
20260723T092423Z,25.9,86.9
20260723T092438Z,25.9,87.3
20260723T092453Z,25.9,87.6
20260723T092508Z,25.9,88.1
20260723T092523Z,25.9,88.2
20260723T092538Z,25.9,88.5
20260723T092553Z,25.9,88.9
20260723T092608Z,26.0,89.2
20260723T092624Z,26.0,89.3
20260723T092638Z,26.0,89.5
20260723T092653Z,26.0,89.8
20260723T092708Z,26.0,90.2
20260723T092723Z,26.1,90.2
20260723T092738Z,26.1,90.5
20260723T092753Z,26.1,90.7
20260723T092808Z,26.1,90.8
20260723T092823Z,26.2,90.9
20260723T092838Z,26.2,91.1
20260723T092853Z,26.2,91.3
20260723T092908Z,26.2,91.4
20260723T092923Z,26.3,91.6
20260723T092938Z,26.3,91.8
20260723T092953Z,26.3,91.9
20260723T093008Z,26.3,91.9
20260723T093023Z,26.3,91.9
20260723T093038Z,26.3,92.1
20260723T093053Z,26.4,92.2
20260723T093108Z,26.4,92.3
20260723T093123Z,26.4,92.3
20260723T093138Z,26.5,92.5
20260723T093153Z,26.5,92.5
20260723T093208Z,26.5,92.5
20260723T093223Z,26.5,92.5
20260723T093238Z,26.5,92.6
20260723T093253Z,26.6,92.5
20260723T093308Z,26.6,92.5
20260723T093323Z,26.6,92.5
20260723T093338Z,26.7,92.5
20260723T093353Z,26.7,92.6
20260723T093408Z,26.7,92.5
20260723T093423Z,26.7,92.5
20260723T093438Z,26.7,92.5
20260723T093453Z,26.8,92.6
20260723T093508Z,26.8,92.6
20260723T093523Z,26.8,92.5
20260723T093538Z,26.8,92.5
20260723T093553Z,26.8,92.5
20260723T093608Z,26.9,92.4
20260723T093623Z,26.9,92.4
20260723T093638Z,26.9,92.4
20260723T093653Z,26.9,92.4
20260723T093708Z,26.9,92.4
20260723T093723Z,27.0,92.4
20260723T093738Z,27.0,92.4
20260723T093753Z,27.0,92.3
20260723T093808Z,27.0,92.3
20260723T093823Z,27.0,92.3
20260723T093838Z,27.1,92.2
20260723T093853Z,27.1,92.2
20260723T093908Z,27.1,92.2
20260723T093923Z,27.1,92.1
20260723T093938Z,27.1,92.1
20260723T093953Z,27.1,92.1
20260723T094008Z,27.1,92.1
20260723T094023Z,27.2,92.1
20260723T094038Z,27.2,92.0
20260723T094053Z,27.2,92.0
20260723T094108Z,27.2,92.0
20260723T094123Z,27.2,91.9
20260723T094138Z,27.2,91.9
20260723T094153Z,27.2,91.9
20260723T094208Z,27.3,91.9
20260723T094223Z,27.3,91.8
20260723T094238Z,27.3,91.8
20260723T094253Z,27.3,91.8
20260723T094308Z,27.3,91.8
20260723T094323Z,27.3,91.7
20260723T094338Z,27.3,91.7
20260723T094353Z,27.3,91.7
20260723T094408Z,27.4,91.7
20260723T094423Z,27.4,91.7
20260723T094438Z,27.4,91.7
20260723T094453Z,27.4,91.6
20260723T094508Z,27.4,91.6
20260723T094523Z,27.4,91.6
20260723T094538Z,27.4,91.5
20260723T094553Z,27.4,91.5
20260723T094608Z,27.4,91.5
20260723T094623Z,27.4,91.5
20260723T094638Z,27.4,91.5
20260723T094653Z,27.4,91.5
20260723T094708Z,27.5,91.5
20260723T094723Z,27.5,91.4
20260723T094738Z,27.5,91.4
20260723T094753Z,27.5,91.4
20260723T094808Z,27.5,91.4
20260723T094823Z,27.5,91.3
20260723T094838Z,27.5,91.3
20260723T094853Z,27.5,91.3
20260723T094908Z,27.5,91.3
20260723T094923Z,27.5,91.3
20260723T094938Z,27.5,91.3
20260723T094953Z,27.5,91.3
20260723T095008Z,27.6,91.2
20260723T095023Z,27.5,91.2
20260723T095038Z,27.5,91.2
20260723T095053Z,27.6,91.2
20260723T095108Z,27.6,91.2
20260723T095123Z,27.6,90.5
20260723T095138Z,27.6,90.3
20260723T095153Z,27.5,88.7
20260723T095208Z,27.4,88.7
20260723T095223Z,27.4,87.6
20260723T095238Z,27.3,87.0
20260723T095253Z,27.2,86.7
20260723T095308Z,27.1,86.4
20260723T095323Z,27.0,85.3
20260723T095338Z,26.9,84.6
20260723T095353Z,26.7,84.6
20260723T095408Z,26.6,83.7
20260723T095423Z,26.5,83.8
20260723T095438Z,26.4,82.8
20260723T095453Z,26.3,82.1
20260723T095508Z,26.2,82.1
20260723T095523Z,26.1,82.0
20260723T095538Z,26.1,81.1
20260723T095553Z,26.0,81.2
20260723T095608Z,25.9,82.6
20260723T095623Z,25.9,84.2
20260723T095638Z,25.9,85.2
20260723T095653Z,25.9,85.8
20260723T095708Z,25.8,86.4
20260723T095723Z,25.8,86.3
20260723T095738Z,25.8,86.7
20260723T095753Z,25.8,86.8
20260723T095808Z,25.8,87.3
20260723T095823Z,25.9,87.8
20260723T095838Z,25.9,88.0
20260723T095853Z,25.9,88.5
20260723T095908Z,25.9,88.7
20260723T095923Z,25.9,89.0
20260723T095938Z,26.0,89.2
20260723T095953Z,26.0,89.6
20260723T100008Z,26.0,89.8
20260723T100024Z,26.0,89.9
20260723T100038Z,26.0,90.1
20260723T100053Z,26.1,90.5
20260723T100108Z,26.1,90.6
20260723T100123Z,26.1,90.9
20260723T100138Z,26.1,91.1
20260723T100153Z,26.1,91.0
20260723T100208Z,26.2,91.4
20260723T100223Z,26.2,91.6
20260723T100238Z,26.2,91.9
20260723T100253Z,26.2,90.8
20260723T100308Z,26.3,90.2
20260723T100323Z,26.2,88.8
20260723T100338Z,26.2,88.6
20260723T100353Z,26.2,87.4
20260723T100408Z,26.1,86.8
20260723T100423Z,26.1,85.7
20260723T100438Z,26.0,85.0
20260723T100453Z,26.0,84.8
20260723T100508Z,25.9,84.3
20260723T100523Z,25.8,83.6
20260723T100538Z,25.8,82.7
20260723T100553Z,25.7,82.1
20260723T100608Z,25.7,82.1
20260723T100623Z,25.6,80.9
20260723T100638Z,25.6,80.6
20260723T100653Z,25.5,79.7
20260723T100708Z,25.5,79.5
20260723T100723Z,25.4,78.5
20260723T100738Z,25.4,77.3
20260723T100753Z,25.3,76.6
20260723T100808Z,25.3,76.5
20260723T100823Z,25.2,76.3
20260723T100838Z,25.2,75.5
20260723T100853Z,25.2,75.3
20260723T100908Z,25.2,74.3
20260723T100923Z,25.1,73.7
20260723T100938Z,25.1,73.5
20260723T100953Z,25.1,74.9
20260723T101008Z,25.1,76.7
20260723T101023Z,25.1,78.4
20260723T101038Z,25.1,78.7
20260723T101053Z,25.1,79.0
20260723T101108Z,25.1,79.7
20260723T101123Z,25.1,80.4
20260723T101138Z,25.1,80.5
20260723T101153Z,25.1,81.3
20260723T101208Z,25.2,81.7
20260723T101223Z,25.2,82.2
20260723T101238Z,25.2,82.7
20260723T101253Z,25.2,83.2
20260723T101308Z,25.2,83.5
20260723T101323Z,25.3,83.8
20260723T101338Z,25.3,84.3
20260723T101353Z,25.3,84.9
20260723T101408Z,25.4,85.0
20260723T101423Z,25.4,85.1
20260723T101438Z,25.4,85.6
20260723T101453Z,25.5,85.9
20260723T101508Z,25.5,86.2
20260723T101523Z,25.5,86.6
20260723T101538Z,25.6,86.7
20260723T101553Z,25.6,87.0
20260723T101608Z,25.6,87.3
20260723T101623Z,25.7,87.6
20260723T101638Z,25.7,87.8
20260723T101653Z,25.7,88.0
20260723T101708Z,25.8,88.2
20260723T101723Z,25.8,88.5
20260723T101738Z,25.8,88.6
20260723T101753Z,25.8,88.9
20260723T101808Z,25.9,89.0
20260723T101823Z,25.9,89.2
20260723T101838Z,25.9,89.3
20260723T101853Z,26.0,89.5
20260723T101908Z,26.0,89.7
20260723T101924Z,26.0,89.8
20260723T101939Z,26.1,89.9
20260723T101953Z,26.1,90.0
20260723T102008Z,26.1,90.2
20260723T102023Z,26.1,90.3
20260723T102038Z,26.2,90.4
20260723T102053Z,26.2,90.5
20260723T102108Z,26.2,90.8
20260723T102123Z,26.2,90.8
20260723T102138Z,26.3,90.9
20260723T102153Z,26.3,91.0
20260723T102208Z,26.3,90.4
20260723T102223Z,26.4,90.1
20260723T102238Z,26.3,88.2
20260723T102253Z,26.3,88.0
20260723T102308Z,26.2,86.5
20260723T102323Z,26.2,86.2
20260723T102338Z,26.1,85.0
20260723T102353Z,26.0,85.0
20260723T102408Z,26.0,84.0
20260723T102423Z,25.9,83.1
20260723T102438Z,25.8,82.5
20260723T102453Z,25.7,82.1
20260723T102508Z,25.6,81.7
20260723T102523Z,25.6,80.7
20260723T102538Z,25.5,79.8
20260723T102553Z,25.4,78.7
20260723T102608Z,25.2,78.4
20260723T102623Z,25.2,78.3
20260723T102638Z,25.0,78.1
20260723T102653Z,25.0,77.3
20260723T102708Z,24.9,77.2
20260723T102723Z,24.9,76.7
20260723T102738Z,24.9,77.9
20260723T102753Z,24.8,79.5
20260723T102808Z,24.8,81.1
20260723T102823Z,24.9,82.3
20260723T102838Z,24.9,82.6
20260723T102853Z,24.9,82.6
20260723T102908Z,25.0,83.1
20260723T102924Z,25.0,83.5
20260723T102939Z,25.0,83.7
20260723T102953Z,25.0,83.9
20260723T103008Z,25.1,84.3
20260723T103024Z,25.1,84.6
20260723T103039Z,25.1,85.0
20260723T103053Z,25.2,85.3
20260723T103108Z,25.2,85.7
20260723T103124Z,25.2,85.8
20260723T103139Z,25.3,86.3
20260723T103153Z,25.3,86.6
20260723T103208Z,25.3,86.7
20260723T103223Z,25.3,87.0
20260723T103238Z,25.4,87.1
20260723T103253Z,25.4,87.7
20260723T103308Z,25.5,87.9
20260723T103323Z,25.5,88.1
20260723T103338Z,25.5,88.3
20260723T103353Z,25.5,88.6
20260723T103408Z,25.6,88.7
20260723T103423Z,25.6,89.0
20260723T103438Z,25.6,89.0
20260723T103453Z,25.7,89.3
20260723T103508Z,25.7,89.5
20260723T103523Z,25.7,89.6
20260723T103538Z,25.7,89.8
20260723T103553Z,25.8,89.9
20260723T103608Z,25.8,90.1
20260723T103623Z,25.8,90.2
20260723T103638Z,25.8,90.3
20260723T103653Z,25.9,90.4
20260723T103708Z,25.9,90.5
20260723T103723Z,25.9,90.6
20260723T103738Z,25.9,90.7
20260723T103753Z,26.0,90.7
20260723T103808Z,26.0,91.0
20260723T103823Z,26.0,91.0
20260723T103838Z,26.0,91.1
20260723T103853Z,26.1,91.0
20260723T103908Z,26.1,91.2
20260723T103923Z,26.1,91.3
20260723T103938Z,26.1,91.4
20260723T103953Z,26.2,91.4
20260723T104008Z,26.2,91.5
20260723T104023Z,26.2,91.5
20260723T104038Z,26.2,91.6
20260723T104053Z,26.3,91.7
20260723T104108Z,26.3,91.6
20260723T104123Z,26.3,91.7
20260723T104138Z,26.3,91.6
20260723T104153Z,26.3,91.7
20260723T104208Z,26.4,91.8
20260723T104223Z,26.4,91.8
20260723T104238Z,26.4,90.8
20260723T104253Z,26.4,90.5
20260723T104308Z,26.4,89.0
20260723T104323Z,26.4,88.7
20260723T104338Z,26.3,87.5
20260723T104353Z,26.3,86.9
20260723T104408Z,26.2,86.6
20260723T104423Z,26.1,85.6
20260723T104438Z,26.0,85.1
20260723T104453Z,26.0,83.6
20260723T104508Z,25.9,83.5
20260723T104523Z,25.8,83.2
20260723T104538Z,25.7,82.1
20260723T104553Z,25.6,81.2
20260723T104608Z,25.5,81.3
20260723T104623Z,25.4,79.8
20260723T104638Z,25.3,80.2
20260723T104653Z,25.2,79.4
20260723T104708Z,25.2,78.4
20260723T104723Z,25.1,77.6
20260723T104738Z,25.0,77.5
20260723T104753Z,24.9,79.3
20260723T104808Z,24.9,80.7
20260723T104823Z,24.9,82.2
20260723T104838Z,24.9,83.1
20260723T104853Z,24.9,83.6
20260723T104908Z,24.9,83.8
20260723T104923Z,25.0,84.1
20260723T104938Z,25.0,84.5
20260723T104953Z,25.0,85.0
20260723T105008Z,25.0,85.2
20260723T105023Z,25.1,85.7
20260723T105038Z,25.1,86.0
20260723T105053Z,25.1,86.3
20260723T105108Z,25.2,86.5
20260723T105123Z,25.2,86.6
20260723T105138Z,25.2,87.1
20260723T105153Z,25.3,87.5
20260723T105208Z,25.3,87.7
20260723T105223Z,25.3,87.8
20260723T105238Z,25.3,88.3
20260723T105253Z,25.4,88.3
20260723T105308Z,25.4,88.5
20260723T105323Z,25.4,88.9
20260723T105338Z,25.5,89.0
20260723T105353Z,25.5,89.2
20260723T105408Z,25.5,89.5
20260723T105423Z,25.6,89.8
20260723T105438Z,25.6,90.0
20260723T105454Z,25.6,90.0
20260723T105508Z,25.6,90.3
20260723T105523Z,25.7,90.3
20260723T105538Z,25.7,90.5
20260723T105553Z,25.7,90.5
20260723T105608Z,25.8,90.7
20260723T105623Z,25.8,91.0
20260723T105638Z,25.8,91.0
20260723T105653Z,25.8,91.1
20260723T105708Z,25.9,91.1
20260723T105723Z,25.9,91.2
20260723T105738Z,25.9,91.3
20260723T105753Z,25.9,91.4
20260723T105808Z,26.0,91.6
20260723T105824Z,26.0,91.7
20260723T105839Z,26.0,91.7
20260723T105853Z,26.0,91.7
20260723T105908Z,26.1,91.9
20260723T105924Z,26.1,92.0
20260723T105939Z,26.1,91.9
20260723T105953Z,26.1,92.0
20260723T110009Z,26.2,92.0
20260723T110023Z,26.2,92.0
20260723T110038Z,26.2,92.0
20260723T110053Z,26.3,92.1
20260723T110109Z,26.3,92.1
20260723T110123Z,26.3,92.1
20260723T110138Z,26.3,92.1
20260723T110153Z,26.4,92.1
20260723T110208Z,26.4,92.0
20260723T110223Z,26.4,91.6
20260723T110238Z,26.4,91.4
20260723T110253Z,26.4,89.1
20260723T110308Z,26.3,88.9
20260723T110323Z,26.3,88.2
20260723T110338Z,26.2,88.4
20260723T110353Z,26.2,86.9
20260723T110408Z,26.1,86.1
20260723T110423Z,26.0,85.6
20260723T110438Z,25.9,84.7
20260723T110453Z,25.9,84.1
20260723T110508Z,25.8,83.6
20260723T110523Z,25.7,82.5
20260723T110538Z,25.6,81.8
20260723T110554Z,25.5,81.1
20260723T110608Z,25.4,80.7
20260723T110624Z,25.3,80.1
20260723T110638Z,25.2,79.0
20260723T110654Z,25.1,78.7
20260723T110708Z,24.9,78.9
20260723T110724Z,24.9,78.8
20260723T110738Z,24.8,80.3
20260723T110753Z,24.8,81.6
20260723T110808Z,24.8,82.7
20260723T110824Z,24.8,83.9
20260723T110838Z,24.9,84.6
20260723T110854Z,24.9,84.8
20260723T110908Z,24.9,85.0
20260723T110924Z,24.9,85.1
20260723T110938Z,25.0,85.5
20260723T110954Z,25.0,85.8
20260723T111008Z,25.1,86.2
20260723T111024Z,25.1,86.4
20260723T111038Z,25.1,86.5
20260723T111054Z,25.2,87.0
20260723T111109Z,25.2,87.1
20260723T111123Z,25.2,87.6
20260723T111139Z,25.2,87.9
20260723T111153Z,25.3,88.1
20260723T111208Z,25.3,88.3
20260723T111223Z,25.3,88.5
20260723T111239Z,25.4,88.8
20260723T111253Z,25.4,88.9
20260723T111309Z,25.4,89.2
20260723T111323Z,25.5,89.4
20260723T111339Z,25.5,89.7
20260723T111353Z,25.5,89.6
20260723T111409Z,25.6,89.9
20260723T111423Z,25.6,90.0
20260723T111439Z,25.6,90.4
20260723T111453Z,25.6,90.3
20260723T111508Z,25.7,90.6
20260723T111524Z,25.7,90.7
20260723T111538Z,25.7,90.8
20260723T111554Z,25.7,90.9
20260723T111608Z,25.8,91.2
20260723T111624Z,25.8,91.2
20260723T111638Z,25.8,91.2
20260723T111654Z,25.8,91.3
20260723T111708Z,25.9,91.5
20260723T111724Z,25.9,91.6
20260723T111738Z,25.9,91.6
20260723T111754Z,25.9,91.8
20260723T111809Z,26.0,91.8
20260723T111824Z,26.0,91.8
20260723T111838Z,26.0,91.9
20260723T111854Z,26.0,92.0
20260723T111908Z,26.1,91.9
20260723T111924Z,26.1,91.8
20260723T111938Z,26.1,92.0
20260723T111954Z,26.2,91.9
20260723T112008Z,26.2,92.0
20260723T112023Z,26.2,92.0
20260723T112039Z,26.2,92.0
20260723T112053Z,26.3,92.1
20260723T112109Z,26.3,92.1
20260723T112124Z,26.3,92.0
20260723T112138Z,26.3,92.0
20260723T112153Z,26.3,92.1
20260723T112209Z,26.4,92.0
20260723T112223Z,26.4,92.0
20260723T112239Z,26.4,92.0
20260723T112253Z,26.4,92.0
20260723T112309Z,26.5,92.0
20260723T112323Z,26.5,91.6
20260723T112338Z,26.5,91.4
20260723T112354Z,26.5,89.5
20260723T112408Z,26.4,89.0
20260723T112424Z,26.4,88.9
20260723T112439Z,26.3,87.7
20260723T112453Z,26.3,86.3
20260723T112509Z,26.2,85.6
20260723T112523Z,26.0,85.5
20260723T112539Z,26.0,84.9
20260723T112553Z,25.9,84.1
20260723T112609Z,25.8,84.2
20260723T112623Z,25.7,82.5
20260723T112639Z,25.6,82.5
20260723T112653Z,25.5,82.3
20260723T112709Z,25.5,82.2
20260723T112723Z,25.4,80.5
20260723T112739Z,25.3,80.1
20260723T112753Z,25.2,79.9
20260723T112808Z,25.1,79.1
20260723T112823Z,25.1,78.2
20260723T112839Z,25.0,78.3
20260723T112853Z,25.0,77.6
20260723T112909Z,24.9,77.1
20260723T112923Z,24.9,75.8
20260723T112939Z,24.8,75.7
20260723T112953Z,24.8,75.2
20260723T113009Z,24.7,74.7
20260723T113023Z,24.7,74.2
20260723T113039Z,24.6,73.8
20260723T113053Z,24.6,73.1
20260723T113108Z,24.6,72.9
20260723T113123Z,24.6,72.1
20260723T113138Z,24.6,71.6
20260723T113154Z,24.6,70.9
20260723T113208Z,24.5,70.5
20260723T113224Z,24.5,70.1
20260723T113238Z,24.5,69.9
20260723T113254Z,24.5,69.1
20260723T113308Z,24.5,68.8
20260723T113324Z,24.5,70.1
20260723T113338Z,24.5,71.8
20260723T113354Z,24.5,73.5
20260723T113408Z,24.6,74.7
20260723T113424Z,24.6,74.9
20260723T113439Z,24.6,75.5
20260723T113453Z,24.6,75.9
20260723T113509Z,24.6,76.6
20260723T113524Z,24.6,77.4
20260723T113538Z,24.6,78.0
20260723T113554Z,24.6,78.6
20260723T113608Z,24.7,79.4
20260723T113624Z,24.7,79.9
20260723T113638Z,24.7,80.2
20260723T113654Z,24.7,81.0
20260723T113708Z,24.8,81.5
20260723T113724Z,24.8,81.9
20260723T113739Z,24.8,82.2
20260723T113754Z,24.8,82.8
20260723T113808Z,24.9,83.3
20260723T113824Z,24.9,83.7
20260723T113838Z,25.0,83.6
20260723T113854Z,25.0,84.2
20260723T113908Z,25.0,84.7
20260723T113924Z,25.1,85.2
20260723T113938Z,25.1,85.2
20260723T113954Z,25.1,85.4
20260723T114008Z,25.2,85.8
20260723T114024Z,25.2,86.1
20260723T114038Z,25.2,86.3
20260723T114053Z,25.3,86.4
20260723T114109Z,25.3,86.6
20260723T114123Z,25.3,86.9
20260723T114139Z,25.3,86.8
20260723T114153Z,25.4,86.7
20260723T114209Z,25.3,84.9
20260723T114223Z,25.3,84.4
20260723T114239Z,25.3,83.3
20260723T114253Z,25.3,82.8
20260723T114309Z,25.3,81.8
20260723T114323Z,25.2,81.2
20260723T114338Z,25.1,80.7
20260723T114353Z,25.1,79.5
20260723T114409Z,25.0,78.5
20260723T114424Z,24.9,78.4
20260723T114438Z,24.8,77.9
20260723T114454Z,24.8,77.3
20260723T114508Z,24.8,77.0
20260723T114524Z,24.7,75.9
20260723T114538Z,24.7,75.4
20260723T114554Z,24.7,75.0
20260723T114608Z,24.7,74.0
20260723T114623Z,24.6,73.4
20260723T114639Z,24.6,73.2
20260723T114653Z,24.6,72.1
20260723T114708Z,24.5,72.7
20260723T114724Z,24.5,71.9
20260723T114738Z,24.5,71.4
20260723T114754Z,24.4,71.0
20260723T114808Z,24.4,71.6
20260723T114824Z,24.4,73.4
20260723T114838Z,24.4,74.6
20260723T114854Z,24.4,75.9
20260723T114908Z,24.5,76.9
20260723T114924Z,24.5,77.9
20260723T114938Z,24.5,77.9
20260723T114954Z,24.5,78.2
20260723T115008Z,24.5,79.1
20260723T115023Z,24.6,79.4
20260723T115038Z,24.6,80.0
20260723T115054Z,24.6,80.2
20260723T115108Z,24.6,81.0
20260723T115124Z,24.7,81.2
20260723T115138Z,24.7,81.7
20260723T115154Z,24.7,82.3
20260723T115208Z,24.8,82.7
20260723T115223Z,24.8,83.0
20260723T115239Z,24.8,83.3
20260723T115253Z,24.9,83.7
20260723T115309Z,24.9,84.1
20260723T115324Z,24.9,84.5
20260723T115338Z,25.0,84.8
20260723T115353Z,25.0,85.1
20260723T115409Z,25.0,85.3
20260723T115423Z,25.1,85.6
20260723T115439Z,25.1,85.9
20260723T115453Z,25.1,86.1
20260723T115509Z,25.2,86.4
20260723T115523Z,25.2,86.6
20260723T115539Z,25.2,86.9
20260723T115553Z,25.3,87.0
20260723T115608Z,25.3,87.4
20260723T115623Z,25.3,87.4
20260723T115639Z,25.4,87.7
20260723T115653Z,25.4,87.2
20260723T115709Z,25.4,85.6
20260723T115723Z,25.4,84.4
20260723T115739Z,25.4,84.3
20260723T115753Z,25.3,83.2
20260723T115809Z,25.3,82.6
20260723T115823Z,25.3,81.7
20260723T115839Z,25.2,80.9
20260723T115853Z,25.2,80.1
20260723T115908Z,25.1,79.9
20260723T115923Z,25.0,78.8
20260723T115938Z,25.0,78.0
20260723T115954Z,24.9,77.7
20260723T120008Z,24.9,77.4
20260723T120024Z,24.8,76.7
20260723T120038Z,24.8,76.2
20260723T120054Z,24.8,74.4
20260723T120108Z,24.7,74.5
20260723T120124Z,24.6,73.9
20260723T120138Z,24.6,73.1
20260723T120154Z,24.5,72.6
20260723T120209Z,24.5,72.2
20260723T120225Z,24.4,72.0
20260723T120239Z,24.4,71.8
20260723T120254Z,24.4,71.1
20260723T120309Z,24.4,70.7
20260723T120324Z,24.4,69.7
20260723T120339Z,24.3,69.1
20260723T120354Z,24.3,69.0
20260723T120409Z,24.3,70.4
20260723T120423Z,24.3,72.1
20260723T120439Z,24.3,74.0
20260723T120453Z,24.3,75.1
20260723T120509Z,24.3,75.6
20260723T120523Z,24.3,76.1
20260723T120539Z,24.4,76.7
20260723T120554Z,24.4,77.3
20260723T120609Z,24.4,77.9
20260723T120624Z,24.5,78.6
20260723T120639Z,24.5,78.9
20260723T120654Z,24.5,79.0
20260723T120709Z,24.5,79.9
20260723T120724Z,24.6,80.3
20260723T120739Z,24.6,81.0
20260723T120754Z,24.6,81.5
20260723T120809Z,24.7,81.6
20260723T120824Z,24.7,81.8
20260723T120839Z,24.7,82.6
20260723T120854Z,24.8,82.9
20260723T120909Z,24.8,83.2
20260723T120924Z,24.8,83.6
20260723T120939Z,24.9,83.8
20260723T120954Z,24.9,84.3
20260723T121009Z,24.9,84.5
20260723T121024Z,24.9,84.9
20260723T121039Z,25.0,85.3
20260723T121054Z,25.0,85.5
20260723T121109Z,25.0,85.6
20260723T121124Z,25.1,86.0
20260723T121139Z,25.1,86.3
20260723T121154Z,25.2,86.3
20260723T121209Z,25.2,86.8
20260723T121224Z,25.2,86.9
20260723T121239Z,25.3,87.1
20260723T121254Z,25.3,87.3
20260723T121309Z,25.3,87.3
20260723T121324Z,25.4,87.8
20260723T121339Z,25.4,86.6
20260723T121354Z,25.4,86.7
20260723T121409Z,25.4,84.9
20260723T121424Z,25.4,84.4
20260723T121439Z,25.3,83.3
20260723T121454Z,25.3,83.0
20260723T121509Z,25.2,81.7
20260723T121524Z,25.2,81.5
20260723T121539Z,25.1,80.6
20260723T121554Z,25.1,80.1
20260723T121609Z,25.0,79.4
20260723T121624Z,25.0,78.3
20260723T121639Z,24.9,78.2
20260723T121654Z,24.9,77.3
20260723T121709Z,24.8,76.8
20260723T121724Z,24.7,76.2
20260723T121739Z,24.7,75.4
20260723T121754Z,24.7,75.4
20260723T121809Z,24.7,74.5
20260723T121824Z,24.6,73.3
20260723T121839Z,24.6,72.9
20260723T121854Z,24.6,72.2
20260723T121909Z,24.5,71.9
20260723T121924Z,24.5,70.8
20260723T121939Z,24.4,70.2
20260723T121954Z,24.4,70.1
20260723T122009Z,24.3,69.2
20260723T122025Z,24.3,68.8
20260723T122039Z,24.2,68.9
20260723T122054Z,24.2,70.5
20260723T122109Z,24.2,72.7
20260723T122124Z,24.2,74.4
20260723T122139Z,24.2,75.2
20260723T122154Z,24.3,75.6
20260723T122209Z,24.3,76.3
20260723T122225Z,24.3,76.7
20260723T122239Z,24.3,77.2
20260723T122254Z,24.3,77.9
20260723T122309Z,24.4,78.4
20260723T122324Z,24.4,78.8
20260723T122339Z,24.4,79.3
20260723T122354Z,24.5,79.7
20260723T122409Z,24.5,80.3
20260723T122424Z,24.5,80.7
20260723T122439Z,24.5,81.1
20260723T122454Z,24.6,81.5
20260723T122509Z,24.6,81.8
20260723T122525Z,24.7,82.3
20260723T122539Z,24.7,82.5
20260723T122554Z,24.7,82.9
20260723T122609Z,24.7,83.2
20260723T122624Z,24.8,83.7
20260723T122639Z,24.8,84.0
20260723T122654Z,24.9,84.4
20260723T122709Z,24.9,84.6
20260723T122724Z,24.9,85.1
20260723T122739Z,24.9,85.3
20260723T122754Z,25.0,85.5
20260723T122809Z,25.0,85.6
20260723T122824Z,25.0,86.0
20260723T122839Z,25.1,86.1
20260723T122854Z,25.1,86.5
20260723T122909Z,25.1,86.8
20260723T122924Z,25.2,86.8
20260723T122939Z,25.2,87.0
20260723T122954Z,25.2,87.3
20260723T123009Z,25.3,87.6
20260723T123024Z,25.3,87.5
20260723T123039Z,25.3,87.8
20260723T123054Z,25.3,87.1
20260723T123109Z,25.3,85.5
20260723T123124Z,25.3,85.0
20260723T123139Z,25.3,84.3
20260723T123154Z,25.2,83.1
20260723T123209Z,25.2,83.4
20260723T123224Z,25.2,82.1
20260723T123239Z,25.1,81.3
20260723T123254Z,25.0,80.7
20260723T123309Z,25.0,79.6
20260723T123324Z,24.9,79.6
20260723T123339Z,24.9,78.4
20260723T123354Z,24.8,77.9
20260723T123409Z,24.7,76.8
20260723T123424Z,24.7,77.0
20260723T123439Z,24.6,76.1
20260723T123454Z,24.5,76.0
20260723T123509Z,24.5,75.1
20260723T123524Z,24.5,74.1
20260723T123539Z,24.4,73.8
20260723T123554Z,24.3,73.5
20260723T123609Z,24.3,73.5
20260723T123624Z,24.3,72.7
20260723T123639Z,24.2,72.1
20260723T123654Z,24.2,71.5
20260723T123709Z,24.2,71.1
20260723T123724Z,24.2,70.4
20260723T123739Z,24.2,69.9
20260723T123754Z,24.2,70.7
20260723T123809Z,24.2,72.1
20260723T123824Z,24.2,74.0
20260723T123839Z,24.2,75.4
20260723T123854Z,24.3,75.8
20260723T123909Z,24.3,76.2
20260723T123924Z,24.3,77.4
20260723T123939Z,24.3,78.0
20260723T123954Z,24.4,78.2
20260723T124009Z,24.4,78.9
20260723T124024Z,24.4,79.1
20260723T124039Z,24.4,79.9
20260723T124054Z,24.4,80.3
20260723T124109Z,24.5,80.5
20260723T124124Z,24.5,81.2
20260723T124139Z,24.5,81.8
20260723T124154Z,24.6,81.7
20260723T124209Z,24.6,82.2
20260723T124224Z,24.6,82.7
20260723T124239Z,24.6,83.0
20260723T124254Z,24.7,83.4
20260723T124309Z,24.7,83.8
20260723T124324Z,24.7,83.9
20260723T124339Z,24.8,84.6
20260723T124354Z,24.8,84.9
20260723T124409Z,24.8,84.9
20260723T124424Z,24.8,85.3
20260723T124439Z,24.9,85.6
20260723T124454Z,24.9,85.7
20260723T124509Z,24.9,86.1
20260723T124524Z,25.0,86.3
20260723T124539Z,25.0,86.5
20260723T124554Z,25.0,86.7
20260723T124609Z,25.1,86.9
20260723T124624Z,25.1,87.1
20260723T124639Z,25.1,87.2
20260723T124654Z,25.1,87.5
20260723T124709Z,25.2,87.7
20260723T124724Z,25.2,87.9
20260723T124739Z,25.2,88.1
20260723T124754Z,25.3,88.3
20260723T124809Z,25.3,87.1
20260723T124824Z,25.3,86.8
20260723T124839Z,25.3,85.3
20260723T124854Z,25.3,85.1
20260723T124909Z,25.2,83.8
20260723T124924Z,25.2,83.1
20260723T124939Z,25.1,82.6
20260723T124954Z,25.1,82.0
20260723T125009Z,25.0,81.0
20260723T125024Z,24.9,80.5
20260723T125039Z,24.9,79.6
20260723T125054Z,24.8,79.2
20260723T125109Z,24.8,78.0
20260723T125124Z,24.7,77.3
20260723T125139Z,24.6,76.8
20260723T125154Z,24.6,76.1
20260723T125209Z,24.5,75.3
20260723T125224Z,24.4,75.5
20260723T125239Z,24.4,75.0
20260723T125254Z,24.3,74.5
20260723T125309Z,24.3,73.7
20260723T125324Z,24.3,72.6
20260723T125339Z,24.3,72.1
20260723T125354Z,24.2,71.7
20260723T125409Z,24.2,71.0
20260723T125424Z,24.1,70.3
20260723T125439Z,24.1,70.6
20260723T125454Z,24.1,72.4
20260723T125509Z,24.1,74.3
20260723T125524Z,24.1,76.1
20260723T125539Z,24.1,76.7
20260723T125554Z,24.1,77.1
20260723T125609Z,24.1,77.4
20260723T125624Z,24.2,78.2
20260723T125639Z,24.2,78.8
20260723T125654Z,24.2,79.1
20260723T125709Z,24.3,79.7
20260723T125724Z,24.3,80.1
20260723T125739Z,24.3,80.1
20260723T125754Z,24.4,80.8
20260723T125809Z,24.4,81.3
20260723T125824Z,24.4,81.7
20260723T125839Z,24.5,82.1
20260723T125854Z,24.5,82.6
20260723T125909Z,24.5,82.7
20260723T125924Z,24.5,83.1
20260723T125939Z,24.6,83.6
20260723T125954Z,24.6,84.0
20260723T130009Z,24.6,84.2
20260723T130024Z,24.7,84.4
20260723T130039Z,24.7,84.9
20260723T130054Z,24.7,85.0
20260723T130109Z,24.8,85.2
20260723T130124Z,24.8,85.4
20260723T130139Z,24.8,85.9
20260723T130154Z,24.9,86.0
20260723T130209Z,24.9,86.4
20260723T130224Z,24.9,86.6
20260723T130239Z,25.0,86.7
20260723T130254Z,25.0,87.0
20260723T130309Z,25.0,87.1
20260723T130324Z,25.1,87.3
20260723T130339Z,25.1,87.6
20260723T130354Z,25.1,87.8
20260723T130409Z,25.1,87.8
20260723T130424Z,25.2,88.1
20260723T130439Z,25.2,88.1
20260723T130454Z,25.2,88.4
20260723T130509Z,25.3,88.5
20260723T130524Z,25.3,88.7
20260723T130539Z,25.3,87.8
20260723T130554Z,25.3,86.8
20260723T130609Z,25.3,85.6
20260723T130624Z,25.2,84.8
20260723T130639Z,25.2,84.0
20260723T130654Z,25.1,83.4
20260723T130709Z,25.1,83.0
20260723T130724Z,25.0,82.2
20260723T130739Z,25.0,81.4
20260723T130754Z,24.9,80.6
20260723T130809Z,24.8,79.7
20260723T130824Z,24.8,79.2
20260723T130839Z,24.7,78.9
20260723T130854Z,24.6,79.0
20260723T130909Z,24.6,77.8
20260723T130924Z,24.6,77.1
20260723T130939Z,24.5,77.0
20260723T130954Z,24.5,75.3
20260723T131009Z,24.5,74.3
20260723T131024Z,24.4,73.9
20260723T131039Z,24.4,72.7
20260723T131054Z,24.3,72.5
20260723T131109Z,24.2,73.0
20260723T131124Z,24.2,74.2
20260723T131139Z,24.2,76.5
20260723T131154Z,24.2,77.7
20260723T131209Z,24.2,78.6
20260723T131224Z,24.2,79.3
20260723T131239Z,24.2,79.3
20260723T131254Z,24.3,80.0
20260723T131309Z,24.3,80.5
20260723T131324Z,24.3,81.2
20260723T131339Z,24.3,81.3
20260723T131354Z,24.4,81.8
20260723T131409Z,24.4,82.2
20260723T131424Z,24.4,82.5
20260723T131439Z,24.5,83.1
20260723T131454Z,24.5,83.3
20260723T131509Z,24.5,83.9
20260723T131524Z,24.6,84.3
20260723T131539Z,24.6,84.5
20260723T131554Z,24.6,84.8
20260723T131609Z,24.6,85.2
20260723T131624Z,24.7,85.3
20260723T131639Z,24.7,85.5
20260723T131654Z,24.7,85.8
20260723T131709Z,24.8,86.3
20260723T131724Z,24.8,86.4
20260723T131739Z,24.8,86.6
20260723T131754Z,24.9,86.9
20260723T131809Z,24.9,87.1
20260723T131824Z,24.9,87.0
20260723T131839Z,25.0,87.5
20260723T131854Z,25.0,87.7
20260723T131909Z,25.0,87.8
20260723T131924Z,25.1,88.1
20260723T131939Z,25.1,88.3
20260723T131954Z,25.1,88.3
20260723T132009Z,25.1,88.5
20260723T132024Z,25.2,88.8
20260723T132039Z,25.2,88.9
20260723T132054Z,25.2,89.0
20260723T132109Z,25.3,89.0
20260723T132124Z,25.3,89.3
20260723T132139Z,25.3,89.3
20260723T132154Z,25.4,89.5
20260723T132209Z,25.4,89.7
20260723T132224Z,25.5,89.5
20260723T132239Z,25.5,89.7
20260723T132254Z,25.5,89.8
20260723T132309Z,25.6,90.0
20260723T132324Z,25.6,89.9
20260723T132339Z,25.6,90.1
20260723T132354Z,25.6,90.3
20260723T132409Z,25.6,90.3
20260723T132424Z,25.7,90.3
20260723T132439Z,25.7,90.5
20260723T132454Z,25.7,90.5
20260723T132509Z,25.7,90.6
20260723T132524Z,25.7,90.7
20260723T132539Z,25.8,90.8
20260723T132554Z,25.8,90.9
20260723T132609Z,25.8,90.9
20260723T132624Z,25.8,91.0
20260723T132639Z,25.8,91.0
20260723T132654Z,25.8,91.2
20260723T132709Z,25.9,91.2
20260723T132724Z,25.9,91.3
20260723T132739Z,25.9,91.2
20260723T132754Z,25.9,91.3
20260723T132809Z,25.9,91.4
20260723T132824Z,26.0,91.5
20260723T132839Z,26.0,91.5
20260723T132854Z,26.0,91.5
20260723T132909Z,26.0,91.6
20260723T132924Z,26.0,91.6
20260723T132939Z,26.0,91.7
20260723T132954Z,26.0,91.7
20260723T133009Z,26.1,91.8
20260723T133024Z,26.1,91.8
20260723T133039Z,26.1,91.8
20260723T133054Z,26.1,91.7
20260723T133109Z,26.1,91.7
20260723T133124Z,26.1,91.8
20260723T133139Z,26.2,91.8
20260723T133154Z,26.2,91.7
20260723T133209Z,26.2,91.7
20260723T133224Z,26.2,91.8
20260723T133239Z,26.2,91.8
20260723T133254Z,26.3,91.8
20260723T133309Z,26.3,91.8
20260723T133324Z,26.3,91.8
20260723T133339Z,26.3,91.7
20260723T133354Z,26.3,91.8
20260723T133409Z,26.4,91.8
20260723T133424Z,26.4,91.8
20260723T133439Z,26.4,91.8
20260723T133454Z,26.4,91.7
20260723T133509Z,26.4,91.2
20260723T133524Z,26.4,91.4
20260723T133539Z,26.4,89.4
20260723T133554Z,26.4,89.1
20260723T133609Z,26.3,88.2
20260723T133624Z,26.3,87.8
20260723T133639Z,26.2,86.9
20260723T133654Z,26.1,85.6
20260723T133709Z,26.0,84.8
20260723T133724Z,25.9,83.9
20260723T133739Z,25.8,83.5
20260723T133754Z,25.7,83.0
20260723T133809Z,25.6,82.5
20260723T133824Z,25.5,82.2
20260723T133839Z,25.4,81.3
20260723T133854Z,25.3,81.4
20260723T133909Z,25.2,81.1
20260723T133924Z,25.1,80.5
20260723T133939Z,25.1,80.1
20260723T133954Z,25.0,77.7
20260723T134009Z,24.9,77.3
20260723T134024Z,24.8,78.4
20260723T134039Z,24.8,79.8
20260723T134054Z,24.7,81.2
20260723T134109Z,24.7,82.7
20260723T134124Z,24.7,83.4
20260723T134139Z,24.7,83.9
20260723T134154Z,24.7,84.2
20260723T134209Z,24.8,84.6
20260723T134224Z,24.8,85.0
20260723T134239Z,24.8,85.4
20260723T134254Z,24.8,85.5
20260723T134309Z,24.9,86.0
20260723T134324Z,24.9,86.3
20260723T134339Z,24.9,86.5
20260723T134354Z,25.0,87.0
20260723T134409Z,25.0,87.3
20260723T134424Z,25.0,87.6
20260723T134439Z,25.1,87.7
20260723T134454Z,25.1,88.0
20260723T134509Z,25.1,88.3
20260723T134524Z,25.1,88.5
20260723T134539Z,25.2,88.7
20260723T134554Z,25.2,89.0
20260723T134609Z,25.2,89.2
20260723T134624Z,25.3,89.5
20260723T134639Z,25.3,89.6
20260723T134654Z,25.3,89.7
20260723T134709Z,25.4,89.9
20260723T134724Z,25.4,90.2
20260723T134739Z,25.4,90.3
20260723T134754Z,25.4,90.4
20260723T134809Z,25.5,90.6
20260723T134824Z,25.5,90.8
20260723T134839Z,25.5,90.9
20260723T134854Z,25.5,90.9
20260723T134909Z,25.6,91.1
20260723T134924Z,25.6,91.2
20260723T134939Z,25.6,91.3
20260723T134954Z,25.7,91.4
20260723T135009Z,25.7,91.5
20260723T135024Z,25.7,91.6
20260723T135039Z,25.7,91.7
20260723T135054Z,25.7,91.8
20260723T135109Z,25.8,91.7
20260723T135124Z,25.8,91.9
20260723T135139Z,25.8,91.9
20260723T135154Z,25.9,92.0
20260723T135209Z,25.9,92.0
20260723T135224Z,25.9,92.0
20260723T135239Z,25.9,92.1
20260723T135254Z,26.0,92.1
20260723T135309Z,26.0,92.0
20260723T135324Z,26.0,92.2
20260723T135339Z,26.0,92.2
20260723T135354Z,26.0,92.2
20260723T135409Z,26.1,92.2
20260723T135424Z,26.1,92.2
20260723T135439Z,26.1,92.2
20260723T135454Z,26.1,92.2
20260723T135509Z,26.1,92.3
20260723T135524Z,26.2,92.3
20260723T135539Z,26.2,92.3
20260723T135554Z,26.2,92.3
20260723T135609Z,26.2,92.3
20260723T135624Z,26.3,92.3
20260723T135639Z,26.3,92.3
20260723T135654Z,26.3,92.3
20260723T135709Z,26.3,92.3
20260723T135724Z,26.3,92.3
20260723T135739Z,26.4,92.3
20260723T135754Z,26.4,92.2
20260723T135809Z,26.4,92.2
20260723T135824Z,26.4,91.4
20260723T135839Z,26.4,91.2
20260723T135854Z,26.4,89.5
20260723T135909Z,26.4,88.7
20260723T135924Z,26.3,88.6
20260723T135939Z,26.2,87.7
20260723T135954Z,26.2,87.0
20260723T140009Z,26.1,86.0
20260723T140024Z,26.0,84.7
20260723T140039Z,25.9,83.9
20260723T140054Z,25.8,83.9
20260723T140109Z,25.7,83.3
20260723T140124Z,25.6,82.9
20260723T140139Z,25.5,82.3
20260723T140154Z,25.4,81.5
20260723T140209Z,25.3,80.8
20260723T140224Z,25.2,80.8
20260723T140239Z,25.1,79.1
20260723T140254Z,25.0,79.6
20260723T140309Z,24.9,79.0
20260723T140324Z,24.8,79.0
20260723T140339Z,24.7,78.8
20260723T140354Z,24.7,80.3
20260723T140409Z,24.7,81.6
20260723T140424Z,24.7,82.6
20260723T140439Z,24.7,83.7
20260723T140454Z,24.7,83.7
20260723T140509Z,24.8,83.8
20260723T140524Z,24.8,84.8
20260723T140539Z,24.8,85.2
20260723T140554Z,24.8,85.1
20260723T140609Z,24.9,85.7
20260723T140624Z,24.9,86.2
20260723T140639Z,24.9,86.4
20260723T140654Z,25.0,86.6
20260723T140709Z,25.0,87.0
20260723T140724Z,25.0,87.4
20260723T140739Z,25.1,87.6
20260723T140754Z,25.1,87.9
20260723T140809Z,25.1,88.2
20260723T140824Z,25.2,88.4
20260723T140839Z,25.2,88.5
20260723T140854Z,25.2,88.9
20260723T140909Z,25.3,89.0
20260723T140924Z,25.3,89.3
20260723T140939Z,25.3,89.5
20260723T140954Z,25.3,89.7
20260723T141009Z,25.4,90.0
20260723T141024Z,25.4,90.1
20260723T141039Z,25.4,90.2
20260723T141054Z,25.5,90.4
20260723T141109Z,25.5,90.5
20260723T141124Z,25.5,90.6
20260723T141139Z,25.6,90.9
20260723T141154Z,25.6,91.0
20260723T141209Z,25.6,91.1
20260723T141224Z,25.6,91.2
20260723T141239Z,25.7,91.4
20260723T141254Z,25.7,91.4
20260723T141309Z,25.7,91.6
20260723T141324Z,25.7,91.6
20260723T141339Z,25.8,91.6
20260723T141354Z,25.8,91.8
20260723T141409Z,25.8,91.9
20260723T141424Z,25.8,91.9
20260723T141439Z,25.9,92.0
20260723T141454Z,25.9,92.0
20260723T141509Z,25.9,92.1
20260723T141524Z,25.9,92.1
20260723T141539Z,26.0,92.1
20260723T141554Z,26.0,92.2
20260723T141609Z,26.0,92.3
20260723T141624Z,26.0,92.3
20260723T141639Z,26.1,92.3
20260723T141654Z,26.1,92.3
20260723T141709Z,26.1,92.3
20260723T141724Z,26.1,92.3
20260723T141739Z,26.2,92.3
20260723T141754Z,26.2,92.4
20260723T141809Z,26.2,92.3
20260723T141824Z,26.2,92.4
20260723T141839Z,26.3,92.3
20260723T141854Z,26.3,92.3
20260723T141909Z,26.3,92.2
20260723T141924Z,26.3,92.3
20260723T141939Z,26.3,92.3
20260723T141954Z,26.4,92.3
20260723T142009Z,26.4,92.3
20260723T142024Z,26.4,92.2
20260723T142039Z,26.4,92.3
20260723T142054Z,26.4,91.2
20260723T142109Z,26.4,90.3
20260723T142124Z,26.4,89.0
20260723T142139Z,26.3,88.9
20260723T142154Z,26.3,87.6
20260723T142209Z,26.2,87.2
20260723T142224Z,26.2,86.7
20260723T142239Z,26.1,86.4
20260723T142254Z,26.0,84.7
20260723T142309Z,25.9,84.6
20260723T142324Z,25.8,83.8
20260723T142339Z,25.7,82.9
20260723T142354Z,25.6,82.6
20260723T142409Z,25.5,81.9
20260723T142424Z,25.4,81.5
20260723T142439Z,25.3,80.9
20260723T142454Z,25.2,80.4
20260723T142509Z,25.1,79.5
20260723T142524Z,25.0,79.2
20260723T142539Z,24.9,78.9
20260723T142554Z,24.9,78.3
20260723T142609Z,24.8,78.0
20260723T142624Z,24.7,78.9
20260723T142639Z,24.7,80.0
20260723T142654Z,24.7,81.8
20260723T142709Z,24.7,83.1
20260723T142724Z,24.7,83.5
20260723T142739Z,24.7,83.7
20260723T142754Z,24.7,84.4
20260723T142809Z,24.8,84.7
20260723T142824Z,24.8,84.9
20260723T142839Z,24.8,85.4
20260723T142854Z,24.9,85.8
20260723T142909Z,24.9,86.0
20260723T142924Z,24.9,86.4
20260723T142939Z,24.9,86.7
20260723T142954Z,25.0,87.1
20260723T143009Z,25.0,87.3
20260723T143024Z,25.1,87.6
20260723T143039Z,25.1,88.0
20260723T143054Z,25.1,88.0
20260723T143109Z,25.2,88.4
20260723T143124Z,25.2,88.4
20260723T143139Z,25.2,88.9
20260723T143154Z,25.3,89.0
20260723T143209Z,25.3,89.3
20260723T143224Z,25.3,89.4
20260723T143239Z,25.4,89.6
20260723T143254Z,25.4,89.8
20260723T143309Z,25.4,90.1
20260723T143324Z,25.5,90.3
20260723T143339Z,25.5,90.3
20260723T143354Z,25.5,90.4
20260723T143409Z,25.6,90.6
20260723T143424Z,25.6,90.8
20260723T143439Z,25.6,90.9
20260723T143454Z,25.6,91.1
20260723T143509Z,25.7,91.3
20260723T143524Z,25.7,91.3
20260723T143539Z,25.7,91.4
20260723T143554Z,25.7,91.5
20260723T143609Z,25.8,91.6
20260723T143624Z,25.8,91.7
20260723T143639Z,25.8,91.8
20260723T143654Z,25.8,91.9
20260723T143709Z,25.9,91.9
20260723T143724Z,25.9,91.9
20260723T143739Z,25.9,92.0
20260723T143754Z,25.9,92.0
20260723T143809Z,26.0,92.1
20260723T143824Z,26.0,92.2
20260723T143839Z,26.0,92.1
20260723T143854Z,26.0,92.0
20260723T143909Z,26.1,92.2
20260723T143924Z,26.1,92.2
20260723T143939Z,26.1,92.2
20260723T143954Z,26.2,92.2
20260723T144009Z,26.2,92.2
20260723T144024Z,26.2,92.2
20260723T144039Z,26.2,92.1
20260723T144054Z,26.2,92.3
20260723T144109Z,26.3,92.2
20260723T144124Z,26.3,92.2
20260723T144139Z,26.3,92.2
20260723T144154Z,26.3,92.3
20260723T144209Z,26.4,91.6
20260723T144224Z,26.3,90.0
20260723T144239Z,26.3,89.5
20260723T144254Z,26.3,88.7
20260723T144309Z,26.2,87.7
20260723T144324Z,26.2,87.0
20260723T144339Z,26.1,86.6
20260723T144354Z,26.0,86.7
20260723T144409Z,26.0,85.6
20260723T144424Z,25.9,85.2
20260723T144439Z,25.8,84.3
20260723T144454Z,25.8,83.1
20260723T144509Z,25.7,83.1
20260723T144524Z,25.6,81.8
20260723T144539Z,25.5,81.0
20260723T144554Z,25.4,80.9
20260723T144609Z,25.3,79.9
20260723T144625Z,25.1,79.6
20260723T144640Z,25.1,79.6
20260723T144654Z,25.0,78.4
20260723T144709Z,24.9,77.7
20260723T144724Z,24.9,78.9
20260723T144739Z,24.8,80.5
20260723T144754Z,24.8,82.0
20260723T144809Z,24.8,83.0
20260723T144824Z,24.8,83.5
20260723T144839Z,24.8,84.0
20260723T144854Z,24.8,84.4
20260723T144909Z,24.8,85.0
20260723T144924Z,24.8,84.9
20260723T144939Z,24.8,85.4
20260723T144954Z,24.9,85.9
20260723T145009Z,24.9,86.1
20260723T145024Z,24.9,86.5
20260723T145039Z,25.0,86.8
20260723T145054Z,25.0,86.9
20260723T145109Z,25.0,87.4
20260723T145124Z,25.1,87.4
20260723T145139Z,25.1,87.8
20260723T145154Z,25.1,88.0
20260723T145209Z,25.1,88.3
20260723T145224Z,25.2,88.5
20260723T145239Z,25.2,88.8
20260723T145254Z,25.2,89.0
20260723T145309Z,25.3,89.2
20260723T145325Z,25.3,89.3
20260723T145339Z,25.3,89.5
20260723T145354Z,25.4,89.7
20260723T145409Z,25.4,89.9
20260723T145424Z,25.4,90.2
20260723T145439Z,25.5,90.1
20260723T145454Z,25.5,90.4
20260723T145509Z,25.5,90.5
20260723T145524Z,25.5,90.7
20260723T145539Z,25.6,90.8
20260723T145554Z,25.6,91.1
20260723T145609Z,25.6,91.0
20260723T145624Z,25.6,91.4
20260723T145639Z,25.7,91.5
20260723T145654Z,25.7,91.7
20260723T145709Z,25.7,91.8
20260723T145724Z,25.7,91.8
20260723T145739Z,25.8,92.0
20260723T145754Z,25.8,91.9
20260723T145809Z,25.8,92.0
20260723T145824Z,25.9,92.1
20260723T145839Z,25.9,92.2
20260723T145854Z,25.9,92.1
20260723T145910Z,26.0,92.2
20260723T145924Z,26.0,92.2
20260723T145940Z,26.0,92.2
20260723T145954Z,26.0,92.3
20260723T150009Z,26.1,92.3
20260723T150024Z,26.1,92.3
20260723T150039Z,26.1,92.3
20260723T150054Z,26.2,92.3
20260723T150109Z,26.2,92.3
20260723T150124Z,26.2,92.4
20260723T150140Z,26.2,92.3
20260723T150154Z,26.2,92.3
20260723T150210Z,26.3,92.3
20260723T150225Z,26.3,92.3
20260723T150239Z,26.3,92.3
20260723T150254Z,26.4,92.3
20260723T150309Z,26.4,92.2
20260723T150324Z,26.4,92.3
20260723T150340Z,26.4,92.3
20260723T150354Z,26.4,92.1
20260723T150409Z,26.4,91.8
20260723T150424Z,26.4,89.5
20260723T150439Z,26.4,89.3
20260723T150454Z,26.3,87.7
20260723T150510Z,26.2,88.1
20260723T150525Z,26.2,87.0
20260723T150540Z,26.1,86.4
20260723T150554Z,26.0,85.5
20260723T150610Z,26.0,85.1
20260723T150624Z,25.9,84.2
20260723T150640Z,25.8,83.3
20260723T150654Z,25.7,82.2
20260723T150710Z,25.6,82.2
20260723T150724Z,25.5,82.2
20260723T150739Z,25.4,81.2
20260723T150755Z,25.3,81.3
20260723T150809Z,25.2,79.8
20260723T150825Z,25.2,79.7
20260723T150839Z,25.1,79.0
20260723T150855Z,25.1,78.5
20260723T150909Z,25.0,77.7
20260723T150925Z,25.0,77.8
20260723T150939Z,24.9,77.2
20260723T150955Z,24.9,78.0
20260723T151009Z,24.9,79.4
20260723T151025Z,25.0,80.8
20260723T151039Z,25.0,81.6
20260723T151055Z,25.1,81.7
20260723T151110Z,25.1,81.8
20260723T151125Z,25.1,82.3
20260723T151139Z,25.2,82.5
20260723T151155Z,25.2,82.8
20260723T151209Z,25.2,83.0
20260723T151225Z,25.2,83.3
20260723T151239Z,25.3,83.7
20260723T151255Z,25.3,83.9
20260723T151309Z,25.3,84.2
20260723T151325Z,25.3,84.4
20260723T151339Z,25.4,84.8
20260723T151355Z,25.4,85.0
20260723T151409Z,25.4,85.1
20260723T151424Z,25.4,85.4
20260723T151439Z,25.5,85.5
20260723T151454Z,25.5,85.8
20260723T151510Z,25.5,85.9
20260723T151524Z,25.6,86.1
20260723T151540Z,25.6,86.5
20260723T151554Z,25.6,86.7
20260723T151610Z,25.6,86.8
20260723T151624Z,25.6,87.0
20260723T151640Z,25.7,87.1
20260723T151654Z,25.7,87.4
20260723T151710Z,25.7,87.6
20260723T151724Z,25.7,87.6
20260723T151739Z,25.8,87.8
20260723T151755Z,25.8,88.1
20260723T151809Z,25.8,88.2
20260723T151826Z,25.8,88.4
20260723T151840Z,25.8,88.5
20260723T151855Z,25.9,88.7
20260723T151909Z,25.9,88.9
20260723T151925Z,25.9,88.9
20260723T151939Z,25.9,89.1
20260723T151955Z,25.9,89.2
20260723T152009Z,26.0,89.4
20260723T152025Z,26.0,89.5
20260723T152039Z,26.0,89.6
20260723T152055Z,26.0,89.6
20260723T152109Z,26.0,89.8
20260723T152124Z,26.0,89.8
20260723T152140Z,26.0,90.0
20260723T152154Z,26.1,90.2
20260723T152210Z,26.1,90.3
20260723T152224Z,26.1,90.3
20260723T152240Z,26.1,90.4
20260723T152254Z,26.1,90.6
20260723T152310Z,26.1,90.6
20260723T152324Z,26.1,90.8
20260723T152339Z,26.1,90.7
20260723T152355Z,26.2,90.9
20260723T152409Z,26.2,91.0
20260723T152425Z,26.2,90.9
20260723T152439Z,26.2,91.1
20260723T152455Z,26.2,91.1
20260723T152509Z,26.3,91.2
20260723T152525Z,26.3,91.2
20260723T152539Z,26.3,91.3
20260723T152555Z,26.3,91.4
20260723T152609Z,26.3,91.4
20260723T152625Z,26.3,91.4
20260723T152639Z,26.3,91.4
20260723T152655Z,26.4,91.4
20260723T152709Z,26.4,90.2
20260723T152725Z,26.4,89.4
20260723T152740Z,26.4,87.8
20260723T152754Z,26.3,87.4
20260723T152810Z,26.3,87.1
20260723T152824Z,26.3,86.1
20260723T152840Z,26.2,85.7
20260723T152854Z,26.2,85.2
20260723T152910Z,26.2,83.6
20260723T152925Z,26.1,82.4
20260723T152940Z,26.1,81.5
20260723T152955Z,26.0,80.9
20260723T153010Z,25.9,79.9
20260723T153024Z,25.8,78.9
20260723T153040Z,25.8,77.8
20260723T153054Z,25.7,77.7
20260723T153110Z,25.6,76.8
20260723T153124Z,25.5,75.8
20260723T153140Z,25.4,75.8
20260723T153154Z,25.3,75.2
20260723T153210Z,25.2,74.6
20260723T153224Z,25.1,74.8
20260723T153240Z,25.0,73.9
20260723T153254Z,24.9,73.5
20260723T153310Z,24.8,74.5
20260723T153324Z,24.8,76.3
20260723T153340Z,24.8,78.1
20260723T153354Z,24.8,79.5
20260723T153410Z,24.9,80.3
20260723T153425Z,24.9,80.7
20260723T153440Z,24.9,80.9
20260723T153454Z,25.0,81.1
20260723T153510Z,25.0,81.7
20260723T153525Z,25.0,81.8
20260723T153539Z,25.1,82.2
20260723T153555Z,25.1,82.5
20260723T153609Z,25.1,82.6
20260723T153624Z,25.2,83.0
20260723T153640Z,25.2,83.3
20260723T153654Z,25.3,83.5
20260723T153710Z,25.3,83.5
20260723T153725Z,25.3,83.9
20260723T153740Z,25.3,84.4
20260723T153754Z,25.4,84.7
20260723T153809Z,25.4,84.9
20260723T153825Z,25.4,85.1
20260723T153839Z,25.5,85.2
20260723T153855Z,25.5,85.4
20260723T153909Z,25.5,85.9
20260723T153924Z,25.5,85.9
20260723T153940Z,25.6,86.0
20260723T153954Z,25.6,86.3
20260723T154010Z,25.6,86.5
20260723T154025Z,25.6,86.8
20260723T154039Z,25.6,87.0
20260723T154054Z,25.7,87.0
20260723T154110Z,25.7,87.2
20260723T154124Z,25.7,87.4
20260723T154140Z,25.7,87.4
20260723T154154Z,25.8,87.8
20260723T154210Z,25.8,87.9
20260723T154224Z,25.8,88.0
20260723T154239Z,25.8,88.2
20260723T154255Z,25.8,88.3
20260723T154309Z,25.8,88.6
20260723T154325Z,25.9,88.6
20260723T154339Z,25.9,89.0
20260723T154355Z,25.9,89.0
20260723T154409Z,25.9,89.1
20260723T154425Z,26.0,89.4
20260723T154439Z,26.0,89.3
20260723T154455Z,26.0,89.5
20260723T154509Z,26.0,89.7
20260723T154525Z,26.0,89.9
20260723T154539Z,26.0,89.8
20260723T154554Z,26.0,90.0
20260723T154609Z,26.0,90.1
20260723T154624Z,26.1,90.1
20260723T154639Z,26.1,90.2
20260723T154655Z,26.1,90.4
20260723T154709Z,26.1,90.4
20260723T154725Z,26.1,90.5
20260723T154739Z,26.1,90.7
20260723T154755Z,26.2,90.8
20260723T154809Z,26.2,90.7
20260723T154825Z,26.2,90.9
20260723T154839Z,26.2,90.9
20260723T154855Z,26.2,91.0
20260723T154909Z,26.2,91.0
20260723T154926Z,26.3,91.2
20260723T154940Z,26.3,91.1
20260723T154954Z,26.3,91.2
20260723T155010Z,26.3,91.4
20260723T155024Z,26.3,91.3
20260723T155040Z,26.4,91.4
20260723T155054Z,26.3,91.5
20260723T155110Z,26.4,91.4
20260723T155125Z,26.4,91.4
20260723T155139Z,26.4,90.0
20260723T155155Z,26.4,89.7
20260723T155209Z,26.4,88.1
20260723T155224Z,26.3,88.0
20260723T155239Z,26.3,87.0
20260723T155255Z,26.3,86.5
20260723T155309Z,26.3,86.1
20260723T155325Z,26.2,85.7
20260723T155340Z,26.2,84.0
20260723T155354Z,26.2,83.0
20260723T155410Z,26.1,81.5
20260723T155425Z,26.0,80.7
20260723T155439Z,25.9,80.0
20260723T155455Z,25.9,79.0
20260723T155510Z,25.8,78.3
20260723T155525Z,25.7,78.0
20260723T155540Z,25.6,77.5
20260723T155555Z,25.5,77.2
20260723T155609Z,25.4,78.9
20260723T155625Z,25.4,80.4
20260723T155639Z,25.4,82.0
20260723T155655Z,25.4,83.0
20260723T155709Z,25.4,83.5
20260723T155725Z,25.4,83.7
20260723T155739Z,25.4,83.9
20260723T155755Z,25.4,84.2
20260723T155809Z,25.5,84.5
20260723T155825Z,25.5,84.7
20260723T155840Z,25.5,84.9
20260723T155855Z,25.5,85.3
20260723T155910Z,25.5,85.4
20260723T155925Z,25.6,85.7
20260723T155939Z,25.6,86.0
20260723T155955Z,25.6,86.2
20260723T160009Z,25.6,86.4
20260723T160025Z,25.7,86.7
20260723T160040Z,25.7,86.9
20260723T160054Z,25.7,87.0
20260723T160110Z,25.7,87.3
20260723T160125Z,25.7,87.5
20260723T160140Z,25.8,87.5
20260723T160155Z,25.8,87.8
20260723T160210Z,25.8,88.0
20260723T160225Z,25.8,88.2
20260723T160240Z,25.9,88.4
20260723T160255Z,25.9,88.3
20260723T160310Z,25.9,88.7
20260723T160325Z,25.9,88.7
20260723T160340Z,25.9,88.9
20260723T160355Z,25.9,89.2
20260723T160410Z,26.0,89.3
20260723T160425Z,26.0,89.4
20260723T160440Z,26.0,89.5
20260723T160455Z,26.0,89.6
20260723T160510Z,26.0,89.8
20260723T160525Z,26.1,89.8
20260723T160540Z,26.1,90.0
20260723T160555Z,26.1,90.2
20260723T160610Z,26.1,90.2
20260723T160625Z,26.1,90.4
20260723T160640Z,26.1,90.5
20260723T160655Z,26.2,90.6
20260723T160710Z,26.2,90.7
20260723T160725Z,26.2,90.9
20260723T160740Z,26.2,90.9
20260723T160755Z,26.2,91.1
20260723T160810Z,26.2,91.2
20260723T160825Z,26.2,91.2
20260723T160840Z,26.3,91.3
20260723T160855Z,26.3,91.4
20260723T160910Z,26.3,91.4
20260723T160925Z,26.3,91.5
20260723T160940Z,26.3,91.5
20260723T160955Z,26.3,91.5
20260723T161010Z,26.4,91.7
20260723T161025Z,26.4,91.8
20260723T161040Z,26.4,91.7
20260723T161055Z,26.4,91.7
20260723T161110Z,26.4,91.8
20260723T161125Z,26.4,91.9
20260723T161140Z,26.4,91.8
20260723T161155Z,26.5,91.9
20260723T161210Z,26.5,91.9
20260723T161225Z,26.5,92.0
20260723T161240Z,26.5,92.0
20260723T161255Z,26.5,92.0
20260723T161310Z,26.5,92.1
20260723T161325Z,26.5,92.1
20260723T161340Z,26.6,92.0
20260723T161355Z,26.6,92.0
20260723T161410Z,26.6,92.0
20260723T161425Z,26.6,92.0
20260723T161440Z,26.6,92.1
20260723T161455Z,26.6,92.1
20260723T161510Z,26.6,92.1
20260723T161525Z,26.7,92.0
20260723T161540Z,26.7,92.0
20260723T161555Z,26.7,92.1
20260723T161610Z,26.7,92.0
20260723T161625Z,26.7,92.0
20260723T161640Z,26.7,92.0
20260723T161655Z,26.8,92.0
20260723T161710Z,26.8,92.0
20260723T161725Z,26.8,92.0
20260723T161740Z,26.8,92.0
20260723T161755Z,26.8,92.0
20260723T161810Z,26.8,92.0
20260723T161825Z,26.9,91.9
20260723T161840Z,26.9,91.9
20260723T161855Z,26.9,91.9
20260723T161910Z,26.9,91.9
20260723T161925Z,26.9,91.9
20260723T161940Z,26.9,91.9
20260723T161955Z,26.9,91.9
20260723T162010Z,27.0,91.9
20260723T162025Z,27.0,91.8
20260723T162040Z,27.0,91.8
20260723T162055Z,27.0,91.8
20260723T162110Z,27.0,91.8
20260723T162125Z,27.0,91.8
20260723T162140Z,27.0,91.7
20260723T162155Z,27.1,91.7
20260723T162210Z,27.1,91.6
20260723T162225Z,27.1,91.6
20260723T162240Z,27.1,91.6
20260723T162255Z,27.1,91.5
20260723T162310Z,27.1,91.6
20260723T162325Z,27.2,91.6
20260723T162340Z,27.2,91.5
20260723T162355Z,27.2,91.5
20260723T162410Z,27.2,91.5
20260723T162425Z,27.2,91.4
20260723T162440Z,27.2,91.4
20260723T162455Z,27.2,91.5
20260723T162510Z,27.2,91.4
20260723T162525Z,27.2,91.4
20260723T162540Z,27.3,91.4
20260723T162555Z,27.3,91.3
20260723T162610Z,27.3,91.3
20260723T162625Z,27.3,91.3
20260723T162640Z,27.3,91.3
20260723T162655Z,27.3,91.3
20260723T162710Z,27.3,91.2
20260723T162725Z,27.3,91.3
20260723T162740Z,27.3,91.2
20260723T162755Z,27.3,91.2
20260723T162810Z,27.4,91.1
20260723T162825Z,27.4,91.2
20260723T162840Z,27.4,91.2
20260723T162855Z,27.4,91.2
20260723T162910Z,27.4,91.1
20260723T162925Z,27.4,91.1
20260723T162940Z,27.4,91.1
20260723T162955Z,27.4,91.1
20260723T163010Z,27.4,91.1
20260723T163025Z,27.4,91.0
20260723T163040Z,27.4,91.0
20260723T163055Z,27.4,91.1
20260723T163110Z,27.4,91.0
20260723T163125Z,27.5,91.0
20260723T163140Z,27.5,91.1
20260723T163155Z,27.5,91.0
20260723T163210Z,27.5,91.0
20260723T163225Z,27.5,91.0
20260723T163240Z,27.5,91.0
20260723T163255Z,27.5,91.0
20260723T163310Z,27.5,90.9
20260723T163325Z,27.5,91.0
20260723T163340Z,27.5,90.9
20260723T163355Z,27.5,90.9
20260723T163410Z,27.5,90.9
20260723T163425Z,27.6,90.8
20260723T163440Z,27.6,90.9
20260723T163455Z,27.6,90.9
20260723T163510Z,27.6,90.9
20260723T163525Z,27.6,90.9
20260723T163540Z,27.6,90.9
20260723T163555Z,27.6,90.9
20260723T163610Z,27.6,90.9
20260723T163625Z,27.6,90.9
20260723T163640Z,27.6,90.9
20260723T163655Z,27.6,90.9
20260723T163710Z,27.6,90.9
20260723T163725Z,27.6,90.8
20260723T163740Z,27.6,90.8
20260723T163755Z,27.6,90.9
20260723T163810Z,27.6,90.8
20260723T163825Z,27.6,90.9
20260723T163840Z,27.6,90.9
20260723T163855Z,27.6,90.9
20260723T163910Z,27.6,90.9
20260723T163925Z,27.6,90.9
20260723T163940Z,27.6,90.9
20260723T163955Z,27.6,90.9
20260723T164010Z,27.6,90.9
20260723T164025Z,27.6,90.9
20260723T164040Z,27.6,90.9
20260723T164055Z,27.6,90.9
20260723T164110Z,27.6,90.8
20260723T164125Z,27.6,90.9
20260723T164140Z,27.6,90.9
20260723T164155Z,27.6,90.8
20260723T164210Z,27.6,90.9
20260723T164225Z,27.6,90.9
20260723T164240Z,27.6,90.9
20260723T164255Z,27.6,91.0
20260723T164310Z,27.6,91.0
20260723T164325Z,27.6,91.0
20260723T164340Z,27.6,91.0
20260723T164355Z,27.6,91.0
20260723T164410Z,27.6,90.9
20260723T164425Z,27.6,90.9
20260723T164440Z,27.6,90.9
20260723T164455Z,27.6,90.9
20260723T164510Z,27.7,90.9
20260723T164525Z,27.6,90.9
20260723T164540Z,27.6,90.9
20260723T164555Z,27.7,90.9
20260723T164610Z,27.6,90.9
20260723T164625Z,27.6,90.9
20260723T164640Z,27.6,90.9
20260723T164655Z,27.7,90.9
20260723T164710Z,27.7,90.9
20260723T164725Z,27.7,90.9
20260723T164740Z,27.7,90.9
20260723T164755Z,27.7,90.9
20260723T164810Z,27.7,90.9
20260723T164825Z,27.7,90.9
20260723T164840Z,27.7,90.9
20260723T164855Z,27.7,90.9
20260723T164910Z,27.7,90.9
20260723T164925Z,27.7,90.9
20260723T164940Z,27.7,90.8
20260723T164955Z,27.7,90.8
20260723T165010Z,27.7,90.9
20260723T165025Z,27.7,90.8
20260723T165040Z,27.7,90.8
20260723T165055Z,27.7,90.8
20260723T165110Z,27.7,90.8
20260723T165125Z,27.7,90.8
20260723T165140Z,27.7,90.8
20260723T165155Z,27.7,90.8
20260723T165210Z,27.7,90.8
20260723T165225Z,27.7,90.8
20260723T165240Z,27.7,90.8
20260723T165255Z,27.7,90.8
20260723T165310Z,27.7,90.7
20260723T165325Z,27.7,90.8
20260723T165340Z,27.7,90.8
20260723T165355Z,27.7,90.8
20260723T165410Z,27.7,90.8
20260723T165425Z,27.7,90.7
20260723T165440Z,27.7,90.7
20260723T165455Z,27.7,90.7
20260723T165510Z,27.7,90.7
20260723T165525Z,27.7,90.7
20260723T165540Z,27.7,90.7
20260723T165555Z,27.7,90.7
20260723T165610Z,27.7,90.7
20260723T165625Z,27.7,90.7
20260723T165640Z,27.7,90.7
20260723T165655Z,27.7,90.7
20260723T165710Z,27.7,90.7
20260723T165725Z,27.8,90.7
20260723T165740Z,27.8,90.6
20260723T165755Z,27.7,90.6
20260723T165810Z,27.7,90.6
20260723T165825Z,27.8,90.6
20260723T165840Z,27.8,90.6
20260723T165855Z,27.8,90.6
20260723T165910Z,27.8,90.6
20260723T165925Z,27.8,90.6
20260723T165940Z,27.8,90.6
20260723T165955Z,27.8,90.6
20260723T170010Z,27.8,90.6
20260723T170025Z,27.8,90.6
20260723T170040Z,27.8,90.6
20260723T170055Z,27.8,90.6
20260723T170110Z,27.8,90.6
20260723T170125Z,27.8,90.6
20260723T170140Z,27.8,90.6
20260723T170155Z,27.8,90.5
20260723T170210Z,27.8,90.6
20260723T170226Z,27.8,90.5
20260723T170240Z,27.8,90.7
20260723T170255Z,27.8,90.7
20260723T170310Z,27.8,90.7
20260723T170325Z,27.8,90.7
20260723T170340Z,27.8,90.7
20260723T170355Z,27.8,90.7
20260723T170410Z,27.8,90.7
20260723T170425Z,27.9,90.7
20260723T170440Z,27.8,90.7
20260723T170455Z,27.9,90.7
20260723T170510Z,27.9,89.7
20260723T170525Z,27.9,90.2
20260723T170540Z,27.8,88.4
20260723T170555Z,27.8,88.0
20260723T170610Z,27.7,87.2
20260723T170625Z,27.6,86.6
20260723T170640Z,27.6,85.2
20260723T170655Z,27.5,86.2
20260723T170710Z,27.4,86.8
20260723T170725Z,27.4,86.1
20260723T170740Z,27.4,84.7
20260723T170755Z,27.4,84.5
20260723T170810Z,27.4,83.6
20260723T170825Z,27.3,83.0
20260723T170840Z,27.3,81.1
20260723T170855Z,27.3,79.9
20260723T170910Z,27.2,79.1
20260723T170925Z,27.1,78.9
20260723T170940Z,27.0,77.4
20260723T170955Z,27.0,76.4
20260723T171010Z,26.9,77.0
20260723T171025Z,26.8,76.0
20260723T171040Z,26.7,75.0
20260723T171055Z,26.6,74.7
20260723T171110Z,26.5,74.3
20260723T171125Z,26.4,73.5
20260723T171140Z,26.3,73.6
20260723T171155Z,26.2,73.3
20260723T171210Z,26.1,72.4
20260723T171225Z,26.0,72.0
20260723T171240Z,25.9,71.6
20260723T171255Z,25.9,71.4
20260723T171310Z,25.8,71.3
20260723T171326Z,25.7,70.5
20260723T171341Z,25.7,70.1
20260723T171355Z,25.6,70.6
20260723T171410Z,25.6,72.6
20260723T171425Z,25.6,73.0
20260723T171440Z,25.6,75.4
20260723T171455Z,25.7,76.7
20260723T171510Z,25.7,77.3
20260723T171525Z,25.7,77.8
20260723T171540Z,25.7,78.0
20260723T171555Z,25.7,78.5
20260723T171610Z,25.7,78.9
20260723T171625Z,25.7,79.1
20260723T171640Z,25.7,79.3
20260723T171655Z,25.7,79.9
20260723T171710Z,25.7,80.3
20260723T171725Z,25.7,80.6
20260723T171740Z,25.8,81.2
20260723T171755Z,25.8,81.5
20260723T171810Z,25.8,81.7
20260723T171825Z,25.8,82.2
20260723T171840Z,25.8,82.3
20260723T171855Z,25.8,82.6
20260723T171910Z,25.8,82.7
20260723T171925Z,25.9,83.2
20260723T171940Z,25.9,83.8
20260723T171955Z,25.9,84.2
20260723T172010Z,25.9,84.2
20260723T172025Z,25.9,84.7
20260723T172040Z,25.9,85.1
20260723T172055Z,25.9,85.3
20260723T172110Z,26.0,85.5
20260723T172125Z,26.0,85.9
20260723T172140Z,26.0,86.1
20260723T172155Z,26.0,85.9
20260723T172210Z,26.1,86.3
20260723T172225Z,26.1,86.5
20260723T172240Z,26.1,86.7
20260723T172255Z,26.1,87.0
20260723T172310Z,26.1,87.3
20260723T172325Z,26.2,87.6
20260723T172340Z,26.2,87.6
20260723T172355Z,26.2,87.9
20260723T172410Z,26.2,88.2
20260723T172425Z,26.2,88.2
20260723T172440Z,26.2,88.4
20260723T172455Z,26.3,88.7
20260723T172510Z,26.3,88.7
20260723T172525Z,26.3,88.8
20260723T172540Z,26.3,89.1
20260723T172555Z,26.3,89.2
20260723T172610Z,26.3,89.2
20260723T172625Z,26.4,89.4
20260723T172640Z,26.4,89.4
20260723T172655Z,26.4,89.4
20260723T172710Z,26.5,89.6
20260723T172725Z,26.5,89.7
20260723T172740Z,26.5,89.9
20260723T172755Z,26.5,90.0
20260723T172810Z,26.5,90.0
20260723T172825Z,26.5,90.1
20260723T172840Z,26.6,90.1
20260723T172855Z,26.6,90.2
20260723T172910Z,26.6,90.4
20260723T172925Z,26.6,89.8
20260723T172940Z,26.6,88.0
20260723T172955Z,26.5,87.4
20260723T173010Z,26.5,87.3
20260723T173025Z,26.5,86.6
20260723T173040Z,26.4,86.0
20260723T173055Z,26.4,84.7
20260723T173110Z,26.4,83.6
20260723T173126Z,26.4,83.7
20260723T173140Z,26.3,82.8
20260723T173155Z,26.3,81.2
20260723T173210Z,26.2,80.3
20260723T173225Z,26.2,79.4
20260723T173240Z,26.1,78.7
20260723T173255Z,26.0,77.9
20260723T173310Z,26.0,76.8
20260723T173325Z,25.9,76.3
20260723T173340Z,25.8,76.2
20260723T173355Z,25.7,76.2
20260723T173410Z,25.6,74.8
20260723T173425Z,25.5,74.6
20260723T173440Z,25.4,75.0
20260723T173455Z,25.4,77.0
20260723T173510Z,25.3,78.3
20260723T173525Z,25.3,79.7
20260723T173540Z,25.4,80.8
20260723T173555Z,25.4,81.3
20260723T173610Z,25.4,81.4
20260723T173625Z,25.5,81.5
20260723T173640Z,25.5,81.7
20260723T173655Z,25.5,82.1
20260723T173710Z,25.5,82.3
20260723T173725Z,25.5,82.6
20260723T173740Z,25.6,83.1
20260723T173755Z,25.6,83.3
20260723T173810Z,25.6,83.6
20260723T173825Z,25.6,83.6
20260723T173840Z,25.6,84.0
20260723T173855Z,25.6,84.5
20260723T173910Z,25.7,84.6
20260723T173925Z,25.7,85.0
20260723T173940Z,25.7,85.2
20260723T173955Z,25.7,85.3
20260723T174010Z,25.7,85.8
20260723T174025Z,25.7,85.7
20260723T174040Z,25.8,86.3
20260723T174055Z,25.8,86.5
20260723T174110Z,25.8,86.7
20260723T174125Z,25.8,86.9
20260723T174140Z,25.8,86.9
20260723T174155Z,25.8,87.3
20260723T174210Z,25.9,87.4
20260723T174225Z,25.9,87.7
20260723T174240Z,25.9,87.7
20260723T174255Z,25.9,87.7
20260723T174310Z,26.0,87.9
20260723T174325Z,26.0,88.3
20260723T174340Z,26.0,88.3
20260723T174355Z,26.0,88.5
20260723T174410Z,26.0,88.6
20260723T174425Z,26.0,88.7
20260723T174440Z,26.1,89.0
20260723T174455Z,26.1,89.1
20260723T174510Z,26.1,89.1
20260723T174525Z,26.1,89.3
20260723T174540Z,26.1,89.5
20260723T174555Z,26.2,89.8
20260723T174610Z,26.2,89.8
20260723T174625Z,26.2,90.1
20260723T174640Z,26.3,90.0
20260723T174655Z,26.3,90.3
20260723T174710Z,26.3,90.3
20260723T174725Z,26.3,90.3
20260723T174740Z,26.3,90.3
20260723T174755Z,26.4,90.3
20260723T174810Z,26.4,90.6
20260723T174825Z,26.4,90.7
20260723T174840Z,26.4,90.7
20260723T174855Z,26.4,90.9
20260723T174910Z,26.5,91.0
20260723T174925Z,26.5,91.0
20260723T174940Z,26.5,91.0
20260723T174955Z,26.5,91.1
20260723T175010Z,26.5,91.2
20260723T175025Z,26.5,91.3
20260723T175040Z,26.5,91.3
20260723T175055Z,26.6,91.4
20260723T175110Z,26.6,91.5
20260723T175125Z,26.6,91.6
20260723T175140Z,26.6,91.7
20260723T175155Z,26.6,91.7
20260723T175210Z,26.6,91.8
20260723T175225Z,26.6,91.9
20260723T175240Z,26.6,91.7
20260723T175255Z,26.6,91.3
20260723T175310Z,26.6,89.4
20260723T175325Z,26.6,89.1
20260723T175340Z,26.6,88.3
20260723T175355Z,26.5,88.3
20260723T175410Z,26.5,87.4
20260723T175425Z,26.5,86.6
20260723T175440Z,26.5,85.6
20260723T175455Z,26.5,84.5
20260723T175510Z,26.4,83.2
20260723T175525Z,26.4,82.1
20260723T175540Z,26.3,81.0
20260723T175555Z,26.2,80.7
20260723T175610Z,26.2,79.5
20260723T175625Z,26.1,78.8
20260723T175640Z,26.0,78.0
20260723T175655Z,25.9,77.3
20260723T175710Z,25.8,76.6
20260723T175725Z,25.7,76.5
20260723T175740Z,25.6,76.0
20260723T175755Z,25.5,75.3
20260723T175810Z,25.5,75.3
20260723T175825Z,25.4,76.5
20260723T175840Z,25.4,78.6
20260723T175855Z,25.4,80.3
20260723T175910Z,25.4,81.2
20260723T175925Z,25.4,81.8
20260723T175940Z,25.5,82.1
20260723T175955Z,25.5,82.3
20260723T180010Z,25.5,82.8
20260723T180025Z,25.5,82.9
20260723T180040Z,25.5,83.1
20260723T180055Z,25.6,83.3
20260723T180110Z,25.6,83.5
20260723T180125Z,25.6,83.6
20260723T180140Z,25.6,84.3
20260723T180155Z,25.6,84.3
20260723T180210Z,25.6,84.7
20260723T180225Z,25.6,85.0
20260723T180240Z,25.6,85.3
20260723T180255Z,25.7,85.4
20260723T180310Z,25.7,85.5
20260723T180325Z,25.7,86.0
20260723T180340Z,25.7,86.0
20260723T180355Z,25.8,86.2
20260723T180410Z,25.8,86.6
20260723T180425Z,25.8,86.9
20260723T180440Z,25.8,87.0
20260723T180455Z,25.8,87.2
20260723T180510Z,25.9,87.4
20260723T180525Z,25.9,87.7
20260723T180540Z,25.9,87.9
20260723T180555Z,25.9,88.0
20260723T180610Z,25.9,88.2
20260723T180625Z,25.9,88.5
20260723T180640Z,26.0,88.4
20260723T180655Z,26.0,88.6
20260723T180710Z,26.0,88.7
20260723T180725Z,26.0,88.9
20260723T180740Z,26.0,89.0
20260723T180755Z,26.1,89.1
20260723T180810Z,26.1,89.2
20260723T180825Z,26.1,89.3
20260723T180840Z,26.1,89.4
20260723T180855Z,26.2,89.6
20260723T180910Z,26.2,89.6
20260723T180925Z,26.2,89.8
20260723T180940Z,26.2,90.0
20260723T180955Z,26.2,90.0
20260723T181010Z,26.2,90.1
20260723T181025Z,26.2,90.2
20260723T181040Z,26.2,90.4
20260723T181055Z,26.3,90.5
20260723T181110Z,26.3,90.5
20260723T181125Z,26.3,90.6
20260723T181140Z,26.3,90.8
20260723T181155Z,26.3,90.9
20260723T181210Z,26.3,90.9
20260723T181225Z,26.4,91.1
20260723T181240Z,26.4,90.9
20260723T181255Z,26.4,91.1
20260723T181310Z,26.4,91.3
20260723T181325Z,26.4,91.3
20260723T181340Z,26.4,91.3
20260723T181355Z,26.5,91.5
20260723T181410Z,26.5,91.4
20260723T181425Z,26.5,91.5
20260723T181440Z,26.5,91.6
20260723T181455Z,26.5,91.7
20260723T181510Z,26.5,91.7
20260723T181526Z,26.5,91.8
20260723T181541Z,26.5,92.0
20260723T181555Z,26.6,92.0
20260723T181610Z,26.5,92.0
20260723T181625Z,26.6,92.1
20260723T181640Z,26.6,92.2
20260723T181655Z,26.6,92.3
20260723T181710Z,26.6,92.2
20260723T181725Z,26.6,92.4
20260723T181740Z,26.6,92.4
20260723T181755Z,26.6,92.4
20260723T181810Z,26.6,92.4
20260723T181826Z,26.6,92.6
20260723T181841Z,26.6,92.6
20260723T181855Z,26.7,92.5
20260723T181910Z,26.7,92.2
20260723T181925Z,26.7,91.7
20260723T181940Z,26.6,90.0
20260723T181955Z,26.6,89.8
20260723T182010Z,26.6,89.5
20260723T182025Z,26.6,88.6
20260723T182040Z,26.6,87.7
20260723T182055Z,26.6,86.6
20260723T182110Z,26.5,85.2
20260723T182125Z,26.5,84.5
20260723T182140Z,26.4,82.7
20260723T182155Z,26.3,82.2
20260723T182210Z,26.3,81.4
20260723T182225Z,26.2,80.3
20260723T182240Z,26.1,79.8
20260723T182255Z,26.0,79.8
20260723T182310Z,25.9,79.3
20260723T182325Z,25.8,79.1
20260723T182340Z,25.7,78.0
20260723T182355Z,25.6,77.5
20260723T182410Z,25.5,76.7
20260723T182425Z,25.5,77.1
20260723T182440Z,25.4,77.7
20260723T182455Z,25.4,79.7
20260723T182510Z,25.4,81.1
20260723T182525Z,25.4,82.0
20260723T182540Z,25.4,82.8
20260723T182555Z,25.4,82.9
20260723T182610Z,25.4,83.1
20260723T182625Z,25.5,83.3
20260723T182640Z,25.5,83.4
20260723T182655Z,25.6,83.6
20260723T182710Z,25.6,83.6
20260723T182725Z,25.6,84.1
20260723T182740Z,25.6,84.1
20260723T182755Z,25.7,84.7
20260723T182810Z,25.7,84.7
20260723T182825Z,25.7,85.1
20260723T182840Z,25.7,85.4
20260723T182855Z,25.7,85.4
20260723T182910Z,25.7,86.0
20260723T182925Z,25.7,86.2
20260723T182940Z,25.7,86.0
20260723T182955Z,25.8,86.5
20260723T183010Z,25.8,86.8
20260723T183025Z,25.8,86.4
20260723T183040Z,25.8,87.0
20260723T183055Z,25.8,87.2
20260723T183110Z,25.9,87.3
20260723T183125Z,25.9,87.5
20260723T183140Z,25.9,87.8
20260723T183155Z,25.9,87.9
20260723T183210Z,25.9,88.0
20260723T183225Z,25.9,88.2
20260723T183240Z,26.0,88.4
20260723T183255Z,26.0,88.5
20260723T183310Z,26.0,88.5
20260723T183325Z,26.0,88.8
20260723T183340Z,26.0,89.0
20260723T183355Z,26.0,89.1
20260723T183410Z,26.1,89.2
20260723T183425Z,26.1,89.4
20260723T183440Z,26.1,89.4
20260723T183455Z,26.1,89.7
20260723T183510Z,26.1,89.8
20260723T183525Z,26.2,89.9
20260723T183540Z,26.2,89.9
20260723T183555Z,26.2,90.1
20260723T183610Z,26.2,90.2
20260723T183625Z,26.2,90.3
20260723T183640Z,26.2,90.4
20260723T183655Z,26.2,90.5
20260723T183710Z,26.2,90.6
20260723T183725Z,26.3,90.6
20260723T183740Z,26.3,90.7
20260723T183755Z,26.3,90.9
20260723T183810Z,26.3,90.9
20260723T183825Z,26.3,91.1
20260723T183840Z,26.3,91.2
20260723T183856Z,26.3,91.3
20260723T183910Z,26.3,91.3
20260723T183925Z,26.4,91.5
20260723T183940Z,26.4,91.5
20260723T183955Z,26.4,91.5
20260723T184010Z,26.4,91.7
20260723T184025Z,26.4,91.7
20260723T184040Z,26.4,91.9
20260723T184055Z,26.4,91.8
20260723T184110Z,26.4,91.9
20260723T184125Z,26.4,92.1
20260723T184140Z,26.4,92.1
20260723T184155Z,26.4,92.1
20260723T184210Z,26.4,92.3
20260723T184225Z,26.4,92.2
20260723T184240Z,26.5,92.2
20260723T184255Z,26.5,92.4
20260723T184310Z,26.5,92.5
20260723T184325Z,26.5,92.5
20260723T184340Z,26.5,92.5
20260723T184355Z,26.5,92.6
20260723T184410Z,26.5,92.7
20260723T184425Z,26.5,92.8
20260723T184440Z,26.5,92.9
20260723T184455Z,26.5,92.8
20260723T184510Z,26.5,92.8
20260723T184525Z,26.5,93.0
20260723T184540Z,26.5,93.0
20260723T184555Z,26.6,93.0
20260723T184610Z,26.6,93.0
20260723T184625Z,26.6,93.1
20260723T184640Z,26.6,93.1
20260723T184655Z,26.6,93.1
20260723T184710Z,26.6,93.1
20260723T184725Z,26.6,93.2
20260723T184740Z,26.6,93.2
20260723T184755Z,26.6,93.3
20260723T184810Z,26.6,93.2
20260723T184825Z,26.7,93.2
20260723T184840Z,26.7,92.3
20260723T184855Z,26.6,91.0
20260723T184910Z,26.6,90.2
20260723T184925Z,26.5,89.4
20260723T184940Z,26.5,89.3
20260723T184955Z,26.5,89.3
20260723T185010Z,26.5,88.0
20260723T185025Z,26.4,87.1
20260723T185041Z,26.4,86.4
20260723T185055Z,26.4,85.5
20260723T185111Z,26.4,84.7
20260723T185125Z,26.4,83.3
20260723T185141Z,26.3,82.4
20260723T185155Z,26.3,81.5
20260723T185210Z,26.2,80.6
20260723T185225Z,26.1,79.1
20260723T185240Z,26.0,78.1
20260723T185255Z,25.8,78.1
20260723T185310Z,25.7,77.6
20260723T185325Z,25.6,77.3
20260723T185340Z,25.5,78.8
20260723T185355Z,25.5,80.7
20260723T185410Z,25.5,82.2
20260723T185425Z,25.5,83.4
20260723T185440Z,25.5,83.9
20260723T185455Z,25.5,84.2
20260723T185510Z,25.6,84.2
20260723T185525Z,25.6,84.4
20260723T185540Z,25.6,84.5
20260723T185555Z,25.7,84.8
20260723T185610Z,25.7,84.9
20260723T185625Z,25.7,85.3
20260723T185640Z,25.7,85.3
20260723T185656Z,25.7,85.7
20260723T185711Z,25.7,86.0
20260723T185725Z,25.7,86.4
20260723T185741Z,25.7,86.4
20260723T185755Z,25.7,86.8
20260723T185811Z,25.7,87.0
20260723T185825Z,25.8,87.1
20260723T185841Z,25.7,87.2
20260723T185855Z,25.8,87.6
20260723T185911Z,25.8,87.7
20260723T185925Z,25.8,88.0
20260723T185941Z,25.8,88.2
20260723T185955Z,25.8,88.0
20260723T190010Z,25.8,88.4
20260723T190025Z,25.8,88.7
20260723T190040Z,25.9,88.7
20260723T190056Z,25.9,89.0
20260723T190111Z,25.9,89.2
20260723T190125Z,25.9,89.2
20260723T190141Z,25.9,89.4
20260723T190155Z,26.0,89.6
20260723T190211Z,26.0,89.4
20260723T190225Z,26.0,89.8
20260723T190241Z,26.0,90.0
20260723T190255Z,26.0,90.0
20260723T190311Z,26.0,90.1
20260723T190325Z,26.0,90.2
20260723T190341Z,26.1,90.5
20260723T190355Z,26.1,90.5
20260723T190411Z,26.1,90.6
20260723T190425Z,26.1,90.7
20260723T190441Z,26.1,90.8
20260723T190455Z,26.1,90.8
20260723T190511Z,26.2,91.0
20260723T190525Z,26.2,91.2
20260723T190541Z,26.2,91.2
20260723T190555Z,26.2,91.1
20260723T190610Z,26.2,91.5
20260723T190626Z,26.2,91.5
20260723T190640Z,26.2,91.7
20260723T190655Z,26.2,91.6
20260723T190710Z,26.2,91.8
20260723T190725Z,26.2,91.8
20260723T190741Z,26.3,92.0
20260723T190755Z,26.3,92.1
20260723T190811Z,26.3,92.3
20260723T190824Z,26.3,92.2
20260723T190841Z,26.3,92.2
20260723T190855Z,26.3,92.4
20260723T190911Z,26.3,92.3
20260723T190925Z,26.3,92.4
20260723T190940Z,26.3,92.5
20260723T190956Z,26.3,92.6
20260723T191010Z,26.3,92.8
20260723T191026Z,26.4,92.8
20260723T191041Z,26.4,92.8
20260723T191055Z,26.4,92.9
20260723T191111Z,26.4,92.8
20260723T191125Z,26.4,93.0
20260723T191141Z,26.4,93.1
20260723T191155Z,26.4,93.0
20260723T191211Z,26.4,93.2
20260723T191225Z,26.4,93.2
20260723T191241Z,26.5,93.2
20260723T191255Z,26.5,93.3
20260723T191311Z,26.5,93.3
20260723T191325Z,26.5,93.3
20260723T191340Z,26.5,93.3
20260723T191356Z,26.5,93.4
20260723T191410Z,26.5,93.4
20260723T191426Z,26.5,93.4
20260723T191440Z,26.5,93.5
20260723T191456Z,26.5,93.3
20260723T191510Z,26.5,93.4
20260723T191525Z,26.6,93.5
20260723T191540Z,26.6,93.5
20260723T191556Z,26.6,93.5
20260723T191610Z,26.6,93.5
20260723T191626Z,26.6,93.5
20260723T191640Z,26.6,93.5
20260723T191655Z,26.6,93.6
20260723T191711Z,26.6,93.6
20260723T191725Z,26.6,93.6
20260723T191741Z,26.6,93.6
20260723T191755Z,26.7,93.6
20260723T191811Z,26.7,93.2
20260723T191825Z,26.7,93.0
20260723T191841Z,26.7,91.3
20260723T191855Z,26.6,90.7
20260723T191911Z,26.6,90.5
20260723T191925Z,26.6,89.3
20260723T191940Z,26.5,88.4
20260723T191956Z,26.5,87.9
20260723T192011Z,26.5,86.4
20260723T192026Z,26.4,85.3
20260723T192040Z,26.4,84.6
20260723T192056Z,26.4,83.6
20260723T192110Z,26.3,82.5
20260723T192126Z,26.2,81.5
20260723T192140Z,26.1,80.3
20260723T192156Z,26.0,79.9
20260723T192210Z,25.9,79.5
20260723T192226Z,25.8,78.7
20260723T192240Z,25.7,78.4
20260723T192256Z,25.5,77.8
20260723T192310Z,25.4,77.9
20260723T192326Z,25.4,79.7
20260723T192340Z,25.3,81.8
20260723T192356Z,25.3,83.4
20260723T192410Z,25.3,84.0
20260723T192426Z,25.4,84.4
20260723T192440Z,25.4,84.8
20260723T192455Z,25.5,85.0
20260723T192511Z,25.5,85.1
20260723T192525Z,25.5,85.2
20260723T192541Z,25.5,85.1
20260723T192556Z,25.6,85.4
20260723T192610Z,25.6,85.6
20260723T192625Z,25.6,85.8
20260723T192640Z,25.7,86.0
20260723T192656Z,25.7,86.3
20260723T192710Z,25.7,86.5
20260723T192726Z,25.7,86.6
20260723T192740Z,25.7,86.9
20260723T192756Z,25.7,87.0
20260723T192810Z,25.7,87.3
20260723T192826Z,25.8,87.7
20260723T192840Z,25.8,87.7
20260723T192856Z,25.8,87.9
20260723T192910Z,25.8,88.1
20260723T192926Z,25.8,88.3
20260723T192940Z,25.8,88.5
20260723T192956Z,25.8,88.7
20260723T193010Z,25.9,88.8
20260723T193026Z,25.9,88.9
20260723T193040Z,25.9,88.9
20260723T193056Z,25.9,89.3
20260723T193110Z,25.9,89.4
20260723T193126Z,25.9,89.4
20260723T193140Z,25.9,89.6
20260723T193156Z,26.0,89.9
20260723T193210Z,26.0,89.8
20260723T193226Z,26.0,90.0
20260723T193240Z,26.0,90.3
20260723T193255Z,26.0,90.3
20260723T193310Z,26.0,90.3
20260723T193326Z,26.1,90.6
20260723T193340Z,26.1,90.9
20260723T193356Z,26.1,90.8
20260723T193410Z,26.1,90.9
20260723T193426Z,26.1,91.0
20260723T193441Z,26.1,91.2
20260723T193455Z,26.1,91.3
20260723T193511Z,26.1,91.4
20260723T193525Z,26.2,91.5
20260723T193540Z,26.2,91.7
20260723T193556Z,26.2,91.6
20260723T193610Z,26.2,91.8
20260723T193626Z,26.2,91.9
20260723T193641Z,26.2,91.9
20260723T193656Z,26.2,92.1
20260723T193710Z,26.2,92.3
20260723T193726Z,26.2,92.2
20260723T193741Z,26.3,92.2
20260723T193756Z,26.3,92.3
20260723T193810Z,26.3,92.4
20260723T193826Z,26.3,92.6
20260723T193841Z,26.3,92.6
20260723T193856Z,26.3,92.8
20260723T193910Z,26.3,92.8
20260723T193925Z,26.3,92.7
20260723T193941Z,26.3,92.8
20260723T193955Z,26.3,93.1
20260723T194011Z,26.4,93.0
20260723T194025Z,26.4,93.1
20260723T194041Z,26.4,93.1
20260723T194055Z,26.4,93.2
20260723T194111Z,26.4,93.3
20260723T194126Z,26.4,93.2
20260723T194140Z,26.4,93.3
20260723T194156Z,26.4,93.3
20260723T194210Z,26.4,93.4
20260723T194226Z,26.5,93.3
20260723T194240Z,26.5,93.5
20260723T194256Z,26.5,93.5
20260723T194310Z,26.5,93.5
20260723T194325Z,26.5,93.6
20260723T194341Z,26.5,93.6
20260723T194355Z,26.5,93.6
20260723T194411Z,26.5,93.7
20260723T194425Z,26.5,93.8
20260723T194441Z,26.5,93.8
20260723T194456Z,26.5,93.7
20260723T194510Z,26.5,93.8
20260723T194525Z,26.6,93.8
20260723T194540Z,26.6,93.7
20260723T194556Z,26.6,93.8
20260723T194610Z,26.6,93.7
20260723T194626Z,26.6,93.9
20260723T194640Z,26.6,93.8
20260723T194656Z,26.6,93.8
20260723T194711Z,26.6,93.8
20260723T194725Z,26.6,93.9
20260723T194741Z,26.7,93.8
20260723T194756Z,26.6,93.9
20260723T194810Z,26.7,93.9
20260723T194826Z,26.7,93.8
20260723T194840Z,26.7,93.9
20260723T194856Z,26.7,93.7
20260723T194910Z,26.7,93.3
20260723T194926Z,26.7,92.5
20260723T194940Z,26.7,91.3
20260723T194956Z,26.6,91.0
20260723T195010Z,26.6,89.7
20260723T195026Z,26.6,88.3
20260723T195040Z,26.6,87.7
20260723T195056Z,26.5,86.3
20260723T195110Z,26.4,86.0
20260723T195126Z,26.4,85.3
20260723T195140Z,26.4,84.8
20260723T195155Z,26.3,83.2
20260723T195211Z,26.2,81.7
20260723T195225Z,26.1,81.1
20260723T195241Z,26.0,80.6
20260723T195255Z,25.9,80.0
20260723T195311Z,25.8,79.4
20260723T195325Z,25.6,79.0
20260723T195342Z,25.5,78.5
20260723T195356Z,25.4,78.2
20260723T195411Z,25.4,80.6
20260723T195426Z,25.3,82.0
20260723T195441Z,25.3,83.0
20260723T195456Z,25.3,84.3
20260723T195511Z,25.3,84.8
20260723T195526Z,25.4,85.2
20260723T195541Z,25.4,85.3
20260723T195556Z,25.5,85.4
20260723T195610Z,25.5,85.6
20260723T195626Z,25.6,85.5
20260723T195641Z,25.6,85.7
20260723T195656Z,25.6,85.8
20260723T195710Z,25.7,86.1
20260723T195726Z,25.7,86.5
20260723T195741Z,25.7,86.5
20260723T195756Z,25.7,86.9
20260723T195811Z,25.7,87.0
20260723T195826Z,25.7,87.3
20260723T195841Z,25.7,87.5
20260723T195856Z,25.7,87.7
20260723T195911Z,25.8,88.2
20260723T195926Z,25.8,88.4
20260723T195941Z,25.8,88.5
20260723T195956Z,25.8,88.7
20260723T200011Z,25.8,88.8
20260723T200026Z,25.8,89.0
20260723T200041Z,25.9,89.2
20260723T200056Z,25.9,89.4
20260723T200111Z,25.9,89.4
20260723T200126Z,25.9,89.5
20260723T200141Z,26.0,89.9
20260723T200156Z,26.0,89.9
20260723T200211Z,26.0,90.1
20260723T200226Z,26.0,90.1
20260723T200241Z,26.0,90.4
20260723T200256Z,26.0,90.5
20260723T200311Z,26.0,90.6
20260723T200326Z,26.0,90.7
20260723T200341Z,26.1,90.9
20260723T200356Z,26.1,90.8
20260723T200411Z,26.1,91.0
20260723T200426Z,26.1,91.2
20260723T200441Z,26.1,91.2
20260723T200456Z,26.1,91.1
20260723T200511Z,26.2,91.5
20260723T200526Z,26.2,91.5
20260723T200541Z,26.2,91.6
20260723T200556Z,26.2,91.8
20260723T200611Z,26.2,91.9
20260723T200626Z,26.2,91.9
20260723T200641Z,26.2,92.1
20260723T200656Z,26.2,92.0
20260723T200711Z,26.2,92.1
20260723T200726Z,26.3,92.2
20260723T200741Z,26.3,92.2
20260723T200756Z,26.3,92.3
20260723T200811Z,26.3,92.4
20260723T200826Z,26.3,92.5
20260723T200841Z,26.3,92.5
20260723T200856Z,26.4,92.6
20260723T200911Z,26.4,92.7
20260723T200926Z,26.4,91.9
20260723T200941Z,26.4,90.8
20260723T200956Z,26.3,89.9
20260723T201011Z,26.3,89.7
20260723T201026Z,26.3,88.7
20260723T201041Z,26.3,88.3
20260723T201056Z,26.2,87.5
20260723T201111Z,26.2,86.9
20260723T201126Z,26.2,86.5
20260723T201141Z,26.2,84.5
20260723T201156Z,26.1,83.9
20260723T201211Z,26.1,82.9
20260723T201226Z,26.0,80.8
20260723T201241Z,26.0,80.2
20260723T201256Z,25.9,80.3
20260723T201311Z,25.8,78.8
20260723T201326Z,25.7,78.3
20260723T201341Z,25.6,78.1
20260723T201356Z,25.4,77.1
20260723T201411Z,25.3,76.6
20260723T201426Z,25.2,76.1
20260723T201441Z,25.1,76.5
20260723T201456Z,25.0,75.1
20260723T201511Z,24.9,74.5
20260723T201526Z,24.8,74.3
20260723T201541Z,24.8,73.9
20260723T201556Z,24.7,73.6
20260723T201611Z,24.6,72.8
20260723T201626Z,24.6,72.1
20260723T201641Z,24.5,71.8
20260723T201656Z,24.4,71.2
20260723T201711Z,24.3,71.4
20260723T201726Z,24.3,73.2
20260723T201741Z,24.3,74.8
20260723T201756Z,24.3,76.2
20260723T201811Z,24.4,77.4
20260723T201826Z,24.5,78.0
20260723T201841Z,24.5,78.3
20260723T201856Z,24.6,78.9
20260723T201911Z,24.7,79.1
20260723T201926Z,24.7,79.1
20260723T201941Z,24.8,79.3
20260723T201956Z,24.9,79.4
20260723T202011Z,25.0,79.4
20260723T202026Z,25.0,79.4
20260723T202041Z,25.1,79.8
20260723T202056Z,25.2,80.1
20260723T202111Z,25.2,80.4
20260723T202126Z,25.2,80.3
20260723T202141Z,25.3,80.8
20260723T202156Z,25.3,80.9
20260723T202211Z,25.4,81.0
20260723T202226Z,25.4,81.6
20260723T202241Z,25.4,81.7
20260723T202256Z,25.4,82.1
20260723T202311Z,25.5,82.2
20260723T202326Z,25.5,82.5
20260723T202341Z,25.5,82.9
20260723T202356Z,25.5,83.2
20260723T202411Z,25.5,83.4
20260723T202426Z,25.5,83.8
20260723T202441Z,25.5,83.9
20260723T202456Z,25.6,84.2
20260723T202511Z,25.6,84.6
20260723T202526Z,25.6,84.8
20260723T202541Z,25.6,85.0
20260723T202556Z,25.6,85.2
20260723T202611Z,25.6,85.3
20260723T202626Z,25.6,85.6
20260723T202642Z,25.6,85.7
20260723T202656Z,25.6,86.1
20260723T202711Z,25.7,86.0
20260723T202726Z,25.7,86.5
20260723T202741Z,25.7,86.6
20260723T202756Z,25.7,86.9
20260723T202811Z,25.7,87.0
20260723T202826Z,25.7,87.2
20260723T202841Z,25.7,87.4
20260723T202856Z,25.7,87.4
20260723T202911Z,25.8,87.5
20260723T202926Z,25.8,87.7
20260723T202941Z,25.8,87.9
20260723T202956Z,25.8,87.1
20260723T203011Z,25.8,86.9
20260723T203026Z,25.8,85.8
20260723T203041Z,25.8,85.8
20260723T203056Z,25.8,85.1
20260723T203111Z,25.8,84.4
20260723T203126Z,25.9,83.1
20260723T203141Z,25.9,82.3
20260723T203156Z,25.8,80.7
20260723T203211Z,25.8,79.4
20260723T203226Z,25.7,78.4
20260723T203241Z,25.7,77.7
20260723T203256Z,25.6,76.8
20260723T203311Z,25.5,76.2
20260723T203326Z,25.4,75.4
20260723T203341Z,25.3,75.3
20260723T203356Z,25.2,74.5
20260723T203411Z,25.1,73.9
20260723T203426Z,25.0,73.7
20260723T203441Z,24.9,72.7
20260723T203456Z,24.8,72.6
20260723T203511Z,24.7,72.1
20260723T203526Z,24.6,71.2
20260723T203541Z,24.5,71.3
20260723T203556Z,24.5,72.9
20260723T203611Z,24.4,74.2
20260723T203626Z,24.4,76.2
20260723T203641Z,24.5,77.7
20260723T203656Z,24.5,78.4
20260723T203711Z,24.5,78.5
20260723T203726Z,24.6,78.7
20260723T203741Z,24.6,79.0
20260723T203756Z,24.7,78.8
20260723T203811Z,24.7,79.0
20260723T203826Z,24.8,79.4
20260723T203841Z,24.9,79.2
20260723T203856Z,25.0,79.4
20260723T203911Z,25.0,79.8
20260723T203926Z,25.1,80.0
20260723T203941Z,25.1,80.4
20260723T203956Z,25.2,80.5
20260723T204011Z,25.2,81.1
20260723T204026Z,25.3,81.2
20260723T204041Z,25.3,81.5
20260723T204056Z,25.3,81.8
20260723T204111Z,25.3,81.8
20260723T204126Z,25.3,82.1
20260723T204141Z,25.4,82.2
20260723T204156Z,25.4,82.4
20260723T204211Z,25.4,83.0
20260723T204226Z,25.4,83.2
20260723T204241Z,25.4,83.3
20260723T204256Z,25.4,83.7
20260723T204311Z,25.4,83.9
20260723T204326Z,25.4,84.1
20260723T204342Z,25.4,84.4
20260723T204356Z,25.5,84.6
20260723T204411Z,25.5,84.7
20260723T204426Z,25.5,84.9
20260723T204441Z,25.5,85.4
20260723T204456Z,25.5,85.5
20260723T204511Z,25.5,85.8
20260723T204526Z,25.5,85.8
20260723T204541Z,25.5,86.0
20260723T204556Z,25.6,86.2
20260723T204611Z,25.6,86.3
20260723T204626Z,25.6,86.5
20260723T204641Z,25.6,86.8
20260723T204656Z,25.6,86.8
20260723T204711Z,25.6,87.0
20260723T204726Z,25.6,87.4
20260723T204741Z,25.6,87.4
20260723T204756Z,25.6,87.5
20260723T204811Z,25.6,87.7
20260723T204826Z,25.6,87.9
20260723T204841Z,25.7,88.0
20260723T204856Z,25.7,88.3
20260723T204911Z,25.7,88.4
20260723T204926Z,25.7,88.5
20260723T204941Z,25.7,88.6
20260723T204956Z,25.7,88.8
20260723T205011Z,25.7,89.0
20260723T205026Z,25.7,89.0
20260723T205041Z,25.7,89.3
20260723T205056Z,25.7,89.3
20260723T205111Z,25.7,88.8
20260723T205126Z,25.7,88.7
20260723T205141Z,25.7,87.3
20260723T205156Z,25.7,86.6
20260723T205211Z,25.7,86.4
20260723T205226Z,25.7,85.7
20260723T205241Z,25.7,84.2
20260723T205256Z,25.7,83.4
20260723T205311Z,25.7,82.4
20260723T205326Z,25.7,80.7
20260723T205341Z,25.6,80.1
20260723T205356Z,25.5,79.1
20260723T205411Z,25.4,78.1
20260723T205426Z,25.3,77.5
20260723T205441Z,25.2,76.8
20260723T205456Z,25.1,76.5
20260723T205511Z,25.0,76.1
20260723T205526Z,24.9,75.3
20260723T205541Z,24.8,74.7
20260723T205556Z,24.7,74.2
20260723T205611Z,24.6,74.1
20260723T205626Z,24.5,73.6
20260723T205641Z,24.4,72.7
20260723T205656Z,24.3,72.9
20260723T205711Z,24.3,74.3
20260723T205726Z,24.2,75.8
20260723T205741Z,24.3,77.4
20260723T205756Z,24.3,78.3
20260723T205811Z,24.4,79.3
20260723T205826Z,24.4,79.8
20260723T205842Z,24.5,79.8
20260723T205856Z,24.6,80.0
20260723T205911Z,24.7,79.9
20260723T205926Z,24.7,79.9
20260723T205941Z,24.8,79.9
20260723T205956Z,24.8,80.3
20260723T210011Z,24.9,80.3
20260723T210026Z,25.0,80.5
20260723T210041Z,25.0,80.7
20260723T210056Z,25.1,80.8
20260723T210111Z,25.2,81.2
20260723T210126Z,25.2,81.5
20260723T210141Z,25.2,81.6
20260723T210156Z,25.2,81.9
20260723T210211Z,25.3,82.2
20260723T210226Z,25.3,82.4
20260723T210241Z,25.3,82.6
20260723T210256Z,25.3,83.0
20260723T210311Z,25.3,83.3
20260723T210326Z,25.3,83.5
20260723T210341Z,25.3,83.5
20260723T210356Z,25.4,83.7
20260723T210411Z,25.4,84.1
20260723T210426Z,25.4,84.4
20260723T210441Z,25.4,84.4
20260723T210456Z,25.4,84.7
20260723T210511Z,25.4,84.9
20260723T210526Z,25.4,85.2
20260723T210541Z,25.4,85.3
20260723T210556Z,25.4,85.4
20260723T210611Z,25.5,85.8
20260723T210626Z,25.5,85.9
20260723T210641Z,25.5,86.0
20260723T210656Z,25.5,86.3
20260723T210711Z,25.5,86.5
20260723T210726Z,25.5,86.7
20260723T210741Z,25.5,87.1
20260723T210756Z,25.5,87.0
20260723T210811Z,25.5,87.4
20260723T210826Z,25.5,87.5
20260723T210841Z,25.5,87.7
20260723T210856Z,25.5,87.6
20260723T210911Z,25.5,88.0
20260723T210926Z,25.6,88.1
20260723T210941Z,25.6,88.2
20260723T210956Z,25.6,88.4
20260723T211011Z,25.6,88.6
20260723T211026Z,25.6,88.7
20260723T211041Z,25.6,88.8
20260723T211056Z,25.6,88.9
20260723T211111Z,25.6,89.1
20260723T211126Z,25.7,89.2
20260723T211141Z,25.7,89.3
20260723T211156Z,25.6,89.4
20260723T211211Z,25.7,89.5
20260723T211226Z,25.7,89.6
20260723T211241Z,25.7,89.8
20260723T211256Z,25.7,88.8
20260723T211311Z,25.7,88.4
20260723T211326Z,25.7,87.3
20260723T211341Z,25.7,87.2
20260723T211356Z,25.7,86.6
20260723T211411Z,25.7,85.4
20260723T211426Z,25.7,84.9
20260723T211441Z,25.7,83.7
20260723T211456Z,25.6,81.9
20260723T211511Z,25.6,80.8
20260723T211526Z,25.5,79.7
20260723T211541Z,25.5,79.2
20260723T211556Z,25.4,78.1
20260723T211611Z,25.3,77.8
20260723T211626Z,25.2,76.8
20260723T211641Z,25.1,76.6
20260723T211656Z,25.0,75.8
20260723T211711Z,24.9,75.1
20260723T211726Z,24.8,74.7
20260723T211741Z,24.7,74.5
20260723T211756Z,24.6,73.8
20260723T211811Z,24.5,73.6
20260723T211826Z,24.4,72.7
20260723T211841Z,24.3,74.2
20260723T211856Z,24.3,75.5
20260723T211911Z,24.3,77.0
20260723T211926Z,24.3,78.6
20260723T211941Z,24.3,79.9
20260723T211956Z,24.4,80.2
20260723T212011Z,24.4,80.3
20260723T212026Z,24.5,80.4
20260723T212041Z,24.5,80.4
20260723T212056Z,24.6,80.5
20260723T212111Z,24.7,80.3
20260723T212126Z,24.7,80.5
20260723T212141Z,24.8,80.8
20260723T212156Z,24.9,80.7
20260723T212211Z,25.0,81.1
20260723T212226Z,25.0,81.2
20260723T212241Z,25.1,81.3
20260723T212256Z,25.1,81.6
20260723T212311Z,25.2,82.0
20260723T212326Z,25.2,82.1
20260723T212341Z,25.2,82.4
20260723T212356Z,25.2,82.4
20260723T212411Z,25.3,82.8
20260723T212426Z,25.3,83.2
20260723T212441Z,25.3,83.4
20260723T212456Z,25.3,83.6
20260723T212511Z,25.3,83.9
20260723T212526Z,25.3,83.9
20260723T212541Z,25.3,84.2
20260723T212556Z,25.3,84.7
20260723T212611Z,25.4,84.8
20260723T212626Z,25.4,84.9
20260723T212641Z,25.4,85.2
20260723T212656Z,25.4,85.3
20260723T212711Z,25.4,85.5
20260723T212726Z,25.4,85.8
20260723T212741Z,25.4,86.0
20260723T212756Z,25.4,86.1
20260723T212811Z,25.4,86.3
20260723T212826Z,25.4,86.5
20260723T212841Z,25.5,86.7
20260723T212856Z,25.5,86.7
20260723T212911Z,25.4,87.2
20260723T212926Z,25.5,87.2
20260723T212941Z,25.5,87.3
20260723T212956Z,25.5,87.7
20260723T213011Z,25.5,87.9
20260723T213026Z,25.5,87.8
20260723T213041Z,25.5,88.1
20260723T213056Z,25.5,88.2
20260723T213111Z,25.5,88.3
20260723T213126Z,25.5,88.5
20260723T213141Z,25.6,88.6
20260723T213156Z,25.6,88.9
20260723T213211Z,25.6,88.8
20260723T213226Z,25.6,89.0
20260723T213241Z,25.6,89.0
20260723T213256Z,25.6,89.2
20260723T213311Z,25.6,89.4
20260723T213326Z,25.6,89.4
20260723T213341Z,25.6,89.6
20260723T213356Z,25.6,89.7
20260723T213411Z,25.7,89.8
20260723T213426Z,25.7,90.0
20260723T213441Z,25.7,89.9
20260723T213456Z,25.7,90.1
20260723T213511Z,25.7,90.3
20260723T213526Z,25.7,90.0
20260723T213541Z,25.7,89.8
20260723T213556Z,25.7,88.3
20260723T213611Z,25.7,87.5
20260723T213626Z,25.7,87.4
20260723T213641Z,25.7,86.7
20260723T213656Z,25.7,85.5
20260723T213711Z,25.7,84.5
20260723T213726Z,25.7,83.5
20260723T213741Z,25.6,81.8
20260723T213756Z,25.5,80.7
20260723T213811Z,25.4,79.8
20260723T213826Z,25.3,79.3
20260723T213841Z,25.3,78.0
20260723T213856Z,25.2,77.8
20260723T213911Z,25.1,77.1
20260723T213926Z,25.0,76.4
20260723T213941Z,24.9,76.0
20260723T213956Z,24.8,75.4
20260723T214011Z,24.7,74.9
20260723T214026Z,24.6,74.6
20260723T214041Z,24.5,73.5
20260723T214056Z,24.4,73.5
20260723T214111Z,24.3,74.8
20260723T214126Z,24.3,77.1
20260723T214141Z,24.2,78.5
20260723T214156Z,24.3,79.8
20260723T214211Z,24.3,80.4
20260723T214226Z,24.4,80.9
20260723T214241Z,24.4,81.0
20260723T214256Z,24.5,81.0
20260723T214311Z,24.6,81.0
20260723T214326Z,24.7,81.0
20260723T214342Z,24.8,80.8
20260723T214357Z,24.8,80.8
20260723T214411Z,24.9,81.1
20260723T214426Z,24.9,81.2
20260723T214442Z,25.0,81.4
20260723T214457Z,25.1,81.7
20260723T214511Z,25.1,81.8
20260723T214526Z,25.1,82.0
20260723T214541Z,25.2,82.4
20260723T214556Z,25.2,82.5
20260723T214611Z,25.2,82.9
20260723T214626Z,25.2,83.0
20260723T214641Z,25.2,83.3
20260723T214656Z,25.2,83.6
20260723T214711Z,25.3,84.0
20260723T214726Z,25.3,84.0
20260723T214741Z,25.3,84.5
20260723T214756Z,25.3,84.8
20260723T214811Z,25.3,85.0
20260723T214826Z,25.2,85.1
20260723T214841Z,25.3,85.4
20260723T214856Z,25.3,85.6
20260723T214911Z,25.3,85.7
20260723T214926Z,25.3,86.0
20260723T214941Z,25.3,86.2
20260723T214956Z,25.3,86.4
20260723T215011Z,25.3,86.5
20260723T215026Z,25.4,86.6
20260723T215041Z,25.4,86.8
20260723T215056Z,25.4,87.0
20260723T215111Z,25.4,87.2
20260723T215126Z,25.4,87.2
20260723T215141Z,25.4,87.6
20260723T215156Z,25.4,87.7
20260723T215211Z,25.4,87.9
20260723T215226Z,25.5,87.9
20260723T215241Z,25.5,88.2
20260723T215256Z,25.5,88.4
20260723T215311Z,25.5,88.4
20260723T215326Z,25.5,88.5
20260723T215341Z,25.5,88.6
20260723T215356Z,25.5,88.9
20260723T215411Z,25.5,88.8
20260723T215426Z,25.5,89.0
20260723T215441Z,25.6,89.2
20260723T215456Z,25.6,89.2
20260723T215511Z,25.6,89.2
20260723T215526Z,25.6,89.4
20260723T215541Z,25.6,89.6
20260723T215556Z,25.6,89.7
20260723T215611Z,25.6,89.9
20260723T215626Z,25.6,89.9
20260723T215641Z,25.6,89.9
20260723T215656Z,25.7,90.3
20260723T215711Z,25.7,90.1
20260723T215726Z,25.7,90.2
20260723T215741Z,25.7,90.2
20260723T215756Z,25.7,90.4
20260723T215811Z,25.7,89.8
20260723T215826Z,25.7,89.9
20260723T215841Z,25.7,88.1
20260723T215856Z,25.7,87.5
20260723T215911Z,25.7,87.6
20260723T215926Z,25.7,86.7
20260723T215941Z,25.6,85.4
20260723T215956Z,25.6,84.3
20260723T220011Z,25.6,82.7
20260723T220026Z,25.6,81.7
20260723T220041Z,25.5,81.1
20260723T220056Z,25.4,80.4
20260723T220111Z,25.3,79.5
20260723T220126Z,25.2,78.6
20260723T220141Z,25.1,77.8
20260723T220156Z,25.1,77.1
20260723T220211Z,24.9,76.5
20260723T220226Z,24.8,76.4
20260723T220241Z,24.8,75.9
20260723T220256Z,24.7,75.4
20260723T220311Z,24.6,74.5
20260723T220326Z,24.5,73.8
20260723T220341Z,24.4,73.6
20260723T220356Z,24.4,73.8
20260723T220411Z,24.3,75.4
20260723T220426Z,24.3,77.0
20260723T220441Z,24.4,78.5
20260723T220456Z,24.4,78.9
20260723T220511Z,24.5,79.4
20260723T220526Z,24.5,79.8
20260723T220542Z,24.6,80.2
20260723T220557Z,24.7,79.9
20260723T220611Z,24.8,79.9
20260723T220626Z,24.8,80.4
20260723T220641Z,24.9,80.4
20260723T220656Z,25.0,80.6
20260723T220711Z,25.0,80.6
20260723T220726Z,25.1,80.9
20260723T220741Z,25.2,81.2
20260723T220756Z,25.2,81.2
20260723T220811Z,25.2,81.4
20260723T220826Z,25.2,81.7
20260723T220841Z,25.2,81.9
20260723T220856Z,25.3,82.1
20260723T220911Z,25.3,82.6
20260723T220926Z,25.3,82.8
20260723T220941Z,25.3,83.0
20260723T220956Z,25.3,83.3
20260723T221011Z,25.3,83.6
20260723T221026Z,25.3,84.0
20260723T221041Z,25.3,84.2
20260723T221056Z,25.3,84.5
20260723T221111Z,25.3,84.8
20260723T221126Z,25.3,84.9
20260723T221141Z,25.3,85.2
20260723T221156Z,25.3,85.4
20260723T221211Z,25.3,85.6
20260723T221226Z,25.3,86.0
20260723T221241Z,25.3,86.1
20260723T221256Z,25.4,86.2
20260723T221311Z,25.4,86.7
20260723T221326Z,25.4,86.9
20260723T221341Z,25.4,86.8
20260723T221356Z,25.4,87.0
20260723T221411Z,25.4,87.2
20260723T221426Z,25.4,87.3
20260723T221441Z,25.4,87.6
20260723T221456Z,25.4,87.8
20260723T221511Z,25.4,87.9
20260723T221526Z,25.4,88.0
20260723T221541Z,25.5,88.1
20260723T221556Z,25.5,88.4
20260723T221611Z,25.5,88.3
20260723T221626Z,25.5,88.7
20260723T221641Z,25.5,88.7
20260723T221656Z,25.5,88.9
20260723T221711Z,25.5,88.9
20260723T221726Z,25.5,89.0
20260723T221741Z,25.5,89.2
20260723T221756Z,25.6,89.3
20260723T221811Z,25.6,89.5
20260723T221826Z,25.6,89.6
20260723T221841Z,25.6,89.7
20260723T221856Z,25.6,89.8
20260723T221911Z,25.6,89.8
20260723T221926Z,25.6,90.0
20260723T221941Z,25.6,90.1
20260723T221956Z,25.6,90.4
20260723T222011Z,25.6,90.4
20260723T222026Z,25.6,90.3
20260723T222041Z,25.7,90.5
20260723T222056Z,25.7,89.6
20260723T222111Z,25.7,89.2
20260723T222126Z,25.7,87.8
20260723T222141Z,25.6,87.7
20260723T222156Z,25.6,87.2
20260723T222211Z,25.6,86.9
20260723T222226Z,25.6,85.7
20260723T222241Z,25.6,85.0
20260723T222256Z,25.6,83.4
20260723T222311Z,25.6,82.0
20260723T222326Z,25.5,81.1
20260723T222341Z,25.5,80.0
20260723T222356Z,25.3,78.6
20260723T222411Z,25.3,78.1
20260723T222426Z,25.1,77.4
20260723T222441Z,25.0,77.0
20260723T222456Z,24.9,76.5
20260723T222511Z,24.8,76.1
20260723T222526Z,24.7,75.5
20260723T222541Z,24.6,75.1
20260723T222556Z,24.5,74.2
20260723T222611Z,24.4,74.0
20260723T222626Z,24.3,73.6
20260723T222641Z,24.2,75.0
20260723T222656Z,24.2,75.9
20260723T222711Z,24.2,77.3
20260723T222726Z,24.3,78.9
20260723T222741Z,24.3,79.2
20260723T222756Z,24.4,80.0
20260723T222811Z,24.5,79.9
20260723T222826Z,24.6,80.3
20260723T222841Z,24.6,80.4
20260723T222856Z,24.7,80.8
20260723T222911Z,24.8,80.8
20260723T222926Z,24.8,80.8
20260723T222941Z,24.8,81.0
20260723T222956Z,24.9,81.2
20260723T223011Z,24.9,81.3
20260723T223026Z,25.0,81.6
20260723T223041Z,25.0,81.7
20260723T223056Z,25.1,81.9
20260723T223111Z,25.1,82.4
20260723T223126Z,25.1,82.4
20260723T223141Z,25.2,82.8
20260723T223156Z,25.2,83.0
20260723T223211Z,25.2,83.1
20260723T223226Z,25.2,83.4
20260723T223241Z,25.2,83.6
20260723T223256Z,25.2,83.8
20260723T223311Z,25.2,84.2
20260723T223326Z,25.3,84.4
20260723T223342Z,25.3,84.7
20260723T223357Z,25.3,85.0
20260723T223411Z,25.3,85.0
20260723T223426Z,25.3,85.2
20260723T223441Z,25.3,85.5
20260723T223456Z,25.3,85.8
20260723T223511Z,25.3,85.8
20260723T223526Z,25.3,86.3
20260723T223541Z,25.3,86.3
20260723T223556Z,25.4,86.5
20260723T223611Z,25.3,86.8
20260723T223626Z,25.3,87.0
20260723T223641Z,25.4,87.2
20260723T223656Z,25.4,87.3
20260723T223712Z,25.4,87.5
20260723T223726Z,25.4,87.6
20260723T223741Z,25.4,87.8
20260723T223756Z,25.4,88.0
20260723T223811Z,25.4,88.1
20260723T223826Z,25.4,88.3
20260723T223841Z,25.5,88.4
20260723T223856Z,25.5,88.5
20260723T223911Z,25.5,88.7
20260723T223926Z,25.5,88.8
20260723T223941Z,25.5,89.1
20260723T223956Z,25.5,89.1
20260723T224011Z,25.5,89.2
20260723T224026Z,25.5,89.2
20260723T224041Z,25.5,89.3
20260723T224056Z,25.5,89.5
20260723T224111Z,25.6,89.7
20260723T224126Z,25.6,89.9
20260723T224141Z,25.6,89.8
20260723T224156Z,25.6,90.0
20260723T224211Z,25.6,90.1
20260723T224226Z,25.6,90.3
20260723T224241Z,25.6,90.2
20260723T224256Z,25.6,90.4
20260723T224311Z,25.6,90.3
20260723T224327Z,25.7,89.7
20260723T224341Z,25.7,89.4
20260723T224356Z,25.6,87.6
20260723T224411Z,25.6,87.7
20260723T224426Z,25.6,87.2
20260723T224441Z,25.6,86.1
20260723T224456Z,25.6,85.4
20260723T224511Z,25.6,84.4
20260723T224526Z,25.6,82.8
20260723T224541Z,25.5,81.8
20260723T224556Z,25.4,80.8
20260723T224611Z,25.4,79.9
20260723T224626Z,25.3,79.3
20260723T224641Z,25.2,78.5
20260723T224656Z,25.1,77.7
20260723T224711Z,25.0,77.5
20260723T224726Z,24.9,77.3
20260723T224741Z,24.9,76.3
20260723T224756Z,24.8,75.5
20260723T224811Z,24.7,75.1
20260723T224826Z,24.6,74.7
20260723T224841Z,24.6,74.4
20260723T224857Z,24.5,73.2
20260723T224911Z,24.4,73.9
20260723T224927Z,24.4,75.1
20260723T224941Z,24.4,76.9
20260723T224957Z,24.4,78.5
20260723T225011Z,24.4,79.0
20260723T225026Z,24.5,79.8
20260723T225042Z,24.5,80.1
20260723T225057Z,24.6,80.1
20260723T225111Z,24.7,80.3
20260723T225126Z,24.7,80.6
20260723T225141Z,24.8,80.8
20260723T225156Z,24.8,81.0
20260723T225211Z,24.9,80.9
20260723T225226Z,24.9,81.2
20260723T225241Z,24.9,81.3
20260723T225256Z,25.0,81.6
20260723T225312Z,25.0,81.9
20260723T225327Z,25.0,82.4
20260723T225341Z,25.1,82.6
20260723T225356Z,25.1,82.9
20260723T225412Z,25.1,83.0
20260723T225426Z,25.1,83.1
20260723T225442Z,25.1,83.4
20260723T225457Z,25.1,83.5
20260723T225511Z,25.2,83.9
20260723T225526Z,25.2,84.1
20260723T225542Z,25.2,84.4
20260723T225556Z,25.2,84.7
20260723T225612Z,25.2,85.0
20260723T225626Z,25.2,85.0
20260723T225642Z,25.2,85.3
20260723T225656Z,25.2,85.3
20260723T225711Z,25.2,85.8
20260723T225727Z,25.3,86.0
20260723T225741Z,25.3,86.0
20260723T225757Z,25.3,86.5
20260723T225811Z,25.3,86.6
20260723T225826Z,25.3,86.8
20260723T225842Z,25.3,86.9
20260723T225856Z,25.3,87.2
20260723T225912Z,25.4,87.3
20260723T225926Z,25.4,87.5
20260723T225941Z,25.4,87.7
20260723T225957Z,25.4,87.7
20260723T230011Z,25.4,87.9
20260723T230027Z,25.4,88.2
20260723T230041Z,25.4,88.4
20260723T230057Z,25.4,88.4
20260723T230111Z,25.4,88.7
20260723T230127Z,25.4,88.8
20260723T230142Z,25.4,88.9
20260723T230156Z,25.4,89.2
20260723T230212Z,25.4,89.2
20260723T230226Z,25.4,89.3
20260723T230241Z,25.5,89.4
20260723T230257Z,25.5,89.5
20260723T230311Z,25.5,89.7
20260723T230326Z,25.5,89.7
20260723T230342Z,25.5,89.9
20260723T230356Z,25.5,90.0
20260723T230412Z,25.5,89.9
20260723T230426Z,25.5,90.2
20260723T230442Z,25.5,90.2
20260723T230456Z,25.6,90.4
20260723T230512Z,25.6,90.4
20260723T230526Z,25.6,89.5
20260723T230542Z,25.6,89.6
20260723T230556Z,25.6,88.3
20260723T230612Z,25.6,87.6
20260723T230626Z,25.6,87.5
20260723T230641Z,25.6,86.9
20260723T230657Z,25.6,84.9
20260723T230711Z,25.5,83.1
20260723T230727Z,25.5,82.4
20260723T230742Z,25.4,81.9
20260723T230756Z,25.4,81.4
20260723T230812Z,25.3,80.4
20260723T230826Z,25.2,79.4
20260723T230842Z,25.2,78.4
20260723T230856Z,25.1,78.2
20260723T230912Z,25.0,77.7
20260723T230926Z,24.9,77.2
20260723T230941Z,24.8,76.5
20260723T230956Z,24.7,75.7
20260723T231012Z,24.6,75.6
20260723T231026Z,24.5,75.0
20260723T231042Z,24.5,75.2
20260723T231056Z,24.5,76.8
20260723T231112Z,24.5,78.0
20260723T231126Z,24.5,79.8
20260723T231142Z,24.5,80.7
20260723T231156Z,24.5,81.0
20260723T231211Z,24.5,81.1
20260723T231227Z,24.6,81.3
20260723T231241Z,24.6,81.8
20260723T231257Z,24.6,82.1
20260723T231311Z,24.6,82.7
20260723T231327Z,24.6,82.9
20260723T231341Z,24.6,83.4
20260723T231357Z,24.6,83.8
20260723T231411Z,24.7,84.2
20260723T231427Z,24.7,84.4
20260723T231441Z,24.7,84.7
20260723T231457Z,24.7,85.1
20260723T231511Z,24.7,85.5
20260723T231527Z,24.7,85.7
20260723T231541Z,24.8,86.0
20260723T231557Z,24.8,86.4
20260723T231611Z,24.8,86.5
20260723T231626Z,24.8,86.6
20260723T231642Z,24.9,87.1
20260723T231656Z,24.9,87.2
20260723T231712Z,24.9,87.5
20260723T231726Z,24.9,87.7
20260723T231742Z,24.9,87.9
20260723T231756Z,25.0,88.1
20260723T231812Z,25.0,88.4
20260723T231826Z,25.0,88.6
20260723T231842Z,25.0,88.6
20260723T231856Z,25.0,88.9
20260723T231911Z,25.1,89.1
20260723T231926Z,25.1,89.1
20260723T231942Z,25.1,89.4
20260723T231956Z,25.1,89.6
20260723T232012Z,25.2,89.6
20260723T232026Z,25.2,89.8
20260723T232042Z,25.2,90.0
20260723T232056Z,25.2,90.2
20260723T232112Z,25.2,90.1
20260723T232126Z,25.2,90.4
20260723T232142Z,25.3,90.5
20260723T232156Z,25.3,90.6
20260723T232212Z,25.3,90.7
20260723T232226Z,25.3,90.8
20260723T232242Z,25.3,91.1
20260723T232256Z,25.4,91.1
20260723T232312Z,25.4,91.3
20260723T232326Z,25.4,91.2
20260723T232342Z,25.4,91.4
20260723T232357Z,25.4,91.6
20260723T232411Z,25.4,91.7
20260723T232427Z,25.5,91.8
20260723T232441Z,25.5,92.0
20260723T232457Z,25.5,91.9
20260723T232512Z,25.5,92.0
20260723T232526Z,25.5,92.1
20260723T232542Z,25.5,92.1
20260723T232557Z,25.5,92.2
20260723T232611Z,25.6,91.4
20260723T232627Z,25.6,91.2
20260723T232642Z,25.5,89.5
20260723T232656Z,25.5,89.2
20260723T232712Z,25.5,88.3
20260723T232726Z,25.4,87.5
20260723T232741Z,25.4,86.9
20260723T232757Z,25.3,85.6
20260723T232811Z,25.2,85.9
20260723T232827Z,25.2,84.9
20260723T232841Z,25.1,84.0
20260723T232856Z,25.1,82.8
20260723T232912Z,25.0,82.3
20260723T232926Z,24.9,82.1
20260723T232942Z,24.9,81.8
20260723T232956Z,24.9,80.2
20260723T233012Z,24.8,79.3
20260723T233026Z,24.8,78.8
20260723T233042Z,24.7,78.3
20260723T233056Z,24.7,76.9
20260723T233112Z,24.7,77.9
20260723T233126Z,24.6,79.3
20260723T233141Z,24.6,80.8
20260723T233156Z,24.6,81.5
20260723T233212Z,24.6,82.2
20260723T233226Z,24.6,83.0
20260723T233242Z,24.6,83.1
20260723T233256Z,24.6,83.3
20260723T233312Z,24.6,83.5
20260723T233326Z,24.6,84.3
20260723T233342Z,24.6,84.4
20260723T233356Z,24.6,84.7
20260723T233412Z,24.6,85.2
20260723T233426Z,24.6,85.4
20260723T233442Z,24.7,85.9
20260723T233456Z,24.7,86.1
20260723T233512Z,24.7,86.5
20260723T233526Z,24.7,86.6
20260723T233542Z,24.7,87.1
20260723T233556Z,24.8,87.4
20260723T233612Z,24.8,87.5
20260723T233626Z,24.8,87.8
20260723T233643Z,24.8,87.9
20260723T233657Z,24.9,88.3
20260723T233712Z,24.9,88.3
20260723T233726Z,24.9,88.5
20260723T233742Z,24.9,88.8
20260723T233756Z,25.0,89.0
20260723T233812Z,25.0,89.2
20260723T233827Z,25.0,89.4
20260723T233841Z,25.0,89.6
20260723T233857Z,25.0,89.8
20260723T233911Z,25.1,89.8
20260723T233927Z,25.1,90.1
20260723T233941Z,25.1,90.2
20260723T233957Z,25.1,90.3
20260723T234011Z,25.2,90.4
20260723T234027Z,25.2,90.6
20260723T234041Z,25.2,90.9
20260723T234057Z,25.2,90.9
20260723T234111Z,25.2,91.0
20260723T234126Z,25.3,91.1
20260723T234141Z,25.3,91.3
20260723T234157Z,25.3,91.3
20260723T234211Z,25.3,91.5
20260723T234227Z,25.3,91.6
20260723T234241Z,25.3,91.6
20260723T234257Z,25.4,91.7
20260723T234311Z,25.4,91.8
20260723T234327Z,25.4,91.8
20260723T234341Z,25.4,91.9
20260723T234357Z,25.4,92.0
20260723T234412Z,25.4,92.0
20260723T234426Z,25.5,92.1
20260723T234441Z,25.5,92.2
20260723T234456Z,25.5,92.3
20260723T234512Z,25.5,92.4
20260723T234527Z,25.5,92.5
20260723T234542Z,25.5,92.5
20260723T234557Z,25.6,92.2
20260723T234612Z,25.5,90.2
20260723T234627Z,25.5,89.9
20260723T234641Z,25.4,89.4
20260723T234657Z,25.4,88.2
20260723T234711Z,25.4,86.9
20260723T234727Z,25.3,86.4
20260723T234742Z,25.2,85.7
20260723T234756Z,25.1,85.1
20260723T234812Z,25.0,84.4
20260723T234827Z,25.0,83.9
20260723T234841Z,24.9,84.2
20260723T234857Z,24.9,83.4
20260723T234911Z,24.9,82.2
20260723T234927Z,24.8,80.6
20260723T234941Z,24.7,80.7
20260723T234957Z,24.7,79.6
20260723T235011Z,24.6,79.3
20260723T235027Z,24.6,78.9
20260723T235042Z,24.5,77.6
20260723T235057Z,24.5,78.9
20260723T235112Z,24.5,80.4
20260723T235127Z,24.5,81.6
20260723T235142Z,24.5,83.0
20260723T235157Z,24.5,83.2
20260723T235212Z,24.5,83.5
20260723T235227Z,24.5,83.7
20260723T235242Z,24.5,84.1
20260723T235256Z,24.5,84.3
20260723T235312Z,24.5,84.7
20260723T235327Z,24.5,85.2
20260723T235342Z,24.5,85.5
20260723T235357Z,24.6,85.9
20260723T235412Z,24.6,85.8
20260723T235427Z,24.6,86.2
20260723T235442Z,24.7,86.7
20260723T235457Z,24.7,86.8
20260723T235512Z,24.7,87.0
20260723T235527Z,24.7,87.4
20260723T235542Z,24.8,87.6
20260723T235557Z,24.8,87.7
20260723T235612Z,24.8,87.9
20260723T235627Z,24.9,88.4
20260723T235642Z,24.9,88.5
20260723T235657Z,24.9,88.7
20260723T235712Z,24.9,88.8
20260723T235727Z,24.9,89.1
20260723T235742Z,25.0,89.3
20260723T235757Z,25.0,89.5
20260723T235812Z,25.0,89.7
20260723T235827Z,25.1,89.7
20260723T235842Z,25.1,90.1
20260723T235857Z,25.1,90.1
20260723T235912Z,25.1,90.3
20260723T235927Z,25.1,90.3
20260723T235942Z,25.1,90.5
20260723T235957Z,25.2,90.7