Time,Temperature,Humidity
20260617T000013Z,22.70001,82.3
20260617T000028Z,22.70001,82.10002
20260617T000043Z,22.70001,82.10002
20260617T000058Z,22.70001,82.10002
20260617T000114Z,22.70001,82.20003
20260617T000129Z,22.70001,81.9
20260617T000144Z,22.70001,82.10002
20260617T000159Z,22.70001,82.10002
20260617T000213Z,22.70001,82.3
20260617T000227Z,22.70001,82.0
20260617T000241Z,22.70001,82.10002
20260617T000256Z,22.70001,82.10002
20260617T000310Z,22.70001,82.0
20260617T000325Z,22.70001,82.10002
20260617T000340Z,22.6,81.9
20260617T000356Z,22.6,81.9
20260617T000411Z,22.70001,82.0
20260617T000426Z,22.6,81.8
20260617T000442Z,22.6,81.8
20260617T000457Z,22.70001,81.9
20260617T000512Z,22.70001,81.9
20260617T000527Z,22.70001,82.0
20260617T000543Z,22.70001,81.8
20260617T000558Z,22.6,81.8
20260617T000612Z,22.70001,81.70003
20260617T000627Z,22.70001,81.8
20260617T000641Z,22.70001,81.8
20260617T000655Z,22.70001,81.70003
20260617T000709Z,22.6,81.60002
20260617T000724Z,22.6,81.60002
20260617T000739Z,22.6,81.70003
20260617T000754Z,22.6,81.8
20260617T000810Z,22.6,81.70003
20260617T000825Z,22.6,81.60002
20260617T000840Z,22.6,81.5
20260617T000855Z,22.6,81.60002
20260617T000911Z,22.6,81.4
20260617T000926Z,22.6,81.60002
20260617T000941Z,22.6,81.5
20260617T000956Z,22.6,81.4
20260617T001012Z,22.6,81.5
20260617T001027Z,22.6,81.5
20260617T001041Z,22.6,81.60002
20260617T001056Z,22.6,81.60002
20260617T001110Z,22.6,81.60002
20260617T001124Z,22.6,81.3
20260617T001138Z,22.6,81.4
20260617T001154Z,22.6,81.3
20260617T001209Z,22.6,81.3
20260617T001224Z,22.6,80.9
20260617T001240Z,22.6,81.70003
20260617T001255Z,22.6,82.9
20260617T001310Z,22.6,82.8
20260617T001325Z,22.70001,82.8
20260617T001341Z,22.80001,82.3
20260617T001356Z,22.80001,82.20003
20260617T001410Z,22.9,82.10002
20260617T001426Z,22.9,82.10002
20260617T001441Z,23.0,81.9
20260617T001456Z,23.0,81.8
20260617T001511Z,23.1,81.70003
20260617T001527Z,23.20001,81.60002
20260617T001541Z,23.20001,81.5
20260617T001556Z,23.20001,81.4
20260617T001611Z,23.30001,81.3
20260617T001627Z,23.30001,81.3
20260617T001642Z,23.4,81.20003
20260617T001657Z,23.4,81.10002
20260617T001713Z,23.5,81.0
20260617T001728Z,23.5,80.8
20260617T001743Z,23.5,80.70003
20260617T001758Z,23.6,80.70003
20260617T001814Z,23.6,80.60002
20260617T001829Z,23.6,80.5
20260617T001843Z,23.70001,80.3
20260617T001859Z,23.70001,80.20003
20260617T001913Z,23.70001,80.10002
20260617T001928Z,23.80001,80.0
20260617T001943Z,23.80001,80.0
20260617T001959Z,23.80001,79.9
20260617T002014Z,23.9,79.8
20260617T002028Z,23.9,79.9
20260617T002043Z,23.9,79.9
20260617T002059Z,23.9,79.9
20260617T002113Z,24.0,79.9
20260617T002128Z,24.0,79.70003
20260617T002143Z,24.0,79.70003
20260617T002158Z,24.1,79.70003
20260617T002213Z,24.1,79.60002
20260617T002227Z,24.1,79.5
20260617T002243Z,24.1,79.60002
20260617T002257Z,24.1,79.60002
20260617T002312Z,24.20001,79.5
20260617T002328Z,24.20001,79.5
20260617T002342Z,24.20001,79.5
20260617T002357Z,24.20001,79.5
20260617T002412Z,24.20001,79.5
20260617T002427Z,24.30001,79.3
20260617T002442Z,24.30001,79.3
20260617T002457Z,24.30001,79.3
20260617T002513Z,24.30001,79.3
20260617T002528Z,24.30001,79.20003
20260617T002542Z,24.30001,79.20003
20260617T002557Z,24.30001,79.20003
20260617T002613Z,24.4,79.10002
20260617T002627Z,24.4,79.10002
20260617T002642Z,24.4,79.0
20260617T002657Z,24.4,79.10002
20260617T002712Z,24.4,79.0
20260617T002727Z,24.4,79.10002
20260617T002742Z,24.4,79.10002
20260617T002758Z,24.4,79.10002
20260617T002813Z,24.5,79.0
20260617T002828Z,24.5,79.0
20260617T002843Z,24.5,79.0
20260617T002859Z,24.5,79.0
20260617T002914Z,24.5,79.0
20260617T002929Z,24.5,78.9
20260617T002945Z,24.5,78.9
20260617T003000Z,24.5,78.9
20260617T003015Z,24.5,78.9
20260617T003030Z,24.6,78.9
20260617T003046Z,24.6,78.9
20260617T003101Z,24.6,79.0
20260617T003116Z,24.6,78.9
20260617T003132Z,24.6,78.9
20260617T003147Z,24.6,78.9
20260617T003202Z,24.6,78.9
20260617T003217Z,24.6,78.9
20260617T003232Z,24.6,78.9
20260617T003247Z,24.6,79.0
20260617T003302Z,24.6,79.0
20260617T003317Z,24.6,79.0
20260617T003333Z,24.6,78.9
20260617T003348Z,24.6,79.0
20260617T003403Z,24.70001,79.0
20260617T003419Z,24.70001,79.0
20260617T003434Z,24.70001,79.0
20260617T003448Z,24.70001,79.0
20260617T003503Z,24.70001,78.9
20260617T003519Z,24.70001,78.9
20260617T003534Z,24.70001,79.0
20260617T003549Z,24.70001,79.0
20260617T003605Z,24.70001,79.0
20260617T003619Z,24.70001,79.0
20260617T003634Z,24.70001,79.0
20260617T003649Z,24.70001,79.0
20260617T003705Z,24.70001,79.10002
20260617T003720Z,24.70001,79.10002
20260617T003735Z,24.80001,79.0
20260617T003750Z,24.80001,79.0
20260617T003805Z,24.80001,79.10002
20260617T003820Z,24.80001,79.10002
20260617T003835Z,24.80001,79.10002
20260617T003851Z,24.80001,79.0
20260617T003906Z,24.80001,79.10002
20260617T003920Z,24.80001,79.10002
20260617T003935Z,24.80001,79.10002
20260617T003951Z,24.80001,79.10002
20260617T004005Z,24.80001,79.10002
20260617T004020Z,24.80001,79.20003
20260617T004036Z,24.80001,79.20003
20260617T004050Z,24.80001,79.20003
20260617T004105Z,24.80001,79.20003
20260617T004120Z,24.80001,79.20003
20260617T004135Z,24.80001,79.20003
20260617T004150Z,24.80001,79.20003
20260617T004205Z,24.80001,79.20003
20260617T004220Z,24.9,79.20003
20260617T004235Z,24.9,79.3
20260617T004250Z,24.9,79.3
20260617T004304Z,24.9,79.20003
20260617T004320Z,24.9,79.3
20260617T004335Z,24.9,79.3
20260617T004349Z,24.9,79.20003
20260617T004405Z,24.9,79.3
20260617T004420Z,24.9,79.3
20260617T004434Z,24.9,79.3
20260617T004449Z,24.9,79.3
20260617T004505Z,24.9,79.3
20260617T004519Z,24.9,79.3
20260617T004534Z,24.9,79.3
20260617T004549Z,24.9,79.3
20260617T004604Z,24.9,79.4
20260617T004619Z,24.9,79.4
20260617T004634Z,24.9,79.4
20260617T004649Z,24.9,79.5
20260617T004704Z,24.9,79.4
20260617T004719Z,25.0,79.4
20260617T004733Z,25.0,79.4
20260617T004749Z,25.0,79.4
20260617T004804Z,25.0,79.4
20260617T004818Z,25.0,79.5
20260617T004834Z,25.0,79.4
20260617T004849Z,25.0,79.5
20260617T004903Z,25.0,79.4
20260617T004918Z,25.0,79.4
20260617T004934Z,25.0,79.4
20260617T004948Z,25.0,79.4
20260617T005003Z,25.0,79.4
20260617T005019Z,25.0,79.4
20260617T005033Z,25.0,79.4
20260617T005048Z,25.0,79.4
20260617T005103Z,25.0,79.4
20260617T005118Z,25.0,79.5
20260617T005133Z,25.0,79.5
20260617T005148Z,25.0,79.5
20260617T005202Z,25.0,79.60002
20260617T005218Z,25.0,79.60002
20260617T005233Z,25.0,79.60002
20260617T005248Z,25.0,79.60002
20260617T005303Z,25.0,79.60002
20260617T005318Z,25.0,79.60002
20260617T005333Z,25.0,79.70003
20260617T005347Z,25.1,79.60002
20260617T005403Z,25.1,79.70003
20260617T005418Z,25.1,79.70003
20260617T005432Z,25.1,79.60002
20260617T005448Z,25.1,79.70003
20260617T005503Z,25.1,79.70003
20260617T005517Z,25.1,79.70003
20260617T005532Z,25.1,79.70003
20260617T005548Z,25.1,79.70003
20260617T005603Z,25.1,79.70003
20260617T005618Z,25.1,79.70003
20260617T005633Z,25.1,79.70003
20260617T005649Z,25.1,79.70003
20260617T005703Z,25.1,79.70003
20260617T005718Z,25.1,79.70003
20260617T005734Z,25.1,79.70003
20260617T005748Z,25.1,79.70003
20260617T005803Z,25.1,79.70003
20260617T005818Z,25.1,79.8
20260617T005834Z,25.1,79.8
20260617T005849Z,25.1,79.8
20260617T005904Z,25.1,79.8
20260617T005920Z,25.1,79.8
20260617T005934Z,25.1,79.9
20260617T005949Z,25.1,79.9
20260617T010004Z,25.1,79.8
20260617T010020Z,25.20001,79.8
20260617T010035Z,25.1,79.8
20260617T010050Z,25.1,79.8
20260617T010106Z,25.1,79.9
20260617T010120Z,25.1,79.9
20260617T010135Z,25.20001,79.9
20260617T010150Z,25.20001,79.9
20260617T010205Z,25.20001,79.9
20260617T010220Z,25.20001,79.9
20260617T010235Z,25.20001,80.0
20260617T010250Z,25.20001,80.0
20260617T010305Z,25.20001,80.0
20260617T010320Z,25.20001,80.0
20260617T010335Z,25.20001,80.0
20260617T010350Z,25.20001,80.0
20260617T010405Z,25.20001,80.0
20260617T010420Z,25.20001,80.0
20260617T010434Z,25.20001,80.0
20260617T010450Z,25.20001,80.10002
20260617T010505Z,25.20001,80.0
20260617T010520Z,25.20001,80.0
20260617T010536Z,25.20001,80.10002
20260617T010551Z,25.20001,80.10002
20260617T010606Z,25.20001,80.10002
20260617T010620Z,25.20001,80.10002
20260617T010636Z,25.20001,80.10002
20260617T010651Z,25.20001,80.10002
20260617T010705Z,25.20001,80.10002
20260617T010721Z,25.20001,80.20003
20260617T010736Z,25.20001,80.10002
20260617T010751Z,25.20001,80.20003
20260617T010805Z,25.20001,80.20003
20260617T010821Z,25.20001,80.20003
20260617T010836Z,25.20001,80.20003
20260617T010850Z,25.20001,80.3
20260617T010905Z,25.20001,80.3
20260617T010921Z,25.30001,80.3
20260617T010935Z,25.30001,80.3
20260617T010950Z,25.30001,80.4
20260617T011006Z,25.30001,80.3
20260617T011021Z,25.30001,80.3
20260617T011035Z,25.30001,80.3
20260617T011050Z,25.30001,80.3
20260617T011106Z,25.30001,80.3
20260617T011120Z,25.30001,80.3
20260617T011135Z,25.30001,80.3
20260617T011151Z,25.30001,80.3
20260617T011206Z,25.30001,80.4
20260617T011220Z,25.30001,80.4
20260617T011235Z,25.30001,80.4
20260617T011251Z,25.30001,80.3
20260617T011305Z,25.30001,80.4
20260617T011320Z,25.30001,80.4
20260617T011336Z,25.30001,80.4
20260617T011350Z,25.30001,80.5
20260617T011405Z,25.30001,80.4
20260617T011420Z,25.30001,80.4
20260617T011436Z,25.4,80.4
20260617T011450Z,25.4,80.4
20260617T011505Z,25.4,80.5
20260617T011520Z,25.4,80.5
20260617T011535Z,25.4,80.4
20260617T011550Z,25.4,80.5
20260617T011605Z,25.4,80.5
20260617T011621Z,25.4,80.5
20260617T011635Z,25.30001,80.5
20260617T011650Z,25.4,80.5
20260617T011705Z,25.30001,80.60002
20260617T011720Z,25.4,80.5
20260617T011735Z,25.4,80.5
20260617T011750Z,25.4,80.5
20260617T011806Z,25.4,80.5
20260617T011820Z,25.4,80.60002
20260617T011835Z,25.4,80.60002
20260617T011850Z,25.4,80.60002
20260617T011905Z,25.4,80.60002
20260617T011920Z,25.4,80.5
20260617T011935Z,25.4,80.60002
20260617T011951Z,25.4,80.60002
20260617T012005Z,25.4,80.5
20260617T012020Z,25.4,80.60002
20260617T012035Z,25.4,80.60002
20260617T012050Z,25.4,80.70003
20260617T012105Z,25.4,80.60002
20260617T012120Z,25.4,80.60002
20260617T012135Z,25.4,80.60002
20260617T012150Z,25.4,80.70003
20260617T012205Z,25.4,80.60002
20260617T012220Z,25.4,80.70003
20260617T012235Z,25.4,80.70003
20260617T012250Z,25.4,80.70003
20260617T012305Z,25.4,80.70003
20260617T012320Z,25.4,80.60002
20260617T012335Z,25.4,80.60002
20260617T012350Z,25.4,80.70003
20260617T012405Z,25.4,80.70003
20260617T012420Z,25.5,80.8
20260617T012435Z,25.4,80.8
20260617T012450Z,25.4,80.8
20260617T012505Z,25.5,80.8
20260617T012520Z,25.5,80.8
20260617T012535Z,25.5,80.8
20260617T012550Z,25.5,80.8
20260617T012606Z,25.5,80.9
20260617T012620Z,25.5,81.0
20260617T012635Z,25.5,81.0
20260617T012650Z,25.5,81.0
20260617T012705Z,25.5,81.0
20260617T012720Z,25.5,81.0
20260617T012735Z,25.5,81.0
20260617T012750Z,25.5,81.10002
20260617T012805Z,25.5,81.10002
20260617T012820Z,25.5,81.0
20260617T012835Z,25.5,81.0
20260617T012850Z,25.5,81.10002
20260617T012905Z,25.5,81.10002
20260617T012920Z,25.5,81.10002
20260617T012935Z,25.5,81.10002
20260617T012950Z,25.5,81.10002
20260617T013005Z,25.5,81.10002
20260617T013020Z,25.5,81.10002
20260617T013035Z,25.5,81.10002
20260617T013050Z,25.5,81.10002
20260617T013105Z,25.6,81.10002
20260617T013120Z,25.5,81.10002
20260617T013135Z,25.6,81.10002
20260617T013150Z,25.6,81.10002
20260617T013205Z,25.6,81.20003
20260617T013220Z,25.6,81.20003
20260617T013235Z,25.6,81.10002
20260617T013250Z,25.6,81.10002
20260617T013305Z,25.6,81.10002
20260617T013320Z,25.6,81.20003
20260617T013335Z,25.6,81.20003
20260617T013350Z,25.6,81.20003
20260617T013405Z,25.6,81.3
20260617T013420Z,25.6,81.3
20260617T013435Z,25.6,81.3
20260617T013450Z,25.6,81.20003
20260617T013506Z,25.6,81.3
20260617T013520Z,25.6,81.3
20260617T013535Z,25.6,81.3
20260617T013550Z,25.6,81.3
20260617T013605Z,25.6,81.3
20260617T013620Z,25.6,81.3
20260617T013635Z,25.6,81.3
20260617T013651Z,25.6,81.20003
20260617T013705Z,25.6,81.3
20260617T013720Z,25.6,81.20003
20260617T013735Z,25.6,81.3
20260617T013751Z,25.6,81.3
20260617T013805Z,25.6,81.3
20260617T013820Z,25.70001,81.3
20260617T013835Z,25.70001,81.3
20260617T013850Z,25.70001,81.3
20260617T013905Z,25.70001,81.4
20260617T013920Z,25.70001,81.4
20260617T013936Z,25.70001,81.3
20260617T013950Z,25.70001,81.4
20260617T014005Z,25.70001,81.4
20260617T014020Z,25.70001,81.4
20260617T014036Z,25.70001,81.3
20260617T014050Z,25.70001,81.3
20260617T014105Z,25.70001,81.3
20260617T014121Z,25.70001,81.3
20260617T014135Z,25.70001,81.3
20260617T014150Z,25.70001,81.3
20260617T014205Z,25.70001,81.3
20260617T014221Z,25.70001,81.3
20260617T014235Z,25.70001,81.20003
20260617T014250Z,25.70001,81.3
20260617T014306Z,25.70001,81.3
20260617T014321Z,25.70001,81.3
20260617T014335Z,25.70001,81.3
20260617T014350Z,25.70001,81.3
20260617T014406Z,25.70001,81.3
20260617T014421Z,25.70001,81.3
20260617T014435Z,25.70001,81.3
20260617T014450Z,25.70001,81.4
20260617T014506Z,25.70001,81.3
20260617T014520Z,25.70001,81.4
20260617T014535Z,25.70001,81.4
20260617T014551Z,25.70001,81.4
20260617T014606Z,25.70001,81.4
20260617T014620Z,25.70001,81.4
20260617T014635Z,25.70001,81.4
20260617T014651Z,25.80001,81.4
20260617T014706Z,25.80001,81.4
20260617T014720Z,25.70001,81.4
20260617T014736Z,25.80001,81.5
20260617T014751Z,25.80001,81.5
20260617T014806Z,25.80001,81.5
20260617T014820Z,25.80001,81.5
20260617T014836Z,25.80001,81.5
20260617T014851Z,25.80001,81.5
20260617T014905Z,25.80001,81.5
20260617T014921Z,25.80001,81.5
20260617T014936Z,25.80001,81.5
20260617T014951Z,25.80001,81.5
20260617T015005Z,25.80001,81.5
20260617T015021Z,25.80001,81.5
20260617T015036Z,25.80001,81.5
20260617T015051Z,25.80001,81.5
20260617T015105Z,25.80001,81.5
20260617T015121Z,25.80001,81.5
20260617T015136Z,25.80001,81.60002
20260617T015151Z,25.80001,81.60002
20260617T015206Z,25.80001,81.60002
20260617T015221Z,25.80001,81.60002
20260617T015236Z,25.80001,81.5
20260617T015251Z,25.80001,81.60002
20260617T015306Z,25.80001,81.5
20260617T015321Z,25.80001,81.60002
20260617T015336Z,25.80001,81.60002
20260617T015351Z,25.80001,81.60002
20260617T015406Z,25.80001,81.60002
20260617T015421Z,25.80001,81.60002
20260617T015436Z,25.80001,81.5
20260617T015451Z,25.80001,81.60002
20260617T015506Z,25.80001,81.60002
20260617T015521Z,25.80001,81.60002
20260617T015537Z,25.80001,81.60002
20260617T015551Z,25.80001,81.60002
20260617T015606Z,25.80001,81.60002
20260617T015621Z,25.80001,81.70003
20260617T015637Z,25.80001,81.70003
20260617T015651Z,25.80001,81.60002
20260617T015706Z,25.80001,81.70003
20260617T015721Z,25.80001,81.70003
20260617T015736Z,25.80001,81.70003
20260617T015751Z,25.80001,81.70003
20260617T015806Z,25.80001,81.70003
20260617T015822Z,25.80001,81.70003
20260617T015836Z,25.80001,81.70003
20260617T015851Z,25.80001,81.70003
20260617T015906Z,25.80001,81.8
20260617T015922Z,25.80001,81.70003
20260617T015936Z,25.80001,81.8
20260617T015951Z,25.9,81.70003
20260617T020007Z,25.9,81.70003
20260617T020022Z,25.9,81.70003
20260617T020036Z,25.9,81.70003
20260617T020051Z,25.9,81.8
20260617T020107Z,25.9,81.8
20260617T020122Z,25.9,81.8
20260617T020136Z,25.9,81.8
20260617T020152Z,25.9,81.8
20260617T020207Z,25.9,81.8
20260617T020222Z,25.9,81.8
20260617T020236Z,25.9,81.8
20260617T020252Z,25.9,81.8
20260617T020307Z,25.9,81.8
20260617T020322Z,25.9,81.8
20260617T020336Z,25.9,81.8
20260617T020352Z,25.9,81.70003
20260617T020407Z,25.9,81.8
20260617T020422Z,25.9,81.8
20260617T020437Z,25.9,81.8
20260617T020452Z,25.9,81.8
20260617T020507Z,25.9,81.8
20260617T020522Z,25.9,81.8
20260617T020537Z,25.9,81.8
20260617T020552Z,25.9,81.8
20260617T020607Z,25.9,81.8
20260617T020623Z,25.9,81.8
20260617T020637Z,25.9,81.9
20260617T020652Z,25.9,81.9
20260617T020707Z,25.9,81.8
20260617T020723Z,25.9,81.8
20260617T020737Z,25.9,81.8
20260617T020752Z,25.9,81.9
20260617T020807Z,25.9,81.9
20260617T020823Z,25.9,81.9
20260617T020837Z,25.9,81.9
20260617T020852Z,25.9,81.9
20260617T020908Z,25.9,81.9
20260617T020923Z,25.9,81.9
20260617T020937Z,25.9,81.9
20260617T020952Z,25.9,81.9
20260617T021008Z,25.9,81.9
20260617T021023Z,25.9,81.9
20260617T021037Z,25.9,81.9
20260617T021053Z,25.9,81.9
20260617T021108Z,25.9,81.9
20260617T021123Z,25.9,81.9
20260617T021137Z,25.9,82.0
20260617T021153Z,25.9,82.0
20260617T021208Z,25.9,82.0
20260617T021223Z,25.9,82.0
20260617T021238Z,25.9,82.0
20260617T021253Z,25.9,82.0
20260617T021308Z,26.0,82.0
20260617T021323Z,25.9,82.0
20260617T021338Z,25.9,82.0
20260617T021353Z,25.9,82.0
20260617T021408Z,26.0,82.0
20260617T021423Z,25.9,82.0
20260617T021439Z,25.9,82.0
20260617T021453Z,25.9,82.10002
20260617T021508Z,26.0,82.0
20260617T021524Z,26.0,82.10002
20260617T021539Z,26.0,82.10002
20260617T021553Z,26.0,82.10002
20260617T021608Z,26.0,82.10002
20260617T021624Z,26.0,82.10002
20260617T021639Z,26.0,82.10002
20260617T021653Z,26.0,82.10002
20260617T021709Z,26.0,82.10002
20260617T021724Z,26.0,82.10002
20260617T021739Z,26.0,82.10002
20260617T021753Z,26.0,82.10002
20260617T021809Z,26.0,82.10002
20260617T021824Z,26.0,82.10002
20260617T021839Z,26.0,82.10002
20260617T021854Z,26.0,82.10002
20260617T021909Z,26.0,82.10002
20260617T021924Z,26.0,82.10002
20260617T021939Z,26.0,82.10002
20260617T021954Z,26.0,82.10002
20260617T022009Z,26.0,82.10002
20260617T022024Z,26.0,82.10002
20260617T022039Z,26.0,82.10002
20260617T022054Z,26.0,82.10002
20260617T022109Z,26.0,82.20003
20260617T022124Z,26.0,82.20003
20260617T022140Z,26.0,82.20003
20260617T022155Z,26.0,82.20003
20260617T022209Z,26.0,82.20003
20260617T022224Z,26.0,82.20003
20260617T022240Z,26.1,82.20003
20260617T022255Z,26.1,82.20003
20260617T022309Z,26.0,82.3
20260617T022325Z,26.0,82.3
20260617T022340Z,26.0,82.3
20260617T022355Z,26.1,82.4
20260617T022409Z,26.1,82.4
20260617T022425Z,26.1,82.4
20260617T022440Z,26.1,82.4
20260617T022455Z,26.1,82.4
20260617T022510Z,26.1,82.4
20260617T022525Z,26.1,82.5
20260617T022540Z,26.1,82.5
20260617T022555Z,26.1,82.4
20260617T022611Z,26.1,82.5
20260617T022625Z,26.1,82.5
20260617T022640Z,26.1,82.5
20260617T022655Z,26.1,82.60002
20260617T022711Z,26.1,82.60002
20260617T022725Z,26.1,82.60002
20260617T022740Z,26.1,82.60002
20260617T022756Z,26.1,82.70003
20260617T022811Z,26.1,82.70003
20260617T022825Z,26.1,82.70003
20260617T022840Z,26.1,82.70003
20260617T022856Z,26.1,82.70003
20260617T022911Z,26.1,82.70003
20260617T022925Z,26.1,82.8
20260617T022941Z,26.1,82.70003
20260617T022956Z,26.1,82.70003
20260617T023011Z,26.1,82.8
20260617T023026Z,26.1,82.8
20260617T023041Z,26.1,82.9
20260617T023056Z,26.20001,82.8
20260617T023111Z,26.20001,82.9
20260617T023126Z,26.1,82.9
20260617T023141Z,26.20001,82.9
20260617T023156Z,26.20001,83.0
20260617T023211Z,26.20001,82.9
20260617T023227Z,26.20001,83.0
20260617T023241Z,26.20001,83.10002
20260617T023256Z,26.20001,83.10002
20260617T023311Z,26.20001,83.10002
20260617T023327Z,26.20001,83.0
20260617T023342Z,26.20001,83.10002
20260617T023356Z,26.20001,83.0
20260617T023412Z,26.20001,83.0
20260617T023427Z,26.20001,82.9
20260617T023442Z,26.20001,83.0
20260617T023456Z,26.20001,83.0
20260617T023512Z,26.20001,83.0
20260617T023527Z,26.20001,83.10002
20260617T023542Z,26.20001,83.0
20260617T023558Z,26.20001,83.0
20260617T023612Z,26.20001,83.10002
20260617T023627Z,26.20001,83.10002
20260617T023642Z,26.20001,83.0
20260617T023658Z,26.20001,83.4
20260617T023712Z,26.20001,83.70003
20260617T023727Z,26.20001,83.8
20260617T023743Z,26.20001,83.70003
20260617T023758Z,26.20001,83.70003
20260617T023813Z,26.20001,83.60002
20260617T023827Z,26.20001,83.60002
20260617T023843Z,26.30001,83.60002
20260617T023858Z,26.20001,83.5
20260617T023913Z,26.20001,83.5
20260617T023927Z,26.30001,83.4
20260617T023943Z,26.20001,83.4
20260617T023958Z,26.20001,83.4
20260617T024013Z,26.20001,83.4
20260617T024029Z,26.20001,83.5
20260617T024043Z,26.20001,83.5
20260617T024058Z,26.20001,83.5
20260617T024113Z,26.20001,83.5
20260617T024129Z,26.20001,83.4
20260617T024144Z,26.30001,83.5
20260617T024158Z,26.30001,83.5
20260617T024214Z,26.20001,83.4
20260617T024229Z,26.20001,83.5
20260617T024244Z,26.20001,83.5
20260617T024258Z,26.20001,83.5
20260617T024314Z,26.20001,83.5
20260617T024329Z,26.20001,83.4
20260617T024344Z,26.20001,83.4
20260617T024359Z,26.20001,83.5
20260617T024414Z,26.20001,83.5
20260617T024429Z,26.20001,83.5
20260617T024444Z,26.20001,83.5
20260617T024500Z,26.20001,83.5
20260617T024514Z,26.20001,83.60002
20260617T024529Z,26.20001,83.60002
20260617T024544Z,26.20001,83.60002
20260617T024600Z,26.20001,83.60002
20260617T024615Z,26.20001,83.70003
20260617T024629Z,26.20001,83.60002
20260617T024645Z,26.20001,83.60002
20260617T024700Z,26.20001,83.60002
20260617T024715Z,26.20001,83.60002
20260617T024730Z,26.20001,83.70003
20260617T024745Z,26.20001,83.60002
20260617T024800Z,26.20001,83.60002
20260617T024815Z,26.20001,83.60002
20260617T024831Z,26.20001,83.60002
20260617T024845Z,26.20001,83.70003
20260617T024900Z,26.20001,83.60002
20260617T024915Z,26.20001,83.70003
20260617T024931Z,26.20001,83.60002
20260617T024946Z,26.20001,83.60002
20260617T025000Z,26.20001,83.70003
20260617T025015Z,26.20001,83.70003
20260617T025031Z,26.20001,83.70003
20260617T025046Z,26.20001,83.70003
20260617T025101Z,26.20001,83.70003
20260617T025116Z,26.20001,83.70003
20260617T025131Z,26.20001,83.8
20260617T025146Z,26.20001,83.8
20260617T025201Z,26.20001,83.8
20260617T025217Z,26.20001,83.8
20260617T025231Z,26.20001,83.70003
20260617T025246Z,26.20001,83.8
20260617T025302Z,26.20001,83.8
20260617T025317Z,26.20001,83.8
20260617T025331Z,26.20001,83.8
20260617T025346Z,26.20001,83.8
20260617T025402Z,26.20001,83.8
20260617T025417Z,26.20001,83.70003
20260617T025432Z,26.30001,83.8
20260617T025447Z,26.20001,83.8
20260617T025502Z,26.20001,83.8
20260617T025517Z,26.20001,83.8
20260617T025532Z,26.20001,83.8
20260617T025548Z,26.20001,83.70003
20260617T025602Z,26.20001,83.70003
20260617T025617Z,26.20001,84.0
20260617T025632Z,26.30001,84.10002
20260617T025648Z,26.30001,84.20004
20260617T025703Z,26.30001,84.20004
20260617T025717Z,26.30001,84.20004
20260617T025733Z,26.30001,84.20004
20260617T025748Z,26.30001,84.10002
20260617T025803Z,26.30001,84.0
20260617T025817Z,26.30001,84.0
20260617T025833Z,26.30001,84.0
20260617T025848Z,26.30001,84.0
20260617T025903Z,26.30001,84.0
20260617T025919Z,26.30001,84.0
20260617T025933Z,26.30001,84.0
20260617T025948Z,26.30001,84.20004
20260617T030003Z,26.30001,84.20004
20260617T030019Z,26.30001,84.10002
20260617T030033Z,26.30001,84.10002
20260617T030048Z,26.4,84.10002
20260617T030104Z,26.30001,84.20004
20260617T030119Z,26.4,84.10002
20260617T030134Z,26.4,84.0
20260617T030148Z,26.4,84.10002
20260617T030204Z,26.4,83.9
20260617T030219Z,26.4,84.10002
20260617T030234Z,26.4,84.0
20260617T030248Z,26.4,84.0
20260617T030304Z,26.4,84.10002
20260617T030319Z,26.4,84.0
20260617T030334Z,26.4,84.0
20260617T030350Z,26.4,84.0
20260617T030404Z,26.4,84.0
20260617T030419Z,26.4,83.9
20260617T030434Z,26.4,84.0
20260617T030450Z,26.4,84.0
20260617T030505Z,26.4,83.9
20260617T030519Z,26.4,83.9
20260617T030535Z,26.4,83.9
20260617T030550Z,26.4,84.0
20260617T030605Z,26.5,84.10002
20260617T030619Z,26.5,84.10002
20260617T030635Z,26.5,84.0
20260617T030650Z,26.4,84.10002
20260617T030705Z,26.5,84.0
20260617T030720Z,26.5,84.0
20260617T030735Z,26.5,84.0
20260617T030750Z,26.5,84.0
20260617T030805Z,26.5,83.9
20260617T030821Z,26.5,83.9
20260617T030836Z,26.5,83.9
20260617T030850Z,26.5,83.8
20260617T030905Z,26.5,83.9
20260617T030921Z,26.5,84.10002
20260617T030936Z,26.5,84.3
20260617T030951Z,26.5,84.20004
20260617T031006Z,26.5,84.10002
20260617T031021Z,26.5,84.10002
20260617T031036Z,26.5,84.10002
20260617T031051Z,26.5,84.10002
20260617T031106Z,26.5,84.0
20260617T031121Z,26.5,84.0
20260617T031136Z,26.5,84.10002
20260617T031152Z,26.5,84.10002
20260617T031207Z,26.5,84.10002
20260617T031221Z,26.5,84.20004
20260617T031236Z,26.5,84.20004
20260617T031252Z,26.5,84.10002
20260617T031307Z,26.5,84.20004
20260617T031322Z,26.5,84.20004
20260617T031336Z,26.5,84.20004
20260617T031352Z,26.5,84.10002
20260617T031407Z,26.5,84.20004
20260617T031422Z,26.5,84.20004
20260617T031438Z,26.5,84.20004
20260617T031452Z,26.5,84.20004
20260617T031507Z,26.5,84.20004
20260617T031522Z,26.5,84.10002
20260617T031538Z,26.5,84.10002
20260617T031553Z,26.5,84.10002
20260617T031607Z,26.5,84.10002
20260617T031623Z,26.4,84.20004
20260617T031638Z,26.4,84.20004
20260617T031653Z,26.4,84.10002
20260617T031707Z,26.4,84.20004
20260617T031723Z,26.4,84.10002
20260617T031738Z,26.4,84.20004
20260617T031753Z,26.4,84.20004
20260617T031809Z,26.4,84.20004
20260617T031823Z,26.4,84.10002
20260617T031838Z,26.4,84.20004
20260617T031853Z,26.4,84.20004
20260617T031909Z,26.4,84.20004
20260617T031924Z,26.4,84.20004
20260617T031938Z,26.4,84.20004
20260617T031953Z,26.4,84.20004
20260617T032009Z,26.4,84.20004
20260617T032024Z,26.4,84.20004
20260617T032039Z,26.4,84.20004
20260617T032054Z,26.4,84.20004
20260617T032109Z,26.4,84.20004
20260617T032124Z,26.4,84.20004
20260617T032139Z,26.4,84.20004
20260617T032155Z,26.4,84.20004
20260617T032209Z,26.4,84.10002
20260617T032224Z,26.4,84.10002
20260617T032240Z,26.4,84.20004
20260617T032255Z,26.4,84.20004
20260617T032310Z,26.4,84.3
20260617T032324Z,26.4,84.3
20260617T032340Z,26.4,84.3
20260617T032355Z,26.4,84.3
20260617T032410Z,26.4,84.3
20260617T032426Z,26.4,84.20004
20260617T032440Z,26.4,84.20004
20260617T032455Z,26.4,84.3
20260617T032510Z,26.4,84.3
20260617T032526Z,26.4,84.3
20260617T032541Z,26.4,84.3
20260617T032556Z,26.4,84.3
20260617T032610Z,26.4,84.3
20260617T032626Z,26.4,84.3
20260617T032641Z,26.4,84.3
20260617T032656Z,26.4,84.3
20260617T032712Z,26.4,84.3
20260617T032726Z,26.4,84.3
20260617T032741Z,26.4,84.3
20260617T032756Z,26.4,84.3
20260617T032812Z,26.4,84.3
20260617T032827Z,26.4,84.3
20260617T032841Z,26.4,84.3
20260617T032857Z,26.4,84.3
20260617T032912Z,26.4,84.3
20260617T032927Z,26.4,84.3
20260617T032942Z,26.4,84.4
20260617T032957Z,26.4,84.4
20260617T033012Z,26.4,84.3
20260617T033027Z,26.4,84.3
20260617T033043Z,26.4,84.3
20260617T033058Z,26.5,84.3
20260617T033113Z,26.5,84.3
20260617T033127Z,26.5,84.3
20260617T033143Z,26.5,84.3
20260617T033158Z,26.4,84.3
20260617T033213Z,26.4,84.3
20260617T033228Z,26.4,84.3
20260617T033243Z,26.5,84.3
20260617T033258Z,26.5,84.3
20260617T033313Z,26.5,84.3
20260617T033329Z,26.5,84.20004
20260617T033344Z,26.4,84.3
20260617T033358Z,26.4,84.3
20260617T033413Z,26.5,84.3
20260617T033429Z,26.5,84.3
20260617T033444Z,26.5,84.3
20260617T033459Z,26.5,84.3
20260617T033515Z,26.4,84.3
20260617T033529Z,26.4,84.3
20260617T033544Z,26.4,84.3
20260617T033559Z,26.5,84.3
20260617T033615Z,26.4,84.3
20260617T033630Z,26.4,84.4
20260617T033644Z,26.4,84.3
20260617T033659Z,26.5,84.3
20260617T033715Z,26.5,84.3
20260617T033730Z,26.5,84.3
20260617T033745Z,26.5,84.3
20260617T033800Z,26.5,84.4
20260617T033814Z,26.5,84.4
20260617T033829Z,26.5,84.4
20260617T033844Z,26.5,84.3
20260617T033900Z,26.5,84.3
20260617T033915Z,26.5,84.3
20260617T033929Z,26.5,84.3
20260617T033945Z,26.5,84.3
20260617T034000Z,26.5,84.3
20260617T034015Z,26.5,84.3
20260617T034030Z,26.5,84.3
20260617T034045Z,26.5,84.3
20260617T034100Z,26.5,84.3
20260617T034115Z,26.5,84.3
20260617T034131Z,26.5,84.3
20260617T034146Z,26.5,84.3
20260617T034201Z,26.5,84.3
20260617T034215Z,26.5,84.3
20260617T034231Z,26.5,84.3
20260617T034246Z,26.5,84.3
20260617T034301Z,26.5,84.3
20260617T034316Z,26.5,84.3
20260617T034331Z,26.5,84.3
20260617T034346Z,26.5,84.3
20260617T034401Z,26.5,84.3
20260617T034417Z,26.5,84.3
20260617T034432Z,26.5,84.3
20260617T034446Z,26.5,84.20004
20260617T034501Z,26.5,84.20004
20260617T034517Z,26.5,84.20004
20260617T034532Z,26.5,84.20004
20260617T034547Z,26.5,84.20004
20260617T034603Z,26.5,84.20004
20260617T034617Z,26.5,84.20004
20260617T034632Z,26.5,84.20004
20260617T034647Z,26.5,84.20004
20260617T034703Z,26.5,84.20004
20260617T034718Z,26.5,84.20004
20260617T034732Z,26.5,84.20004
20260617T034748Z,26.5,84.20004
20260617T034803Z,26.5,84.3
20260617T034818Z,26.5,84.20004
20260617T034833Z,26.5,84.10002
20260617T034849Z,26.5,84.10002
20260617T034903Z,26.5,84.10002
20260617T034918Z,26.5,84.10002
20260617T034933Z,26.5,84.10002
20260617T034949Z,26.5,84.10002
20260617T035004Z,26.5,84.10002
20260617T035018Z,26.5,84.10002
20260617T035034Z,26.5,84.10002
20260617T035049Z,26.5,86.0
20260617T035104Z,26.5,86.5
20260617T035119Z,26.4,86.3
20260617T035134Z,26.4,86.10002
20260617T035149Z,26.4,86.0
20260617T035204Z,26.4,86.0
20260617T035220Z,26.30001,86.70004
20260617T035235Z,26.30001,86.5
20260617T035250Z,26.20001,86.5
20260617T035305Z,26.20001,86.5
20260617T035321Z,26.1,86.5
20260617T035335Z,26.1,86.5
20260617T035350Z,26.1,86.5
20260617T035406Z,26.0,86.5
20260617T035421Z,26.0,86.70004
20260617T035436Z,26.0,86.70004
20260617T035450Z,25.9,86.70004
20260617T035506Z,25.9,86.8
20260617T035521Z,25.9,86.8
20260617T035535Z,25.80001,87.0
20260617T035550Z,25.80001,86.70004
20260617T035606Z,25.80001,86.70004
20260617T035620Z,25.80001,86.8
20260617T035635Z,25.70001,87.0
20260617T035651Z,25.70001,86.60002
20260617T035705Z,25.70001,86.8
20260617T035720Z,25.70001,86.70004
20260617T035735Z,25.6,86.70004
20260617T035751Z,25.6,86.60002
20260617T035806Z,25.6,86.8
20260617T035821Z,25.6,86.70004
20260617T035837Z,25.6,86.60002
20260617T035851Z,25.5,86.5
20260617T035906Z,25.5,86.4
20260617T035921Z,25.5,86.5
20260617T035936Z,25.5,86.5
20260617T035951Z,25.4,86.4
20260617T040006Z,25.4,86.60002
20260617T040022Z,25.4,86.5
20260617T040036Z,25.4,86.20004
20260617T040051Z,25.4,86.3
20260617T040106Z,25.4,86.3
20260617T040121Z,25.30001,86.10002
20260617T040136Z,25.30001,86.0
20260617T040151Z,25.30001,86.20004
20260617T040206Z,25.30001,86.0
20260617T040221Z,25.30001,86.0
20260617T040236Z,25.30001,86.0
20260617T040251Z,25.30001,85.60002
20260617T040306Z,25.20001,86.0
20260617T040321Z,25.20001,85.60002
20260617T040336Z,25.20001,85.70004
20260617T040351Z,25.20001,85.8
20260617T040406Z,25.20001,85.5
20260617T040421Z,25.20001,85.5
20260617T040436Z,25.1,85.70004
20260617T040452Z,25.1,85.3
20260617T040506Z,25.1,85.3
20260617T040521Z,25.1,85.4
20260617T040536Z,25.1,85.4
20260617T040551Z,25.1,85.3
20260617T040606Z,25.1,85.5
20260617T040621Z,25.1,85.0
20260617T040636Z,25.0,85.5
20260617T040651Z,25.0,85.0
20260617T040706Z,25.0,85.20004
20260617T040721Z,25.0,84.8
20260617T040737Z,25.0,85.10002
20260617T040751Z,25.0,85.20004
20260617T040806Z,25.0,84.9
20260617T040821Z,25.0,84.70004
20260617T040837Z,25.0,84.5
20260617T040851Z,25.0,85.0
20260617T040906Z,25.0,84.5
20260617T040922Z,25.0,84.60002
20260617T040937Z,25.0,84.5
20260617T040952Z,24.9,84.8
20260617T041007Z,24.9,84.60002
20260617T041023Z,24.9,84.4
20260617T041037Z,24.9,84.3
20260617T041052Z,24.9,84.20004
20260617T041108Z,24.9,84.4
20260617T041123Z,24.9,84.60002
20260617T041137Z,24.9,84.20004
20260617T041152Z,24.9,84.5
20260617T041208Z,24.9,84.3
20260617T041223Z,24.9,84.10002
20260617T041237Z,24.9,84.10002
20260617T041251Z,24.80001,83.9
20260617T041307Z,24.80001,84.0
20260617T041322Z,24.80001,84.0
20260617T041337Z,24.80001,84.20004
20260617T041352Z,24.80001,84.0
20260617T041407Z,24.80001,83.60002
20260617T041422Z,24.80001,83.70003
20260617T041437Z,24.80001,83.4
20260617T041452Z,24.80001,83.8
20260617T041507Z,24.80001,83.70003
20260617T041522Z,24.80001,83.70003
20260617T041538Z,24.80001,84.0
20260617T041552Z,24.80001,84.3
20260617T041607Z,24.80001,84.0
20260617T041622Z,24.80001,83.70003
20260617T041638Z,24.80001,84.3
20260617T041652Z,24.80001,83.70003
20260617T041707Z,24.80001,84.0
20260617T041723Z,24.80001,83.60002
20260617T041738Z,24.80001,83.60002
20260617T041752Z,24.80001,83.8
20260617T041806Z,24.80001,83.70003
20260617T041822Z,24.80001,83.5
20260617T041837Z,24.80001,83.70003
20260617T041851Z,24.80001,83.5
20260617T041905Z,24.80001,83.3
20260617T041921Z,24.80001,83.20003
20260617T041936Z,24.80001,83.3
20260617T041951Z,24.80001,83.60002
20260617T042006Z,24.80001,83.5
20260617T042021Z,24.9,83.4
20260617T042036Z,24.9,83.0
20260617T042050Z,24.9,83.4
20260617T042105Z,24.9,83.3
20260617T042120Z,24.9,83.10002
20260617T042135Z,24.9,83.3
20260617T042150Z,24.9,83.10002
20260617T042205Z,24.9,82.70003
20260617T042220Z,24.9,82.70003
20260617T042235Z,24.9,82.8
20260617T042250Z,25.0,82.70003
20260617T042305Z,25.0,82.8
20260617T042320Z,25.0,82.70003
20260617T042336Z,25.0,82.4
20260617T042350Z,25.0,82.70003
20260617T042405Z,25.0,82.70003
20260617T042420Z,25.0,82.70003
20260617T042435Z,25.0,82.5
20260617T042450Z,25.0,82.60002
20260617T042505Z,25.0,82.4
20260617T042520Z,25.0,82.60002
20260617T042535Z,25.0,82.60002
20260617T042550Z,25.0,82.5
20260617T042605Z,25.0,82.4
20260617T042621Z,25.0,82.60002
20260617T042635Z,25.0,82.10002
20260617T042650Z,25.0,82.0
20260617T042705Z,25.0,81.60002
20260617T042720Z,25.0,81.8
20260617T042735Z,25.0,82.10002
20260617T042750Z,25.0,82.0
20260617T042806Z,25.0,82.0
20260617T042820Z,25.0,81.9
20260617T042835Z,25.0,82.10002
20260617T042850Z,25.0,82.0
20260617T042905Z,25.0,82.0
20260617T042919Z,25.0,81.8
20260617T042934Z,25.0,82.0
20260617T042950Z,25.0,81.70003
20260617T043004Z,25.0,81.4
20260617T043019Z,25.0,81.70003
20260617T043034Z,25.0,81.70003
20260617T043050Z,25.0,82.0
20260617T043104Z,25.0,81.70003
20260617T043119Z,25.0,81.60002
20260617T043134Z,25.0,81.8
20260617T043149Z,25.0,81.4
20260617T043204Z,25.0,81.60002
20260617T043219Z,25.0,81.60002
20260617T043235Z,25.0,81.8
20260617T043249Z,25.0,81.70003
20260617T043304Z,25.0,81.5
20260617T043319Z,25.0,81.3
20260617T043335Z,25.0,81.60002
20260617T043349Z,25.0,81.5
20260617T043404Z,25.0,81.3
20260617T043420Z,25.0,81.5
20260617T043435Z,24.9,81.4
20260617T043449Z,25.0,81.60002
20260617T043504Z,25.0,81.20003
20260617T043520Z,24.9,81.3
20260617T043534Z,25.0,81.5
20260617T043549Z,25.0,81.60002
20260617T043605Z,25.0,81.3
20260617T043620Z,25.0,81.3
20260617T043634Z,25.0,81.3
20260617T043649Z,25.0,81.5
20260617T043705Z,25.0,81.60002
20260617T043720Z,25.0,81.4
20260617T043734Z,25.0,81.10002
20260617T043749Z,25.0,81.20003
20260617T043805Z,25.0,81.4
20260617T043819Z,25.0,81.5
20260617T043833Z,24.9,81.0
20260617T043849Z,24.9,81.4
20260617T043904Z,24.9,81.8
20260617T043918Z,24.9,81.8
20260617T043933Z,24.9,81.5
20260617T043949Z,24.9,81.60002
20260617T044004Z,24.9,81.5
20260617T044018Z,24.9,81.4
20260617T044034Z,24.9,81.5
20260617T044049Z,24.9,81.4
20260617T044104Z,24.9,81.4
20260617T044118Z,24.9,81.4
20260617T044134Z,24.80001,81.4
20260617T044149Z,24.80001,81.20003
20260617T044204Z,24.80001,81.10002
20260617T044218Z,24.80001,81.10002
20260617T044234Z,24.80001,81.3
20260617T044249Z,24.80001,81.10002
20260617T044304Z,24.80001,81.5
20260617T044319Z,24.80001,81.10002
20260617T044334Z,24.70001,81.20003
20260617T044349Z,24.70001,81.20003
20260617T044404Z,24.70001,81.5
20260617T044419Z,24.70001,81.60002
20260617T044434Z,24.70001,82.0
20260617T045210Z,24.70001,81.60002
20260617T045220Z,24.70001,81.20003
20260617T045234Z,24.70001,81.10002
20260617T045248Z,24.70001,81.20003
20260617T045304Z,24.70001,81.20003
20260617T045319Z,24.70001,81.5
20260617T045334Z,24.70001,82.20003
20260617T045349Z,24.70001,81.60002
20260617T045404Z,24.70001,81.8
20260617T045419Z,24.70001,81.9
20260617T045434Z,24.70001,81.8
20260617T045449Z,24.70001,81.70003
20260617T045504Z,24.70001,81.4
20260617T045519Z,24.70001,82.0
20260617T045535Z,24.70001,81.9
20260617T045549Z,24.70001,82.10002
20260617T045604Z,24.70001,81.8
20260617T045619Z,24.70001,81.8
20260617T045635Z,24.70001,81.8
20260617T045649Z,24.70001,81.5
20260617T045703Z,24.70001,81.70003
20260617T045719Z,24.70001,81.70003
20260617T045734Z,24.70001,81.9
20260617T045749Z,24.70001,81.9
20260617T045803Z,24.70001,81.70003
20260617T045819Z,24.80001,81.70003
20260617T045834Z,24.80001,81.60002
20260617T045848Z,24.9,81.4
20260617T045903Z,24.9,81.60002
20260617T045919Z,25.0,82.10002
20260617T045934Z,25.0,82.0
20260617T045949Z,25.0,81.70003
20260617T050005Z,25.1,81.70003
20260617T050020Z,25.1,81.5
20260617T050035Z,25.20001,81.4
20260617T050049Z,25.20001,81.3
20260617T050105Z,25.20001,81.20003
20260617T050120Z,25.30001,81.20003
20260617T050135Z,25.30001,81.10002
20260617T050151Z,25.30001,81.0
20260617T050205Z,25.4,80.8
20260617T050220Z,25.4,80.8
20260617T050235Z,25.4,80.70003
20260617T050251Z,25.4,80.70003
20260617T050306Z,25.5,80.60002
20260617T050321Z,25.5,80.60002
20260617T050337Z,25.5,80.5
20260617T050351Z,25.5,80.5
20260617T050406Z,25.5,80.4
20260617T050421Z,25.6,80.3
20260617T050437Z,25.6,80.3
20260617T050451Z,25.6,80.3
20260617T050506Z,25.6,80.20003
20260617T050521Z,25.70001,80.10002
20260617T050537Z,25.70001,80.20003
20260617T050551Z,25.70001,80.20003
20260617T050606Z,25.70001,80.10002
20260617T050622Z,25.80001,80.10002
20260617T050637Z,25.80001,80.0
20260617T050651Z,25.80001,80.10002
20260617T050706Z,25.80001,80.0
20260617T050722Z,25.80001,80.0
20260617T050737Z,25.80001,79.9
20260617T050752Z,25.9,79.8
20260617T050807Z,25.9,79.8
20260617T050822Z,25.9,79.70003
20260617T050837Z,25.9,79.70003
20260617T050852Z,25.9,79.70003
20260617T050907Z,25.9,79.70003
20260617T050922Z,25.9,79.70003
20260617T050937Z,25.9,79.70003
20260617T050953Z,25.9,79.60002
20260617T051008Z,26.0,79.60002
20260617T051022Z,26.0,79.60002
20260617T051037Z,26.0,79.60002
20260617T051053Z,26.0,79.5
20260617T051108Z,26.0,79.5
20260617T051123Z,26.0,79.5
20260617T051137Z,26.0,79.5
20260617T051153Z,26.0,79.4
20260617T051208Z,26.0,79.4
20260617T051223Z,26.0,79.4
20260617T051239Z,26.1,79.4
20260617T051253Z,26.1,79.3
20260617T051308Z,26.1,79.3
20260617T051323Z,26.1,79.4
20260617T051339Z,26.1,79.4
20260617T051354Z,26.1,79.4
20260617T051408Z,26.1,79.4
20260617T051424Z,26.1,79.4
20260617T051439Z,26.1,79.5
20260617T051454Z,26.1,79.5
20260617T051509Z,26.1,79.5
20260617T051524Z,26.1,79.5
20260617T051539Z,26.1,79.4
20260617T051554Z,26.20001,79.5
20260617T051609Z,26.20001,79.60002
20260617T051625Z,26.20001,79.60002
20260617T051639Z,26.20001,79.70003
20260617T051654Z,26.20001,79.60002
20260617T051710Z,26.20001,79.60002
20260617T051725Z,26.20001,79.70003
20260617T051740Z,26.20001,79.70003
20260617T051754Z,26.20001,79.60002
20260617T051810Z,26.20001,79.60002
20260617T051825Z,26.20001,79.70003
20260617T051840Z,26.20001,79.60002
20260617T051856Z,26.20001,79.70003
20260617T051910Z,26.20001,79.60002
20260617T051925Z,26.20001,79.60002
20260617T051940Z,26.20001,79.60002
20260617T051956Z,26.20001,79.70003
20260617T052011Z,26.20001,79.70003
20260617T052026Z,26.30001,79.70003
20260617T052041Z,26.30001,79.60002
20260617T052056Z,26.30001,79.70003
20260617T052111Z,26.30001,79.70003
20260617T052126Z,26.30001,79.8
20260617T052142Z,26.30001,79.8
20260617T052156Z,26.30001,79.8
20260617T052211Z,26.30001,79.70003
20260617T052226Z,26.30001,79.70003
20260617T052242Z,26.30001,79.8
20260617T052257Z,26.30001,79.70003
20260617T052311Z,26.30001,79.5
20260617T052327Z,26.30001,79.60002
20260617T052342Z,26.30001,79.70003
20260617T052357Z,26.30001,79.70003
20260617T052412Z,26.30001,79.70003
20260617T052428Z,26.30001,79.70003
20260617T052442Z,26.30001,79.70003
20260617T052457Z,26.30001,79.70003
20260617T052513Z,26.30001,79.8
20260617T052528Z,26.30001,79.70003
20260617T052543Z,26.30001,79.8
20260617T052557Z,26.30001,79.8
20260617T052613Z,26.30001,79.8
20260617T052628Z,26.30001,79.8
20260617T052643Z,26.4,79.8
20260617T052659Z,26.4,79.8
20260617T052714Z,26.4,79.8
20260617T052728Z,26.4,79.9
20260617T052743Z,26.4,79.8
20260617T052759Z,26.4,79.8
20260617T052814Z,26.4,79.8
20260617T052829Z,26.4,79.70003
20260617T052844Z,26.4,79.8
20260617T052859Z,26.4,79.9
20260617T052914Z,26.4,79.8
20260617T052929Z,26.4,79.9
20260617T052945Z,26.4,79.8
20260617T053000Z,26.4,79.8
20260617T053015Z,26.4,79.8
20260617T053029Z,26.4,79.9
20260617T053045Z,26.4,79.8
20260617T053100Z,26.4,79.9
20260617T053115Z,26.4,79.70003
20260617T053131Z,26.4,79.8
20260617T053146Z,26.4,79.9
20260617T053200Z,26.4,79.8
20260617T053215Z,26.4,79.8
20260617T053231Z,26.5,79.8
20260617T053246Z,26.5,79.8
20260617T053301Z,26.5,79.8
20260617T053317Z,26.5,79.8
20260617T053331Z,26.5,79.8
20260617T053346Z,26.5,79.8
20260617T053401Z,26.5,79.9
20260617T053417Z,26.5,79.70003
20260617T053432Z,26.5,79.8
20260617T053447Z,26.5,79.9
20260617T053501Z,26.5,79.9
20260617T053517Z,26.5,79.9
20260617T053532Z,26.5,80.0
20260617T053547Z,26.5,80.0
20260617T053603Z,26.5,80.0
20260617T053618Z,26.5,80.0
20260617T053632Z,26.5,80.10002
20260617T053647Z,26.5,80.10002
20260617T053703Z,26.5,80.0
20260617T053718Z,26.5,80.10002
20260617T053733Z,26.5,80.10002
20260617T053749Z,26.5,80.10002
20260617T053803Z,26.5,80.0
20260617T053817Z,26.6,80.10002
20260617T053832Z,26.5,80.10002
20260617T053848Z,26.5,79.9
20260617T053903Z,26.5,80.10002
20260617T053918Z,26.6,80.10002
20260617T053932Z,26.6,80.10002
20260617T053948Z,26.6,80.10002
20260617T054003Z,26.6,80.20003
20260617T054018Z,26.6,80.20003
20260617T054034Z,26.6,80.20003
20260617T054049Z,26.6,80.3
20260617T054103Z,26.6,80.3
20260617T054117Z,26.6,80.3
20260617T054133Z,26.6,80.20003
20260617T054148Z,26.6,80.0
20260617T054203Z,26.6,80.20003
20260617T054219Z,26.6,80.3
20260617T054233Z,26.6,80.3
20260617T054248Z,26.6,80.3
20260617T054303Z,26.6,80.3
20260617T054319Z,26.6,80.3
20260617T054334Z,26.6,80.10002
20260617T054349Z,26.6,80.20003
20260617T054405Z,26.6,80.3
20260617T054419Z,26.6,80.3
20260617T054434Z,26.6,80.3
20260617T054449Z,26.6,80.3
20260617T054505Z,26.6,80.3
20260617T054520Z,26.6,80.3
20260617T054535Z,26.6,80.3
20260617T054549Z,26.6,80.3
20260617T054605Z,26.6,80.3
20260617T054620Z,26.6,80.4
20260617T054635Z,26.6,80.4
20260617T054651Z,26.6,80.5
20260617T054706Z,26.70001,80.5
20260617T054721Z,26.6,80.5
20260617T054735Z,26.70001,80.4
20260617T054751Z,26.70001,80.4
20260617T054806Z,26.6,80.4
20260617T054821Z,26.70001,80.4
20260617T054837Z,26.70001,80.4
20260617T054852Z,26.70001,80.4
20260617T054906Z,26.70001,80.4
20260617T054921Z,26.70001,80.4
20260617T054937Z,26.70001,80.5
20260617T054952Z,26.70001,80.5
20260617T055007Z,26.70001,80.5
20260617T055023Z,26.70001,80.5
20260617T055038Z,26.70001,80.60002
20260617T055052Z,26.70001,80.5
20260617T055107Z,26.70001,80.60002
20260617T055123Z,26.70001,80.5
20260617T055138Z,26.70001,80.60002
20260617T055153Z,26.70001,80.60002
20260617T055208Z,26.70001,80.60002
20260617T055224Z,26.70001,80.60002
20260617T055238Z,26.70001,80.60002
20260617T055253Z,26.70001,80.60002
20260617T055309Z,26.70001,80.60002
20260617T055324Z,26.70001,80.60002
20260617T055339Z,26.70001,80.60002
20260617T055354Z,26.70001,80.60002
20260617T055410Z,26.70001,80.60002
20260617T055424Z,26.70001,80.70003
20260617T055439Z,26.70001,80.70003
20260617T055455Z,26.70001,80.70003
20260617T055510Z,26.70001,80.70003
20260617T055525Z,26.70001,80.70003
20260617T055540Z,26.70001,80.70003
20260617T055556Z,26.70001,80.70003
20260617T055610Z,26.70001,80.70003
20260617T055625Z,26.70001,80.8
20260617T055641Z,26.70001,80.70003
20260617T055656Z,26.70001,80.8
20260617T055711Z,26.70001,80.8
20260617T055726Z,26.70001,80.9
20260617T055742Z,26.70001,80.8
20260617T055756Z,26.70001,80.9
20260617T055811Z,26.70001,80.9
20260617T055826Z,26.70001,80.9
20260617T055842Z,26.70001,81.0
20260617T055857Z,26.70001,81.0
20260617T055912Z,26.70001,81.0
20260617T055927Z,26.70001,81.0
20260617T055941Z,26.70001,81.0
20260617T055956Z,26.70001,81.0
20260617T060011Z,26.70001,80.9
20260617T060027Z,26.70001,80.9
20260617T060042Z,26.70001,81.0
20260617T060056Z,26.80001,81.0
20260617T060111Z,26.70001,81.10002
20260617T060126Z,26.70001,81.10002
20260617T060141Z,26.70001,81.10002
20260617T060156Z,26.70001,81.20003
20260617T060212Z,26.80001,81.20003
20260617T060226Z,26.80001,81.3
20260617T060240Z,26.70001,81.3
20260617T060256Z,26.70001,81.3
20260617T060311Z,26.80001,80.9
20260617T060326Z,26.80001,81.10002
20260617T060341Z,26.80001,81.20003
20260617T060357Z,26.80001,81.3
20260617T060411Z,26.80001,81.3
20260617T060426Z,26.80001,81.4
20260617T060441Z,26.80001,81.4
20260617T060457Z,26.80001,81.3
20260617T060512Z,26.80001,81.20003
20260617T060527Z,26.80001,81.4
20260617T060542Z,26.80001,81.3
20260617T060556Z,26.80001,81.3
20260617T060611Z,26.80001,81.3
20260617T060626Z,26.80001,81.4
20260617T060642Z,26.80001,81.4
20260617T060657Z,26.80001,81.4
20260617T060712Z,26.80001,81.3
20260617T060727Z,26.80001,81.3
20260617T060742Z,26.80001,81.5
20260617T060757Z,26.80001,81.4
20260617T060812Z,26.80001,81.5
20260617T060828Z,26.80001,81.5
20260617T060843Z,26.80001,81.5
20260617T060858Z,26.80001,81.5
20260617T060913Z,26.80001,81.60002
20260617T060928Z,26.80001,81.60002
20260617T060943Z,26.80001,81.60002
20260617T060958Z,26.80001,81.60002
20260617T061014Z,26.80001,81.5
20260617T061029Z,26.80001,81.70003
20260617T061044Z,26.80001,81.70003
20260617T061058Z,26.80001,81.60002
20260617T061114Z,26.80001,81.60002
20260617T061129Z,26.80001,81.5
20260617T061144Z,26.80001,81.70003
20260617T061200Z,26.80001,81.60002
20260617T061215Z,26.80001,81.70003
20260617T061230Z,26.80001,81.70003
20260617T061244Z,26.80001,81.5
20260617T061300Z,26.80001,81.60002
20260617T061315Z,26.80001,81.8
20260617T061330Z,26.80001,81.70003
20260617T061346Z,26.80001,81.70003
20260617T061401Z,26.80001,81.8
20260617T061416Z,26.80001,81.8
20260617T061430Z,26.80001,81.8
20260617T061445Z,26.80001,81.9
20260617T061500Z,26.80001,81.8
20260617T061515Z,26.80001,81.9
20260617T061530Z,26.80001,81.8
20260617T061546Z,26.80001,81.9
20260617T061601Z,26.80001,82.0
20260617T061615Z,26.80001,81.9
20260617T061631Z,26.80001,81.9
20260617T061646Z,26.80001,82.0
20260617T061701Z,26.80001,82.0
20260617T061716Z,26.80001,81.9
20260617T061732Z,26.80001,81.9
20260617T061747Z,26.9,81.8
20260617T061801Z,26.80001,82.0
20260617T061816Z,26.80001,82.0
20260617T061831Z,26.9,81.9
20260617T061846Z,26.9,81.9
20260617T061901Z,26.9,81.9
20260617T061917Z,26.9,81.9
20260617T061932Z,26.9,81.9
20260617T061946Z,26.80001,81.9
20260617T062002Z,26.80001,81.9
20260617T062017Z,26.9,82.0
20260617T062032Z,26.9,81.9
20260617T062047Z,26.80001,82.0
20260617T062103Z,26.80001,82.0
20260617T062118Z,26.9,82.0
20260617T062132Z,26.9,82.0
20260617T062146Z,26.9,82.0
20260617T062202Z,26.9,82.0
20260617T062217Z,26.9,82.0
20260617T062232Z,26.9,82.0
20260617T062248Z,26.9,82.0
20260617T062303Z,26.9,82.0
20260617T062317Z,26.9,82.0
20260617T062332Z,26.9,82.10002
20260617T062348Z,26.9,82.0
20260617T062403Z,26.9,82.10002
20260617T062418Z,26.9,82.0
20260617T062434Z,26.9,82.0
20260617T062449Z,26.9,82.0
20260617T062503Z,26.9,82.0
20260617T062518Z,26.9,82.10002
20260617T062534Z,26.9,82.10002
20260617T062549Z,26.9,82.10002
20260617T062604Z,26.9,82.0
20260617T062620Z,26.9,82.0
20260617T062635Z,26.9,82.10002
20260617T062649Z,26.9,82.0
20260617T062704Z,26.9,82.10002
20260617T062720Z,26.9,82.10002
20260617T062735Z,26.9,82.10002
20260617T062750Z,26.9,82.10002
20260617T062805Z,26.9,82.20003
20260617T062821Z,26.9,82.10002
20260617T062835Z,26.9,82.10002
20260617T062850Z,26.9,82.10002
20260617T062906Z,26.9,82.10002
20260617T062921Z,26.9,82.20003
20260617T062936Z,26.9,82.20003
20260617T062951Z,26.9,82.3
20260617T063007Z,26.9,82.3
20260617T063021Z,26.9,82.3
20260617T063035Z,26.9,82.3
20260617T063051Z,26.9,82.20003
20260617T063106Z,26.9,82.20003
20260617T063121Z,26.9,82.3
20260617T063136Z,26.9,82.10002
20260617T063152Z,26.9,82.4
20260617T063206Z,26.9,82.3
20260617T063221Z,26.9,82.4
20260617T063237Z,26.9,82.3
20260617T063252Z,26.9,82.5
20260617T063307Z,26.9,82.5
20260617T063322Z,26.9,82.3
20260617T063338Z,26.9,82.4
20260617T063352Z,26.9,82.4
20260617T063407Z,26.9,82.4
20260617T063422Z,26.9,82.4
20260617T063438Z,26.9,82.4
20260617T063453Z,26.9,82.3
20260617T063508Z,26.9,82.5
20260617T063524Z,26.9,82.4
20260617T063538Z,26.9,82.4
20260617T063553Z,26.9,82.5
20260617T063608Z,26.9,82.4
20260617T063624Z,26.9,82.5
20260617T063639Z,26.9,82.4
20260617T063654Z,26.9,82.4
20260617T063710Z,26.9,82.5
20260617T063724Z,26.9,82.5
20260617T063739Z,26.9,82.5
20260617T063754Z,26.9,82.5
20260617T063810Z,26.9,82.5
20260617T063825Z,26.9,82.5
20260617T063840Z,26.9,82.5
20260617T063855Z,26.9,82.60002
20260617T063910Z,26.9,82.5
20260617T063924Z,26.9,82.5
20260617T063939Z,26.9,82.5
20260617T063955Z,26.9,82.5
20260617T064010Z,26.9,82.5
20260617T064025Z,26.9,82.5
20260617T064040Z,26.9,82.5
20260617T064055Z,26.9,82.5
20260617T064109Z,26.9,82.5
20260617T064124Z,26.9,82.60002
20260617T064140Z,27.0,82.60002
20260617T064155Z,26.9,82.60002
20260617T064210Z,26.9,82.60002
20260617T064225Z,26.9,82.60002
20260617T064240Z,27.0,82.5
20260617T064255Z,26.9,82.60002
20260617T064310Z,27.0,82.60002
20260617T064326Z,26.9,82.5
20260617T064341Z,27.0,82.60002
20260617T064356Z,27.0,82.60002
20260617T064411Z,27.0,82.70003
20260617T064426Z,27.0,82.70003
20260617T064441Z,27.0,82.60002
20260617T064456Z,27.0,82.60002
20260617T064511Z,27.0,82.60002
20260617T064527Z,27.0,82.60002
20260617T064542Z,27.0,82.60002
20260617T064557Z,27.0,82.70003
20260617T064612Z,27.0,82.70003
20260617T064626Z,26.9,82.70003
20260617T064641Z,27.0,82.70003
20260617T064656Z,27.0,82.60002
20260617T064712Z,27.0,82.60002
20260617T064727Z,27.0,82.60002
20260617T064742Z,27.0,82.70003
20260617T064757Z,27.0,82.70003
20260617T064812Z,27.0,82.8
20260617T064827Z,27.0,82.8
20260617T064842Z,27.0,82.8
20260617T064858Z,27.0,82.8
20260617T064913Z,27.0,82.8
20260617T064928Z,27.0,82.9
20260617T064943Z,27.0,82.9
20260617T064957Z,27.0,82.9
20260617T065012Z,27.0,82.9
20260617T065027Z,27.0,82.8
20260617T065043Z,27.0,82.70003
20260617T065058Z,27.0,82.8
20260617T065113Z,27.0,82.8
20260617T065127Z,27.0,82.8
20260617T065143Z,27.0,82.8
20260617T065158Z,27.0,82.8
20260617T065213Z,27.0,82.8
20260617T065229Z,27.0,82.8
20260617T065244Z,27.0,82.70003
20260617T065259Z,27.0,82.70003
20260617T065314Z,27.0,82.70003
20260617T065329Z,27.0,82.70003
20260617T065344Z,27.0,82.70003
20260617T065359Z,27.0,82.70003
20260617T065415Z,27.0,82.70003
20260617T065430Z,27.0,82.70003
20260617T065445Z,27.0,82.70003
20260617T065500Z,27.0,82.70003
20260617T065515Z,27.0,82.70003
20260617T065529Z,27.0,82.70003
20260617T065544Z,27.0,82.70003
20260617T065600Z,27.0,82.70003
20260617T065615Z,27.0,82.70003
20260617T065630Z,27.0,82.8
20260617T065645Z,27.0,82.70003
20260617T065700Z,27.0,82.70003
20260617T065714Z,27.0,82.8
20260617T065729Z,27.0,82.70003
20260617T065744Z,27.0,82.70003
20260617T065800Z,27.0,82.70003
20260617T065815Z,27.0,82.70003
20260617T065830Z,27.0,82.70003
20260617T065845Z,27.0,82.70003
20260617T065859Z,27.0,82.70003
20260617T065914Z,27.0,82.70003
20260617T065929Z,27.0,82.70003
20260617T065945Z,27.0,82.70003
20260617T070000Z,27.0,82.60002
20260617T070015Z,27.0,82.60002
20260617T070030Z,27.0,82.60002
20260617T070044Z,27.0,82.70003
20260617T070059Z,27.0,82.60002
20260617T070114Z,27.0,82.60002
20260617T070130Z,27.0,82.60002
20260617T070145Z,27.0,82.60002
20260617T070200Z,27.0,82.60002
20260617T070215Z,27.0,82.60002
20260617T070229Z,27.0,82.60002
20260617T070244Z,27.0,82.70003
20260617T070259Z,27.0,82.60002
20260617T070315Z,27.0,82.60002
20260617T070330Z,27.0,82.60002
20260617T070345Z,27.0,82.60002
20260617T070359Z,27.0,82.60002
20260617T070414Z,27.0,82.60002
20260617T070429Z,27.0,82.60002
20260617T070444Z,27.0,82.60002
20260617T070500Z,27.0,82.60002
20260617T070515Z,27.0,82.60002
20260617T070530Z,27.0,82.60002
20260617T070544Z,27.0,82.70003
20260617T070559Z,27.0,82.60002
20260617T070614Z,27.0,82.60002
20260617T070629Z,27.0,82.60002
20260617T070645Z,27.0,82.60002
20260617T070700Z,27.0,82.60002
20260617T070715Z,27.0,82.60002
20260617T070730Z,27.0,82.60002
20260617T070745Z,27.0,82.60002
20260617T070800Z,27.0,82.60002
20260617T070815Z,27.0,82.60002
20260617T070830Z,27.0,82.60002
20260617T070846Z,27.0,82.60002
20260617T070901Z,27.0,82.60002
20260617T070916Z,27.0,82.60002
20260617T070932Z,27.0,82.60002
20260617T070946Z,27.0,82.60002
20260617T071001Z,27.0,82.60002
20260617T071016Z,27.0,82.60002
20260617T071032Z,27.0,82.60002
20260617T071047Z,27.1,82.60002
20260617T071102Z,27.0,82.60002
20260617T071118Z,27.1,82.60002
20260617T071133Z,27.1,82.60002
20260617T071147Z,27.0,82.60002
20260617T071202Z,27.1,82.60002
20260617T071218Z,27.1,82.60002
20260617T071233Z,27.1,82.60002
20260617T071248Z,27.1,82.60002
20260617T071304Z,27.0,82.60002
20260617T071319Z,27.0,82.70003
20260617T071334Z,27.0,82.60002
20260617T071348Z,27.0,82.60002
20260617T071404Z,27.1,82.60002
20260617T071419Z,27.0,82.60002
20260617T071434Z,27.1,82.60002
20260617T071450Z,27.1,82.60002
20260617T071505Z,27.1,82.60002
20260617T071520Z,27.1,82.60002
20260617T071534Z,27.1,82.60002
20260617T071549Z,27.1,82.60002
20260617T071604Z,27.1,82.60002
20260617T071619Z,27.1,82.60002
20260617T071634Z,27.1,82.60002
20260617T071650Z,27.0,82.5
20260617T071705Z,27.1,82.60002
20260617T071720Z,27.1,82.60002
20260617T071735Z,27.1,82.60002
20260617T071750Z,27.1,82.60002
20260617T071805Z,27.1,82.5
20260617T071820Z,27.1,82.5
20260617T071836Z,27.1,82.60002
20260617T071851Z,27.1,82.5
20260617T071906Z,27.1,82.60002
20260617T071922Z,27.1,82.60002
20260617T071936Z,27.1,82.60002
20260617T071950Z,27.1,82.70003
20260617T072005Z,27.1,82.70003
20260617T072021Z,27.1,82.70003
20260617T072036Z,27.1,82.60002
20260617T072051Z,27.1,82.70003
20260617T072106Z,27.1,82.60002
20260617T072121Z,27.1,82.60002
20260617T072135Z,27.1,82.60002
20260617T072150Z,27.1,82.60002
20260617T072206Z,27.1,82.60002
20260617T072221Z,27.1,82.60002
20260617T072236Z,27.1,82.60002
20260617T072251Z,27.1,82.5
20260617T072307Z,27.1,82.60002
20260617T072321Z,27.1,82.5
20260617T072336Z,27.1,82.5
20260617T072352Z,27.1,82.60002
20260617T072407Z,27.1,82.60002
20260617T072422Z,27.1,82.60002
20260617T072437Z,27.1,82.60002
20260617T072453Z,27.1,82.60002
20260617T072508Z,27.1,82.60002
20260617T072522Z,27.1,82.70003
20260617T072538Z,27.1,82.70003
20260617T072553Z,27.1,82.70003
20260617T072608Z,27.1,82.70003
20260617T072623Z,27.1,82.70003
20260617T072639Z,27.1,82.70003
20260617T072654Z,27.1,82.70003
20260617T072709Z,27.1,82.70003
20260617T072723Z,27.1,82.70003
20260617T072738Z,27.1,82.70003
20260617T072753Z,27.1,82.70003
20260617T072808Z,27.1,82.70003
20260617T072824Z,27.1,82.70003
20260617T072839Z,27.1,82.70003
20260617T072854Z,27.1,82.70003
20260617T072908Z,27.1,82.70003
20260617T072923Z,27.1,82.70003
20260617T072938Z,27.1,82.70003
20260617T072953Z,27.1,82.70003
20260617T073009Z,27.1,82.70003
20260617T073024Z,27.1,82.60002
20260617T073039Z,27.1,82.70003
20260617T073054Z,27.1,82.70003
20260617T073109Z,27.1,82.70003
20260617T073123Z,27.1,82.70003
20260617T073138Z,27.1,82.60002
20260617T073154Z,27.1,82.60002
20260617T073209Z,27.1,82.70003
20260617T073224Z,27.1,82.70003
20260617T073239Z,27.1,82.60002
20260617T073255Z,27.1,82.60002
20260617T073309Z,27.1,82.60002
20260617T073324Z,27.1,82.70003
20260617T073339Z,27.1,82.70003
20260617T073355Z,27.1,82.70003
20260617T073410Z,27.1,82.70003
20260617T073425Z,27.1,82.70003
20260617T073441Z,27.1,82.70003
20260617T073456Z,27.1,82.70003
20260617T073510Z,27.1,82.70003
20260617T073524Z,27.1,82.70003
20260617T073540Z,27.1,82.70003
20260617T073555Z,27.1,82.70003
20260617T073610Z,27.1,82.70003
20260617T073626Z,27.1,82.70003
20260617T073641Z,27.1,82.60002
20260617T073656Z,27.1,82.70003
20260617T073710Z,27.1,82.70003
20260617T073726Z,27.1,82.60002
20260617T073741Z,27.1,82.70003
20260617T073756Z,27.1,82.70003
20260617T073812Z,27.1,82.60002
20260617T073827Z,27.1,82.60002
20260617T073842Z,27.1,82.60002
20260617T073857Z,27.1,82.60002
20260617T073912Z,27.1,82.60002
20260617T073926Z,27.1,82.60002
20260617T073941Z,27.1,82.60002
20260617T073956Z,27.1,82.70003
20260617T074012Z,27.1,82.70003
20260617T074027Z,27.1,82.70003
20260617T074042Z,27.1,82.70003
20260617T074058Z,27.1,82.70003
20260617T074112Z,27.1,82.70003
20260617T074127Z,27.1,82.70003
20260617T074142Z,27.1,82.8
20260617T074158Z,27.1,82.70003
20260617T074213Z,27.1,82.70003
20260617T074228Z,27.1,82.70003
20260617T074244Z,27.1,82.70003
20260617T074259Z,27.1,82.70003
20260617T074313Z,27.1,82.70003
20260617T074327Z,27.1,82.70003
20260617T074343Z,27.1,82.70003
20260617T074358Z,27.1,82.70003
20260617T074413Z,27.1,82.70003
20260617T074429Z,27.1,82.70003
20260617T074444Z,27.1,82.70003
20260617T074458Z,27.1,82.70003
20260617T074512Z,27.1,82.70003
20260617T074528Z,27.1,82.70003
20260617T074543Z,27.1,82.70003
20260617T074558Z,27.1,82.60002
20260617T074613Z,27.1,82.70003
20260617T074629Z,27.1,82.60002
20260617T074644Z,27.1,82.60002
20260617T074658Z,27.1,82.70003
20260617T074714Z,27.1,82.60002
20260617T074729Z,27.1,82.60002
20260617T074744Z,27.1,82.60002
20260617T074759Z,27.1,82.70003
20260617T074815Z,27.1,82.70003
20260617T074830Z,27.1,82.70003
20260617T074845Z,27.1,82.70003
20260617T074900Z,27.1,82.60002
20260617T074915Z,27.1,82.60002
20260617T074930Z,27.20001,82.70003
20260617T074945Z,27.20001,82.8
20260617T075001Z,27.1,82.70003
20260617T075016Z,27.1,82.60002
20260617T075031Z,27.1,82.70003
20260617T075047Z,27.1,82.70003
20260617T075101Z,27.1,82.70003
20260617T075116Z,27.1,82.70003
20260617T075131Z,27.1,82.70003
20260617T075147Z,27.1,82.70003
20260617T075202Z,27.20001,82.8
20260617T075217Z,27.1,82.70003
20260617T075232Z,27.20001,82.70003
20260617T075248Z,27.20001,82.8
20260617T075302Z,27.20001,82.70003
20260617T075317Z,27.20001,82.8
20260617T075333Z,27.20001,82.70003
20260617T075348Z,27.20001,82.70003
20260617T075403Z,27.1,82.70003
20260617T075418Z,27.20001,82.8
20260617T075434Z,27.1,82.8
20260617T075449Z,27.20001,82.70003
20260617T075503Z,27.1,82.8
20260617T075519Z,27.1,82.70003
20260617T075534Z,27.1,82.8
20260617T075549Z,27.1,82.8
20260617T075604Z,27.20001,82.70003
20260617T075620Z,27.1,82.8
20260617T075635Z,27.20001,82.70003
20260617T075650Z,27.1,82.70003
20260617T075704Z,27.20001,82.70003
20260617T075719Z,27.20001,82.70003
20260617T075734Z,27.1,82.70003
20260617T075749Z,27.1,82.70003
20260617T075805Z,27.1,82.8
20260617T075820Z,27.1,82.70003
20260617T075835Z,27.20001,82.70003
20260617T075849Z,27.20001,82.8
20260617T075904Z,27.20001,82.70003
20260617T075919Z,27.20001,82.70003
20260617T075934Z,27.20001,82.60002
20260617T075950Z,27.20001,82.70003
20260617T080005Z,27.20001,82.70003
20260617T080020Z,27.20001,82.70003
20260617T080035Z,27.20001,82.70003
20260617T080050Z,27.1,82.70003
20260617T080105Z,27.1,82.70003
20260617T080120Z,27.20001,82.70003
20260617T080136Z,27.20001,82.70003
20260617T080151Z,27.20001,82.70003
20260617T080206Z,27.20001,82.70003
20260617T080221Z,27.20001,82.70003
20260617T080237Z,27.20001,82.70003
20260617T080251Z,27.1,82.70003
20260617T080306Z,27.1,82.8
20260617T080321Z,27.20001,82.70003
20260617T080337Z,27.20001,82.8
20260617T080352Z,27.20001,82.70003
20260617T080407Z,27.20001,82.60002
20260617T080423Z,27.20001,82.70003
20260617T080438Z,27.20001,82.70003
20260617T080452Z,27.20001,82.70003
20260617T080506Z,27.20001,82.70003
20260617T080522Z,27.20001,82.70003
20260617T080537Z,27.20001,82.8
20260617T080552Z,27.20001,82.8
20260617T080608Z,27.20001,82.8
20260617T080623Z,27.20001,82.8
20260617T080638Z,27.20001,82.8
20260617T080652Z,27.20001,82.8
20260617T080708Z,27.20001,82.70003
20260617T080723Z,27.20001,82.70003
20260617T080738Z,27.20001,82.8
20260617T080754Z,27.20001,82.70003
20260617T080809Z,27.20001,82.70003
20260617T080824Z,27.20001,82.70003
20260617T080839Z,27.20001,82.8
20260617T080854Z,27.20001,82.8
20260617T080908Z,27.20001,82.8
20260617T080923Z,27.20001,82.8
20260617T080938Z,27.20001,82.8
20260617T080954Z,27.20001,82.8
20260617T081009Z,27.20001,82.8
20260617T081024Z,27.20001,82.8
20260617T081040Z,27.20001,82.8
20260617T081054Z,27.20001,82.8
20260617T081109Z,27.20001,82.8
20260617T081124Z,27.20001,82.8
20260617T081140Z,27.20001,82.8
20260617T081155Z,27.20001,82.8
20260617T081210Z,27.20001,82.8
20260617T081226Z,27.20001,82.9
20260617T081241Z,27.20001,82.8
20260617T081255Z,27.20001,82.9
20260617T081310Z,27.20001,82.9
20260617T081326Z,27.20001,82.8
20260617T081341Z,27.20001,82.8
20260617T081356Z,27.20001,82.9
20260617T081412Z,27.20001,82.9
20260617T081427Z,27.20001,82.8
20260617T081442Z,27.20001,82.8
20260617T081456Z,27.20001,82.8
20260617T081512Z,27.20001,82.8
20260617T081527Z,27.20001,82.8
20260617T081542Z,27.20001,82.8
20260617T081557Z,27.20001,82.70003
20260617T081613Z,27.20001,82.70003
20260617T081628Z,27.20001,82.60002
20260617T081643Z,27.20001,82.70003
20260617T081658Z,27.20001,82.60002
20260617T081712Z,27.20001,82.70003
20260617T081727Z,27.20001,82.70003
20260617T081742Z,27.20001,82.70003
20260617T081758Z,27.20001,82.70003
20260617T081813Z,27.20001,82.70003
20260617T081828Z,27.20001,82.70003
20260617T081844Z,27.20001,82.70003
20260617T081858Z,27.20001,82.70003
20260617T081912Z,27.20001,82.70003
20260617T081927Z,27.20001,82.70003
20260617T081943Z,27.20001,82.70003
20260617T081958Z,27.20001,82.70003
20260617T082013Z,27.20001,82.8
20260617T082029Z,27.20001,82.70003
20260617T082044Z,27.20001,82.70003
20260617T082058Z,27.20001,82.8
20260617T082113Z,27.20001,82.70003
20260617T082129Z,27.20001,82.70003
20260617T082144Z,27.20001,82.70003
20260617T082159Z,27.20001,82.70003
20260617T082214Z,27.20001,82.70003
20260617T082230Z,27.20001,82.70003
20260617T082245Z,27.20001,82.70003
20260617T082259Z,27.20001,82.70003
20260617T082314Z,27.20001,82.70003
20260617T082329Z,27.20001,82.70003
20260617T082344Z,27.20001,82.70003
20260617T082359Z,27.20001,82.70003
20260617T082415Z,27.20001,82.70003
20260617T082430Z,27.20001,82.70003
20260617T082445Z,27.20001,82.70003
20260617T082500Z,27.20001,82.70003
20260617T082515Z,27.20001,82.70003
20260617T082530Z,27.20001,82.70003
20260617T082545Z,27.20001,82.70003
20260617T082601Z,27.20001,82.70003
20260617T082616Z,27.20001,82.70003
20260617T082631Z,27.20001,82.70003
20260617T082647Z,27.20001,82.8
20260617T082701Z,27.20001,82.70003
20260617T082715Z,27.20001,82.70003
20260617T082730Z,27.20001,82.70003
20260617T082746Z,27.20001,82.70003
20260617T082801Z,27.20001,82.70003
20260617T082816Z,27.20001,82.70003
20260617T082831Z,27.20001,82.70003
20260617T082847Z,27.20001,82.70003
20260617T082901Z,27.20001,82.70003
20260617T082915Z,27.20001,82.70003
20260617T082931Z,27.20001,82.8
20260617T082946Z,27.20001,82.70003
20260617T083001Z,27.20001,82.70003
20260617T083016Z,27.20001,82.70003
20260617T083032Z,27.20001,82.70003
20260617T083047Z,27.20001,82.70003
20260617T083101Z,27.20001,82.70003
20260617T083117Z,27.20001,82.8
20260617T083132Z,27.20001,82.8
20260617T083147Z,27.20001,82.70003
20260617T083202Z,27.20001,82.8
20260617T083218Z,27.20001,82.8
20260617T083233Z,27.20001,82.8
20260617T083248Z,27.20001,82.8
20260617T083302Z,27.20001,82.8
20260617T083317Z,27.20001,82.8
20260617T083332Z,27.20001,82.8
20260617T083347Z,27.20001,82.8
20260617T083403Z,27.20001,82.70003
20260617T083418Z,27.20001,82.8
20260617T083433Z,27.20001,82.8
20260617T083448Z,27.20001,82.8
20260617T083503Z,27.20001,82.8
20260617T083517Z,27.20001,82.8
20260617T083532Z,27.20001,82.8
20260617T083548Z,27.20001,82.8
20260617T083603Z,27.20001,82.8
20260617T083618Z,27.20001,82.8
20260617T083633Z,27.20001,82.8
20260617T083649Z,27.20001,82.8
20260617T083703Z,27.20001,82.8
20260617T083717Z,27.20001,82.8
20260617T083733Z,27.20001,82.8
20260617T083748Z,27.20001,82.8
20260617T083803Z,27.20001,82.8
20260617T083818Z,27.20001,82.70003
20260617T083834Z,27.20001,82.70003
20260617T083849Z,27.20001,82.70003
20260617T083903Z,27.20001,82.8
20260617T083918Z,27.20001,82.8
20260617T083934Z,27.20001,82.8
20260617T083949Z,27.20001,83.0
20260617T084004Z,27.20001,82.9
20260617T084020Z,27.20001,82.9
20260617T084035Z,27.20001,82.9
20260617T084050Z,27.20001,82.9
20260617T084104Z,27.20001,83.0
20260617T084119Z,27.20001,83.10002
20260617T084134Z,27.20001,83.0
20260617T084149Z,27.20001,83.10002
20260617T084205Z,27.20001,83.0
20260617T084220Z,27.20001,83.10002
20260617T084235Z,27.20001,83.10002
20260617T084250Z,27.20001,83.10002
20260617T084305Z,27.20001,83.10002
20260617T084319Z,27.20001,83.10002
20260617T084334Z,27.20001,83.0
20260617T084350Z,27.20001,83.0
20260617T084405Z,27.20001,83.0
20260617T084420Z,27.20001,83.0
20260617T084435Z,27.20001,83.0
20260617T084451Z,27.20001,83.0
20260617T084505Z,27.20001,83.0
20260617T084519Z,27.20001,83.0
20260617T084534Z,27.20001,83.0
20260617T084550Z,27.20001,83.0
20260617T084605Z,27.20001,83.20003
20260617T084620Z,27.20001,83.10002
20260617T084636Z,27.20001,83.0
20260617T084651Z,27.20001,83.0
20260617T084705Z,27.20001,83.0
20260617T084719Z,27.20001,83.0
20260617T084735Z,27.20001,83.10002
20260617T084750Z,27.30001,83.0
20260617T084805Z,27.20001,83.10002
20260617T084821Z,27.20001,83.10002
20260617T084836Z,27.20001,83.0
20260617T084851Z,27.20001,83.0
20260617T084905Z,27.20001,83.10002
20260617T084920Z,27.20001,83.0
20260617T084935Z,27.20001,83.0
20260617T084950Z,27.20001,83.0
20260617T085006Z,27.30001,83.10002
20260617T085021Z,27.20001,83.10002
20260617T085036Z,27.20001,83.10002
20260617T085051Z,27.20001,83.0
20260617T085106Z,27.30001,83.10002
20260617T085120Z,27.30001,83.10002
20260617T085135Z,27.30001,83.20003
20260617T085150Z,27.30001,83.10002
20260617T085206Z,27.20001,83.20003
20260617T085221Z,27.30001,83.20003
20260617T085236Z,27.20001,83.20003
20260617T085252Z,27.20001,83.10002
20260617T085306Z,27.20001,83.10002
20260617T085320Z,27.30001,83.10002
20260617T085335Z,27.20001,83.20003
20260617T085351Z,27.20001,83.20003
20260617T085406Z,27.20001,83.20003
20260617T085421Z,27.20001,83.20003
20260617T085437Z,27.20001,83.3
20260617T085452Z,27.20001,83.3
20260617T085506Z,27.20001,83.3
20260617T085520Z,27.20001,83.3
20260617T085536Z,27.20001,83.3
20260617T085551Z,27.20001,83.20003
20260617T085606Z,27.20001,83.10002
20260617T085622Z,27.30001,83.3
20260617T085637Z,27.20001,83.20003
20260617T085652Z,27.30001,83.3
20260617T085706Z,27.20001,83.20003
20260617T085721Z,27.20001,83.10002
20260617T085736Z,27.30001,83.20003
20260617T085751Z,27.30001,83.20003
20260617T085806Z,27.30001,83.20003
20260617T085822Z,27.30001,83.3
20260617T085837Z,27.20001,83.3
20260617T085852Z,27.30001,83.3
20260617T085907Z,27.30001,83.4
20260617T085921Z,27.20001,83.3
20260617T085936Z,27.20001,83.4
20260617T085951Z,27.20001,83.4
20260617T090007Z,27.30001,83.4
20260617T090022Z,27.20001,83.5
20260617T090037Z,27.30001,83.4
20260617T090053Z,27.30001,83.5
20260617T090107Z,27.30001,83.3
20260617T090121Z,27.30001,83.5
20260617T090136Z,27.30001,83.4
20260617T090152Z,27.30001,83.3
20260617T090207Z,27.30001,83.3
20260617T090222Z,27.30001,83.3
20260617T090238Z,27.30001,83.4
20260617T090253Z,27.30001,83.3
20260617T090307Z,27.30001,83.5
20260617T090321Z,27.30001,83.4
20260617T090337Z,27.30001,83.4
20260617T090352Z,27.30001,83.4
20260617T090407Z,27.30001,83.4
20260617T090422Z,27.30001,83.5
20260617T090438Z,27.20001,83.4
20260617T090453Z,27.30001,83.60002
20260617T090508Z,27.30001,83.4
20260617T090523Z,27.30001,83.60002
20260617T090537Z,27.30001,83.5
20260617T090552Z,27.30001,83.5
20260617T090607Z,27.30001,83.60002
20260617T090623Z,27.30001,83.5
20260617T090638Z,27.30001,83.60002
20260617T090653Z,27.30001,83.60002
20260617T090709Z,27.30001,83.60002
20260617T090723Z,27.30001,83.5
20260617T090737Z,27.30001,83.60002
20260617T090752Z,27.30001,83.60002
20260617T090808Z,27.30001,83.5
20260617T090823Z,27.30001,83.70003
20260617T090838Z,27.30001,83.70003
20260617T090853Z,27.30001,83.70003
20260617T090909Z,27.30001,83.4
20260617T090923Z,27.30001,83.4
20260617T090937Z,27.30001,83.60002
20260617T090953Z,27.30001,83.5
20260617T091008Z,27.30001,83.60002
20260617T091023Z,27.30001,83.5
20260617T091038Z,27.30001,83.70003
20260617T091054Z,27.30001,83.60002
20260617T091109Z,27.30001,83.70003
20260617T091123Z,27.30001,83.70003
20260617T091138Z,27.30001,83.60002
20260617T091153Z,27.30001,83.70003
20260617T091208Z,27.30001,83.60002
20260617T091223Z,27.30001,83.60002
20260617T091239Z,27.30001,83.60002
20260617T091254Z,27.30001,83.70003
20260617T091309Z,27.30001,83.70003
20260617T091324Z,27.30001,83.70003
20260617T091338Z,27.30001,83.60002
20260617T091353Z,27.30001,83.70003
20260617T091408Z,27.30001,83.8
20260617T091424Z,27.30001,83.8
20260617T091439Z,27.30001,83.8
20260617T091454Z,27.30001,83.8
20260617T091509Z,27.30001,83.8
20260617T091525Z,27.30001,83.8
20260617T091539Z,27.30001,83.8
20260617T091554Z,27.30001,83.8
20260617T091610Z,27.30001,83.8
20260617T091625Z,27.30001,83.8
20260617T091640Z,27.30001,83.9
20260617T091655Z,27.30001,83.8
20260617T091711Z,27.30001,83.8
20260617T091726Z,27.30001,83.8
20260617T091740Z,27.30001,83.9
20260617T091755Z,27.30001,83.8
20260617T091810Z,27.30001,83.9
20260617T091825Z,27.30001,83.8
20260617T091840Z,27.30001,83.8
20260617T091856Z,27.30001,83.70003
20260617T091911Z,27.30001,83.8
20260617T091926Z,27.30001,83.8
20260617T091942Z,27.30001,83.8
20260617T091956Z,27.30001,83.70003
20260617T092011Z,27.30001,83.70003
20260617T092026Z,27.30001,83.70003
20260617T092042Z,27.30001,83.8
20260617T092057Z,27.30001,83.8
20260617T092112Z,27.30001,83.70003
20260617T092127Z,27.30001,83.8
20260617T092143Z,27.30001,83.8
20260617T092158Z,27.30001,84.0
20260617T092212Z,27.30001,84.0
20260617T092228Z,27.30001,84.10002
20260617T092243Z,27.30001,83.9
20260617T092258Z,27.30001,83.8
20260617T092313Z,27.30001,83.70003
20260617T092329Z,27.30001,83.70003
20260617T092344Z,27.30001,83.8
20260617T092359Z,27.30001,84.0
20260617T092415Z,27.30001,83.8
20260617T092429Z,27.30001,83.9
20260617T092444Z,27.30001,83.8
20260617T092459Z,27.30001,83.8
20260617T092515Z,27.30001,83.8
20260617T092530Z,27.30001,83.8
20260617T092545Z,27.30001,83.70003
20260617T092601Z,27.30001,83.8
20260617T092615Z,27.30001,83.8
20260617T092630Z,27.30001,83.8
20260617T092645Z,27.30001,83.8
20260617T092701Z,27.30001,83.8
20260617T092716Z,27.30001,83.8
20260617T092730Z,27.30001,83.9
20260617T092745Z,27.30001,83.9
20260617T092801Z,27.4,83.9
20260617T092816Z,27.4,83.9
20260617T092831Z,27.4,83.9
20260617T092846Z,27.4,84.0
20260617T092901Z,27.4,83.8
20260617T092916Z,27.4,84.0
20260617T092931Z,27.4,83.9
20260617T092947Z,27.4,83.9
20260617T093001Z,27.4,83.9
20260617T093016Z,27.4,83.9
20260617T093032Z,27.4,83.9
20260617T093047Z,27.4,84.0
20260617T093102Z,27.4,84.0
20260617T093116Z,27.4,83.9
20260617T093132Z,27.4,83.9
20260617T093147Z,27.4,84.0
20260617T093202Z,27.4,83.9
20260617T093218Z,27.4,83.9
20260617T093232Z,27.4,83.9
20260617T093247Z,27.4,83.9
20260617T093302Z,27.5,83.9
20260617T093318Z,27.5,83.9
20260617T093333Z,27.5,83.9
20260617T093347Z,27.5,83.8
20260617T093402Z,27.5,83.9
20260617T093418Z,27.5,83.8
20260617T093433Z,27.5,83.8
20260617T093448Z,27.5,83.9
20260617T093503Z,27.5,84.0
20260617T093518Z,27.5,84.0
20260617T093533Z,27.5,83.9
20260617T093548Z,27.5,83.9
20260617T093604Z,27.5,83.9
20260617T093618Z,27.5,83.9
20260617T093633Z,27.5,83.9
20260617T093649Z,27.5,84.0
20260617T093704Z,27.5,84.10002
20260617T093719Z,27.5,84.0
20260617T093733Z,27.5,84.10002
20260617T093749Z,27.5,84.0
20260617T093804Z,27.5,83.9
20260617T093819Z,27.5,83.9
20260617T093834Z,27.5,83.9
20260617T093849Z,27.5,83.9
20260617T093904Z,27.5,83.9
20260617T093919Z,27.5,84.0
20260617T093935Z,27.5,83.9
20260617T093950Z,27.5,84.0
20260617T094005Z,27.6,83.9
20260617T094019Z,27.6,83.9
20260617T094035Z,27.6,83.9
20260617T094050Z,27.6,83.9
20260617T094105Z,27.6,83.9
20260617T094121Z,27.6,84.0
20260617T094135Z,27.6,83.9
20260617T094149Z,27.6,83.9
20260617T094204Z,27.6,84.0
20260617T094220Z,27.6,83.9
20260617T094235Z,27.6,83.9
20260617T094249Z,27.6,83.9
20260617T094305Z,27.6,83.9
20260617T094320Z,27.6,83.8
20260617T094335Z,27.6,83.70003
20260617T094350Z,27.6,83.8
20260617T094406Z,27.6,84.0
20260617T094420Z,27.70001,84.10002
20260617T094435Z,27.6,84.10002
20260617T094450Z,27.70001,84.10002
20260617T094506Z,27.70001,84.20004
20260617T094521Z,27.70001,84.3
20260617T094535Z,27.70001,84.3
20260617T094551Z,27.70001,84.3
20260617T094606Z,27.6,84.3
20260617T094621Z,27.70001,84.3
20260617T094636Z,27.70001,84.3
20260617T094652Z,27.6,84.3
20260617T094707Z,27.6,84.4
20260617T094721Z,27.6,84.4
20260617T094736Z,27.6,84.4
20260617T094751Z,27.6,84.4
20260617T094806Z,27.6,84.4
20260617T094821Z,27.6,84.4
20260617T094837Z,27.6,84.5
20260617T094852Z,27.6,84.4
20260617T094907Z,27.6,84.4
20260617T094922Z,27.6,84.4
20260617T094937Z,27.6,84.4
20260617T094952Z,27.6,84.4
20260617T095007Z,27.6,84.4
20260617T095023Z,27.6,84.4
20260617T095038Z,27.6,84.4
20260617T095053Z,27.6,84.4
20260617T095108Z,27.6,84.4
20260617T095124Z,27.6,84.4
20260617T095138Z,27.6,84.4
20260617T095152Z,27.6,84.4
20260617T095208Z,27.6,84.4
20260617T095223Z,27.6,84.4
20260617T095238Z,27.6,84.4
20260617T095253Z,27.6,84.4
20260617T095309Z,27.6,84.4
20260617T095324Z,27.6,84.4
20260617T095339Z,27.6,84.4
20260617T095354Z,27.6,84.4
20260617T095408Z,27.6,84.4
20260617T095423Z,27.6,84.4
20260617T095438Z,27.6,84.4
20260617T095454Z,27.6,84.4
20260617T095509Z,27.6,84.4
20260617T095524Z,27.6,84.4
20260617T095539Z,27.6,84.4
20260617T095555Z,27.6,84.3
20260617T095610Z,27.6,84.3
20260617T095624Z,27.6,84.4
20260617T095639Z,27.6,84.3
20260617T095654Z,27.6,84.4
20260617T095709Z,27.6,84.4
20260617T095724Z,27.5,84.3
20260617T095740Z,27.6,84.3
20260617T095755Z,27.5,84.3
20260617T095810Z,27.6,84.4
20260617T095826Z,27.6,84.3
20260617T095841Z,27.6,84.3
20260617T095855Z,27.5,84.4
20260617T095909Z,27.6,84.4
20260617T095925Z,27.6,84.3
20260617T095940Z,27.5,84.3
20260617T095955Z,27.6,84.3
20260617T100011Z,27.5,84.3
20260617T100026Z,27.5,84.4
20260617T100041Z,27.5,84.4
20260617T100056Z,27.6,84.4
20260617T100112Z,27.5,84.3
20260617T100126Z,27.6,84.3
20260617T100140Z,27.5,84.4
20260617T100155Z,27.5,84.4
20260617T100211Z,27.5,84.4
20260617T100226Z,27.5,84.4
20260617T100241Z,27.5,84.4
20260617T100257Z,27.5,84.3
20260617T100312Z,27.5,84.4
20260617T100327Z,27.5,84.4
20260617T100342Z,27.5,84.4
20260617T100357Z,27.5,84.4
20260617T100411Z,27.5,84.3
20260617T100426Z,27.5,84.3
20260617T100442Z,27.5,84.3
20260617T100457Z,27.5,84.3
20260617T100512Z,27.5,84.4
20260617T100527Z,27.5,84.3
20260617T100543Z,27.5,84.3
20260617T100558Z,27.5,84.3
20260617T100612Z,27.5,84.3
20260617T100627Z,27.5,84.3
20260617T100642Z,27.5,84.3
20260617T100657Z,27.5,84.3
20260617T100712Z,27.5,84.3
20260617T100728Z,27.5,84.3
20260617T100743Z,27.5,84.4
20260617T100758Z,27.5,84.3
20260617T100813Z,27.5,84.4
20260617T100829Z,27.5,84.4
20260617T100843Z,27.5,84.3
20260617T100857Z,27.5,84.3
20260617T100913Z,27.5,84.3
20260617T100928Z,27.5,84.3
20260617T100943Z,27.5,84.3
20260617T100958Z,27.5,84.3
20260617T101014Z,27.5,84.3
20260617T101029Z,27.5,84.3
20260617T101044Z,27.5,84.3
20260617T101059Z,27.5,85.3
20260617T101113Z,27.5,85.3
20260617T101128Z,27.6,85.20004
20260617T101143Z,27.6,85.10002
20260617T101159Z,27.6,85.20004
20260617T101214Z,27.6,85.0
20260617T101229Z,27.6,85.8
20260617T101244Z,27.6,85.8
20260617T101300Z,27.6,86.10002
20260617T101314Z,27.6,86.10002
20260617T101328Z,27.6,86.0
20260617T101344Z,27.6,86.10002
20260617T101359Z,27.6,85.8
20260617T101414Z,27.6,85.9
20260617T101429Z,27.6,86.20004
20260617T101445Z,27.6,85.9
20260617T101500Z,27.6,85.70004
20260617T101515Z,27.6,86.0
20260617T101530Z,27.70001,85.8
20260617T101544Z,27.70001,85.9
20260617T101559Z,27.70001,86.0
20260617T101614Z,27.70001,86.20004
20260617T101630Z,27.70001,86.3
20260617T101645Z,27.70001,86.3
20260617T101700Z,27.70001,86.3
20260617T101716Z,27.70001,86.3
20260617T101731Z,27.70001,86.20004
20260617T101745Z,27.70001,86.20004
20260617T101759Z,27.70001,86.20004
20260617T101815Z,27.70001,86.3
20260617T101830Z,27.70001,86.3
20260617T101845Z,27.70001,86.4
20260617T101900Z,27.70001,86.4
20260617T101916Z,27.80001,86.4
20260617T101931Z,27.80001,86.5
20260617T101946Z,27.80001,86.4
20260617T102001Z,27.80001,86.70004
20260617T102015Z,27.80001,86.70004
20260617T102030Z,27.80001,86.70004
20260617T102045Z,27.80001,86.5
20260617T102101Z,27.80001,86.4
20260617T102116Z,27.80001,86.4
20260617T102131Z,27.80001,86.4
20260617T102147Z,27.80001,86.60002
20260617T102202Z,27.80001,86.60002
20260617T102216Z,27.80001,86.60002
20260617T102230Z,27.80001,86.60002
20260617T102246Z,27.80001,86.8
20260617T102301Z,27.80001,86.70004
20260617T102316Z,27.80001,86.8
20260617T102332Z,27.80001,86.8
20260617T102347Z,27.9,86.70004
20260617T102402Z,27.9,86.60002
20260617T102416Z,27.9,86.4
20260617T102431Z,27.9,86.4
20260617T102446Z,27.9,86.60002
20260617T102501Z,27.80001,86.70004
20260617T102516Z,27.80001,86.70004
20260617T102532Z,27.9,86.60002
20260617T102547Z,27.9,86.70004
20260617T102602Z,27.9,86.70004
20260617T102617Z,27.9,86.60002
20260617T102631Z,27.9,86.60002
20260617T102646Z,27.9,86.60002
20260617T102701Z,27.9,86.60002
20260617T102717Z,27.9,86.60002
20260617T102732Z,27.9,86.60002
20260617T102747Z,27.9,86.70004
20260617T102803Z,27.9,86.70004
20260617T102817Z,27.9,86.60002
20260617T102831Z,27.9,86.8
20260617T102846Z,27.9,86.8
20260617T102902Z,27.9,86.8
20260617T102917Z,27.9,86.9
20260617T102932Z,27.9,86.8
20260617T102948Z,27.9,86.9
20260617T103002Z,28.0,86.8
20260617T103016Z,28.0,87.0
20260617T103031Z,28.0,87.0
20260617T103047Z,27.9,86.8
20260617T103102Z,27.9,86.8
20260617T103117Z,28.0,87.0
20260617T103132Z,28.0,86.9
20260617T103148Z,28.0,86.9
20260617T103202Z,27.9,86.8
20260617T103217Z,27.9,86.9
20260617T103233Z,28.0,87.0
20260617T103248Z,28.0,87.10002
20260617T103303Z,28.0,87.10002
20260617T103318Z,28.0,87.20004
20260617T103334Z,28.0,87.10002
20260617T103349Z,28.0,87.0
20260617T103403Z,28.0,87.10002
20260617T103418Z,28.0,87.10002
20260617T103433Z,28.0,87.10002
20260617T103448Z,28.0,87.20004
20260617T103503Z,28.0,87.3
20260617T103519Z,28.0,87.0
20260617T103534Z,28.0,87.3
20260617T103549Z,28.0,87.3
20260617T103605Z,28.0,87.20004
20260617T103619Z,28.0,87.4
20260617T103634Z,28.0,87.60002
20260617T103649Z,28.0,87.5
20260617T103705Z,28.0,87.70004
20260617T103720Z,28.0,87.5
20260617T103735Z,28.0,87.4
20260617T103750Z,28.0,87.70004
20260617T103806Z,28.0,87.9
20260617T103821Z,28.1,87.60002
20260617T103835Z,28.1,87.4
20260617T103850Z,28.1,87.20004
20260617T103905Z,28.1,87.4
20260617T103920Z,28.1,87.5
20260617T103935Z,28.0,87.8
20260617T103951Z,28.1,88.0
20260617T104006Z,28.1,88.10002
20260617T104021Z,28.1,88.20004
20260617T104037Z,28.1,89.0
20260617T104051Z,28.0,88.9
20260617T104105Z,28.0,89.0
20260617T104120Z,28.0,88.9
20260617T104136Z,28.0,88.80004
20260617T104150Z,28.0,88.80004
20260617T104205Z,27.9,88.70004
20260617T104221Z,27.9,88.70004
20260617T104235Z,27.9,88.70004
20260617T104250Z,27.80001,88.70004
20260617T104304Z,27.80001,88.70004
20260617T104320Z,27.70001,88.70004
20260617T104335Z,27.70001,88.60002
20260617T104350Z,27.70001,88.80004
20260617T104405Z,27.6,88.70004
20260617T104421Z,27.6,88.70004
20260617T104436Z,27.6,88.70004
20260617T104451Z,27.5,88.70004
20260617T104507Z,27.5,88.70004
20260617T104522Z,27.5,88.5
20260617T104537Z,27.4,88.5
20260617T104552Z,27.4,88.3
20260617T104608Z,27.4,88.4
20260617T104623Z,27.4,88.4
20260617T104638Z,27.30001,88.4
20260617T104654Z,27.30001,88.4
20260617T104708Z,27.30001,88.3
20260617T104723Z,27.30001,88.0
20260617T104737Z,27.20001,88.20004
20260617T104753Z,27.20001,88.0
20260617T104807Z,27.20001,88.0
20260617T104822Z,27.20001,87.9
20260617T104838Z,27.1,87.8
20260617T104853Z,27.1,88.0
20260617T104908Z,27.1,87.9
20260617T104922Z,27.1,88.0
20260617T104938Z,27.0,87.9
20260617T104952Z,27.0,87.60002
20260617T105007Z,27.0,87.70004
20260617T105022Z,27.0,87.5
20260617T105038Z,27.0,87.70004
20260617T105053Z,26.9,87.5
20260617T105107Z,26.9,87.5
20260617T105123Z,26.9,87.4
20260617T105137Z,26.80001,87.60002
20260617T105152Z,26.80001,87.3
20260617T105207Z,26.80001,87.4
20260617T105223Z,26.80001,87.20004
20260617T105238Z,26.80001,86.9
20260617T105252Z,26.70001,87.10002
20260617T105308Z,26.70001,86.9
20260617T105323Z,26.70001,87.0
20260617T105338Z,26.70001,87.20004
20260617T105353Z,26.70001,87.10002
20260617T105408Z,26.6,86.9
20260617T105423Z,26.6,86.70004
20260617T105438Z,26.6,86.70004
20260617T105453Z,26.6,86.8
20260617T105509Z,26.6,86.9
20260617T105523Z,26.6,86.9
20260617T105538Z,26.5,86.8
20260617T105554Z,26.5,86.60002
20260617T105609Z,26.5,86.60002
20260617T105624Z,26.5,86.20004
20260617T105638Z,26.5,86.5
20260617T105654Z,26.5,86.10002
20260617T105709Z,26.4,86.10002
20260617T105724Z,26.4,86.5
20260617T105740Z,26.4,86.0
20260617T105754Z,26.4,86.10002
20260617T105809Z,26.4,86.0
20260617T105824Z,26.4,86.3
20260617T105839Z,26.4,86.0
20260617T105854Z,26.4,85.70004
20260617T105909Z,26.4,85.70004
20260617T105925Z,26.30001,85.8
20260617T105940Z,26.30001,85.5
20260617T105954Z,26.30001,85.60002
20260617T110009Z,26.30001,85.60002
20260617T110025Z,26.30001,85.60002
20260617T110040Z,26.30001,85.10002
20260617T110055Z,26.30001,85.60002
20260617T110109Z,26.30001,84.8
20260617T110125Z,26.30001,85.3
20260617T110140Z,26.20001,85.3
20260617T110154Z,26.20001,85.3
20260617T110210Z,26.20001,84.9
20260617T110225Z,26.20001,85.0
20260617T110240Z,26.20001,85.20004
20260617T110255Z,26.20001,84.9
20260617T110310Z,26.20001,84.8
20260617T110325Z,26.1,84.9
20260617T110340Z,26.1,84.8
20260617T110355Z,26.1,84.70004
20260617T110410Z,26.1,84.70004
20260617T110425Z,26.1,84.5
20260617T110439Z,26.1,84.5
20260617T110455Z,26.1,84.10002
20260617T110510Z,26.0,84.0
20260617T110524Z,26.0,84.60002
20260617T110540Z,26.0,84.3
20260617T110555Z,26.0,84.0
20260617T110609Z,26.0,84.5
20260617T110624Z,26.0,84.70004
20260617T110640Z,26.0,84.5
20260617T110654Z,26.0,84.20004
20260617T110709Z,26.0,84.4
20260617T110724Z,26.0,84.4
20260617T110739Z,26.0,83.9
20260617T110754Z,26.0,84.20004
20260617T110809Z,26.0,83.9
20260617T110825Z,26.0,83.8
20260617T110840Z,26.0,83.70003
20260617T110854Z,26.0,84.0
20260617T110909Z,26.0,83.9
20260617T110925Z,26.0,83.4
20260617T110939Z,26.0,83.70003
20260617T110954Z,26.0,83.4
20260617T111010Z,26.0,83.5
20260617T111024Z,26.0,83.8
20260617T111039Z,26.0,83.4
20260617T111054Z,25.9,83.20003
20260617T111109Z,25.9,83.5
20260617T111124Z,25.9,83.3
20260617T111139Z,25.9,83.20003
20260617T111154Z,25.9,83.10002
20260617T111209Z,25.9,83.20003
20260617T111224Z,25.9,83.20003
20260617T111238Z,25.9,83.3
20260617T111254Z,25.9,82.9
20260617T111309Z,25.9,83.20003
20260617T111323Z,25.9,83.3
20260617T111338Z,25.9,83.0
20260617T111354Z,25.9,82.60002
20260617T111408Z,25.9,82.60002
20260617T111423Z,25.9,83.20003
20260617T111439Z,25.9,83.0
20260617T111453Z,25.9,82.4
20260617T111508Z,25.9,82.70003
20260617T111523Z,25.80001,82.70003
20260617T111539Z,25.80001,82.70003
20260617T111554Z,25.80001,82.5
20260617T111608Z,25.80001,82.10002
20260617T111624Z,25.80001,82.5
20260617T111639Z,25.80001,82.60002
20260617T111653Z,25.80001,82.5
20260617T111708Z,25.80001,82.3
20260617T111724Z,25.80001,82.70003
20260617T111738Z,25.80001,82.70003
20260617T111753Z,25.80001,82.20003
20260617T111808Z,25.80001,82.10002
20260617T111823Z,25.80001,81.9
20260617T111838Z,25.80001,82.20003
20260617T111853Z,25.80001,82.10002
20260617T111908Z,25.80001,82.0
20260617T111923Z,25.70001,82.0
20260617T111938Z,25.70001,82.10002
20260617T111952Z,25.70001,82.20003
20260617T112008Z,25.70001,82.20003
20260617T112023Z,25.70001,82.20003
20260617T112037Z,25.70001,82.0
20260617T112053Z,25.70001,81.9
20260617T112108Z,25.70001,82.10002
20260617T112122Z,25.70001,82.10002
20260617T112137Z,25.70001,82.0
20260617T112153Z,25.70001,82.20003
20260617T112207Z,25.70001,81.60002
20260617T112222Z,25.6,82.10002
20260617T112238Z,25.6,82.0
20260617T112253Z,25.6,81.70003
20260617T112308Z,25.6,81.9
20260617T112323Z,25.6,81.9
20260617T112339Z,25.6,82.10002
20260617T112354Z,25.6,81.70003
20260617T112409Z,25.6,82.5
20260617T112424Z,25.6,82.4
20260617T112439Z,25.6,81.8
20260617T112454Z,25.6,82.20003
20260617T112509Z,25.6,82.3
20260617T112524Z,25.5,81.60002
20260617T112539Z,25.5,82.0
20260617T112554Z,25.5,82.20003
20260617T112608Z,25.5,81.9
20260617T112624Z,25.5,81.9
20260617T112639Z,25.5,81.70003
20260617T112653Z,25.5,81.70003
20260617T112709Z,25.5,82.0
20260617T112724Z,25.5,81.9
20260617T112739Z,25.5,81.70003
20260617T112754Z,25.5,81.60002
20260617T112810Z,25.5,81.9
20260617T112825Z,25.5,81.9
20260617T112840Z,25.5,81.60002
20260617T112856Z,25.5,81.70003
20260617T112911Z,25.5,81.60002
20260617T112925Z,25.5,81.8
20260617T112940Z,25.5,81.70003
20260617T112956Z,25.5,81.70003
20260617T113010Z,25.5,81.60002
20260617T113025Z,25.5,81.8
20260617T113040Z,25.5,82.10002
20260617T113055Z,25.5,81.9
20260617T113110Z,25.5,82.20003
20260617T113125Z,25.5,82.0
20260617T113140Z,25.6,81.9
20260617T113155Z,25.5,81.3
20260617T113210Z,25.5,81.9
20260617T113225Z,25.5,81.9
20260617T113241Z,25.5,81.9
20260617T113256Z,25.5,82.10002
20260617T113311Z,25.5,81.9
20260617T113326Z,25.5,82.3
20260617T113341Z,25.5,82.3
20260617T113356Z,25.5,82.20003
20260617T113410Z,25.5,82.0
20260617T113426Z,25.5,82.20003
20260617T113441Z,25.5,82.3
20260617T113456Z,25.5,82.0
20260617T113512Z,25.5,81.8
20260617T113527Z,25.5,82.70003
20260617T113542Z,25.5,82.10002
20260617T113556Z,25.5,82.3
20260617T113612Z,25.5,82.60002
20260617T113627Z,25.5,82.10002
20260617T113641Z,25.5,82.0
20260617T113656Z,25.5,81.70003
20260617T113712Z,25.5,81.8
20260617T113727Z,25.5,81.8
20260617T113742Z,25.5,82.20003
20260617T113758Z,25.5,81.8
20260617T113813Z,25.5,82.0
20260617T113827Z,25.5,81.70003
20260617T113842Z,25.5,81.5
20260617T113858Z,25.5,81.60002
20260617T113912Z,25.5,81.70003
20260617T113927Z,25.5,82.10002
20260617T113943Z,25.5,82.0
20260617T113958Z,25.5,81.8
20260617T114013Z,25.5,81.70003
20260617T114028Z,25.5,81.70003
20260617T114044Z,25.5,81.60002
20260617T114058Z,25.5,82.10002
20260617T114113Z,25.5,82.0
20260617T114129Z,25.5,81.8
20260617T114143Z,25.5,81.20003
20260617T114158Z,25.5,81.4
20260617T114213Z,25.5,81.70003
20260617T114228Z,25.5,81.60002
20260617T114243Z,25.5,81.3
20260617T114258Z,25.5,81.60002
20260617T114313Z,25.5,81.5
20260617T114328Z,25.5,81.60002
20260617T114343Z,25.5,81.3
20260617T114358Z,25.4,81.0
20260617T114413Z,25.4,81.4
20260617T114428Z,25.4,81.4
20260617T114443Z,25.4,81.60002
20260617T114457Z,25.4,82.20003
20260617T114513Z,25.5,82.0
20260617T114528Z,25.5,81.9
20260617T114543Z,25.5,82.10002
20260617T114559Z,25.5,81.60002
20260617T114614Z,25.5,81.4
20260617T114629Z,25.5,81.3
20260617T114643Z,25.4,81.60002
20260617T114659Z,25.4,81.3
20260617T114714Z,25.4,81.60002
20260617T114728Z,25.4,81.70003
20260617T114744Z,25.4,81.3
20260617T114759Z,25.4,81.20003
20260617T114813Z,25.4,81.3
20260617T114828Z,25.4,81.3
20260617T114844Z,25.4,81.3
20260617T114859Z,25.4,81.8
20260617T114913Z,25.4,81.5
20260617T114928Z,25.4,81.5
20260617T114944Z,25.4,81.20003
20260617T114958Z,25.4,81.70003
20260617T115013Z,25.4,81.3
20260617T115029Z,25.4,81.60002
20260617T115044Z,25.4,81.9
20260617T115059Z,25.4,81.5
20260617T115114Z,25.4,81.4
20260617T115130Z,25.4,81.70003
20260617T115144Z,25.4,81.4
20260617T115159Z,25.4,81.5
20260617T115215Z,25.4,82.10002
20260617T115229Z,25.4,81.5
20260617T115244Z,25.4,82.3
20260617T115259Z,25.4,82.10002
20260617T115315Z,25.4,81.60002
20260617T115330Z,25.4,81.60002
20260617T115345Z,25.4,82.10002
20260617T115401Z,25.4,81.60002
20260617T115415Z,25.4,82.10002
20260617T115430Z,25.4,81.60002
20260617T115445Z,25.4,82.10002
20260617T115500Z,25.4,81.8
20260617T115515Z,25.4,82.20003
20260617T115530Z,25.4,82.10002
20260617T115545Z,25.4,82.10002
20260617T115600Z,25.4,82.0
20260617T115615Z,25.4,81.9
20260617T115630Z,25.4,82.10002
20260617T115645Z,25.30001,81.70003
20260617T115700Z,25.30001,81.9
20260617T115715Z,25.30001,82.5
20260617T115730Z,25.4,82.20003
20260617T115745Z,25.4,82.4
20260617T115800Z,25.30001,82.20003
20260617T115815Z,25.4,82.10002
20260617T115830Z,25.4,82.10002
20260617T115845Z,25.4,82.0
20260617T115900Z,25.4,82.3
20260617T115915Z,25.5,81.9
20260617T115930Z,25.5,81.8
20260617T115945Z,25.5,81.5
20260617T120000Z,25.6,81.4
20260617T120016Z,25.6,81.3
20260617T120031Z,25.6,81.0
20260617T120045Z,25.6,80.8
20260617T120100Z,25.6,80.8
20260617T120116Z,25.70001,80.8
20260617T120131Z,25.70001,80.5
20260617T120146Z,25.70001,80.60002
20260617T120200Z,25.70001,80.60002
20260617T120216Z,25.70001,80.60002
20260617T120230Z,25.70001,80.5
20260617T120245Z,25.70001,80.3
20260617T120301Z,25.70001,80.3
20260617T120316Z,25.70001,80.20003
20260617T120331Z,25.70001,80.20003
20260617T120345Z,25.70001,80.10002
20260617T120401Z,25.70001,80.10002
20260617T120415Z,25.70001,79.9
20260617T120430Z,25.70001,79.9
20260617T120446Z,25.70001,79.8
20260617T120501Z,25.70001,79.8
20260617T120516Z,25.70001,79.8
20260617T120531Z,25.70001,79.8
20260617T120547Z,25.70001,79.70003
20260617T120601Z,25.70001,79.60002
20260617T120616Z,25.70001,79.60002
20260617T120630Z,25.70001,79.70003
20260617T120646Z,25.70001,79.70003
20260617T120701Z,25.70001,79.60002
20260617T120716Z,25.70001,79.4
20260617T120732Z,25.70001,79.4
20260617T120746Z,25.70001,79.4
20260617T120801Z,25.70001,79.4
20260617T120815Z,25.70001,79.3
20260617T120831Z,25.70001,79.4
20260617T120846Z,25.70001,79.4
20260617T120901Z,25.70001,79.3
20260617T120917Z,25.70001,79.3
20260617T120932Z,25.70001,79.20003
20260617T120947Z,25.70001,79.20003
20260617T121001Z,25.70001,79.3
20260617T121017Z,25.70001,79.4
20260617T121031Z,25.70001,79.3
20260617T121046Z,25.70001,79.3
20260617T121102Z,25.70001,79.20003
20260617T121117Z,25.70001,79.20003
20260617T121132Z,25.70001,79.20003
20260617T121146Z,25.70001,79.10002
20260617T121202Z,25.70001,79.10002
20260617T121216Z,25.70001,79.0
20260617T121231Z,25.6,79.0
20260617T121246Z,25.70001,79.0
20260617T121302Z,25.70001,79.10002
20260617T121317Z,25.70001,78.9
20260617T121331Z,25.70001,79.0
20260617T121347Z,25.70001,78.9
20260617T121401Z,25.70001,78.9
20260617T121416Z,25.70001,78.9
20260617T121431Z,25.70001,78.8
20260617T121447Z,25.70001,78.8
20260617T121502Z,25.70001,78.8
20260617T121517Z,25.70001,78.9
20260617T121533Z,25.70001,78.70003
20260617T121547Z,25.70001,78.60002
20260617T121602Z,25.70001,78.70003
20260617T121616Z,25.70001,78.60002
20260617T121632Z,25.70001,78.5
20260617T121647Z,25.6,78.70003
20260617T121702Z,25.70001,78.70003
20260617T121718Z,25.70001,78.60002
20260617T121732Z,25.70001,78.60002
20260617T121747Z,25.70001,78.5
20260617T121801Z,25.6,78.5
20260617T121817Z,25.70001,78.5
20260617T121832Z,25.6,78.4
20260617T121847Z,25.6,78.5
20260617T121902Z,25.70001,78.4
20260617T121918Z,25.6,78.4
20260617T121933Z,25.6,78.5
20260617T121947Z,25.6,78.5
20260617T122003Z,25.6,78.70003
20260617T122018Z,25.6,78.4
20260617T122033Z,25.6,78.5
20260617T122048Z,25.6,78.60002
20260617T122104Z,25.6,78.5
20260617T122119Z,25.6,78.4
20260617T122133Z,25.6,78.4
20260617T122149Z,25.6,78.4
20260617T122204Z,25.6,78.4
20260617T122219Z,25.6,78.3
20260617T122234Z,25.6,78.4
20260617T122250Z,25.6,78.4
20260617T122305Z,25.6,78.4
20260617T122319Z,25.6,78.4
20260617T122334Z,25.6,78.60002
20260617T122350Z,25.6,78.5
20260617T122405Z,25.6,78.5
20260617T122420Z,25.6,78.3
20260617T122435Z,25.6,78.4
20260617T122450Z,25.6,78.3
20260617T122504Z,25.6,78.3
20260617T122519Z,25.6,78.4
20260617T122535Z,25.6,78.4
20260617T122550Z,25.6,78.20003
20260617T122605Z,25.5,78.20003
20260617T122620Z,25.5,78.3
20260617T122635Z,25.5,78.4
20260617T122650Z,25.5,78.4
20260617T122705Z,25.5,78.3
20260617T122721Z,25.5,78.3
20260617T122736Z,25.6,78.20003
20260617T122751Z,25.5,78.3
20260617T122806Z,25.5,78.3
20260617T122821Z,25.6,78.20003
20260617T122836Z,25.6,78.20003
20260617T122851Z,25.6,78.10002
20260617T122907Z,25.6,78.20003
20260617T122922Z,25.6,78.10002
20260617T122937Z,25.6,78.0
20260617T122951Z,25.6,78.10002
20260617T123007Z,25.6,78.0
20260617T123022Z,25.6,78.0
20260617T123037Z,25.6,78.0
20260617T123053Z,25.6,78.10002
20260617T123108Z,25.6,78.10002
20260617T123123Z,25.6,78.10002
20260617T123137Z,25.6,78.0
20260617T123153Z,25.6,77.9
20260617T123208Z,25.6,78.0
20260617T123223Z,25.6,77.9
20260617T123239Z,25.6,78.0
20260617T123254Z,25.6,77.9
20260617T123309Z,25.6,77.9
20260617T123323Z,25.6,77.9
20260617T123339Z,25.6,77.9
20260617T123354Z,25.6,78.0
20260617T123409Z,25.6,78.0
20260617T123424Z,25.6,77.8
20260617T123440Z,25.6,77.8
20260617T123455Z,25.6,77.9
20260617T123509Z,25.6,77.9
20260617T123525Z,25.5,77.9
20260617T123540Z,25.5,78.0
20260617T123555Z,25.5,77.9
20260617T123610Z,25.5,77.9
20260617T123625Z,25.5,77.9
20260617T123640Z,25.5,77.9
20260617T123654Z,25.5,77.9
20260617T123710Z,25.5,77.9
20260617T123725Z,25.5,77.8
20260617T123740Z,25.5,77.8
20260617T123755Z,25.5,77.8
20260617T123810Z,25.5,77.9
20260617T123825Z,25.5,77.9
20260617T123840Z,25.5,77.8
20260617T123856Z,25.5,77.9
20260617T123911Z,25.5,77.9
20260617T123925Z,25.5,77.8
20260617T123940Z,25.5,78.0
20260617T123956Z,25.5,78.0
20260617T124011Z,25.5,78.0
20260617T124026Z,25.5,77.9
20260617T124041Z,25.5,77.9
20260617T124057Z,25.5,77.9
20260617T124111Z,25.5,77.9
20260617T124126Z,25.5,77.8
20260617T124142Z,25.5,77.8
20260617T124157Z,25.5,77.8
20260617T124212Z,25.5,77.9
20260617T124226Z,25.5,77.9
20260617T124242Z,25.5,77.8
20260617T124256Z,25.5,77.8
20260617T124311Z,25.5,77.8
20260617T124327Z,25.5,77.70003
20260617T124342Z,25.5,77.70003
20260617T124357Z,25.5,77.60002
20260617T124411Z,25.5,77.70003
20260617T124427Z,25.5,77.8
20260617T124442Z,25.5,77.70003
20260617T124457Z,25.5,77.70003
20260617T124513Z,25.5,77.8
20260617T124528Z,25.5,77.8
20260617T124543Z,25.6,77.8
20260617T124557Z,25.6,77.8
20260617T124613Z,25.5,77.60002
20260617T124627Z,25.6,77.60002
20260617T124642Z,25.6,77.60002
20260617T124657Z,25.6,77.60002
20260617T124713Z,25.5,77.5
20260617T124728Z,25.5,77.60002
20260617T124742Z,25.6,77.60002
20260617T124758Z,25.6,77.60002
20260617T124813Z,25.6,77.60002
20260617T124828Z,25.6,77.5
20260617T124843Z,25.6,77.60002
20260617T124859Z,25.6,77.5
20260617T124914Z,25.6,77.60002
20260617T124928Z,25.6,77.5
20260617T124944Z,25.6,77.70003
20260617T124959Z,25.6,77.60002
20260617T125014Z,25.6,77.4
20260617T125029Z,25.6,77.4
20260617T125045Z,25.6,77.5
20260617T125100Z,25.6,77.5
20260617T125114Z,25.6,77.60002
20260617T125130Z,25.6,77.5
20260617T125144Z,25.6,77.60002
20260617T125159Z,25.6,77.5
20260617T125214Z,25.6,77.4
20260617T125230Z,25.5,77.60002
20260617T125245Z,25.5,77.5
20260617T125259Z,25.5,77.5
20260617T125314Z,25.5,77.5
20260617T125330Z,25.5,77.5
20260617T125345Z,25.5,77.5
20260617T125400Z,25.5,77.5
20260617T125416Z,25.5,77.4
20260617T125431Z,25.5,77.60002
20260617T125445Z,25.5,77.5
20260617T125500Z,25.5,77.5
20260617T125516Z,25.5,77.5
20260617T125531Z,25.5,77.4
20260617T125546Z,25.5,77.5
20260617T125601Z,25.5,77.60002
20260617T125616Z,25.5,77.4
20260617T125630Z,25.5,77.60002
20260617T125645Z,25.5,77.60002
20260617T125701Z,25.5,77.60002
20260617T125715Z,25.5,77.5
20260617T125730Z,25.5,77.70003
20260617T125744Z,25.5,77.5
20260617T125800Z,25.5,77.5
20260617T125815Z,25.5,77.60002
20260617T125830Z,25.5,77.5
20260617T125846Z,25.5,77.5
20260617T125900Z,25.5,77.5
20260617T125915Z,25.5,77.5
20260617T125930Z,25.5,77.5
20260617T125946Z,25.4,77.5
20260617T130001Z,25.4,77.60002
20260617T130015Z,25.4,77.60002
20260617T130031Z,25.4,77.60002
20260617T130045Z,25.4,77.5
20260617T130100Z,25.4,77.5
20260617T130115Z,25.4,77.5
20260617T130130Z,25.4,77.5
20260617T130145Z,25.4,77.60002
20260617T130159Z,25.4,77.60002
20260617T130215Z,25.4,77.9
20260617T130230Z,25.4,77.70003
20260617T130244Z,25.4,77.70003
20260617T130259Z,25.4,77.8
20260617T130315Z,25.4,77.8
20260617T130330Z,25.4,77.9
20260617T130345Z,25.4,77.8
20260617T130359Z,25.4,78.0
20260617T130415Z,25.4,77.9
20260617T130429Z,25.4,78.10002
20260617T130444Z,25.4,78.10002
20260617T130500Z,25.4,77.9
20260617T130514Z,25.4,77.9
20260617T130529Z,25.4,77.8
20260617T130544Z,25.4,77.8
20260617T130600Z,25.4,77.8
20260617T130615Z,25.4,77.70003
20260617T130629Z,25.4,77.70003
20260617T130645Z,25.4,77.70003
20260617T130700Z,25.4,77.8
20260617T130715Z,25.4,77.8
20260617T130730Z,25.4,77.8
20260617T130745Z,25.4,77.8
20260617T130800Z,25.4,77.8
20260617T130815Z,25.4,77.70003
20260617T130831Z,25.30001,77.9
20260617T130846Z,25.30001,77.8
20260617T130900Z,25.30001,77.8
20260617T130915Z,25.30001,77.60002
20260617T130931Z,25.30001,77.8
20260617T130946Z,25.30001,77.8
20260617T131001Z,25.30001,77.8
20260617T131015Z,25.30001,77.8
20260617T131031Z,25.30001,77.70003
20260617T131046Z,25.30001,77.8
20260617T131101Z,25.30001,77.8
20260617T131117Z,25.30001,77.70003
20260617T131131Z,25.30001,77.70003
20260617T131146Z,25.30001,77.70003
20260617T131200Z,25.30001,77.70003
20260617T131216Z,25.30001,77.70003
20260617T131231Z,25.30001,77.60002
20260617T131245Z,25.30001,77.60002
20260617T131301Z,25.30001,77.70003
20260617T131315Z,25.30001,77.5
20260617T131330Z,25.30001,77.60002
20260617T131345Z,25.30001,77.5
20260617T131400Z,25.30001,77.60002
20260617T131415Z,25.30001,77.60002
20260617T131429Z,25.30001,77.60002
20260617T131445Z,25.30001,77.5
20260617T131500Z,25.30001,77.60002
20260617T131514Z,25.30001,77.60002
20260617T131529Z,25.30001,77.60002
20260617T131544Z,25.30001,77.5
20260617T131559Z,25.30001,77.60002
20260617T131614Z,25.30001,77.5
20260617T131628Z,25.30001,77.5
20260617T131644Z,25.30001,77.5
20260617T131659Z,25.30001,77.60002
20260617T131714Z,25.30001,77.5
20260617T131730Z,25.30001,77.5
20260617T131744Z,25.30001,77.5
20260617T131759Z,25.30001,77.5
20260617T131814Z,25.30001,77.60002
20260617T131829Z,25.30001,77.60002
20260617T131844Z,25.20001,77.60002
20260617T131859Z,25.20001,77.60002
20260617T131915Z,25.20001,77.60002
20260617T131930Z,25.20001,77.60002
20260617T131944Z,25.20001,77.5
20260617T131959Z,25.20001,77.60002
20260617T132015Z,25.20001,77.60002
20260617T132029Z,25.20001,77.60002
20260617T132044Z,25.20001,77.70003
20260617T132100Z,25.20001,77.70003
20260617T132115Z,25.20001,77.8
20260617T132130Z,25.20001,77.70003
20260617T132144Z,25.20001,77.60002
20260617T132200Z,25.20001,77.70003
20260617T132215Z,25.20001,77.60002
20260617T132229Z,25.20001,77.60002
20260617T132244Z,25.20001,77.70003
20260617T132300Z,25.20001,77.60002
20260617T132315Z,25.20001,77.70003
20260617T132330Z,25.20001,77.60002
20260617T132345Z,25.20001,77.5
20260617T132400Z,25.20001,77.60002
20260617T132415Z,25.20001,77.60002
20260617T132429Z,25.20001,77.60002
20260617T132445Z,25.20001,77.60002
20260617T132500Z,25.20001,77.60002
20260617T132515Z,25.20001,77.70003
20260617T132531Z,25.20001,77.60002
20260617T132545Z,25.20001,77.60002
20260617T132600Z,25.20001,77.60002
20260617T132615Z,25.1,77.60002
20260617T132630Z,25.20001,77.5
20260617T132645Z,25.1,77.70003
20260617T132700Z,25.1,77.9
20260617T132715Z,25.1,77.8
20260617T132730Z,25.1,77.8
20260617T132745Z,25.20001,77.70003
20260617T132800Z,25.20001,77.8
20260617T132816Z,25.20001,78.9
20260617T132830Z,25.20001,79.70003
20260617T132845Z,25.20001,78.60002
20260617T132900Z,25.20001,78.60002
20260617T132915Z,25.20001,78.5
20260617T132930Z,25.20001,78.5
20260617T132945Z,25.20001,78.20003
20260617T133001Z,25.20001,78.4
20260617T133016Z,25.20001,78.3
20260617T133030Z,25.20001,78.3
20260617T133045Z,25.20001,78.20003
20260617T133101Z,25.20001,78.3
20260617T133116Z,25.20001,78.20003
20260617T133131Z,25.20001,78.20003
20260617T133146Z,25.20001,78.10002
20260617T133201Z,25.20001,78.10002
20260617T133216Z,25.20001,78.0
20260617T133231Z,25.20001,78.10002
20260617T133247Z,25.20001,78.10002
20260617T133301Z,25.20001,78.0
20260617T133316Z,25.20001,78.10002
20260617T133331Z,25.20001,78.20003
20260617T133347Z,25.20001,78.0
20260617T133402Z,25.20001,78.0
20260617T133416Z,25.20001,78.10002
20260617T133432Z,25.20001,78.10002
20260617T133447Z,25.20001,78.0
20260617T133501Z,25.20001,78.10002
20260617T133516Z,25.20001,78.0
20260617T133531Z,25.20001,78.0
20260617T133546Z,25.20001,78.20003
20260617T133601Z,25.20001,78.10002
20260617T133616Z,25.20001,78.0
20260617T133631Z,25.20001,78.0
20260617T133646Z,25.20001,77.8
20260617T133701Z,25.20001,77.9
20260617T133717Z,25.20001,77.9
20260617T133731Z,25.20001,78.0
20260617T133746Z,25.20001,78.0
20260617T133802Z,25.20001,77.8
20260617T133816Z,25.20001,77.9
20260617T133831Z,25.20001,77.9
20260617T133846Z,25.20001,77.9
20260617T133902Z,25.20001,77.8
20260617T133917Z,25.20001,77.8
20260617T133931Z,25.20001,77.9
20260617T133946Z,25.20001,77.9
20260617T134002Z,25.20001,77.70003
20260617T134016Z,25.20001,77.8
20260617T134031Z,25.20001,77.70003
20260617T134046Z,25.20001,77.8
20260617T134101Z,25.20001,77.8
20260617T134116Z,25.20001,77.60002
20260617T134130Z,25.20001,77.70003
20260617T134146Z,25.20001,77.60002
20260617T134201Z,25.20001,77.60002
20260617T134216Z,25.20001,77.60002
20260617T134232Z,25.20001,77.5
20260617T134246Z,25.20001,77.60002
20260617T134301Z,25.20001,77.8
20260617T134316Z,25.20001,77.70003
20260617T134332Z,25.20001,77.60002
20260617T134347Z,25.20001,77.60002
20260617T134401Z,25.20001,77.60002
20260617T134417Z,25.1,77.60002
20260617T134432Z,25.1,77.60002
20260617T134446Z,25.20001,77.60002
20260617T134501Z,25.20001,77.60002
20260617T134517Z,25.20001,77.5
20260617T134532Z,25.20001,77.5
20260617T134547Z,25.1,77.5
20260617T134601Z,25.1,77.60002
20260617T134617Z,25.1,77.60002
20260617T134632Z,25.1,77.5
20260617T134646Z,25.1,77.5
20260617T134702Z,25.1,77.4
20260617T134717Z,25.1,77.5
20260617T134732Z,25.1,77.70003
20260617T134747Z,25.1,77.60002
20260617T134802Z,25.1,77.5
20260617T134817Z,25.1,77.4
20260617T134832Z,25.1,77.5
20260617T134847Z,25.1,77.4
20260617T134902Z,25.1,77.4
20260617T134917Z,25.1,77.4
20260617T134932Z,25.1,77.5
20260617T134948Z,25.1,77.4
20260617T135002Z,25.1,77.5
20260617T135017Z,25.1,77.5
20260617T135033Z,25.1,77.60002
20260617T135047Z,25.1,77.5
20260617T135102Z,25.1,77.5
20260617T135117Z,25.1,77.5
20260617T135133Z,25.1,77.5
20260617T135148Z,25.1,77.5
20260617T135202Z,25.1,77.5
20260617T135217Z,25.1,77.60002
20260617T135233Z,25.1,77.60002
20260617T135247Z,25.1,77.5
20260617T135302Z,25.1,77.5
20260617T135318Z,25.1,77.5
20260617T135333Z,25.1,77.5
20260617T135348Z,25.1,77.4
20260617T135402Z,25.1,77.3
20260617T135418Z,25.1,77.5
20260617T135433Z,25.1,77.5
20260617T135447Z,25.1,77.3
20260617T135503Z,25.1,77.4
20260617T135518Z,25.1,77.5
20260617T135533Z,25.1,77.4
20260617T135548Z,25.1,77.4
20260617T135603Z,25.1,77.4
20260617T135618Z,25.1,77.4
20260617T135633Z,25.1,77.4
20260617T135647Z,25.1,77.3
20260617T135703Z,25.1,77.3
20260617T135718Z,25.1,77.4
20260617T135733Z,25.1,77.4
20260617T135749Z,25.0,77.3
20260617T135803Z,25.1,77.4
20260617T135818Z,25.1,77.4
20260617T135833Z,25.1,77.4
20260617T135848Z,25.1,77.3
20260617T135903Z,25.1,77.3
20260617T135918Z,25.1,77.4
20260617T135934Z,25.1,77.3
20260617T135949Z,25.1,77.3
20260617T140003Z,25.0,77.5
20260617T140018Z,25.1,77.3
20260617T140034Z,25.1,77.3
20260617T140049Z,25.1,77.4
20260617T140104Z,25.1,77.3
20260617T140119Z,25.0,77.3
20260617T140134Z,25.1,77.3
20260617T140149Z,25.1,77.20003
20260617T140203Z,25.1,77.3
20260617T140219Z,25.1,77.4
20260617T140234Z,25.0,77.4
20260617T140249Z,25.1,77.3
20260617T140304Z,25.1,77.3
20260617T140319Z,25.1,77.4
20260617T140334Z,25.1,77.4
20260617T140349Z,25.1,77.3
20260617T140404Z,25.1,77.3
20260617T140419Z,25.1,77.20003
20260617T140434Z,25.1,77.20003
20260617T140448Z,25.0,77.3
20260617T140504Z,25.0,77.3
20260617T140519Z,25.1,77.4
20260617T140534Z,25.0,77.20003
20260617T140550Z,25.0,77.4
20260617T140604Z,25.0,77.20003
20260617T140619Z,25.0,77.3
20260617T140634Z,25.0,77.5
20260617T140649Z,25.0,77.4
20260617T140704Z,25.1,77.4
20260617T140719Z,25.1,77.3
20260617T140735Z,25.1,77.4
20260617T140750Z,25.1,77.3
20260617T140804Z,25.1,77.20003
20260617T140819Z,25.1,77.20003
20260617T140835Z,25.1,77.3
20260617T140849Z,25.1,77.20003
20260617T140904Z,25.1,77.20003
20260617T140919Z,25.1,77.3
20260617T140935Z,25.0,77.20003
20260617T140950Z,25.1,77.20003
20260617T141004Z,25.1,77.3
20260617T141020Z,25.0,77.3
20260617T141035Z,25.0,77.3
20260617T141049Z,25.0,77.3
20260617T141104Z,25.0,77.3
20260617T141120Z,25.0,77.4
20260617T141134Z,25.0,77.3
20260617T141149Z,25.0,77.3
20260617T141205Z,25.0,77.20003
20260617T141220Z,25.1,77.3
20260617T141235Z,25.1,77.20003
20260617T141249Z,25.0,77.3
20260617T141305Z,25.0,77.3
20260617T141320Z,25.0,77.20003
20260617T141334Z,25.0,77.3
20260617T141350Z,25.1,77.20003
20260617T141405Z,25.0,77.3
20260617T141420Z,25.1,77.20003
20260617T141435Z,25.1,77.20003
20260617T141450Z,25.0,77.10002
20260617T141505Z,25.1,77.20003
20260617T141520Z,25.0,77.20003
20260617T141534Z,25.1,77.10002
20260617T141550Z,25.1,77.10002
20260617T141605Z,25.1,77.20003
20260617T141620Z,25.1,77.20003
20260617T141636Z,25.0,77.20003
20260617T141650Z,25.1,77.20003
20260617T141705Z,25.1,77.20003
20260617T141720Z,25.1,77.3
20260617T141735Z,25.1,77.3
20260617T141750Z,25.0,77.20003
20260617T141805Z,25.1,77.10002
20260617T141820Z,25.1,77.10002
20260617T141835Z,25.1,77.10002
20260617T141850Z,25.1,77.0
20260617T141905Z,25.1,77.10002
20260617T141921Z,25.1,77.10002
20260617T141935Z,25.1,77.10002
20260617T141950Z,25.1,77.10002
20260617T142005Z,25.1,77.10002
20260617T142020Z,25.1,77.10002
20260617T142035Z,25.1,77.10002
20260617T142050Z,25.1,77.10002
20260617T142106Z,25.1,77.0
20260617T142121Z,25.1,76.9
20260617T142135Z,25.1,76.9
20260617T142150Z,25.1,77.10002
20260617T142206Z,25.1,77.0
20260617T142220Z,25.1,77.10002
20260617T142235Z,25.1,77.0
20260617T142251Z,25.0,77.10002
20260617T142306Z,25.0,77.0
20260617T142321Z,25.0,77.0
20260617T142335Z,25.0,77.20003
20260617T142351Z,25.0,77.10002
20260617T142406Z,25.0,77.20003
20260617T142420Z,25.0,77.10002
20260617T142436Z,25.0,77.20003
20260617T142451Z,25.0,77.20003
20260617T142506Z,25.0,77.20003
20260617T142521Z,25.0,77.20003
20260617T142536Z,25.0,77.10002
20260617T142551Z,25.0,77.20003
20260617T142606Z,25.0,77.20003
20260617T142620Z,25.0,77.3
20260617T142636Z,25.1,77.20003
20260617T142651Z,25.0,77.10002
20260617T142706Z,25.0,77.10002
20260617T142722Z,25.0,77.20003
20260617T142736Z,25.1,77.20003
20260617T142751Z,25.1,77.10002
20260617T142806Z,25.1,77.10002
20260617T142821Z,25.1,77.20003
20260617T142836Z,25.1,76.9
20260617T142851Z,25.0,77.0
20260617T142907Z,25.0,77.10002
20260617T142922Z,25.0,77.10002
20260617T142936Z,25.0,77.0
20260617T142951Z,25.0,77.0
20260617T143007Z,25.0,77.10002
20260617T143021Z,25.0,77.0
20260617T143036Z,25.0,77.10002
20260617T143052Z,25.0,77.10002
20260617T143107Z,25.0,77.20003
20260617T143122Z,25.0,77.10002
20260617T143136Z,25.0,77.10002
20260617T143152Z,25.0,77.0
20260617T143207Z,25.0,77.0
20260617T143221Z,25.0,77.20003
20260617T143236Z,25.1,77.20003
20260617T143252Z,25.0,77.10002
20260617T143306Z,25.0,77.10002
20260617T143321Z,25.0,77.10002
20260617T143337Z,25.1,77.20003
20260617T143352Z,25.1,77.10002
20260617T143407Z,25.1,77.10002
20260617T143421Z,25.0,77.10002
20260617T143437Z,25.0,77.10002
20260617T143452Z,25.0,77.0
20260617T143506Z,25.1,77.20003
20260617T143522Z,25.0,77.0
20260617T143537Z,25.0,77.20003
20260617T143552Z,25.0,77.10002
20260617T143607Z,25.0,77.0
20260617T143622Z,25.0,77.10002
20260617T143637Z,25.0,77.10002
20260617T143652Z,25.0,77.10002
20260617T143707Z,25.0,77.20003
20260617T143722Z,25.0,77.3
20260617T143737Z,25.0,77.0
20260617T143751Z,25.0,77.20003
20260617T143807Z,25.0,77.3
20260617T143822Z,25.0,77.20003
20260617T143837Z,25.0,77.3
20260617T143852Z,25.0,77.20003
20260617T143907Z,25.0,77.20003
20260617T143922Z,25.0,77.20003
20260617T143937Z,25.0,77.3
20260617T143952Z,25.0,77.20003
20260617T144007Z,25.0,77.20003
20260617T144022Z,24.9,77.3
20260617T144036Z,24.9,77.3
20260617T144052Z,24.9,77.20003
20260617T144107Z,24.9,77.3
20260617T144121Z,24.9,77.4
20260617T144137Z,24.9,77.5
20260617T144152Z,24.9,77.20003
20260617T144206Z,24.9,77.3
20260617T144221Z,24.9,77.4
20260617T144237Z,24.9,77.20003
20260617T144252Z,24.9,77.4
20260617T144307Z,24.9,77.4
20260617T144321Z,24.9,77.3
20260617T144337Z,24.9,77.8
20260617T144352Z,24.9,77.60002
20260617T144406Z,24.9,77.5
20260617T144422Z,24.9,77.5
20260617T144437Z,24.9,77.60002
20260617T144451Z,24.9,77.5
20260617T144506Z,25.0,77.4
20260617T144522Z,24.9,77.4
20260617T144536Z,24.9,77.3
20260617T144551Z,24.9,77.4
20260617T144607Z,24.9,77.3
20260617T144622Z,24.9,77.20003
20260617T144637Z,24.9,77.3
20260617T144651Z,24.9,77.4
20260617T144707Z,24.9,77.3
20260617T144722Z,24.9,77.3
20260617T144736Z,24.9,77.3
20260617T144752Z,24.9,77.3
20260617T144807Z,24.9,77.4
20260617T144821Z,24.9,77.4
20260617T144836Z,24.9,77.4
20260617T144852Z,24.9,77.5
20260617T144907Z,24.9,77.8
20260617T144922Z,24.9,78.0
20260617T144936Z,24.9,77.8
20260617T144952Z,24.9,77.9
20260617T145007Z,24.9,77.70003
20260617T145021Z,24.9,77.70003
20260617T145037Z,24.9,77.70003
20260617T145052Z,24.9,77.70003
20260617T145106Z,24.9,77.60002
20260617T145121Z,24.9,77.60002
20260617T145137Z,24.9,77.60002
20260617T145151Z,24.9,77.60002
20260617T145206Z,24.9,77.5
20260617T145222Z,24.9,77.5
20260617T145237Z,24.9,77.5
20260617T145252Z,24.9,77.60002
20260617T145306Z,24.9,77.5
20260617T145322Z,24.9,77.5
20260617T145337Z,24.80001,77.5
20260617T145351Z,24.9,77.4
20260617T145407Z,24.80001,77.3
20260617T145422Z,24.80001,77.3
20260617T145437Z,24.80001,77.4
20260617T145452Z,24.80001,77.3
20260617T145507Z,24.80001,77.3
20260617T145522Z,24.80001,77.4
20260617T145537Z,24.80001,77.4
20260617T145551Z,24.80001,77.4
20260617T145607Z,24.80001,77.4
20260617T145622Z,24.80001,77.4
20260617T145636Z,24.80001,77.3
20260617T145652Z,24.80001,77.3
20260617T145707Z,24.80001,77.4
20260617T145722Z,24.80001,77.20003
20260617T145737Z,24.80001,77.3
20260617T145752Z,24.80001,77.4
20260617T145807Z,24.80001,77.3
20260617T145822Z,24.80001,77.4
20260617T145837Z,24.80001,77.3
20260617T145852Z,24.80001,77.3
20260617T145907Z,24.80001,77.4
20260617T145921Z,24.80001,77.3
20260617T145937Z,24.80001,77.4
20260617T145952Z,24.80001,77.4
20260617T150007Z,24.80001,77.3
20260617T150023Z,24.80001,77.3
20260617T150037Z,24.80001,77.20003
20260617T150052Z,24.70001,77.3
20260617T150107Z,24.80001,77.3
20260617T150122Z,24.70001,77.3
20260617T150137Z,24.80001,77.20003
20260617T150152Z,24.80001,77.20003
20260617T150206Z,24.80001,77.10002
20260617T150222Z,24.70001,77.20003
20260617T150237Z,24.70001,77.3
20260617T150252Z,24.70001,77.20003
20260617T150308Z,24.80001,77.20003
20260617T150322Z,24.70001,77.10002
20260617T150337Z,24.70001,77.20003
20260617T150352Z,24.70001,77.20003
20260617T150407Z,24.70001,77.20003
20260617T150422Z,24.70001,77.20003
20260617T150437Z,24.70001,77.10002
20260617T150452Z,24.70001,77.10002
20260617T150507Z,24.70001,77.20003
20260617T150522Z,24.70001,77.10002
20260617T150537Z,24.70001,77.20003
20260617T150553Z,24.70001,77.20003
20260617T150607Z,24.70001,77.20003
20260617T150622Z,24.70001,77.20003
20260617T150637Z,24.70001,77.10002
20260617T150652Z,24.70001,77.10002
20260617T150707Z,24.70001,77.10002
20260617T150722Z,24.70001,77.0
20260617T150738Z,24.70001,77.9
20260617T150753Z,24.70001,77.9
20260617T150807Z,24.70001,77.70003
20260617T150822Z,24.70001,77.60002
20260617T150838Z,24.70001,77.60002
20260617T150852Z,24.70001,78.20003
20260617T150907Z,24.70001,78.4
20260617T150923Z,24.70001,78.3
20260617T150937Z,24.70001,78.70003
20260617T150952Z,24.80001,78.8
20260617T151007Z,24.80001,79.4
20260617T151022Z,24.80001,79.3
20260617T151037Z,24.80001,79.0
20260617T151052Z,24.80001,79.0
20260617T151107Z,24.80001,78.9
20260617T151122Z,24.80001,78.8
20260617T151137Z,24.80001,78.8
20260617T151152Z,24.80001,78.70003
20260617T151208Z,24.80001,78.8
20260617T151222Z,24.80001,78.70003
20260617T151237Z,24.80001,78.70003
20260617T151252Z,24.80001,78.60002
20260617T151307Z,24.80001,78.60002
20260617T151322Z,24.80001,78.5
20260617T151337Z,24.80001,78.5
20260617T151352Z,24.80001,78.5
20260617T151407Z,24.70001,78.4
20260617T151422Z,24.70001,78.4
20260617T151436Z,24.70001,78.5
20260617T151452Z,24.70001,78.5
20260617T151507Z,24.70001,78.4
20260617T151521Z,24.70001,78.4
20260617T151537Z,24.70001,78.4
20260617T151552Z,24.70001,78.4
20260617T151607Z,24.70001,78.3
20260617T151622Z,24.70001,78.3
20260617T151637Z,24.70001,78.20003
20260617T151652Z,24.70001,78.4
20260617T151707Z,24.70001,78.8
20260617T151722Z,24.70001,78.70003
20260617T151737Z,24.70001,78.70003
20260617T151752Z,24.80001,78.70003
20260617T151806Z,24.70001,78.60002
20260617T151822Z,24.70001,78.5
20260617T151837Z,24.70001,78.60002
20260617T151851Z,24.70001,78.5
20260617T151906Z,24.70001,78.5
20260617T151922Z,24.70001,78.5
20260617T151936Z,24.70001,78.4
20260617T151951Z,24.70001,78.4
20260617T152007Z,24.70001,78.5
20260617T152021Z,24.70001,78.8
20260617T152036Z,24.70001,78.60002
20260617T152051Z,24.70001,78.60002
20260617T152107Z,24.70001,78.70003
20260617T152122Z,24.70001,78.8
20260617T152136Z,24.70001,78.8
20260617T152152Z,24.70001,78.70003
20260617T152207Z,24.70001,78.70003
20260617T152221Z,24.70001,78.70003
20260617T152236Z,24.70001,78.70003
20260617T152252Z,24.70001,78.8
20260617T152306Z,24.70001,78.70003
20260617T152321Z,24.70001,78.70003
20260617T152337Z,24.80001,78.60002
20260617T152351Z,24.80001,78.4
20260617T152406Z,24.80001,78.60002
20260617T152421Z,24.80001,78.60002
20260617T152436Z,24.80001,78.60002
20260617T152451Z,24.80001,78.60002
20260617T152506Z,24.80001,78.4
20260617T152520Z,24.80001,78.5
20260617T152536Z,24.80001,78.4
20260617T152551Z,24.9,78.4
20260617T152606Z,24.9,78.4
20260617T152622Z,24.9,78.4
20260617T152636Z,24.9,78.20003
20260617T152651Z,24.9,78.3
20260617T152706Z,24.9,78.20003
20260617T152721Z,24.9,78.20003
20260617T152736Z,24.9,78.20003
20260617T152751Z,24.9,78.10002
20260617T152806Z,24.9,78.20003
20260617T152821Z,24.9,78.10002
20260617T152836Z,24.9,78.10002
20260617T152850Z,24.9,78.20003
20260617T152906Z,24.9,78.20003
20260617T152921Z,24.9,78.20003
20260617T152936Z,24.9,78.20003
20260617T152952Z,24.9,78.10002
20260617T153006Z,24.9,78.20003
20260617T153021Z,24.9,78.10002
20260617T153036Z,24.9,78.10002
20260617T153051Z,24.9,78.10002
20260617T153106Z,24.9,78.20003
20260617T153121Z,24.9,78.0
20260617T153135Z,24.9,78.0
20260617T153151Z,24.9,78.0
20260617T153206Z,24.9,78.10002
20260617T153221Z,24.9,78.3
20260617T153237Z,24.9,78.3
20260617T153251Z,24.9,78.5
20260617T153306Z,24.9,78.4
20260617T153321Z,24.9,78.4
20260617T153336Z,24.9,78.4
20260617T153351Z,24.9,78.60002
20260617T153406Z,24.9,78.60002
20260617T153421Z,24.9,78.5
20260617T153436Z,24.9,78.4
20260617T153451Z,24.9,78.4
20260617T153506Z,24.9,78.3
20260617T153522Z,24.9,78.8
20260617T153536Z,24.9,78.60002
20260617T153551Z,24.9,78.70003
20260617T153607Z,24.9,79.20003
20260617T153621Z,24.9,78.8
20260617T153636Z,24.9,78.8
20260617T153651Z,24.9,78.8
20260617T153706Z,24.9,78.9
20260617T153721Z,24.9,78.70003
20260617T153736Z,24.9,78.60002
20260617T153750Z,24.9,78.70003
20260617T153806Z,24.9,78.60002
20260617T153821Z,24.9,78.60002
20260617T153836Z,24.9,78.70003
20260617T153852Z,24.9,78.5
20260617T153906Z,24.80001,78.5
20260617T153921Z,24.80001,78.60002
20260617T153936Z,24.80001,78.60002
20260617T153951Z,24.80001,78.5
20260617T154006Z,24.80001,78.5
20260617T154021Z,24.80001,78.5
20260617T154036Z,24.80001,78.4
20260617T154051Z,24.80001,78.5
20260617T154106Z,24.80001,78.4
20260617T154121Z,24.80001,78.4
20260617T154137Z,24.80001,78.4
20260617T154151Z,24.80001,78.4
20260617T154206Z,24.80001,78.4
20260617T154221Z,24.80001,78.4
20260617T154236Z,24.80001,78.3
20260617T154251Z,24.80001,78.3
20260617T154306Z,24.80001,78.4
20260617T154321Z,24.80001,78.20003
20260617T154336Z,24.80001,78.3
20260617T154351Z,24.80001,78.10002
20260617T154405Z,24.70001,78.20003
20260617T154421Z,24.80001,78.20003
20260617T154436Z,24.80001,78.20003
20260617T154450Z,24.80001,78.20003
20260617T154506Z,24.80001,78.10002
20260617T154521Z,24.80001,78.10002
20260617T154535Z,24.70001,78.10002
20260617T154550Z,24.70001,78.10002
20260617T154606Z,24.70001,78.0
20260617T154620Z,24.70001,78.0
20260617T154635Z,24.70001,78.0
20260617T154651Z,24.70001,78.0
20260617T154705Z,24.70001,78.0
20260617T154720Z,24.70001,78.10002
20260617T154735Z,24.70001,78.0
20260617T154750Z,24.70001,78.0
20260617T154805Z,24.70001,78.0
20260617T154820Z,24.70001,77.9
20260617T154835Z,24.70001,77.9
20260617T154851Z,24.70001,77.9
20260617T154905Z,24.70001,77.9
20260617T154920Z,24.70001,77.9
20260617T154936Z,24.70001,77.9
20260617T154950Z,24.70001,78.0
20260617T155005Z,24.70001,77.9
20260617T155020Z,24.70001,78.0
20260617T155035Z,24.70001,78.0
20260617T155050Z,24.70001,78.20003
20260617T155105Z,24.70001,78.3
20260617T155120Z,24.70001,78.20003
20260617T155135Z,24.70001,78.10002
20260617T155150Z,24.70001,78.10002
20260617T155204Z,24.70001,78.20003
20260617T155220Z,24.70001,78.20003
20260617T155235Z,24.70001,78.20003
20260617T155249Z,24.70001,78.20003