Time,Temperature,Humidity
20260616T000010Z,23.6,85.8
20260616T000025Z,23.70001,85.9
20260616T000040Z,23.70001,86.0
20260616T000055Z,23.70001,85.9
20260616T000110Z,23.70001,85.9
20260616T000126Z,23.80001,86.0
20260616T000140Z,23.80001,86.0
20260616T000154Z,23.80001,86.0
20260616T000209Z,23.9,85.20004
20260616T000225Z,23.80001,86.10002
20260616T000240Z,23.80001,85.20004
20260616T000254Z,23.80001,84.3
20260616T000309Z,23.80001,84.10002
20260616T000324Z,23.80001,84.20004
20260616T000339Z,23.70001,83.9
20260616T000354Z,23.70001,84.0
20260616T000410Z,23.70001,84.0
20260616T000424Z,23.6,83.70003
20260616T000438Z,23.6,83.70003
20260616T000454Z,23.6,83.70003
20260616T000509Z,23.5,83.8
20260616T000524Z,23.5,83.4
20260616T000539Z,23.4,83.10002
20260616T000554Z,23.4,83.60002
20260616T000608Z,23.4,83.5
20260616T000622Z,23.4,83.5
20260616T000638Z,23.30001,83.70003
20260616T000653Z,23.30001,83.4
20260616T000708Z,23.30001,83.3
20260616T000723Z,23.20001,83.60002
20260616T000739Z,23.20001,83.60002
20260616T000754Z,23.20001,83.20003
20260616T000808Z,23.20001,83.3
20260616T000822Z,23.20001,83.10002
20260616T000837Z,23.1,83.4
20260616T000852Z,23.1,83.20003
20260616T000907Z,23.1,83.4
20260616T000923Z,23.1,83.20003
20260616T000938Z,23.1,83.10002
20260616T000953Z,23.1,83.0
20260616T001008Z,23.1,83.0
20260616T001024Z,23.1,82.8
20260616T001038Z,23.0,82.8
20260616T001052Z,23.0,83.0
20260616T001107Z,23.0,82.9
20260616T001122Z,23.0,83.0
20260616T001137Z,23.0,82.9
20260616T001152Z,23.0,82.8
20260616T001208Z,22.9,82.70003
20260616T001223Z,22.9,82.8
20260616T001238Z,22.9,82.8
20260616T001254Z,22.9,82.60002
20260616T001309Z,22.9,82.60002
20260616T001323Z,22.9,82.5
20260616T001337Z,22.9,82.5
20260616T001352Z,22.9,82.60002
20260616T001407Z,22.9,82.5
20260616T001422Z,22.9,82.5
20260616T001437Z,22.80001,82.3
20260616T001453Z,22.80001,82.4
20260616T001508Z,22.80001,82.3
20260616T001523Z,22.80001,82.0
20260616T001539Z,22.80001,82.10002
20260616T001554Z,22.80001,82.3
20260616T001609Z,22.80001,82.20003
20260616T001623Z,22.80001,82.20003
20260616T001638Z,22.80001,82.20003
20260616T001652Z,22.80001,82.3
20260616T001706Z,22.80001,81.9
20260616T001722Z,22.80001,81.9
20260616T001737Z,22.80001,82.0
20260616T001752Z,22.80001,81.9
20260616T001807Z,22.70001,81.9
20260616T001823Z,22.70001,81.8
20260616T001838Z,22.70001,82.20003
20260616T001853Z,22.70001,81.8
20260616T001909Z,22.70001,82.0
20260616T001924Z,22.70001,81.70003
20260616T001938Z,22.70001,81.8
20260616T001952Z,22.70001,81.70003
20260616T002007Z,22.70001,81.8
20260616T002021Z,22.70001,81.8
20260616T002036Z,22.70001,81.70003
20260616T002051Z,22.70001,81.5
20260616T002107Z,22.70001,81.4
20260616T002122Z,22.70001,81.4
20260616T002137Z,22.70001,81.4
20260616T002153Z,22.70001,81.60002
20260616T002208Z,22.70001,81.60002
20260616T002223Z,22.70001,81.20003
20260616T002238Z,22.6,81.60002
20260616T002253Z,22.6,81.4
20260616T002307Z,22.6,81.4
20260616T002321Z,22.6,81.4
20260616T002336Z,22.6,81.20003
20260616T002350Z,22.6,81.20003
20260616T002404Z,22.6,81.0
20260616T002419Z,22.6,81.20003
20260616T002435Z,22.6,81.20003
20260616T002450Z,22.6,81.0
20260616T002505Z,22.6,81.20003
20260616T002520Z,22.6,81.10002
20260616T002536Z,22.6,81.10002
20260616T002551Z,22.6,81.20003
20260616T002606Z,22.6,81.20003
20260616T002622Z,22.6,81.10002
20260616T002637Z,22.6,81.0
20260616T002652Z,22.6,80.8
20260616T002706Z,22.6,81.60002
20260616T002721Z,22.6,83.20003
20260616T002735Z,22.70001,83.70003
20260616T002749Z,22.70001,84.10002
20260616T002804Z,22.70001,84.20004
20260616T002819Z,22.80001,84.60002
20260616T002834Z,22.80001,84.8
20260616T002849Z,22.9,84.60002
20260616T002905Z,22.9,84.9
20260616T002920Z,23.0,85.3
20260616T002935Z,23.0,85.3
20260616T002951Z,23.1,85.3
20260616T003005Z,23.1,85.60002
20260616T003019Z,23.20001,85.5
20260616T003034Z,23.20001,85.60002
20260616T003050Z,23.30001,85.5
20260616T003105Z,23.30001,85.60002
20260616T003120Z,23.4,85.60002
20260616T003135Z,23.4,85.8
20260616T003150Z,23.4,85.8
20260616T003204Z,23.5,85.60002
20260616T003219Z,23.5,85.8
20260616T003235Z,23.5,85.9
20260616T003250Z,23.6,86.0
20260616T003305Z,23.6,86.10002
20260616T003319Z,23.6,86.0
20260616T003334Z,23.70001,86.0
20260616T003349Z,23.70001,86.0
20260616T003404Z,23.70001,85.9
20260616T003420Z,23.80001,86.0
20260616T003435Z,23.80001,86.0
20260616T003449Z,23.80001,86.0
20260616T003503Z,23.80001,85.70004
20260616T003519Z,23.80001,86.10002
20260616T003534Z,23.80001,85.4
20260616T003549Z,23.80001,84.20004
20260616T003605Z,23.80001,84.5
20260616T003619Z,23.80001,84.20004
20260616T003634Z,23.70001,83.8
20260616T003649Z,23.70001,83.9
20260616T003705Z,23.6,84.0
20260616T003720Z,23.6,83.70003
20260616T003734Z,23.6,83.70003
20260616T003748Z,23.6,83.9
20260616T003803Z,23.5,83.60002
20260616T003818Z,23.5,83.4
20260616T003833Z,23.5,83.70003
20260616T003849Z,23.4,83.60002
20260616T003904Z,23.4,83.5
20260616T003919Z,23.4,83.60002
20260616T003933Z,23.4,83.5
20260616T003948Z,23.30001,83.5
20260616T004003Z,23.30001,83.3
20260616T004018Z,23.30001,83.3
20260616T004034Z,23.30001,83.60002
20260616T004049Z,23.20001,83.4
20260616T004104Z,23.20001,83.3
20260616T004119Z,23.20001,83.0
20260616T004135Z,23.20001,83.20003
20260616T004149Z,23.20001,83.10002
20260616T004203Z,23.1,83.3
20260616T004218Z,23.1,82.9
20260616T004233Z,23.1,83.10002
20260616T004248Z,23.1,83.0
20260616T004303Z,23.1,83.10002
20260616T004319Z,23.1,83.10002
20260616T004334Z,23.0,82.9
20260616T004349Z,23.0,82.9
20260616T004404Z,23.0,83.10002
20260616T004419Z,23.0,82.8
20260616T004433Z,23.0,82.9
20260616T004447Z,23.0,82.8
20260616T004502Z,23.0,83.0
20260616T004517Z,23.0,82.8
20260616T004532Z,23.0,82.9
20260616T004547Z,23.0,82.60002
20260616T004603Z,22.9,82.5
20260616T004618Z,22.9,82.8
20260616T004633Z,22.9,82.4
20260616T004649Z,22.9,82.5
20260616T004704Z,22.9,82.70003
20260616T004718Z,22.9,82.3
20260616T004732Z,22.9,82.60002
20260616T004747Z,22.9,82.5
20260616T004801Z,22.80001,82.4
20260616T004816Z,22.80001,82.5
20260616T004832Z,22.80001,82.10002
20260616T004847Z,22.80001,82.4
20260616T004902Z,22.80001,82.10002
20260616T004917Z,22.80001,82.20003
20260616T004933Z,22.80001,82.20003
20260616T004948Z,22.80001,82.0
20260616T005003Z,22.80001,81.9
20260616T005018Z,22.80001,82.0
20260616T005033Z,22.80001,81.8
20260616T005047Z,22.80001,81.9
20260616T005101Z,22.70001,81.9
20260616T005116Z,22.70001,81.8
20260616T005131Z,22.80001,81.9
20260616T005146Z,22.70001,81.70003
20260616T005201Z,22.70001,81.70003
20260616T005217Z,22.70001,81.8
20260616T005232Z,22.70001,81.8
20260616T005247Z,22.70001,81.60002
20260616T005303Z,22.70001,81.8
20260616T005318Z,22.70001,81.5
20260616T005333Z,22.70001,81.70003
20260616T005348Z,22.70001,81.5
20260616T005403Z,22.70001,81.4
20260616T005417Z,22.70001,81.4
20260616T005431Z,22.70001,81.4
20260616T005446Z,22.70001,81.70003
20260616T005500Z,22.70001,81.5
20260616T005514Z,22.70001,81.20003
20260616T005529Z,22.70001,81.60002
20260616T005545Z,22.70001,81.4
20260616T005600Z,22.70001,81.20003
20260616T005615Z,22.70001,81.3
20260616T005630Z,22.6,81.10002
20260616T005646Z,22.70001,81.3
20260616T005701Z,22.6,81.20003
20260616T005716Z,22.6,80.9
20260616T005732Z,22.6,81.10002
20260616T005747Z,22.6,81.0
20260616T005801Z,22.6,81.20003
20260616T005815Z,22.6,81.4
20260616T005830Z,22.6,81.10002
20260616T005844Z,22.6,81.10002
20260616T005858Z,22.6,81.20003
20260616T005914Z,22.6,80.9
20260616T005929Z,22.6,81.10002
20260616T005944Z,22.6,81.10002
20260616T005959Z,22.6,80.9
20260616T010015Z,22.6,81.10002
20260616T010030Z,22.6,81.0
20260616T010045Z,22.6,81.0
20260616T010100Z,22.6,80.9
20260616T010116Z,22.6,80.70003
20260616T010131Z,22.6,80.70003
20260616T010146Z,22.6,80.5
20260616T010201Z,22.6,80.60002
20260616T010215Z,22.6,80.9
20260616T010229Z,22.6,82.20003
20260616T010243Z,22.6,83.10002
20260616T010258Z,22.70001,83.5
20260616T010313Z,22.70001,84.0
20260616T010328Z,22.70001,84.10002
20260616T010344Z,22.80001,84.4
20260616T010359Z,22.9,84.60002
20260616T010414Z,22.9,84.9
20260616T010429Z,23.0,84.9
20260616T010445Z,23.0,84.60002
20260616T010500Z,23.1,85.10002
20260616T010514Z,23.1,85.3
20260616T010529Z,23.1,85.10002
20260616T010544Z,23.20001,85.20004
20260616T010559Z,23.20001,85.3
20260616T010614Z,23.30001,85.60002
20260616T010630Z,23.30001,85.4
20260616T010645Z,23.4,85.5
20260616T010659Z,23.4,85.4
20260616T010713Z,23.5,85.60002
20260616T010729Z,23.5,85.70004
20260616T010744Z,23.5,85.60002
20260616T010759Z,23.6,85.60002
20260616T010815Z,23.6,85.8
20260616T010830Z,23.6,85.8
20260616T010844Z,23.70001,85.8
20260616T010858Z,23.70001,85.8
20260616T010914Z,23.70001,85.9
20260616T010929Z,23.70001,85.8
20260616T010944Z,23.80001,85.8
20260616T011000Z,23.80001,85.8
20260616T011014Z,23.80001,85.3
20260616T011029Z,23.80001,86.10002
20260616T011044Z,23.80001,85.3
20260616T011100Z,23.80001,84.20004
20260616T011115Z,23.80001,84.10002
20260616T011129Z,23.80001,84.20004
20260616T011145Z,23.70001,83.60002
20260616T011200Z,23.70001,84.0
20260616T011215Z,23.6,83.8
20260616T011230Z,23.6,84.0
20260616T011246Z,23.6,83.70003
20260616T011300Z,23.5,84.10002
20260616T011314Z,23.5,83.70003
20260616T011329Z,23.5,83.70003
20260616T011345Z,23.4,83.5
20260616T011400Z,23.4,83.60002
20260616T011415Z,23.4,83.60002
20260616T011431Z,23.4,83.70003
20260616T011446Z,23.30001,83.60002
20260616T011500Z,23.30001,83.70003
20260616T011514Z,23.30001,83.5
20260616T011530Z,23.30001,83.5
20260616T011545Z,23.20001,83.5
20260616T011600Z,23.20001,83.60002
20260616T011616Z,23.20001,83.70003
20260616T011631Z,23.20001,83.5
20260616T011646Z,23.20001,83.4
20260616T011701Z,23.20001,83.5
20260616T011716Z,23.1,83.4
20260616T011730Z,23.1,83.5
20260616T011744Z,23.1,83.5
20260616T011800Z,23.1,83.4
20260616T011815Z,23.1,83.20003
20260616T011830Z,23.1,83.20003
20260616T011845Z,23.0,83.3
20260616T011901Z,23.0,83.20003
20260616T011916Z,23.0,82.9
20260616T011931Z,23.0,83.0
20260616T011945Z,23.0,82.8
20260616T012000Z,23.0,83.0
20260616T012014Z,23.0,82.70003
20260616T012029Z,23.0,82.8
20260616T012045Z,23.0,82.9
20260616T012100Z,22.9,83.0
20260616T012115Z,22.9,82.70003
20260616T012130Z,22.9,82.70003
20260616T012146Z,22.9,83.10002
20260616T012201Z,22.9,82.60002
20260616T012216Z,22.9,82.70003
20260616T012231Z,22.9,82.5
20260616T012245Z,22.9,82.9
20260616T012259Z,22.9,82.3
20260616T012313Z,22.9,82.5
20260616T012329Z,22.9,82.4
20260616T012344Z,22.9,82.5
20260616T012359Z,22.9,82.3
20260616T012415Z,22.80001,82.4
20260616T012430Z,22.80001,82.0
20260616T012445Z,22.80001,82.4
20260616T012500Z,22.80001,82.3
20260616T012516Z,22.80001,82.3
20260616T012531Z,22.80001,82.10002
20260616T012545Z,22.80001,82.3
20260616T012559Z,22.80001,82.0
20260616T012614Z,22.80001,82.20003
20260616T012628Z,22.80001,82.20003
20260616T012643Z,22.80001,82.0
20260616T012659Z,22.80001,82.0
20260616T012714Z,22.80001,82.0
20260616T012729Z,22.80001,81.8
20260616T012744Z,22.80001,81.9
20260616T012800Z,22.80001,82.0
20260616T012815Z,22.80001,81.60002
20260616T012830Z,22.80001,81.70003
20260616T012846Z,22.80001,81.60002
20260616T012900Z,22.80001,81.8
20260616T012914Z,22.80001,81.60002
20260616T012928Z,22.80001,81.60002
20260616T012943Z,22.80001,81.70003
20260616T012957Z,22.70001,81.9
20260616T013012Z,22.80001,81.70003
20260616T013027Z,22.70001,81.3
20260616T013043Z,22.80001,81.5
20260616T013058Z,22.70001,81.60002
20260616T013113Z,22.70001,81.60002
20260616T013129Z,22.70001,81.5
20260616T013144Z,22.70001,81.5
20260616T013159Z,22.70001,81.20003
20260616T013214Z,22.70001,81.5
20260616T013230Z,22.70001,81.5
20260616T013244Z,22.70001,81.4
20260616T013258Z,22.70001,81.4
20260616T013313Z,22.70001,81.5
20260616T013327Z,22.70001,81.10002
20260616T013341Z,22.70001,81.3
20260616T013356Z,22.70001,81.10002
20260616T013412Z,22.70001,81.4
20260616T013427Z,22.70001,81.10002
20260616T013442Z,22.70001,81.20003
20260616T013458Z,22.70001,81.0
20260616T013513Z,22.70001,81.20003
20260616T013528Z,22.70001,81.0
20260616T013543Z,22.70001,81.10002
20260616T013559Z,22.70001,81.10002
20260616T013614Z,22.70001,80.9
20260616T013628Z,22.70001,81.0
20260616T013642Z,22.70001,81.3
20260616T013657Z,22.70001,81.4
20260616T013711Z,22.70001,80.9
20260616T013725Z,22.70001,80.9
20260616T013740Z,22.70001,80.70003
20260616T013755Z,22.70001,80.9
20260616T013810Z,22.70001,80.9
20260616T013825Z,22.70001,80.9
20260616T013841Z,22.70001,80.8
20260616T013856Z,22.70001,80.8
20260616T013911Z,22.70001,80.9
20260616T013927Z,22.70001,80.9
20260616T013942Z,22.70001,81.0
20260616T013957Z,22.6,80.60002
20260616T014012Z,22.6,80.5
20260616T014028Z,22.70001,80.9
20260616T014042Z,22.6,80.9
20260616T014056Z,22.6,80.70003
20260616T014111Z,22.6,80.5
20260616T014125Z,22.70001,80.9
20260616T014139Z,22.6,80.9
20260616T014154Z,22.70001,80.5
20260616T014210Z,22.70001,80.70003
20260616T014225Z,22.70001,80.60002
20260616T014240Z,22.70001,80.5
20260616T014255Z,22.70001,80.20003
20260616T014311Z,22.70001,80.5
20260616T014326Z,22.70001,80.5
20260616T014341Z,22.70001,80.4
20260616T014357Z,22.70001,80.8
20260616T014412Z,22.70001,80.60002
20260616T014426Z,22.6,80.4
20260616T014440Z,22.70001,80.60002
20260616T014455Z,22.70001,80.4
20260616T014509Z,22.70001,80.5
20260616T014524Z,22.70001,80.4
20260616T014540Z,22.70001,80.3
20260616T014555Z,22.70001,80.3
20260616T014610Z,22.6,80.5
20260616T014625Z,22.70001,80.4
20260616T014641Z,22.6,80.4
20260616T014656Z,22.70001,80.3
20260616T014711Z,22.6,80.20003
20260616T014727Z,22.6,80.20003
20260616T014742Z,22.6,80.60002
20260616T014756Z,22.70001,80.3
20260616T014810Z,22.6,80.0
20260616T014825Z,22.6,80.10002
20260616T014839Z,22.6,80.3
20260616T014853Z,22.6,80.20003
20260616T014907Z,22.6,80.10002
20260616T014922Z,22.6,80.4
20260616T014937Z,22.6,80.10002
20260616T014952Z,22.6,80.20003
20260616T015008Z,22.6,80.20003
20260616T015023Z,22.6,80.5
20260616T015038Z,22.6,80.4
20260616T015053Z,22.6,80.0
20260616T015109Z,22.6,80.3
20260616T015124Z,22.6,80.10002
20260616T015139Z,22.6,80.3
20260616T015155Z,22.6,80.10002
20260616T015210Z,22.6,80.0
20260616T015224Z,22.6,80.0
20260616T015238Z,22.6,80.0
20260616T015253Z,22.6,80.10002
20260616T015307Z,22.6,79.9
20260616T015321Z,22.6,80.10002
20260616T015336Z,22.6,79.9
20260616T015350Z,22.6,79.8
20260616T015405Z,22.6,80.3
20260616T015420Z,22.6,79.9
20260616T015436Z,22.6,80.0
20260616T015451Z,22.6,80.0
20260616T015506Z,22.6,80.20003
20260616T015521Z,22.6,80.10002
20260616T015537Z,22.6,80.20003
20260616T015552Z,22.6,79.9
20260616T015607Z,22.6,79.9
20260616T015623Z,22.6,80.10002
20260616T015638Z,22.6,79.8
20260616T015653Z,22.6,79.8
20260616T015707Z,22.6,80.20003
20260616T015722Z,22.6,79.9
20260616T015736Z,22.6,79.9
20260616T015750Z,22.6,79.70003
20260616T015805Z,22.6,80.10002
20260616T015819Z,22.6,79.70003
20260616T015834Z,22.6,79.9
20260616T015849Z,22.6,80.10002
20260616T015905Z,22.6,79.8
20260616T015920Z,22.6,80.0
20260616T015935Z,22.6,79.8
20260616T015950Z,22.6,79.8
20260616T020006Z,22.6,80.0
20260616T020021Z,22.6,79.8
20260616T020036Z,22.6,79.9
20260616T020052Z,22.6,80.3
20260616T020107Z,22.6,79.60002
20260616T020122Z,22.6,80.0
20260616T020136Z,22.6,79.70003
20260616T020151Z,22.6,79.9
20260616T020205Z,22.6,79.70003
20260616T020219Z,22.6,81.10002
20260616T020234Z,22.6,82.10002
20260616T020248Z,22.70001,82.10002
20260616T020303Z,22.70001,82.5
20260616T020318Z,22.80001,83.0
20260616T020334Z,22.80001,83.20003
20260616T020349Z,22.80001,83.3
20260616T020404Z,22.9,81.9
20260616T020420Z,23.0,81.8
20260616T020435Z,23.0,81.60002
20260616T020449Z,23.1,81.4
20260616T020504Z,23.1,81.20003
20260616T020520Z,23.20001,81.10002
20260616T020535Z,23.30001,80.8
20260616T020549Z,23.30001,80.70003
20260616T020604Z,23.4,80.60002
20260616T020620Z,23.4,80.4
20260616T020635Z,23.5,80.3
20260616T020650Z,23.5,80.20003
20260616T020706Z,23.6,80.10002
20260616T020721Z,23.6,79.9
20260616T020736Z,23.70001,79.8
20260616T020751Z,23.70001,79.70003
20260616T020807Z,23.70001,79.60002
20260616T020821Z,23.80001,79.5
20260616T020836Z,23.80001,79.4
20260616T020851Z,23.9,79.4
20260616T020906Z,23.9,79.3
20260616T020920Z,23.9,79.20003
20260616T020935Z,24.0,79.3
20260616T020951Z,24.0,79.20003
20260616T021006Z,24.1,79.10002
20260616T021021Z,24.1,79.0
20260616T021036Z,24.1,79.0
20260616T021051Z,24.1,79.0
20260616T021105Z,24.20001,78.9
20260616T021120Z,24.20001,78.9
20260616T021136Z,24.30001,78.8
20260616T021150Z,24.30001,78.70003
20260616T021205Z,24.30001,78.70003
20260616T021219Z,24.30001,78.70003
20260616T021235Z,24.30001,78.60002
20260616T021250Z,24.4,78.60002
20260616T021305Z,24.4,78.70003
20260616T021321Z,24.4,78.60002
20260616T021336Z,24.4,78.5
20260616T021351Z,24.4,78.5
20260616T021406Z,24.4,78.5
20260616T021421Z,24.5,78.5
20260616T021436Z,24.5,78.5
20260616T021451Z,24.5,78.4
20260616T021506Z,24.5,78.4
20260616T021521Z,24.5,78.3
20260616T021536Z,24.6,78.3
20260616T021551Z,24.6,78.3
20260616T021607Z,24.6,78.3
20260616T021621Z,24.6,78.3
20260616T021636Z,24.6,78.3
20260616T021652Z,24.6,78.3
20260616T021706Z,24.6,78.20003
20260616T021721Z,24.70001,78.20003
20260616T021736Z,24.70001,78.20003
20260616T021752Z,24.70001,78.20003
20260616T021807Z,24.70001,78.20003
20260616T021821Z,24.70001,78.20003
20260616T021836Z,24.70001,78.20003
20260616T021852Z,24.70001,78.20003
20260616T021906Z,24.70001,78.20003
20260616T021921Z,24.80001,78.10002
20260616T021937Z,24.80001,78.20003
20260616T021951Z,24.80001,78.10002
20260616T022006Z,24.80001,78.0
20260616T022021Z,24.80001,78.20003
20260616T022037Z,24.80001,78.10002
20260616T022052Z,24.80001,78.10002
20260616T022107Z,24.9,78.10002
20260616T022123Z,24.9,78.0
20260616T022138Z,24.9,78.0
20260616T022153Z,24.9,78.0
20260616T022208Z,24.9,78.10002
20260616T022224Z,24.9,78.10002
20260616T022239Z,24.9,78.10002
20260616T022253Z,24.9,78.10002
20260616T022309Z,24.9,78.20003
20260616T022324Z,25.0,78.20003
20260616T022339Z,25.0,78.10002
20260616T022354Z,25.0,78.0
20260616T022410Z,25.0,78.0
20260616T022425Z,25.0,78.0
20260616T022440Z,25.0,78.0
20260616T022455Z,25.0,78.10002
20260616T022510Z,25.0,78.0
20260616T022525Z,25.0,78.0
20260616T022540Z,25.0,78.0
20260616T022555Z,25.0,78.0
20260616T022610Z,25.1,78.10002
20260616T022625Z,25.1,78.0
20260616T022640Z,25.1,78.0
20260616T022656Z,25.1,78.0
20260616T022711Z,25.1,78.0
20260616T022725Z,25.1,78.0
20260616T022741Z,25.1,78.0
20260616T022756Z,25.1,78.10002
20260616T022811Z,25.1,78.10002
20260616T022826Z,25.1,78.0
20260616T022842Z,25.20001,78.0
20260616T022857Z,25.20001,78.0
20260616T022912Z,25.20001,77.9
20260616T022927Z,25.20001,78.0
20260616T022942Z,25.20001,78.0
20260616T022957Z,25.20001,78.0
20260616T023012Z,25.20001,78.0
20260616T023028Z,25.20001,78.0
20260616T023043Z,25.20001,78.0
20260616T023058Z,25.20001,78.0
20260616T023113Z,25.30001,78.0
20260616T023129Z,25.30001,77.9
20260616T023144Z,25.30001,77.9
20260616T023158Z,25.30001,77.9
20260616T023214Z,25.30001,77.9
20260616T023229Z,25.30001,77.9
20260616T023244Z,25.30001,78.0
20260616T023259Z,25.30001,77.9
20260616T023315Z,25.30001,77.9
20260616T023329Z,25.4,77.9
20260616T023344Z,25.4,77.9
20260616T023400Z,25.4,77.9
20260616T023414Z,25.4,77.9
20260616T023429Z,25.4,77.9
20260616T023444Z,25.4,77.9
20260616T023459Z,25.4,77.9
20260616T023514Z,25.4,77.9
20260616T023529Z,25.4,77.8
20260616T023543Z,25.4,77.8
20260616T023559Z,25.5,77.8
20260616T023614Z,25.5,77.8
20260616T023628Z,25.5,77.8
20260616T023644Z,25.5,77.9
20260616T023659Z,25.5,77.8
20260616T023713Z,25.5,77.8
20260616T023728Z,25.5,77.8
20260616T023744Z,25.5,77.8
20260616T023758Z,25.5,77.8
20260616T023813Z,25.5,77.8
20260616T023829Z,25.5,77.8
20260616T023843Z,25.6,77.8
20260616T023858Z,25.6,77.8
20260616T023913Z,25.6,77.8
20260616T023928Z,25.6,77.70003
20260616T023943Z,25.6,77.8
20260616T023958Z,25.6,77.8
20260616T024013Z,25.6,77.8
20260616T024028Z,25.6,77.8
20260616T024043Z,25.6,77.8
20260616T024057Z,25.6,77.70003
20260616T024113Z,25.6,77.8
20260616T024128Z,25.6,77.70003
20260616T024142Z,25.6,77.60002
20260616T024157Z,25.6,77.8
20260616T024213Z,25.6,77.8
20260616T024228Z,25.6,77.8
20260616T024243Z,25.6,77.8
20260616T024259Z,25.70001,77.9
20260616T024314Z,25.6,77.8
20260616T024329Z,25.70001,77.8
20260616T024344Z,25.70001,77.9
20260616T024400Z,25.70001,77.9
20260616T024415Z,25.70001,77.9
20260616T024430Z,25.70001,77.9
20260616T024446Z,25.70001,77.9
20260616T024501Z,25.70001,77.9
20260616T024516Z,25.70001,77.9
20260616T024531Z,25.70001,77.9
20260616T024547Z,25.70001,78.0
20260616T024602Z,25.70001,78.0
20260616T024616Z,25.70001,78.0
20260616T024631Z,25.70001,77.9
20260616T024647Z,25.70001,77.9
20260616T024701Z,25.70001,77.9
20260616T024716Z,25.70001,78.0
20260616T024732Z,25.70001,78.0
20260616T024746Z,25.80001,78.0
20260616T024801Z,25.80001,78.0
20260616T024816Z,25.80001,78.0
20260616T024831Z,25.80001,78.0
20260616T024846Z,25.80001,78.0
20260616T024901Z,25.80001,78.0
20260616T024916Z,25.80001,78.10002
20260616T024931Z,25.80001,78.10002
20260616T024946Z,25.80001,78.10002
20260616T025000Z,25.80001,78.10002
20260616T025016Z,25.80001,78.0
20260616T025031Z,25.80001,78.0
20260616T025046Z,25.80001,78.0
20260616T025102Z,25.80001,78.10002
20260616T025117Z,25.80001,78.0
20260616T025132Z,25.80001,78.10002
20260616T025146Z,25.80001,78.10002
20260616T025202Z,25.80001,78.10002
20260616T025217Z,25.9,78.20003
20260616T025231Z,25.9,78.20003
20260616T025246Z,25.9,78.3
20260616T025302Z,25.9,78.3
20260616T025316Z,25.9,78.20003
20260616T025331Z,25.9,78.4
20260616T025347Z,25.9,78.5
20260616T025401Z,25.9,78.5
20260616T025416Z,25.9,78.60002
20260616T025431Z,25.9,78.5
20260616T025446Z,25.9,78.60002
20260616T025501Z,25.9,78.60002
20260616T025516Z,25.9,78.60002
20260616T025531Z,25.9,78.60002
20260616T025546Z,25.9,78.60002
20260616T025601Z,25.9,78.60002
20260616T025616Z,25.9,78.60002
20260616T025632Z,25.9,78.60002
20260616T025647Z,25.9,78.60002
20260616T025702Z,25.9,78.70003
20260616T025717Z,25.9,78.70003
20260616T025732Z,25.9,78.8
20260616T025747Z,25.9,78.8
20260616T025801Z,25.9,78.8
20260616T025817Z,25.9,78.8
20260616T025832Z,25.9,78.8
20260616T025847Z,25.9,78.8
20260616T025901Z,25.9,78.9
20260616T025917Z,25.9,78.8
20260616T025932Z,25.9,78.9
20260616T025946Z,25.9,78.8
20260616T030002Z,25.9,78.9
20260616T030017Z,25.9,79.0
20260616T030031Z,25.9,79.0
20260616T030046Z,25.9,79.0
20260616T030102Z,25.9,79.0
20260616T030117Z,25.9,79.10002
20260616T030131Z,25.9,79.10002
20260616T030147Z,25.9,79.10002
20260616T030202Z,25.9,79.10002
20260616T030216Z,25.9,79.20003
20260616T030231Z,25.9,79.10002
20260616T030247Z,25.9,79.20003
20260616T030302Z,25.9,79.3
20260616T030316Z,25.9,79.5
20260616T030332Z,25.9,79.60002
20260616T030347Z,25.9,79.5
20260616T030401Z,25.9,79.5
20260616T030416Z,25.9,79.5
20260616T030432Z,25.9,79.4
20260616T030447Z,25.9,79.4
20260616T030501Z,25.9,79.5
20260616T030516Z,25.9,79.5
20260616T030532Z,25.9,79.5
20260616T030547Z,25.9,79.60002
20260616T030601Z,25.9,79.60002
20260616T030617Z,25.9,79.60002
20260616T030632Z,25.9,79.60002
20260616T030647Z,25.9,79.60002
20260616T030701Z,25.9,79.60002
20260616T030717Z,25.9,79.60002
20260616T030732Z,25.9,79.60002
20260616T030746Z,25.9,79.60002
20260616T030802Z,25.9,79.60002
20260616T030817Z,25.9,79.60002
20260616T030832Z,25.9,79.60002
20260616T030846Z,25.9,79.60002
20260616T030902Z,25.9,79.60002
20260616T030917Z,25.9,79.70003
20260616T030932Z,25.9,79.70003
20260616T030947Z,25.9,79.70003
20260616T031002Z,25.9,79.70003
20260616T031017Z,25.9,79.70003
20260616T031032Z,25.9,79.70003
20260616T031047Z,25.9,79.70003
20260616T031102Z,25.9,79.70003
20260616T031117Z,25.9,79.70003
20260616T031132Z,25.9,79.70003
20260616T031147Z,25.9,79.8
20260616T031202Z,25.9,79.8
20260616T031217Z,25.9,79.8
20260616T031233Z,25.9,79.8
20260616T031247Z,25.9,79.8
20260616T031302Z,25.9,79.9
20260616T031317Z,25.9,79.9
20260616T031333Z,25.9,80.0
20260616T031347Z,25.9,79.9
20260616T031402Z,25.9,79.9
20260616T031418Z,25.9,79.9
20260616T031432Z,25.9,79.9
20260616T031447Z,25.9,79.9
20260616T031502Z,25.9,80.0
20260616T031518Z,25.9,80.10002
20260616T031532Z,25.9,80.10002
20260616T031547Z,25.9,80.10002
20260616T031602Z,25.9,80.10002
20260616T031618Z,25.9,80.0
20260616T031632Z,25.9,80.0
20260616T031647Z,25.9,80.0
20260616T031703Z,25.9,80.10002
20260616T031718Z,25.9,80.3
20260616T031732Z,25.9,80.20003
20260616T031747Z,26.0,80.20003
20260616T031803Z,26.0,80.20003
20260616T031818Z,26.0,80.10002
20260616T031832Z,25.9,80.10002
20260616T031848Z,26.0,80.20003
20260616T031903Z,26.0,80.10002
20260616T031918Z,25.9,80.10002
20260616T031932Z,26.0,80.10002
20260616T031948Z,26.0,80.20003
20260616T032003Z,26.0,80.10002
20260616T032018Z,26.0,80.20003
20260616T032033Z,26.0,80.10002
20260616T032048Z,26.0,80.20003
20260616T032103Z,26.0,80.3
20260616T032118Z,26.0,80.20003
20260616T032133Z,26.0,80.20003
20260616T032148Z,26.0,80.3
20260616T032203Z,26.0,80.4
20260616T032218Z,26.0,80.70003
20260616T032233Z,26.0,80.5
20260616T032248Z,26.0,80.5
20260616T032303Z,26.0,80.5
20260616T032319Z,26.0,80.4
20260616T032333Z,26.0,80.5
20260616T032348Z,26.0,80.5
20260616T032403Z,26.0,80.5
20260616T032419Z,26.0,80.4
20260616T032433Z,26.0,80.4
20260616T032448Z,26.0,80.4
20260616T032504Z,26.0,80.4
20260616T032519Z,26.0,80.4
20260616T032533Z,26.0,80.4
20260616T032548Z,26.0,80.4
20260616T032604Z,26.0,80.4
20260616T032619Z,26.0,80.4
20260616T032634Z,26.0,80.4
20260616T032649Z,26.0,80.4
20260616T032704Z,26.0,80.4
20260616T032719Z,26.0,80.5
20260616T032734Z,26.0,80.5
20260616T032749Z,26.0,80.5
20260616T032804Z,26.0,80.5
20260616T032819Z,26.0,80.5
20260616T032834Z,26.0,80.5
20260616T032849Z,26.0,80.5
20260616T032904Z,26.0,80.5
20260616T032919Z,26.0,80.5
20260616T032935Z,26.0,80.5
20260616T032949Z,26.0,80.5
20260616T033004Z,26.0,80.5
20260616T033019Z,26.0,80.5
20260616T033035Z,26.0,80.5
20260616T033050Z,26.0,80.5
20260616T033104Z,26.0,80.5
20260616T033120Z,26.0,80.5
20260616T033135Z,26.0,80.4
20260616T033150Z,26.0,80.5
20260616T033204Z,26.0,80.5
20260616T033220Z,26.0,80.5
20260616T033235Z,26.0,80.5
20260616T033250Z,26.0,80.5
20260616T033305Z,26.0,80.5
20260616T033320Z,26.0,80.5
20260616T033335Z,26.0,80.5
20260616T033350Z,26.0,80.5
20260616T033406Z,26.1,80.5
20260616T033420Z,26.0,80.5
20260616T033435Z,26.0,80.5
20260616T033450Z,26.1,80.5
20260616T033506Z,26.1,80.5
20260616T033521Z,26.1,80.5
20260616T033535Z,26.0,80.5
20260616T033551Z,26.1,80.5
20260616T033606Z,26.0,80.5
20260616T033621Z,26.1,80.4
20260616T033636Z,26.1,80.5
20260616T033651Z,26.1,80.60002
20260616T033706Z,26.1,80.5
20260616T033721Z,26.1,80.5
20260616T033737Z,26.1,80.5
20260616T033751Z,26.1,80.5
20260616T033806Z,26.1,80.60002
20260616T033821Z,26.1,80.60002
20260616T033837Z,26.1,80.5
20260616T033852Z,26.1,80.60002
20260616T033906Z,26.1,80.60002
20260616T033921Z,26.1,80.5
20260616T033937Z,26.1,80.5
20260616T033952Z,26.1,80.60002
20260616T034006Z,26.1,80.60002
20260616T034022Z,26.1,80.60002
20260616T034037Z,26.1,80.60002
20260616T034052Z,26.1,80.5
20260616T034107Z,26.1,80.5
20260616T034122Z,26.1,80.5
20260616T034137Z,26.1,80.60002
20260616T034152Z,26.1,80.60002
20260616T034208Z,26.1,80.60002
20260616T034223Z,26.1,80.60002
20260616T034237Z,26.1,80.60002
20260616T034252Z,26.1,80.60002
20260616T034308Z,26.1,80.60002
20260616T034323Z,26.1,80.60002
20260616T034337Z,26.1,80.60002
20260616T034353Z,26.1,80.60002
20260616T034408Z,26.1,80.60002
20260616T034423Z,26.1,80.60002
20260616T034438Z,26.1,80.60002
20260616T034453Z,26.1,80.60002
20260616T034508Z,26.1,80.60002
20260616T034523Z,26.1,80.60002
20260616T034538Z,26.1,80.60002
20260616T034554Z,26.1,80.60002
20260616T034608Z,26.1,80.60002
20260616T034623Z,26.1,80.60002
20260616T034639Z,26.1,80.60002
20260616T034654Z,26.1,80.60002
20260616T034709Z,26.1,80.60002
20260616T034723Z,26.1,80.60002
20260616T034739Z,26.1,80.60002
20260616T034754Z,26.1,80.60002
20260616T034809Z,26.1,80.60002
20260616T034825Z,26.1,80.60002
20260616T034839Z,26.1,80.60002
20260616T034854Z,26.1,80.60002
20260616T034909Z,26.1,80.60002
20260616T034925Z,26.1,80.60002
20260616T034940Z,26.1,80.60002
20260616T034954Z,26.1,80.60002
20260616T035010Z,26.1,80.60002
20260616T035025Z,26.1,80.5
20260616T035040Z,26.1,80.5
20260616T035054Z,26.1,80.60002
20260616T035110Z,26.1,80.60002
20260616T035125Z,26.1,80.60002
20260616T035140Z,26.1,80.60002
20260616T035155Z,26.1,80.5
20260616T035210Z,26.1,80.5
20260616T035225Z,26.1,80.5
20260616T035240Z,26.1,80.5
20260616T035256Z,26.1,80.5
20260616T035311Z,26.1,80.5
20260616T035325Z,26.1,80.5
20260616T035340Z,26.1,80.60002
20260616T035356Z,26.1,80.60002
20260616T035411Z,26.1,80.5
20260616T035426Z,26.1,80.5
20260616T035441Z,26.20001,80.5
20260616T035456Z,26.20001,80.60002
20260616T035511Z,26.1,80.5
20260616T035526Z,26.20001,80.5
20260616T035542Z,26.20001,80.5
20260616T035556Z,26.1,80.5
20260616T035611Z,26.1,80.5
20260616T035627Z,26.20001,80.5
20260616T035642Z,26.20001,80.5
20260616T035657Z,26.20001,80.5
20260616T035711Z,26.20001,80.5
20260616T035727Z,26.20001,80.5
20260616T035742Z,26.20001,80.5
20260616T035757Z,26.20001,80.5
20260616T035812Z,26.20001,80.5
20260616T035827Z,26.20001,80.60002
20260616T035842Z,26.20001,80.5
20260616T035857Z,26.20001,80.60002
20260616T035913Z,26.20001,80.5
20260616T035928Z,26.20001,80.5
20260616T035942Z,26.20001,80.60002
20260616T035957Z,26.20001,80.5
20260616T040013Z,26.20001,80.5
20260616T040028Z,26.20001,80.5
20260616T040043Z,26.20001,80.5
20260616T040058Z,26.20001,80.5
20260616T040113Z,26.20001,80.5
20260616T040128Z,26.20001,80.5
20260616T040143Z,26.20001,80.5
20260616T040159Z,26.20001,80.5
20260616T040213Z,26.20001,80.60002
20260616T040228Z,26.20001,80.60002
20260616T040243Z,26.20001,80.60002
20260616T040259Z,26.20001,80.60002
20260616T040314Z,26.20001,80.60002
20260616T040328Z,26.20001,80.60002
20260616T040344Z,26.20001,80.5
20260616T040359Z,26.20001,81.9
20260616T040414Z,26.20001,82.70003
20260616T040428Z,26.1,82.3
20260616T040444Z,26.1,81.8
20260616T040459Z,26.1,81.60002
20260616T040513Z,26.0,81.9
20260616T040529Z,25.9,81.9
20260616T040544Z,25.9,82.0
20260616T040559Z,25.80001,82.10002
20260616T040614Z,25.80001,82.5
20260616T040629Z,25.70001,82.4
20260616T040644Z,25.70001,82.60002
20260616T040659Z,25.70001,82.8
20260616T040715Z,25.6,82.9
20260616T040730Z,25.6,83.10002
20260616T040744Z,25.6,82.8
20260616T040759Z,25.5,83.0
20260616T040815Z,25.5,82.9
20260616T040830Z,25.5,83.10002
20260616T040845Z,25.5,83.3
20260616T040900Z,25.5,83.4
20260616T040916Z,25.4,82.9
20260616T040930Z,25.4,82.8
20260616T040945Z,25.4,83.20003
20260616T041001Z,25.4,82.8
20260616T041015Z,25.4,83.20003
20260616T041030Z,25.30001,82.9
20260616T041045Z,25.30001,83.10002
20260616T041100Z,25.30001,82.9
20260616T041115Z,25.30001,83.10002
20260616T041130Z,25.30001,82.9
20260616T041146Z,25.30001,82.70003
20260616T041200Z,25.20001,83.0
20260616T041215Z,25.30001,83.0
20260616T041230Z,25.20001,82.70003
20260616T041245Z,25.20001,82.70003
20260616T041300Z,25.20001,82.70003
20260616T041315Z,25.20001,82.70003
20260616T041331Z,25.20001,82.8
20260616T041345Z,25.20001,82.8
20260616T041400Z,25.20001,82.5
20260616T041415Z,25.20001,82.4
20260616T041430Z,25.20001,82.4
20260616T041445Z,25.20001,82.4
20260616T041500Z,25.1,82.10002
20260616T041515Z,25.1,82.0
20260616T041530Z,25.1,82.3
20260616T041545Z,25.1,82.20003
20260616T041600Z,25.1,82.0
20260616T041616Z,25.1,82.20003
20260616T041631Z,25.1,82.10002
20260616T041646Z,25.1,82.20003
20260616T041701Z,25.1,82.0
20260616T041716Z,25.0,82.10002
20260616T041731Z,25.0,82.10002
20260616T041746Z,25.0,82.20003
20260616T041802Z,25.0,82.10002
20260616T041816Z,25.0,82.0
20260616T041831Z,25.0,81.60002
20260616T041846Z,25.0,82.0
20260616T041901Z,25.0,81.8
20260616T041915Z,25.0,81.5
20260616T041930Z,24.9,81.8
20260616T041946Z,25.0,81.9
20260616T042000Z,25.0,81.3
20260616T042015Z,24.9,81.8
20260616T042030Z,24.9,81.8
20260616T042046Z,24.9,81.4
20260616T042100Z,24.9,81.5
20260616T042115Z,24.9,81.5
20260616T042130Z,24.9,81.20003
20260616T042146Z,24.9,81.5
20260616T042200Z,24.9,81.4
20260616T042215Z,24.9,81.10002
20260616T042231Z,24.9,81.5
20260616T042246Z,24.9,81.20003
20260616T042300Z,24.9,81.0
20260616T042315Z,24.9,81.10002
20260616T042331Z,24.9,81.20003
20260616T042346Z,24.80001,81.10002
20260616T042400Z,24.80001,81.20003
20260616T042416Z,24.80001,81.10002
20260616T042431Z,24.80001,80.9
20260616T042445Z,24.80001,80.8
20260616T042459Z,24.80001,81.10002
20260616T042515Z,24.80001,80.8
20260616T042530Z,24.80001,80.8
20260616T042545Z,24.80001,80.60002
20260616T042600Z,24.80001,80.70003
20260616T042615Z,24.80001,80.5
20260616T042630Z,24.80001,80.60002
20260616T042644Z,24.80001,80.5
20260616T042659Z,24.70001,80.70003
20260616T042714Z,24.70001,80.5
20260616T042729Z,24.70001,80.3
20260616T042744Z,24.80001,80.70003
20260616T042759Z,24.80001,80.60002
20260616T042814Z,24.70001,80.5
20260616T042829Z,24.70001,80.5
20260616T042845Z,24.70001,80.60002
20260616T042859Z,24.70001,80.4
20260616T042914Z,24.70001,80.3
20260616T042929Z,24.70001,80.4
20260616T042945Z,24.70001,80.3
20260616T042959Z,24.70001,80.5
20260616T043014Z,24.70001,80.4
20260616T043030Z,24.70001,80.20003
20260616T043045Z,24.70001,80.0
20260616T043059Z,24.6,80.3
20260616T043114Z,24.70001,80.5
20260616T043130Z,24.70001,79.70003
20260616T043145Z,24.70001,80.20003
20260616T043159Z,24.70001,80.3
20260616T043215Z,24.6,80.10002
20260616T043230Z,24.70001,80.10002
20260616T043245Z,24.6,79.9
20260616T043259Z,24.70001,80.10002
20260616T043315Z,24.70001,79.60002
20260616T043330Z,24.6,79.60002
20260616T043345Z,24.6,80.0
20260616T043359Z,24.6,79.70003
20260616T043414Z,24.6,79.8
20260616T043429Z,24.6,79.70003
20260616T043444Z,24.6,79.70003
20260616T043500Z,24.6,79.60002
20260616T043514Z,24.6,79.8
20260616T043529Z,24.6,79.4
20260616T043544Z,24.6,79.60002
20260616T043600Z,24.6,79.5
20260616T043614Z,24.6,79.20003
20260616T043629Z,24.6,79.60002
20260616T043645Z,24.6,79.5
20260616T043700Z,24.6,79.20003
20260616T043714Z,24.6,79.5
20260616T043729Z,24.6,79.60002
20260616T043745Z,24.6,79.20003
20260616T043800Z,24.6,79.4
20260616T043814Z,24.6,79.0
20260616T043830Z,24.6,79.20003
20260616T043845Z,24.6,79.10002
20260616T043900Z,24.6,79.4
20260616T043914Z,24.6,79.20003
20260616T043930Z,24.6,79.3
20260616T043945Z,24.6,79.4
20260616T044000Z,24.6,79.20003
20260616T044014Z,24.6,79.3
20260616T044030Z,24.6,78.9
20260616T044045Z,24.6,79.3
20260616T044100Z,24.6,79.5
20260616T044115Z,24.6,79.10002
20260616T044130Z,24.6,79.0
20260616T044145Z,24.6,79.10002
20260616T044200Z,24.6,79.10002
20260616T044215Z,24.6,79.0
20260616T044230Z,24.6,78.9
20260616T044245Z,24.6,78.70003
20260616T044301Z,24.6,79.0
20260616T044315Z,24.6,78.9
20260616T044330Z,24.6,78.5
20260616T044345Z,24.6,78.60002
20260616T044401Z,24.6,78.5
20260616T044415Z,24.5,79.0
20260616T044429Z,24.6,78.60002
20260616T044444Z,24.5,78.60002
20260616T044500Z,24.5,79.0
20260616T044515Z,24.5,78.70003
20260616T044529Z,24.5,78.8
20260616T044545Z,24.5,78.70003
20260616T044600Z,24.5,78.70003
20260616T044615Z,24.5,78.9
20260616T044629Z,24.5,78.5
20260616T044645Z,24.5,78.9
20260616T044700Z,24.5,78.60002
20260616T044715Z,24.5,78.4
20260616T044730Z,24.5,78.20003
20260616T044745Z,24.5,78.8
20260616T044800Z,24.5,78.9
20260616T044815Z,24.5,78.8
20260616T044830Z,24.5,78.60002
20260616T044845Z,24.5,78.8
20260616T044900Z,24.5,78.60002
20260616T044916Z,24.5,78.60002
20260616T044930Z,24.5,78.3
20260616T044945Z,24.5,78.60002
20260616T045000Z,24.5,78.5
20260616T045016Z,24.5,78.5
20260616T045030Z,24.5,78.10002
20260616T045044Z,24.5,78.8
20260616T045059Z,24.5,78.5
20260616T045115Z,24.5,78.60002
20260616T045130Z,24.5,78.70003
20260616T045144Z,24.5,78.8
20260616T045200Z,24.5,78.4
20260616T045215Z,24.5,78.3
20260616T045230Z,24.5,78.5
20260616T045244Z,24.5,78.5
20260616T045300Z,24.5,78.4
20260616T045315Z,24.5,78.4
20260616T045330Z,24.4,78.10002
20260616T045345Z,24.5,78.60002
20260616T045400Z,24.5,78.4
20260616T045415Z,24.5,78.4
20260616T045430Z,24.5,78.20003
20260616T045445Z,24.5,78.3
20260616T045500Z,24.4,78.3
20260616T045515Z,24.5,78.3
20260616T045531Z,24.5,78.20003
20260616T045545Z,24.5,78.20003
20260616T045559Z,24.4,78.4
20260616T045614Z,24.5,78.3
20260616T045630Z,24.5,78.10002
20260616T045645Z,24.4,78.3
20260616T045659Z,24.5,78.4
20260616T045714Z,24.5,78.20003
20260616T045730Z,24.4,78.20003
20260616T045745Z,24.5,78.0
20260616T045759Z,24.4,78.0
20260616T045815Z,24.4,78.10002
20260616T045830Z,24.4,78.3
20260616T045845Z,24.4,78.0
20260616T045859Z,24.4,77.70003
20260616T045914Z,24.4,78.3
20260616T045929Z,24.4,78.10002
20260616T045944Z,24.4,78.20003
20260616T050000Z,24.4,78.10002
20260616T050014Z,24.4,78.20003
20260616T050029Z,24.4,78.3
20260616T050044Z,24.4,77.5
20260616T050100Z,24.4,78.0
20260616T050114Z,24.4,78.4
20260616T050128Z,24.4,78.0
20260616T050144Z,24.4,78.0
20260616T050159Z,24.4,77.9
20260616T050214Z,24.4,77.8
20260616T050228Z,24.4,78.10002
20260616T050244Z,24.4,78.0
20260616T050259Z,24.4,77.9
20260616T050314Z,24.4,77.9
20260616T050328Z,24.4,77.9
20260616T050344Z,24.4,77.70003
20260616T050359Z,24.4,77.3
20260616T050414Z,24.4,77.70003
20260616T050429Z,24.4,77.8
20260616T050444Z,24.4,77.70003
20260616T050459Z,24.4,77.9
20260616T050514Z,24.4,78.0
20260616T050530Z,24.4,78.0
20260616T050544Z,24.4,77.60002
20260616T050559Z,24.4,77.60002
20260616T050615Z,24.4,78.0
20260616T050630Z,24.4,77.70003
20260616T050644Z,24.4,77.70003
20260616T050659Z,24.4,77.9
20260616T050715Z,24.5,77.8
20260616T050730Z,24.4,77.5
20260616T050744Z,24.4,77.9
20260616T050759Z,24.5,77.8
20260616T050815Z,24.4,77.70003
20260616T050830Z,24.4,77.8
20260616T050844Z,24.4,77.5
20260616T050859Z,24.4,77.8
20260616T050914Z,24.4,77.5
20260616T050929Z,24.4,77.3
20260616T050944Z,24.4,77.70003
20260616T050959Z,24.4,77.70003
20260616T051014Z,24.4,77.70003
20260616T051029Z,24.4,77.5
20260616T051045Z,24.4,77.70003
20260616T051059Z,24.4,77.8
20260616T051114Z,24.4,77.8
20260616T051129Z,24.4,77.60002
20260616T051145Z,24.4,77.5
20260616T051159Z,24.4,77.4
20260616T051213Z,24.4,77.70003
20260616T051229Z,24.4,77.8
20260616T051244Z,24.4,77.70003
20260616T051259Z,24.4,77.8
20260616T051313Z,24.4,77.8
20260616T051329Z,24.4,77.5
20260616T051344Z,24.4,77.10002
20260616T051359Z,24.4,77.9
20260616T051413Z,24.4,77.60002
20260616T051428Z,24.4,77.4
20260616T051443Z,24.4,77.4
20260616T051458Z,24.4,77.70003
20260616T051514Z,24.4,77.9
20260616T051528Z,24.4,77.60002
20260616T051543Z,24.4,77.70003
20260616T051558Z,24.4,77.5
20260616T051614Z,24.4,77.8
20260616T051628Z,24.4,77.60002
20260616T051643Z,24.4,77.3
20260616T051659Z,24.4,77.4
20260616T051714Z,24.4,77.4
20260616T051728Z,24.4,77.60002
20260616T051742Z,24.4,77.5
20260616T051758Z,24.4,77.60002
20260616T051813Z,24.4,77.60002
20260616T051828Z,24.4,77.4
20260616T051843Z,24.4,77.60002
20260616T051858Z,24.30001,78.20003
20260616T051913Z,24.4,78.3
20260616T051928Z,24.4,77.70003
20260616T051944Z,24.4,78.0
20260616T051958Z,24.4,77.9
20260616T052013Z,24.4,78.0
20260616T052028Z,24.4,77.9
20260616T052044Z,24.4,77.60002
20260616T052058Z,24.4,77.9
20260616T052113Z,24.4,77.8
20260616T052129Z,24.4,78.0
20260616T052144Z,24.4,77.60002
20260616T052158Z,24.4,78.0
20260616T052212Z,24.4,78.0
20260616T052228Z,24.4,77.9
20260616T052243Z,24.4,77.8
20260616T052258Z,24.4,77.8
20260616T052313Z,24.4,77.70003
20260616T052328Z,24.4,77.8
20260616T052343Z,24.4,77.60002
20260616T052358Z,24.4,77.8
20260616T052413Z,24.4,77.8
20260616T052428Z,24.4,77.9
20260616T052443Z,24.4,77.70003
20260616T052459Z,24.4,77.5
20260616T052514Z,24.4,77.8
20260616T052528Z,24.4,77.60002
20260616T052543Z,24.4,77.8
20260616T052559Z,24.4,77.8
20260616T052614Z,24.4,77.70003
20260616T052628Z,24.4,77.70003
20260616T052643Z,24.4,77.8
20260616T052659Z,24.4,77.60002
20260616T052714Z,24.4,77.8
20260616T052728Z,24.4,77.9
20260616T052743Z,24.5,77.5
20260616T052758Z,24.5,77.5
20260616T052813Z,24.5,77.60002
20260616T052828Z,24.5,77.4
20260616T052843Z,24.4,77.60002
20260616T052858Z,24.4,77.8
20260616T052913Z,24.4,77.4
20260616T052929Z,24.4,77.60002
20260616T052943Z,24.5,77.70003
20260616T052958Z,24.5,77.4
20260616T053013Z,24.4,77.3
20260616T053029Z,24.4,77.4
20260616T053043Z,24.4,77.4
20260616T053057Z,24.4,77.70003
20260616T053113Z,24.5,77.60002
20260616T053128Z,24.4,77.3
20260616T053143Z,24.4,77.4
20260616T053157Z,24.4,77.60002
20260616T053213Z,24.4,77.3
20260616T053228Z,24.5,77.60002
20260616T053243Z,24.4,77.60002
20260616T053257Z,24.5,77.4
20260616T053313Z,24.5,77.3
20260616T053328Z,24.4,77.60002
20260616T053343Z,24.5,77.3
20260616T053358Z,24.5,77.20003
20260616T053413Z,24.5,77.3
20260616T053428Z,24.5,77.60002
20260616T053443Z,24.5,77.70003
20260616T053458Z,24.5,77.5
20260616T053512Z,24.5,77.4
20260616T053527Z,24.5,77.20003
20260616T053543Z,24.5,77.5
20260616T053558Z,24.5,77.60002
20260616T053612Z,24.5,77.20003
20260616T053627Z,24.5,76.9
20260616T053643Z,24.5,77.3
20260616T053658Z,24.5,77.5
20260616T053712Z,24.5,77.5
20260616T053728Z,24.4,77.10002
20260616T053743Z,24.5,77.10002
20260616T053758Z,24.5,77.5
20260616T053812Z,24.5,77.4
20260616T053828Z,24.5,77.10002
20260616T053843Z,24.5,77.4
20260616T053858Z,24.5,77.3
20260616T053912Z,24.5,77.4
20260616T053927Z,24.5,77.3
20260616T053942Z,24.5,77.10002
20260616T053957Z,24.5,77.3
20260616T054013Z,24.5,77.10002
20260616T054027Z,24.5,77.10002
20260616T054042Z,24.5,77.5
20260616T054057Z,24.5,77.20003
20260616T054113Z,24.5,77.20003
20260616T054127Z,24.5,77.4
20260616T054142Z,24.5,77.3
20260616T054158Z,24.5,77.3
20260616T054213Z,24.5,77.4
20260616T054227Z,24.5,76.9
20260616T054242Z,24.5,77.4
20260616T054258Z,24.5,77.0
20260616T054313Z,24.5,77.20003
20260616T054327Z,24.5,77.4
20260616T054342Z,24.5,77.3
20260616T054358Z,24.5,77.10002
20260616T054413Z,24.5,76.8
20260616T054427Z,24.5,76.70003
20260616T054443Z,24.5,77.20003
20260616T054458Z,24.5,77.3
20260616T054513Z,24.5,77.3
20260616T054527Z,24.5,77.0
20260616T054543Z,24.5,76.70003
20260616T054558Z,24.5,77.3
20260616T054613Z,24.5,77.20003
20260616T054628Z,24.5,77.0
20260616T054643Z,24.5,76.9
20260616T054658Z,24.5,77.0
20260616T054713Z,24.5,77.10002
20260616T054728Z,24.5,76.9
20260616T054742Z,24.5,77.20003
20260616T054757Z,24.5,77.3
20260616T054813Z,24.5,77.20003
20260616T054828Z,24.5,77.10002
20260616T054842Z,24.5,77.10002
20260616T054857Z,24.5,76.9
20260616T054913Z,24.5,77.3
20260616T054928Z,24.5,77.3
20260616T054942Z,24.5,77.20003
20260616T054957Z,24.5,77.0
20260616T055013Z,24.5,77.10002
20260616T055028Z,24.5,76.9
20260616T055042Z,24.5,77.4
20260616T055058Z,24.5,77.0
20260616T055113Z,24.5,77.10002
20260616T055128Z,24.5,77.20003
20260616T055142Z,24.5,77.0
20260616T055158Z,24.5,77.0
20260616T055213Z,24.5,77.0
20260616T055228Z,24.5,77.20003
20260616T055243Z,24.4,77.10002
20260616T055257Z,24.4,77.0
20260616T055312Z,24.4,77.3
20260616T055327Z,24.5,77.20003
20260616T055343Z,24.4,77.20003
20260616T055357Z,24.5,77.4
20260616T055412Z,24.5,77.3
20260616T055428Z,24.5,77.20003
20260616T055443Z,24.5,77.10002
20260616T055457Z,24.5,77.3
20260616T055511Z,24.5,77.10002
20260616T055527Z,24.5,77.4
20260616T055542Z,24.5,76.70003
20260616T055557Z,24.5,77.20003
20260616T055611Z,24.5,76.9
20260616T055627Z,24.5,77.0
20260616T055642Z,24.5,77.3
20260616T055657Z,24.5,77.3
20260616T055712Z,24.5,77.4
20260616T055727Z,24.5,77.4
20260616T055742Z,24.5,76.9
20260616T055757Z,24.5,77.5
20260616T055812Z,24.5,77.20003
20260616T055827Z,24.5,77.20003
20260616T055842Z,24.5,77.10002
20260616T055858Z,24.5,77.10002
20260616T055912Z,24.5,76.9
20260616T055927Z,24.5,77.20003
20260616T055942Z,24.5,77.0
20260616T055958Z,24.5,76.9
20260616T060012Z,24.5,77.10002
20260616T060027Z,24.5,76.9
20260616T060043Z,24.5,76.8
20260616T060058Z,24.5,76.9
20260616T060112Z,24.5,77.20003
20260616T060126Z,24.5,76.70003
20260616T060142Z,24.5,77.0
20260616T060157Z,24.5,77.0
20260616T060212Z,24.5,77.0
20260616T060226Z,24.5,77.10002
20260616T060242Z,24.5,77.10002
20260616T060257Z,24.5,76.9
20260616T060312Z,24.5,77.0
20260616T060327Z,24.5,77.0
20260616T060342Z,24.5,77.10002
20260616T060357Z,24.5,77.0
20260616T060412Z,24.5,77.10002
20260616T060427Z,24.5,76.9
20260616T060441Z,24.5,77.20003
20260616T060456Z,24.5,77.20003
20260616T060512Z,24.5,77.20003
20260616T060527Z,24.5,77.10002
20260616T060541Z,24.5,77.0
20260616T060556Z,24.5,77.3
20260616T060612Z,24.5,77.0
20260616T060627Z,24.5,77.20003
20260616T060641Z,24.5,77.20003
20260616T060657Z,24.5,77.0
20260616T060712Z,24.5,77.0
20260616T060727Z,24.5,77.0
20260616T060741Z,24.4,77.10002
20260616T060757Z,24.4,76.9
20260616T060812Z,24.5,77.20003
20260616T060827Z,24.5,77.3
20260616T060842Z,24.5,76.70003
20260616T060857Z,24.4,76.70003
20260616T060912Z,24.4,76.8
20260616T060927Z,24.4,77.20003
20260616T060943Z,24.4,77.10002
20260616T060957Z,24.4,77.3
20260616T061012Z,24.4,77.10002
20260616T061027Z,24.4,77.10002
20260616T061043Z,24.4,77.0
20260616T061057Z,24.4,77.10002
20260616T061112Z,24.4,76.8
20260616T061128Z,24.4,76.70003
20260616T061143Z,24.4,77.20003
20260616T061158Z,24.4,77.10002
20260616T061212Z,24.4,76.9
20260616T061228Z,24.4,76.8
20260616T061243Z,24.4,77.20003
20260616T061258Z,24.4,76.8
20260616T061312Z,24.4,76.9
20260616T061328Z,24.4,77.10002
20260616T061343Z,24.4,77.0
20260616T061358Z,24.4,76.60002
20260616T061413Z,24.4,76.8
20260616T061427Z,24.4,77.0
20260616T061442Z,24.4,77.0
20260616T061457Z,24.4,77.20003
20260616T061513Z,24.4,76.9
20260616T061527Z,24.4,76.60002
20260616T061542Z,24.4,76.60002
20260616T061558Z,24.4,77.10002
20260616T061613Z,24.4,76.9
20260616T061627Z,24.4,76.9
20260616T061641Z,24.4,77.0
20260616T061657Z,24.4,76.9
20260616T061712Z,24.4,77.10002
20260616T061727Z,24.4,77.10002
20260616T061742Z,24.4,76.8
20260616T061757Z,24.4,76.9
20260616T061812Z,24.4,77.10002
20260616T061827Z,24.4,76.70003
20260616T061842Z,24.4,76.8
20260616T061856Z,24.4,77.0
20260616T061911Z,24.4,77.10002
20260616T061927Z,24.4,77.10002
20260616T061942Z,24.4,76.70003
20260616T061956Z,24.4,76.9
20260616T062011Z,24.4,76.9
20260616T062027Z,24.4,77.0
20260616T062042Z,24.4,76.70003
20260616T062056Z,24.4,76.4
20260616T062111Z,24.4,76.60002
20260616T062127Z,24.4,76.8
20260616T062142Z,24.4,77.20003
20260616T062157Z,24.4,76.8
20260616T062212Z,24.4,76.5
20260616T062227Z,24.4,76.70003
20260616T062242Z,24.4,77.20003
20260616T062257Z,24.30001,77.10002
20260616T062312Z,24.30001,77.10002
20260616T062327Z,24.4,77.0
20260616T062342Z,24.30001,77.0
20260616T062358Z,24.30001,76.9
20260616T062412Z,24.30001,77.0
20260616T062426Z,24.30001,76.9
20260616T062441Z,24.30001,77.20003
20260616T062457Z,24.30001,77.10002
20260616T062512Z,24.30001,77.20003
20260616T062526Z,24.30001,77.20003
20260616T062540Z,24.30001,77.10002
20260616T062556Z,24.30001,77.4
20260616T062611Z,24.30001,77.4
20260616T062626Z,24.30001,76.9
20260616T062641Z,24.30001,77.3
20260616T062656Z,24.30001,77.5
20260616T062711Z,24.30001,77.3
20260616T062726Z,24.30001,76.9
20260616T062742Z,24.30001,77.10002
20260616T062756Z,24.30001,77.3
20260616T062811Z,24.30001,77.20003
20260616T062827Z,24.30001,77.3
20260616T062842Z,24.20001,77.20003
20260616T062856Z,24.30001,77.3
20260616T062910Z,24.20001,77.3
20260616T062926Z,24.30001,77.70003
20260616T062941Z,24.20001,77.20003
20260616T062956Z,24.20001,77.20003
20260616T063011Z,24.20001,77.4
20260616T063025Z,24.20001,77.4
20260616T063040Z,24.20001,77.5
20260616T063055Z,24.20001,77.4
20260616T063111Z,24.20001,77.5
20260616T063125Z,24.20001,77.60002
20260616T063139Z,24.20001,77.10002
20260616T063154Z,24.20001,77.60002
20260616T063210Z,24.20001,77.5
20260616T063225Z,24.20001,77.4
20260616T063239Z,24.20001,77.5
20260616T063254Z,24.20001,77.4
20260616T063309Z,24.20001,77.60002
20260616T063324Z,24.20001,77.70003
20260616T063339Z,24.20001,77.5
20260616T063354Z,24.20001,77.10002
20260616T063408Z,24.20001,76.9
20260616T063423Z,24.20001,77.60002
20260616T063439Z,24.20001,77.5
20260616T063454Z,24.20001,77.20003
20260616T063508Z,24.20001,77.60002
20260616T063522Z,24.20001,77.4
20260616T063538Z,24.20001,77.60002
20260616T063553Z,24.1,77.60002
20260616T063608Z,24.20001,77.3
20260616T063623Z,24.1,77.70003
20260616T063637Z,24.1,77.60002
20260616T063652Z,24.20001,77.5
20260616T063707Z,24.20001,77.20003
20260616T063723Z,24.20001,77.70003
20260616T063738Z,24.20001,77.5
20260616T063752Z,24.20001,77.60002
20260616T063807Z,24.1,77.70003
20260616T063823Z,24.20001,77.60002
20260616T063838Z,24.20001,77.3
20260616T063853Z,24.20001,77.5
20260616T063908Z,24.20001,77.20003
20260616T063923Z,24.20001,77.3
20260616T063938Z,24.20001,77.5
20260616T063953Z,24.20001,77.60002
20260616T064008Z,24.20001,77.10002
20260616T064022Z,24.20001,77.20003
20260616T064037Z,24.20001,77.5
20260616T064053Z,24.20001,77.20003
20260616T064108Z,24.20001,77.10002
20260616T064122Z,24.20001,77.4
20260616T064136Z,24.20001,77.0
20260616T064152Z,24.20001,76.70003
20260616T064207Z,24.20001,77.20003
20260616T064222Z,24.20001,77.10002
20260616T064237Z,24.20001,77.20003
20260616T064252Z,24.20001,77.3
20260616T064307Z,24.20001,77.0
20260616T064322Z,24.20001,77.3
20260616T064338Z,24.20001,77.20003
20260616T064352Z,24.20001,77.3
20260616T064407Z,24.20001,76.9
20260616T064422Z,24.20001,76.9
20260616T064438Z,24.20001,77.0
20260616T064452Z,24.20001,77.20003
20260616T064506Z,24.20001,77.4
20260616T064522Z,24.20001,77.0
20260616T064537Z,24.20001,77.10002
20260616T064552Z,24.20001,77.10002
20260616T064606Z,24.20001,76.70003
20260616T064621Z,24.20001,77.3
20260616T064636Z,24.20001,77.0
20260616T064651Z,24.20001,77.20003
20260616T064707Z,24.20001,77.4
20260616T064721Z,24.20001,77.20003
20260616T064735Z,24.20001,77.3
20260616T064750Z,24.20001,77.4
20260616T064806Z,24.20001,77.20003
20260616T064821Z,24.20001,77.20003
20260616T064835Z,24.1,77.4
20260616T064850Z,24.20001,77.20003
20260616T064905Z,24.1,77.3
20260616T064920Z,24.20001,77.5
20260616T064935Z,24.20001,77.70003
20260616T064950Z,24.20001,77.4
20260616T065004Z,24.20001,77.5
20260616T065019Z,24.20001,77.4
20260616T065034Z,24.20001,77.3
20260616T065050Z,24.1,77.60002
20260616T065104Z,24.1,77.3
20260616T065118Z,24.1,77.3
20260616T065134Z,24.1,77.20003
20260616T065149Z,24.1,77.4
20260616T065204Z,24.1,77.4
20260616T065219Z,24.1,77.5
20260616T065234Z,24.1,77.5
20260616T065249Z,24.1,77.70003
20260616T065304Z,24.1,77.5
20260616T065320Z,24.1,77.4
20260616T065334Z,24.1,77.4
20260616T065348Z,24.1,77.4
20260616T065403Z,24.1,77.70003
20260616T065419Z,24.1,77.4
20260616T065434Z,24.1,77.60002
20260616T065449Z,24.1,77.60002
20260616T065504Z,24.1,77.4
20260616T065519Z,24.1,77.5
20260616T065534Z,24.1,77.5
20260616T065549Z,24.1,77.70003
20260616T065605Z,24.1,77.10002
20260616T065619Z,24.0,77.3
20260616T065634Z,24.0,77.60002
20260616T065649Z,24.0,77.5
20260616T065705Z,24.0,77.4
20260616T065720Z,24.0,77.60002
20260616T065734Z,24.0,77.70003
20260616T065749Z,24.0,77.5
20260616T065804Z,24.0,77.60002
20260616T065819Z,24.0,77.4
20260616T065834Z,24.0,77.5
20260616T065849Z,24.0,77.70003
20260616T065903Z,24.0,77.4
20260616T065918Z,24.0,77.3
20260616T065934Z,24.0,77.5
20260616T065949Z,24.0,77.3
20260616T070004Z,24.0,76.8
20260616T070018Z,24.0,77.60002
20260616T070034Z,24.0,77.5
20260616T070049Z,24.0,77.3
20260616T070104Z,24.0,77.60002
20260616T070120Z,24.0,77.5
20260616T070134Z,24.0,77.20003
20260616T070148Z,24.0,77.60002
20260616T070203Z,24.0,77.8
20260616T070219Z,24.0,77.5
20260616T070234Z,24.0,77.4
20260616T070249Z,24.0,77.20003
20260616T070303Z,23.9,77.5
20260616T070319Z,23.9,77.3
20260616T070334Z,24.0,77.5
20260616T070349Z,24.0,77.10002
20260616T070405Z,23.9,77.4
20260616T070419Z,23.9,77.60002
20260616T070433Z,23.9,77.8
20260616T070448Z,23.9,77.5
20260616T070504Z,24.0,77.60002
20260616T070519Z,23.9,78.0
20260616T070534Z,24.0,77.60002
20260616T070549Z,24.0,77.4
20260616T070604Z,24.0,77.60002
20260616T070619Z,24.0,77.3
20260616T070634Z,24.0,77.20003
20260616T070650Z,24.0,77.20003
20260616T070704Z,24.0,77.70003
20260616T070718Z,24.0,77.60002
20260616T070733Z,24.0,77.3
20260616T070749Z,24.0,77.70003
20260616T070804Z,24.0,77.9
20260616T070819Z,24.0,77.4
20260616T070834Z,24.0,77.20003
20260616T070849Z,24.0,77.60002
20260616T070904Z,24.0,77.70003
20260616T070919Z,24.0,77.3
20260616T070935Z,23.9,77.4
20260616T070949Z,23.9,77.9
20260616T071004Z,24.0,77.70003
20260616T071020Z,24.0,77.4
20260616T071035Z,24.0,77.5
20260616T071050Z,23.9,77.60002
20260616T071104Z,23.9,77.70003
20260616T071119Z,23.9,77.60002
20260616T071134Z,23.9,77.70003
20260616T071149Z,23.9,77.70003
20260616T071205Z,23.9,77.8
20260616T071220Z,23.9,77.4
20260616T071234Z,23.9,78.0
20260616T071249Z,23.9,77.8
20260616T071305Z,23.9,77.20003
20260616T071320Z,23.9,77.60002
20260616T071335Z,23.9,77.8
20260616T071349Z,23.9,77.8
20260616T071404Z,23.9,77.70003
20260616T071419Z,23.9,77.5
20260616T071434Z,23.9,77.70003
20260616T071450Z,23.9,77.70003
20260616T071505Z,23.9,77.8
20260616T071519Z,23.9,77.9
20260616T071534Z,24.0,77.10002
20260616T071550Z,24.0,77.9
20260616T071605Z,24.0,77.70003
20260616T071620Z,24.0,77.5
20260616T071635Z,24.0,77.60002
20260616T071649Z,24.0,77.5
20260616T071704Z,24.0,77.70003
20260616T071719Z,24.0,77.8
20260616T071735Z,24.0,77.60002
20260616T071750Z,24.0,77.3
20260616T071804Z,24.0,77.4
20260616T071820Z,24.0,77.70003
20260616T071835Z,24.0,77.4
20260616T071850Z,24.0,77.8
20260616T071905Z,24.0,77.70003
20260616T071920Z,24.0,77.3
20260616T071935Z,24.0,77.60002
20260616T071950Z,24.0,77.60002
20260616T072006Z,24.0,77.10002
20260616T072021Z,24.0,77.5
20260616T072035Z,24.0,77.4
20260616T072049Z,24.0,77.4
20260616T072105Z,24.0,77.4
20260616T072120Z,24.0,77.4
20260616T072135Z,24.0,77.70003
20260616T072150Z,24.0,77.60002
20260616T072205Z,24.0,77.5
20260616T072220Z,24.0,77.10002
20260616T072235Z,24.0,77.4
20260616T072251Z,24.0,77.60002
20260616T072306Z,24.0,77.5
20260616T072320Z,24.0,77.0
20260616T072335Z,23.9,77.4
20260616T072351Z,24.0,77.60002
20260616T072406Z,24.0,77.20003
20260616T072421Z,23.9,77.4
20260616T072436Z,23.9,77.60002
20260616T072450Z,23.9,77.3
20260616T072505Z,23.9,77.5
20260616T072520Z,23.9,77.5
20260616T072536Z,23.9,77.3
20260616T072551Z,23.9,77.4
20260616T072605Z,23.9,77.4
20260616T072620Z,23.9,77.60002
20260616T072636Z,23.9,77.3
20260616T072651Z,23.9,77.60002
20260616T072706Z,23.9,77.3
20260616T072721Z,23.9,77.60002
20260616T072735Z,23.9,77.60002
20260616T072750Z,23.9,77.5
20260616T072805Z,23.9,77.4
20260616T072821Z,23.9,77.5
20260616T072836Z,23.9,77.3
20260616T072850Z,23.9,77.0
20260616T072905Z,23.9,77.5
20260616T072920Z,23.9,77.70003
20260616T072935Z,23.9,77.3
20260616T072950Z,23.9,77.3
20260616T073006Z,23.9,77.8
20260616T073020Z,23.9,77.5
20260616T073035Z,23.9,77.5
20260616T073051Z,23.9,77.4
20260616T073106Z,23.9,77.20003
20260616T073121Z,23.9,77.20003
20260616T073135Z,23.9,77.3
20260616T073150Z,23.9,77.20003
20260616T073205Z,23.80001,77.10002
20260616T073220Z,23.80001,77.4
20260616T073235Z,23.80001,77.4
20260616T073251Z,23.80001,77.4
20260616T073305Z,23.80001,77.70003
20260616T073319Z,23.80001,77.4
20260616T073335Z,23.80001,77.3
20260616T073350Z,23.80001,77.60002
20260616T073405Z,23.80001,77.4
20260616T073420Z,23.80001,77.20003
20260616T073435Z,23.80001,77.4
20260616T073449Z,23.80001,77.5
20260616T073504Z,23.80001,77.5
20260616T073520Z,23.80001,77.3
20260616T073535Z,23.80001,77.5
20260616T073550Z,23.80001,77.5
20260616T073604Z,23.80001,77.3
20260616T073620Z,23.80001,77.4
20260616T073635Z,23.80001,77.60002
20260616T073650Z,23.80001,77.4
20260616T073706Z,23.80001,77.10002
20260616T073720Z,23.80001,77.4
20260616T073734Z,23.80001,77.5
20260616T073749Z,23.80001,77.5
20260616T073805Z,23.80001,77.20003
20260616T073820Z,23.80001,77.70003
20260616T073835Z,23.80001,77.70003
20260616T073849Z,23.80001,77.3
20260616T073904Z,23.80001,77.8
20260616T073919Z,23.80001,77.60002
20260616T073934Z,23.80001,77.60002
20260616T073950Z,23.80001,77.10002
20260616T074005Z,23.80001,77.3
20260616T074019Z,23.80001,77.8
20260616T074033Z,23.80001,77.4
20260616T074049Z,23.80001,77.4
20260616T074104Z,23.80001,77.70003
20260616T074119Z,23.80001,77.4
20260616T074135Z,23.80001,77.20003
20260616T074149Z,23.80001,77.8
20260616T074203Z,23.80001,77.60002
20260616T074218Z,23.80001,77.3
20260616T074234Z,23.80001,77.60002
20260616T074249Z,23.80001,77.3
20260616T074304Z,23.80001,77.8
20260616T074319Z,23.80001,77.5
20260616T074333Z,23.80001,77.5
20260616T074348Z,23.80001,77.60002
20260616T074403Z,23.80001,77.70003
20260616T074419Z,23.80001,77.3
20260616T074434Z,23.80001,77.10002
20260616T074448Z,23.80001,77.3
20260616T074502Z,23.80001,77.3
20260616T074518Z,23.70001,77.5
20260616T074533Z,23.70001,77.60002
20260616T074548Z,23.70001,77.5
20260616T074604Z,23.70001,77.70003
20260616T074618Z,23.80001,77.4
20260616T074632Z,23.80001,77.70003
20260616T074647Z,23.80001,77.8
20260616T074703Z,23.70001,77.70003
20260616T074718Z,23.80001,77.70003
20260616T074733Z,23.80001,77.4
20260616T074748Z,23.70001,77.60002
20260616T074802Z,23.70001,77.4
20260616T074817Z,23.80001,77.8
20260616T074832Z,23.80001,77.60002
20260616T074848Z,23.70001,77.5
20260616T074903Z,23.80001,77.8
20260616T074918Z,23.70001,77.5
20260616T074933Z,23.80001,77.3
20260616T074948Z,23.80001,77.60002
20260616T075003Z,23.70001,78.0
20260616T075018Z,23.70001,77.8
20260616T075034Z,23.70001,77.5
20260616T075049Z,23.70001,77.60002
20260616T075103Z,23.70001,77.9
20260616T075117Z,23.70001,77.5
20260616T075133Z,23.70001,77.60002
20260616T075148Z,23.70001,77.9
20260616T075203Z,23.70001,77.4
20260616T075219Z,23.70001,77.60002
20260616T075234Z,23.70001,78.0
20260616T075248Z,23.6,77.60002
20260616T075303Z,23.6,77.70003
20260616T075319Z,23.6,77.8
20260616T075334Z,23.6,77.8
20260616T075349Z,23.6,77.4
20260616T075405Z,23.6,77.9
20260616T075419Z,23.6,77.5
20260616T075433Z,23.6,77.70003
20260616T075448Z,23.6,77.60002
20260616T075504Z,23.6,77.60002
20260616T075519Z,23.6,77.9
20260616T075534Z,23.6,77.9
20260616T075550Z,23.6,77.60002
20260616T075604Z,23.5,77.5
20260616T075618Z,23.6,77.4
20260616T075633Z,23.6,77.4
20260616T075649Z,23.5,77.70003
20260616T075704Z,23.5,77.8
20260616T075719Z,23.5,77.5
20260616T075734Z,23.5,77.4
20260616T075749Z,23.5,77.60002
20260616T075803Z,23.5,77.5
20260616T075818Z,23.5,77.4
20260616T075834Z,23.5,77.9
20260616T075849Z,23.5,77.9
20260616T075904Z,23.5,78.20003
20260616T075919Z,23.5,77.70003
20260616T075935Z,23.5,78.10002
20260616T075949Z,23.5,78.10002
20260616T080003Z,23.5,77.70003
20260616T080019Z,23.5,78.0
20260616T080034Z,23.6,78.20003
20260616T080049Z,23.6,78.10002
20260616T080104Z,23.6,77.8
20260616T080120Z,23.6,78.0
20260616T080134Z,23.6,78.10002
20260616T080149Z,23.6,78.10002
20260616T080205Z,23.6,78.10002
20260616T080220Z,23.6,77.8
20260616T080235Z,23.6,77.70003
20260616T080250Z,23.6,77.9
20260616T080305Z,23.6,77.8
20260616T080319Z,23.6,77.60002
20260616T080334Z,23.6,77.60002
20260616T080349Z,23.70001,77.70003
20260616T080405Z,23.6,77.8
20260616T080420Z,23.70001,77.20003
20260616T080434Z,23.70001,77.8
20260616T080449Z,23.70001,77.60002
20260616T080504Z,23.6,77.60002
20260616T080519Z,23.70001,77.70003
20260616T080534Z,23.70001,77.5
20260616T080550Z,23.70001,77.70003
20260616T080604Z,23.70001,77.70003
20260616T080618Z,23.70001,77.8
20260616T080634Z,23.70001,77.8
20260616T080649Z,23.70001,77.3
20260616T080704Z,23.70001,77.5
20260616T080719Z,23.70001,77.8
20260616T080734Z,23.70001,77.60002
20260616T080748Z,23.70001,77.5
20260616T080803Z,23.70001,77.10002
20260616T080818Z,23.70001,77.9
20260616T080834Z,23.70001,77.5
20260616T080849Z,23.70001,77.8
20260616T080903Z,23.70001,77.4
20260616T080918Z,23.70001,77.5
20260616T080933Z,23.70001,77.70003
20260616T080948Z,23.70001,77.3
20260616T081003Z,23.70001,77.5
20260616T081019Z,23.70001,77.5
20260616T081034Z,23.70001,77.60002
20260616T081048Z,23.70001,77.60002
20260616T081103Z,23.70001,77.10002
20260616T081118Z,23.70001,77.5
20260616T081133Z,23.70001,77.60002
20260616T081148Z,23.70001,77.5
20260616T081204Z,23.70001,77.5
20260616T081218Z,23.70001,77.5
20260616T081232Z,23.70001,77.60002
20260616T081248Z,23.70001,77.3
20260616T081303Z,23.70001,77.4
20260616T081318Z,23.70001,77.3
20260616T081333Z,23.70001,77.5
20260616T081348Z,23.70001,77.3
20260616T081402Z,23.70001,77.3
20260616T081417Z,23.70001,77.4
20260616T081433Z,23.70001,77.60002
20260616T081448Z,23.70001,77.4
20260616T081503Z,23.70001,77.5
20260616T081518Z,23.70001,77.10002
20260616T081533Z,23.70001,77.3
20260616T081548Z,23.70001,77.70003
20260616T081603Z,23.70001,77.3
20260616T081618Z,23.70001,77.20003
20260616T081634Z,23.70001,77.60002
20260616T081649Z,23.70001,77.5
20260616T081703Z,23.70001,77.10002
20260616T081719Z,23.70001,77.3
20260616T081734Z,23.70001,77.70003
20260616T081749Z,23.70001,77.3
20260616T081804Z,23.70001,77.4
20260616T081820Z,23.70001,77.4
20260616T081834Z,23.70001,77.5
20260616T081849Z,23.70001,77.5
20260616T081905Z,23.70001,77.4
20260616T081920Z,23.70001,77.20003
20260616T081935Z,23.70001,77.4
20260616T081950Z,23.70001,77.0
20260616T082005Z,23.70001,77.3
20260616T082020Z,23.70001,77.3
20260616T082035Z,23.70001,77.3
20260616T082050Z,23.70001,77.4
20260616T082106Z,23.70001,77.10002
20260616T082121Z,23.70001,77.5
20260616T082135Z,23.70001,77.5
20260616T082150Z,23.70001,77.20003
20260616T082205Z,23.70001,77.4
20260616T082220Z,23.70001,77.70003
20260616T082235Z,23.70001,77.60002
20260616T082251Z,23.70001,77.4
20260616T082305Z,23.70001,77.4
20260616T082319Z,23.70001,77.4
20260616T082335Z,23.6,77.4
20260616T082350Z,23.70001,77.0
20260616T082405Z,23.6,77.5
20260616T082420Z,23.6,77.70003
20260616T082436Z,23.6,77.60002
20260616T082450Z,23.6,77.5
20260616T082504Z,23.6,77.60002
20260616T082520Z,23.6,77.4
20260616T082535Z,23.6,77.60002
20260616T082550Z,23.6,77.4
20260616T082605Z,23.6,77.4
20260616T082620Z,23.6,77.70003
20260616T082634Z,23.6,77.60002
20260616T082649Z,23.6,77.4
20260616T082704Z,23.6,77.4
20260616T082720Z,23.6,77.5
20260616T082735Z,23.6,77.70003
20260616T082750Z,23.6,77.60002
20260616T082805Z,23.6,77.20003
20260616T082820Z,23.6,77.3
20260616T082835Z,23.70001,77.5
20260616T082850Z,23.6,77.60002
20260616T082906Z,23.70001,77.4
20260616T082921Z,23.70001,77.3
20260616T082935Z,23.70001,77.3
20260616T082950Z,23.70001,77.4
20260616T083005Z,23.70001,77.0
20260616T083020Z,23.70001,77.4
20260616T083035Z,23.6,77.4
20260616T083051Z,23.70001,77.3
20260616T083105Z,23.70001,77.5
20260616T083119Z,23.70001,77.5
20260616T083135Z,23.6,77.10002
20260616T083150Z,23.70001,77.20003
20260616T083205Z,23.70001,77.10002
20260616T083220Z,23.6,77.60002
20260616T083236Z,23.6,77.20003
20260616T083250Z,23.6,77.10002
20260616T083305Z,23.6,77.5
20260616T083320Z,23.6,77.3
20260616T083336Z,23.6,77.4
20260616T083351Z,23.6,76.9
20260616T083406Z,23.6,77.10002
20260616T083421Z,23.6,77.20003
20260616T083435Z,23.6,77.0
20260616T083450Z,23.6,77.0
20260616T083505Z,23.6,77.10002
20260616T083521Z,23.6,77.0
20260616T083536Z,23.6,77.20003
20260616T083550Z,23.70001,77.20003
20260616T083605Z,23.70001,76.9
20260616T083620Z,23.6,76.9
20260616T083635Z,23.70001,77.3
20260616T083650Z,23.70001,77.0
20260616T083706Z,23.6,76.8
20260616T083721Z,23.6,77.4
20260616T083735Z,23.70001,77.4
20260616T083751Z,23.6,76.8
20260616T083806Z,23.70001,77.20003
20260616T083821Z,23.6,77.0
20260616T083836Z,23.70001,77.20003
20260616T083852Z,23.70001,77.3
20260616T083906Z,23.70001,77.0
20260616T083921Z,23.70001,77.10002
20260616T083936Z,23.70001,77.3
20260616T083952Z,23.70001,76.8
20260616T084007Z,23.70001,77.20003
20260616T084022Z,23.6,77.4
20260616T084037Z,23.70001,77.20003
20260616T084051Z,23.70001,76.70003
20260616T084106Z,23.70001,77.20003
20260616T084121Z,23.70001,77.0
20260616T084137Z,23.6,76.9
20260616T084152Z,23.70001,77.20003
20260616T084206Z,23.6,77.10002
20260616T084221Z,23.6,77.3
20260616T084236Z,23.6,77.3
20260616T084251Z,23.70001,77.0
20260616T084306Z,23.6,76.9
20260616T084322Z,23.6,77.20003
20260616T084337Z,23.70001,77.20003
20260616T084351Z,23.70001,77.20003
20260616T084407Z,23.6,76.9
20260616T084422Z,23.6,77.10002
20260616T084437Z,23.70001,77.10002
20260616T084452Z,23.70001,77.0
20260616T084508Z,23.70001,76.8
20260616T084522Z,23.6,77.0
20260616T084537Z,23.6,77.3
20260616T084552Z,23.6,76.9
20260616T084608Z,23.6,77.10002
20260616T084623Z,23.6,77.20003
20260616T084638Z,23.70001,76.9
20260616T084653Z,23.6,77.20003
20260616T084707Z,23.70001,77.20003
20260616T084722Z,23.6,76.8
20260616T084737Z,23.70001,77.0
20260616T084753Z,23.70001,77.3
20260616T084808Z,23.70001,76.70003
20260616T084822Z,23.6,77.20003
20260616T084837Z,23.6,77.10002
20260616T084852Z,23.70001,76.9
20260616T084907Z,23.6,77.4
20260616T084922Z,23.6,76.70003
20260616T084938Z,23.6,76.70003
20260616T084953Z,23.6,77.20003
20260616T085007Z,23.6,77.3
20260616T085023Z,23.6,76.9
20260616T085038Z,23.6,76.8
20260616T085053Z,23.6,77.20003
20260616T085108Z,23.6,77.0
20260616T085124Z,23.6,76.70003
20260616T085138Z,23.6,77.20003
20260616T085152Z,23.6,77.4
20260616T085207Z,23.6,77.10002
20260616T085223Z,23.6,76.9
20260616T085238Z,23.6,77.20003
20260616T085253Z,23.6,77.3
20260616T085309Z,23.6,77.20003
20260616T085323Z,23.6,77.10002
20260616T085337Z,23.6,77.0
20260616T085352Z,23.6,77.3
20260616T085408Z,23.6,77.3
20260616T085423Z,23.6,77.0
20260616T085438Z,23.6,77.10002
20260616T085453Z,23.6,76.8
20260616T085507Z,23.6,77.10002
20260616T085522Z,23.6,77.3
20260616T085537Z,23.6,76.8
20260616T085553Z,23.6,76.5
20260616T085608Z,23.6,77.3
20260616T085623Z,23.6,77.0
20260616T085638Z,23.6,77.3
20260616T085653Z,23.6,76.9
20260616T085708Z,23.6,77.0
20260616T085723Z,23.6,77.20003
20260616T085739Z,23.6,76.9
20260616T085754Z,23.6,76.9
20260616T085808Z,23.6,77.10002
20260616T085823Z,23.6,76.9
20260616T085839Z,23.6,77.0
20260616T085854Z,23.6,76.70003
20260616T085909Z,23.6,77.20003
20260616T085925Z,23.6,77.3
20260616T085939Z,23.6,77.20003
20260616T085953Z,23.6,76.8
20260616T090008Z,23.6,77.0
20260616T090024Z,23.6,77.10002
20260616T090039Z,23.6,77.20003
20260616T090054Z,23.6,76.8
20260616T090109Z,23.6,76.8
20260616T090123Z,23.6,77.0
20260616T090138Z,23.6,77.3
20260616T090153Z,23.6,76.9
20260616T090209Z,23.6,77.20003
20260616T090224Z,23.6,77.0
20260616T090239Z,23.6,77.3
20260616T090253Z,23.6,76.9
20260616T090308Z,23.6,76.9
20260616T090323Z,23.6,77.4
20260616T090338Z,23.6,77.4
20260616T090354Z,23.6,76.9
20260616T090409Z,23.70001,77.10002
20260616T090423Z,23.70001,77.10002
20260616T090437Z,23.80001,77.0
20260616T090453Z,23.80001,76.8
20260616T090508Z,23.9,76.70003
20260616T090522Z,23.9,76.60002
20260616T090538Z,24.0,76.5
20260616T090553Z,24.0,76.4
20260616T090608Z,24.1,76.4
20260616T090623Z,24.1,76.20003
20260616T090639Z,24.20001,76.10002
20260616T090654Z,24.20001,76.0
20260616T090709Z,24.20001,76.0
20260616T090725Z,24.30001,75.9
20260616T090740Z,24.30001,75.8
20260616T090754Z,24.4,75.70003
20260616T090809Z,24.4,75.60002
20260616T090825Z,24.5,75.5
20260616T090839Z,24.5,75.4
20260616T090854Z,24.5,75.3
20260616T090909Z,24.6,75.3
20260616T090925Z,24.70001,75.3
20260616T090940Z,24.70001,75.20003
20260616T090955Z,24.70001,75.10002
20260616T091011Z,24.80001,74.9
20260616T091026Z,24.80001,74.8
20260616T091041Z,24.9,74.70003
20260616T091056Z,24.9,74.5
20260616T091112Z,24.9,74.4
20260616T091127Z,25.0,74.3
20260616T091142Z,25.0,74.3
20260616T091158Z,25.0,74.3
20260616T091212Z,25.1,74.20003
20260616T091227Z,25.0,74.20003
20260616T091242Z,25.1,74.20003
20260616T091257Z,25.1,74.10002
20260616T091312Z,25.1,74.10002
20260616T091327Z,25.20001,74.0
20260616T091343Z,25.20001,74.0
20260616T091358Z,25.20001,74.0
20260616T091412Z,25.20001,74.0
20260616T091427Z,25.20001,74.0
20260616T091443Z,25.30001,74.0
20260616T091457Z,25.30001,74.0
20260616T091512Z,25.30001,74.0
20260616T091527Z,25.30001,73.9
20260616T091543Z,25.30001,73.9
20260616T091558Z,25.30001,74.0
20260616T091612Z,25.4,74.0
20260616T091628Z,25.4,74.0
20260616T091643Z,25.4,73.9
20260616T091657Z,25.4,73.9
20260616T091712Z,25.4,74.0
20260616T091728Z,25.4,74.0
20260616T091742Z,25.4,73.9
20260616T091757Z,25.4,73.9
20260616T091812Z,25.5,73.9
20260616T091827Z,25.5,74.0
20260616T091842Z,25.5,74.0
20260616T091856Z,25.5,74.0
20260616T091912Z,25.5,74.0
20260616T091927Z,25.5,74.0
20260616T091941Z,25.5,74.0
20260616T091957Z,25.5,74.20003
20260616T092012Z,25.5,74.8
20260616T092026Z,25.5,75.20003
20260616T092041Z,25.5,74.9
20260616T092057Z,25.5,76.10002
20260616T092112Z,25.6,76.10002
20260616T092127Z,25.6,75.8
20260616T092142Z,25.6,75.60002
20260616T092158Z,25.6,75.4
20260616T092213Z,25.6,75.3
20260616T092228Z,25.6,75.20003
20260616T092244Z,25.6,75.4
20260616T092259Z,25.6,75.20003
20260616T092314Z,25.6,75.20003
20260616T092329Z,25.6,75.3
20260616T092345Z,25.6,75.3
20260616T092400Z,25.6,75.3
20260616T092415Z,25.6,75.3
20260616T092431Z,25.6,75.3
20260616T092445Z,25.6,75.3
20260616T092500Z,25.70001,75.20003
20260616T092515Z,25.70001,75.20003
20260616T092530Z,25.70001,75.20003
20260616T092545Z,25.70001,75.20003
20260616T092600Z,25.70001,75.20003
20260616T092616Z,25.70001,75.3
20260616T092631Z,25.70001,75.3
20260616T092645Z,25.70001,75.3
20260616T092700Z,25.70001,75.3
20260616T092716Z,25.70001,75.20003
20260616T092730Z,25.70001,75.20003
20260616T092745Z,25.70001,75.20003
20260616T092800Z,25.70001,75.3
20260616T092816Z,25.70001,75.3
20260616T092831Z,25.70001,75.3
20260616T092845Z,25.70001,75.3
20260616T092901Z,25.70001,75.3
20260616T092916Z,25.70001,75.3
20260616T092931Z,25.70001,75.3
20260616T092946Z,25.70001,75.3
20260616T093001Z,25.70001,75.3
20260616T093016Z,25.70001,75.3
20260616T093031Z,25.70001,75.3
20260616T093046Z,25.70001,75.20003
20260616T093101Z,25.70001,75.3
20260616T093116Z,25.70001,75.3
20260616T093131Z,25.80001,75.3
20260616T093147Z,25.80001,75.3
20260616T093201Z,25.80001,75.3
20260616T093216Z,25.80001,75.3
20260616T093232Z,25.80001,75.3
20260616T093247Z,25.80001,75.4
20260616T093302Z,25.80001,75.4
20260616T093316Z,25.80001,75.3
20260616T093332Z,25.80001,75.3
20260616T093347Z,25.80001,75.3
20260616T093401Z,25.80001,75.3
20260616T093416Z,25.80001,75.3
20260616T093432Z,25.80001,75.3
20260616T093447Z,25.80001,75.3
20260616T093502Z,25.80001,75.3
20260616T093517Z,25.80001,75.3
20260616T093532Z,25.80001,75.3
20260616T093547Z,25.80001,75.4
20260616T093601Z,25.80001,76.3
20260616T093617Z,25.80001,76.10002
20260616T093632Z,25.80001,76.10002
20260616T093646Z,25.80001,75.9
20260616T093702Z,25.80001,76.0
20260616T093717Z,25.80001,76.10002
20260616T093732Z,25.80001,76.20003
20260616T093747Z,25.80001,76.3
20260616T093803Z,25.9,76.5
20260616T093817Z,25.80001,76.5
20260616T093832Z,25.9,76.9
20260616T093848Z,25.9,77.10002
20260616T093903Z,25.9,77.3
20260616T093918Z,25.9,77.4
20260616T093933Z,25.9,77.60002
20260616T093948Z,25.9,77.5
20260616T094003Z,25.9,77.5
20260616T094018Z,25.9,77.5
20260616T094032Z,25.9,77.8
20260616T094048Z,25.9,78.4
20260616T094103Z,25.9,78.4
20260616T094117Z,25.9,78.0
20260616T094133Z,25.9,78.4
20260616T094148Z,25.9,78.60002
20260616T094202Z,25.9,78.60002
20260616T094217Z,25.9,78.60002
20260616T094233Z,25.9,78.5
20260616T094248Z,25.9,78.60002
20260616T094303Z,25.9,78.9
20260616T094319Z,25.9,79.10002
20260616T094334Z,26.0,79.10002
20260616T094348Z,26.0,79.10002
20260616T094403Z,26.0,79.0
20260616T094419Z,26.0,78.9
20260616T094433Z,26.0,78.9
20260616T094448Z,26.0,78.70003
20260616T094503Z,26.0,78.60002
20260616T094518Z,26.0,78.70003
20260616T094533Z,26.0,78.8
20260616T094548Z,26.0,78.8
20260616T094603Z,26.0,78.70003
20260616T094618Z,26.0,78.70003
20260616T094633Z,26.0,78.8
20260616T094647Z,26.0,78.70003
20260616T094703Z,26.0,78.70003
20260616T094718Z,26.0,78.8
20260616T094732Z,26.0,78.8
20260616T094748Z,26.0,78.8
20260616T094803Z,26.0,78.8
20260616T094818Z,26.0,78.70003
20260616T094833Z,26.0,78.70003
20260616T094849Z,26.0,78.70003
20260616T094904Z,26.0,78.70003
20260616T094919Z,26.0,78.70003
20260616T094934Z,26.0,78.70003
20260616T094949Z,26.0,78.8
20260616T095004Z,26.0,78.70003
20260616T095018Z,26.0,78.8
20260616T095034Z,26.0,78.70003
20260616T095049Z,26.0,78.70003
20260616T095103Z,26.0,78.8
20260616T095118Z,26.0,78.70003
20260616T095134Z,26.0,78.8
20260616T095149Z,26.0,78.8
20260616T095204Z,26.0,78.8
20260616T095220Z,26.0,78.8
20260616T095235Z,26.0,78.8
20260616T095250Z,26.0,78.8
20260616T095305Z,26.0,78.8
20260616T095321Z,26.0,78.8
20260616T095336Z,26.0,78.70003
20260616T095350Z,26.0,78.8
20260616T095406Z,26.0,78.8
20260616T095421Z,26.0,78.8
20260616T095435Z,26.1,78.8
20260616T095450Z,26.0,78.9
20260616T095506Z,26.0,78.8
20260616T095520Z,26.0,78.8
20260616T095535Z,26.0,78.8
20260616T095551Z,26.0,78.8
20260616T095605Z,26.1,78.9
20260616T095620Z,26.1,78.9
20260616T095635Z,26.1,78.8
20260616T095651Z,26.1,78.70003
20260616T095706Z,26.1,78.8
20260616T095721Z,26.1,78.8
20260616T095736Z,26.1,78.8
20260616T095752Z,26.1,78.8
20260616T095807Z,26.1,78.8
20260616T095822Z,26.1,78.8
20260616T095838Z,26.1,78.8
20260616T095853Z,26.1,78.8
20260616T095908Z,26.1,78.9
20260616T095923Z,26.1,78.9
20260616T095939Z,26.1,78.9
20260616T095954Z,26.1,78.8
20260616T100009Z,26.1,78.9
20260616T100025Z,26.1,78.9
20260616T100040Z,26.1,78.9
20260616T100055Z,26.1,78.8
20260616T100110Z,26.1,78.9
20260616T100126Z,26.1,78.9
20260616T100141Z,26.1,79.0
20260616T100156Z,26.1,78.9
20260616T100211Z,26.1,78.9
20260616T100227Z,26.1,78.9
20260616T100242Z,26.1,78.8
20260616T100257Z,26.1,78.8
20260616T100313Z,26.1,78.9
20260616T100328Z,26.1,78.9
20260616T100343Z,26.1,78.9
20260616T100358Z,26.1,78.8
20260616T100414Z,26.1,78.9
20260616T100428Z,26.1,78.8
20260616T100443Z,26.1,78.8
20260616T100459Z,26.1,78.8
20260616T100513Z,26.1,78.8
20260616T100528Z,26.1,78.9
20260616T100543Z,26.1,78.8
20260616T100559Z,26.1,78.8
20260616T100614Z,26.1,78.8
20260616T100629Z,26.1,78.8
20260616T100644Z,26.1,78.8
20260616T100659Z,26.1,78.8
20260616T100714Z,26.1,78.8
20260616T100729Z,26.1,78.8
20260616T100745Z,26.1,78.8
20260616T100800Z,26.1,78.8
20260616T100815Z,26.1,78.9
20260616T100830Z,26.1,78.8
20260616T100846Z,26.20001,78.8
20260616T100900Z,26.1,78.8
20260616T100915Z,26.1,78.9
20260616T100931Z,26.1,78.8
20260616T100945Z,26.1,78.8
20260616T101000Z,26.20001,78.8
20260616T101015Z,26.1,78.9
20260616T101030Z,26.20001,78.9
20260616T101045Z,26.20001,78.8
20260616T101100Z,26.20001,78.9
20260616T101115Z,26.20001,78.8
20260616T101130Z,26.20001,78.8
20260616T101145Z,26.20001,78.8
20260616T101159Z,26.20001,78.8
20260616T101215Z,26.20001,78.8
20260616T101230Z,26.20001,78.9
20260616T101244Z,26.20001,78.9
20260616T101300Z,26.20001,78.9
20260616T101315Z,26.20001,79.0
20260616T101329Z,26.20001,79.0
20260616T101344Z,26.20001,79.0
20260616T101400Z,26.20001,79.0
20260616T101414Z,26.20001,78.9
20260616T101429Z,26.20001,78.9
20260616T101444Z,26.20001,78.9
20260616T101459Z,26.20001,78.9
20260616T101514Z,26.20001,78.9
20260616T101529Z,26.20001,78.8
20260616T101544Z,26.20001,78.9
20260616T101559Z,26.20001,78.9
20260616T101614Z,26.20001,78.9
20260616T101628Z,26.20001,78.9
20260616T101644Z,26.20001,78.9
20260616T101659Z,26.20001,78.9
20260616T101713Z,26.20001,79.0
20260616T101729Z,26.20001,79.0
20260616T101744Z,26.20001,79.0
20260616T101758Z,26.20001,79.0
20260616T101813Z,26.20001,79.0
20260616T101829Z,26.20001,78.9
20260616T101844Z,26.20001,79.0
20260616T101859Z,26.20001,79.0
20260616T101915Z,26.20001,79.0
20260616T101929Z,26.20001,79.10002
20260616T101944Z,26.20001,79.0
20260616T101959Z,26.20001,79.0
20260616T102014Z,26.20001,79.0
20260616T102029Z,26.20001,79.0
20260616T102044Z,26.20001,79.0
20260616T102058Z,26.20001,79.0
20260616T102114Z,26.20001,79.0
20260616T102129Z,26.20001,78.9
20260616T102143Z,26.20001,78.9
20260616T102159Z,26.20001,79.0
20260616T102214Z,26.20001,79.0
20260616T102228Z,26.20001,79.0
20260616T102243Z,26.20001,79.10002
20260616T102259Z,26.20001,79.10002
20260616T102313Z,26.30001,79.10002
20260616T102328Z,26.20001,79.10002
20260616T102344Z,26.20001,79.10002
20260616T102358Z,26.20001,79.10002
20260616T102413Z,26.20001,79.10002
20260616T102428Z,26.30001,79.10002
20260616T102443Z,26.30001,79.10002
20260616T102458Z,26.30001,79.0
20260616T102513Z,26.20001,79.10002
20260616T102527Z,26.30001,79.10002
20260616T102543Z,26.30001,79.10002
20260616T102558Z,26.30001,79.10002
20260616T102612Z,26.30001,79.10002
20260616T102628Z,26.30001,79.10002
20260616T102643Z,26.30001,79.10002
20260616T102657Z,26.30001,79.10002
20260616T102712Z,26.30001,79.0
20260616T102728Z,26.30001,79.20003
20260616T102742Z,26.30001,79.0
20260616T102757Z,26.30001,79.4
20260616T102813Z,26.30001,79.5
20260616T102828Z,26.30001,81.5
20260616T102842Z,26.30001,80.8
20260616T102857Z,26.30001,80.70003
20260616T102913Z,26.30001,81.10002
20260616T102927Z,26.30001,81.5
20260616T102942Z,26.30001,83.4
20260616T102958Z,26.30001,82.8
20260616T103012Z,26.30001,82.20003
20260616T103027Z,26.30001,82.70003
20260616T103042Z,26.30001,83.70003
20260616T103057Z,26.30001,83.3
20260616T103112Z,26.30001,83.3
20260616T103127Z,26.30001,83.4
20260616T103142Z,26.30001,83.4
20260616T103157Z,26.30001,83.3
20260616T103212Z,26.30001,84.0
20260616T103227Z,26.30001,83.8
20260616T103242Z,26.30001,83.70003
20260616T103257Z,26.30001,83.8
20260616T103312Z,26.30001,84.20004
20260616T103327Z,26.30001,84.3
20260616T103343Z,26.30001,84.20004
20260616T103357Z,26.30001,84.20004
20260616T103412Z,26.30001,84.20004
20260616T103428Z,26.30001,84.4
20260616T103443Z,26.30001,84.60002
20260616T103457Z,26.30001,84.60002
20260616T103512Z,26.30001,85.20004
20260616T103528Z,26.30001,85.0
20260616T103543Z,26.30001,84.9
20260616T103557Z,26.30001,84.8
20260616T103613Z,26.30001,85.20004
20260616T103628Z,26.30001,85.0
20260616T103643Z,26.30001,84.8
20260616T103658Z,26.30001,84.60002
20260616T103713Z,26.30001,85.0
20260616T103728Z,26.30001,85.20004
20260616T103743Z,26.30001,85.10002
20260616T103758Z,26.30001,84.9
20260616T103814Z,26.30001,85.10002
20260616T103828Z,26.30001,85.20004
20260616T103843Z,26.30001,85.60002
20260616T103859Z,26.30001,85.9
20260616T103914Z,26.30001,85.8
20260616T103928Z,26.30001,85.70004
20260616T103943Z,26.30001,85.70004
20260616T103959Z,26.30001,85.70004
20260616T104014Z,26.30001,85.4
20260616T104029Z,26.30001,85.4
20260616T104044Z,26.30001,85.60002
20260616T104059Z,26.30001,85.60002
20260616T104114Z,26.30001,85.5
20260616T104129Z,26.30001,85.5
20260616T104144Z,26.30001,85.5
20260616T104159Z,26.30001,85.4
20260616T104214Z,26.30001,85.4
20260616T104230Z,26.30001,85.70004
20260616T104244Z,26.30001,86.4
20260616T104259Z,26.30001,86.60002
20260616T104314Z,26.30001,86.4
20260616T104330Z,26.30001,86.10002
20260616T104345Z,26.30001,85.9
20260616T104359Z,26.30001,86.0
20260616T104414Z,26.30001,86.0
20260616T104430Z,26.30001,86.20004
20260616T104445Z,26.30001,86.4
20260616T104459Z,26.30001,86.4
20260616T104515Z,26.30001,86.4
20260616T104530Z,26.30001,86.3
20260616T104545Z,26.30001,86.60002
20260616T104600Z,26.30001,86.70004
20260616T104615Z,26.30001,86.9
20260616T104630Z,26.30001,86.8
20260616T104645Z,26.30001,86.60002
20260616T104701Z,26.30001,87.10002
20260616T104715Z,26.30001,86.9
20260616T104730Z,26.30001,86.70004
20260616T104745Z,26.30001,86.4
20260616T104801Z,26.30001,86.60002
20260616T104816Z,26.30001,86.9
20260616T104830Z,26.30001,86.8
20260616T104846Z,26.30001,86.9
20260616T104901Z,26.30001,86.9
20260616T104916Z,26.30001,86.8
20260616T104930Z,26.30001,86.60002
20260616T104946Z,26.30001,86.60002
20260616T105001Z,26.30001,87.10002
20260616T105016Z,26.30001,87.0
20260616T105030Z,26.30001,86.9
20260616T105046Z,26.30001,86.9
20260616T105101Z,26.30001,87.0
20260616T105116Z,26.30001,86.9
20260616T105131Z,26.30001,87.10002
20260616T105146Z,26.30001,87.0
20260616T105201Z,26.30001,87.10002
20260616T105216Z,26.30001,86.9
20260616T105232Z,26.30001,87.10002
20260616T105246Z,26.30001,87.20004
20260616T105301Z,26.30001,87.10002
20260616T105317Z,26.30001,87.4
20260616T105332Z,26.30001,87.4
20260616T105346Z,26.30001,87.3
20260616T105401Z,26.30001,87.20004
20260616T105417Z,26.30001,87.10002
20260616T105432Z,26.30001,87.3
20260616T105447Z,26.30001,87.10002
20260616T105502Z,26.30001,86.9
20260616T105517Z,26.30001,86.8
20260616T105532Z,26.30001,86.9
20260616T105547Z,26.30001,86.9
20260616T105602Z,26.30001,87.10002
20260616T105617Z,26.30001,87.0
20260616T105632Z,26.30001,87.20004
20260616T105647Z,26.30001,87.5
20260616T105703Z,26.30001,87.4
20260616T105717Z,26.4,87.3
20260616T105732Z,26.30001,87.60002
20260616T105748Z,26.30001,87.5
20260616T105803Z,26.30001,87.5
20260616T105817Z,26.30001,87.4
20260616T105832Z,26.30001,87.4
20260616T105848Z,26.4,87.60002
20260616T105903Z,26.30001,87.5
20260616T105918Z,26.4,87.60002
20260616T105933Z,26.30001,87.5
20260616T105948Z,26.4,87.5
20260616T110003Z,26.30001,87.3
20260616T110018Z,26.30001,87.60002
20260616T110034Z,26.4,87.60002
20260616T110048Z,26.30001,87.5
20260616T110103Z,26.30001,87.5
20260616T110118Z,26.4,87.4
20260616T110134Z,26.30001,87.4
20260616T110148Z,26.4,87.5
20260616T110203Z,26.30001,87.5
20260616T110219Z,26.30001,87.60002
20260616T110234Z,26.4,87.70004
20260616T110249Z,26.4,87.5
20260616T110303Z,26.4,87.8
20260616T110319Z,26.4,87.5
20260616T110334Z,26.4,87.60002
20260616T110349Z,26.4,87.60002
20260616T110405Z,26.4,87.5
20260616T110419Z,26.4,87.60002
20260616T110434Z,26.4,87.5
20260616T110449Z,26.4,87.3
20260616T110505Z,26.4,87.60002
20260616T110519Z,26.4,87.8
20260616T110534Z,26.4,87.70004
20260616T110550Z,26.4,87.9
20260616T110605Z,26.4,88.20004
20260616T110620Z,26.4,88.0
20260616T110634Z,26.4,88.0
20260616T110650Z,26.4,88.0
20260616T110705Z,26.4,88.10002
20260616T110719Z,26.4,88.0
20260616T110734Z,26.4,87.8
20260616T110750Z,26.4,87.60002
20260616T110805Z,26.4,87.60002
20260616T110819Z,26.4,87.5
20260616T110835Z,26.4,87.5
20260616T110850Z,26.4,87.4
20260616T110905Z,26.4,87.5
20260616T110919Z,26.4,87.60002
20260616T110935Z,26.5,87.60002
20260616T110950Z,26.5,87.5
20260616T111004Z,26.5,87.5
20260616T111020Z,26.5,87.5
20260616T111035Z,26.5,87.3
20260616T111049Z,26.5,87.20004
20260616T111104Z,26.5,87.3
20260616T111120Z,26.5,87.20004
20260616T111135Z,26.5,87.4
20260616T111149Z,26.5,87.3
20260616T111205Z,26.5,87.60002
20260616T111220Z,26.5,87.8
20260616T111234Z,26.5,87.5
20260616T111249Z,26.5,87.4
20260616T111305Z,26.5,87.5
20260616T111319Z,26.5,87.3
20260616T111334Z,26.5,87.20004
20260616T111349Z,26.5,87.3
20260616T111405Z,26.5,87.60002
20260616T111420Z,26.6,87.60002
20260616T111435Z,26.6,87.5
20260616T111451Z,26.6,87.20004
20260616T111505Z,26.5,87.20004
20260616T111520Z,26.6,87.20004
20260616T111535Z,26.6,87.0
20260616T111550Z,26.6,87.10002
20260616T111605Z,26.6,87.20004
20260616T111620Z,26.6,87.4
20260616T111635Z,26.6,87.20004
20260616T111650Z,26.6,87.10002
20260616T111705Z,26.6,87.0
20260616T111720Z,26.6,86.9
20260616T111735Z,26.6,86.9
20260616T111750Z,26.6,87.0
20260616T111805Z,26.6,87.10002
20260616T111820Z,26.6,87.10002
20260616T111835Z,26.6,87.10002
20260616T111850Z,26.6,86.9
20260616T111904Z,26.6,87.10002
20260616T111920Z,26.6,87.0
20260616T111935Z,26.6,86.9
20260616T111950Z,26.6,87.0
20260616T112004Z,26.6,86.9
20260616T112020Z,26.6,87.20004
20260616T112035Z,26.6,87.4
20260616T112049Z,26.6,87.4
20260616T112105Z,26.6,87.4
20260616T112120Z,26.6,87.0
20260616T112135Z,26.6,86.9
20260616T112150Z,26.70001,87.0
20260616T112205Z,26.70001,87.20004
20260616T112220Z,26.70001,87.10002
20260616T112235Z,26.70001,86.9
20260616T112251Z,26.70001,87.20004
20260616T112305Z,26.70001,87.10002
20260616T112320Z,26.70001,87.5
20260616T112335Z,26.70001,87.3
20260616T112351Z,26.70001,87.10002
20260616T112405Z,26.70001,87.10002
20260616T112420Z,26.70001,86.8
20260616T112436Z,26.70001,86.9
20260616T112451Z,26.70001,87.0
20260616T112506Z,26.70001,87.10002
20260616T112520Z,26.70001,87.0
20260616T112536Z,26.70001,87.0
20260616T112551Z,26.70001,87.0
20260616T112606Z,26.70001,86.9
20260616T112621Z,26.70001,87.10002
20260616T112636Z,26.70001,87.20004
20260616T112651Z,26.70001,87.20004
20260616T112706Z,26.70001,87.20004
20260616T112722Z,26.70001,87.20004
20260616T112737Z,26.70001,87.0
20260616T112751Z,26.70001,87.0
20260616T112805Z,26.70001,87.3
20260616T112821Z,26.70001,87.20004
20260616T112836Z,26.70001,87.3
20260616T112851Z,26.70001,87.20004
20260616T112907Z,26.70001,87.20004
20260616T112921Z,26.70001,87.20004
20260616T112936Z,26.70001,87.20004
20260616T112951Z,26.70001,87.10002
20260616T113007Z,26.80001,87.3
20260616T113022Z,26.70001,87.4
20260616T113036Z,26.70001,87.10002
20260616T113052Z,26.70001,87.0
20260616T113107Z,26.80001,87.10002
20260616T113122Z,26.70001,87.20004
20260616T113137Z,26.80001,87.3
20260616T113152Z,26.80001,87.4
20260616T113207Z,26.80001,87.3
20260616T113222Z,26.80001,87.3
20260616T113237Z,26.80001,87.3
20260616T113253Z,26.80001,87.3
20260616T113308Z,26.80001,87.20004
20260616T113322Z,26.80001,86.9
20260616T113338Z,26.80001,86.9
20260616T113353Z,26.80001,86.8
20260616T113408Z,26.80001,86.60002
20260616T113423Z,26.80001,86.60002
20260616T113439Z,26.80001,87.0
20260616T113453Z,26.80001,86.9
20260616T113508Z,26.80001,86.70004
20260616T113524Z,26.80001,86.70004
20260616T113539Z,26.80001,86.70004
20260616T113554Z,26.80001,86.70004
20260616T113608Z,26.80001,86.5
20260616T113624Z,26.80001,86.5
20260616T113639Z,26.80001,86.5
20260616T113654Z,26.80001,86.4
20260616T113710Z,26.80001,86.5
20260616T113724Z,26.80001,86.5
20260616T113739Z,26.80001,86.4
20260616T113754Z,26.80001,86.4
20260616T113810Z,26.80001,86.70004
20260616T113824Z,26.80001,86.5
20260616T113839Z,26.80001,86.3
20260616T113854Z,26.80001,86.5
20260616T113910Z,26.80001,86.4
20260616T113925Z,26.80001,86.4
20260616T113939Z,26.80001,86.4
20260616T113955Z,26.9,86.70004
20260616T114010Z,26.80001,86.70004
20260616T114025Z,26.9,86.5
20260616T114039Z,26.9,86.5
20260616T114055Z,26.9,86.4
20260616T114110Z,26.9,86.4
20260616T114125Z,26.9,86.4
20260616T114141Z,26.9,86.70004
20260616T114155Z,26.9,86.5
20260616T114210Z,26.9,86.4
20260616T114225Z,26.9,86.60002
20260616T114241Z,26.9,86.4
20260616T114255Z,26.9,86.4
20260616T114310Z,26.9,86.4
20260616T114326Z,26.9,86.10002
20260616T114341Z,26.9,86.3
20260616T114356Z,26.9,86.20004
20260616T114410Z,26.9,86.10002
20260616T114426Z,26.9,86.0
20260616T114441Z,26.9,86.20004
20260616T114456Z,26.9,86.20004
20260616T114511Z,26.9,86.20004
20260616T114526Z,26.9,86.20004
20260616T114541Z,26.9,86.10002
20260616T114556Z,26.9,86.0
20260616T114612Z,26.9,86.0
20260616T114627Z,26.9,86.20004
20260616T114641Z,26.9,86.0
20260616T114656Z,26.9,86.10002
20260616T114712Z,26.9,86.10002
20260616T114727Z,26.9,86.20004
20260616T114742Z,26.9,85.70004
20260616T114757Z,26.9,86.10002
20260616T114812Z,26.9,86.10002
20260616T114827Z,26.9,85.9
20260616T114842Z,26.9,86.3
20260616T114857Z,26.9,86.20004
20260616T114912Z,26.9,86.10002
20260616T114927Z,26.9,85.9
20260616T114942Z,26.9,85.9
20260616T114958Z,26.9,86.0
20260616T115012Z,26.9,86.10002
20260616T115027Z,26.9,85.60002
20260616T115043Z,26.9,86.0
20260616T115058Z,26.9,86.4
20260616T115112Z,26.9,86.10002
20260616T115127Z,26.9,85.9
20260616T115143Z,26.9,86.0
20260616T115158Z,26.9,86.4
20260616T115212Z,26.9,86.3
20260616T115228Z,26.9,86.20004
20260616T115243Z,26.9,85.8
20260616T115258Z,26.9,85.70004
20260616T115312Z,26.9,85.9
20260616T115328Z,26.9,86.0
20260616T115343Z,26.9,86.10002
20260616T115358Z,26.9,86.3
20260616T115413Z,26.9,86.60002
20260616T115428Z,26.9,86.20004
20260616T115443Z,26.9,86.20004
20260616T115458Z,26.9,86.3
20260616T115514Z,26.9,86.4
20260616T115528Z,26.9,86.20004
20260616T115543Z,26.9,86.20004
20260616T115558Z,26.9,86.10002
20260616T115614Z,26.9,85.8
20260616T115628Z,26.9,85.8
20260616T115643Z,26.9,85.8
20260616T115659Z,26.9,86.0
20260616T115713Z,26.9,86.10002
20260616T115728Z,26.9,85.9
20260616T115743Z,26.9,85.8
20260616T115759Z,26.9,85.8
20260616T115814Z,26.9,85.8
20260616T115828Z,26.9,85.9
20260616T115844Z,26.9,85.8
20260616T115859Z,26.9,86.0
20260616T115914Z,26.9,86.3
20260616T115928Z,26.9,86.0
20260616T115944Z,26.9,85.8
20260616T115959Z,26.9,85.9
20260616T120014Z,26.9,86.4
20260616T120029Z,26.9,86.10002
20260616T120044Z,26.9,86.0
20260616T120059Z,27.0,85.8
20260616T120114Z,26.9,85.5
20260616T120129Z,26.9,85.8
20260616T120144Z,26.9,85.8
20260616T120159Z,26.9,85.8
20260616T120214Z,26.9,86.10002
20260616T120229Z,26.9,86.20004
20260616T120244Z,26.9,86.10002
20260616T120259Z,27.0,86.0
20260616T120315Z,26.9,86.10002
20260616T120329Z,26.9,86.0
20260616T120344Z,26.9,85.8
20260616T120359Z,27.0,85.8
20260616T120415Z,26.9,85.70004
20260616T120429Z,26.9,85.70004
20260616T120444Z,26.9,86.10002
20260616T120500Z,26.9,85.9
20260616T120515Z,27.0,85.8
20260616T120530Z,26.9,85.60002
20260616T120544Z,26.9,86.10002
20260616T120600Z,26.9,86.10002
20260616T120615Z,26.9,86.20004
20260616T120630Z,26.9,85.8
20260616T120645Z,26.9,85.70004
20260616T120700Z,26.9,85.8
20260616T120715Z,26.9,85.70004
20260616T120730Z,26.9,86.0
20260616T120746Z,26.9,85.9
20260616T120800Z,26.9,85.9
20260616T120815Z,26.9,85.8
20260616T120830Z,26.9,85.8
20260616T120846Z,26.9,86.0
20260616T120901Z,26.9,86.0
20260616T120915Z,26.9,86.0
20260616T120931Z,26.9,86.0
20260616T120946Z,26.9,86.0
20260616T121001Z,26.9,85.9
20260616T121016Z,26.9,85.9
20260616T121031Z,26.9,85.9
20260616T121046Z,27.0,85.9
20260616T121101Z,27.0,85.9
20260616T121117Z,26.9,85.9
20260616T121132Z,26.9,86.20004
20260616T121146Z,27.0,86.10002
20260616T121200Z,27.0,86.10002
20260616T121216Z,27.0,86.0
20260616T121231Z,26.9,85.9
20260616T121246Z,27.0,86.10002
20260616T121301Z,26.9,86.0
20260616T121316Z,26.9,86.20004
20260616T121331Z,27.0,86.5
20260616T121346Z,26.9,86.5
20260616T121402Z,27.0,86.20004
20260616T121416Z,27.0,86.0
20260616T121431Z,27.0,86.0
20260616T121447Z,27.0,86.20004
20260616T121502Z,27.0,86.3
20260616T121516Z,27.0,86.20004
20260616T121531Z,27.0,86.20004
20260616T121547Z,27.0,86.0
20260616T121602Z,27.0,86.0
20260616T121617Z,27.0,85.8
20260616T121631Z,27.0,85.70004
20260616T121647Z,27.0,85.9
20260616T121702Z,27.0,86.10002
20260616T121717Z,27.0,86.20004
20260616T121732Z,27.0,86.20004
20260616T121747Z,27.0,86.10002
20260616T121802Z,27.0,85.9
20260616T121817Z,27.0,85.8
20260616T121833Z,26.9,85.70004
20260616T121847Z,27.0,85.60002
20260616T121902Z,27.0,85.5
20260616T121918Z,27.0,86.20004
20260616T121933Z,26.9,86.3
20260616T121948Z,27.0,86.3
20260616T122002Z,27.0,86.0
20260616T122018Z,27.0,85.8
20260616T122033Z,27.0,86.10002
20260616T122048Z,27.0,86.0
20260616T122102Z,27.0,85.9
20260616T122118Z,27.0,85.60002
20260616T122133Z,27.0,86.20004
20260616T122148Z,27.0,86.10002
20260616T122204Z,27.0,85.9
20260616T122218Z,27.0,86.0
20260616T122233Z,27.0,86.0
20260616T122248Z,27.0,86.0
20260616T122304Z,27.0,86.20004
20260616T122319Z,27.0,86.5
20260616T122333Z,27.0,86.20004
20260616T122349Z,27.0,86.0
20260616T122404Z,27.0,85.9
20260616T122419Z,27.0,86.0
20260616T122433Z,27.0,86.20004
20260616T122449Z,27.0,86.10002
20260616T122504Z,27.0,86.10002
20260616T122519Z,27.0,86.10002
20260616T122534Z,27.0,86.20004
20260616T122549Z,27.0,86.10002
20260616T122604Z,27.0,85.9
20260616T122619Z,27.0,85.8
20260616T122634Z,27.0,85.9
20260616T122649Z,27.0,86.0
20260616T122704Z,27.0,86.0
20260616T122719Z,27.0,86.10002
20260616T122735Z,27.0,86.10002
20260616T122749Z,27.0,86.20004
20260616T122804Z,27.0,86.0
20260616T122820Z,27.0,86.0
20260616T122835Z,27.0,86.10002
20260616T122849Z,27.0,86.4
20260616T122904Z,27.0,86.3
20260616T122920Z,27.0,86.4
20260616T122935Z,27.0,86.5
20260616T122949Z,27.0,86.5
20260616T123005Z,27.0,86.5
20260616T123020Z,27.0,86.3
20260616T123035Z,27.0,86.4
20260616T123050Z,27.0,86.5
20260616T123106Z,27.0,86.4
20260616T123120Z,27.0,86.4
20260616T123135Z,27.0,86.4
20260616T123150Z,27.0,86.4
20260616T123206Z,27.0,86.4
20260616T123221Z,27.0,86.4
20260616T123235Z,27.0,86.4
20260616T123251Z,27.0,86.3
20260616T123306Z,27.0,86.3
20260616T123321Z,27.0,86.20004
20260616T123336Z,27.0,86.3
20260616T123352Z,27.0,86.4
20260616T123406Z,27.0,86.3
20260616T123421Z,27.0,86.4
20260616T123437Z,27.0,86.4
20260616T123452Z,27.0,86.3
20260616T123507Z,27.0,86.20004
20260616T123522Z,27.0,86.5
20260616T123537Z,27.0,86.60002
20260616T123552Z,26.9,86.60002
20260616T123607Z,26.9,86.3
20260616T123623Z,26.9,86.3
20260616T123638Z,26.9,86.8
20260616T123653Z,27.0,86.60002
20260616T123707Z,27.0,86.4
20260616T123723Z,26.9,86.3
20260616T123738Z,26.9,86.8
20260616T123753Z,27.0,86.5
20260616T123808Z,27.0,86.4
20260616T123824Z,26.9,86.5
20260616T123838Z,26.9,86.4
20260616T123853Z,26.9,86.5
20260616T123909Z,26.9,86.5
20260616T123924Z,26.9,86.8
20260616T123939Z,26.9,86.5
20260616T123954Z,26.9,86.70004
20260616T124009Z,26.9,86.5
20260616T124024Z,26.9,86.60002
20260616T124039Z,26.9,86.5
20260616T124055Z,26.9,86.70004
20260616T124110Z,26.9,86.8
20260616T124125Z,26.9,86.70004
20260616T124139Z,26.9,86.4
20260616T124155Z,26.9,86.5
20260616T124210Z,26.9,86.5
20260616T124225Z,26.9,86.5
20260616T124241Z,26.9,86.5
20260616T124256Z,26.9,86.5
20260616T124310Z,26.9,86.4
20260616T124325Z,26.9,86.70004
20260616T124341Z,26.9,86.8
20260616T124356Z,26.9,86.60002
20260616T124411Z,26.9,86.60002
20260616T124426Z,26.9,86.70004
20260616T124441Z,26.9,86.70004
20260616T124456Z,26.9,86.60002
20260616T124511Z,26.9,86.60002
20260616T124527Z,26.9,86.5
20260616T124542Z,26.9,86.60002
20260616T124557Z,26.9,86.70004
20260616T124611Z,26.9,86.60002
20260616T124627Z,27.0,86.60002
20260616T124642Z,26.9,86.70004
20260616T124657Z,26.9,86.70004
20260616T124713Z,26.9,86.8
20260616T124728Z,26.9,86.8
20260616T124742Z,26.9,86.8
20260616T124757Z,26.9,86.8
20260616T124813Z,27.0,86.8
20260616T124828Z,26.9,86.8
20260616T124843Z,27.0,86.70004
20260616T124859Z,27.0,86.8
20260616T124913Z,27.0,86.8
20260616T124928Z,27.0,86.8
20260616T124943Z,27.0,86.70004
20260616T124959Z,27.0,86.8
20260616T125014Z,27.0,86.8
20260616T125029Z,27.0,86.8
20260616T125043Z,27.0,86.70004
20260616T125059Z,27.0,86.70004
20260616T125114Z,27.0,86.8
20260616T125129Z,27.0,86.8
20260616T125145Z,27.0,86.8
20260616T125200Z,27.0,86.8
20260616T125214Z,27.0,86.8
20260616T125228Z,27.0,86.70004
20260616T125244Z,27.0,86.8
20260616T125259Z,27.0,86.8
20260616T125314Z,27.0,86.8
20260616T125330Z,27.0,86.70004
20260616T125344Z,27.0,86.60002
20260616T125359Z,27.0,86.70004
20260616T125414Z,27.0,86.70004
20260616T125430Z,27.0,86.8
20260616T125445Z,27.0,87.0
20260616T125500Z,26.9,87.0
20260616T125515Z,27.0,86.9
20260616T125529Z,27.0,86.9
20260616T125544Z,26.9,86.8
20260616T125559Z,27.0,86.8
20260616T125615Z,27.0,86.9
20260616T125630Z,27.0,86.9
20260616T125644Z,26.9,86.9
20260616T125659Z,27.0,87.10002
20260616T125715Z,26.9,86.9
20260616T125730Z,26.9,86.9
20260616T125745Z,26.9,86.9
20260616T125801Z,26.9,86.9
20260616T125815Z,26.9,86.9
20260616T125830Z,26.9,87.0
20260616T125845Z,26.9,86.8
20260616T125901Z,26.9,87.0
20260616T125916Z,26.9,87.0
20260616T125931Z,26.9,86.9
20260616T125946Z,26.9,86.8
20260616T130001Z,26.9,86.8
20260616T130016Z,26.9,86.8
20260616T130031Z,26.9,86.9
20260616T130047Z,26.9,87.10002
20260616T130102Z,26.9,87.0
20260616T130116Z,26.9,87.0
20260616T130132Z,26.9,87.0
20260616T130147Z,26.9,86.8
20260616T130202Z,26.9,86.8
20260616T130217Z,26.9,86.8
20260616T130233Z,26.9,86.70004
20260616T130247Z,26.9,86.8
20260616T130302Z,26.9,87.0
20260616T130317Z,26.9,86.8
20260616T130333Z,26.9,87.0
20260616T130348Z,26.9,86.8
20260616T130403Z,26.9,86.9
20260616T130418Z,26.9,86.8
20260616T130433Z,26.9,86.8
20260616T130448Z,26.9,86.8
20260616T130503Z,26.9,86.9
20260616T130519Z,26.9,87.10002
20260616T130533Z,26.9,87.20004
20260616T130548Z,26.9,87.10002
20260616T130604Z,26.9,86.9
20260616T130619Z,26.9,87.0
20260616T130634Z,26.9,86.8
20260616T130649Z,26.9,86.8
20260616T130704Z,26.9,86.9
20260616T130719Z,26.9,87.10002
20260616T130734Z,26.9,86.9
20260616T130750Z,26.9,87.10002
20260616T130805Z,26.9,86.9
20260616T130820Z,26.9,86.9
20260616T130834Z,26.9,86.9
20260616T130850Z,26.9,86.9
20260616T130905Z,26.9,86.8
20260616T130920Z,26.9,86.9
20260616T130935Z,26.9,86.9
20260616T130950Z,26.9,86.8
20260616T131005Z,26.9,86.8
20260616T131020Z,26.9,86.8
20260616T131036Z,26.9,86.9
20260616T131051Z,26.9,86.70004
20260616T131106Z,26.9,86.70004
20260616T131120Z,26.9,86.8
20260616T131136Z,26.9,86.8
20260616T131151Z,26.9,86.8
20260616T131206Z,26.9,86.8
20260616T131222Z,26.9,86.9
20260616T131237Z,26.9,86.9
20260616T131251Z,26.9,86.9
20260616T131306Z,26.9,86.9
20260616T131322Z,26.9,86.8
20260616T131337Z,26.9,86.8
20260616T131352Z,26.9,86.9
20260616T131407Z,26.9,86.9
20260616T131421Z,26.9,86.9
20260616T131436Z,26.9,86.9
20260616T131451Z,26.9,86.8
20260616T131507Z,26.9,86.8
20260616T131522Z,26.9,86.8
20260616T131536Z,26.9,86.8
20260616T131551Z,26.9,86.8
20260616T131607Z,26.9,86.70004
20260616T131622Z,26.9,86.8
20260616T131637Z,26.9,86.70004
20260616T131652Z,26.9,86.70004
20260616T131707Z,26.9,86.60002
20260616T131722Z,26.9,86.8
20260616T131737Z,26.9,86.8
20260616T131753Z,26.9,86.70004
20260616T131808Z,26.9,86.70004
20260616T131822Z,26.9,86.8
20260616T131838Z,26.9,86.8
20260616T131853Z,26.9,86.9
20260616T131908Z,26.9,86.8
20260616T131923Z,26.9,86.9
20260616T131939Z,26.9,86.9
20260616T131953Z,26.9,86.8
20260616T132008Z,26.9,86.8
20260616T132023Z,26.9,86.70004
20260616T132039Z,26.9,86.8
20260616T132054Z,26.9,86.9
20260616T132109Z,26.9,86.8
20260616T132124Z,26.9,86.8
20260616T132139Z,26.80001,86.8
20260616T132154Z,26.9,86.70004
20260616T132209Z,26.9,86.8
20260616T132225Z,26.9,86.8
20260616T132240Z,26.9,86.8
20260616T132254Z,26.9,86.70004
20260616T132310Z,26.9,86.8
20260616T132325Z,26.9,86.70004
20260616T132340Z,26.9,86.9
20260616T132355Z,26.9,86.8
20260616T132411Z,26.9,86.70004
20260616T132425Z,26.9,86.8
20260616T132440Z,26.9,86.8
20260616T132456Z,26.9,86.8
20260616T132511Z,26.9,86.70004
20260616T132526Z,26.9,86.70004
20260616T132541Z,26.9,86.8
20260616T132556Z,26.9,86.8
20260616T132611Z,26.9,86.70004
20260616T132626Z,26.9,86.70004
20260616T132641Z,26.9,86.8
20260616T132657Z,26.9,86.9
20260616T132712Z,26.9,86.9
20260616T132726Z,26.9,86.8
20260616T132742Z,26.9,86.70004
20260616T132757Z,26.9,86.70004
20260616T132812Z,26.9,86.70004
20260616T132827Z,26.9,86.70004
20260616T132842Z,26.9,86.70004
20260616T132856Z,26.9,86.70004
20260616T132911Z,26.9,86.70004
20260616T132927Z,26.9,86.70004
20260616T132942Z,26.9,86.70004
20260616T132957Z,26.9,86.70004
20260616T133011Z,26.9,86.60002
20260616T133027Z,26.9,86.60002
20260616T133042Z,26.9,86.60002
20260616T133057Z,26.9,86.60002
20260616T133113Z,26.9,86.5
20260616T133128Z,26.9,86.5
20260616T133142Z,26.9,86.5
20260616T133157Z,26.9,86.5
20260616T133213Z,26.9,86.5
20260616T133228Z,26.9,86.3
20260616T133243Z,26.9,86.8
20260616T133259Z,26.9,87.0
20260616T133313Z,26.9,87.10002
20260616T133328Z,26.9,87.10002
20260616T133343Z,26.9,87.10002
20260616T133359Z,26.9,87.0
20260616T133414Z,26.9,87.10002
20260616T133428Z,26.9,87.10002
20260616T133443Z,26.9,87.10002
20260616T133459Z,26.9,87.0
20260616T133514Z,26.9,87.0
20260616T133529Z,26.9,86.9
20260616T133545Z,26.9,87.0
20260616T133559Z,26.9,87.0
20260616T133614Z,26.9,87.10002
20260616T133629Z,26.9,86.9
20260616T133645Z,26.9,87.10002
20260616T133700Z,26.9,87.3
20260616T133715Z,26.9,87.3
20260616T133730Z,26.9,87.3
20260616T133745Z,26.9,87.10002
20260616T133800Z,26.9,87.10002
20260616T133815Z,26.9,87.20004
20260616T133831Z,26.9,87.3
20260616T133846Z,26.9,87.4
20260616T133900Z,26.9,87.20004
20260616T133915Z,26.9,86.9
20260616T133931Z,26.9,87.10002
20260616T133946Z,26.80001,87.0
20260616T134001Z,26.80001,87.4
20260616T134017Z,26.9,87.3
20260616T134031Z,26.80001,87.20004
20260616T134046Z,26.9,87.10002
20260616T134101Z,26.80001,87.20004
20260616T134117Z,26.80001,87.3
20260616T134132Z,26.80001,87.10002
20260616T134147Z,26.80001,87.20004
20260616T134202Z,26.80001,86.9
20260616T134217Z,26.80001,87.10002
20260616T134232Z,26.80001,87.4
20260616T134247Z,26.9,87.4
20260616T134303Z,26.80001,87.4
20260616T134317Z,26.80001,87.4
20260616T134332Z,26.9,87.3
20260616T134348Z,26.80001,87.3
20260616T134403Z,26.80001,87.3
20260616T134418Z,26.80001,87.4
20260616T134433Z,26.9,87.4
20260616T134448Z,26.9,87.4
20260616T134503Z,26.9,87.3
20260616T134518Z,26.80001,87.4
20260616T134533Z,26.9,87.3
20260616T134549Z,26.80001,87.4
20260616T134603Z,26.9,87.5
20260616T134618Z,26.80001,87.4
20260616T134634Z,26.9,87.3
20260616T134649Z,26.80001,87.0
20260616T134704Z,26.9,87.4
20260616T134718Z,26.9,87.20004
20260616T134734Z,26.9,87.4
20260616T134749Z,26.80001,87.4
20260616T134804Z,26.80001,87.4
20260616T134820Z,26.9,87.5
20260616T134834Z,26.9,87.5
20260616T134849Z,26.9,87.60002
20260616T134904Z,26.80001,87.5
20260616T134920Z,26.9,87.70004
20260616T134935Z,26.80001,87.70004
20260616T134949Z,26.80001,87.60002
20260616T135005Z,26.9,87.4
20260616T135020Z,26.9,87.60002
20260616T135035Z,26.80001,87.3
20260616T135050Z,26.9,87.20004
20260616T135105Z,26.9,87.3
20260616T135120Z,26.9,87.5
20260616T135135Z,26.9,87.5
20260616T135150Z,26.9,87.20004
20260616T135206Z,26.9,87.20004
20260616T135220Z,26.9,87.0
20260616T135235Z,26.9,87.20004
20260616T135251Z,26.9,87.10002
20260616T135306Z,26.9,87.10002
20260616T135321Z,26.9,87.10002
20260616T135335Z,26.9,87.0
20260616T135351Z,26.9,87.3
20260616T135406Z,26.9,87.0
20260616T135421Z,26.9,87.0
20260616T135437Z,26.9,87.20004
20260616T135452Z,26.9,87.10002
20260616T135506Z,26.9,87.10002
20260616T135521Z,26.9,87.3
20260616T135537Z,26.9,87.5
20260616T135552Z,26.9,87.5
20260616T135607Z,26.9,87.20004
20260616T135622Z,26.9,87.3
20260616T135637Z,26.9,87.3
20260616T135652Z,26.9,87.4
20260616T135707Z,26.9,87.3
20260616T135723Z,26.9,87.10002
20260616T135738Z,26.9,87.0
20260616T135752Z,26.9,87.0
20260616T135807Z,26.9,87.10002
20260616T135823Z,26.9,87.0
20260616T135838Z,26.9,87.10002
20260616T135853Z,26.9,87.10002
20260616T135909Z,26.9,87.10002
20260616T135923Z,26.9,87.10002
20260616T135938Z,26.9,87.10002
20260616T135953Z,26.9,87.20004
20260616T140009Z,26.9,87.4
20260616T140024Z,26.9,87.3
20260616T140039Z,26.9,87.5
20260616T140054Z,26.9,87.5
20260616T140109Z,26.9,87.3
20260616T140124Z,26.9,87.20004
20260616T140139Z,26.9,87.10002
20260616T140155Z,26.9,87.20004
20260616T140210Z,26.9,87.10002
20260616T140224Z,26.9,87.20004
20260616T140240Z,26.9,87.5
20260616T140255Z,27.0,87.5
20260616T140310Z,26.9,87.60002
20260616T140325Z,26.9,87.5
20260616T140341Z,27.0,87.60002
20260616T140355Z,26.9,87.70004
20260616T140410Z,26.9,87.60002
20260616T140425Z,27.0,87.5
20260616T140441Z,26.9,87.5
20260616T140456Z,26.9,87.70004
20260616T140511Z,27.0,87.8
20260616T140526Z,27.0,87.8
20260616T140541Z,26.9,87.8
20260616T140556Z,26.9,88.10002
20260616T140611Z,26.9,88.10002
20260616T140627Z,26.9,88.10002
20260616T140642Z,26.9,88.10002
20260616T140656Z,26.9,88.10002
20260616T140711Z,27.0,88.10002
20260616T140726Z,27.0,88.20004
20260616T140741Z,27.0,88.3
20260616T140756Z,27.0,88.4
20260616T140812Z,27.0,88.4
20260616T140826Z,26.9,88.4
20260616T140841Z,27.0,88.3
20260616T140856Z,27.0,88.4
20260616T140912Z,27.0,88.20004
20260616T140927Z,27.0,88.3
20260616T140942Z,27.0,88.20004
20260616T140958Z,27.0,88.10002
20260616T141012Z,27.0,88.10002
20260616T141027Z,27.0,88.10002
20260616T141042Z,27.0,87.9
20260616T141058Z,27.0,87.9
20260616T141113Z,27.0,87.9
20260616T141128Z,27.0,88.0
20260616T141143Z,27.0,88.10002
20260616T141158Z,27.0,88.20004
20260616T141213Z,27.0,88.20004
20260616T141228Z,27.0,88.20004
20260616T141244Z,27.0,88.5
20260616T141259Z,27.0,88.4
20260616T141313Z,27.0,88.3
20260616T141329Z,27.0,88.3
20260616T141344Z,27.0,88.20004
20260616T141359Z,27.0,88.3
20260616T141414Z,27.0,88.20004
20260616T141430Z,27.0,88.3
20260616T141445Z,27.0,88.4
20260616T141459Z,27.0,88.3
20260616T141514Z,27.0,88.5
20260616T141530Z,27.0,88.5
20260616T141545Z,27.0,88.5
20260616T141600Z,27.0,88.4
20260616T141616Z,27.0,88.3
20260616T141630Z,27.0,88.3
20260616T141645Z,27.0,88.5
20260616T141700Z,27.0,88.4
20260616T141716Z,27.0,88.3
20260616T141731Z,27.0,88.5
20260616T141746Z,27.0,88.5
20260616T141801Z,27.0,88.5
20260616T141815Z,27.0,88.5
20260616T141830Z,27.0,88.4
20260616T141845Z,27.0,88.5
20260616T141901Z,27.0,88.5
20260616T141916Z,27.0,88.5
20260616T141930Z,27.0,88.4
20260616T141945Z,27.0,88.3
20260616T142000Z,27.0,88.5
20260616T142015Z,27.0,88.80004
20260616T142030Z,27.0,88.60002
20260616T142046Z,27.0,88.70004
20260616T142100Z,27.0,88.70004
20260616T142114Z,27.0,88.60002
20260616T142129Z,27.0,88.60002
20260616T142145Z,27.0,88.5
20260616T142200Z,27.0,88.5
20260616T142215Z,27.0,88.4
20260616T142230Z,27.0,88.5
20260616T142244Z,27.0,88.5
20260616T142259Z,27.0,88.5
20260616T142314Z,27.0,88.4
20260616T142330Z,27.0,88.4
20260616T142345Z,27.0,88.4
20260616T142359Z,27.0,88.60002
20260616T142415Z,27.0,88.60002
20260616T142430Z,27.0,88.70004
20260616T142445Z,27.0,88.70004
20260616T142500Z,27.0,88.70004
20260616T142516Z,27.0,88.60002
20260616T142531Z,27.0,88.60002
20260616T142545Z,27.0,88.60002
20260616T142601Z,27.0,88.5
20260616T142616Z,27.0,88.60002
20260616T142631Z,27.0,88.5
20260616T142646Z,27.0,88.5
20260616T142702Z,27.0,88.60002
20260616T142716Z,27.0,88.60002
20260616T142731Z,27.0,88.60002
20260616T142746Z,27.0,88.5
20260616T142802Z,27.0,88.70004
20260616T142817Z,27.0,88.60002
20260616T142832Z,27.1,88.60002
20260616T142848Z,27.0,88.5
20260616T142902Z,27.1,88.60002
20260616T142917Z,27.0,88.60002
20260616T142932Z,27.0,88.80004
20260616T142948Z,27.1,88.9
20260616T143003Z,27.1,88.80004
20260616T143018Z,27.0,88.70004
20260616T143033Z,27.0,88.60002
20260616T143048Z,27.0,88.70004
20260616T143103Z,27.1,88.70004
20260616T143118Z,27.0,88.70004
20260616T143134Z,27.0,88.80004
20260616T143149Z,27.0,88.60002
20260616T143203Z,27.1,88.60002
20260616T143219Z,27.0,88.70004
20260616T143234Z,27.0,88.80004
20260616T143249Z,27.1,88.80004
20260616T143304Z,27.0,88.80004
20260616T143320Z,27.1,88.9
20260616T143335Z,27.1,89.4
20260616T143349Z,27.1,89.30004
20260616T143404Z,27.1,89.30004
20260616T143420Z,27.1,89.5
20260616T143435Z,27.1,89.4
20260616T143450Z,27.1,89.5
20260616T143506Z,27.1,89.20004
20260616T143520Z,27.1,89.10002
20260616T143535Z,27.1,89.0
20260616T143550Z,27.1,89.10002
20260616T143606Z,27.1,89.10002
20260616T143621Z,27.1,89.10002
20260616T143636Z,27.1,89.10002
20260616T143652Z,27.1,89.10002
20260616T143706Z,27.1,89.10002
20260616T143721Z,27.1,89.20004
20260616T143736Z,27.1,89.10002
20260616T143752Z,27.1,89.20004
20260616T143807Z,27.1,89.10002
20260616T143822Z,27.1,89.0
20260616T143837Z,27.1,89.0
20260616T143852Z,27.1,88.9
20260616T143907Z,27.1,89.0
20260616T143922Z,27.20001,89.0
20260616T143938Z,27.20001,88.9
20260616T143953Z,27.20001,88.80004
20260616T144007Z,27.20001,88.80004
20260616T144022Z,27.20001,88.70004
20260616T144038Z,27.20001,88.60002
20260616T144053Z,27.20001,88.5
20260616T144108Z,27.20001,88.70004
20260616T144124Z,27.20001,89.0
20260616T144138Z,27.20001,88.80004
20260616T144153Z,27.20001,88.80004
20260616T144208Z,27.20001,88.70004
20260616T144224Z,27.20001,88.80004
20260616T144239Z,27.20001,88.70004
20260616T144254Z,27.20001,88.5
20260616T144310Z,27.20001,88.5
20260616T144324Z,27.20001,88.5
20260616T144339Z,27.20001,88.4
20260616T144354Z,27.20001,88.4
20260616T144410Z,27.20001,88.5
20260616T144425Z,27.20001,88.5
20260616T144440Z,27.20001,88.60002
20260616T144455Z,27.20001,88.60002
20260616T144510Z,27.20001,88.60002
20260616T144525Z,27.20001,88.5
20260616T144540Z,27.20001,88.60002
20260616T144556Z,27.20001,88.70004
20260616T144611Z,27.20001,88.80004
20260616T144626Z,27.20001,88.70004
20260616T144641Z,27.20001,88.80004
20260616T144656Z,27.20001,88.80004
20260616T144710Z,27.20001,88.80004
20260616T144725Z,27.20001,88.70004
20260616T144741Z,27.20001,88.70004
20260616T144756Z,27.20001,88.70004
20260616T144811Z,27.20001,88.70004
20260616T144826Z,27.20001,88.70004
20260616T144841Z,27.20001,88.80004
20260616T144855Z,27.20001,88.70004
20260616T144910Z,27.30001,88.80004
20260616T144926Z,27.20001,88.70004
20260616T144941Z,27.30001,88.70004
20260616T144956Z,27.30001,88.5
20260616T145011Z,27.30001,88.5
20260616T145027Z,27.30001,88.60002
20260616T145041Z,27.30001,88.60002
20260616T145056Z,27.30001,88.60002
20260616T145111Z,27.30001,88.60002
20260616T145127Z,27.30001,88.60002
20260616T145142Z,27.30001,88.5
20260616T145157Z,27.30001,88.60002
20260616T145213Z,27.30001,88.4
20260616T145228Z,27.30001,88.4
20260616T145242Z,27.30001,88.5
20260616T145256Z,27.30001,88.5
20260616T145312Z,27.30001,88.4
20260616T145327Z,27.30001,88.3
20260616T145342Z,27.30001,88.3
20260616T145358Z,27.30001,88.4
20260616T145413Z,27.30001,88.4
20260616T145428Z,27.30001,88.4
20260616T145442Z,27.30001,88.3
20260616T145457Z,27.30001,88.4
20260616T145512Z,27.30001,88.3
20260616T145527Z,27.30001,88.3
20260616T145543Z,27.30001,88.10002
20260616T145558Z,27.30001,88.10002
20260616T145613Z,27.30001,88.3
20260616T145628Z,27.4,88.3
20260616T145643Z,27.30001,88.3
20260616T145657Z,27.4,88.10002
20260616T145712Z,27.4,88.10002
20260616T145727Z,27.4,88.20004
20260616T145743Z,27.4,88.10002
20260616T145758Z,27.4,88.0
20260616T145813Z,27.4,88.0
20260616T145829Z,27.4,87.8
20260616T145844Z,27.4,88.0
20260616T145858Z,27.4,88.10002
20260616T145912Z,27.4,88.10002
20260616T145928Z,27.4,88.0
20260616T145943Z,27.4,88.0
20260616T145958Z,27.4,88.0
20260616T150014Z,27.4,88.0
20260616T150029Z,27.4,88.0
20260616T150044Z,27.4,88.0
20260616T150059Z,27.4,87.8
20260616T150114Z,27.4,87.70004
20260616T150129Z,27.4,87.8
20260616T150144Z,27.4,87.8
20260616T150200Z,27.4,87.9
20260616T150215Z,27.4,87.9
20260616T150230Z,27.4,87.8
20260616T150245Z,27.4,87.9
20260616T150301Z,27.4,87.8
20260616T150316Z,27.4,87.8
20260616T150330Z,27.4,87.8
20260616T150344Z,27.4,87.8
20260616T150400Z,27.4,87.8
20260616T150415Z,27.4,87.70004
20260616T150430Z,27.4,87.60002
20260616T150446Z,27.4,87.70004
20260616T150501Z,27.4,87.70004
20260616T150516Z,27.4,87.70004
20260616T150531Z,27.4,87.60002
20260616T150546Z,27.4,87.60002
20260616T150601Z,27.4,87.5
20260616T150616Z,27.4,87.5
20260616T150632Z,27.4,87.4
20260616T150647Z,27.4,87.60002
20260616T150702Z,27.4,87.60002
20260616T150717Z,27.4,87.60002
20260616T150733Z,27.5,87.5
20260616T150747Z,27.4,87.70004
20260616T150801Z,27.5,87.70004
20260616T150817Z,27.5,87.70004
20260616T150832Z,27.5,87.5
20260616T150847Z,27.5,87.5
20260616T150902Z,27.5,87.5
20260616T150918Z,27.5,87.60002
20260616T150932Z,27.5,87.60002
20260616T150946Z,27.5,87.4
20260616T151001Z,27.5,87.4
20260616T151017Z,27.5,87.4
20260616T151032Z,27.5,87.4
20260616T151047Z,27.5,87.4
20260616T151103Z,27.5,87.5
20260616T151117Z,27.5,87.4
20260616T151132Z,27.5,87.4
20260616T151147Z,27.5,87.4
20260616T151203Z,27.5,87.3
20260616T151218Z,27.5,87.3
20260616T151233Z,27.5,87.3
20260616T151248Z,27.5,87.4
20260616T151303Z,27.5,87.4
20260616T151318Z,27.5,87.4
20260616T151333Z,27.5,87.5
20260616T151349Z,27.5,87.5
20260616T151404Z,27.5,87.5
20260616T151418Z,27.5,87.4
20260616T151432Z,27.5,87.4
20260616T151448Z,27.5,87.3
20260616T151503Z,27.5,87.3
20260616T151518Z,27.5,87.3
20260616T151534Z,27.5,87.4
20260616T151549Z,27.5,87.4
20260616T151604Z,27.5,87.4
20260616T151618Z,27.5,87.4
20260616T151633Z,27.5,87.4
20260616T151648Z,27.5,87.4
20260616T151703Z,27.5,87.4
20260616T151719Z,27.5,87.4
20260616T151734Z,27.5,87.4
20260616T151749Z,27.5,87.3
20260616T151803Z,27.5,87.3
20260616T151819Z,27.6,87.3
20260616T151834Z,27.5,87.3
20260616T151849Z,27.5,87.3
20260616T151905Z,27.5,87.3
20260616T151920Z,27.6,87.20004
20260616T151934Z,27.5,87.10002
20260616T151949Z,27.6,87.20004
20260616T152005Z,27.6,87.4
20260616T152020Z,27.6,87.20004
20260616T152035Z,27.6,87.20004
20260616T152050Z,27.6,87.20004
20260616T152105Z,27.6,87.20004
20260616T152120Z,27.6,87.20004
20260616T152135Z,27.6,87.3
20260616T152151Z,27.6,87.3
20260616T152206Z,27.6,87.3
20260616T152220Z,27.6,87.20004
20260616T152235Z,27.6,87.3
20260616T152251Z,27.6,87.3
20260616T152306Z,27.6,87.3
20260616T152321Z,27.6,87.20004
20260616T152337Z,27.6,87.3
20260616T152351Z,27.6,87.3
20260616T152406Z,27.6,87.4
20260616T152421Z,27.6,87.20004
20260616T152437Z,27.6,87.3
20260616T152452Z,27.6,87.5
20260616T152506Z,27.6,87.5
20260616T152521Z,27.6,87.60002
20260616T152536Z,27.6,87.60002
20260616T152551Z,27.6,87.5
20260616T152606Z,27.6,87.20004
20260616T152622Z,27.6,87.20004
20260616T152636Z,27.6,87.10002
20260616T152651Z,27.6,87.8
20260616T152706Z,27.6,88.3
20260616T152722Z,27.5,88.4
20260616T152737Z,27.5,88.4
20260616T152751Z,27.5,88.3
20260616T152807Z,27.5,88.3
20260616T152822Z,27.5,88.3
20260616T152836Z,27.4,88.10002
20260616T152851Z,27.4,88.20004
20260616T152906Z,27.4,88.3
20260616T152921Z,27.30001,88.20004
20260616T152935Z,27.30001,88.20004
20260616T152951Z,27.30001,88.3
20260616T153005Z,27.20001,88.3
20260616T153020Z,27.20001,88.20004
20260616T153034Z,27.20001,88.20004
20260616T153050Z,27.1,88.20004
20260616T153104Z,27.1,88.10002
20260616T153119Z,27.0,88.20004
20260616T153135Z,27.0,88.10002
20260616T153150Z,27.0,88.0
20260616T153205Z,26.9,87.8
20260616T153220Z,26.9,88.10002
20260616T153236Z,26.9,87.9
20260616T153250Z,26.9,87.70004
20260616T153305Z,26.80001,87.8
20260616T153319Z,26.80001,87.4
20260616T153335Z,26.80001,87.8
20260616T153350Z,26.70001,87.4
20260616T153405Z,26.70001,87.4
20260616T153421Z,26.6,87.20004
20260616T153435Z,26.6,87.70004
20260616T153450Z,26.6,87.5
20260616T153505Z,26.6,87.5
20260616T153521Z,26.6,87.10002
20260616T153536Z,26.5,87.70004
20260616T153550Z,26.5,87.60002
20260616T153606Z,26.5,87.3
20260616T153621Z,26.5,87.3
20260616T153636Z,26.5,86.9
20260616T153651Z,26.4,86.9
20260616T153706Z,26.4,86.9
20260616T153721Z,26.4,86.5
20260616T153736Z,26.30001,86.5
20260616T153750Z,26.30001,86.60002
20260616T153806Z,26.30001,86.70004
20260616T153821Z,26.30001,86.60002
20260616T153836Z,26.20001,86.5
20260616T153852Z,26.20001,86.70004
20260616T153906Z,26.20001,86.4
20260616T153921Z,26.1,86.3
20260616T153936Z,26.20001,86.60002
20260616T153951Z,26.1,86.3
20260616T154006Z,26.1,86.3
20260616T154021Z,26.1,86.4
20260616T154036Z,26.1,86.0
20260616T154051Z,26.0,86.0
20260616T154106Z,26.0,86.0
20260616T154121Z,26.0,85.9
20260616T154137Z,26.0,85.60002
20260616T154151Z,25.9,85.5
20260616T154206Z,25.9,85.4
20260616T154222Z,25.9,85.4
20260616T154236Z,25.9,85.4
20260616T154251Z,25.80001,85.5
20260616T154306Z,25.80001,85.5
20260616T154321Z,25.80001,85.20004
20260616T154336Z,25.80001,85.20004
20260616T154351Z,25.70001,85.20004
20260616T154406Z,25.70001,84.9
20260616T154422Z,25.70001,85.20004
20260616T154437Z,25.70001,85.10002
20260616T154452Z,25.70001,85.0
20260616T154508Z,25.70001,84.9
20260616T154523Z,25.6,84.8
20260616T154538Z,25.6,85.0
20260616T154552Z,25.6,84.8
20260616T154608Z,25.6,84.8
20260616T154623Z,25.6,84.5
20260616T154637Z,25.5,84.5
20260616T154653Z,25.5,84.5
20260616T154708Z,25.5,84.5
20260616T154722Z,25.5,84.10002
20260616T154737Z,25.5,84.10002
20260616T154753Z,25.5,84.20004
20260616T154808Z,25.5,84.10002
20260616T154823Z,25.5,84.3
20260616T154839Z,25.4,84.3
20260616T154854Z,25.4,83.9
20260616T154908Z,25.4,83.9
20260616T154923Z,25.4,83.9
20260616T154939Z,25.4,84.0
20260616T154953Z,25.4,83.9
20260616T155008Z,25.30001,83.8
20260616T155023Z,25.30001,83.8
20260616T155039Z,25.30001,83.8
20260616T155053Z,25.30001,83.60002
20260616T155108Z,25.30001,83.60002
20260616T155124Z,25.30001,83.4
20260616T155138Z,25.30001,83.5
20260616T155153Z,25.30001,83.5
20260616T155208Z,25.20001,83.3
20260616T155224Z,25.20001,83.5
20260616T155238Z,25.20001,83.3
20260616T155253Z,25.20001,83.20003
20260616T155309Z,25.20001,83.3
20260616T155324Z,25.20001,83.20003
20260616T155339Z,25.20001,83.10002
20260616T155354Z,25.1,83.10002
20260616T155410Z,25.1,83.3
20260616T155424Z,25.1,82.9
20260616T155439Z,25.1,83.10002
20260616T155455Z,25.1,83.10002
20260616T155510Z,25.1,82.9
20260616T155524Z,25.1,82.9
20260616T155539Z,25.1,82.8
20260616T155555Z,25.0,82.8
20260616T155610Z,25.0,83.0
20260616T155624Z,25.0,82.60002
20260616T155639Z,25.0,82.70003
20260616T155655Z,25.0,82.70003
20260616T155709Z,25.0,82.70003
20260616T155723Z,25.0,82.60002
20260616T155739Z,25.0,82.3
20260616T155754Z,25.0,82.4
20260616T155808Z,25.0,82.4
20260616T155823Z,25.0,82.5
20260616T155839Z,25.0,82.20003
20260616T155854Z,25.0,82.4
20260616T155908Z,25.0,82.20003
20260616T155924Z,25.0,82.0
20260616T155939Z,25.0,82.20003
20260616T155954Z,24.9,82.10002
20260616T160008Z,24.9,81.9
20260616T160024Z,24.9,82.0
20260616T160039Z,24.9,81.9
20260616T160054Z,24.9,82.0
20260616T160109Z,24.9,81.8
20260616T160124Z,24.9,81.8
20260616T160139Z,24.9,81.9
20260616T160154Z,24.9,81.9
20260616T160209Z,24.9,81.9
20260616T160224Z,24.80001,81.70003
20260616T160239Z,24.80001,81.60002
20260616T160254Z,24.80001,81.8
20260616T160309Z,24.80001,81.5
20260616T160324Z,24.80001,81.8
20260616T160339Z,24.80001,81.5
20260616T160355Z,24.80001,81.70003
20260616T160409Z,24.80001,81.3
20260616T160424Z,24.80001,81.5
20260616T160439Z,24.80001,81.5
20260616T160455Z,24.80001,81.4
20260616T160509Z,24.80001,81.5
20260616T160524Z,24.80001,81.3
20260616T160540Z,24.80001,81.3
20260616T160555Z,24.80001,81.20003
20260616T160609Z,24.70001,81.4
20260616T160623Z,24.70001,81.10002
20260616T160639Z,24.70001,81.20003
20260616T160654Z,24.70001,81.0
20260616T160709Z,24.70001,81.10002
20260616T160724Z,24.70001,81.10002
20260616T160739Z,24.70001,81.20003
20260616T160754Z,24.70001,81.0
20260616T160809Z,24.70001,81.10002
20260616T160824Z,24.70001,81.20003
20260616T160839Z,24.70001,81.10002
20260616T160854Z,24.70001,81.0
20260616T160909Z,24.70001,81.0
20260616T160924Z,24.70001,81.10002
20260616T160938Z,24.70001,80.9
20260616T160953Z,24.70001,81.10002
20260616T161009Z,24.70001,80.70003
20260616T161024Z,24.70001,80.8
20260616T161038Z,24.6,80.8
20260616T161053Z,24.6,80.60002
20260616T161109Z,24.6,80.4
20260616T161124Z,24.6,80.9
20260616T161138Z,24.6,80.60002
20260616T161154Z,24.6,80.60002
20260616T161209Z,24.6,80.60002
20260616T161224Z,24.6,80.60002
20260616T161238Z,24.6,80.5
20260616T161253Z,24.6,80.8
20260616T161308Z,24.6,80.60002
20260616T161323Z,24.6,80.60002
20260616T161339Z,24.6,80.3
20260616T161353Z,24.6,80.5
20260616T161408Z,24.6,80.4
20260616T161423Z,24.6,80.70003
20260616T161439Z,24.5,80.70003
20260616T161453Z,24.6,80.70003
20260616T161507Z,24.5,80.5
20260616T161522Z,24.5,80.4
20260616T161538Z,24.6,80.4
20260616T161553Z,24.6,80.5
20260616T161607Z,24.5,80.4
20260616T161623Z,24.5,80.3
20260616T161638Z,24.5,80.3
20260616T161653Z,24.5,80.20003
20260616T161707Z,24.5,80.0
20260616T161723Z,24.5,80.5
20260616T161738Z,24.5,80.10002
20260616T161753Z,24.5,80.0
20260616T161808Z,24.5,80.10002
20260616T161822Z,24.5,80.20003
20260616T161837Z,24.5,80.0
20260616T161852Z,24.5,80.3
20260616T161908Z,24.5,80.20003
20260616T161922Z,24.5,80.3
20260616T161937Z,24.5,80.5
20260616T161952Z,24.5,80.20003
20260616T162008Z,24.5,81.10002
20260616T162023Z,24.5,81.60002
20260616T162037Z,24.5,80.70003
20260616T162053Z,24.5,81.3
20260616T162108Z,24.5,81.5
20260616T162123Z,24.5,80.9
20260616T162137Z,24.5,80.60002
20260616T162153Z,24.5,80.70003
20260616T162208Z,24.5,80.3
20260616T162223Z,24.5,80.3
20260616T162239Z,24.5,80.20003
20260616T162253Z,24.5,80.4
20260616T162308Z,24.5,80.20003
20260616T162323Z,24.5,80.20003
20260616T162339Z,24.4,80.3
20260616T162353Z,24.4,80.20003
20260616T162407Z,24.4,80.10002
20260616T162423Z,24.4,80.3
20260616T162438Z,24.4,80.20003
20260616T162453Z,24.4,80.20003
20260616T162507Z,24.4,80.0
20260616T162523Z,24.4,80.10002
20260616T162538Z,24.4,79.8
20260616T162553Z,24.30001,80.10002
20260616T162608Z,24.30001,80.20003
20260616T162623Z,24.30001,79.9
20260616T162638Z,24.30001,79.8
20260616T162653Z,24.30001,80.10002
20260616T162709Z,24.30001,80.0
20260616T162724Z,24.30001,80.10002
20260616T162738Z,24.30001,79.9
20260616T162753Z,24.30001,79.8
20260616T162809Z,24.30001,79.70003
20260616T162824Z,24.30001,79.70003
20260616T162839Z,24.20001,79.9
20260616T162854Z,24.30001,80.0
20260616T162909Z,24.30001,79.70003
20260616T162924Z,24.20001,79.8
20260616T162939Z,24.20001,79.70003
20260616T162955Z,24.20001,79.4
20260616T163009Z,24.20001,79.8
20260616T163024Z,24.20001,79.8
20260616T163040Z,24.20001,79.60002
20260616T163055Z,24.20001,79.60002
20260616T163110Z,24.20001,79.60002
20260616T163124Z,24.20001,79.5
20260616T163140Z,24.20001,79.60002
20260616T163155Z,24.20001,79.5
20260616T163210Z,24.20001,79.5
20260616T163224Z,24.20001,79.5
20260616T163239Z,24.20001,79.4
20260616T163254Z,24.20001,79.4
20260616T163309Z,24.20001,79.4
20260616T163325Z,24.1,79.60002
20260616T163340Z,24.1,79.60002
20260616T163354Z,24.1,79.20003
20260616T163409Z,24.1,79.3
20260616T163425Z,24.1,79.4
20260616T163440Z,24.1,79.5
20260616T163455Z,24.1,79.5
20260616T163510Z,24.1,79.60002
20260616T163524Z,24.1,79.3
20260616T163539Z,24.1,79.4
20260616T163554Z,24.1,79.4
20260616T163610Z,24.1,79.20003
20260616T163625Z,24.1,79.3
20260616T163639Z,24.1,79.20003
20260616T163655Z,24.1,79.4
20260616T163710Z,24.1,79.20003
20260616T163725Z,24.1,79.20003
20260616T163740Z,24.1,79.20003
20260616T163755Z,24.1,79.20003
20260616T163809Z,24.1,79.10002
20260616T163824Z,24.0,79.20003
20260616T163839Z,24.0,79.3
20260616T163855Z,24.0,79.0
20260616T163909Z,24.0,79.10002
20260616T163923Z,24.0,79.3
20260616T163939Z,24.0,78.9
20260616T163954Z,24.0,78.9
20260616T164009Z,24.0,79.0
20260616T164024Z,24.0,79.3
20260616T164039Z,24.0,79.20003
20260616T164053Z,24.0,79.10002
20260616T164108Z,24.0,79.10002
20260616T164124Z,24.0,78.9
20260616T164139Z,24.0,79.20003
20260616T164154Z,24.0,79.0
20260616T164208Z,24.0,78.9
20260616T164224Z,24.0,79.10002
20260616T164239Z,24.0,78.9
20260616T164254Z,24.0,79.0
20260616T164310Z,24.0,79.0
20260616T164324Z,23.9,78.70003
20260616T164338Z,24.0,79.10002
20260616T164353Z,23.9,78.9
20260616T164409Z,23.9,78.9
20260616T164424Z,23.9,78.9
20260616T164439Z,23.9,78.9
20260616T164453Z,23.9,78.9
20260616T164509Z,23.9,78.9
20260616T164524Z,23.9,79.0
20260616T164539Z,23.9,78.8
20260616T164555Z,23.9,78.8
20260616T164609Z,23.9,78.8
20260616T164623Z,23.9,78.70003
20260616T164638Z,23.9,78.60002
20260616T164654Z,23.9,78.8
20260616T164709Z,23.9,78.8
20260616T164724Z,23.9,78.9
20260616T164739Z,23.9,78.8
20260616T164753Z,23.9,78.8
20260616T164808Z,23.9,78.9
20260616T164823Z,23.80001,78.70003
20260616T164839Z,23.9,78.60002
20260616T164854Z,23.80001,78.70003
20260616T164908Z,23.9,78.70003
20260616T164923Z,23.9,78.70003
20260616T164939Z,23.80001,78.70003
20260616T164954Z,23.80001,78.60002
20260616T165009Z,23.9,78.70003
20260616T165025Z,23.80001,78.8
20260616T165039Z,23.80001,78.8
20260616T165054Z,23.80001,79.60002
20260616T165109Z,23.80001,79.3
20260616T165125Z,23.9,80.3
20260616T165140Z,23.80001,79.3
20260616T165154Z,23.80001,79.5
20260616T165209Z,23.9,80.3
20260616T165224Z,23.9,80.20003
20260616T165239Z,23.80001,79.70003
20260616T165254Z,23.9,79.8
20260616T165310Z,23.9,79.9
20260616T165325Z,23.9,79.70003
20260616T165339Z,23.9,79.60002
20260616T165355Z,23.9,79.8
20260616T165410Z,23.9,79.60002
20260616T165425Z,23.9,79.5
20260616T165440Z,23.9,79.5
20260616T165455Z,23.9,79.4
20260616T165509Z,23.9,79.60002
20260616T165524Z,23.9,79.60002
20260616T165539Z,23.9,79.4
20260616T165555Z,23.9,79.10002
20260616T165610Z,23.9,79.4
20260616T165624Z,23.9,79.8
20260616T165639Z,23.9,79.70003
20260616T165654Z,23.9,79.5
20260616T165709Z,23.9,79.4
20260616T165724Z,23.9,79.5
20260616T165740Z,23.9,79.5
20260616T165754Z,23.9,79.4
20260616T165808Z,23.9,79.70003
20260616T165824Z,23.9,79.5
20260616T165839Z,23.9,79.10002
20260616T165854Z,23.9,79.8
20260616T165909Z,23.80001,79.5
20260616T165924Z,23.80001,79.70003
20260616T165938Z,23.80001,79.5
20260616T165953Z,23.80001,79.8
20260616T170009Z,23.80001,79.4
20260616T170024Z,23.80001,79.60002
20260616T170039Z,23.80001,79.60002
20260616T170054Z,23.80001,79.5
20260616T170109Z,23.80001,79.70003
20260616T170124Z,23.80001,79.70003
20260616T170139Z,23.80001,79.5
20260616T170154Z,23.80001,79.60002
20260616T170210Z,23.80001,79.5
20260616T170225Z,23.80001,79.60002
20260616T170239Z,23.80001,79.3
20260616T170255Z,23.80001,79.70003
20260616T170310Z,23.80001,79.5
20260616T170325Z,23.80001,79.5
20260616T170340Z,23.80001,79.60002
20260616T170356Z,23.80001,79.5
20260616T170410Z,23.80001,79.5
20260616T170425Z,23.80001,79.4
20260616T170441Z,23.80001,79.4
20260616T170456Z,23.80001,79.60002
20260616T170511Z,23.80001,79.4
20260616T170526Z,23.80001,79.4
20260616T170541Z,23.80001,79.60002
20260616T170556Z,23.80001,79.60002
20260616T170611Z,23.80001,79.3
20260616T170627Z,23.80001,79.20003
20260616T170642Z,23.80001,79.5
20260616T170656Z,23.70001,79.4
20260616T170710Z,23.70001,79.60002
20260616T170726Z,23.70001,79.3
20260616T170741Z,23.70001,79.4
20260616T170756Z,23.70001,79.4
20260616T170811Z,23.70001,79.4
20260616T170827Z,23.70001,79.5
20260616T170841Z,23.70001,79.5
20260616T170856Z,23.80001,79.5
20260616T170912Z,23.70001,79.70003
20260616T170927Z,23.70001,79.60002
20260616T170942Z,23.70001,79.4
20260616T170957Z,23.80001,79.4
20260616T171012Z,23.80001,79.3
20260616T171027Z,23.70001,79.20003
20260616T171042Z,23.70001,79.4
20260616T171058Z,23.70001,79.5
20260616T171113Z,23.70001,79.4
20260616T171128Z,23.70001,79.4
20260616T171142Z,23.70001,79.5
20260616T171158Z,23.70001,79.4
20260616T171213Z,23.70001,79.3
20260616T171228Z,23.70001,79.4
20260616T171244Z,23.70001,79.4
20260616T171259Z,23.70001,79.4
20260616T171313Z,23.70001,79.3
20260616T171328Z,23.70001,79.4
20260616T171344Z,23.70001,79.4
20260616T171359Z,23.70001,79.3
20260616T171414Z,23.70001,79.3
20260616T171429Z,23.70001,79.4
20260616T171444Z,23.6,79.3
20260616T171458Z,23.6,79.20003
20260616T171513Z,23.70001,79.5
20260616T171529Z,23.6,79.4
20260616T171544Z,23.70001,79.3
20260616T171559Z,23.70001,79.3
20260616T171613Z,23.6,79.3
20260616T171628Z,23.6,79.20003
20260616T171643Z,23.6,79.3
20260616T171658Z,23.6,79.3
20260616T171714Z,23.6,79.10002
20260616T171729Z,23.6,79.5
20260616T171744Z,23.6,79.4
20260616T171758Z,23.6,79.4
20260616T171813Z,23.6,79.3
20260616T171828Z,23.6,79.3
20260616T171843Z,23.6,79.4
20260616T171859Z,23.6,79.5
20260616T171914Z,23.6,79.5
20260616T171929Z,23.6,79.3
20260616T171943Z,23.6,79.20003
20260616T171959Z,23.6,79.3
20260616T172014Z,23.6,79.3
20260616T172029Z,23.6,79.4
20260616T172044Z,23.6,79.3
20260616T172100Z,23.6,79.5
20260616T172114Z,23.6,79.4
20260616T172128Z,23.6,79.20003
20260616T172144Z,23.6,79.3
20260616T172159Z,23.6,79.5
20260616T172214Z,23.6,79.4
20260616T172229Z,23.6,79.4
20260616T172245Z,23.6,79.3
20260616T172259Z,23.6,79.5
20260616T172313Z,23.6,79.20003
20260616T172329Z,23.6,79.3
20260616T172344Z,23.6,79.4
20260616T172359Z,23.6,79.4
20260616T172414Z,23.5,79.4
20260616T172430Z,23.6,79.3
20260616T172444Z,23.5,79.20003
20260616T172458Z,23.5,79.20003
20260616T172513Z,23.6,79.3
20260616T172529Z,23.5,79.4
20260616T172544Z,23.5,79.20003
20260616T172559Z,23.5,79.20003
20260616T172615Z,23.5,79.20003
20260616T172629Z,23.5,79.4
20260616T172643Z,23.5,79.3
20260616T172657Z,23.5,79.4
20260616T172713Z,23.5,79.3
20260616T172728Z,23.5,79.20003
20260616T172743Z,23.5,79.4
20260616T172759Z,23.5,79.4
20260616T172814Z,23.5,79.20003
20260616T172828Z,23.5,79.3
20260616T172842Z,23.5,79.3
20260616T172857Z,23.5,79.4
20260616T172912Z,23.5,79.20003
20260616T172927Z,23.5,79.20003
20260616T172943Z,23.4,79.4
20260616T172958Z,23.4,79.4
20260616T173013Z,23.5,79.5
20260616T173027Z,23.4,79.4
20260616T173042Z,23.4,79.20003
20260616T173057Z,23.4,79.5
20260616T173112Z,23.4,79.4
20260616T173127Z,23.4,79.3
20260616T173143Z,23.4,79.3
20260616T173158Z,23.4,79.3
20260616T173213Z,23.4,79.3
20260616T173228Z,23.4,79.3
20260616T173242Z,23.4,79.5
20260616T173257Z,23.4,79.3
20260616T173312Z,23.4,79.3
20260616T173328Z,23.4,79.4
20260616T173343Z,23.4,79.0
20260616T173358Z,23.4,79.10002
20260616T173413Z,23.4,79.3
20260616T173427Z,23.4,79.10002
20260616T173441Z,23.4,79.5
20260616T173456Z,23.4,79.3
20260616T173512Z,23.4,79.20003
20260616T173527Z,23.4,79.10002
20260616T173542Z,23.4,79.20003
20260616T173558Z,23.4,79.20003
20260616T173612Z,23.30001,79.4
20260616T173626Z,23.4,79.3
20260616T173640Z,23.30001,79.3
20260616T173656Z,23.30001,79.20003
20260616T173711Z,23.30001,79.10002
20260616T173726Z,23.30001,79.20003
20260616T173741Z,23.30001,79.20003
20260616T173757Z,23.30001,79.4
20260616T173812Z,23.30001,79.10002
20260616T173826Z,23.30001,79.3
20260616T173841Z,23.30001,79.20003
20260616T173856Z,23.30001,79.3
20260616T173911Z,23.30001,79.3
20260616T173926Z,23.30001,79.3
20260616T173942Z,23.30001,79.3
20260616T173957Z,23.30001,79.3
20260616T174012Z,23.30001,79.0
20260616T174027Z,23.30001,79.3
20260616T174041Z,23.30001,79.20003
20260616T174056Z,23.30001,79.4
20260616T174111Z,23.30001,79.10002
20260616T174127Z,23.30001,79.3
20260616T174142Z,23.30001,79.0
20260616T174157Z,23.30001,79.4
20260616T174213Z,23.30001,79.0
20260616T174227Z,23.30001,79.20003
20260616T174241Z,23.30001,79.10002
20260616T174256Z,23.30001,79.20003
20260616T174312Z,23.30001,79.10002
20260616T174327Z,23.30001,79.0
20260616T174342Z,23.30001,79.3
20260616T174357Z,23.30001,79.10002
20260616T174413Z,23.30001,79.0
20260616T174427Z,23.30001,79.0
20260616T174441Z,23.30001,79.0
20260616T174456Z,23.20001,79.20003
20260616T174511Z,23.20001,79.0
20260616T174526Z,23.30001,79.20003
20260616T174541Z,23.20001,79.10002
20260616T174557Z,23.20001,79.20003
20260616T174612Z,23.30001,79.0
20260616T174627Z,23.20001,79.20003
20260616T174642Z,23.20001,78.9
20260616T174656Z,23.20001,79.3
20260616T174711Z,23.20001,79.0
20260616T174726Z,23.20001,79.20003
20260616T174742Z,23.20001,79.20003
20260616T174757Z,23.20001,79.20003
20260616T174812Z,23.20001,79.20003
20260616T174827Z,23.20001,79.10002
20260616T174842Z,23.20001,79.10002
20260616T174856Z,23.20001,79.0
20260616T174910Z,23.20001,79.0
20260616T174926Z,23.20001,79.0
20260616T174941Z,23.20001,79.10002
20260616T174956Z,23.20001,78.9
20260616T175011Z,23.20001,79.3
20260616T175027Z,23.20001,79.0
20260616T175042Z,23.20001,79.10002
20260616T175057Z,23.20001,79.0
20260616T175112Z,23.20001,78.9
20260616T175126Z,23.20001,79.10002
20260616T175141Z,23.20001,78.9
20260616T175156Z,23.20001,79.10002
20260616T175212Z,23.20001,78.9
20260616T175227Z,23.20001,79.3
20260616T175242Z,23.20001,79.0
20260616T175258Z,23.20001,78.9
20260616T175312Z,23.20001,79.0
20260616T175326Z,23.20001,78.8
20260616T175340Z,23.20001,78.9
20260616T175356Z,23.20001,79.20003
20260616T175411Z,23.20001,79.0
20260616T175426Z,23.20001,79.0
20260616T175441Z,23.20001,79.0
20260616T175457Z,23.20001,78.9
20260616T175512Z,23.20001,79.10002
20260616T175526Z,23.20001,78.9
20260616T175541Z,23.20001,79.10002
20260616T175555Z,23.20001,78.9
20260616T175610Z,23.20001,79.3
20260616T175625Z,23.20001,78.8
20260616T175641Z,23.20001,78.8
20260616T175656Z,23.20001,78.8
20260616T175711Z,23.1,79.20003
20260616T175727Z,23.1,78.9
20260616T175742Z,23.1,78.9
20260616T175756Z,23.1,79.10002
20260616T175810Z,23.1,78.9
20260616T175826Z,23.1,79.0
20260616T175841Z,23.1,79.0
20260616T175856Z,23.1,79.10002
20260616T175912Z,23.1,79.0
20260616T175927Z,23.1,79.0
20260616T175942Z,23.1,78.9
20260616T175957Z,23.1,78.9
20260616T180012Z,23.1,78.9
20260616T180026Z,23.1,78.9
20260616T180040Z,23.1,78.60002
20260616T180056Z,23.1,78.60002
20260616T180111Z,23.1,78.9
20260616T180126Z,23.1,78.9
20260616T180141Z,23.1,78.9
20260616T180157Z,23.1,78.9
20260616T180212Z,23.1,78.9
20260616T180227Z,23.1,78.9
20260616T180241Z,23.1,78.8
20260616T180256Z,23.1,79.10002
20260616T180310Z,23.1,78.8
20260616T180325Z,23.1,78.60002
20260616T180341Z,23.1,78.8
20260616T180356Z,23.1,78.70003
20260616T180411Z,23.1,78.70003
20260616T180426Z,23.1,78.70003
20260616T180442Z,23.1,78.70003
20260616T180456Z,23.0,78.60002
20260616T180510Z,23.1,78.9
20260616T180525Z,23.0,78.70003
20260616T180539Z,23.1,78.9
20260616T180554Z,23.1,78.8
20260616T180609Z,23.0,78.70003
20260616T180625Z,23.1,78.70003
20260616T180640Z,23.1,78.60002
20260616T180655Z,23.1,78.70003
20260616T180711Z,23.1,78.60002
20260616T180726Z,23.0,78.60002
20260616T180740Z,23.1,78.70003
20260616T180754Z,23.1,78.8
20260616T180809Z,23.0,78.8
20260616T180824Z,23.0,78.70003
20260616T180839Z,23.0,78.8
20260616T180854Z,23.1,78.8
20260616T180910Z,23.0,78.5
20260616T180925Z,23.0,78.9
20260616T180940Z,23.0,78.8
20260616T180956Z,23.0,78.70003
20260616T181010Z,23.0,78.8
20260616T181024Z,23.0,78.60002
20260616T181038Z,23.0,78.8
20260616T181054Z,23.0,78.60002
20260616T181109Z,23.0,78.4
20260616T181124Z,23.0,78.9
20260616T181140Z,23.0,78.70003
20260616T181155Z,23.0,78.70003
20260616T181210Z,23.0,79.0
20260616T181225Z,23.0,78.70003
20260616T181240Z,23.0,78.70003
20260616T181254Z,23.0,78.8
20260616T181308Z,23.0,78.60002
20260616T181322Z,23.0,78.9
20260616T181338Z,23.0,78.70003
20260616T181353Z,23.0,78.8
20260616T181408Z,23.0,78.8
20260616T181424Z,23.0,78.70003
20260616T181439Z,22.9,78.60002
20260616T181454Z,23.0,78.8
20260616T181509Z,23.0,78.60002
20260616T181524Z,23.0,78.60002
20260616T181538Z,23.0,78.60002
20260616T181552Z,23.0,79.0
20260616T181607Z,23.0,78.70003
20260616T181622Z,23.0,78.70003
20260616T181637Z,23.0,78.8
20260616T181652Z,23.0,78.70003
20260616T181708Z,23.0,78.8
20260616T181723Z,23.0,78.8
20260616T181738Z,23.0,78.60002
20260616T181753Z,23.0,78.60002
20260616T181808Z,23.0,78.70003
20260616T181822Z,23.0,78.70003
20260616T181836Z,23.0,78.5
20260616T181851Z,23.0,78.70003
20260616T181906Z,22.9,78.8
20260616T181921Z,23.0,78.9
20260616T181936Z,22.9,78.5
20260616T181952Z,22.9,78.9
20260616T182007Z,22.9,78.60002
20260616T182022Z,22.9,78.8
20260616T182038Z,22.9,78.5
20260616T182052Z,22.9,78.70003
20260616T182106Z,22.9,78.8
20260616T182120Z,22.9,78.70003
20260616T182135Z,22.9,79.0
20260616T182150Z,22.9,78.5
20260616T182205Z,22.9,78.70003
20260616T182221Z,22.9,78.8
20260616T182236Z,22.9,78.9
20260616T182251Z,22.9,78.8
20260616T182306Z,22.9,78.60002
20260616T182322Z,22.9,78.60002
20260616T182337Z,22.9,78.8
20260616T182351Z,22.9,79.0
20260616T182405Z,22.9,78.9
20260616T182420Z,22.9,78.70003
20260616T182434Z,22.9,78.5
20260616T182449Z,22.9,78.70003
20260616T182505Z,22.9,78.8
20260616T182520Z,22.9,78.9
20260616T182535Z,22.9,78.70003
20260616T182550Z,22.9,78.70003
20260616T182606Z,22.9,78.8
20260616T182621Z,22.9,78.60002
20260616T182635Z,22.9,78.60002
20260616T182650Z,22.9,78.60002
20260616T182704Z,22.9,78.8
20260616T182718Z,22.9,78.8
20260616T182733Z,22.9,78.70003
20260616T182749Z,22.9,78.8
20260616T182804Z,22.9,78.70003
20260616T182819Z,22.9,78.8
20260616T182835Z,22.9,78.70003
20260616T182850Z,22.9,78.70003
20260616T182905Z,22.9,78.60002
20260616T182920Z,22.9,78.8
20260616T182935Z,22.9,78.60002
20260616T182949Z,22.9,78.70003
20260616T183003Z,22.9,78.8
20260616T183018Z,22.9,78.8
20260616T183034Z,22.9,78.60002
20260616T183049Z,22.9,78.8
20260616T183104Z,22.9,78.8
20260616T183120Z,22.9,78.5
20260616T183135Z,22.9,78.60002
20260616T183150Z,22.80001,78.8
20260616T183205Z,22.80001,78.8
20260616T183220Z,22.80001,78.9
20260616T183234Z,22.80001,78.60002
20260616T183248Z,22.80001,78.8
20260616T183303Z,22.80001,78.8
20260616T183318Z,22.80001,78.8
20260616T183333Z,22.80001,78.8
20260616T183348Z,22.80001,78.8
20260616T183404Z,22.9,78.70003
20260616T183419Z,22.9,78.60002
20260616T183434Z,22.80001,78.60002
20260616T183450Z,22.80001,78.60002
20260616T183505Z,22.80001,78.60002
20260616T183519Z,22.80001,78.70003
20260616T183533Z,22.80001,78.70003
20260616T183548Z,22.80001,78.60002
20260616T183602Z,22.80001,78.70003
20260616T183616Z,22.80001,78.70003
20260616T183631Z,22.80001,78.60002
20260616T183647Z,22.80001,79.0
20260616T183702Z,22.80001,78.9
20260616T183717Z,22.80001,78.70003
20260616T183733Z,22.80001,78.8
20260616T183748Z,22.80001,78.5
20260616T183803Z,22.80001,78.8
20260616T183818Z,22.80001,78.70003
20260616T183833Z,22.80001,78.60002
20260616T183847Z,22.80001,78.4
20260616T183901Z,22.80001,78.70003
20260616T183916Z,22.80001,78.70003
20260616T183931Z,22.80001,78.60002
20260616T183946Z,22.80001,78.60002
20260616T184001Z,22.80001,78.70003
20260616T184017Z,22.80001,78.60002
20260616T184032Z,22.80001,78.8
20260616T184047Z,22.80001,78.5
20260616T184103Z,22.80001,78.70003
20260616T184118Z,22.80001,78.70003
20260616T184132Z,22.80001,78.60002
20260616T184146Z,22.80001,78.70003
20260616T184201Z,22.80001,78.5
20260616T184215Z,22.80001,78.9
20260616T184229Z,22.80001,78.8
20260616T184244Z,22.80001,78.60002
20260616T184300Z,22.80001,78.5
20260616T184315Z,22.80001,78.70003
20260616T184330Z,22.80001,78.70003
20260616T184346Z,22.80001,78.5
20260616T184401Z,22.80001,78.8
20260616T184416Z,22.80001,78.4
20260616T184431Z,22.80001,78.60002
20260616T184446Z,22.80001,78.8
20260616T184500Z,22.80001,78.70003
20260616T184514Z,22.80001,78.70003
20260616T184529Z,22.80001,78.60002
20260616T184544Z,22.80001,78.8
20260616T184559Z,22.80001,78.70003
20260616T184614Z,22.80001,78.60002
20260616T184630Z,22.80001,78.70003
20260616T184645Z,22.80001,78.70003
20260616T184700Z,22.80001,78.5
20260616T184716Z,22.80001,78.60002
20260616T184731Z,22.80001,78.60002
20260616T184746Z,22.80001,78.60002
20260616T184800Z,22.80001,78.70003
20260616T184815Z,22.80001,78.5
20260616T184829Z,22.80001,78.70003
20260616T184843Z,22.80001,78.60002
20260616T184857Z,22.80001,78.5
20260616T184913Z,22.80001,78.70003
20260616T184928Z,22.80001,78.70003
20260616T184943Z,22.80001,78.70003
20260616T184959Z,22.70001,78.70003
20260616T185014Z,22.80001,78.70003
20260616T185029Z,22.80001,78.60002
20260616T185044Z,22.80001,78.70003
20260616T185100Z,22.70001,78.5
20260616T185115Z,22.70001,78.60002
20260616T185130Z,22.70001,78.60002
20260616T185145Z,22.70001,78.70003
20260616T185159Z,22.70001,78.8
20260616T185213Z,22.70001,78.60002
20260616T185227Z,22.70001,78.60002
20260616T185243Z,22.70001,78.4
20260616T185258Z,22.70001,78.70003
20260616T185313Z,22.70001,78.8
20260616T185329Z,22.70001,78.70003
20260616T185344Z,22.70001,78.70003
20260616T185359Z,22.70001,78.70003
20260616T185414Z,22.80001,78.5
20260616T185430Z,22.70001,78.60002
20260616T185445Z,22.70001,78.70003
20260616T185459Z,22.80001,78.9
20260616T185513Z,22.70001,78.60002
20260616T185528Z,22.70001,78.70003
20260616T185542Z,22.70001,78.70003
20260616T185556Z,22.70001,78.60002
20260616T185612Z,22.70001,78.8
20260616T185627Z,22.70001,78.70003
20260616T185642Z,22.70001,78.8
20260616T185657Z,22.70001,78.70003
20260616T185713Z,22.70001,78.8
20260616T185728Z,22.70001,78.70003
20260616T185743Z,22.70001,78.60002
20260616T185759Z,22.70001,78.60002
20260616T185814Z,22.70001,78.8
20260616T185828Z,22.70001,78.9
20260616T185842Z,22.70001,78.8
20260616T185857Z,22.70001,78.9
20260616T185911Z,22.70001,78.9
20260616T185925Z,22.70001,78.8
20260616T185941Z,22.70001,78.70003
20260616T185956Z,22.70001,78.70003
20260616T190011Z,22.70001,78.70003
20260616T190026Z,22.70001,78.70003
20260616T190042Z,22.70001,78.8
20260616T190057Z,22.70001,78.60002
20260616T190112Z,22.70001,78.70003
20260616T190127Z,22.70001,78.8
20260616T190143Z,22.70001,78.8
20260616T190158Z,22.70001,78.60002
20260616T190212Z,22.70001,78.9
20260616T190227Z,22.70001,78.9
20260616T190241Z,22.70001,78.70003
20260616T190255Z,22.70001,78.60002
20260616T190309Z,22.70001,78.8
20260616T190325Z,22.70001,78.8
20260616T190340Z,22.70001,78.70003
20260616T190355Z,22.70001,78.8
20260616T190411Z,22.70001,78.8
20260616T190426Z,22.70001,78.60002
20260616T190441Z,22.70001,78.8
20260616T190456Z,22.70001,78.70003
20260616T190512Z,22.70001,78.8
20260616T190527Z,22.70001,78.8
20260616T190541Z,22.70001,78.60002
20260616T190556Z,22.70001,78.60002
20260616T190610Z,22.70001,78.70003
20260616T190624Z,22.70001,78.8
20260616T190638Z,22.70001,78.70003
20260616T190654Z,22.70001,78.8
20260616T190709Z,22.70001,78.8
20260616T190724Z,22.70001,78.8
20260616T190739Z,22.70001,78.70003
20260616T190755Z,22.70001,78.60002
20260616T190810Z,22.70001,78.70003
20260616T190825Z,22.70001,78.70003
20260616T190841Z,22.6,78.70003
20260616T190856Z,22.70001,78.70003
20260616T190911Z,22.70001,78.60002
20260616T190925Z,22.70001,78.8
20260616T190940Z,22.70001,78.70003
20260616T190954Z,22.70001,78.8
20260616T191008Z,22.6,78.70003
20260616T191023Z,22.6,78.70003
20260616T191038Z,22.6,78.8
20260616T191053Z,22.70001,78.8
20260616T191108Z,22.70001,78.5
20260616T191124Z,22.6,78.5
20260616T191139Z,22.6,78.60002
20260616T191154Z,22.6,78.70003
20260616T191210Z,22.6,78.5
20260616T191225Z,22.6,78.5
20260616T191240Z,22.6,78.70003
20260616T191255Z,22.6,78.60002
20260616T191311Z,22.6,78.70003
20260616T191325Z,22.6,78.5
20260616T191339Z,22.6,78.70003
20260616T191353Z,22.6,78.5
20260616T191408Z,22.6,78.70003
20260616T191422Z,22.6,78.5
20260616T191437Z,22.6,78.5
20260616T191453Z,22.6,78.70003
20260616T191508Z,22.6,78.60002
20260616T191523Z,22.6,78.8
20260616T191538Z,22.6,78.5
20260616T191554Z,22.6,78.5
20260616T191609Z,22.6,78.60002
20260616T191624Z,22.6,78.3
20260616T191640Z,22.6,78.5
20260616T191655Z,22.6,78.5
20260616T191709Z,22.70001,78.60002
20260616T191723Z,22.6,78.5
20260616T191738Z,22.6,78.4
20260616T191752Z,22.6,78.5
20260616T191806Z,22.6,78.5
20260616T191821Z,22.6,78.4
20260616T191837Z,22.6,78.60002
20260616T191852Z,22.6,78.5
20260616T191907Z,22.6,78.5
20260616T191923Z,22.6,78.60002
20260616T191938Z,22.6,78.60002
20260616T191953Z,22.6,78.70003
20260616T192008Z,22.6,78.60002
20260616T192024Z,22.6,78.70003
20260616T192039Z,22.6,78.70003
20260616T192053Z,22.6,78.4
20260616T192108Z,22.6,78.5
20260616T192122Z,22.6,78.60002
20260616T192136Z,22.6,78.60002
20260616T192150Z,22.6,78.4
20260616T192205Z,22.6,78.5
20260616T192220Z,22.6,78.5
20260616T192235Z,22.6,78.5
20260616T192251Z,22.6,78.5
20260616T192306Z,22.6,78.5
20260616T192321Z,22.6,79.20003
20260616T192336Z,22.6,80.0
20260616T192352Z,22.70001,80.70003
20260616T192407Z,22.70001,80.8
20260616T192422Z,22.70001,81.5
20260616T192437Z,22.80001,81.3
20260616T192452Z,22.80001,81.8
20260616T192506Z,22.9,81.9
20260616T192520Z,22.9,82.10002
20260616T192535Z,23.0,82.3
20260616T192550Z,23.0,82.4
20260616T192605Z,23.1,82.5
20260616T192620Z,23.1,82.60002
20260616T192636Z,23.1,82.8
20260616T192651Z,23.20001,82.9
20260616T192706Z,23.20001,82.9
20260616T192721Z,23.30001,83.0
20260616T192735Z,23.30001,83.10002
20260616T192750Z,23.30001,83.20003
20260616T192805Z,23.4,83.10002
20260616T192821Z,23.4,83.3
20260616T192836Z,23.4,83.3
20260616T192851Z,23.5,83.5
20260616T192906Z,23.5,83.60002
20260616T192921Z,23.5,83.60002
20260616T192936Z,23.6,83.70003
20260616T192951Z,23.6,83.8
20260616T193007Z,23.6,83.8
20260616T193022Z,23.70001,83.8
20260616T193036Z,23.70001,84.0
20260616T193051Z,23.70001,84.0
20260616T193107Z,23.70001,84.20004
20260616T193122Z,23.80001,84.10002
20260616T193137Z,23.80001,84.20004
20260616T193152Z,23.80001,84.4
20260616T193206Z,23.80001,84.3
20260616T193221Z,23.80001,83.60002
20260616T193236Z,23.80001,84.70004
20260616T193252Z,23.80001,82.70003
20260616T193307Z,23.80001,82.5
20260616T193321Z,23.80001,82.70003
20260616T193337Z,23.70001,82.4
20260616T193352Z,23.70001,82.4
20260616T193407Z,23.6,82.60002
20260616T193422Z,23.6,82.3
20260616T193437Z,23.6,82.4
20260616T193451Z,23.6,82.20003
20260616T193506Z,23.6,82.4
20260616T193522Z,23.5,82.10002
20260616T193537Z,23.5,81.9
20260616T193552Z,23.5,82.3
20260616T193607Z,23.4,82.10002
20260616T193622Z,23.4,81.9
20260616T193636Z,23.4,81.9
20260616T193650Z,23.4,82.0
20260616T193705Z,23.4,81.9
20260616T193721Z,23.30001,81.8
20260616T193736Z,23.30001,81.8
20260616T193751Z,23.30001,81.60002
20260616T193807Z,23.30001,81.60002
20260616T193821Z,23.30001,81.70003
20260616T193835Z,23.30001,81.60002
20260616T193850Z,23.20001,81.70003
20260616T193906Z,23.20001,81.5
20260616T193921Z,23.20001,81.5
20260616T193936Z,23.20001,81.5
20260616T193952Z,23.20001,81.5
20260616T194007Z,23.20001,81.60002
20260616T194021Z,23.20001,81.4
20260616T194035Z,23.20001,81.3
20260616T194051Z,23.1,81.3
20260616T194106Z,23.1,81.3
20260616T194121Z,23.1,81.10002
20260616T194137Z,23.1,81.3
20260616T194152Z,23.1,81.4
20260616T194207Z,23.1,81.4
20260616T194222Z,23.0,81.10002
20260616T194237Z,23.0,81.3
20260616T194251Z,23.0,81.10002
20260616T194305Z,23.0,81.20003
20260616T194320Z,23.0,81.3
20260616T194336Z,23.0,81.20003
20260616T194351Z,23.0,81.3
20260616T194406Z,23.0,81.0
20260616T194422Z,23.0,81.10002
20260616T194437Z,23.0,81.10002
20260616T194452Z,23.0,81.3
20260616T194507Z,23.0,80.9
20260616T194522Z,23.0,80.8
20260616T194536Z,23.0,80.8
20260616T194550Z,23.0,80.60002
20260616T194606Z,23.0,80.8
20260616T194621Z,23.0,80.60002
20260616T194636Z,23.0,80.70003
20260616T194651Z,22.9,80.70003
20260616T194707Z,22.9,80.60002
20260616T194722Z,22.9,80.60002
20260616T194737Z,22.9,80.4
20260616T194752Z,22.9,80.60002
20260616T194807Z,22.9,80.4
20260616T194821Z,22.9,80.3
20260616T194835Z,22.9,80.3
20260616T194851Z,22.9,80.5
20260616T194906Z,22.9,80.3
20260616T194921Z,22.9,80.3
20260616T194936Z,22.9,80.3
20260616T194952Z,22.9,80.20003
20260616T195007Z,22.9,80.3
20260616T195022Z,22.9,80.0
20260616T195038Z,22.9,80.20003
20260616T195052Z,22.80001,80.0
20260616T195106Z,22.9,80.20003
20260616T195120Z,22.9,80.3
20260616T195136Z,22.80001,79.9
20260616T195151Z,22.9,80.0
20260616T195206Z,22.80001,80.0
20260616T195222Z,22.80001,79.9
20260616T195237Z,22.80001,80.20003
20260616T195252Z,22.80001,80.20003
20260616T195307Z,22.80001,80.0
20260616T195323Z,22.80001,80.0
20260616T195337Z,22.80001,80.0
20260616T195351Z,22.80001,79.9
20260616T195405Z,22.80001,80.0
20260616T195420Z,22.80001,79.8
20260616T195435Z,22.80001,79.8
20260616T195450Z,22.80001,79.8
20260616T195506Z,22.80001,79.8
20260616T195521Z,22.80001,79.8
20260616T195536Z,22.80001,79.70003
20260616T195551Z,22.80001,79.9
20260616T195607Z,22.80001,80.0
20260616T195622Z,22.80001,79.70003
20260616T195636Z,22.80001,79.70003
20260616T195651Z,22.80001,79.60002
20260616T195705Z,22.80001,79.60002
20260616T195719Z,22.80001,79.5
20260616T195733Z,22.80001,79.60002
20260616T195749Z,22.80001,79.60002
20260616T195804Z,22.70001,79.60002
20260616T195819Z,22.70001,79.5
20260616T195835Z,22.80001,79.5
20260616T195850Z,22.70001,79.4
20260616T195905Z,22.70001,79.5
20260616T195920Z,22.70001,79.4
20260616T195936Z,22.70001,79.4
20260616T195951Z,22.70001,79.60002
20260616T200005Z,22.70001,79.5
20260616T200019Z,22.70001,79.60002
20260616T200034Z,22.70001,79.5
20260616T200048Z,22.70001,79.4
20260616T200103Z,22.70001,79.5
20260616T200119Z,22.70001,79.60002
20260616T200134Z,22.70001,79.5
20260616T200149Z,22.70001,79.5
20260616T200204Z,22.70001,79.3
20260616T200220Z,22.70001,79.4
20260616T200235Z,22.70001,79.3
20260616T200250Z,22.70001,79.20003
20260616T200306Z,22.70001,79.3
20260616T200320Z,22.70001,79.3
20260616T200334Z,22.70001,79.20003
20260616T200348Z,22.70001,79.3
20260616T200403Z,22.70001,79.5
20260616T200417Z,22.70001,79.4
20260616T200432Z,22.70001,79.4
20260616T200448Z,22.70001,79.10002
20260616T200503Z,22.70001,79.4
20260616T200518Z,22.70001,79.10002
20260616T200533Z,22.70001,79.10002
20260616T200549Z,22.70001,79.20003
20260616T200604Z,22.70001,79.3
20260616T200619Z,22.70001,79.20003
20260616T200634Z,22.70001,79.4
20260616T200650Z,22.70001,79.20003
20260616T200704Z,22.70001,79.20003
20260616T200718Z,22.70001,79.20003
20260616T200733Z,22.70001,79.10002
20260616T200747Z,22.70001,79.20003
20260616T200801Z,22.6,79.10002
20260616T200816Z,22.70001,79.20003
20260616T200832Z,22.70001,79.0
20260616T200847Z,22.6,79.10002
20260616T200902Z,22.6,79.10002
20260616T200918Z,22.6,79.0
20260616T200933Z,22.6,79.10002
20260616T200948Z,22.6,78.9
20260616T201003Z,22.6,79.10002
20260616T201019Z,22.6,79.0
20260616T201034Z,22.6,78.9
20260616T201049Z,22.6,79.10002
20260616T201104Z,22.6,79.0
20260616T201118Z,22.6,79.10002
20260616T201132Z,22.6,79.10002
20260616T201146Z,22.6,78.9
20260616T201201Z,22.6,79.20003
20260616T201215Z,22.6,79.10002
20260616T201229Z,22.6,79.0
20260616T201244Z,22.6,78.9
20260616T201300Z,22.6,78.9
20260616T201315Z,22.6,78.9
20260616T201330Z,22.6,79.20003
20260616T201346Z,22.6,79.0
20260616T201401Z,22.6,79.0
20260616T201416Z,22.6,78.9
20260616T201431Z,22.6,79.10002
20260616T201447Z,22.6,78.9
20260616T201502Z,22.6,78.8
20260616T201517Z,22.6,79.0
20260616T201533Z,22.6,79.10002
20260616T201547Z,22.6,79.0
20260616T201601Z,22.5,78.9
20260616T201615Z,22.5,79.0
20260616T201630Z,22.6,78.8
20260616T201644Z,22.6,78.9
20260616T201658Z,22.6,79.0
20260616T201714Z,22.6,78.70003
20260616T201729Z,22.5,78.9
20260616T201744Z,22.5,78.9
20260616T201759Z,22.5,78.9
20260616T201815Z,22.6,78.8
20260616T201830Z,22.5,78.70003
20260616T201845Z,22.5,78.9
20260616T201900Z,22.6,78.8
20260616T201916Z,22.6,78.70003
20260616T201931Z,22.6,78.70003
20260616T201946Z,22.5,78.9
20260616T202001Z,22.5,78.70003
20260616T202015Z,22.6,78.70003
20260616T202029Z,22.6,78.8
20260616T202043Z,22.5,78.9
20260616T202058Z,22.5,78.70003
20260616T202112Z,22.5,78.70003
20260616T202126Z,22.5,78.70003
20260616T202142Z,22.5,78.5
20260616T202157Z,22.5,78.70003
20260616T202212Z,22.5,78.5
20260616T202227Z,22.5,78.5
20260616T202243Z,22.5,78.70003
20260616T202258Z,22.5,78.60002
20260616T202313Z,22.5,78.60002
20260616T202328Z,22.5,78.70003
20260616T202344Z,22.5,78.8
20260616T202359Z,22.5,78.8
20260616T202414Z,22.5,79.70003
20260616T202430Z,22.5,80.8
20260616T202445Z,22.6,81.10002
20260616T202459Z,22.6,81.70003
20260616T202513Z,22.70001,81.9
20260616T202528Z,22.70001,82.20003
20260616T202542Z,22.70001,82.4
20260616T202557Z,22.80001,82.60002
20260616T202613Z,22.9,82.9
20260616T202628Z,22.9,82.8
20260616T202643Z,23.0,83.10002
20260616T202658Z,23.0,83.0
20260616T202714Z,23.1,83.20003
20260616T202729Z,23.1,83.5
20260616T202743Z,23.1,83.5
20260616T202758Z,23.20001,83.60002
20260616T202813Z,23.20001,83.60002
20260616T202828Z,23.30001,83.8
20260616T202843Z,23.30001,83.8
20260616T202859Z,23.30001,84.0
20260616T202914Z,23.4,84.0
20260616T202928Z,23.4,83.9
20260616T202942Z,23.4,84.10002
20260616T202958Z,23.5,84.10002
20260616T203013Z,23.5,84.4
20260616T203028Z,23.5,84.4
20260616T203044Z,23.6,84.4
20260616T203058Z,23.6,84.60002
20260616T203112Z,23.6,84.70004
20260616T203127Z,23.70001,84.70004
20260616T203143Z,23.70001,84.8
20260616T203158Z,23.70001,84.9
20260616T203213Z,23.70001,84.8
20260616T203228Z,23.80001,84.8
20260616T203243Z,23.80001,84.9
20260616T203258Z,23.80001,84.9
20260616T203313Z,23.80001,84.9
20260616T203329Z,23.80001,83.20003
20260616T203343Z,23.80001,83.20003
20260616T203357Z,23.70001,83.10002
20260616T203413Z,23.70001,83.0
20260616T203428Z,23.70001,82.60002
20260616T203443Z,23.6,82.70003
20260616T203458Z,23.6,82.5
20260616T203513Z,23.6,82.5
20260616T203527Z,23.6,82.4
20260616T203542Z,23.5,82.5
20260616T203557Z,23.5,82.60002
20260616T203613Z,23.5,82.5
20260616T203628Z,23.4,82.5
20260616T203642Z,23.4,82.4
20260616T203657Z,23.4,82.3
20260616T203711Z,23.4,82.10002
20260616T203726Z,23.30001,82.20003
20260616T203741Z,23.30001,82.3
20260616T203757Z,23.30001,82.3
20260616T203812Z,23.30001,82.10002
20260616T203827Z,23.20001,82.10002
20260616T203843Z,23.20001,81.8
20260616T203857Z,23.20001,81.9
20260616T203911Z,23.20001,81.9
20260616T203926Z,23.1,81.9
20260616T203942Z,23.1,81.9
20260616T203957Z,23.1,81.8
20260616T204012Z,23.1,81.8
20260616T204028Z,23.1,81.70003
20260616T204043Z,23.1,81.60002
20260616T204057Z,23.0,81.70003
20260616T204111Z,23.0,81.9
20260616T204126Z,23.0,81.9
20260616T204141Z,23.0,81.5
20260616T204209Z,23.0,81.3
20260616T204211Z,23.0,81.60002
20260616T204227Z,23.0,81.8
20260616T204242Z,23.0,81.5
20260616T204257Z,22.9,81.60002
20260616T204313Z,22.9,81.60002
20260616T204327Z,22.9,81.60002
20260616T204341Z,22.9,81.3
20260616T204355Z,22.9,81.60002
20260616T204410Z,22.9,81.5
20260616T204425Z,22.9,81.3
20260616T204440Z,22.9,81.3
20260616T204456Z,22.9,81.10002
20260616T204511Z,22.80001,81.3
20260616T204526Z,22.80001,81.4
20260616T204541Z,22.80001,81.10002
20260616T204557Z,22.80001,81.10002
20260616T204612Z,22.80001,81.10002
20260616T204626Z,22.80001,81.0
20260616T204641Z,22.80001,81.10002
20260616T204655Z,22.80001,81.10002
20260616T204709Z,22.80001,81.20003
20260616T204723Z,22.80001,80.9
20260616T204739Z,22.80001,81.10002
20260616T204754Z,22.80001,81.0
20260616T204809Z,22.80001,81.0
20260616T204824Z,22.70001,80.8
20260616T204840Z,22.70001,80.9
20260616T204855Z,22.70001,80.9
20260616T204910Z,22.70001,81.0
20260616T204926Z,22.70001,80.60002
20260616T204941Z,22.70001,80.8
20260616T204955Z,22.70001,80.9
20260616T205009Z,22.70001,80.9
20260616T205024Z,22.70001,80.9
20260616T205038Z,22.70001,80.60002
20260616T205052Z,22.70001,80.70003
20260616T205107Z,22.70001,80.70003
20260616T205122Z,22.70001,80.70003
20260616T205137Z,22.70001,80.60002
20260616T205152Z,22.70001,80.60002
20260616T205208Z,22.70001,80.5
20260616T205223Z,22.70001,80.5
20260616T205238Z,22.6,80.4
20260616T205253Z,22.6,80.5
20260616T205309Z,22.6,80.3
20260616T205324Z,22.6,81.3
20260616T205339Z,22.6,82.8
20260616T205355Z,22.70001,83.20003
20260616T205409Z,22.70001,83.60002
20260616T205423Z,22.80001,83.9
20260616T205437Z,22.80001,84.0
20260616T205452Z,22.9,84.0
20260616T205507Z,22.9,84.3
20260616T205522Z,23.0,84.60002
20260616T205538Z,23.0,84.60002
20260616T205553Z,23.1,84.70004
20260616T205608Z,23.1,84.60002
20260616T205623Z,23.20001,84.9
20260616T205638Z,23.20001,85.0
20260616T205652Z,23.20001,84.9
20260616T205706Z,23.30001,85.10002
20260616T205722Z,23.30001,85.20004
20260616T205737Z,23.30001,85.3
20260616T205752Z,23.4,85.3
20260616T205807Z,23.4,85.5
20260616T205822Z,23.5,85.5
20260616T205836Z,23.5,85.60002
20260616T205851Z,23.5,85.5
20260616T205906Z,23.6,85.70004
20260616T205922Z,23.6,85.60002
20260616T205937Z,23.6,85.60002
20260616T205952Z,23.70001,85.8
20260616T210007Z,23.70001,85.70004
20260616T210022Z,23.70001,85.60002
20260616T210037Z,23.80001,85.8
20260616T210052Z,23.80001,85.8
20260616T210108Z,23.80001,86.0
20260616T210122Z,23.80001,84.70004
20260616T210136Z,23.80001,85.9
20260616T210152Z,23.80001,84.9
20260616T210207Z,23.80001,84.0
20260616T210222Z,23.80001,84.20004
20260616T210237Z,23.70001,83.9
20260616T210252Z,23.70001,83.60002
20260616T210307Z,23.70001,83.5
20260616T210322Z,23.6,84.0
20260616T210338Z,23.6,83.60002
20260616T210353Z,23.6,83.3
20260616T210407Z,23.6,83.60002
20260616T210421Z,23.5,83.10002
20260616T210437Z,23.5,83.20003
20260616T210452Z,23.5,83.3
20260616T210507Z,23.4,83.10002
20260616T210522Z,23.4,83.10002
20260616T210538Z,23.4,83.0
20260616T210552Z,23.4,83.10002
20260616T210606Z,23.30001,82.9
20260616T210621Z,23.30001,83.0
20260616T210637Z,23.30001,83.0
20260616T210651Z,23.30001,83.10002
20260616T210706Z,23.20001,82.8
20260616T210722Z,23.20001,82.8
20260616T210737Z,23.20001,82.70003
20260616T210751Z,23.20001,82.8
20260616T210806Z,23.20001,82.70003
20260616T210820Z,23.20001,82.70003
20260616T210835Z,23.1,82.70003
20260616T210850Z,23.1,82.60002
20260616T210906Z,23.1,82.70003
20260616T210921Z,23.1,82.5
20260616T210936Z,23.1,82.3
20260616T210952Z,23.1,82.4
20260616T211007Z,23.1,82.4
20260616T211021Z,23.0,82.4
20260616T211035Z,23.0,82.5
20260616T211050Z,23.0,82.3
20260616T211105Z,23.0,82.0
20260616T211120Z,23.0,82.4
20260616T211135Z,23.0,82.3
20260616T211151Z,23.0,82.20003
20260616T211206Z,22.9,82.10002
20260616T211221Z,22.9,82.20003
20260616T211237Z,22.9,82.0
20260616T211251Z,22.9,81.9
20260616T211305Z,22.9,81.9
20260616T211319Z,22.9,82.10002
20260616T211334Z,22.9,81.9
20260616T211349Z,22.9,81.9
20260616T211404Z,22.80001,81.9
20260616T211420Z,22.80001,81.70003
20260616T211435Z,22.9,81.70003
20260616T211450Z,22.80001,81.60002
20260616T211505Z,22.80001,81.5
20260616T211521Z,22.80001,81.5
20260616T211536Z,22.80001,81.70003
20260616T211551Z,22.80001,81.8
20260616T211606Z,22.80001,81.4
20260616T211620Z,22.80001,81.60002
20260616T211634Z,22.80001,81.3
20260616T211648Z,22.80001,81.4
20260616T211703Z,22.80001,81.5
20260616T211718Z,22.70001,81.4
20260616T211733Z,22.70001,81.60002
20260616T211748Z,22.70001,81.4
20260616T211804Z,22.70001,81.3
20260616T211819Z,22.70001,81.20003
20260616T211834Z,22.70001,81.10002
20260616T211850Z,22.70001,81.3
20260616T211905Z,22.70001,81.3
20260616T211920Z,22.70001,81.10002
20260616T211935Z,22.70001,81.20003
20260616T211950Z,22.70001,81.0
20260616T212004Z,22.70001,81.10002
20260616T212018Z,22.70001,81.10002
20260616T212033Z,22.6,80.8
20260616T212047Z,22.6,81.20003
20260616T212101Z,22.6,81.0
20260616T212116Z,22.6,80.9
20260616T212132Z,22.6,81.0
20260616T212147Z,22.6,80.8
20260616T212202Z,22.6,80.8
20260616T212218Z,22.6,80.9
20260616T212233Z,22.6,80.70003
20260616T212248Z,22.6,81.0
20260616T212303Z,22.6,80.60002
20260616T212319Z,22.6,81.20003
20260616T212334Z,22.6,82.5
20260616T212349Z,22.6,83.20003
20260616T212404Z,22.70001,83.4
20260616T212419Z,22.70001,84.10002
20260616T212433Z,22.80001,84.10002
20260616T212447Z,22.80001,84.5
20260616T212502Z,22.9,84.60002
20260616T212517Z,22.9,84.70004
20260616T212532Z,23.0,84.9
20260616T212547Z,23.0,85.10002
20260616T212603Z,23.1,85.0
20260616T212618Z,23.1,85.10002
20260616T212633Z,23.20001,85.3
20260616T212648Z,23.20001,85.20004
20260616T212702Z,23.20001,85.4
20260616T212717Z,23.30001,85.4
20260616T212732Z,23.30001,85.4
20260616T212748Z,23.4,85.60002
20260616T212803Z,23.4,85.60002
20260616T212818Z,23.4,85.60002
20260616T212832Z,23.5,85.60002
20260616T212847Z,23.5,85.70004
20260616T212902Z,23.5,85.8
20260616T212917Z,23.6,85.8
20260616T212933Z,23.6,85.8
20260616T212948Z,23.6,85.9
20260616T213002Z,23.70001,86.0
20260616T213017Z,23.70001,86.10002
20260616T213033Z,23.70001,85.8
20260616T213048Z,23.80001,86.0
20260616T213103Z,23.80001,86.0
20260616T213118Z,23.80001,86.0
20260616T213132Z,23.80001,85.3
20260616T213147Z,23.80001,86.10002
20260616T213202Z,23.80001,84.4
20260616T213218Z,23.80001,84.4
20260616T213232Z,23.80001,84.10002
20260616T213246Z,23.70001,84.10002
20260616T213302Z,23.70001,83.8
20260616T213317Z,23.70001,83.8
20260616T213332Z,23.70001,83.70003
20260616T213347Z,23.6,83.70003
20260616T213402Z,23.6,83.60002
20260616T213416Z,23.6,83.70003
20260616T213431Z,23.5,83.5
20260616T213446Z,23.5,83.60002
20260616T213502Z,23.4,83.3
20260616T213517Z,23.4,83.20003
20260616T213532Z,23.4,83.20003
20260616T213547Z,23.4,83.4
20260616T213601Z,23.30001,83.3
20260616T213616Z,23.30001,83.20003
20260616T213631Z,23.30001,83.10002
20260616T213647Z,23.20001,83.10002
20260616T213702Z,23.20001,83.10002
20260616T213717Z,23.20001,83.10002
20260616T213733Z,23.20001,83.10002
20260616T213747Z,23.1,83.0
20260616T213801Z,23.1,83.20003
20260616T213816Z,23.1,82.8
20260616T213832Z,23.1,83.0
20260616T213847Z,23.1,82.9
20260616T213902Z,23.1,82.70003
20260616T213918Z,23.1,82.70003
20260616T213933Z,23.0,82.60002
20260616T213948Z,23.0,82.8
20260616T214002Z,23.0,82.70003
20260616T214017Z,23.0,82.8
20260616T214031Z,23.0,82.60002
20260616T214046Z,23.0,82.4
20260616T214101Z,23.0,82.60002
20260616T214117Z,22.9,82.3
20260616T214132Z,22.9,82.60002
20260616T214147Z,22.9,82.5
20260616T214203Z,22.9,82.20003
20260616T214218Z,22.9,82.3
20260616T214233Z,22.9,82.4
20260616T214247Z,22.9,82.10002
20260616T214302Z,22.9,82.20003
20260616T214316Z,22.9,81.9
20260616T214331Z,22.80001,81.9
20260616T214347Z,22.80001,82.4
20260616T214402Z,22.80001,82.10002
20260616T214417Z,22.80001,81.8
20260616T214432Z,22.80001,82.0
20260616T214448Z,22.80001,81.9
20260616T214503Z,22.80001,81.70003
20260616T214518Z,22.80001,81.9
20260616T214533Z,22.80001,81.5
20260616T214547Z,22.80001,81.70003
20260616T214601Z,22.80001,81.9
20260616T214615Z,22.80001,81.60002
20260616T214631Z,22.80001,81.5
20260616T214646Z,22.80001,81.70003
20260616T214701Z,22.80001,81.4
20260616T214716Z,22.70001,81.4
20260616T214732Z,22.70001,81.5
20260616T214747Z,22.70001,81.3
20260616T214802Z,22.70001,81.5
20260616T214818Z,22.70001,81.70003
20260616T214833Z,22.70001,81.4
20260616T214847Z,22.70001,81.4
20260616T214901Z,22.70001,81.4
20260616T214916Z,22.70001,81.20003
20260616T214930Z,22.70001,81.60002
20260616T214944Z,22.70001,82.8
20260616T214959Z,22.70001,83.5
20260616T215014Z,22.70001,84.10002
20260616T215029Z,22.80001,84.5
20260616T215044Z,22.80001,84.70004
20260616T215100Z,22.9,85.0
20260616T215115Z,22.9,85.20004
20260616T215130Z,23.0,85.4
20260616T215146Z,23.0,85.4
20260616T215201Z,23.1,85.3
20260616T215215Z,23.1,85.5
20260616T215229Z,23.20001,85.60002
20260616T215245Z,23.20001,85.60002
20260616T215300Z,23.20001,85.60002
20260616T215315Z,23.30001,85.70004
20260616T215330Z,23.30001,85.8
20260616T215346Z,23.4,85.9
20260616T215400Z,23.4,85.9
20260616T215414Z,23.4,86.0
20260616T215430Z,23.5,86.10002
20260616T215445Z,23.5,86.20004
20260616T215500Z,23.5,86.3
20260616T215515Z,23.6,86.20004
20260616T215531Z,23.6,86.20004
20260616T215545Z,23.6,86.4
20260616T215600Z,23.70001,86.20004
20260616T215616Z,23.70001,86.3
20260616T215631Z,23.70001,86.3
20260616T215646Z,23.80001,86.20004
20260616T215700Z,23.80001,86.4
20260616T215715Z,23.80001,86.4
20260616T215730Z,23.80001,86.4
20260616T215745Z,23.9,85.20004
20260616T215801Z,23.9,86.60002
20260616T215815Z,23.80001,85.20004
20260616T215829Z,23.80001,84.60002
20260616T215844Z,23.80001,84.8
20260616T215900Z,23.80001,84.5
20260616T215915Z,23.70001,84.10002
20260616T215930Z,23.70001,84.20004
20260616T215944Z,23.70001,84.10002
20260616T220000Z,23.6,84.0
20260616T220015Z,23.6,84.20004
20260616T220030Z,23.6,84.10002
20260616T220046Z,23.5,83.8
20260616T220101Z,23.5,83.9
20260616T220115Z,23.5,83.70003
20260616T220129Z,23.4,83.9
20260616T220145Z,23.4,83.8
20260616T220200Z,23.4,83.60002
20260616T220215Z,23.4,83.60002
20260616T220231Z,23.30001,83.70003
20260616T220246Z,23.30001,83.5
20260616T220301Z,23.30001,83.60002
20260616T220315Z,23.30001,83.60002
20260616T220330Z,23.20001,83.3
20260616T220345Z,23.20001,83.5
20260616T220400Z,23.20001,83.5
20260616T220415Z,23.20001,83.4
20260616T220431Z,23.20001,83.4
20260616T220446Z,23.1,83.3
20260616T220501Z,23.1,83.20003
20260616T220516Z,23.1,83.4
20260616T220530Z,23.1,83.60002
20260616T220544Z,23.1,83.0
20260616T220558Z,23.0,83.0
20260616T220614Z,23.0,83.10002
20260616T220629Z,23.0,82.8
20260616T220644Z,23.0,83.0
20260616T220700Z,23.0,82.9
20260616T220715Z,23.0,82.9
20260616T220730Z,23.0,82.9
20260616T220745Z,22.9,82.8
20260616T220800Z,22.9,82.70003
20260616T220814Z,22.9,82.9
20260616T220828Z,22.9,83.0
20260616T220843Z,22.9,82.70003
20260616T220858Z,22.9,82.4
20260616T220913Z,22.9,82.5
20260616T220928Z,22.9,82.5
20260616T220944Z,22.9,82.70003
20260616T220959Z,22.9,82.4
20260616T221014Z,22.9,82.8
20260616T221029Z,22.9,82.20003
20260616T221045Z,22.80001,82.3
20260616T221059Z,22.80001,82.20003
20260616T221113Z,22.80001,82.3
20260616T221128Z,22.80001,82.3
20260616T221142Z,22.80001,82.10002
20260616T221157Z,22.80001,82.20003
20260616T221212Z,22.80001,82.10002
20260616T221228Z,22.80001,82.10002
20260616T221243Z,22.80001,82.0
20260616T221258Z,22.80001,82.0
20260616T221314Z,22.80001,82.20003
20260616T221329Z,22.80001,82.10002
20260616T221344Z,22.80001,82.0
20260616T221359Z,22.70001,82.0
20260616T221414Z,22.70001,81.9
20260616T221428Z,22.70001,81.8
20260616T221442Z,22.70001,81.8
20260616T221457Z,22.70001,82.0
20260616T221511Z,22.70001,81.8
20260616T221526Z,22.70001,81.70003
20260616T221541Z,22.70001,81.60002
20260616T221557Z,22.70001,81.70003
20260616T221612Z,22.70001,81.8
20260616T221627Z,22.70001,81.8
20260616T221642Z,22.70001,81.60002
20260616T221658Z,22.70001,81.70003
20260616T221713Z,22.70001,81.5
20260616T221728Z,22.70001,81.4
20260616T221744Z,22.70001,81.4
20260616T221758Z,22.6,81.5
20260616T221812Z,22.6,81.4
20260616T221826Z,22.6,82.3
20260616T221841Z,22.6,83.4
20260616T221855Z,22.70001,83.9
20260616T221909Z,22.70001,84.3
20260616T221925Z,22.80001,84.8
20260616T221940Z,22.80001,85.10002
20260616T221955Z,22.9,85.0
20260616T222010Z,22.9,85.4
20260616T222026Z,23.0,85.5
20260616T222041Z,23.0,85.3
20260616T222056Z,23.1,85.4
20260616T222111Z,23.1,85.70004
20260616T222125Z,23.20001,85.8
20260616T222140Z,23.20001,85.8
20260616T222155Z,23.30001,85.9
20260616T222211Z,23.30001,85.9
20260616T222226Z,23.4,86.10002
20260616T222241Z,23.4,86.10002
20260616T222255Z,23.4,86.20004
20260616T222310Z,23.4,86.20004
20260616T222325Z,23.5,86.3
20260616T222345Z,23.5,86.20004
20260616T222356Z,23.6,86.4
20260616T222411Z,23.6,86.20004
20260616T222425Z,23.6,86.4
20260616T222439Z,23.70001,86.5
20260616T222455Z,23.70001,86.4
20260616T222510Z,23.70001,86.4
20260616T222525Z,23.80001,86.5
20260616T222541Z,23.80001,86.60002
20260616T222555Z,23.80001,86.60002
20260616T222610Z,23.80001,85.8
20260616T222625Z,23.80001,86.70004
20260616T222641Z,23.80001,85.0
20260616T222656Z,23.80001,84.70004
20260616T222710Z,23.80001,84.5
20260616T222726Z,23.70001,84.70004
20260616T222741Z,23.70001,84.3
20260616T222756Z,23.70001,84.5
20260616T222811Z,23.6,84.5
20260616T222826Z,23.6,84.20004
20260616T222840Z,23.6,84.4
20260616T222855Z,23.5,84.4
20260616T222910Z,23.5,84.0
20260616T222926Z,23.5,84.10002
20260616T222941Z,23.4,83.9
20260616T222956Z,23.4,84.20004
20260616T223011Z,23.4,83.9
20260616T223025Z,23.4,83.8
20260616T223040Z,23.30001,84.0
20260616T223055Z,23.30001,83.70003
20260616T223111Z,23.30001,83.8
20260616T223126Z,23.30001,83.9
20260616T223141Z,23.20001,83.70003
20260616T223157Z,23.20001,83.5
20260616T223211Z,23.20001,83.70003
20260616T223225Z,23.20001,83.70003
20260616T223239Z,23.20001,83.5
20260616T223255Z,23.20001,83.70003
20260616T223310Z,23.1,83.5
20260616T223325Z,23.1,83.4
20260616T223341Z,23.1,83.5
20260616T223356Z,23.1,83.60002
20260616T223411Z,23.1,83.4
20260616T223425Z,23.1,83.20003
20260616T223440Z,23.1,83.10002
20260616T223454Z,23.1,83.20003
20260616T223509Z,23.1,83.20003
20260616T223524Z,23.0,83.3
20260616T223540Z,23.0,83.10002
20260616T223555Z,23.0,83.3
20260616T223610Z,23.0,83.0
20260616T223626Z,23.0,83.0
20260616T223641Z,23.0,82.9
20260616T223655Z,23.0,82.70003
20260616T223709Z,22.9,83.0
20260616T223724Z,22.9,82.70003
20260616T223738Z,22.9,83.0
20260616T223753Z,22.9,82.8
20260616T223809Z,22.9,82.60002
20260616T223824Z,22.9,82.60002
20260616T223839Z,22.9,82.70003
20260616T223854Z,22.9,82.5
20260616T223910Z,22.9,82.5
20260616T223925Z,22.9,82.60002
20260616T223940Z,22.9,82.60002
20260616T223955Z,22.80001,82.60002
20260616T224009Z,22.80001,82.5
20260616T224023Z,22.9,82.5
20260616T224037Z,22.80001,82.5
20260616T224053Z,22.80001,82.4
20260616T224108Z,22.80001,82.3
20260616T224123Z,22.80001,82.4
20260616T224138Z,22.80001,82.10002
20260616T224154Z,22.80001,82.4
20260616T224209Z,22.80001,82.4
20260616T224224Z,22.80001,82.3
20260616T224240Z,22.80001,82.20003
20260616T224255Z,22.80001,82.20003
20260616T224309Z,22.80001,82.0
20260616T224323Z,22.80001,81.9
20260616T224338Z,22.80001,82.10002
20260616T224352Z,22.70001,82.20003
20260616T224406Z,22.70001,82.0
20260616T224422Z,22.70001,81.8
20260616T224437Z,22.70001,81.9
20260616T224452Z,22.70001,81.9
20260616T224507Z,22.70001,81.8
20260616T224523Z,22.70001,81.8
20260616T224538Z,22.70001,82.0
20260616T224553Z,22.70001,81.60002
20260616T224608Z,22.70001,81.8
20260616T224624Z,22.70001,81.70003
20260616T224638Z,22.70001,81.70003
20260616T224652Z,22.70001,81.5
20260616T224707Z,22.70001,81.60002
20260616T224721Z,22.70001,81.70003
20260616T224736Z,22.70001,81.60002
20260616T224751Z,22.70001,81.70003
20260616T224807Z,22.70001,81.5
20260616T224822Z,22.70001,81.4
20260616T224837Z,22.6,81.4
20260616T224853Z,22.70001,81.4
20260616T224908Z,22.6,81.5
20260616T224923Z,22.6,81.70003
20260616T224938Z,22.6,81.60002
20260616T224954Z,22.6,81.70003
20260616T225009Z,22.6,81.4
20260616T225023Z,22.6,81.5
20260616T225038Z,22.6,81.3
20260616T225052Z,22.6,81.4
20260616T225106Z,22.6,81.3
20260616T225120Z,22.6,81.20003
20260616T225135Z,22.6,81.3
20260616T225150Z,22.6,81.3
20260616T225205Z,22.6,81.20003
20260616T225220Z,22.6,81.20003
20260616T225236Z,22.6,81.20003
20260616T225251Z,22.6,81.20003
20260616T225306Z,22.6,81.20003
20260616T225322Z,22.6,81.10002
20260616T225337Z,22.6,81.20003
20260616T225352Z,22.6,81.20003
20260616T225407Z,22.6,81.20003
20260616T225423Z,22.6,82.20003
20260616T225437Z,22.6,83.3
20260616T225451Z,22.6,83.9
20260616T225506Z,22.70001,84.10002
20260616T225520Z,22.70001,84.3
20260616T225534Z,22.80001,84.60002
20260616T225548Z,22.80001,84.9
20260616T225604Z,22.9,85.0
20260616T225619Z,22.9,85.3
20260616T225634Z,23.0,85.20004
20260616T225650Z,23.0,85.4
20260616T225705Z,23.1,85.20004
20260616T225720Z,23.1,85.5
20260616T225735Z,23.20001,85.60002
20260616T225750Z,23.20001,85.60002
20260616T225804Z,23.20001,85.8
20260616T225819Z,23.30001,85.70004
20260616T225834Z,23.30001,85.70004
20260616T225850Z,23.4,85.9
20260616T225905Z,23.4,86.0
20260616T225920Z,23.5,85.9
20260616T225935Z,23.5,86.10002
20260616T225949Z,23.5,86.10002
20260616T230004Z,23.5,86.10002
20260616T230019Z,23.6,86.20004
20260616T230035Z,23.6,86.20004
20260616T230050Z,23.70001,86.3
20260616T230104Z,23.70001,86.20004
20260616T230119Z,23.70001,86.20004
20260616T230134Z,23.70001,86.4
20260616T230149Z,23.80001,86.3
20260616T230204Z,23.80001,86.3
20260616T230220Z,23.80001,86.10002
20260616T230234Z,23.80001,86.5
20260616T230248Z,23.80001,84.70004
20260616T230304Z,23.80001,84.5
20260616T230319Z,23.80001,84.60002
20260616T230334Z,23.70001,84.4
20260616T230349Z,23.70001,84.10002
20260616T230404Z,23.6,84.4
20260616T230419Z,23.6,84.0
20260616T230434Z,23.6,84.0
20260616T230449Z,23.5,84.0
20260616T230505Z,23.5,84.0
20260616T230520Z,23.5,84.20004
20260616T230534Z,23.4,83.8
20260616T230549Z,23.4,83.60002
20260616T230604Z,23.4,83.9
20260616T230619Z,23.30001,83.70003
20260616T230634Z,23.30001,83.70003
20260616T230650Z,23.30001,83.9
20260616T230705Z,23.30001,84.0
20260616T230720Z,23.30001,83.70003
20260616T230735Z,23.30001,83.70003
20260616T230749Z,23.20001,83.4
20260616T230803Z,23.20001,83.70003
20260616T230818Z,23.20001,83.70003
20260616T230834Z,23.20001,83.4
20260616T230849Z,23.1,83.60002
20260616T230904Z,23.1,83.60002
20260616T230920Z,23.1,83.4
20260616T230935Z,23.1,83.60002
20260616T230949Z,23.1,83.4
20260616T231003Z,23.1,83.3
20260616T231018Z,23.1,83.4
20260616T231032Z,23.1,83.3
20260616T231047Z,23.0,83.5
20260616T231102Z,23.0,83.4
20260616T231118Z,23.0,83.0
20260616T231133Z,23.0,83.10002
20260616T231148Z,23.0,83.0
20260616T231204Z,23.0,83.10002
20260616T231219Z,23.0,83.10002
20260616T231233Z,23.0,83.0
20260616T231247Z,22.9,83.0
20260616T231302Z,22.9,82.70003
20260616T231317Z,22.9,83.20003
20260616T231332Z,22.9,82.9
20260616T231348Z,22.9,82.60002
20260616T231403Z,22.9,82.8
20260616T231418Z,22.9,82.70003
20260616T231433Z,22.9,82.70003
20260616T231449Z,22.9,82.70003
20260616T231504Z,22.9,82.60002
20260616T231518Z,22.9,82.70003
20260616T231532Z,22.9,82.4
20260616T231547Z,22.80001,82.60002
20260616T231601Z,22.9,82.60002
20260616T231616Z,22.80001,82.4
20260616T231632Z,22.80001,82.70003
20260616T231647Z,22.80001,82.5
20260616T231702Z,22.80001,82.10002
20260616T231717Z,22.80001,82.5
20260616T231733Z,22.80001,82.3
20260616T231748Z,22.80001,82.4
20260616T231803Z,22.80001,82.5
20260616T231819Z,22.80001,82.3
20260616T231833Z,22.80001,82.10002
20260616T231847Z,22.80001,82.20003
20260616T231901Z,22.80001,82.20003
20260616T231916Z,22.80001,82.20003
20260616T231931Z,22.70001,82.10002
20260616T231946Z,22.80001,82.20003
20260616T232002Z,22.70001,82.0
20260616T232017Z,22.70001,81.9
20260616T232032Z,22.70001,82.0
20260616T232047Z,22.70001,82.10002
20260616T232103Z,22.70001,82.0
20260616T232118Z,22.70001,82.10002
20260616T232133Z,22.70001,81.9
20260616T232148Z,22.70001,81.9
20260616T232203Z,22.70001,82.0
20260616T232217Z,22.70001,81.8
20260616T232231Z,22.70001,82.0
20260616T232246Z,22.70001,81.8
20260616T232300Z,22.70001,81.70003
20260616T232315Z,22.70001,81.8
20260616T232330Z,22.70001,81.8
20260616T232346Z,22.70001,81.9
20260616T232401Z,22.70001,81.70003
20260616T232416Z,22.70001,81.60002
20260616T232432Z,22.70001,81.5
20260616T232447Z,22.70001,81.8
20260616T232502Z,22.6,81.4
20260616T232517Z,22.70001,81.70003
20260616T232533Z,22.6,81.70003
20260616T232547Z,22.6,81.70003
20260616T232601Z,22.6,81.3
20260616T232616Z,22.6,81.70003
20260616T232630Z,22.6,81.8
20260616T232644Z,22.6,81.5
20260616T232658Z,22.6,81.5
20260616T232714Z,22.6,81.3
20260616T232729Z,22.6,81.4
20260616T232744Z,22.6,81.5
20260616T232759Z,22.6,81.5
20260616T232815Z,22.6,81.4
20260616T232830Z,22.6,81.4
20260616T232845Z,22.6,81.3
20260616T232901Z,22.6,81.3
20260616T232916Z,22.6,81.4
20260616T232931Z,22.6,81.3
20260616T232946Z,22.6,81.4
20260616T233002Z,22.6,81.20003
20260616T233016Z,22.6,81.20003
20260616T233030Z,22.6,81.20003
20260616T233045Z,22.6,81.4
20260616T233059Z,22.6,81.0
20260616T233113Z,22.6,81.10002
20260616T233127Z,22.6,81.0
20260616T233143Z,22.6,81.10002
20260616T233158Z,22.6,81.10002
20260616T233213Z,22.6,80.9
20260616T233229Z,22.6,81.0
20260616T233244Z,22.5,80.8
20260616T233259Z,22.5,81.0
20260616T233314Z,22.5,81.0
20260616T233330Z,22.5,80.9
20260616T233345Z,22.5,81.0
20260616T233400Z,22.5,80.70003
20260616T233415Z,22.5,81.4
20260616T233431Z,22.5,82.8
20260616T233446Z,22.6,83.60002
20260616T233500Z,22.6,83.9
20260616T233515Z,22.70001,84.3
20260616T233529Z,22.70001,84.5
20260616T233543Z,22.80001,84.70004
20260616T233558Z,22.80001,84.9
20260616T233614Z,22.9,84.9
20260616T233629Z,22.9,85.10002
20260616T233644Z,23.0,85.3
20260616T233700Z,23.0,85.3
20260616T233715Z,23.1,85.5
20260616T233730Z,23.1,85.4
20260616T233744Z,23.20001,85.60002
20260616T233759Z,23.20001,85.4
20260616T233814Z,23.30001,85.70004
20260616T233829Z,23.30001,85.60002
20260616T233845Z,23.30001,85.9
20260616T233900Z,23.4,85.8
20260616T233915Z,23.4,86.0
20260616T233929Z,23.4,86.0
20260616T233944Z,23.5,86.0
20260616T233959Z,23.5,86.0
20260616T234014Z,23.5,86.20004
20260616T234029Z,23.6,86.3
20260616T234045Z,23.6,86.10002
20260616T234059Z,23.6,86.20004
20260616T234113Z,23.70001,86.3
20260616T234129Z,23.70001,86.4
20260616T234144Z,23.70001,86.3
20260616T234159Z,23.80001,86.4
20260616T234214Z,23.80001,86.4
20260616T234229Z,23.80001,85.60002
20260616T234243Z,23.80001,86.60002
20260616T234258Z,23.80001,85.0
20260616T234314Z,23.80001,84.60002
20260616T234329Z,23.70001,84.60002
20260616T234344Z,23.70001,84.3
20260616T234358Z,23.70001,84.0
20260616T234414Z,23.6,84.20004
20260616T234429Z,23.6,84.4
20260616T234444Z,23.6,84.0
20260616T234500Z,23.5,84.10002
20260616T234515Z,23.5,84.20004
20260616T234529Z,23.5,83.9
20260616T234543Z,23.4,84.0
20260616T234559Z,23.4,83.8
20260616T234614Z,23.4,84.0
20260616T234629Z,23.30001,83.8
20260616T234644Z,23.30001,83.9
20260616T234700Z,23.30001,83.9
20260616T234715Z,23.30001,83.9
20260616T234729Z,23.20001,83.70003
20260616T234744Z,23.20001,83.9
20260616T234759Z,23.20001,83.60002
20260616T234814Z,23.20001,83.8
20260616T234829Z,23.20001,83.5
20260616T234845Z,23.20001,83.60002
20260616T234900Z,23.1,83.70003
20260616T234915Z,23.1,83.60002
20260616T234931Z,23.1,83.5
20260616T234945Z,23.1,83.4
20260616T234959Z,23.1,83.60002
20260616T235013Z,23.1,83.60002
20260616T235029Z,23.0,83.4
20260616T235044Z,23.0,83.5
20260616T235059Z,23.0,83.70003
20260616T235114Z,23.0,83.3
20260616T235130Z,23.0,83.4
20260616T235145Z,23.0,83.4
20260616T235200Z,22.9,83.10002
20260616T235216Z,22.9,83.20003
20260616T235230Z,22.9,83.20003
20260616T235244Z,22.9,83.20003
20260616T235258Z,22.9,83.10002
20260616T235313Z,22.9,83.10002
20260616T235328Z,22.9,83.20003
20260616T235343Z,22.9,82.9
20260616T235359Z,22.9,82.9
20260616T235414Z,22.80001,83.0
20260616T235429Z,22.9,82.8
20260616T235444Z,22.9,83.0
20260616T235500Z,22.80001,82.8
20260616T235515Z,22.80001,82.70003
20260616T235529Z,22.80001,82.8
20260616T235544Z,22.80001,82.8
20260616T235558Z,22.80001,82.70003
20260616T235612Z,22.80001,82.70003
20260616T235627Z,22.80001,82.70003
20260616T235643Z,22.80001,82.60002
20260616T235658Z,22.80001,82.70003
20260616T235713Z,22.80001,82.5
20260616T235728Z,22.80001,82.4
20260616T235744Z,22.80001,82.4
20260616T235759Z,22.80001,82.5
20260616T235814Z,22.80001,82.5
20260616T235830Z,22.80001,82.5
20260616T235844Z,22.70001,82.4
20260616T235858Z,22.70001,82.5
20260616T235912Z,22.70001,82.3
20260616T235927Z,22.70001,82.20003
20260616T235942Z,22.70001,82.3
20260616T235957Z,22.70001,82.20003