Time,Temperature,Humidity
20260619T000006Z,27.7,88.2
20260619T000021Z,27.7,88.2
20260619T000036Z,27.7,88.2
20260619T000051Z,27.7,88.2
20260619T000106Z,27.7,88.2
20260619T000121Z,27.7,88.2
20260619T000136Z,27.7,88.2
20260619T000151Z,27.7,88.2
20260619T000206Z,27.7,88.3
20260619T000221Z,27.7,88.2
20260619T000236Z,27.7,88.2
20260619T000251Z,27.7,88.3
20260619T000306Z,27.7,88.3
20260619T000321Z,27.7,88.3
20260619T000336Z,27.7,88.3
20260619T000351Z,27.7,88.3
20260619T000406Z,27.7,88.3
20260619T000421Z,27.7,88.3
20260619T000436Z,27.7,88.3
20260619T000451Z,27.7,88.3
20260619T000506Z,27.7,88.3
20260619T000521Z,27.7,88.3
20260619T000536Z,27.7,88.4
20260619T000551Z,27.7,88.3
20260619T000606Z,27.7,88.3
20260619T000621Z,27.7,88.3
20260619T000636Z,27.7,88.3
20260619T000651Z,27.7,88.3
20260619T000706Z,27.7,88.2
20260619T000721Z,27.7,88.3
20260619T000736Z,27.7,88.4
20260619T000751Z,27.7,88.4
20260619T000806Z,27.7,88.4
20260619T000821Z,27.7,88.4
20260619T000836Z,27.7,88.3
20260619T000851Z,27.7,88.4
20260619T000906Z,27.7,88.4
20260619T000921Z,27.7,88.4
20260619T000936Z,27.7,88.4
20260619T000951Z,27.7,88.4
20260619T001006Z,27.7,88.4
20260619T001021Z,27.7,88.4
20260619T001036Z,27.7,88.3
20260619T001051Z,27.7,88.4
20260619T001106Z,27.7,88.4
20260619T001121Z,27.7,88.4
20260619T001136Z,27.7,88.4
20260619T001151Z,27.7,88.4
20260619T001206Z,27.7,88.4
20260619T001221Z,27.7,88.5
20260619T001236Z,27.7,88.5
20260619T001251Z,27.7,88.4
20260619T001306Z,27.8,88.4
20260619T001321Z,27.7,88.5
20260619T001336Z,27.7,88.4
20260619T001351Z,27.8,88.4
20260619T001406Z,27.7,88.4
20260619T001421Z,27.7,88.4
20260619T001436Z,27.8,88.4
20260619T001451Z,27.8,88.4
20260619T001506Z,27.8,88.4
20260619T001521Z,27.8,88.4
20260619T001536Z,27.8,88.5
20260619T001551Z,27.8,88.4
20260619T001606Z,27.8,88.5
20260619T001621Z,27.8,88.5
20260619T001636Z,27.8,88.4
20260619T001651Z,27.8,88.4
20260619T001706Z,27.8,88.4
20260619T001721Z,27.8,88.4
20260619T001736Z,27.8,88.4
20260619T001751Z,27.8,88.4
20260619T001806Z,27.8,88.3
20260619T001821Z,27.8,88.4
20260619T001836Z,27.8,88.5
20260619T001851Z,27.8,88.4
20260619T001906Z,27.8,88.4
20260619T001921Z,27.8,88.4
20260619T001936Z,27.8,88.5
20260619T001951Z,27.8,88.5
20260619T002006Z,27.8,88.5
20260619T002021Z,27.8,88.4
20260619T002036Z,27.8,88.5
20260619T002051Z,27.8,88.4
20260619T002106Z,27.8,88.4
20260619T002121Z,27.8,88.4
20260619T002136Z,27.8,88.3
20260619T002151Z,27.8,88.6
20260619T002206Z,27.8,88.5
20260619T002221Z,27.8,88.4
20260619T002236Z,27.8,88.4
20260619T002251Z,27.8,88.5
20260619T002306Z,27.8,88.6
20260619T002321Z,27.8,88.6
20260619T002336Z,27.8,88.6
20260619T002351Z,27.8,88.5
20260619T002406Z,27.8,88.5
20260619T002421Z,27.8,88.5
20260619T002436Z,27.8,88.6
20260619T002451Z,27.8,88.6
20260619T002506Z,27.8,88.4
20260619T002521Z,27.8,88.5
20260619T002536Z,27.8,88.5
20260619T002551Z,27.8,88.6
20260619T002606Z,27.8,88.6
20260619T002621Z,27.8,88.5
20260619T002636Z,27.8,88.5
20260619T002651Z,27.8,88.7
20260619T002706Z,27.8,88.6
20260619T002721Z,27.8,88.6
20260619T002736Z,27.8,88.6
20260619T002751Z,27.8,88.7
20260619T002806Z,27.9,88.6
20260619T002821Z,27.8,88.6
20260619T002836Z,27.9,88.6
20260619T002851Z,27.8,88.6
20260619T002906Z,27.8,88.6
20260619T002921Z,27.8,88.6
20260619T002936Z,27.8,88.6
20260619T002951Z,27.8,88.6
20260619T003006Z,27.8,88.6
20260619T003021Z,27.9,88.7
20260619T003036Z,27.9,88.6
20260619T003051Z,27.9,88.7
20260619T003106Z,27.8,88.6
20260619T003121Z,27.9,88.6
20260619T003136Z,27.9,88.7
20260619T003151Z,27.9,88.7
20260619T003206Z,27.9,88.8
20260619T003221Z,27.9,88.7
20260619T003236Z,27.9,88.7
20260619T003251Z,27.9,88.7
20260619T003306Z,27.9,88.9
20260619T003321Z,27.9,88.8
20260619T003336Z,27.9,88.8
20260619T003351Z,27.9,88.8
20260619T003406Z,27.9,88.9
20260619T003421Z,27.9,89.0
20260619T003436Z,27.9,88.9
20260619T003451Z,27.9,89.0
20260619T003506Z,27.9,88.8
20260619T003521Z,27.9,88.9
20260619T003536Z,27.9,88.9
20260619T003551Z,27.9,88.9
20260619T003606Z,27.9,88.9
20260619T003621Z,27.9,88.9
20260619T003636Z,27.9,88.9
20260619T003651Z,27.9,88.9
20260619T003706Z,27.9,88.8
20260619T003721Z,27.9,88.8
20260619T003736Z,27.9,88.8
20260619T003751Z,27.9,88.9
20260619T003806Z,27.9,88.8
20260619T003821Z,27.9,88.9
20260619T003836Z,27.9,88.8
20260619T003851Z,27.9,88.8
20260619T003906Z,27.9,89.0
20260619T003921Z,27.9,88.9
20260619T003936Z,27.9,88.9
20260619T003951Z,27.9,88.8
20260619T004006Z,27.9,88.9
20260619T004021Z,27.9,88.8
20260619T004036Z,27.9,88.9
20260619T004051Z,27.9,88.8
20260619T004106Z,27.9,88.8
20260619T004121Z,27.9,88.8
20260619T004136Z,27.9,88.9
20260619T004151Z,27.9,88.9
20260619T004206Z,27.9,88.8
20260619T004221Z,27.9,88.9
20260619T004236Z,27.9,88.7
20260619T004251Z,27.9,88.8
20260619T004306Z,27.9,88.7
20260619T004321Z,27.9,88.7
20260619T004336Z,27.9,88.7
20260619T004351Z,27.9,88.6
20260619T004406Z,27.9,88.6
20260619T004421Z,27.9,88.6
20260619T004436Z,27.9,88.6
20260619T004451Z,27.9,88.6
20260619T004506Z,27.9,88.7
20260619T004521Z,27.9,88.6
20260619T004536Z,27.9,88.6
20260619T004551Z,27.9,88.5
20260619T004606Z,27.9,88.6
20260619T004621Z,27.9,88.5
20260619T004636Z,27.9,88.5
20260619T004651Z,27.9,88.5
20260619T004706Z,27.9,88.5
20260619T004721Z,27.9,88.5
20260619T004736Z,27.9,88.5
20260619T004751Z,27.9,88.5
20260619T004806Z,27.9,88.6
20260619T004821Z,27.9,88.6
20260619T004836Z,27.9,88.4
20260619T004851Z,27.9,88.5
20260619T004906Z,27.9,88.5
20260619T004921Z,27.9,88.5
20260619T004936Z,28.0,88.4
20260619T004951Z,28.0,88.4
20260619T005006Z,28.0,88.4
20260619T005021Z,28.0,88.4
20260619T005036Z,28.0,88.4
20260619T005051Z,28.0,88.5
20260619T005106Z,28.0,88.4
20260619T005121Z,28.0,88.4
20260619T005136Z,28.0,88.4
20260619T005151Z,28.0,88.5
20260619T005206Z,28.0,88.4
20260619T005221Z,28.0,88.3
20260619T005236Z,28.0,88.3
20260619T005251Z,28.0,88.4
20260619T005306Z,28.0,88.4
20260619T005321Z,28.0,88.4
20260619T005336Z,28.0,88.4
20260619T005351Z,28.0,88.3
20260619T005406Z,28.0,88.4
20260619T005421Z,28.0,88.3
20260619T005436Z,28.0,88.4
20260619T005451Z,28.0,88.4
20260619T005506Z,28.0,88.4
20260619T005521Z,28.0,88.4
20260619T005536Z,28.0,88.4
20260619T005551Z,28.0,88.4
20260619T005606Z,28.0,88.4
20260619T005621Z,28.0,88.4
20260619T005636Z,28.0,88.4
20260619T005651Z,28.0,88.4
20260619T005706Z,28.0,88.4
20260619T005721Z,28.0,88.4
20260619T005736Z,28.0,88.4
20260619T005751Z,28.0,88.5
20260619T005806Z,28.0,88.5
20260619T005821Z,28.0,88.5
20260619T005836Z,28.0,88.4
20260619T005851Z,28.0,88.4
20260619T005906Z,28.0,88.4
20260619T005921Z,28.0,88.4
20260619T005936Z,28.0,88.3
20260619T005951Z,28.0,88.4
20260619T010006Z,28.0,88.3
20260619T010021Z,28.0,88.3
20260619T010036Z,28.0,88.3
20260619T010051Z,28.0,88.3
20260619T010106Z,28.0,88.3
20260619T010121Z,28.0,88.3
20260619T010136Z,28.0,88.3
20260619T010151Z,28.0,88.2
20260619T010206Z,28.0,88.2
20260619T010221Z,28.0,88.2
20260619T010236Z,28.0,88.3
20260619T010251Z,28.0,88.2
20260619T010306Z,28.0,88.2
20260619T010321Z,28.0,88.2
20260619T010336Z,28.0,88.1
20260619T010351Z,28.0,88.2
20260619T010406Z,28.0,88.1
20260619T010421Z,28.0,88.1
20260619T010436Z,28.0,88.0
20260619T010451Z,28.0,88.0
20260619T010506Z,28.0,88.0
20260619T010521Z,28.0,88.0
20260619T010536Z,28.0,88.1
20260619T010551Z,28.0,88.1
20260619T010606Z,28.0,88.1
20260619T010621Z,28.0,88.1
20260619T010636Z,28.0,88.1
20260619T010651Z,28.0,88.1
20260619T010706Z,28.0,88.0
20260619T010721Z,28.0,88.0
20260619T010736Z,28.0,88.1
20260619T010751Z,28.0,88.1
20260619T010806Z,28.0,88.1
20260619T010821Z,28.0,88.1
20260619T010836Z,28.0,88.1
20260619T010851Z,28.0,88.1
20260619T010906Z,28.0,88.0
20260619T010921Z,28.0,88.0
20260619T010936Z,28.0,88.1
20260619T010951Z,28.0,88.1
20260619T011006Z,28.0,88.1
20260619T011021Z,28.1,88.1
20260619T011036Z,28.0,88.1
20260619T011051Z,28.1,88.1
20260619T011106Z,28.1,88.1
20260619T011121Z,28.1,88.0
20260619T011136Z,28.0,88.0
20260619T011151Z,28.1,88.0
20260619T011206Z,28.1,88.1
20260619T011221Z,28.1,88.1
20260619T011236Z,28.1,88.1
20260619T011251Z,28.1,88.1
20260619T011306Z,28.1,88.1
20260619T011321Z,28.1,88.1
20260619T011336Z,28.1,88.1
20260619T011351Z,28.0,88.1
20260619T011406Z,28.0,88.2
20260619T011421Z,28.1,88.2
20260619T011436Z,28.1,88.1
20260619T011451Z,28.1,88.2
20260619T011506Z,28.1,88.2
20260619T011521Z,28.1,88.1
20260619T011536Z,28.0,88.2
20260619T011551Z,28.1,88.2
20260619T011606Z,28.1,88.2
20260619T011621Z,28.1,88.2
20260619T011637Z,28.1,88.2
20260619T011651Z,28.1,88.2
20260619T011707Z,28.1,88.2
20260619T011721Z,28.1,88.2
20260619T011737Z,28.1,88.2
20260619T011752Z,28.1,88.2
20260619T011806Z,28.1,88.2
20260619T011822Z,28.0,88.2
20260619T011837Z,28.0,88.2
20260619T011852Z,28.0,88.2
20260619T011907Z,28.1,88.2
20260619T011922Z,28.0,88.2
20260619T011937Z,28.0,88.2
20260619T011952Z,28.0,88.2
20260619T012007Z,28.1,88.2
20260619T012022Z,28.1,88.2
20260619T012037Z,28.1,88.2
20260619T012052Z,28.1,88.1
20260619T012107Z,28.1,88.1
20260619T012122Z,28.1,88.2
20260619T012137Z,28.1,88.2
20260619T012152Z,28.1,88.4
20260619T012207Z,28.1,88.6
20260619T012222Z,28.1,88.3
20260619T012237Z,28.1,88.5
20260619T012252Z,28.1,88.4
20260619T012307Z,28.1,88.6
20260619T012322Z,28.1,88.7
20260619T012337Z,28.1,88.8
20260619T012352Z,28.1,88.8
20260619T012407Z,28.1,88.9
20260619T012422Z,28.1,88.9
20260619T012437Z,28.1,89.1
20260619T012452Z,28.1,89.1
20260619T012507Z,28.1,89.0
20260619T012522Z,28.1,88.9
20260619T012537Z,28.1,88.8
20260619T012552Z,28.1,88.9
20260619T012607Z,28.1,89.4
20260619T012622Z,28.1,89.5
20260619T012637Z,28.1,89.6
20260619T012652Z,28.0,89.6
20260619T012707Z,28.0,89.6
20260619T012722Z,28.0,89.7
20260619T012737Z,28.0,89.7
20260619T012752Z,28.0,89.7
20260619T012807Z,28.0,89.7
20260619T012822Z,28.0,89.7
20260619T012837Z,27.9,89.7
20260619T012852Z,27.9,89.7
20260619T012907Z,27.8,89.7
20260619T012922Z,27.8,89.7
20260619T012937Z,27.8,89.8
20260619T012952Z,27.7,89.8
20260619T013007Z,27.7,89.8
20260619T013022Z,27.7,89.9
20260619T013037Z,27.7,89.9
20260619T013052Z,27.6,90.0
20260619T013107Z,27.6,89.7
20260619T013122Z,27.6,89.7
20260619T013137Z,27.5,89.9
20260619T013152Z,27.5,90.0
20260619T013207Z,27.5,90.0
20260619T013222Z,27.5,89.9
20260619T013237Z,27.4,89.7
20260619T013252Z,27.4,89.8
20260619T013307Z,27.4,89.9
20260619T013322Z,27.4,89.5
20260619T013337Z,27.4,89.7
20260619T013352Z,27.3,89.7
20260619T013407Z,27.3,89.7
20260619T013422Z,27.3,89.6
20260619T013437Z,27.3,89.6
20260619T013452Z,27.3,89.5
20260619T013507Z,27.2,89.3
20260619T013522Z,27.2,89.3
20260619T013537Z,27.2,89.3
20260619T013552Z,27.2,89.2
20260619T013607Z,27.2,89.2
20260619T013622Z,27.2,89.1
20260619T013637Z,27.2,89.1
20260619T013652Z,27.1,88.9
20260619T013707Z,27.1,89.0
20260619T013722Z,27.1,89.0
20260619T013737Z,27.1,88.9
20260619T013752Z,27.0,88.7
20260619T013807Z,27.0,88.6
20260619T013822Z,27.0,88.7
20260619T013837Z,27.0,88.7
20260619T013852Z,27.0,88.4
20260619T013907Z,27.0,88.4
20260619T013922Z,27.0,88.4
20260619T013937Z,27.0,88.2
20260619T013952Z,26.9,88.2
20260619T014007Z,26.9,88.4
20260619T014022Z,26.9,88.1
20260619T014037Z,26.9,88.2
20260619T014052Z,26.9,88.1
20260619T014107Z,26.9,88.0
20260619T014122Z,26.9,87.9
20260619T014137Z,26.9,87.8
20260619T014152Z,26.9,87.8
20260619T014207Z,26.9,87.4
20260619T014222Z,26.8,87.3
20260619T014237Z,26.8,87.7
20260619T014252Z,26.8,87.4
20260619T014307Z,26.8,87.4
20260619T014322Z,26.8,87.3
20260619T014337Z,26.8,87.2
20260619T014352Z,26.8,87.2
20260619T014407Z,26.8,87.0
20260619T014422Z,26.8,87.2
20260619T014437Z,26.8,87.2
20260619T014452Z,26.7,86.8
20260619T014507Z,26.7,86.6
20260619T014522Z,26.7,87.0
20260619T014537Z,26.7,86.8
20260619T014552Z,26.7,86.9
20260619T014607Z,26.7,86.8
20260619T014622Z,26.7,86.7
20260619T014637Z,26.7,86.7
20260619T014652Z,26.7,86.5
20260619T014707Z,26.7,86.2
20260619T014722Z,26.7,86.6
20260619T014737Z,26.6,86.3
20260619T014752Z,26.6,86.2
20260619T014807Z,26.6,86.1
20260619T014822Z,26.6,86.2
20260619T014837Z,26.6,86.2
20260619T014852Z,26.6,86.1
20260619T014907Z,26.6,86.2
20260619T014922Z,26.6,85.9
20260619T014937Z,26.6,85.6
20260619T014952Z,26.6,85.7
20260619T015007Z,26.6,85.9
20260619T015022Z,26.6,85.8
20260619T015037Z,26.6,85.6
20260619T015052Z,26.6,85.3
20260619T015107Z,26.6,85.6
20260619T015122Z,26.5,85.3
20260619T015137Z,26.5,85.0
20260619T015152Z,26.5,85.3
20260619T015207Z,26.5,85.5
20260619T015222Z,26.5,85.2
20260619T015237Z,26.5,85.4
20260619T015252Z,26.5,85.2
20260619T015307Z,26.5,85.1
20260619T015322Z,26.5,85.2
20260619T015337Z,26.5,85.1
20260619T015352Z,26.5,85.0
20260619T015407Z,26.5,84.9
20260619T015422Z,26.5,85.0
20260619T015437Z,26.5,85.1
20260619T015452Z,26.5,84.8
20260619T015507Z,26.5,84.8
20260619T015522Z,26.5,84.6
20260619T015537Z,26.5,84.9
20260619T015552Z,26.5,84.5
20260619T015607Z,26.5,84.3
20260619T015622Z,26.5,84.4
20260619T015637Z,26.5,84.5
20260619T015652Z,26.5,84.6
20260619T015707Z,26.5,84.3
20260619T015722Z,26.5,84.2
20260619T015737Z,26.4,84.3
20260619T015752Z,26.5,84.4
20260619T015807Z,26.4,84.0
20260619T015822Z,26.4,83.7
20260619T015837Z,26.4,83.8
20260619T015852Z,26.4,84.3
20260619T015907Z,26.4,84.0
20260619T015922Z,26.4,84.1
20260619T015937Z,26.4,83.9
20260619T015952Z,26.4,84.1
20260619T020007Z,26.4,84.0
20260619T020022Z,26.4,84.0
20260619T020037Z,26.4,83.8
20260619T020052Z,26.4,83.7
20260619T020107Z,26.4,83.6
20260619T020122Z,26.4,83.8
20260619T020137Z,26.4,83.8
20260619T020152Z,26.3,83.3
20260619T020207Z,26.3,83.6
20260619T020222Z,26.3,83.6
20260619T020237Z,26.3,83.4
20260619T020252Z,26.3,83.5
20260619T020307Z,26.3,83.3
20260619T020322Z,26.3,83.5
20260619T020337Z,26.3,83.4
20260619T020352Z,26.3,83.3
20260619T020407Z,26.3,83.5
20260619T020422Z,26.3,83.5
20260619T020437Z,26.3,83.3
20260619T020452Z,26.2,83.4
20260619T020507Z,26.2,83.4
20260619T020522Z,26.3,83.1
20260619T020537Z,26.2,83.4
20260619T020552Z,26.2,83.2
20260619T020607Z,26.2,83.0
20260619T020622Z,26.2,83.2
20260619T020637Z,26.2,83.0
20260619T020652Z,26.2,83.2
20260619T020707Z,26.2,83.2
20260619T020722Z,26.2,83.2
20260619T020737Z,26.2,83.2
20260619T020752Z,26.2,82.8
20260619T020807Z,26.2,83.2
20260619T020822Z,26.2,83.0
20260619T020837Z,26.2,83.0
20260619T020852Z,26.2,83.0
20260619T020907Z,26.2,82.5
20260619T020922Z,26.2,82.8
20260619T020937Z,26.2,82.8
20260619T020952Z,26.2,82.5
20260619T021007Z,26.2,82.9
20260619T021022Z,26.2,82.9
20260619T021037Z,26.2,82.9
20260619T021052Z,26.2,82.6
20260619T021107Z,26.2,82.7
20260619T021122Z,26.2,82.6
20260619T021137Z,26.2,82.7
20260619T021152Z,26.2,82.8
20260619T021207Z,26.2,82.5
20260619T021222Z,26.2,82.6
20260619T021237Z,26.2,82.5
20260619T021252Z,26.2,82.4
20260619T021307Z,26.2,82.0
20260619T021322Z,26.2,82.3
20260619T021337Z,26.1,82.7
20260619T021352Z,26.2,82.3
20260619T021407Z,26.1,82.4
20260619T021422Z,26.1,82.4
20260619T021437Z,26.1,82.2
20260619T021452Z,26.1,82.4
20260619T021507Z,26.1,82.4
20260619T021522Z,26.1,82.1
20260619T021537Z,26.1,82.1
20260619T021552Z,26.1,82.4
20260619T021607Z,26.1,82.2
20260619T021622Z,26.1,82.4
20260619T021637Z,26.1,82.3
20260619T021652Z,26.1,82.3
20260619T021707Z,26.1,82.2
20260619T021722Z,26.1,82.2
20260619T021737Z,26.1,82.2
20260619T021752Z,26.1,82.2
20260619T021807Z,26.1,81.9
20260619T021822Z,26.1,81.6
20260619T021837Z,26.1,82.7
20260619T021852Z,26.1,82.2
20260619T021907Z,26.1,82.3
20260619T021922Z,26.1,82.3
20260619T021937Z,26.1,81.9
20260619T021952Z,26.1,82.6
20260619T022007Z,26.0,82.4
20260619T022022Z,26.0,82.3
20260619T022037Z,26.0,82.3
20260619T022052Z,26.0,82.2
20260619T022107Z,26.0,82.3
20260619T022122Z,26.0,82.0
20260619T022137Z,26.0,82.3
20260619T022152Z,26.0,82.1
20260619T022207Z,26.0,82.0
20260619T022222Z,26.0,82.2
20260619T022237Z,26.0,82.1
20260619T022252Z,25.9,82.0
20260619T022307Z,25.9,82.4
20260619T022322Z,25.9,82.2
20260619T022337Z,25.9,82.0
20260619T022352Z,25.9,82.3
20260619T022407Z,25.9,82.3
20260619T022422Z,25.9,82.0
20260619T022437Z,25.9,82.2
20260619T022452Z,25.9,82.1
20260619T022507Z,25.9,82.2
20260619T022522Z,25.9,82.5
20260619T022537Z,25.9,82.5
20260619T022552Z,25.9,82.0
20260619T022607Z,25.9,82.3
20260619T022622Z,25.9,82.5
20260619T022637Z,25.9,82.3
20260619T022652Z,25.9,81.8
20260619T022707Z,25.9,81.8
20260619T022722Z,25.9,81.9
20260619T022737Z,25.9,82.1
20260619T022752Z,25.9,82.1
20260619T022807Z,25.9,82.0
20260619T022822Z,25.9,82.2
20260619T022837Z,25.9,81.7
20260619T022852Z,25.8,82.2
20260619T022907Z,25.8,82.0
20260619T022922Z,25.8,81.8
20260619T022937Z,25.8,81.9
20260619T022952Z,25.8,81.8
20260619T023007Z,25.8,81.7
20260619T023022Z,25.8,82.0
20260619T023037Z,25.8,82.1
20260619T023052Z,25.8,81.9
20260619T023107Z,25.8,81.8
20260619T023122Z,25.8,82.2
20260619T023137Z,25.8,82.1
20260619T023152Z,25.8,81.8
20260619T023207Z,25.7,81.9
20260619T023222Z,25.8,82.1
20260619T023237Z,25.7,81.9
20260619T023252Z,25.7,82.1
20260619T023307Z,25.7,82.3
20260619T023322Z,25.8,81.8
20260619T023337Z,25.7,81.9
20260619T023352Z,25.7,82.0
20260619T023407Z,25.7,82.0
20260619T023422Z,25.8,81.9
20260619T023437Z,25.7,81.9
20260619T023452Z,25.8,82.0
20260619T023507Z,25.7,82.0
20260619T023522Z,25.8,82.0
20260619T023537Z,25.8,82.3
20260619T023552Z,25.8,82.4
20260619T023607Z,25.8,82.1
20260619T023622Z,25.8,81.9
20260619T023637Z,25.8,81.9
20260619T023652Z,25.8,81.6
20260619T023707Z,25.8,81.9
20260619T023722Z,25.8,81.9
20260619T023737Z,25.8,81.6
20260619T023752Z,25.8,81.9
20260619T023807Z,25.8,82.8
20260619T023822Z,25.8,82.3
20260619T023837Z,25.8,82.2
20260619T023852Z,25.8,81.9
20260619T023907Z,25.8,82.1
20260619T023922Z,25.8,82.3
20260619T023937Z,25.8,82.2
20260619T023952Z,25.8,82.1
20260619T024007Z,25.8,82.0
20260619T024022Z,25.8,81.9
20260619T024037Z,25.8,82.2
20260619T024052Z,25.8,81.9
20260619T024107Z,25.8,81.8
20260619T024122Z,25.9,81.9
20260619T024137Z,25.8,81.8
20260619T024152Z,25.9,81.6
20260619T024207Z,25.9,81.9
20260619T024222Z,25.9,81.5
20260619T024237Z,25.9,81.5
20260619T024252Z,25.9,81.4
20260619T024307Z,25.9,81.6
20260619T024322Z,25.9,81.3
20260619T024337Z,25.9,81.4
20260619T024352Z,25.9,81.2
20260619T024407Z,25.9,81.5
20260619T024422Z,25.9,81.5
20260619T024437Z,25.9,81.5
20260619T024452Z,25.9,81.4
20260619T024507Z,25.9,81.3
20260619T024522Z,25.9,81.2
20260619T024537Z,25.9,81.5
20260619T024552Z,25.9,81.9
20260619T024607Z,25.9,81.8
20260619T024622Z,25.9,81.4
20260619T024637Z,25.9,81.6
20260619T024652Z,25.9,81.9
20260619T024707Z,25.9,81.4
20260619T024722Z,25.9,81.5
20260619T024737Z,25.8,81.3
20260619T024752Z,25.9,81.9
20260619T024807Z,25.9,81.6
20260619T024822Z,25.9,81.6
20260619T024837Z,25.9,81.4
20260619T024852Z,25.9,81.4
20260619T024907Z,25.9,81.3
20260619T024922Z,25.9,81.5
20260619T024937Z,25.8,81.6
20260619T024952Z,25.9,82.0
20260619T025007Z,25.8,81.7
20260619T025022Z,25.9,81.7
20260619T025037Z,25.8,81.8
20260619T025052Z,25.8,81.7
20260619T025107Z,25.8,81.7
20260619T025122Z,25.8,81.5
20260619T025137Z,25.8,81.5
20260619T025152Z,25.8,81.5
20260619T025207Z,25.8,81.5
20260619T025222Z,25.8,81.5
20260619T025237Z,25.8,81.3
20260619T025252Z,25.8,81.2
20260619T025307Z,25.8,81.2
20260619T025322Z,25.8,81.3
20260619T025337Z,25.8,81.6
20260619T025352Z,25.8,81.4
20260619T025407Z,25.8,81.6
20260619T025422Z,25.8,81.4
20260619T025437Z,25.8,81.4
20260619T025452Z,25.8,81.4
20260619T025507Z,25.8,81.4
20260619T025522Z,25.8,81.2
20260619T025537Z,25.8,81.4
20260619T025552Z,25.7,81.3
20260619T025607Z,25.7,81.3
20260619T025622Z,25.8,81.5
20260619T025637Z,25.8,81.1
20260619T025652Z,25.8,81.4
20260619T025707Z,25.8,81.3
20260619T025722Z,25.8,81.4
20260619T025737Z,25.8,81.3
20260619T025752Z,25.8,81.0
20260619T025807Z,25.8,81.3
20260619T025822Z,25.8,81.0
20260619T025837Z,25.8,81.2
20260619T025852Z,25.8,81.1
20260619T025907Z,25.8,81.0
20260619T025922Z,25.8,81.0
20260619T025937Z,25.7,81.1
20260619T025952Z,25.7,81.1
20260619T030007Z,25.7,81.0
20260619T030022Z,25.7,81.0
20260619T030037Z,25.7,80.8
20260619T030052Z,25.7,81.2
20260619T030107Z,25.7,81.0
20260619T030122Z,25.7,81.0
20260619T030137Z,25.7,81.1
20260619T030152Z,25.7,80.8
20260619T030207Z,25.7,81.2
20260619T030222Z,25.7,81.1
20260619T030237Z,25.7,81.1
20260619T030252Z,25.7,80.5
20260619T030307Z,25.7,80.7
20260619T030322Z,25.7,80.9
20260619T030337Z,25.7,81.5
20260619T030352Z,25.7,81.3
20260619T030407Z,25.7,81.5
20260619T030422Z,25.7,81.2
20260619T030437Z,25.8,80.8
20260619T030452Z,25.8,81.2
20260619T030507Z,25.8,81.4
20260619T030522Z,25.8,81.1
20260619T030537Z,25.8,81.0
20260619T030552Z,25.8,81.0
20260619T030607Z,25.8,81.2
20260619T030622Z,25.7,81.0
20260619T030637Z,25.7,81.2
20260619T030652Z,25.7,81.2
20260619T030707Z,25.7,81.0
20260619T030722Z,25.7,81.2
20260619T030737Z,25.7,81.0
20260619T030752Z,25.7,81.1
20260619T030807Z,25.7,81.0
20260619T030822Z,25.7,80.9
20260619T030837Z,25.7,81.1
20260619T030852Z,25.7,81.2
20260619T030907Z,25.7,81.6
20260619T030922Z,25.7,81.2
20260619T030937Z,25.7,81.1
20260619T030952Z,25.7,82.3
20260619T031007Z,25.7,81.5
20260619T031022Z,25.7,81.0
20260619T031037Z,25.7,81.3
20260619T031052Z,25.7,81.4
20260619T031107Z,25.7,81.1
20260619T031122Z,25.7,81.4
20260619T031137Z,25.7,81.2
20260619T031152Z,25.7,81.7
20260619T031207Z,25.7,81.3
20260619T031222Z,25.7,81.2
20260619T031237Z,25.6,81.5
20260619T031252Z,25.7,81.4
20260619T031307Z,25.7,81.4
20260619T031322Z,25.6,81.9
20260619T031337Z,25.6,82.0
20260619T031352Z,25.6,81.6
20260619T031407Z,25.6,81.7
20260619T031422Z,25.6,81.7
20260619T031437Z,25.6,81.5
20260619T031452Z,25.6,81.6
20260619T031507Z,25.6,81.4
20260619T031522Z,25.6,81.8
20260619T031537Z,25.6,81.7
20260619T031552Z,25.6,81.8
20260619T031607Z,25.6,82.0
20260619T031622Z,25.6,81.6
20260619T031637Z,25.6,81.4
20260619T031652Z,25.6,81.4
20260619T031707Z,25.6,81.8
20260619T031722Z,25.5,81.8
20260619T031737Z,25.6,81.5
20260619T031752Z,25.5,81.6
20260619T031807Z,25.5,81.6
20260619T031822Z,25.5,81.4
20260619T031837Z,25.5,81.3
20260619T031852Z,25.5,81.5
20260619T031907Z,25.5,81.7
20260619T031922Z,25.5,81.2
20260619T031937Z,25.5,81.5
20260619T031952Z,25.5,81.6
20260619T032007Z,25.5,81.4
20260619T032022Z,25.5,81.6
20260619T032037Z,25.5,81.7
20260619T032052Z,25.5,81.7
20260619T032107Z,25.5,81.6
20260619T032122Z,25.5,81.8
20260619T032137Z,25.5,81.6
20260619T032152Z,25.5,81.5
20260619T032207Z,25.4,81.6
20260619T032222Z,25.5,81.5
20260619T032237Z,25.5,81.3
20260619T032252Z,25.5,81.4
20260619T032307Z,25.4,81.2
20260619T032322Z,25.4,81.4
20260619T032337Z,25.4,81.5
20260619T032352Z,25.4,81.0
20260619T032407Z,25.4,81.4
20260619T032422Z,25.4,81.8
20260619T032437Z,25.4,81.3
20260619T032452Z,25.4,81.6
20260619T032507Z,25.4,81.1
20260619T032522Z,25.4,81.3
20260619T032537Z,25.4,81.5
20260619T032552Z,25.4,81.4
20260619T032607Z,25.4,81.2
20260619T032622Z,25.4,81.2
20260619T032637Z,25.4,81.0
20260619T032652Z,25.4,81.4
20260619T032707Z,25.4,81.2
20260619T032722Z,25.4,81.0
20260619T032737Z,25.4,81.1
20260619T032752Z,25.4,81.2
20260619T032807Z,25.4,81.2
20260619T032822Z,25.4,81.4
20260619T032837Z,25.4,81.0
20260619T032852Z,25.4,81.4
20260619T032907Z,25.4,81.4
20260619T032922Z,25.4,81.2
20260619T032937Z,25.4,81.1
20260619T032952Z,25.4,81.2
20260619T033007Z,25.4,81.2
20260619T033022Z,25.4,81.2
20260619T033037Z,25.4,81.2
20260619T033052Z,25.4,81.1
20260619T033107Z,25.3,81.0
20260619T033122Z,25.4,81.4
20260619T033137Z,25.4,81.3
20260619T033152Z,25.4,80.9
20260619T033207Z,25.3,81.4
20260619T033222Z,25.3,81.2
20260619T033237Z,25.4,81.0
20260619T033252Z,25.3,81.4
20260619T033307Z,25.3,81.1
20260619T033322Z,25.3,81.2
20260619T033337Z,25.3,81.2
20260619T033352Z,25.3,81.2
20260619T033407Z,25.3,81.0
20260619T033422Z,25.3,81.4
20260619T033437Z,25.3,81.2
20260619T033452Z,25.3,81.2
20260619T033507Z,25.3,81.3
20260619T033522Z,25.3,81.1
20260619T033537Z,25.3,81.2
20260619T033552Z,25.3,81.2
20260619T033607Z,25.3,81.3
20260619T033622Z,25.3,81.3
20260619T033637Z,25.3,81.2
20260619T033652Z,25.3,81.5
20260619T033707Z,25.3,81.4
20260619T033722Z,25.3,81.0
20260619T033737Z,25.3,80.9
20260619T033752Z,25.3,81.3
20260619T033807Z,25.3,81.0
20260619T033822Z,25.3,81.2
20260619T033837Z,25.3,81.0
20260619T033852Z,25.3,81.1
20260619T033907Z,25.3,81.1
20260619T033922Z,25.3,81.2
20260619T033937Z,25.3,81.1
20260619T033952Z,25.3,81.2
20260619T034007Z,25.3,81.3
20260619T034022Z,25.3,81.1
20260619T034037Z,25.3,81.2
20260619T034052Z,25.3,81.2
20260619T034107Z,25.3,80.9
20260619T034122Z,25.3,81.3
20260619T034137Z,25.3,81.0
20260619T034152Z,25.3,80.9
20260619T034207Z,25.3,81.0
20260619T034222Z,25.3,81.2
20260619T034237Z,25.3,81.1
20260619T034252Z,25.2,80.8
20260619T034307Z,25.2,80.7
20260619T034322Z,25.2,81.0
20260619T034337Z,25.2,81.0
20260619T034352Z,25.2,81.1
20260619T034407Z,25.2,81.2
20260619T034422Z,25.2,81.0
20260619T034437Z,25.2,81.0
20260619T034452Z,25.2,81.3
20260619T034507Z,25.2,81.3
20260619T034522Z,25.2,80.9
20260619T034537Z,25.2,80.9
20260619T034552Z,25.2,80.8
20260619T034607Z,25.2,80.8
20260619T034622Z,25.2,81.4
20260619T034637Z,25.2,80.9
20260619T034652Z,25.2,81.0
20260619T034707Z,25.2,80.9
20260619T034722Z,25.2,81.2
20260619T034737Z,25.2,80.9
20260619T034752Z,25.2,80.7
20260619T034807Z,25.2,81.2
20260619T034822Z,25.2,81.0
20260619T034837Z,25.2,80.7
20260619T034852Z,25.2,81.3
20260619T034907Z,25.2,81.2
20260619T034922Z,25.2,81.0
20260619T034937Z,25.2,81.0
20260619T034952Z,25.2,81.2
20260619T035007Z,25.2,80.8
20260619T035022Z,25.2,81.2
20260619T035037Z,25.2,80.9
20260619T035052Z,25.2,80.9
20260619T035107Z,25.2,81.5
20260619T035122Z,25.2,80.8
20260619T035137Z,25.2,81.1
20260619T035152Z,25.2,81.0
20260619T035207Z,25.2,81.0
20260619T035222Z,25.2,81.1
20260619T035237Z,25.2,81.2
20260619T035252Z,25.2,81.3
20260619T035307Z,25.2,81.1
20260619T035322Z,25.2,81.2
20260619T035337Z,25.2,81.0
20260619T035352Z,25.2,81.1
20260619T035407Z,25.2,80.9
20260619T035422Z,25.2,81.1
20260619T035437Z,25.2,81.1
20260619T035452Z,25.2,81.0
20260619T035507Z,25.2,81.3
20260619T035522Z,25.2,80.8
20260619T035537Z,25.1,81.0
20260619T035552Z,25.1,81.0
20260619T035607Z,25.2,81.0
20260619T035622Z,25.2,81.1
20260619T035637Z,25.1,81.0
20260619T035652Z,25.1,81.3
20260619T035707Z,25.1,81.3
20260619T035722Z,25.1,81.0
20260619T035737Z,25.1,81.2
20260619T035752Z,25.1,81.0
20260619T035807Z,25.1,81.0
20260619T035822Z,25.1,81.1
20260619T035837Z,25.1,81.1
20260619T035852Z,25.1,81.1
20260619T035907Z,25.1,80.7
20260619T035922Z,25.1,81.1
20260619T035937Z,25.1,81.3
20260619T035952Z,25.1,80.9
20260619T040007Z,25.1,81.3
20260619T040022Z,25.1,81.1
20260619T040037Z,25.1,80.9
20260619T040052Z,25.1,81.0
20260619T040107Z,25.1,81.0
20260619T040122Z,25.1,81.2
20260619T040137Z,25.1,81.2
20260619T040152Z,25.1,80.9
20260619T040207Z,25.1,81.4
20260619T040222Z,25.1,81.0
20260619T040237Z,25.1,81.2
20260619T040252Z,25.1,82.3
20260619T040307Z,25.1,81.9
20260619T040322Z,25.1,81.5
20260619T040337Z,25.1,82.0
20260619T040352Z,25.2,81.9
20260619T040407Z,25.2,81.8
20260619T040422Z,25.2,82.1
20260619T040437Z,25.2,81.7
20260619T040452Z,25.2,81.7
20260619T040507Z,25.2,82.0
20260619T040522Z,25.2,81.8
20260619T040537Z,25.3,81.4
20260619T040552Z,25.3,81.5
20260619T040607Z,25.3,81.7
20260619T040622Z,25.3,80.9
20260619T040637Z,25.3,81.4
20260619T040652Z,25.3,82.0
20260619T040707Z,25.3,81.6
20260619T040722Z,25.3,81.6
20260619T040737Z,25.4,81.6
20260619T040752Z,25.4,81.6
20260619T040807Z,25.4,81.7
20260619T040822Z,25.4,81.5
20260619T040837Z,25.4,81.3
20260619T040852Z,25.4,81.5
20260619T040907Z,25.4,81.5
20260619T040922Z,25.4,81.6
20260619T040937Z,25.4,81.6
20260619T040952Z,25.4,81.9
20260619T041007Z,25.4,81.8
20260619T041022Z,25.4,81.5
20260619T041037Z,25.4,81.7
20260619T041052Z,25.4,81.6
20260619T041107Z,25.4,81.3
20260619T041122Z,25.4,81.7
20260619T041137Z,25.4,81.4
20260619T041152Z,25.4,81.4
20260619T041207Z,25.4,81.5
20260619T041222Z,25.4,81.9
20260619T041237Z,25.4,81.8
20260619T041252Z,25.4,81.3
20260619T041307Z,25.4,81.3
20260619T041322Z,25.4,81.7
20260619T041337Z,25.4,81.6
20260619T041352Z,25.4,81.3
20260619T041407Z,25.4,81.7
20260619T041422Z,25.4,81.4
20260619T041437Z,25.4,81.4
20260619T041452Z,25.4,81.6
20260619T041507Z,25.4,81.4
20260619T041522Z,25.4,81.9
20260619T041537Z,25.4,81.8
20260619T041552Z,25.4,81.2
20260619T041607Z,25.3,81.8
20260619T041622Z,25.3,81.5
20260619T041637Z,25.3,81.9
20260619T041652Z,25.3,81.8
20260619T041707Z,25.3,81.3
20260619T041722Z,25.3,81.9
20260619T041737Z,25.3,81.7
20260619T041752Z,25.3,81.8
20260619T041807Z,25.3,81.6
20260619T041822Z,25.3,81.8
20260619T041837Z,25.3,81.8
20260619T041852Z,25.3,81.4
20260619T041907Z,25.3,81.7
20260619T041922Z,25.3,81.8
20260619T041937Z,25.3,81.5
20260619T041952Z,25.3,81.7
20260619T042007Z,25.3,81.9
20260619T042022Z,25.3,81.6
20260619T042037Z,25.3,81.7
20260619T042052Z,25.3,81.8
20260619T042107Z,25.3,81.4
20260619T042122Z,25.3,81.5
20260619T042137Z,25.3,82.3
20260619T042152Z,25.3,81.7
20260619T042207Z,25.3,81.9
20260619T042222Z,25.3,81.8
20260619T042237Z,25.3,81.8
20260619T042252Z,25.3,81.8
20260619T042307Z,25.3,81.5
20260619T042322Z,25.3,81.9
20260619T042337Z,25.3,82.0
20260619T042352Z,25.3,81.6
20260619T042407Z,25.3,81.7
20260619T042422Z,25.3,81.8
20260619T042437Z,25.3,82.4
20260619T042452Z,25.3,82.1
20260619T042507Z,25.3,82.0
20260619T042522Z,25.3,82.1
20260619T042537Z,25.3,81.8
20260619T042552Z,25.3,82.2
20260619T042607Z,25.3,82.4
20260619T042622Z,25.3,81.7
20260619T042637Z,25.3,81.7
20260619T042652Z,25.3,81.8
20260619T042707Z,25.3,82.1
20260619T042722Z,25.3,81.8
20260619T042737Z,25.4,82.4
20260619T042752Z,25.4,81.9
20260619T042807Z,25.4,81.9
20260619T042822Z,25.4,82.0
20260619T042837Z,25.4,81.7
20260619T042852Z,25.3,82.1
20260619T042907Z,25.3,81.9
20260619T042922Z,25.4,82.0
20260619T042937Z,25.4,82.1
20260619T042952Z,25.4,82.0
20260619T043007Z,25.4,82.0
20260619T043022Z,25.4,81.8
20260619T043037Z,25.4,81.9
20260619T043052Z,25.4,81.8
20260619T043107Z,25.4,82.0
20260619T043122Z,25.4,82.2
20260619T043137Z,25.4,81.9
20260619T043152Z,25.4,82.1
20260619T043207Z,25.4,82.0
20260619T043222Z,25.4,81.5
20260619T043237Z,25.4,81.7
20260619T043252Z,25.4,81.5
20260619T043307Z,25.4,81.8
20260619T043322Z,25.4,81.7
20260619T043337Z,25.4,81.4
20260619T043352Z,25.4,82.1
20260619T043407Z,25.4,81.9
20260619T043422Z,25.4,81.5
20260619T043437Z,25.4,81.8
20260619T043452Z,25.4,81.5
20260619T043507Z,25.5,81.4
20260619T043522Z,25.4,81.9
20260619T043537Z,25.5,81.7
20260619T043552Z,25.5,81.6
20260619T043607Z,25.5,81.4
20260619T043622Z,25.4,81.5
20260619T043637Z,25.4,81.6
20260619T043652Z,25.4,81.7
20260619T043707Z,25.4,81.5
20260619T043722Z,25.4,81.7
20260619T043737Z,25.4,81.7
20260619T043752Z,25.4,81.8
20260619T043807Z,25.4,81.5
20260619T043822Z,25.4,81.5
20260619T043837Z,25.4,81.5
20260619T043852Z,25.4,81.6
20260619T043907Z,25.4,82.0
20260619T043922Z,25.5,81.9
20260619T043937Z,25.5,81.5
20260619T043952Z,25.5,81.8
20260619T044007Z,25.5,81.7
20260619T044022Z,25.5,81.9
20260619T044037Z,25.5,81.7
20260619T044052Z,25.5,81.8
20260619T044107Z,25.5,81.4
20260619T044122Z,25.5,81.5
20260619T044137Z,25.5,81.4
20260619T044152Z,25.5,81.8
20260619T044207Z,25.5,81.7
20260619T044222Z,25.5,81.3
20260619T044237Z,25.5,81.6
20260619T044252Z,25.5,81.6
20260619T044307Z,25.5,81.6
20260619T044322Z,25.5,81.8
20260619T044337Z,25.5,81.7
20260619T044352Z,25.5,81.7
20260619T044407Z,25.5,81.4
20260619T044422Z,25.5,81.3
20260619T044437Z,25.5,81.6
20260619T044452Z,25.5,82.0
20260619T044507Z,25.5,81.6
20260619T044522Z,25.5,81.6
20260619T044537Z,25.5,81.6
20260619T044552Z,25.5,81.4
20260619T044607Z,25.5,81.6
20260619T044622Z,25.5,81.9
20260619T044637Z,25.6,81.5
20260619T044652Z,25.6,81.4
20260619T044707Z,25.6,81.5
20260619T044722Z,25.6,81.6
20260619T044737Z,25.6,81.4
20260619T044752Z,25.6,81.4
20260619T044807Z,25.6,81.6
20260619T044822Z,25.6,81.6
20260619T044837Z,25.6,81.5
20260619T044852Z,25.6,81.3
20260619T044907Z,25.6,81.6
20260619T044922Z,25.6,81.6
20260619T044937Z,25.6,81.2
20260619T044952Z,25.6,81.7
20260619T045007Z,25.6,81.4
20260619T045022Z,25.6,81.5
20260619T045037Z,25.6,81.6
20260619T045052Z,25.7,81.6
20260619T045107Z,25.7,81.6
20260619T045122Z,25.7,81.4
20260619T045137Z,25.6,81.2
20260619T045152Z,25.6,81.4
20260619T045207Z,25.6,81.5
20260619T045222Z,25.6,81.6
20260619T045237Z,25.6,81.8
20260619T045252Z,25.6,81.3
20260619T045307Z,25.6,81.5
20260619T045322Z,25.6,81.2
20260619T045337Z,25.6,81.6
20260619T045352Z,25.6,81.6
20260619T045407Z,25.6,81.6
20260619T045422Z,25.6,81.8
20260619T045437Z,25.6,81.4
20260619T045452Z,25.6,81.4
20260619T045507Z,25.6,81.8
20260619T045522Z,25.6,81.5
20260619T045537Z,25.6,82.4
20260619T045552Z,25.6,81.7
20260619T045607Z,25.6,81.9
20260619T045622Z,25.6,81.8
20260619T045637Z,25.5,82.3
20260619T045652Z,25.6,82.3
20260619T045707Z,25.6,81.8
20260619T045722Z,25.6,82.1
20260619T045737Z,25.6,81.9
20260619T045752Z,25.6,81.8
20260619T045807Z,25.6,81.9
20260619T045822Z,25.6,82.1
20260619T045837Z,25.6,81.9
20260619T045852Z,25.6,82.1
20260619T045907Z,25.6,81.9
20260619T045922Z,25.6,81.9
20260619T045937Z,25.6,82.0
20260619T045952Z,25.6,81.9
20260619T050007Z,25.6,82.1
20260619T050022Z,25.6,81.9
20260619T050037Z,25.6,81.7
20260619T050052Z,25.6,82.0
20260619T050107Z,25.6,81.6
20260619T050122Z,25.6,81.9
20260619T050137Z,25.6,82.1
20260619T050152Z,25.6,82.0
20260619T050207Z,25.6,82.0
20260619T050222Z,25.6,81.8
20260619T050237Z,25.6,82.1
20260619T050252Z,25.6,81.9
20260619T050307Z,25.6,81.9
20260619T050322Z,25.6,81.8
20260619T050337Z,25.6,82.1
20260619T050352Z,25.6,81.5
20260619T050407Z,25.6,81.9
20260619T050422Z,25.6,81.8
20260619T050437Z,25.6,81.7
20260619T050452Z,25.6,81.9
20260619T050507Z,25.6,81.9
20260619T050522Z,25.6,81.7
20260619T050537Z,25.6,81.8
20260619T050552Z,25.6,81.5
20260619T050607Z,25.6,81.9
20260619T050622Z,25.6,81.7
20260619T050637Z,25.6,81.6
20260619T050652Z,25.6,82.1
20260619T050707Z,25.6,81.7
20260619T050722Z,25.6,82.0
20260619T050737Z,25.6,81.9
20260619T050752Z,25.6,81.7
20260619T050807Z,25.6,81.5
20260619T050822Z,25.6,81.7
20260619T050837Z,25.6,81.8
20260619T050852Z,25.6,81.1
20260619T050907Z,25.6,81.6
20260619T050922Z,25.7,81.7
20260619T050937Z,25.7,81.4
20260619T050952Z,25.7,81.5
20260619T051007Z,25.7,81.4
20260619T051022Z,25.7,81.5
20260619T051037Z,25.7,81.3
20260619T051052Z,25.7,81.6
20260619T051107Z,25.6,81.4
20260619T051122Z,25.7,81.7
20260619T051137Z,25.7,81.4
20260619T051152Z,25.7,81.6
20260619T051207Z,25.7,81.6
20260619T051222Z,25.7,81.5
20260619T051237Z,25.7,81.4
20260619T051252Z,25.7,81.6
20260619T051307Z,25.7,81.1
20260619T051322Z,25.7,81.3
20260619T051337Z,25.7,81.5
20260619T051352Z,25.7,81.3
20260619T051407Z,25.7,81.0
20260619T051422Z,25.7,81.4
20260619T051437Z,25.7,81.3
20260619T051452Z,25.7,81.1
20260619T051508Z,25.7,81.5
20260619T051523Z,25.7,81.3
20260619T051538Z,25.7,81.2
20260619T051553Z,25.7,81.2
20260619T051608Z,25.7,80.9
20260619T051623Z,25.7,81.5
20260619T051638Z,25.7,81.4
20260619T051653Z,25.7,81.4
20260619T051708Z,25.7,81.5
20260619T051723Z,25.7,81.2
20260619T051738Z,25.7,81.4
20260619T051753Z,25.7,81.4
20260619T051808Z,25.7,81.5
20260619T051823Z,25.7,81.5
20260619T051838Z,25.7,81.2
20260619T051853Z,25.7,81.4
20260619T051908Z,25.7,81.4
20260619T051923Z,25.7,81.1
20260619T051938Z,25.7,80.9
20260619T051953Z,25.7,81.5
20260619T052008Z,25.7,81.4
20260619T052023Z,25.7,81.2
20260619T052038Z,25.7,81.4
20260619T052053Z,25.7,81.1
20260619T052108Z,25.7,81.2
20260619T052123Z,25.7,81.4
20260619T052138Z,25.7,81.7
20260619T052153Z,25.7,81.6
20260619T052208Z,25.7,81.4
20260619T052223Z,25.8,81.5
20260619T052238Z,25.8,81.3
20260619T052253Z,25.8,81.4
20260619T052308Z,25.8,81.4
20260619T052323Z,25.8,81.2
20260619T052338Z,25.8,81.5
20260619T052353Z,25.8,81.2
20260619T052408Z,25.8,81.0
20260619T052423Z,25.7,81.2
20260619T052438Z,25.8,81.1
20260619T052453Z,25.8,81.1
20260619T052508Z,25.7,81.3
20260619T052523Z,25.8,81.5
20260619T052538Z,25.8,81.3
20260619T052553Z,25.7,81.2
20260619T052608Z,25.7,81.1
20260619T052623Z,25.7,81.5
20260619T052638Z,25.7,81.1
20260619T052653Z,25.7,81.5
20260619T052708Z,25.7,81.3
20260619T052723Z,25.7,81.5
20260619T052738Z,25.8,81.5
20260619T052753Z,25.8,81.2
20260619T052808Z,25.8,81.2
20260619T052823Z,25.8,81.0
20260619T052838Z,25.8,81.4
20260619T052853Z,25.8,81.1
20260619T052908Z,25.8,81.4
20260619T052923Z,25.8,81.5
20260619T052938Z,25.8,81.4
20260619T052953Z,25.8,81.5
20260619T053008Z,25.8,81.3
20260619T053023Z,25.8,81.4
20260619T053038Z,25.8,80.9
20260619T053053Z,25.8,81.1
20260619T053108Z,25.8,81.3
20260619T053123Z,25.8,81.3
20260619T053138Z,25.8,81.2
20260619T053153Z,25.8,81.3
20260619T053208Z,25.8,81.1
20260619T053223Z,25.8,80.7
20260619T053238Z,25.8,81.2
20260619T053253Z,25.8,81.1
20260619T053308Z,25.8,81.0
20260619T053323Z,25.8,81.2
20260619T053338Z,25.8,81.4
20260619T053353Z,25.8,81.0
20260619T053408Z,25.8,81.3
20260619T053423Z,25.8,81.4
20260619T053438Z,25.8,81.4
20260619T053453Z,25.8,81.4
20260619T053508Z,25.9,81.3
20260619T053523Z,25.8,81.3
20260619T053538Z,25.8,81.0
20260619T053553Z,25.9,81.2
20260619T053608Z,25.9,81.3
20260619T053623Z,25.9,81.1
20260619T053638Z,25.9,81.2
20260619T053653Z,25.8,81.4
20260619T053708Z,25.9,81.2
20260619T053723Z,25.9,81.1
20260619T053738Z,25.8,81.2
20260619T053753Z,25.9,81.1
20260619T053808Z,25.9,81.2
20260619T053823Z,25.8,81.2
20260619T053838Z,25.9,81.3
20260619T053853Z,25.9,81.2
20260619T053908Z,25.9,81.2
20260619T053923Z,25.9,81.2
20260619T053938Z,25.9,81.1
20260619T053953Z,25.9,81.2
20260619T054008Z,25.9,81.1
20260619T054023Z,25.9,80.9
20260619T054038Z,25.9,80.8
20260619T054053Z,25.8,80.8
20260619T054108Z,25.8,81.3
20260619T054123Z,25.8,81.4
20260619T054138Z,25.9,81.0
20260619T054153Z,25.9,81.2
20260619T054208Z,25.8,81.3
20260619T054223Z,25.9,81.3
20260619T054238Z,25.9,81.4
20260619T054253Z,25.9,81.3
20260619T054308Z,25.9,81.2
20260619T054323Z,25.9,81.5
20260619T054338Z,25.9,81.3
20260619T054353Z,25.9,81.3
20260619T054408Z,25.9,81.4
20260619T054423Z,25.9,81.3
20260619T054438Z,25.9,81.4
20260619T054453Z,25.9,81.2
20260619T054508Z,25.9,81.0
20260619T054523Z,25.9,81.4
20260619T054538Z,25.9,81.6
20260619T054553Z,25.9,81.1
20260619T054608Z,25.9,81.5
20260619T054623Z,25.9,81.4
20260619T054638Z,25.9,81.3
20260619T054653Z,25.9,81.4
20260619T054708Z,25.9,81.2
20260619T054723Z,25.9,81.4
20260619T054738Z,25.8,81.3
20260619T054753Z,25.8,81.4
20260619T054808Z,25.9,81.6
20260619T054823Z,25.9,81.4
20260619T054838Z,25.9,81.7
20260619T054853Z,25.9,81.3
20260619T054908Z,25.8,81.2
20260619T054923Z,25.8,81.6
20260619T054938Z,25.8,81.4
20260619T054953Z,25.8,81.7
20260619T055008Z,25.8,81.6
20260619T055023Z,25.8,81.5
20260619T055038Z,25.8,81.6
20260619T055053Z,25.8,81.7
20260619T055108Z,25.8,81.8
20260619T055123Z,25.8,81.7
20260619T055138Z,25.8,81.6
20260619T055153Z,25.8,81.5
20260619T055208Z,25.8,81.5
20260619T055223Z,25.8,81.7
20260619T055238Z,25.8,81.5
20260619T055253Z,25.8,81.8
20260619T055308Z,25.8,81.5
20260619T055323Z,25.8,81.9
20260619T055338Z,25.8,81.4
20260619T055353Z,25.8,81.7
20260619T055408Z,25.7,81.8
20260619T055423Z,25.8,81.6
20260619T055438Z,25.7,81.9
20260619T055453Z,25.7,81.9
20260619T055508Z,25.8,81.6
20260619T055523Z,25.8,81.8
20260619T055538Z,25.8,81.7
20260619T055553Z,25.8,81.4
20260619T055608Z,25.8,82.0
20260619T055623Z,25.8,81.8
20260619T055638Z,25.8,81.7
20260619T055653Z,25.8,81.8
20260619T055708Z,25.8,81.9
20260619T055723Z,25.8,81.8
20260619T055738Z,25.8,81.4
20260619T055753Z,25.7,81.8
20260619T055808Z,25.8,82.0
20260619T055823Z,25.8,81.6
20260619T055838Z,25.8,81.9
20260619T055853Z,25.8,81.9
20260619T055908Z,25.8,81.9
20260619T055923Z,25.8,81.9
20260619T055938Z,25.8,81.8
20260619T055953Z,25.8,81.9
20260619T060008Z,25.8,81.7
20260619T060023Z,25.8,81.5
20260619T060038Z,25.8,81.8
20260619T060053Z,25.8,81.9
20260619T060108Z,25.8,81.7
20260619T060123Z,25.8,81.8
20260619T060138Z,25.8,81.8
20260619T060153Z,25.8,81.3
20260619T060208Z,25.8,81.8
20260619T060223Z,25.8,81.9
20260619T060238Z,25.8,81.7
20260619T060253Z,25.8,81.9
20260619T060308Z,25.8,81.8
20260619T060323Z,25.8,81.6
20260619T060338Z,25.8,81.9
20260619T060353Z,25.8,81.8
20260619T060408Z,25.8,81.6
20260619T060423Z,25.8,81.7
20260619T060438Z,25.8,81.8
20260619T060453Z,25.8,81.8
20260619T060508Z,25.8,82.0
20260619T060523Z,25.8,81.6
20260619T060538Z,25.8,82.0
20260619T060553Z,25.8,81.7
20260619T060608Z,25.8,82.0
20260619T060623Z,25.8,81.8
20260619T060638Z,25.8,82.1
20260619T060653Z,25.8,82.0
20260619T060708Z,25.8,82.0
20260619T060723Z,25.8,82.1
20260619T060738Z,25.8,81.8
20260619T060753Z,25.8,81.9
20260619T060808Z,25.8,81.8
20260619T060823Z,25.8,81.7
20260619T060838Z,25.8,81.8
20260619T060853Z,25.8,81.5
20260619T060908Z,25.8,81.6
20260619T060923Z,25.8,81.8
20260619T060938Z,25.8,81.8
20260619T060953Z,25.8,81.9
20260619T061008Z,25.8,82.0
20260619T061023Z,25.8,81.9
20260619T061038Z,25.8,81.9
20260619T061053Z,25.8,81.9
20260619T061108Z,25.8,81.7
20260619T061123Z,25.8,81.8
20260619T061138Z,25.8,81.9
20260619T061153Z,25.8,81.7
20260619T061208Z,25.8,81.7
20260619T061223Z,25.8,81.9
20260619T061238Z,25.8,82.1
20260619T061253Z,25.8,81.8
20260619T061308Z,25.8,81.8
20260619T061323Z,25.8,81.9
20260619T061338Z,25.8,81.9
20260619T061353Z,25.8,81.8
20260619T061408Z,25.8,81.6
20260619T061423Z,25.8,81.7
20260619T061438Z,25.8,82.0
20260619T061453Z,25.8,81.6
20260619T061508Z,25.8,82.2
20260619T061523Z,25.8,81.9
20260619T061538Z,25.8,82.2
20260619T061553Z,25.8,82.1
20260619T061608Z,25.8,81.8
20260619T061623Z,25.8,81.9
20260619T061638Z,25.8,82.0
20260619T061653Z,25.8,82.0
20260619T061708Z,25.8,82.1
20260619T061723Z,25.8,82.1
20260619T061738Z,25.8,82.0
20260619T061753Z,25.8,81.8
20260619T061808Z,25.8,81.9
20260619T061823Z,25.8,81.9
20260619T061838Z,25.8,82.0
20260619T061853Z,25.8,82.0
20260619T061908Z,25.8,82.0
20260619T061923Z,25.8,81.9
20260619T061938Z,25.8,81.9
20260619T061953Z,25.8,82.0
20260619T062008Z,25.8,82.0
20260619T062023Z,25.8,82.0
20260619T062038Z,25.8,82.1
20260619T062053Z,25.8,82.0
20260619T062108Z,25.8,82.0
20260619T062123Z,25.8,81.9
20260619T062138Z,25.8,82.0
20260619T062153Z,25.8,81.8
20260619T062208Z,25.8,81.9
20260619T062223Z,25.8,81.9
20260619T062238Z,25.9,82.1
20260619T062253Z,25.8,82.0
20260619T062308Z,25.8,82.1
20260619T062323Z,25.9,82.1
20260619T062338Z,25.9,81.7
20260619T062353Z,25.9,82.0
20260619T062408Z,25.9,81.9
20260619T062423Z,25.9,81.7
20260619T062438Z,25.8,82.1
20260619T062453Z,25.9,82.2
20260619T062508Z,25.9,81.7
20260619T062523Z,25.8,81.6
20260619T062538Z,25.8,81.9
20260619T062553Z,25.8,81.9
20260619T062608Z,25.8,82.0
20260619T062623Z,25.8,82.0
20260619T062638Z,25.8,81.9
20260619T062653Z,25.8,82.1
20260619T062708Z,25.8,82.3
20260619T062723Z,25.9,81.9
20260619T062738Z,25.8,82.0
20260619T062753Z,25.8,82.2
20260619T062808Z,25.8,82.0
20260619T062823Z,25.9,82.0
20260619T062838Z,25.9,82.0
20260619T062853Z,25.8,82.0
20260619T062908Z,25.8,82.2
20260619T062923Z,25.9,82.0
20260619T062938Z,25.8,82.2
20260619T062953Z,25.9,81.9
20260619T063008Z,25.8,82.1
20260619T063023Z,25.9,82.1
20260619T063038Z,25.9,82.0
20260619T063053Z,25.9,82.3
20260619T063108Z,25.9,82.0
20260619T063123Z,25.9,82.0
20260619T063138Z,25.9,82.1
20260619T063153Z,25.9,82.2
20260619T063208Z,25.8,82.0
20260619T063223Z,25.8,82.0
20260619T063238Z,25.8,82.1
20260619T063253Z,25.8,82.1
20260619T063308Z,25.8,82.1
20260619T063323Z,25.8,82.0
20260619T063338Z,25.8,82.3
20260619T063353Z,25.8,82.2
20260619T063408Z,25.8,82.2
20260619T063423Z,25.8,82.1
20260619T063438Z,25.8,82.3
20260619T063453Z,25.9,82.1
20260619T063508Z,25.9,82.0
20260619T063523Z,25.8,82.1
20260619T063538Z,25.8,82.2
20260619T063553Z,25.9,82.2
20260619T063608Z,25.8,82.3
20260619T063623Z,25.8,82.0
20260619T063638Z,25.9,82.4
20260619T063653Z,25.9,82.3
20260619T063708Z,25.9,82.3
20260619T063723Z,25.9,82.2
20260619T063738Z,25.9,82.1
20260619T063753Z,25.9,82.0
20260619T063808Z,25.9,82.2
20260619T063823Z,25.9,82.3
20260619T063838Z,25.9,82.1
20260619T063853Z,25.9,82.1
20260619T063908Z,25.9,82.4
20260619T063923Z,25.9,82.2
20260619T063938Z,25.9,82.1
20260619T063953Z,25.9,81.7
20260619T064008Z,25.9,82.1
20260619T064023Z,25.9,82.0
20260619T064038Z,25.9,82.2
20260619T064053Z,25.9,82.0
20260619T064108Z,25.9,81.9
20260619T064123Z,25.9,81.9
20260619T064138Z,25.9,82.1
20260619T064153Z,25.9,81.9
20260619T064208Z,25.9,81.8
20260619T064223Z,25.9,82.2
20260619T064238Z,25.9,82.4
20260619T064253Z,25.9,82.2
20260619T064308Z,25.9,81.9
20260619T064323Z,25.8,82.1
20260619T064338Z,25.8,82.0
20260619T064353Z,25.8,81.9
20260619T064408Z,25.8,82.4
20260619T064423Z,25.8,82.3
20260619T064438Z,25.8,82.3
20260619T064453Z,25.8,82.4
20260619T064508Z,25.8,82.3
20260619T064523Z,25.8,82.2
20260619T064538Z,25.8,82.2
20260619T064553Z,25.8,82.4
20260619T064608Z,25.8,82.3
20260619T064623Z,25.8,82.3
20260619T064638Z,25.8,82.3
20260619T064653Z,25.8,82.5
20260619T064708Z,25.8,82.4
20260619T064723Z,25.8,82.5
20260619T064738Z,25.8,82.2
20260619T064753Z,25.8,82.3
20260619T064808Z,25.8,82.4
20260619T064823Z,25.8,82.4
20260619T064838Z,25.8,82.4
20260619T064853Z,25.8,82.4
20260619T064908Z,25.8,82.2
20260619T064923Z,25.8,82.1
20260619T064938Z,25.8,82.3
20260619T064953Z,25.8,82.5
20260619T065008Z,25.8,82.5
20260619T065023Z,25.8,82.2
20260619T065038Z,25.8,82.3
20260619T065053Z,25.8,82.2
20260619T065108Z,25.8,82.3
20260619T065123Z,25.8,82.4
20260619T065138Z,25.8,82.4
20260619T065153Z,25.8,82.3
20260619T065208Z,25.8,82.4
20260619T065223Z,25.8,82.1
20260619T065238Z,25.8,82.3
20260619T065253Z,25.8,82.4
20260619T065308Z,25.8,82.4
20260619T065323Z,25.8,82.1
20260619T065338Z,25.8,82.2
20260619T065353Z,25.8,82.0
20260619T065408Z,25.8,82.2
20260619T065423Z,25.8,81.8
20260619T065438Z,25.8,81.8
20260619T065453Z,25.8,82.0
20260619T065508Z,25.8,82.2
20260619T065523Z,25.8,82.3
20260619T065538Z,25.8,82.3
20260619T065553Z,25.8,82.2
20260619T065608Z,25.8,82.2
20260619T065623Z,25.8,82.3
20260619T065638Z,25.8,82.0
20260619T065653Z,25.8,82.1
20260619T065708Z,25.8,82.2
20260619T065723Z,25.8,82.4
20260619T065738Z,25.8,82.5
20260619T065753Z,25.8,82.2
20260619T065808Z,25.8,82.2
20260619T065823Z,25.8,82.3
20260619T065838Z,25.7,82.3
20260619T065853Z,25.8,82.3
20260619T065908Z,25.7,82.3
20260619T065923Z,25.8,82.2
20260619T065938Z,25.7,82.1
20260619T065953Z,25.7,82.4
20260619T070008Z,25.7,82.5
20260619T070023Z,25.7,82.2
20260619T070038Z,25.7,82.4
20260619T070053Z,25.7,82.4
20260619T070108Z,25.8,82.5
20260619T070123Z,25.7,82.5
20260619T070138Z,25.8,82.4
20260619T070153Z,25.8,82.4
20260619T070208Z,25.7,82.5
20260619T070223Z,25.8,82.3
20260619T070238Z,25.7,82.2
20260619T070253Z,25.7,82.4
20260619T070308Z,25.7,82.5
20260619T070323Z,25.7,82.3
20260619T070338Z,25.7,82.4
20260619T070353Z,25.7,82.0
20260619T070408Z,25.7,82.2
20260619T070423Z,25.7,82.3
20260619T070438Z,25.7,82.4
20260619T070453Z,25.7,82.4
20260619T070508Z,25.7,82.3
20260619T070523Z,25.7,82.4
20260619T070538Z,25.7,82.3
20260619T070553Z,25.7,82.1
20260619T070608Z,25.7,82.5
20260619T070623Z,25.7,82.4
20260619T070638Z,25.7,82.5
20260619T070653Z,25.7,82.4
20260619T070708Z,25.7,82.4
20260619T070723Z,25.7,82.3
20260619T070738Z,25.7,82.4
20260619T070753Z,25.7,82.2
20260619T070808Z,25.7,82.4
20260619T070823Z,25.7,82.3
20260619T070838Z,25.8,82.5
20260619T070853Z,25.8,82.4
20260619T070908Z,25.8,82.3
20260619T070923Z,25.8,82.5
20260619T070938Z,25.8,82.0
20260619T070953Z,25.8,82.2
20260619T071008Z,25.7,82.4
20260619T071023Z,25.8,82.4
20260619T071038Z,25.7,82.5
20260619T071053Z,25.7,82.3
20260619T071108Z,25.7,82.3
20260619T071123Z,25.7,82.1
20260619T071138Z,25.7,82.6
20260619T071153Z,25.7,82.5
20260619T071208Z,25.8,82.6
20260619T071223Z,25.7,82.5
20260619T071238Z,25.8,82.6
20260619T071253Z,25.8,82.4
20260619T071308Z,25.7,82.4
20260619T071323Z,25.7,82.4
20260619T071338Z,25.7,82.5
20260619T071353Z,25.7,82.4
20260619T071408Z,25.7,82.6
20260619T071423Z,25.7,82.6
20260619T071438Z,25.7,82.7
20260619T071453Z,25.8,82.7
20260619T071508Z,25.8,82.5
20260619T071523Z,25.8,82.4
20260619T071538Z,25.8,82.6
20260619T071553Z,25.8,82.5
20260619T071608Z,25.8,82.4
20260619T071623Z,25.8,82.2
20260619T071638Z,25.8,82.4
20260619T071653Z,25.8,82.6
20260619T071708Z,25.8,82.5
20260619T071723Z,25.8,82.1
20260619T071738Z,25.8,82.1
20260619T071753Z,25.8,82.1
20260619T071808Z,25.8,82.3
20260619T071823Z,25.7,82.3
20260619T071838Z,25.7,82.3
20260619T071853Z,25.7,82.5
20260619T071908Z,25.7,82.5
20260619T071923Z,25.7,82.4
20260619T071938Z,25.7,82.4
20260619T071953Z,25.7,82.3
20260619T072008Z,25.7,82.3
20260619T072023Z,25.7,82.4
20260619T072038Z,25.7,82.4
20260619T072053Z,25.7,82.5
20260619T072108Z,25.7,82.4
20260619T072123Z,25.7,82.5
20260619T072138Z,25.7,82.4
20260619T072153Z,25.7,82.3
20260619T072208Z,25.7,82.4
20260619T072223Z,25.7,82.4
20260619T072238Z,25.8,82.4
20260619T072253Z,25.7,82.3
20260619T072308Z,25.7,82.3
20260619T072323Z,25.7,82.3
20260619T072338Z,25.7,82.5
20260619T072353Z,25.7,82.5
20260619T072408Z,25.8,82.2
20260619T072423Z,25.7,82.2
20260619T072438Z,25.7,82.4
20260619T072453Z,25.7,82.5
20260619T072508Z,25.7,82.3
20260619T072523Z,25.7,82.5
20260619T072538Z,25.8,82.2
20260619T072553Z,25.7,82.3
20260619T072608Z,25.7,82.3
20260619T072623Z,25.8,82.1
20260619T072638Z,25.7,82.4
20260619T072653Z,25.7,82.3
20260619T072708Z,25.7,82.5
20260619T072723Z,25.7,82.6
20260619T072738Z,25.7,82.4
20260619T072753Z,25.7,82.6
20260619T072808Z,25.8,82.4
20260619T072823Z,25.7,82.3
20260619T072838Z,25.7,82.5
20260619T072853Z,25.7,82.5
20260619T072908Z,25.7,82.5
20260619T072923Z,25.7,82.5
20260619T072938Z,25.7,82.4
20260619T072953Z,25.8,82.5
20260619T073008Z,25.8,82.0
20260619T073023Z,25.8,82.4
20260619T073038Z,25.7,82.4
20260619T073053Z,25.8,82.3
20260619T073108Z,25.8,82.5
20260619T073123Z,25.7,82.1
20260619T073138Z,25.8,82.3
20260619T073153Z,25.8,82.4
20260619T073208Z,25.8,81.8
20260619T073223Z,25.7,82.5
20260619T073238Z,25.7,82.3
20260619T073253Z,25.7,82.2
20260619T073308Z,25.7,82.3
20260619T073323Z,25.7,83.8
20260619T073338Z,25.7,82.6
20260619T073353Z,25.7,82.7
20260619T073408Z,25.7,82.8
20260619T073423Z,25.7,82.7
20260619T073438Z,25.7,82.5
20260619T073453Z,25.7,82.7
20260619T073508Z,25.6,82.9
20260619T073523Z,25.7,82.6
20260619T073538Z,25.6,82.9
20260619T073553Z,25.6,83.0
20260619T073608Z,25.6,82.5
20260619T073623Z,25.6,82.8
20260619T073638Z,25.6,83.0
20260619T073653Z,25.6,83.1
20260619T073708Z,25.6,83.1
20260619T073723Z,25.6,82.9
20260619T073738Z,25.6,82.8
20260619T073753Z,25.5,82.9
20260619T073808Z,25.6,82.9
20260619T073823Z,25.6,82.8
20260619T073838Z,25.6,82.8
20260619T073853Z,25.6,82.9
20260619T073908Z,25.6,82.8
20260619T073923Z,25.5,82.8
20260619T073938Z,25.5,82.5
20260619T073953Z,25.5,83.1
20260619T074008Z,25.5,83.2
20260619T074023Z,25.5,82.9
20260619T074038Z,25.5,82.9
20260619T074053Z,25.5,82.6
20260619T074108Z,25.5,82.8
20260619T074123Z,25.5,82.6
20260619T074138Z,25.5,82.8
20260619T074153Z,25.5,82.8
20260619T074208Z,25.5,82.6
20260619T074223Z,25.5,82.8
20260619T074238Z,25.5,82.9
20260619T074253Z,25.5,82.9
20260619T074308Z,25.5,83.0
20260619T074323Z,25.5,83.0
20260619T074338Z,25.5,82.9
20260619T074353Z,25.5,83.0
20260619T074408Z,25.5,82.9
20260619T074423Z,25.5,83.0
20260619T074438Z,25.5,82.7
20260619T074453Z,25.5,82.9
20260619T074508Z,25.5,82.9
20260619T074523Z,25.5,82.9
20260619T074538Z,25.5,82.9
20260619T074553Z,25.5,82.8
20260619T074608Z,25.5,82.9
20260619T074623Z,25.5,83.0
20260619T074638Z,25.5,82.9
20260619T074653Z,25.5,82.8
20260619T074708Z,25.5,82.7
20260619T074723Z,25.5,82.9
20260619T074738Z,25.5,82.8
20260619T074753Z,25.5,82.8
20260619T074808Z,25.5,82.4
20260619T074823Z,25.5,82.6
20260619T074838Z,25.5,82.6
20260619T074853Z,25.5,82.8
20260619T074908Z,25.5,83.0
20260619T074923Z,25.5,83.0
20260619T074938Z,25.5,82.9
20260619T074953Z,25.5,82.7
20260619T075008Z,25.5,82.8
20260619T075023Z,25.5,82.9
20260619T075038Z,25.4,82.8
20260619T075053Z,25.5,82.7
20260619T075108Z,25.4,82.5
20260619T075123Z,25.4,82.8
20260619T075138Z,25.4,82.8
20260619T075153Z,25.4,82.7
20260619T075208Z,25.4,83.0
20260619T075223Z,25.4,82.7
20260619T075238Z,25.4,83.0
20260619T075253Z,25.4,83.1
20260619T075308Z,25.4,82.9
20260619T075323Z,25.4,82.9
20260619T075338Z,25.4,82.9
20260619T075353Z,25.4,82.7
20260619T075408Z,25.4,82.7
20260619T075423Z,25.4,82.9
20260619T075438Z,25.4,82.5
20260619T075453Z,25.4,82.9
20260619T075508Z,25.4,82.8
20260619T075523Z,25.4,82.6
20260619T075538Z,25.4,82.8
20260619T075553Z,25.4,82.9
20260619T075608Z,25.4,82.8
20260619T075623Z,25.4,82.4
20260619T075638Z,25.4,83.0
20260619T075653Z,25.4,82.7
20260619T075708Z,25.4,82.5
20260619T075723Z,25.4,82.9
20260619T075738Z,25.4,82.9
20260619T075753Z,25.4,82.6
20260619T075808Z,25.4,82.6
20260619T075823Z,25.4,82.6
20260619T075838Z,25.4,83.0
20260619T075853Z,25.4,82.9
20260619T075908Z,25.4,82.8
20260619T075923Z,25.4,82.9
20260619T075938Z,25.4,82.9
20260619T075953Z,25.4,82.7
20260619T080008Z,25.4,82.8
20260619T080023Z,25.4,82.7
20260619T080038Z,25.4,82.7
20260619T080053Z,25.4,82.2
20260619T080108Z,25.4,82.8
20260619T080123Z,25.4,82.6
20260619T080138Z,25.4,82.7
20260619T080153Z,25.4,82.8
20260619T080208Z,25.4,82.5
20260619T080223Z,25.4,82.9
20260619T080238Z,25.4,82.6
20260619T080253Z,25.4,83.1
20260619T080308Z,25.4,83.0
20260619T080323Z,25.4,83.0
20260619T080338Z,25.4,83.5
20260619T080353Z,25.4,83.2
20260619T080408Z,25.4,83.2
20260619T080423Z,25.4,83.3
20260619T080438Z,25.4,82.8
20260619T080453Z,25.4,83.4
20260619T080508Z,25.4,83.6
20260619T080523Z,25.4,83.0
20260619T080538Z,25.5,83.5
20260619T080553Z,25.5,83.3
20260619T080608Z,25.5,83.5
20260619T080623Z,25.5,83.6
20260619T080638Z,25.5,83.4
20260619T080653Z,25.5,83.6
20260619T080708Z,25.5,83.7
20260619T080723Z,25.5,83.2
20260619T080738Z,25.5,83.5
20260619T080753Z,25.5,83.5
20260619T080808Z,25.5,83.3
20260619T080823Z,25.5,83.6
20260619T080838Z,25.6,83.7
20260619T080853Z,25.6,83.4
20260619T080908Z,25.6,83.6
20260619T080923Z,25.6,83.5
20260619T080938Z,25.6,83.6
20260619T080953Z,25.6,83.7
20260619T081008Z,25.6,83.2
20260619T081023Z,25.6,83.4
20260619T081038Z,25.6,83.7
20260619T081053Z,25.6,83.6
20260619T081108Z,25.6,83.5
20260619T081123Z,25.6,83.7
20260619T081138Z,25.6,83.9
20260619T081153Z,25.6,83.8
20260619T081208Z,25.6,83.5
20260619T081223Z,25.6,83.4
20260619T081238Z,25.6,83.3
20260619T081253Z,25.6,83.5
20260619T081308Z,25.6,83.4
20260619T081323Z,25.6,83.4
20260619T081338Z,25.6,83.5
20260619T081353Z,25.6,83.6
20260619T081408Z,25.5,83.2
20260619T081423Z,25.5,83.7
20260619T081438Z,25.5,83.6
20260619T081453Z,25.5,83.1
20260619T081508Z,25.5,83.8
20260619T081523Z,25.5,83.6
20260619T081538Z,25.5,83.6
20260619T081553Z,25.5,83.6
20260619T081608Z,25.5,83.8
20260619T081623Z,25.5,83.5
20260619T081638Z,25.5,83.1
20260619T081653Z,25.5,83.7
20260619T081708Z,25.5,83.4
20260619T081723Z,25.5,83.4
20260619T081738Z,25.5,83.5
20260619T081753Z,25.5,83.5
20260619T081808Z,25.5,83.4
20260619T081823Z,25.5,83.2
20260619T081838Z,25.5,83.3
20260619T081853Z,25.5,83.4
20260619T081908Z,25.5,83.2
20260619T081923Z,25.4,83.3
20260619T081938Z,25.5,83.4
20260619T081953Z,25.5,83.3
20260619T082008Z,25.5,83.2
20260619T082023Z,25.5,83.5
20260619T082038Z,25.5,83.2
20260619T082053Z,25.5,83.3
20260619T082108Z,25.4,83.5
20260619T082123Z,25.4,83.4
20260619T082138Z,25.4,82.9
20260619T082153Z,25.4,83.3
20260619T082208Z,25.4,83.4
20260619T082223Z,25.5,82.9
20260619T082238Z,25.4,83.1
20260619T082253Z,25.4,83.5
20260619T082308Z,25.4,83.0
20260619T082323Z,25.4,83.3
20260619T082338Z,25.4,83.1
20260619T082353Z,25.5,83.1
20260619T082408Z,25.4,83.2
20260619T082423Z,25.4,83.0
20260619T082438Z,25.5,83.0
20260619T082453Z,25.4,82.9
20260619T082508Z,25.4,82.9
20260619T082523Z,25.4,83.3
20260619T082538Z,25.4,83.3
20260619T082553Z,25.4,83.1
20260619T082608Z,25.4,83.0
20260619T082623Z,25.4,83.1
20260619T082638Z,25.4,83.3
20260619T082653Z,25.4,83.2
20260619T082708Z,25.4,83.1
20260619T082723Z,25.4,83.0
20260619T082738Z,25.4,82.9
20260619T082753Z,25.4,83.0
20260619T082808Z,25.4,83.1
20260619T082823Z,25.4,83.1
20260619T082838Z,25.4,83.2
20260619T082853Z,25.4,82.8
20260619T082908Z,25.4,83.1
20260619T082923Z,25.4,83.0
20260619T082938Z,25.4,82.9
20260619T082953Z,25.4,83.1
20260619T083008Z,25.4,83.2
20260619T083023Z,25.4,84.2
20260619T083038Z,25.4,83.8
20260619T083053Z,25.4,83.6
20260619T083108Z,25.4,83.6
20260619T083123Z,25.5,83.5
20260619T083138Z,25.5,83.4
20260619T083153Z,25.5,83.6
20260619T083208Z,25.5,83.5
20260619T083223Z,25.5,83.4
20260619T083238Z,25.5,83.6
20260619T083253Z,25.5,83.4
20260619T083308Z,25.5,83.1
20260619T083323Z,25.5,83.4
20260619T083338Z,25.5,83.6
20260619T083353Z,25.5,83.4
20260619T083408Z,25.5,83.4
20260619T083423Z,25.5,83.5
20260619T083438Z,25.6,83.5
20260619T083453Z,25.6,82.9
20260619T083508Z,25.6,83.4
20260619T083523Z,25.6,83.4
20260619T083538Z,25.6,83.2
20260619T083553Z,25.6,83.3
20260619T083608Z,25.6,83.2
20260619T083623Z,25.6,83.3
20260619T083638Z,25.6,83.1
20260619T083653Z,25.6,82.8
20260619T083708Z,25.6,83.3
20260619T083723Z,25.6,83.3
20260619T083738Z,25.6,82.9
20260619T083753Z,25.6,82.8
20260619T083808Z,25.6,83.1
20260619T083823Z,25.6,83.1
20260619T083838Z,25.6,83.0
20260619T083853Z,25.6,83.3
20260619T083908Z,25.6,82.9
20260619T083923Z,25.6,83.3
20260619T083938Z,25.6,82.9
20260619T083953Z,25.6,82.9
20260619T084008Z,25.6,82.9
20260619T084023Z,25.6,82.8
20260619T084038Z,25.6,83.2
20260619T084053Z,25.6,83.0
20260619T084108Z,25.6,83.0
20260619T084123Z,25.6,82.7
20260619T084138Z,25.6,82.9
20260619T084153Z,25.6,83.2
20260619T084208Z,25.7,82.9
20260619T084223Z,25.6,82.9
20260619T084238Z,25.6,83.2
20260619T084253Z,25.6,83.2
20260619T084308Z,25.7,83.0
20260619T084323Z,25.7,82.9
20260619T084338Z,25.6,83.0
20260619T084353Z,25.6,82.8
20260619T084408Z,25.6,82.9
20260619T084423Z,25.6,82.8
20260619T084438Z,25.6,82.9
20260619T084453Z,25.6,83.1
20260619T084508Z,25.6,82.9
20260619T084523Z,25.6,83.1
20260619T084538Z,25.6,83.0
20260619T084553Z,25.6,83.0
20260619T084608Z,25.6,83.0
20260619T084623Z,25.6,82.8
20260619T084638Z,25.6,83.1
20260619T084653Z,25.6,83.1
20260619T084708Z,25.6,83.1
20260619T084723Z,25.6,83.2
20260619T084738Z,25.6,83.1
20260619T084753Z,25.6,83.1
20260619T084808Z,25.6,83.0
20260619T084823Z,25.6,82.9
20260619T084838Z,25.6,83.0
20260619T084853Z,25.6,83.1
20260619T084908Z,25.6,82.9
20260619T084923Z,25.6,82.9
20260619T084938Z,25.6,83.1
20260619T084953Z,25.6,82.9
20260619T085008Z,25.6,82.7
20260619T085023Z,25.6,83.0
20260619T085038Z,25.6,82.6
20260619T085053Z,25.6,83.0
20260619T085108Z,25.6,83.0
20260619T085123Z,25.6,82.7
20260619T085138Z,25.6,82.9
20260619T085153Z,25.6,83.1
20260619T085208Z,25.6,82.9
20260619T085223Z,25.6,82.6
20260619T085238Z,25.6,82.9
20260619T085253Z,25.6,82.9
20260619T085308Z,25.6,82.7
20260619T085323Z,25.6,82.8
20260619T085338Z,25.6,83.0
20260619T085353Z,25.7,82.8
20260619T085408Z,25.7,82.7
20260619T085423Z,25.7,82.7
20260619T085438Z,25.7,82.8
20260619T085453Z,25.7,82.7
20260619T085508Z,25.7,82.1
20260619T085523Z,25.7,82.5
20260619T085538Z,25.7,82.5
20260619T085553Z,25.7,82.4
20260619T085608Z,25.7,82.4
20260619T085623Z,25.7,82.7
20260619T085638Z,25.7,82.5
20260619T085653Z,25.7,82.3
20260619T085708Z,25.6,82.8
20260619T085723Z,25.6,82.4
20260619T085738Z,25.6,82.6
20260619T085753Z,25.6,82.5
20260619T085808Z,25.6,82.3
20260619T085823Z,25.6,82.7
20260619T085838Z,25.6,82.7
20260619T085853Z,25.6,82.5
20260619T085908Z,25.7,82.5
20260619T085923Z,25.7,82.6
20260619T085938Z,25.6,82.4
20260619T085953Z,25.6,82.4
20260619T090008Z,25.6,82.5
20260619T090023Z,25.6,82.6
20260619T090038Z,25.6,82.6
20260619T090053Z,25.6,82.6
20260619T090108Z,25.7,82.3
20260619T090123Z,25.7,82.4
20260619T090138Z,25.7,82.6
20260619T090153Z,25.7,82.2
20260619T090208Z,25.7,82.5
20260619T090223Z,25.6,82.1
20260619T090238Z,25.6,82.5
20260619T090253Z,25.6,82.7
20260619T090308Z,25.7,82.4
20260619T090323Z,25.7,82.3
20260619T090338Z,25.7,82.5
20260619T090353Z,25.7,82.1
20260619T090408Z,25.7,82.4
20260619T090423Z,25.7,82.5
20260619T090438Z,25.7,82.0
20260619T090453Z,25.6,82.2
20260619T090508Z,25.6,82.5
20260619T090523Z,25.7,82.5
20260619T090538Z,25.7,82.3
20260619T090553Z,25.7,82.4
20260619T090608Z,25.6,82.5
20260619T090623Z,25.6,82.3
20260619T090638Z,25.7,82.1
20260619T090653Z,25.7,82.0
20260619T090708Z,25.7,82.2
20260619T090723Z,25.6,82.3
20260619T090738Z,25.6,82.2
20260619T090753Z,25.6,82.5
20260619T090808Z,25.6,82.1
20260619T090823Z,25.6,82.2
20260619T090838Z,25.6,82.4
20260619T090853Z,25.6,82.4
20260619T090908Z,25.6,82.2
20260619T090923Z,25.6,82.1
20260619T090938Z,25.6,82.4
20260619T090953Z,25.6,82.5
20260619T091008Z,25.6,82.6
20260619T091023Z,25.6,82.3
20260619T091039Z,25.6,82.0
20260619T091053Z,25.6,82.3
20260619T091108Z,25.6,82.3
20260619T091123Z,25.6,82.1
20260619T091138Z,25.7,82.2
20260619T091153Z,25.6,81.9
20260619T091208Z,25.7,82.2
20260619T091223Z,25.7,82.2
20260619T091238Z,25.7,82.3
20260619T091254Z,25.6,82.0
20260619T091309Z,25.6,82.1
20260619T091324Z,25.6,82.1
20260619T091339Z,25.6,82.3
20260619T091354Z,25.6,82.4
20260619T091409Z,25.6,82.2
20260619T091424Z,25.7,82.3
20260619T091439Z,25.7,82.2
20260619T091454Z,25.6,82.0
20260619T091509Z,25.6,82.2
20260619T091524Z,25.6,82.5
20260619T091539Z,25.7,82.2
20260619T091554Z,25.7,82.1
20260619T091609Z,25.7,82.2
20260619T091624Z,25.7,82.3
20260619T091639Z,25.7,81.8
20260619T091654Z,25.7,82.0
20260619T091709Z,25.7,82.3
20260619T091724Z,25.7,82.2
20260619T091739Z,25.7,82.1
20260619T091754Z,25.7,82.2
20260619T091809Z,25.7,82.3
20260619T091824Z,25.7,82.4
20260619T091839Z,25.7,82.1
20260619T091854Z,25.7,82.3
20260619T091909Z,25.6,82.3
20260619T091924Z,25.6,82.0
20260619T091939Z,25.7,82.3
20260619T091954Z,25.6,82.3
20260619T092009Z,25.7,82.2
20260619T092024Z,25.6,82.4
20260619T092039Z,25.7,82.1
20260619T092054Z,25.7,82.3
20260619T092109Z,25.6,82.3
20260619T092124Z,25.7,82.6
20260619T092139Z,25.6,82.1
20260619T092154Z,25.6,82.5
20260619T092209Z,25.6,82.4
20260619T092224Z,25.7,82.1
20260619T092239Z,25.6,82.4
20260619T092254Z,25.6,82.4
20260619T092309Z,25.7,82.3
20260619T092324Z,25.7,82.0
20260619T092339Z,25.7,82.1
20260619T092354Z,25.6,82.0
20260619T092409Z,25.7,82.3
20260619T092424Z,25.7,82.4
20260619T092439Z,25.6,82.2
20260619T092454Z,25.6,82.3
20260619T092509Z,25.6,82.3
20260619T092524Z,25.6,82.3
20260619T092539Z,25.7,82.3
20260619T092554Z,25.7,82.1
20260619T092609Z,25.7,82.1
20260619T092624Z,25.6,82.2
20260619T092639Z,25.6,82.3
20260619T092654Z,25.6,82.3
20260619T092709Z,25.6,82.5
20260619T092724Z,25.6,83.0
20260619T092739Z,25.6,82.8
20260619T092754Z,25.6,82.6
20260619T092809Z,25.6,82.6
20260619T092824Z,25.6,82.1
20260619T092839Z,25.6,82.4
20260619T092854Z,25.6,82.2
20260619T092909Z,25.6,82.5
20260619T092924Z,25.6,82.6
20260619T092939Z,25.6,82.5
20260619T092954Z,25.6,82.2
20260619T093009Z,25.6,82.4
20260619T093024Z,25.6,82.6
20260619T093039Z,25.6,82.5
20260619T093054Z,25.5,82.3
20260619T093109Z,25.5,82.4
20260619T093124Z,25.5,82.6
20260619T093139Z,25.5,82.1
20260619T093154Z,25.5,82.3
20260619T093209Z,25.5,82.7
20260619T093224Z,25.5,82.3
20260619T093239Z,25.5,82.5
20260619T093254Z,25.5,82.5
20260619T093309Z,25.5,82.6
20260619T093324Z,25.5,82.3
20260619T093339Z,25.5,82.3
20260619T093354Z,25.5,82.7
20260619T093409Z,25.5,82.2
20260619T093424Z,25.5,82.6
20260619T093439Z,25.5,82.7
20260619T093454Z,25.5,82.0
20260619T093509Z,25.5,82.4
20260619T093524Z,25.5,82.3
20260619T093539Z,25.5,82.6
20260619T093554Z,25.5,82.3
20260619T093609Z,25.5,82.5
20260619T093624Z,25.5,82.5
20260619T093639Z,25.5,83.1
20260619T093654Z,25.5,83.0
20260619T093709Z,25.5,82.7
20260619T093724Z,25.5,82.7
20260619T093739Z,25.5,82.7
20260619T093754Z,25.5,82.5
20260619T093809Z,25.5,82.7
20260619T093824Z,25.5,82.9
20260619T093839Z,25.5,82.5
20260619T093854Z,25.5,82.7
20260619T093909Z,25.5,82.8
20260619T093924Z,25.5,82.7
20260619T093939Z,25.5,82.6
20260619T093954Z,25.5,82.8
20260619T094009Z,25.5,82.6
20260619T094024Z,25.5,82.5
20260619T094039Z,25.5,82.6
20260619T094054Z,25.5,82.7
20260619T094109Z,25.5,82.7
20260619T094124Z,25.5,82.4
20260619T094139Z,25.5,82.9
20260619T094154Z,25.5,82.4
20260619T094209Z,25.5,82.5
20260619T094224Z,25.5,82.7
20260619T094239Z,25.5,82.8
20260619T094254Z,25.5,82.1
20260619T094309Z,25.5,82.8
20260619T094324Z,25.5,82.9
20260619T094339Z,25.5,82.9
20260619T094354Z,25.5,82.5
20260619T094409Z,25.5,82.3
20260619T094424Z,25.5,82.9
20260619T094439Z,25.5,82.9
20260619T094454Z,25.5,82.9
20260619T094509Z,25.5,82.7
20260619T094524Z,25.5,82.9
20260619T094539Z,25.5,82.8
20260619T094554Z,25.5,82.6
20260619T094609Z,25.5,82.7
20260619T094624Z,25.5,82.5
20260619T094639Z,25.5,82.8
20260619T094654Z,25.5,82.6
20260619T094709Z,25.5,82.5
20260619T094724Z,25.5,82.9
20260619T094739Z,25.5,82.7
20260619T094754Z,25.5,82.7
20260619T094809Z,25.5,82.7
20260619T094824Z,25.5,82.3
20260619T094839Z,25.5,82.8
20260619T094854Z,25.5,83.1
20260619T094909Z,25.5,82.5
20260619T094924Z,25.5,82.6
20260619T094939Z,25.5,82.9
20260619T094954Z,25.5,82.6
20260619T095009Z,25.5,83.0
20260619T095024Z,25.5,82.7
20260619T095039Z,25.5,82.9
20260619T095054Z,25.5,82.4
20260619T095109Z,25.5,82.8
20260619T095124Z,25.5,82.8
20260619T095139Z,25.5,82.8
20260619T095154Z,25.5,82.3
20260619T095209Z,25.5,82.9
20260619T095224Z,25.5,82.7
20260619T095239Z,25.5,83.1
20260619T095254Z,25.5,82.9
20260619T095309Z,25.5,82.9
20260619T095324Z,25.5,83.1
20260619T095339Z,25.5,82.8
20260619T095354Z,25.5,82.7
20260619T095409Z,25.5,83.0
20260619T095424Z,25.5,83.0
20260619T095439Z,25.5,82.3
20260619T095454Z,25.5,82.7
20260619T095509Z,25.5,82.7
20260619T095524Z,25.5,82.8
20260619T095539Z,25.5,82.6
20260619T095554Z,25.5,82.9
20260619T095609Z,25.5,82.7
20260619T095624Z,25.5,82.5
20260619T095639Z,25.5,82.5
20260619T095654Z,25.5,82.7
20260619T095709Z,25.5,83.1
20260619T095724Z,25.5,82.7
20260619T095739Z,25.5,82.6
20260619T095754Z,25.5,83.0
20260619T095809Z,25.5,82.5
20260619T095824Z,25.5,82.8
20260619T095839Z,25.5,82.8
20260619T095854Z,25.5,83.1
20260619T095909Z,25.5,83.2
20260619T095924Z,25.5,82.7
20260619T095939Z,25.5,82.8
20260619T095954Z,25.5,82.9
20260619T100009Z,25.5,82.6
20260619T100024Z,25.5,82.9
20260619T100039Z,25.5,82.5
20260619T100054Z,25.5,83.1
20260619T100109Z,25.5,82.7
20260619T100124Z,25.5,82.6
20260619T100139Z,25.5,82.7
20260619T100154Z,25.5,82.6
20260619T100209Z,25.5,82.5
20260619T100224Z,25.5,82.7
20260619T100239Z,25.5,82.7
20260619T100254Z,25.5,82.8
20260619T100309Z,25.5,82.4
20260619T100324Z,25.5,82.5
20260619T100339Z,25.5,82.4
20260619T100354Z,25.5,82.5
20260619T100409Z,25.4,82.9
20260619T100424Z,25.5,82.6
20260619T100439Z,25.5,82.8
20260619T100454Z,25.5,82.7
20260619T100509Z,25.5,82.3
20260619T100524Z,25.5,82.8
20260619T100539Z,25.5,82.7
20260619T100554Z,25.5,82.7
20260619T100609Z,25.5,82.5
20260619T100624Z,25.5,83.0
20260619T100639Z,25.5,82.5
20260619T100654Z,25.5,82.9
20260619T100709Z,25.5,82.9
20260619T100724Z,25.5,82.5
20260619T100739Z,25.5,82.7
20260619T100754Z,25.5,82.4
20260619T100809Z,25.5,82.7
20260619T100824Z,25.5,82.5
20260619T100839Z,25.5,82.7
20260619T100854Z,25.5,82.5
20260619T100909Z,25.5,82.5
20260619T100924Z,25.5,82.8
20260619T100939Z,25.5,82.8
20260619T100954Z,25.5,82.8
20260619T101009Z,25.5,82.4
20260619T101024Z,25.5,82.8
20260619T101039Z,25.5,82.2
20260619T101054Z,25.5,82.6
20260619T101109Z,25.5,82.4
20260619T101124Z,25.5,82.5
20260619T101139Z,25.5,82.6
20260619T101154Z,25.5,82.5
20260619T101209Z,25.5,82.4
20260619T101224Z,25.5,82.1
20260619T101239Z,25.5,82.7
20260619T101254Z,25.5,82.5
20260619T101309Z,25.5,82.7
20260619T101324Z,25.5,82.1
20260619T101339Z,25.5,82.8
20260619T101354Z,25.5,82.7
20260619T101409Z,25.5,82.2
20260619T101424Z,25.5,82.7
20260619T101439Z,25.5,82.7
20260619T101454Z,25.5,82.5
20260619T101509Z,25.5,82.9
20260619T101524Z,25.5,82.5
20260619T101539Z,25.5,82.4
20260619T101554Z,25.5,82.4
20260619T101609Z,25.5,82.3
20260619T101624Z,25.4,82.7
20260619T101639Z,25.4,82.8
20260619T101654Z,25.5,82.2
20260619T101709Z,25.4,82.6
20260619T101724Z,25.5,82.4
20260619T101739Z,25.5,82.5
20260619T101754Z,25.4,82.5
20260619T101809Z,25.4,82.9
20260619T101824Z,25.4,82.7
20260619T101839Z,25.4,82.6
20260619T101854Z,25.4,82.6
20260619T101909Z,25.4,82.2
20260619T101924Z,25.4,82.6
20260619T101939Z,25.4,82.6
20260619T101954Z,25.4,82.5
20260619T102009Z,25.5,82.6
20260619T102024Z,25.5,82.6
20260619T102039Z,25.5,82.7
20260619T102054Z,25.4,82.3
20260619T102109Z,25.4,82.8
20260619T102124Z,25.4,82.6
20260619T102139Z,25.5,82.4
20260619T102154Z,25.5,82.7
20260619T102209Z,25.5,82.8
20260619T102224Z,25.5,82.0
20260619T102239Z,25.5,82.5
20260619T102254Z,25.5,82.4
20260619T102309Z,25.5,82.4
20260619T102324Z,25.5,82.1
20260619T102339Z,25.5,82.4
20260619T102354Z,25.5,82.3
20260619T102409Z,25.5,82.5
20260619T102424Z,25.5,82.4
20260619T102439Z,25.5,82.4
20260619T102454Z,25.5,82.3
20260619T102509Z,25.5,82.3
20260619T102524Z,25.4,82.2
20260619T102539Z,25.5,82.4
20260619T102554Z,25.5,82.4
20260619T102609Z,25.5,82.2
20260619T102624Z,25.5,82.4
20260619T102639Z,25.5,82.2
20260619T102654Z,25.5,82.0
20260619T102709Z,25.4,82.6
20260619T102724Z,25.4,81.9
20260619T102739Z,25.4,82.1
20260619T102754Z,25.4,82.5
20260619T102809Z,25.4,82.1
20260619T102824Z,25.4,82.1
20260619T102839Z,25.4,82.3
20260619T102854Z,25.4,82.4
20260619T102909Z,25.4,82.4
20260619T102924Z,25.4,82.0
20260619T102939Z,25.4,82.6
20260619T102954Z,25.4,82.1
20260619T103009Z,25.4,82.2
20260619T103024Z,25.5,82.4
20260619T103039Z,25.4,81.8
20260619T103054Z,25.4,82.4
20260619T103109Z,25.4,82.4
20260619T103124Z,25.4,82.4
20260619T103139Z,25.4,82.2
20260619T103154Z,25.4,82.4
20260619T103209Z,25.5,82.3
20260619T103224Z,25.5,82.1
20260619T103239Z,25.5,81.8
20260619T103254Z,25.5,82.4
20260619T103309Z,25.5,82.1
20260619T103324Z,25.5,82.2
20260619T103339Z,25.5,82.2
20260619T103354Z,25.5,82.3
20260619T103409Z,25.5,82.0
20260619T103424Z,25.4,82.2
20260619T103439Z,25.4,82.2
20260619T103454Z,25.4,82.0
20260619T103509Z,25.4,82.4
20260619T103524Z,25.4,82.3
20260619T103539Z,25.4,82.4
20260619T103554Z,25.4,82.5
20260619T103609Z,25.4,82.3
20260619T103624Z,25.5,82.2
20260619T103639Z,25.5,82.4
20260619T103654Z,25.5,82.2
20260619T103709Z,25.4,82.0
20260619T103724Z,25.4,82.1
20260619T103739Z,25.4,82.4
20260619T103754Z,25.4,82.0
20260619T103809Z,25.4,82.5
20260619T103824Z,25.4,82.3
20260619T103839Z,25.4,82.3
20260619T103854Z,25.4,82.4
20260619T103909Z,25.4,82.2
20260619T103924Z,25.4,82.0
20260619T103939Z,25.4,82.0
20260619T103954Z,25.4,82.5
20260619T104009Z,25.4,82.2
20260619T104024Z,25.4,82.3
20260619T104039Z,25.4,82.0
20260619T104054Z,25.4,82.3
20260619T104109Z,25.4,81.9
20260619T104124Z,25.4,82.2
20260619T104139Z,25.4,82.7
20260619T104154Z,25.4,82.1
20260619T104209Z,25.4,81.8
20260619T104224Z,25.4,82.4
20260619T104239Z,25.4,82.1
20260619T104254Z,25.4,82.3
20260619T104309Z,25.4,82.0
20260619T104324Z,25.4,82.3
20260619T104339Z,25.4,82.2
20260619T104354Z,25.4,82.3
20260619T104409Z,25.5,82.2
20260619T104424Z,25.5,81.9
20260619T104439Z,25.5,81.7
20260619T104454Z,25.5,82.0
20260619T104509Z,25.4,82.0
20260619T104524Z,25.5,82.2
20260619T104539Z,25.5,81.8
20260619T104554Z,25.5,81.9
20260619T104609Z,25.5,82.1
20260619T104624Z,25.5,81.8
20260619T104639Z,25.5,82.0
20260619T104654Z,25.5,82.2
20260619T104709Z,25.5,82.2
20260619T104724Z,25.5,82.0
20260619T104739Z,25.5,82.1
20260619T104754Z,25.5,81.9
20260619T104809Z,25.5,82.0
20260619T104824Z,25.5,82.1
20260619T104839Z,25.5,81.9
20260619T104854Z,25.5,82.2
20260619T104909Z,25.5,82.0
20260619T104924Z,25.5,81.9
20260619T104939Z,25.5,81.6
20260619T104954Z,25.5,82.0
20260619T105009Z,25.5,82.0
20260619T105024Z,25.5,82.0
20260619T105039Z,25.5,81.6
20260619T105054Z,25.4,82.0
20260619T105109Z,25.4,81.9
20260619T105124Z,25.5,81.9
20260619T105139Z,25.5,81.9
20260619T105154Z,25.4,81.6
20260619T105209Z,25.4,81.8
20260619T105224Z,25.4,82.0
20260619T105239Z,25.5,81.9
20260619T105254Z,25.5,81.7
20260619T105309Z,25.5,81.7
20260619T105324Z,25.5,81.8
20260619T105339Z,25.5,81.6
20260619T105354Z,25.4,81.4
20260619T105409Z,25.4,81.8
20260619T105424Z,25.4,81.6
20260619T105439Z,25.4,81.8
20260619T105454Z,25.4,81.8
20260619T105509Z,25.4,81.9
20260619T105524Z,25.4,81.9
20260619T105539Z,25.4,81.8
20260619T105554Z,25.3,81.9
20260619T105609Z,25.3,81.9
20260619T105624Z,25.3,82.2
20260619T105639Z,25.3,82.0
20260619T105654Z,25.3,82.2
20260619T105709Z,25.3,82.3
20260619T105724Z,25.3,82.1
20260619T105739Z,25.3,82.3
20260619T105754Z,25.3,82.2
20260619T105809Z,25.3,82.7
20260619T105824Z,25.3,82.3
20260619T105839Z,25.3,82.3
20260619T105854Z,25.3,82.4
20260619T105909Z,25.3,82.1
20260619T105924Z,25.3,82.1
20260619T105939Z,25.3,82.1
20260619T105954Z,25.3,82.5
20260619T110009Z,25.3,82.1
20260619T110024Z,25.4,82.3
20260619T110039Z,25.3,82.5
20260619T110054Z,25.4,82.3
20260619T110109Z,25.4,82.0
20260619T110124Z,25.4,82.1
20260619T110139Z,25.4,82.1
20260619T110154Z,25.4,82.2
20260619T110209Z,25.4,82.2
20260619T110224Z,25.4,81.8
20260619T110239Z,25.4,81.9
20260619T110254Z,25.4,82.2
20260619T110309Z,25.4,81.9
20260619T110324Z,25.4,82.1
20260619T110339Z,25.4,81.5
20260619T110354Z,25.4,82.0
20260619T110409Z,25.4,81.5
20260619T110424Z,25.4,82.2
20260619T110439Z,25.4,82.0
20260619T110454Z,25.4,82.2
20260619T110509Z,25.4,81.8
20260619T110524Z,25.4,82.1
20260619T110539Z,25.4,82.2
20260619T110554Z,25.4,81.7
20260619T110609Z,25.4,81.8
20260619T110624Z,25.4,82.0
20260619T110639Z,25.4,81.7
20260619T110654Z,25.4,82.0
20260619T110709Z,25.4,82.1
20260619T110724Z,25.4,82.0
20260619T110739Z,25.4,81.9
20260619T110754Z,25.4,81.7
20260619T110809Z,25.4,81.7
20260619T110824Z,25.5,82.0
20260619T110839Z,25.4,81.7
20260619T110854Z,25.4,81.9
20260619T110909Z,25.5,81.8
20260619T110924Z,25.4,81.7
20260619T110939Z,25.4,81.6
20260619T110954Z,25.4,81.9
20260619T111009Z,25.4,81.9
20260619T111024Z,25.4,82.0
20260619T111039Z,25.4,82.0
20260619T111054Z,25.4,81.9
20260619T111109Z,25.5,81.5
20260619T111124Z,25.4,81.7
20260619T111139Z,25.4,82.0
20260619T111154Z,25.4,81.9
20260619T111209Z,25.5,81.7
20260619T111224Z,25.5,81.5
20260619T111239Z,25.5,81.3
20260619T111254Z,25.5,81.6
20260619T111309Z,25.4,81.4
20260619T111324Z,25.4,81.6
20260619T111339Z,25.4,81.8
20260619T111354Z,25.4,81.8
20260619T111409Z,25.4,81.6
20260619T111424Z,25.4,81.7
20260619T111439Z,25.4,81.8
20260619T111454Z,25.4,81.8
20260619T111509Z,25.4,81.5
20260619T111524Z,25.4,81.9
20260619T111539Z,25.4,82.0
20260619T111554Z,25.4,81.6
20260619T111609Z,25.5,81.5
20260619T111624Z,25.5,81.8
20260619T111639Z,25.4,81.8
20260619T111654Z,25.5,81.7
20260619T111709Z,25.4,81.6
20260619T111724Z,25.5,81.8
20260619T111739Z,25.5,81.7
20260619T111754Z,25.5,81.8
20260619T111809Z,25.5,81.6
20260619T111824Z,25.5,81.9
20260619T111839Z,25.5,81.5
20260619T111854Z,25.5,81.5
20260619T111909Z,25.5,81.4
20260619T111924Z,25.4,81.7
20260619T111939Z,25.4,81.7
20260619T111954Z,25.4,81.9
20260619T112009Z,25.4,81.6
20260619T112024Z,25.5,81.6
20260619T112039Z,25.4,81.7
20260619T112054Z,25.5,81.6
20260619T112109Z,25.4,81.9
20260619T112124Z,25.4,81.7
20260619T112139Z,25.4,82.0
20260619T112154Z,25.5,81.7
20260619T112209Z,25.5,82.0
20260619T112224Z,25.4,81.9
20260619T112239Z,25.4,81.5
20260619T112254Z,25.4,81.7
20260619T112309Z,25.4,81.5
20260619T112324Z,25.4,81.5
20260619T112339Z,25.4,81.7
20260619T112354Z,25.3,81.7
20260619T112409Z,25.3,81.8
20260619T112424Z,25.3,81.8
20260619T112439Z,25.3,81.7
20260619T112454Z,25.3,81.8
20260619T112509Z,25.3,81.9
20260619T112524Z,25.3,81.7
20260619T112539Z,25.3,81.7
20260619T112554Z,25.3,82.0
20260619T112609Z,25.3,82.1
20260619T112624Z,25.3,81.6
20260619T112639Z,25.3,83.3
20260619T112654Z,25.3,82.3
20260619T112709Z,25.3,82.3
20260619T112724Z,25.3,82.3
20260619T112739Z,25.3,82.2
20260619T112754Z,25.3,82.0
20260619T112809Z,25.3,82.4
20260619T112824Z,25.3,82.0
20260619T112839Z,25.3,82.0
20260619T112854Z,25.3,82.0
20260619T112909Z,25.3,81.9
20260619T112924Z,25.2,82.0
20260619T112939Z,25.2,82.0
20260619T112954Z,25.2,81.9
20260619T113009Z,25.2,82.0
20260619T113024Z,25.2,82.1
20260619T113039Z,25.2,82.1
20260619T113054Z,25.2,81.8
20260619T113109Z,25.2,82.1
20260619T113124Z,25.2,82.2
20260619T113139Z,25.2,82.1
20260619T113154Z,25.2,82.1
20260619T113209Z,25.1,82.2
20260619T113224Z,25.2,82.0
20260619T113239Z,25.1,81.8
20260619T113254Z,25.1,82.0
20260619T113309Z,25.1,82.2
20260619T113324Z,25.1,82.0
20260619T113339Z,25.1,82.0
20260619T113354Z,25.1,82.1
20260619T113409Z,25.1,82.1
20260619T113424Z,25.1,82.3
20260619T113439Z,25.1,82.1
20260619T113454Z,25.1,81.9
20260619T113509Z,25.1,82.1
20260619T113524Z,25.1,82.0
20260619T113539Z,25.1,82.0
20260619T113554Z,25.1,81.9
20260619T113609Z,25.1,82.0
20260619T113624Z,25.1,82.1
20260619T113639Z,25.1,82.1
20260619T113654Z,25.1,81.9
20260619T113709Z,25.1,81.9
20260619T113724Z,25.1,82.0
20260619T113739Z,25.1,81.7
20260619T113754Z,25.1,82.1
20260619T113809Z,25.1,82.2
20260619T113824Z,25.1,81.9
20260619T113839Z,25.1,82.1
20260619T113854Z,25.1,81.9
20260619T113909Z,25.0,82.0
20260619T113924Z,25.1,82.0
20260619T113939Z,25.1,82.0
20260619T113954Z,25.1,81.9
20260619T114009Z,25.0,81.9
20260619T114024Z,25.0,81.8
20260619T114039Z,25.0,81.9
20260619T114054Z,25.0,81.6
20260619T114109Z,25.0,81.9
20260619T114124Z,25.0,82.2
20260619T114139Z,25.0,81.8
20260619T114154Z,25.0,81.8
20260619T114209Z,25.0,81.9
20260619T114224Z,25.0,82.0
20260619T114239Z,25.0,81.7
20260619T114254Z,25.0,82.2
20260619T114309Z,25.0,81.6
20260619T114324Z,25.0,81.6
20260619T114339Z,25.0,82.0
20260619T114354Z,25.0,81.7
20260619T114409Z,25.0,81.9
20260619T114424Z,25.0,81.6
20260619T114439Z,25.0,81.9
20260619T114454Z,25.0,81.7
20260619T114509Z,25.0,82.0
20260619T114524Z,25.0,81.8
20260619T114539Z,25.0,81.9
20260619T114554Z,25.0,81.7
20260619T114609Z,25.0,82.0
20260619T114624Z,25.0,81.8
20260619T114639Z,25.0,81.6
20260619T114654Z,25.0,81.7
20260619T114709Z,25.0,81.6
20260619T114724Z,25.0,81.9
20260619T114739Z,25.0,81.8
20260619T114754Z,25.0,81.5
20260619T114809Z,25.0,82.1
20260619T114824Z,25.0,81.9
20260619T114839Z,25.0,81.9
20260619T114854Z,25.0,81.6
20260619T114909Z,25.0,82.0
20260619T114924Z,25.0,81.3
20260619T114939Z,25.0,81.6
20260619T114954Z,25.0,81.4
20260619T115009Z,25.0,81.7
20260619T115024Z,25.0,81.7
20260619T115039Z,25.0,81.7
20260619T115054Z,25.0,81.6
20260619T115109Z,25.0,81.8
20260619T115124Z,25.0,81.5
20260619T115139Z,24.9,81.7
20260619T115154Z,24.9,81.6
20260619T115209Z,24.9,81.7
20260619T115224Z,24.9,81.5
20260619T115239Z,24.9,81.7
20260619T115254Z,24.9,81.4
20260619T115309Z,24.9,81.7
20260619T115324Z,24.9,81.5
20260619T115339Z,24.9,81.8
20260619T115354Z,24.9,81.5
20260619T115409Z,24.9,81.5
20260619T115424Z,24.9,81.6
20260619T115439Z,24.9,81.8
20260619T115454Z,24.9,81.4
20260619T115509Z,24.9,81.5
20260619T115524Z,24.9,81.6
20260619T115539Z,24.9,81.5
20260619T115554Z,24.9,81.5
20260619T115609Z,24.9,81.6
20260619T115624Z,24.9,81.7
20260619T115639Z,24.9,81.7
20260619T115654Z,24.9,81.5
20260619T115709Z,24.9,81.5
20260619T115724Z,24.9,81.7
20260619T115739Z,24.9,81.4
20260619T115754Z,24.9,81.3
20260619T115809Z,24.9,81.4
20260619T115824Z,24.9,81.4
20260619T115839Z,24.9,81.6
20260619T115854Z,24.9,81.4
20260619T115909Z,24.9,81.6
20260619T115924Z,24.9,81.8
20260619T115939Z,24.9,81.5
20260619T115954Z,24.9,81.5
20260619T120009Z,24.9,81.6
20260619T120024Z,24.9,81.5
20260619T120039Z,24.9,81.8
20260619T120054Z,24.9,81.6
20260619T120109Z,24.9,81.5
20260619T120124Z,24.9,81.5
20260619T120139Z,24.9,81.5
20260619T120154Z,24.9,81.4
20260619T120209Z,24.9,81.6
20260619T120224Z,24.9,81.8
20260619T120239Z,24.9,81.5
20260619T120254Z,24.9,81.4
20260619T120309Z,24.9,81.4
20260619T120324Z,24.9,81.6
20260619T120339Z,24.8,81.7
20260619T120354Z,24.9,81.5
20260619T120409Z,24.8,81.7
20260619T120424Z,24.9,81.5
20260619T120439Z,24.9,81.4
20260619T120454Z,24.8,81.5
20260619T120509Z,24.8,81.7
20260619T120524Z,24.9,81.6
20260619T120539Z,24.8,81.6
20260619T120554Z,24.9,81.5
20260619T120609Z,24.8,81.5
20260619T120624Z,24.8,81.5
20260619T120639Z,24.8,81.3
20260619T120654Z,24.8,81.5
20260619T120709Z,24.8,81.5
20260619T120724Z,24.8,81.3
20260619T120739Z,24.8,81.5
20260619T120754Z,24.8,81.3
20260619T120809Z,24.8,81.6
20260619T120824Z,24.8,81.7
20260619T120839Z,24.8,81.3
20260619T120854Z,24.8,81.3
20260619T120909Z,24.8,81.8
20260619T120924Z,24.8,81.4
20260619T120939Z,24.8,81.6
20260619T120954Z,24.8,81.7
20260619T121009Z,24.8,81.6
20260619T121024Z,24.8,81.5
20260619T121039Z,24.8,81.5
20260619T121054Z,24.8,81.6
20260619T121109Z,24.8,81.5
20260619T121124Z,24.8,81.7
20260619T121139Z,24.8,81.4
20260619T121154Z,24.8,81.4
20260619T121209Z,24.8,81.7
20260619T121224Z,24.8,81.6
20260619T121239Z,24.8,81.5
20260619T121254Z,24.8,81.4
20260619T121309Z,24.8,81.5
20260619T121324Z,24.8,81.3
20260619T121339Z,24.8,81.6
20260619T121354Z,24.8,81.4
20260619T121409Z,24.8,81.6
20260619T121424Z,24.8,81.5
20260619T121439Z,24.8,81.5
20260619T121454Z,24.8,81.6
20260619T121509Z,24.8,81.5
20260619T121524Z,24.8,81.4
20260619T121539Z,24.8,81.8
20260619T121554Z,24.8,81.8
20260619T121609Z,24.8,81.4
20260619T121624Z,24.8,81.6
20260619T121639Z,24.8,81.7
20260619T121654Z,24.8,81.5
20260619T121709Z,24.8,81.5
20260619T121724Z,24.8,81.3
20260619T121739Z,24.8,81.7
20260619T121754Z,24.8,81.5
20260619T121809Z,24.8,81.4
20260619T121824Z,24.8,81.5
20260619T121839Z,24.8,81.4
20260619T121854Z,24.8,81.2
20260619T121909Z,24.8,81.6
20260619T121924Z,24.8,81.4
20260619T121939Z,24.8,81.5
20260619T121954Z,24.8,81.2
20260619T122009Z,24.8,81.3
20260619T122024Z,24.7,81.5
20260619T122039Z,24.8,81.3
20260619T122054Z,24.7,81.3
20260619T122109Z,24.7,81.5
20260619T122124Z,24.7,81.6
20260619T122139Z,24.8,83.8
20260619T122154Z,24.8,82.0
20260619T122209Z,24.8,83.0
20260619T122224Z,24.8,82.4
20260619T122239Z,24.8,82.5
20260619T122254Z,24.8,82.1
20260619T122309Z,24.8,82.2
20260619T122324Z,24.8,81.8
20260619T122339Z,24.8,81.9
20260619T122354Z,24.8,82.0
20260619T122409Z,24.8,82.1
20260619T122424Z,24.8,82.2
20260619T122439Z,24.8,82.3
20260619T122454Z,24.8,82.1
20260619T122509Z,24.8,82.0
20260619T122524Z,24.8,81.9
20260619T122539Z,24.8,81.9
20260619T122554Z,24.8,81.8
20260619T122609Z,24.8,82.0
20260619T122624Z,24.8,81.9
20260619T122639Z,24.8,82.0
20260619T122654Z,24.8,82.0
20260619T122709Z,24.8,81.6
20260619T122724Z,24.8,82.1
20260619T122739Z,24.8,81.8
20260619T122754Z,24.8,81.8
20260619T122809Z,24.8,81.8
20260619T122824Z,24.8,81.8
20260619T122839Z,24.8,81.8
20260619T122854Z,24.8,81.9
20260619T122909Z,24.7,81.9
20260619T122924Z,24.7,81.8
20260619T122939Z,24.7,81.9
20260619T122954Z,24.7,81.7
20260619T123009Z,24.8,82.0
20260619T123024Z,24.8,81.7
20260619T123039Z,24.8,81.7
20260619T123054Z,24.8,81.8
20260619T123109Z,24.7,82.1
20260619T123124Z,24.7,81.8
20260619T123139Z,24.7,81.7
20260619T123154Z,24.7,81.7
20260619T123209Z,24.7,82.0
20260619T123224Z,24.7,81.5
20260619T123239Z,24.7,81.8
20260619T123254Z,24.7,81.8
20260619T123309Z,24.7,81.8
20260619T123324Z,24.7,81.6
20260619T123339Z,24.7,81.8
20260619T123354Z,24.7,81.9
20260619T123409Z,24.7,81.6
20260619T123424Z,24.7,81.7
20260619T123439Z,24.7,81.9
20260619T123454Z,24.7,81.7
20260619T123509Z,24.7,81.6
20260619T123524Z,24.7,81.7
20260619T123539Z,24.7,81.6
20260619T123554Z,24.7,81.9
20260619T123609Z,24.7,81.8
20260619T123624Z,24.7,81.6
20260619T123639Z,24.7,81.7
20260619T123654Z,24.7,81.6
20260619T123709Z,24.7,81.8
20260619T123724Z,24.7,81.6
20260619T123739Z,24.7,81.6
20260619T123754Z,24.7,81.8
20260619T123809Z,24.7,81.8
20260619T123824Z,24.7,81.5
20260619T123839Z,24.7,81.6
20260619T123854Z,24.7,81.7
20260619T123909Z,24.7,81.6
20260619T123924Z,24.7,81.6
20260619T123939Z,24.7,81.7
20260619T123954Z,24.7,81.6
20260619T124009Z,24.7,81.6
20260619T124024Z,24.7,81.4
20260619T124039Z,24.7,81.8
20260619T124054Z,24.7,81.8
20260619T124109Z,24.7,81.6
20260619T124124Z,24.7,81.7
20260619T124139Z,24.7,81.7
20260619T124154Z,24.7,81.6
20260619T124209Z,24.7,81.8
20260619T124224Z,24.7,81.5
20260619T124239Z,24.7,81.4
20260619T124254Z,24.7,81.5
20260619T124309Z,24.7,81.6
20260619T124324Z,24.7,81.5
20260619T124339Z,24.7,81.6
20260619T124354Z,24.7,81.4
20260619T124409Z,24.7,81.5
20260619T124424Z,24.7,81.6
20260619T124439Z,24.7,81.6
20260619T124454Z,24.7,81.6
20260619T124509Z,24.7,81.7
20260619T124524Z,24.7,81.5
20260619T124539Z,24.6,81.7
20260619T124554Z,24.7,81.6
20260619T124609Z,24.6,81.4
20260619T124624Z,24.7,81.7
20260619T124639Z,24.6,81.4
20260619T124654Z,24.7,81.8
20260619T124709Z,24.7,81.6
20260619T124724Z,24.7,81.5
20260619T124739Z,24.6,81.6
20260619T124754Z,24.6,81.5
20260619T124809Z,24.6,81.6
20260619T124824Z,24.6,81.4
20260619T124839Z,24.6,81.6
20260619T124854Z,24.6,81.5
20260619T124909Z,24.6,81.5
20260619T124924Z,24.7,81.3
20260619T124939Z,24.6,81.5
20260619T124954Z,24.6,81.4
20260619T125009Z,24.6,81.4
20260619T125024Z,24.7,81.4
20260619T125039Z,24.7,81.5
20260619T125054Z,24.7,81.3
20260619T125109Z,24.6,81.5
20260619T125124Z,24.7,81.4
20260619T125139Z,24.7,81.6
20260619T125154Z,24.7,81.6
20260619T125209Z,24.7,81.6
20260619T125224Z,24.6,81.4
20260619T125239Z,24.7,81.3
20260619T125254Z,24.6,81.5
20260619T125309Z,24.6,81.5
20260619T125324Z,24.6,81.3
20260619T125339Z,24.6,81.3
20260619T125354Z,24.6,81.6
20260619T125409Z,24.6,81.7
20260619T125424Z,24.6,81.4
20260619T125439Z,24.6,81.3
20260619T125454Z,24.6,81.6
20260619T125509Z,24.6,81.3
20260619T125524Z,24.6,81.3
20260619T125539Z,24.6,82.0
20260619T125554Z,24.6,81.5
20260619T125609Z,24.6,81.7
20260619T125624Z,24.6,81.7
20260619T125639Z,24.6,81.5
20260619T125654Z,24.6,81.7
20260619T125709Z,24.6,81.7
20260619T125724Z,24.6,81.5
20260619T125739Z,24.6,81.6
20260619T125754Z,24.6,81.6
20260619T125809Z,24.6,81.6
20260619T125824Z,24.6,81.4
20260619T125839Z,24.6,82.9
20260619T125854Z,24.6,82.0
20260619T125909Z,24.6,81.8
20260619T125924Z,24.6,81.9
20260619T125939Z,24.6,81.8
20260619T125954Z,24.6,81.9
20260619T130009Z,24.6,81.8
20260619T130024Z,24.6,81.7
20260619T130039Z,24.6,82.0
20260619T130054Z,24.6,81.6
20260619T130109Z,24.6,81.7
20260619T130124Z,24.6,81.8
20260619T130139Z,24.6,81.6
20260619T130154Z,24.6,81.6
20260619T130209Z,24.6,81.7
20260619T130224Z,24.6,81.7
20260619T130239Z,24.6,81.6
20260619T130254Z,24.6,81.7
20260619T130309Z,24.6,81.8
20260619T130324Z,24.6,81.8
20260619T130339Z,24.6,81.7
20260619T130354Z,24.6,81.4
20260619T130409Z,24.6,81.6
20260619T130424Z,24.6,81.8
20260619T130439Z,24.6,81.5
20260619T130454Z,24.6,81.5
20260619T130509Z,24.6,81.7
20260619T130524Z,24.6,81.8
20260619T130539Z,24.6,81.7
20260619T130554Z,24.6,81.7
20260619T130609Z,24.6,81.7
20260619T130624Z,24.6,81.6
20260619T130639Z,24.6,81.7
20260619T130654Z,24.6,81.8
20260619T130709Z,24.6,81.4
20260619T130724Z,24.6,81.9
20260619T130739Z,24.6,81.7
20260619T130754Z,24.6,81.5
20260619T130809Z,24.6,81.6
20260619T130825Z,24.6,81.7
20260619T130840Z,24.6,81.6
20260619T130854Z,24.6,81.3
20260619T130910Z,24.5,81.5
20260619T130924Z,24.6,81.7
20260619T130940Z,24.6,81.7
20260619T130955Z,24.6,81.5
20260619T131010Z,24.6,81.8
20260619T131025Z,24.5,81.6
20260619T131040Z,24.5,81.7
20260619T131055Z,24.6,81.8
20260619T131110Z,24.6,81.7
20260619T131125Z,24.6,81.5
20260619T131140Z,24.6,81.7
20260619T131155Z,24.6,81.7
20260619T131210Z,24.6,81.6
20260619T131225Z,24.6,81.6
20260619T131240Z,24.6,81.5
20260619T131255Z,24.6,81.8
20260619T131310Z,24.6,81.8
20260619T131325Z,24.6,81.6
20260619T131340Z,24.6,81.5
20260619T131355Z,24.6,81.5
20260619T131410Z,24.6,81.7
20260619T131425Z,24.5,81.5
20260619T131440Z,24.6,81.5
20260619T131455Z,24.6,81.6
20260619T131510Z,24.5,81.5
20260619T131525Z,24.6,81.4
20260619T131540Z,24.6,81.9
20260619T131555Z,24.6,81.4
20260619T131610Z,24.6,81.6
20260619T131625Z,24.6,81.6
20260619T131640Z,24.6,81.5
20260619T131655Z,24.6,81.5
20260619T131710Z,24.6,81.6
20260619T131725Z,24.6,81.6
20260619T131740Z,24.6,81.5
20260619T131755Z,24.6,81.4
20260619T131810Z,24.5,81.3
20260619T131825Z,24.5,81.5
20260619T131840Z,24.5,81.6
20260619T131855Z,24.5,81.5
20260619T131910Z,24.5,81.4
20260619T131925Z,24.6,81.6
20260619T131940Z,24.6,81.5
20260619T131955Z,24.6,81.5
20260619T132010Z,24.5,81.5
20260619T132025Z,24.5,81.5
20260619T132040Z,24.5,81.3
20260619T132055Z,24.5,81.5
20260619T132110Z,24.5,81.5
20260619T132125Z,24.6,81.4
20260619T132140Z,24.5,81.5
20260619T132155Z,24.5,81.5
20260619T132210Z,24.5,81.6
20260619T132225Z,24.5,81.5
20260619T132240Z,24.6,81.4
20260619T132255Z,24.5,81.5
20260619T132310Z,24.6,81.6
20260619T132325Z,24.5,81.5
20260619T132340Z,24.6,81.6
20260619T132355Z,24.6,81.7
20260619T132410Z,24.5,81.4
20260619T132425Z,24.5,81.4
20260619T132440Z,24.5,81.6
20260619T132455Z,24.6,82.1
20260619T132510Z,24.6,82.5
20260619T132525Z,24.6,82.3
20260619T132540Z,24.6,82.7
20260619T132555Z,24.6,82.8
20260619T132610Z,24.6,82.4
20260619T132625Z,24.6,82.4
20260619T132640Z,24.6,82.1
20260619T132655Z,24.6,82.2
20260619T132710Z,24.6,83.6
20260619T132725Z,24.7,82.6
20260619T132740Z,24.7,82.8
20260619T132755Z,24.7,82.7
20260619T132810Z,24.7,82.6
20260619T132825Z,24.7,82.3
20260619T132840Z,24.7,82.3
20260619T132855Z,24.7,82.4
20260619T132910Z,24.7,82.3
20260619T132925Z,24.7,82.5
20260619T132940Z,24.7,82.3
20260619T132955Z,24.6,82.4
20260619T133010Z,24.6,82.5
20260619T133025Z,24.6,82.2
20260619T133040Z,24.6,82.4
20260619T133055Z,24.6,82.2
20260619T133110Z,24.6,82.4
20260619T133125Z,24.6,82.3
20260619T133140Z,24.6,82.1
20260619T133155Z,24.6,82.2
20260619T133210Z,24.6,82.4
20260619T133225Z,24.6,82.3
20260619T133240Z,24.6,82.4
20260619T133255Z,24.6,82.2
20260619T133310Z,24.6,82.3
20260619T133325Z,24.6,82.0
20260619T133340Z,24.6,82.0
20260619T133355Z,24.6,82.2
20260619T133410Z,24.6,82.2
20260619T133425Z,24.6,82.0
20260619T133440Z,24.6,82.1
20260619T133455Z,24.5,82.3
20260619T133510Z,24.6,82.1
20260619T133525Z,24.5,81.9
20260619T133540Z,24.5,82.0
20260619T133555Z,24.5,82.1
20260619T133610Z,24.5,81.9
20260619T133625Z,24.5,81.9
20260619T133640Z,24.5,81.9
20260619T133655Z,24.5,82.0
20260619T133710Z,24.5,82.0
20260619T133725Z,24.5,81.9
20260619T133740Z,24.5,82.1
20260619T133755Z,24.5,81.8
20260619T133810Z,24.5,82.1
20260619T133825Z,24.5,81.9
20260619T133840Z,24.5,81.9
20260619T133855Z,24.5,81.9
20260619T133910Z,24.5,81.7
20260619T133925Z,24.5,81.8
20260619T133940Z,24.5,82.0
20260619T133955Z,24.5,81.8
20260619T134010Z,24.5,81.9
20260619T134025Z,24.5,81.9
20260619T134040Z,24.5,81.9
20260619T134055Z,24.5,82.1
20260619T134110Z,24.5,82.0
20260619T134125Z,24.5,81.8
20260619T134140Z,24.5,82.0
20260619T134155Z,24.5,81.9
20260619T134210Z,24.5,81.7
20260619T134225Z,24.5,81.8
20260619T134240Z,24.5,81.8
20260619T134255Z,24.5,81.8
20260619T134310Z,24.5,81.7
20260619T134325Z,24.5,81.8
20260619T134340Z,24.5,81.9
20260619T134355Z,24.5,81.9
20260619T134410Z,24.5,82.1
20260619T134425Z,24.5,81.9
20260619T134440Z,24.5,81.9
20260619T134455Z,24.5,81.8
20260619T134510Z,24.5,81.8
20260619T134525Z,24.5,81.9
20260619T134540Z,24.5,81.9
20260619T134555Z,24.5,81.8
20260619T134610Z,24.5,81.9
20260619T134625Z,24.5,81.9
20260619T134640Z,24.5,82.9
20260619T134655Z,24.5,82.2
20260619T134710Z,24.5,81.9
20260619T134725Z,24.5,82.7
20260619T134740Z,24.5,82.3
20260619T134755Z,24.5,82.5
20260619T134810Z,24.6,82.8
20260619T134825Z,24.6,82.8
20260619T134840Z,24.6,82.9
20260619T134855Z,24.6,83.3
20260619T134910Z,24.6,82.4
20260619T134925Z,24.7,83.6
20260619T134940Z,24.7,82.5
20260619T134955Z,24.7,82.8
20260619T135010Z,24.7,83.0
20260619T135025Z,24.7,82.6
20260619T135040Z,24.7,83.2
20260619T135055Z,24.7,82.8
20260619T135110Z,24.7,82.9
20260619T135125Z,24.8,83.3
20260619T135140Z,24.8,83.6
20260619T135155Z,24.8,83.4
20260619T135210Z,24.8,83.3
20260619T135225Z,24.8,85.8
20260619T135240Z,24.8,84.9
20260619T135255Z,24.9,84.2
20260619T135320Z,24.9,85.9
20260619T135325Z,24.9,87.8
20260619T135340Z,25.0,85.6
20260619T135355Z,25.0,85.5
20260619T135410Z,25.0,85.0
20260619T135425Z,25.0,85.3
20260619T135440Z,25.0,85.0
20260619T135455Z,25.0,85.2
20260619T135510Z,25.0,85.0
20260619T135525Z,25.0,84.8
20260619T135540Z,25.0,85.2
20260619T135555Z,25.0,84.8
20260619T135610Z,25.0,84.8
20260619T135625Z,25.0,84.7
20260619T135640Z,25.0,84.6
20260619T135655Z,25.0,84.6
20260619T135710Z,24.9,84.6
20260619T135725Z,24.9,84.7
20260619T135740Z,24.9,84.7
20260619T135755Z,24.9,84.6
20260619T135810Z,24.9,84.3
20260619T135825Z,24.9,84.2
20260619T135840Z,24.9,84.6
20260619T135855Z,24.9,84.1
20260619T135910Z,24.9,84.3
20260619T135925Z,24.9,84.6
20260619T135940Z,24.9,84.5
20260619T135955Z,24.9,84.1
20260619T140010Z,24.9,84.3
20260619T140025Z,24.9,84.4
20260619T140040Z,24.9,84.2
20260619T140055Z,24.9,83.9
20260619T140110Z,24.9,84.0
20260619T140125Z,24.9,84.0
20260619T140140Z,24.9,84.1
20260619T140155Z,24.9,84.4
20260619T140210Z,24.9,84.1
20260619T140225Z,24.9,83.7
20260619T140240Z,24.9,84.0
20260619T140255Z,24.9,83.9
20260619T140310Z,24.9,84.2
20260619T140325Z,25.0,83.6
20260619T140340Z,24.9,83.7
20260619T140355Z,24.9,84.0
20260619T140410Z,24.9,83.5
20260619T140425Z,24.9,83.8
20260619T140440Z,24.9,83.7
20260619T140455Z,24.9,83.7
20260619T140510Z,24.9,83.7
20260619T140525Z,24.9,83.4
20260619T140540Z,24.9,83.5
20260619T140555Z,24.9,83.9
20260619T140610Z,24.9,83.1
20260619T140625Z,24.9,83.4
20260619T140640Z,24.9,83.5
20260619T140655Z,24.9,83.2
20260619T140710Z,24.9,83.3
20260619T140725Z,24.9,83.3
20260619T140740Z,24.9,83.3
20260619T140755Z,24.9,83.3
20260619T140810Z,24.9,83.5
20260619T140825Z,24.9,83.2
20260619T140840Z,24.9,83.2
20260619T140855Z,24.9,83.4
20260619T140910Z,24.9,83.1
20260619T140925Z,24.9,83.1
20260619T140940Z,24.9,83.0
20260619T140955Z,24.9,83.5
20260619T141010Z,24.9,83.1
20260619T141025Z,24.9,83.3
20260619T141040Z,24.9,82.9
20260619T141055Z,24.9,83.1
20260619T141110Z,24.9,83.6
20260619T141125Z,24.9,83.2
20260619T141140Z,24.9,83.1
20260619T141155Z,24.9,83.3
20260619T141210Z,25.0,82.8
20260619T141225Z,24.9,83.1
20260619T141240Z,25.0,82.7
20260619T141255Z,25.0,83.1
20260619T141310Z,25.0,83.1
20260619T141325Z,25.0,82.9
20260619T141340Z,25.0,83.1
20260619T141355Z,25.0,82.9
20260619T141410Z,25.0,83.1
20260619T141425Z,25.0,83.0
20260619T141440Z,25.0,82.5
20260619T141455Z,25.0,82.6
20260619T141510Z,25.0,83.2
20260619T141525Z,25.0,82.8
20260619T141540Z,25.0,82.9
20260619T141555Z,25.0,82.9
20260619T141610Z,25.0,82.4
20260619T141625Z,25.0,83.5
20260619T141640Z,25.0,83.1
20260619T141655Z,25.0,82.6
20260619T141710Z,25.0,83.1
20260619T141725Z,25.0,83.7
20260619T141740Z,25.0,83.4
20260619T141755Z,25.0,83.3
20260619T141810Z,25.0,83.0
20260619T141825Z,25.0,83.2
20260619T141840Z,25.0,83.1
20260619T141855Z,25.0,83.1
20260619T141910Z,25.0,83.3
20260619T141925Z,25.1,82.7
20260619T141940Z,25.0,83.1
20260619T141955Z,25.0,83.1
20260619T142010Z,25.0,83.0
20260619T142025Z,25.1,83.2
20260619T142040Z,25.1,82.7
20260619T142055Z,25.1,83.2
20260619T142110Z,25.1,83.1
20260619T142125Z,25.0,82.7
20260619T142140Z,25.0,82.7
20260619T142155Z,25.1,83.2
20260619T142210Z,25.0,82.7
20260619T142225Z,25.1,83.2
20260619T142240Z,25.1,82.9
20260619T142255Z,25.1,82.5
20260619T142310Z,25.1,83.0
20260619T142325Z,25.1,82.7
20260619T142340Z,25.0,82.7
20260619T142355Z,25.1,83.1
20260619T142410Z,25.1,83.0
20260619T142425Z,25.1,83.1
20260619T142440Z,25.1,82.8
20260619T142455Z,25.1,82.8
20260619T142510Z,25.1,82.7
20260619T142525Z,25.1,82.8
20260619T142540Z,25.1,82.9
20260619T142555Z,25.1,82.5
20260619T142610Z,25.1,82.8
20260619T142625Z,25.1,82.8
20260619T142640Z,25.1,82.8
20260619T142655Z,25.1,82.5
20260619T142710Z,25.1,82.7
20260619T142725Z,25.1,82.2
20260619T142740Z,25.1,82.3
20260619T142755Z,25.1,82.7
20260619T142810Z,25.1,82.3
20260619T142825Z,25.1,82.5
20260619T142840Z,25.1,82.6
20260619T142855Z,25.1,82.2
20260619T142910Z,25.1,82.4
20260619T142925Z,25.1,82.5
20260619T142940Z,25.1,82.1
20260619T142955Z,25.1,82.5
20260619T143010Z,25.1,82.5
20260619T143025Z,25.1,82.2
20260619T143040Z,25.1,82.4
20260619T143055Z,25.1,82.2
20260619T143110Z,25.1,82.4
20260619T143125Z,25.1,82.3
20260619T143140Z,25.1,82.6
20260619T143155Z,25.1,82.4
20260619T143210Z,25.1,82.5
20260619T143225Z,25.1,82.2
20260619T143240Z,25.1,82.3
20260619T143255Z,25.1,82.4
20260619T143310Z,25.1,82.4
20260619T143325Z,25.1,82.5
20260619T143340Z,25.1,82.7
20260619T143355Z,25.1,82.2
20260619T143410Z,25.1,82.2
20260619T143425Z,25.1,82.4
20260619T143440Z,25.1,81.9
20260619T143455Z,25.1,82.2
20260619T143510Z,25.1,82.0
20260619T143525Z,25.1,82.4
20260619T143540Z,25.1,81.9
20260619T143555Z,25.1,82.2
20260619T143610Z,25.1,82.2
20260619T143625Z,25.1,81.9
20260619T143640Z,25.1,82.3
20260619T143655Z,25.1,82.4
20260619T143710Z,25.1,81.8
20260619T143725Z,25.1,81.9
20260619T143740Z,25.1,81.6
20260619T143755Z,25.1,82.1
20260619T143810Z,25.1,82.0
20260619T143825Z,25.0,82.3
20260619T143840Z,25.0,82.3
20260619T143855Z,25.0,81.9
20260619T143910Z,25.0,82.0
20260619T143925Z,25.0,82.4
20260619T143940Z,25.0,82.5
20260619T143955Z,25.0,82.5
20260619T144010Z,25.0,82.2
20260619T144025Z,25.0,82.4
20260619T144040Z,25.0,81.9
20260619T144055Z,25.0,82.4
20260619T144110Z,25.0,82.1
20260619T144125Z,25.0,82.3
20260619T144140Z,25.0,82.4
20260619T144155Z,25.0,82.3
20260619T144210Z,25.0,82.4
20260619T144225Z,25.0,82.7
20260619T144240Z,25.0,82.5
20260619T144255Z,25.0,82.4
20260619T144310Z,25.0,82.5
20260619T144325Z,25.0,82.3
20260619T144340Z,25.0,82.2
20260619T144355Z,25.0,81.9
20260619T144410Z,24.9,82.3
20260619T144425Z,24.9,82.2
20260619T144440Z,25.0,82.4
20260619T144455Z,24.9,82.3
20260619T144510Z,24.9,82.5
20260619T144525Z,25.0,82.3
20260619T144540Z,25.0,82.7
20260619T144555Z,25.0,82.4
20260619T144610Z,25.0,82.4
20260619T144625Z,25.0,82.4
20260619T144640Z,24.9,82.3
20260619T144655Z,24.9,81.9
20260619T144710Z,24.9,82.4
20260619T144725Z,24.9,82.5
20260619T144740Z,24.9,82.2
20260619T144755Z,24.9,82.0
20260619T144810Z,24.9,82.5
20260619T144825Z,24.9,82.6
20260619T144840Z,24.9,82.8
20260619T144855Z,24.9,82.4
20260619T144910Z,24.9,82.4
20260619T144925Z,25.0,82.2
20260619T144940Z,24.9,82.6
20260619T144955Z,25.0,82.4
20260619T145010Z,24.9,82.4
20260619T145025Z,24.9,82.8
20260619T145040Z,25.0,82.7
20260619T145055Z,25.0,82.8
20260619T145110Z,25.0,82.6
20260619T145125Z,25.0,82.9
20260619T145140Z,25.0,82.5
20260619T145155Z,25.0,82.7
20260619T145210Z,25.0,82.5
20260619T145225Z,25.0,82.3
20260619T145240Z,25.0,82.1
20260619T145255Z,25.0,82.7
20260619T145310Z,25.0,82.4
20260619T145325Z,25.1,82.6
20260619T145340Z,25.0,82.4
20260619T145355Z,25.0,82.2
20260619T145410Z,25.0,82.0
20260619T145425Z,25.0,82.2
20260619T145440Z,25.0,82.2
20260619T145455Z,25.0,82.2
20260619T145510Z,25.0,82.2
20260619T145525Z,25.0,82.2
20260619T145540Z,25.0,82.4
20260619T145555Z,25.0,82.3
20260619T145610Z,25.0,82.2
20260619T145625Z,25.0,82.3
20260619T145640Z,25.0,82.3
20260619T145655Z,25.0,82.3
20260619T145710Z,25.0,82.6
20260619T145725Z,25.0,82.5
20260619T145740Z,24.9,82.4
20260619T145755Z,25.0,82.6
20260619T145810Z,24.9,83.0
20260619T145825Z,25.0,82.8
20260619T145840Z,25.0,82.5
20260619T145855Z,25.0,82.4
20260619T145910Z,25.0,82.5
20260619T145925Z,24.9,82.4
20260619T145940Z,24.9,82.4
20260619T145955Z,24.9,82.4
20260619T150010Z,24.9,82.2
20260619T150025Z,24.9,82.4
20260619T150040Z,24.9,82.4
20260619T150055Z,24.9,82.4
20260619T150110Z,24.9,82.5
20260619T150125Z,24.9,82.4
20260619T150140Z,24.9,82.7
20260619T150155Z,24.9,82.6
20260619T150210Z,24.9,82.3
20260619T150225Z,24.9,82.3
20260619T150240Z,24.9,82.3
20260619T150255Z,24.9,82.6
20260619T150310Z,24.9,82.5
20260619T150325Z,24.9,82.5
20260619T150340Z,24.9,82.7
20260619T150355Z,24.9,82.3
20260619T150410Z,24.9,82.3
20260619T150425Z,24.9,82.5
20260619T150440Z,24.9,82.3
20260619T150455Z,24.9,82.5
20260619T150510Z,24.9,82.5
20260619T150525Z,24.9,82.2
20260619T150540Z,24.9,82.7
20260619T150555Z,24.9,82.5
20260619T150610Z,24.9,82.3
20260619T150625Z,24.9,82.7
20260619T150640Z,24.9,82.3
20260619T150655Z,24.9,82.6
20260619T150710Z,24.9,82.5
20260619T150725Z,24.9,82.8
20260619T150740Z,24.9,82.3
20260619T150755Z,24.9,82.6
20260619T150810Z,24.9,82.3
20260619T150825Z,24.9,82.5
20260619T150840Z,24.9,82.7
20260619T150855Z,24.9,82.5
20260619T150910Z,24.9,82.2
20260619T150925Z,25.0,82.7
20260619T150940Z,24.9,82.4
20260619T150955Z,24.9,82.5
20260619T151010Z,24.9,82.3
20260619T151025Z,24.9,82.6
20260619T151040Z,25.0,82.8
20260619T151055Z,25.0,82.5
20260619T151110Z,25.0,82.6
20260619T151125Z,24.9,82.3
20260619T151140Z,25.0,82.2
20260619T151155Z,25.0,82.3
20260619T151210Z,25.0,82.2
20260619T151225Z,25.0,82.1
20260619T151240Z,25.0,82.2
20260619T151255Z,24.9,82.1
20260619T151310Z,24.9,82.3
20260619T151325Z,24.9,82.0
20260619T151340Z,24.9,82.3
20260619T151355Z,24.9,82.3
20260619T151410Z,24.9,82.1
20260619T151425Z,24.9,82.0
20260619T151440Z,24.9,82.1
20260619T151455Z,24.9,82.1
20260619T151510Z,24.9,82.0
20260619T151525Z,24.9,82.2
20260619T151540Z,24.9,82.2
20260619T151555Z,24.9,82.2
20260619T151610Z,24.9,82.0
20260619T151625Z,24.9,82.2
20260619T151640Z,24.9,81.9
20260619T151655Z,24.9,82.3
20260619T151710Z,24.9,82.1
20260619T151725Z,24.9,82.2
20260619T151740Z,24.9,82.2
20260619T151755Z,24.9,82.1
20260619T151810Z,24.9,82.1
20260619T151825Z,24.8,82.1
20260619T151840Z,24.9,82.2
20260619T151855Z,24.8,82.1
20260619T151910Z,24.8,82.2
20260619T151925Z,24.9,82.3
20260619T151940Z,24.8,82.0
20260619T151955Z,24.9,82.2
20260619T152010Z,24.8,82.1
20260619T152025Z,24.8,82.3
20260619T152040Z,24.8,82.5
20260619T152055Z,24.8,82.2
20260619T152110Z,24.8,82.4
20260619T152125Z,24.8,82.3
20260619T152140Z,24.8,82.2
20260619T152155Z,24.8,82.2
20260619T152210Z,24.8,82.0
20260619T152225Z,24.8,82.2
20260619T152240Z,24.8,82.0
20260619T152255Z,24.8,82.1
20260619T152310Z,24.8,82.2
20260619T152325Z,24.8,82.3
20260619T152340Z,24.8,82.2
20260619T152355Z,24.8,82.1
20260619T152410Z,24.8,82.3
20260619T152425Z,24.8,82.0
20260619T152440Z,24.8,82.1
20260619T152455Z,24.8,81.8
20260619T152510Z,24.8,82.2
20260619T152525Z,24.8,82.1
20260619T152540Z,24.8,82.1
20260619T152555Z,24.8,82.0
20260619T152610Z,24.8,82.0
20260619T152625Z,24.8,82.1
20260619T152640Z,24.8,82.0
20260619T152655Z,24.8,82.0
20260619T152710Z,24.8,82.2
20260619T152725Z,24.8,82.3
20260619T152740Z,24.8,82.4
20260619T152755Z,24.8,82.2
20260619T152810Z,24.8,82.2
20260619T152825Z,24.8,82.1
20260619T152840Z,24.8,81.9
20260619T152855Z,24.8,81.9
20260619T152910Z,24.8,82.2
20260619T152925Z,24.8,82.0
20260619T152940Z,24.8,82.1
20260619T152955Z,24.8,82.0
20260619T153010Z,24.8,82.1
20260619T153025Z,24.8,82.2
20260619T153040Z,24.8,82.1
20260619T153055Z,24.8,82.2
20260619T153110Z,24.8,82.0
20260619T153125Z,24.8,82.1
20260619T153140Z,24.8,82.5
20260619T153155Z,24.8,82.2
20260619T153210Z,24.8,82.2
20260619T153225Z,24.8,82.1
20260619T153240Z,24.8,82.2
20260619T153255Z,24.8,82.0
20260619T153310Z,24.8,82.0
20260619T153325Z,24.8,81.9
20260619T153340Z,24.8,82.1
20260619T153355Z,24.8,82.0
20260619T153410Z,24.8,82.2
20260619T153425Z,24.8,82.0
20260619T153440Z,24.8,82.4
20260619T153455Z,24.8,82.4
20260619T153510Z,24.8,82.4
20260619T153525Z,24.8,82.3
20260619T153540Z,24.8,82.1
20260619T153555Z,24.8,82.3
20260619T153610Z,24.8,82.3
20260619T153625Z,24.8,82.2
20260619T153640Z,24.8,82.4
20260619T153655Z,24.8,82.1
20260619T153710Z,24.8,82.2
20260619T153725Z,24.8,82.2
20260619T153740Z,24.8,82.1
20260619T153755Z,24.8,82.2
20260619T153810Z,24.8,82.1
20260619T153825Z,24.8,82.1
20260619T153840Z,24.8,82.3
20260619T153855Z,24.7,82.1
20260619T153910Z,24.7,82.3
20260619T153925Z,24.7,82.2
20260619T153940Z,24.7,82.1
20260619T153955Z,24.8,82.3
20260619T154010Z,24.7,82.2
20260619T154025Z,24.7,82.2
20260619T154040Z,24.7,82.3
20260619T154055Z,24.7,82.1
20260619T154110Z,24.7,82.3
20260619T154125Z,24.7,82.2
20260619T154140Z,24.7,82.1
20260619T154155Z,24.7,82.2
20260619T154210Z,24.7,82.2
20260619T154225Z,24.7,82.3
20260619T154240Z,24.7,82.1
20260619T154255Z,24.7,82.2
20260619T154310Z,24.8,82.2
20260619T154325Z,24.7,82.2
20260619T154340Z,24.7,82.4
20260619T154355Z,24.7,82.1
20260619T154410Z,24.7,82.0
20260619T154425Z,24.7,82.4
20260619T154440Z,24.7,82.1
20260619T154455Z,24.7,82.2
20260619T154510Z,24.7,82.2
20260619T154525Z,24.7,82.3
20260619T154540Z,24.7,82.4
20260619T154555Z,24.7,82.3
20260619T154610Z,24.7,82.3
20260619T154625Z,24.7,82.4
20260619T154640Z,24.7,82.3
20260619T154655Z,24.7,82.3
20260619T154710Z,24.7,82.2
20260619T154725Z,24.7,82.3
20260619T154740Z,24.7,82.4
20260619T154755Z,24.8,82.2
20260619T154810Z,24.8,82.6
20260619T154825Z,24.8,82.3
20260619T154840Z,24.8,82.2
20260619T154855Z,24.8,82.1
20260619T154910Z,24.7,82.2
20260619T154925Z,24.7,82.3
20260619T154940Z,24.7,82.1
20260619T154955Z,24.8,83.1
20260619T155010Z,24.8,82.8
20260619T155025Z,24.8,82.5
20260619T155040Z,24.8,82.4
20260619T155055Z,24.8,82.7
20260619T155110Z,24.8,82.3
20260619T155125Z,24.8,82.4
20260619T155140Z,24.8,82.4
20260619T155155Z,24.7,82.4
20260619T155210Z,24.8,82.2
20260619T155225Z,24.8,82.3
20260619T155240Z,24.8,82.2
20260619T155255Z,24.7,82.2
20260619T155310Z,24.7,82.2
20260619T155325Z,24.7,82.1
20260619T155340Z,24.7,82.3
20260619T155355Z,24.7,82.2
20260619T155410Z,24.7,82.2
20260619T155425Z,24.7,82.3
20260619T155440Z,24.7,82.4
20260619T155455Z,24.7,82.3
20260619T155510Z,24.7,82.4
20260619T155525Z,24.7,82.3
20260619T155540Z,24.7,82.4
20260619T155555Z,24.7,82.3
20260619T155610Z,24.7,82.3
20260619T155625Z,24.7,82.2
20260619T155640Z,24.6,82.1
20260619T155655Z,24.6,82.3
20260619T155710Z,24.7,82.3
20260619T155725Z,24.6,82.3
20260619T155740Z,24.6,82.3
20260619T155755Z,24.6,82.1
20260619T155810Z,24.6,82.2
20260619T155825Z,24.6,82.1
20260619T155840Z,24.6,82.4
20260619T155855Z,24.6,82.3
20260619T155910Z,24.6,82.2
20260619T155925Z,24.6,82.2
20260619T155940Z,24.6,82.5
20260619T155955Z,24.6,82.3
20260619T160010Z,24.6,82.2
20260619T160025Z,24.6,82.2
20260619T160040Z,24.6,82.2
20260619T160055Z,24.6,82.0
20260619T160110Z,24.6,82.7
20260619T160125Z,24.6,82.8
20260619T160140Z,24.6,82.6
20260619T160155Z,24.6,82.6
20260619T160210Z,24.7,82.6
20260619T160225Z,24.7,82.2
20260619T160240Z,24.6,82.2
20260619T160255Z,24.6,82.3
20260619T160310Z,24.7,82.2
20260619T160325Z,24.6,82.5
20260619T160340Z,24.6,82.3
20260619T160355Z,24.6,82.2
20260619T160410Z,24.6,82.3
20260619T160425Z,24.6,82.2
20260619T160440Z,24.6,82.5
20260619T160455Z,24.6,82.5
20260619T160510Z,24.6,82.3
20260619T160525Z,24.6,82.7
20260619T160540Z,24.6,82.2
20260619T160555Z,24.6,82.4
20260619T160610Z,24.6,82.5
20260619T160625Z,24.6,82.4
20260619T160640Z,24.6,82.2
20260619T160655Z,24.6,82.6
20260619T160710Z,24.6,82.3
20260619T160725Z,24.6,82.4
20260619T160740Z,24.6,82.3
20260619T160755Z,24.6,82.5
20260619T160810Z,24.6,82.4
20260619T160825Z,24.6,82.4
20260619T160840Z,24.6,82.3
20260619T160855Z,24.6,82.4
20260619T160910Z,24.6,82.5
20260619T160925Z,24.6,82.5
20260619T160940Z,24.6,82.3
20260619T160955Z,24.6,82.4
20260619T161010Z,24.6,82.2
20260619T161025Z,24.6,82.5
20260619T161040Z,24.6,82.3
20260619T161055Z,24.6,82.4
20260619T161110Z,24.6,82.5
20260619T161125Z,24.6,82.4
20260619T161140Z,24.6,82.5
20260619T161155Z,24.6,82.4
20260619T161210Z,24.6,82.4
20260619T161225Z,24.6,82.4
20260619T161240Z,24.6,82.5
20260619T161255Z,24.6,82.5
20260619T161310Z,24.6,82.3
20260619T161325Z,24.6,82.4
20260619T161340Z,24.6,82.5
20260619T161355Z,24.6,82.4
20260619T161410Z,24.5,82.7
20260619T161425Z,24.6,82.5
20260619T161440Z,24.6,82.3
20260619T161455Z,24.5,82.4
20260619T161510Z,24.5,82.4
20260619T161525Z,24.5,82.5
20260619T161540Z,24.5,82.5
20260619T161555Z,24.5,82.6
20260619T161610Z,24.5,82.5
20260619T161625Z,24.5,82.5
20260619T161640Z,24.5,82.4
20260619T161655Z,24.5,82.3
20260619T161710Z,24.5,82.4
20260619T161725Z,24.5,82.4
20260619T161740Z,24.5,82.4
20260619T161755Z,24.5,82.3
20260619T161810Z,24.5,82.3
20260619T161825Z,24.5,82.3
20260619T161840Z,24.5,82.3
20260619T161855Z,24.5,82.2
20260619T161910Z,24.5,82.3
20260619T161925Z,24.5,82.7
20260619T161940Z,24.5,82.4
20260619T161955Z,24.5,82.6
20260619T162010Z,24.5,82.4
20260619T162025Z,24.5,82.5
20260619T162040Z,24.5,82.3
20260619T162055Z,24.5,82.4
20260619T162110Z,24.5,82.4
20260619T162125Z,24.5,82.3
20260619T162140Z,24.5,82.5
20260619T162155Z,24.5,82.3
20260619T162210Z,24.5,82.2
20260619T162225Z,24.5,82.4
20260619T162240Z,24.5,82.7
20260619T162255Z,24.5,82.5
20260619T162310Z,24.5,82.4
20260619T162325Z,24.5,82.5
20260619T162340Z,24.5,82.4
20260619T162355Z,24.5,82.4
20260619T162410Z,24.5,82.5
20260619T162425Z,24.5,82.4
20260619T162440Z,24.5,82.4
20260619T162455Z,24.5,82.6
20260619T162510Z,24.5,82.3
20260619T162525Z,24.5,82.6
20260619T162540Z,24.5,82.7
20260619T162555Z,24.5,82.4
20260619T162610Z,24.5,82.5
20260619T162625Z,24.5,82.5
20260619T162640Z,24.5,82.7
20260619T162655Z,24.5,82.5
20260619T162710Z,24.5,82.7
20260619T162725Z,24.5,82.8
20260619T162740Z,24.5,82.5
20260619T162755Z,24.5,82.6
20260619T162810Z,24.5,82.7
20260619T162825Z,24.5,82.5
20260619T162840Z,24.5,82.4
20260619T162855Z,24.5,82.6
20260619T162910Z,24.5,82.6
20260619T162925Z,24.5,82.5
20260619T162940Z,24.5,82.4
20260619T162955Z,24.5,82.5
20260619T163010Z,24.5,82.6
20260619T163025Z,24.5,82.7
20260619T163040Z,24.5,82.5
20260619T163055Z,24.5,82.7
20260619T163110Z,24.5,82.5
20260619T163125Z,24.5,82.6
20260619T163140Z,24.5,82.6
20260619T163155Z,24.5,82.8
20260619T163210Z,24.5,82.8
20260619T163225Z,24.5,82.8
20260619T163240Z,24.5,82.5
20260619T163255Z,24.5,82.4
20260619T163310Z,24.5,82.5
20260619T163325Z,24.5,82.7
20260619T163340Z,24.5,82.5
20260619T163355Z,24.5,82.2
20260619T163410Z,24.5,82.6
20260619T163425Z,24.5,82.5
20260619T163440Z,24.5,82.4
20260619T163455Z,24.5,82.5
20260619T163510Z,24.5,82.3
20260619T163525Z,24.5,82.3
20260619T163540Z,24.5,82.4
20260619T163555Z,24.5,82.4
20260619T163610Z,24.5,82.4
20260619T163625Z,24.5,82.4
20260619T163640Z,24.5,82.2
20260619T163655Z,24.5,82.5
20260619T163710Z,24.5,82.5
20260619T163725Z,24.5,82.6
20260619T163740Z,24.5,82.5
20260619T163755Z,24.5,82.5
20260619T163810Z,24.5,82.5
20260619T163825Z,24.5,82.6
20260619T163840Z,24.5,82.5
20260619T163855Z,24.5,82.3
20260619T163910Z,24.5,82.4
20260619T163925Z,24.5,82.7
20260619T163940Z,24.5,82.6
20260619T163955Z,24.5,82.6
20260619T164010Z,24.5,82.6
20260619T164025Z,24.5,82.5
20260619T164040Z,24.5,82.7
20260619T164055Z,24.5,82.7
20260619T164110Z,24.5,82.5
20260619T164125Z,24.5,82.6
20260619T164140Z,24.5,82.7
20260619T164155Z,24.5,82.5
20260619T164210Z,24.5,82.4
20260619T164226Z,24.5,82.6
20260619T164240Z,24.5,82.3
20260619T164255Z,24.5,82.8
20260619T164310Z,24.5,82.3
20260619T164325Z,24.5,82.6
20260619T164340Z,24.5,82.9
20260619T164355Z,24.5,82.6
20260619T164410Z,24.5,82.8
20260619T164425Z,24.5,82.5
20260619T164440Z,24.5,82.5
20260619T164455Z,24.5,82.9
20260619T164510Z,24.5,82.6
20260619T164525Z,24.5,82.6
20260619T164540Z,24.5,82.6
20260619T164555Z,24.5,82.4
20260619T164610Z,24.5,82.7
20260619T164625Z,24.5,82.8
20260619T164640Z,24.5,82.5
20260619T164655Z,24.5,82.6
20260619T164710Z,24.5,82.6
20260619T164725Z,24.5,82.5
20260619T164740Z,24.5,82.5
20260619T164755Z,24.5,82.6
20260619T164810Z,24.5,82.7
20260619T164825Z,24.5,82.5
20260619T164840Z,24.5,82.5
20260619T164855Z,24.5,82.6
20260619T164910Z,24.5,82.7
20260619T164925Z,24.5,82.3
20260619T164940Z,24.5,82.6
20260619T164955Z,24.5,82.6
20260619T165010Z,24.5,82.5
20260619T165025Z,24.5,82.5
20260619T165040Z,24.5,82.6
20260619T165055Z,24.5,82.6
20260619T165110Z,24.5,82.6
20260619T165125Z,24.5,82.2
20260619T165140Z,24.5,82.5
20260619T165155Z,24.5,82.7
20260619T165210Z,24.5,82.6
20260619T165225Z,24.5,82.5
20260619T165240Z,24.5,82.6
20260619T165255Z,24.5,82.6
20260619T165310Z,24.5,82.6
20260619T165325Z,24.5,82.7
20260619T165340Z,24.5,82.6
20260619T165355Z,24.5,82.7
20260619T165410Z,24.4,82.6
20260619T165425Z,24.5,82.5
20260619T165440Z,24.5,82.6
20260619T165455Z,24.5,82.5
20260619T165510Z,24.5,82.5
20260619T165525Z,24.5,82.6
20260619T165540Z,24.4,82.8
20260619T165555Z,24.4,82.7
20260619T165610Z,24.4,82.5
20260619T165625Z,24.4,82.5
20260619T165640Z,24.4,82.5
20260619T165655Z,24.4,82.6
20260619T165710Z,24.4,82.5
20260619T165725Z,24.4,82.6
20260619T165740Z,24.4,82.5
20260619T165755Z,24.4,82.7
20260619T165810Z,24.4,82.6
20260619T165825Z,24.4,82.7
20260619T165840Z,24.4,82.5
20260619T165855Z,24.4,82.6
20260619T165910Z,24.4,82.6
20260619T165925Z,24.4,82.5
20260619T165940Z,24.4,82.6
20260619T165955Z,24.4,82.8
20260619T170010Z,24.4,82.8
20260619T170025Z,24.4,82.6
20260619T170040Z,24.4,82.5
20260619T170055Z,24.4,82.6
20260619T170110Z,24.4,82.4
20260619T170125Z,24.4,82.6
20260619T170140Z,24.4,82.5
20260619T170155Z,24.4,82.5
20260619T170210Z,24.4,82.6
20260619T170225Z,24.4,82.4
20260619T170240Z,24.4,82.6
20260619T170255Z,24.4,82.4
20260619T170310Z,24.4,82.7
20260619T170325Z,24.4,82.5
20260619T170340Z,24.4,82.6
20260619T170355Z,24.4,82.6
20260619T170410Z,24.4,82.7
20260619T170425Z,24.4,82.7
20260619T170440Z,24.4,82.5
20260619T170455Z,24.4,82.5
20260619T170510Z,24.4,82.8
20260619T170525Z,24.4,82.6
20260619T170540Z,24.4,82.7
20260619T170555Z,24.4,82.7
20260619T170610Z,24.4,82.6
20260619T170625Z,24.4,82.7
20260619T170640Z,24.4,82.7
20260619T170655Z,24.4,82.3
20260619T170710Z,24.4,82.5
20260619T170726Z,24.4,82.7
20260619T170741Z,24.4,82.6
20260619T170756Z,24.4,82.6
20260619T170811Z,24.4,82.6
20260619T170826Z,24.4,82.9
20260619T170841Z,24.4,82.6
20260619T170856Z,24.4,82.4
20260619T170911Z,24.4,82.6
20260619T170926Z,24.4,82.4
20260619T170941Z,24.4,82.8
20260619T170956Z,24.4,82.9
20260619T171011Z,24.4,82.6
20260619T171026Z,24.4,82.6
20260619T171041Z,24.4,82.6
20260619T171056Z,24.4,82.6
20260619T171111Z,24.4,82.4
20260619T171126Z,24.4,82.6
20260619T171141Z,24.4,82.8
20260619T171156Z,24.4,82.7
20260619T171211Z,24.4,82.5
20260619T171226Z,24.4,82.7
20260619T171241Z,24.4,82.6
20260619T171256Z,24.4,82.9
20260619T171311Z,24.4,82.7
20260619T171326Z,24.4,82.7
20260619T171341Z,24.4,82.7
20260619T171356Z,24.4,83.0
20260619T171411Z,24.4,82.6
20260619T171426Z,24.4,82.5
20260619T171441Z,24.4,82.7
20260619T171456Z,24.4,82.6
20260619T171511Z,24.4,82.6
20260619T171526Z,24.4,83.1
20260619T171541Z,24.4,82.6
20260619T171556Z,24.4,82.7
20260619T171611Z,24.4,82.7
20260619T171626Z,24.4,82.6
20260619T171641Z,24.4,82.9
20260619T171656Z,24.4,82.6
20260619T171711Z,24.4,82.6
20260619T171726Z,24.4,82.6
20260619T171741Z,24.4,82.6
20260619T171756Z,24.4,82.7
20260619T171811Z,24.4,82.5
20260619T171826Z,24.4,82.5
20260619T171841Z,24.4,82.7
20260619T171856Z,24.4,82.8
20260619T171911Z,24.4,82.6
20260619T171926Z,24.4,82.5
20260619T171941Z,24.4,82.7
20260619T171956Z,24.4,82.7
20260619T172011Z,24.4,82.8
20260619T172026Z,24.4,82.6
20260619T172041Z,24.4,82.5
20260619T172056Z,24.4,82.5
20260619T172111Z,24.4,82.6
20260619T172126Z,24.4,82.7
20260619T172141Z,24.4,82.3
20260619T172156Z,24.4,82.4
20260619T172211Z,24.4,82.4
20260619T172226Z,24.4,82.6
20260619T172241Z,24.4,82.2
20260619T172256Z,24.4,82.4
20260619T172311Z,24.4,82.5
20260619T172326Z,24.4,82.4
20260619T172341Z,24.4,82.3
20260619T172356Z,24.4,82.3
20260619T172411Z,24.4,82.5
20260619T172426Z,24.4,82.7
20260619T172441Z,24.4,82.4
20260619T172456Z,24.4,82.4
20260619T172511Z,24.4,82.5
20260619T172526Z,24.4,82.6
20260619T172541Z,24.4,82.6
20260619T172556Z,24.4,82.7
20260619T172611Z,24.4,82.5
20260619T172626Z,24.4,82.6
20260619T172641Z,24.4,82.3
20260619T172656Z,24.4,82.5
20260619T172711Z,24.4,82.4
20260619T172726Z,24.4,82.4
20260619T172741Z,24.4,82.5
20260619T172756Z,24.4,82.5
20260619T172811Z,24.4,82.4
20260619T172826Z,24.3,82.4
20260619T172841Z,24.3,82.6
20260619T172856Z,24.3,82.3
20260619T172911Z,24.3,82.5
20260619T172926Z,24.3,82.5
20260619T172941Z,24.3,82.4
20260619T172956Z,24.3,82.3
20260619T173011Z,24.3,82.6
20260619T173026Z,24.3,82.2
20260619T173041Z,24.3,82.4
20260619T173056Z,24.3,82.4
20260619T173111Z,24.3,82.5
20260619T173126Z,24.3,83.0
20260619T173141Z,24.3,82.3
20260619T173156Z,24.3,82.2
20260619T173211Z,24.3,82.7
20260619T173226Z,24.3,82.7
20260619T173241Z,24.4,82.4
20260619T173256Z,24.4,82.5
20260619T173311Z,24.3,82.5
20260619T173326Z,24.3,82.4
20260619T173341Z,24.3,82.7
20260619T173356Z,24.3,82.3
20260619T173411Z,24.3,82.2
20260619T173426Z,24.3,82.0
20260619T173441Z,24.3,82.5
20260619T173456Z,24.3,82.4
20260619T173511Z,24.3,82.1
20260619T173526Z,24.3,82.6
20260619T173541Z,24.3,82.4
20260619T173556Z,24.3,82.5
20260619T173611Z,24.3,82.5
20260619T173626Z,24.3,82.5
20260619T173641Z,24.3,82.8
20260619T173656Z,24.3,82.5
20260619T173711Z,24.3,82.4
20260619T173726Z,24.3,82.5
20260619T173741Z,24.3,82.4
20260619T173756Z,24.3,82.4
20260619T173811Z,24.3,82.4
20260619T173826Z,24.3,82.4
20260619T173841Z,24.3,82.4
20260619T173856Z,24.3,82.6
20260619T173911Z,24.3,82.2
20260619T173926Z,24.3,82.5
20260619T173941Z,24.3,82.4
20260619T173956Z,24.3,82.2
20260619T174011Z,24.3,82.4
20260619T174026Z,24.3,82.3
20260619T174041Z,24.3,82.3
20260619T174056Z,24.3,82.2
20260619T174111Z,24.3,82.5
20260619T174126Z,24.3,82.6
20260619T174141Z,24.3,82.3
20260619T174156Z,24.3,82.4
20260619T174211Z,24.3,82.6
20260619T174226Z,24.3,82.5
20260619T174241Z,24.3,82.6
20260619T174256Z,24.3,82.2
20260619T174311Z,24.3,82.3
20260619T174326Z,24.3,82.4
20260619T174341Z,24.3,82.3
20260619T174356Z,24.3,82.2
20260619T174411Z,24.3,82.7
20260619T174426Z,24.3,82.4
20260619T174441Z,24.3,82.4
20260619T174456Z,24.3,82.6
20260619T174511Z,24.3,82.6
20260619T174526Z,24.3,82.3
20260619T174541Z,24.3,82.4
20260619T174556Z,24.3,82.5
20260619T174611Z,24.3,82.4
20260619T174626Z,24.3,82.4
20260619T174641Z,24.3,82.4
20260619T174656Z,24.3,82.2
20260619T174711Z,24.3,82.4
20260619T174726Z,24.3,82.1
20260619T174741Z,24.3,82.3
20260619T174756Z,24.3,82.3
20260619T174811Z,24.3,82.4
20260619T174826Z,24.3,82.3
20260619T174841Z,24.3,82.2
20260619T174856Z,24.3,82.3
20260619T174911Z,24.3,82.2
20260619T174926Z,24.3,82.3
20260619T174941Z,24.3,82.2
20260619T174956Z,24.3,82.5
20260619T175011Z,24.3,82.3
20260619T175026Z,24.3,82.6
20260619T175041Z,24.3,82.2
20260619T175056Z,24.3,82.5
20260619T175111Z,24.3,82.4
20260619T175126Z,24.3,82.4
20260619T175141Z,24.3,82.4
20260619T175156Z,24.3,82.3
20260619T175211Z,24.3,82.3
20260619T175226Z,24.2,82.3
20260619T175241Z,24.3,82.5
20260619T175256Z,24.3,82.4
20260619T175311Z,24.2,82.4
20260619T175326Z,24.3,82.4
20260619T175341Z,24.3,82.7
20260619T175356Z,24.3,82.6
20260619T175411Z,24.3,82.5
20260619T175426Z,24.3,82.5
20260619T175441Z,24.3,82.4
20260619T175456Z,24.3,82.5
20260619T175511Z,24.3,82.7
20260619T175526Z,24.3,82.2
20260619T175541Z,24.3,82.5
20260619T175556Z,24.3,82.2
20260619T175611Z,24.3,82.2
20260619T175626Z,24.3,82.3
20260619T175641Z,24.3,82.3
20260619T175656Z,24.3,82.6
20260619T175711Z,24.3,82.3
20260619T175726Z,24.2,82.4
20260619T175741Z,24.3,82.4
20260619T175756Z,24.2,82.4
20260619T175811Z,24.3,82.5
20260619T175826Z,24.3,82.4
20260619T175841Z,24.2,82.4
20260619T175856Z,24.2,83.0
20260619T175911Z,24.2,82.4
20260619T175926Z,24.2,82.6
20260619T175941Z,24.2,82.7
20260619T175956Z,24.3,82.4
20260619T180011Z,24.3,82.8
20260619T180026Z,24.3,82.6
20260619T180041Z,24.3,82.6
20260619T180056Z,24.3,82.6
20260619T180111Z,24.3,82.5
20260619T180126Z,24.2,82.4
20260619T180141Z,24.2,82.7
20260619T180156Z,24.3,82.5
20260619T180211Z,24.2,82.4
20260619T180226Z,24.2,82.6
20260619T180241Z,24.2,82.3
20260619T180256Z,24.2,82.5
20260619T180311Z,24.2,82.6
20260619T180326Z,24.2,82.4
20260619T180341Z,24.2,82.3
20260619T180356Z,24.2,82.6
20260619T180411Z,24.3,82.5
20260619T180426Z,24.3,82.3
20260619T180441Z,24.3,82.5
20260619T180456Z,24.3,82.1
20260619T180511Z,24.2,82.4
20260619T180526Z,24.2,82.6
20260619T180541Z,24.2,82.3
20260619T180556Z,24.2,82.3
20260619T180611Z,24.2,82.3
20260619T180626Z,24.2,82.4
20260619T180641Z,24.2,82.4
20260619T180656Z,24.2,82.4
20260619T180711Z,24.2,82.3
20260619T180726Z,24.2,82.4
20260619T180741Z,24.2,82.4
20260619T180756Z,24.2,82.4
20260619T180811Z,24.2,82.6
20260619T180826Z,24.2,82.7
20260619T180841Z,24.2,82.5
20260619T180856Z,24.2,82.8
20260619T180911Z,24.2,82.4
20260619T180926Z,24.2,82.5
20260619T180941Z,24.2,82.5
20260619T180956Z,24.2,82.6
20260619T181011Z,24.2,82.3
20260619T181026Z,24.2,82.3
20260619T181041Z,24.2,82.2
20260619T181056Z,24.2,82.4
20260619T181111Z,24.2,82.4
20260619T181126Z,24.2,82.1
20260619T181141Z,24.2,82.4
20260619T181156Z,24.2,82.4
20260619T181211Z,24.2,82.6
20260619T181226Z,24.2,82.3
20260619T181241Z,24.2,82.2
20260619T181256Z,24.2,82.1
20260619T181311Z,24.2,82.4
20260619T181326Z,24.2,82.3
20260619T181341Z,24.2,82.4
20260619T181356Z,24.2,82.3
20260619T181411Z,24.2,82.6
20260619T181426Z,24.2,82.4
20260619T181441Z,24.2,82.2
20260619T181456Z,24.2,82.3
20260619T181511Z,24.2,82.4
20260619T181526Z,24.2,82.8
20260619T181541Z,24.2,82.3
20260619T181556Z,24.2,82.5
20260619T181611Z,24.2,82.4
20260619T181626Z,24.2,82.5
20260619T181641Z,24.2,82.3
20260619T181656Z,24.2,82.5
20260619T181711Z,24.2,82.2
20260619T181726Z,24.2,82.4
20260619T181741Z,24.2,82.3
20260619T181756Z,24.2,82.1
20260619T181811Z,24.2,82.5
20260619T181826Z,24.2,82.2
20260619T181841Z,24.2,82.5
20260619T181856Z,24.2,82.4
20260619T181911Z,24.2,82.5
20260619T181926Z,24.2,82.3
20260619T181941Z,24.2,82.4
20260619T181956Z,24.2,82.7
20260619T182011Z,24.2,82.4
20260619T182026Z,24.2,82.2
20260619T182041Z,24.2,82.3
20260619T182056Z,24.2,82.3
20260619T182111Z,24.2,82.1
20260619T182126Z,24.2,82.4
20260619T182141Z,24.2,82.3
20260619T182156Z,24.2,82.4
20260619T182211Z,24.2,82.5
20260619T182226Z,24.2,82.3
20260619T182241Z,24.2,82.2
20260619T182256Z,24.2,82.4
20260619T182311Z,24.2,82.3
20260619T182326Z,24.2,82.2
20260619T182341Z,24.2,82.2
20260619T182356Z,24.2,82.5
20260619T182411Z,24.2,82.6
20260619T182426Z,24.2,82.6
20260619T182441Z,24.2,82.4
20260619T182456Z,24.2,82.3
20260619T182511Z,24.2,82.3
20260619T182526Z,24.2,82.3
20260619T182541Z,24.2,82.3
20260619T182556Z,24.2,82.2
20260619T182611Z,24.2,82.4
20260619T182626Z,24.2,82.3
20260619T182641Z,24.2,82.5
20260619T182656Z,24.2,82.5
20260619T182711Z,24.2,82.3
20260619T182726Z,24.2,82.2
20260619T182741Z,24.2,82.5
20260619T182756Z,24.2,82.3
20260619T182811Z,24.2,82.3
20260619T182826Z,24.2,82.3
20260619T182841Z,24.2,82.3
20260619T182856Z,24.2,82.5
20260619T182911Z,24.2,82.2
20260619T182926Z,24.2,82.6
20260619T182941Z,24.2,82.5
20260619T182956Z,24.2,82.4
20260619T183011Z,24.2,82.4
20260619T183026Z,24.2,82.3
20260619T183041Z,24.2,82.3
20260619T183056Z,24.2,82.1
20260619T183111Z,24.2,82.3
20260619T183126Z,24.2,82.0
20260619T183141Z,24.2,82.2
20260619T183156Z,24.2,82.3
20260619T183211Z,24.2,82.2
20260619T183226Z,24.2,82.5
20260619T183241Z,24.2,82.2
20260619T183256Z,24.2,82.2
20260619T183311Z,24.2,82.3
20260619T183326Z,24.2,82.6
20260619T183341Z,24.2,82.3
20260619T183356Z,24.2,82.5
20260619T183411Z,24.2,82.3
20260619T183426Z,24.2,82.2
20260619T183441Z,24.2,82.4
20260619T183456Z,24.2,82.4
20260619T183511Z,24.2,82.1
20260619T183526Z,24.2,82.2
20260619T183541Z,24.2,82.4
20260619T183556Z,24.2,82.1
20260619T183611Z,24.2,82.2
20260619T183626Z,24.2,82.1
20260619T183641Z,24.2,82.4
20260619T183656Z,24.2,82.2
20260619T183711Z,24.2,82.3
20260619T183726Z,24.2,82.4
20260619T183741Z,24.2,82.2
20260619T183756Z,24.2,82.5
20260619T183811Z,24.2,82.2
20260619T183826Z,24.2,82.5
20260619T183841Z,24.2,82.4
20260619T183856Z,24.2,82.1
20260619T183911Z,24.2,82.4
20260619T183926Z,24.2,82.2
20260619T183941Z,24.2,82.3
20260619T183956Z,24.2,82.2
20260619T184011Z,24.2,82.4
20260619T184026Z,24.2,82.3
20260619T184041Z,24.2,82.6
20260619T184056Z,24.2,82.4
20260619T184111Z,24.2,82.3
20260619T184126Z,24.2,82.6
20260619T184141Z,24.2,82.4
20260619T184156Z,24.2,82.4
20260619T184211Z,24.2,82.3
20260619T184226Z,24.2,82.2
20260619T184241Z,24.1,82.1
20260619T184256Z,24.2,82.4
20260619T184311Z,24.1,82.2
20260619T184326Z,24.1,82.3
20260619T184341Z,24.1,82.4
20260619T184356Z,24.2,82.3
20260619T184411Z,24.1,82.3
20260619T184426Z,24.2,82.2
20260619T184441Z,24.1,82.2
20260619T184456Z,24.1,82.3
20260619T184511Z,24.2,82.2
20260619T184526Z,24.2,82.1
20260619T184541Z,24.1,82.4
20260619T184556Z,24.1,82.1
20260619T184611Z,24.1,82.1
20260619T184626Z,24.1,82.3
20260619T184641Z,24.1,82.3
20260619T184656Z,24.1,82.5
20260619T184711Z,24.1,82.4
20260619T184726Z,24.1,82.6
20260619T184741Z,24.1,82.4
20260619T184756Z,24.1,82.4
20260619T184811Z,24.1,82.2
20260619T184826Z,24.1,82.4
20260619T184841Z,24.1,82.2
20260619T184856Z,24.1,82.3
20260619T184911Z,24.1,82.4
20260619T184926Z,24.1,82.5
20260619T184941Z,24.1,82.6
20260619T184956Z,24.2,82.3
20260619T185011Z,24.1,82.2
20260619T185026Z,24.1,82.3
20260619T185041Z,24.1,82.3
20260619T185056Z,24.1,82.3
20260619T185111Z,24.2,82.2
20260619T185126Z,24.1,82.7
20260619T185141Z,24.1,82.1
20260619T185156Z,24.1,82.2
20260619T185211Z,24.1,82.4
20260619T185226Z,24.1,82.3
20260619T185241Z,24.1,82.3
20260619T185256Z,24.1,82.5
20260619T185311Z,24.1,82.4
20260619T185326Z,24.1,82.3
20260619T185341Z,24.1,82.5
20260619T185356Z,24.1,82.3
20260619T185411Z,24.1,82.1
20260619T185426Z,24.1,82.4
20260619T185441Z,24.1,82.3
20260619T185456Z,24.1,82.1
20260619T185511Z,24.1,82.6
20260619T185526Z,24.1,82.4
20260619T185541Z,24.1,82.4
20260619T185556Z,24.1,82.3
20260619T185611Z,24.1,82.3
20260619T185626Z,24.1,82.4
20260619T185641Z,24.1,82.1
20260619T185656Z,24.1,82.1
20260619T185711Z,24.1,82.3
20260619T185726Z,24.1,82.3
20260619T185741Z,24.1,82.3
20260619T185756Z,24.1,82.5
20260619T185811Z,24.1,82.4
20260619T185826Z,24.1,82.3
20260619T185841Z,24.1,82.3
20260619T185856Z,24.1,82.6
20260619T185911Z,24.1,82.4
20260619T185926Z,24.1,82.3
20260619T185941Z,24.1,82.4
20260619T185956Z,24.1,82.5
20260619T190011Z,24.1,82.2
20260619T190026Z,24.1,82.5
20260619T190041Z,24.1,82.1
20260619T190056Z,24.1,82.3
20260619T190111Z,24.1,82.3
20260619T190126Z,24.1,82.3
20260619T190141Z,24.1,82.1
20260619T190156Z,24.1,82.1
20260619T190211Z,24.1,82.5
20260619T190226Z,24.1,82.2
20260619T190241Z,24.1,82.3
20260619T190256Z,24.1,82.4
20260619T190311Z,24.1,82.5
20260619T190326Z,24.1,82.3
20260619T190341Z,24.1,82.4
20260619T190356Z,24.1,82.3
20260619T190411Z,24.1,82.5
20260619T190426Z,24.1,82.3
20260619T190441Z,24.1,82.3
20260619T190456Z,24.1,82.5
20260619T190511Z,24.1,82.6
20260619T190526Z,24.1,82.4
20260619T190541Z,24.1,82.3
20260619T190556Z,24.1,82.3
20260619T190611Z,24.1,82.3
20260619T190626Z,24.1,82.4
20260619T190641Z,24.1,82.2
20260619T190656Z,24.1,82.2
20260619T190711Z,24.1,82.4
20260619T190726Z,24.1,82.6
20260619T190741Z,24.1,82.3
20260619T190756Z,24.1,82.2
20260619T190811Z,24.1,82.5
20260619T190826Z,24.1,82.4
20260619T190841Z,24.1,82.1
20260619T190856Z,24.1,82.4
20260619T190911Z,24.1,82.4
20260619T190926Z,24.1,82.3
20260619T190941Z,24.1,82.3
20260619T190956Z,24.1,82.3
20260619T191011Z,24.1,82.4
20260619T191026Z,24.1,82.4
20260619T191041Z,24.1,82.2
20260619T191056Z,24.1,82.5
20260619T191111Z,24.1,82.2
20260619T191126Z,24.1,82.4
20260619T191141Z,24.1,82.2
20260619T191156Z,24.1,82.1
20260619T191211Z,24.1,82.2
20260619T191226Z,24.1,82.5
20260619T191241Z,24.1,82.4
20260619T191256Z,24.1,82.4
20260619T191311Z,24.1,82.5
20260619T191326Z,24.1,82.5
20260619T191341Z,24.1,82.5
20260619T191356Z,24.1,82.6
20260619T191411Z,24.1,82.3
20260619T191426Z,24.1,82.4
20260619T191441Z,24.1,82.3
20260619T191456Z,24.1,82.2
20260619T191511Z,24.1,82.3
20260619T191526Z,24.1,82.4
20260619T191541Z,24.1,82.3
20260619T191556Z,24.1,82.3
20260619T191611Z,24.1,82.3
20260619T191626Z,24.1,82.1
20260619T191641Z,24.1,82.3
20260619T191656Z,24.1,82.6
20260619T191711Z,24.1,82.4
20260619T191726Z,24.1,82.2
20260619T191741Z,24.1,82.5
20260619T191756Z,24.1,82.4
20260619T191811Z,24.1,82.3
20260619T191826Z,24.1,82.4
20260619T191841Z,24.1,82.4
20260619T191856Z,24.1,82.5
20260619T191911Z,24.1,82.4
20260619T191926Z,24.1,82.3
20260619T191941Z,24.1,82.2
20260619T191956Z,24.1,82.2
20260619T192011Z,24.1,82.4
20260619T192026Z,24.1,82.5
20260619T192041Z,24.1,82.5
20260619T192056Z,24.1,82.3
20260619T192111Z,24.1,82.4
20260619T192126Z,24.1,82.4
20260619T192141Z,24.1,82.3
20260619T192156Z,24.1,82.4
20260619T192211Z,24.1,82.5
20260619T192226Z,24.1,82.2
20260619T192241Z,24.1,82.5
20260619T192256Z,24.1,82.3
20260619T192311Z,24.1,82.5
20260619T192326Z,24.1,82.4
20260619T192341Z,24.1,82.4
20260619T192356Z,24.1,82.3
20260619T192411Z,24.1,82.4
20260619T192426Z,24.1,82.6
20260619T192441Z,24.1,82.2
20260619T192456Z,24.1,82.4
20260619T192511Z,24.1,82.5
20260619T192526Z,24.1,82.4
20260619T192541Z,24.1,82.6
20260619T192556Z,24.1,82.1
20260619T192611Z,24.0,82.2
20260619T192626Z,24.0,82.3
20260619T192641Z,24.1,82.5
20260619T192656Z,24.1,82.3
20260619T192711Z,24.1,82.2
20260619T192726Z,24.1,82.2
20260619T192741Z,24.1,82.2
20260619T192756Z,24.1,82.1
20260619T192811Z,24.1,82.3
20260619T192826Z,24.1,82.4
20260619T192841Z,24.1,82.4
20260619T192856Z,24.1,82.5
20260619T192911Z,24.1,82.2
20260619T192926Z,24.1,82.2
20260619T192941Z,24.1,82.2
20260619T192956Z,24.1,82.3
20260619T193011Z,24.1,82.6
20260619T193026Z,24.1,82.3
20260619T193041Z,24.1,82.3
20260619T193056Z,24.1,82.5
20260619T193111Z,24.1,82.5
20260619T193126Z,24.1,82.3
20260619T193141Z,24.1,82.2
20260619T193156Z,24.1,82.1
20260619T193211Z,24.1,82.1
20260619T193226Z,24.1,82.2
20260619T193241Z,24.1,82.4
20260619T193256Z,24.1,82.2
20260619T193311Z,24.1,82.1
20260619T193326Z,24.1,82.2
20260619T193341Z,24.1,82.2
20260619T193356Z,24.1,82.4
20260619T193411Z,24.1,82.2
20260619T193426Z,24.1,82.4
20260619T193441Z,24.1,82.1
20260619T193456Z,24.1,82.5
20260619T193511Z,24.1,82.2
20260619T193526Z,24.1,82.0
20260619T193541Z,24.1,82.2
20260619T193556Z,24.1,81.9
20260619T193611Z,24.1,82.2
20260619T193626Z,24.1,82.2
20260619T193641Z,24.1,82.0
20260619T193656Z,24.1,82.2
20260619T193711Z,24.1,82.0
20260619T193726Z,24.1,82.0
20260619T193741Z,24.1,82.1
20260619T193756Z,24.1,82.2
20260619T193811Z,24.1,82.1
20260619T193826Z,24.1,82.1
20260619T193841Z,24.1,82.2
20260619T193856Z,24.1,82.1
20260619T193911Z,24.1,82.1
20260619T193926Z,24.1,82.1
20260619T193941Z,24.1,82.2
20260619T193956Z,24.0,82.3
20260619T194011Z,24.1,82.2
20260619T194026Z,24.1,82.4
20260619T194041Z,24.1,82.1
20260619T194056Z,24.1,82.1
20260619T194111Z,24.1,82.1
20260619T194126Z,24.0,82.0
20260619T194141Z,24.1,82.4
20260619T194156Z,24.1,82.0
20260619T194211Z,24.1,81.8
20260619T194226Z,24.1,81.8
20260619T194241Z,24.1,82.0
20260619T194256Z,24.1,82.4
20260619T194311Z,24.1,82.1
20260619T194326Z,24.1,82.3
20260619T194341Z,24.1,82.2
20260619T194356Z,24.1,81.8
20260619T194411Z,24.1,82.2
20260619T194426Z,24.1,82.4
20260619T194441Z,24.1,81.9
20260619T194456Z,24.1,82.1
20260619T194511Z,24.1,82.0
20260619T194526Z,24.1,82.1
20260619T194541Z,24.1,82.0
20260619T194556Z,24.1,82.3
20260619T194611Z,24.1,81.9
20260619T194626Z,24.1,82.1
20260619T194641Z,24.0,82.1
20260619T194656Z,24.0,82.2
20260619T194711Z,24.1,81.9
20260619T194726Z,24.1,81.9
20260619T194741Z,24.0,82.2
20260619T194756Z,24.1,82.1
20260619T194811Z,24.1,82.1
20260619T194826Z,24.1,82.2
20260619T194841Z,24.1,82.0
20260619T194856Z,24.1,81.8
20260619T194911Z,24.1,81.8
20260619T194926Z,24.1,81.9
20260619T194941Z,24.1,82.0
20260619T194956Z,24.1,82.1
20260619T195011Z,24.1,82.1
20260619T195026Z,24.1,82.2
20260619T195041Z,24.1,81.9
20260619T195056Z,24.1,82.3
20260619T195111Z,24.1,82.0
20260619T195126Z,24.1,82.0
20260619T195141Z,24.1,82.3
20260619T195156Z,24.0,82.3
20260619T195211Z,24.0,82.1
20260619T195226Z,24.0,82.3
20260619T195241Z,24.0,82.1
20260619T195256Z,24.0,82.5
20260619T195311Z,24.0,82.4
20260619T195326Z,24.0,82.2
20260619T195341Z,24.0,82.3
20260619T195356Z,24.0,82.5
20260619T195411Z,24.0,82.2
20260619T195426Z,24.0,82.4
20260619T195441Z,24.0,82.2
20260619T195456Z,24.0,82.2
20260619T195511Z,24.0,82.1
20260619T195526Z,24.0,82.6
20260619T195541Z,24.0,82.1
20260619T195556Z,24.0,82.4
20260619T195611Z,24.0,82.4
20260619T195626Z,24.0,82.2
20260619T195641Z,24.0,82.2
20260619T195656Z,24.0,82.2
20260619T195711Z,24.0,82.1
20260619T195726Z,24.0,82.1
20260619T195741Z,24.0,82.2
20260619T195756Z,24.0,82.1
20260619T195811Z,24.0,81.8
20260619T195826Z,24.0,82.2
20260619T195841Z,24.0,82.6
20260619T195856Z,24.0,82.3
20260619T195911Z,24.0,82.4
20260619T195926Z,24.0,82.0
20260619T195941Z,24.0,82.4
20260619T195956Z,24.0,82.2
20260619T200011Z,24.0,82.3
20260619T200026Z,24.0,82.3
20260619T200041Z,24.0,82.2
20260619T200056Z,24.0,82.3
20260619T200111Z,24.0,82.3
20260619T200126Z,24.0,82.4
20260619T200141Z,24.0,82.3
20260619T200156Z,24.0,82.5
20260619T200211Z,24.0,82.3
20260619T200226Z,24.0,82.0
20260619T200241Z,24.0,82.2
20260619T200256Z,24.0,82.3
20260619T200311Z,24.0,82.4
20260619T200326Z,24.0,82.2
20260619T200341Z,24.0,82.0
20260619T200356Z,24.0,82.4
20260619T200411Z,24.0,82.2
20260619T200426Z,24.0,82.3
20260619T200441Z,23.9,82.1
20260619T200456Z,23.9,82.2
20260619T200511Z,23.9,82.4
20260619T200526Z,23.9,82.3
20260619T200541Z,24.0,82.2
20260619T200556Z,23.9,82.3
20260619T200611Z,23.9,82.1
20260619T200626Z,23.9,82.2
20260619T200641Z,23.9,82.2
20260619T200656Z,24.0,82.4
20260619T200711Z,24.0,82.2
20260619T200726Z,23.9,82.3
20260619T200741Z,24.0,82.2
20260619T200756Z,24.0,82.4
20260619T200811Z,24.0,82.2
20260619T200826Z,23.9,82.4
20260619T200841Z,24.0,82.3
20260619T200856Z,24.0,82.3
20260619T200911Z,24.0,82.2
20260619T200926Z,24.0,82.2
20260619T200941Z,24.0,82.6
20260619T200956Z,24.0,82.2
20260619T201011Z,24.0,82.4
20260619T201026Z,24.0,82.3
20260619T201041Z,24.0,82.0
20260619T201056Z,24.0,82.3
20260619T201111Z,24.0,82.4
20260619T201126Z,24.0,82.4
20260619T201141Z,23.9,82.2
20260619T201156Z,24.0,82.3
20260619T201211Z,23.9,82.2
20260619T201226Z,23.9,82.1
20260619T201241Z,23.9,82.2
20260619T201256Z,23.9,82.4
20260619T201311Z,23.9,82.2
20260619T201326Z,23.9,82.2
20260619T201341Z,23.9,82.3
20260619T201356Z,23.9,82.3
20260619T201411Z,23.9,82.0
20260619T201426Z,23.9,82.4
20260619T201441Z,23.9,82.4
20260619T201456Z,23.9,82.1
20260619T201511Z,23.9,82.3
20260619T201526Z,23.9,82.2
20260619T201541Z,23.9,82.1
20260619T201556Z,23.9,82.3
20260619T201611Z,23.9,82.2
20260619T201626Z,23.9,82.6
20260619T201641Z,23.9,82.4
20260619T201656Z,23.9,82.5
20260619T201711Z,23.9,82.4
20260619T201726Z,23.9,82.1
20260619T201741Z,23.9,82.3
20260619T201756Z,23.9,82.2
20260619T201811Z,23.9,82.3
20260619T201826Z,23.9,82.6
20260619T201841Z,23.9,82.2
20260619T201856Z,23.9,82.3
20260619T201911Z,23.9,82.3
20260619T201926Z,23.9,82.2
20260619T201941Z,23.9,82.1
20260619T201956Z,23.9,82.3
20260619T202011Z,23.9,82.4
20260619T202026Z,23.9,82.2
20260619T202041Z,23.9,82.0
20260619T202056Z,23.9,82.3
20260619T202111Z,23.9,82.2
20260619T202126Z,23.9,82.3
20260619T202141Z,23.9,82.5
20260619T202156Z,23.9,82.5
20260619T202211Z,23.9,82.5
20260619T202226Z,23.9,82.2
20260619T202241Z,23.9,82.2
20260619T202256Z,23.9,82.5
20260619T202311Z,23.9,82.2
20260619T202326Z,23.9,82.4
20260619T202341Z,23.9,82.2
20260619T202356Z,23.9,82.3
20260619T202411Z,23.9,82.1
20260619T202426Z,23.9,82.2
20260619T202441Z,23.9,82.4
20260619T202456Z,23.9,82.2
20260619T202511Z,23.9,82.6
20260619T202526Z,23.9,82.3
20260619T202541Z,23.9,82.5
20260619T202556Z,23.9,82.5
20260619T202611Z,23.9,82.2
20260619T202626Z,23.9,82.5
20260619T202641Z,23.9,82.2
20260619T202656Z,23.9,82.1
20260619T202711Z,23.9,82.2
20260619T202726Z,23.9,82.5
20260619T202741Z,23.9,82.5
20260619T202756Z,23.9,82.3
20260619T202811Z,23.9,82.4
20260619T202826Z,23.9,82.2
20260619T202841Z,23.9,82.4
20260619T202856Z,23.9,82.1
20260619T202911Z,23.9,81.9
20260619T202926Z,23.9,82.5
20260619T202941Z,23.9,82.2
20260619T202956Z,23.9,82.5
20260619T203011Z,23.9,82.3
20260619T203026Z,23.9,82.3
20260619T203041Z,23.9,82.4
20260619T203056Z,23.9,82.3
20260619T203111Z,23.9,82.4
20260619T203126Z,23.9,82.4
20260619T203141Z,23.9,82.5
20260619T203156Z,23.9,82.2
20260619T203211Z,23.9,82.2
20260619T203226Z,23.9,82.3
20260619T203241Z,23.9,82.1
20260619T203256Z,23.9,82.1
20260619T203311Z,23.9,82.3
20260619T203326Z,23.9,82.0
20260619T203341Z,23.8,82.6
20260619T203356Z,23.9,82.3
20260619T203411Z,23.9,82.4
20260619T203426Z,23.8,82.3
20260619T203441Z,23.9,82.3
20260619T203456Z,23.8,82.3
20260619T203511Z,23.9,82.4
20260619T203526Z,23.9,82.4
20260619T203541Z,23.9,82.3
20260619T203556Z,23.9,82.4
20260619T203611Z,23.9,82.1
20260619T203626Z,23.9,82.2
20260619T203641Z,23.9,82.1
20260619T203656Z,23.9,82.2
20260619T203711Z,23.9,82.3
20260619T203726Z,23.9,82.3
20260619T203741Z,23.9,82.2
20260619T203756Z,23.9,82.1
20260619T203811Z,23.9,82.2
20260619T203826Z,23.9,82.2
20260619T203841Z,23.9,82.4
20260619T203856Z,23.9,82.3
20260619T203911Z,23.9,82.6
20260619T203926Z,23.9,82.2
20260619T203941Z,23.9,82.3
20260619T203956Z,23.9,82.2
20260619T204011Z,23.9,82.1
20260619T204026Z,23.9,82.3
20260619T204041Z,23.9,82.3
20260619T204056Z,23.9,82.3
20260619T204111Z,23.9,82.5
20260619T204126Z,23.9,82.2
20260619T204141Z,23.9,82.2
20260619T204156Z,23.9,82.1
20260619T204211Z,23.9,82.0
20260619T204226Z,23.9,82.3
20260619T204241Z,23.9,82.4
20260619T204256Z,23.9,82.3
20260619T204311Z,23.8,82.1
20260619T204326Z,23.9,82.3
20260619T204341Z,23.9,82.4
20260619T204356Z,23.9,82.4
20260619T204411Z,23.9,82.2
20260619T204426Z,23.9,82.3
20260619T204441Z,23.9,82.1
20260619T204456Z,23.9,82.3
20260619T204511Z,23.9,82.1
20260619T204526Z,23.9,82.0
20260619T204541Z,23.9,82.1
20260619T204556Z,23.9,82.2
20260619T204611Z,23.9,82.0
20260619T204626Z,23.9,82.2
20260619T204641Z,23.9,82.2
20260619T204656Z,23.9,82.2
20260619T204711Z,23.9,82.0
20260619T204726Z,23.9,82.2
20260619T204741Z,23.9,82.0
20260619T204756Z,23.9,82.0
20260619T204811Z,23.9,82.0
20260619T204826Z,23.9,82.2
20260619T204841Z,23.9,82.1
20260619T204856Z,23.9,82.1
20260619T204911Z,23.9,82.4
20260619T204926Z,23.9,82.4
20260619T204941Z,23.9,82.1
20260619T204956Z,23.9,82.1
20260619T205011Z,23.9,82.4
20260619T205026Z,23.9,82.2
20260619T205041Z,23.9,82.1
20260619T205056Z,23.9,82.0
20260619T205111Z,23.9,82.1
20260619T205126Z,23.9,82.0
20260619T205141Z,23.9,82.2
20260619T205156Z,23.9,82.4
20260619T205211Z,23.9,82.0
20260619T205226Z,23.9,82.1
20260619T205241Z,23.9,82.1
20260619T205256Z,23.9,82.2
20260619T205311Z,23.9,82.3
20260619T205326Z,23.9,82.4
20260619T205341Z,23.9,82.3
20260619T205356Z,23.9,82.4
20260619T205411Z,23.9,82.2
20260619T205426Z,23.9,82.1
20260619T205441Z,23.9,82.2
20260619T205456Z,23.9,82.0
20260619T205511Z,23.9,82.2
20260619T205526Z,23.9,82.1
20260619T205541Z,23.9,82.1
20260619T205556Z,23.9,82.2
20260619T205611Z,23.9,82.2
20260619T205626Z,23.9,82.3
20260619T205641Z,23.9,82.2
20260619T205656Z,23.9,82.4
20260619T205711Z,23.9,82.0
20260619T205726Z,23.9,82.3
20260619T205741Z,23.9,82.1
20260619T205756Z,23.9,82.4
20260619T205811Z,23.9,82.4
20260619T205826Z,23.9,82.1
20260619T205841Z,23.9,82.2
20260619T205856Z,23.9,82.1
20260619T205911Z,23.9,82.4
20260619T205926Z,23.9,82.2
20260619T205941Z,23.9,82.1
20260619T205956Z,23.9,82.4
20260619T210011Z,23.9,82.4
20260619T210026Z,23.8,82.0
20260619T210041Z,23.8,82.2
20260619T210056Z,23.9,82.1
20260619T210111Z,23.9,82.4
20260619T210126Z,23.9,82.4
20260619T210141Z,23.9,82.4
20260619T210156Z,23.9,82.6
20260619T210211Z,23.9,82.1
20260619T210226Z,23.9,82.1
20260619T210241Z,23.9,82.3
20260619T210256Z,23.9,82.3
20260619T210311Z,23.9,82.3
20260619T210326Z,23.9,82.3
20260619T210341Z,23.9,82.0
20260619T210356Z,23.9,82.1
20260619T210411Z,23.9,82.2
20260619T210426Z,23.9,82.1
20260619T210441Z,23.9,82.2
20260619T210456Z,23.9,82.2
20260619T210511Z,23.9,82.4
20260619T210526Z,23.9,82.2
20260619T210542Z,23.9,82.2
20260619T210557Z,23.9,82.1
20260619T210612Z,23.9,82.1
20260619T210627Z,23.9,82.3
20260619T210642Z,23.9,82.5
20260619T210657Z,23.9,82.1
20260619T210712Z,23.9,82.3
20260619T210727Z,23.9,82.1
20260619T210742Z,23.9,82.2
20260619T210757Z,23.9,82.2
20260619T210812Z,23.9,82.3
20260619T210827Z,23.9,82.2
20260619T210842Z,23.9,82.3
20260619T210857Z,23.9,82.3
20260619T210912Z,23.8,82.4
20260619T210927Z,23.9,82.3
20260619T210942Z,23.9,82.3
20260619T210957Z,23.9,82.3
20260619T211012Z,23.9,82.2
20260619T211027Z,23.9,82.4
20260619T211042Z,23.9,82.2
20260619T211057Z,23.8,82.5
20260619T211112Z,23.9,82.1
20260619T211127Z,23.9,82.4
20260619T211142Z,23.9,82.2
20260619T211157Z,23.8,82.4
20260619T211212Z,23.8,82.4
20260619T211227Z,23.8,82.1
20260619T211242Z,23.8,82.2
20260619T211257Z,23.8,81.9
20260619T211312Z,23.8,82.2
20260619T211327Z,23.8,82.1
20260619T211342Z,23.8,82.2
20260619T211357Z,23.8,82.2
20260619T211412Z,23.8,82.2
20260619T211427Z,23.8,82.5
20260619T211442Z,23.8,82.3
20260619T211457Z,23.8,82.3
20260619T211512Z,23.8,82.3
20260619T211527Z,23.8,82.3
20260619T211542Z,23.8,82.3
20260619T211557Z,23.8,82.2
20260619T211612Z,23.8,82.3
20260619T211627Z,23.8,82.2
20260619T211642Z,23.8,82.2
20260619T211657Z,23.8,82.1
20260619T211712Z,23.8,82.3
20260619T211727Z,23.8,82.1
20260619T211742Z,23.8,82.1
20260619T211757Z,23.8,82.3
20260619T211812Z,23.8,82.3
20260619T211827Z,23.8,82.4
20260619T211842Z,23.8,82.4
20260619T211857Z,23.8,82.0
20260619T211912Z,23.8,82.3
20260619T211927Z,23.8,82.4
20260619T211942Z,23.8,82.3
20260619T211957Z,23.8,82.2
20260619T212012Z,23.8,82.1
20260619T212027Z,23.8,82.4
20260619T212042Z,23.8,82.3
20260619T212057Z,23.8,82.2
20260619T212112Z,23.8,82.2
20260619T212127Z,23.8,82.1
20260619T212142Z,23.8,82.3
20260619T212157Z,23.8,82.4
20260619T212212Z,23.8,82.4
20260619T212227Z,23.8,82.2
20260619T212242Z,23.8,82.1
20260619T212257Z,23.8,82.1
20260619T212312Z,23.8,82.4
20260619T212327Z,23.8,82.3
20260619T212342Z,23.8,82.2
20260619T212357Z,23.8,82.3
20260619T212412Z,23.8,82.0
20260619T212427Z,23.8,82.2
20260619T212442Z,23.8,82.2
20260619T212457Z,23.8,82.1
20260619T212512Z,23.8,82.4
20260619T212527Z,23.8,82.1
20260619T212542Z,23.8,82.2
20260619T212557Z,23.8,82.2
20260619T212612Z,23.8,82.3
20260619T212627Z,23.8,82.5
20260619T212642Z,23.8,82.1
20260619T212657Z,23.8,82.2
20260619T212712Z,23.8,82.2
20260619T212727Z,23.8,82.2
20260619T212742Z,23.8,82.2
20260619T212757Z,23.8,82.6
20260619T212812Z,23.8,82.2
20260619T212827Z,23.8,82.0
20260619T212842Z,23.8,82.1
20260619T212857Z,23.8,82.2
20260619T212912Z,23.8,82.3
20260619T212927Z,23.8,82.3
20260619T212942Z,23.8,82.3
20260619T212957Z,23.8,82.4
20260619T213012Z,23.8,82.6
20260619T213027Z,23.8,82.4
20260619T213042Z,23.8,82.5
20260619T213057Z,23.8,82.2
20260619T213112Z,23.8,82.2
20260619T213127Z,23.8,82.3
20260619T213142Z,23.8,82.3
20260619T213157Z,23.8,82.5
20260619T213212Z,23.8,82.3
20260619T213227Z,23.8,82.5
20260619T213242Z,23.8,82.5
20260619T213257Z,23.8,82.3
20260619T213312Z,23.8,82.2
20260619T213327Z,23.8,82.4
20260619T213342Z,23.8,82.4
20260619T213357Z,23.8,82.2
20260619T213412Z,23.8,82.6
20260619T213427Z,23.8,82.6
20260619T213442Z,23.8,82.3
20260619T213457Z,23.8,82.3
20260619T213512Z,23.8,82.3
20260619T213527Z,23.8,82.2
20260619T213542Z,23.8,82.4
20260619T213557Z,23.8,82.4
20260619T213612Z,23.8,82.5
20260619T213627Z,23.8,82.3
20260619T213642Z,23.8,82.2
20260619T213657Z,23.8,82.5
20260619T213712Z,23.8,82.0
20260619T213727Z,23.8,82.1
20260619T213742Z,23.8,82.5
20260619T213757Z,23.8,82.5
20260619T213812Z,23.8,82.2
20260619T213827Z,23.8,82.4
20260619T213842Z,23.8,82.4
20260619T213857Z,23.8,82.3
20260619T213912Z,23.8,82.4
20260619T213927Z,23.8,82.2
20260619T213942Z,23.8,82.2
20260619T213957Z,23.8,82.3
20260619T214012Z,23.8,82.6
20260619T214027Z,23.8,82.3
20260619T214042Z,23.8,82.4
20260619T214057Z,23.8,82.1
20260619T214112Z,23.8,82.3
20260619T214127Z,23.8,82.6
20260619T214142Z,23.8,82.2
20260619T214157Z,23.8,82.5
20260619T214212Z,23.8,82.5
20260619T214227Z,23.8,82.2
20260619T214242Z,23.8,82.1
20260619T214257Z,23.8,82.3
20260619T214312Z,23.8,82.3
20260619T214327Z,23.8,82.3
20260619T214342Z,23.8,82.3
20260619T214357Z,23.8,82.3
20260619T214412Z,23.8,82.4
20260619T214427Z,23.8,82.4
20260619T214442Z,23.8,82.5
20260619T214457Z,23.8,82.2
20260619T214512Z,23.8,82.2
20260619T214527Z,23.8,82.4
20260619T214542Z,23.8,82.3
20260619T214557Z,23.8,82.3
20260619T214612Z,23.8,82.3
20260619T214627Z,23.8,82.6
20260619T214642Z,23.8,82.5
20260619T214657Z,23.8,82.3
20260619T214712Z,23.8,82.4
20260619T214727Z,23.8,82.4
20260619T214742Z,23.8,82.3
20260619T214757Z,23.8,82.7
20260619T214812Z,23.8,82.5
20260619T214827Z,23.8,82.3
20260619T214842Z,23.8,82.2
20260619T214857Z,23.8,82.5
20260619T214912Z,23.8,82.5
20260619T214927Z,23.8,82.4
20260619T214942Z,23.8,82.2
20260619T214957Z,23.8,82.3
20260619T215012Z,23.8,82.2
20260619T215027Z,23.8,82.2
20260619T215042Z,23.8,82.2
20260619T215057Z,23.8,82.3
20260619T215112Z,23.8,82.6
20260619T215127Z,23.8,82.3
20260619T215142Z,23.8,82.5
20260619T215157Z,23.8,82.5
20260619T215212Z,23.8,82.4
20260619T215227Z,23.8,82.4
20260619T215242Z,23.8,82.5
20260619T215257Z,23.8,82.4
20260619T215312Z,23.8,82.6
20260619T215327Z,23.8,82.4
20260619T215342Z,23.8,82.3
20260619T215357Z,23.8,82.1
20260619T215412Z,23.8,82.3
20260619T215427Z,23.8,82.4
20260619T215442Z,23.8,82.5
20260619T215457Z,23.8,82.4
20260619T215512Z,23.8,82.2
20260619T215527Z,23.8,82.2
20260619T215542Z,23.8,82.5
20260619T215557Z,23.8,82.5
20260619T215612Z,23.8,82.6
20260619T215627Z,23.8,82.3
20260619T215642Z,23.8,82.3
20260619T215657Z,23.8,82.3
20260619T215712Z,23.8,82.4
20260619T215727Z,23.8,82.4
20260619T215742Z,23.8,82.2
20260619T215757Z,23.8,82.4
20260619T215812Z,23.8,82.2
20260619T215827Z,23.8,82.1
20260619T215842Z,23.8,82.4
20260619T215857Z,23.8,82.1
20260619T215912Z,23.8,82.3
20260619T215927Z,23.8,82.4
20260619T215942Z,23.8,82.3
20260619T215957Z,23.8,82.4
20260619T220012Z,23.8,82.2
20260619T220027Z,23.8,82.5
20260619T220042Z,23.8,82.1
20260619T220057Z,23.8,82.0
20260619T220112Z,23.8,82.3
20260619T220127Z,23.8,82.1
20260619T220142Z,23.8,82.1
20260619T220157Z,23.8,82.0
20260619T220212Z,23.8,82.3
20260619T220227Z,23.8,82.0
20260619T220242Z,23.8,82.1
20260619T220257Z,23.8,82.3
20260619T220312Z,23.8,82.3
20260619T220327Z,23.8,82.0
20260619T220342Z,23.8,82.2
20260619T220357Z,23.8,82.1
20260619T220412Z,23.8,82.1
20260619T220427Z,23.8,82.3
20260619T220442Z,23.8,82.0
20260619T220457Z,23.8,82.2
20260619T220512Z,23.8,82.2
20260619T220527Z,23.8,82.3
20260619T220542Z,23.8,82.1
20260619T220557Z,23.8,82.1
20260619T220612Z,23.8,82.3
20260619T220627Z,23.8,82.4
20260619T220642Z,23.8,82.1
20260619T220657Z,23.8,82.1
20260619T220712Z,23.8,82.5
20260619T220727Z,23.8,82.1
20260619T220742Z,23.8,82.3
20260619T220757Z,23.8,82.1
20260619T220812Z,23.8,82.5
20260619T220827Z,23.8,82.4
20260619T220842Z,23.8,82.1
20260619T220857Z,23.8,82.4
20260619T220912Z,23.8,82.1
20260619T220927Z,23.8,82.4
20260619T220942Z,23.8,82.2
20260619T220957Z,23.8,82.2
20260619T221012Z,23.8,82.3
20260619T221027Z,23.8,82.5
20260619T221042Z,23.8,82.0
20260619T221057Z,23.8,82.2
20260619T221112Z,23.8,81.9
20260619T221127Z,23.8,82.2
20260619T221142Z,23.8,82.2
20260619T221157Z,23.8,82.2
20260619T221212Z,23.8,82.2
20260619T221227Z,23.8,82.1
20260619T221242Z,23.8,82.3
20260619T221257Z,23.8,82.0
20260619T221312Z,23.8,82.1
20260619T221327Z,23.8,82.2
20260619T221342Z,23.8,82.3
20260619T221357Z,23.8,82.3
20260619T221412Z,23.8,82.0
20260619T221427Z,23.8,82.1
20260619T221442Z,23.8,82.1
20260619T221457Z,23.8,82.2
20260619T221512Z,23.8,82.1
20260619T221527Z,23.8,82.2
20260619T221542Z,23.8,82.1
20260619T221557Z,23.8,82.4
20260619T221612Z,23.8,82.0
20260619T221627Z,23.8,82.3
20260619T221642Z,23.8,82.1
20260619T221657Z,23.8,82.0
20260619T221712Z,23.8,82.2
20260619T221727Z,23.8,82.0
20260619T221742Z,23.8,82.2
20260619T221757Z,23.8,82.2
20260619T221812Z,23.8,82.0
20260619T221827Z,23.8,82.2
20260619T221842Z,23.8,82.2
20260619T221857Z,23.8,82.0
20260619T221912Z,23.8,82.1
20260619T221927Z,23.8,82.3
20260619T221942Z,23.8,82.2
20260619T221957Z,23.8,82.3
20260619T222012Z,23.8,82.1
20260619T222027Z,23.8,82.1
20260619T222042Z,23.8,82.3
20260619T222057Z,23.8,82.0
20260619T222112Z,23.8,82.3
20260619T222127Z,23.8,82.2
20260619T222142Z,23.8,82.0
20260619T222157Z,23.8,82.4
20260619T222212Z,23.8,82.2
20260619T222227Z,23.8,82.2
20260619T222242Z,23.8,82.1
20260619T222257Z,23.8,82.3
20260619T222312Z,23.8,82.1
20260619T222327Z,23.8,82.1
20260619T222342Z,23.8,82.0
20260619T222357Z,23.8,82.3
20260619T222412Z,23.8,82.0
20260619T222427Z,23.8,82.3
20260619T222442Z,23.8,82.3
20260619T222457Z,23.8,82.2
20260619T222512Z,23.8,82.5
20260619T222527Z,23.8,82.3
20260619T222542Z,23.8,82.3
20260619T222557Z,23.8,82.1
20260619T222612Z,23.8,82.2
20260619T222627Z,23.8,82.2
20260619T222642Z,23.8,82.1
20260619T222657Z,23.8,82.3
20260619T222712Z,23.8,82.5
20260619T222727Z,23.8,82.0
20260619T222742Z,23.8,82.0
20260619T222757Z,23.8,82.0
20260619T222812Z,23.8,82.0
20260619T222827Z,23.8,82.2
20260619T222842Z,23.8,82.3
20260619T222857Z,23.8,82.3
20260619T222912Z,23.8,82.2
20260619T222927Z,23.8,82.1
20260619T222942Z,23.8,82.5
20260619T222957Z,23.8,82.3
20260619T223012Z,23.8,82.3
20260619T223027Z,23.8,82.5
20260619T223042Z,23.8,82.2
20260619T223057Z,23.8,82.2
20260619T223112Z,23.8,82.1
20260619T223127Z,23.8,82.3
20260619T223142Z,23.8,82.1
20260619T223157Z,23.8,82.6
20260619T223212Z,23.8,82.0
20260619T223227Z,23.8,82.4
20260619T223242Z,23.8,82.4
20260619T223257Z,23.8,82.4
20260619T223312Z,23.8,82.1
20260619T223327Z,23.8,82.3
20260619T223342Z,23.8,82.2
20260619T223357Z,23.8,82.0
20260619T223412Z,23.8,82.6
20260619T223427Z,23.8,82.1
20260619T223442Z,23.8,82.2
20260619T223457Z,23.8,82.4
20260619T223512Z,23.8,82.1
20260619T223527Z,23.8,82.4
20260619T223542Z,23.8,82.0
20260619T223557Z,23.8,82.1
20260619T223612Z,23.8,82.3
20260619T223627Z,23.8,82.3
20260619T223642Z,23.8,81.9
20260619T223657Z,23.8,82.4
20260619T223712Z,23.8,82.4
20260619T223727Z,23.8,82.3
20260619T223742Z,23.8,82.6
20260619T223757Z,23.8,82.1
20260619T223812Z,23.8,82.2
20260619T223827Z,23.8,82.6
20260619T223842Z,23.8,82.2
20260619T223857Z,23.8,82.4
20260619T223912Z,23.8,82.2
20260619T223927Z,23.8,82.4
20260619T223942Z,23.8,82.4
20260619T223957Z,23.8,82.3
20260619T224012Z,23.7,82.3
20260619T224027Z,23.7,82.2
20260619T224042Z,23.8,82.5
20260619T224057Z,23.8,82.2
20260619T224112Z,23.8,82.3
20260619T224127Z,23.7,82.3
20260619T224142Z,23.8,82.4
20260619T224157Z,23.7,82.4
20260619T224212Z,23.7,82.4
20260619T224227Z,23.7,82.3
20260619T224242Z,23.7,82.2
20260619T224257Z,23.7,82.6
20260619T224312Z,23.8,82.6
20260619T224327Z,23.7,82.5
20260619T224342Z,23.8,82.4
20260619T224357Z,23.7,82.5
20260619T224412Z,23.8,82.5
20260619T224427Z,23.8,82.3
20260619T224442Z,23.7,82.3
20260619T224457Z,23.7,82.5
20260619T224512Z,23.7,82.4
20260619T224527Z,23.8,82.5
20260619T224542Z,23.8,82.4
20260619T224557Z,23.8,82.5
20260619T224612Z,23.8,82.5
20260619T224627Z,23.8,82.4
20260619T224642Z,23.7,82.4
20260619T224657Z,23.7,82.5
20260619T224712Z,23.7,82.4
20260619T224727Z,23.7,82.4
20260619T224742Z,23.8,82.2
20260619T224757Z,23.7,82.4
20260619T224812Z,23.7,82.3
20260619T224827Z,23.7,82.3
20260619T224842Z,23.7,82.3
20260619T224857Z,23.7,82.7
20260619T224912Z,23.7,82.2
20260619T224927Z,23.7,82.3
20260619T224942Z,23.7,82.3
20260619T224957Z,23.7,82.3
20260619T225012Z,23.7,82.3
20260619T225027Z,23.7,82.5
20260619T225042Z,23.7,82.3
20260619T225057Z,23.7,82.5
20260619T225112Z,23.7,82.4
20260619T225127Z,23.7,82.4
20260619T225142Z,23.7,82.6
20260619T225157Z,23.7,82.4
20260619T225212Z,23.7,82.4
20260619T225227Z,23.7,82.4
20260619T225242Z,23.7,82.6
20260619T225257Z,23.7,82.9
20260619T225312Z,23.7,82.7
20260619T225327Z,23.8,82.5
20260619T225342Z,23.7,82.6
20260619T225357Z,23.8,82.4
20260619T225412Z,23.8,82.8
20260619T225427Z,23.8,82.6
20260619T225442Z,23.8,82.6
20260619T225457Z,23.8,82.5
20260619T225512Z,23.8,82.4
20260619T225527Z,23.8,82.5
20260619T225542Z,23.8,82.4
20260619T225557Z,23.8,82.6
20260619T225612Z,23.8,82.5
20260619T225627Z,23.8,82.1
20260619T225642Z,23.8,82.2
20260619T225657Z,23.8,82.4
20260619T225712Z,23.8,82.3
20260619T225727Z,23.8,82.2
20260619T225742Z,23.8,82.4
20260619T225757Z,23.8,82.4
20260619T225812Z,23.8,82.5
20260619T225827Z,23.8,82.5
20260619T225842Z,23.8,82.1
20260619T225857Z,23.8,82.4
20260619T225912Z,23.8,82.3
20260619T225927Z,23.8,82.4
20260619T225942Z,23.8,82.5
20260619T225957Z,23.8,82.2
20260619T230012Z,23.8,82.4
20260619T230027Z,23.8,82.4
20260619T230042Z,23.8,82.6
20260619T230057Z,23.8,82.3
20260619T230112Z,23.8,82.6
20260619T230127Z,23.8,82.6
20260619T230142Z,23.8,82.6
20260619T230157Z,23.8,82.2
20260619T230212Z,23.8,82.4
20260619T230227Z,23.8,82.5
20260619T230242Z,23.8,82.3
20260619T230257Z,23.8,82.3
20260619T230312Z,23.8,82.1
20260619T230327Z,23.8,82.6
20260619T230342Z,23.8,82.4
20260619T230357Z,23.8,82.2
20260619T230412Z,23.8,82.2
20260619T230427Z,23.8,82.4
20260619T230442Z,23.8,82.3
20260619T230457Z,23.8,82.3
20260619T230512Z,23.8,82.5
20260619T230527Z,23.8,82.6
20260619T230542Z,23.8,82.3
20260619T230557Z,23.8,82.3
20260619T230612Z,23.8,82.4
20260619T230627Z,23.8,82.4
20260619T230642Z,23.8,82.6
20260619T230657Z,23.8,82.4
20260619T230712Z,23.8,82.4
20260619T230727Z,23.8,82.2
20260619T230742Z,23.8,82.3
20260619T230757Z,23.8,82.5
20260619T230812Z,23.8,82.4
20260619T230827Z,23.8,82.4
20260619T230842Z,23.8,82.4
20260619T230857Z,23.8,82.5
20260619T230912Z,23.8,82.4
20260619T230927Z,23.8,82.3
20260619T230942Z,23.8,82.4
20260619T230957Z,23.8,82.4
20260619T231012Z,23.8,82.4
20260619T231027Z,23.8,82.5
20260619T231042Z,23.8,82.3
20260619T231057Z,23.8,82.4
20260619T231112Z,23.8,82.2
20260619T231127Z,23.8,82.4
20260619T231142Z,23.8,82.4
20260619T231157Z,23.8,82.4
20260619T231212Z,23.7,82.3
20260619T231227Z,23.7,82.4
20260619T231242Z,23.7,82.3
20260619T231257Z,23.8,82.5
20260619T231312Z,23.7,82.3
20260619T231327Z,23.8,82.4
20260619T231342Z,23.8,82.4
20260619T231357Z,23.8,82.3
20260619T231412Z,23.7,82.3
20260619T231427Z,23.8,82.4
20260619T231442Z,23.8,82.3
20260619T231457Z,23.8,82.3
20260619T231512Z,23.8,82.6
20260619T231527Z,23.8,82.1
20260619T231542Z,23.8,82.4
20260619T231557Z,23.8,82.5
20260619T231612Z,23.8,82.2
20260619T231627Z,23.8,82.5
20260619T231642Z,23.8,82.1
20260619T231657Z,23.8,82.4
20260619T231712Z,23.7,82.4
20260619T231727Z,23.8,82.5
20260619T231742Z,23.8,82.3
20260619T231757Z,23.8,82.4
20260619T231812Z,23.8,82.1
20260619T231827Z,23.8,82.2
20260619T231842Z,23.8,82.5
20260619T231857Z,23.8,82.3
20260619T231912Z,23.8,82.2
20260619T231927Z,23.8,82.7
20260619T231942Z,23.8,82.3
20260619T231957Z,23.8,82.3
20260619T232012Z,23.8,82.3
20260619T232027Z,23.8,82.4
20260619T232042Z,23.8,82.3
20260619T232057Z,23.8,82.2
20260619T232112Z,23.8,82.3
20260619T232127Z,23.8,82.3
20260619T232142Z,23.8,82.4
20260619T232157Z,23.8,82.3
20260619T232212Z,23.8,82.3
20260619T232227Z,23.8,82.2
20260619T232242Z,23.8,82.4
20260619T232257Z,23.8,82.4
20260619T232312Z,23.8,82.3
20260619T232327Z,23.8,82.4
20260619T232342Z,23.8,82.2
20260619T232357Z,23.8,82.5
20260619T232412Z,23.8,82.0
20260619T232427Z,23.8,82.4
20260619T232442Z,23.8,82.4
20260619T232457Z,23.8,82.5
20260619T232512Z,23.8,82.5
20260619T232527Z,23.8,82.4
20260619T232542Z,23.8,82.7
20260619T232557Z,23.8,82.6
20260619T232612Z,23.8,82.3
20260619T232627Z,23.8,82.2
20260619T232642Z,23.8,82.3
20260619T232657Z,23.8,82.3
20260619T232712Z,23.8,82.6
20260619T232727Z,23.8,82.5
20260619T232742Z,23.8,82.6
20260619T232757Z,23.8,82.3
20260619T232812Z,23.8,82.6
20260619T232827Z,23.8,82.4
20260619T232842Z,23.8,82.4
20260619T232857Z,23.8,82.4
20260619T232912Z,23.8,82.4
20260619T232927Z,23.8,82.3
20260619T232942Z,23.8,82.6
20260619T232957Z,23.8,82.5
20260619T233012Z,23.8,82.6
20260619T233027Z,23.8,82.5
20260619T233042Z,23.8,82.4
20260619T233057Z,23.8,82.3
20260619T233112Z,23.8,82.6
20260619T233127Z,23.8,82.5
20260619T233142Z,23.8,82.5
20260619T233157Z,23.8,82.2
20260619T233212Z,23.8,82.8
20260619T233227Z,23.8,82.5
20260619T233242Z,23.8,82.6
20260619T233257Z,23.8,82.6
20260619T233312Z,23.8,82.6
20260619T233327Z,23.8,82.4
20260619T233342Z,23.8,82.6
20260619T233357Z,23.8,82.2
20260619T233412Z,23.8,82.3
20260619T233427Z,23.8,82.6
20260619T233442Z,23.8,82.4
20260619T233457Z,23.7,82.3
20260619T233512Z,23.8,82.9
20260619T233527Z,23.8,82.6
20260619T233542Z,23.8,82.5
20260619T233557Z,23.8,82.4
20260619T233612Z,23.8,82.4
20260619T233627Z,23.8,82.4
20260619T233642Z,23.8,82.4
20260619T233657Z,23.8,82.5
20260619T233712Z,23.8,82.6
20260619T233727Z,23.8,82.6
20260619T233742Z,23.8,82.3
20260619T233757Z,23.8,82.2
20260619T233812Z,23.8,82.7
20260619T233827Z,23.8,82.6
20260619T233842Z,23.8,82.6
20260619T233857Z,23.8,82.3
20260619T233912Z,23.8,82.6
20260619T233927Z,23.8,82.5
20260619T233942Z,23.7,82.5
20260619T233957Z,23.8,82.7
20260619T234012Z,23.8,82.5
20260619T234027Z,23.8,82.4
20260619T234042Z,23.8,82.6
20260619T234057Z,23.8,82.5
20260619T234112Z,23.7,82.4
20260619T234127Z,23.7,82.3
20260619T234142Z,23.8,82.6
20260619T234157Z,23.7,82.4
20260619T234212Z,23.8,82.5
20260619T234227Z,23.8,82.5
20260619T234242Z,23.8,82.5
20260619T234257Z,23.7,82.7
20260619T234312Z,23.8,82.5
20260619T234327Z,23.8,82.4
20260619T234342Z,23.8,82.4
20260619T234357Z,23.8,82.6
20260619T234412Z,23.8,82.5
20260619T234427Z,23.8,82.6
20260619T234442Z,23.8,82.2
20260619T234457Z,23.8,82.5
20260619T234512Z,23.8,82.4
20260619T234527Z,23.8,82.5
20260619T234542Z,23.8,82.6
20260619T234557Z,23.8,82.5
20260619T234612Z,23.8,82.3
20260619T234627Z,23.8,82.4
20260619T234642Z,23.8,82.5
20260619T234657Z,23.8,82.5
20260619T234712Z,23.7,82.5
20260619T234727Z,23.7,82.5
20260619T234742Z,23.7,82.4
20260619T234757Z,23.8,82.5
20260619T234812Z,23.8,82.4
20260619T234827Z,23.8,82.7
20260619T234842Z,23.8,82.4
20260619T234857Z,23.8,82.8
20260619T234912Z,23.8,82.2
20260619T234927Z,23.8,82.4
20260619T234942Z,23.8,82.6
20260619T234957Z,23.8,82.6
20260619T235012Z,23.8,82.5
20260619T235027Z,23.8,82.3
20260619T235042Z,23.8,82.5
20260619T235057Z,23.8,82.5
20260619T235112Z,23.8,82.2
20260619T235127Z,23.8,82.6
20260619T235142Z,23.8,82.8
20260619T235157Z,23.8,82.4
20260619T235212Z,23.8,82.4
20260619T235227Z,23.8,82.5
20260619T235242Z,23.8,82.5
20260619T235257Z,23.8,82.4
20260619T235312Z,23.8,82.8
20260619T235327Z,23.8,82.5
20260619T235342Z,23.8,82.4
20260619T235357Z,23.8,82.7
20260619T235412Z,23.8,83.0
20260619T235427Z,23.8,82.5
20260619T235442Z,23.8,82.6
20260619T235457Z,23.8,82.5
20260619T235512Z,23.8,82.6
20260619T235527Z,23.8,82.6
20260619T235542Z,23.8,82.7
20260619T235557Z,23.8,82.6
20260619T235612Z,23.8,82.6
20260619T235627Z,23.8,82.6
20260619T235642Z,23.8,82.9
20260619T235657Z,23.8,82.7
20260619T235712Z,23.8,82.4
20260619T235727Z,23.8,82.6
20260619T235742Z,23.8,82.5
20260619T235757Z,23.8,82.6
20260619T235812Z,23.8,82.6
20260619T235827Z,23.8,82.7
20260619T235842Z,23.8,82.5
20260619T235857Z,23.8,82.9
20260619T235912Z,23.8,82.4
20260619T235927Z,23.8,82.7
20260619T235942Z,23.8,82.8
20260619T235957Z,23.8,82.6