Time,Temperature,Humidity
20260701T030646Z,24.0,99.9
20260701T030700Z,24.2,99.9
20260701T030715Z,24.4,99.8
20260701T030729Z,24.5,99.9
20260701T030744Z,24.6,98.6
20260701T030759Z,24.7,98.0
20260701T030814Z,24.8,98.1
20260701T030829Z,24.8,99.6
20260701T030844Z,24.9,99.4
20260701T030859Z,25.0,97.9
20260701T030914Z,25.0,98.8
20260701T030929Z,25.1,98.4
20260701T030944Z,25.1,98.5
20260701T030959Z,25.1,99.3
20260701T031014Z,25.2,98.5
20260701T031029Z,25.2,99.5
20260701T031044Z,25.3,99.7
20260701T031059Z,25.3,98.7
20260701T031114Z,25.4,98.6
20260701T031129Z,25.4,99.7
20260701T031144Z,25.5,99.6
20260701T031159Z,25.5,99.9
20260701T031214Z,25.6,99.9
20260701T031229Z,25.7,99.9
20260701T031244Z,25.7,99.9
20260701T031259Z,25.8,97.6
20260701T031314Z,25.8,94.6
20260701T031329Z,25.8,94.2
20260701T031344Z,25.8,93.8
20260701T031359Z,25.8,93.7
20260701T031414Z,25.8,93.3
20260701T031429Z,25.8,93.5
20260701T031444Z,25.8,93.0
20260701T031459Z,25.8,93.2
20260701T031514Z,25.8,93.6
20260701T031529Z,25.8,94.1
20260701T031544Z,25.8,93.5
20260701T031559Z,25.8,93.3
20260701T031614Z,25.8,94.1
20260701T031629Z,25.8,93.4
20260701T031644Z,25.8,93.2
20260701T031659Z,25.8,92.9
20260701T031714Z,25.8,93.2
20260701T031729Z,25.8,93.7
20260701T031744Z,25.8,92.9
20260701T031759Z,25.8,93.4
20260701T031814Z,25.8,94.4
20260701T031829Z,25.8,94.5
20260701T031844Z,25.8,93.8
20260701T031859Z,25.8,93.5
20260701T031914Z,25.8,93.6
20260701T031929Z,25.9,93.3
20260701T031944Z,25.9,94.6
20260701T031959Z,25.9,93.5
20260701T032014Z,25.9,93.8
20260701T032029Z,25.9,94.0
20260701T032044Z,25.9,94.9
20260701T032059Z,25.9,95.4
20260701T032114Z,25.9,94.7
20260701T032129Z,25.9,94.5
20260701T032144Z,25.9,95.9
20260701T032159Z,25.9,96.1
20260701T032214Z,26.0,95.5
20260701T032229Z,26.0,95.6
20260701T032244Z,26.0,94.9
20260701T032259Z,26.0,94.8
20260701T032314Z,26.0,95.8
20260701T032329Z,26.0,95.7
20260701T032344Z,26.0,95.1
20260701T032359Z,26.0,95.6
20260701T032414Z,26.0,95.8
20260701T032429Z,26.0,94.7
20260701T032444Z,26.1,95.9
20260701T032459Z,26.1,95.9
20260701T032514Z,26.1,95.6
20260701T032529Z,26.1,95.4
20260701T032544Z,26.1,95.1
20260701T032559Z,26.1,95.8
20260701T032614Z,26.1,95.7
20260701T032629Z,26.1,95.4
20260701T032644Z,26.1,94.7
20260701T032659Z,26.1,95.3
20260701T032714Z,26.1,94.8
20260701T032729Z,26.1,95.2
20260701T032744Z,26.2,95.1
20260701T032759Z,26.2,96.1
20260701T032814Z,26.2,96.4
20260701T032829Z,26.2,96.7
20260701T032844Z,26.2,97.1
20260701T032859Z,26.2,95.4
20260701T032914Z,26.2,96.4
20260701T032929Z,26.2,96.8
20260701T032944Z,26.2,96.2
20260701T032959Z,26.2,96.3
20260701T033014Z,26.2,96.4
20260701T033029Z,26.2,96.4
20260701T033044Z,26.2,96.5
20260701T033059Z,26.3,96.9
20260701T033114Z,26.2,97.0
20260701T033129Z,26.3,97.2
20260701T033144Z,26.3,97.4
20260701T033159Z,26.3,97.6
20260701T033214Z,26.3,97.7
20260701T033229Z,26.3,98.5
20260701T033244Z,26.3,98.5
20260701T033259Z,26.3,98.7
20260701T033314Z,26.4,98.8
20260701T033329Z,26.4,98.2
20260701T033344Z,26.4,98.6
20260701T033359Z,26.4,98.6
20260701T033414Z,26.4,98.7
20260701T033429Z,26.4,98.6
20260701T033444Z,26.4,98.3
20260701T033459Z,26.4,98.5
20260701T033514Z,26.4,98.4
20260701T033529Z,26.4,98.0
20260701T033544Z,26.4,97.4
20260701T033559Z,26.4,97.6
20260701T033614Z,26.5,98.0
20260701T033629Z,26.5,98.2
20260701T033644Z,26.5,98.5
20260701T033659Z,26.5,98.4
20260701T033714Z,26.5,98.0
20260701T033729Z,26.5,97.4
20260701T033744Z,26.5,97.9
20260701T033759Z,26.5,97.8
20260701T033814Z,26.5,98.0
20260701T033829Z,26.5,97.6
20260701T033844Z,26.5,97.6
20260701T033859Z,26.5,97.5
20260701T033914Z,26.5,97.3
20260701T033929Z,26.5,97.6
20260701T033944Z,26.5,97.7
20260701T033959Z,26.5,97.5
20260701T034014Z,26.5,97.2
20260701T034029Z,26.5,97.1
20260701T034044Z,26.6,97.2
20260701T034059Z,26.6,97.2
20260701T034114Z,26.6,97.4
20260701T034129Z,26.6,97.3
20260701T034144Z,26.6,97.4
20260701T034159Z,26.6,97.1
20260701T034214Z,26.6,96.1
20260701T034229Z,26.6,97.2
20260701T034244Z,26.6,97.7
20260701T034259Z,26.6,97.8
20260701T034314Z,26.6,97.6
20260701T034329Z,26.6,97.5
20260701T034344Z,26.6,97.4
20260701T034359Z,26.6,97.7
20260701T034414Z,26.6,97.8
20260701T034429Z,26.6,97.2
20260701T034444Z,26.6,97.4
20260701T034459Z,26.6,97.2
20260701T034514Z,26.6,97.3
20260701T034529Z,26.6,97.1
20260701T034544Z,26.6,97.1
20260701T034559Z,26.6,97.7
20260701T034614Z,26.6,97.5
20260701T034629Z,26.6,97.3
20260701T034644Z,26.6,97.4
20260701T034659Z,26.6,97.2
20260701T034714Z,26.6,97.6
20260701T034729Z,26.6,97.5
20260701T034744Z,26.6,97.3
20260701T034759Z,26.6,97.4
20260701T034814Z,26.7,97.2
20260701T034829Z,26.7,96.3
20260701T034844Z,26.7,96.4
20260701T034859Z,26.7,97.1
20260701T034914Z,26.7,96.9
20260701T034929Z,26.7,97.0
20260701T034944Z,26.7,97.3
20260701T034959Z,26.7,97.1
20260701T035014Z,26.7,97.2
20260701T035029Z,26.7,96.8
20260701T035044Z,26.7,96.9
20260701T035059Z,26.7,97.2
20260701T035114Z,26.7,97.3
20260701T035129Z,26.7,97.2
20260701T035144Z,26.7,97.5
20260701T035159Z,26.7,97.6
20260701T035214Z,26.7,97.3
20260701T035229Z,26.7,96.6
20260701T035245Z,26.7,97.5
20260701T035259Z,26.7,97.7
20260701T035314Z,26.7,97.4
20260701T035329Z,26.7,97.3
20260701T035345Z,26.7,97.6
20260701T035359Z,26.7,97.7
20260701T035414Z,26.7,98.0
20260701T035429Z,26.7,98.0
20260701T035444Z,26.7,96.4
20260701T035459Z,26.7,97.8
20260701T035514Z,26.7,98.0
20260701T035529Z,26.7,97.2
20260701T035544Z,26.7,97.6
20260701T035559Z,26.8,97.7
20260701T035614Z,26.8,97.7
20260701T035629Z,26.8,97.1
20260701T035644Z,26.8,97.2
20260701T035659Z,26.8,97.5
20260701T035714Z,26.8,97.4
20260701T035729Z,26.8,97.1
20260701T035744Z,26.8,97.1
20260701T035759Z,26.8,97.1
20260701T035814Z,26.8,97.4
20260701T035829Z,26.8,97.2
20260701T035844Z,26.8,96.5
20260701T035859Z,26.8,97.2
20260701T035914Z,26.8,97.3
20260701T035929Z,26.8,97.3
20260701T035944Z,26.8,97.1
20260701T035959Z,26.8,97.5
20260701T040014Z,26.8,97.2
20260701T040029Z,26.8,97.5
20260701T040044Z,26.8,97.4
20260701T040059Z,26.8,97.0
20260701T040114Z,26.8,97.7
20260701T040129Z,26.8,97.4
20260701T040144Z,26.8,97.7
20260701T040159Z,26.8,97.1
20260701T040214Z,26.8,96.7
20260701T040229Z,26.8,97.2
20260701T040244Z,26.8,97.6
20260701T040259Z,26.9,97.5
20260701T040314Z,26.9,97.0
20260701T040329Z,26.8,97.2
20260701T040344Z,26.9,97.5
20260701T040359Z,26.9,97.0
20260701T040414Z,26.9,96.8
20260701T040429Z,26.9,96.7
20260701T040444Z,26.9,96.6
20260701T040459Z,26.9,96.4
20260701T040514Z,26.9,97.0
20260701T040529Z,26.9,96.5
20260701T040545Z,26.9,96.5
20260701T040559Z,26.9,97.0
20260701T040614Z,26.9,97.7
20260701T040629Z,26.9,97.9
20260701T040644Z,26.9,96.7
20260701T040659Z,26.9,96.2
20260701T040714Z,26.9,97.6
20260701T040729Z,26.9,97.5
20260701T040744Z,26.9,98.2
20260701T040759Z,27.0,98.1
20260701T040814Z,27.0,97.7
20260701T040829Z,27.0,97.4
20260701T040845Z,27.0,97.3
20260701T040859Z,27.0,97.7
20260701T040914Z,27.0,97.7
20260701T040929Z,27.0,97.5
20260701T040944Z,27.0,97.3
20260701T040959Z,27.0,97.2
20260701T041014Z,27.0,97.8
20260701T041029Z,27.0,97.0
20260701T041044Z,27.0,97.4
20260701T041059Z,27.1,97.5
20260701T041114Z,27.1,97.7
20260701T041129Z,27.1,98.0
20260701T041144Z,27.1,97.8
20260701T041159Z,27.1,97.2
20260701T041214Z,27.1,97.7
20260701T041229Z,27.1,98.1
20260701T041244Z,27.1,97.1
20260701T041259Z,27.1,96.9
20260701T041314Z,27.2,97.0
20260701T041330Z,27.2,97.1
20260701T041344Z,27.2,96.9
20260701T041400Z,27.2,97.1
20260701T041414Z,27.2,97.1
20260701T041429Z,27.2,97.5
20260701T041444Z,27.2,97.3
20260701T041459Z,27.2,96.7
20260701T041514Z,27.2,97.2
20260701T041529Z,27.3,97.4
20260701T041544Z,27.3,97.5
20260701T041559Z,27.3,97.2
20260701T041614Z,27.3,97.4
20260701T041629Z,27.3,97.3
20260701T041644Z,27.3,97.3
20260701T041659Z,27.3,97.2
20260701T041714Z,27.4,96.9
20260701T041729Z,27.4,97.0
20260701T041744Z,27.4,97.0
20260701T041759Z,27.4,97.0
20260701T041814Z,27.4,96.4
20260701T041829Z,27.4,96.4
20260701T041844Z,27.4,97.0
20260701T041859Z,27.4,96.9
20260701T041915Z,27.4,96.6
20260701T041929Z,27.5,96.9
20260701T041945Z,27.5,96.7
20260701T041959Z,27.5,97.1
20260701T042015Z,27.5,97.1
20260701T042029Z,27.6,96.4
20260701T042044Z,27.6,96.0
20260701T042059Z,27.6,96.4
20260701T042114Z,27.6,96.0
20260701T042129Z,27.6,96.0
20260701T042144Z,27.6,95.8
20260701T042200Z,27.6,96.1
20260701T042215Z,27.6,95.9
20260701T042229Z,27.6,95.8
20260701T042244Z,27.6,95.5
20260701T042259Z,27.6,95.7
20260701T042315Z,27.6,95.6
20260701T042329Z,27.6,95.8
20260701T042345Z,27.6,95.9
20260701T042359Z,27.6,95.9
20260701T042415Z,27.6,95.8
20260701T042429Z,27.6,96.0
20260701T042445Z,27.6,96.2
20260701T042459Z,27.6,96.0
20260701T042514Z,27.6,95.8
20260701T042529Z,27.5,96.0
20260701T042545Z,27.6,96.4
20260701T042559Z,27.6,97.1
20260701T042615Z,27.7,97.0
20260701T042629Z,27.8,96.5
20260701T042645Z,27.9,96.2
20260701T042659Z,28.0,95.9
20260701T042715Z,28.0,95.4
20260701T042729Z,28.0,95.4
20260701T042745Z,28.1,95.4
20260701T042759Z,28.1,95.2
20260701T042815Z,28.1,94.8
20260701T042830Z,28.1,94.8
20260701T042845Z,28.1,94.9
20260701T042859Z,28.1,94.8
20260701T042915Z,28.1,94.7
20260701T042929Z,28.1,94.7
20260701T042945Z,28.1,94.7
20260701T042959Z,28.1,94.4
20260701T043015Z,28.0,94.8
20260701T043029Z,28.0,95.0
20260701T043045Z,28.0,95.0
20260701T043100Z,28.0,94.8
20260701T043114Z,28.0,94.9
20260701T043129Z,28.0,95.3
20260701T043145Z,28.0,95.3
20260701T043159Z,28.0,95.3
20260701T043215Z,28.0,95.1
20260701T043229Z,28.0,94.9
20260701T043245Z,28.0,95.2
20260701T043259Z,28.0,95.2
20260701T043315Z,28.0,95.1
20260701T043329Z,27.9,95.3
20260701T043345Z,27.9,95.3
20260701T043359Z,27.9,95.4
20260701T043415Z,27.9,95.6
20260701T043429Z,27.9,95.4
20260701T043444Z,27.9,95.5
20260701T043459Z,27.9,95.4
20260701T043515Z,27.9,95.6
20260701T043529Z,27.9,95.6
20260701T043544Z,27.9,95.5
20260701T043600Z,27.9,95.4
20260701T043614Z,27.9,95.2
20260701T043630Z,27.9,95.2
20260701T043644Z,27.9,95.2
20260701T043700Z,27.9,95.3
20260701T043714Z,27.9,95.4
20260701T043729Z,27.9,95.3
20260701T043745Z,27.9,95.2
20260701T043759Z,27.9,95.3
20260701T043815Z,27.9,95.5
20260701T043829Z,28.0,95.3
20260701T043845Z,27.9,95.0
20260701T043859Z,27.9,95.2
20260701T043915Z,27.9,95.2
20260701T043929Z,27.9,95.2
20260701T043945Z,27.9,95.4
20260701T043959Z,27.9,95.4
20260701T044015Z,27.9,95.3
20260701T044029Z,27.9,95.4
20260701T044045Z,27.9,95.5
20260701T044100Z,27.9,95.6
20260701T044114Z,27.9,95.7
20260701T044130Z,27.9,95.5
20260701T044144Z,27.9,95.4
20260701T044159Z,27.9,95.6
20260701T044215Z,27.9,95.5
20260701T044229Z,27.9,95.1
20260701T044245Z,27.9,95.5
20260701T044259Z,27.9,95.5
20260701T044315Z,27.9,95.3
20260701T044329Z,27.9,95.6
20260701T044345Z,27.9,95.7
20260701T044359Z,27.9,95.6
20260701T044415Z,27.9,95.4
20260701T044430Z,27.9,95.5
20260701T044444Z,28.0,95.7
20260701T044500Z,27.9,95.6
20260701T044514Z,28.0,95.6
20260701T044530Z,27.9,95.7
20260701T044544Z,27.9,95.5
20260701T044600Z,27.9,95.5
20260701T044614Z,27.9,95.6
20260701T044630Z,27.9,95.5
20260701T044644Z,27.9,95.4
20260701T044700Z,27.9,95.5
20260701T044714Z,27.9,95.5
20260701T044730Z,27.9,95.5
20260701T044744Z,27.9,95.5
20260701T044800Z,27.9,95.6
20260701T044814Z,27.9,95.6
20260701T044829Z,27.9,95.6
20260701T044845Z,27.9,95.7
20260701T044859Z,27.9,95.6
20260701T044915Z,27.9,95.7
20260701T044929Z,27.9,95.8
20260701T044945Z,27.9,95.4
20260701T044959Z,27.9,95.3
20260701T045015Z,27.9,95.7
20260701T045029Z,27.9,95.6
20260701T045044Z,27.9,95.8
20260701T045100Z,27.9,95.6
20260701T045114Z,27.9,95.7
20260701T045130Z,27.9,95.8
20260701T045144Z,27.9,95.6
20260701T045200Z,27.8,95.7
20260701T045214Z,27.9,95.8
20260701T045230Z,27.8,95.8
20260701T045244Z,27.8,95.7
20260701T045300Z,27.8,95.6
20260701T045314Z,27.8,95.7
20260701T045330Z,27.8,95.8
20260701T045344Z,27.8,95.7
20260701T045400Z,27.8,95.8
20260701T045414Z,27.8,95.8
20260701T045429Z,27.8,95.9
20260701T045444Z,27.8,95.6
20260701T045500Z,27.8,95.4
20260701T045514Z,27.8,95.8
20260701T045530Z,27.8,95.9
20260701T045544Z,27.8,95.9
20260701T045600Z,27.8,95.7
20260701T045615Z,27.8,95.8
20260701T045630Z,27.8,95.7
20260701T045645Z,27.8,95.9
20260701T045659Z,27.8,96.1
20260701T045715Z,27.8,96.1
20260701T045729Z,27.8,95.9
20260701T045744Z,27.8,95.9
20260701T045800Z,27.8,95.9
20260701T045814Z,27.8,96.0
20260701T045830Z,27.8,95.8
20260701T045845Z,27.8,95.9
20260701T045859Z,27.8,95.9
20260701T045915Z,27.8,95.7
20260701T045929Z,27.8,95.7
20260701T045945Z,27.8,96.0
20260701T045959Z,27.8,96.0
20260701T050014Z,27.8,95.9
20260701T050030Z,27.8,95.7
20260701T050044Z,27.8,95.9
20260701T050059Z,27.8,96.1
20260701T050115Z,27.8,95.7
20260701T050129Z,27.8,95.9
20260701T050145Z,27.8,96.0
20260701T050159Z,27.8,96.3
20260701T050215Z,27.8,96.2
20260701T050229Z,27.8,96.3
20260701T050245Z,27.8,96.3
20260701T050259Z,27.8,96.1
20260701T050315Z,27.8,96.1
20260701T050329Z,27.8,96.2
20260701T050345Z,27.8,95.8
20260701T050359Z,27.8,96.1
20260701T050415Z,27.7,96.0
20260701T050429Z,27.8,96.2
20260701T050445Z,27.8,96.1
20260701T050459Z,27.7,95.6
20260701T050515Z,27.8,96.0
20260701T050529Z,27.7,96.2
20260701T050545Z,27.8,96.1
20260701T050600Z,27.7,95.9
20260701T050614Z,27.7,96.0
20260701T050630Z,27.7,96.2
20260701T050644Z,27.7,96.2
20260701T050659Z,27.8,96.1
20260701T050715Z,27.7,96.1
20260701T050729Z,27.7,96.2
20260701T050745Z,27.8,96.2
20260701T050759Z,27.8,96.2
20260701T050815Z,27.8,96.3
20260701T050829Z,27.8,96.4
20260701T050845Z,27.7,96.2
20260701T050859Z,27.8,96.2
20260701T050915Z,27.8,96.3
20260701T050930Z,27.8,96.3
20260701T050945Z,27.8,96.2
20260701T051000Z,27.8,96.0
20260701T051015Z,27.7,95.8
20260701T051029Z,27.8,96.1
20260701T051044Z,27.8,96.0
20260701T051100Z,27.8,96.0
20260701T051114Z,27.8,96.1
20260701T051130Z,27.8,95.7
20260701T051144Z,27.8,96.1
20260701T051200Z,27.8,96.0
20260701T051214Z,27.8,96.0
20260701T051230Z,27.8,96.1
20260701T051244Z,27.8,96.0
20260701T051300Z,27.8,95.8
20260701T051314Z,27.8,95.9
20260701T051329Z,27.8,96.1
20260701T051345Z,27.8,96.1
20260701T051359Z,27.8,96.1
20260701T051415Z,27.8,95.7
20260701T051429Z,27.8,95.9
20260701T051445Z,27.8,96.0
20260701T051459Z,27.8,96.1
20260701T051515Z,27.8,96.1
20260701T051529Z,27.8,95.9
20260701T051544Z,27.8,96.0
20260701T051600Z,27.8,96.1
20260701T051615Z,27.8,96.0
20260701T051630Z,27.8,96.0
20260701T051644Z,27.7,95.9
20260701T051700Z,27.8,96.1
20260701T051714Z,27.7,96.1
20260701T051730Z,27.8,96.1
20260701T051744Z,27.8,95.8
20260701T051800Z,27.8,96.1
20260701T051814Z,27.8,96.0
20260701T051830Z,27.8,95.9
20260701T051844Z,27.8,95.9
20260701T051900Z,27.8,95.9
20260701T051915Z,27.8,95.7
20260701T051930Z,27.8,95.8
20260701T051945Z,27.8,95.8
20260701T052000Z,27.8,95.8
20260701T052015Z,27.8,95.9
20260701T052030Z,27.8,95.5
20260701T052045Z,27.8,96.1
20260701T052100Z,27.8,96.1
20260701T052114Z,27.8,95.9
20260701T052129Z,27.8,95.5
20260701T052145Z,27.8,95.6
20260701T052200Z,27.8,95.6
20260701T052215Z,27.8,95.6
20260701T052230Z,27.8,95.6
20260701T052245Z,27.8,95.7
20260701T052300Z,27.8,95.9
20260701T052315Z,27.8,95.8
20260701T052330Z,27.8,95.9
20260701T052345Z,27.8,95.9
20260701T052400Z,27.7,95.9
20260701T052415Z,27.7,95.9
20260701T052430Z,27.7,96.0
20260701T052445Z,27.7,96.0
20260701T052500Z,27.7,96.1
20260701T052515Z,27.7,96.1
20260701T052530Z,27.7,96.1
20260701T052545Z,27.7,96.1
20260701T052600Z,27.7,96.0
20260701T052615Z,27.7,96.0
20260701T052630Z,27.7,96.1
20260701T052645Z,27.7,96.0
20260701T052700Z,27.7,96.2
20260701T052715Z,27.7,96.3
20260701T052730Z,27.7,96.3
20260701T052745Z,27.7,96.3
20260701T052800Z,27.7,96.3
20260701T052815Z,27.7,96.4
20260701T052830Z,27.7,96.5
20260701T052845Z,27.7,96.7
20260701T052900Z,27.7,96.8
20260701T052915Z,27.7,96.1
20260701T052930Z,27.7,96.3
20260701T052945Z,27.7,96.5
20260701T053000Z,27.7,96.3
20260701T053015Z,27.7,96.4
20260701T053030Z,27.7,96.3
20260701T053045Z,27.7,96.2
20260701T053100Z,27.7,96.2
20260701T053115Z,27.8,96.1
20260701T053130Z,27.7,96.2
20260701T053145Z,27.7,96.1
20260701T053200Z,27.7,96.1
20260701T053215Z,27.7,96.2
20260701T053230Z,27.7,96.2
20260701T053245Z,27.7,96.1
20260701T053300Z,27.7,96.1
20260701T053315Z,27.7,96.1
20260701T053330Z,27.7,96.2
20260701T053345Z,27.7,96.2
20260701T053400Z,27.7,96.2
20260701T053415Z,27.7,96.2
20260701T053430Z,27.7,96.1
20260701T053445Z,27.7,96.2
20260701T053500Z,27.7,96.2
20260701T053515Z,27.7,96.2
20260701T053530Z,27.7,96.3
20260701T053545Z,27.7,96.2
20260701T053600Z,27.7,96.3
20260701T053615Z,27.7,96.4
20260701T053630Z,27.7,96.3
20260701T053645Z,27.7,96.3
20260701T053700Z,27.7,96.3
20260701T053715Z,27.7,96.4
20260701T053730Z,27.7,96.4
20260701T053745Z,27.7,96.6
20260701T053800Z,27.7,96.4
20260701T053815Z,27.7,96.3
20260701T053830Z,27.7,96.2
20260701T053845Z,27.7,96.1
20260701T053900Z,27.7,96.2
20260701T053915Z,27.7,96.2
20260701T053930Z,27.8,96.1
20260701T053945Z,27.8,96.2
20260701T054000Z,27.8,96.2
20260701T054015Z,27.8,96.0
20260701T054030Z,27.8,95.8
20260701T054045Z,27.8,95.7
20260701T054100Z,27.8,95.7
20260701T054115Z,27.8,95.7
20260701T054130Z,27.9,95.7
20260701T054145Z,27.9,95.7
20260701T054200Z,27.9,95.5
20260701T054215Z,27.9,95.5
20260701T054230Z,27.9,95.3
20260701T054245Z,27.9,95.1
20260701T054300Z,27.9,95.1
20260701T054315Z,28.0,94.9
20260701T054330Z,28.0,94.9
20260701T054345Z,28.0,94.8
20260701T054400Z,28.0,94.8
20260701T054415Z,28.0,94.8
20260701T054430Z,28.0,94.9
20260701T054445Z,28.0,94.8
20260701T054500Z,28.0,94.8
20260701T054515Z,28.0,94.8
20260701T054530Z,28.0,94.9
20260701T054545Z,28.0,94.9
20260701T054600Z,28.0,94.9
20260701T054615Z,27.9,95.0
20260701T054630Z,27.9,95.1
20260701T054645Z,27.9,95.3
20260701T054700Z,27.8,95.5
20260701T054715Z,27.8,95.7
20260701T054730Z,27.7,95.6
20260701T054745Z,27.7,95.6
20260701T054800Z,27.7,96.0
20260701T054815Z,27.6,96.1
20260701T054830Z,27.6,96.2
20260701T054845Z,27.6,96.4
20260701T054900Z,27.5,96.4
20260701T054915Z,27.5,96.6
20260701T054930Z,27.5,96.6
20260701T054945Z,27.5,96.8
20260701T055000Z,27.5,96.8
20260701T055015Z,27.5,97.0
20260701T055030Z,27.4,97.0
20260701T055045Z,27.4,97.1
20260701T055100Z,27.4,97.2
20260701T055115Z,27.4,97.3
20260701T055130Z,27.4,97.2
20260701T055145Z,27.4,97.3
20260701T055200Z,27.4,97.4
20260701T055215Z,27.4,97.5
20260701T055230Z,27.4,97.5
20260701T055245Z,27.3,97.5
20260701T055300Z,27.3,97.4
20260701T055315Z,27.3,97.5
20260701T055330Z,27.3,97.5
20260701T055345Z,27.3,97.5
20260701T055400Z,27.3,97.4
20260701T055415Z,27.3,97.3
20260701T055430Z,27.3,97.5
20260701T055445Z,27.3,97.6
20260701T055500Z,27.3,97.6
20260701T055515Z,27.3,97.6
20260701T055530Z,27.3,97.7
20260701T055545Z,27.3,97.5
20260701T055600Z,27.3,97.7
20260701T055615Z,27.3,97.7
20260701T055630Z,27.3,97.8
20260701T055645Z,27.3,97.7
20260701T055700Z,27.3,97.6
20260701T055715Z,27.3,97.7
20260701T055730Z,27.3,97.8
20260701T055745Z,27.3,97.8
20260701T055800Z,27.3,97.6
20260701T055815Z,27.3,97.8
20260701T055830Z,27.3,97.9
20260701T055845Z,27.3,97.7
20260701T055900Z,27.3,97.8
20260701T055915Z,27.3,97.8
20260701T055930Z,27.3,97.8
20260701T055945Z,27.3,97.9
20260701T060000Z,27.3,97.9
20260701T060015Z,27.3,98.0
20260701T060030Z,27.3,97.9
20260701T060045Z,27.3,98.0
20260701T060100Z,27.3,98.0
20260701T060115Z,27.3,97.8
20260701T060130Z,27.3,97.9
20260701T060145Z,27.3,97.8
20260701T060200Z,27.3,98.0
20260701T060215Z,27.3,97.9
20260701T060230Z,27.3,97.6
20260701T060245Z,27.3,98.0
20260701T060300Z,27.3,98.1
20260701T060315Z,27.3,98.1
20260701T060330Z,27.3,98.1
20260701T060345Z,27.3,98.0
20260701T060400Z,27.3,98.0
20260701T060415Z,27.3,98.0
20260701T060430Z,27.3,98.1
20260701T060445Z,27.3,97.8
20260701T060500Z,27.3,98.1
20260701T060515Z,27.3,98.1
20260701T060530Z,27.3,98.2
20260701T060545Z,27.3,98.1
20260701T060600Z,27.3,98.1
20260701T060615Z,27.3,98.2
20260701T060630Z,27.3,98.1
20260701T060645Z,27.3,97.9
20260701T060700Z,27.3,98.0
20260701T060715Z,27.3,97.9
20260701T060730Z,27.3,98.0
20260701T060745Z,27.3,98.0
20260701T060800Z,27.3,98.0
20260701T060815Z,27.3,97.9
20260701T060830Z,27.3,98.1
20260701T060845Z,27.3,98.0
20260701T060900Z,27.3,98.1
20260701T060915Z,27.3,98.0
20260701T060930Z,27.3,97.8
20260701T060945Z,27.3,97.7
20260701T061000Z,27.3,97.9
20260701T061015Z,27.3,98.1
20260701T061030Z,27.3,98.0
20260701T061045Z,27.3,98.1
20260701T061100Z,27.3,97.9
20260701T061115Z,27.3,98.0
20260701T061130Z,27.3,98.2
20260701T061145Z,27.3,98.2
20260701T061200Z,27.3,98.3
20260701T061215Z,27.3,97.9
20260701T061230Z,27.3,98.1
20260701T061245Z,27.3,98.3
20260701T061300Z,27.3,98.1
20260701T061315Z,27.3,98.2
20260701T061330Z,27.3,98.1
20260701T061345Z,27.3,98.3
20260701T061400Z,27.3,98.1
20260701T061415Z,27.3,98.0
20260701T061430Z,27.3,98.1
20260701T061445Z,27.3,98.2
20260701T061500Z,27.3,98.2
20260701T061515Z,27.3,98.3
20260701T061530Z,27.3,98.3
20260701T061545Z,27.4,98.3
20260701T061600Z,27.3,98.0
20260701T061615Z,27.3,98.1
20260701T061630Z,27.3,98.0
20260701T061645Z,27.3,98.2
20260701T061700Z,27.3,98.0
20260701T061715Z,27.3,98.2
20260701T061730Z,27.3,98.2
20260701T061745Z,27.3,98.2
20260701T061800Z,27.3,98.2
20260701T061815Z,27.3,98.3
20260701T061830Z,27.3,98.3
20260701T061845Z,27.4,98.3
20260701T061900Z,27.3,98.2
20260701T061915Z,27.4,98.1
20260701T061930Z,27.3,98.1
20260701T061945Z,27.3,98.2
20260701T062000Z,27.4,98.3
20260701T062015Z,27.4,98.3
20260701T062030Z,27.4,98.2
20260701T062045Z,27.4,98.0
20260701T062100Z,27.4,98.2
20260701T062115Z,27.4,98.2
20260701T062130Z,27.4,98.1
20260701T062145Z,27.4,98.1
20260701T062200Z,27.4,98.2
20260701T062215Z,27.4,98.2
20260701T062230Z,27.4,98.2
20260701T062245Z,27.4,98.1
20260701T062300Z,27.4,98.2
20260701T062315Z,27.4,98.1
20260701T062330Z,27.4,98.2
20260701T062345Z,27.4,98.1
20260701T062400Z,27.4,98.1
20260701T062415Z,27.4,98.1
20260701T062430Z,27.4,98.2
20260701T062445Z,27.4,98.2
20260701T062500Z,27.4,98.1
20260701T062515Z,27.4,98.2
20260701T062530Z,27.4,98.2
20260701T062546Z,27.4,97.9
20260701T062601Z,27.4,98.0
20260701T062615Z,27.4,98.2
20260701T062630Z,27.4,98.0
20260701T062645Z,27.4,98.1
20260701T062700Z,27.4,98.2
20260701T062715Z,27.4,98.2
20260701T062730Z,27.4,98.1
20260701T062745Z,27.4,98.1
20260701T062800Z,27.4,98.2
20260701T062815Z,27.4,97.8
20260701T062830Z,27.4,97.7
20260701T062845Z,27.4,98.1
20260701T062900Z,27.4,98.1
20260701T062915Z,27.4,97.9
20260701T062930Z,27.4,97.6
20260701T062945Z,27.4,98.0
20260701T063000Z,27.4,98.1
20260701T063015Z,27.4,98.1
20260701T063030Z,27.4,97.9
20260701T063045Z,27.4,98.0
20260701T063100Z,27.4,97.9
20260701T063115Z,27.4,98.0
20260701T063130Z,27.4,98.0
20260701T063145Z,27.4,97.9
20260701T063200Z,27.4,97.9
20260701T063215Z,27.5,98.1
20260701T063230Z,27.4,98.0
20260701T063245Z,27.4,98.0
20260701T063300Z,27.4,98.1
20260701T063315Z,27.4,98.0
20260701T063330Z,27.5,98.1
20260701T063345Z,27.4,98.0
20260701T063400Z,27.4,98.1
20260701T063415Z,27.5,98.2
20260701T063430Z,27.5,98.2
20260701T063445Z,27.4,98.2
20260701T063500Z,27.4,98.2
20260701T063515Z,27.4,98.2
20260701T063530Z,27.5,98.2
20260701T063545Z,27.5,98.2
20260701T063600Z,27.5,98.3
20260701T063615Z,27.5,98.2
20260701T063630Z,27.5,98.1
20260701T063645Z,27.5,98.2
20260701T063700Z,27.5,98.2
20260701T063715Z,27.5,98.2
20260701T063730Z,27.5,98.2
20260701T063745Z,27.5,98.3
20260701T063800Z,27.5,98.2
20260701T063815Z,27.5,98.3
20260701T063830Z,27.5,98.2
20260701T063846Z,27.5,98.2
20260701T063901Z,27.5,98.2
20260701T063915Z,27.5,98.3
20260701T063930Z,27.5,98.1
20260701T063945Z,27.5,98.2
20260701T064000Z,27.5,98.3
20260701T064015Z,27.5,98.3
20260701T064030Z,27.5,98.3
20260701T064045Z,27.5,98.3
20260701T064100Z,27.5,98.2
20260701T064115Z,27.5,98.3
20260701T064130Z,27.5,98.3
20260701T064145Z,27.5,98.2
20260701T064200Z,27.5,98.4
20260701T064215Z,27.5,98.4
20260701T064230Z,27.5,98.2
20260701T064245Z,27.5,98.3
20260701T064300Z,27.5,98.3
20260701T064315Z,27.5,98.3
20260701T064330Z,27.5,98.3
20260701T064345Z,27.5,98.2
20260701T064400Z,27.5,98.2
20260701T064415Z,27.5,98.2
20260701T064430Z,27.6,98.3
20260701T064445Z,27.6,98.4
20260701T064500Z,27.6,98.2
20260701T064515Z,27.6,98.2
20260701T064530Z,27.6,98.3
20260701T064545Z,27.5,98.3
20260701T064600Z,27.6,98.2
20260701T064615Z,27.5,98.3
20260701T064630Z,27.5,98.3
20260701T064645Z,27.6,98.3
20260701T064700Z,27.5,98.4
20260701T064715Z,27.6,98.3
20260701T064730Z,27.5,98.3
20260701T064745Z,27.5,98.3
20260701T064800Z,27.5,98.4
20260701T064815Z,27.5,98.3
20260701T064830Z,27.5,98.3
20260701T064845Z,27.5,98.3
20260701T064900Z,27.5,98.4
20260701T064915Z,27.5,98.4
20260701T064930Z,27.5,98.2
20260701T064945Z,27.5,98.4
20260701T065000Z,27.5,98.4
20260701T065015Z,27.5,98.4
20260701T065030Z,27.5,98.5
20260701T065045Z,27.5,98.5
20260701T065100Z,27.5,98.4
20260701T065115Z,27.5,98.1
20260701T065130Z,27.5,98.2
20260701T065145Z,27.5,98.4
20260701T065200Z,27.5,98.5
20260701T065215Z,27.5,98.5
20260701T065230Z,27.5,98.4
20260701T065245Z,27.5,98.5
20260701T065300Z,27.6,98.5
20260701T065315Z,27.5,98.5
20260701T065330Z,27.5,98.5
20260701T065345Z,27.5,98.4
20260701T065400Z,27.5,98.4
20260701T065415Z,27.5,98.5
20260701T065430Z,27.5,98.5
20260701T065445Z,27.5,98.3
20260701T065500Z,27.5,98.3
20260701T065515Z,27.5,98.5
20260701T065530Z,27.5,98.6
20260701T065545Z,27.5,98.6
20260701T065600Z,27.5,98.7
20260701T065615Z,27.6,98.6
20260701T065630Z,27.6,98.5
20260701T065645Z,27.6,98.6
20260701T065700Z,27.6,98.6
20260701T065715Z,27.5,98.5
20260701T065730Z,27.6,98.5
20260701T065745Z,27.5,98.5
20260701T065800Z,27.6,98.5
20260701T065815Z,27.5,98.6
20260701T065830Z,27.6,98.6
20260701T065845Z,27.5,98.5
20260701T065900Z,27.6,98.5
20260701T065915Z,27.6,98.4
20260701T065930Z,27.6,98.4
20260701T065945Z,27.6,98.4
20260701T070000Z,27.6,98.5
20260701T070015Z,27.6,98.5
20260701T070030Z,27.6,98.5
20260701T070045Z,27.6,98.4
20260701T070100Z,27.6,98.4
20260701T070115Z,27.6,98.3
20260701T070130Z,27.5,98.4
20260701T070146Z,27.6,98.5
20260701T070201Z,27.6,98.3
20260701T070215Z,27.6,98.4
20260701T070230Z,27.6,98.4
20260701T070245Z,27.6,98.5
20260701T070300Z,27.6,98.4
20260701T070315Z,27.6,98.4
20260701T070330Z,27.6,98.3
20260701T070345Z,27.6,98.2
20260701T070400Z,27.6,98.4
20260701T070415Z,27.6,98.3
20260701T070430Z,27.6,98.4
20260701T070445Z,27.6,98.5
20260701T070500Z,27.6,98.4
20260701T070515Z,27.6,98.4
20260701T070530Z,27.6,98.4
20260701T070545Z,27.6,98.3
20260701T070600Z,27.6,98.4
20260701T070615Z,27.6,98.4
20260701T070630Z,27.6,98.4
20260701T070645Z,27.6,98.4
20260701T070700Z,27.6,98.5
20260701T070715Z,27.6,98.5
20260701T070730Z,27.6,98.3
20260701T070745Z,27.6,98.4
20260701T070800Z,27.6,98.5
20260701T070815Z,27.6,98.5
20260701T070830Z,27.6,98.5
20260701T070845Z,27.6,98.4
20260701T070900Z,27.6,98.5
20260701T070915Z,27.6,98.5
20260701T070930Z,27.6,98.4
20260701T070945Z,27.6,98.4
20260701T071000Z,27.6,98.5
20260701T071015Z,27.6,98.5
20260701T071030Z,27.6,98.4
20260701T071045Z,27.6,98.4
20260701T071100Z,27.6,98.5
20260701T071115Z,27.6,98.5
20260701T071130Z,27.6,98.5
20260701T071145Z,27.7,98.6
20260701T071200Z,27.7,98.4
20260701T071215Z,27.7,98.6
20260701T071230Z,27.7,98.6
20260701T071245Z,27.7,98.6
20260701T071300Z,27.7,98.6
20260701T071315Z,27.7,98.7
20260701T071330Z,27.7,98.7
20260701T071345Z,27.7,98.6
20260701T071400Z,27.7,98.6
20260701T071415Z,27.7,98.7
20260701T071430Z,27.7,98.7
20260701T071445Z,27.7,98.6
20260701T071500Z,27.7,98.7
20260701T071515Z,27.7,98.5
20260701T071530Z,27.7,98.5
20260701T071545Z,27.7,98.6
20260701T071600Z,27.7,98.7
20260701T071615Z,27.8,98.6
20260701T071630Z,27.8,98.6
20260701T071645Z,27.8,98.6
20260701T071700Z,27.8,98.6
20260701T071715Z,27.8,98.7
20260701T071730Z,27.8,98.6
20260701T071745Z,27.8,98.6
20260701T071800Z,27.8,98.6
20260701T071815Z,27.8,98.6
20260701T071830Z,27.8,98.6
20260701T071845Z,27.8,98.6
20260701T071900Z,27.8,98.5
20260701T071915Z,27.8,98.4
20260701T071930Z,27.8,98.5
20260701T071945Z,27.8,98.5
20260701T072000Z,27.8,98.5
20260701T072015Z,27.8,98.6
20260701T072030Z,27.8,98.6
20260701T072045Z,27.8,98.5
20260701T072100Z,27.8,98.5
20260701T072115Z,27.8,98.5
20260701T072130Z,27.8,98.5
20260701T072145Z,27.8,98.4
20260701T072200Z,27.8,98.6
20260701T072215Z,27.8,98.5
20260701T072230Z,27.8,98.6
20260701T072245Z,27.8,98.6
20260701T072300Z,27.8,98.5
20260701T072315Z,27.8,98.6
20260701T072330Z,27.8,98.6
20260701T072345Z,27.8,98.6
20260701T072400Z,27.8,98.5
20260701T072415Z,27.8,98.4
20260701T072430Z,27.8,98.6
20260701T072445Z,27.8,98.6
20260701T072500Z,27.8,98.5
20260701T072515Z,27.8,98.5
20260701T072530Z,27.8,98.4
20260701T072545Z,27.8,98.4
20260701T072600Z,27.8,98.5
20260701T072615Z,27.8,98.5
20260701T072630Z,27.8,98.6
20260701T072645Z,27.8,98.7
20260701T072700Z,27.8,98.5
20260701T072715Z,27.8,98.5
20260701T072730Z,27.8,98.6
20260701T072745Z,27.8,98.4
20260701T072800Z,27.8,98.5
20260701T072815Z,27.8,98.5
20260701T072830Z,27.8,98.6
20260701T072845Z,27.8,98.5
20260701T072900Z,27.8,98.5
20260701T072915Z,27.8,98.6
20260701T072930Z,27.8,98.6
20260701T072945Z,27.8,98.6
20260701T073000Z,27.8,98.2
20260701T073015Z,27.8,98.1
20260701T073030Z,27.8,98.2
20260701T073045Z,27.8,98.2
20260701T073100Z,27.8,98.4
20260701T073115Z,27.8,98.4
20260701T073130Z,27.8,98.4
20260701T073145Z,27.8,98.4
20260701T073200Z,27.8,98.6
20260701T073215Z,27.8,98.5
20260701T073230Z,27.8,98.6
20260701T073245Z,27.8,98.6
20260701T073300Z,27.8,98.6
20260701T073315Z,27.8,98.5
20260701T073330Z,27.8,98.5
20260701T073345Z,27.8,98.5
20260701T073400Z,27.8,98.6
20260701T073415Z,27.8,98.5
20260701T073430Z,27.8,98.5
20260701T073445Z,27.8,98.6
20260701T073500Z,27.8,98.5
20260701T073515Z,27.8,98.6
20260701T073530Z,27.8,98.3
20260701T073545Z,27.8,98.6
20260701T073600Z,27.8,98.5
20260701T073615Z,27.8,98.6
20260701T073630Z,27.8,98.6
20260701T073645Z,27.8,98.6
20260701T073700Z,27.8,98.6
20260701T073715Z,27.9,98.5
20260701T073730Z,27.8,98.5
20260701T073745Z,27.8,98.6
20260701T073800Z,27.8,98.5
20260701T073815Z,27.9,98.4
20260701T073830Z,27.9,98.5
20260701T073845Z,27.9,98.4
20260701T073900Z,27.9,98.5
20260701T073915Z,27.9,98.5
20260701T073930Z,27.9,98.3
20260701T073945Z,27.9,98.4
20260701T074000Z,27.8,98.4
20260701T074015Z,27.9,98.5
20260701T074030Z,27.9,98.6
20260701T074045Z,27.9,98.6
20260701T074100Z,27.9,98.5
20260701T074115Z,27.9,98.5
20260701T074130Z,27.9,98.4
20260701T074145Z,27.9,98.4
20260701T074200Z,27.9,98.4
20260701T074215Z,27.8,98.5
20260701T074230Z,27.8,98.4
20260701T074245Z,27.8,98.5
20260701T074300Z,27.8,98.3
20260701T074315Z,27.9,98.1
20260701T074330Z,27.9,98.3
20260701T074345Z,27.9,98.3
20260701T074400Z,27.8,98.2
20260701T074415Z,27.9,98.3
20260701T074430Z,27.8,98.1
20260701T074445Z,27.9,98.1
20260701T074500Z,27.8,98.2
20260701T074515Z,27.9,98.3
20260701T074530Z,27.9,98.2
20260701T074545Z,27.9,98.3
20260701T074600Z,27.9,98.4
20260701T074615Z,27.9,98.4
20260701T074630Z,27.9,98.5
20260701T074645Z,27.9,98.5
20260701T074700Z,27.9,98.5
20260701T074715Z,27.9,98.6
20260701T074730Z,27.9,98.6
20260701T074745Z,27.9,98.6
20260701T074800Z,27.9,98.2
20260701T074815Z,27.9,98.5
20260701T074830Z,27.9,98.5
20260701T074845Z,27.9,98.6
20260701T074900Z,27.9,98.3
20260701T074915Z,27.9,98.2
20260701T074930Z,27.9,98.4
20260701T074945Z,27.9,98.4
20260701T075000Z,27.9,98.4
20260701T075015Z,27.9,98.5
20260701T075030Z,27.9,98.4
20260701T075045Z,27.9,98.5
20260701T075100Z,27.9,98.6
20260701T075115Z,27.9,98.5
20260701T075130Z,27.9,98.4
20260701T075145Z,27.9,98.2
20260701T075200Z,27.9,98.2
20260701T075215Z,27.9,98.3
20260701T075230Z,27.9,98.4
20260701T075245Z,27.9,98.5
20260701T075300Z,27.9,98.5
20260701T075315Z,27.9,98.3
20260701T075330Z,27.9,98.3
20260701T075345Z,27.9,98.4
20260701T075400Z,27.9,98.4
20260701T075415Z,27.9,98.5
20260701T075430Z,27.9,98.4
20260701T075445Z,27.9,98.5
20260701T075500Z,27.9,98.6
20260701T075515Z,27.9,98.6
20260701T075530Z,27.9,98.7
20260701T075545Z,27.9,98.4
20260701T075600Z,27.9,98.5
20260701T075615Z,27.9,98.6
20260701T075630Z,27.9,98.6
20260701T075645Z,27.9,98.5
20260701T075700Z,27.9,98.5
20260701T075715Z,27.9,98.3
20260701T075730Z,27.9,98.4
20260701T075745Z,27.9,98.5
20260701T075800Z,27.9,98.4
20260701T075815Z,27.9,98.3
20260701T075830Z,27.9,98.2
20260701T075845Z,27.9,98.3
20260701T075900Z,27.9,98.3
20260701T075915Z,27.9,98.3
20260701T075930Z,27.9,98.3
20260701T075945Z,27.9,98.2
20260701T080000Z,27.9,98.3
20260701T080015Z,27.9,98.3
20260701T080030Z,27.9,98.3
20260701T080045Z,27.9,98.3
20260701T080100Z,27.9,98.4
20260701T080115Z,27.9,98.1
20260701T080130Z,27.9,98.2
20260701T080145Z,27.9,98.2
20260701T080200Z,27.9,98.3
20260701T080215Z,27.9,98.4
20260701T080230Z,27.9,98.4
20260701T080245Z,27.9,98.3
20260701T080300Z,27.9,98.4
20260701T080315Z,27.9,98.3
20260701T080330Z,27.9,98.1
20260701T080345Z,27.9,98.4
20260701T080400Z,27.9,98.4
20260701T080415Z,27.9,98.4
20260701T080430Z,27.9,98.3
20260701T080445Z,27.9,98.4
20260701T080500Z,27.9,98.5
20260701T080515Z,28.0,98.6
20260701T080530Z,28.0,98.4
20260701T080546Z,27.9,98.3
20260701T080600Z,27.9,98.0
20260701T080615Z,27.9,98.3
20260701T080630Z,27.9,98.1
20260701T080645Z,27.9,97.9
20260701T080700Z,28.0,98.2
20260701T080715Z,27.9,98.1
20260701T080730Z,28.0,98.1
20260701T080746Z,27.9,98.2
20260701T080801Z,28.0,98.1
20260701T080815Z,28.0,98.2
20260701T080830Z,28.0,98.3
20260701T080845Z,28.0,98.0
20260701T080900Z,28.0,98.0
20260701T080915Z,28.0,98.2
20260701T080930Z,28.0,98.2
20260701T080945Z,28.0,98.3
20260701T081000Z,28.0,98.0
20260701T081015Z,28.0,97.8
20260701T081030Z,28.0,98.2
20260701T081045Z,28.0,98.1
20260701T081100Z,28.0,98.2
20260701T081115Z,27.9,98.1
20260701T081130Z,28.0,98.0
20260701T081146Z,28.0,98.3
20260701T081200Z,28.0,98.3
20260701T081216Z,28.0,98.0
20260701T081230Z,28.0,97.9
20260701T081246Z,28.0,98.0
20260701T081301Z,28.0,97.9
20260701T081315Z,28.0,97.8
20260701T081330Z,28.0,98.0
20260701T081345Z,28.0,98.2
20260701T081400Z,28.0,98.2
20260701T081415Z,28.0,98.0
20260701T081430Z,28.0,98.1
20260701T081446Z,28.0,98.0
20260701T081501Z,28.0,98.0
20260701T081515Z,28.0,98.2
20260701T081530Z,28.0,98.0
20260701T081545Z,28.0,98.2
20260701T081600Z,28.0,98.0
20260701T081615Z,28.0,98.0
20260701T081630Z,28.0,98.1
20260701T081645Z,28.0,98.0
20260701T081700Z,28.0,98.1
20260701T081716Z,28.0,98.1
20260701T081731Z,28.0,98.1
20260701T081746Z,28.0,98.0
20260701T081800Z,28.0,98.0
20260701T081816Z,28.0,97.9
20260701T081831Z,28.0,98.0
20260701T081845Z,28.0,97.8
20260701T081901Z,28.0,97.9
20260701T081915Z,28.0,98.0
20260701T081931Z,28.0,98.0
20260701T081945Z,28.0,97.5
20260701T082001Z,28.0,97.7
20260701T082015Z,28.0,97.9
20260701T082031Z,28.0,97.8
20260701T082045Z,28.0,97.8
20260701T082101Z,28.0,97.8
20260701T082115Z,28.0,97.8
20260701T082130Z,28.0,97.6
20260701T082146Z,28.0,97.7
20260701T082200Z,28.0,97.7
20260701T082216Z,28.0,97.0
20260701T082231Z,28.0,97.6
20260701T082245Z,28.0,97.8
20260701T082301Z,28.0,97.9
20260701T082315Z,28.0,97.9
20260701T082331Z,28.0,98.2
20260701T082345Z,28.0,97.8
20260701T082401Z,28.0,97.9
20260701T082415Z,28.0,97.8
20260701T082431Z,28.0,98.1
20260701T082445Z,28.0,97.9
20260701T082500Z,28.0,98.0
20260701T082516Z,28.0,98.1
20260701T082530Z,28.0,98.0
20260701T082546Z,28.0,97.7
20260701T082600Z,28.0,97.9
20260701T082616Z,28.0,97.9
20260701T082630Z,28.0,97.7
20260701T082646Z,28.0,97.7
20260701T082700Z,28.0,97.8
20260701T082715Z,28.0,98.0
20260701T082731Z,28.0,98.0
20260701T082745Z,28.0,97.9
20260701T082800Z,28.0,97.9
20260701T082816Z,28.0,98.0
20260701T082830Z,28.0,97.6
20260701T082845Z,28.0,97.8
20260701T082901Z,28.0,97.6
20260701T082915Z,28.0,98.0
20260701T082931Z,28.0,97.6
20260701T082945Z,28.0,97.8
20260701T083000Z,28.0,98.0
20260701T083016Z,28.0,97.9
20260701T083030Z,28.0,98.0
20260701T083046Z,28.0,98.0
20260701T083100Z,28.0,98.1
20260701T083116Z,28.0,98.0
20260701T083130Z,28.0,98.0
20260701T083146Z,28.0,98.0
20260701T083200Z,28.0,97.9
20260701T083216Z,28.0,97.9
20260701T083230Z,28.0,98.1
20260701T083246Z,28.0,98.2
20260701T083300Z,28.0,98.1
20260701T083316Z,28.0,98.0
20260701T083331Z,28.0,98.1
20260701T083345Z,28.0,98.1
20260701T083400Z,28.0,98.1
20260701T083416Z,28.0,98.1
20260701T083430Z,28.0,98.2
20260701T083445Z,28.0,98.2
20260701T083501Z,28.0,97.9
20260701T083515Z,28.0,98.3
20260701T083531Z,28.0,98.3
20260701T083546Z,28.0,98.3
20260701T083601Z,28.0,98.0
20260701T083615Z,28.0,97.9
20260701T083631Z,28.1,97.8
20260701T083645Z,28.0,98.2
20260701T083701Z,28.0,98.2
20260701T083715Z,28.1,98.3
20260701T083730Z,28.0,98.3
20260701T083746Z,28.0,98.1
20260701T083800Z,28.1,98.3
20260701T083816Z,28.1,97.9
20260701T083830Z,28.1,97.7
20260701T083846Z,28.1,98.2
20260701T083900Z,28.1,98.1
20260701T083916Z,28.1,98.2
20260701T083930Z,28.1,97.9
20260701T083945Z,28.1,98.0
20260701T084001Z,28.1,98.2
20260701T084015Z,28.1,98.1
20260701T084030Z,28.0,98.3
20260701T084046Z,28.1,98.4
20260701T084100Z,28.0,98.2
20260701T084115Z,28.1,98.1
20260701T084131Z,28.0,98.2
20260701T084146Z,28.1,97.9
20260701T084200Z,28.0,98.1
20260701T084216Z,28.1,98.3
20260701T084230Z,28.1,98.2
20260701T084246Z,28.1,98.2
20260701T084300Z,28.1,98.1
20260701T084316Z,28.1,98.4
20260701T084330Z,28.1,98.3
20260701T084345Z,28.1,98.4
20260701T084401Z,28.1,98.4
20260701T084416Z,28.1,98.3
20260701T084430Z,28.1,98.3
20260701T084446Z,28.1,98.4
20260701T084500Z,28.1,98.5
20260701T084516Z,28.1,98.3
20260701T084530Z,28.1,98.4
20260701T084545Z,28.1,98.3
20260701T084601Z,28.1,98.3
20260701T084615Z,28.1,98.4
20260701T084630Z,28.1,98.2
20260701T084646Z,28.1,98.3
20260701T084700Z,28.1,98.3
20260701T084715Z,28.1,98.0
20260701T084731Z,28.1,98.0
20260701T084745Z,28.1,98.1
20260701T084801Z,28.1,97.9
20260701T084815Z,28.1,97.8
20260701T084831Z,28.1,97.9
20260701T084845Z,28.1,97.9
20260701T084901Z,28.1,98.0
20260701T084915Z,28.1,98.3
20260701T084931Z,28.1,98.0
20260701T084945Z,28.1,98.4
20260701T085001Z,28.1,98.4
20260701T085015Z,28.1,98.3
20260701T085031Z,28.1,98.0
20260701T085045Z,28.1,98.1
20260701T085101Z,28.1,98.2
20260701T085115Z,28.1,98.1
20260701T085131Z,28.1,98.3
20260701T085145Z,28.1,98.4
20260701T085201Z,28.1,98.3
20260701T085215Z,28.1,98.3
20260701T085231Z,28.1,98.1
20260701T085245Z,28.1,98.1
20260701T085301Z,28.1,98.3
20260701T085315Z,28.1,98.3
20260701T085331Z,28.1,98.1
20260701T085346Z,28.1,98.2
20260701T085401Z,28.1,98.0
20260701T085415Z,28.1,98.2
20260701T085431Z,28.1,98.3
20260701T085445Z,28.1,98.0
20260701T085501Z,28.1,98.0
20260701T085515Z,28.1,97.7
20260701T085531Z,28.1,98.2
20260701T085545Z,28.1,97.9
20260701T085601Z,28.1,98.2
20260701T085615Z,28.1,97.2
20260701T085631Z,28.1,97.6
20260701T085645Z,28.1,98.1
20260701T085700Z,28.1,98.1
20260701T085716Z,28.1,98.1
20260701T085730Z,28.1,98.2
20260701T085746Z,28.1,98.0
20260701T085800Z,28.1,98.3
20260701T085816Z,28.1,98.0
20260701T085830Z,28.1,98.2
20260701T085845Z,28.1,98.3
20260701T085901Z,28.1,98.2
20260701T085915Z,28.1,98.0
20260701T085931Z,28.1,97.9
20260701T085946Z,28.1,98.1
20260701T090001Z,28.1,98.1
20260701T090015Z,28.1,98.2
20260701T090031Z,28.1,98.2
20260701T090045Z,28.1,98.3
20260701T090100Z,28.1,98.1
20260701T090116Z,28.1,98.0
20260701T090130Z,28.1,98.0
20260701T090146Z,28.1,98.1
20260701T090201Z,28.1,97.9
20260701T090216Z,28.1,97.7
20260701T090230Z,28.1,98.0
20260701T090246Z,28.1,98.2
20260701T090300Z,28.1,98.3
20260701T090316Z,28.1,98.1
20260701T090330Z,28.1,97.8
20260701T090346Z,28.1,97.8
20260701T090400Z,28.1,97.4
20260701T090416Z,28.1,97.7
20260701T090430Z,28.1,97.8
20260701T090446Z,28.1,98.1
20260701T090500Z,28.1,98.2
20260701T090516Z,28.1,98.2
20260701T090530Z,28.1,98.1
20260701T090546Z,28.1,98.0
20260701T090600Z,28.1,97.9
20260701T090616Z,28.1,97.9
20260701T090630Z,28.1,98.0
20260701T090646Z,28.1,98.0
20260701T090700Z,28.1,98.2
20260701T090716Z,28.1,98.0
20260701T090730Z,28.1,97.9
20260701T090746Z,28.1,97.8
20260701T090800Z,28.1,98.2
20260701T090816Z,28.1,97.9
20260701T090831Z,28.1,98.1
20260701T090846Z,28.1,97.3
20260701T090900Z,28.1,96.9
20260701T090915Z,28.1,97.2
20260701T090930Z,28.1,97.9
20260701T090945Z,28.1,97.7
20260701T091000Z,28.1,97.6
20260701T091016Z,28.1,97.4
20260701T091030Z,28.1,97.7
20260701T091045Z,28.1,97.4
20260701T091101Z,28.1,97.8
20260701T091115Z,28.1,97.4
20260701T091131Z,28.1,97.5
20260701T091146Z,28.1,97.8
20260701T091200Z,28.1,97.7
20260701T091216Z,28.1,97.8
20260701T091231Z,28.1,97.7
20260701T091246Z,28.1,97.8
20260701T091300Z,28.1,97.8
20260701T091316Z,28.1,97.4
20260701T091330Z,28.1,97.5
20260701T091346Z,28.1,97.7
20260701T091401Z,28.1,97.7
20260701T091416Z,28.1,97.7
20260701T091431Z,28.1,97.7
20260701T091446Z,28.1,97.8
20260701T091500Z,28.1,97.7
20260701T091516Z,28.1,97.9
20260701T091531Z,28.1,98.0
20260701T091546Z,28.1,98.0
20260701T091601Z,28.1,97.9
20260701T091616Z,28.1,97.9
20260701T091631Z,28.1,98.0
20260701T091647Z,28.1,97.9
20260701T091701Z,28.1,98.1
20260701T091716Z,28.2,98.0
20260701T091731Z,28.1,97.9
20260701T091746Z,28.1,97.9
20260701T091801Z,28.1,97.6
20260701T091816Z,28.1,96.1
20260701T091831Z,28.1,97.1
20260701T091846Z,28.1,97.2
20260701T091901Z,28.1,97.1
20260701T091916Z,28.1,97.6
20260701T091931Z,28.1,97.8
20260701T091946Z,28.1,98.1
20260701T092001Z,28.1,98.1
20260701T092016Z,28.1,98.2
20260701T092031Z,28.1,98.1
20260701T092046Z,28.1,98.2
20260701T092101Z,28.1,98.2
20260701T092116Z,28.1,98.2
20260701T092131Z,28.1,98.3
20260701T092146Z,28.1,98.2
20260701T092201Z,28.1,98.3
20260701T092216Z,28.1,98.2
20260701T092231Z,28.1,98.3
20260701T092246Z,28.1,98.2
20260701T092301Z,28.1,98.2
20260701T092316Z,28.1,98.3
20260701T092331Z,28.1,98.3
20260701T092346Z,28.1,98.2
20260701T092401Z,28.1,98.1
20260701T092416Z,28.1,98.2
20260701T092431Z,28.1,98.2
20260701T092446Z,28.1,98.2
20260701T092501Z,28.1,98.2
20260701T092516Z,28.1,98.3
20260701T092531Z,28.1,98.2
20260701T092546Z,28.1,98.2
20260701T092601Z,28.1,98.3
20260701T092616Z,28.1,98.2
20260701T092631Z,28.1,98.2
20260701T092646Z,28.1,97.8
20260701T092701Z,28.1,97.4
20260701T092716Z,28.1,97.8
20260701T092731Z,28.1,97.9
20260701T092746Z,28.2,97.9
20260701T092801Z,28.2,97.9
20260701T092816Z,28.2,97.8
20260701T092831Z,28.3,97.7
20260701T092846Z,28.3,97.6
20260701T092901Z,28.3,97.5
20260701T092916Z,28.3,97.5
20260701T092931Z,28.3,97.4
20260701T092946Z,28.3,97.3
20260701T093001Z,28.3,97.3
20260701T093016Z,28.3,97.4
20260701T093031Z,28.3,97.3
20260701T093047Z,28.4,97.2
20260701T093101Z,28.4,97.3
20260701T093116Z,28.4,97.2
20260701T093131Z,28.4,97.2
20260701T093146Z,28.4,97.3
20260701T093201Z,28.4,97.3
20260701T093216Z,28.4,97.2
20260701T093231Z,28.4,97.3
20260701T093246Z,28.4,97.3
20260701T093301Z,28.4,97.3
20260701T093316Z,28.4,97.3
20260701T093331Z,28.4,97.3
20260701T093346Z,28.4,97.3
20260701T093401Z,28.4,97.3
20260701T093416Z,28.4,97.1
20260701T093431Z,28.4,97.0
20260701T093446Z,28.4,97.1
20260701T093501Z,28.4,97.0
20260701T093516Z,28.4,97.0
20260701T093531Z,28.4,97.0
20260701T093546Z,28.4,97.1
20260701T093601Z,28.4,97.0
20260701T093616Z,28.5,96.8
20260701T093631Z,28.5,96.9
20260701T093646Z,28.5,96.9
20260701T093701Z,28.5,96.7
20260701T093716Z,28.5,96.7
20260701T093731Z,28.5,96.6
20260701T093746Z,28.6,96.5
20260701T093801Z,28.6,96.4
20260701T093816Z,28.6,96.5
20260701T093831Z,28.6,96.4
20260701T093846Z,28.6,96.4
20260701T093901Z,28.6,96.4
20260701T093916Z,28.6,96.5
20260701T093931Z,28.6,96.5
20260701T093946Z,28.6,96.5
20260701T094001Z,28.6,96.4
20260701T094016Z,28.6,96.4
20260701T094031Z,28.6,96.3
20260701T094046Z,28.6,96.4
20260701T094101Z,28.5,96.4
20260701T094116Z,28.5,96.6
20260701T094131Z,28.5,96.6
20260701T094146Z,28.6,96.5
20260701T094201Z,28.5,96.7
20260701T094216Z,28.5,96.6
20260701T094231Z,28.5,96.6
20260701T094246Z,28.5,96.7
20260701T094301Z,28.5,96.7
20260701T094316Z,28.5,96.7
20260701T094331Z,28.6,96.7
20260701T094346Z,28.6,96.7
20260701T094401Z,28.6,96.8
20260701T094416Z,28.6,96.7
20260701T094431Z,28.6,96.4
20260701T094446Z,28.6,96.3
20260701T094501Z,28.7,96.2
20260701T094516Z,28.7,96.4
20260701T094531Z,28.6,96.3
20260701T094546Z,28.6,96.3
20260701T094601Z,28.6,96.4
20260701T094616Z,28.6,96.5
20260701T094631Z,28.6,96.6
20260701T094646Z,28.6,96.5
20260701T094701Z,28.6,96.6
20260701T094716Z,28.6,96.5
20260701T094731Z,28.6,96.5
20260701T094746Z,28.6,96.6
20260701T094801Z,28.6,96.5
20260701T094816Z,28.6,96.5
20260701T094831Z,28.6,96.5
20260701T094846Z,28.6,96.5
20260701T094901Z,28.6,96.4
20260701T094916Z,28.6,96.3
20260701T094931Z,28.6,96.3
20260701T094946Z,28.6,96.4
20260701T095001Z,28.6,96.5
20260701T095016Z,28.6,96.5
20260701T095031Z,28.6,96.4
20260701T095046Z,28.6,96.5
20260701T095101Z,28.6,96.4
20260701T095116Z,28.6,96.4
20260701T095131Z,28.6,96.3
20260701T095146Z,28.6,96.4
20260701T095201Z,28.6,96.3
20260701T095216Z,28.6,96.3
20260701T095231Z,28.6,96.3
20260701T095246Z,28.6,96.3
20260701T095301Z,28.6,96.3
20260701T095316Z,28.6,96.3
20260701T095331Z,28.6,96.1
20260701T095346Z,28.6,96.2
20260701T095401Z,28.7,96.1
20260701T095416Z,28.7,96.0
20260701T095431Z,28.7,95.9
20260701T095446Z,28.7,95.9
20260701T095501Z,28.7,95.9
20260701T095516Z,28.7,95.8
20260701T095531Z,28.7,95.8
20260701T095546Z,28.7,95.8
20260701T095601Z,28.7,95.9
20260701T095616Z,28.7,95.9
20260701T095631Z,28.7,95.9
20260701T095646Z,28.7,96.0
20260701T095701Z,28.6,96.0
20260701T095716Z,28.6,96.0
20260701T095731Z,28.7,96.1
20260701T095746Z,28.6,96.0
20260701T095801Z,28.6,96.0
20260701T095816Z,28.6,96.1
20260701T095831Z,28.6,96.1
20260701T095846Z,28.6,96.1
20260701T095901Z,28.6,96.1
20260701T095916Z,28.6,96.1
20260701T095931Z,28.6,96.2
20260701T095946Z,28.6,96.2
20260701T100001Z,28.6,96.1
20260701T100016Z,28.6,96.1
20260701T100031Z,28.7,96.0
20260701T100046Z,28.6,96.1
20260701T100101Z,28.7,96.0
20260701T100116Z,28.7,96.1
20260701T100131Z,28.6,96.2
20260701T100146Z,28.6,96.3
20260701T100201Z,28.6,96.3
20260701T100216Z,28.6,96.3
20260701T100231Z,28.6,96.2
20260701T100246Z,28.6,96.3
20260701T100301Z,28.6,96.4
20260701T100316Z,28.6,96.4
20260701T100331Z,28.6,96.5
20260701T100346Z,28.6,96.5
20260701T100401Z,28.7,96.4
20260701T100416Z,28.7,96.2
20260701T100431Z,28.7,96.2
20260701T100517Z,28.8,95.9
20260701T100517Z,28.8,95.9
20260701T100517Z,28.8,95.8
20260701T100531Z,28.8,95.6
20260701T100546Z,28.8,95.6
20260701T100601Z,28.9,95.5
20260701T100616Z,28.9,95.5
20260701T100631Z,28.9,95.5
20260701T100646Z,28.9,95.4
20260701T100701Z,28.9,95.4
20260701T100716Z,28.9,95.4
20260701T100731Z,29.0,95.3
20260701T100746Z,29.0,95.2
20260701T100801Z,29.0,95.2
20260701T100816Z,29.0,95.2
20260701T100831Z,29.0,95.2
20260701T100846Z,29.0,95.2
20260701T100901Z,29.0,95.1
20260701T100916Z,29.0,95.2
20260701T100931Z,29.0,95.0
20260701T100946Z,29.0,95.1
20260701T101001Z,29.0,95.0
20260701T101016Z,29.0,95.2
20260701T101031Z,29.0,95.0
20260701T101046Z,29.0,95.2
20260701T101101Z,29.0,95.3
20260701T101116Z,29.0,95.3
20260701T101131Z,29.0,95.1
20260701T101146Z,29.0,95.1
20260701T101201Z,29.0,95.2
20260701T101216Z,28.9,95.4
20260701T101231Z,28.9,95.5
20260701T101246Z,28.9,95.4
20260701T101301Z,28.9,95.5
20260701T101316Z,28.9,95.3
20260701T101331Z,28.9,95.3
20260701T101346Z,28.9,95.5
20260701T101401Z,28.9,95.5
20260701T101416Z,28.9,95.4
20260701T101431Z,28.9,95.3
20260701T101446Z,28.9,95.4
20260701T101501Z,29.0,95.4
20260701T101516Z,29.0,95.3
20260701T101531Z,29.0,95.2
20260701T101546Z,29.0,95.2
20260701T101601Z,29.0,95.1
20260701T101616Z,29.0,95.1
20260701T101632Z,29.0,95.0
20260701T101646Z,29.0,95.1
20260701T101701Z,29.0,95.2
20260701T101716Z,29.0,95.2
20260701T101731Z,29.0,95.1
20260701T101746Z,29.0,95.2
20260701T101801Z,29.0,95.1
20260701T101816Z,29.0,95.1
20260701T101831Z,29.0,95.1
20260701T101846Z,29.0,95.1
20260701T101901Z,29.0,95.1
20260701T101916Z,29.0,95.1
20260701T101931Z,29.0,95.0
20260701T101946Z,29.1,95.0
20260701T102001Z,29.1,94.9
20260701T102016Z,29.1,95.0
20260701T102031Z,29.1,95.0
20260701T102046Z,29.1,95.0
20260701T102101Z,29.1,94.9
20260701T102116Z,29.1,94.8
20260701T102131Z,29.1,94.9
20260701T102146Z,29.1,94.8
20260701T102201Z,29.1,94.9
20260701T102216Z,29.1,95.0
20260701T102231Z,29.1,94.9
20260701T102246Z,29.0,95.0
20260701T102301Z,29.0,94.9
20260701T102316Z,29.1,94.9
20260701T102331Z,29.0,95.0
20260701T102346Z,29.0,94.9
20260701T102401Z,29.0,95.0
20260701T102416Z,29.0,95.0
20260701T102431Z,29.0,95.0
20260701T102446Z,29.0,94.9
20260701T102501Z,29.0,95.0
20260701T102516Z,29.0,94.9
20260701T102531Z,29.0,94.9
20260701T102546Z,29.0,94.9
20260701T102601Z,29.0,94.9
20260701T102616Z,29.0,94.8
20260701T102631Z,29.0,94.8
20260701T102646Z,29.0,94.9
20260701T102701Z,29.0,94.9
20260701T102716Z,29.0,94.9
20260701T102731Z,29.0,94.8
20260701T102746Z,29.0,94.9
20260701T102801Z,29.0,94.9
20260701T102816Z,29.0,94.9
20260701T102831Z,29.0,94.9
20260701T102846Z,29.0,95.0
20260701T102901Z,29.0,95.0
20260701T102916Z,29.0,94.8
20260701T102931Z,29.0,95.0
20260701T102946Z,29.0,94.9
20260701T103001Z,29.0,94.9
20260701T103016Z,29.0,94.9
20260701T103031Z,29.0,95.0
20260701T103046Z,29.0,94.9
20260701T103101Z,29.0,94.8
20260701T103116Z,29.0,94.8
20260701T103131Z,29.0,94.8
20260701T103146Z,28.9,94.8
20260701T103201Z,28.9,94.9
20260701T103216Z,28.9,95.0
20260701T103231Z,28.9,95.0
20260701T103246Z,28.9,95.0
20260701T103301Z,28.9,95.0
20260701T103316Z,28.9,94.8
20260701T103331Z,28.9,94.9
20260701T103346Z,28.9,94.9
20260701T103401Z,28.9,95.1
20260701T103416Z,28.9,95.0
20260701T103431Z,28.9,95.0
20260701T103446Z,28.9,95.1
20260701T103501Z,28.9,95.1
20260701T103516Z,28.9,95.0
20260701T103531Z,28.9,95.1
20260701T103546Z,28.9,95.1
20260701T103601Z,28.9,95.1
20260701T103616Z,28.9,95.1
20260701T103631Z,28.9,95.1
20260701T103646Z,28.9,95.0
20260701T103701Z,28.9,95.1
20260701T103716Z,28.9,95.0
20260701T103731Z,28.9,95.0
20260701T103746Z,28.9,95.1
20260701T103801Z,28.9,95.1
20260701T103816Z,28.9,94.9
20260701T103831Z,28.9,95.0
20260701T103846Z,28.9,95.0
20260701T103901Z,28.9,95.0
20260701T103916Z,28.9,95.0
20260701T103931Z,28.9,95.0
20260701T103946Z,28.9,95.0
20260701T104001Z,28.9,94.9
20260701T104016Z,28.9,95.0
20260701T104031Z,28.9,94.9
20260701T104046Z,28.9,94.8
20260701T104101Z,28.9,94.8
20260701T104116Z,28.9,94.9
20260701T104131Z,28.9,94.9
20260701T104146Z,28.9,94.8
20260701T104201Z,28.9,94.9
20260701T104216Z,28.9,94.8
20260701T104231Z,28.9,94.8
20260701T104246Z,28.9,94.8
20260701T104301Z,28.9,94.8
20260701T104316Z,28.9,94.7
20260701T104331Z,28.9,94.6
20260701T104346Z,28.9,94.7
20260701T104401Z,28.9,94.7
20260701T104416Z,28.9,94.8
20260701T104431Z,28.9,94.8
20260701T104446Z,28.9,94.8
20260701T104501Z,28.9,94.8
20260701T104516Z,28.9,94.9
20260701T104531Z,28.9,94.9
20260701T104546Z,28.9,95.0
20260701T104601Z,28.9,94.9
20260701T104616Z,28.9,94.9
20260701T104631Z,28.9,94.7
20260701T104646Z,28.9,94.8
20260701T104701Z,28.9,94.8
20260701T104716Z,28.9,94.9
20260701T104731Z,28.9,94.9
20260701T104746Z,28.8,95.0
20260701T104801Z,28.8,95.0
20260701T104816Z,28.8,95.0
20260701T104831Z,28.8,95.0
20260701T104846Z,28.8,95.0
20260701T104901Z,28.8,95.0
20260701T104916Z,28.8,95.0
20260701T104931Z,28.8,95.0
20260701T104946Z,28.8,95.1
20260701T105001Z,28.8,95.1
20260701T105016Z,28.8,95.1
20260701T105031Z,28.8,95.0
20260701T105046Z,28.8,95.2
20260701T105101Z,28.8,95.1
20260701T105116Z,28.8,95.2
20260701T105131Z,28.8,95.2
20260701T105146Z,28.8,95.3
20260701T105201Z,28.8,95.5
20260701T105216Z,28.8,95.1
20260701T105231Z,28.8,93.6
20260701T105246Z,28.7,93.1
20260701T105301Z,28.7,92.6
20260701T105316Z,28.7,92.0
20260701T105331Z,28.7,91.3
20260701T105346Z,28.6,90.2
20260701T105401Z,28.5,90.0
20260701T105416Z,28.5,88.7
20260701T105431Z,28.4,88.4
20260701T105446Z,28.3,87.9
20260701T105501Z,28.3,87.3
20260701T105516Z,28.2,86.8
20260701T105531Z,28.2,86.4
20260701T105546Z,28.1,85.7
20260701T105601Z,28.0,84.8
20260701T105616Z,28.0,83.8
20260701T105631Z,27.9,83.2
20260701T105646Z,27.8,81.8
20260701T105701Z,27.7,82.1
20260701T105716Z,27.6,80.8
20260701T105731Z,27.6,80.5
20260701T105746Z,27.5,79.4
20260701T105801Z,27.3,78.6
20260701T105816Z,27.2,78.6
20260701T105831Z,27.1,78.3
20260701T105846Z,27.0,77.4
20260701T105901Z,26.9,76.9
20260701T105916Z,26.8,77.0
20260701T105931Z,26.8,76.4
20260701T105946Z,26.7,75.9
20260701T110001Z,26.7,75.5
20260701T110016Z,26.6,75.0
20260701T110031Z,26.6,74.8
20260701T110046Z,26.5,74.1
20260701T110101Z,26.5,73.4
20260701T110116Z,26.4,73.3
20260701T110131Z,26.4,72.3
20260701T110146Z,26.3,72.5
20260701T110201Z,26.2,71.7
20260701T110216Z,26.2,71.3
20260701T110231Z,26.1,71.0
20260701T110246Z,26.1,70.5
20260701T110301Z,26.0,70.0
20260701T110316Z,25.9,69.9
20260701T110331Z,25.9,69.7
20260701T110346Z,25.8,69.2
20260701T110401Z,25.8,68.7
20260701T110416Z,25.7,68.5
20260701T110431Z,25.7,68.0
20260701T110446Z,25.6,67.7
20260701T110501Z,25.5,67.3
20260701T110516Z,25.5,67.1
20260701T110531Z,25.4,66.8
20260701T110546Z,25.3,67.1
20260701T110601Z,25.3,66.6
20260701T110616Z,25.3,66.4
20260701T110631Z,25.3,66.2
20260701T110646Z,25.3,65.7
20260701T110701Z,25.2,65.3
20260701T110716Z,25.2,65.3
20260701T110731Z,25.2,64.6
20260701T110746Z,25.1,64.5
20260701T110801Z,25.1,64.2
20260701T110816Z,25.0,64.1
20260701T110831Z,25.0,63.4
20260701T110846Z,24.9,63.4
20260701T110901Z,24.8,63.1
20260701T110916Z,24.8,62.9
20260701T110931Z,24.7,62.7
20260701T110946Z,24.6,63.1
20260701T111001Z,24.6,63.1
20260701T111016Z,24.6,62.9
20260701T111031Z,24.6,62.4
20260701T111046Z,24.6,62.0
20260701T111101Z,24.6,61.8
20260701T111116Z,24.6,61.7
20260701T111131Z,24.5,61.3
20260701T111146Z,24.5,61.2
20260701T111201Z,24.4,61.2
20260701T111216Z,24.4,61.0
20260701T111231Z,24.3,60.9
20260701T111246Z,24.3,60.7
20260701T111301Z,24.2,60.7
20260701T111316Z,24.2,60.3
20260701T111331Z,24.2,60.4
20260701T111346Z,24.2,60.3
20260701T111401Z,24.2,59.9
20260701T111416Z,24.1,59.6
20260701T111431Z,24.1,60.4
20260701T111446Z,24.1,61.9
20260701T111501Z,24.2,63.1
20260701T111516Z,24.2,66.2
20260701T111531Z,24.3,67.2
20260701T111546Z,24.4,68.2
20260701T111601Z,24.5,68.8
20260701T111616Z,24.6,69.5
20260701T111631Z,24.6,69.7
20260701T111646Z,24.7,70.9
20260701T111701Z,24.8,71.5
20260701T111716Z,24.8,71.9
20260701T111731Z,24.9,72.6
20260701T111746Z,25.0,73.7
20260701T111801Z,25.0,73.8
20260701T111816Z,25.1,74.5
20260701T111831Z,25.1,74.8
20260701T111846Z,25.2,75.1
20260701T111901Z,25.3,76.0
20260701T111916Z,25.3,76.0
20260701T111931Z,25.4,76.8
20260701T111946Z,25.4,77.3
20260701T112001Z,25.5,78.2
20260701T112016Z,25.5,78.4
20260701T112031Z,25.6,78.1
20260701T112046Z,25.6,77.1
20260701T112101Z,25.6,76.3
20260701T112116Z,25.6,76.1
20260701T112131Z,25.6,75.5
20260701T112146Z,25.6,74.9
20260701T112201Z,25.7,74.6
20260701T112216Z,25.7,73.5
20260701T112231Z,25.7,72.8
20260701T112246Z,25.7,72.0
20260701T112301Z,25.6,71.2
20260701T112316Z,25.6,70.7
20260701T112331Z,25.5,70.2
20260701T112346Z,25.5,69.7
20260701T112401Z,25.4,69.5
20260701T112416Z,25.4,68.6
20260701T112431Z,25.4,68.3
20260701T112446Z,25.3,67.6
20260701T112501Z,25.3,67.0
20260701T112516Z,25.2,66.7
20260701T112531Z,25.1,66.5
20260701T112546Z,25.1,65.9
20260701T112601Z,25.0,65.8
20260701T112616Z,25.0,65.5
20260701T112631Z,24.9,64.9
20260701T112646Z,24.8,64.9
20260701T112701Z,24.8,64.5
20260701T112716Z,24.7,64.1
20260701T112731Z,24.7,63.9
20260701T112746Z,24.6,63.7
20260701T112801Z,24.6,63.4
20260701T112816Z,24.6,62.8
20260701T112831Z,24.5,62.5
20260701T112846Z,24.4,62.3
20260701T112901Z,24.4,62.1
20260701T112916Z,24.3,62.5
20260701T112931Z,24.3,63.8
20260701T112946Z,24.3,65.5
20260701T113001Z,24.4,66.9
20260701T113016Z,24.5,69.2
20260701T113031Z,24.5,69.9
20260701T113046Z,24.6,70.7
20260701T113101Z,24.6,71.3
20260701T113116Z,24.7,71.4
20260701T113131Z,24.7,72.2
20260701T113146Z,24.8,72.8
20260701T113201Z,24.9,73.6
20260701T113216Z,24.9,74.0
20260701T113231Z,25.0,75.0
20260701T113246Z,25.0,75.1
20260701T113301Z,25.1,75.9
20260701T113316Z,25.1,76.3
20260701T113331Z,25.1,76.9
20260701T113346Z,25.2,77.4
20260701T113401Z,25.2,77.6
20260701T113416Z,25.3,78.4
20260701T113431Z,25.3,78.7
20260701T113446Z,25.4,79.2
20260701T113501Z,25.4,79.8
20260701T113516Z,25.4,79.9
20260701T113531Z,25.5,80.6
20260701T113546Z,25.5,81.1
20260701T113601Z,25.5,80.6
20260701T113616Z,25.6,79.6
20260701T113632Z,25.6,78.6
20260701T113647Z,25.6,78.3
20260701T113701Z,25.6,78.0
20260701T113716Z,25.6,77.4
20260701T113731Z,25.6,76.2
20260701T113746Z,25.6,75.4
20260701T113801Z,25.6,74.8
20260701T113816Z,25.6,73.7
20260701T113831Z,25.5,72.9
20260701T113846Z,25.5,72.4
20260701T113901Z,25.4,71.4
20260701T113916Z,25.4,70.9
20260701T113931Z,25.3,70.1
20260701T113946Z,25.2,69.6
20260701T114001Z,25.1,69.5
20260701T114016Z,25.0,69.2
20260701T114031Z,25.0,68.7
20260701T114046Z,24.9,68.0
20260701T114101Z,24.9,67.4
20260701T114116Z,24.8,67.2
20260701T114131Z,24.8,66.6
20260701T114146Z,24.7,66.1
20260701T114201Z,24.6,65.9
20260701T114216Z,24.6,65.5
20260701T114231Z,24.5,65.0
20260701T114246Z,24.4,65.2
20260701T114301Z,24.4,64.7
20260701T114316Z,24.3,64.2
20260701T114331Z,24.3,64.5
20260701T114346Z,24.3,66.0
20260701T114401Z,24.3,67.2
20260701T114416Z,24.3,69.7
20260701T114431Z,24.4,71.1
20260701T114446Z,24.4,71.4
20260701T114501Z,24.5,72.5
20260701T114516Z,24.6,73.2
20260701T114531Z,24.6,73.8
20260701T114546Z,24.7,73.9
20260701T114601Z,24.7,74.5
20260701T114616Z,24.7,75.0
20260701T114631Z,24.8,75.4
20260701T114646Z,24.9,75.7
20260701T114701Z,24.9,76.5
20260701T114716Z,25.0,77.1
20260701T114731Z,25.0,77.6
20260701T114746Z,25.0,78.0
20260701T114801Z,25.1,78.4
20260701T114816Z,25.1,79.0
20260701T114831Z,25.2,79.6
20260701T114846Z,25.2,80.3
20260701T114901Z,25.3,80.2
20260701T114916Z,25.3,80.7
20260701T114931Z,25.3,81.2
20260701T114946Z,25.4,81.6
20260701T115001Z,25.4,81.6
20260701T115016Z,25.4,82.1
20260701T115031Z,25.5,82.8
20260701T115046Z,25.5,82.9
20260701T115101Z,25.5,82.9
20260701T115116Z,25.6,82.7
20260701T115131Z,25.6,81.4
20260701T115146Z,25.6,80.8
20260701T115201Z,25.6,80.0
20260701T115216Z,25.6,79.2
20260701T115231Z,25.6,78.3
20260701T115246Z,25.6,77.5
20260701T115301Z,25.6,76.7
20260701T115316Z,25.5,75.9
20260701T115331Z,25.5,75.3
20260701T115346Z,25.4,74.4
20260701T115401Z,25.4,73.8
20260701T115416Z,25.3,72.9
20260701T115431Z,25.3,72.3
20260701T115446Z,25.2,71.9
20260701T115501Z,25.2,71.4
20260701T115516Z,25.1,70.5
20260701T115531Z,25.0,69.9
20260701T115546Z,24.9,69.5
20260701T115601Z,24.9,69.1
20260701T115616Z,24.8,68.5
20260701T115631Z,24.7,68.1
20260701T115646Z,24.6,67.9
20260701T115701Z,24.5,67.3
20260701T115716Z,24.5,67.2
20260701T115732Z,24.4,66.6
20260701T115746Z,24.3,66.5
20260701T115801Z,24.3,67.6
20260701T115816Z,24.2,68.9
20260701T115831Z,24.3,70.1
20260701T115846Z,24.3,72.6
20260701T115901Z,24.4,73.8
20260701T115916Z,24.4,74.3
20260701T115931Z,24.5,74.5
20260701T115946Z,24.5,74.9
20260701T120001Z,24.6,75.4
20260701T120016Z,24.6,76.4
20260701T120031Z,24.7,76.8
20260701T120046Z,24.7,77.3
20260701T120101Z,24.8,77.5
20260701T120116Z,24.8,78.1
20260701T120131Z,24.9,78.5
20260701T120146Z,24.9,78.9
20260701T120201Z,25.0,79.4
20260701T120216Z,25.0,79.9
20260701T120232Z,25.0,80.4
20260701T120247Z,25.1,80.7
20260701T120301Z,25.1,81.2
20260701T120316Z,25.2,81.4
20260701T120331Z,25.2,81.9
20260701T120346Z,25.2,82.0
20260701T120401Z,25.3,82.6
20260701T120417Z,25.3,82.9
20260701T120431Z,25.4,83.3
20260701T120446Z,25.4,83.5
20260701T120501Z,25.4,83.9
20260701T120516Z,25.5,84.4
20260701T120532Z,25.5,84.5
20260701T120547Z,25.5,84.7
20260701T120601Z,25.6,84.3
20260701T120616Z,25.6,83.2
20260701T120631Z,25.6,82.4
20260701T120646Z,25.6,81.7
20260701T120701Z,25.6,80.8
20260701T120716Z,25.5,80.3
20260701T120731Z,25.5,79.1
20260701T120746Z,25.5,77.9
20260701T120801Z,25.4,77.0
20260701T120816Z,25.3,76.8
20260701T120831Z,25.3,76.1
20260701T120846Z,25.3,75.3
20260701T120901Z,25.2,74.6
20260701T120916Z,25.2,74.0
20260701T120932Z,25.1,73.3
20260701T120946Z,25.1,72.4
20260701T121002Z,25.0,72.0
20260701T121016Z,25.0,71.3
20260701T121032Z,24.9,70.8
20260701T121046Z,24.9,70.1
20260701T121102Z,24.8,69.7
20260701T121116Z,24.7,69.1
20260701T121132Z,24.6,68.8
20260701T121146Z,24.5,68.5
20260701T121202Z,24.4,68.0
20260701T121216Z,24.4,67.9
20260701T121232Z,24.3,67.7
20260701T121246Z,24.3,68.6
20260701T121302Z,24.3,70.0
20260701T121316Z,24.3,71.6
20260701T121331Z,24.4,73.7
20260701T121346Z,24.5,74.7
20260701T121401Z,24.5,74.8
20260701T121416Z,24.5,75.3
20260701T121431Z,24.5,75.6
20260701T121447Z,24.6,76.1
20260701T121501Z,24.6,76.7
20260701T121517Z,24.6,77.1
20260701T121532Z,24.7,77.7
20260701T121547Z,24.7,77.9
20260701T121601Z,24.8,78.2
20260701T121617Z,24.8,79.1
20260701T121632Z,24.8,79.8
20260701T121647Z,24.9,79.8
20260701T121701Z,24.9,80.5
20260701T121717Z,25.0,80.7
20260701T121731Z,25.0,81.2
20260701T121747Z,25.1,81.6
20260701T121801Z,25.1,82.0
20260701T121817Z,25.1,82.2
20260701T121831Z,25.2,82.5
20260701T121847Z,25.2,83.0
20260701T121901Z,25.2,83.6
20260701T121917Z,25.3,83.7
20260701T121931Z,25.3,83.9
20260701T121947Z,25.4,84.3
20260701T122001Z,25.4,84.6
20260701T122017Z,25.4,84.8
20260701T122032Z,25.5,85.3
20260701T122047Z,25.5,85.6
20260701T122102Z,25.5,85.9
20260701T122116Z,25.5,85.3
20260701T122132Z,25.5,84.5
20260701T122146Z,25.5,83.3
20260701T122202Z,25.5,82.9
20260701T122217Z,25.5,82.5
20260701T122231Z,25.5,80.8
20260701T122247Z,25.5,80.3
20260701T122301Z,25.5,79.2
20260701T122317Z,25.4,78.1
20260701T122331Z,25.4,77.5
20260701T122347Z,25.3,76.8
20260701T122401Z,25.3,75.9
20260701T122417Z,25.2,75.3
20260701T122432Z,25.1,73.8
20260701T122447Z,25.1,74.1
20260701T122501Z,25.0,73.1
20260701T122517Z,24.9,72.5
20260701T122531Z,24.9,71.8
20260701T122547Z,24.8,71.5
20260701T122601Z,24.8,71.2
20260701T122617Z,24.7,70.6
20260701T122631Z,24.6,70.0
20260701T122647Z,24.6,69.2
20260701T122701Z,24.5,69.0
20260701T122717Z,24.4,68.5
20260701T122731Z,24.3,68.0
20260701T122747Z,24.3,68.5
20260701T122801Z,24.3,69.8
20260701T122817Z,24.3,71.7
20260701T122832Z,24.3,73.4
20260701T122846Z,24.3,74.4
20260701T122902Z,24.4,75.1
20260701T122916Z,24.4,75.6
20260701T122931Z,24.5,76.3
20260701T122947Z,24.5,76.7
20260701T123001Z,24.5,77.3
20260701T123017Z,24.5,77.5
20260701T123032Z,24.6,78.2
20260701T123047Z,24.6,78.5
20260701T123101Z,24.7,79.1
20260701T123117Z,24.7,79.5
20260701T123131Z,24.7,80.0
20260701T123147Z,24.8,80.6
20260701T123201Z,24.8,80.8
20260701T123217Z,24.8,81.4
20260701T123231Z,24.9,81.7
20260701T123247Z,24.9,82.2
20260701T123302Z,25.0,82.4
20260701T123316Z,25.0,82.7
20260701T123331Z,25.0,83.2
20260701T123347Z,25.1,83.6
20260701T123401Z,25.1,83.7
20260701T123417Z,25.2,84.1
20260701T123432Z,25.2,84.4
20260701T123446Z,25.2,84.7
20260701T123502Z,25.3,84.8
20260701T123516Z,25.3,85.2
20260701T123532Z,25.3,85.5
20260701T123546Z,25.4,85.8
20260701T123602Z,25.4,86.0
20260701T123616Z,25.4,86.3
20260701T123631Z,25.4,86.5
20260701T123647Z,25.5,86.4
20260701T123701Z,25.5,86.2
20260701T123716Z,25.5,84.5
20260701T123732Z,25.5,83.9
20260701T123746Z,25.5,83.0
20260701T123802Z,25.4,82.1
20260701T123816Z,25.4,81.4
20260701T123831Z,25.4,80.6
20260701T123847Z,25.3,79.6
20260701T123902Z,25.3,78.7
20260701T123916Z,25.2,77.7
20260701T123932Z,25.2,77.0
20260701T123947Z,25.1,75.9
20260701T124001Z,25.0,75.7
20260701T124017Z,24.9,75.0
20260701T124032Z,24.9,74.5
20260701T124046Z,24.8,74.0
20260701T124102Z,24.8,73.2
20260701T124116Z,24.7,72.5
20260701T124132Z,24.7,72.2
20260701T124146Z,24.6,71.5
20260701T124202Z,24.5,71.2
20260701T124216Z,24.5,70.5
20260701T124232Z,24.4,70.1
20260701T124246Z,24.3,69.5
20260701T124301Z,24.3,69.1
20260701T124317Z,24.2,69.6
20260701T124332Z,24.2,70.7
20260701T124346Z,24.2,73.1
20260701T124402Z,24.3,74.4
20260701T124416Z,24.3,75.4
20260701T124432Z,24.3,75.7
20260701T124446Z,24.4,76.3
20260701T124501Z,24.4,76.9
20260701T124517Z,24.5,77.3
20260701T124531Z,24.5,78.0
20260701T124547Z,24.5,78.2
20260701T124601Z,24.6,78.8
20260701T124616Z,24.6,79.4
20260701T124632Z,24.6,79.9
20260701T124646Z,24.7,80.3
20260701T124702Z,24.7,80.7
20260701T124716Z,24.7,80.9
20260701T124732Z,24.8,81.6
20260701T124746Z,24.8,81.8
20260701T124802Z,24.9,82.4
20260701T124816Z,24.9,83.0
20260701T124832Z,25.0,83.5
20260701T124846Z,25.1,83.6
20260701T124902Z,25.1,84.0
20260701T124916Z,25.1,84.3
20260701T124932Z,25.2,84.5
20260701T124947Z,25.2,84.8
20260701T125001Z,25.3,85.0
20260701T125017Z,25.3,85.7
20260701T125031Z,25.4,85.9
20260701T125047Z,25.4,86.3
20260701T125101Z,25.4,86.3
20260701T125117Z,25.5,85.7
20260701T125131Z,25.5,85.8
20260701T125147Z,25.5,84.3
20260701T125201Z,25.5,83.7
20260701T125216Z,25.5,82.7
20260701T125231Z,25.4,82.0
20260701T125246Z,25.4,80.7
20260701T125301Z,25.4,80.0
20260701T125317Z,25.3,78.9
20260701T125331Z,25.2,78.1
20260701T125347Z,25.2,77.6
20260701T125401Z,25.2,76.6
20260701T125417Z,25.1,75.9
20260701T125431Z,25.1,75.0
20260701T125447Z,25.0,74.1
20260701T125501Z,24.9,73.6
20260701T125517Z,24.8,73.1
20260701T125531Z,24.7,72.9
20260701T125547Z,24.7,72.3
20260701T125602Z,24.7,71.9
20260701T125616Z,24.6,71.0
20260701T125632Z,24.6,70.5
20260701T125646Z,24.6,70.2
20260701T125702Z,24.5,69.7
20260701T125716Z,24.5,69.1
20260701T125732Z,24.4,69.5
20260701T125746Z,24.4,70.7
20260701T125802Z,24.4,72.8
20260701T125816Z,24.4,74.5
20260701T125832Z,24.4,75.5
20260701T125846Z,24.5,76.1
20260701T125901Z,24.5,76.4
20260701T125917Z,24.5,76.8
20260701T125932Z,24.5,77.2
20260701T125946Z,24.6,77.8
20260701T130002Z,24.6,78.6
20260701T130017Z,24.6,78.8
20260701T130032Z,24.6,79.2
20260701T130046Z,24.7,79.7
20260701T130102Z,24.7,80.2
20260701T130116Z,24.8,80.8
20260701T130132Z,24.8,81.3
20260701T130146Z,24.8,81.6
20260701T130201Z,24.8,82.1
20260701T130216Z,24.9,82.5
20260701T130231Z,24.9,82.8
20260701T130247Z,25.0,83.0
20260701T130301Z,25.0,83.4
20260701T130316Z,25.0,83.8
20260701T130332Z,25.1,84.2
20260701T130346Z,25.1,84.6
20260701T130402Z,25.1,84.9
20260701T130416Z,25.2,85.0
20260701T130432Z,25.2,85.2
20260701T130446Z,25.2,85.7
20260701T130501Z,25.3,85.9
20260701T130517Z,25.3,85.9
20260701T130532Z,25.3,86.2
20260701T130546Z,25.4,86.7
20260701T130602Z,25.4,86.8
20260701T130617Z,25.4,87.1
20260701T130632Z,25.5,87.4
20260701T130647Z,25.5,86.6
20260701T130702Z,25.5,86.5
20260701T130716Z,25.5,84.7
20260701T130732Z,25.5,84.3
20260701T130746Z,25.4,83.3
20260701T130802Z,25.4,82.6
20260701T130817Z,25.4,81.7
20260701T130832Z,25.4,80.5
20260701T130847Z,25.3,79.6
20260701T130902Z,25.3,78.6
20260701T130916Z,25.2,78.0
20260701T130931Z,25.2,77.2
20260701T130947Z,25.1,76.2
20260701T131001Z,25.1,75.3
20260701T131017Z,25.0,74.3
20260701T131031Z,24.9,73.7
20260701T131047Z,24.8,73.4
20260701T131102Z,24.7,73.0
20260701T131117Z,24.7,72.6
20260701T131132Z,24.6,72.3
20260701T131147Z,24.6,71.3
20260701T131202Z,24.5,71.1
20260701T131217Z,24.5,70.1
20260701T131232Z,24.4,69.7
20260701T131247Z,24.4,69.0
20260701T131302Z,24.3,69.5
20260701T131317Z,24.3,71.3
20260701T131332Z,24.3,73.2
20260701T131347Z,24.3,74.8
20260701T131402Z,24.3,75.5
20260701T131417Z,24.4,76.1
20260701T131432Z,24.4,76.7
20260701T131447Z,24.4,76.9
20260701T131502Z,24.4,77.7
20260701T131517Z,24.5,78.0
20260701T131532Z,24.5,78.8
20260701T131547Z,24.5,79.5
20260701T131602Z,24.6,79.6
20260701T131617Z,24.6,80.1
20260701T131632Z,24.6,80.7
20260701T131647Z,24.7,81.0
20260701T131702Z,24.7,81.6
20260701T131717Z,24.7,81.8
20260701T131732Z,24.8,82.2
20260701T131747Z,24.8,82.7
20260701T131802Z,24.9,82.8
20260701T131817Z,24.9,83.4
20260701T131832Z,24.9,83.7
20260701T131847Z,25.0,83.8
20260701T131902Z,25.0,84.3
20260701T131917Z,25.0,84.7
20260701T131932Z,25.1,84.8
20260701T131947Z,25.1,85.1
20260701T132002Z,25.1,85.3
20260701T132017Z,25.2,85.8
20260701T132032Z,25.2,85.9
20260701T132047Z,25.2,86.2
20260701T132102Z,25.3,86.5
20260701T132117Z,25.3,86.7
20260701T132132Z,25.3,86.9
20260701T132147Z,25.4,87.4
20260701T132202Z,25.4,87.5
20260701T132217Z,25.4,87.7
20260701T132232Z,25.4,87.7
20260701T132247Z,25.5,88.1
20260701T132302Z,25.5,88.2
20260701T132317Z,25.5,88.3
20260701T132332Z,25.5,88.7
20260701T132347Z,25.6,88.9
20260701T132402Z,25.6,89.0
20260701T132417Z,25.6,89.2
20260701T132432Z,25.6,89.4
20260701T132447Z,25.7,89.5
20260701T132502Z,25.7,89.8
20260701T132517Z,25.7,89.9
20260701T132532Z,25.7,90.0
20260701T132547Z,25.7,90.2
20260701T132602Z,25.8,90.4
20260701T132617Z,25.8,90.6
20260701T132632Z,25.8,90.6
20260701T132647Z,25.8,90.8
20260701T132702Z,25.8,90.9
20260701T132717Z,25.8,91.0
20260701T132732Z,25.9,91.2
20260701T132747Z,25.9,91.3
20260701T132802Z,25.9,91.4
20260701T132817Z,25.9,91.6
20260701T132832Z,25.9,91.8
20260701T132847Z,26.0,91.7
20260701T132902Z,26.0,91.8
20260701T132917Z,26.0,91.8
20260701T132932Z,26.0,92.0
20260701T132947Z,26.0,92.0
20260701T133002Z,26.1,92.1
20260701T133017Z,26.1,92.2
20260701T133032Z,26.1,92.3
20260701T133047Z,26.1,92.4
20260701T133102Z,26.1,92.6
20260701T133117Z,26.1,92.7
20260701T133132Z,26.1,92.7
20260701T133147Z,26.2,92.8
20260701T133202Z,26.2,92.8
20260701T133217Z,26.2,92.8
20260701T133232Z,26.2,93.0
20260701T133247Z,26.2,93.0
20260701T133302Z,26.2,93.0
20260701T133317Z,26.3,93.2
20260701T133332Z,26.2,93.2
20260701T133347Z,26.3,93.3
20260701T133402Z,26.3,93.3
20260701T133417Z,26.3,93.3
20260701T133432Z,26.3,93.5
20260701T133447Z,26.3,93.5
20260701T133502Z,26.3,93.5
20260701T133517Z,26.3,93.5
20260701T133532Z,26.4,93.6
20260701T133547Z,26.4,93.7
20260701T133602Z,26.4,93.7
20260701T133617Z,26.4,93.7
20260701T133632Z,26.4,93.5
20260701T133647Z,26.4,93.1
20260701T133702Z,26.4,91.1
20260701T133717Z,26.4,90.8
20260701T133732Z,26.3,89.5
20260701T133747Z,26.3,88.8
20260701T133802Z,26.2,87.7
20260701T133817Z,26.2,87.3
20260701T133832Z,26.1,86.6
20260701T133847Z,26.0,85.3
20260701T133902Z,26.0,84.4
20260701T133917Z,25.9,83.8
20260701T133932Z,25.8,82.9
20260701T133947Z,25.7,82.1
20260701T134002Z,25.6,81.2
20260701T134017Z,25.6,80.3
20260701T134032Z,25.5,80.3
20260701T134047Z,25.4,79.0
20260701T134102Z,25.3,78.5
20260701T134117Z,25.2,77.7
20260701T134132Z,25.1,77.6
20260701T134147Z,25.0,79.3
20260701T134202Z,25.0,81.2
20260701T134217Z,25.0,83.0
20260701T134233Z,25.0,83.8
20260701T134247Z,25.0,84.0
20260701T134302Z,25.0,84.4
20260701T134317Z,25.0,84.6
20260701T134333Z,25.0,85.2
20260701T134347Z,25.1,85.4
20260701T134402Z,25.1,85.6
20260701T134417Z,25.1,86.0
20260701T134432Z,25.1,86.3
20260701T134447Z,25.2,86.7
20260701T134502Z,25.2,87.0
20260701T134517Z,25.2,87.2
20260701T134532Z,25.2,87.5
20260701T134547Z,25.3,87.7
20260701T134602Z,25.3,88.0
20260701T134617Z,25.3,88.3
20260701T134632Z,25.3,88.3
20260701T134647Z,25.4,88.8
20260701T134702Z,25.4,89.1
20260701T134717Z,25.4,89.2
20260701T134732Z,25.5,89.4
20260701T134747Z,25.5,89.5
20260701T134802Z,25.5,89.7
20260701T134817Z,25.5,90.1
20260701T134832Z,25.6,90.1
20260701T134847Z,25.6,90.4
20260701T134902Z,25.6,90.6
20260701T134917Z,25.6,90.7
20260701T134932Z,25.6,90.8
20260701T134947Z,25.7,91.0
20260701T135002Z,25.7,91.1
20260701T135017Z,25.7,91.3
20260701T135032Z,25.7,91.4
20260701T135047Z,25.8,91.7
20260701T135102Z,25.8,91.8
20260701T135117Z,25.8,91.9
20260701T135132Z,25.8,92.0
20260701T135147Z,25.8,92.0
20260701T135202Z,25.9,92.3
20260701T135217Z,25.9,92.4
20260701T135232Z,25.9,92.5
20260701T135247Z,25.9,92.7
20260701T135302Z,25.9,92.7
20260701T135317Z,25.9,92.8
20260701T135332Z,25.9,93.0
20260701T135347Z,26.0,93.0
20260701T135402Z,26.0,93.2
20260701T135417Z,26.0,93.2
20260701T135432Z,26.0,93.2
20260701T135447Z,26.0,93.3
20260701T135502Z,26.0,93.5
20260701T135517Z,26.1,93.4
20260701T135533Z,26.1,93.6
20260701T135547Z,26.1,93.7
20260701T135602Z,26.1,93.7
20260701T135617Z,26.1,93.7
20260701T135632Z,26.1,93.8
20260701T135647Z,26.1,93.8
20260701T135702Z,26.2,93.9
20260701T135717Z,26.2,93.9
20260701T135732Z,26.2,93.9
20260701T135747Z,26.2,94.1
20260701T135802Z,26.2,94.1
20260701T135817Z,26.2,94.1
20260701T135832Z,26.2,94.1
20260701T135847Z,26.3,94.1
20260701T135902Z,26.3,94.2
20260701T135917Z,26.3,94.2
20260701T135932Z,26.3,94.2
20260701T135947Z,26.3,94.3
20260701T140002Z,26.3,94.4
20260701T140017Z,26.3,94.3
20260701T140032Z,26.3,94.4
20260701T140047Z,26.4,94.4
20260701T140102Z,26.4,94.4
20260701T140117Z,26.4,94.4
20260701T140132Z,26.4,94.4
20260701T140147Z,26.4,94.4
20260701T140202Z,26.4,94.4
20260701T140217Z,26.4,94.5
20260701T140232Z,26.4,94.5
20260701T140247Z,26.5,94.5
20260701T140302Z,26.5,94.5
20260701T140317Z,26.5,93.6
20260701T140332Z,26.5,93.2
20260701T140347Z,26.4,91.7
20260701T140402Z,26.4,91.4
20260701T140417Z,26.4,90.6
20260701T140432Z,26.4,90.0
20260701T140447Z,26.3,88.3
20260701T140502Z,26.2,86.7
20260701T140517Z,26.1,86.7
20260701T140532Z,26.1,85.6
20260701T140547Z,26.0,84.6
20260701T140602Z,25.9,84.1
20260701T140617Z,25.8,83.1
20260701T140632Z,25.8,82.6
20260701T140647Z,25.7,81.7
20260701T140702Z,25.6,80.9
20260701T140717Z,25.5,79.9
20260701T140732Z,25.5,78.9
20260701T140747Z,25.4,79.9
20260701T140802Z,25.3,81.7
20260701T140817Z,25.3,83.2
20260701T140832Z,25.2,84.4
20260701T140847Z,25.2,85.2
20260701T140902Z,25.2,85.5
20260701T140917Z,25.2,85.8
20260701T140932Z,25.2,86.2
20260701T140947Z,25.2,86.5
20260701T141002Z,25.3,87.1
20260701T141017Z,25.3,87.3
20260701T141032Z,25.3,87.4
20260701T141047Z,25.4,87.7
20260701T141102Z,25.4,88.0
20260701T141117Z,25.4,88.3
20260701T141132Z,25.4,88.4
20260701T141147Z,25.5,88.7
20260701T141202Z,25.5,89.0
20260701T141217Z,25.5,89.0
20260701T141232Z,25.5,89.6
20260701T141247Z,25.6,89.5
20260701T141302Z,25.6,89.9
20260701T141317Z,25.6,90.0
20260701T141332Z,25.6,90.3
20260701T141347Z,25.7,90.5
20260701T141402Z,25.7,90.6
20260701T141417Z,25.7,90.8
20260701T141432Z,25.7,91.0
20260701T141447Z,25.7,91.2
20260701T141502Z,25.7,91.3
20260701T141517Z,25.7,91.5
20260701T141532Z,25.8,91.6
20260701T141547Z,25.8,91.8
20260701T141602Z,25.8,91.9
20260701T141617Z,25.8,92.1
20260701T141632Z,25.9,92.4
20260701T141647Z,25.9,92.4
20260701T141702Z,25.9,92.5
20260701T141717Z,25.9,92.6
20260701T141732Z,25.9,92.7
20260701T141747Z,25.9,92.8
20260701T141802Z,26.0,92.9
20260701T141817Z,26.0,93.1
20260701T141832Z,26.0,93.2
20260701T141847Z,26.0,93.2
20260701T141902Z,26.0,93.4
20260701T141917Z,26.0,93.5
20260701T141932Z,26.1,93.6
20260701T141947Z,26.1,93.7
20260701T142002Z,26.1,93.8
20260701T142017Z,26.1,93.8
20260701T142032Z,26.1,94.0
20260701T142047Z,26.1,93.9
20260701T142102Z,26.1,94.0
20260701T142117Z,26.2,94.1
20260701T142132Z,26.2,94.2
20260701T142147Z,26.2,94.3
20260701T142202Z,26.2,94.2
20260701T142217Z,26.2,94.3
20260701T142232Z,26.2,94.4
20260701T142247Z,26.2,94.4
20260701T142302Z,26.3,94.5
20260701T142317Z,26.3,94.5
20260701T142333Z,26.3,94.6
20260701T142347Z,26.3,94.6
20260701T142402Z,26.3,94.6
20260701T142417Z,26.3,94.6
20260701T142432Z,26.3,95.0
20260701T142447Z,26.3,94.8
20260701T142502Z,26.4,94.8
20260701T142517Z,26.4,94.8
20260701T142532Z,26.4,94.9
20260701T142547Z,26.4,94.8
20260701T142602Z,26.4,94.8
20260701T142617Z,26.4,94.8
20260701T142632Z,26.4,94.9
20260701T142647Z,26.4,94.9
20260701T142702Z,26.5,94.9
20260701T142717Z,26.5,94.9
20260701T142732Z,26.5,94.9
20260701T142747Z,26.5,94.3
20260701T142802Z,26.5,92.7
20260701T142817Z,26.4,92.0
20260701T142832Z,26.4,91.4
20260701T142847Z,26.4,90.0
20260701T142902Z,26.3,89.4
20260701T142917Z,26.3,88.5
20260701T142932Z,26.2,87.3
20260701T142947Z,26.1,86.2
20260701T143002Z,26.0,85.4
20260701T143017Z,26.0,84.7
20260701T143032Z,25.9,83.5
20260701T143047Z,25.8,82.9
20260701T143102Z,25.7,82.5
20260701T143117Z,25.6,81.5
20260701T143132Z,25.5,80.6
20260701T143147Z,25.5,80.2
20260701T143202Z,25.4,79.7
20260701T143217Z,25.3,81.1
20260701T143232Z,25.3,81.8
20260701T143247Z,25.2,83.9
20260701T143302Z,25.2,85.0
20260701T143317Z,25.2,85.4
20260701T143332Z,25.2,85.7
20260701T143347Z,25.2,85.8
20260701T143402Z,25.2,86.3
20260701T143417Z,25.3,87.0
20260701T143432Z,25.3,87.3
20260701T143447Z,25.3,87.4
20260701T143502Z,25.3,87.8
20260701T143517Z,25.3,88.0
20260701T143532Z,25.4,88.3
20260701T143547Z,25.4,88.5
20260701T143602Z,25.4,88.8
20260701T143617Z,25.4,89.2
20260701T143633Z,25.5,89.3
20260701T143648Z,25.5,89.5
20260701T143702Z,25.5,89.6
20260701T143717Z,25.5,90.1
20260701T143732Z,25.6,90.2
20260701T143747Z,25.6,90.4
20260701T143802Z,25.6,90.6
20260701T143817Z,25.6,90.8
20260701T143832Z,25.7,91.1
20260701T143847Z,25.7,91.2
20260701T143902Z,25.7,91.3
20260701T143917Z,25.7,91.9
20260701T143932Z,25.7,92.0
20260701T143947Z,25.8,92.5
20260701T144002Z,25.8,92.5
20260701T144017Z,25.8,92.6
20260701T144032Z,25.9,92.7
20260701T144047Z,25.9,92.9
20260701T144102Z,25.9,93.1
20260701T144117Z,25.9,93.2
20260701T144132Z,26.0,93.3
20260701T144147Z,26.0,93.5
20260701T144202Z,26.0,93.6
20260701T144217Z,26.0,93.9
20260701T144232Z,26.0,93.8
20260701T144247Z,26.1,93.9
20260701T144302Z,26.1,94.2
20260701T144317Z,26.1,94.3
20260701T144332Z,26.1,94.4
20260701T144347Z,26.1,94.3
20260701T144402Z,26.1,94.4
20260701T144417Z,26.2,94.6
20260701T144432Z,26.2,94.7
20260701T144447Z,26.2,94.8
20260701T144502Z,26.2,94.8
20260701T144517Z,26.2,94.9
20260701T144532Z,26.3,95.1
20260701T144547Z,26.3,95.0
20260701T144602Z,26.3,95.2
20260701T144617Z,26.3,95.1
20260701T144632Z,26.3,95.2
20260701T144647Z,26.3,95.3
20260701T144702Z,26.3,95.2
20260701T144717Z,26.4,95.4
20260701T144732Z,26.4,95.4
20260701T144747Z,26.4,95.4
20260701T144802Z,26.4,95.5
20260701T144817Z,26.4,95.5
20260701T144832Z,26.4,95.5
20260701T144847Z,26.5,95.5
20260701T144902Z,26.5,95.5
20260701T144917Z,26.5,95.5
20260701T144933Z,26.5,95.6
20260701T144947Z,26.5,95.6
20260701T145002Z,26.5,94.8
20260701T145017Z,26.5,94.6
20260701T145032Z,26.5,93.5
20260701T145047Z,26.5,92.4
20260701T145102Z,26.5,91.7
20260701T145117Z,26.4,90.3
20260701T145132Z,26.4,89.2
20260701T145147Z,26.3,88.2
20260701T145202Z,26.3,87.3
20260701T145217Z,26.2,86.5
20260701T145232Z,26.1,85.6
20260701T145247Z,26.0,84.7
20260701T145302Z,25.9,84.0
20260701T145317Z,25.8,83.3
20260701T145332Z,25.7,83.1
20260701T145347Z,25.7,82.2
20260701T145402Z,25.6,81.3
20260701T145417Z,25.6,80.2
20260701T145432Z,25.5,79.4
20260701T145447Z,25.4,80.1
20260701T145502Z,25.4,81.7
20260701T145517Z,25.4,83.2
20260701T145532Z,25.4,84.7
20260701T145547Z,25.3,85.2
20260701T145602Z,25.3,85.8
20260701T145617Z,25.3,86.1
20260701T145632Z,25.3,86.3
20260701T145647Z,25.3,86.8
20260701T145702Z,25.4,87.0
20260701T145717Z,25.4,87.5
20260701T145732Z,25.4,87.8
20260701T145747Z,25.4,88.3
20260701T145802Z,25.5,88.6
20260701T145817Z,25.5,88.8
20260701T145832Z,25.5,89.2
20260701T145847Z,25.6,89.2
20260701T145902Z,25.6,89.8
20260701T145917Z,25.6,90.5
20260701T145932Z,25.7,90.4
20260701T145947Z,25.7,90.7
20260701T150002Z,25.7,91.4
20260701T150017Z,25.8,91.4
20260701T150032Z,25.8,91.6
20260701T150047Z,25.8,91.7
20260701T150102Z,25.8,91.9
20260701T150117Z,25.8,92.1
20260701T150132Z,25.9,92.2
20260701T150147Z,25.9,92.4
20260701T150202Z,25.9,92.7
20260701T150217Z,25.9,92.8
20260701T150232Z,26.0,92.9
20260701T150247Z,26.0,93.1
20260701T150302Z,26.0,93.2
20260701T150317Z,26.0,93.5
20260701T150332Z,26.1,93.5
20260701T150347Z,26.1,93.9
20260701T150402Z,26.1,93.8
20260701T150417Z,26.1,93.8
20260701T150432Z,26.2,94.3
20260701T150447Z,26.2,94.3
20260701T150502Z,26.2,94.3
20260701T150517Z,26.2,94.5
20260701T150532Z,26.2,94.5
20260701T150547Z,26.2,94.7
20260701T150602Z,26.2,94.7
20260701T150617Z,26.3,94.8
20260701T150632Z,26.3,94.9
20260701T150647Z,26.3,94.9
20260701T150702Z,26.3,95.0
20260701T150717Z,26.3,95.1
20260701T150732Z,26.3,95.2
20260701T150747Z,26.3,95.3
20260701T150802Z,26.3,95.4
20260701T150817Z,26.3,95.4
20260701T150832Z,26.4,95.5
20260701T150847Z,26.4,95.6
20260701T150902Z,26.4,95.6
20260701T150917Z,26.4,95.7
20260701T150932Z,26.4,95.7
20260701T150947Z,26.4,95.8
20260701T151002Z,26.4,95.8
20260701T151017Z,26.4,95.0
20260701T151032Z,26.4,93.7
20260701T151047Z,26.4,92.7
20260701T151102Z,26.3,92.2
20260701T151117Z,26.3,90.8
20260701T151132Z,26.3,90.1
20260701T151147Z,26.2,89.2
20260701T151202Z,26.1,87.8
20260701T151217Z,26.1,87.3
20260701T151232Z,26.0,86.6
20260701T151247Z,26.0,85.2
20260701T151302Z,25.9,84.4
20260701T151317Z,25.8,83.7
20260701T151332Z,25.7,83.2
20260701T151347Z,25.7,82.3
20260701T151402Z,25.6,81.5
20260701T151417Z,25.5,80.7
20260701T151432Z,25.5,79.9
20260701T151447Z,25.4,80.0
20260701T151502Z,25.4,81.4
20260701T151517Z,25.4,82.8
20260701T151532Z,25.4,83.9
20260701T151547Z,25.4,85.0
20260701T151602Z,25.3,85.3
20260701T151617Z,25.3,85.6
20260701T151632Z,25.3,86.1
20260701T151647Z,25.3,86.4
20260701T151702Z,25.3,87.0
20260701T151717Z,25.3,87.3
20260701T151732Z,25.4,87.6
20260701T151747Z,25.4,87.9
20260701T151802Z,25.4,88.1
20260701T151817Z,25.4,88.4
20260701T151832Z,25.5,88.7
20260701T151847Z,25.5,88.9
20260701T151902Z,25.5,89.3
20260701T151917Z,25.5,89.6
20260701T151932Z,25.6,89.9
20260701T151947Z,25.6,90.1
20260701T152002Z,25.6,90.1
20260701T152017Z,25.6,90.4
20260701T152032Z,25.6,90.8
20260701T152047Z,25.7,90.9
20260701T152102Z,25.7,91.1
20260701T152117Z,25.7,91.3
20260701T152132Z,25.7,91.5
20260701T152147Z,25.7,91.8
20260701T152202Z,25.8,91.9
20260701T152217Z,25.8,92.1
20260701T152232Z,25.8,92.2
20260701T152247Z,25.8,92.3
20260701T152302Z,25.8,92.5
20260701T152317Z,25.9,92.6
20260701T152332Z,25.9,92.8
20260701T152347Z,25.9,93.0
20260701T152402Z,25.9,93.2
20260701T152417Z,25.9,93.3
20260701T152432Z,25.9,93.4
20260701T152447Z,25.9,93.5
20260701T152502Z,26.0,93.6
20260701T152517Z,26.0,93.7
20260701T152532Z,26.0,93.8
20260701T152547Z,26.0,93.9
20260701T152602Z,26.0,93.9
20260701T152617Z,26.0,94.1
20260701T152632Z,26.1,94.2
20260701T152647Z,26.1,94.3
20260701T152702Z,26.1,94.4
20260701T152717Z,26.1,94.4
20260701T152732Z,26.1,94.5
20260701T152747Z,26.1,94.7
20260701T152802Z,26.1,94.7
20260701T152817Z,26.2,94.8
20260701T152833Z,26.2,94.9
20260701T152848Z,26.2,94.9
20260701T152902Z,26.2,95.1
20260701T152917Z,26.2,95.1
20260701T152932Z,26.2,95.1
20260701T152947Z,26.3,95.2
20260701T153002Z,26.3,95.3
20260701T153017Z,26.3,95.2
20260701T153032Z,26.3,95.3
20260701T153047Z,26.3,95.4
20260701T153102Z,26.3,95.4
20260701T153117Z,26.3,95.4
20260701T153132Z,26.3,95.5
20260701T153147Z,26.4,95.5
20260701T153202Z,26.4,95.6
20260701T153217Z,26.4,95.6
20260701T153232Z,26.4,95.6
20260701T153247Z,26.4,95.6
20260701T153302Z,26.4,95.6
20260701T153317Z,26.4,95.6
20260701T153332Z,26.5,95.7
20260701T153347Z,26.5,94.9
20260701T153402Z,26.4,93.3
20260701T153417Z,26.4,92.5
20260701T153432Z,26.4,92.0
20260701T153447Z,26.3,90.7
20260701T153502Z,26.3,90.0
20260701T153517Z,26.2,89.0
20260701T153532Z,26.1,87.9
20260701T153547Z,26.1,87.1
20260701T153602Z,26.0,86.5
20260701T153617Z,25.9,85.7
20260701T153632Z,25.9,85.2
20260701T153647Z,25.8,83.8
20260701T153702Z,25.7,83.3
20260701T153717Z,25.7,82.3
20260701T153732Z,25.6,81.8
20260701T153747Z,25.6,80.8
20260701T153802Z,25.5,79.9
20260701T153817Z,25.4,79.6
20260701T153832Z,25.4,81.0
20260701T153847Z,25.3,82.6
20260701T153902Z,25.3,83.9
20260701T153917Z,25.3,85.0
20260701T153932Z,25.3,85.4
20260701T153947Z,25.3,85.8
20260701T154002Z,25.3,86.3
20260701T154017Z,25.3,86.5
20260701T154032Z,25.3,87.0
20260701T154047Z,25.3,87.3
20260701T154102Z,25.3,87.5
20260701T154117Z,25.3,88.0
20260701T154133Z,25.4,88.2
20260701T154148Z,25.4,88.7
20260701T154202Z,25.4,88.8
20260701T154217Z,25.4,89.2
20260701T154232Z,25.4,89.4
20260701T154247Z,25.5,89.6
20260701T154302Z,25.5,89.9
20260701T154317Z,25.5,90.1
20260701T154334Z,25.6,90.4
20260701T154348Z,25.6,90.6
20260701T154402Z,25.6,90.8
20260701T154417Z,25.7,91.0
20260701T154432Z,25.7,91.1
20260701T154447Z,25.7,91.4
20260701T154502Z,25.7,91.5
20260701T154517Z,25.7,91.8
20260701T154532Z,25.8,91.8
20260701T154547Z,25.8,92.1
20260701T154602Z,25.8,92.2
20260701T154617Z,25.8,92.4
20260701T154632Z,25.8,92.5
20260701T154647Z,25.8,92.7
20260701T154702Z,25.8,92.7
20260701T154717Z,25.9,92.9
20260701T154732Z,25.9,92.9
20260701T154747Z,25.9,93.2
20260701T154802Z,25.9,93.4
20260701T154817Z,26.0,93.5
20260701T154832Z,26.0,93.5
20260701T154847Z,26.0,93.7
20260701T154902Z,26.0,93.7
20260701T154917Z,26.0,93.9
20260701T154932Z,26.0,94.0
20260701T154947Z,26.1,94.0
20260701T155002Z,26.1,94.2
20260701T155017Z,26.1,94.3
20260701T155032Z,26.1,94.4
20260701T155047Z,26.1,94.5
20260701T155102Z,26.1,94.5
20260701T155117Z,26.1,94.6
20260701T155132Z,26.2,94.7
20260701T155147Z,26.2,94.8
20260701T155202Z,26.2,94.8
20260701T155217Z,26.2,94.9
20260701T155232Z,26.2,95.0
20260701T155247Z,26.2,95.0
20260701T155302Z,26.2,95.0
20260701T155317Z,26.2,95.2
20260701T155332Z,26.3,95.5
20260701T155347Z,26.3,95.5
20260701T155402Z,26.3,95.6
20260701T155417Z,26.4,96.0
20260701T155432Z,26.4,96.0
20260701T155447Z,26.4,96.0
20260701T155502Z,26.4,95.3
20260701T155517Z,26.4,94.6
20260701T155532Z,26.4,92.9
20260701T155547Z,26.4,92.7
20260701T155603Z,26.3,91.8
20260701T155617Z,26.3,90.7
20260701T155632Z,26.2,90.1
20260701T155647Z,26.2,89.5
20260701T155702Z,26.1,88.4
20260701T155717Z,26.1,87.9
20260701T155732Z,26.0,87.0
20260701T155747Z,26.0,86.1
20260701T155802Z,25.9,85.4
20260701T155817Z,25.9,84.9
20260701T155833Z,25.8,83.6
20260701T155848Z,25.8,83.0
20260701T155902Z,25.7,82.5
20260701T155917Z,25.7,81.4
20260701T155932Z,25.6,80.6
20260701T155947Z,25.6,79.9
20260701T160002Z,25.5,80.7
20260701T160017Z,25.5,82.7
20260701T160032Z,25.5,84.5
20260701T160047Z,25.5,85.0
20260701T160102Z,25.5,85.5
20260701T160117Z,25.5,86.1
20260701T160133Z,25.4,86.3
20260701T160147Z,25.4,86.7
20260701T160203Z,25.5,87.1
20260701T160217Z,25.5,87.4
20260701T160232Z,25.5,87.7
20260701T160247Z,25.5,88.1
20260701T160302Z,25.5,88.5
20260701T160317Z,25.5,88.7
20260701T160332Z,25.6,89.6
20260701T160347Z,25.6,89.6
20260701T160402Z,25.6,89.9
20260701T160417Z,25.6,89.9
20260701T160432Z,25.7,90.1
20260701T160447Z,25.7,90.3
20260701T160502Z,25.7,90.7
20260701T160517Z,25.8,90.8
20260701T160532Z,25.8,91.2
20260701T160547Z,25.8,91.3
20260701T160602Z,25.8,91.5
20260701T160617Z,25.8,91.7
20260701T160633Z,25.9,92.0
20260701T160648Z,25.9,92.2
20260701T160702Z,25.9,92.2
20260701T160717Z,25.9,92.4
20260701T160733Z,26.0,92.5
20260701T160747Z,26.0,92.7
20260701T160803Z,26.0,92.8
20260701T160817Z,26.0,93.0
20260701T160833Z,26.1,93.1
20260701T160847Z,26.1,93.2
20260701T160903Z,26.1,93.5
20260701T160917Z,26.1,93.5
20260701T160932Z,26.1,93.7
20260701T160947Z,26.1,93.8
20260701T161003Z,26.2,93.9
20260701T161017Z,26.2,94.0
20260701T161032Z,26.2,94.1
20260701T161047Z,26.2,94.2
20260701T161103Z,26.2,94.3
20260701T161117Z,26.2,94.5
20260701T161132Z,26.2,94.5
20260701T161148Z,26.3,94.7
20260701T161202Z,26.3,94.7
20260701T161218Z,26.3,94.8
20260701T161232Z,26.3,94.9
20260701T161248Z,26.3,95.0
20260701T161302Z,26.3,95.1
20260701T161317Z,26.3,95.1
20260701T161332Z,26.4,95.2
20260701T161348Z,26.4,95.2
20260701T161402Z,26.4,95.4
20260701T161418Z,26.4,95.5
20260701T161432Z,26.4,95.5
20260701T161448Z,26.4,95.6
20260701T161502Z,26.4,95.7
20260701T161518Z,26.4,95.8
20260701T161532Z,26.5,95.8
20260701T161548Z,26.5,95.9
20260701T161602Z,26.5,95.9
20260701T161618Z,26.5,96.0
20260701T161632Z,26.5,96.0
20260701T161648Z,26.5,96.0
20260701T161702Z,26.5,95.2
20260701T161718Z,26.5,94.5
20260701T161732Z,26.5,93.3
20260701T161748Z,26.5,92.5
20260701T161802Z,26.4,91.5
20260701T161818Z,26.4,90.9
20260701T161832Z,26.3,90.2
20260701T161848Z,26.3,89.2
20260701T161902Z,26.2,88.3
20260701T161918Z,26.2,87.9
20260701T161932Z,26.1,86.4
20260701T161947Z,26.1,85.7
20260701T162002Z,26.0,85.0
20260701T162017Z,25.9,84.3
20260701T162033Z,25.9,83.4
20260701T162047Z,25.8,82.7
20260701T162103Z,25.8,82.2
20260701T162117Z,25.7,81.4
20260701T162133Z,25.7,80.4
20260701T162147Z,25.6,80.6
20260701T162203Z,25.6,81.9
20260701T162217Z,25.6,83.3
20260701T162232Z,25.6,84.7
20260701T162248Z,25.5,85.0
20260701T162302Z,25.5,85.7
20260701T162318Z,25.5,86.0
20260701T162333Z,25.5,86.3
20260701T162347Z,25.5,86.8
20260701T162403Z,25.5,87.2
20260701T162417Z,25.5,87.5
20260701T162433Z,25.5,87.7
20260701T162447Z,25.5,87.9
20260701T162503Z,25.6,88.2
20260701T162517Z,25.6,88.5
20260701T162533Z,25.6,88.8
20260701T162547Z,25.6,89.2
20260701T162603Z,25.7,89.4
20260701T162617Z,25.7,89.6
20260701T162632Z,25.7,89.9
20260701T162648Z,25.7,90.1
20260701T162702Z,25.7,90.3
20260701T162718Z,25.8,90.5
20260701T162732Z,25.8,90.8
20260701T162748Z,25.8,91.1
20260701T162802Z,25.8,91.2
20260701T162818Z,25.9,91.3
20260701T162832Z,25.9,91.5
20260701T162847Z,25.9,91.6
20260701T162903Z,25.9,91.9
20260701T162918Z,26.0,92.1
20260701T162932Z,26.0,92.2
20260701T162947Z,26.0,92.4
20260701T163002Z,26.0,92.5
20260701T163018Z,26.0,92.7
20260701T163033Z,26.0,92.8
20260701T163047Z,26.1,93.0
20260701T163103Z,26.1,93.1
20260701T163117Z,26.1,93.2
20260701T163133Z,26.1,93.3
20260701T163147Z,26.1,93.5
20260701T163203Z,26.2,93.5
20260701T163217Z,26.2,93.6
20260701T163232Z,26.2,93.7
20260701T163248Z,26.2,94.0
20260701T163302Z,26.2,94.0
20260701T163318Z,26.2,94.1
20260701T163332Z,26.3,94.2
20260701T163348Z,26.3,94.3
20260701T163402Z,26.3,94.3
20260701T163418Z,26.3,94.5
20260701T163433Z,26.3,94.6
20260701T163447Z,26.3,94.8
20260701T163503Z,26.3,94.8
20260701T163517Z,26.3,94.8
20260701T163533Z,26.4,95.0
20260701T163547Z,26.4,95.0
20260701T163602Z,26.4,95.2
20260701T163618Z,26.4,95.1
20260701T163633Z,26.4,95.2
20260701T163647Z,26.4,95.3
20260701T163702Z,26.4,95.5
20260701T163718Z,26.4,95.5
20260701T163732Z,26.5,95.6
20260701T163748Z,26.5,95.6
20260701T163802Z,26.5,95.6
20260701T163817Z,26.5,95.7
20260701T163832Z,26.5,95.8
20260701T163847Z,26.5,95.8
20260701T163903Z,26.5,95.8
20260701T163917Z,26.5,95.9
20260701T163933Z,26.6,95.9
20260701T163947Z,26.6,95.8
20260701T164003Z,26.6,96.0
20260701T164017Z,26.6,96.1
20260701T164033Z,26.6,95.3
20260701T164047Z,26.6,94.6
20260701T164103Z,26.6,93.3
20260701T164117Z,26.5,92.7
20260701T164133Z,26.5,91.8
20260701T164147Z,26.4,90.5
20260701T164202Z,26.4,89.8
20260701T164217Z,26.3,89.1
20260701T164232Z,26.3,88.4
20260701T164248Z,26.2,87.0
20260701T164302Z,26.2,86.3
20260701T164318Z,26.1,85.8
20260701T164332Z,26.0,84.4
20260701T164348Z,25.9,84.3
20260701T164402Z,25.9,83.2
20260701T164418Z,25.8,82.2
20260701T164432Z,25.8,82.0
20260701T164448Z,25.7,80.9
20260701T164503Z,25.6,80.6
20260701T164517Z,25.6,81.8
20260701T164533Z,25.5,83.0
20260701T164547Z,25.5,84.4
20260701T164603Z,25.5,85.5
20260701T164617Z,25.5,85.9
20260701T164633Z,25.5,86.3
20260701T164647Z,25.5,86.6
20260701T164703Z,25.5,86.9
20260701T164717Z,25.5,87.4
20260701T164733Z,25.5,87.8
20260701T164747Z,25.5,88.1
20260701T164803Z,25.5,88.3
20260701T164817Z,25.6,88.6
20260701T164832Z,25.6,89.0
20260701T164848Z,25.6,89.1
20260701T164902Z,25.6,89.3
20260701T164918Z,25.6,89.7
20260701T164932Z,25.7,89.8
20260701T164948Z,25.7,90.3
20260701T165002Z,25.8,90.4
20260701T165018Z,25.8,90.6
20260701T165032Z,25.8,90.9
20260701T165048Z,25.8,91.1
20260701T165102Z,25.8,91.3
20260701T165118Z,25.8,91.3
20260701T165132Z,25.9,91.6
20260701T165148Z,25.9,91.7
20260701T165202Z,25.9,91.9
20260701T165218Z,25.9,92.1
20260701T165232Z,26.0,92.2
20260701T165248Z,26.0,92.4
20260701T165302Z,26.0,92.4
20260701T165318Z,26.0,92.6
20260701T165332Z,26.0,92.7
20260701T165348Z,26.1,92.9
20260701T165402Z,26.1,93.1
20260701T165418Z,26.1,93.1
20260701T165432Z,26.1,93.3
20260701T165448Z,26.1,93.4
20260701T165503Z,26.2,93.5
20260701T165518Z,26.2,92.9
20260701T165532Z,26.2,92.2
20260701T165548Z,26.2,91.0
20260701T165602Z,26.2,90.4
20260701T165618Z,26.2,89.3
20260701T165632Z,26.1,88.7
20260701T165648Z,26.1,88.0
20260701T165702Z,26.1,87.2
20260701T165718Z,26.0,86.5
20260701T165732Z,26.0,85.4
20260701T165748Z,26.0,84.5
20260701T165802Z,25.9,83.2
20260701T165818Z,25.9,82.0
20260701T165833Z,25.8,81.3
20260701T165848Z,25.8,80.4
20260701T165902Z,25.7,79.5
20260701T165918Z,25.6,78.7
20260701T165932Z,25.6,77.8
20260701T165948Z,25.5,76.7
20260701T170002Z,25.4,76.2
20260701T170018Z,25.3,75.6
20260701T170033Z,25.3,74.7
20260701T170047Z,25.2,75.0
20260701T170102Z,25.1,74.3
20260701T170117Z,25.0,73.8
20260701T170133Z,25.0,73.2
20260701T170147Z,24.9,72.6
20260701T170203Z,24.8,73.2
20260701T170217Z,24.8,74.5
20260701T170234Z,24.8,76.8
20260701T170248Z,24.8,78.4
20260701T170303Z,24.8,79.3
20260701T170317Z,24.7,79.9
20260701T170333Z,24.7,80.2
20260701T170347Z,24.7,80.6
20260701T170403Z,24.8,80.8
20260701T170418Z,24.8,81.0
20260701T170433Z,24.8,81.7
20260701T170448Z,24.9,82.1
20260701T170503Z,24.9,82.4
20260701T170517Z,25.0,82.7
20260701T170533Z,25.0,83.3
20260701T170547Z,25.0,83.6
20260701T170603Z,25.1,83.9
20260701T170617Z,25.1,84.2
20260701T170633Z,25.1,84.5
20260701T170647Z,25.2,84.8
20260701T170703Z,25.2,85.1
20260701T170718Z,25.2,85.3
20260701T170734Z,25.3,85.9
20260701T170748Z,25.3,86.0
20260701T170803Z,25.4,86.2
20260701T170818Z,25.4,86.6
20260701T170833Z,25.4,86.8
20260701T170848Z,25.4,87.0
20260701T170903Z,25.5,87.2
20260701T170918Z,25.5,87.4
20260701T170933Z,25.5,87.7
20260701T170948Z,25.6,87.9
20260701T171003Z,25.6,88.1
20260701T171018Z,25.6,88.4
20260701T171033Z,25.6,88.6
20260701T171048Z,25.7,88.7
20260701T171103Z,25.7,89.0
20260701T171118Z,25.7,89.1
20260701T171133Z,25.7,89.4
20260701T171148Z,25.8,89.5
20260701T171203Z,25.8,89.7
20260701T171218Z,25.8,89.3
20260701T171233Z,25.8,89.1
20260701T171248Z,25.8,88.0
20260701T171303Z,25.8,87.2
20260701T171318Z,25.8,86.4
20260701T171333Z,25.8,86.0
20260701T171348Z,25.7,84.0
20260701T171403Z,25.7,83.2
20260701T171418Z,25.6,82.8
20260701T171433Z,25.6,81.6
20260701T171448Z,25.5,81.2
20260701T171503Z,25.5,80.5
20260701T171518Z,25.5,79.8
20260701T171533Z,25.4,78.8
20260701T171548Z,25.3,77.7
20260701T171603Z,25.3,76.6
20260701T171618Z,25.2,75.8
20260701T171633Z,25.1,75.2
20260701T171648Z,25.0,75.0
20260701T171703Z,25.0,74.5
20260701T171718Z,24.9,74.2
20260701T171733Z,24.8,73.7
20260701T171748Z,24.7,74.6
20260701T171803Z,24.7,76.7
20260701T171818Z,24.8,78.4
20260701T171833Z,24.8,79.4
20260701T171848Z,24.8,80.2
20260701T171903Z,24.8,80.5
20260701T171918Z,24.8,80.9
20260701T171933Z,24.8,81.1
20260701T171948Z,24.9,81.4
20260701T172003Z,24.9,81.7
20260701T172018Z,24.9,82.2
20260701T172033Z,24.9,82.5
20260701T172048Z,24.9,83.0
20260701T172103Z,25.0,83.2
20260701T172118Z,25.0,83.6
20260701T172133Z,25.0,84.0
20260701T172148Z,25.0,84.1
20260701T172203Z,25.1,84.4
20260701T172218Z,25.1,84.7
20260701T172233Z,25.1,85.0
20260701T172248Z,25.2,85.4
20260701T172303Z,25.2,85.6
20260701T172318Z,25.2,86.0
20260701T172333Z,25.2,86.3
20260701T172348Z,25.2,86.6
20260701T172403Z,25.3,86.8
20260701T172418Z,25.3,87.2
20260701T172433Z,25.3,87.1
20260701T172448Z,25.3,87.4
20260701T172503Z,25.4,87.7
20260701T172518Z,25.4,87.9
20260701T172533Z,25.4,88.1
20260701T172548Z,25.4,88.3
20260701T172603Z,25.5,88.5
20260701T172618Z,25.5,88.8
20260701T172633Z,25.5,89.0
20260701T172648Z,25.5,89.1
20260701T172703Z,25.6,89.3
20260701T172718Z,25.6,89.5
20260701T172733Z,25.6,89.8
20260701T172748Z,25.6,89.8
20260701T172803Z,25.6,90.0
20260701T172818Z,25.6,90.3
20260701T172833Z,25.7,90.6
20260701T172848Z,25.7,90.7
20260701T172903Z,25.7,90.8
20260701T172918Z,25.7,91.0
20260701T172933Z,25.7,91.2
20260701T172948Z,25.7,90.6
20260701T173003Z,25.7,90.4
20260701T173018Z,25.7,89.2
20260701T173033Z,25.7,88.6
20260701T173048Z,25.7,87.9
20260701T173103Z,25.7,86.6
20260701T173118Z,25.6,85.7
20260701T173133Z,25.6,84.7
20260701T173148Z,25.6,83.9
20260701T173203Z,25.5,82.7
20260701T173218Z,25.5,82.2
20260701T173233Z,25.4,80.7
20260701T173248Z,25.3,79.5
20260701T173303Z,25.2,78.7
20260701T173318Z,25.1,78.1
20260701T173333Z,25.0,77.3
20260701T173348Z,24.9,76.7
20260701T173403Z,24.8,76.5
20260701T173418Z,24.6,75.9
20260701T173433Z,24.5,75.7
20260701T173448Z,24.4,76.0
20260701T173503Z,24.4,77.3
20260701T173518Z,24.3,79.1
20260701T173533Z,24.4,80.8
20260701T173548Z,24.4,81.8
20260701T173603Z,24.4,82.4
20260701T173618Z,24.4,82.6
20260701T173633Z,24.4,82.9
20260701T173648Z,24.5,83.1
20260701T173703Z,24.5,83.4
20260701T173718Z,24.6,83.7
20260701T173733Z,24.6,84.2
20260701T173748Z,24.6,84.4
20260701T173803Z,24.7,84.5
20260701T173818Z,24.7,84.7
20260701T173833Z,24.8,85.0
20260701T173848Z,24.8,85.3
20260701T173903Z,24.8,85.6
20260701T173918Z,24.9,85.7
20260701T173933Z,24.9,86.0
20260701T173948Z,25.0,86.2
20260701T174003Z,25.0,86.4
20260701T174018Z,25.0,86.8
20260701T174033Z,25.1,87.1
20260701T174048Z,25.1,87.2
20260701T174103Z,25.2,87.4
20260701T174118Z,25.2,87.7
20260701T174133Z,25.2,87.8
20260701T174148Z,25.2,88.2
20260701T174203Z,25.2,88.3
20260701T174218Z,25.3,88.7
20260701T174234Z,25.3,88.9
20260701T174248Z,25.3,89.0
20260701T174303Z,25.3,89.3
20260701T174318Z,25.4,89.4
20260701T174333Z,25.4,89.7
20260701T174348Z,25.4,89.8
20260701T174403Z,25.4,89.9
20260701T174418Z,25.4,90.2
20260701T174433Z,25.5,90.2
20260701T174448Z,25.5,90.4
20260701T174503Z,25.5,90.6
20260701T174518Z,25.5,90.7
20260701T174533Z,25.6,90.9
20260701T174548Z,25.6,91.1
20260701T174603Z,25.6,91.2
20260701T174618Z,25.6,91.4
20260701T174634Z,25.6,91.5
20260701T174648Z,25.6,91.7
20260701T174703Z,25.6,91.9
20260701T174718Z,25.7,91.9
20260701T174733Z,25.7,92.1
20260701T174748Z,25.7,91.5
20260701T174803Z,25.7,91.2
20260701T174818Z,25.7,90.0
20260701T174833Z,25.7,89.1
20260701T174848Z,25.6,88.2
20260701T174903Z,25.6,87.6
20260701T174918Z,25.6,86.6
20260701T174933Z,25.6,85.8
20260701T174948Z,25.6,84.8
20260701T175003Z,25.5,83.7
20260701T175018Z,25.5,82.5
20260701T175033Z,25.4,81.3
20260701T175048Z,25.4,80.5
20260701T175103Z,25.3,79.5
20260701T175118Z,25.2,78.7
20260701T175133Z,25.1,77.5
20260701T175148Z,25.1,77.0
20260701T175203Z,25.0,76.5
20260701T175218Z,24.9,75.9
20260701T175233Z,24.8,75.8
20260701T175248Z,24.7,76.7
20260701T175303Z,24.7,78.2
20260701T175318Z,24.7,79.4
20260701T175333Z,24.7,81.1
20260701T175348Z,24.7,81.8
20260701T175403Z,24.7,82.0
20260701T175418Z,24.7,82.2
20260701T175433Z,24.7,82.7
20260701T175448Z,24.7,83.1
20260701T175503Z,24.7,83.5
20260701T175518Z,24.7,83.9
20260701T175533Z,24.8,84.1
20260701T175548Z,24.8,84.4
20260701T175603Z,24.8,84.7
20260701T175618Z,24.9,85.0
20260701T175633Z,24.9,85.2
20260701T175648Z,24.9,85.7
20260701T175703Z,25.0,85.9
20260701T175718Z,25.0,86.1
20260701T175733Z,25.0,86.5
20260701T175748Z,25.0,86.8
20260701T175803Z,25.1,86.9
20260701T175818Z,25.1,87.2
20260701T175833Z,25.1,87.4
20260701T175848Z,25.1,87.8
20260701T175903Z,25.2,88.0
20260701T175918Z,25.2,88.3
20260701T175933Z,25.2,88.6
20260701T175948Z,25.2,88.7
20260701T180003Z,25.3,88.9
20260701T180018Z,25.3,89.2
20260701T180033Z,25.3,89.3
20260701T180048Z,25.3,89.5
20260701T180103Z,25.3,89.7
20260701T180118Z,25.4,90.0
20260701T180133Z,25.4,90.0
20260701T180148Z,25.4,90.3
20260701T180203Z,25.4,90.5
20260701T180218Z,25.4,90.6
20260701T180233Z,25.5,90.8
20260701T180248Z,25.5,91.0
20260701T180303Z,25.5,91.1
20260701T180318Z,25.5,91.4
20260701T180333Z,25.5,91.4
20260701T180348Z,25.5,91.5
20260701T180403Z,25.6,91.8
20260701T180418Z,25.6,91.9
20260701T180433Z,25.6,92.0
20260701T180448Z,25.6,92.1
20260701T180503Z,25.6,92.2
20260701T180518Z,25.6,92.4
20260701T180533Z,25.7,92.5
20260701T180548Z,25.7,92.7
20260701T180603Z,25.7,92.0
20260701T180618Z,25.7,91.5
20260701T180633Z,25.7,90.3
20260701T180648Z,25.6,89.6
20260701T180703Z,25.6,89.0
20260701T180718Z,25.6,88.1
20260701T180733Z,25.5,87.0
20260701T180748Z,25.5,86.5
20260701T180803Z,25.5,85.7
20260701T180818Z,25.5,84.3
20260701T180833Z,25.4,83.4
20260701T180848Z,25.4,82.2
20260701T180903Z,25.3,81.0
20260701T180918Z,25.2,80.4
20260701T180933Z,25.2,79.4
20260701T180948Z,25.1,78.6
20260701T181003Z,25.0,78.1
20260701T181018Z,24.9,76.9
20260701T181033Z,24.8,76.1
20260701T181048Z,24.7,75.5
20260701T181103Z,24.6,75.7
20260701T181118Z,24.5,76.8
20260701T181133Z,24.5,77.8
20260701T181148Z,24.5,80.2
20260701T181203Z,24.5,81.4
20260701T181218Z,24.5,82.1
20260701T181233Z,24.6,82.3
20260701T181248Z,24.6,82.5
20260701T181303Z,24.6,82.9
20260701T181318Z,24.6,83.1
20260701T181333Z,24.7,83.4
20260701T181348Z,24.7,83.7
20260701T181403Z,24.8,84.2
20260701T181418Z,24.8,84.4
20260701T181434Z,24.8,84.7
20260701T181449Z,24.9,85.2
20260701T181503Z,24.9,85.4
20260701T181518Z,24.9,85.7
20260701T181533Z,25.0,85.9
20260701T181548Z,25.0,86.2
20260701T181603Z,25.0,86.6
20260701T181618Z,25.1,86.9
20260701T181633Z,25.1,86.9
20260701T181648Z,25.1,87.1
20260701T181703Z,25.1,87.4
20260701T181718Z,25.2,87.6
20260701T181733Z,25.2,87.7
20260701T181748Z,25.2,88.2
20260701T181803Z,25.3,88.2
20260701T181818Z,25.3,88.3
20260701T181833Z,25.3,88.7
20260701T181848Z,25.3,88.9
20260701T181903Z,25.4,88.9
20260701T181918Z,25.4,89.1
20260701T181933Z,25.4,89.3
20260701T181948Z,25.4,89.6
20260701T182003Z,25.5,89.6
20260701T182018Z,25.5,90.0
20260701T182033Z,25.5,90.1
20260701T182048Z,25.5,90.2
20260701T182103Z,25.5,90.4
20260701T182118Z,25.5,90.5
20260701T182133Z,25.6,90.8
20260701T182148Z,25.6,90.9
20260701T182203Z,25.6,90.9
20260701T182218Z,25.6,91.0
20260701T182233Z,25.6,91.1
20260701T182248Z,25.7,91.2
20260701T182303Z,25.7,91.4
20260701T182318Z,25.7,91.5
20260701T182333Z,25.7,91.6
20260701T182348Z,25.7,91.8
20260701T182403Z,25.7,91.9
20260701T182418Z,25.7,92.0
20260701T182433Z,25.8,91.5
20260701T182448Z,25.8,90.8
20260701T182503Z,25.8,89.9
20260701T182518Z,25.7,89.0
20260701T182533Z,25.7,88.3
20260701T182548Z,25.7,86.8
20260701T182603Z,25.6,86.3
20260701T182618Z,25.6,85.8
20260701T182634Z,25.5,84.8
20260701T182648Z,25.5,83.5
20260701T182703Z,25.4,82.8
20260701T182718Z,25.4,81.6
20260701T182733Z,25.3,80.7
20260701T182748Z,25.2,79.8
20260701T182803Z,25.2,78.9
20260701T182818Z,25.1,78.1
20260701T182833Z,25.0,77.6
20260701T182848Z,24.9,76.4
20260701T182903Z,24.7,75.9
20260701T182918Z,24.6,75.6
20260701T182933Z,24.5,76.6
20260701T182948Z,24.5,77.8
20260701T183003Z,24.5,79.4
20260701T183018Z,24.5,81.4
20260701T183034Z,24.5,82.2
20260701T183048Z,24.5,82.4
20260701T183103Z,24.6,82.5
20260701T183118Z,24.6,83.0
20260701T183133Z,24.6,83.1
20260701T183148Z,24.7,83.5
20260701T183203Z,24.7,83.8
20260701T183218Z,24.7,84.2
20260701T183233Z,24.7,84.6
20260701T183248Z,24.8,84.9
20260701T183303Z,24.8,85.0
20260701T183318Z,24.9,85.3
20260701T183333Z,24.9,85.5
20260701T183348Z,24.9,85.7
20260701T183403Z,25.0,86.0
20260701T183418Z,25.0,86.3
20260701T183433Z,25.0,86.4
20260701T183448Z,25.1,86.7
20260701T183503Z,25.1,87.0
20260701T183518Z,25.1,87.2
20260701T183533Z,25.2,87.6
20260701T183548Z,25.2,87.7
20260701T183603Z,25.2,87.8
20260701T183618Z,25.2,88.0
20260701T183633Z,25.3,88.3
20260701T183648Z,25.3,88.5
20260701T183703Z,25.3,88.7
20260701T183718Z,25.3,89.0
20260701T183733Z,25.4,89.1
20260701T183748Z,25.4,89.2
20260701T183803Z,25.4,89.6
20260701T183818Z,25.4,89.7
20260701T183833Z,25.4,89.9
20260701T183848Z,25.5,90.1
20260701T183903Z,25.5,90.1
20260701T183918Z,25.5,90.3
20260701T183933Z,25.5,90.5
20260701T183948Z,25.5,90.7
20260701T184003Z,25.6,90.8
20260701T184018Z,25.6,90.9
20260701T184033Z,25.6,91.2
20260701T184048Z,25.6,91.2
20260701T184103Z,25.6,91.3
20260701T184118Z,25.6,91.6
20260701T184133Z,25.6,91.7
20260701T184148Z,25.6,91.7
20260701T184203Z,25.7,91.9
20260701T184218Z,25.7,92.0
20260701T184233Z,25.7,92.2
20260701T184248Z,25.7,91.5
20260701T184303Z,25.7,90.9
20260701T184318Z,25.7,89.9
20260701T184333Z,25.7,89.4
20260701T184348Z,25.7,88.0
20260701T184403Z,25.6,87.2
20260701T184418Z,25.6,86.6
20260701T184433Z,25.5,85.9
20260701T184448Z,25.5,85.1
20260701T184503Z,25.5,83.8
20260701T184518Z,25.4,83.0
20260701T184533Z,25.4,81.6
20260701T184548Z,25.3,80.8
20260701T184603Z,25.2,80.1
20260701T184618Z,25.1,79.1
20260701T184633Z,25.0,78.1
20260701T184648Z,24.9,77.9
20260701T184703Z,24.8,77.4
20260701T184718Z,24.7,76.7
20260701T184733Z,24.7,76.0
20260701T184748Z,24.6,77.2
20260701T184803Z,24.6,78.9
20260701T184818Z,24.5,80.4
20260701T184833Z,24.6,81.6
20260701T184848Z,24.6,82.2
20260701T184903Z,24.6,82.6
20260701T184918Z,24.6,82.5
20260701T184933Z,24.6,82.9
20260701T184948Z,24.7,83.2
20260701T185003Z,24.7,83.7
20260701T185018Z,24.7,83.9
20260701T185033Z,24.7,84.1
20260701T185048Z,24.8,84.5
20260701T185103Z,24.8,84.9
20260701T185118Z,24.8,85.3
20260701T185133Z,24.9,85.4
20260701T185148Z,24.9,85.9
20260701T185203Z,24.9,86.2
20260701T185218Z,24.9,86.4
20260701T185233Z,25.0,86.6
20260701T185248Z,25.0,86.9
20260701T185303Z,25.0,87.1
20260701T185318Z,25.1,87.4
20260701T185333Z,25.1,87.5
20260701T185348Z,25.1,87.8
20260701T185403Z,25.1,88.1
20260701T185418Z,25.2,88.3
20260701T185433Z,25.2,88.5
20260701T185448Z,25.2,88.7
20260701T185503Z,25.2,89.0
20260701T185518Z,25.2,89.2
20260701T185533Z,25.2,89.3
20260701T185548Z,25.3,89.5
20260701T185603Z,25.3,89.7
20260701T185618Z,25.3,89.9
20260701T185633Z,25.3,90.0
20260701T185648Z,25.3,90.2
20260701T185703Z,25.4,90.5
20260701T185718Z,25.4,90.6
20260701T185733Z,25.4,90.6
20260701T185748Z,25.4,90.9
20260701T185803Z,25.4,91.1
20260701T185818Z,25.4,91.1
20260701T185833Z,25.5,91.1
20260701T185848Z,25.5,91.4
20260701T185903Z,25.5,91.6
20260701T185918Z,25.5,91.6
20260701T185933Z,25.5,91.7
20260701T185948Z,25.5,91.8
20260701T190003Z,25.6,92.0
20260701T190018Z,25.6,92.1
20260701T190033Z,25.6,92.3
20260701T190048Z,25.6,92.5
20260701T190103Z,25.6,92.5
20260701T190118Z,25.6,92.7
20260701T190133Z,25.7,92.7
20260701T190148Z,25.6,92.8
20260701T190203Z,25.7,92.9
20260701T190218Z,25.7,92.9
20260701T190233Z,25.7,92.4
20260701T190248Z,25.7,92.1
20260701T190303Z,25.7,91.0
20260701T190318Z,25.7,90.1
20260701T190333Z,25.6,89.1
20260701T190348Z,25.6,88.0
20260701T190403Z,25.6,86.9
20260701T190418Z,25.5,86.4
20260701T190433Z,25.5,85.6
20260701T190448Z,25.4,83.9
20260701T190503Z,25.4,82.7
20260701T190518Z,25.3,82.0
20260701T190533Z,25.2,81.2
20260701T190548Z,25.1,80.1
20260701T190603Z,25.0,79.8
20260701T190618Z,24.9,79.2
20260701T190633Z,24.8,78.5
20260701T190648Z,24.7,77.3
20260701T190703Z,24.6,77.4
20260701T190718Z,24.5,78.6
20260701T190733Z,24.5,79.7
20260701T190748Z,24.5,81.3
20260701T190803Z,24.5,82.5
20260701T190818Z,24.5,83.0
20260701T190833Z,24.6,83.6
20260701T190848Z,24.6,83.7
20260701T190903Z,24.6,83.8
20260701T190918Z,24.6,84.4
20260701T190933Z,24.7,84.7
20260701T190948Z,24.7,85.0
20260701T191003Z,24.7,85.4
20260701T191018Z,24.8,85.6
20260701T191033Z,24.8,85.7
20260701T191048Z,24.8,86.2
20260701T191103Z,24.8,86.5
20260701T191118Z,24.8,86.7
20260701T191133Z,24.9,86.9
20260701T191148Z,24.9,87.3
20260701T191203Z,24.9,87.7
20260701T191218Z,25.0,87.7
20260701T191233Z,25.0,87.9
20260701T191248Z,25.0,88.2
20260701T191303Z,25.0,88.3
20260701T191318Z,25.1,88.6
20260701T191333Z,25.1,88.6
20260701T191348Z,25.1,89.0
20260701T191403Z,25.1,89.1
20260701T191418Z,25.2,89.4
20260701T191433Z,25.2,89.6
20260701T191448Z,25.2,89.6
20260701T191503Z,25.2,90.0
20260701T191518Z,25.2,90.1
20260701T191533Z,25.3,90.1
20260701T191548Z,25.3,90.3
20260701T191603Z,25.3,90.6
20260701T191618Z,25.3,90.7
20260701T191633Z,25.4,90.8
20260701T191648Z,25.4,91.0
20260701T191703Z,25.4,91.1
20260701T191718Z,25.4,91.3
20260701T191733Z,25.4,91.4
20260701T191748Z,25.4,91.5
20260701T191803Z,25.5,91.7
20260701T191818Z,25.5,91.9
20260701T191833Z,25.5,92.1
20260701T191848Z,25.5,92.1
20260701T191903Z,25.5,92.2
20260701T191918Z,25.5,92.4
20260701T191933Z,25.5,92.5
20260701T191948Z,25.5,92.5
20260701T192003Z,25.6,92.7
20260701T192018Z,25.6,92.8
20260701T192033Z,25.6,93.0
20260701T192048Z,25.6,93.0
20260701T192103Z,25.6,93.1
20260701T192118Z,25.6,93.3
20260701T192134Z,25.6,93.3
20260701T192149Z,25.6,93.5
20260701T192203Z,25.7,93.5
20260701T192218Z,25.7,93.5
20260701T192233Z,25.7,93.1
20260701T192248Z,25.7,91.9
20260701T192303Z,25.6,91.1
20260701T192318Z,25.6,90.2
20260701T192333Z,25.6,89.0
20260701T192348Z,25.6,88.4
20260701T192403Z,25.5,87.2
20260701T192418Z,25.5,86.1
20260701T192433Z,25.4,85.1
20260701T192448Z,25.4,84.4
20260701T192503Z,25.3,83.2
20260701T192518Z,25.3,81.9
20260701T192533Z,25.2,81.0
20260701T192548Z,25.1,80.4
20260701T192603Z,25.0,79.0
20260701T192618Z,24.8,79.0
20260701T192633Z,24.8,78.0
20260701T192648Z,24.6,77.4
20260701T192703Z,24.5,77.7
20260701T192718Z,24.4,79.1
20260701T192733Z,24.4,80.6
20260701T192748Z,24.4,81.7
20260701T192803Z,24.4,82.9
20260701T192818Z,24.5,83.6
20260701T192833Z,24.5,83.7
20260701T192848Z,24.5,84.0
20260701T192903Z,24.5,84.4
20260701T192918Z,24.6,84.7
20260701T192933Z,24.6,85.1
20260701T192948Z,24.6,85.3
20260701T193003Z,24.7,85.7
20260701T193018Z,24.7,85.9
20260701T193136Z,24.8,87.3
20260701T193151Z,24.9,87.5
20260701T193205Z,24.9,88.0
20260701T193220Z,24.9,88.1
20260701T193234Z,24.9,88.3
20260701T193250Z,25.0,88.6
20260701T193305Z,25.0,88.8
20260701T193320Z,25.0,89.0
20260701T193335Z,25.0,89.2
20260701T193350Z,25.1,89.3
20260701T193405Z,25.1,89.5
20260701T193420Z,25.1,89.6
20260701T193435Z,25.2,89.9
20260701T193450Z,25.2,90.0
20260701T193505Z,25.2,90.1
20260701T193520Z,25.2,90.4
20260701T193535Z,25.2,90.6
20260701T193550Z,25.3,90.8
20260701T193605Z,25.3,90.9
20260701T193620Z,25.3,91.1
20260701T193635Z,25.3,91.1
20260701T193650Z,25.3,91.3
20260701T193705Z,25.3,91.4
20260701T193720Z,25.4,91.7
20260701T193735Z,25.4,91.8
20260701T193750Z,25.4,92.0
20260701T193805Z,25.4,92.1
20260701T193820Z,25.4,92.2
20260701T193835Z,25.4,92.4
20260701T193850Z,25.4,92.5
20260701T193905Z,25.4,92.5
20260701T193920Z,25.5,92.6
20260701T193935Z,25.5,92.8
20260701T193950Z,25.5,92.8
20260701T194005Z,25.5,93.0
20260701T194020Z,25.5,93.1
20260701T194035Z,25.6,93.2
20260701T194050Z,25.6,93.2
20260701T194105Z,25.6,93.4
20260701T194120Z,25.6,93.4
20260701T194135Z,25.6,93.6
20260701T194150Z,25.6,93.6
20260701T194205Z,25.6,93.7
20260701T194220Z,25.6,93.9
20260701T194235Z,25.6,93.5
20260701T194250Z,25.6,92.9
20260701T194305Z,25.6,91.7
20260701T194320Z,25.6,91.1
20260701T194335Z,25.6,90.4
20260701T194351Z,25.5,88.8
20260701T194405Z,25.5,88.1
20260701T194420Z,25.4,87.1
20260701T194435Z,25.4,86.5
20260701T194450Z,25.4,85.7
20260701T194505Z,25.3,84.4
20260701T194520Z,25.3,83.0
20260701T194535Z,25.1,81.7
20260701T194550Z,25.1,81.3
20260701T194605Z,25.0,80.5
20260701T194620Z,24.9,79.7
20260701T194635Z,24.8,79.0
20260701T194650Z,24.7,78.2
20260701T194705Z,24.6,77.5
20260701T194720Z,24.5,78.2
20260701T194735Z,24.4,79.7
20260701T194750Z,24.4,80.6
20260701T194805Z,24.4,82.2
20260701T194820Z,24.4,83.6
20260701T194835Z,24.5,83.9
20260701T194850Z,24.5,84.0
20260701T194905Z,24.5,84.3
20260701T194920Z,24.5,84.5
20260701T194935Z,24.6,84.7
20260701T194950Z,24.6,85.1
20260701T195005Z,24.6,85.6
20260701T195020Z,24.7,85.8
20260701T195035Z,24.7,86.0
20260701T195050Z,24.7,86.4
20260701T195105Z,24.8,86.6
20260701T195120Z,24.8,86.8
20260701T195135Z,24.8,87.1
20260701T195150Z,24.8,87.4
20260701T195205Z,24.9,87.6
20260701T195220Z,24.9,87.9
20260701T195235Z,24.9,88.0
20260701T195250Z,24.9,88.4
20260701T195305Z,25.0,88.4
20260701T195320Z,25.0,88.6
20260701T195335Z,25.0,88.8
20260701T195350Z,25.1,89.1
20260701T195405Z,25.1,89.3
20260701T195420Z,25.1,89.4
20260701T195435Z,25.1,89.6
20260701T195450Z,25.2,89.7
20260701T195505Z,25.2,89.8
20260701T195520Z,25.2,90.1
20260701T195535Z,25.2,90.2
20260701T195550Z,25.3,90.4
20260701T195605Z,25.3,90.6
20260701T195620Z,25.3,90.7
20260701T195635Z,25.3,90.9
20260701T195650Z,25.3,91.1
20260701T195705Z,25.3,91.3
20260701T195720Z,25.4,91.3
20260701T195735Z,25.4,91.5
20260701T195750Z,25.4,91.6
20260701T195805Z,25.4,91.7
20260701T195820Z,25.4,91.9
20260701T195835Z,25.4,92.0
20260701T195850Z,25.4,92.2
20260701T195905Z,25.5,92.4
20260701T195920Z,25.5,92.5
20260701T195935Z,25.5,92.5
20260701T195950Z,25.5,92.7
20260701T200005Z,25.5,92.8
20260701T200020Z,25.5,92.9
20260701T200035Z,25.5,93.1
20260701T200050Z,25.5,93.1
20260701T200105Z,25.6,93.3
20260701T200121Z,25.6,93.3
20260701T200135Z,25.6,93.3
20260701T200150Z,25.6,93.5
20260701T200205Z,25.6,93.6
20260701T200220Z,25.6,93.8
20260701T200235Z,25.6,93.7
20260701T200250Z,25.6,93.9
20260701T200305Z,25.6,93.9
20260701T200320Z,25.7,93.2
20260701T200335Z,25.7,92.2
20260701T200350Z,25.6,91.4
20260701T200405Z,25.6,90.6
20260701T200420Z,25.6,89.5
20260701T200435Z,25.5,88.8
20260701T200450Z,25.5,87.9
20260701T200505Z,25.4,86.6
20260701T200520Z,25.4,86.1
20260701T200535Z,25.4,84.6
20260701T200551Z,25.3,83.6
20260701T200605Z,25.2,82.5
20260701T200620Z,25.1,81.6
20260701T200635Z,25.0,80.9
20260701T200651Z,24.9,80.1
20260701T200705Z,24.8,79.3
20260701T200721Z,24.7,78.6
20260701T200735Z,24.6,77.9
20260701T200750Z,24.5,77.8
20260701T200805Z,24.4,79.2
20260701T200820Z,24.4,80.7
20260701T200835Z,24.4,81.8
20260701T200850Z,24.4,83.4
20260701T200905Z,24.4,84.0
20260701T200920Z,24.5,84.2
20260701T200935Z,24.5,84.4
20260701T200950Z,24.5,84.7
20260701T201005Z,24.5,85.0
20260701T201020Z,24.6,85.3
20260701T201035Z,24.6,85.4
20260701T201050Z,24.6,85.5
20260701T201105Z,24.6,86.0
20260701T201120Z,24.7,86.3
20260701T201135Z,24.7,86.4
20260701T201151Z,24.7,87.0
20260701T201205Z,24.8,87.2
20260701T201221Z,24.8,87.5
20260701T201235Z,24.8,87.7
20260701T201250Z,24.9,87.9
20260701T201306Z,24.9,88.0
20260701T201320Z,24.9,88.4
20260701T201336Z,24.9,88.6
20260701T201350Z,25.0,89.0
20260701T201406Z,25.0,89.2
20260701T201420Z,25.0,89.4
20260701T201435Z,25.1,89.5
20260701T201451Z,25.1,89.6
20260701T201505Z,25.1,89.8
20260701T201520Z,25.1,90.0
20260701T201535Z,25.2,90.0
20260701T201550Z,25.2,90.2
20260701T201606Z,25.2,90.3
20260701T201620Z,25.2,90.6
20260701T201636Z,25.3,90.8
20260701T201650Z,25.3,90.8
20260701T201706Z,25.3,90.9
20260701T201720Z,25.3,91.1
20260701T201736Z,25.3,91.2
20260701T201750Z,25.4,91.3
20260701T201806Z,25.4,91.4
20260701T201820Z,25.4,91.5
20260701T201836Z,25.4,91.7
20260701T201851Z,25.5,91.8
20260701T201905Z,25.5,91.9
20260701T201920Z,25.5,92.1
20260701T201936Z,25.5,92.2
20260701T201950Z,25.5,92.3
20260701T202006Z,25.5,92.4
20260701T202020Z,25.6,92.5
20260701T202036Z,25.6,92.6
20260701T202050Z,25.6,92.7
20260701T202106Z,25.6,92.8
20260701T202120Z,25.6,92.9
20260701T202136Z,25.6,93.0
20260701T202150Z,25.6,93.0
20260701T202205Z,25.6,93.2
20260701T202221Z,25.7,93.3
20260701T202235Z,25.7,93.4
20260701T202251Z,25.7,93.5
20260701T202305Z,25.7,93.0
20260701T202321Z,25.7,93.0
20260701T202335Z,25.7,91.7
20260701T202351Z,25.7,91.1
20260701T202405Z,25.6,90.0
20260701T202421Z,25.6,88.8
20260701T202435Z,25.6,87.7
20260701T202450Z,25.5,86.8
20260701T202505Z,25.5,86.0
20260701T202521Z,25.4,85.4
20260701T202536Z,25.4,84.0
20260701T202550Z,25.3,83.0
20260701T202606Z,25.3,82.0
20260701T202620Z,25.2,80.9
20260701T202636Z,25.1,80.0
20260701T202650Z,25.0,79.6
20260701T202706Z,24.9,79.3
20260701T202720Z,24.8,78.9
20260701T202736Z,24.7,77.9
20260701T202750Z,24.6,77.6
20260701T202806Z,24.6,78.5
20260701T202821Z,24.5,79.9
20260701T202835Z,24.5,81.6
20260701T202850Z,24.5,82.7
20260701T202906Z,24.5,83.4
20260701T202920Z,24.5,83.7
20260701T202936Z,24.6,83.8
20260701T202950Z,24.6,84.0
20260701T203006Z,24.6,84.4
20260701T203020Z,24.6,84.9
20260701T203036Z,24.7,85.2
20260701T203051Z,24.7,85.4
20260701T203105Z,24.7,85.7
20260701T203120Z,24.8,86.0
20260701T203136Z,24.8,86.3
20260701T203151Z,24.8,86.6
20260701T203206Z,24.8,86.7
20260701T203220Z,24.9,87.2
20260701T203236Z,24.9,87.4
20260701T203250Z,24.9,87.7
20260701T203306Z,25.0,87.8
20260701T203320Z,25.0,88.1
20260701T203336Z,25.0,88.2
20260701T203350Z,25.0,88.4
20260701T203406Z,25.1,88.6
20260701T203420Z,25.1,88.9
20260701T203436Z,25.1,89.0
20260701T203450Z,25.1,89.2
20260701T203506Z,25.2,89.3
20260701T203521Z,25.2,89.5
20260701T203535Z,25.2,89.7
20260701T203551Z,25.3,90.0
20260701T203605Z,25.3,90.1
20260701T203621Z,25.3,90.2
20260701T203635Z,25.3,90.4
20260701T203650Z,25.3,90.5
20260701T203706Z,25.4,90.6
20260701T203721Z,25.4,90.8
20260701T203735Z,25.4,90.9
20260701T203751Z,25.4,91.0
20260701T203806Z,25.4,91.1
20260701T203820Z,25.4,91.4
20260701T203836Z,25.5,91.4
20260701T203850Z,25.5,91.6
20260701T203906Z,25.5,91.7
20260701T203920Z,25.5,91.8
20260701T203936Z,25.5,91.9
20260701T203951Z,25.5,92.2
20260701T204005Z,25.5,92.2
20260701T204021Z,25.6,92.3
20260701T204036Z,25.6,92.3
20260701T204051Z,25.6,92.4
20260701T204106Z,25.6,92.5
20260701T204121Z,25.6,92.7
20260701T204135Z,25.6,92.8
20260701T204151Z,25.6,93.0
20260701T204205Z,25.7,93.0
20260701T204221Z,25.7,93.1
20260701T204235Z,25.7,93.2
20260701T204251Z,25.7,93.3
20260701T204305Z,25.7,93.0
20260701T204321Z,25.7,92.9
20260701T204335Z,25.7,91.7
20260701T204350Z,25.7,90.6
20260701T204405Z,25.7,89.8
20260701T204420Z,25.6,88.4
20260701T204436Z,25.6,87.6
20260701T204451Z,25.5,87.0
20260701T204505Z,25.5,85.4
20260701T204521Z,25.4,84.7
20260701T204535Z,25.3,83.6
20260701T204551Z,25.2,82.7
20260701T204605Z,25.2,81.6
20260701T204621Z,25.1,80.9
20260701T204635Z,24.9,80.2
20260701T204651Z,24.9,79.7
20260701T204705Z,24.8,79.1
20260701T204721Z,24.6,78.2
20260701T204735Z,24.5,77.6
20260701T204751Z,24.5,77.2
20260701T204805Z,24.4,78.5
20260701T204821Z,24.4,80.4
20260701T204835Z,24.4,81.9
20260701T204851Z,24.4,83.2
20260701T204905Z,24.4,83.6
20260701T204921Z,24.4,83.8
20260701T204935Z,24.4,83.9
20260701T204951Z,24.5,84.1
20260701T205005Z,24.5,84.4
20260701T205020Z,24.5,84.8
20260701T205035Z,24.6,85.0
20260701T205050Z,24.6,85.2
20260701T205106Z,24.7,85.5
20260701T205120Z,24.7,85.9
20260701T205136Z,24.7,86.0
20260701T205150Z,24.8,86.1
20260701T205206Z,24.8,86.7
20260701T205220Z,24.8,86.9
20260701T205236Z,24.9,87.1
20260701T205250Z,24.9,87.4
20260701T205306Z,24.9,87.5
20260701T205320Z,25.0,87.7
20260701T205335Z,25.0,88.0
20260701T205351Z,25.0,88.1
20260701T205405Z,25.1,88.5
20260701T205421Z,25.1,88.5
20260701T205435Z,25.1,88.7
20260701T205451Z,25.1,88.9
20260701T205505Z,25.1,89.2
20260701T205521Z,25.2,89.3
20260701T205535Z,25.2,89.5
20260701T205551Z,25.2,89.5
20260701T205605Z,25.2,89.8
20260701T205621Z,25.3,90.0
20260701T205636Z,25.3,90.0
20260701T205651Z,25.3,90.2
20260701T205705Z,25.3,90.5
20260701T205721Z,25.3,90.6
20260701T205735Z,25.3,90.8
20260701T205751Z,25.4,91.0
20260701T205805Z,25.4,91.1
20260701T205821Z,25.4,91.3
20260701T205835Z,25.4,91.5
20260701T205851Z,25.4,91.5
20260701T205905Z,25.4,91.8
20260701T205921Z,25.4,91.8
20260701T205935Z,25.4,92.0
20260701T205951Z,25.5,92.1
20260701T210005Z,25.5,92.2
20260701T210020Z,25.5,92.4
20260701T210035Z,25.5,92.3
20260701T210051Z,25.5,92.5
20260701T210105Z,25.5,92.6
20260701T210121Z,25.6,92.7
20260701T210135Z,25.5,92.8
20260701T210151Z,25.6,92.9
20260701T210205Z,25.6,93.0
20260701T210221Z,25.6,93.1
20260701T210235Z,25.6,93.2
20260701T210251Z,25.6,93.3
20260701T210305Z,25.6,93.4
20260701T210321Z,25.6,93.5
20260701T210335Z,25.6,93.6
20260701T210351Z,25.7,93.8
20260701T210405Z,25.6,93.9
20260701T210421Z,25.7,93.2
20260701T210435Z,25.6,93.1
20260701T210450Z,25.6,91.6
20260701T210506Z,25.6,91.2
20260701T210520Z,25.6,90.1
20260701T210536Z,25.6,88.7
20260701T210550Z,25.5,87.9
20260701T210606Z,25.5,87.0
20260701T210621Z,25.4,86.1
20260701T210636Z,25.4,85.2
20260701T210650Z,25.3,83.9
20260701T210706Z,25.2,82.9
20260701T210720Z,25.1,82.3
20260701T210736Z,25.1,81.1
20260701T210750Z,25.0,80.8
20260701T210806Z,24.9,79.9
20260701T210820Z,24.8,79.0
20260701T210836Z,24.7,78.1
20260701T210850Z,24.6,78.2
20260701T210906Z,24.5,79.3
20260701T210920Z,24.5,81.4
20260701T210936Z,24.5,82.8
20260701T210951Z,24.5,83.6
20260701T211006Z,24.5,84.3
20260701T211021Z,24.5,84.5
20260701T211036Z,24.5,84.7
20260701T211050Z,24.5,84.9
20260701T211106Z,24.6,85.5
20260701T211120Z,24.6,85.7
20260701T211136Z,24.6,85.9
20260701T211150Z,24.6,86.1
20260701T211206Z,24.6,86.5
20260701T211221Z,24.7,86.9
20260701T211236Z,24.7,87.1
20260701T211251Z,24.7,87.3
20260701T211306Z,24.7,87.6
20260701T211321Z,24.8,87.8
20260701T211336Z,24.8,88.2
20260701T211351Z,24.8,88.3
20260701T211406Z,24.9,88.5
20260701T211421Z,24.9,88.7
20260701T211436Z,24.9,89.0
20260701T211451Z,24.9,89.2
20260701T211505Z,25.0,89.5
20260701T211521Z,25.0,89.7
20260701T211536Z,25.0,89.9
20260701T211551Z,25.0,90.0
20260701T211606Z,25.0,90.2
20260701T211621Z,25.1,90.3
20260701T211636Z,25.1,90.4
20260701T211651Z,25.1,90.7
20260701T211706Z,25.1,90.8
20260701T211721Z,25.1,90.9
20260701T211736Z,25.2,91.0
20260701T211751Z,25.2,91.2
20260701T211806Z,25.2,91.4
20260701T211821Z,25.2,91.6
20260701T211836Z,25.2,91.6
20260701T211851Z,25.3,91.8
20260701T211906Z,25.3,92.1
20260701T211921Z,25.3,92.1
20260701T211936Z,25.3,92.2
20260701T211951Z,25.3,92.4
20260701T212006Z,25.3,92.6
20260701T212021Z,25.3,92.6
20260701T212036Z,25.4,92.7
20260701T212051Z,25.4,92.8
20260701T212106Z,25.4,93.0
20260701T212121Z,25.4,93.1
20260701T212136Z,25.4,93.2
20260701T212151Z,25.4,93.3
20260701T212206Z,25.4,93.4
20260701T212221Z,25.5,93.4
20260701T212236Z,25.5,93.6
20260701T212251Z,25.5,93.6
20260701T212306Z,25.5,93.7
20260701T212321Z,25.5,93.8
20260701T212336Z,25.5,93.9
20260701T212351Z,25.5,94.0
20260701T212406Z,25.5,94.0
20260701T212421Z,25.6,94.1
20260701T212436Z,25.6,94.1
20260701T212451Z,25.6,94.3
20260701T212506Z,25.6,94.3
20260701T212521Z,25.6,94.3
20260701T212536Z,25.6,93.9
20260701T212551Z,25.6,93.8
20260701T212606Z,25.6,92.3
20260701T212621Z,25.6,91.7
20260701T212636Z,25.6,91.1
20260701T212651Z,25.5,90.0
20260701T212706Z,25.5,88.4
20260701T212721Z,25.5,87.9
20260701T212736Z,25.4,87.1
20260701T212751Z,25.4,85.5
20260701T212806Z,25.3,84.3
20260701T212821Z,25.2,83.0
20260701T212836Z,25.1,82.6
20260701T212851Z,25.1,81.9
20260701T212906Z,25.0,81.1
20260701T212921Z,24.8,80.6
20260701T212936Z,24.7,79.6
20260701T212951Z,24.7,78.9
20260701T213006Z,24.6,78.5
20260701T213021Z,24.5,79.1
20260701T213036Z,24.4,80.5
20260701T213052Z,24.4,81.7
20260701T213106Z,24.4,83.3
20260701T213121Z,24.4,84.2
20260701T213136Z,24.4,84.6
20260701T213151Z,24.4,84.9
20260701T213206Z,24.5,85.2
20260701T213221Z,24.5,85.3
20260701T213236Z,24.5,85.7
20260701T213251Z,24.5,86.1
20260701T213306Z,24.5,86.2
20260701T213321Z,24.6,86.5
20260701T213336Z,24.6,86.7
20260701T213351Z,24.7,87.0
20260701T213406Z,24.7,87.1
20260701T213421Z,24.7,87.6
20260701T213436Z,24.8,87.9
20260701T213451Z,24.8,88.2
20260701T213506Z,24.8,88.4
20260701T213521Z,24.9,88.7
20260701T213536Z,24.9,88.9
20260701T213551Z,24.9,89.0
20260701T213606Z,24.9,89.4
20260701T213621Z,24.9,89.7
20260701T213636Z,25.0,89.9
20260701T213651Z,25.0,90.2
20260701T213706Z,25.0,90.1
20260701T213721Z,25.0,90.4
20260701T213736Z,25.0,90.5
20260701T213751Z,25.1,90.7
20260701T213806Z,25.1,90.9
20260701T213821Z,25.1,91.2
20260701T213836Z,25.1,91.1
20260701T213851Z,25.1,91.5
20260701T213906Z,25.2,91.5
20260701T213921Z,25.2,91.7
20260701T213936Z,25.2,91.8
20260701T213951Z,25.2,91.9
20260701T214006Z,25.2,92.2
20260701T214021Z,25.3,92.2
20260701T214036Z,25.3,92.4
20260701T214051Z,25.3,92.4
20260701T214106Z,25.3,92.6
20260701T214121Z,25.3,92.7
20260701T214136Z,25.3,92.8
20260701T214152Z,25.4,93.0
20260701T214206Z,25.4,93.0
20260701T214221Z,25.4,93.2
20260701T214236Z,25.4,93.3
20260701T214252Z,25.4,93.2
20260701T214306Z,25.4,93.5
20260701T214321Z,25.4,93.5
20260701T214336Z,25.5,93.6
20260701T214351Z,25.5,93.6
20260701T214406Z,25.5,93.8
20260701T214421Z,25.5,94.0
20260701T214436Z,25.5,93.9
20260701T214451Z,25.5,93.9
20260701T214506Z,25.5,94.0
20260701T214521Z,25.6,94.1
20260701T214536Z,25.6,94.2
20260701T214551Z,25.6,94.3
20260701T214606Z,25.6,94.3
20260701T214621Z,25.6,94.4
20260701T214636Z,25.6,94.5
20260701T214651Z,25.6,94.3
20260701T214706Z,25.6,93.9
20260701T214721Z,25.6,92.5
20260701T214736Z,25.6,91.6
20260701T214751Z,25.6,90.7
20260701T214806Z,25.5,89.6
20260701T214821Z,25.5,88.4
20260701T214836Z,25.4,87.7
20260701T214851Z,25.4,86.6
20260701T214906Z,25.3,86.0
20260701T214921Z,25.3,84.9
20260701T214936Z,25.2,83.7
20260701T214951Z,25.1,82.7
20260701T215006Z,25.0,81.9
20260701T215021Z,24.9,81.1
20260701T215036Z,24.8,80.2
20260701T215052Z,24.7,79.6
20260701T215106Z,24.6,78.7
20260701T215121Z,24.5,78.0
20260701T215136Z,24.4,79.2
20260701T215151Z,24.4,80.9
20260701T215206Z,24.3,82.0
20260701T215221Z,24.4,83.6
20260701T215236Z,24.4,84.3
20260701T215251Z,24.4,84.8
20260701T215306Z,24.4,84.9
20260701T215321Z,24.4,85.1
20260701T215336Z,24.5,85.7
20260701T215351Z,24.5,85.9
20260701T215406Z,24.5,86.1
20260701T215421Z,24.5,86.3
20260701T215436Z,24.6,86.7
20260701T215451Z,24.6,87.0
20260701T215506Z,24.6,87.3
20260701T215521Z,24.6,87.6
20260701T215536Z,24.7,87.7
20260701T215551Z,24.7,88.1
20260701T215606Z,24.7,88.3
20260701T215621Z,24.8,88.5
20260701T215636Z,24.8,88.7
20260701T215651Z,24.8,89.1
20260701T215706Z,24.9,89.1
20260701T215721Z,24.9,89.3
20260701T215736Z,24.9,89.6
20260701T215751Z,25.0,89.6
20260701T215806Z,25.0,89.8
20260701T215821Z,25.0,90.1
20260701T215836Z,25.0,90.1
20260701T215851Z,25.1,90.3
20260701T215906Z,25.1,90.6
20260701T215921Z,25.1,90.7
20260701T215936Z,25.1,90.7
20260701T215951Z,25.2,90.8
20260701T220006Z,25.2,91.1
20260701T220021Z,25.2,91.2
20260701T220036Z,25.2,91.3
20260701T220051Z,25.3,91.4
20260701T220106Z,25.3,91.6
20260701T220121Z,25.3,91.8
20260701T220136Z,25.3,91.8
20260701T220151Z,25.3,91.9
20260701T220206Z,25.3,92.1
20260701T220221Z,25.3,92.3
20260701T220236Z,25.4,92.4
20260701T220251Z,25.4,92.5
20260701T220306Z,25.4,92.6
20260701T220321Z,25.4,92.8
20260701T220336Z,25.4,92.9
20260701T220351Z,25.4,92.9
20260701T220406Z,25.4,93.1
20260701T220421Z,25.5,93.3
20260701T220436Z,25.5,93.2
20260701T220451Z,25.5,93.4
20260701T220506Z,25.5,93.6
20260701T220521Z,25.5,93.7
20260701T220536Z,25.5,93.7
20260701T220551Z,25.5,93.8
20260701T220606Z,25.5,93.9
20260701T220621Z,25.6,94.0
20260701T220636Z,25.6,94.0
20260701T220651Z,25.6,94.1
20260701T220706Z,25.6,94.2
20260701T220721Z,25.6,94.3
20260701T220736Z,25.6,94.3
20260701T220751Z,25.6,94.3
20260701T220806Z,25.6,93.7
20260701T220821Z,25.6,93.3
20260701T220836Z,25.6,92.0
20260701T220851Z,25.6,91.4
20260701T220906Z,25.6,90.5
20260701T220921Z,25.5,89.8
20260701T220936Z,25.5,88.3
20260701T220951Z,25.4,87.5
20260701T221006Z,25.4,86.5
20260701T221021Z,25.3,85.6
20260701T221036Z,25.3,84.5
20260701T221051Z,25.2,83.2
20260701T221106Z,25.1,82.1
20260701T221121Z,25.0,81.5
20260701T221136Z,24.9,80.1
20260701T221152Z,24.8,79.9
20260701T221206Z,24.7,79.1
20260701T221221Z,24.7,78.5
20260701T221236Z,24.6,78.3
20260701T221252Z,24.5,79.6
20260701T221306Z,24.5,80.7
20260701T221321Z,24.5,82.8
20260701T221336Z,24.5,83.6
20260701T221351Z,24.4,84.2
20260701T221406Z,24.5,84.4
20260701T221421Z,24.5,84.4
20260701T221436Z,24.5,84.9
20260701T221452Z,24.5,85.2
20260701T221507Z,24.5,85.6
20260701T221521Z,24.6,85.9
20260701T221536Z,24.6,86.0
20260701T221551Z,24.6,86.4
20260701T221606Z,24.6,86.6
20260701T221621Z,24.7,87.1
20260701T221636Z,24.7,87.3
20260701T221651Z,24.7,87.8
20260701T221706Z,24.8,87.9
20260701T221721Z,24.8,88.1
20260701T221736Z,24.8,88.2
20260701T221751Z,24.9,88.5
20260701T221806Z,24.9,88.7
20260701T221821Z,24.9,89.1
20260701T221836Z,24.9,89.2
20260701T221851Z,25.0,89.4
20260701T221906Z,25.0,89.6
20260701T221921Z,25.0,89.8
20260701T221936Z,25.0,89.9
20260701T221951Z,25.0,90.1
20260701T222006Z,25.1,90.3
20260701T222021Z,25.1,90.4
20260701T222036Z,25.1,90.6
20260701T222051Z,25.2,90.7
20260701T222106Z,25.2,90.9
20260701T222121Z,25.2,91.1
20260701T222136Z,25.2,91.3
20260701T222152Z,25.2,91.4
20260701T222207Z,25.2,91.5
20260701T222221Z,25.3,91.8
20260701T222236Z,25.3,91.9
20260701T222252Z,25.3,92.0
20260701T222306Z,25.3,92.0
20260701T222321Z,25.3,92.3
20260701T222336Z,25.3,92.4
20260701T222351Z,25.3,92.5
20260701T222406Z,25.4,92.7
20260701T222421Z,25.4,92.8
20260701T222436Z,25.4,92.9
20260701T222451Z,25.4,93.0
20260701T222506Z,25.4,93.1
20260701T222521Z,25.4,93.3
20260701T222536Z,25.4,93.4
20260701T222551Z,25.5,93.4
20260701T222606Z,25.5,93.4
20260701T222621Z,25.5,93.6
20260701T222636Z,25.5,93.6
20260701T222651Z,25.5,93.7
20260701T222706Z,25.5,93.9
20260701T222721Z,25.5,93.9
20260701T222736Z,25.5,94.0
20260701T222751Z,25.6,94.1
20260701T222806Z,25.6,94.2
20260701T222821Z,25.6,94.3
20260701T222836Z,25.6,94.4
20260701T222851Z,25.6,94.5
20260701T222906Z,25.6,93.8
20260701T222921Z,25.6,93.2
20260701T222936Z,25.6,92.1
20260701T222951Z,25.6,91.4
20260701T223006Z,25.5,90.4
20260701T223021Z,25.5,89.2
20260701T223036Z,25.5,88.5
20260701T223051Z,25.4,87.5
20260701T223106Z,25.4,86.3
20260701T223121Z,25.3,84.9
20260701T223136Z,25.2,84.0
20260701T223151Z,25.2,83.1
20260701T223206Z,25.1,82.6
20260701T223221Z,25.0,81.7
20260701T223236Z,24.9,81.0
20260701T223251Z,24.8,79.7
20260701T223306Z,24.7,79.2
20260701T223321Z,24.6,78.2
20260701T223336Z,24.5,78.5
20260701T223351Z,24.4,79.7
20260701T223406Z,24.4,80.8
20260701T223421Z,24.4,83.1
20260701T223436Z,24.4,84.0
20260701T223451Z,24.4,84.8
20260701T223506Z,24.4,85.1
20260701T223521Z,24.4,85.0
20260701T223536Z,24.5,85.2
20260701T223551Z,24.5,85.4
20260701T223606Z,24.5,86.0
20260701T223621Z,24.6,86.2
20260701T223636Z,24.6,86.3
20260701T223651Z,24.6,86.6
20260701T223706Z,24.6,86.8
20260701T223721Z,24.7,87.4
20260701T223736Z,24.7,87.8
20260701T223751Z,24.7,87.8
20260701T223806Z,24.8,88.0
20260701T223821Z,24.8,88.2
20260701T223836Z,24.8,88.4
20260701T223851Z,24.8,88.7
20260701T223906Z,24.9,89.0
20260701T223921Z,24.9,89.2
20260701T223936Z,24.9,89.4
20260701T223951Z,24.9,89.6
20260701T224006Z,24.9,90.0
20260701T224021Z,25.0,90.1
20260701T224036Z,25.0,90.2
20260701T224051Z,25.0,90.4
20260701T224106Z,25.0,90.6
20260701T224121Z,25.1,90.8
20260701T224136Z,25.1,90.9
20260701T224151Z,25.1,91.1
20260701T224206Z,25.1,91.3
20260701T224221Z,25.1,91.4
20260701T224236Z,25.1,91.6
20260701T224251Z,25.1,91.8
20260701T224306Z,25.2,91.9
20260701T224321Z,25.2,92.0
20260701T224336Z,25.2,92.2
20260701T224351Z,25.2,92.2
20260701T224406Z,25.3,92.3
20260701T224421Z,25.3,92.6
20260701T224436Z,25.3,92.6
20260701T224451Z,25.3,92.7
20260701T224506Z,25.3,92.8
20260701T224521Z,25.3,93.0
20260701T224536Z,25.4,93.0
20260701T224551Z,25.4,93.2
20260701T224606Z,25.4,93.5
20260701T224621Z,25.4,93.5
20260701T224636Z,25.4,93.6
20260701T224651Z,25.4,93.7
20260701T224706Z,25.4,93.8
20260701T224721Z,25.4,93.9
20260701T224736Z,25.4,93.9
20260701T224751Z,25.5,94.1
20260701T224806Z,25.5,94.2
20260701T224821Z,25.5,94.2
20260701T224836Z,25.5,94.3
20260701T224851Z,25.5,94.3
20260701T224906Z,25.5,94.5
20260701T224921Z,25.5,94.5
20260701T224936Z,25.6,94.6
20260701T224951Z,25.6,93.8
20260701T225006Z,25.6,93.2
20260701T225021Z,25.5,92.2
20260701T225036Z,25.5,91.5
20260701T225051Z,25.5,90.5
20260701T225106Z,25.5,89.4
20260701T225121Z,25.4,88.3
20260701T225136Z,25.4,87.7
20260701T225151Z,25.3,86.8
20260701T225206Z,25.2,85.3
20260701T225221Z,25.1,83.8
20260701T225236Z,25.0,83.2
20260701T225251Z,24.9,82.3
20260701T225306Z,24.8,81.5
20260701T225321Z,24.7,80.9
20260701T225336Z,24.6,80.2
20260701T225352Z,24.4,79.5
20260701T225407Z,24.3,78.9
20260701T225421Z,24.2,78.7
20260701T225436Z,24.1,79.8
20260701T225451Z,24.1,81.0
20260701T225506Z,24.1,82.5
20260701T225521Z,24.1,84.1
20260701T225536Z,24.1,84.7
20260701T225551Z,24.2,84.9
20260701T225606Z,24.2,85.1
20260701T225621Z,24.3,85.4
20260701T225636Z,24.3,85.8
20260701T225651Z,24.3,85.9
20260701T225706Z,24.4,86.2
20260701T225721Z,24.4,86.5
20260701T225736Z,24.4,86.7
20260701T225751Z,24.5,87.1
20260701T225806Z,24.5,87.3
20260701T225821Z,24.6,87.6
20260701T225836Z,24.6,87.8
20260701T225851Z,24.6,88.1
20260701T225906Z,24.7,88.3
20260701T225921Z,24.7,88.5
20260701T225936Z,24.7,88.8
20260701T225951Z,24.8,89.0
20260701T230006Z,24.8,89.1
20260701T230021Z,24.8,89.4
20260701T230036Z,24.9,89.7
20260701T230051Z,24.9,90.0
20260701T230106Z,24.9,90.1
20260701T230121Z,24.9,90.2
20260701T230136Z,24.9,90.4
20260701T230151Z,25.0,90.5
20260701T230206Z,25.0,90.8
20260701T230221Z,25.0,91.0
20260701T230236Z,25.0,91.2
20260701T230251Z,25.0,91.4
20260701T230306Z,25.1,91.6
20260701T230321Z,25.1,91.8
20260701T230336Z,25.1,91.8
20260701T230351Z,25.1,91.9
20260701T230406Z,25.2,92.1
20260701T230421Z,25.2,92.2
20260701T230436Z,25.2,92.3
20260701T230451Z,25.2,92.5
20260701T230506Z,25.2,92.5
20260701T230521Z,25.2,92.6
20260701T230536Z,25.3,92.8
20260701T230551Z,25.3,92.8
20260701T230606Z,25.3,92.9
20260701T230621Z,25.3,93.0
20260701T230636Z,25.3,93.1
20260701T230651Z,25.4,93.3
20260701T230706Z,25.4,93.4
20260701T230721Z,25.4,93.4
20260701T230736Z,25.4,93.6
20260701T230751Z,25.4,93.7
20260701T230806Z,25.4,93.7
20260701T230821Z,25.4,93.9
20260701T230836Z,25.5,93.9
20260701T230851Z,25.5,94.0
20260701T230906Z,25.5,94.1
20260701T230921Z,25.5,94.2
20260701T230936Z,25.5,94.2
20260701T230951Z,25.5,94.3
20260701T231006Z,25.5,94.4
20260701T231021Z,25.5,94.3
20260701T231036Z,25.5,93.9
20260701T231051Z,25.5,92.7
20260701T231106Z,25.5,91.7
20260701T231121Z,25.5,91.2
20260701T231136Z,25.5,89.7
20260701T231151Z,25.4,89.0
20260701T231206Z,25.4,88.0
20260701T231221Z,25.3,86.7
20260701T231236Z,25.3,85.9
20260701T231251Z,25.2,84.9
20260701T231321Z,25.0,83.0
20260701T231336Z,24.9,81.8
20260701T231351Z,24.9,80.8
20260701T231406Z,24.7,80.2
20260701T231421Z,24.6,79.4
20260701T231436Z,24.5,79.1
20260701T231452Z,24.4,78.4
20260701T231507Z,24.3,77.9
20260701T231521Z,24.2,79.2
20260701T231536Z,24.2,80.5
20260701T231551Z,24.1,82.2
20260701T231606Z,24.2,84.0
20260701T231621Z,24.2,84.5
20260701T231636Z,24.2,84.8
20260701T231651Z,24.3,85.1
20260701T231706Z,24.3,85.1
20260701T231721Z,24.4,85.7
20260701T231736Z,24.4,85.7
20260701T231751Z,24.4,85.8
20260701T231806Z,24.5,86.1
20260701T231821Z,24.5,86.4
20260701T231836Z,24.5,86.6
20260701T231851Z,24.6,86.9
20260701T231906Z,24.6,87.2
20260701T231921Z,24.6,87.4
20260701T231936Z,24.7,87.7
20260701T231951Z,24.7,88.0
20260701T232006Z,24.7,88.3
20260701T232021Z,24.8,88.6
20260701T232036Z,24.8,88.7
20260701T232051Z,24.8,89.0
20260701T232106Z,24.8,89.2
20260701T232121Z,24.8,89.3
20260701T232136Z,24.9,89.5
20260701T232151Z,24.9,89.7
20260701T232206Z,24.9,89.9
20260701T232221Z,25.0,90.0
20260701T232236Z,25.0,90.1
20260701T232251Z,25.0,90.4
20260701T232306Z,25.0,90.7
20260701T232321Z,25.0,90.8
20260701T232336Z,25.1,91.1
20260701T232351Z,25.1,91.3
20260701T232406Z,25.1,91.6
20260701T232421Z,25.1,91.7
20260701T232436Z,25.1,91.7
20260701T232451Z,25.1,91.9
20260701T232506Z,25.1,92.1
20260701T232521Z,25.2,92.3
20260701T232536Z,25.2,92.4
20260701T232551Z,25.2,92.5
20260701T232606Z,25.2,92.6
20260701T232621Z,25.2,92.7
20260701T232636Z,25.3,92.9
20260701T232651Z,25.3,93.2
20260701T232706Z,25.3,93.2
20260701T232721Z,25.3,93.3
20260701T232736Z,25.3,93.3
20260701T232751Z,25.3,93.5
20260701T232806Z,25.4,93.5
20260701T232821Z,25.4,93.6
20260701T232836Z,25.4,93.8
20260701T232851Z,25.4,93.9
20260701T232906Z,25.4,93.9
20260701T232921Z,25.4,94.0
20260701T232936Z,25.4,94.1
20260701T232951Z,25.4,94.2
20260701T233006Z,25.4,94.2
20260701T233021Z,25.5,94.3
20260701T233036Z,25.5,94.4
20260701T233051Z,25.5,94.6
20260701T233106Z,25.5,94.6
20260701T233121Z,25.5,94.7
20260701T233136Z,25.5,93.9
20260701T233151Z,25.5,93.2
20260701T233206Z,25.5,92.1
20260701T233221Z,25.5,91.1
20260701T233236Z,25.4,90.3
20260701T233251Z,25.4,89.6
20260701T233306Z,25.3,88.2
20260701T233321Z,25.3,87.1
20260701T233336Z,25.2,86.3
20260701T233351Z,25.2,85.6
20260701T233406Z,25.1,84.2
20260701T233421Z,25.0,82.8
20260701T233436Z,24.9,82.3
20260701T233451Z,24.8,81.5
20260701T233506Z,24.7,81.0
20260701T233521Z,24.6,80.3
20260701T233536Z,24.5,79.3
20260701T233551Z,24.3,78.9
20260701T233606Z,24.2,78.5
20260701T233621Z,24.1,79.8
20260701T233636Z,24.1,81.2
20260701T233651Z,24.1,83.0
20260701T233706Z,24.1,84.6
20260701T233721Z,24.1,85.1
20260701T233736Z,24.2,85.5
20260701T233751Z,24.2,85.8
20260701T233806Z,24.2,86.0
20260701T233821Z,24.3,86.1
20260701T233836Z,24.3,86.4
20260701T233851Z,24.3,86.6
20260701T233906Z,24.4,86.8
20260701T233921Z,24.4,87.0
20260701T233936Z,24.5,87.1
20260701T233951Z,24.5,87.5
20260701T234006Z,24.6,87.7
20260701T234021Z,24.6,88.0
20260701T234036Z,24.6,88.3
20260701T234051Z,24.7,88.4
20260701T234106Z,24.7,88.6
20260701T234121Z,24.7,89.0
20260701T234136Z,24.7,89.2
20260701T234151Z,24.8,89.4
20260701T234206Z,24.8,89.5
20260701T234221Z,24.8,89.7
20260701T234236Z,24.8,89.9
20260701T234251Z,24.9,90.2
20260701T234306Z,24.9,90.5
20260701T234321Z,24.9,90.6
20260701T234336Z,24.9,90.8
20260701T234352Z,25.0,91.0
20260701T234407Z,25.0,91.1
20260701T234421Z,25.0,91.2
20260701T234436Z,25.0,91.5
20260701T234451Z,25.1,91.7
20260701T234506Z,25.1,91.8
20260701T234521Z,25.1,92.0
20260701T234536Z,25.1,92.2
20260701T234551Z,25.1,92.3
20260701T234606Z,25.1,92.5
20260701T234621Z,25.2,92.5
20260701T234636Z,25.2,92.7
20260701T234651Z,25.2,92.8
20260701T234706Z,25.2,92.9
20260701T234721Z,25.2,93.0
20260701T234736Z,25.3,93.2
20260701T234751Z,25.3,93.2
20260701T234806Z,25.3,93.3
20260701T234821Z,25.3,93.5
20260701T234836Z,25.3,93.6
20260701T234851Z,25.3,93.7
20260701T234906Z,25.3,93.8
20260701T234921Z,25.4,93.8
20260701T234936Z,25.4,93.9
20260701T234951Z,25.4,94.0
20260701T235006Z,25.4,94.1
20260701T235021Z,25.4,94.1
20260701T235036Z,25.4,94.3
20260701T235051Z,25.4,94.3
20260701T235106Z,25.5,94.4
20260701T235121Z,25.5,94.5
20260701T235136Z,25.5,94.6
20260701T235151Z,25.5,94.6
20260701T235206Z,25.5,94.3
20260701T235221Z,25.5,94.0
20260701T235236Z,25.5,92.7
20260701T235251Z,25.5,91.9
20260701T235306Z,25.5,91.2
20260701T235321Z,25.4,89.7
20260701T235336Z,25.4,88.8
20260701T235351Z,25.4,87.7
20260701T235406Z,25.3,86.8
20260701T235421Z,25.2,85.8
20260701T235436Z,25.1,84.5
20260701T235451Z,25.1,83.4
20260701T235506Z,25.0,82.6
20260701T235521Z,24.8,81.8
20260701T235536Z,24.7,81.0
20260701T235552Z,24.6,80.5
20260701T235607Z,24.5,79.9
20260701T235621Z,24.4,79.0
20260701T235636Z,24.3,78.3
20260701T235651Z,24.1,78.4
20260701T235706Z,24.1,79.6
20260701T235721Z,24.0,81.3
20260701T235736Z,24.1,82.8
20260701T235751Z,24.1,84.2
20260701T235806Z,24.1,84.9
20260701T235821Z,24.2,85.1
20260701T235836Z,24.2,85.5
20260701T235851Z,24.2,85.6
20260701T235906Z,24.3,85.8
20260701T235921Z,24.3,86.2
20260701T235937Z,24.3,86.5
20260701T235951Z,24.4,86.8