Time,Temperature,Humidity
20260708T000013Z,24.6,84.7
20260708T000028Z,24.7,84.9
20260708T000043Z,24.7,85.3
20260708T000058Z,24.7,85.5
20260708T000113Z,24.7,85.7
20260708T000128Z,24.7,85.9
20260708T000143Z,24.7,86.3
20260708T000158Z,24.8,86.6
20260708T000213Z,24.8,86.8
20260708T000228Z,24.8,87.2
20260708T000243Z,24.8,87.3
20260708T000258Z,24.8,87.5
20260708T000313Z,24.9,87.7
20260708T000328Z,24.9,87.9
20260708T000343Z,24.9,88.2
20260708T000358Z,24.9,88.4
20260708T000413Z,25.0,88.6
20260708T000428Z,25.0,88.8
20260708T000443Z,25.0,88.9
20260708T000458Z,25.0,88.9
20260708T000513Z,25.1,89.3
20260708T000528Z,25.1,89.4
20260708T000543Z,25.1,89.6
20260708T000558Z,25.1,89.8
20260708T000613Z,25.1,89.9
20260708T000628Z,25.1,89.9
20260708T000643Z,25.1,90.1
20260708T000658Z,25.2,90.3
20260708T000713Z,25.2,90.4
20260708T000728Z,25.2,90.6
20260708T000743Z,25.2,90.7
20260708T000758Z,25.2,90.8
20260708T000813Z,25.3,91.0
20260708T000828Z,25.3,91.1
20260708T000843Z,25.3,91.2
20260708T000858Z,25.3,91.3
20260708T000913Z,25.3,91.5
20260708T000928Z,25.3,91.5
20260708T000943Z,25.3,91.7
20260708T000958Z,25.3,91.7
20260708T001013Z,25.4,91.8
20260708T001028Z,25.4,92.0
20260708T001043Z,25.4,92.1
20260708T001058Z,25.4,92.1
20260708T001113Z,25.4,92.2
20260708T001128Z,25.4,92.2
20260708T001143Z,25.4,92.2
20260708T001158Z,25.5,92.3
20260708T001213Z,25.5,92.5
20260708T001228Z,25.5,92.5
20260708T001243Z,25.5,92.5
20260708T001258Z,25.5,92.7
20260708T001313Z,25.5,92.6
20260708T001328Z,25.6,92.7
20260708T001343Z,25.6,92.8
20260708T001358Z,25.6,92.9
20260708T001413Z,25.6,92.9
20260708T001428Z,25.6,92.9
20260708T001443Z,25.6,92.9
20260708T001458Z,25.6,93.0
20260708T001513Z,25.6,93.1
20260708T001528Z,25.6,93.1
20260708T001543Z,25.6,92.6
20260708T001558Z,25.7,91.7
20260708T001613Z,25.6,90.6
20260708T001628Z,25.6,90.0
20260708T001643Z,25.6,89.2
20260708T001658Z,25.6,88.2
20260708T001713Z,25.5,87.3
20260708T001728Z,25.5,86.5
20260708T001743Z,25.5,85.5
20260708T001758Z,25.4,84.1
20260708T001813Z,25.3,83.2
20260708T001828Z,25.3,82.5
20260708T001843Z,25.2,81.3
20260708T001859Z,25.1,80.4
20260708T001914Z,25.0,79.5
20260708T001928Z,25.0,78.5
20260708T001943Z,24.9,78.1
20260708T001959Z,24.7,77.3
20260708T002013Z,24.7,78.0
20260708T002028Z,24.6,79.2
20260708T002043Z,24.6,81.4
20260708T002058Z,24.6,82.3
20260708T002113Z,24.6,83.1
20260708T002128Z,24.6,83.3
20260708T002143Z,24.6,83.9
20260708T002158Z,24.5,84.5
20260708T002213Z,24.5,84.7
20260708T002228Z,24.6,85.0
20260708T002243Z,24.6,85.2
20260708T002258Z,24.6,85.4
20260708T002313Z,24.6,85.6
20260708T002328Z,24.7,86.0
20260708T002343Z,24.7,86.3
20260708T002358Z,24.7,86.4
20260708T002413Z,24.7,86.6
20260708T002428Z,24.8,86.8
20260708T002443Z,24.8,87.2
20260708T002458Z,24.8,87.3
20260708T002513Z,24.9,87.6
20260708T002528Z,24.9,87.7
20260708T002543Z,24.9,87.9
20260708T002558Z,24.9,88.0
20260708T002613Z,25.0,88.1
20260708T002628Z,25.0,88.4
20260708T002643Z,25.0,88.6
20260708T002658Z,25.0,88.7
20260708T002713Z,25.0,89.0
20260708T002728Z,25.1,89.2
20260708T002743Z,25.1,89.3
20260708T002758Z,25.1,89.4
20260708T002813Z,25.1,89.7
20260708T002828Z,25.1,89.8
20260708T002843Z,25.2,90.0
20260708T002858Z,25.2,90.0
20260708T002913Z,25.2,90.2
20260708T002928Z,25.2,90.3
20260708T002943Z,25.2,90.5
20260708T002958Z,25.2,90.6
20260708T003013Z,25.2,90.6
20260708T003028Z,25.3,90.8
20260708T003043Z,25.3,90.9
20260708T003058Z,25.3,91.1
20260708T003113Z,25.3,91.2
20260708T003128Z,25.3,91.2
20260708T003143Z,25.3,91.3
20260708T003158Z,25.4,91.5
20260708T003213Z,25.4,91.6
20260708T003228Z,25.4,91.6
20260708T003243Z,25.4,91.7
20260708T003258Z,25.4,91.7
20260708T003313Z,25.4,91.8
20260708T003328Z,25.4,91.9
20260708T003343Z,25.4,92.1
20260708T003358Z,25.5,92.1
20260708T003413Z,25.5,92.2
20260708T003428Z,25.5,92.4
20260708T003443Z,25.5,92.4
20260708T003458Z,25.5,92.4
20260708T003513Z,25.5,92.4
20260708T003528Z,25.5,92.5
20260708T003543Z,25.5,92.5
20260708T003558Z,25.5,92.6
20260708T003613Z,25.6,92.8
20260708T003628Z,25.6,92.7
20260708T003643Z,25.6,92.7
20260708T003658Z,25.6,92.8
20260708T003713Z,25.6,92.9
20260708T003728Z,25.6,92.9
20260708T003743Z,25.7,92.9
20260708T003758Z,25.7,92.3
20260708T003813Z,25.7,91.9
20260708T003828Z,25.6,90.5
20260708T003843Z,25.6,89.9
20260708T003858Z,25.6,89.1
20260708T003913Z,25.6,88.1
20260708T003928Z,25.6,86.6
20260708T003943Z,25.5,86.0
20260708T003958Z,25.4,85.1
20260708T004013Z,25.4,84.5
20260708T004028Z,25.3,83.7
20260708T004043Z,25.3,82.0
20260708T004058Z,25.2,81.1
20260708T004113Z,25.1,79.9
20260708T004128Z,25.0,79.0
20260708T004143Z,24.9,78.6
20260708T004158Z,24.8,77.8
20260708T004213Z,24.7,77.5
20260708T004228Z,24.6,77.7
20260708T004243Z,24.6,79.1
20260708T004258Z,24.5,80.8
20260708T004313Z,24.6,82.3
20260708T004328Z,24.5,83.0
20260708T004343Z,24.6,83.2
20260708T004358Z,24.5,83.8
20260708T004413Z,24.6,84.1
20260708T004428Z,24.6,84.5
20260708T004443Z,24.6,84.8
20260708T004458Z,24.6,84.8
20260708T004513Z,24.6,85.3
20260708T004528Z,24.7,85.4
20260708T004543Z,24.7,85.6
20260708T004558Z,24.7,85.8
20260708T004613Z,24.7,86.2
20260708T004628Z,24.8,86.4
20260708T004643Z,24.8,86.5
20260708T004658Z,24.9,86.9
20260708T004713Z,24.9,87.2
20260708T004728Z,24.9,87.3
20260708T004743Z,24.9,87.5
20260708T004758Z,25.0,87.8
20260708T004813Z,25.0,87.9
20260708T004828Z,25.0,88.2
20260708T004843Z,25.0,88.2
20260708T004858Z,25.0,88.4
20260708T004913Z,25.1,88.7
20260708T004928Z,25.1,88.9
20260708T004943Z,25.1,89.0
20260708T004958Z,25.1,89.0
20260708T005013Z,25.1,89.2
20260708T005028Z,25.2,89.4
20260708T005043Z,25.2,89.5
20260708T005058Z,25.2,89.8
20260708T005113Z,25.2,90.0
20260708T005128Z,25.2,90.1
20260708T005143Z,25.2,90.3
20260708T005158Z,25.2,90.3
20260708T005213Z,25.2,90.5
20260708T005228Z,25.3,90.5
20260708T005243Z,25.3,90.7
20260708T005258Z,25.3,90.9
20260708T005313Z,25.3,91.0
20260708T005328Z,25.3,91.1
20260708T005343Z,25.3,91.1
20260708T005358Z,25.3,91.3
20260708T005413Z,25.4,91.4
20260708T005428Z,25.4,91.5
20260708T005443Z,25.4,91.6
20260708T005458Z,25.4,91.7
20260708T005513Z,25.4,91.9
20260708T005528Z,25.4,91.8
20260708T005543Z,25.5,91.8
20260708T005558Z,25.4,92.0
20260708T005613Z,25.5,92.0
20260708T005628Z,25.5,92.2
20260708T005643Z,25.5,92.2
20260708T005658Z,25.5,92.3
20260708T005713Z,25.5,92.4
20260708T005728Z,25.5,92.5
20260708T005743Z,25.5,92.5
20260708T005758Z,25.5,92.6
20260708T005813Z,25.6,92.7
20260708T005828Z,25.6,92.7
20260708T005843Z,25.6,92.7
20260708T005858Z,25.6,92.7
20260708T005913Z,25.6,92.8
20260708T005928Z,25.6,92.8
20260708T005943Z,25.6,92.8
20260708T005958Z,25.6,92.9
20260708T010013Z,25.7,92.9
20260708T010028Z,25.7,92.8
20260708T010043Z,25.7,92.5
20260708T010058Z,25.7,91.1
20260708T010113Z,25.7,90.1
20260708T010128Z,25.6,89.2
20260708T010143Z,25.6,88.8
20260708T010158Z,25.6,87.3
20260708T010213Z,25.5,86.7
20260708T010228Z,25.5,85.7
20260708T010243Z,25.4,84.3
20260708T010258Z,25.4,83.5
20260708T010313Z,25.3,82.2
20260708T010328Z,25.2,81.9
20260708T010343Z,25.1,80.7
20260708T010358Z,25.0,80.0
20260708T010413Z,24.9,79.0
20260708T010428Z,24.8,78.8
20260708T010443Z,24.7,78.0
20260708T010458Z,24.7,77.3
20260708T010513Z,24.6,77.4
20260708T010528Z,24.5,78.6
20260708T010543Z,24.5,79.8
20260708T010558Z,24.5,82.0
20260708T010613Z,24.5,82.7
20260708T010628Z,24.5,83.0
20260708T010643Z,24.5,83.3
20260708T010658Z,24.5,83.5
20260708T010713Z,24.5,83.9
20260708T010728Z,24.5,84.2
20260708T010743Z,24.6,84.5
20260708T010758Z,24.6,84.8
20260708T010813Z,24.6,85.0
20260708T010828Z,24.6,85.4
20260708T010843Z,24.6,85.5
20260708T010858Z,24.7,85.9
20260708T010913Z,24.7,86.0
20260708T010928Z,24.7,86.2
20260708T010943Z,24.8,86.6
20260708T010958Z,24.8,87.0
20260708T011013Z,24.8,87.1
20260708T011028Z,24.9,87.1
20260708T011043Z,24.9,87.3
20260708T011058Z,24.9,87.5
20260708T011113Z,24.9,87.8
20260708T011128Z,24.9,87.8
20260708T011143Z,25.0,88.2
20260708T011158Z,25.0,88.3
20260708T011213Z,25.0,88.5
20260708T011228Z,25.0,88.8
20260708T011243Z,25.0,88.9
20260708T011258Z,25.1,89.0
20260708T011313Z,25.1,89.2
20260708T011328Z,25.1,89.2
20260708T011343Z,25.1,89.4
20260708T011358Z,25.2,89.5
20260708T011413Z,25.2,89.7
20260708T011428Z,25.2,89.9
20260708T011443Z,25.2,90.0
20260708T011458Z,25.2,90.2
20260708T011513Z,25.2,90.2
20260708T011528Z,25.3,90.4
20260708T011543Z,25.3,90.5
20260708T011558Z,25.3,90.5
20260708T011613Z,25.3,90.6
20260708T011628Z,25.4,90.8
20260708T011643Z,25.4,90.9
20260708T011658Z,25.4,91.0
20260708T011713Z,25.4,91.2
20260708T011728Z,25.4,91.1
20260708T011743Z,25.4,91.3
20260708T011758Z,25.4,91.4
20260708T011813Z,25.4,91.5
20260708T011828Z,25.4,91.6
20260708T011843Z,25.5,91.6
20260708T011858Z,25.5,91.7
20260708T011913Z,25.5,91.8
20260708T011928Z,25.5,92.0
20260708T011943Z,25.5,92.1
20260708T011958Z,25.5,92.0
20260708T012013Z,25.6,92.2
20260708T012028Z,25.6,92.2
20260708T012043Z,25.6,92.2
20260708T012058Z,25.6,92.3
20260708T012113Z,25.6,92.3
20260708T012128Z,25.6,92.4
20260708T012143Z,25.6,92.4
20260708T012158Z,25.6,92.5
20260708T012213Z,25.6,92.5
20260708T012228Z,25.7,92.6
20260708T012243Z,25.7,92.1
20260708T012258Z,25.7,91.1
20260708T012313Z,25.6,89.9
20260708T012328Z,25.6,89.2
20260708T012343Z,25.6,88.4
20260708T012358Z,25.6,87.1
20260708T012413Z,25.5,86.3
20260708T012428Z,25.4,85.5
20260708T012443Z,25.4,84.4
20260708T012458Z,25.3,83.7
20260708T012513Z,25.3,83.2
20260708T012528Z,25.2,81.5
20260708T012543Z,25.1,80.8
20260708T012558Z,25.1,80.1
20260708T012613Z,25.0,79.1
20260708T012628Z,24.9,78.4
20260708T012643Z,24.9,77.6
20260708T012658Z,24.8,76.8
20260708T012713Z,24.7,77.7
20260708T012728Z,24.7,78.8
20260708T012743Z,24.7,80.7
20260708T012758Z,24.7,82.2
20260708T012813Z,24.7,83.0
20260708T012828Z,24.6,82.9
20260708T012843Z,24.6,83.3
20260708T012858Z,24.7,83.8
20260708T012913Z,24.7,84.1
20260708T012928Z,24.7,84.3
20260708T012943Z,24.7,84.6
20260708T012958Z,24.7,85.0
20260708T013013Z,24.7,85.2
20260708T013028Z,24.7,85.4
20260708T013043Z,24.8,85.8
20260708T013058Z,24.8,86.0
20260708T013113Z,24.8,86.1
20260708T013128Z,24.8,86.5
20260708T013143Z,24.9,86.7
20260708T013158Z,24.9,87.0
20260708T013213Z,24.9,87.3
20260708T013228Z,24.9,87.4
20260708T013243Z,24.9,87.7
20260708T013258Z,25.0,87.9
20260708T013313Z,25.0,88.0
20260708T013329Z,25.0,88.2
20260708T013343Z,25.0,88.4
20260708T013359Z,25.1,88.6
20260708T013413Z,25.1,88.7
20260708T013428Z,25.1,88.9
20260708T013443Z,25.1,89.0
20260708T013458Z,25.1,89.2
20260708T013513Z,25.1,89.4
20260708T013528Z,25.2,89.5
20260708T013544Z,25.2,89.6
20260708T013558Z,25.2,89.7
20260708T013614Z,25.2,89.8
20260708T013628Z,25.2,90.0
20260708T013643Z,25.3,90.1
20260708T013658Z,25.3,90.3
20260708T013713Z,25.3,90.4
20260708T013728Z,25.3,90.5
20260708T013743Z,25.3,90.7
20260708T013758Z,25.3,90.7
20260708T013813Z,25.4,90.9
20260708T013828Z,25.4,91.1
20260708T013843Z,25.4,91.1
20260708T013859Z,25.4,91.2
20260708T013914Z,25.4,91.3
20260708T013928Z,25.4,91.3
20260708T013944Z,25.4,91.4
20260708T013958Z,25.4,91.6
20260708T014014Z,25.5,91.6
20260708T014028Z,25.5,91.6
20260708T014044Z,25.5,91.6
20260708T014058Z,25.5,91.8
20260708T014114Z,25.5,91.8
20260708T014128Z,25.5,91.9
20260708T014144Z,25.5,92.0
20260708T014159Z,25.6,92.0
20260708T014213Z,25.6,92.1
20260708T014229Z,25.6,92.1
20260708T014243Z,25.6,92.2
20260708T014258Z,25.6,92.2
20260708T014314Z,25.6,92.2
20260708T014328Z,25.6,92.2
20260708T014344Z,25.6,92.3
20260708T014358Z,25.7,92.2
20260708T014414Z,25.7,92.2
20260708T014428Z,25.7,92.3
20260708T014444Z,25.7,91.7
20260708T014458Z,25.7,90.9
20260708T014514Z,25.7,89.5
20260708T014528Z,25.6,89.2
20260708T014544Z,25.6,88.4
20260708T014558Z,25.6,87.2
20260708T014614Z,25.5,86.3
20260708T014628Z,25.5,84.8
20260708T014644Z,25.4,84.5
20260708T014658Z,25.3,83.6
20260708T014714Z,25.3,82.4
20260708T014728Z,25.2,81.7
20260708T014744Z,25.1,80.8
20260708T014758Z,25.0,80.0
20260708T014814Z,25.0,79.2
20260708T014828Z,24.9,78.4
20260708T014844Z,24.8,77.8
20260708T014859Z,24.7,77.5
20260708T014913Z,24.7,78.0
20260708T014929Z,24.6,79.5
20260708T014943Z,24.6,81.5
20260708T014959Z,24.6,82.6
20260708T015013Z,24.6,83.1
20260708T015029Z,24.6,83.4
20260708T015043Z,24.6,83.8
20260708T015059Z,24.7,83.7
20260708T015113Z,24.7,83.7
20260708T015129Z,24.7,84.5
20260708T015144Z,24.7,84.7
20260708T015159Z,24.7,85.0
20260708T015213Z,24.7,85.2
20260708T015229Z,24.8,85.3
20260708T015243Z,24.8,85.4
20260708T015259Z,24.8,85.8
20260708T015313Z,24.8,86.0
20260708T015329Z,24.9,86.2
20260708T015343Z,24.9,86.3
20260708T015358Z,24.9,86.5
20260708T015414Z,24.9,86.8
20260708T015428Z,25.0,86.9
20260708T015444Z,25.0,86.9
20260708T015458Z,25.0,87.2
20260708T015514Z,25.0,87.5
20260708T015528Z,25.1,87.7
20260708T015544Z,25.1,87.8
20260708T015559Z,25.1,88.0
20260708T015614Z,25.1,88.3
20260708T015628Z,25.1,88.5
20260708T015644Z,25.1,88.7
20260708T015658Z,25.2,88.8
20260708T015714Z,25.2,89.0
20260708T015728Z,25.2,89.2
20260708T015744Z,25.2,89.2
20260708T015758Z,25.2,89.4
20260708T015813Z,25.2,89.6
20260708T015829Z,25.2,89.7
20260708T015843Z,25.3,89.9
20260708T015859Z,25.3,90.1
20260708T015913Z,25.3,90.1
20260708T015929Z,25.3,90.2
20260708T015943Z,25.3,90.3
20260708T015959Z,25.3,90.5
20260708T020013Z,25.3,90.6
20260708T020029Z,25.3,90.7
20260708T020044Z,25.3,90.7
20260708T020058Z,25.4,90.9
20260708T020114Z,25.4,90.9
20260708T020128Z,25.4,91.1
20260708T020143Z,25.4,91.1
20260708T020158Z,25.5,91.1
20260708T020214Z,25.5,91.1
20260708T020228Z,25.5,91.2
20260708T020244Z,25.5,91.3
20260708T020258Z,25.5,91.3
20260708T020314Z,25.5,91.4
20260708T020328Z,25.5,91.5
20260708T020344Z,25.5,91.6
20260708T020358Z,25.6,91.6
20260708T020414Z,25.6,91.7
20260708T020429Z,25.6,91.7
20260708T020443Z,25.6,91.8
20260708T020459Z,25.6,91.8
20260708T020513Z,25.6,91.8
20260708T020529Z,25.6,91.8
20260708T020543Z,25.7,91.8
20260708T020559Z,25.7,92.0
20260708T020614Z,25.7,91.1
20260708T020628Z,25.7,90.5
20260708T020644Z,25.7,89.4
20260708T020659Z,25.6,88.5
20260708T020713Z,25.6,87.8
20260708T020729Z,25.6,86.6
20260708T020743Z,25.5,85.3
20260708T020758Z,25.5,84.1
20260708T020813Z,25.4,83.6
20260708T020828Z,25.3,82.2
20260708T020844Z,25.2,81.5
20260708T020858Z,25.1,80.8
20260708T020914Z,25.0,80.6
20260708T020928Z,25.0,80.1
20260708T020944Z,24.9,78.9
20260708T020958Z,24.8,78.2
20260708T021014Z,24.7,77.1
20260708T021028Z,24.6,76.8
20260708T021044Z,24.5,75.8
20260708T021058Z,24.4,75.3
20260708T021114Z,24.3,75.8
20260708T021128Z,24.2,77.8
20260708T021144Z,24.2,79.6
20260708T021158Z,24.2,81.2
20260708T021214Z,24.2,81.7
20260708T021228Z,24.2,82.1
20260708T021244Z,24.3,82.6
20260708T021259Z,24.3,82.7
20260708T021313Z,24.3,83.1
20260708T021329Z,24.4,83.2
20260708T021343Z,24.4,83.5
20260708T021358Z,24.4,83.9
20260708T021414Z,24.5,84.1
20260708T021428Z,24.5,84.4
20260708T021444Z,24.5,84.6
20260708T021459Z,24.6,84.8
20260708T021513Z,24.6,85.0
20260708T021529Z,24.6,85.4
20260708T021543Z,24.7,85.5
20260708T021559Z,24.7,85.7
20260708T021613Z,24.8,86.0
20260708T021629Z,24.8,86.1
20260708T021643Z,24.8,86.4
20260708T021659Z,24.8,86.6
20260708T021713Z,24.9,86.7
20260708T021729Z,24.9,86.9
20260708T021744Z,24.9,87.3
20260708T021758Z,24.9,87.4
20260708T021814Z,25.0,87.7
20260708T021828Z,25.0,87.8
20260708T021844Z,25.0,88.0
20260708T021858Z,25.0,88.1
20260708T021914Z,25.1,88.3
20260708T021928Z,25.1,88.5
20260708T021944Z,25.1,88.5
20260708T021958Z,25.1,88.6
20260708T022014Z,25.1,88.8
20260708T022028Z,25.2,88.9
20260708T022043Z,25.2,89.1
20260708T022058Z,25.2,89.2
20260708T022113Z,25.2,89.3
20260708T022129Z,25.2,89.4
20260708T022143Z,25.3,89.6
20260708T022159Z,25.3,89.7
20260708T022213Z,25.3,89.8
20260708T022229Z,25.3,89.9
20260708T022243Z,25.3,89.9
20260708T022259Z,25.4,90.0
20260708T022313Z,25.4,90.1
20260708T022329Z,25.4,90.1
20260708T022344Z,25.4,90.2
20260708T022400Z,25.4,90.4
20260708T022414Z,25.4,90.4
20260708T022429Z,25.5,90.5
20260708T022443Z,25.5,90.5
20260708T022459Z,25.5,90.5
20260708T022513Z,25.5,90.6
20260708T022529Z,25.5,90.7
20260708T022543Z,25.6,90.8
20260708T022558Z,25.6,90.8
20260708T022614Z,25.6,90.8
20260708T022628Z,25.6,90.8
20260708T022644Z,25.6,90.9
20260708T022659Z,25.6,90.8
20260708T022713Z,25.6,90.1
20260708T022729Z,25.6,90.0
20260708T022743Z,25.6,88.4
20260708T022759Z,25.6,87.8
20260708T022813Z,25.6,87.2
20260708T022829Z,25.5,85.9
20260708T022843Z,25.5,84.9
20260708T022859Z,25.4,84.5
20260708T022913Z,25.4,83.1
20260708T022929Z,25.3,82.3
20260708T022944Z,25.3,81.5
20260708T022959Z,25.2,79.8
20260708T023014Z,25.1,79.6
20260708T023029Z,25.0,79.3
20260708T023043Z,24.9,78.7
20260708T023059Z,24.8,77.4
20260708T023113Z,24.7,76.9
20260708T023129Z,24.6,76.0
20260708T023143Z,24.5,75.7
20260708T023158Z,24.4,75.2
20260708T023214Z,24.3,75.3
20260708T023229Z,24.2,74.4
20260708T023243Z,24.2,75.0
20260708T023258Z,24.2,76.9
20260708T023314Z,24.2,78.7
20260708T023328Z,24.2,79.7
20260708T023344Z,24.2,80.3
20260708T023358Z,24.2,80.7
20260708T023414Z,24.2,80.9
20260708T023428Z,24.3,81.3
20260708T023444Z,24.3,81.6
20260708T023458Z,24.3,82.2
20260708T023514Z,24.3,82.6
20260708T023528Z,24.4,82.6
20260708T023544Z,24.4,83.1
20260708T023559Z,24.4,83.4
20260708T023614Z,24.5,83.9
20260708T023629Z,24.5,84.0
20260708T023644Z,24.6,84.1
20260708T023659Z,24.6,84.4
20260708T023714Z,24.6,84.5
20260708T023729Z,24.6,84.8
20260708T023744Z,24.7,85.0
20260708T023759Z,24.7,85.1
20260708T023814Z,24.7,85.3
20260708T023829Z,24.8,85.4
20260708T023844Z,24.8,85.7
20260708T023859Z,24.8,85.8
20260708T023914Z,24.9,86.2
20260708T023929Z,24.9,86.3
20260708T023944Z,24.9,86.5
20260708T023959Z,24.9,86.6
20260708T024014Z,24.9,86.8
20260708T024029Z,25.0,87.0
20260708T024044Z,25.0,87.3
20260708T024059Z,25.0,87.4
20260708T024114Z,25.0,87.6
20260708T024129Z,25.1,87.7
20260708T024144Z,25.1,88.0
20260708T024159Z,25.1,88.1
20260708T024214Z,25.1,88.2
20260708T024229Z,25.2,88.3
20260708T024244Z,25.2,88.3
20260708T024259Z,25.2,88.6
20260708T024314Z,25.2,88.7
20260708T024329Z,25.3,88.8
20260708T024344Z,25.3,88.8
20260708T024359Z,25.3,89.1
20260708T024414Z,25.3,89.1
20260708T024429Z,25.3,89.3
20260708T024444Z,25.3,89.3
20260708T024459Z,25.4,89.4
20260708T024514Z,25.4,89.5
20260708T024529Z,25.4,89.6
20260708T024544Z,25.4,89.6
20260708T024559Z,25.4,89.6
20260708T024614Z,25.5,89.7
20260708T024629Z,25.5,89.7
20260708T024644Z,25.5,89.8
20260708T024700Z,25.5,89.9
20260708T024714Z,25.5,89.9
20260708T024729Z,25.6,90.0
20260708T024744Z,25.6,89.9
20260708T024759Z,25.6,90.1
20260708T024814Z,25.6,90.1
20260708T024829Z,25.6,89.6
20260708T024844Z,25.6,87.9
20260708T024859Z,25.6,86.8
20260708T024914Z,25.5,86.8
20260708T024929Z,25.5,85.3
20260708T024944Z,25.5,84.8
20260708T024959Z,25.4,84.1
20260708T025014Z,25.4,82.5
20260708T025029Z,25.3,81.9
20260708T025044Z,25.2,81.3
20260708T025059Z,25.2,80.7
20260708T025114Z,25.1,79.4
20260708T025129Z,25.0,78.6
20260708T025144Z,25.0,78.0
20260708T025159Z,24.9,77.1
20260708T025214Z,24.9,76.5
20260708T025229Z,24.8,75.7
20260708T025244Z,24.7,75.4
20260708T025259Z,24.6,74.7
20260708T025314Z,24.5,74.1
20260708T025329Z,24.4,73.0
20260708T025344Z,24.4,74.0
20260708T025359Z,24.4,75.8
20260708T025414Z,24.3,77.9
20260708T025429Z,24.3,79.0
20260708T025444Z,24.3,79.5
20260708T025459Z,24.3,79.6
20260708T025514Z,24.3,80.2
20260708T025529Z,24.3,80.6
20260708T025544Z,24.4,81.0
20260708T025559Z,24.4,81.1
20260708T025614Z,24.4,81.7
20260708T025629Z,24.5,82.1
20260708T025644Z,24.5,82.6
20260708T025659Z,24.5,83.0
20260708T025714Z,24.5,83.2
20260708T025729Z,24.6,83.5
20260708T025744Z,24.6,83.7
20260708T025759Z,24.6,84.0
20260708T025814Z,24.7,84.0
20260708T025829Z,24.7,84.5
20260708T025844Z,24.7,84.7
20260708T025859Z,24.7,85.0
20260708T025914Z,24.8,85.3
20260708T025929Z,24.8,85.6
20260708T025944Z,24.8,85.6
20260708T025959Z,24.9,86.1
20260708T030014Z,24.9,86.1
20260708T030029Z,24.9,86.3
20260708T030044Z,24.9,86.4
20260708T030100Z,25.0,86.7
20260708T030114Z,25.0,86.8
20260708T030129Z,25.0,87.2
20260708T030144Z,25.0,87.3
20260708T030159Z,25.1,87.4
20260708T030214Z,25.1,87.6
20260708T030229Z,25.1,87.8
20260708T030244Z,25.1,87.8
20260708T030300Z,25.1,87.9
20260708T030314Z,25.2,87.9
20260708T030329Z,25.2,87.7
20260708T030344Z,25.2,87.8
20260708T030359Z,25.2,87.8
20260708T030414Z,25.2,87.7
20260708T030429Z,25.2,87.7
20260708T030444Z,25.2,87.8
20260708T030459Z,25.3,87.8
20260708T030514Z,25.3,87.9
20260708T030529Z,25.3,88.0
20260708T030544Z,25.3,88.1
20260708T030559Z,25.3,88.1
20260708T030614Z,25.4,88.3
20260708T030629Z,25.4,88.2
20260708T030644Z,25.4,88.4
20260708T030659Z,25.4,88.5
20260708T030714Z,25.4,88.6
20260708T030729Z,25.5,88.6
20260708T030744Z,25.5,88.7
20260708T030759Z,25.5,88.8
20260708T030814Z,25.5,88.8
20260708T030829Z,25.5,88.8
20260708T030844Z,25.5,88.9
20260708T030859Z,25.6,89.0
20260708T030914Z,25.6,89.0
20260708T030929Z,25.6,89.0
20260708T030944Z,25.6,88.2
20260708T030959Z,25.6,87.6
20260708T031014Z,25.6,85.9
20260708T031029Z,25.6,85.6
20260708T031044Z,25.5,85.1
20260708T031059Z,25.5,84.0
20260708T031114Z,25.4,83.1
20260708T031129Z,25.4,82.3
20260708T031144Z,25.4,81.9
20260708T031159Z,25.3,80.6
20260708T031214Z,25.2,79.6
20260708T031229Z,25.2,78.6
20260708T031244Z,25.1,77.9
20260708T031259Z,25.1,77.3
20260708T031314Z,25.0,76.1
20260708T031329Z,24.9,75.1
20260708T031344Z,24.8,74.6
20260708T031359Z,24.7,73.8
20260708T031414Z,24.5,73.8
20260708T031429Z,24.4,73.9
20260708T031444Z,24.4,73.3
20260708T031459Z,24.3,73.0
20260708T031514Z,24.3,74.0
20260708T031529Z,24.3,75.7
20260708T031544Z,24.3,77.4
20260708T031559Z,24.3,78.2
20260708T031614Z,24.3,78.9
20260708T031629Z,24.3,79.1
20260708T031644Z,24.3,79.3
20260708T031659Z,24.3,79.8
20260708T031714Z,24.3,80.1
20260708T031729Z,24.4,80.8
20260708T031744Z,24.4,81.2
20260708T031759Z,24.4,81.5
20260708T031814Z,24.5,81.8
20260708T031829Z,24.5,82.2
20260708T031844Z,24.5,82.6
20260708T031859Z,24.5,82.8
20260708T031914Z,24.6,83.0
20260708T031929Z,24.6,83.4
20260708T031944Z,24.6,83.9
20260708T031959Z,24.7,84.1
20260708T032014Z,24.7,84.2
20260708T032029Z,24.7,84.6
20260708T032044Z,24.7,84.8
20260708T032059Z,24.8,84.9
20260708T032114Z,24.8,85.2
20260708T032129Z,24.9,85.3
20260708T032144Z,24.9,85.5
20260708T032159Z,24.9,85.6
20260708T032214Z,24.9,85.8
20260708T032229Z,24.9,86.1
20260708T032244Z,25.0,86.3
20260708T032259Z,25.0,86.4
20260708T032314Z,25.0,86.6
20260708T032329Z,25.1,86.7
20260708T032344Z,25.1,86.9
20260708T032359Z,25.1,87.2
20260708T032414Z,25.1,87.1
20260708T032429Z,25.1,87.4
20260708T032444Z,25.2,87.5
20260708T032459Z,25.2,87.5
20260708T032514Z,25.2,87.8
20260708T032529Z,25.2,87.7
20260708T032544Z,25.3,87.9
20260708T032559Z,25.3,88.0
20260708T032614Z,25.3,88.1
20260708T032629Z,25.3,88.2
20260708T032644Z,25.4,88.2
20260708T032659Z,25.4,88.2
20260708T032714Z,25.4,88.3
20260708T032729Z,25.4,88.4
20260708T032744Z,25.4,88.4
20260708T032759Z,25.5,88.5
20260708T032814Z,25.5,88.5
20260708T032829Z,25.5,88.6
20260708T032844Z,25.6,88.6
20260708T032859Z,25.6,88.6
20260708T032914Z,25.6,88.7
20260708T032929Z,25.6,88.7
20260708T032944Z,25.6,88.8
20260708T032959Z,25.7,88.8
20260708T033014Z,25.7,88.8
20260708T033029Z,25.7,88.9
20260708T033044Z,25.7,88.9
20260708T033059Z,25.7,88.9
20260708T033114Z,25.8,88.8
20260708T033129Z,25.8,88.9
20260708T033144Z,25.8,88.9
20260708T033159Z,25.8,88.9
20260708T033214Z,25.9,88.9
20260708T033229Z,25.9,89.0
20260708T033244Z,25.9,89.0
20260708T033259Z,25.9,89.0
20260708T033314Z,26.0,88.9
20260708T033329Z,26.0,88.9
20260708T033344Z,26.0,89.0
20260708T033359Z,26.0,88.9
20260708T033414Z,26.0,89.0
20260708T033429Z,26.0,89.0
20260708T033444Z,26.0,88.9
20260708T033459Z,26.1,89.0
20260708T033514Z,26.1,89.0
20260708T033529Z,26.1,89.0
20260708T033544Z,26.1,89.0
20260708T033559Z,26.1,89.0
20260708T033614Z,26.1,89.0
20260708T033629Z,26.2,89.0
20260708T033644Z,26.2,89.1
20260708T033659Z,26.2,89.1
20260708T033714Z,26.2,89.0
20260708T033729Z,26.2,89.0
20260708T033744Z,26.2,89.0
20260708T033759Z,26.2,89.0
20260708T033814Z,26.3,89.0
20260708T033829Z,26.3,89.0
20260708T033844Z,26.3,89.0
20260708T033859Z,26.3,89.0
20260708T033914Z,26.3,89.0
20260708T033929Z,26.3,89.1
20260708T033944Z,26.3,89.1
20260708T033959Z,26.3,89.1
20260708T034014Z,26.3,89.0
20260708T034029Z,26.3,89.0
20260708T034044Z,26.4,89.0
20260708T034059Z,26.4,88.6
20260708T034114Z,26.4,88.5
20260708T034129Z,26.4,88.4
20260708T034144Z,26.4,88.4
20260708T034159Z,26.4,88.3
20260708T034214Z,26.4,88.3
20260708T034229Z,26.4,88.3
20260708T034244Z,26.4,88.2
20260708T034259Z,26.4,88.2
20260708T034314Z,26.4,88.2
20260708T034329Z,26.4,88.3
20260708T034344Z,26.4,88.3
20260708T034359Z,26.4,88.2
20260708T034414Z,26.4,88.2
20260708T034429Z,26.4,88.2
20260708T034444Z,26.4,88.2
20260708T034459Z,26.4,88.2
20260708T034514Z,26.4,88.2
20260708T034529Z,26.4,88.2
20260708T034544Z,26.4,88.2
20260708T034559Z,26.4,88.2
20260708T034614Z,26.4,88.2
20260708T034629Z,26.4,88.2
20260708T034644Z,26.4,88.3
20260708T034659Z,26.5,88.3
20260708T034714Z,26.5,88.2
20260708T034729Z,26.5,88.2
20260708T034744Z,26.5,88.3
20260708T034759Z,26.5,88.2
20260708T034814Z,26.5,88.2
20260708T034829Z,26.5,88.2
20260708T034844Z,26.5,88.2
20260708T034859Z,26.5,88.1
20260708T034914Z,26.5,88.2
20260708T034929Z,26.5,88.1
20260708T034944Z,26.5,88.1
20260708T034959Z,26.5,88.1
20260708T035014Z,26.6,88.1
20260708T035029Z,26.6,88.1
20260708T035044Z,26.6,88.1
20260708T035059Z,26.6,88.1
20260708T035114Z,26.6,88.1
20260708T035129Z,26.6,88.1
20260708T035144Z,26.6,88.1
20260708T035159Z,26.6,88.0
20260708T035214Z,26.6,88.0
20260708T035229Z,26.6,88.0
20260708T035244Z,26.6,87.9
20260708T035259Z,26.6,87.9
20260708T035314Z,26.6,87.9
20260708T035329Z,26.6,87.9
20260708T035344Z,26.6,87.9
20260708T035359Z,26.7,87.8
20260708T035414Z,26.7,87.2
20260708T035429Z,26.7,87.0
20260708T035444Z,26.6,85.9
20260708T035459Z,26.6,85.0
20260708T035514Z,26.5,84.4
20260708T035529Z,26.5,83.8
20260708T035544Z,26.4,82.9
20260708T035559Z,26.3,82.4
20260708T035614Z,26.2,81.0
20260708T035629Z,26.2,80.7
20260708T035644Z,26.1,79.5
20260708T035659Z,26.0,78.9
20260708T035714Z,25.9,78.3
20260708T035729Z,25.8,77.5
20260708T035744Z,25.7,76.5
20260708T035759Z,25.6,75.5
20260708T035814Z,25.5,75.6
20260708T035829Z,25.4,77.0
20260708T035844Z,25.3,78.7
20260708T035859Z,25.3,80.6
20260708T035914Z,25.2,81.6
20260708T035929Z,25.2,82.1
20260708T035944Z,25.2,82.5
20260708T035959Z,25.2,83.0
20260708T040014Z,25.2,83.2
20260708T040029Z,25.2,83.6
20260708T040044Z,25.2,84.1
20260708T040059Z,25.2,84.4
20260708T040114Z,25.2,84.6
20260708T040129Z,25.2,84.9
20260708T040144Z,25.2,85.2
20260708T040200Z,25.2,85.7
20260708T040214Z,25.2,85.8
20260708T040229Z,25.3,86.0
20260708T040244Z,25.3,86.2
20260708T040259Z,25.3,86.6
20260708T040314Z,25.3,86.9
20260708T040329Z,25.4,87.1
20260708T040344Z,25.4,87.2
20260708T040359Z,25.4,87.5
20260708T040414Z,25.4,87.6
20260708T040429Z,25.4,88.0
20260708T040444Z,25.4,88.1
20260708T040459Z,25.5,88.3
20260708T040514Z,25.5,88.4
20260708T040529Z,25.5,88.4
20260708T040544Z,25.5,88.7
20260708T040559Z,25.6,88.7
20260708T040614Z,25.5,88.8
20260708T040629Z,25.6,89.0
20260708T040644Z,25.6,89.2
20260708T040659Z,25.6,89.1
20260708T040714Z,25.6,89.3
20260708T040729Z,25.6,89.4
20260708T040744Z,25.7,89.4
20260708T040759Z,25.7,89.6
20260708T040814Z,25.7,89.6
20260708T040829Z,25.7,89.6
20260708T040844Z,25.7,89.7
20260708T040859Z,25.8,89.7
20260708T040914Z,25.8,89.7
20260708T040929Z,25.8,89.8
20260708T040944Z,25.8,89.8
20260708T040959Z,25.8,89.8
20260708T041014Z,25.8,89.8
20260708T041029Z,25.9,89.9
20260708T041044Z,25.9,89.9
20260708T041059Z,25.9,89.9
20260708T041114Z,25.9,89.8
20260708T041129Z,25.9,89.8
20260708T041144Z,26.0,89.7
20260708T041159Z,26.0,89.7
20260708T041214Z,26.0,89.7
20260708T041229Z,26.0,89.7
20260708T041244Z,26.0,89.6
20260708T041259Z,26.1,89.5
20260708T041314Z,26.1,89.5
20260708T041329Z,26.1,89.5
20260708T041344Z,26.1,89.4
20260708T041359Z,26.2,89.4
20260708T041414Z,26.2,89.3
20260708T041429Z,26.2,89.3
20260708T041444Z,26.2,89.2
20260708T041459Z,26.2,89.2
20260708T041514Z,26.3,89.1
20260708T041529Z,26.3,89.1
20260708T041544Z,26.3,89.0
20260708T041559Z,26.3,89.0
20260708T041614Z,26.3,88.8
20260708T041629Z,26.3,88.5
20260708T041644Z,26.3,87.9
20260708T041659Z,26.3,85.9
20260708T041714Z,26.3,85.1
20260708T041729Z,26.2,84.7
20260708T041744Z,26.2,83.3
20260708T041759Z,26.1,83.3
20260708T041814Z,26.0,82.3
20260708T041829Z,26.0,81.4
20260708T041844Z,25.9,80.5
20260708T041859Z,25.8,79.7
20260708T041914Z,25.8,78.9
20260708T041929Z,25.7,78.0
20260708T041944Z,25.6,77.1
20260708T041959Z,25.5,76.5
20260708T042014Z,25.3,76.3
20260708T042029Z,25.2,75.6
20260708T042044Z,25.1,74.6
20260708T042059Z,25.0,74.6
20260708T042114Z,24.9,73.4
20260708T042129Z,24.8,73.6
20260708T042144Z,24.7,72.8
20260708T042159Z,24.6,72.3
20260708T042214Z,24.5,71.9
20260708T042229Z,24.4,71.5
20260708T042244Z,24.3,71.7
20260708T042259Z,24.2,70.9
20260708T042314Z,24.2,70.7
20260708T042329Z,24.2,72.4
20260708T042344Z,24.2,74.2
20260708T042359Z,24.2,76.1
20260708T042414Z,24.2,77.0
20260708T042429Z,24.2,77.3
20260708T042444Z,24.3,77.5
20260708T042459Z,24.3,78.1
20260708T042514Z,24.3,78.5
20260708T042529Z,24.4,78.8
20260708T042544Z,24.4,79.3
20260708T042559Z,24.4,79.9
20260708T042614Z,24.5,80.2
20260708T042629Z,24.5,80.7
20260708T042644Z,24.6,80.7
20260708T042700Z,24.6,81.0
20260708T042715Z,24.7,81.2
20260708T042729Z,24.7,81.8
20260708T042744Z,24.7,82.0
20260708T042759Z,24.8,82.3
20260708T042814Z,24.8,82.4
20260708T042829Z,24.9,82.8
20260708T042844Z,24.9,83.0
20260708T042859Z,24.9,83.4
20260708T042914Z,25.0,83.5
20260708T042929Z,25.0,83.8
20260708T042944Z,25.0,84.1
20260708T042959Z,25.1,84.3
20260708T043014Z,25.1,84.5
20260708T043029Z,25.1,84.8
20260708T043044Z,25.1,84.9
20260708T043059Z,25.2,84.9
20260708T043114Z,25.2,85.5
20260708T043129Z,25.2,85.6
20260708T043144Z,25.3,85.9
20260708T043159Z,25.3,86.0
20260708T043214Z,25.3,86.2
20260708T043229Z,25.3,86.3
20260708T043244Z,25.4,86.6
20260708T043259Z,25.4,86.6
20260708T043314Z,25.4,86.9
20260708T043329Z,25.4,87.0
20260708T043344Z,25.5,87.1
20260708T043359Z,25.5,87.1
20260708T043414Z,25.5,87.3
20260708T043429Z,25.6,87.5
20260708T043444Z,25.6,87.4
20260708T043459Z,25.6,87.5
20260708T043514Z,25.6,87.7
20260708T043529Z,25.6,87.7
20260708T043544Z,25.6,87.2
20260708T043559Z,25.7,86.8
20260708T043614Z,25.7,84.9
20260708T043629Z,25.6,84.5
20260708T043644Z,25.6,83.8
20260708T043659Z,25.6,83.0
20260708T043714Z,25.5,82.0
20260708T043729Z,25.5,81.7
20260708T043744Z,25.4,80.6
20260708T043759Z,25.4,79.8
20260708T043814Z,25.4,78.5
20260708T043829Z,25.3,78.1
20260708T043844Z,25.2,76.6
20260708T043859Z,25.1,76.2
20260708T043914Z,25.0,75.8
20260708T043929Z,24.9,74.9
20260708T043944Z,24.8,74.4
20260708T043959Z,24.7,73.6
20260708T044014Z,24.6,73.5
20260708T044029Z,24.6,72.6
20260708T044044Z,24.5,72.3
20260708T044059Z,24.4,71.6
20260708T044114Z,24.3,71.1
20260708T044129Z,24.3,71.0
20260708T044144Z,24.2,72.1
20260708T044159Z,24.2,74.0
20260708T044214Z,24.3,76.0
20260708T044229Z,24.3,76.6
20260708T044244Z,24.3,77.0
20260708T044259Z,24.3,77.4
20260708T044314Z,24.4,77.6
20260708T044329Z,24.4,78.1
20260708T044344Z,24.4,78.6
20260708T044359Z,24.5,78.8
20260708T044414Z,24.5,79.7
20260708T044429Z,24.5,79.7
20260708T044444Z,24.5,80.3
20260708T044459Z,24.6,80.4
20260708T044514Z,24.6,80.9
20260708T044529Z,24.7,81.1
20260708T044544Z,24.7,81.4
20260708T044559Z,24.7,81.9
20260708T044614Z,24.7,81.9
20260708T044629Z,24.8,82.4
20260708T044644Z,24.8,82.5
20260708T044659Z,24.9,82.8
20260708T044714Z,24.9,83.0
20260708T044729Z,24.9,83.4
20260708T044744Z,24.9,83.6
20260708T044759Z,25.0,83.9
20260708T044814Z,25.0,84.1
20260708T044829Z,25.0,84.3
20260708T044844Z,25.0,84.5
20260708T044859Z,25.1,84.5
20260708T044914Z,25.1,84.9
20260708T044929Z,25.1,85.2
20260708T044944Z,25.1,85.3
20260708T044959Z,25.2,85.5
20260708T045014Z,25.2,85.5
20260708T045029Z,25.2,85.9
20260708T045044Z,25.2,85.9
20260708T045059Z,25.3,86.1
20260708T045114Z,25.3,86.1
20260708T045129Z,25.3,86.2
20260708T045144Z,25.3,86.4
20260708T045159Z,25.4,86.6
20260708T045214Z,25.4,86.7
20260708T045229Z,25.4,86.8
20260708T045244Z,25.4,87.0
20260708T045259Z,25.5,87.0
20260708T045314Z,25.5,87.2
20260708T045329Z,25.5,87.2
20260708T045344Z,25.5,87.3
20260708T045359Z,25.6,87.4
20260708T045414Z,25.6,87.5
20260708T045429Z,25.6,87.6
20260708T045444Z,25.6,87.5
20260708T045459Z,25.6,87.6
20260708T045514Z,25.7,86.9
20260708T045529Z,25.7,86.8
20260708T045544Z,25.6,85.0
20260708T045559Z,25.6,84.2
20260708T045614Z,25.6,83.6
20260708T045629Z,25.6,82.5
20260708T045644Z,25.5,82.1
20260708T045659Z,25.5,80.7
20260708T045714Z,25.4,79.7
20260708T045729Z,25.3,79.2
20260708T045744Z,25.3,78.4
20260708T045759Z,25.2,77.4
20260708T045814Z,25.1,77.0
20260708T045829Z,25.0,76.2
20260708T045844Z,24.9,75.1
20260708T045859Z,24.8,74.7
20260708T045914Z,24.7,73.8
20260708T045929Z,24.6,74.1
20260708T045944Z,24.5,73.3
20260708T045959Z,24.5,72.5
20260708T050014Z,24.4,72.0
20260708T050029Z,24.3,71.8
20260708T050044Z,24.3,71.5
20260708T050059Z,24.3,72.8
20260708T050114Z,24.3,74.4
20260708T050129Z,24.3,76.4
20260708T050144Z,24.3,77.1
20260708T050159Z,24.3,77.7
20260708T050214Z,24.3,77.9
20260708T050229Z,24.4,78.1
20260708T050244Z,24.4,78.2
20260708T050259Z,24.4,78.6
20260708T050314Z,24.5,78.8
20260708T050329Z,24.5,79.3
20260708T050344Z,24.5,79.8
20260708T050359Z,24.6,80.4
20260708T050414Z,24.6,80.4
20260708T050429Z,24.6,81.1
20260708T050444Z,24.7,81.2
20260708T050459Z,24.7,81.4
20260708T050514Z,24.7,81.8
20260708T050529Z,24.8,82.1
20260708T050544Z,24.8,82.3
20260708T050559Z,24.8,82.5
20260708T050614Z,24.9,82.6
20260708T050629Z,24.9,83.0
20260708T050644Z,24.9,83.2
20260708T050659Z,25.0,83.5
20260708T050714Z,25.0,83.8
20260708T050729Z,25.0,84.0
20260708T050744Z,25.0,84.1
20260708T050759Z,25.1,84.5
20260708T050814Z,25.1,84.6
20260708T050829Z,25.1,84.8
20260708T050844Z,25.1,85.1
20260708T050859Z,25.1,85.4
20260708T050914Z,25.2,85.4
20260708T050929Z,25.2,85.5
20260708T050944Z,25.2,85.9
20260708T051000Z,25.2,85.9
20260708T051015Z,25.3,86.1
20260708T051029Z,25.3,86.2
20260708T051044Z,25.3,86.2
20260708T051059Z,25.3,86.3
20260708T051114Z,25.4,86.6
20260708T051129Z,25.4,86.6
20260708T051144Z,25.4,86.6
20260708T051159Z,25.4,86.8
20260708T051214Z,25.5,86.9
20260708T051229Z,25.5,87.0
20260708T051244Z,25.5,87.1
20260708T051259Z,25.5,87.1
20260708T051314Z,25.5,87.2
20260708T051329Z,25.6,87.3
20260708T051344Z,25.6,87.4
20260708T051359Z,25.6,87.5
20260708T051414Z,25.6,87.5
20260708T051429Z,25.7,87.0
20260708T051444Z,25.7,85.9
20260708T051459Z,25.6,84.7
20260708T051514Z,25.6,84.5
20260708T051529Z,25.6,83.7
20260708T051544Z,25.6,83.1
20260708T051559Z,25.6,81.5
20260708T051614Z,25.5,80.6
20260708T051629Z,25.5,80.0
20260708T051644Z,25.4,79.2
20260708T051659Z,25.4,78.0
20260708T051714Z,25.3,77.5
20260708T051729Z,25.2,76.3
20260708T051744Z,25.2,75.3
20260708T051759Z,25.0,74.7
20260708T051814Z,25.0,74.4
20260708T051829Z,24.9,73.8
20260708T051844Z,24.8,73.5
20260708T051859Z,24.7,72.8
20260708T051914Z,24.6,72.1
20260708T051930Z,24.5,71.9
20260708T051944Z,24.4,72.7
20260708T051959Z,24.4,74.1
20260708T052014Z,24.4,76.4
20260708T052029Z,24.4,77.4
20260708T052044Z,24.4,78.0
20260708T052059Z,24.5,78.5
20260708T052114Z,24.5,78.9
20260708T052129Z,24.5,79.1
20260708T052144Z,24.5,79.6
20260708T052159Z,24.5,79.7
20260708T052214Z,24.6,80.0
20260708T052229Z,24.6,80.3
20260708T052244Z,24.7,80.7
20260708T052259Z,24.7,81.1
20260708T052314Z,24.7,81.2
20260708T052329Z,24.8,81.6
20260708T052344Z,24.8,82.0
20260708T052359Z,24.8,82.2
20260708T052414Z,24.9,82.2
20260708T052429Z,24.9,82.7
20260708T052444Z,25.0,83.0
20260708T052459Z,25.0,83.2
20260708T052514Z,25.0,83.4
20260708T052529Z,25.1,83.8
20260708T052544Z,25.1,83.8
20260708T052600Z,25.1,84.2
20260708T052614Z,25.2,84.3
20260708T052629Z,25.2,84.4
20260708T052644Z,25.2,84.7
20260708T052659Z,25.2,85.0
20260708T052714Z,25.3,85.2
20260708T052729Z,25.3,85.3
20260708T052744Z,25.3,85.6
20260708T052759Z,25.3,85.6
20260708T052814Z,25.4,85.9
20260708T052829Z,25.4,85.9
20260708T052844Z,25.4,86.0
20260708T052859Z,25.4,86.3
20260708T052914Z,25.5,86.4
20260708T052929Z,25.5,86.6
20260708T052944Z,25.5,86.7
20260708T052959Z,25.5,86.8
20260708T053014Z,25.6,86.9
20260708T053029Z,25.6,87.0
20260708T053044Z,25.6,87.3
20260708T053100Z,25.6,87.2
20260708T053115Z,25.7,87.3
20260708T053129Z,25.7,87.2
20260708T053145Z,25.7,87.0
20260708T053159Z,25.7,85.8
20260708T053215Z,25.7,84.7
20260708T053229Z,25.7,84.2
20260708T053244Z,25.6,83.6
20260708T053259Z,25.6,82.8
20260708T053314Z,25.6,81.9
20260708T053329Z,25.6,80.6
20260708T053344Z,25.5,79.9
20260708T053359Z,25.5,78.9
20260708T053414Z,25.4,77.8
20260708T053429Z,25.4,76.7
20260708T053444Z,25.3,76.3
20260708T053459Z,25.2,75.3
20260708T053515Z,25.2,74.9
20260708T053529Z,25.1,74.4
20260708T053545Z,25.0,73.8
20260708T053559Z,24.9,73.5
20260708T053615Z,24.9,72.8
20260708T053629Z,24.9,73.3
20260708T053645Z,24.8,71.2
20260708T053659Z,24.8,70.7
20260708T053715Z,24.7,71.8
20260708T053729Z,24.7,73.0
20260708T053745Z,24.7,75.3
20260708T053759Z,24.7,76.7
20260708T053815Z,24.7,76.5
20260708T053829Z,24.7,77.2
20260708T053845Z,24.7,77.6
20260708T053859Z,24.7,78.0
20260708T053915Z,24.7,78.5
20260708T053929Z,24.7,78.8
20260708T053945Z,24.7,79.1
20260708T053959Z,24.7,79.5
20260708T054015Z,24.8,79.7
20260708T054029Z,24.8,80.0
20260708T054045Z,24.8,80.4
20260708T054059Z,24.9,80.6
20260708T054115Z,24.9,81.4
20260708T054130Z,24.9,81.4
20260708T054144Z,24.9,81.8
20260708T054159Z,25.0,82.2
20260708T054215Z,25.0,82.5
20260708T054229Z,25.0,82.5
20260708T054245Z,25.0,83.0
20260708T054300Z,25.1,83.4
20260708T054314Z,25.1,83.3
20260708T054330Z,25.1,83.8
20260708T054344Z,25.1,83.9
20260708T054400Z,25.1,83.9
20260708T054414Z,25.2,84.3
20260708T054430Z,25.2,84.5
20260708T054444Z,25.2,84.7
20260708T054500Z,25.3,84.8
20260708T054514Z,25.3,85.1
20260708T054530Z,25.3,85.1
20260708T054544Z,25.3,85.5
20260708T054600Z,25.3,85.7
20260708T054614Z,25.4,85.8
20260708T054630Z,25.4,85.9
20260708T054644Z,25.4,86.1
20260708T054700Z,25.4,86.3
20260708T054714Z,25.5,86.4
20260708T054730Z,25.5,86.6
20260708T054744Z,25.5,86.7
20260708T054800Z,25.5,86.7
20260708T054814Z,25.5,86.8
20260708T054829Z,25.6,86.9
20260708T054845Z,25.6,87.0
20260708T054859Z,25.6,87.0
20260708T054915Z,25.6,87.2
20260708T054929Z,25.6,87.2
20260708T054945Z,25.7,86.7
20260708T055000Z,25.7,85.0
20260708T055014Z,25.7,84.2
20260708T055030Z,25.6,83.6
20260708T055044Z,25.6,82.9
20260708T055100Z,25.6,82.6
20260708T055114Z,25.6,81.1
20260708T055130Z,25.5,80.1
20260708T055144Z,25.5,79.7
20260708T055200Z,25.4,78.6
20260708T055214Z,25.4,77.1
20260708T055230Z,25.3,76.2
20260708T055244Z,25.2,75.7
20260708T055259Z,25.1,75.3
20260708T055315Z,25.0,74.5
20260708T055329Z,24.9,74.2
20260708T055345Z,24.8,73.0
20260708T055400Z,24.7,72.6
20260708T055414Z,24.7,72.1
20260708T055430Z,24.5,71.8
20260708T055444Z,24.5,71.2
20260708T055500Z,24.4,71.7
20260708T055514Z,24.4,73.3
20260708T055530Z,24.4,75.4
20260708T055544Z,24.4,76.8
20260708T055600Z,24.5,77.1
20260708T055614Z,24.5,77.5
20260708T055630Z,24.5,77.8
20260708T055644Z,24.5,78.4
20260708T055701Z,24.6,78.5
20260708T055715Z,24.6,79.3
20260708T055730Z,24.6,79.3
20260708T055744Z,24.6,79.5
20260708T055800Z,24.7,79.7
20260708T055814Z,24.7,80.2
20260708T055830Z,24.7,80.8
20260708T055844Z,24.8,81.0
20260708T055859Z,24.8,81.2
20260708T055915Z,24.8,81.5
20260708T055929Z,24.8,81.6
20260708T055945Z,24.9,82.1
20260708T055959Z,24.9,82.2
20260708T060014Z,25.0,82.4
20260708T060029Z,25.0,82.5
20260708T060045Z,25.0,82.9
20260708T060100Z,25.0,83.1
20260708T060114Z,25.1,83.1
20260708T060130Z,25.1,83.5
20260708T060144Z,25.1,83.8
20260708T060200Z,25.2,83.9
20260708T060214Z,25.2,84.2
20260708T060230Z,25.2,84.4
20260708T060244Z,25.2,84.7
20260708T060300Z,25.2,84.6
20260708T060314Z,25.3,84.9
20260708T060330Z,25.3,85.2
20260708T060344Z,25.3,85.3
20260708T060400Z,25.4,85.5
20260708T060414Z,25.4,85.7
20260708T060430Z,25.4,85.8
20260708T060444Z,25.4,85.9
20260708T060500Z,25.5,85.9
20260708T060514Z,25.5,86.1
20260708T060530Z,25.5,86.2
20260708T060544Z,25.6,86.2
20260708T060559Z,25.6,86.3
20260708T060615Z,25.6,86.4
20260708T060629Z,25.6,86.4
20260708T060645Z,25.6,86.5
20260708T060659Z,25.7,85.8
20260708T060714Z,25.7,85.9
20260708T060730Z,25.7,83.9
20260708T060745Z,25.7,83.4
20260708T060800Z,25.7,82.1
20260708T060814Z,25.6,81.6
20260708T060830Z,25.6,80.8
20260708T060844Z,25.6,79.6
20260708T060900Z,25.5,78.5
20260708T060915Z,25.4,77.7
20260708T060929Z,25.3,77.4
20260708T060945Z,25.2,76.6
20260708T060959Z,25.2,75.8
20260708T061015Z,25.1,74.8
20260708T061029Z,25.0,74.0
20260708T061045Z,24.9,73.6
20260708T061059Z,24.8,73.5
20260708T061115Z,24.8,72.5
20260708T061129Z,24.7,71.7
20260708T061145Z,24.6,71.7
20260708T061159Z,24.5,71.0
20260708T061215Z,24.4,69.9
20260708T061229Z,24.4,69.9
20260708T061245Z,24.3,69.4
20260708T061300Z,24.2,70.6
20260708T061315Z,24.2,71.8
20260708T061329Z,24.2,74.0
20260708T061344Z,24.3,75.0
20260708T061400Z,24.3,75.8
20260708T061414Z,24.3,76.3
20260708T061430Z,24.3,76.3
20260708T061444Z,24.4,76.7
20260708T061459Z,24.5,77.1
20260708T061515Z,24.5,77.6
20260708T061529Z,24.5,77.9
20260708T061545Z,24.6,78.5
20260708T061559Z,24.6,78.5
20260708T061615Z,24.7,79.1
20260708T061630Z,24.7,79.4
20260708T061644Z,24.7,79.7
20260708T061700Z,24.8,80.0
20260708T061714Z,24.8,80.5
20260708T061730Z,24.8,80.7
20260708T061744Z,24.9,80.8
20260708T061800Z,24.9,81.0
20260708T061814Z,25.0,81.3
20260708T061830Z,25.0,81.8
20260708T061844Z,25.0,82.1
20260708T061900Z,25.0,82.3
20260708T061914Z,25.1,82.5
20260708T061929Z,25.1,82.7
20260708T061945Z,25.1,82.9
20260708T061959Z,25.2,83.2
20260708T062015Z,25.2,83.4
20260708T062029Z,25.2,83.6
20260708T062045Z,25.2,83.9
20260708T062059Z,25.3,83.9
20260708T062115Z,25.3,84.0
20260708T062129Z,25.3,84.3
20260708T062145Z,25.4,84.4
20260708T062159Z,25.4,84.5
20260708T062215Z,25.4,84.7
20260708T062229Z,25.4,84.9
20260708T062245Z,25.5,85.0
20260708T062259Z,25.5,85.1
20260708T062315Z,25.5,85.3
20260708T062329Z,25.5,85.3
20260708T062345Z,25.6,85.5
20260708T062359Z,25.6,85.5
20260708T062415Z,25.6,85.5
20260708T062429Z,25.6,85.6
20260708T062445Z,25.7,85.7
20260708T062500Z,25.7,85.5
20260708T062514Z,25.7,85.5
20260708T062530Z,25.7,83.4
20260708T062544Z,25.7,82.7
20260708T062600Z,25.6,82.2
20260708T062615Z,25.6,81.7
20260708T062629Z,25.6,80.7
20260708T062645Z,25.6,80.1
20260708T062659Z,25.6,79.1
20260708T062715Z,25.5,78.5
20260708T062729Z,25.5,77.2
20260708T062745Z,25.4,76.1
20260708T062759Z,25.4,75.5
20260708T062815Z,25.3,74.6
20260708T062830Z,25.2,73.3
20260708T062845Z,25.0,72.7
20260708T062859Z,24.9,72.5
20260708T062915Z,24.8,72.2
20260708T062929Z,24.8,72.2
20260708T062945Z,24.7,71.8
20260708T062959Z,24.6,70.6
20260708T063015Z,24.6,70.4
20260708T063029Z,24.5,69.7
20260708T063045Z,24.4,69.2
20260708T063059Z,24.4,68.9
20260708T063115Z,24.3,70.2
20260708T063129Z,24.3,72.1
20260708T063145Z,24.3,74.0
20260708T063159Z,24.4,74.6
20260708T063215Z,24.4,75.2
20260708T063230Z,24.4,75.4
20260708T063245Z,24.5,75.7
20260708T063300Z,24.5,76.5
20260708T063315Z,24.5,76.6
20260708T063330Z,24.5,77.2
20260708T063345Z,24.6,77.6
20260708T063400Z,24.6,77.9
20260708T063415Z,24.6,78.4
20260708T063430Z,24.7,78.6
20260708T063445Z,24.7,79.1
20260708T063500Z,24.8,79.3
20260708T063515Z,24.8,79.8
20260708T063530Z,24.9,80.1
20260708T063545Z,24.9,80.4
20260708T063600Z,24.9,80.7
20260708T063615Z,24.9,81.1
20260708T063630Z,25.0,81.3
20260708T063645Z,25.0,81.5
20260708T063700Z,25.0,81.6
20260708T063715Z,25.1,82.1
20260708T063730Z,25.1,82.3
20260708T063745Z,25.1,82.4
20260708T063800Z,25.1,82.9
20260708T063815Z,25.2,83.1
20260708T063830Z,25.2,83.3
20260708T063845Z,25.2,83.4
20260708T063900Z,25.2,83.8
20260708T063915Z,25.3,83.8
20260708T063930Z,25.3,83.7
20260708T063945Z,25.3,84.0
20260708T064000Z,25.4,84.1
20260708T064015Z,25.4,84.3
20260708T064030Z,25.4,84.5
20260708T064045Z,25.5,84.7
20260708T064101Z,25.5,84.9
20260708T064115Z,25.5,85.0
20260708T064130Z,25.5,85.2
20260708T064145Z,25.5,85.4
20260708T064201Z,25.6,85.3
20260708T064215Z,25.6,85.6
20260708T064230Z,25.6,85.7
20260708T064245Z,25.6,85.7
20260708T064300Z,25.6,85.5
20260708T064315Z,25.6,84.0
20260708T064330Z,25.6,82.7
20260708T064345Z,25.5,82.2
20260708T064400Z,25.5,81.6
20260708T064415Z,25.5,80.7
20260708T064430Z,25.4,79.3
20260708T064445Z,25.3,79.1
20260708T064500Z,25.3,77.5
20260708T064515Z,25.2,77.1
20260708T064530Z,25.1,76.1
20260708T064545Z,25.0,75.3
20260708T064600Z,24.9,74.9
20260708T064615Z,24.8,74.5
20260708T064630Z,24.7,74.0
20260708T064645Z,24.7,73.2
20260708T064700Z,24.6,72.5
20260708T064715Z,24.5,71.8
20260708T064730Z,24.5,71.5
20260708T064745Z,24.4,70.9
20260708T064800Z,24.3,70.6
20260708T064815Z,24.3,71.8
20260708T064830Z,24.3,73.4
20260708T064845Z,24.3,74.7
20260708T064900Z,24.3,76.1
20260708T064915Z,24.3,76.4
20260708T064930Z,24.4,76.9
20260708T064945Z,24.4,77.5
20260708T065000Z,24.4,77.7
20260708T065015Z,24.4,78.4
20260708T065030Z,24.4,78.7
20260708T065045Z,24.4,78.8
20260708T065100Z,24.5,79.1
20260708T065115Z,24.5,79.3
20260708T065130Z,24.5,79.8
20260708T065145Z,24.6,80.4
20260708T065200Z,24.6,80.4
20260708T065215Z,24.6,80.6
20260708T065230Z,24.7,81.1
20260708T065245Z,24.7,81.5
20260708T065300Z,24.7,81.8
20260708T065315Z,24.7,82.1
20260708T065330Z,24.8,82.3
20260708T065345Z,24.8,82.4
20260708T065400Z,24.8,82.7
20260708T065415Z,24.9,82.9
20260708T065430Z,24.9,83.2
20260708T065445Z,24.9,83.2
20260708T065500Z,25.0,83.5
20260708T065515Z,25.0,84.0
20260708T065530Z,25.0,84.2
20260708T065545Z,25.0,84.2
20260708T065601Z,25.1,84.2
20260708T065615Z,25.1,84.5
20260708T065630Z,25.1,84.7
20260708T065645Z,25.1,84.8
20260708T065659Z,25.2,84.9
20260708T065715Z,25.2,85.0
20260708T065730Z,25.2,85.2
20260708T065745Z,25.2,85.3
20260708T065800Z,25.2,85.5
20260708T065815Z,25.3,85.5
20260708T065830Z,25.3,85.5
20260708T065845Z,25.3,85.6
20260708T065900Z,25.3,85.9
20260708T065915Z,25.4,85.9
20260708T065930Z,25.4,86.1
20260708T065945Z,25.4,86.2
20260708T070000Z,25.4,86.2
20260708T070015Z,25.5,86.2
20260708T070030Z,25.5,86.3
20260708T070045Z,25.5,86.3
20260708T070100Z,25.5,86.4
20260708T070115Z,25.6,86.3
20260708T070130Z,25.6,86.4
20260708T070145Z,25.6,86.5
20260708T070200Z,25.6,86.4
20260708T070215Z,25.6,86.3
20260708T070230Z,25.7,86.2
20260708T070245Z,25.6,84.2
20260708T070300Z,25.6,83.6
20260708T070315Z,25.6,83.0
20260708T070330Z,25.6,82.3
20260708T070345Z,25.5,81.6
20260708T070400Z,25.5,80.7
20260708T070415Z,25.5,79.5
20260708T070430Z,25.4,78.7
20260708T070445Z,25.4,77.6
20260708T070500Z,25.3,77.0
20260708T070515Z,25.3,75.6
20260708T070530Z,25.2,74.8
20260708T070545Z,25.1,74.2
20260708T070600Z,25.0,73.4
20260708T070615Z,24.9,73.0
20260708T070630Z,24.8,72.3
20260708T070645Z,24.7,71.4
20260708T070700Z,24.6,71.5
20260708T070715Z,24.5,70.7
20260708T070730Z,24.4,71.3
20260708T070745Z,24.4,73.6
20260708T070800Z,24.4,74.9
20260708T070815Z,24.4,76.7
20260708T070830Z,24.4,77.2
20260708T070845Z,24.4,77.7
20260708T070900Z,24.4,78.0
20260708T070915Z,24.5,78.5
20260708T070930Z,24.5,78.8
20260708T070945Z,24.5,79.3
20260708T071000Z,24.6,79.6
20260708T071015Z,24.6,79.8
20260708T071030Z,24.6,80.0
20260708T071045Z,24.7,80.3
20260708T071100Z,24.7,80.6
20260708T071115Z,24.7,80.8
20260708T071130Z,24.8,81.2
20260708T071145Z,24.8,81.2
20260708T071200Z,24.8,81.6
20260708T071215Z,24.8,82.0
20260708T071230Z,24.9,82.1
20260708T071245Z,24.9,82.3
20260708T071300Z,25.0,82.6
20260708T071315Z,25.0,82.8
20260708T071330Z,25.0,83.1
20260708T071345Z,25.0,83.2
20260708T071400Z,25.1,83.6
20260708T071416Z,25.1,83.8
20260708T071430Z,25.1,84.0
20260708T071445Z,25.1,84.2
20260708T071500Z,25.2,84.4
20260708T071515Z,25.2,84.6
20260708T071530Z,25.2,84.5
20260708T071545Z,25.3,84.8
20260708T071600Z,25.3,85.0
20260708T071615Z,25.3,85.1
20260708T071630Z,25.4,85.3
20260708T071645Z,25.4,85.5
20260708T071700Z,25.4,85.6
20260708T071715Z,25.4,85.7
20260708T071730Z,25.4,85.8
20260708T071745Z,25.5,85.9
20260708T071800Z,25.5,85.9
20260708T071815Z,25.5,85.9
20260708T071830Z,25.5,86.0
20260708T071845Z,25.6,86.0
20260708T071900Z,25.6,86.3
20260708T071915Z,25.6,86.2
20260708T071930Z,25.7,86.3
20260708T071945Z,25.7,85.7
20260708T072000Z,25.7,84.8
20260708T072015Z,25.7,83.1
20260708T072030Z,25.6,83.2
20260708T072045Z,25.6,81.9
20260708T072100Z,25.6,81.4
20260708T072115Z,25.5,80.9
20260708T072130Z,25.5,79.4
20260708T072145Z,25.4,78.7
20260708T072200Z,25.3,78.0
20260708T072215Z,25.3,76.8
20260708T072230Z,25.2,76.1
20260708T072245Z,25.1,75.2
20260708T072300Z,24.9,74.3
20260708T072315Z,24.8,74.3
20260708T072330Z,24.7,73.5
20260708T072345Z,24.7,73.1
20260708T072400Z,24.6,72.6
20260708T072415Z,24.5,71.9
20260708T072430Z,24.4,72.1
20260708T072445Z,24.3,71.7
20260708T072500Z,24.2,70.8
20260708T072515Z,24.1,70.8
20260708T072530Z,24.1,70.1
20260708T072545Z,24.0,70.8
20260708T072600Z,24.0,73.2
20260708T072615Z,24.1,74.9
20260708T072630Z,24.1,76.0
20260708T072645Z,24.1,76.5
20260708T072700Z,24.2,77.0
20260708T072715Z,24.2,77.2
20260708T072730Z,24.3,77.5
20260708T072745Z,24.3,78.1
20260708T072800Z,24.3,78.4
20260708T072815Z,24.4,78.8
20260708T072830Z,24.4,79.0
20260708T072845Z,24.5,79.3
20260708T072900Z,24.5,79.7
20260708T072915Z,24.6,80.1
20260708T072930Z,24.6,80.2
20260708T072945Z,24.7,80.1
20260708T073000Z,24.7,80.4
20260708T073015Z,24.7,80.5
20260708T073030Z,24.8,80.8
20260708T073045Z,24.8,81.1
20260708T073100Z,24.8,81.7
20260708T073115Z,24.9,81.8
20260708T073130Z,24.9,82.2
20260708T073145Z,24.9,82.3
20260708T073200Z,25.0,82.5
20260708T073215Z,25.0,82.8
20260708T073230Z,25.0,82.8
20260708T073245Z,25.1,83.2
20260708T073300Z,25.1,83.4
20260708T073315Z,25.1,83.5
20260708T073330Z,25.1,83.8
20260708T073345Z,25.2,84.1
20260708T073400Z,25.2,84.2
20260708T073415Z,25.2,84.5
20260708T073430Z,25.2,84.6
20260708T073445Z,25.3,84.7
20260708T073500Z,25.3,84.8
20260708T073515Z,25.3,84.9
20260708T073530Z,25.3,85.1
20260708T073545Z,25.4,85.2
20260708T073600Z,25.4,85.3
20260708T073615Z,25.4,85.4
20260708T073630Z,25.5,85.5
20260708T073645Z,25.5,85.6
20260708T073700Z,25.5,85.6
20260708T073715Z,25.5,85.7
20260708T073730Z,25.6,85.8
20260708T073745Z,25.6,85.9
20260708T073800Z,25.6,86.0
20260708T073815Z,25.6,85.8
20260708T073830Z,25.7,85.5
20260708T073845Z,25.7,83.6
20260708T073900Z,25.6,82.3
20260708T073915Z,25.6,81.9
20260708T073930Z,25.6,81.5
20260708T073945Z,25.5,80.8
20260708T074000Z,25.5,79.9
20260708T074015Z,25.5,79.0
20260708T074030Z,25.4,78.0
20260708T074045Z,25.4,77.6
20260708T074100Z,25.3,75.9
20260708T074115Z,25.2,75.3
20260708T074130Z,25.2,75.0
20260708T074145Z,25.1,74.3
20260708T074200Z,25.0,74.2
20260708T074215Z,24.9,72.7
20260708T074230Z,24.8,72.0
20260708T074245Z,24.8,71.8
20260708T074300Z,24.7,70.7
20260708T074315Z,24.6,70.5
20260708T074330Z,24.5,69.7
20260708T074345Z,24.4,69.4
20260708T074400Z,24.3,69.5
20260708T074416Z,24.3,70.4
20260708T074430Z,24.3,72.4
20260708T074445Z,24.3,74.1
20260708T074500Z,24.3,75.2
20260708T074515Z,24.3,75.8
20260708T074530Z,24.3,76.3
20260708T074545Z,24.3,76.7
20260708T074600Z,24.4,76.9
20260708T074615Z,24.4,77.5
20260708T074630Z,24.4,77.9
20260708T074645Z,24.5,78.2
20260708T074700Z,24.5,78.7
20260708T074715Z,24.5,79.1
20260708T074730Z,24.6,79.3
20260708T074745Z,24.6,79.7
20260708T074800Z,24.7,80.2
20260708T074815Z,24.7,80.5
20260708T074830Z,24.7,80.7
20260708T074845Z,24.8,81.1
20260708T074900Z,24.8,81.3
20260708T074915Z,24.8,81.4
20260708T074930Z,24.9,81.8
20260708T074945Z,24.9,81.9
20260708T075000Z,24.9,82.1
20260708T075015Z,25.0,82.5
20260708T075030Z,25.0,82.8
20260708T075045Z,25.0,82.9
20260708T075100Z,25.0,83.3
20260708T075115Z,25.1,83.5
20260708T075130Z,25.1,83.6
20260708T075145Z,25.1,83.8
20260708T075200Z,25.2,84.2
20260708T075215Z,25.2,84.2
20260708T075230Z,25.2,84.4
20260708T075245Z,25.2,84.6
20260708T075300Z,25.3,84.8
20260708T075315Z,25.3,84.8
20260708T075330Z,25.3,85.0
20260708T075345Z,25.4,85.1
20260708T075400Z,25.4,85.4
20260708T075415Z,25.4,85.4
20260708T075430Z,25.4,85.5
20260708T075445Z,25.4,85.4
20260708T075500Z,25.5,85.7
20260708T075515Z,25.5,85.8
20260708T075530Z,25.5,85.8
20260708T075545Z,25.5,86.0
20260708T075600Z,25.6,86.0
20260708T075615Z,25.6,86.1
20260708T075630Z,25.6,86.1
20260708T075645Z,25.6,86.1
20260708T075700Z,25.7,85.6
20260708T075715Z,25.7,84.3
20260708T075730Z,25.6,83.3
20260708T075745Z,25.6,82.4
20260708T075800Z,25.6,81.3
20260708T075815Z,25.6,81.1
20260708T075830Z,25.5,80.2
20260708T075845Z,25.5,78.9
20260708T075900Z,25.4,78.3
20260708T075915Z,25.4,77.7
20260708T075930Z,25.3,76.8
20260708T075945Z,25.2,75.9
20260708T080000Z,25.2,74.7
20260708T080015Z,25.1,73.9
20260708T080030Z,25.0,73.6
20260708T080045Z,24.9,73.0
20260708T080100Z,24.7,72.2
20260708T080115Z,24.6,71.9
20260708T080130Z,24.6,71.3
20260708T080145Z,24.5,71.0
20260708T080200Z,24.4,71.0
20260708T080215Z,24.3,70.1
20260708T080230Z,24.3,70.0
20260708T080245Z,24.3,69.7
20260708T080300Z,24.3,71.1
20260708T080315Z,24.3,73.0
20260708T080330Z,24.3,74.6
20260708T080345Z,24.3,74.9
20260708T080400Z,24.3,75.2
20260708T080415Z,24.4,76.2
20260708T080430Z,24.4,76.3
20260708T080445Z,24.4,76.7
20260708T080500Z,24.4,77.2
20260708T080515Z,24.4,77.5
20260708T080530Z,24.5,78.2
20260708T080545Z,24.5,78.5
20260708T080600Z,24.5,78.9
20260708T080615Z,24.6,79.2
20260708T080630Z,24.6,79.5
20260708T080645Z,24.6,79.8
20260708T080700Z,24.7,80.0
20260708T080715Z,24.7,80.5
20260708T080730Z,24.7,80.5
20260708T080745Z,24.8,80.9
20260708T080800Z,24.8,81.2
20260708T080815Z,24.8,81.4
20260708T080830Z,24.9,81.7
20260708T080845Z,24.9,81.9
20260708T080900Z,25.0,82.4
20260708T080915Z,25.0,82.5
20260708T080930Z,25.0,82.7
20260708T080945Z,25.0,82.8
20260708T081000Z,25.1,83.0
20260708T081015Z,25.1,83.2
20260708T081030Z,25.1,83.4
20260708T081045Z,25.2,83.6
20260708T081100Z,25.2,83.8
20260708T081115Z,25.2,84.1
20260708T081130Z,25.2,84.2
20260708T081145Z,25.2,84.4
20260708T081200Z,25.3,84.5
20260708T081215Z,25.3,84.6
20260708T081230Z,25.3,84.8
20260708T081245Z,25.4,84.8
20260708T081300Z,25.4,84.9
20260708T081315Z,25.4,85.1
20260708T081330Z,25.4,85.1
20260708T081345Z,25.5,85.3
20260708T081400Z,25.5,85.4
20260708T081415Z,25.5,85.3
20260708T081430Z,25.5,85.5
20260708T081445Z,25.6,85.6
20260708T081500Z,25.6,85.7
20260708T081515Z,25.6,85.6
20260708T081530Z,25.6,85.8
20260708T081545Z,25.7,85.8
20260708T081600Z,25.7,85.3
20260708T081615Z,25.7,84.9
20260708T081630Z,25.7,82.7
20260708T081645Z,25.6,82.2
20260708T081700Z,25.6,81.9
20260708T081715Z,25.6,81.5
20260708T081730Z,25.5,80.7
20260708T081745Z,25.5,79.7
20260708T081800Z,25.5,79.2
20260708T081815Z,25.4,78.5
20260708T081830Z,25.4,77.3
20260708T081845Z,25.3,76.3
20260708T081900Z,25.3,75.1
20260708T081915Z,25.2,74.2
20260708T081930Z,25.1,73.8
20260708T081945Z,25.0,73.0
20260708T082000Z,25.0,72.7
20260708T082015Z,24.9,72.4
20260708T082030Z,24.8,71.5
20260708T082045Z,24.8,70.6
20260708T082100Z,24.7,70.1
20260708T082115Z,24.6,69.5
20260708T082130Z,24.6,68.8
20260708T082145Z,24.5,68.9
20260708T082200Z,24.5,70.7
20260708T082215Z,24.5,72.0
20260708T082230Z,24.5,73.9
20260708T082245Z,24.5,74.8
20260708T082300Z,24.5,75.2
20260708T082315Z,24.5,75.6
20260708T082330Z,24.5,75.9
20260708T082345Z,24.5,76.4
20260708T082400Z,24.5,77.0
20260708T082415Z,24.6,77.4
20260708T082430Z,24.6,77.8
20260708T082445Z,24.6,78.2
20260708T082500Z,24.6,78.6
20260708T082515Z,24.6,79.0
20260708T082530Z,24.7,79.3
20260708T082545Z,24.7,79.8
20260708T082600Z,24.7,80.1
20260708T082615Z,24.7,80.4
20260708T082630Z,24.8,80.5
20260708T082645Z,24.8,80.6
20260708T082700Z,24.9,81.2
20260708T082715Z,24.9,81.3
20260708T082730Z,24.9,81.8
20260708T082745Z,24.9,82.0
20260708T082800Z,25.0,82.1
20260708T082815Z,25.0,82.5
20260708T082830Z,25.0,82.8
20260708T082845Z,25.0,82.8
20260708T082900Z,25.1,83.0
20260708T082915Z,25.1,83.2
20260708T082930Z,25.1,83.6
20260708T082945Z,25.2,83.7
20260708T083000Z,25.2,84.0
20260708T083015Z,25.2,84.0
20260708T083030Z,25.2,84.3
20260708T083045Z,25.2,84.5
20260708T083100Z,25.3,84.5
20260708T083115Z,25.3,84.7
20260708T083130Z,25.3,84.9
20260708T083145Z,25.3,84.9
20260708T083200Z,25.4,85.0
20260708T083215Z,25.4,85.2
20260708T083230Z,25.4,85.3
20260708T083245Z,25.4,85.4
20260708T083300Z,25.4,85.4
20260708T083315Z,25.5,85.5
20260708T083330Z,25.5,85.6
20260708T083345Z,25.5,85.6
20260708T083400Z,25.5,85.8
20260708T083415Z,25.6,85.8
20260708T083430Z,25.6,85.9
20260708T083445Z,25.6,86.0
20260708T083500Z,25.7,86.0
20260708T083515Z,25.7,85.4
20260708T083530Z,25.7,84.1
20260708T083545Z,25.6,83.1
20260708T083600Z,25.6,82.8
20260708T083615Z,25.6,82.3
20260708T083630Z,25.6,81.6
20260708T083645Z,25.5,80.5
20260708T083700Z,25.5,79.8
20260708T083715Z,25.5,78.6
20260708T083730Z,25.4,77.5
20260708T083745Z,25.4,76.9
20260708T083800Z,25.3,75.7
20260708T083815Z,25.3,75.3
20260708T083830Z,25.2,74.3
20260708T083845Z,25.1,73.2
20260708T083900Z,25.0,72.7
20260708T083915Z,24.9,72.1
20260708T083930Z,24.8,71.6
20260708T083945Z,24.7,71.2
20260708T084000Z,24.7,70.4
20260708T084015Z,24.6,69.9
20260708T084030Z,24.5,71.2
20260708T084045Z,24.5,73.1
20260708T084100Z,24.5,74.4
20260708T084115Z,24.5,75.5
20260708T084130Z,24.5,76.4
20260708T084145Z,24.5,76.8
20260708T084200Z,24.5,77.5
20260708T084215Z,24.5,77.9
20260708T084230Z,24.6,78.1
20260708T084245Z,24.6,78.5
20260708T084300Z,24.6,78.9
20260708T084315Z,24.6,79.3
20260708T084330Z,24.7,79.6
20260708T084345Z,24.7,80.1
20260708T084400Z,24.7,80.3
20260708T084415Z,24.7,81.0
20260708T084430Z,24.8,80.7
20260708T084445Z,24.8,81.0
20260708T084500Z,24.8,81.2
20260708T084515Z,24.8,81.5
20260708T084530Z,24.9,81.6
20260708T084545Z,24.9,82.0
20260708T084600Z,24.9,82.5
20260708T084615Z,24.9,82.5
20260708T084630Z,25.0,82.8
20260708T084645Z,25.0,83.0
20260708T084700Z,25.0,83.3
20260708T084715Z,25.1,83.6
20260708T084730Z,25.1,83.8
20260708T084745Z,25.1,84.1
20260708T084800Z,25.1,84.3
20260708T084815Z,25.1,84.4
20260708T084830Z,25.2,84.6
20260708T084845Z,25.2,84.8
20260708T084900Z,25.2,84.9
20260708T084915Z,25.2,85.0
20260708T084930Z,25.3,85.3
20260708T084945Z,25.3,85.3
20260708T085000Z,25.3,85.5
20260708T085015Z,25.3,85.6
20260708T085030Z,25.3,85.7
20260708T085045Z,25.4,85.8
20260708T085100Z,25.4,85.9
20260708T085115Z,25.4,86.0
20260708T085130Z,25.5,86.1
20260708T085145Z,25.5,86.2
20260708T085200Z,25.5,86.2
20260708T085215Z,25.5,86.3
20260708T085230Z,25.5,86.4
20260708T085245Z,25.6,86.4
20260708T085300Z,25.6,86.4
20260708T085315Z,25.6,86.5
20260708T085330Z,25.6,86.5
20260708T085345Z,25.7,86.0
20260708T085400Z,25.7,85.0
20260708T085415Z,25.7,84.0
20260708T085430Z,25.6,83.3
20260708T085445Z,25.6,82.5
20260708T085500Z,25.6,81.6
20260708T085515Z,25.6,80.6
20260708T085530Z,25.5,79.7
20260708T085545Z,25.5,78.6
20260708T085600Z,25.4,78.1
20260708T085615Z,25.3,77.2
20260708T085630Z,25.2,76.2
20260708T085645Z,25.1,75.7
20260708T085700Z,25.1,75.0
20260708T085715Z,24.9,73.8
20260708T085730Z,24.8,73.1
20260708T085745Z,24.7,72.8
20260708T085800Z,24.6,72.8
20260708T085815Z,24.5,72.1
20260708T085830Z,24.4,71.5
20260708T085845Z,24.4,71.7
20260708T085900Z,24.3,73.4
20260708T085915Z,24.3,75.4
20260708T085930Z,24.3,76.6
20260708T085945Z,24.3,77.6
20260708T090000Z,24.4,77.9
20260708T090015Z,24.4,78.2
20260708T090030Z,24.4,78.7
20260708T090045Z,24.4,79.0
20260708T090100Z,24.5,79.3
20260708T090115Z,24.5,79.6
20260708T090130Z,24.5,79.9
20260708T090145Z,24.6,80.2
20260708T090200Z,24.6,80.4
20260708T090215Z,24.6,80.9
20260708T090230Z,24.7,81.3
20260708T090245Z,24.7,81.3
20260708T090300Z,24.8,81.7
20260708T090315Z,24.8,82.1
20260708T090330Z,24.8,82.3
20260708T090345Z,24.9,82.4
20260708T090400Z,24.9,82.8
20260708T090416Z,24.9,83.0
20260708T090431Z,24.9,83.3
20260708T090445Z,25.0,83.5
20260708T090500Z,25.0,83.6
20260708T090515Z,25.0,83.8
20260708T090530Z,25.1,84.1
20260708T090545Z,25.1,84.2
20260708T090600Z,25.1,84.5
20260708T090615Z,25.1,84.6
20260708T090630Z,25.2,84.8
20260708T090645Z,25.2,85.2
20260708T090700Z,25.2,85.0
20260708T090715Z,25.2,84.9
20260708T090730Z,25.2,85.2
20260708T090745Z,25.2,85.2
20260708T090800Z,25.3,85.1
20260708T090815Z,25.3,85.3
20260708T090830Z,25.3,85.4
20260708T090845Z,25.3,85.4
20260708T090900Z,25.3,85.5
20260708T090915Z,25.4,85.6
20260708T090930Z,25.4,85.7
20260708T090945Z,25.4,85.8
20260708T091000Z,25.4,85.8
20260708T091015Z,25.5,85.8
20260708T091030Z,25.5,86.0
20260708T091045Z,25.5,86.0
20260708T091100Z,25.5,86.2
20260708T091115Z,25.5,86.2
20260708T091130Z,25.6,86.2
20260708T091145Z,25.6,86.2
20260708T091200Z,25.6,86.3
20260708T091215Z,25.7,86.3
20260708T091230Z,25.7,86.3
20260708T091245Z,25.7,86.1
20260708T091300Z,25.7,84.6
20260708T091315Z,25.7,83.4
20260708T091330Z,25.6,82.8
20260708T091345Z,25.6,81.9
20260708T091400Z,25.6,80.8
20260708T091415Z,25.5,79.9
20260708T091430Z,25.5,79.0
20260708T091445Z,25.4,78.1
20260708T091500Z,25.3,77.3
20260708T091515Z,25.3,76.5
20260708T091530Z,25.2,75.6
20260708T091545Z,25.1,75.0
20260708T091600Z,25.0,74.1
20260708T091615Z,24.8,73.3
20260708T091630Z,24.7,73.1
20260708T091645Z,24.6,72.5
20260708T091700Z,24.5,72.3
20260708T091715Z,24.4,71.7
20260708T091730Z,24.3,71.0
20260708T091745Z,24.2,70.9
20260708T091801Z,24.2,71.7
20260708T091815Z,24.2,73.2
20260708T091830Z,24.2,74.5
20260708T091845Z,24.2,76.5
20260708T091900Z,24.3,77.2
20260708T091915Z,24.3,77.3
20260708T091930Z,24.3,78.3
20260708T091945Z,24.3,78.4
20260708T092000Z,24.4,78.4
20260708T092015Z,24.4,79.1
20260708T092030Z,24.5,79.5
20260708T092045Z,24.5,79.6
20260708T092100Z,24.6,80.1
20260708T092115Z,24.6,80.5
20260708T092130Z,24.6,80.9
20260708T092145Z,24.7,81.2
20260708T092200Z,24.7,81.4
20260708T092215Z,24.8,81.7
20260708T092230Z,24.8,81.8
20260708T092245Z,24.9,82.2
20260708T092300Z,24.9,82.5
20260708T092315Z,24.9,82.7
20260708T092330Z,25.0,82.9
20260708T092345Z,25.0,83.0
20260708T092401Z,25.1,83.2
20260708T092415Z,25.1,83.5
20260708T092431Z,25.1,83.6
20260708T092445Z,25.1,83.7
20260708T092500Z,25.2,84.1
20260708T092515Z,25.2,84.4
20260708T092530Z,25.2,84.5
20260708T092545Z,25.3,84.6
20260708T092600Z,25.3,84.8
20260708T092615Z,25.3,85.0
20260708T092630Z,25.3,85.3
20260708T092645Z,25.4,85.4
20260708T092700Z,25.4,85.5
20260708T092715Z,25.4,85.6
20260708T092730Z,25.4,85.8
20260708T092746Z,25.5,85.8
20260708T092800Z,25.5,86.0
20260708T092815Z,25.5,86.1
20260708T092830Z,25.5,86.3
20260708T092845Z,25.6,86.3
20260708T092900Z,25.6,86.3
20260708T092916Z,25.6,86.4
20260708T092931Z,25.6,86.4
20260708T092945Z,25.7,86.6
20260708T093001Z,25.7,86.2
20260708T093015Z,25.7,85.8
20260708T093031Z,25.7,84.2
20260708T093045Z,25.7,83.6
20260708T093101Z,25.6,82.6
20260708T093115Z,25.6,81.8
20260708T093131Z,25.5,80.6
20260708T093145Z,25.5,80.1
20260708T093201Z,25.4,79.9
20260708T093215Z,25.4,79.1
20260708T093231Z,25.3,78.5
20260708T093245Z,25.3,76.6
20260708T093301Z,25.2,75.8
20260708T093316Z,25.1,75.1
20260708T093330Z,25.0,74.6
20260708T093346Z,24.9,73.6
20260708T093400Z,24.9,73.3
20260708T093415Z,24.8,72.8
20260708T093430Z,24.7,72.5
20260708T093445Z,24.6,72.4
20260708T093501Z,24.6,72.0
20260708T093515Z,24.6,71.0
20260708T093531Z,24.5,70.4
20260708T093545Z,24.4,70.6
20260708T093601Z,24.4,70.4
20260708T093615Z,24.4,69.1
20260708T093631Z,24.3,69.7
20260708T093645Z,24.3,71.6
20260708T093701Z,24.3,73.2
20260708T093715Z,24.4,74.6
20260708T093731Z,24.4,75.4
20260708T093745Z,24.4,75.8
20260708T093800Z,24.5,76.1
20260708T093815Z,24.5,77.1
20260708T093831Z,24.6,77.2
20260708T093845Z,24.6,77.2
20260708T093901Z,24.6,77.6
20260708T093915Z,24.7,77.8
20260708T093931Z,24.7,78.6
20260708T093945Z,24.8,78.9
20260708T094001Z,24.8,79.2
20260708T094015Z,24.8,79.6
20260708T094030Z,24.9,79.8
20260708T094045Z,24.9,79.7
20260708T094100Z,24.9,80.6
20260708T094116Z,25.0,81.0
20260708T094130Z,25.0,81.5
20260708T094146Z,25.0,81.6
20260708T094200Z,25.1,81.7
20260708T094216Z,25.1,82.0
20260708T094230Z,25.1,82.2
20260708T094246Z,25.2,82.3
20260708T094300Z,25.2,82.6
20260708T094315Z,25.2,83.0
20260708T094331Z,25.2,83.2
20260708T094345Z,25.3,83.7
20260708T094401Z,25.2,83.8
20260708T094415Z,25.3,83.9
20260708T094430Z,25.3,84.2
20260708T094446Z,25.3,84.6
20260708T094500Z,25.3,84.7
20260708T094516Z,25.4,84.9
20260708T094530Z,25.4,85.1
20260708T094546Z,25.4,85.4
20260708T094600Z,25.4,85.5
20260708T094616Z,25.4,85.7
20260708T094630Z,25.4,85.9
20260708T094646Z,25.5,86.1
20260708T094700Z,25.5,86.2
20260708T094716Z,25.5,86.1
20260708T094731Z,25.6,86.2
20260708T094746Z,25.6,86.2
20260708T094800Z,25.6,86.3
20260708T094816Z,25.6,86.4
20260708T094830Z,25.6,86.5
20260708T094846Z,25.6,85.9
20260708T094900Z,25.6,85.1
20260708T094916Z,25.6,83.9
20260708T094930Z,25.6,83.4
20260708T094946Z,25.6,82.7
20260708T095000Z,25.6,82.1
20260708T095016Z,25.5,81.6
20260708T095030Z,25.5,80.4
20260708T095046Z,25.5,80.1
20260708T095101Z,25.4,78.6
20260708T095115Z,25.4,78.1
20260708T095131Z,25.4,77.4
20260708T095145Z,25.3,76.8
20260708T095201Z,25.3,75.1
20260708T095215Z,25.2,74.2
20260708T095231Z,25.1,73.3
20260708T095245Z,25.1,73.0
20260708T095301Z,24.9,72.2
20260708T095315Z,24.9,71.7
20260708T095331Z,24.8,70.9
20260708T095345Z,24.7,72.1
20260708T095401Z,24.6,74.3
20260708T095416Z,24.6,76.4
20260708T095430Z,24.6,77.2
20260708T095446Z,24.6,77.5
20260708T095500Z,24.6,78.0
20260708T095516Z,24.6,78.6
20260708T095530Z,24.6,79.0
20260708T095546Z,24.6,79.3
20260708T095600Z,24.6,79.5
20260708T095616Z,24.6,79.8
20260708T095630Z,24.7,80.1
20260708T095645Z,24.7,80.4
20260708T095701Z,24.7,80.8
20260708T095716Z,24.7,81.0
20260708T095730Z,24.8,81.2
20260708T095746Z,24.8,81.5
20260708T095800Z,24.8,81.9
20260708T095817Z,24.9,81.9
20260708T095831Z,24.9,82.5
20260708T095845Z,24.9,82.6
20260708T095901Z,25.0,82.8
20260708T095915Z,25.0,83.1
20260708T095931Z,25.0,83.1
20260708T095945Z,25.0,83.6
20260708T100000Z,25.1,83.6
20260708T100016Z,25.1,83.8
20260708T100031Z,25.1,83.9
20260708T100046Z,25.1,84.1
20260708T100101Z,25.2,84.3
20260708T100115Z,25.2,84.5
20260708T100131Z,25.2,84.7
20260708T100145Z,25.2,85.0
20260708T100201Z,25.3,85.1
20260708T100215Z,25.3,85.2
20260708T100231Z,25.3,85.5
20260708T100245Z,25.3,85.5
20260708T100301Z,25.3,85.7
20260708T100316Z,25.3,85.9
20260708T100330Z,25.4,86.1
20260708T100345Z,25.4,86.2
20260708T100401Z,25.4,86.4
20260708T100415Z,25.4,86.4
20260708T100431Z,25.4,86.6
20260708T100445Z,25.4,86.6
20260708T100501Z,25.4,86.9
20260708T100515Z,25.5,86.9
20260708T100531Z,25.5,87.1
20260708T100545Z,25.5,87.0
20260708T100601Z,25.5,87.1
20260708T100615Z,25.5,87.3
20260708T100630Z,25.6,87.4
20260708T100646Z,25.6,87.5
20260708T100700Z,25.6,87.6
20260708T100716Z,25.6,87.5
20260708T100730Z,25.6,87.6
20260708T100746Z,25.6,87.5
20260708T100800Z,25.7,87.0
20260708T100816Z,25.7,86.1
20260708T100830Z,25.6,85.2
20260708T100846Z,25.6,84.4
20260708T100900Z,25.6,83.7
20260708T100915Z,25.6,82.9
20260708T100931Z,25.5,81.6
20260708T100945Z,25.5,81.1
20260708T101000Z,25.4,80.4
20260708T101016Z,25.4,79.8
20260708T101030Z,25.4,78.5
20260708T101046Z,25.3,77.7
20260708T101100Z,25.3,76.4
20260708T101116Z,25.2,75.6
20260708T101130Z,25.1,75.0
20260708T101146Z,25.0,74.1
20260708T101200Z,24.9,73.6
20260708T101216Z,24.8,72.4
20260708T101231Z,24.7,71.6
20260708T101246Z,24.6,72.6
20260708T101300Z,24.6,74.6
20260708T101315Z,24.5,76.4
20260708T101331Z,24.5,77.7
20260708T101345Z,24.5,78.3
20260708T101401Z,24.5,78.7
20260708T101417Z,24.5,79.3
20260708T101431Z,24.5,79.7
20260708T101445Z,24.5,79.9
20260708T101501Z,24.5,80.1
20260708T101516Z,24.6,80.6
20260708T101531Z,24.6,80.8
20260708T101545Z,24.6,81.3
20260708T101600Z,24.6,81.5
20260708T101615Z,24.7,81.8
20260708T101630Z,24.7,82.0
20260708T101646Z,24.7,82.1
20260708T101700Z,24.8,82.5
20260708T101716Z,24.8,82.8
20260708T101730Z,24.8,83.0
20260708T101746Z,24.8,83.5
20260708T101800Z,24.9,83.5
20260708T101816Z,24.9,83.8
20260708T101830Z,24.9,84.0
20260708T101846Z,24.9,84.3
20260708T101901Z,25.0,84.3
20260708T101916Z,25.0,84.4
20260708T101930Z,25.0,84.6
20260708T101946Z,25.1,84.8
20260708T102000Z,25.1,85.1
20260708T102016Z,25.1,85.1
20260708T102031Z,25.2,85.3
20260708T102046Z,25.2,85.5
20260708T102100Z,25.2,85.6
20260708T102116Z,25.2,85.9
20260708T102130Z,25.2,86.0
20260708T102146Z,25.2,86.2
20260708T102200Z,25.3,86.2
20260708T102216Z,25.3,86.4
20260708T102230Z,25.3,86.4
20260708T102246Z,25.4,86.5
20260708T102300Z,25.4,86.5
20260708T102316Z,25.4,86.6
20260708T102330Z,25.4,86.8
20260708T102346Z,25.4,86.9
20260708T102400Z,25.5,87.0
20260708T102416Z,25.5,87.0
20260708T102430Z,25.5,87.1
20260708T102446Z,25.5,87.1
20260708T102501Z,25.5,87.2
20260708T102515Z,25.6,87.4
20260708T102530Z,25.6,87.4
20260708T102545Z,25.6,87.5
20260708T102601Z,25.6,87.6
20260708T102616Z,25.6,87.5
20260708T102631Z,25.7,87.6
20260708T102646Z,25.7,87.6
20260708T102701Z,25.7,87.7
20260708T102716Z,25.7,87.8
20260708T102731Z,25.7,87.4
20260708T102746Z,25.7,87.3
20260708T102800Z,25.7,86.0
20260708T102816Z,25.7,84.5
20260708T102831Z,25.7,84.1
20260708T102846Z,25.6,83.8
20260708T102901Z,25.6,82.3
20260708T102916Z,25.5,81.5
20260708T102931Z,25.5,80.8
20260708T102946Z,25.4,79.6
20260708T103001Z,25.4,79.4
20260708T103016Z,25.3,78.5
20260708T103031Z,25.3,77.6
20260708T103045Z,25.2,77.1
20260708T103101Z,25.2,75.8
20260708T103116Z,25.2,74.5
20260708T103131Z,25.1,74.0
20260708T103146Z,25.0,73.2
20260708T103201Z,24.9,72.0
20260708T103216Z,24.8,73.0
20260708T103231Z,24.8,74.6
20260708T103246Z,24.7,76.5
20260708T103301Z,24.7,77.6
20260708T103316Z,24.7,78.1
20260708T103331Z,24.6,78.5
20260708T103346Z,24.6,78.9
20260708T103401Z,24.6,79.3
20260708T103416Z,24.7,79.7
20260708T103431Z,24.7,79.8
20260708T103446Z,24.7,80.0
20260708T103501Z,24.7,80.3
20260708T103516Z,24.7,80.1
20260708T103531Z,24.8,80.4
20260708T103546Z,24.8,80.6
20260708T103601Z,24.8,80.8
20260708T103616Z,24.8,81.1
20260708T103631Z,24.8,81.4
20260708T103646Z,24.8,81.6
20260708T103701Z,24.8,81.8
20260708T103716Z,24.9,82.0
20260708T103731Z,24.9,82.4
20260708T103746Z,24.9,82.6
20260708T103801Z,24.9,83.0
20260708T103816Z,25.0,83.2
20260708T103831Z,25.0,83.3
20260708T103846Z,25.0,83.7
20260708T103901Z,25.0,83.9
20260708T103916Z,25.0,83.9
20260708T103931Z,25.0,84.3
20260708T103946Z,25.1,84.4
20260708T104001Z,25.1,84.6
20260708T104016Z,25.1,84.9
20260708T104031Z,25.1,85.1
20260708T104046Z,25.1,85.4
20260708T104101Z,25.1,85.5
20260708T104116Z,25.1,85.7
20260708T104131Z,25.2,85.8
20260708T104146Z,25.2,86.0
20260708T104201Z,25.2,86.2
20260708T104216Z,25.2,86.2
20260708T104231Z,25.2,86.3
20260708T104246Z,25.2,86.5
20260708T104301Z,25.2,86.5
20260708T104316Z,25.3,86.6
20260708T104331Z,25.3,86.7
20260708T104346Z,25.3,86.8
20260708T104401Z,25.3,86.9
20260708T104416Z,25.3,87.0
20260708T104431Z,25.3,87.0
20260708T104446Z,25.3,87.0
20260708T104501Z,25.4,87.1
20260708T104516Z,25.4,87.2
20260708T104531Z,25.4,87.2
20260708T104546Z,25.4,87.2
20260708T104601Z,25.4,87.2
20260708T104616Z,25.5,87.2
20260708T104631Z,25.5,87.2
20260708T104646Z,25.5,87.3
20260708T104701Z,25.5,87.3
20260708T104716Z,25.5,87.3
20260708T104731Z,25.5,87.4
20260708T104746Z,25.6,87.4
20260708T104801Z,25.6,87.4
20260708T104816Z,25.6,87.4
20260708T104831Z,25.6,87.4
20260708T104846Z,25.6,87.5
20260708T104901Z,25.6,87.5
20260708T104916Z,25.7,87.5
20260708T104931Z,25.7,87.5
20260708T104946Z,25.7,87.2
20260708T105001Z,25.7,87.1
20260708T105016Z,25.7,85.3
20260708T105031Z,25.7,84.7
20260708T105046Z,25.6,84.0
20260708T105101Z,25.6,82.5
20260708T105116Z,25.5,82.0
20260708T105131Z,25.5,81.2
20260708T105146Z,25.4,80.0
20260708T105201Z,25.3,78.9
20260708T105216Z,25.3,78.1
20260708T105231Z,25.2,77.5
20260708T105246Z,25.1,75.9
20260708T105301Z,25.0,75.7
20260708T105316Z,24.9,74.7
20260708T105331Z,24.8,73.8
20260708T105346Z,24.7,73.5
20260708T105401Z,24.6,73.2
20260708T105417Z,24.5,73.6
20260708T105431Z,24.4,74.7
20260708T105446Z,24.4,76.8
20260708T105501Z,24.4,78.2
20260708T105516Z,24.4,79.1
20260708T105531Z,24.4,79.9
20260708T105546Z,24.4,80.2
20260708T105601Z,24.4,80.2
20260708T105616Z,24.4,80.4
20260708T105631Z,24.5,80.5
20260708T105646Z,24.5,80.8
20260708T105701Z,24.5,81.2
20260708T105716Z,24.5,81.4
20260708T105731Z,24.6,81.8
20260708T105746Z,24.6,82.1
20260708T105801Z,24.6,82.5
20260708T105816Z,24.7,82.6
20260708T105831Z,24.7,82.9
20260708T105846Z,24.7,83.2
20260708T105901Z,24.7,83.3
20260708T105916Z,24.8,83.7
20260708T105931Z,24.8,83.7
20260708T105946Z,24.8,84.1
20260708T110001Z,24.8,84.3
20260708T110016Z,24.9,84.6
20260708T110031Z,24.9,84.7
20260708T110046Z,24.9,84.9
20260708T110101Z,24.9,85.2
20260708T110116Z,24.9,85.4
20260708T110131Z,24.9,85.5
20260708T110146Z,25.0,85.8
20260708T110201Z,25.0,85.9
20260708T110216Z,25.0,86.0
20260708T110231Z,25.0,86.3
20260708T110246Z,25.1,86.4
20260708T110301Z,25.1,86.6
20260708T110316Z,25.1,86.7
20260708T110331Z,25.1,86.9
20260708T110346Z,25.1,87.0
20260708T110401Z,25.1,87.2
20260708T110416Z,25.1,87.3
20260708T110431Z,25.1,87.3
20260708T110446Z,25.2,87.4
20260708T110501Z,25.2,87.5
20260708T110516Z,25.2,87.6
20260708T110531Z,25.2,87.7
20260708T110546Z,25.2,87.7
20260708T110601Z,25.3,87.8
20260708T110616Z,25.3,87.8
20260708T110631Z,25.3,87.8
20260708T110646Z,25.3,87.9
20260708T110701Z,25.4,87.8
20260708T110716Z,25.4,87.7
20260708T110731Z,25.4,87.7
20260708T110746Z,25.4,87.7
20260708T110801Z,25.4,87.7
20260708T110816Z,25.5,87.7
20260708T110831Z,25.5,87.7
20260708T110846Z,25.5,87.6
20260708T110901Z,25.6,87.7
20260708T110916Z,25.6,87.6
20260708T110931Z,25.6,87.7
20260708T110946Z,25.6,87.7
20260708T111001Z,25.7,87.6
20260708T111016Z,25.7,87.5
20260708T111031Z,25.7,87.4
20260708T111046Z,25.8,87.1
20260708T111101Z,25.8,87.0
20260708T111116Z,25.8,86.9
20260708T111131Z,25.8,86.6
20260708T111146Z,25.8,84.7
20260708T111201Z,25.8,83.3
20260708T111216Z,25.8,81.8
20260708T111231Z,25.7,81.7
20260708T111246Z,25.6,80.1
20260708T111301Z,25.5,80.2
20260708T111316Z,25.5,79.6
20260708T111331Z,25.4,78.7
20260708T111346Z,25.4,77.6
20260708T111401Z,25.3,76.9
20260708T111416Z,25.3,75.6
20260708T111431Z,25.2,74.9
20260708T111446Z,25.1,74.4
20260708T111501Z,25.0,74.0
20260708T111516Z,24.9,72.6
20260708T111531Z,24.8,72.4
20260708T111546Z,24.7,71.8
20260708T111601Z,24.5,71.1
20260708T111616Z,24.4,71.2
20260708T111631Z,24.3,70.7
20260708T111646Z,24.2,70.0
20260708T111701Z,24.1,70.9
20260708T111716Z,24.1,72.1
20260708T111731Z,24.1,74.2
20260708T111746Z,24.1,75.2
20260708T111801Z,24.2,76.1
20260708T111816Z,24.2,76.5
20260708T111831Z,24.3,77.2
20260708T111846Z,24.3,77.4
20260708T111901Z,24.4,77.8
20260708T111916Z,24.4,78.3
20260708T111931Z,24.4,78.5
20260708T111946Z,24.5,78.8
20260708T112001Z,24.5,79.3
20260708T112016Z,24.6,79.8
20260708T112031Z,24.6,80.1
20260708T112046Z,24.6,80.4
20260708T112101Z,24.7,80.7
20260708T112117Z,24.7,80.8
20260708T112131Z,24.8,81.4
20260708T112146Z,24.8,81.6
20260708T112201Z,24.8,81.9
20260708T112216Z,24.9,82.2
20260708T112231Z,24.9,82.4
20260708T112246Z,24.9,82.9
20260708T112301Z,25.0,83.3
20260708T112316Z,25.0,83.3
20260708T112331Z,25.0,83.4
20260708T112346Z,25.0,83.9
20260708T112401Z,25.1,84.0
20260708T112416Z,25.1,84.3
20260708T112431Z,25.1,84.5
20260708T112446Z,25.1,84.7
20260708T112501Z,25.2,84.9
20260708T112516Z,25.2,85.1
20260708T112531Z,25.2,85.2
20260708T112546Z,25.3,85.4
20260708T112601Z,25.3,85.6
20260708T112616Z,25.3,85.6
20260708T112631Z,25.3,85.8
20260708T112646Z,25.3,86.0
20260708T112701Z,25.4,86.1
20260708T112716Z,25.4,86.1
20260708T112731Z,25.4,86.3
20260708T112746Z,25.5,86.4
20260708T112801Z,25.5,86.4
20260708T112816Z,25.5,86.3
20260708T112831Z,25.5,86.4
20260708T112846Z,25.5,86.4
20260708T112901Z,25.6,86.5
20260708T112916Z,25.6,86.5
20260708T112931Z,25.6,86.6
20260708T112946Z,25.6,86.6
20260708T113001Z,25.7,86.7
20260708T113016Z,25.7,86.7
20260708T113031Z,25.7,86.7
20260708T113046Z,25.7,86.9
20260708T113101Z,25.8,86.3
20260708T113116Z,25.8,86.2
20260708T113131Z,25.8,84.3
20260708T113146Z,25.7,83.6
20260708T113201Z,25.7,82.6
20260708T113216Z,25.7,81.6
20260708T113231Z,25.6,80.8
20260708T113246Z,25.6,80.4
20260708T113301Z,25.5,79.5
20260708T113316Z,25.5,78.7
20260708T113331Z,25.4,77.7
20260708T113346Z,25.3,77.0
20260708T113401Z,25.2,76.1
20260708T113416Z,25.2,75.4
20260708T113431Z,25.1,75.0
20260708T113446Z,25.0,74.3
20260708T113501Z,24.9,73.2
20260708T113516Z,24.8,72.5
20260708T113531Z,24.7,72.2
20260708T113546Z,24.6,71.6
20260708T113601Z,24.5,71.2
20260708T113616Z,24.4,71.0
20260708T113631Z,24.3,70.5
20260708T113646Z,24.3,69.9
20260708T113701Z,24.2,70.8
20260708T113716Z,24.2,71.9
20260708T113731Z,24.2,74.4
20260708T113746Z,24.2,75.7
20260708T113801Z,24.3,76.3
20260708T113816Z,24.3,76.9
20260708T113831Z,24.3,77.0
20260708T113846Z,24.3,77.2
20260708T113901Z,24.4,77.6
20260708T113916Z,24.4,77.9
20260708T113931Z,24.4,78.5
20260708T113946Z,24.5,79.1
20260708T114001Z,24.5,79.5
20260708T114016Z,24.6,80.0
20260708T114031Z,24.6,80.3
20260708T114046Z,24.6,80.5
20260708T114101Z,24.7,80.8
20260708T114116Z,24.7,81.1
20260708T114131Z,24.7,81.4
20260708T114146Z,24.8,81.5
20260708T114201Z,24.8,81.9
20260708T114216Z,24.8,82.2
20260708T114231Z,24.9,82.6
20260708T114246Z,24.9,82.7
20260708T114301Z,24.9,83.1
20260708T114316Z,25.0,83.5
20260708T114331Z,25.0,83.6
20260708T114346Z,25.0,83.6
20260708T114401Z,25.0,83.9
20260708T114416Z,25.1,84.1
20260708T114431Z,25.1,84.5
20260708T114446Z,25.1,84.6
20260708T114501Z,25.2,84.9
20260708T114516Z,25.2,85.1
20260708T114531Z,25.2,85.2
20260708T114546Z,25.2,85.4
20260708T114601Z,25.3,85.6
20260708T114616Z,25.3,85.9
20260708T114631Z,25.3,85.9
20260708T114646Z,25.3,86.1
20260708T114701Z,25.4,86.3
20260708T114716Z,25.4,86.2
20260708T114731Z,25.4,86.4
20260708T114746Z,25.4,86.5
20260708T114801Z,25.5,86.7
20260708T114816Z,25.5,86.8
20260708T114831Z,25.5,87.0
20260708T114846Z,25.5,87.0
20260708T114901Z,25.6,87.0
20260708T114916Z,25.6,87.2
20260708T114931Z,25.6,87.0
20260708T114946Z,25.6,87.0
20260708T115001Z,25.6,86.7
20260708T115016Z,25.6,86.9
20260708T115031Z,25.6,86.8
20260708T115046Z,25.6,86.9
20260708T115101Z,25.7,86.9
20260708T115116Z,25.7,86.8
20260708T115131Z,25.7,86.6
20260708T115146Z,25.7,85.2
20260708T115201Z,25.7,84.0
20260708T115216Z,25.6,83.5
20260708T115231Z,25.6,82.3
20260708T115246Z,25.5,81.3
20260708T115301Z,25.4,80.9
20260708T115316Z,25.3,80.3
20260708T115331Z,25.3,79.7
20260708T115346Z,25.2,78.4
20260708T115401Z,25.1,77.7
20260708T115416Z,25.1,76.8
20260708T115431Z,25.0,76.4
20260708T115446Z,25.0,75.8
20260708T115501Z,24.9,74.2
20260708T115516Z,24.8,73.8
20260708T115531Z,24.8,72.7
20260708T115546Z,24.7,72.5
20260708T115601Z,24.6,71.9
20260708T115616Z,24.5,73.0
20260708T115631Z,24.5,74.9
20260708T115646Z,24.4,76.5
20260708T115701Z,24.4,77.8
20260708T115716Z,24.4,78.3
20260708T115731Z,24.4,78.8
20260708T115746Z,24.4,79.1
20260708T115801Z,24.4,79.2
20260708T115816Z,24.4,79.5
20260708T115831Z,24.4,80.1
20260708T115846Z,24.5,80.6
20260708T115901Z,24.5,80.9
20260708T115916Z,24.5,81.1
20260708T115931Z,24.5,81.5
20260708T115946Z,24.6,81.7
20260708T120001Z,24.6,82.0
20260708T120016Z,24.6,82.4
20260708T120031Z,24.7,82.7
20260708T120046Z,24.7,83.2
20260708T120101Z,24.7,83.4
20260708T120116Z,24.7,83.5
20260708T120131Z,24.7,83.7
20260708T120146Z,24.8,84.1
20260708T120201Z,24.8,84.4
20260708T120216Z,24.8,84.5
20260708T120231Z,24.8,84.8
20260708T120246Z,24.9,84.9
20260708T120301Z,24.9,85.2
20260708T120316Z,24.9,85.4
20260708T120331Z,24.9,85.6
20260708T120346Z,25.0,85.6
20260708T120401Z,25.0,85.9
20260708T120416Z,25.0,86.1
20260708T120431Z,25.0,86.3
20260708T120446Z,25.0,86.4
20260708T120501Z,25.1,86.5
20260708T120516Z,25.1,86.6
20260708T120531Z,25.1,86.8
20260708T120546Z,25.1,87.0
20260708T120601Z,25.2,87.1
20260708T120616Z,25.2,87.3
20260708T120631Z,25.2,87.3
20260708T120646Z,25.2,87.3
20260708T120701Z,25.2,87.2
20260708T120716Z,25.2,87.3
20260708T120731Z,25.2,87.5
20260708T120746Z,25.3,87.5
20260708T120801Z,25.3,87.6
20260708T120816Z,25.3,87.6
20260708T120831Z,25.3,87.8
20260708T120846Z,25.3,87.9
20260708T120901Z,25.4,87.9
20260708T120916Z,25.4,88.0
20260708T120931Z,25.4,87.9
20260708T120946Z,25.4,88.0
20260708T121001Z,25.4,88.1
20260708T121016Z,25.5,88.1
20260708T121031Z,25.5,88.2
20260708T121046Z,25.5,88.2
20260708T121101Z,25.5,88.2
20260708T121116Z,25.5,88.2
20260708T121131Z,25.6,88.3
20260708T121146Z,25.6,88.3
20260708T121201Z,25.6,88.3
20260708T121216Z,25.6,88.4
20260708T121231Z,25.6,88.4
20260708T121246Z,25.7,88.4
20260708T121301Z,25.7,88.3
20260708T121316Z,25.7,88.4
20260708T121331Z,25.7,87.7
20260708T121346Z,25.7,87.5
20260708T121401Z,25.7,85.9
20260708T121416Z,25.6,85.4
20260708T121431Z,25.6,84.3
20260708T121446Z,25.5,83.3
20260708T121501Z,25.5,82.4
20260708T121516Z,25.4,82.1
20260708T121531Z,25.4,81.3
20260708T121546Z,25.3,80.2
20260708T121601Z,25.2,79.3
20260708T121616Z,25.2,78.1
20260708T121631Z,25.1,77.5
20260708T121646Z,25.0,76.9
20260708T121701Z,24.9,75.9
20260708T121717Z,24.9,75.0
20260708T121731Z,24.8,74.3
20260708T121746Z,24.7,73.9
20260708T121801Z,24.6,73.3
20260708T121816Z,24.5,74.1
20260708T121831Z,24.5,75.5
20260708T121846Z,24.5,77.3
20260708T121901Z,24.4,78.5
20260708T121916Z,24.4,79.4
20260708T121931Z,24.5,79.9
20260708T121946Z,24.4,80.3
20260708T122001Z,24.4,80.7
20260708T122016Z,24.5,81.2
20260708T122031Z,24.5,81.0
20260708T122046Z,24.5,81.8
20260708T122101Z,24.6,82.5
20260708T122116Z,24.6,83.0
20260708T122131Z,24.6,83.5
20260708T122146Z,24.7,83.6
20260708T122201Z,24.7,84.3
20260708T122216Z,24.7,84.2
20260708T122231Z,24.8,84.6
20260708T122246Z,24.8,84.7
20260708T122301Z,24.8,85.2
20260708T122316Z,24.9,85.5
20260708T122331Z,24.9,85.7
20260708T122346Z,24.9,85.8
20260708T122401Z,25.0,86.2
20260708T122416Z,25.0,86.3
20260708T122431Z,25.0,86.4
20260708T122446Z,25.1,86.6
20260708T122501Z,25.1,86.7
20260708T122516Z,25.1,86.9
20260708T122531Z,25.1,87.2
20260708T122546Z,25.1,87.5
20260708T122601Z,25.2,87.7
20260708T122616Z,25.2,87.7
20260708T122631Z,25.2,87.9
20260708T122646Z,25.2,88.1
20260708T122701Z,25.2,88.3
20260708T122716Z,25.3,88.4
20260708T122731Z,25.3,88.5
20260708T122746Z,25.3,88.6
20260708T122801Z,25.3,88.9
20260708T122816Z,25.3,88.9
20260708T122831Z,25.4,89.1
20260708T122846Z,25.4,89.2
20260708T122901Z,25.4,89.2
20260708T122917Z,25.4,89.3
20260708T122932Z,25.5,89.3
20260708T122946Z,25.5,89.5
20260708T123001Z,25.5,89.6
20260708T123017Z,25.5,89.5
20260708T123032Z,25.6,89.6
20260708T123046Z,25.6,89.7
20260708T123101Z,25.6,89.8
20260708T123116Z,25.6,89.8
20260708T123131Z,25.6,89.8
20260708T123146Z,25.6,89.1
20260708T123201Z,25.6,88.2
20260708T123217Z,25.6,87.1
20260708T123232Z,25.6,86.3
20260708T123246Z,25.6,85.3
20260708T123301Z,25.5,84.5
20260708T123316Z,25.5,83.4
20260708T123331Z,25.4,82.8
20260708T123346Z,25.4,81.8
20260708T123401Z,25.3,81.0
20260708T123416Z,25.2,79.8
20260708T123431Z,25.2,79.2
20260708T123446Z,25.1,78.7
20260708T123501Z,25.0,77.3
20260708T123516Z,24.9,76.9
20260708T123531Z,24.8,76.3
20260708T123546Z,24.7,75.7
20260708T123601Z,24.7,74.8
20260708T123616Z,24.6,74.6
20260708T123631Z,24.5,73.7
20260708T123646Z,24.5,73.2
20260708T123701Z,24.4,72.7
20260708T123716Z,24.4,72.9
20260708T123731Z,24.4,74.2
20260708T123746Z,24.3,75.7
20260708T123801Z,24.4,77.2
20260708T123816Z,24.4,77.8
20260708T123831Z,24.3,78.4
20260708T123846Z,24.3,78.8
20260708T123901Z,24.3,79.3
20260708T123916Z,24.3,79.7
20260708T123931Z,24.4,80.0
20260708T123946Z,24.4,80.5
20260708T124001Z,24.4,81.1
20260708T124016Z,24.4,81.5
20260708T124031Z,24.5,81.7
20260708T124046Z,24.5,82.0
20260708T124101Z,24.5,82.3
20260708T124116Z,24.6,82.8
20260708T124131Z,24.6,83.2
20260708T124146Z,24.7,83.3
20260708T124201Z,24.7,83.6
20260708T124216Z,24.7,83.9
20260708T124231Z,24.7,84.2
20260708T124246Z,24.8,84.4
20260708T124301Z,24.8,84.7
20260708T124317Z,24.8,84.8
20260708T124332Z,24.9,85.2
20260708T124346Z,24.9,85.4
20260708T124401Z,24.9,85.7
20260708T124416Z,24.9,85.8
20260708T124431Z,25.0,86.1
20260708T124446Z,25.0,86.4
20260708T124501Z,25.0,86.3
20260708T124516Z,25.0,86.7
20260708T124531Z,25.1,86.9
20260708T124546Z,25.1,87.1
20260708T124601Z,25.1,87.2
20260708T124616Z,25.1,87.2
20260708T124631Z,25.1,87.5
20260708T124646Z,25.2,87.6
20260708T124701Z,25.2,87.8
20260708T124716Z,25.2,87.9
20260708T124731Z,25.2,88.1
20260708T124746Z,25.2,88.2
20260708T124801Z,25.3,88.3
20260708T124816Z,25.3,88.4
20260708T124831Z,25.3,88.6
20260708T124846Z,25.3,88.6
20260708T124901Z,25.4,88.8
20260708T124916Z,25.4,88.9
20260708T124931Z,25.4,89.0
20260708T124946Z,25.4,89.0
20260708T125001Z,25.5,89.2
20260708T125016Z,25.5,89.2
20260708T125031Z,25.5,89.3
20260708T125046Z,25.5,89.3
20260708T125101Z,25.5,89.4
20260708T125116Z,25.5,89.4
20260708T125131Z,25.6,89.5
20260708T125146Z,25.6,89.5
20260708T125201Z,25.6,89.4
20260708T125216Z,25.6,89.0
20260708T125231Z,25.6,87.1
20260708T125246Z,25.6,86.4
20260708T125301Z,25.5,85.3
20260708T125316Z,25.5,84.8
20260708T125331Z,25.5,83.5
20260708T125346Z,25.4,82.8
20260708T125401Z,25.3,81.8
20260708T125416Z,25.2,81.2
20260708T125431Z,25.2,80.7
20260708T125446Z,25.1,79.7
20260708T125501Z,25.0,78.9
20260708T125516Z,24.9,77.7
20260708T125531Z,24.9,77.3
20260708T125546Z,24.8,76.6
20260708T125601Z,24.8,75.3
20260708T125616Z,24.7,75.5
20260708T125631Z,24.6,75.1
20260708T125646Z,24.5,74.3
20260708T125701Z,24.5,73.4
20260708T125716Z,24.4,72.6
20260708T125731Z,24.4,72.2
20260708T125746Z,24.3,73.3
20260708T125801Z,24.3,75.0
20260708T125816Z,24.3,76.6
20260708T125831Z,24.3,77.8
20260708T125846Z,24.3,78.2
20260708T125901Z,24.3,78.7
20260708T125916Z,24.3,79.1
20260708T125931Z,24.3,79.6
20260708T125946Z,24.3,79.9
20260708T130001Z,24.3,80.2
20260708T130016Z,24.3,80.6
20260708T130031Z,24.4,81.2
20260708T130046Z,24.4,81.5
20260708T130101Z,24.4,81.8
20260708T130116Z,24.5,82.1
20260708T130131Z,24.5,82.3
20260708T130146Z,24.5,82.9
20260708T130201Z,24.6,83.0
20260708T130216Z,24.6,83.3
20260708T130231Z,24.6,83.6
20260708T130246Z,24.7,84.0
20260708T130301Z,24.7,84.2
20260708T130316Z,24.7,84.4
20260708T130331Z,24.7,84.5
20260708T130346Z,24.8,84.9
20260708T130401Z,24.8,85.1
20260708T130416Z,24.8,85.5
20260708T130431Z,24.9,85.5
20260708T130446Z,24.9,85.7
20260708T130501Z,24.9,85.9
20260708T130516Z,24.9,86.1
20260708T130531Z,25.0,86.1
20260708T130546Z,25.0,86.4
20260708T130601Z,25.0,86.7
20260708T130616Z,25.0,86.8
20260708T130631Z,25.1,86.9
20260708T130646Z,25.1,87.1
20260708T130701Z,25.1,87.2
20260708T130716Z,25.1,87.4
20260708T130731Z,25.1,87.5
20260708T130746Z,25.2,87.6
20260708T130801Z,25.2,88.0
20260708T130816Z,25.2,88.1
20260708T130831Z,25.2,88.2
20260708T130846Z,25.3,88.3
20260708T130901Z,25.3,88.3
20260708T130916Z,25.3,88.4
20260708T130931Z,25.3,88.6
20260708T130946Z,25.3,88.6
20260708T131001Z,25.4,88.7
20260708T131016Z,25.4,88.8
20260708T131031Z,25.4,88.8
20260708T131046Z,25.4,88.9
20260708T131101Z,25.4,89.0
20260708T131116Z,25.4,89.0
20260708T131131Z,25.5,89.1
20260708T131146Z,25.5,89.1
20260708T131201Z,25.5,88.3
20260708T131216Z,25.5,88.2
20260708T131231Z,25.5,86.7
20260708T131246Z,25.5,86.0
20260708T131301Z,25.4,85.2
20260708T131316Z,25.4,84.5
20260708T131331Z,25.4,83.7
20260708T131346Z,25.3,82.7
20260708T131401Z,25.3,80.6
20260708T131416Z,25.2,80.9
20260708T131431Z,25.1,79.6
20260708T131446Z,25.0,78.7
20260708T131501Z,25.0,78.0
20260708T131516Z,24.9,77.6
20260708T131531Z,24.8,76.6
20260708T131546Z,24.7,75.7
20260708T131601Z,24.7,75.0
20260708T131617Z,24.6,74.3
20260708T131631Z,24.5,73.6
20260708T131646Z,24.5,72.7
20260708T131701Z,24.4,73.2
20260708T131716Z,24.4,74.6
20260708T131731Z,24.3,76.0
20260708T131746Z,24.3,77.9
20260708T131801Z,24.3,78.5
20260708T131816Z,24.3,78.9
20260708T131831Z,24.3,79.5
20260708T131846Z,24.3,79.6
20260708T131901Z,24.3,80.2
20260708T131916Z,24.3,80.6
20260708T131931Z,24.4,80.9
20260708T131946Z,24.4,81.3
20260708T132001Z,24.4,81.7
20260708T132016Z,24.5,82.2
20260708T132031Z,24.5,82.4
20260708T132046Z,24.5,82.8
20260708T132101Z,24.5,83.0
20260708T132116Z,24.6,83.2
20260708T132132Z,24.6,83.4
20260708T132146Z,24.6,83.8
20260708T132202Z,24.6,84.2
20260708T132216Z,24.7,84.5
20260708T132232Z,24.7,84.6
20260708T132246Z,24.7,84.9
20260708T132301Z,24.7,85.0
20260708T132316Z,24.8,85.2
20260708T132332Z,24.8,85.5
20260708T132346Z,24.8,85.7
20260708T132401Z,24.8,85.8
20260708T132416Z,24.9,86.1
20260708T132431Z,24.9,86.3
20260708T132446Z,24.9,86.5
20260708T132501Z,24.9,86.6
20260708T132516Z,25.0,86.8
20260708T132531Z,25.0,87.0
20260708T132546Z,25.0,87.2
20260708T132601Z,25.0,87.4
20260708T132616Z,25.0,87.5
20260708T132631Z,25.0,87.7
20260708T132647Z,25.1,87.8
20260708T132701Z,25.1,87.9
20260708T132717Z,25.1,88.1
20260708T132731Z,25.1,88.2
20260708T132746Z,25.1,88.3
20260708T132802Z,25.1,88.5
20260708T132816Z,25.2,88.6
20260708T132832Z,25.2,88.6
20260708T132846Z,25.2,88.8
20260708T132902Z,25.2,88.8
20260708T132916Z,25.2,88.9
20260708T132932Z,25.3,89.0
20260708T132946Z,25.3,89.2
20260708T133002Z,25.3,89.2
20260708T133018Z,25.3,89.3
20260708T133032Z,25.3,89.4
20260708T133047Z,25.4,89.4
20260708T133102Z,25.4,89.4
20260708T133116Z,25.4,89.4
20260708T133132Z,25.4,89.6
20260708T133146Z,25.4,89.6
20260708T133202Z,25.4,89.6
20260708T133216Z,25.5,89.6
20260708T133232Z,25.5,89.7
20260708T133246Z,25.5,89.8
20260708T133302Z,25.5,89.8
20260708T133316Z,25.5,89.7
20260708T133332Z,25.5,89.8
20260708T133347Z,25.5,89.9
20260708T133401Z,25.6,89.0
20260708T133417Z,25.6,88.7
20260708T133431Z,25.6,86.9
20260708T133447Z,25.5,86.6
20260708T133501Z,25.5,85.6
20260708T133517Z,25.5,84.6
20260708T133531Z,25.4,83.8
20260708T133547Z,25.4,82.9
20260708T133601Z,25.3,82.5
20260708T133617Z,25.2,81.0
20260708T133631Z,25.2,79.9
20260708T133647Z,25.1,79.4
20260708T133702Z,25.0,78.4
20260708T133716Z,24.9,77.9
20260708T133732Z,24.8,76.8
20260708T133746Z,24.7,76.1
20260708T133802Z,24.7,75.8
20260708T133816Z,24.6,75.3
20260708T133832Z,24.5,74.4
20260708T133846Z,24.5,74.0
20260708T133902Z,24.4,73.4
20260708T133916Z,24.4,74.3
20260708T133932Z,24.3,76.1
20260708T133946Z,24.3,77.3
20260708T134002Z,24.3,78.5
20260708T134016Z,24.3,79.0
20260708T134032Z,24.3,79.7
20260708T134046Z,24.3,79.9
20260708T134102Z,24.3,80.1
20260708T134116Z,24.3,80.6
20260708T134132Z,24.3,80.9
20260708T134146Z,24.3,81.3
20260708T134202Z,24.4,81.8
20260708T134216Z,24.4,82.0
20260708T134232Z,24.4,82.4
20260708T134246Z,24.5,82.7
20260708T134302Z,24.5,83.1
20260708T134316Z,24.5,83.5
20260708T134332Z,24.5,83.6
20260708T134347Z,24.5,83.8
20260708T134401Z,24.6,84.1
20260708T134417Z,24.6,84.2
20260708T134431Z,24.6,84.6
20260708T134447Z,24.7,84.8
20260708T134501Z,24.7,85.1
20260708T134517Z,24.7,85.4
20260708T134532Z,24.7,85.6
20260708T134546Z,24.8,85.8
20260708T134602Z,24.8,86.0
20260708T134616Z,24.8,86.2
20260708T134632Z,24.8,86.5
20260708T134647Z,24.9,86.6
20260708T134701Z,24.9,86.7
20260708T134717Z,24.9,87.0
20260708T134731Z,24.9,87.1
20260708T134747Z,24.9,87.3
20260708T134801Z,24.9,87.6
20260708T134816Z,25.0,87.6
20260708T134832Z,25.0,87.8
20260708T134846Z,25.0,88.0
20260708T134902Z,25.0,88.0
20260708T134917Z,25.0,88.2
20260708T134932Z,25.1,88.2
20260708T134947Z,25.1,88.5
20260708T135001Z,25.1,88.4
20260708T135017Z,25.1,88.6
20260708T135031Z,25.2,88.8
20260708T135047Z,25.2,88.8
20260708T135101Z,25.2,88.9
20260708T135117Z,25.2,89.0
20260708T135131Z,25.2,89.2
20260708T135146Z,25.2,89.2
20260708T135202Z,25.3,89.3
20260708T135217Z,25.3,89.4
20260708T135232Z,25.3,89.4
20260708T135246Z,25.3,89.5
20260708T135302Z,25.3,89.6
20260708T135316Z,25.4,89.6
20260708T135332Z,25.4,89.5
20260708T135346Z,25.4,89.6
20260708T135402Z,25.4,89.7
20260708T135416Z,25.4,89.6
20260708T135432Z,25.4,89.7
20260708T135446Z,25.5,89.7
20260708T135502Z,25.5,89.7
20260708T135516Z,25.5,89.7
20260708T135532Z,25.5,89.7
20260708T135546Z,25.5,89.8
20260708T135602Z,25.6,89.7
20260708T135617Z,25.6,89.7
20260708T135631Z,25.6,89.8
20260708T135647Z,25.6,89.1
20260708T135701Z,25.6,88.1
20260708T135717Z,25.6,87.1
20260708T135731Z,25.6,85.8
20260708T135746Z,25.5,85.6
20260708T135802Z,25.5,84.9
20260708T135816Z,25.4,83.8
20260708T135832Z,25.3,82.9
20260708T135846Z,25.3,82.2
20260708T135902Z,25.2,81.2
20260708T135917Z,25.1,80.3
20260708T135931Z,25.1,79.7
20260708T135947Z,25.0,79.3
20260708T140001Z,24.9,77.6
20260708T140016Z,24.9,77.5
20260708T140032Z,24.8,76.2
20260708T140046Z,24.7,75.7
20260708T140102Z,24.6,75.3
20260708T140116Z,24.6,75.2
20260708T140132Z,24.5,73.9
20260708T140146Z,24.5,73.1
20260708T140201Z,24.4,72.8
20260708T140217Z,24.3,72.1
20260708T140231Z,24.2,72.6
20260708T140247Z,24.2,73.7
20260708T140301Z,24.2,75.1
20260708T140317Z,24.2,77.1
20260708T140331Z,24.2,77.8
20260708T140347Z,24.2,78.5
20260708T140401Z,24.2,78.6
20260708T140417Z,24.3,79.1
20260708T140431Z,24.3,79.6
20260708T140447Z,24.3,79.8
20260708T140501Z,24.3,80.2
20260708T140517Z,24.4,80.6
20260708T140532Z,24.4,81.0
20260708T140546Z,24.4,81.4
20260708T140602Z,24.5,81.7
20260708T140616Z,24.5,82.1
20260708T140632Z,24.5,82.7
20260708T140646Z,24.5,82.9
20260708T140702Z,24.6,83.2
20260708T140716Z,24.6,83.4
20260708T140732Z,24.7,83.7
20260708T140746Z,24.7,84.1
20260708T140802Z,24.7,84.3
20260708T140816Z,24.7,84.6
20260708T140832Z,24.8,84.8
20260708T140846Z,24.8,85.0
20260708T140901Z,24.8,85.2
20260708T140916Z,24.8,85.6
20260708T140932Z,24.8,85.9
20260708T140946Z,24.9,86.1
20260708T141002Z,24.9,86.1
20260708T141016Z,24.9,86.4
20260708T141032Z,24.9,86.5
20260708T141046Z,25.0,87.1
20260708T141102Z,25.0,87.0
20260708T141116Z,25.0,87.2
20260708T141131Z,25.0,87.4
20260708T141147Z,25.1,87.6
20260708T141202Z,25.1,87.7
20260708T141216Z,25.1,87.9
20260708T141232Z,25.1,88.2
20260708T141246Z,25.1,88.3
20260708T141302Z,25.2,88.4
20260708T141316Z,25.2,88.5
20260708T141332Z,25.2,88.6
20260708T141346Z,25.2,88.7
20260708T141402Z,25.2,88.9
20260708T141416Z,25.3,88.9
20260708T141432Z,25.3,89.0
20260708T141447Z,25.3,89.2
20260708T141501Z,25.3,89.2
20260708T141516Z,25.4,89.3
20260708T141532Z,25.4,89.4
20260708T141546Z,25.4,89.4
20260708T141602Z,25.4,89.6
20260708T141616Z,25.4,89.6
20260708T141632Z,25.5,89.6
20260708T141646Z,25.5,89.7
20260708T141702Z,25.5,89.8
20260708T141716Z,25.5,89.8
20260708T141732Z,25.5,89.8
20260708T141746Z,25.6,90.0
20260708T141802Z,25.6,89.2
20260708T141817Z,25.6,88.0
20260708T141832Z,25.5,86.9
20260708T141847Z,25.5,86.2
20260708T141902Z,25.5,85.2
20260708T141917Z,25.4,84.4
20260708T141931Z,25.4,83.3
20260708T141947Z,25.3,82.3
20260708T142001Z,25.3,81.8
20260708T142016Z,25.2,81.1
20260708T142032Z,25.2,80.1
20260708T142046Z,25.1,79.6
20260708T142102Z,25.0,78.2
20260708T142117Z,24.9,77.3
20260708T142132Z,24.8,76.8
20260708T142146Z,24.8,76.4
20260708T142202Z,24.7,76.2
20260708T142216Z,24.6,75.0
20260708T142232Z,24.5,74.4
20260708T142247Z,24.4,73.5
20260708T142301Z,24.3,73.2
20260708T142317Z,24.2,72.4
20260708T142331Z,24.2,72.3
20260708T142347Z,24.1,73.2
20260708T142401Z,24.1,74.4
20260708T142417Z,24.1,76.4
20260708T142432Z,24.2,77.5
20260708T142447Z,24.2,78.1
20260708T142502Z,24.2,78.7
20260708T142517Z,24.2,79.0
20260708T142532Z,24.2,79.5
20260708T142547Z,24.3,79.8
20260708T142602Z,24.3,80.4
20260708T142616Z,24.3,80.7
20260708T142632Z,24.3,81.0
20260708T142647Z,24.4,81.2
20260708T142701Z,24.4,81.4
20260708T142717Z,24.4,81.9
20260708T142732Z,24.5,82.3
20260708T142747Z,24.5,82.8
20260708T142802Z,24.5,83.1
20260708T142817Z,24.5,83.4
20260708T142832Z,24.6,83.7
20260708T142847Z,24.6,83.9
20260708T142902Z,24.7,84.1
20260708T142917Z,24.7,84.6
20260708T142932Z,24.7,84.7
20260708T142947Z,24.7,85.1
20260708T143002Z,24.8,85.3
20260708T143017Z,24.8,85.6
20260708T143032Z,24.8,85.6
20260708T143047Z,24.8,85.9
20260708T143102Z,24.8,86.0
20260708T143117Z,24.9,86.2
20260708T143132Z,24.9,86.4
20260708T143147Z,25.0,86.6
20260708T143202Z,25.0,86.9
20260708T143217Z,25.0,87.1
20260708T143232Z,25.0,87.3
20260708T143247Z,25.0,87.4
20260708T143302Z,25.1,87.6
20260708T143317Z,25.1,87.7
20260708T143332Z,25.1,87.9
20260708T143347Z,25.1,88.0
20260708T143402Z,25.1,88.2
20260708T143417Z,25.2,88.3
20260708T143432Z,25.2,88.4
20260708T143447Z,25.2,88.5
20260708T143502Z,25.2,88.7
20260708T143517Z,25.3,88.8
20260708T143532Z,25.3,88.8
20260708T143547Z,25.3,89.0
20260708T143602Z,25.3,89.0
20260708T143617Z,25.4,89.2
20260708T143632Z,25.4,89.3
20260708T143647Z,25.4,89.3
20260708T143702Z,25.4,89.5
20260708T143717Z,25.4,89.5
20260708T143732Z,25.5,89.6
20260708T143747Z,25.5,88.8
20260708T143802Z,25.5,87.5
20260708T143817Z,25.5,86.6
20260708T143832Z,25.4,85.3
20260708T143847Z,25.4,84.8
20260708T143902Z,25.4,84.1
20260708T143917Z,25.3,82.9
20260708T143932Z,25.3,82.1
20260708T143947Z,25.2,81.1
20260708T144002Z,25.1,80.1
20260708T144017Z,25.0,79.4
20260708T144032Z,25.0,79.3
20260708T144047Z,24.9,77.8
20260708T144102Z,24.9,77.3
20260708T144117Z,24.8,76.8
20260708T144132Z,24.7,75.7
20260708T144147Z,24.6,75.3
20260708T144202Z,24.5,74.8
20260708T144217Z,24.4,73.9
20260708T144232Z,24.4,73.8
20260708T144247Z,24.3,73.0
20260708T144302Z,24.3,72.6
20260708T144317Z,24.2,73.3
20260708T144332Z,24.1,71.5
20260708T144347Z,24.1,71.5
20260708T144402Z,24.0,71.4
20260708T144417Z,24.0,72.4
20260708T144432Z,24.0,73.9
20260708T144447Z,24.0,76.0
20260708T144502Z,24.0,76.6
20260708T144517Z,24.0,77.5
20260708T144532Z,24.0,77.8
20260708T144547Z,24.0,77.9
20260708T144602Z,24.1,78.6
20260708T144617Z,24.1,78.7
20260708T144632Z,24.1,79.3
20260708T144647Z,24.2,79.8
20260708T144702Z,24.2,80.3
20260708T144717Z,24.2,80.5
20260708T144732Z,24.3,81.0
20260708T144747Z,24.3,81.3
20260708T144802Z,24.3,81.6
20260708T144818Z,24.4,82.2
20260708T144832Z,24.4,82.4
20260708T144847Z,24.5,82.9
20260708T144902Z,24.5,82.9
20260708T144918Z,24.5,83.6
20260708T144932Z,24.6,83.6
20260708T144947Z,24.6,83.6
20260708T145002Z,24.6,84.0
20260708T145018Z,24.7,84.3
20260708T145032Z,24.7,84.6
20260708T145047Z,24.7,84.7
20260708T145102Z,24.7,85.0
20260708T145117Z,24.8,85.3
20260708T145132Z,24.8,85.5
20260708T145147Z,24.8,85.7
20260708T145202Z,24.9,86.0
20260708T145217Z,24.9,86.0
20260708T145232Z,24.9,86.3
20260708T145247Z,24.9,86.4
20260708T145302Z,24.9,86.7
20260708T145317Z,25.0,86.9
20260708T145332Z,25.0,87.0
20260708T145347Z,25.0,87.2
20260708T145402Z,25.0,87.4
20260708T145417Z,25.1,87.5
20260708T145432Z,25.1,87.5
20260708T145447Z,25.1,87.9
20260708T145502Z,25.1,88.0
20260708T145517Z,25.2,88.1
20260708T145532Z,25.2,88.2
20260708T145547Z,25.2,88.3
20260708T145602Z,25.2,88.4
20260708T145617Z,25.2,88.5
20260708T145632Z,25.3,88.7
20260708T145647Z,25.3,88.8
20260708T145702Z,25.3,88.7
20260708T145717Z,25.3,88.8
20260708T145732Z,25.3,89.0
20260708T145747Z,25.4,88.9
20260708T145802Z,25.4,89.1
20260708T145817Z,25.4,89.2
20260708T145832Z,25.4,89.2
20260708T145847Z,25.5,89.3
20260708T145902Z,25.5,89.4
20260708T145917Z,25.5,89.5
20260708T145932Z,25.5,89.5
20260708T145947Z,25.5,89.6
20260708T150002Z,25.5,89.0
20260708T150017Z,25.5,88.9
20260708T150032Z,25.5,87.1
20260708T150047Z,25.5,86.3
20260708T150102Z,25.5,85.0
20260708T150117Z,25.5,84.6
20260708T150132Z,25.4,83.2
20260708T150147Z,25.3,82.2
20260708T150202Z,25.2,81.6
20260708T150217Z,25.2,81.3
20260708T150232Z,25.1,80.4
20260708T150247Z,25.0,79.5
20260708T150302Z,25.0,78.8
20260708T150317Z,24.9,78.2
20260708T150332Z,24.9,76.9
20260708T150347Z,24.8,76.3
20260708T150402Z,24.7,75.8
20260708T150417Z,24.7,74.6
20260708T150432Z,24.6,73.7
20260708T150447Z,24.5,73.8
20260708T150502Z,24.4,72.9
20260708T150517Z,24.4,72.4
20260708T150532Z,24.3,71.5
20260708T150547Z,24.2,72.1
20260708T150602Z,24.1,73.3
20260708T150617Z,24.2,75.2
20260708T150632Z,24.2,76.7
20260708T150647Z,24.2,77.2
20260708T150702Z,24.2,78.2
20260708T150717Z,24.2,78.7
20260708T150732Z,24.2,78.9
20260708T150747Z,24.2,79.3
20260708T150802Z,24.3,79.6
20260708T150817Z,24.3,80.1
20260708T150832Z,24.3,80.8
20260708T150847Z,24.4,81.0
20260708T150902Z,24.4,81.5
20260708T150917Z,24.4,81.8
20260708T150932Z,24.4,82.1
20260708T150947Z,24.5,82.3
20260708T151002Z,24.5,82.7
20260708T151017Z,24.5,83.0
20260708T151032Z,24.6,83.5
20260708T151047Z,24.6,83.5
20260708T151102Z,24.6,83.8
20260708T151117Z,24.7,84.2
20260708T151132Z,24.7,84.3
20260708T151147Z,24.7,84.5
20260708T151202Z,24.8,84.7
20260708T151217Z,24.8,85.2
20260708T151232Z,24.8,85.5
20260708T151247Z,24.8,85.4
20260708T151302Z,24.9,85.8
20260708T151317Z,24.9,85.9
20260708T151332Z,24.9,86.2
20260708T151347Z,24.9,86.5
20260708T151402Z,25.0,86.6
20260708T151417Z,25.0,86.8
20260708T151432Z,25.0,87.1
20260708T151447Z,25.0,87.2
20260708T151502Z,25.1,87.3
20260708T151517Z,25.1,87.4
20260708T151532Z,25.1,87.6
20260708T151547Z,25.1,87.9
20260708T151602Z,25.2,87.9
20260708T151617Z,25.2,88.0
20260708T151632Z,25.2,88.1
20260708T151647Z,25.2,88.4
20260708T151702Z,25.2,88.4
20260708T151717Z,25.3,88.5
20260708T151732Z,25.3,88.6
20260708T151747Z,25.3,88.7
20260708T151802Z,25.3,88.9
20260708T151817Z,25.3,89.0
20260708T151832Z,25.4,89.1
20260708T151847Z,25.4,89.2
20260708T151902Z,25.4,89.2
20260708T151917Z,25.4,89.3
20260708T151932Z,25.4,89.4
20260708T151947Z,25.5,89.5
20260708T152002Z,25.5,89.6
20260708T152017Z,25.5,89.5
20260708T152032Z,25.5,89.6
20260708T152047Z,25.5,89.8
20260708T152102Z,25.6,89.0
20260708T152117Z,25.6,88.2
20260708T152132Z,25.5,86.5
20260708T152147Z,25.5,86.0
20260708T152202Z,25.5,84.9
20260708T152217Z,25.4,83.9
20260708T152232Z,25.4,83.2
20260708T152247Z,25.3,82.0
20260708T152302Z,25.2,81.5
20260708T152317Z,25.2,80.8
20260708T152332Z,25.1,79.8
20260708T152347Z,25.0,78.8
20260708T152402Z,25.0,78.2
20260708T152417Z,24.9,77.2
20260708T152432Z,24.8,76.0
20260708T152447Z,24.7,76.0
20260708T152502Z,24.6,75.7
20260708T152517Z,24.6,74.7
20260708T152532Z,24.5,74.0
20260708T152547Z,24.4,73.0
20260708T152602Z,24.4,72.8
20260708T152617Z,24.3,71.8
20260708T152632Z,24.2,71.6
20260708T152647Z,24.2,72.6
20260708T152702Z,24.1,74.2
20260708T152717Z,24.1,76.2
20260708T152732Z,24.1,77.2
20260708T152747Z,24.1,78.0
20260708T152802Z,24.1,78.4
20260708T152817Z,24.1,78.6
20260708T152832Z,24.1,79.0
20260708T152847Z,24.2,79.6
20260708T152902Z,24.2,80.0
20260708T152917Z,24.2,80.3
20260708T152932Z,24.3,80.8
20260708T152947Z,24.3,80.9
20260708T153002Z,24.3,81.5
20260708T153017Z,24.4,81.8
20260708T153032Z,24.4,82.2
20260708T153047Z,24.4,82.5
20260708T153102Z,24.5,83.0
20260708T153117Z,24.5,83.3
20260708T153132Z,24.5,83.3
20260708T153147Z,24.6,83.7
20260708T153202Z,24.6,84.1
20260708T153217Z,24.6,84.3
20260708T153232Z,24.6,84.5
20260708T153247Z,24.7,84.8
20260708T153302Z,24.7,85.1
20260708T153317Z,24.7,85.3
20260708T153332Z,24.8,85.4
20260708T153347Z,24.8,85.5
20260708T153402Z,24.8,86.0
20260708T153417Z,24.9,86.3
20260708T153432Z,24.9,86.3
20260708T153447Z,24.9,86.5
20260708T153502Z,25.0,86.6
20260708T153517Z,25.0,86.9
20260708T153532Z,25.0,87.1
20260708T153547Z,25.0,87.2
20260708T153602Z,25.1,87.4
20260708T153618Z,25.1,87.5
20260708T153633Z,25.1,87.8
20260708T153647Z,25.1,87.8
20260708T153702Z,25.1,88.0
20260708T153717Z,25.2,88.1
20260708T153732Z,25.2,88.2
20260708T153747Z,25.2,88.3
20260708T153802Z,25.2,88.4
20260708T153817Z,25.2,88.6
20260708T153832Z,25.2,88.8
20260708T153847Z,25.2,88.8
20260708T153902Z,25.2,89.0
20260708T153917Z,25.3,89.1
20260708T153932Z,25.3,89.2
20260708T153947Z,25.3,89.2
20260708T154002Z,25.3,89.3
20260708T154017Z,25.3,89.4
20260708T154032Z,25.4,89.6
20260708T154047Z,25.4,89.6
20260708T154102Z,25.4,89.6
20260708T154117Z,25.4,89.8
20260708T154132Z,25.4,89.8
20260708T154147Z,25.4,89.9
20260708T154202Z,25.4,89.9
20260708T154217Z,25.4,89.9
20260708T154232Z,25.5,90.0
20260708T154247Z,25.5,90.0
20260708T154302Z,25.5,90.1
20260708T154317Z,25.5,90.1
20260708T154332Z,25.5,89.4
20260708T154347Z,25.5,89.0
20260708T154402Z,25.5,87.5
20260708T154417Z,25.5,86.9
20260708T154432Z,25.5,86.0
20260708T154447Z,25.4,85.2
20260708T154502Z,25.4,84.2
20260708T154517Z,25.3,83.0
20260708T154532Z,25.2,82.1
20260708T154547Z,25.2,81.5
20260708T154602Z,25.1,80.7
20260708T154617Z,25.0,79.8
20260708T154632Z,25.0,78.9
20260708T154647Z,24.9,78.0
20260708T154702Z,24.8,76.9
20260708T154717Z,24.7,76.3
20260708T154732Z,24.7,75.5
20260708T154747Z,24.6,75.0
20260708T154802Z,24.5,74.4
20260708T154817Z,24.4,73.6
20260708T154832Z,24.3,74.0
20260708T154847Z,24.3,75.1
20260708T154902Z,24.3,76.4
20260708T154918Z,24.3,77.9
20260708T154932Z,24.3,79.3
20260708T154947Z,24.3,79.4
20260708T155002Z,24.2,79.8
20260708T155017Z,24.3,80.4
20260708T155032Z,24.3,80.5
20260708T155047Z,24.3,81.1
20260708T155102Z,24.3,81.5
20260708T155117Z,24.3,82.0
20260708T155132Z,24.4,82.3
20260708T155147Z,24.4,82.4
20260708T155202Z,24.4,82.8
20260708T155217Z,24.5,83.3
20260708T155232Z,24.5,83.5
20260708T155247Z,24.5,83.7
20260708T155302Z,24.5,84.0
20260708T155317Z,24.6,84.4
20260708T155332Z,24.6,84.5
20260708T155347Z,24.6,84.9
20260708T155402Z,24.7,84.9
20260708T155417Z,24.7,85.2
20260708T155432Z,24.7,85.5
20260708T155447Z,24.7,85.8
20260708T155502Z,24.8,86.0
20260708T155517Z,24.8,86.3
20260708T155532Z,24.8,86.5
20260708T155547Z,24.8,86.7
20260708T155602Z,24.8,86.8
20260708T155617Z,24.9,87.0
20260708T155632Z,24.9,87.2
20260708T155647Z,24.9,87.4
20260708T155702Z,24.9,87.5
20260708T155717Z,24.9,87.7
20260708T155732Z,25.0,87.8
20260708T155747Z,25.0,88.0
20260708T155802Z,25.0,88.2
20260708T155817Z,25.0,88.4
20260708T155832Z,25.0,88.4
20260708T155847Z,25.1,88.5
20260708T155902Z,25.1,88.7
20260708T155917Z,25.1,88.9
20260708T155932Z,25.2,89.0
20260708T155947Z,25.2,89.1
20260708T160002Z,25.2,89.2
20260708T160017Z,25.2,89.3
20260708T160032Z,25.2,89.3
20260708T160047Z,25.2,89.3
20260708T160102Z,25.2,89.5
20260708T160117Z,25.3,89.6
20260708T160132Z,25.3,89.7
20260708T160147Z,25.3,89.7
20260708T160202Z,25.3,89.9
20260708T160217Z,25.3,89.9
20260708T160232Z,25.3,90.0
20260708T160247Z,25.3,90.2
20260708T160302Z,25.4,90.3
20260708T160317Z,25.4,90.5
20260708T160332Z,25.4,90.5
20260708T160347Z,25.4,90.6
20260708T160402Z,25.5,90.6
20260708T160417Z,25.5,90.7
20260708T160432Z,25.5,90.7
20260708T160447Z,25.5,90.8
20260708T160502Z,25.6,90.0
20260708T160517Z,25.6,89.5
20260708T160532Z,25.6,88.0
20260708T160547Z,25.6,87.4
20260708T160602Z,25.5,86.4
20260708T160617Z,25.5,86.1
20260708T160632Z,25.5,85.5
20260708T160647Z,25.4,85.3
20260708T160702Z,25.4,84.2
20260708T160717Z,25.4,83.9
20260708T160732Z,25.5,83.2
20260708T160747Z,25.5,81.6
20260708T160802Z,25.4,80.7
20260708T160817Z,25.4,79.3
20260708T160832Z,25.4,78.8
20260708T160847Z,25.4,78.0
20260708T160902Z,25.4,77.1
20260708T160917Z,25.3,76.5
20260708T160932Z,25.3,74.8
20260708T160947Z,25.3,73.3
20260708T161002Z,25.2,73.5
20260708T161017Z,25.2,75.7
20260708T161032Z,25.1,77.3
20260708T161047Z,25.0,78.5
20260708T161102Z,24.9,79.2
20260708T161117Z,24.9,79.7
20260708T161132Z,24.8,80.1
20260708T161147Z,24.8,80.4
20260708T161202Z,24.8,80.8
20260708T161217Z,24.8,81.3
20260708T161232Z,24.8,81.6
20260708T161247Z,24.8,82.0
20260708T161302Z,24.8,82.4
20260708T161317Z,24.8,82.6
20260708T161332Z,24.8,83.1
20260708T161347Z,24.9,83.6
20260708T161402Z,24.9,84.0
20260708T161417Z,24.9,84.3
20260708T161432Z,24.9,84.5
20260708T161447Z,25.0,84.9
20260708T161502Z,25.0,85.2
20260708T161518Z,25.0,85.4
20260708T161533Z,25.0,85.6
20260708T161547Z,25.0,86.0
20260708T161602Z,25.0,86.2
20260708T161617Z,25.0,86.5
20260708T161632Z,25.1,86.7
20260708T161647Z,25.1,86.8
20260708T161702Z,25.1,87.1
20260708T161717Z,25.1,87.3
20260708T161732Z,25.1,87.6
20260708T161747Z,25.1,87.9
20260708T161802Z,25.1,88.0
20260708T161817Z,25.2,88.2
20260708T161832Z,25.2,88.3
20260708T161847Z,25.2,88.6
20260708T161902Z,25.2,88.7
20260708T161917Z,25.2,88.9
20260708T161932Z,25.2,89.1
20260708T161947Z,25.3,89.2
20260708T162002Z,25.3,89.3
20260708T162017Z,25.3,89.4
20260708T162032Z,25.3,89.6
20260708T162047Z,25.3,89.8
20260708T162102Z,25.3,89.8
20260708T162117Z,25.3,90.0
20260708T162132Z,25.4,90.1
20260708T162147Z,25.4,90.2
20260708T162202Z,25.4,90.2
20260708T162217Z,25.4,90.3
20260708T162232Z,25.4,90.3
20260708T162247Z,25.4,90.5
20260708T162302Z,25.5,90.5
20260708T162317Z,25.5,90.6
20260708T162332Z,25.5,90.7
20260708T162347Z,25.5,90.7
20260708T162402Z,25.5,90.8
20260708T162417Z,25.5,90.8
20260708T162432Z,25.6,90.9
20260708T162447Z,25.6,90.8
20260708T162502Z,25.6,90.9
20260708T162517Z,25.6,91.0
20260708T162532Z,25.7,90.8
20260708T162547Z,25.6,90.5
20260708T162602Z,25.6,89.0
20260708T162617Z,25.6,88.0
20260708T162632Z,25.6,87.0
20260708T162647Z,25.5,86.1
20260708T162702Z,25.5,85.4
20260708T162717Z,25.5,84.5
20260708T162732Z,25.4,83.7
20260708T162747Z,25.4,82.5
20260708T162802Z,25.3,81.7
20260708T162817Z,25.3,80.5
20260708T162832Z,25.2,79.5
20260708T162847Z,25.1,79.0
20260708T162902Z,25.1,78.4
20260708T162917Z,25.0,77.7
20260708T162932Z,24.9,76.4
20260708T162947Z,24.9,76.2
20260708T163002Z,24.8,74.7
20260708T163017Z,24.7,75.5
20260708T163032Z,24.7,76.8
20260708T163047Z,24.7,78.2
20260708T163102Z,24.6,79.2
20260708T163117Z,24.6,80.6
20260708T163132Z,24.6,81.0
20260708T163147Z,24.7,81.3
20260708T163202Z,24.6,81.5
20260708T163217Z,24.6,81.7
20260708T163232Z,24.7,82.0
20260708T163247Z,24.7,82.3
20260708T163302Z,24.7,82.7
20260708T163317Z,24.7,83.0
20260708T163332Z,24.7,83.4
20260708T163347Z,24.8,83.7
20260708T163402Z,24.8,84.2
20260708T163417Z,24.8,84.3
20260708T163432Z,24.8,84.5
20260708T163447Z,24.8,85.0
20260708T163502Z,24.9,85.1
20260708T163517Z,24.9,85.4
20260708T163532Z,24.9,85.6
20260708T163547Z,24.9,85.9
20260708T163602Z,24.9,86.1
20260708T163617Z,25.0,86.5
20260708T163632Z,25.0,86.6
20260708T163647Z,25.0,86.9
20260708T163702Z,25.0,87.1
20260708T163717Z,25.1,87.3
20260708T163732Z,25.1,87.5
20260708T163747Z,25.1,87.8
20260708T163802Z,25.1,87.9
20260708T163817Z,25.1,88.2
20260708T163832Z,25.1,88.3
20260708T163847Z,25.1,88.7
20260708T163902Z,25.1,88.7
20260708T163917Z,25.1,88.9
20260708T163932Z,25.2,89.0
20260708T163947Z,25.2,89.2
20260708T164002Z,25.2,89.3
20260708T164017Z,25.2,89.4
20260708T164032Z,25.3,89.6
20260708T164047Z,25.3,89.7
20260708T164102Z,25.3,89.8
20260708T164117Z,25.3,89.9
20260708T164132Z,25.3,90.1
20260708T164147Z,25.3,90.2
20260708T164202Z,25.3,90.3
20260708T164218Z,25.3,90.4
20260708T164233Z,25.4,90.4
20260708T164247Z,25.4,90.6
20260708T164302Z,25.4,90.6
20260708T164317Z,25.4,90.8
20260708T164332Z,25.4,90.9
20260708T164347Z,25.5,90.9
20260708T164402Z,25.5,91.0
20260708T164417Z,25.5,91.1
20260708T164432Z,25.5,91.2
20260708T164447Z,25.5,91.3
20260708T164502Z,25.5,91.3
20260708T164517Z,25.5,91.4
20260708T164532Z,25.5,91.4
20260708T164547Z,25.6,91.4
20260708T164602Z,25.6,91.5
20260708T164617Z,25.6,91.6
20260708T164632Z,25.6,91.5
20260708T164647Z,25.6,91.6
20260708T164702Z,25.6,91.6
20260708T164718Z,25.6,91.1
20260708T164733Z,25.6,89.9
20260708T164747Z,25.6,88.8
20260708T164802Z,25.6,88.2
20260708T164817Z,25.6,87.2
20260708T164832Z,25.5,86.6
20260708T164847Z,25.5,85.6
20260708T164902Z,25.4,84.1
20260708T164917Z,25.4,84.1
20260708T164932Z,25.4,82.8
20260708T164947Z,25.3,81.8
20260708T165002Z,25.2,80.2
20260708T165017Z,25.2,79.7
20260708T165032Z,25.1,78.2
20260708T165047Z,25.0,77.9
20260708T165102Z,24.9,76.8
20260708T165117Z,24.8,76.1
20260708T165132Z,24.7,75.5
20260708T165147Z,24.6,76.5
20260708T165202Z,24.6,77.9
20260708T165217Z,24.5,79.4
20260708T165232Z,24.5,80.7
20260708T165247Z,24.5,81.7
20260708T165302Z,24.5,82.0
20260708T165317Z,24.5,82.1
20260708T165332Z,24.6,82.2
20260708T165347Z,24.6,82.6
20260708T165402Z,24.6,82.9
20260708T165417Z,24.6,83.3
20260708T165432Z,24.7,83.6
20260708T165447Z,24.7,84.0
20260708T165502Z,24.7,84.4
20260708T165517Z,24.7,84.6
20260708T165532Z,24.8,84.9
20260708T165547Z,24.8,85.2
20260708T165602Z,24.8,85.5
20260708T165617Z,24.8,85.7
20260708T165632Z,24.8,85.9
20260708T165647Z,24.9,86.2
20260708T165702Z,24.9,86.5
20260708T165717Z,24.9,86.7
20260708T165732Z,24.9,86.9
20260708T165747Z,24.9,87.2
20260708T165802Z,25.0,87.4
20260708T165817Z,25.0,87.6
20260708T165832Z,25.0,87.9
20260708T165847Z,25.1,87.9
20260708T165902Z,25.1,88.2
20260708T165917Z,25.1,88.3
20260708T165932Z,25.1,88.5
20260708T165947Z,25.1,88.7
20260708T170002Z,25.1,88.8
20260708T170017Z,25.2,89.0
20260708T170032Z,25.2,89.2
20260708T170047Z,25.2,89.3
20260708T170102Z,25.2,89.6
20260708T170117Z,25.2,89.7
20260708T170132Z,25.2,89.8
20260708T170147Z,25.3,89.9
20260708T170202Z,25.3,90.1
20260708T170217Z,25.3,90.1
20260708T170232Z,25.3,90.3
20260708T170247Z,25.3,90.4
20260708T170302Z,25.3,90.6
20260708T170317Z,25.3,90.6
20260708T170332Z,25.3,90.7
20260708T170347Z,25.4,90.8
20260708T170402Z,25.4,91.0
20260708T170417Z,25.4,91.0
20260708T170432Z,25.4,91.0
20260708T170447Z,25.4,91.1
20260708T170502Z,25.4,91.2
20260708T170517Z,25.5,91.3
20260708T170532Z,25.5,91.3
20260708T170547Z,25.5,91.4
20260708T170602Z,25.5,91.5
20260708T170617Z,25.5,91.5
20260708T170632Z,25.5,91.6
20260708T170647Z,25.6,91.5
20260708T170702Z,25.6,91.5
20260708T170717Z,25.6,91.6
20260708T170732Z,25.6,91.7
20260708T170747Z,25.6,91.8
20260708T170802Z,25.6,91.8
20260708T170817Z,25.6,91.9
20260708T170832Z,25.7,91.4
20260708T170847Z,25.7,90.6
20260708T170902Z,25.6,89.4
20260708T170917Z,25.6,88.5
20260708T170932Z,25.6,88.0
20260708T170947Z,25.5,87.0
20260708T171002Z,25.5,86.3
20260708T171017Z,25.5,85.4
20260708T171032Z,25.5,84.2
20260708T171047Z,25.4,83.4
20260708T171102Z,25.3,81.9
20260708T171117Z,25.3,81.0
20260708T171132Z,25.2,80.0
20260708T171147Z,25.1,79.3
20260708T171202Z,25.1,78.3
20260708T171218Z,25.0,77.7
20260708T171233Z,24.9,76.8
20260708T171247Z,24.8,75.8
20260708T171302Z,24.7,75.9
20260708T171317Z,24.7,77.2
20260708T171332Z,24.6,78.5
20260708T171347Z,24.6,80.2
20260708T171402Z,24.6,81.3
20260708T171418Z,24.6,81.9
20260708T171432Z,24.6,82.2
20260708T171447Z,24.6,82.2
20260708T171502Z,24.6,82.6
20260708T171517Z,24.6,82.8
20260708T171532Z,24.7,83.1
20260708T171547Z,24.7,83.5
20260708T171602Z,24.7,83.9
20260708T171617Z,24.7,84.2
20260708T171632Z,24.7,84.5
20260708T171647Z,24.8,84.7
20260708T171702Z,24.8,85.1
20260708T171717Z,24.8,85.3
20260708T171732Z,24.8,85.6
20260708T171747Z,24.9,85.8
20260708T171802Z,24.9,86.1
20260708T171817Z,24.9,86.3
20260708T171832Z,24.9,86.5
20260708T171847Z,24.9,86.7
20260708T171902Z,24.9,87.0
20260708T171917Z,25.0,87.5
20260708T171932Z,25.0,87.5
20260708T171948Z,25.0,87.7
20260708T172002Z,25.0,88.0
20260708T172018Z,25.0,88.1
20260708T172032Z,25.1,88.3
20260708T172048Z,25.1,88.3
20260708T172102Z,25.1,88.7
20260708T172117Z,25.1,88.8
20260708T172132Z,25.1,88.9
20260708T172147Z,25.2,89.1
20260708T172202Z,25.2,89.3
20260708T172217Z,25.2,89.4
20260708T172232Z,25.2,89.5
20260708T172248Z,25.2,89.6
20260708T172303Z,25.2,89.8
20260708T172318Z,25.3,90.0
20260708T172332Z,25.3,90.1
20260708T172348Z,25.3,90.2
20260708T172402Z,25.3,90.3
20260708T172418Z,25.3,90.4
20260708T172432Z,25.3,90.5
20260708T172448Z,25.3,90.7
20260708T172502Z,25.4,90.8
20260708T172518Z,25.4,90.8
20260708T172533Z,25.4,90.9
20260708T172547Z,25.4,91.0
20260708T172603Z,25.4,91.1
20260708T172618Z,25.4,91.1
20260708T172632Z,25.5,91.3
20260708T172648Z,25.5,91.3
20260708T172702Z,25.5,91.4
20260708T172718Z,25.5,91.4
20260708T172732Z,25.5,91.5
20260708T172748Z,25.5,91.6
20260708T172802Z,25.5,91.7
20260708T172818Z,25.5,91.6
20260708T172832Z,25.5,91.7
20260708T172848Z,25.6,91.8
20260708T172902Z,25.6,91.8
20260708T172918Z,25.6,91.9
20260708T172933Z,25.6,91.9
20260708T172947Z,25.6,92.0
20260708T173003Z,25.6,92.0
20260708T173017Z,25.6,92.0
20260708T173033Z,25.7,92.0
20260708T173047Z,25.7,91.5
20260708T173103Z,25.7,90.3
20260708T173117Z,25.6,89.2
20260708T173133Z,25.6,88.7
20260708T173147Z,25.6,87.4
20260708T173203Z,25.5,86.4
20260708T173218Z,25.5,86.1
20260708T173233Z,25.4,85.2
20260708T173247Z,25.4,84.5
20260708T173303Z,25.4,83.9
20260708T173317Z,25.3,82.6
20260708T173333Z,25.3,81.2
20260708T173347Z,25.2,80.0
20260708T173403Z,25.2,79.4
20260708T173417Z,25.1,78.4
20260708T173433Z,25.1,77.9
20260708T173447Z,25.0,76.9
20260708T173502Z,24.9,76.2
20260708T173518Z,24.8,76.6
20260708T173532Z,24.8,77.7
20260708T173547Z,24.7,78.8
20260708T173603Z,24.7,80.7
20260708T173617Z,24.7,81.3
20260708T173632Z,24.7,82.0
20260708T173648Z,24.7,82.4
20260708T173702Z,24.7,82.5
20260708T173718Z,24.7,82.6
20260708T173732Z,24.7,83.0
20260708T173748Z,24.7,83.4
20260708T173802Z,24.7,83.8
20260708T173818Z,24.7,84.1
20260708T173832Z,24.7,84.4
20260708T173848Z,24.8,84.6
20260708T173902Z,24.8,84.9
20260708T173918Z,24.8,85.2
20260708T173932Z,24.8,85.5
20260708T173948Z,24.9,85.7
20260708T174002Z,24.9,86.1
20260708T174018Z,24.9,86.3
20260708T174032Z,24.9,86.7
20260708T174048Z,24.9,86.8
20260708T174102Z,24.9,87.0
20260708T174118Z,24.9,87.3
20260708T174132Z,24.9,87.6
20260708T174148Z,25.0,87.8
20260708T174202Z,25.0,88.1
20260708T174217Z,25.0,88.1
20260708T174233Z,25.0,88.4
20260708T174247Z,25.0,88.6
20260708T174303Z,25.0,88.8
20260708T174317Z,25.1,88.9
20260708T174333Z,25.1,89.2
20260708T174347Z,25.1,89.4
20260708T174403Z,25.1,89.4
20260708T174417Z,25.1,89.6
20260708T174433Z,25.1,89.8
20260708T174447Z,25.2,89.8
20260708T174503Z,25.2,89.9
20260708T174517Z,25.2,90.1
20260708T174533Z,25.2,90.3
20260708T174547Z,25.2,90.4
20260708T174603Z,25.2,90.5
20260708T174617Z,25.2,90.6
20260708T174633Z,25.3,90.7
20260708T174647Z,25.3,90.9
20260708T174703Z,25.3,90.9
20260708T174717Z,25.3,91.0
20260708T174733Z,25.3,91.1
20260708T174747Z,25.3,91.1
20260708T174803Z,25.4,91.2
20260708T174817Z,25.4,91.3
20260708T174833Z,25.4,91.3
20260708T174847Z,25.4,91.5
20260708T174902Z,25.4,91.5
20260708T174917Z,25.4,91.6
20260708T174933Z,25.4,91.7
20260708T174947Z,25.5,91.7
20260708T175003Z,25.5,91.7
20260708T175018Z,25.5,91.9
20260708T175033Z,25.5,91.9
20260708T175047Z,25.5,92.0
20260708T175103Z,25.5,92.0
20260708T175118Z,25.5,92.0
20260708T175132Z,25.5,92.1
20260708T175148Z,25.5,92.1
20260708T175202Z,25.6,92.1
20260708T175217Z,25.6,92.1
20260708T175233Z,25.6,92.2
20260708T175247Z,25.6,92.2
20260708T175303Z,25.6,92.2
20260708T175317Z,25.6,92.3
20260708T175333Z,25.6,92.3
20260708T175347Z,25.6,92.3
20260708T175403Z,25.7,92.4
20260708T175417Z,25.7,92.4
20260708T175433Z,25.7,91.9
20260708T175447Z,25.7,91.3
20260708T175503Z,25.7,89.8
20260708T175518Z,25.6,89.4
20260708T175532Z,25.6,88.6
20260708T175547Z,25.6,87.8
20260708T175603Z,25.5,86.9
20260708T175617Z,25.5,85.9
20260708T175633Z,25.5,84.9
20260708T175647Z,25.4,83.7
20260708T175703Z,25.4,83.1
20260708T175717Z,25.3,82.1
20260708T175733Z,25.3,81.1
20260708T175747Z,25.2,79.9
20260708T175803Z,25.1,78.8
20260708T175817Z,25.1,78.5
20260708T175832Z,25.0,77.7
20260708T175848Z,24.9,76.8
20260708T175902Z,24.8,77.0
20260708T175918Z,24.7,78.1
20260708T175932Z,24.7,79.5
20260708T175948Z,24.7,80.6
20260708T180002Z,24.7,81.6
20260708T180017Z,24.7,82.2
20260708T180033Z,24.7,82.6
20260708T180047Z,24.6,82.8
20260708T180103Z,24.6,83.2
20260708T180117Z,24.6,83.5
20260708T180132Z,24.6,83.9
20260708T180148Z,24.6,84.2
20260708T180202Z,24.7,84.7
20260708T180217Z,24.7,84.9
20260708T180233Z,24.7,85.2
20260708T180247Z,24.7,85.5
20260708T180303Z,24.8,85.7
20260708T180317Z,24.8,86.0
20260708T180333Z,24.8,86.3
20260708T180347Z,24.8,86.6
20260708T180403Z,24.9,86.9
20260708T180417Z,24.9,87.1
20260708T180433Z,24.9,87.4
20260708T180447Z,24.9,87.5
20260708T180503Z,24.9,87.7
20260708T180517Z,25.0,88.0
20260708T180533Z,25.0,88.1
20260708T180547Z,25.0,88.4
20260708T180603Z,25.0,88.5
20260708T180617Z,25.0,88.7
20260708T180633Z,25.0,89.0
20260708T180647Z,25.0,89.1
20260708T180703Z,25.1,89.2
20260708T180717Z,25.1,89.4
20260708T180732Z,25.1,89.6
20260708T180747Z,25.1,89.6
20260708T180803Z,25.1,89.9
20260708T180817Z,25.2,89.9
20260708T180833Z,25.2,90.1
20260708T180847Z,25.2,90.2
20260708T180903Z,25.2,90.4
20260708T180918Z,25.2,90.5
20260708T180933Z,25.2,90.7
20260708T180947Z,25.3,90.8
20260708T181003Z,25.3,90.9
20260708T181017Z,25.3,91.0
20260708T181033Z,25.3,91.2
20260708T181047Z,25.3,91.2
20260708T181103Z,25.3,91.4
20260708T181119Z,25.3,91.4
20260708T181133Z,25.3,91.5
20260708T181148Z,25.3,91.7
20260708T181202Z,25.3,91.7
20260708T181218Z,25.4,91.8
20260708T181232Z,25.4,91.8
20260708T181247Z,25.4,91.9
20260708T181303Z,25.4,92.0
20260708T181318Z,25.4,92.1
20260708T181332Z,25.4,92.1
20260708T181348Z,25.4,92.2
20260708T181402Z,25.5,92.3
20260708T181418Z,25.5,92.3
20260708T181432Z,25.5,92.4
20260708T181448Z,25.5,92.4
20260708T181502Z,25.5,92.4
20260708T181517Z,25.5,92.4
20260708T181533Z,25.5,92.5
20260708T181547Z,25.6,92.6
20260708T181603Z,25.6,92.6
20260708T181618Z,25.6,92.6
20260708T181633Z,25.6,92.7
20260708T181648Z,25.6,92.6
20260708T181703Z,25.6,92.6
20260708T181718Z,25.6,92.7
20260708T181733Z,25.7,92.6
20260708T181747Z,25.7,92.2
20260708T181803Z,25.7,90.6
20260708T181817Z,25.6,89.9
20260708T181833Z,25.6,89.0
20260708T181847Z,25.6,88.3
20260708T181903Z,25.5,87.1
20260708T181917Z,25.5,86.3
20260708T181933Z,25.5,85.4
20260708T181947Z,25.4,84.6
20260708T182003Z,25.4,83.5
20260708T182018Z,25.3,82.5
20260708T182033Z,25.3,81.8
20260708T182048Z,25.2,80.5
20260708T182103Z,25.2,79.4
20260708T182118Z,25.1,78.7
20260708T182133Z,25.0,78.3
20260708T182147Z,24.9,77.3
20260708T182203Z,24.8,77.6
20260708T182218Z,24.7,78.7
20260708T182233Z,24.7,80.2
20260708T182248Z,24.7,81.3
20260708T182303Z,24.7,82.4
20260708T182318Z,24.7,82.8
20260708T182333Z,24.7,83.1
20260708T182348Z,24.7,83.4
20260708T182403Z,24.7,83.4
20260708T182418Z,24.7,83.8
20260708T182433Z,24.7,84.1
20260708T182448Z,24.7,84.4
20260708T182503Z,24.8,84.8
20260708T182518Z,24.8,85.1
20260708T182533Z,24.8,85.4
20260708T182548Z,24.8,85.6
20260708T182603Z,24.8,85.8
20260708T182618Z,24.8,86.2
20260708T182633Z,24.8,86.4
20260708T182648Z,24.9,86.7
20260708T182703Z,24.9,87.0
20260708T182718Z,24.9,87.2
20260708T182733Z,24.9,87.4
20260708T182748Z,24.9,87.6
20260708T182803Z,25.0,87.9
20260708T182818Z,25.0,88.1
20260708T182833Z,25.0,88.4
20260708T182848Z,25.0,88.4
20260708T182903Z,25.0,88.6
20260708T182918Z,25.1,88.9
20260708T182933Z,25.1,89.0
20260708T182948Z,25.1,89.2
20260708T183003Z,25.1,89.3
20260708T183018Z,25.1,89.5
20260708T183033Z,25.2,89.6
20260708T183048Z,25.2,89.7
20260708T183103Z,25.2,89.9
20260708T183118Z,25.2,90.1
20260708T183133Z,25.2,90.1
20260708T183148Z,25.2,90.2
20260708T183203Z,25.2,90.4
20260708T183218Z,25.3,90.6
20260708T183233Z,25.3,90.8
20260708T183248Z,25.3,90.8
20260708T183303Z,25.3,90.9
20260708T183318Z,25.3,91.0
20260708T183333Z,25.3,91.1
20260708T183348Z,25.3,91.2
20260708T183403Z,25.4,91.4
20260708T183418Z,25.4,91.3
20260708T183433Z,25.4,91.5
20260708T183448Z,25.4,91.6
20260708T183503Z,25.4,91.7
20260708T183518Z,25.4,91.8
20260708T183533Z,25.4,91.9
20260708T183548Z,25.5,92.0
20260708T183603Z,25.5,92.0
20260708T183618Z,25.5,92.1
20260708T183633Z,25.5,92.2
20260708T183648Z,25.5,92.2
20260708T183703Z,25.5,92.2
20260708T183718Z,25.5,92.2
20260708T183733Z,25.6,92.4
20260708T183748Z,25.5,92.4
20260708T183803Z,25.6,92.4
20260708T183818Z,25.6,92.4
20260708T183833Z,25.6,92.5
20260708T183848Z,25.6,92.5
20260708T183903Z,25.6,92.6
20260708T183918Z,25.6,92.6
20260708T183933Z,25.6,92.7
20260708T183948Z,25.7,92.6
20260708T184003Z,25.7,92.7
20260708T184018Z,25.7,92.7
20260708T184033Z,25.7,92.7
20260708T184048Z,25.7,92.3
20260708T184103Z,25.7,92.0
20260708T184119Z,25.7,90.5
20260708T184133Z,25.7,89.9
20260708T184148Z,25.6,88.8
20260708T184203Z,25.6,88.2
20260708T184218Z,25.6,87.0
20260708T184233Z,25.5,86.4
20260708T184248Z,25.5,85.2
20260708T184303Z,25.5,84.4
20260708T184318Z,25.4,83.9
20260708T184333Z,25.4,82.8
20260708T184348Z,25.3,81.1
20260708T184403Z,25.2,80.3
20260708T184418Z,25.2,79.5
20260708T184433Z,25.1,79.0
20260708T184448Z,25.0,77.8
20260708T184503Z,24.9,77.0
20260708T184518Z,24.8,77.3
20260708T184533Z,24.8,78.3
20260708T184548Z,24.7,79.3
20260708T184603Z,24.7,81.0
20260708T184618Z,24.7,82.0
20260708T184633Z,24.7,82.4
20260708T184648Z,24.7,82.9
20260708T184703Z,24.7,83.1
20260708T184718Z,24.7,83.5
20260708T184733Z,24.7,83.6
20260708T184748Z,24.7,84.1
20260708T184803Z,24.7,84.5
20260708T184818Z,24.7,84.7
20260708T184833Z,24.8,84.9
20260708T184848Z,24.8,85.1
20260708T184903Z,24.8,85.5
20260708T184918Z,24.8,85.8
20260708T184933Z,24.8,86.1
20260708T184948Z,24.9,86.3
20260708T185003Z,24.9,86.6
20260708T185019Z,24.9,86.7
20260708T185033Z,24.9,87.1
20260708T185048Z,25.0,87.3
20260708T185103Z,24.9,87.6
20260708T185118Z,25.0,87.7
20260708T185133Z,25.0,88.0
20260708T185148Z,25.0,88.2
20260708T185203Z,25.0,88.3
20260708T185218Z,25.0,88.6
20260708T185233Z,25.1,88.9
20260708T185248Z,25.1,89.0
20260708T185303Z,25.1,89.1
20260708T185319Z,25.1,89.3
20260708T185333Z,25.1,89.5
20260708T185348Z,25.1,89.7
20260708T185403Z,25.2,89.7
20260708T185418Z,25.2,90.0
20260708T185433Z,25.2,90.0
20260708T185448Z,25.2,90.4
20260708T185503Z,25.2,90.5
20260708T185518Z,25.2,90.5
20260708T185533Z,25.2,90.6
20260708T185548Z,25.3,90.8
20260708T185603Z,25.3,91.0
20260708T185618Z,25.3,91.1
20260708T185633Z,25.3,91.2
20260708T185648Z,25.3,91.2
20260708T185703Z,25.3,91.3
20260708T185718Z,25.3,91.4
20260708T185733Z,25.3,91.6
20260708T185748Z,25.4,91.6
20260708T185803Z,25.4,91.7
20260708T185818Z,25.4,91.8
20260708T185833Z,25.4,91.8
20260708T185848Z,25.4,91.9
20260708T185903Z,25.4,92.0
20260708T185918Z,25.4,92.1
20260708T185933Z,25.5,92.1
20260708T185948Z,25.5,92.2
20260708T190003Z,25.5,92.3
20260708T190018Z,25.5,92.3
20260708T190033Z,25.5,92.3
20260708T190048Z,25.5,92.4
20260708T190103Z,25.5,92.5
20260708T190118Z,25.5,92.5
20260708T190133Z,25.6,92.5
20260708T190148Z,25.6,92.6
20260708T190203Z,25.6,92.6
20260708T190218Z,25.6,92.7
20260708T190233Z,25.6,92.8
20260708T190248Z,25.6,92.8
20260708T190303Z,25.6,92.8
20260708T190318Z,25.6,92.8
20260708T190333Z,25.6,92.8
20260708T190348Z,25.7,92.9
20260708T190403Z,25.7,92.9
20260708T190418Z,25.7,92.9
20260708T190433Z,25.7,92.9
20260708T190448Z,25.7,92.2
20260708T190503Z,25.7,91.1
20260708T190518Z,25.7,90.1
20260708T190533Z,25.6,89.2
20260708T190548Z,25.6,88.9
20260708T190603Z,25.6,88.0
20260708T190618Z,25.5,86.9
20260708T190633Z,25.5,85.7
20260708T190648Z,25.5,85.0
20260708T190703Z,25.4,84.0
20260708T190718Z,25.4,83.1
20260708T190733Z,25.3,81.9
20260708T190748Z,25.2,81.0
20260708T190803Z,25.2,79.9
20260708T190818Z,25.1,78.9
20260708T190833Z,25.0,77.8
20260708T190848Z,24.8,77.4
20260708T190903Z,24.7,76.8
20260708T190918Z,24.6,77.9
20260708T190933Z,24.6,79.5
20260708T190948Z,24.6,80.9
20260708T191003Z,24.5,82.4
20260708T191018Z,24.6,82.9
20260708T191033Z,24.6,83.1
20260708T191048Z,24.6,83.4
20260708T191103Z,24.6,83.6
20260708T191118Z,24.6,83.8
20260708T191133Z,24.6,84.2
20260708T191148Z,24.6,84.4
20260708T191203Z,24.7,84.7
20260708T191218Z,24.7,85.2
20260708T191233Z,24.7,85.4
20260708T191248Z,24.7,85.6
20260708T191303Z,24.8,86.0
20260708T191318Z,24.8,86.1
20260708T191333Z,24.8,86.5
20260708T191348Z,24.8,86.6
20260708T191403Z,24.9,87.0
20260708T191418Z,24.9,87.2
20260708T191433Z,24.9,87.3
20260708T191448Z,24.9,87.6
20260708T191503Z,24.9,87.8
20260708T191518Z,25.0,88.0
20260708T191533Z,25.0,88.2
20260708T191548Z,25.0,88.4
20260708T191603Z,25.0,88.6
20260708T191618Z,25.0,88.6
20260708T191633Z,25.1,89.0
20260708T191648Z,25.1,89.1
20260708T191703Z,25.1,89.3
20260708T191718Z,25.1,89.4
20260708T191733Z,25.1,89.7
20260708T191748Z,25.1,89.8
20260708T191803Z,25.2,89.9
20260708T191818Z,25.2,90.1
20260708T191833Z,25.2,90.2
20260708T191848Z,25.2,90.5
20260708T191903Z,25.2,90.6
20260708T191918Z,25.2,90.7
20260708T191933Z,25.2,90.8
20260708T191948Z,25.3,91.0
20260708T192003Z,25.3,91.1
20260708T192019Z,25.3,91.2
20260708T192033Z,25.3,91.3
20260708T192048Z,25.3,91.4
20260708T192103Z,25.3,91.5
20260708T192119Z,25.3,91.6
20260708T192133Z,25.3,91.7
20260708T192148Z,25.4,91.8
20260708T192203Z,25.3,91.9
20260708T192218Z,25.4,91.9
20260708T192233Z,25.4,92.1
20260708T192248Z,25.4,92.1
20260708T192303Z,25.4,92.2
20260708T192319Z,25.4,92.3
20260708T192333Z,25.5,92.3
20260708T192348Z,25.5,92.4
20260708T192403Z,25.5,92.4
20260708T192417Z,25.5,92.5
20260708T192433Z,25.5,92.5
20260708T192448Z,25.5,92.5
20260708T192503Z,25.6,92.6
20260708T192518Z,25.5,92.7
20260708T192533Z,25.6,92.7
20260708T192548Z,25.6,92.7
20260708T192603Z,25.6,92.8
20260708T192618Z,25.6,92.8
20260708T192633Z,25.6,92.8
20260708T192648Z,25.6,92.8
20260708T192703Z,25.6,92.9
20260708T192718Z,25.6,92.9
20260708T192733Z,25.7,92.9
20260708T192748Z,25.7,92.9
20260708T192803Z,25.7,93.0
20260708T192818Z,25.7,92.9
20260708T192833Z,25.7,92.4
20260708T192848Z,25.7,91.1
20260708T192903Z,25.7,90.1
20260708T192918Z,25.6,89.2
20260708T192933Z,25.6,88.6
20260708T192948Z,25.6,87.5
20260708T193003Z,25.5,86.8
20260708T193126Z,25.3,81.2
20260708T193140Z,25.2,80.6
20260708T193155Z,25.1,79.6
20260708T193210Z,25.0,79.1
20260708T193224Z,25.0,78.4
20260708T193240Z,24.9,77.2
20260708T193255Z,24.8,77.5
20260708T193310Z,24.8,78.4
20260708T193325Z,24.8,79.5
20260708T193340Z,24.8,80.8
20260708T193355Z,24.7,82.2
20260708T193410Z,24.7,82.4
20260708T193425Z,24.7,82.9
20260708T193440Z,24.7,83.3
20260708T193455Z,24.7,83.3
20260708T193510Z,24.7,83.8
20260708T193525Z,24.7,84.1
20260708T193540Z,24.7,84.4
20260708T193555Z,24.8,84.8
20260708T193610Z,24.8,84.9
20260708T193625Z,24.8,85.5
20260708T193640Z,24.8,85.6
20260708T193655Z,24.9,85.9
20260708T193710Z,24.9,86.0
20260708T193725Z,24.9,86.3
20260708T193740Z,24.9,86.5
20260708T193755Z,25.0,86.8
20260708T193810Z,25.0,87.0
20260708T193825Z,25.0,87.3
20260708T193840Z,25.0,87.5
20260708T193855Z,25.0,87.7
20260708T193910Z,25.0,87.9
20260708T193925Z,25.0,88.1
20260708T193940Z,25.1,88.3
20260708T193955Z,25.1,88.5
20260708T194010Z,25.1,88.6
20260708T194025Z,25.1,88.8
20260708T194040Z,25.1,89.1
20260708T194055Z,25.2,89.2
20260708T194110Z,25.2,89.3
20260708T194125Z,25.2,89.5
20260708T194140Z,25.2,89.8
20260708T194155Z,25.2,90.0
20260708T194210Z,25.2,90.1
20260708T194225Z,25.2,90.3
20260708T194240Z,25.2,90.5
20260708T194255Z,25.2,90.7
20260708T194310Z,25.2,90.8
20260708T194325Z,25.3,90.9
20260708T194340Z,25.3,91.0
20260708T194355Z,25.3,91.1
20260708T194410Z,25.3,91.3
20260708T194425Z,25.3,91.4
20260708T194440Z,25.3,91.5
20260708T194455Z,25.3,91.6
20260708T194510Z,25.3,91.7
20260708T194525Z,25.4,91.7
20260708T194540Z,25.4,91.8
20260708T194555Z,25.4,91.9
20260708T194610Z,25.4,92.0
20260708T194625Z,25.4,92.0
20260708T194640Z,25.4,92.1
20260708T194655Z,25.5,92.2
20260708T194710Z,25.5,92.2
20260708T194725Z,25.5,92.3
20260708T194740Z,25.5,92.3
20260708T194755Z,25.5,92.3
20260708T194810Z,25.5,92.4
20260708T194825Z,25.5,92.5
20260708T194840Z,25.6,92.5
20260708T194855Z,25.6,92.6
20260708T194910Z,25.6,92.6
20260708T194925Z,25.6,92.7
20260708T194940Z,25.6,92.8
20260708T194955Z,25.6,92.8
20260708T195010Z,25.6,92.8
20260708T195025Z,25.6,92.8
20260708T195040Z,25.7,92.9
20260708T195055Z,25.7,92.9
20260708T195110Z,25.7,92.9
20260708T195125Z,25.7,92.9
20260708T195140Z,25.7,92.9
20260708T195155Z,25.7,92.4
20260708T195210Z,25.7,91.0
20260708T195225Z,25.7,90.1
20260708T195240Z,25.6,89.4
20260708T195255Z,25.6,88.7
20260708T195310Z,25.6,87.9
20260708T195325Z,25.5,86.6
20260708T195340Z,25.5,85.6
20260708T195355Z,25.4,85.0
20260708T195410Z,25.4,84.1
20260708T195425Z,25.3,83.3
20260708T195440Z,25.3,81.9
20260708T195455Z,25.2,80.7
20260708T195510Z,25.2,80.1
20260708T195525Z,25.1,79.1
20260708T195540Z,25.0,78.3
20260708T195555Z,24.9,77.6
20260708T195610Z,24.8,77.3
20260708T195625Z,24.8,78.3
20260708T195640Z,24.7,79.5
20260708T195655Z,24.7,80.7
20260708T195710Z,24.7,82.1
20260708T195725Z,24.7,82.8
20260708T195740Z,24.7,82.9
20260708T195755Z,24.7,83.3
20260708T195810Z,24.7,83.5
20260708T195825Z,24.7,83.8
20260708T195840Z,24.7,84.2
20260708T195855Z,24.7,84.6
20260708T195910Z,24.7,84.8
20260708T195925Z,24.8,85.1
20260708T195940Z,24.8,85.5
20260708T195955Z,24.8,85.8
20260708T200010Z,24.8,86.0
20260708T200025Z,24.9,86.3
20260708T200040Z,24.9,86.6
20260708T200055Z,24.9,86.7
20260708T200110Z,24.9,87.0
20260708T200125Z,24.9,87.3
20260708T200140Z,25.0,87.5
20260708T200155Z,25.0,87.8
20260708T200210Z,25.0,88.0
20260708T200225Z,25.0,88.2
20260708T200240Z,25.0,88.3
20260708T200255Z,25.0,88.5
20260708T200310Z,25.1,88.8
20260708T200325Z,25.1,89.0
20260708T200340Z,25.1,89.0
20260708T200355Z,25.1,89.2
20260708T200410Z,25.1,89.4
20260708T200425Z,25.1,89.5
20260708T200440Z,25.2,89.7
20260708T200455Z,25.2,89.9
20260708T200510Z,25.2,90.1
20260708T200525Z,25.2,90.2
20260708T200540Z,25.2,90.4
20260708T200555Z,25.2,90.5
20260708T200610Z,25.2,90.6
20260708T200625Z,25.2,90.7
20260708T200640Z,25.3,90.9
20260708T200655Z,25.3,91.0
20260708T200710Z,25.3,91.1
20260708T200725Z,25.3,91.4
20260708T200740Z,25.3,91.4
20260708T200755Z,25.3,91.5
20260708T200810Z,25.3,91.7
20260708T200825Z,25.3,91.8
20260708T200840Z,25.4,91.9
20260708T200855Z,25.4,91.9
20260708T200910Z,25.4,92.0
20260708T200925Z,25.4,92.1
20260708T200940Z,25.4,92.2
20260708T200955Z,25.5,92.2
20260708T201010Z,25.4,92.3
20260708T201025Z,25.5,92.3
20260708T201040Z,25.5,92.4
20260708T201055Z,25.5,92.4
20260708T201110Z,25.5,92.5
20260708T201125Z,25.5,92.5
20260708T201141Z,25.5,92.6
20260708T201155Z,25.5,92.6
20260708T201210Z,25.6,92.7
20260708T201225Z,25.6,92.8
20260708T201240Z,25.6,92.8
20260708T201255Z,25.6,92.9
20260708T201310Z,25.6,92.9
20260708T201325Z,25.6,93.0
20260708T201340Z,25.6,93.0
20260708T201355Z,25.6,93.0
20260708T201410Z,25.6,93.0
20260708T201425Z,25.7,93.1
20260708T201440Z,25.7,93.1
20260708T201455Z,25.7,92.4
20260708T201510Z,25.7,91.8
20260708T201525Z,25.7,90.6
20260708T201540Z,25.6,90.0
20260708T201555Z,25.6,88.8
20260708T201610Z,25.6,88.0
20260708T201625Z,25.5,87.5
20260708T201640Z,25.5,86.4
20260708T201655Z,25.5,85.6
20260708T201710Z,25.4,84.6
20260708T201725Z,25.4,83.2
20260708T201740Z,25.3,82.1
20260708T201755Z,25.3,81.4
20260708T201810Z,25.2,80.4
20260708T201825Z,25.1,79.5
20260708T201840Z,25.1,78.6
20260708T201855Z,25.0,77.9
20260708T201910Z,24.9,77.1
20260708T201925Z,24.8,77.4
20260708T201940Z,24.8,78.4
20260708T201955Z,24.8,79.7
20260708T202010Z,24.8,80.6
20260708T202025Z,24.7,82.0
20260708T202040Z,24.7,82.2
20260708T202055Z,24.7,82.6
20260708T202110Z,24.7,82.9
20260708T202125Z,24.7,83.2
20260708T202140Z,24.7,83.5
20260708T202155Z,24.7,83.8
20260708T202210Z,24.8,84.2
20260708T202225Z,24.8,84.6
20260708T202240Z,24.8,84.9
20260708T202255Z,24.8,85.4
20260708T202310Z,24.8,85.5
20260708T202325Z,24.8,85.8
20260708T202340Z,24.9,86.1
20260708T202355Z,24.9,86.5
20260708T202410Z,24.9,86.6
20260708T202425Z,24.9,86.9
20260708T202440Z,24.9,87.2
20260708T202455Z,25.0,87.3
20260708T202510Z,25.0,87.6
20260708T202525Z,25.0,87.9
20260708T202540Z,25.0,88.0
20260708T202555Z,25.0,88.1
20260708T202610Z,25.0,88.4
20260708T202625Z,25.1,88.7
20260708T202640Z,25.1,88.7
20260708T202655Z,25.1,89.0
20260708T202710Z,25.1,89.2
20260708T202725Z,25.1,89.4
20260708T202740Z,25.1,89.5
20260708T202755Z,25.1,89.7
20260708T202810Z,25.2,89.8
20260708T202825Z,25.2,90.0
20260708T202840Z,25.2,90.1
20260708T202855Z,25.2,90.2
20260708T202910Z,25.2,90.4
20260708T202925Z,25.3,90.5
20260708T202940Z,25.3,90.6
20260708T202955Z,25.3,90.7
20260708T203010Z,25.3,90.9
20260708T203025Z,25.3,91.0
20260708T203040Z,25.3,91.1
20260708T203055Z,25.3,91.3
20260708T203110Z,25.3,91.4
20260708T203125Z,25.3,91.5
20260708T203140Z,25.4,91.6
20260708T203155Z,25.4,91.7
20260708T203210Z,25.4,91.8
20260708T203225Z,25.4,91.9
20260708T203240Z,25.4,91.9
20260708T203255Z,25.4,92.1
20260708T203310Z,25.4,92.2
20260708T203325Z,25.4,92.2
20260708T203340Z,25.5,92.3
20260708T203355Z,25.5,92.3
20260708T203410Z,25.5,92.4
20260708T203425Z,25.5,92.5
20260708T203440Z,25.5,92.5
20260708T203455Z,25.5,92.5
20260708T203510Z,25.5,92.6
20260708T203525Z,25.6,92.7
20260708T203540Z,25.6,92.7
20260708T203555Z,25.6,92.7
20260708T203610Z,25.6,92.8
20260708T203625Z,25.6,92.9
20260708T203640Z,25.6,92.9
20260708T203655Z,25.6,92.9
20260708T203710Z,25.6,92.9
20260708T203725Z,25.7,92.9
20260708T203740Z,25.7,93.0
20260708T203755Z,25.7,93.0
20260708T203810Z,25.7,93.0
20260708T203825Z,25.7,93.0
20260708T203840Z,25.7,92.6
20260708T203855Z,25.7,92.3
20260708T203910Z,25.7,91.0
20260708T203925Z,25.7,90.0
20260708T203940Z,25.7,89.2
20260708T203955Z,25.7,88.4
20260708T204010Z,25.6,87.3
20260708T204025Z,25.6,86.4
20260708T204040Z,25.5,84.6
20260708T204055Z,25.5,84.1
20260708T204110Z,25.4,83.3
20260708T204125Z,25.3,82.3
20260708T204140Z,25.3,81.9
20260708T204155Z,25.2,80.6
20260708T204210Z,25.1,80.0
20260708T204225Z,25.0,78.9
20260708T204240Z,24.9,78.5
20260708T204255Z,24.9,77.3
20260708T204310Z,24.7,77.6
20260708T204325Z,24.7,78.8
20260708T204340Z,24.6,80.1
20260708T204355Z,24.6,81.4
20260708T204410Z,24.6,82.7
20260708T204425Z,24.6,83.1
20260708T204440Z,24.6,83.5
20260708T204455Z,24.7,83.8
20260708T204510Z,24.6,83.9
20260708T204525Z,24.7,84.1
20260708T204540Z,24.7,84.4
20260708T204555Z,24.7,84.8
20260708T204610Z,24.7,85.1
20260708T204625Z,24.7,85.6
20260708T204640Z,24.8,85.7
20260708T204655Z,24.8,86.0
20260708T204710Z,24.8,86.3
20260708T204725Z,24.8,86.6
20260708T204740Z,24.8,86.8
20260708T204755Z,24.9,87.0
20260708T204810Z,24.9,87.2
20260708T204825Z,24.9,87.5
20260708T204840Z,24.9,87.7
20260708T204855Z,25.0,87.9
20260708T204910Z,25.0,88.2
20260708T204925Z,25.0,88.4
20260708T204940Z,25.0,88.5
20260708T204955Z,25.0,88.7
20260708T205010Z,25.0,88.8
20260708T205025Z,25.1,89.0
20260708T205040Z,25.1,89.3
20260708T205055Z,25.1,89.5
20260708T205110Z,25.1,89.6
20260708T205125Z,25.1,89.8
20260708T205141Z,25.1,89.9
20260708T205155Z,25.2,90.1
20260708T205210Z,25.2,90.2
20260708T205225Z,25.2,90.4
20260708T205241Z,25.2,90.5
20260708T205255Z,25.2,90.6
20260708T205310Z,25.2,90.8
20260708T205325Z,25.2,90.9
20260708T205340Z,25.2,91.1
20260708T205355Z,25.3,91.2
20260708T205410Z,25.3,91.3
20260708T205425Z,25.3,91.3
20260708T205440Z,25.3,91.4
20260708T205455Z,25.3,91.5
20260708T205510Z,25.3,91.7
20260708T205525Z,25.4,91.8
20260708T205540Z,25.4,91.9
20260708T205555Z,25.4,92.0
20260708T205610Z,25.4,92.1
20260708T205625Z,25.4,92.1
20260708T205640Z,25.4,92.3
20260708T205655Z,25.4,92.4
20260708T205710Z,25.4,92.4
20260708T205725Z,25.4,92.5
20260708T205740Z,25.4,92.5
20260708T205755Z,25.5,92.6
20260708T205810Z,25.5,92.5
20260708T205825Z,25.5,92.7
20260708T205840Z,25.5,92.7
20260708T205855Z,25.5,92.8
20260708T205910Z,25.5,92.7
20260708T205925Z,25.6,92.9
20260708T205940Z,25.6,92.9
20260708T205955Z,25.6,93.0
20260708T210010Z,25.6,93.0
20260708T210025Z,25.6,93.1
20260708T210040Z,25.6,93.1
20260708T210055Z,25.6,93.1
20260708T210110Z,25.6,93.2
20260708T210125Z,25.6,93.2
20260708T210140Z,25.7,93.2
20260708T210155Z,25.7,93.2
20260708T210210Z,25.7,93.2
20260708T210225Z,25.7,93.2
20260708T210240Z,25.7,93.2
20260708T210255Z,25.7,92.8
20260708T210310Z,25.7,91.5
20260708T210325Z,25.7,90.7
20260708T210340Z,25.7,89.5
20260708T210355Z,25.6,88.7
20260708T210410Z,25.6,87.5
20260708T210425Z,25.6,87.0
20260708T210441Z,25.5,86.0
20260708T210455Z,25.5,85.1
20260708T210510Z,25.4,84.0
20260708T210525Z,25.4,83.1
20260708T210540Z,25.3,81.8
20260708T210555Z,25.2,80.7
20260708T210610Z,25.1,79.8
20260708T210625Z,25.1,79.2
20260708T210640Z,25.0,78.4
20260708T210655Z,24.9,77.7
20260708T210710Z,24.8,77.3
20260708T210725Z,24.7,78.4
20260708T210740Z,24.7,79.5
20260708T210755Z,24.6,80.9
20260708T210810Z,24.6,82.3
20260708T210825Z,24.6,82.9
20260708T210840Z,24.6,83.5
20260708T210855Z,24.6,83.8
20260708T210910Z,24.6,83.9
20260708T210925Z,24.6,84.1
20260708T210940Z,24.7,84.4
20260708T210955Z,24.7,84.7
20260708T211010Z,24.7,85.1
20260708T211025Z,24.7,85.4
20260708T211040Z,24.8,85.7
20260708T211055Z,24.8,86.0
20260708T211110Z,24.8,86.1
20260708T211125Z,24.8,86.5
20260708T211140Z,24.8,86.7
20260708T211155Z,24.8,87.0
20260708T211210Z,24.9,87.3
20260708T211225Z,24.9,87.5
20260708T211240Z,24.9,87.8
20260708T211255Z,24.9,88.1
20260708T211310Z,24.9,88.2
20260708T211325Z,24.9,88.4
20260708T211340Z,25.0,88.6
20260708T211355Z,25.0,88.9
20260708T211410Z,25.0,89.2
20260708T211425Z,25.0,89.2
20260708T211440Z,25.1,89.4
20260708T211455Z,25.1,89.5
20260708T211510Z,25.1,89.6
20260708T211525Z,25.1,89.9
20260708T211540Z,25.1,90.0
20260708T211555Z,25.1,90.2
20260708T211610Z,25.1,90.4
20260708T211625Z,25.2,90.6
20260708T211640Z,25.2,90.6
20260708T211655Z,25.2,90.8
20260708T211710Z,25.2,90.9
20260708T211725Z,25.2,91.0
20260708T211740Z,25.2,91.2
20260708T211755Z,25.3,91.3
20260708T211810Z,25.2,91.3
20260708T211825Z,25.3,91.5
20260708T211840Z,25.3,91.6
20260708T211855Z,25.3,91.7
20260708T211910Z,25.3,91.8
20260708T211925Z,25.3,91.8
20260708T211940Z,25.4,91.9
20260708T211955Z,25.4,92.0
20260708T212010Z,25.4,92.1
20260708T212025Z,25.4,92.2
20260708T212040Z,25.4,92.2
20260708T212055Z,25.4,92.3
20260708T212110Z,25.4,92.4
20260708T212125Z,25.5,92.5
20260708T212140Z,25.5,92.6
20260708T212155Z,25.5,92.6
20260708T212210Z,25.5,92.7
20260708T212225Z,25.5,92.7
20260708T212240Z,25.5,92.7
20260708T212255Z,25.5,92.8
20260708T212310Z,25.5,92.9
20260708T212325Z,25.6,93.0
20260708T212340Z,25.6,93.0
20260708T212355Z,25.6,93.0
20260708T212410Z,25.6,93.1
20260708T212425Z,25.6,93.0
20260708T212440Z,25.6,93.1
20260708T212455Z,25.6,93.1
20260708T212510Z,25.6,93.2
20260708T212525Z,25.6,93.2
20260708T212540Z,25.6,93.2
20260708T212555Z,25.7,93.2
20260708T212610Z,25.7,93.2
20260708T212625Z,25.7,93.3
20260708T212640Z,25.7,93.3
20260708T212655Z,25.7,93.3
20260708T212710Z,25.7,92.7
20260708T212725Z,25.7,91.8
20260708T212740Z,25.7,90.7
20260708T212755Z,25.7,89.9
20260708T212810Z,25.6,88.9
20260708T212825Z,25.6,88.2
20260708T212840Z,25.5,87.4
20260708T212855Z,25.5,85.9
20260708T212910Z,25.5,84.7
20260708T212925Z,25.4,84.1
20260708T212940Z,25.3,83.5
20260708T212955Z,25.3,82.4
20260708T213010Z,25.3,81.7
20260708T213025Z,25.2,80.9
20260708T213040Z,25.1,79.4
20260708T213055Z,25.0,78.3
20260708T213110Z,24.9,77.4
20260708T213125Z,24.7,77.8
20260708T213140Z,24.6,79.1
20260708T213155Z,24.6,80.4
20260708T213210Z,24.6,82.2
20260708T213225Z,24.6,83.2
20260708T213240Z,24.5,83.5
20260708T213255Z,24.6,83.8
20260708T213310Z,24.5,84.1
20260708T213326Z,24.6,84.4
20260708T213340Z,24.6,84.7
20260708T213356Z,24.6,84.8
20260708T213410Z,24.6,85.3
20260708T213426Z,24.7,85.5
20260708T213440Z,24.7,85.9
20260708T213455Z,24.7,86.1
20260708T213511Z,24.7,86.3
20260708T213525Z,24.8,86.6
20260708T213540Z,24.8,86.8
20260708T213556Z,24.8,87.0
20260708T213610Z,24.9,87.3
20260708T213625Z,24.9,87.5
20260708T213640Z,24.9,87.8
20260708T213655Z,24.9,87.9
20260708T213710Z,24.9,88.0
20260708T213725Z,25.0,88.3
20260708T213740Z,25.0,88.5
20260708T213755Z,25.0,88.7
20260708T213811Z,25.0,88.9
20260708T213825Z,25.0,89.0
20260708T213841Z,25.1,89.2
20260708T213855Z,25.1,89.4
20260708T213911Z,25.1,89.6
20260708T213925Z,25.1,89.8
20260708T213941Z,25.1,89.9
20260708T213955Z,25.1,90.0
20260708T214011Z,25.1,90.1
20260708T214025Z,25.2,90.3
20260708T214041Z,25.2,90.5
20260708T214055Z,25.2,90.5
20260708T214111Z,25.2,90.7
20260708T214125Z,25.2,90.8
20260708T214140Z,25.3,90.9
20260708T214156Z,25.3,91.1
20260708T214210Z,25.3,91.1
20260708T214226Z,25.3,91.3
20260708T214240Z,25.3,91.4
20260708T214256Z,25.3,91.5
20260708T214310Z,25.3,91.6
20260708T214326Z,25.4,91.7
20260708T214341Z,25.3,91.9
20260708T214356Z,25.4,91.9
20260708T214410Z,25.4,92.0
20260708T214425Z,25.4,92.0
20260708T214441Z,25.4,92.1
20260708T214455Z,25.4,92.2
20260708T214510Z,25.4,92.4
20260708T214526Z,25.5,92.5
20260708T214540Z,25.5,92.5
20260708T214556Z,25.5,92.6
20260708T214610Z,25.5,92.6
20260708T214626Z,25.5,92.7
20260708T214640Z,25.5,92.8
20260708T214656Z,25.5,92.8
20260708T214710Z,25.5,92.9
20260708T214726Z,25.5,93.0
20260708T214740Z,25.5,93.0
20260708T214756Z,25.6,93.0
20260708T214811Z,25.6,93.1
20260708T214825Z,25.6,93.1
20260708T214841Z,25.6,93.1
20260708T214855Z,25.6,93.1
20260708T214911Z,25.6,93.2
20260708T214925Z,25.6,93.2
20260708T214941Z,25.7,93.2
20260708T214955Z,25.7,93.3
20260708T215011Z,25.7,93.3
20260708T215025Z,25.7,93.3
20260708T215041Z,25.7,92.6
20260708T215055Z,25.7,92.1
20260708T215111Z,25.7,90.6
20260708T215126Z,25.7,90.0
20260708T215140Z,25.6,89.4
20260708T215156Z,25.6,88.3
20260708T215210Z,25.6,87.5
20260708T215226Z,25.5,86.6
20260708T215240Z,25.5,85.6
20260708T215256Z,25.4,84.6
20260708T215310Z,25.4,83.2
20260708T215326Z,25.3,82.4
20260708T215341Z,25.2,81.3
20260708T215355Z,25.2,80.2
20260708T215411Z,25.1,79.6
20260708T215425Z,25.0,79.4
20260708T215441Z,24.9,79.0
20260708T215455Z,24.9,77.9
20260708T215511Z,24.8,78.5
20260708T215525Z,24.8,79.6
20260708T215541Z,24.8,80.7
20260708T215555Z,24.7,82.3
20260708T215611Z,24.7,83.2
20260708T215625Z,24.7,83.4
20260708T215641Z,24.7,83.8
20260708T215655Z,24.7,84.1
20260708T215711Z,24.7,84.2
20260708T215726Z,24.7,84.5
20260708T215741Z,24.7,84.9
20260708T215755Z,24.7,85.4
20260708T215811Z,24.7,85.5
20260708T215825Z,24.8,86.0
20260708T215840Z,24.8,86.1
20260708T215856Z,24.8,86.4
20260708T215910Z,24.8,86.6
20260708T215926Z,24.9,86.9
20260708T215941Z,24.9,87.1
20260708T215955Z,24.9,87.3
20260708T220011Z,24.9,87.5
20260708T220025Z,24.9,87.7
20260708T220041Z,25.0,87.9
20260708T220055Z,25.0,88.1
20260708T220110Z,25.0,88.4
20260708T220126Z,25.0,88.6
20260708T220140Z,25.0,88.9
20260708T220156Z,25.0,89.1
20260708T220210Z,25.1,89.3
20260708T220226Z,25.1,89.4
20260708T220240Z,25.1,89.7
20260708T220256Z,25.1,89.9
20260708T220310Z,25.1,89.9
20260708T220325Z,25.1,90.2
20260708T220340Z,25.2,90.3
20260708T220356Z,25.2,90.4
20260708T220410Z,25.2,90.5
20260708T220426Z,25.2,90.6
20260708T220440Z,25.2,90.9
20260708T220456Z,25.2,91.1
20260708T220510Z,25.2,91.1
20260708T220526Z,25.2,91.2
20260708T220540Z,25.3,91.4
20260708T220556Z,25.3,91.5
20260708T220610Z,25.3,91.7
20260708T220626Z,25.3,91.7
20260708T220640Z,25.3,91.8
20260708T220656Z,25.3,91.9
20260708T220710Z,25.3,92.1
20260708T220726Z,25.4,92.1
20260708T220740Z,25.4,92.2
20260708T220756Z,25.4,92.3
20260708T220810Z,25.4,92.4
20260708T220826Z,25.4,92.5
20260708T220840Z,25.4,92.5
20260708T220856Z,25.4,92.6
20260708T220910Z,25.4,92.7
20260708T220926Z,25.5,92.8
20260708T220941Z,25.5,92.9
20260708T220956Z,25.5,93.0
20260708T221011Z,25.5,93.0
20260708T221025Z,25.5,93.0
20260708T221041Z,25.5,93.1
20260708T221055Z,25.5,93.1
20260708T221111Z,25.5,93.1
20260708T221125Z,25.6,93.2
20260708T221141Z,25.6,93.3
20260708T221155Z,25.6,93.3
20260708T221211Z,25.6,93.4
20260708T221225Z,25.6,93.4
20260708T221241Z,25.6,93.5
20260708T221255Z,25.6,93.5
20260708T221310Z,25.6,93.5
20260708T221326Z,25.6,93.6
20260708T221341Z,25.6,93.6
20260708T221355Z,25.6,93.6
20260708T221411Z,25.7,93.7
20260708T221425Z,25.6,93.7
20260708T221441Z,25.7,93.7
20260708T221455Z,25.7,93.7
20260708T221511Z,25.7,93.2
20260708T221525Z,25.7,91.8
20260708T221541Z,25.6,90.8
20260708T221555Z,25.6,90.2
20260708T221611Z,25.6,89.2
20260708T221625Z,25.5,88.1
20260708T221640Z,25.5,87.4
20260708T221656Z,25.4,86.3
20260708T221710Z,25.4,85.3
20260708T221726Z,25.3,84.2
20260708T221741Z,25.3,83.0
20260708T221755Z,25.2,82.0
20260708T221811Z,25.1,81.8
20260708T221825Z,25.0,80.6
20260708T221841Z,24.9,79.8
20260708T221855Z,24.8,79.2
20260708T221911Z,24.7,78.1
20260708T221925Z,24.6,77.5
20260708T221940Z,24.5,78.9
20260708T221956Z,24.4,80.4
20260708T222010Z,24.4,81.5
20260708T222026Z,24.4,83.2
20260708T222040Z,24.4,83.7
20260708T222056Z,24.4,84.2
20260708T222110Z,24.5,84.5
20260708T222125Z,24.5,84.5
20260708T222140Z,24.5,85.0
20260708T222156Z,24.5,85.2
20260708T222210Z,24.5,85.5
20260708T222226Z,24.5,85.8
20260708T222240Z,24.6,86.2
20260708T222256Z,24.6,86.2
20260708T222311Z,24.6,86.7
20260708T222326Z,24.6,86.9
20260708T222340Z,24.7,87.2
20260708T222356Z,24.7,87.5
20260708T222411Z,24.7,87.8
20260708T222426Z,24.7,87.8
20260708T222440Z,24.8,88.1
20260708T222456Z,24.8,88.4
20260708T222510Z,24.8,88.5
20260708T222526Z,24.8,88.7
20260708T222541Z,24.9,88.9
20260708T222555Z,24.9,89.1
20260708T222611Z,24.9,89.3
20260708T222625Z,24.9,89.4
20260708T222641Z,25.0,89.5
20260708T222655Z,25.0,89.7
20260708T222711Z,25.0,89.9
20260708T222725Z,25.0,90.1
20260708T222741Z,25.0,90.2
20260708T222755Z,25.1,90.3
20260708T222811Z,25.1,90.5
20260708T222825Z,25.1,90.6
20260708T222841Z,25.1,90.8
20260708T222855Z,25.1,91.0
20260708T222911Z,25.1,91.0
20260708T222926Z,25.2,91.3
20260708T222941Z,25.2,91.3
20260708T222955Z,25.2,91.4
20260708T223011Z,25.2,91.7
20260708T223026Z,25.2,91.7
20260708T223041Z,25.2,91.9
20260708T223056Z,25.2,92.0
20260708T223111Z,25.2,92.1
20260708T223125Z,25.2,92.2
20260708T223141Z,25.3,92.3
20260708T223155Z,25.3,92.4
20260708T223211Z,25.3,92.5
20260708T223225Z,25.3,92.6
20260708T223240Z,25.3,92.7
20260708T223255Z,25.3,92.8
20260708T223311Z,25.3,92.8
20260708T223325Z,25.3,93.0
20260708T223341Z,25.4,93.0
20260708T223355Z,25.4,93.1
20260708T223411Z,25.4,93.2
20260708T223425Z,25.4,93.2
20260708T223441Z,25.4,93.2
20260708T223456Z,25.4,93.3
20260708T223511Z,25.4,93.3
20260708T223526Z,25.5,93.4
20260708T223541Z,25.5,93.4
20260708T223556Z,25.5,93.4
20260708T223611Z,25.5,93.5
20260708T223626Z,25.5,93.5
20260708T223641Z,25.5,93.5
20260708T223656Z,25.5,93.6
20260708T223711Z,25.5,93.6
20260708T223726Z,25.6,93.6
20260708T223741Z,25.6,93.6
20260708T223756Z,25.6,93.7
20260708T223811Z,25.6,93.7
20260708T223826Z,25.6,93.8
20260708T223842Z,25.6,93.7
20260708T223856Z,25.6,93.8
20260708T223911Z,25.6,93.1
20260708T223926Z,25.6,92.3
20260708T223941Z,25.6,91.0
20260708T223956Z,25.6,90.4
20260708T224011Z,25.6,89.5
20260708T224026Z,25.5,88.5
20260708T224041Z,25.5,87.5
20260708T224056Z,25.4,86.3
20260708T224111Z,25.3,85.8
20260708T224126Z,25.3,85.1
20260708T224141Z,25.2,84.4
20260708T224156Z,25.2,83.2
20260708T224211Z,25.1,81.7
20260708T224226Z,25.0,81.2
20260708T224241Z,24.9,80.1
20260708T224256Z,24.8,79.6
20260708T224311Z,24.7,79.2
20260708T224326Z,24.6,78.2
20260708T224341Z,24.5,78.9
20260708T224356Z,24.5,80.2
20260708T224411Z,24.5,81.7
20260708T224426Z,24.5,82.7
20260708T224441Z,24.4,83.7
20260708T224456Z,24.4,84.1
20260708T224511Z,24.5,84.4
20260708T224526Z,24.5,84.7
20260708T224541Z,24.5,84.8
20260708T224556Z,24.5,85.1
20260708T224611Z,24.5,85.5
20260708T224626Z,24.6,85.9
20260708T224641Z,24.6,86.1
20260708T224656Z,24.6,86.5
20260708T224711Z,24.6,86.7
20260708T224726Z,24.6,87.0
20260708T224741Z,24.7,87.3
20260708T224756Z,24.7,87.5
20260708T224811Z,24.7,87.8
20260708T224826Z,24.7,87.9
20260708T224841Z,24.8,88.1
20260708T224856Z,24.8,88.3
20260708T224911Z,24.8,88.6
20260708T224926Z,24.8,88.7
20260708T224941Z,24.9,89.0
20260708T224956Z,24.9,89.2
20260708T225011Z,24.9,89.4
20260708T225026Z,24.9,89.6
20260708T225041Z,24.9,89.6
20260708T225056Z,25.0,89.8
20260708T225111Z,25.0,90.1
20260708T225126Z,25.0,90.2
20260708T225141Z,25.0,90.4
20260708T225156Z,25.0,90.4
20260708T225211Z,25.0,90.7
20260708T225226Z,25.1,90.7
20260708T225241Z,25.1,91.1
20260708T225256Z,25.1,91.0
20260708T225311Z,25.1,91.1
20260708T225326Z,25.1,91.3
20260708T225341Z,25.1,91.4
20260708T225356Z,25.2,91.5
20260708T225411Z,25.2,91.6
20260708T225426Z,25.2,91.7
20260708T225441Z,25.2,91.9
20260708T225456Z,25.2,92.1
20260708T225511Z,25.2,92.1
20260708T225526Z,25.3,92.3
20260708T225541Z,25.3,92.3
20260708T225556Z,25.3,92.4
20260708T225611Z,25.3,92.5
20260708T225626Z,25.3,92.5
20260708T225641Z,25.3,92.6
20260708T225656Z,25.3,92.7
20260708T225711Z,25.4,92.8
20260708T225726Z,25.4,92.9
20260708T225741Z,25.4,92.9
20260708T225756Z,25.4,93.0
20260708T225811Z,25.4,93.1
20260708T225826Z,25.4,93.0
20260708T225841Z,25.4,93.2
20260708T225856Z,25.5,93.2
20260708T225911Z,25.5,93.2
20260708T225926Z,25.5,93.4
20260708T225941Z,25.5,93.3
20260708T225956Z,25.5,93.4
20260708T230011Z,25.5,93.4
20260708T230026Z,25.5,93.4
20260708T230041Z,25.6,93.5
20260708T230056Z,25.6,93.6
20260708T230111Z,25.6,93.6
20260708T230126Z,25.6,93.7
20260708T230141Z,25.6,93.7
20260708T230156Z,25.6,93.7
20260708T230211Z,25.6,93.7
20260708T230226Z,25.6,93.8
20260708T230241Z,25.6,93.8
20260708T230256Z,25.6,93.7
20260708T230311Z,25.6,93.3
20260708T230326Z,25.6,91.8
20260708T230341Z,25.6,91.1
20260708T230356Z,25.6,90.1
20260708T230411Z,25.6,89.0
20260708T230426Z,25.5,88.2
20260708T230442Z,25.5,87.2
20260708T230456Z,25.4,86.1
20260708T230511Z,25.4,85.4
20260708T230526Z,25.3,84.3
20260708T230541Z,25.3,83.2
20260708T230556Z,25.2,82.5
20260708T230611Z,25.1,81.2
20260708T230626Z,25.0,80.5
20260708T230641Z,24.9,79.7
20260708T230656Z,24.9,79.0
20260708T230711Z,24.8,77.5
20260708T230726Z,24.6,77.6
20260708T230741Z,24.6,78.9
20260708T230756Z,24.5,80.0
20260708T230811Z,24.5,81.5
20260708T230826Z,24.5,83.0
20260708T230842Z,24.5,83.8
20260708T230856Z,24.5,83.9
20260708T230911Z,24.5,84.2
20260708T230926Z,24.5,84.3
20260708T230941Z,24.6,84.5
20260708T230956Z,24.6,84.9
20260708T231011Z,24.6,85.3
20260708T231026Z,24.6,85.4
20260708T231041Z,24.6,85.9
20260708T231056Z,24.6,86.1
20260708T231111Z,24.7,86.3
20260708T231126Z,24.7,86.7
20260708T231141Z,24.7,86.9
20260708T231156Z,24.7,87.3
20260708T231211Z,24.8,87.4
20260708T231226Z,24.8,87.6
20260708T231241Z,24.8,88.1
20260708T231256Z,24.8,88.1
20260708T231311Z,24.8,88.5
20260708T231326Z,24.8,88.7
20260708T231341Z,24.9,88.7
20260708T231356Z,24.9,89.1
20260708T231411Z,24.9,89.3
20260708T231426Z,24.9,89.4
20260708T231441Z,24.9,89.6
20260708T231456Z,25.0,89.9
20260708T231511Z,25.0,89.9
20260708T231526Z,25.0,90.1
20260708T231541Z,25.0,90.2
20260708T231556Z,25.0,90.4
20260708T231611Z,25.1,90.6
20260708T231626Z,25.1,90.7
20260708T231641Z,25.1,90.8
20260708T231656Z,25.1,90.9
20260708T231711Z,25.1,91.1
20260708T231726Z,25.1,91.3
20260708T231741Z,25.1,91.3
20260708T231756Z,25.2,91.5
20260708T231811Z,25.2,91.7
20260708T231826Z,25.2,91.8
20260708T231841Z,25.2,91.9
20260708T231856Z,25.2,91.9
20260708T231911Z,25.2,92.0
20260708T231926Z,25.3,92.0
20260708T231941Z,25.3,92.2
20260708T231956Z,25.3,92.2
20260708T232011Z,25.3,92.4
20260708T232026Z,25.3,92.4
20260708T232042Z,25.3,92.5
20260708T232056Z,25.3,92.6
20260708T232111Z,25.4,92.8
20260708T232126Z,25.4,92.8
20260708T232141Z,25.4,92.9
20260708T232156Z,25.4,93.0
20260708T232211Z,25.4,93.0
20260708T232226Z,25.4,93.2
20260708T232241Z,25.4,93.2
20260708T232256Z,25.4,93.2
20260708T232311Z,25.5,93.3
20260708T232326Z,25.5,93.3
20260708T232341Z,25.4,93.4
20260708T232356Z,25.5,93.5
20260708T232411Z,25.5,93.5
20260708T232426Z,25.5,93.6
20260708T232441Z,25.5,93.6
20260708T232456Z,25.5,93.6
20260708T232511Z,25.5,93.7
20260708T232526Z,25.5,93.7
20260708T232541Z,25.5,93.7
20260708T232556Z,25.6,93.8
20260708T232611Z,25.6,93.8
20260708T232626Z,25.6,93.8
20260708T232641Z,25.6,93.8
20260708T232656Z,25.6,93.8
20260708T232711Z,25.6,93.6
20260708T232726Z,25.6,93.2
20260708T232741Z,25.6,91.7
20260708T232756Z,25.6,90.7
20260708T232811Z,25.6,90.3
20260708T232826Z,25.5,89.1
20260708T232841Z,25.5,88.1
20260708T232856Z,25.4,87.4
20260708T232911Z,25.4,86.4
20260708T232926Z,25.3,85.7
20260708T232941Z,25.3,85.0
20260708T232956Z,25.3,83.5
20260708T233011Z,25.2,82.4
20260708T233026Z,25.1,81.3
20260708T233041Z,25.0,80.7
20260708T233056Z,25.0,79.4
20260708T233111Z,24.8,78.1
20260708T233126Z,24.7,77.5
20260708T233141Z,24.6,77.5
20260708T233156Z,24.4,79.0
20260708T233211Z,24.4,80.3
20260708T233226Z,24.4,81.6
20260708T233241Z,24.4,83.5
20260708T233256Z,24.4,84.2
20260708T233311Z,24.4,84.4
20260708T233326Z,24.4,84.6
20260708T233341Z,24.4,84.8
20260708T233356Z,24.5,85.0
20260708T233411Z,24.5,85.3
20260708T233426Z,24.5,85.6
20260708T233441Z,24.6,85.7
20260708T233456Z,24.6,86.0
20260708T233511Z,24.6,86.3
20260708T233526Z,24.6,86.6
20260708T233541Z,24.6,86.6
20260708T233556Z,24.7,87.0
20260708T233611Z,24.7,87.2
20260708T233626Z,24.7,87.5
20260708T233641Z,24.8,87.7
20260708T233656Z,24.8,88.0
20260708T233711Z,24.8,88.1
20260708T233726Z,24.8,88.6
20260708T233741Z,24.8,88.7
20260708T233756Z,24.8,88.8
20260708T233811Z,24.9,89.0
20260708T233826Z,24.9,89.2
20260708T233841Z,24.9,89.4
20260708T233856Z,25.0,89.8
20260708T233911Z,25.0,89.8
20260708T233926Z,25.0,89.9
20260708T233941Z,25.0,90.1
20260708T233956Z,25.1,90.2
20260708T234011Z,25.1,90.4
20260708T234026Z,25.1,90.5
20260708T234041Z,25.1,90.7
20260708T234056Z,25.1,90.8
20260708T234111Z,25.1,91.0
20260708T234126Z,25.1,91.1
20260708T234141Z,25.2,91.2
20260708T234156Z,25.2,91.4
20260708T234211Z,25.2,91.5
20260708T234226Z,25.2,91.6
20260708T234241Z,25.2,91.8
20260708T234256Z,25.2,91.8
20260708T234311Z,25.3,92.0
20260708T234326Z,25.2,92.2
20260708T234341Z,25.3,92.2
20260708T234356Z,25.3,92.4
20260708T234411Z,25.3,92.5
20260708T234426Z,25.3,92.5
20260708T234441Z,25.3,92.6
20260708T234456Z,25.3,92.8
20260708T234511Z,25.3,92.8
20260708T234526Z,25.4,92.8
20260708T234542Z,25.4,93.0
20260708T234556Z,25.4,93.1
20260708T234611Z,25.4,93.1
20260708T234626Z,25.4,93.2
20260708T234642Z,25.4,93.2
20260708T234656Z,25.4,93.2
20260708T234711Z,25.5,93.4
20260708T234726Z,25.4,93.4
20260708T234741Z,25.5,93.5
20260708T234756Z,25.5,93.6
20260708T234811Z,25.5,93.6
20260708T234826Z,25.5,93.6
20260708T234841Z,25.5,93.7
20260708T234856Z,25.5,93.8
20260708T234911Z,25.5,93.8
20260708T234926Z,25.5,93.9
20260708T234941Z,25.6,93.9
20260708T234956Z,25.6,93.9
20260708T235011Z,25.6,93.9
20260708T235026Z,25.6,93.1
20260708T235041Z,25.6,92.2
20260708T235056Z,25.6,91.2
20260708T235111Z,25.5,90.3
20260708T235126Z,25.5,89.2
20260708T235141Z,25.5,88.8
20260708T235156Z,25.4,88.0
20260708T235211Z,25.4,86.9
20260708T235226Z,25.3,86.0
20260708T235241Z,25.3,85.2
20260708T235256Z,25.2,83.8
20260708T235311Z,25.2,82.6
20260708T235326Z,25.1,81.6
20260708T235341Z,25.0,80.4
20260708T235356Z,24.8,79.6
20260708T235411Z,24.7,78.8
20260708T235426Z,24.5,78.4
20260708T235441Z,24.4,78.3
20260708T235456Z,24.3,78.0
20260708T235511Z,24.2,79.9
20260708T235526Z,24.2,81.8
20260708T235541Z,24.2,83.8
20260708T235556Z,24.2,84.2
20260708T235611Z,24.2,84.6
20260708T235626Z,24.3,84.9
20260708T235641Z,24.3,85.1
20260708T235656Z,24.3,85.4
20260708T235711Z,24.4,85.6
20260708T235726Z,24.4,85.8
20260708T235741Z,24.4,85.9
20260708T235756Z,24.5,86.1
20260708T235811Z,24.5,86.5
20260708T235826Z,24.5,86.8
20260708T235841Z,24.6,87.0
20260708T235856Z,24.6,87.1
20260708T235911Z,24.7,87.3
20260708T235926Z,24.7,87.5
20260708T235941Z,24.7,87.9
20260708T235956Z,24.7,88.2