Time,Temperature,Humidity
20260704T000003Z,24.4,84.1
20260704T000019Z,24.4,84.3
20260704T000033Z,24.4,84.4
20260704T000049Z,24.5,84.6
20260704T000103Z,24.5,85.1
20260704T000118Z,24.5,85.4
20260704T000133Z,24.5,85.6
20260704T000148Z,24.6,85.9
20260704T000203Z,24.6,86.0
20260704T000219Z,24.6,86.4
20260704T000233Z,24.7,86.5
20260704T000249Z,24.7,86.7
20260704T000303Z,24.8,87.0
20260704T000319Z,24.8,87.3
20260704T000333Z,24.8,87.3
20260704T000349Z,24.8,87.5
20260704T000403Z,24.9,87.7
20260704T000419Z,24.9,87.9
20260704T000433Z,24.9,88.3
20260704T000449Z,24.9,88.4
20260704T000503Z,24.9,88.6
20260704T000519Z,25.0,88.7
20260704T000533Z,25.0,89.0
20260704T000549Z,25.0,89.1
20260704T000603Z,25.0,89.4
20260704T000618Z,25.0,89.5
20260704T000634Z,25.1,89.6
20260704T000648Z,25.1,89.7
20260704T000704Z,25.1,89.9
20260704T000718Z,25.1,90.0
20260704T000734Z,25.1,90.2
20260704T000748Z,25.2,90.3
20260704T000804Z,25.2,90.3
20260704T000818Z,25.2,90.4
20260704T000834Z,25.2,90.6
20260704T000848Z,25.3,90.7
20260704T000904Z,25.3,90.8
20260704T000918Z,25.3,90.9
20260704T000934Z,25.3,91.0
20260704T000948Z,25.3,91.1
20260704T001004Z,25.4,91.2
20260704T001018Z,25.3,91.3
20260704T001034Z,25.4,91.4
20260704T001049Z,25.4,91.6
20260704T001103Z,25.4,91.7
20260704T001118Z,25.4,91.8
20260704T001134Z,25.4,91.8
20260704T001148Z,25.4,92.0
20260704T001204Z,25.4,92.1
20260704T001218Z,25.4,92.2
20260704T001234Z,25.4,92.2
20260704T001248Z,25.5,92.3
20260704T001304Z,25.5,92.4
20260704T001318Z,25.5,92.4
20260704T001333Z,25.5,92.5
20260704T001349Z,25.5,92.5
20260704T001403Z,25.5,92.6
20260704T001418Z,25.5,92.7
20260704T001434Z,25.5,92.7
20260704T001449Z,25.5,92.7
20260704T001503Z,25.6,92.8
20260704T001519Z,25.6,92.8
20260704T001534Z,25.6,92.9
20260704T001549Z,25.6,92.9
20260704T001604Z,25.6,92.9
20260704T001619Z,25.6,92.9
20260704T001633Z,25.6,92.9
20260704T001649Z,25.7,92.4
20260704T001703Z,25.6,91.2
20260704T001719Z,25.6,90.3
20260704T001733Z,25.6,89.1
20260704T001748Z,25.6,88.4
20260704T001804Z,25.5,87.1
20260704T001819Z,25.5,86.7
20260704T001833Z,25.4,85.6
20260704T001849Z,25.4,84.6
20260704T001903Z,25.3,83.5
20260704T001919Z,25.2,82.5
20260704T001933Z,25.1,81.7
20260704T001949Z,25.1,80.6
20260704T002004Z,25.0,79.6
20260704T002019Z,24.9,79.1
20260704T002034Z,24.8,78.1
20260704T002049Z,24.6,77.1
20260704T002104Z,24.5,77.4
20260704T002120Z,24.4,78.8
20260704T002134Z,24.4,80.5
20260704T002149Z,24.4,82.3
20260704T002204Z,24.4,83.0
20260704T002220Z,24.4,83.7
20260704T002234Z,24.4,84.0
20260704T002249Z,24.4,84.2
20260704T002304Z,24.4,84.4
20260704T002319Z,24.4,84.6
20260704T002334Z,24.5,85.0
20260704T002349Z,24.5,85.5
20260704T002404Z,24.5,85.5
20260704T002419Z,24.5,85.8
20260704T002434Z,24.6,85.9
20260704T002449Z,24.6,86.2
20260704T002504Z,24.7,86.4
20260704T002519Z,24.7,86.7
20260704T002534Z,24.7,86.9
20260704T002549Z,24.8,87.0
20260704T002604Z,24.8,87.2
20260704T002619Z,24.8,87.5
20260704T002634Z,24.9,87.6
20260704T002649Z,24.9,87.8
20260704T002704Z,24.9,88.1
20260704T002719Z,24.9,88.1
20260704T002734Z,25.0,88.4
20260704T002749Z,25.0,88.6
20260704T002804Z,25.0,88.7
20260704T002819Z,25.1,89.1
20260704T002834Z,25.1,89.0
20260704T002849Z,25.1,89.2
20260704T002904Z,25.1,89.3
20260704T002919Z,25.1,89.6
20260704T002934Z,25.1,89.6
20260704T002949Z,25.1,89.8
20260704T003004Z,25.2,90.0
20260704T003019Z,25.2,90.1
20260704T003034Z,25.2,90.2
20260704T003049Z,25.2,90.4
20260704T003104Z,25.3,90.5
20260704T003119Z,25.2,90.6
20260704T003134Z,25.3,90.8
20260704T003149Z,25.3,90.9
20260704T003204Z,25.3,90.9
20260704T003219Z,25.3,91.0
20260704T003234Z,25.3,91.2
20260704T003249Z,25.4,91.3
20260704T003304Z,25.4,91.4
20260704T003319Z,25.4,91.5
20260704T003334Z,25.4,91.7
20260704T003349Z,25.4,91.7
20260704T003404Z,25.4,91.8
20260704T003419Z,25.4,91.9
20260704T003434Z,25.4,92.0
20260704T003449Z,25.5,92.0
20260704T003504Z,25.5,92.2
20260704T003519Z,25.5,92.2
20260704T003534Z,25.5,92.3
20260704T003549Z,25.5,92.3
20260704T003604Z,25.5,92.4
20260704T003619Z,25.5,92.5
20260704T003634Z,25.5,92.6
20260704T003649Z,25.5,92.7
20260704T003704Z,25.5,92.7
20260704T003719Z,25.6,92.7
20260704T003734Z,25.6,92.7
20260704T003749Z,25.6,92.8
20260704T003804Z,25.6,92.8
20260704T003819Z,25.6,92.9
20260704T003834Z,25.6,92.8
20260704T003849Z,25.6,92.7
20260704T003904Z,25.7,92.4
20260704T003919Z,25.6,90.7
20260704T003934Z,25.6,89.9
20260704T003949Z,25.6,89.0
20260704T004004Z,25.6,87.9
20260704T004019Z,25.5,87.4
20260704T004034Z,25.5,86.3
20260704T004049Z,25.4,85.3
20260704T004104Z,25.3,84.5
20260704T004119Z,25.3,83.2
20260704T004134Z,25.2,82.2
20260704T004149Z,25.1,81.0
20260704T004204Z,25.0,80.3
20260704T004219Z,24.9,79.4
20260704T004234Z,24.7,78.5
20260704T004249Z,24.6,78.0
20260704T004304Z,24.5,78.3
20260704T004319Z,24.4,77.5
20260704T004334Z,24.4,78.3
20260704T004349Z,24.3,80.0
20260704T004404Z,24.3,81.4
20260704T004419Z,24.3,82.8
20260704T004434Z,24.4,83.3
20260704T004449Z,24.4,83.7
20260704T004504Z,24.4,83.8
20260704T004519Z,24.4,84.3
20260704T004534Z,24.4,84.4
20260704T004549Z,24.5,84.7
20260704T004604Z,24.5,85.1
20260704T004619Z,24.5,85.4
20260704T004634Z,24.6,85.4
20260704T004649Z,24.6,85.6
20260704T004704Z,24.6,86.1
20260704T004719Z,24.7,86.1
20260704T004734Z,24.7,86.2
20260704T004749Z,24.8,86.5
20260704T004804Z,24.8,86.7
20260704T004819Z,24.8,87.0
20260704T004834Z,24.8,87.2
20260704T004849Z,24.9,87.4
20260704T004904Z,24.9,87.6
20260704T004919Z,24.9,87.8
20260704T004934Z,24.9,88.2
20260704T004949Z,25.0,88.3
20260704T005004Z,25.0,88.5
20260704T005019Z,25.0,88.7
20260704T005034Z,25.0,88.8
20260704T005049Z,25.1,89.1
20260704T005104Z,25.1,89.1
20260704T005119Z,25.1,89.3
20260704T005134Z,25.1,89.3
20260704T005149Z,25.1,89.6
20260704T005204Z,25.2,89.8
20260704T005219Z,25.2,90.0
20260704T005234Z,25.2,90.1
20260704T005249Z,25.2,90.3
20260704T005304Z,25.2,90.4
20260704T005319Z,25.2,90.6
20260704T005334Z,25.2,90.6
20260704T005349Z,25.3,90.8
20260704T005404Z,25.3,90.9
20260704T005419Z,25.3,91.0
20260704T005434Z,25.3,91.1
20260704T005449Z,25.3,91.4
20260704T005504Z,25.3,91.4
20260704T005519Z,25.4,91.5
20260704T005534Z,25.4,91.6
20260704T005549Z,25.4,91.7
20260704T005604Z,25.4,91.8
20260704T005619Z,25.4,92.0
20260704T005634Z,25.4,91.9
20260704T005649Z,25.4,92.1
20260704T005704Z,25.5,92.2
20260704T005719Z,25.4,92.3
20260704T005734Z,25.5,92.4
20260704T005749Z,25.5,92.5
20260704T005804Z,25.5,92.5
20260704T005819Z,25.5,92.5
20260704T005834Z,25.5,92.7
20260704T005849Z,25.5,92.8
20260704T005904Z,25.5,92.8
20260704T005919Z,25.5,92.8
20260704T005934Z,25.6,92.9
20260704T005949Z,25.6,92.9
20260704T010004Z,25.6,92.9
20260704T010019Z,25.6,93.0
20260704T010034Z,25.6,93.0
20260704T010049Z,25.6,92.2
20260704T010104Z,25.6,91.7
20260704T010119Z,25.6,90.8
20260704T010134Z,25.6,89.9
20260704T010149Z,25.5,89.0
20260704T010204Z,25.5,87.6
20260704T010219Z,25.5,86.9
20260704T010234Z,25.4,85.8
20260704T010249Z,25.3,85.0
20260704T010304Z,25.3,84.3
20260704T010319Z,25.2,83.0
20260704T010334Z,25.1,82.1
20260704T010349Z,25.0,80.9
20260704T010404Z,24.9,80.6
20260704T010419Z,24.8,80.1
20260704T010434Z,24.7,78.9
20260704T010449Z,24.6,78.2
20260704T010504Z,24.5,77.7
20260704T010519Z,24.4,77.9
20260704T010534Z,24.3,79.3
20260704T010549Z,24.3,80.7
20260704T010604Z,24.3,82.6
20260704T010619Z,24.3,83.5
20260704T010634Z,24.3,84.0
20260704T010649Z,24.3,84.0
20260704T010704Z,24.4,84.2
20260704T010719Z,24.4,84.5
20260704T010734Z,24.4,84.9
20260704T010749Z,24.4,84.9
20260704T010804Z,24.5,85.3
20260704T010819Z,24.5,85.6
20260704T010834Z,24.5,85.9
20260704T010849Z,24.6,86.1
20260704T010904Z,24.6,86.3
20260704T010919Z,24.6,86.4
20260704T010934Z,24.7,86.6
20260704T010949Z,24.7,86.8
20260704T011004Z,24.8,87.0
20260704T011019Z,24.8,87.2
20260704T011034Z,24.8,87.4
20260704T011049Z,24.8,87.6
20260704T011104Z,24.9,87.8
20260704T011119Z,24.9,88.0
20260704T011134Z,24.9,88.3
20260704T011149Z,25.0,88.4
20260704T011204Z,25.0,88.5
20260704T011219Z,25.0,88.7
20260704T011234Z,25.0,88.9
20260704T011249Z,25.1,89.1
20260704T011304Z,25.1,89.2
20260704T011319Z,25.1,89.3
20260704T011334Z,25.1,89.6
20260704T011349Z,25.1,89.8
20260704T011404Z,25.1,90.0
20260704T011419Z,25.2,90.1
20260704T011434Z,25.2,90.2
20260704T011449Z,25.2,90.4
20260704T011504Z,25.2,90.6
20260704T011519Z,25.2,90.7
20260704T011534Z,25.2,90.9
20260704T011549Z,25.2,91.0
20260704T011604Z,25.3,91.0
20260704T011619Z,25.3,91.2
20260704T011634Z,25.3,91.3
20260704T011649Z,25.3,91.4
20260704T011704Z,25.3,91.5
20260704T011719Z,25.3,91.6
20260704T011734Z,25.4,91.7
20260704T011749Z,25.4,91.8
20260704T011804Z,25.4,92.0
20260704T011819Z,25.4,92.0
20260704T011834Z,25.4,92.0
20260704T011849Z,25.4,92.2
20260704T011904Z,25.4,92.2
20260704T011919Z,25.4,92.3
20260704T011934Z,25.5,92.4
20260704T011949Z,25.5,92.6
20260704T012004Z,25.5,92.6
20260704T012019Z,25.5,92.7
20260704T012034Z,25.5,92.7
20260704T012049Z,25.5,92.7
20260704T012104Z,25.5,92.8
20260704T012119Z,25.5,92.9
20260704T012134Z,25.6,92.9
20260704T012149Z,25.6,93.0
20260704T012204Z,25.6,93.0
20260704T012219Z,25.6,93.1
20260704T012234Z,25.6,93.1
20260704T012249Z,25.6,92.6
20260704T012304Z,25.6,91.0
20260704T012319Z,25.6,90.4
20260704T012334Z,25.5,89.5
20260704T012349Z,25.5,88.5
20260704T012404Z,25.5,87.8
20260704T012419Z,25.4,86.7
20260704T012434Z,25.4,85.5
20260704T012449Z,25.3,84.7
20260704T012504Z,25.2,83.2
20260704T012519Z,25.1,82.3
20260704T012534Z,25.0,81.9
20260704T012549Z,25.0,81.0
20260704T012604Z,24.9,80.7
20260704T012620Z,24.7,79.4
20260704T012635Z,24.6,79.1
20260704T012649Z,24.5,78.5
20260704T012704Z,24.4,77.7
20260704T012719Z,24.4,77.8
20260704T012734Z,24.3,79.2
20260704T012749Z,24.3,81.5
20260704T012804Z,24.3,83.0
20260704T012819Z,24.3,83.5
20260704T012834Z,24.3,84.1
20260704T012849Z,24.3,84.3
20260704T012904Z,24.3,84.5
20260704T012920Z,24.4,84.9
20260704T012934Z,24.4,85.1
20260704T012949Z,24.4,85.4
20260704T013004Z,24.4,85.4
20260704T013019Z,24.5,85.6
20260704T013034Z,24.5,86.1
20260704T013049Z,24.6,86.3
20260704T013104Z,24.6,86.4
20260704T013119Z,24.6,86.8
20260704T013134Z,24.7,86.8
20260704T013149Z,24.7,87.0
20260704T013204Z,24.7,87.3
20260704T013219Z,24.8,87.5
20260704T013234Z,24.8,87.7
20260704T013249Z,24.8,87.8
20260704T013304Z,24.9,88.0
20260704T013319Z,24.9,88.2
20260704T013334Z,24.9,88.4
20260704T013349Z,25.0,88.5
20260704T013404Z,25.0,88.6
20260704T013419Z,25.0,88.8
20260704T013434Z,25.0,89.0
20260704T013449Z,25.1,89.2
20260704T013504Z,25.1,89.4
20260704T013519Z,25.1,89.4
20260704T013534Z,25.1,89.8
20260704T013549Z,25.2,90.0
20260704T013604Z,25.2,90.1
20260704T013619Z,25.2,90.3
20260704T013634Z,25.2,90.4
20260704T013649Z,25.2,90.5
20260704T013704Z,25.2,90.6
20260704T013719Z,25.2,90.7
20260704T013734Z,25.3,90.9
20260704T013749Z,25.3,91.0
20260704T013804Z,25.3,91.2
20260704T013819Z,25.3,91.2
20260704T013834Z,25.3,91.4
20260704T013849Z,25.3,91.4
20260704T013904Z,25.4,91.5
20260704T013919Z,25.4,91.7
20260704T013934Z,25.4,91.8
20260704T013949Z,25.4,91.8
20260704T014004Z,25.4,92.0
20260704T014019Z,25.4,92.0
20260704T014034Z,25.4,92.1
20260704T014049Z,25.4,92.2
20260704T014104Z,25.5,92.3
20260704T014119Z,25.5,92.4
20260704T014134Z,25.5,92.5
20260704T014149Z,25.5,92.6
20260704T014204Z,25.5,92.7
20260704T014219Z,25.5,92.7
20260704T014234Z,25.5,92.7
20260704T014249Z,25.5,92.8
20260704T014304Z,25.6,92.8
20260704T014319Z,25.6,93.0
20260704T014334Z,25.6,93.0
20260704T014349Z,25.6,93.0
20260704T014404Z,25.6,92.5
20260704T014419Z,25.6,91.2
20260704T014434Z,25.6,89.9
20260704T014449Z,25.5,89.3
20260704T014504Z,25.5,88.7
20260704T014519Z,25.4,87.6
20260704T014534Z,25.4,87.0
20260704T014549Z,25.3,85.7
20260704T014604Z,25.3,84.8
20260704T014619Z,25.2,83.2
20260704T014634Z,25.1,82.3
20260704T014649Z,25.0,81.3
20260704T014704Z,24.9,80.8
20260704T014719Z,24.8,80.1
20260704T014734Z,24.6,79.4
20260704T014749Z,24.5,79.4
20260704T014804Z,24.4,78.8
20260704T014819Z,24.4,78.5
20260704T014834Z,24.3,77.7
20260704T014849Z,24.3,78.5
20260704T014904Z,24.2,80.3
20260704T014919Z,24.2,82.1
20260704T014934Z,24.3,83.0
20260704T014949Z,24.3,83.7
20260704T015004Z,24.3,84.2
20260704T015019Z,24.3,84.3
20260704T015034Z,24.3,84.3
20260704T015049Z,24.4,84.6
20260704T015104Z,24.4,84.7
20260704T015119Z,24.4,84.9
20260704T015134Z,24.5,85.2
20260704T015149Z,24.5,85.7
20260704T015204Z,24.6,85.8
20260704T015219Z,24.6,86.1
20260704T015234Z,24.6,86.2
20260704T015249Z,24.7,86.6
20260704T015304Z,24.7,86.7
20260704T015319Z,24.7,86.8
20260704T015334Z,24.8,86.9
20260704T015349Z,24.8,87.0
20260704T015404Z,24.8,87.3
20260704T015419Z,24.9,87.7
20260704T015434Z,24.9,87.8
20260704T015449Z,24.9,88.1
20260704T015504Z,24.9,88.4
20260704T015519Z,25.0,88.5
20260704T015534Z,25.0,88.7
20260704T015549Z,25.0,89.0
20260704T015604Z,25.0,89.0
20260704T015619Z,25.1,89.2
20260704T015634Z,25.1,89.3
20260704T015649Z,25.1,89.5
20260704T015704Z,25.1,89.6
20260704T015719Z,25.1,89.9
20260704T015734Z,25.2,90.1
20260704T015749Z,25.2,90.3
20260704T015804Z,25.2,90.4
20260704T015819Z,25.2,90.6
20260704T015834Z,25.2,90.6
20260704T015849Z,25.2,90.8
20260704T015904Z,25.2,90.9
20260704T015919Z,25.3,91.1
20260704T015934Z,25.3,91.2
20260704T015949Z,25.3,91.2
20260704T020004Z,25.3,91.4
20260704T020019Z,25.3,91.6
20260704T020034Z,25.3,91.8
20260704T020049Z,25.3,91.8
20260704T020104Z,25.4,91.9
20260704T020119Z,25.4,92.0
20260704T020134Z,25.4,92.1
20260704T020149Z,25.4,92.1
20260704T020204Z,25.4,92.3
20260704T020219Z,25.4,92.4
20260704T020234Z,25.4,92.4
20260704T020249Z,25.5,92.5
20260704T020304Z,25.5,92.5
20260704T020319Z,25.5,92.5
20260704T020334Z,25.5,92.7
20260704T020349Z,25.5,92.8
20260704T020404Z,25.5,92.9
20260704T020419Z,25.5,92.8
20260704T020434Z,25.5,92.9
20260704T020449Z,25.6,92.9
20260704T020504Z,25.6,93.0
20260704T020519Z,25.6,93.1
20260704T020534Z,25.6,92.6
20260704T020549Z,25.6,92.3
20260704T020604Z,25.6,90.9
20260704T020619Z,25.6,90.1
20260704T020634Z,25.5,89.5
20260704T020649Z,25.5,88.4
20260704T020704Z,25.4,87.7
20260704T020719Z,25.4,86.7
20260704T020734Z,25.3,85.5
20260704T020749Z,25.2,84.5
20260704T020804Z,25.2,83.3
20260704T020819Z,25.1,82.5
20260704T020834Z,25.0,81.2
20260704T020849Z,24.9,80.8
20260704T020904Z,24.8,80.0
20260704T020919Z,24.7,79.5
20260704T020934Z,24.6,79.2
20260704T020949Z,24.5,78.9
20260704T021004Z,24.5,78.4
20260704T021019Z,24.4,78.4
20260704T021034Z,24.4,79.5
20260704T021049Z,24.4,81.7
20260704T021104Z,24.4,82.8
20260704T021119Z,24.4,83.7
20260704T021134Z,24.4,84.1
20260704T021149Z,24.4,84.3
20260704T021204Z,24.4,84.4
20260704T021219Z,24.4,84.6
20260704T021234Z,24.5,84.9
20260704T021249Z,24.5,85.1
20260704T021304Z,24.5,85.3
20260704T021319Z,24.6,85.5
20260704T021334Z,24.6,85.9
20260704T021349Z,24.6,86.3
20260704T021404Z,24.6,86.4
20260704T021419Z,24.7,86.5
20260704T021434Z,24.7,86.8
20260704T021449Z,24.7,87.1
20260704T021504Z,24.8,87.1
20260704T021519Z,24.8,87.3
20260704T021534Z,24.8,87.6
20260704T021549Z,24.9,87.8
20260704T021604Z,24.9,88.0
20260704T021619Z,24.9,88.1
20260704T021634Z,24.9,88.3
20260704T021649Z,25.0,88.5
20260704T021704Z,25.0,88.7
20260704T021719Z,25.0,89.0
20260704T021734Z,25.0,89.2
20260704T021749Z,25.1,89.3
20260704T021804Z,25.1,89.4
20260704T021819Z,25.1,89.5
20260704T021834Z,25.1,89.7
20260704T021849Z,25.1,89.9
20260704T021904Z,25.1,90.0
20260704T021919Z,25.2,90.2
20260704T021934Z,25.2,90.4
20260704T021949Z,25.2,90.5
20260704T022004Z,25.2,90.7
20260704T022019Z,25.2,90.8
20260704T022034Z,25.2,90.8
20260704T022049Z,25.3,90.9
20260704T022104Z,25.3,91.1
20260704T022119Z,25.3,91.3
20260704T022134Z,25.3,91.3
20260704T022149Z,25.3,91.4
20260704T022204Z,25.3,91.4
20260704T022219Z,25.4,91.6
20260704T022234Z,25.4,91.7
20260704T022249Z,25.4,91.9
20260704T022304Z,25.4,92.0
20260704T022319Z,25.4,92.0
20260704T022334Z,25.4,92.2
20260704T022349Z,25.4,92.2
20260704T022404Z,25.5,92.3
20260704T022419Z,25.5,92.4
20260704T022434Z,25.5,92.6
20260704T022449Z,25.5,92.6
20260704T022504Z,25.5,92.6
20260704T022519Z,25.5,92.7
20260704T022534Z,25.5,92.8
20260704T022549Z,25.5,93.0
20260704T022604Z,25.5,93.0
20260704T022619Z,25.5,93.1
20260704T022634Z,25.6,93.1
20260704T022649Z,25.6,92.4
20260704T022704Z,25.6,92.3
20260704T022719Z,25.6,90.6
20260704T022734Z,25.5,89.9
20260704T022749Z,25.5,89.2
20260704T022804Z,25.5,88.0
20260704T022819Z,25.4,87.1
20260704T022834Z,25.4,86.1
20260704T022849Z,25.3,85.1
20260704T022904Z,25.3,84.3
20260704T022919Z,25.2,83.2
20260704T022934Z,25.1,81.7
20260704T022949Z,25.0,80.8
20260704T023004Z,24.9,80.7
20260704T023019Z,24.9,80.1
20260704T023034Z,24.8,79.5
20260704T023049Z,24.7,78.8
20260704T023104Z,24.6,77.9
20260704T023119Z,24.5,77.4
20260704T023134Z,24.5,77.4
20260704T023149Z,24.4,79.5
20260704T023204Z,24.4,81.2
20260704T023219Z,24.4,82.5
20260704T023234Z,24.4,83.3
20260704T023249Z,24.4,83.7
20260704T023304Z,24.4,84.0
20260704T023319Z,24.4,84.3
20260704T023334Z,24.5,84.6
20260704T023349Z,24.5,84.7
20260704T023404Z,24.5,85.0
20260704T023420Z,24.5,85.3
20260704T023435Z,24.6,85.6
20260704T023449Z,24.6,85.6
20260704T023504Z,24.6,85.8
20260704T023520Z,24.7,86.1
20260704T023535Z,24.7,86.5
20260704T023549Z,24.7,86.7
20260704T023604Z,24.8,86.9
20260704T023619Z,24.8,87.1
20260704T023634Z,24.8,87.4
20260704T023649Z,24.8,87.6
20260704T023704Z,24.9,87.7
20260704T023720Z,24.9,88.0
20260704T023735Z,24.9,88.3
20260704T023749Z,24.9,88.5
20260704T023804Z,25.0,88.6
20260704T023819Z,25.0,88.8
20260704T023834Z,25.0,88.8
20260704T023849Z,25.0,89.0
20260704T023904Z,25.1,89.2
20260704T023919Z,25.1,89.5
20260704T023934Z,25.1,89.6
20260704T023949Z,25.1,89.7
20260704T024004Z,25.1,89.8
20260704T024019Z,25.2,90.0
20260704T024034Z,25.2,90.2
20260704T024049Z,25.2,90.4
20260704T024104Z,25.2,90.4
20260704T024119Z,25.2,90.6
20260704T024134Z,25.3,90.7
20260704T024149Z,25.3,90.8
20260704T024204Z,25.3,91.0
20260704T024219Z,25.3,91.2
20260704T024234Z,25.3,91.2
20260704T024249Z,25.3,91.3
20260704T024304Z,25.3,91.5
20260704T024319Z,25.3,91.6
20260704T024334Z,25.4,91.7
20260704T024349Z,25.4,91.9
20260704T024404Z,25.4,91.9
20260704T024419Z,25.4,92.0
20260704T024434Z,25.4,92.1
20260704T024449Z,25.4,92.3
20260704T024504Z,25.4,92.3
20260704T024519Z,25.4,92.4
20260704T024534Z,25.5,92.5
20260704T024549Z,25.5,92.6
20260704T024604Z,25.5,92.7
20260704T024619Z,25.5,92.7
20260704T024634Z,25.5,92.8
20260704T024649Z,25.5,92.8
20260704T024704Z,25.6,93.0
20260704T024720Z,25.6,93.0
20260704T024735Z,25.6,93.1
20260704T024749Z,25.6,93.2
20260704T024804Z,25.6,92.8
20260704T024819Z,25.6,92.7
20260704T024834Z,25.6,90.9
20260704T024849Z,25.6,90.2
20260704T024904Z,25.5,89.4
20260704T024919Z,25.5,88.5
20260704T024934Z,25.5,87.5
20260704T024949Z,25.4,86.7
20260704T025004Z,25.3,85.8
20260704T025019Z,25.3,84.1
20260704T025034Z,25.2,83.3
20260704T025049Z,25.1,83.0
20260704T025104Z,25.1,82.1
20260704T025119Z,25.0,80.9
20260704T025134Z,24.9,80.3
20260704T025149Z,24.8,79.6
20260704T025204Z,24.7,79.3
20260704T025219Z,24.6,78.0
20260704T025234Z,24.6,78.2
20260704T025249Z,24.5,77.6
20260704T025304Z,24.4,77.9
20260704T025319Z,24.4,80.0
20260704T025334Z,24.3,82.0
20260704T025349Z,24.3,83.1
20260704T025404Z,24.3,83.7
20260704T025419Z,24.4,84.3
20260704T025434Z,24.4,84.4
20260704T025449Z,24.4,84.6
20260704T025504Z,24.4,84.8
20260704T025519Z,24.4,85.2
20260704T025534Z,24.5,85.5
20260704T025549Z,24.5,85.6
20260704T025604Z,24.5,86.0
20260704T025619Z,24.6,86.1
20260704T025634Z,24.6,86.5
20260704T025649Z,24.6,86.7
20260704T025704Z,24.7,86.9
20260704T025719Z,24.7,87.0
20260704T025734Z,24.7,87.4
20260704T025749Z,24.8,87.6
20260704T025804Z,24.8,87.5
20260704T025819Z,24.8,88.0
20260704T025834Z,24.9,88.1
20260704T025849Z,24.9,88.2
20260704T025904Z,24.9,88.4
20260704T025919Z,25.0,88.5
20260704T025934Z,25.0,88.8
20260704T025949Z,25.0,88.7
20260704T030004Z,25.1,89.0
20260704T030019Z,25.1,89.2
20260704T030034Z,25.1,89.3
20260704T030049Z,25.1,89.5
20260704T030104Z,25.1,89.6
20260704T030119Z,25.2,89.7
20260704T030134Z,25.2,89.9
20260704T030149Z,25.2,90.1
20260704T030204Z,25.2,90.2
20260704T030219Z,25.2,90.4
20260704T030234Z,25.3,90.6
20260704T030249Z,25.3,90.7
20260704T030304Z,25.3,90.8
20260704T030319Z,25.3,90.9
20260704T030334Z,25.3,91.0
20260704T030349Z,25.3,91.2
20260704T030404Z,25.4,91.3
20260704T030419Z,25.4,91.4
20260704T030434Z,25.4,91.5
20260704T030449Z,25.4,91.8
20260704T030504Z,25.4,91.7
20260704T030519Z,25.4,91.8
20260704T030534Z,25.4,91.9
20260704T030550Z,25.4,92.1
20260704T030604Z,25.5,92.1
20260704T030619Z,25.5,92.3
20260704T030634Z,25.5,92.4
20260704T030649Z,25.5,92.4
20260704T030704Z,25.5,92.5
20260704T030720Z,25.5,92.6
20260704T030735Z,25.5,92.7
20260704T030749Z,25.5,92.8
20260704T030804Z,25.6,92.8
20260704T030819Z,25.6,92.9
20260704T030834Z,25.6,92.9
20260704T030849Z,25.6,93.1
20260704T030904Z,25.6,92.3
20260704T030919Z,25.6,91.6
20260704T030934Z,25.6,90.5
20260704T030949Z,25.6,89.6
20260704T031004Z,25.5,89.0
20260704T031019Z,25.5,87.7
20260704T031034Z,25.4,86.9
20260704T031049Z,25.4,86.3
20260704T031104Z,25.3,85.3
20260704T031119Z,25.3,84.2
20260704T031134Z,25.3,83.8
20260704T031150Z,25.2,82.9
20260704T031204Z,25.2,82.4
20260704T031219Z,25.2,81.2
20260704T031234Z,25.1,80.1
20260704T031249Z,25.0,79.5
20260704T031304Z,25.0,78.9
20260704T031319Z,24.9,78.0
20260704T031334Z,24.8,77.3
20260704T031349Z,24.7,76.6
20260704T031404Z,24.6,75.7
20260704T031419Z,24.5,76.7
20260704T031434Z,24.4,77.9
20260704T031449Z,24.4,80.1
20260704T031504Z,24.4,82.0
20260704T031519Z,24.4,82.5
20260704T031534Z,24.4,82.7
20260704T031550Z,24.4,82.9
20260704T031604Z,24.4,83.2
20260704T031619Z,24.4,83.7
20260704T031634Z,24.5,83.9
20260704T031649Z,24.5,84.2
20260704T031704Z,24.5,84.6
20260704T031719Z,24.6,84.9
20260704T031735Z,24.6,85.0
20260704T031749Z,24.6,85.2
20260704T031805Z,24.7,85.6
20260704T031819Z,24.7,85.8
20260704T031835Z,24.7,85.9
20260704T031849Z,24.7,86.2
20260704T031905Z,24.8,86.4
20260704T031920Z,24.8,86.6
20260704T031935Z,24.8,87.1
20260704T031949Z,24.8,87.2
20260704T032005Z,24.9,87.5
20260704T032020Z,24.9,87.8
20260704T032034Z,24.9,88.0
20260704T032050Z,24.9,88.1
20260704T032104Z,25.0,88.3
20260704T032120Z,25.0,88.5
20260704T032134Z,25.0,88.7
20260704T032150Z,25.0,88.8
20260704T032204Z,25.1,89.1
20260704T032220Z,25.1,89.4
20260704T032234Z,25.1,89.4
20260704T032249Z,25.1,89.6
20260704T032305Z,25.1,89.8
20260704T032320Z,25.1,90.0
20260704T032334Z,25.2,90.1
20260704T032350Z,25.2,90.3
20260704T032404Z,25.2,90.6
20260704T032420Z,25.2,90.6
20260704T032434Z,25.2,90.7
20260704T032450Z,25.2,91.0
20260704T032504Z,25.2,91.1
20260704T032520Z,25.3,91.1
20260704T032534Z,25.3,91.2
20260704T032550Z,25.3,91.5
20260704T032604Z,25.3,91.5
20260704T032620Z,25.3,91.5
20260704T032634Z,25.3,91.7
20260704T032650Z,25.3,91.7
20260704T032704Z,25.4,92.0
20260704T032719Z,25.4,92.1
20260704T032735Z,25.4,92.1
20260704T032749Z,25.4,92.2
20260704T032805Z,25.4,92.4
20260704T032819Z,25.4,92.5
20260704T032834Z,25.4,92.5
20260704T032850Z,25.4,92.6
20260704T032904Z,25.5,92.7
20260704T032921Z,25.5,92.7
20260704T032935Z,25.5,92.8
20260704T032950Z,25.5,92.0
20260704T033004Z,25.5,91.0
20260704T033020Z,25.5,90.0
20260704T033034Z,25.5,89.6
20260704T033050Z,25.4,88.7
20260704T033104Z,25.4,87.8
20260704T033120Z,25.3,86.3
20260704T033134Z,25.3,85.8
20260704T033150Z,25.2,85.0
20260704T033204Z,25.2,83.9
20260704T033220Z,25.1,82.7
20260704T033235Z,25.1,82.0
20260704T033250Z,25.0,81.6
20260704T033304Z,24.9,80.3
20260704T033319Z,24.9,79.5
20260704T033335Z,24.8,78.9
20260704T033349Z,24.7,78.4
20260704T033405Z,24.6,77.5
20260704T033420Z,24.5,76.8
20260704T033434Z,24.5,76.2
20260704T033450Z,24.4,77.1
20260704T033505Z,24.4,78.8
20260704T033520Z,24.4,81.0
20260704T033534Z,24.4,82.2
20260704T033550Z,24.4,82.4
20260704T033604Z,24.4,83.0
20260704T033620Z,24.4,83.2
20260704T033634Z,24.4,83.5
20260704T033650Z,24.4,83.7
20260704T033704Z,24.5,84.0
20260704T033720Z,24.5,84.4
20260704T033734Z,24.5,84.6
20260704T033750Z,24.5,85.1
20260704T033804Z,24.6,85.2
20260704T033820Z,24.6,85.6
20260704T033834Z,24.6,85.7
20260704T033850Z,24.6,86.1
20260704T033904Z,24.7,86.3
20260704T033920Z,24.7,86.4
20260704T033934Z,24.7,87.0
20260704T033950Z,24.7,87.2
20260704T034005Z,24.8,87.4
20260704T034020Z,24.8,87.6
20260704T034034Z,24.8,87.9
20260704T034050Z,24.8,88.1
20260704T034104Z,24.9,88.2
20260704T034120Z,24.9,88.5
20260704T034135Z,24.9,88.9
20260704T034150Z,24.9,88.9
20260704T034204Z,25.0,89.1
20260704T034220Z,25.0,89.3
20260704T034235Z,25.0,89.4
20260704T034249Z,25.0,89.7
20260704T034305Z,25.0,89.8
20260704T034319Z,25.1,89.8
20260704T034335Z,25.1,90.1
20260704T034349Z,25.1,90.3
20260704T034405Z,25.1,90.4
20260704T034419Z,25.1,90.5
20260704T034434Z,25.1,90.6
20260704T034450Z,25.2,90.8
20260704T034504Z,25.2,90.9
20260704T034519Z,25.2,90.9
20260704T034535Z,25.2,91.1
20260704T034549Z,25.2,91.3
20260704T034605Z,25.3,91.4
20260704T034620Z,25.3,91.6
20260704T034634Z,25.3,91.6
20260704T034650Z,25.3,91.7
20260704T034704Z,25.3,91.9
20260704T034720Z,25.3,92.0
20260704T034735Z,25.3,92.1
20260704T034749Z,25.4,92.3
20260704T034805Z,25.4,92.3
20260704T034820Z,25.4,92.3
20260704T034834Z,25.4,92.3
20260704T034850Z,25.4,91.9
20260704T034904Z,25.4,90.3
20260704T034921Z,25.4,89.6
20260704T034935Z,25.4,89.1
20260704T034949Z,25.4,87.7
20260704T035005Z,25.3,87.2
20260704T035019Z,25.3,85.8
20260704T035035Z,25.3,85.0
20260704T035049Z,25.2,84.4
20260704T035105Z,25.2,83.0
20260704T035119Z,25.1,82.1
20260704T035134Z,25.0,81.4
20260704T035150Z,25.0,80.6
20260704T035204Z,24.9,79.9
20260704T035219Z,24.8,78.9
20260704T035235Z,24.7,78.2
20260704T035249Z,24.7,77.6
20260704T035305Z,24.6,76.9
20260704T035319Z,24.5,76.4
20260704T035335Z,24.4,75.5
20260704T035349Z,24.4,76.5
20260704T035405Z,24.3,77.9
20260704T035420Z,24.3,80.5
20260704T035435Z,24.3,82.3
20260704T035449Z,24.3,82.7
20260704T035504Z,24.4,83.0
20260704T035520Z,24.4,83.4
20260704T035534Z,24.4,83.6
20260704T035550Z,24.5,84.1
20260704T035604Z,24.5,84.4
20260704T035620Z,24.5,84.6
20260704T035634Z,24.6,85.0
20260704T035650Z,24.6,85.3
20260704T035704Z,24.6,85.5
20260704T035720Z,24.7,85.8
20260704T035734Z,24.7,86.0
20260704T035750Z,24.8,86.3
20260704T035805Z,24.8,86.6
20260704T035820Z,24.8,87.0
20260704T035834Z,24.9,87.2
20260704T035850Z,24.9,87.3
20260704T035904Z,24.9,87.6
20260704T035919Z,25.0,87.9
20260704T035935Z,25.0,88.0
20260704T035949Z,25.0,88.1
20260704T040005Z,25.0,88.4
20260704T040020Z,25.1,88.7
20260704T040034Z,25.1,88.8
20260704T040049Z,25.1,89.0
20260704T040105Z,25.2,89.2
20260704T040120Z,25.2,89.3
20260704T040134Z,25.2,89.4
20260704T040150Z,25.2,89.6
20260704T040205Z,25.2,89.8
20260704T040220Z,25.3,89.9
20260704T040234Z,25.3,89.9
20260704T040250Z,25.3,90.2
20260704T040304Z,25.4,90.5
20260704T040320Z,25.4,90.6
20260704T040334Z,25.4,90.8
20260704T040350Z,25.4,90.8
20260704T040404Z,25.4,90.1
20260704T040419Z,25.4,89.6
20260704T040435Z,25.4,88.1
20260704T040449Z,25.4,87.7
20260704T040505Z,25.4,87.3
20260704T040519Z,25.4,86.1
20260704T040535Z,25.4,85.0
20260704T040549Z,25.3,84.6
20260704T040605Z,25.3,83.5
20260704T040619Z,25.3,82.3
20260704T040635Z,25.2,81.0
20260704T040650Z,25.2,80.6
20260704T040704Z,25.1,79.3
20260704T040719Z,25.0,78.9
20260704T040734Z,24.9,78.2
20260704T040750Z,24.8,77.6
20260704T040804Z,24.7,76.9
20260704T040820Z,24.6,76.4
20260704T040834Z,24.6,75.4
20260704T040850Z,24.5,75.0
20260704T040904Z,24.4,74.4
20260704T040920Z,24.4,74.2
20260704T040934Z,24.3,74.1
20260704T040950Z,24.2,73.4
20260704T041004Z,24.2,72.6
20260704T041019Z,24.1,71.8
20260704T041035Z,24.1,72.4
20260704T041049Z,24.0,73.9
20260704T041105Z,24.0,76.1
20260704T041119Z,24.1,77.7
20260704T041135Z,24.1,78.4
20260704T041149Z,24.1,79.1
20260704T041205Z,24.2,79.3
20260704T041219Z,24.2,79.9
20260704T041235Z,24.2,80.2
20260704T041249Z,24.3,80.5
20260704T041305Z,24.3,81.1
20260704T041320Z,24.3,81.3
20260704T041334Z,24.4,81.8
20260704T041350Z,24.4,82.0
20260704T041405Z,24.5,82.6
20260704T041420Z,24.5,83.1
20260704T041435Z,24.5,83.4
20260704T041450Z,24.6,83.7
20260704T041504Z,24.6,83.9
20260704T041520Z,24.7,84.2
20260704T041534Z,24.7,84.4
20260704T041550Z,24.8,84.7
20260704T041604Z,24.8,85.2
20260704T041620Z,24.8,85.3
20260704T041635Z,24.9,85.3
20260704T041650Z,24.9,85.7
20260704T041705Z,24.9,86.0
20260704T041720Z,25.0,86.1
20260704T041735Z,25.0,86.5
20260704T041750Z,25.0,86.6
20260704T041805Z,25.1,87.0
20260704T041820Z,25.1,87.1
20260704T041834Z,25.1,87.4
20260704T041850Z,25.1,87.7
20260704T041904Z,25.1,88.1
20260704T041920Z,25.2,88.1
20260704T041935Z,25.2,88.3
20260704T041950Z,25.2,88.4
20260704T042005Z,25.3,88.6
20260704T042020Z,25.3,88.8
20260704T042035Z,25.3,89.0
20260704T042050Z,25.3,89.2
20260704T042105Z,25.3,89.2
20260704T042120Z,25.4,88.9
20260704T042135Z,25.4,89.0
20260704T042150Z,25.4,87.0
20260704T042205Z,25.3,86.4
20260704T042220Z,25.3,85.9
20260704T042235Z,25.3,85.2
20260704T042250Z,25.3,84.3
20260704T042305Z,25.3,83.2
20260704T042320Z,25.2,82.5
20260704T042335Z,25.2,81.1
20260704T042350Z,25.1,80.4
20260704T042405Z,25.0,79.6
20260704T042420Z,25.0,78.6
20260704T042435Z,24.9,78.3
20260704T042450Z,24.8,77.9
20260704T042505Z,24.7,77.0
20260704T042520Z,24.7,75.8
20260704T042535Z,24.6,75.8
20260704T042550Z,24.5,75.6
20260704T042605Z,24.5,75.5
20260704T042621Z,24.4,74.7
20260704T042635Z,24.4,74.1
20260704T042650Z,24.3,73.6
20260704T042705Z,24.3,72.9
20260704T042720Z,24.2,72.0
20260704T042735Z,24.1,72.0
20260704T042750Z,24.1,72.2
20260704T042805Z,24.0,72.1
20260704T042820Z,24.0,72.3
20260704T042835Z,24.0,73.5
20260704T042850Z,24.0,75.1
20260704T042905Z,24.1,77.0
20260704T042920Z,24.1,77.5
20260704T042935Z,24.1,78.3
20260704T042950Z,24.1,78.7
20260704T043005Z,24.2,79.1
20260704T043020Z,24.2,79.3
20260704T043035Z,24.2,79.9
20260704T043050Z,24.3,80.0
20260704T043105Z,24.3,80.5
20260704T043120Z,24.3,80.9
20260704T043135Z,24.4,82.0
20260704T043150Z,24.4,82.4
20260704T043205Z,24.5,82.6
20260704T043220Z,24.5,83.0
20260704T043235Z,24.6,83.3
20260704T043250Z,24.6,83.6
20260704T043305Z,24.6,83.7
20260704T043320Z,24.7,84.2
20260704T043335Z,24.7,84.6
20260704T043350Z,24.7,84.8
20260704T043405Z,24.8,85.2
20260704T043420Z,24.8,85.5
20260704T043435Z,24.8,85.7
20260704T043450Z,24.9,85.7
20260704T043505Z,24.9,86.1
20260704T043520Z,24.9,86.4
20260704T043535Z,25.0,86.6
20260704T043550Z,25.0,86.8
20260704T043605Z,25.0,87.2
20260704T043619Z,25.1,87.3
20260704T043635Z,25.1,87.7
20260704T043650Z,25.1,87.9
20260704T043705Z,25.1,88.2
20260704T043720Z,25.1,88.2
20260704T043735Z,25.2,88.3
20260704T043750Z,25.2,88.5
20260704T043805Z,25.2,88.8
20260704T043820Z,25.2,89.0
20260704T043835Z,25.3,89.1
20260704T043850Z,25.3,89.4
20260704T043905Z,25.3,89.6
20260704T043920Z,25.3,88.8
20260704T043935Z,25.3,88.8
20260704T043950Z,25.3,86.8
20260704T044005Z,25.3,86.7
20260704T044020Z,25.3,86.3
20260704T044035Z,25.3,85.4
20260704T044050Z,25.3,84.8
20260704T044105Z,25.2,83.7
20260704T044120Z,25.2,82.7
20260704T044135Z,25.2,81.7
20260704T044150Z,25.1,80.5
20260704T044205Z,25.0,79.4
20260704T044220Z,24.9,79.2
20260704T044235Z,24.8,78.3
20260704T044250Z,24.7,76.9
20260704T044305Z,24.7,76.9
20260704T044320Z,24.6,76.7
20260704T044335Z,24.5,76.2
20260704T044350Z,24.4,75.4
20260704T044405Z,24.4,75.1
20260704T044420Z,24.3,74.2
20260704T044435Z,24.3,73.9
20260704T044450Z,24.2,73.5
20260704T044505Z,24.2,72.9
20260704T044520Z,24.1,72.4
20260704T044535Z,24.1,73.3
20260704T044550Z,24.1,75.1
20260704T044605Z,24.1,77.6
20260704T044620Z,24.1,78.7
20260704T044635Z,24.1,79.0
20260704T044650Z,24.2,79.5
20260704T044705Z,24.2,80.1
20260704T044720Z,24.2,80.2
20260704T044736Z,24.3,80.8
20260704T044750Z,24.3,81.0
20260704T044805Z,24.3,81.4
20260704T044820Z,24.4,82.1
20260704T044836Z,24.4,82.3
20260704T044850Z,24.4,82.4
20260704T044905Z,24.5,83.0
20260704T044920Z,24.5,83.5
20260704T044935Z,24.6,83.6
20260704T044950Z,24.6,84.2
20260704T045005Z,24.6,84.6
20260704T045020Z,24.7,84.4
20260704T045035Z,24.7,85.2
20260704T045050Z,24.8,85.4
20260704T045105Z,24.8,85.6
20260704T045120Z,24.8,85.9
20260704T045135Z,24.9,86.3
20260704T045150Z,24.9,86.3
20260704T045205Z,24.9,86.7
20260704T045220Z,24.9,87.1
20260704T045235Z,25.0,87.3
20260704T045250Z,25.0,87.3
20260704T045305Z,25.0,87.7
20260704T045320Z,25.1,87.9
20260704T045335Z,25.1,88.0
20260704T045350Z,25.1,88.2
20260704T045405Z,25.1,88.4
20260704T045420Z,25.2,88.7
20260704T045435Z,25.2,89.0
20260704T045450Z,25.2,89.3
20260704T045505Z,25.2,89.2
20260704T045520Z,25.3,89.6
20260704T045535Z,25.3,89.6
20260704T045550Z,25.3,89.6
20260704T045605Z,25.3,89.3
20260704T045620Z,25.3,87.8
20260704T045635Z,25.3,86.9
20260704T045650Z,25.3,86.2
20260704T045705Z,25.3,85.8
20260704T045720Z,25.2,84.9
20260704T045735Z,25.2,84.1
20260704T045750Z,25.2,83.3
20260704T045805Z,25.1,82.5
20260704T045820Z,25.1,81.3
20260704T045835Z,25.0,80.6
20260704T045850Z,25.0,79.9
20260704T045905Z,24.9,78.6
20260704T045920Z,24.8,77.7
20260704T045935Z,24.7,77.2
20260704T045950Z,24.7,76.4
20260704T050005Z,24.6,75.8
20260704T050020Z,24.5,75.5
20260704T050035Z,24.4,74.8
20260704T050050Z,24.4,74.3
20260704T050105Z,24.3,74.1
20260704T050120Z,24.2,73.8
20260704T050135Z,24.2,73.1
20260704T050150Z,24.2,72.6
20260704T050205Z,24.1,71.7
20260704T050220Z,24.0,71.3
20260704T050235Z,24.0,72.5
20260704T050250Z,24.0,75.0
20260704T050305Z,24.0,76.5
20260704T050320Z,24.0,77.8
20260704T050335Z,24.1,78.6
20260704T050350Z,24.1,79.1
20260704T050405Z,24.1,79.5
20260704T050420Z,24.2,80.0
20260704T050435Z,24.2,80.4
20260704T050450Z,24.2,80.6
20260704T050505Z,24.3,81.1
20260704T050520Z,24.3,81.8
20260704T050535Z,24.3,81.7
20260704T050550Z,24.4,82.5
20260704T050605Z,24.4,82.7
20260704T050620Z,24.5,83.2
20260704T050635Z,24.5,83.7
20260704T050650Z,24.5,83.9
20260704T050705Z,24.6,84.3
20260704T050720Z,24.6,84.6
20260704T050735Z,24.6,85.0
20260704T050750Z,24.7,85.2
20260704T050805Z,24.7,85.5
20260704T050820Z,24.8,85.7
20260704T050835Z,24.8,86.1
20260704T050850Z,24.8,86.4
20260704T050905Z,24.9,86.5
20260704T050920Z,24.9,86.8
20260704T050935Z,24.9,87.0
20260704T050950Z,25.0,87.1
20260704T051005Z,25.0,87.4
20260704T051020Z,25.0,87.6
20260704T051035Z,25.1,88.1
20260704T051050Z,25.1,88.2
20260704T051105Z,25.1,88.4
20260704T051120Z,25.1,88.8
20260704T051135Z,25.2,88.9
20260704T051150Z,25.2,88.9
20260704T051205Z,25.2,89.1
20260704T051220Z,25.2,89.5
20260704T051235Z,25.3,89.6
20260704T051250Z,25.3,89.4
20260704T051305Z,25.3,89.2
20260704T051320Z,25.3,87.4
20260704T051335Z,25.3,86.9
20260704T051350Z,25.3,86.6
20260704T051405Z,25.2,85.5
20260704T051420Z,25.2,84.7
20260704T051435Z,25.2,83.8
20260704T051450Z,25.2,82.9
20260704T051505Z,25.1,82.5
20260704T051520Z,25.1,81.5
20260704T051535Z,25.0,79.9
20260704T051550Z,25.0,79.2
20260704T051605Z,24.9,78.7
20260704T051620Z,24.8,77.8
20260704T051635Z,24.7,77.2
20260704T051650Z,24.6,76.6
20260704T051705Z,24.5,76.0
20260704T051720Z,24.4,75.8
20260704T051735Z,24.3,75.2
20260704T051750Z,24.3,74.9
20260704T051805Z,24.2,74.0
20260704T051820Z,24.2,73.2
20260704T051835Z,24.1,73.1
20260704T051850Z,24.1,72.7
20260704T051905Z,24.1,72.3
20260704T051920Z,24.0,71.2
20260704T051935Z,24.0,70.9
20260704T051950Z,23.9,72.3
20260704T052005Z,23.9,74.5
20260704T052020Z,23.9,76.3
20260704T052035Z,24.0,77.4
20260704T052050Z,24.0,78.5
20260704T052105Z,24.0,78.9
20260704T052120Z,24.1,79.3
20260704T052135Z,24.1,79.6
20260704T052150Z,24.2,80.0
20260704T052205Z,24.2,80.2
20260704T052220Z,24.2,80.6
20260704T052235Z,24.3,80.7
20260704T052250Z,24.3,81.0
20260704T052305Z,24.4,81.3
20260704T052320Z,24.4,82.0
20260704T052335Z,24.5,82.2
20260704T052350Z,24.5,82.5
20260704T052405Z,24.5,82.8
20260704T052420Z,24.6,83.6
20260704T052435Z,24.6,84.0
20260704T052450Z,24.7,84.0
20260704T052505Z,24.7,84.6
20260704T052520Z,24.7,85.0
20260704T052535Z,24.8,85.6
20260704T052550Z,24.8,85.7
20260704T052605Z,24.8,86.0
20260704T052620Z,24.9,86.3
20260704T052635Z,24.9,86.5
20260704T052650Z,24.9,86.6
20260704T052705Z,25.0,86.8
20260704T052720Z,25.0,87.2
20260704T052735Z,25.0,87.6
20260704T052750Z,25.1,87.7
20260704T052805Z,25.1,87.7
20260704T052820Z,25.1,88.0
20260704T052835Z,25.1,88.3
20260704T052850Z,25.2,88.3
20260704T052905Z,25.2,88.4
20260704T052920Z,25.2,88.9
20260704T052935Z,25.2,89.0
20260704T052950Z,25.3,89.1
20260704T053005Z,25.3,88.5
20260704T053020Z,25.3,87.7
20260704T053035Z,25.3,86.0
20260704T053050Z,25.3,86.1
20260704T053105Z,25.2,85.4
20260704T053120Z,25.2,84.2
20260704T053135Z,25.2,83.6
20260704T053150Z,25.1,82.6
20260704T053205Z,25.1,81.8
20260704T053220Z,25.0,81.2
20260704T053235Z,24.9,80.3
20260704T053250Z,24.9,78.7
20260704T053305Z,24.8,78.9
20260704T053320Z,24.7,78.0
20260704T053335Z,24.6,76.8
20260704T053350Z,24.5,76.3
20260704T053405Z,24.5,76.1
20260704T053420Z,24.4,75.5
20260704T053435Z,24.3,75.0
20260704T053450Z,24.3,74.3
20260704T053505Z,24.2,73.7
20260704T053520Z,24.1,73.4
20260704T053535Z,24.0,72.8
20260704T053550Z,24.0,72.6
20260704T053605Z,24.0,71.9
20260704T053620Z,23.9,71.9
20260704T053635Z,23.9,74.0
20260704T053650Z,23.9,75.5
20260704T053705Z,23.9,76.9
20260704T053720Z,24.0,77.9
20260704T053735Z,24.0,78.6
20260704T053750Z,24.1,78.7
20260704T053805Z,24.1,79.4
20260704T053820Z,24.1,79.9
20260704T053835Z,24.2,80.2
20260704T053850Z,24.2,80.6
20260704T053905Z,24.3,81.1
20260704T053920Z,24.3,82.0
20260704T053935Z,24.4,82.6
20260704T053950Z,24.4,83.4
20260704T054005Z,24.5,83.4
20260704T054020Z,24.5,84.1
20260704T054035Z,24.6,84.1
20260704T054050Z,24.6,84.3
20260704T054105Z,24.7,84.4
20260704T054120Z,24.7,85.4
20260704T054135Z,24.8,85.4
20260704T054150Z,24.8,85.6
20260704T054205Z,24.9,85.8
20260704T054220Z,24.9,86.2
20260704T054235Z,24.9,86.5
20260704T054250Z,25.0,86.7
20260704T054305Z,25.0,86.9
20260704T054320Z,25.0,87.1
20260704T054336Z,25.0,87.3
20260704T054351Z,25.1,87.5
20260704T054405Z,25.1,87.8
20260704T054420Z,25.1,87.9
20260704T054435Z,25.1,88.3
20260704T054450Z,25.2,88.6
20260704T054505Z,25.2,88.1
20260704T054520Z,25.2,88.2
20260704T054535Z,25.2,86.2
20260704T054550Z,25.2,85.7
20260704T054605Z,25.2,85.2
20260704T054620Z,25.2,84.6
20260704T054635Z,25.1,83.6
20260704T054650Z,25.1,82.9
20260704T054705Z,25.1,82.3
20260704T054720Z,25.0,81.3
20260704T054735Z,25.0,80.4
20260704T054750Z,24.9,79.4
20260704T054805Z,24.9,78.0
20260704T054820Z,24.8,77.3
20260704T054835Z,24.7,76.5
20260704T054850Z,24.6,76.3
20260704T054905Z,24.5,75.7
20260704T054920Z,24.4,75.0
20260704T054935Z,24.4,74.6
20260704T054950Z,24.3,74.0
20260704T055005Z,24.2,73.3
20260704T055020Z,24.1,73.1
20260704T055035Z,24.1,72.3
20260704T055050Z,24.0,72.3
20260704T055105Z,24.0,71.7
20260704T055120Z,23.9,71.5
20260704T055135Z,23.9,72.8
20260704T055150Z,23.9,74.3
20260704T055205Z,23.9,76.5
20260704T055220Z,24.0,77.7
20260704T055235Z,24.0,78.1
20260704T055250Z,24.0,78.4
20260704T055305Z,24.1,78.9
20260704T055320Z,24.1,79.3
20260704T055335Z,24.2,79.9
20260704T055350Z,24.2,80.4
20260704T055405Z,24.2,80.9
20260704T055420Z,24.3,81.2
20260704T055435Z,24.3,81.7
20260704T055450Z,24.4,81.9
20260704T055505Z,24.4,82.4
20260704T055520Z,24.4,82.8
20260704T055535Z,24.5,83.2
20260704T055550Z,24.5,83.4
20260704T055605Z,24.6,83.7
20260704T055620Z,24.6,84.0
20260704T055635Z,24.6,84.2
20260704T055650Z,24.7,84.5
20260704T055705Z,24.7,84.9
20260704T055720Z,24.8,85.1
20260704T055735Z,24.8,85.3
20260704T055750Z,24.8,85.4
20260704T055805Z,24.9,86.2
20260704T055820Z,24.9,86.4
20260704T055835Z,24.9,86.5
20260704T055850Z,25.0,86.7
20260704T055905Z,25.0,87.0
20260704T055920Z,25.0,87.3
20260704T055935Z,25.1,87.5
20260704T055950Z,25.1,87.7
20260704T060005Z,25.1,87.8
20260704T060020Z,25.1,88.0
20260704T060035Z,25.2,88.2
20260704T060050Z,25.2,88.4
20260704T060105Z,25.2,88.9
20260704T060120Z,25.2,89.0
20260704T060135Z,25.2,89.0
20260704T060150Z,25.3,89.2
20260704T060205Z,25.3,89.3
20260704T060220Z,25.3,88.6
20260704T060235Z,25.3,88.5
20260704T060250Z,25.3,86.3
20260704T060305Z,25.3,86.4
20260704T060320Z,25.3,86.1
20260704T060335Z,25.3,84.6
20260704T060350Z,25.2,84.0
20260704T060405Z,25.2,83.6
20260704T060420Z,25.1,82.1
20260704T060435Z,25.1,81.5
20260704T060450Z,25.0,80.7
20260704T060505Z,25.0,79.5
20260704T060520Z,24.9,79.0
20260704T060536Z,24.8,78.0
20260704T060550Z,24.7,77.4
20260704T060605Z,24.7,76.5
20260704T060620Z,24.6,76.0
20260704T060635Z,24.5,75.7
20260704T060650Z,24.4,75.2
20260704T060705Z,24.4,74.5
20260704T060720Z,24.3,74.1
20260704T060735Z,24.3,72.8
20260704T060750Z,24.2,72.4
20260704T060805Z,24.2,72.0
20260704T060820Z,24.1,72.1
20260704T060835Z,24.1,73.1
20260704T060850Z,24.1,75.2
20260704T060905Z,24.1,77.1
20260704T060920Z,24.2,78.0
20260704T060935Z,24.2,78.5
20260704T060950Z,24.2,79.0
20260704T061005Z,24.2,79.3
20260704T061020Z,24.2,79.6
20260704T061035Z,24.3,80.0
20260704T061050Z,24.3,80.6
20260704T061105Z,24.3,81.2
20260704T061120Z,24.4,81.5
20260704T061135Z,24.4,81.9
20260704T061150Z,24.4,82.2
20260704T061205Z,24.5,82.4
20260704T061220Z,24.5,82.5
20260704T061235Z,24.5,83.3
20260704T061250Z,24.6,83.6
20260704T061305Z,24.6,83.9
20260704T061320Z,24.7,84.3
20260704T061335Z,24.7,84.2
20260704T061350Z,24.7,84.5
20260704T061405Z,24.8,84.6
20260704T061420Z,24.8,84.8
20260704T061435Z,24.8,85.3
20260704T061450Z,24.8,85.4
20260704T061505Z,24.9,85.6
20260704T061520Z,24.9,85.8
20260704T061535Z,25.0,86.1
20260704T061550Z,25.0,86.5
20260704T061605Z,25.0,86.5
20260704T061620Z,25.0,87.0
20260704T061635Z,25.1,87.5
20260704T061650Z,25.1,87.7
20260704T061705Z,25.1,87.7
20260704T061720Z,25.1,87.7
20260704T061735Z,25.2,88.0
20260704T061750Z,25.2,88.2
20260704T061805Z,25.3,88.6
20260704T061820Z,25.3,88.7
20260704T061835Z,25.3,88.9
20260704T061850Z,25.3,88.9
20260704T061905Z,25.3,89.0
20260704T061920Z,25.4,88.4
20260704T061935Z,25.4,88.0
20260704T061950Z,25.4,86.5
20260704T062005Z,25.4,86.3
20260704T062020Z,25.4,85.2
20260704T062035Z,25.3,84.6
20260704T062050Z,25.3,83.6
20260704T062105Z,25.3,83.0
20260704T062120Z,25.2,81.5
20260704T062135Z,25.2,80.9
20260704T062150Z,25.1,79.9
20260704T062205Z,25.1,79.3
20260704T062220Z,25.0,78.3
20260704T062235Z,25.0,77.6
20260704T062250Z,24.9,76.7
20260704T062305Z,24.8,76.2
20260704T062320Z,24.8,75.8
20260704T062335Z,24.7,74.8
20260704T062350Z,24.7,74.1
20260704T062405Z,24.6,73.8
20260704T062420Z,24.6,73.2
20260704T062435Z,24.5,73.0
20260704T062450Z,24.5,71.9
20260704T062505Z,24.4,71.4
20260704T062520Z,24.3,70.7
20260704T062535Z,24.3,71.4
20260704T062550Z,24.2,73.1
20260704T062605Z,24.2,75.5
20260704T062620Z,24.2,76.9
20260704T062635Z,24.3,77.8
20260704T062650Z,24.3,78.1
20260704T062705Z,24.3,78.4
20260704T062720Z,24.4,78.9
20260704T062735Z,24.4,79.4
20260704T062750Z,24.4,79.6
20260704T062805Z,24.4,79.9
20260704T062820Z,24.5,80.2
20260704T062835Z,24.5,80.7
20260704T062850Z,24.5,81.4
20260704T062905Z,24.6,81.6
20260704T062920Z,24.6,81.8
20260704T062935Z,24.7,82.2
20260704T062950Z,24.7,82.6
20260704T063005Z,24.7,82.6
20260704T063020Z,24.8,83.1
20260704T063035Z,24.8,83.7
20260704T063050Z,24.8,84.0
20260704T063105Z,24.9,83.8
20260704T063120Z,24.9,84.3
20260704T063135Z,24.9,84.6
20260704T063150Z,25.0,85.0
20260704T063205Z,25.0,85.3
20260704T063220Z,25.0,85.4
20260704T063235Z,25.1,85.9
20260704T063250Z,25.1,86.0
20260704T063305Z,25.1,86.2
20260704T063320Z,25.1,86.4
20260704T063335Z,25.2,86.8
20260704T063350Z,25.2,87.0
20260704T063405Z,25.2,87.3
20260704T063420Z,25.2,87.4
20260704T063435Z,25.3,87.3
20260704T063450Z,25.3,87.1
20260704T063505Z,25.3,85.8
20260704T063520Z,25.3,84.7
20260704T063535Z,25.3,84.1
20260704T063550Z,25.3,83.4
20260704T063605Z,25.2,82.7
20260704T063620Z,25.2,81.9
20260704T063635Z,25.1,81.2
20260704T063650Z,25.1,80.2
20260704T063705Z,25.1,79.7
20260704T063720Z,25.0,78.8
20260704T063736Z,25.0,78.1
20260704T063751Z,24.9,76.8
20260704T063805Z,24.8,76.8
20260704T063820Z,24.8,76.1
20260704T063835Z,24.8,75.3
20260704T063851Z,24.7,74.7
20260704T063905Z,24.7,74.0
20260704T063920Z,24.6,73.7
20260704T063935Z,24.6,72.9
20260704T063950Z,24.5,72.2
20260704T064005Z,24.4,71.8
20260704T064020Z,24.4,72.7
20260704T064035Z,24.3,74.3
20260704T064050Z,24.3,76.0
20260704T064105Z,24.4,77.4
20260704T064120Z,24.4,78.1
20260704T064135Z,24.4,78.3
20260704T064150Z,24.4,79.1
20260704T064205Z,24.4,79.2
20260704T064220Z,24.4,79.9
20260704T064235Z,24.5,80.2
20260704T064250Z,24.5,80.5
20260704T064305Z,24.5,80.7
20260704T064320Z,24.6,81.2
20260704T064335Z,24.6,81.6
20260704T064350Z,24.6,81.9
20260704T064405Z,24.7,82.2
20260704T064420Z,24.7,82.5
20260704T064435Z,24.7,82.8
20260704T064450Z,24.8,83.2
20260704T064505Z,24.8,83.7
20260704T064520Z,24.8,83.9
20260704T064535Z,24.9,84.1
20260704T064550Z,24.9,84.2
20260704T064605Z,25.0,84.5
20260704T064620Z,25.0,84.7
20260704T064635Z,25.0,84.8
20260704T064650Z,25.0,85.3
20260704T064705Z,25.1,85.4
20260704T064720Z,25.1,85.9
20260704T064735Z,25.2,86.0
20260704T064750Z,25.2,86.3
20260704T064805Z,25.2,86.6
20260704T064820Z,25.2,86.9
20260704T064836Z,25.3,87.0
20260704T064851Z,25.3,87.4
20260704T064905Z,25.3,87.4
20260704T064920Z,25.3,86.9
20260704T064936Z,25.3,85.9
20260704T064951Z,25.3,84.8
20260704T065005Z,25.3,84.1
20260704T065020Z,25.3,83.7
20260704T065035Z,25.3,82.9
20260704T065050Z,25.2,81.9
20260704T065105Z,25.2,81.2
20260704T065120Z,25.2,80.3
20260704T065135Z,25.1,79.2
20260704T065150Z,25.1,78.5
20260704T065205Z,25.0,78.1
20260704T065220Z,25.0,77.7
20260704T065235Z,24.9,76.8
20260704T065250Z,24.9,75.2
20260704T065305Z,24.8,74.7
20260704T065320Z,24.7,74.4
20260704T065335Z,24.6,73.4
20260704T065350Z,24.5,73.4
20260704T065405Z,24.5,73.7
20260704T065420Z,24.4,72.9
20260704T065435Z,24.4,72.8
20260704T065450Z,24.3,72.1
20260704T065505Z,24.3,71.1
20260704T065520Z,24.2,70.6
20260704T065535Z,24.2,70.2
20260704T065550Z,24.1,70.7
20260704T065605Z,24.1,72.8
20260704T065620Z,24.1,74.6
20260704T065635Z,24.2,76.0
20260704T065650Z,24.2,76.9
20260704T065705Z,24.2,77.3
20260704T065720Z,24.2,77.7
20260704T065736Z,24.2,77.8
20260704T065750Z,24.3,78.4
20260704T065805Z,24.3,78.7
20260704T065820Z,24.4,79.0
20260704T065835Z,24.4,79.7
20260704T065850Z,24.4,79.9
20260704T065905Z,24.5,80.0
20260704T065920Z,24.5,80.4
20260704T065935Z,24.6,81.0
20260704T065950Z,24.6,80.9
20260704T070005Z,24.7,81.4
20260704T070020Z,24.7,81.8
20260704T070035Z,24.8,82.1
20260704T070050Z,24.8,82.3
20260704T070105Z,24.9,82.7
20260704T070120Z,24.9,83.2
20260704T070135Z,24.9,83.6
20260704T070150Z,25.0,83.7
20260704T070205Z,25.0,84.1
20260704T070220Z,25.1,84.4
20260704T070235Z,25.1,84.7
20260704T070250Z,25.1,85.2
20260704T070305Z,25.2,85.5
20260704T070320Z,25.2,85.8
20260704T070335Z,25.3,85.8
20260704T070350Z,25.3,86.1
20260704T070405Z,25.3,85.3
20260704T070420Z,25.3,85.2
20260704T070435Z,25.3,83.5
20260704T070450Z,25.3,83.1
20260704T070505Z,25.3,82.9
20260704T070520Z,25.3,82.1
20260704T070535Z,25.2,81.0
20260704T070550Z,25.2,80.2
20260704T070605Z,25.2,79.3
20260704T070620Z,25.1,78.2
20260704T070635Z,25.0,77.4
20260704T070650Z,24.9,76.9
20260704T070705Z,24.8,76.0
20260704T070720Z,24.7,75.8
20260704T070735Z,24.7,75.2
20260704T070750Z,24.6,74.2
20260704T070805Z,24.5,73.9
20260704T070820Z,24.4,73.2
20260704T070835Z,24.3,72.9
20260704T070850Z,24.2,72.5
20260704T070906Z,24.2,72.1
20260704T070921Z,24.1,71.4
20260704T070936Z,24.0,70.9
20260704T070950Z,24.0,70.4
20260704T071006Z,23.9,70.3
20260704T071020Z,23.8,69.5
20260704T071035Z,23.8,69.2
20260704T071050Z,23.7,68.7
20260704T071105Z,23.6,68.3
20260704T071120Z,23.5,68.1
20260704T071135Z,23.4,68.9
20260704T071150Z,23.4,71.1
20260704T071205Z,23.5,73.2
20260704T071220Z,23.5,74.8
20260704T071235Z,23.6,75.3
20260704T071250Z,23.7,75.7
20260704T071305Z,23.7,76.1
20260704T071320Z,23.8,76.5
20260704T071335Z,23.9,77.1
20260704T071350Z,23.9,77.3
20260704T071405Z,24.0,77.9
20260704T071420Z,24.1,78.5
20260704T071435Z,24.2,78.8
20260704T071450Z,24.2,79.1
20260704T071506Z,24.2,79.5
20260704T071520Z,24.3,79.9
20260704T071535Z,24.4,80.2
20260704T071551Z,24.4,80.5
20260704T071605Z,24.5,80.9
20260704T071621Z,24.5,81.2
20260704T071635Z,24.6,81.5
20260704T071651Z,24.6,82.0
20260704T071705Z,24.6,82.0
20260704T071721Z,24.7,82.4
20260704T071736Z,24.7,82.9
20260704T071750Z,24.7,83.3
20260704T071806Z,24.8,83.4
20260704T071820Z,24.8,83.8
20260704T071835Z,24.8,84.1
20260704T071851Z,24.9,84.3
20260704T071905Z,24.9,84.6
20260704T071921Z,24.9,84.9
20260704T071935Z,25.0,85.1
20260704T071951Z,25.0,85.1
20260704T072005Z,25.1,85.5
20260704T072021Z,25.1,85.9
20260704T072035Z,25.1,86.0
20260704T072050Z,25.1,86.2
20260704T072106Z,25.2,86.3
20260704T072121Z,25.2,86.3
20260704T072136Z,25.2,86.1
20260704T072150Z,25.2,84.7
20260704T072206Z,25.2,83.8
20260704T072220Z,25.2,83.3
20260704T072236Z,25.2,82.6
20260704T072250Z,25.2,81.9
20260704T072306Z,25.1,81.0
20260704T072320Z,25.1,79.9
20260704T072337Z,25.1,79.0
20260704T072351Z,25.0,78.3
20260704T072406Z,24.9,77.3
20260704T072420Z,24.8,76.6
20260704T072435Z,24.8,76.1
20260704T072451Z,24.7,75.6
20260704T072505Z,24.6,74.8
20260704T072520Z,24.5,74.2
20260704T072536Z,24.4,73.5
20260704T072550Z,24.4,73.1
20260704T072606Z,24.3,72.7
20260704T072620Z,24.2,72.0
20260704T072636Z,24.1,71.7
20260704T072650Z,24.1,71.2
20260704T072706Z,24.0,70.8
20260704T072720Z,23.9,70.5
20260704T072735Z,23.8,69.8
20260704T072751Z,23.7,69.5
20260704T072805Z,23.7,68.7
20260704T072820Z,23.6,68.3
20260704T072836Z,23.5,67.9
20260704T072850Z,23.5,68.7
20260704T072906Z,23.4,70.4
20260704T072920Z,23.5,72.3
20260704T072936Z,23.5,74.1
20260704T072950Z,23.6,75.3
20260704T073006Z,23.6,75.5
20260704T073020Z,23.7,76.3
20260704T073036Z,23.8,76.4
20260704T073051Z,23.8,76.7
20260704T073105Z,23.9,77.4
20260704T073121Z,24.0,78.1
20260704T073135Z,24.0,78.3
20260704T073150Z,24.1,78.7
20260704T073206Z,24.1,78.8
20260704T073220Z,24.2,79.2
20260704T073236Z,24.2,79.5
20260704T073250Z,24.3,80.0
20260704T073306Z,24.4,80.5
20260704T073320Z,24.4,80.9
20260704T073336Z,24.5,81.0
20260704T073350Z,24.5,81.3
20260704T073406Z,24.6,81.8
20260704T073421Z,24.6,81.8
20260704T073436Z,24.6,82.1
20260704T073450Z,24.7,82.6
20260704T073506Z,24.7,83.0
20260704T073520Z,24.8,83.1
20260704T073536Z,24.8,83.3
20260704T073550Z,24.9,83.5
20260704T073606Z,24.9,83.9
20260704T073620Z,24.9,84.4
20260704T073636Z,25.0,84.4
20260704T073650Z,25.0,84.7
20260704T073706Z,25.0,85.0
20260704T073720Z,25.1,85.2
20260704T073736Z,25.1,85.4
20260704T073750Z,25.1,85.9
20260704T073806Z,25.2,86.1
20260704T073820Z,25.2,86.1
20260704T073836Z,25.2,85.6
20260704T073850Z,25.2,85.7
20260704T073906Z,25.2,83.8
20260704T073920Z,25.2,83.1
20260704T073936Z,25.2,82.9
20260704T073950Z,25.2,82.1
20260704T074005Z,25.2,81.3
20260704T074021Z,25.1,80.7
20260704T074035Z,25.1,80.0
20260704T074050Z,25.1,78.6
20260704T074106Z,25.0,77.8
20260704T074120Z,24.9,76.8
20260704T074136Z,24.8,76.6
20260704T074150Z,24.8,78.5
20260704T074206Z,24.7,80.1
20260704T074220Z,24.7,81.5
20260704T074236Z,24.7,82.3
20260704T074250Z,24.8,82.7
20260704T074306Z,24.8,83.0
20260704T074320Z,24.8,83.5
20260704T074335Z,24.9,83.5
20260704T074351Z,24.9,83.9
20260704T074406Z,24.9,84.2
20260704T074420Z,24.9,84.4
20260704T074436Z,25.0,84.6
20260704T074450Z,25.0,85.0
20260704T074506Z,25.0,85.1
20260704T074520Z,25.1,85.6
20260704T074536Z,25.1,85.6
20260704T074550Z,25.2,86.2
20260704T074606Z,25.2,86.1
20260704T074620Z,25.2,86.5
20260704T074636Z,25.3,86.7
20260704T074650Z,25.3,86.8
20260704T074706Z,25.3,87.1
20260704T074720Z,25.4,87.2
20260704T074736Z,25.4,87.5
20260704T074750Z,25.4,87.6
20260704T074806Z,25.4,87.8
20260704T074820Z,25.4,88.1
20260704T074836Z,25.5,88.2
20260704T074850Z,25.5,88.3
20260704T074906Z,25.5,88.5
20260704T074920Z,25.5,88.7
20260704T074935Z,25.6,88.9
20260704T074951Z,25.6,89.0
20260704T075006Z,25.6,89.2
20260704T075021Z,25.6,89.3
20260704T075035Z,25.7,89.6
20260704T075051Z,25.7,89.4
20260704T075105Z,25.7,89.8
20260704T075121Z,25.7,89.8
20260704T075135Z,25.7,89.8
20260704T075151Z,25.8,90.0
20260704T075205Z,25.8,90.2
20260704T075221Z,25.8,90.3
20260704T075235Z,25.9,90.4
20260704T075251Z,25.9,90.6
20260704T075305Z,25.9,90.8
20260704T075320Z,25.9,90.8
20260704T075335Z,25.9,90.9
20260704T075351Z,25.9,91.1
20260704T075405Z,26.0,91.1
20260704T075421Z,26.0,91.1
20260704T075435Z,26.0,91.3
20260704T075451Z,26.0,91.3
20260704T075505Z,26.0,91.4
20260704T075520Z,26.0,91.7
20260704T075536Z,26.1,91.7
20260704T075550Z,26.1,91.7
20260704T075605Z,26.1,91.7
20260704T075621Z,26.1,91.8
20260704T075635Z,26.1,91.8
20260704T075651Z,26.2,91.8
20260704T075706Z,26.2,92.0
20260704T075720Z,26.2,91.9
20260704T075736Z,26.2,92.1
20260704T075750Z,26.3,91.7
20260704T075806Z,26.3,91.5
20260704T075820Z,26.2,89.6
20260704T075836Z,26.2,89.2
20260704T075850Z,26.2,88.7
20260704T075906Z,26.1,87.7
20260704T075920Z,26.1,86.8
20260704T075935Z,26.0,86.2
20260704T075951Z,26.0,85.1
20260704T080005Z,25.9,84.4
20260704T080021Z,25.9,83.5
20260704T080035Z,25.8,82.3
20260704T080051Z,25.7,81.5
20260704T080105Z,25.6,81.0
20260704T080121Z,25.5,80.3
20260704T080135Z,25.4,79.0
20260704T080151Z,25.3,78.9
20260704T080205Z,25.2,78.3
20260704T080221Z,25.1,77.8
20260704T080236Z,25.0,77.2
20260704T080251Z,24.9,78.9
20260704T080306Z,24.9,80.4
20260704T080320Z,24.9,82.1
20260704T080336Z,24.9,82.7
20260704T080350Z,24.9,83.4
20260704T080406Z,25.0,83.8
20260704T080420Z,25.0,84.1
20260704T080437Z,25.0,84.4
20260704T080451Z,25.1,84.8
20260704T080506Z,25.1,85.0
20260704T080521Z,25.2,85.4
20260704T080536Z,25.2,85.7
20260704T080551Z,25.2,85.8
20260704T080606Z,25.3,86.1
20260704T080621Z,25.3,86.4
20260704T080636Z,25.4,86.5
20260704T080651Z,25.4,86.7
20260704T080705Z,25.4,87.1
20260704T080721Z,25.5,87.3
20260704T080736Z,25.5,87.5
20260704T080750Z,25.5,87.6
20260704T080806Z,25.6,87.9
20260704T080820Z,25.6,88.1
20260704T080836Z,25.6,88.3
20260704T080851Z,25.6,88.3
20260704T080905Z,25.7,88.5
20260704T080920Z,25.7,88.7
20260704T080936Z,25.7,88.9
20260704T080951Z,25.7,89.0
20260704T081005Z,25.8,89.2
20260704T081021Z,25.8,89.6
20260704T081035Z,25.8,89.7
20260704T081051Z,25.8,90.0
20260704T081105Z,25.8,90.0
20260704T081121Z,25.8,90.2
20260704T081135Z,25.9,90.4
20260704T081151Z,25.9,90.4
20260704T081206Z,25.9,90.6
20260704T081221Z,25.9,90.7
20260704T081236Z,26.0,90.9
20260704T081251Z,26.0,91.1
20260704T081306Z,26.0,91.2
20260704T081321Z,26.0,91.3
20260704T081336Z,26.0,91.5
20260704T081350Z,26.0,91.5
20260704T081406Z,26.0,91.7
20260704T081420Z,26.0,91.9
20260704T081435Z,26.1,91.9
20260704T081451Z,26.1,92.0
20260704T081505Z,26.1,92.2
20260704T081521Z,26.1,92.3
20260704T081536Z,26.1,92.4
20260704T081551Z,26.1,92.4
20260704T081606Z,26.2,92.5
20260704T081621Z,26.2,92.5
20260704T081636Z,26.2,92.6
20260704T081651Z,26.2,92.7
20260704T081706Z,26.2,92.7
20260704T081721Z,26.2,92.8
20260704T081736Z,26.3,92.7
20260704T081751Z,26.3,93.0
20260704T081806Z,26.3,93.1
20260704T081821Z,26.3,93.1
20260704T081836Z,26.3,93.2
20260704T081851Z,26.3,93.3
20260704T081906Z,26.3,93.2
20260704T081921Z,26.3,93.3
20260704T081936Z,26.4,93.3
20260704T081951Z,26.4,93.4
20260704T082006Z,26.4,93.5
20260704T082021Z,26.4,93.5
20260704T082036Z,26.4,93.5
20260704T082051Z,26.4,93.6
20260704T082106Z,26.4,93.6
20260704T082121Z,26.4,93.5
20260704T082136Z,26.5,93.7
20260704T082151Z,26.5,93.6
20260704T082206Z,26.5,93.7
20260704T082221Z,26.5,93.7
20260704T082236Z,26.5,93.8
20260704T082251Z,26.5,93.8
20260704T082306Z,26.5,93.8
20260704T082321Z,26.5,93.9
20260704T082336Z,26.5,93.9
20260704T082351Z,26.5,93.9
20260704T082406Z,26.6,94.1
20260704T082421Z,26.6,93.9
20260704T082436Z,26.6,94.0
20260704T082451Z,26.6,94.0
20260704T082506Z,26.6,94.1
20260704T082521Z,26.6,94.0
20260704T082536Z,26.6,94.0
20260704T082551Z,26.6,94.1
20260704T082606Z,26.6,94.1
20260704T082621Z,26.6,94.2
20260704T082636Z,26.6,94.2
20260704T082651Z,26.7,94.3
20260704T082706Z,26.7,94.2
20260704T082721Z,26.7,94.2
20260704T082736Z,26.7,94.3
20260704T082751Z,26.7,94.3
20260704T082806Z,26.7,94.2
20260704T082821Z,26.7,94.1
20260704T082836Z,26.7,94.1
20260704T082851Z,26.7,94.2
20260704T082906Z,26.8,94.2
20260704T082921Z,26.8,94.3
20260704T082936Z,26.8,94.2
20260704T082951Z,26.8,94.3
20260704T083006Z,26.8,94.2
20260704T083021Z,26.8,94.2
20260704T083036Z,26.8,94.2
20260704T083051Z,26.8,94.2
20260704T083106Z,26.8,94.2
20260704T083121Z,26.8,94.2
20260704T083136Z,26.8,94.1
20260704T083151Z,26.8,94.1
20260704T083206Z,26.9,94.2
20260704T083221Z,26.9,94.2
20260704T083236Z,26.9,94.2
20260704T083251Z,26.9,94.2
20260704T083306Z,26.9,94.1
20260704T083321Z,26.9,94.1
20260704T083336Z,26.9,94.1
20260704T083351Z,26.9,94.1
20260704T083406Z,26.9,94.1
20260704T083421Z,26.9,94.1
20260704T083436Z,26.9,94.1
20260704T083451Z,26.9,94.0
20260704T083506Z,26.9,94.1
20260704T083521Z,26.9,94.0
20260704T083536Z,27.0,94.1
20260704T083551Z,27.0,94.1
20260704T083606Z,27.0,94.1
20260704T083621Z,27.0,94.0
20260704T083636Z,27.0,94.0
20260704T083651Z,27.0,94.0
20260704T083706Z,27.0,94.0
20260704T083721Z,27.0,94.0
20260704T083736Z,27.0,93.9
20260704T083751Z,27.0,94.1
20260704T083806Z,27.0,94.1
20260704T083821Z,27.1,94.0
20260704T083836Z,27.1,94.1
20260704T083851Z,27.1,93.9
20260704T083906Z,27.1,93.9
20260704T083921Z,27.1,93.9
20260704T083936Z,27.1,93.9
20260704T083951Z,27.1,93.9
20260704T084006Z,27.1,93.9
20260704T084021Z,27.1,93.8
20260704T084036Z,27.1,93.9
20260704T084051Z,27.1,93.8
20260704T084106Z,27.1,93.8
20260704T084121Z,27.1,93.8
20260704T084136Z,27.1,93.8
20260704T084151Z,27.1,93.8
20260704T084206Z,27.1,93.8
20260704T084221Z,27.1,93.8
20260704T084236Z,27.1,93.7
20260704T084251Z,27.1,93.7
20260704T084306Z,27.1,93.8
20260704T084321Z,27.1,93.7
20260704T084336Z,27.1,93.7
20260704T084351Z,27.1,93.7
20260704T084406Z,27.1,93.7
20260704T084421Z,27.1,93.7
20260704T084436Z,27.2,93.7
20260704T084451Z,27.2,93.7
20260704T084506Z,27.2,93.7
20260704T084521Z,27.2,93.6
20260704T084536Z,27.2,93.6
20260704T084551Z,27.2,93.6
20260704T084606Z,27.2,93.6
20260704T084621Z,27.2,93.5
20260704T084636Z,27.2,93.6
20260704T084651Z,27.2,93.6
20260704T084706Z,27.2,93.5
20260704T084721Z,27.2,93.5
20260704T084736Z,27.2,93.5
20260704T084751Z,27.2,93.5
20260704T084806Z,27.2,93.5
20260704T084821Z,27.2,93.5
20260704T084837Z,27.2,93.4
20260704T084851Z,27.2,93.4
20260704T084906Z,27.2,93.4
20260704T084921Z,27.2,93.3
20260704T084936Z,27.2,93.3
20260704T084951Z,27.2,93.3
20260704T085006Z,27.2,93.3
20260704T085021Z,27.2,93.3
20260704T085036Z,27.2,93.3
20260704T085051Z,27.2,93.3
20260704T085106Z,27.2,93.3
20260704T085121Z,27.2,93.3
20260704T085136Z,27.2,93.2
20260704T085151Z,27.3,93.2
20260704T085206Z,27.2,93.2
20260704T085221Z,27.3,93.2
20260704T085236Z,27.3,93.2
20260704T085251Z,27.3,93.2
20260704T085306Z,27.3,93.2
20260704T085321Z,27.3,93.1
20260704T085336Z,27.3,93.1
20260704T085351Z,27.3,93.1
20260704T085406Z,27.3,93.1
20260704T085421Z,27.3,93.1
20260704T085436Z,27.3,93.0
20260704T085451Z,27.3,93.0
20260704T085506Z,27.3,93.1
20260704T085521Z,27.3,93.0
20260704T085536Z,27.3,93.0
20260704T085551Z,27.3,93.0
20260704T085606Z,27.3,93.0
20260704T085621Z,27.3,93.0
20260704T085636Z,27.3,93.0
20260704T085651Z,27.3,93.0
20260704T085706Z,27.3,92.9
20260704T085721Z,27.3,92.9
20260704T085736Z,27.3,92.9
20260704T085751Z,27.3,92.9
20260704T085806Z,27.4,92.9
20260704T085821Z,27.3,92.8
20260704T085836Z,27.3,92.8
20260704T085851Z,27.4,92.8
20260704T085906Z,27.3,92.8
20260704T085921Z,27.4,92.9
20260704T085936Z,27.4,92.9
20260704T085951Z,27.4,92.8
20260704T090006Z,27.4,92.8
20260704T090021Z,27.4,92.8
20260704T090036Z,27.4,92.8
20260704T090051Z,27.4,92.8
20260704T090106Z,27.4,92.8
20260704T090121Z,27.4,92.8
20260704T090136Z,27.4,92.7
20260704T090151Z,27.4,92.7
20260704T090206Z,27.4,92.7
20260704T090221Z,27.4,92.7
20260704T090236Z,27.4,92.7
20260704T090251Z,27.4,92.7
20260704T090306Z,27.4,92.7
20260704T090321Z,27.4,92.6
20260704T090336Z,27.4,92.6
20260704T090351Z,27.4,92.6
20260704T090406Z,27.4,92.4
20260704T090421Z,27.4,92.3
20260704T090436Z,27.4,90.5
20260704T090451Z,27.3,90.2
20260704T090506Z,27.2,89.1
20260704T090521Z,27.2,88.6
20260704T090536Z,27.1,88.0
20260704T090551Z,27.0,87.3
20260704T090606Z,26.9,86.6
20260704T090621Z,26.8,85.8
20260704T090636Z,26.8,85.2
20260704T090651Z,26.7,84.1
20260704T090706Z,26.5,83.4
20260704T090721Z,26.4,83.1
20260704T090736Z,26.3,81.8
20260704T090751Z,26.2,81.2
20260704T090806Z,26.1,80.7
20260704T090821Z,26.0,80.4
20260704T090836Z,25.9,81.8
20260704T090851Z,25.8,83.5
20260704T090906Z,25.8,85.5
20260704T090921Z,25.7,86.3
20260704T090936Z,25.7,86.7
20260704T090951Z,25.7,87.2
20260704T091006Z,25.7,87.5
20260704T091021Z,25.7,88.4
20260704T091036Z,25.8,88.4
20260704T091051Z,25.8,89.0
20260704T091106Z,25.8,89.2
20260704T091121Z,25.8,89.5
20260704T091136Z,25.9,89.7
20260704T091151Z,25.9,90.4
20260704T091206Z,26.0,90.4
20260704T091221Z,26.0,91.1
20260704T091236Z,26.0,91.0
20260704T091251Z,26.1,91.4
20260704T091306Z,26.1,91.4
20260704T091321Z,26.2,91.6
20260704T091336Z,26.2,91.1
20260704T091351Z,26.2,91.1
20260704T091406Z,26.2,89.4
20260704T091421Z,26.2,88.8
20260704T091436Z,26.2,88.2
20260704T091451Z,26.2,87.7
20260704T091506Z,26.1,86.9
20260704T091521Z,26.1,85.8
20260704T091536Z,26.1,84.4
20260704T091551Z,26.0,83.8
20260704T091606Z,26.0,82.9
20260704T091621Z,25.9,82.5
20260704T091636Z,25.9,81.3
20260704T091651Z,25.8,80.1
20260704T091706Z,25.7,79.2
20260704T091721Z,25.6,79.2
20260704T091736Z,25.5,78.1
20260704T091751Z,25.4,77.4
20260704T091806Z,25.3,77.2
20260704T091821Z,25.2,76.7
20260704T091836Z,25.1,76.2
20260704T091851Z,25.1,75.7
20260704T091906Z,25.0,76.9
20260704T091921Z,25.0,78.7
20260704T091936Z,25.0,80.4
20260704T091951Z,25.0,81.6
20260704T092006Z,25.0,82.1
20260704T092021Z,25.0,82.5
20260704T092037Z,25.0,83.0
20260704T092052Z,25.1,83.5
20260704T092106Z,25.1,83.9
20260704T092121Z,25.1,84.1
20260704T092136Z,25.2,84.3
20260704T092151Z,25.2,84.6
20260704T092206Z,25.2,84.7
20260704T092221Z,25.3,85.2
20260704T092236Z,25.3,85.5
20260704T092251Z,25.3,85.9
20260704T092306Z,25.4,86.0
20260704T092321Z,25.4,86.5
20260704T092337Z,25.4,87.0
20260704T092352Z,25.5,87.3
20260704T092406Z,25.5,87.2
20260704T092421Z,25.5,87.3
20260704T092436Z,25.6,87.7
20260704T092451Z,25.6,88.1
20260704T092506Z,25.6,88.5
20260704T092521Z,25.6,88.5
20260704T092536Z,25.7,88.6
20260704T092551Z,25.7,88.9
20260704T092606Z,25.7,89.1
20260704T092621Z,25.7,89.3
20260704T092636Z,25.8,89.4
20260704T092651Z,25.8,89.8
20260704T092706Z,25.8,89.8
20260704T092721Z,25.8,90.2
20260704T092736Z,25.8,90.4
20260704T092751Z,25.9,90.5
20260704T092806Z,25.9,90.7
20260704T092821Z,25.9,90.8
20260704T092836Z,25.9,90.9
20260704T092851Z,26.0,91.1
20260704T092906Z,26.0,91.3
20260704T092921Z,26.0,91.5
20260704T092936Z,26.0,91.5
20260704T092951Z,26.0,91.8
20260704T093006Z,26.1,92.0
20260704T093021Z,26.1,92.0
20260704T093036Z,26.1,92.3
20260704T093051Z,26.1,92.3
20260704T093106Z,26.1,92.3
20260704T093121Z,26.1,92.4
20260704T093136Z,26.2,92.6
20260704T093151Z,26.1,92.7
20260704T093206Z,26.2,92.7
20260704T093221Z,26.2,92.9
20260704T093237Z,26.2,93.1
20260704T093251Z,26.2,93.1
20260704T093306Z,26.2,93.3
20260704T093321Z,26.3,93.3
20260704T093336Z,26.3,93.4
20260704T093351Z,26.3,92.5
20260704T093406Z,26.3,92.1
20260704T093421Z,26.3,90.1
20260704T093436Z,26.2,90.1
20260704T093451Z,26.2,89.3
20260704T093506Z,26.2,88.5
20260704T093521Z,26.1,87.6
20260704T093536Z,26.1,87.0
20260704T093551Z,26.0,86.0
20260704T093606Z,26.0,85.3
20260704T093621Z,25.9,84.4
20260704T093636Z,25.9,83.6
20260704T093651Z,25.8,82.7
20260704T093706Z,25.7,81.9
20260704T093721Z,25.7,80.8
20260704T093736Z,25.6,80.3
20260704T093751Z,25.5,79.9
20260704T093806Z,25.4,78.8
20260704T093821Z,25.3,78.5
20260704T093836Z,25.2,77.8
20260704T093851Z,25.1,76.7
20260704T093906Z,25.0,76.8
20260704T093921Z,25.0,76.4
20260704T093936Z,24.9,75.9
20260704T093951Z,24.8,75.3
20260704T094006Z,24.7,75.9
20260704T094021Z,24.7,77.8
20260704T094036Z,24.7,79.4
20260704T094051Z,24.7,80.7
20260704T094106Z,24.8,81.7
20260704T094121Z,24.8,81.7
20260704T094136Z,24.8,82.4
20260704T094151Z,24.9,82.8
20260704T094206Z,25.0,83.0
20260704T094221Z,25.0,83.5
20260704T094236Z,25.0,83.6
20260704T094251Z,25.1,84.2
20260704T094306Z,25.1,84.4
20260704T094321Z,25.2,84.7
20260704T094336Z,25.2,85.2
20260704T094351Z,25.3,85.6
20260704T094406Z,25.3,85.6
20260704T094421Z,25.4,86.2
20260704T094436Z,25.4,86.3
20260704T094451Z,25.5,86.6
20260704T094506Z,25.5,86.7
20260704T094521Z,25.5,87.2
20260704T094536Z,25.5,87.4
20260704T094551Z,25.6,87.5
20260704T094606Z,25.6,87.5
20260704T094621Z,25.6,87.9
20260704T094636Z,25.7,88.3
20260704T094651Z,25.7,88.4
20260704T094706Z,25.7,88.7
20260704T094721Z,25.8,88.8
20260704T094736Z,25.8,89.1
20260704T094751Z,25.8,89.2
20260704T094806Z,25.9,89.4
20260704T094821Z,25.9,89.6
20260704T094836Z,25.9,89.9
20260704T094851Z,25.9,89.9
20260704T094906Z,26.0,90.0
20260704T094921Z,26.0,90.4
20260704T094936Z,26.0,90.4
20260704T094951Z,26.0,90.6
20260704T095006Z,26.0,90.8
20260704T095021Z,26.1,91.0
20260704T095036Z,26.1,91.1
20260704T095051Z,26.1,91.2
20260704T095106Z,26.1,91.4
20260704T095121Z,26.2,91.4
20260704T095136Z,26.2,91.5
20260704T095151Z,26.2,91.8
20260704T095206Z,26.2,91.8
20260704T095221Z,26.2,91.9
20260704T095236Z,26.3,92.1
20260704T095251Z,26.3,92.1
20260704T095306Z,26.3,92.3
20260704T095321Z,26.3,91.4
20260704T095336Z,26.3,90.3
20260704T095351Z,26.3,88.7
20260704T095406Z,26.2,88.8
20260704T095421Z,26.2,87.9
20260704T095436Z,26.2,87.1
20260704T095451Z,26.2,86.2
20260704T095506Z,26.1,85.0
20260704T095521Z,26.0,84.6
20260704T095536Z,26.0,83.8
20260704T095551Z,25.9,82.4
20260704T095606Z,25.8,81.5
20260704T095621Z,25.7,81.1
20260704T095636Z,25.7,80.5
20260704T095651Z,25.6,80.3
20260704T095706Z,25.6,79.0
20260704T095721Z,25.5,78.3
20260704T095736Z,25.4,77.7
20260704T095751Z,25.4,76.2
20260704T095806Z,25.2,75.9
20260704T095821Z,25.1,75.8
20260704T095836Z,25.1,75.7
20260704T095851Z,25.0,74.7
20260704T095906Z,24.9,74.1
20260704T095921Z,24.8,75.4
20260704T095936Z,24.8,77.4
20260704T095951Z,24.8,79.2
20260704T100006Z,24.8,80.2
20260704T100021Z,24.8,81.1
20260704T100036Z,24.8,81.3
20260704T100051Z,24.9,81.7
20260704T100106Z,24.9,82.3
20260704T100121Z,25.0,82.5
20260704T100136Z,25.0,82.8
20260704T100151Z,25.0,83.5
20260704T100206Z,25.1,83.8
20260704T100221Z,25.1,84.0
20260704T100236Z,25.2,84.2
20260704T100251Z,25.2,84.8
20260704T100306Z,25.3,85.0
20260704T100321Z,25.3,85.4
20260704T100336Z,25.3,85.7
20260704T100351Z,25.4,85.9
20260704T100406Z,25.4,86.2
20260704T100421Z,25.4,86.4
20260704T100436Z,25.5,86.7
20260704T100451Z,25.5,87.2
20260704T100506Z,25.5,87.3
20260704T100521Z,25.6,87.5
20260704T100536Z,25.6,87.7
20260704T100551Z,25.6,87.9
20260704T100606Z,25.7,88.2
20260704T100621Z,25.7,88.3
20260704T100636Z,25.7,88.7
20260704T100651Z,25.7,88.9
20260704T100706Z,25.8,89.2
20260704T100721Z,25.8,89.2
20260704T100736Z,25.8,89.3
20260704T100751Z,25.9,89.6
20260704T100806Z,25.9,89.8
20260704T100821Z,25.9,89.8
20260704T100836Z,25.9,89.9
20260704T100851Z,26.0,90.2
20260704T100906Z,26.0,90.2
20260704T100921Z,26.0,90.4
20260704T100936Z,26.0,90.6
20260704T100951Z,26.0,90.8
20260704T101006Z,26.1,91.0
20260704T101021Z,26.1,91.0
20260704T101036Z,26.1,91.0
20260704T101051Z,26.1,91.3
20260704T101106Z,26.2,91.4
20260704T101121Z,26.2,91.5
20260704T101136Z,26.2,91.4
20260704T101151Z,26.2,91.8
20260704T101206Z,26.3,91.8
20260704T101221Z,26.3,91.9
20260704T101236Z,26.3,91.9
20260704T101251Z,26.3,92.1
20260704T101306Z,26.3,92.1
20260704T101321Z,26.3,92.2
20260704T101336Z,26.3,92.3
20260704T101351Z,26.4,92.4
20260704T101406Z,26.4,91.7
20260704T101421Z,26.4,90.3
20260704T101436Z,26.3,89.4
20260704T101451Z,26.3,88.9
20260704T101506Z,26.3,87.8
20260704T101521Z,26.3,87.0
20260704T101536Z,26.2,85.9
20260704T101551Z,26.1,85.3
20260704T101606Z,26.1,84.6
20260704T101621Z,26.0,83.3
20260704T101636Z,26.0,82.6
20260704T101651Z,25.9,82.0
20260704T101706Z,25.8,80.7
20260704T101721Z,25.7,80.5
20260704T101736Z,25.7,79.3
20260704T101751Z,25.6,78.5
20260704T101806Z,25.5,77.8
20260704T101821Z,25.4,77.0
20260704T101837Z,25.3,76.6
20260704T101852Z,25.2,76.8
20260704T101906Z,25.2,76.6
20260704T101921Z,25.1,75.3
20260704T101936Z,25.0,74.9
20260704T101951Z,25.0,75.1
20260704T102006Z,24.9,76.4
20260704T102021Z,24.9,78.3
20260704T102036Z,24.9,79.5
20260704T102051Z,24.9,81.0
20260704T102106Z,24.9,81.3
20260704T102121Z,24.9,81.8
20260704T102136Z,25.0,82.5
20260704T102151Z,25.0,82.8
20260704T102206Z,25.1,83.5
20260704T102221Z,25.1,84.1
20260704T102236Z,25.1,84.3
20260704T102251Z,25.2,84.8
20260704T102306Z,25.2,85.0
20260704T102321Z,25.3,85.2
20260704T102336Z,25.3,85.7
20260704T102351Z,25.3,85.9
20260704T102406Z,25.4,86.4
20260704T102421Z,25.4,86.7
20260704T102436Z,25.4,86.9
20260704T102451Z,25.5,87.1
20260704T102506Z,25.5,87.5
20260704T102521Z,25.5,87.8
20260704T102536Z,25.6,88.0
20260704T102551Z,25.6,88.1
20260704T102606Z,25.6,88.3
20260704T102621Z,25.7,88.7
20260704T102636Z,25.7,88.8
20260704T102651Z,25.7,89.1
20260704T102706Z,25.7,89.3
20260704T102721Z,25.8,89.5
20260704T102736Z,25.8,89.7
20260704T102751Z,25.8,89.8
20260704T102806Z,25.8,90.1
20260704T102821Z,25.9,90.2
20260704T102836Z,25.9,90.3
20260704T102851Z,25.9,90.5
20260704T102906Z,25.9,90.7
20260704T102921Z,26.0,90.8
20260704T102936Z,26.0,91.0
20260704T102951Z,26.0,91.2
20260704T103006Z,26.0,91.4
20260704T103021Z,26.1,91.5
20260704T103036Z,26.1,91.7
20260704T103051Z,26.1,91.7
20260704T103106Z,26.1,91.9
20260704T103121Z,26.1,91.9
20260704T103136Z,26.2,92.1
20260704T103151Z,26.2,92.3
20260704T103206Z,26.2,92.4
20260704T103221Z,26.2,92.4
20260704T103236Z,26.2,92.9
20260704T103251Z,26.2,92.7
20260704T103306Z,26.3,92.8
20260704T103321Z,26.3,92.9
20260704T103336Z,26.3,93.0
20260704T103351Z,26.3,93.2
20260704T103406Z,26.3,93.2
20260704T103421Z,26.3,93.3
20260704T103436Z,26.3,93.4
20260704T103451Z,26.4,93.3
20260704T103506Z,26.4,93.4
20260704T103521Z,26.4,91.6
20260704T103536Z,26.4,90.8
20260704T103551Z,26.3,89.6
20260704T103606Z,26.3,88.8
20260704T103621Z,26.3,88.1
20260704T103636Z,26.2,86.9
20260704T103651Z,26.2,86.3
20260704T103706Z,26.1,85.4
20260704T103721Z,26.0,84.4
20260704T103736Z,26.0,83.3
20260704T103751Z,25.9,82.6
20260704T103806Z,25.8,81.6
20260704T103821Z,25.7,81.1
20260704T103836Z,25.7,79.9
20260704T103851Z,25.6,79.3
20260704T103906Z,25.5,78.6
20260704T103921Z,25.4,77.8
20260704T103937Z,25.3,77.3
20260704T103952Z,25.2,76.8
20260704T104006Z,25.2,76.1
20260704T104021Z,25.1,75.8
20260704T104036Z,25.0,76.4
20260704T104051Z,25.0,77.9
20260704T104106Z,25.0,79.5
20260704T104121Z,25.0,81.0
20260704T104136Z,25.0,81.8
20260704T104151Z,25.0,82.2
20260704T104206Z,25.0,82.6
20260704T104221Z,25.0,83.2
20260704T104236Z,25.1,83.6
20260704T104251Z,25.1,83.9
20260704T104306Z,25.1,84.2
20260704T104321Z,25.1,84.7
20260704T104336Z,25.2,84.8
20260704T104351Z,25.2,85.0
20260704T104406Z,25.3,85.2
20260704T104421Z,25.3,86.2
20260704T104436Z,25.3,86.4
20260704T104451Z,25.4,86.5
20260704T104506Z,25.4,86.8
20260704T104521Z,25.4,86.8
20260704T104536Z,25.5,87.1
20260704T104551Z,25.5,87.5
20260704T104606Z,25.5,87.8
20260704T104621Z,25.5,88.1
20260704T104636Z,25.6,88.2
20260704T104651Z,25.6,88.8
20260704T104706Z,25.6,89.6
20260704T104721Z,25.6,89.4
20260704T104736Z,25.7,89.7
20260704T104751Z,25.7,89.9
20260704T104806Z,25.7,89.9
20260704T104821Z,25.7,90.1
20260704T104836Z,25.8,90.4
20260704T104851Z,25.8,90.4
20260704T104906Z,25.8,90.5
20260704T104921Z,25.8,90.6
20260704T104936Z,25.8,90.9
20260704T104951Z,25.8,91.1
20260704T105006Z,25.8,91.2
20260704T105021Z,25.9,91.4
20260704T105037Z,25.9,91.4
20260704T105052Z,25.9,91.6
20260704T105106Z,25.9,91.7
20260704T105121Z,25.9,91.9
20260704T105136Z,25.9,91.9
20260704T105151Z,25.9,92.2
20260704T105206Z,26.0,92.2
20260704T105221Z,26.0,92.3
20260704T105236Z,26.0,92.5
20260704T105251Z,26.0,92.5
20260704T105306Z,26.0,92.6
20260704T105321Z,26.0,92.7
20260704T105336Z,26.0,92.7
20260704T105351Z,26.0,92.8
20260704T105406Z,26.0,93.0
20260704T105421Z,26.1,93.2
20260704T105436Z,26.1,93.2
20260704T105451Z,26.1,93.3
20260704T105506Z,26.1,93.3
20260704T105521Z,26.1,93.4
20260704T105536Z,26.1,93.5
20260704T105551Z,26.1,93.6
20260704T105606Z,26.1,93.6
20260704T105621Z,26.2,93.7
20260704T105636Z,26.2,93.8
20260704T105651Z,26.2,93.9
20260704T105706Z,26.2,93.9
20260704T105721Z,26.2,94.0
20260704T105736Z,26.2,94.1
20260704T105751Z,26.2,94.2
20260704T105806Z,26.2,94.1
20260704T105821Z,26.2,94.2
20260704T105836Z,26.2,94.3
20260704T105851Z,26.2,94.2
20260704T105906Z,26.3,94.4
20260704T105921Z,26.3,94.4
20260704T105936Z,26.3,94.4
20260704T105951Z,26.3,94.5
20260704T110006Z,26.3,94.4
20260704T110021Z,26.3,94.5
20260704T110036Z,26.3,94.5
20260704T110051Z,26.3,94.6
20260704T110106Z,26.3,94.7
20260704T110121Z,26.4,94.7
20260704T110136Z,26.4,94.7
20260704T110151Z,26.4,94.7
20260704T110207Z,26.4,94.7
20260704T110221Z,26.4,94.8
20260704T110236Z,26.4,94.8
20260704T110251Z,26.4,94.9
20260704T110306Z,26.4,94.9
20260704T110321Z,26.4,94.8
20260704T110336Z,26.4,94.9
20260704T110351Z,26.4,94.9
20260704T110406Z,26.4,95.0
20260704T110421Z,26.4,94.9
20260704T110436Z,26.5,95.0
20260704T110451Z,26.5,95.0
20260704T110506Z,26.5,95.0
20260704T110521Z,26.5,95.0
20260704T110536Z,26.5,95.1
20260704T110551Z,26.5,95.0
20260704T110606Z,26.5,95.1
20260704T110621Z,26.5,95.1
20260704T110636Z,26.5,95.1
20260704T110651Z,26.5,95.2
20260704T110706Z,26.5,95.1
20260704T110722Z,26.5,95.1
20260704T110737Z,26.5,95.1
20260704T110751Z,26.5,95.2
20260704T110807Z,26.6,95.2
20260704T110821Z,26.5,95.2
20260704T110837Z,26.6,95.2
20260704T110851Z,26.6,95.2
20260704T110906Z,26.6,95.2
20260704T110921Z,26.6,95.2
20260704T110936Z,26.6,95.2
20260704T110951Z,26.6,95.2
20260704T111006Z,26.6,95.3
20260704T111021Z,26.6,95.2
20260704T111037Z,26.6,95.2
20260704T111052Z,26.6,95.2
20260704T111106Z,26.6,95.2
20260704T111122Z,26.7,95.2
20260704T111137Z,26.6,95.2
20260704T111151Z,26.7,95.2
20260704T111207Z,26.7,95.2
20260704T111221Z,26.7,95.3
20260704T111237Z,26.7,95.2
20260704T111251Z,26.7,95.2
20260704T111306Z,26.7,95.2
20260704T111322Z,26.7,95.2
20260704T111336Z,26.7,95.2
20260704T111351Z,26.7,95.2
20260704T111406Z,26.7,95.1
20260704T111422Z,26.7,95.2
20260704T111436Z,26.7,95.1
20260704T111452Z,26.7,95.1
20260704T111506Z,26.8,95.2
20260704T111522Z,26.7,95.1
20260704T111536Z,26.8,95.1
20260704T111552Z,26.8,95.1
20260704T111606Z,26.8,95.1
20260704T111622Z,26.8,95.1
20260704T111637Z,26.8,95.0
20260704T111651Z,26.8,95.1
20260704T111707Z,26.8,95.0
20260704T111721Z,26.8,95.1
20260704T111737Z,26.8,95.0
20260704T111751Z,26.8,95.0
20260704T111806Z,26.8,95.0
20260704T111822Z,26.8,94.9
20260704T111836Z,26.8,94.9
20260704T111852Z,26.8,94.9
20260704T111906Z,26.8,94.9
20260704T111922Z,26.8,94.9
20260704T111936Z,26.9,94.9
20260704T111952Z,26.9,94.8
20260704T112006Z,26.9,94.8
20260704T112021Z,26.9,94.8
20260704T112038Z,26.9,94.8
20260704T112052Z,26.9,94.7
20260704T112107Z,26.9,94.7
20260704T112121Z,26.9,94.7
20260704T112137Z,26.9,94.7
20260704T112151Z,26.9,94.6
20260704T112207Z,26.9,94.6
20260704T112221Z,26.9,94.6
20260704T112237Z,26.9,94.6
20260704T112251Z,26.9,94.5
20260704T112307Z,26.9,94.6
20260704T112321Z,26.9,94.5
20260704T112337Z,26.9,94.5
20260704T112351Z,27.0,94.5
20260704T112406Z,26.9,94.5
20260704T112422Z,27.0,94.5
20260704T112436Z,27.0,94.4
20260704T112452Z,27.0,94.4
20260704T112506Z,27.0,94.4
20260704T112522Z,27.0,94.3
20260704T112536Z,27.0,94.3
20260704T112552Z,27.0,94.3
20260704T112606Z,27.0,94.3
20260704T112622Z,27.0,94.3
20260704T112636Z,27.0,94.2
20260704T112652Z,27.0,94.2
20260704T112706Z,27.0,94.2
20260704T112722Z,27.0,94.2
20260704T112736Z,27.0,94.2
20260704T112752Z,27.0,94.2
20260704T112806Z,27.0,94.1
20260704T112822Z,27.0,94.1
20260704T112836Z,27.0,94.1
20260704T112852Z,27.0,94.1
20260704T112906Z,27.1,94.1
20260704T112922Z,27.1,94.0
20260704T112937Z,27.1,94.0
20260704T112951Z,27.1,94.0
20260704T113006Z,27.0,94.0
20260704T113022Z,27.1,93.9
20260704T113037Z,27.1,93.9
20260704T113051Z,27.1,93.9
20260704T113107Z,27.1,93.9
20260704T113121Z,27.1,93.9
20260704T113137Z,27.1,93.8
20260704T113151Z,27.1,93.8
20260704T113207Z,27.1,93.8
20260704T113221Z,27.1,93.8
20260704T113237Z,27.1,93.8
20260704T113251Z,27.1,93.8
20260704T113307Z,27.1,93.7
20260704T113321Z,27.1,93.8
20260704T113337Z,27.1,93.7
20260704T113351Z,27.1,93.7
20260704T113407Z,27.1,93.7
20260704T113421Z,27.1,93.7
20260704T113437Z,27.1,93.7
20260704T113451Z,27.1,93.6
20260704T113507Z,27.1,93.6
20260704T113521Z,27.1,93.6
20260704T113536Z,27.1,93.6
20260704T113552Z,27.1,93.6
20260704T113606Z,27.1,93.6
20260704T113622Z,27.1,93.5
20260704T113637Z,27.1,93.6
20260704T113651Z,27.1,93.5
20260704T113707Z,27.2,93.5
20260704T113721Z,27.2,93.5
20260704T113736Z,27.2,93.5
20260704T113752Z,27.2,93.5
20260704T113806Z,27.2,93.5
20260704T113822Z,27.2,93.5
20260704T113836Z,27.2,93.4
20260704T113852Z,27.2,93.4
20260704T113907Z,27.2,93.4
20260704T113921Z,27.2,93.4
20260704T113937Z,27.2,93.4
20260704T113951Z,27.2,93.4
20260704T114007Z,27.2,93.3
20260704T114022Z,27.2,93.4
20260704T114036Z,27.2,93.3
20260704T114052Z,27.2,93.3
20260704T114106Z,27.2,93.3
20260704T114122Z,27.2,93.3
20260704T114136Z,27.2,93.3
20260704T114152Z,27.2,93.3
20260704T114206Z,27.2,93.3
20260704T114222Z,27.2,93.2
20260704T114236Z,27.2,93.3
20260704T114252Z,27.2,93.3
20260704T114306Z,27.2,93.2
20260704T114322Z,27.2,93.2
20260704T114336Z,27.2,93.2
20260704T114352Z,27.2,93.2
20260704T114406Z,27.2,93.2
20260704T114422Z,27.2,93.2
20260704T114436Z,27.2,93.1
20260704T114452Z,27.2,93.1
20260704T114506Z,27.2,93.1
20260704T114521Z,27.2,93.1
20260704T114537Z,27.2,93.1
20260704T114551Z,27.2,93.1
20260704T114607Z,27.3,93.1
20260704T114621Z,27.3,93.1
20260704T114637Z,27.3,93.1
20260704T114651Z,27.3,93.1
20260704T114706Z,27.3,93.1
20260704T114722Z,27.3,93.1
20260704T114736Z,27.3,93.1
20260704T114752Z,27.3,93.0
20260704T114806Z,27.3,93.1
20260704T114822Z,27.3,93.1
20260704T114836Z,27.3,93.0
20260704T114852Z,27.3,93.0
20260704T114907Z,27.3,93.0
20260704T114921Z,27.3,93.0
20260704T114937Z,27.3,93.0
20260704T114951Z,27.3,93.0
20260704T115007Z,27.3,93.0
20260704T115021Z,27.3,93.0
20260704T115037Z,27.3,93.0
20260704T115051Z,27.3,92.9
20260704T115107Z,27.3,92.9
20260704T115121Z,27.3,92.9
20260704T115136Z,27.3,92.9
20260704T115152Z,27.3,92.9
20260704T115206Z,27.3,92.9
20260704T115222Z,27.3,92.9
20260704T115236Z,27.3,92.9
20260704T115252Z,27.3,92.9
20260704T115306Z,27.3,92.9
20260704T115322Z,27.3,92.8
20260704T115336Z,27.3,92.8
20260704T115352Z,27.3,92.8
20260704T115406Z,27.3,92.8
20260704T115422Z,27.3,92.8
20260704T115437Z,27.3,92.8
20260704T115452Z,27.3,92.8
20260704T115506Z,27.3,92.8
20260704T115522Z,27.3,92.8
20260704T115536Z,27.3,92.8
20260704T115552Z,27.4,92.8
20260704T115606Z,27.3,92.7
20260704T115622Z,27.4,92.7
20260704T115636Z,27.4,92.7
20260704T115652Z,27.3,92.7
20260704T115706Z,27.4,92.7
20260704T115722Z,27.3,92.7
20260704T115736Z,27.3,92.7
20260704T115752Z,27.3,92.7
20260704T115806Z,27.4,92.7
20260704T115822Z,27.3,92.7
20260704T115837Z,27.3,92.7
20260704T115852Z,27.4,92.7
20260704T115907Z,27.4,92.7
20260704T115922Z,27.4,92.7
20260704T115936Z,27.4,92.6
20260704T115952Z,27.4,92.6
20260704T120006Z,27.4,92.6
20260704T120022Z,27.4,92.6
20260704T120036Z,27.4,92.6
20260704T120052Z,27.4,92.6
20260704T120106Z,27.4,92.6
20260704T120122Z,27.4,92.6
20260704T120136Z,27.4,92.6
20260704T120152Z,27.4,92.6
20260704T120207Z,27.4,92.6
20260704T120222Z,27.4,92.5
20260704T120237Z,27.4,92.5
20260704T120251Z,27.4,92.5
20260704T120307Z,27.4,92.5
20260704T120321Z,27.4,92.5
20260704T120337Z,27.4,92.5
20260704T120351Z,27.4,92.5
20260704T120407Z,27.4,92.5
20260704T120422Z,27.4,92.5
20260704T120437Z,27.4,92.5
20260704T120452Z,27.4,92.5
20260704T120507Z,27.4,92.5
20260704T120521Z,27.4,92.5
20260704T120537Z,27.4,92.4
20260704T120551Z,27.4,92.4
20260704T120607Z,27.4,92.4
20260704T120621Z,27.4,92.4
20260704T120637Z,27.4,92.4
20260704T120651Z,27.4,92.4
20260704T120707Z,27.4,92.4
20260704T120721Z,27.4,92.4
20260704T120737Z,27.4,92.4
20260704T120751Z,27.4,92.4
20260704T120807Z,27.4,92.4
20260704T120822Z,27.4,92.4
20260704T120837Z,27.4,92.3
20260704T120852Z,27.4,92.3
20260704T120907Z,27.4,92.3
20260704T120922Z,27.4,92.3
20260704T120937Z,27.4,92.3
20260704T120952Z,27.4,92.3
20260704T121007Z,27.4,92.3
20260704T121022Z,27.4,92.3
20260704T121037Z,27.4,92.3
20260704T121052Z,27.4,92.3
20260704T121107Z,27.4,92.3
20260704T121122Z,27.4,92.3
20260704T121137Z,27.4,92.3
20260704T121152Z,27.4,92.3
20260704T121207Z,27.5,92.3
20260704T121222Z,27.5,92.2
20260704T121237Z,27.5,92.2
20260704T121252Z,27.5,92.2
20260704T121307Z,27.5,92.2
20260704T121322Z,27.5,92.2
20260704T121337Z,27.5,92.2
20260704T121352Z,27.5,92.2
20260704T121407Z,27.5,92.2
20260704T121422Z,27.5,92.2
20260704T121437Z,27.5,92.2
20260704T121452Z,27.5,92.1
20260704T121507Z,27.5,92.2
20260704T121522Z,27.5,92.2
20260704T121538Z,27.5,92.2
20260704T121552Z,27.5,92.1
20260704T121607Z,27.5,92.1
20260704T121622Z,27.5,92.1
20260704T121637Z,27.5,92.1
20260704T121652Z,27.5,92.1
20260704T121707Z,27.5,92.1
20260704T121722Z,27.5,92.1
20260704T121737Z,27.5,92.1
20260704T121752Z,27.5,92.1
20260704T121807Z,27.5,92.1
20260704T121822Z,27.5,92.1
20260704T121837Z,27.5,92.1
20260704T121852Z,27.5,92.1
20260704T121907Z,27.5,92.1
20260704T121922Z,27.5,92.1
20260704T121937Z,27.5,92.0
20260704T121952Z,27.5,92.1
20260704T122007Z,27.5,92.1
20260704T122022Z,27.5,92.0
20260704T122037Z,27.5,92.1
20260704T122052Z,27.5,92.0
20260704T122107Z,27.5,92.0
20260704T122122Z,27.5,92.0
20260704T122137Z,27.5,92.0
20260704T122152Z,27.5,92.0
20260704T122207Z,27.5,92.0
20260704T122222Z,27.5,92.0
20260704T122237Z,27.5,92.0
20260704T122252Z,27.5,92.0
20260704T122307Z,27.5,92.0
20260704T122322Z,27.5,92.0
20260704T122337Z,27.5,92.0
20260704T122352Z,27.5,92.0
20260704T122407Z,27.5,92.0
20260704T122422Z,27.5,92.0
20260704T122437Z,27.5,92.0
20260704T122452Z,27.5,91.9
20260704T122507Z,27.5,91.9
20260704T122522Z,27.5,92.0
20260704T122537Z,27.5,92.0
20260704T122552Z,27.5,91.9
20260704T122607Z,27.5,91.9
20260704T122622Z,27.5,91.9
20260704T122638Z,27.5,91.9
20260704T122652Z,27.5,91.9
20260704T122707Z,27.5,91.9
20260704T122722Z,27.6,91.9
20260704T122738Z,27.5,91.9
20260704T122752Z,27.5,91.9
20260704T122807Z,27.5,91.9
20260704T122822Z,27.6,91.9
20260704T122837Z,27.6,91.9
20260704T122852Z,27.6,91.9
20260704T122907Z,27.6,91.9
20260704T122922Z,27.6,91.9
20260704T122937Z,27.5,91.9
20260704T122952Z,27.5,91.9
20260704T123007Z,27.6,91.9
20260704T123022Z,27.6,91.9
20260704T123037Z,27.6,91.9
20260704T123052Z,27.6,91.9
20260704T123107Z,27.6,91.9
20260704T123122Z,27.6,91.8
20260704T123137Z,27.6,91.4
20260704T123152Z,27.6,91.6
20260704T123207Z,27.5,89.6
20260704T123222Z,27.5,89.5
20260704T123237Z,27.4,89.0
20260704T123252Z,27.4,88.0
20260704T123307Z,27.3,87.6
20260704T123322Z,27.2,86.4
20260704T123337Z,27.1,85.6
20260704T123352Z,27.0,84.7
20260704T123407Z,26.9,84.3
20260704T123422Z,26.8,83.5
20260704T123437Z,26.7,82.7
20260704T123452Z,26.6,81.8
20260704T123507Z,26.5,81.6
20260704T123522Z,26.5,80.6
20260704T123537Z,26.4,80.5
20260704T123552Z,26.3,82.0
20260704T123607Z,26.2,83.5
20260704T123622Z,26.2,85.0
20260704T123637Z,26.1,85.8
20260704T123652Z,26.1,86.1
20260704T123707Z,26.1,86.5
20260704T123722Z,26.1,86.9
20260704T123737Z,26.1,87.4
20260704T123752Z,26.1,87.6
20260704T123807Z,26.1,88.0
20260704T123822Z,26.1,88.3
20260704T123837Z,26.1,88.6
20260704T123852Z,26.1,88.9
20260704T123907Z,26.1,89.1
20260704T123922Z,26.1,89.4
20260704T123937Z,26.2,89.8
20260704T123952Z,26.2,90.1
20260704T124007Z,26.2,90.2
20260704T124022Z,26.2,90.4
20260704T124037Z,26.2,90.6
20260704T124052Z,26.2,91.1
20260704T124107Z,26.2,91.0
20260704T124122Z,26.3,91.1
20260704T124137Z,26.3,91.4
20260704T124152Z,26.3,91.6
20260704T124207Z,26.3,91.8
20260704T124222Z,26.3,92.0
20260704T124237Z,26.3,92.2
20260704T124252Z,26.3,92.3
20260704T124307Z,26.4,92.4
20260704T124322Z,26.4,92.6
20260704T124337Z,26.4,92.5
20260704T124352Z,26.4,92.7
20260704T124407Z,26.4,93.0
20260704T124422Z,26.4,93.1
20260704T124437Z,26.4,93.2
20260704T124452Z,26.4,93.3
20260704T124507Z,26.5,93.3
20260704T124522Z,26.5,93.5
20260704T124537Z,26.5,93.6
20260704T124552Z,26.5,93.7
20260704T124607Z,26.5,93.7
20260704T124622Z,26.5,93.8
20260704T124637Z,26.5,93.9
20260704T124652Z,26.6,94.0
20260704T124707Z,26.6,94.0
20260704T124722Z,26.6,94.1
20260704T124737Z,26.6,94.1
20260704T124752Z,26.6,94.2
20260704T124807Z,26.6,94.2
20260704T124822Z,26.6,94.4
20260704T124837Z,26.6,94.3
20260704T124852Z,26.7,94.4
20260704T124907Z,26.7,94.4
20260704T124922Z,26.7,94.5
20260704T124937Z,26.7,94.4
20260704T124952Z,26.7,94.5
20260704T125007Z,26.7,94.5
20260704T125022Z,26.7,94.5
20260704T125037Z,26.7,94.5
20260704T125052Z,26.7,94.4
20260704T125107Z,26.8,94.4
20260704T125122Z,26.8,94.5
20260704T125137Z,26.8,94.4
20260704T125152Z,26.8,94.5
20260704T125207Z,26.8,94.4
20260704T125222Z,26.8,94.5
20260704T125237Z,26.8,94.5
20260704T125252Z,26.9,94.4
20260704T125307Z,26.9,94.4
20260704T125322Z,26.9,94.4
20260704T125337Z,26.9,94.3
20260704T125352Z,26.9,94.3
20260704T125407Z,26.9,94.3
20260704T125422Z,26.9,94.3
20260704T125437Z,26.9,94.3
20260704T125452Z,27.0,94.2
20260704T125507Z,27.0,94.2
20260704T125522Z,27.0,94.2
20260704T125537Z,27.0,94.2
20260704T125552Z,27.0,94.2
20260704T125607Z,27.0,94.2
20260704T125622Z,27.0,94.2
20260704T125637Z,27.0,94.2
20260704T125652Z,27.0,94.4
20260704T125707Z,27.1,94.3
20260704T125722Z,27.1,94.3
20260704T125737Z,27.1,94.2
20260704T125752Z,27.1,94.2
20260704T125807Z,27.1,94.2
20260704T125822Z,27.1,94.1
20260704T125837Z,27.1,94.1
20260704T125852Z,27.1,94.1
20260704T125907Z,27.1,94.0
20260704T125922Z,27.1,94.0
20260704T125937Z,27.2,94.0
20260704T125952Z,27.2,94.0
20260704T130007Z,27.2,93.9
20260704T130022Z,27.2,94.0
20260704T130037Z,27.2,93.9
20260704T130052Z,27.2,93.9
20260704T130107Z,27.2,93.9
20260704T130122Z,27.2,93.9
20260704T130137Z,27.2,93.8
20260704T130152Z,27.2,93.8
20260704T130207Z,27.2,93.8
20260704T130222Z,27.2,93.8
20260704T130237Z,27.2,93.8
20260704T130252Z,27.2,93.8
20260704T130307Z,27.2,93.8
20260704T130322Z,27.2,93.7
20260704T130337Z,27.2,93.7
20260704T130352Z,27.3,93.7
20260704T130407Z,27.3,93.7
20260704T130422Z,27.3,93.7
20260704T130437Z,27.3,93.6
20260704T130452Z,27.3,93.6
20260704T130507Z,27.3,93.6
20260704T130522Z,27.3,93.6
20260704T130537Z,27.3,93.5
20260704T130552Z,27.3,93.5
20260704T130607Z,27.3,93.5
20260704T130622Z,27.3,93.6
20260704T130637Z,27.3,93.5
20260704T130652Z,27.3,93.5
20260704T130707Z,27.3,93.5
20260704T130722Z,27.3,93.5
20260704T130737Z,27.3,93.5
20260704T130752Z,27.3,93.5
20260704T130807Z,27.3,93.5
20260704T130822Z,27.3,93.4
20260704T130837Z,27.3,93.4
20260704T130852Z,27.3,93.4
20260704T130907Z,27.3,93.4
20260704T130922Z,27.3,93.4
20260704T130937Z,27.3,93.3
20260704T130952Z,27.4,93.3
20260704T131007Z,27.4,93.3
20260704T131022Z,27.4,93.3
20260704T131037Z,27.4,93.3
20260704T131052Z,27.4,93.3
20260704T131107Z,27.4,93.3
20260704T131122Z,27.4,93.3
20260704T131137Z,27.4,93.3
20260704T131152Z,27.4,93.3
20260704T131207Z,27.4,93.3
20260704T131222Z,27.4,93.2
20260704T131237Z,27.4,93.2
20260704T131252Z,27.4,93.2
20260704T131307Z,27.4,93.2
20260704T131322Z,27.4,93.2
20260704T131337Z,27.4,93.2
20260704T131352Z,27.4,93.2
20260704T131407Z,27.4,93.2
20260704T131422Z,27.4,93.1
20260704T131437Z,27.4,93.2
20260704T131452Z,27.4,93.1
20260704T131507Z,27.4,93.1
20260704T131522Z,27.4,93.1
20260704T131537Z,27.4,93.1
20260704T131552Z,27.4,93.1
20260704T131607Z,27.4,93.1
20260704T131622Z,27.4,93.1
20260704T131637Z,27.4,93.1
20260704T131652Z,27.4,93.1
20260704T131707Z,27.4,93.1
20260704T131722Z,27.4,93.1
20260704T131737Z,27.4,93.1
20260704T131752Z,27.4,93.0
20260704T131807Z,27.4,93.0
20260704T131822Z,27.5,93.0
20260704T131837Z,27.4,93.0
20260704T131852Z,27.4,93.0
20260704T131907Z,27.4,93.0
20260704T131922Z,27.4,93.0
20260704T131937Z,27.4,93.0
20260704T131952Z,27.4,93.0
20260704T132007Z,27.5,93.0
20260704T132022Z,27.5,93.0
20260704T132037Z,27.5,93.0
20260704T132052Z,27.5,92.9
20260704T132107Z,27.5,92.9
20260704T132122Z,27.5,92.9
20260704T132137Z,27.5,92.9
20260704T132152Z,27.5,92.9
20260704T132207Z,27.5,92.9
20260704T132222Z,27.5,92.9
20260704T132238Z,27.5,92.9
20260704T132252Z,27.5,92.9
20260704T132307Z,27.5,92.9
20260704T132322Z,27.5,92.9
20260704T132337Z,27.5,92.9
20260704T132352Z,27.5,92.8
20260704T132407Z,27.5,92.8
20260704T132422Z,27.5,92.8
20260704T132437Z,27.5,92.8
20260704T132452Z,27.5,92.8
20260704T132507Z,27.5,92.8
20260704T132522Z,27.5,92.8
20260704T132537Z,27.5,92.8
20260704T132552Z,27.5,92.8
20260704T132607Z,27.5,92.8
20260704T132622Z,27.5,92.8
20260704T132637Z,27.5,92.8
20260704T132652Z,27.5,92.8
20260704T132707Z,27.5,92.8
20260704T132722Z,27.5,92.7
20260704T132737Z,27.5,92.7
20260704T132752Z,27.5,92.7
20260704T132807Z,27.5,92.7
20260704T132822Z,27.5,92.7
20260704T132837Z,27.5,92.7
20260704T132852Z,27.5,92.7
20260704T132907Z,27.5,92.7
20260704T132922Z,27.5,92.7
20260704T132937Z,27.5,92.7
20260704T132952Z,27.5,92.6
20260704T133007Z,27.5,92.7
20260704T133022Z,27.5,92.6
20260704T133037Z,27.6,92.7
20260704T133052Z,27.6,92.6
20260704T133107Z,27.6,92.6
20260704T133122Z,27.5,92.6
20260704T133137Z,27.6,92.6
20260704T133152Z,27.6,92.6
20260704T133207Z,27.6,92.6
20260704T133222Z,27.5,92.6
20260704T133237Z,27.6,92.6
20260704T133252Z,27.6,92.6
20260704T133307Z,27.6,92.6
20260704T133322Z,27.6,92.4
20260704T133337Z,27.6,92.4
20260704T133352Z,27.5,90.7
20260704T133407Z,27.5,90.3
20260704T133422Z,27.4,89.3
20260704T133437Z,27.4,89.1
20260704T133452Z,27.3,87.9
20260704T133507Z,27.2,87.3
20260704T133522Z,27.2,86.6
20260704T133537Z,27.1,85.7
20260704T133552Z,27.0,85.2
20260704T133607Z,26.9,84.4
20260704T133622Z,26.8,83.8
20260704T133637Z,26.8,82.7
20260704T133652Z,26.6,81.7
20260704T133707Z,26.5,81.0
20260704T133722Z,26.4,80.8
20260704T133737Z,26.3,82.3
20260704T133752Z,26.3,83.8
20260704T133807Z,26.2,85.5
20260704T133822Z,26.2,86.3
20260704T133837Z,26.1,86.7
20260704T133852Z,26.1,87.1
20260704T133907Z,26.1,87.4
20260704T133922Z,26.1,87.7
20260704T133937Z,26.1,88.2
20260704T133952Z,26.1,88.5
20260704T134007Z,26.1,88.6
20260704T134022Z,26.1,89.0
20260704T134037Z,26.2,89.4
20260704T134052Z,26.2,89.8
20260704T134107Z,26.2,89.9
20260704T134122Z,26.2,90.3
20260704T134137Z,26.2,90.4
20260704T134152Z,26.2,90.7
20260704T134207Z,26.2,90.8
20260704T134222Z,26.2,91.1
20260704T134237Z,26.3,91.3
20260704T134252Z,26.3,91.4
20260704T134307Z,26.3,91.6
20260704T134322Z,26.3,91.8
20260704T134337Z,26.3,92.0
20260704T134352Z,26.3,92.2
20260704T134407Z,26.3,92.3
20260704T134422Z,26.4,92.6
20260704T134437Z,26.4,92.7
20260704T134452Z,26.4,92.7
20260704T134507Z,26.4,92.9
20260704T134522Z,26.4,93.1
20260704T134537Z,26.4,93.1
20260704T134552Z,26.5,93.2
20260704T134607Z,26.5,93.4
20260704T134622Z,26.5,93.6
20260704T134637Z,26.5,93.7
20260704T134652Z,26.5,93.7
20260704T134707Z,26.5,93.8
20260704T134722Z,26.5,93.9
20260704T134737Z,26.5,94.0
20260704T134752Z,26.5,94.1
20260704T134807Z,26.6,94.2
20260704T134822Z,26.6,94.3
20260704T134837Z,26.6,94.4
20260704T134852Z,26.6,94.4
20260704T134907Z,26.6,94.5
20260704T134922Z,26.6,94.5
20260704T134937Z,26.6,94.7
20260704T134952Z,26.6,94.7
20260704T135007Z,26.7,94.7
20260704T135022Z,26.7,94.7
20260704T135037Z,26.7,94.8
20260704T135052Z,26.7,94.8
20260704T135107Z,26.7,94.8
20260704T135122Z,26.7,94.9
20260704T135137Z,26.7,94.9
20260704T135152Z,26.7,94.9
20260704T135207Z,26.7,94.9
20260704T135222Z,26.8,95.0
20260704T135237Z,26.8,95.0
20260704T135252Z,26.8,95.0
20260704T135307Z,26.8,95.0
20260704T135322Z,26.8,95.0
20260704T135337Z,26.8,95.0
20260704T135352Z,26.8,94.9
20260704T135407Z,26.8,94.9
20260704T135422Z,26.8,95.0
20260704T135437Z,26.9,95.0
20260704T135452Z,26.9,94.9
20260704T135507Z,26.9,94.9
20260704T135522Z,26.9,94.9
20260704T135538Z,26.9,94.9
20260704T135552Z,26.9,94.9
20260704T135607Z,26.9,94.9
20260704T135622Z,26.9,94.8
20260704T135637Z,27.0,94.8
20260704T135652Z,27.0,94.8
20260704T135707Z,27.0,94.7
20260704T135722Z,27.0,94.7
20260704T135737Z,27.0,94.7
20260704T135752Z,27.0,94.6
20260704T135807Z,27.0,94.7
20260704T135822Z,27.0,94.6
20260704T135837Z,27.0,94.6
20260704T135852Z,27.0,94.6
20260704T135907Z,27.1,94.6
20260704T135922Z,27.1,94.5
20260704T135937Z,27.1,94.5
20260704T135952Z,27.1,94.5
20260704T140007Z,27.1,94.5
20260704T140022Z,27.1,94.4
20260704T140037Z,27.1,94.4
20260704T140052Z,27.1,94.4
20260704T140107Z,27.1,94.4
20260704T140122Z,27.1,94.3
20260704T140138Z,27.1,94.3
20260704T140153Z,27.2,94.3
20260704T140207Z,27.2,94.3
20260704T140222Z,27.2,94.3
20260704T140237Z,27.2,94.3
20260704T140252Z,27.2,94.3
20260704T140307Z,27.2,94.2
20260704T140322Z,27.2,94.2
20260704T140337Z,27.2,94.2
20260704T140352Z,27.2,94.2
20260704T140407Z,27.2,94.1
20260704T140422Z,27.2,94.1
20260704T140437Z,27.2,94.1
20260704T140452Z,27.2,94.1
20260704T140507Z,27.2,94.1
20260704T140522Z,27.2,94.1
20260704T140537Z,27.2,94.1
20260704T140552Z,27.2,94.0
20260704T140607Z,27.2,94.0
20260704T140622Z,27.2,93.9
20260704T140637Z,27.3,94.0
20260704T140652Z,27.3,93.9
20260704T140707Z,27.3,93.9
20260704T140722Z,27.3,93.9
20260704T140737Z,27.3,93.9
20260704T140752Z,27.3,93.9
20260704T140807Z,27.3,93.9
20260704T140822Z,27.3,93.8
20260704T140837Z,27.3,93.8
20260704T140852Z,27.3,93.8
20260704T140907Z,27.3,93.8
20260704T140922Z,27.3,93.8
20260704T140937Z,27.3,93.8
20260704T140952Z,27.3,93.8
20260704T141007Z,27.3,93.7
20260704T141022Z,27.3,93.8
20260704T141037Z,27.3,93.7
20260704T141052Z,27.4,93.7
20260704T141107Z,27.3,93.7
20260704T141122Z,27.4,93.7
20260704T141136Z,27.3,93.7
20260704T141153Z,27.4,93.7
20260704T141207Z,27.4,93.7
20260704T141222Z,27.4,93.6
20260704T141237Z,27.4,93.6
20260704T141252Z,27.4,93.6
20260704T141307Z,27.4,93.6
20260704T141322Z,27.4,93.6
20260704T141337Z,27.4,93.6
20260704T141352Z,27.4,93.5
20260704T141407Z,27.4,93.5
20260704T141422Z,27.4,93.5
20260704T141437Z,27.4,93.5
20260704T141452Z,27.4,93.5
20260704T141507Z,27.4,93.5
20260704T141522Z,27.4,93.5
20260704T141537Z,27.4,93.4
20260704T141552Z,27.4,93.5
20260704T141607Z,27.4,93.4
20260704T141622Z,27.4,93.4
20260704T141637Z,27.4,93.4
20260704T141652Z,27.4,93.4
20260704T141707Z,27.4,93.4
20260704T141722Z,27.4,93.4
20260704T141737Z,27.4,93.4
20260704T141752Z,27.4,93.4
20260704T141807Z,27.5,93.3
20260704T141822Z,27.4,93.3
20260704T141837Z,27.4,93.3
20260704T141852Z,27.4,93.3
20260704T141907Z,27.5,93.3
20260704T141922Z,27.5,93.3
20260704T141937Z,27.5,93.3
20260704T141952Z,27.5,93.3
20260704T142007Z,27.5,93.3
20260704T142022Z,27.5,93.3
20260704T142037Z,27.5,93.2
20260704T142052Z,27.5,93.2
20260704T142107Z,27.5,93.2
20260704T142122Z,27.5,93.2
20260704T142137Z,27.5,93.2
20260704T142152Z,27.5,93.2
20260704T142207Z,27.5,93.2
20260704T142222Z,27.5,93.2
20260704T142237Z,27.5,93.2
20260704T142252Z,27.5,93.2
20260704T142307Z,27.5,93.2
20260704T142322Z,27.5,93.2
20260704T142337Z,27.5,93.1
20260704T142352Z,27.5,93.1
20260704T142407Z,27.5,93.1
20260704T142422Z,27.5,93.1
20260704T142437Z,27.5,93.1
20260704T142452Z,27.5,93.1
20260704T142507Z,27.5,93.1
20260704T142522Z,27.5,93.1
20260704T142537Z,27.5,93.1
20260704T142552Z,27.5,93.1
20260704T142607Z,27.5,93.0
20260704T142622Z,27.5,93.0
20260704T142637Z,27.5,93.0
20260704T142652Z,27.5,93.0
20260704T142707Z,27.5,93.0
20260704T142722Z,27.5,93.0
20260704T142737Z,27.5,93.0
20260704T142752Z,27.5,93.0
20260704T142807Z,27.5,93.0
20260704T142822Z,27.5,93.0
20260704T142837Z,27.6,93.0
20260704T142852Z,27.6,93.0
20260704T142907Z,27.5,92.9
20260704T142922Z,27.5,92.9
20260704T142937Z,27.5,92.9
20260704T142952Z,27.6,92.9
20260704T143007Z,27.5,92.9
20260704T143022Z,27.6,92.9
20260704T143037Z,27.6,92.9
20260704T143052Z,27.6,92.9
20260704T143107Z,27.6,92.9
20260704T143122Z,27.6,92.9
20260704T143137Z,27.6,92.9
20260704T143152Z,27.6,92.9
20260704T143207Z,27.6,92.9
20260704T143222Z,27.6,92.9
20260704T143237Z,27.6,92.8
20260704T143252Z,27.6,92.9
20260704T143307Z,27.6,92.8
20260704T143322Z,27.6,92.8
20260704T143337Z,27.6,92.8
20260704T143352Z,27.6,92.8
20260704T143407Z,27.6,92.8
20260704T143422Z,27.6,92.8
20260704T143437Z,27.6,92.8
20260704T143452Z,27.6,92.1
20260704T143507Z,27.6,92.1
20260704T143522Z,27.5,90.8
20260704T143537Z,27.5,90.5
20260704T143552Z,27.4,89.9
20260704T143607Z,27.4,88.9
20260704T143622Z,27.3,88.3
20260704T143637Z,27.3,87.7
20260704T143652Z,27.2,86.7
20260704T143707Z,27.1,85.6
20260704T143722Z,27.0,84.7
20260704T143737Z,26.9,83.9
20260704T143752Z,26.8,83.3
20260704T143807Z,26.7,82.4
20260704T143822Z,26.6,82.0
20260704T143837Z,26.5,80.9
20260704T143852Z,26.4,81.4
20260704T143907Z,26.3,82.7
20260704T143922Z,26.3,84.0
20260704T143937Z,26.2,86.0
20260704T143952Z,26.2,86.8
20260704T144007Z,26.2,86.9
20260704T144022Z,26.2,86.9
20260704T144037Z,26.2,87.7
20260704T144052Z,26.2,88.0
20260704T144107Z,26.2,88.2
20260704T144122Z,26.2,88.5
20260704T144137Z,26.2,88.8
20260704T144152Z,26.2,89.0
20260704T144207Z,26.2,89.4
20260704T144222Z,26.2,89.8
20260704T144237Z,26.2,90.0
20260704T144252Z,26.2,90.2
20260704T144307Z,26.2,90.5
20260704T144322Z,26.3,90.7
20260704T144337Z,26.3,90.8
20260704T144352Z,26.3,91.2
20260704T144407Z,26.3,91.4
20260704T144422Z,26.3,91.6
20260704T144437Z,26.4,91.7
20260704T144452Z,26.4,91.9
20260704T144507Z,26.4,92.1
20260704T144522Z,26.4,92.3
20260704T144537Z,26.4,92.4
20260704T144552Z,26.4,92.5
20260704T144607Z,26.4,92.8
20260704T144622Z,26.5,92.9
20260704T144637Z,26.5,93.0
20260704T144653Z,26.5,93.1
20260704T144708Z,26.5,93.3
20260704T144722Z,26.5,93.4
20260704T144737Z,26.5,93.5
20260704T144752Z,26.5,93.6
20260704T144807Z,26.5,93.8
20260704T144822Z,26.5,93.9
20260704T144837Z,26.5,94.0
20260704T144852Z,26.6,94.1
20260704T144907Z,26.6,94.2
20260704T144922Z,26.6,94.2
20260704T144937Z,26.6,94.4
20260704T144952Z,26.6,94.4
20260704T145007Z,26.6,94.7
20260704T145022Z,26.6,94.7
20260704T145037Z,26.7,94.7
20260704T145052Z,26.7,94.2
20260704T145107Z,26.6,92.9
20260704T145122Z,26.6,92.0
20260704T145137Z,26.6,91.2
20260704T145152Z,26.6,90.2
20260704T145207Z,26.6,89.9
20260704T145222Z,26.6,89.0
20260704T145237Z,26.5,87.7
20260704T145252Z,26.5,87.2
20260704T145307Z,26.4,86.1
20260704T145322Z,26.4,85.0
20260704T145337Z,26.3,83.9
20260704T145352Z,26.2,83.3
20260704T145407Z,26.2,82.9
20260704T145422Z,26.1,81.8
20260704T145437Z,26.0,81.1
20260704T145452Z,26.0,80.3
20260704T145507Z,25.9,79.3
20260704T145522Z,25.8,78.8
20260704T145537Z,25.8,78.2
20260704T145552Z,25.7,77.3
20260704T145607Z,25.6,76.4
20260704T145622Z,25.5,75.4
20260704T145637Z,25.4,74.9
20260704T145652Z,25.2,74.5
20260704T145707Z,25.1,74.1
20260704T145722Z,24.9,74.2
20260704T145737Z,24.8,73.5
20260704T145752Z,24.7,73.2
20260704T145807Z,24.6,72.4
20260704T145822Z,24.5,72.2
20260704T145837Z,24.4,72.0
20260704T145852Z,24.3,71.4
20260704T145907Z,24.2,71.3
20260704T145922Z,24.1,72.2
20260704T145937Z,24.1,73.9
20260704T145952Z,24.1,75.0
20260704T150008Z,24.2,77.2
20260704T150022Z,24.2,77.8
20260704T150038Z,24.3,78.1
20260704T150053Z,24.4,78.8
20260704T150108Z,24.5,78.8
20260704T150122Z,24.5,79.2
20260704T150137Z,24.6,80.0
20260704T150152Z,24.7,80.4
20260704T150207Z,24.7,80.5
20260704T150222Z,24.8,80.9
20260704T150237Z,24.8,81.5
20260704T150252Z,24.9,81.7
20260704T150307Z,24.9,81.9
20260704T150323Z,25.0,82.3
20260704T150337Z,25.1,82.8
20260704T150353Z,25.1,83.2
20260704T150407Z,25.1,83.7
20260704T150422Z,25.2,83.9
20260704T150437Z,25.2,84.2
20260704T150452Z,25.2,84.5
20260704T150507Z,25.3,84.8
20260704T150522Z,25.3,84.9
20260704T150538Z,25.4,85.3
20260704T150552Z,25.4,85.5
20260704T150608Z,25.4,85.8
20260704T150622Z,25.5,86.2
20260704T150638Z,25.5,86.4
20260704T150653Z,25.5,86.7
20260704T150707Z,25.5,86.9
20260704T150723Z,25.6,87.1
20260704T150737Z,25.6,87.6
20260704T150754Z,25.6,87.6
20260704T150808Z,25.6,87.2
20260704T150823Z,25.6,86.0
20260704T150837Z,25.6,85.2
20260704T150854Z,25.6,85.0
20260704T150908Z,25.6,83.9
20260704T150923Z,25.6,82.4
20260704T150938Z,25.6,82.0
20260704T150952Z,25.5,80.8
20260704T151007Z,25.5,80.3
20260704T151022Z,25.5,79.4
20260704T151038Z,25.4,78.7
20260704T151053Z,25.4,77.9
20260704T151107Z,25.3,76.8
20260704T151123Z,25.2,76.3
20260704T151137Z,25.2,75.5
20260704T151152Z,25.1,74.7
20260704T151208Z,25.0,73.9
20260704T151222Z,24.8,73.3
20260704T151238Z,24.7,72.8
20260704T151252Z,24.6,72.3
20260704T151308Z,24.5,72.1
20260704T151322Z,24.4,71.9
20260704T151338Z,24.3,72.1
20260704T151352Z,24.2,73.5
20260704T151408Z,24.2,75.0
20260704T151422Z,24.2,77.4
20260704T151438Z,24.3,79.0
20260704T151452Z,24.4,79.3
20260704T151508Z,24.4,79.9
20260704T151522Z,24.5,80.1
20260704T151538Z,24.6,80.4
20260704T151552Z,24.6,81.0
20260704T151608Z,24.7,81.4
20260704T151622Z,24.7,81.8
20260704T151637Z,24.8,82.4
20260704T151652Z,24.9,82.8
20260704T151708Z,24.9,83.0
20260704T151722Z,25.0,83.2
20260704T151738Z,25.0,83.7
20260704T151753Z,25.1,84.0
20260704T151807Z,25.1,84.1
20260704T151823Z,25.2,84.2
20260704T151838Z,25.2,84.7
20260704T151852Z,25.3,85.2
20260704T151908Z,25.3,85.3
20260704T151922Z,25.3,85.5
20260704T151938Z,25.4,85.9
20260704T151953Z,25.4,86.0
20260704T152007Z,25.5,86.3
20260704T152023Z,25.5,86.6
20260704T152037Z,25.5,86.8
20260704T152053Z,25.6,87.1
20260704T152107Z,25.6,87.3
20260704T152123Z,25.6,87.5
20260704T152137Z,25.7,87.7
20260704T152152Z,25.7,87.8
20260704T152208Z,25.7,87.7
20260704T152222Z,25.7,87.4
20260704T152238Z,25.7,86.0
20260704T152252Z,25.7,85.5
20260704T152308Z,25.7,84.8
20260704T152322Z,25.7,84.2
20260704T152337Z,25.7,83.3
20260704T152352Z,25.7,82.5
20260704T152408Z,25.7,81.6
20260704T152422Z,25.6,80.7
20260704T152438Z,25.6,79.9
20260704T152453Z,25.6,79.3
20260704T152507Z,25.5,78.1
20260704T152523Z,25.5,77.3
20260704T152537Z,25.4,76.4
20260704T152552Z,25.3,75.9
20260704T152607Z,25.2,74.9
20260704T152623Z,25.2,74.4
20260704T152637Z,25.1,74.4
20260704T152653Z,25.0,73.6
20260704T152707Z,25.0,72.9
20260704T152723Z,24.9,72.5
20260704T152737Z,24.8,72.0
20260704T152753Z,24.8,72.6
20260704T152807Z,24.8,74.2
20260704T152823Z,24.8,76.2
20260704T152837Z,24.8,77.4
20260704T152853Z,24.8,78.0
20260704T152907Z,24.7,78.7
20260704T152922Z,24.8,78.8
20260704T152938Z,24.8,79.1
20260704T152953Z,24.8,79.4
20260704T153007Z,24.9,79.7
20260704T153023Z,24.9,80.2
20260704T153037Z,24.9,80.9
20260704T153054Z,25.0,80.9
20260704T153108Z,25.0,81.3
20260704T153123Z,25.0,81.7
20260704T153137Z,25.1,81.9
20260704T153154Z,25.1,82.4
20260704T153208Z,25.2,82.6
20260704T153223Z,25.2,83.0
20260704T153237Z,25.2,83.4
20260704T153253Z,25.3,83.8
20260704T153307Z,25.3,84.1
20260704T153323Z,25.3,84.1
20260704T153337Z,25.3,84.4
20260704T153353Z,25.4,84.9
20260704T153407Z,25.4,85.2
20260704T153423Z,25.4,85.4
20260704T153437Z,25.5,85.7
20260704T153453Z,25.5,85.8
20260704T153507Z,25.5,86.2
20260704T153523Z,25.5,86.4
20260704T153537Z,25.6,86.6
20260704T153552Z,25.6,86.8
20260704T153608Z,25.6,87.1
20260704T153623Z,25.6,87.4
20260704T153637Z,25.6,87.7
20260704T153653Z,25.7,87.9
20260704T153707Z,25.7,87.9
20260704T153723Z,25.7,88.1
20260704T153737Z,25.7,88.4
20260704T153753Z,25.8,88.4
20260704T153807Z,25.8,88.7
20260704T153823Z,25.8,88.9
20260704T153837Z,25.8,88.3
20260704T153852Z,25.8,87.5
20260704T153908Z,25.8,86.4
20260704T153923Z,25.8,85.7
20260704T153937Z,25.7,84.8
20260704T153953Z,25.7,84.2
20260704T154007Z,25.7,83.6
20260704T154023Z,25.6,82.7
20260704T154037Z,25.6,81.8
20260704T154053Z,25.6,80.7
20260704T154107Z,25.5,79.6
20260704T154122Z,25.5,78.9
20260704T154138Z,25.4,78.3
20260704T154154Z,25.3,77.2
20260704T154208Z,25.2,76.5
20260704T154223Z,25.1,75.7
20260704T154237Z,25.0,75.6
20260704T154252Z,24.9,74.7
20260704T154308Z,24.8,74.1
20260704T154322Z,24.7,73.6
20260704T154338Z,24.6,73.2
20260704T154352Z,24.5,73.7
20260704T154408Z,24.4,75.5
20260704T154422Z,24.4,77.8
20260704T154438Z,24.4,78.9
20260704T154453Z,24.5,79.8
20260704T154508Z,24.5,80.0
20260704T154522Z,24.5,80.2
20260704T154538Z,24.6,80.6
20260704T154552Z,24.6,80.6
20260704T154608Z,24.7,81.1
20260704T154622Z,24.7,81.3
20260704T154638Z,24.7,81.8
20260704T154652Z,24.8,82.3
20260704T154708Z,24.8,82.4
20260704T154722Z,24.8,82.8
20260704T154738Z,24.9,82.9
20260704T154752Z,25.0,83.3
20260704T154807Z,25.0,83.5
20260704T154822Z,25.0,83.7
20260704T154837Z,25.1,84.1
20260704T154852Z,25.1,84.4
20260704T154908Z,25.1,84.6
20260704T154922Z,25.2,84.9
20260704T154938Z,25.2,85.0
20260704T154952Z,25.2,85.4
20260704T155008Z,25.3,85.5
20260704T155022Z,25.3,85.8
20260704T155038Z,25.3,85.9
20260704T155053Z,25.4,86.3
20260704T155107Z,25.4,86.6
20260704T155123Z,25.4,86.8
20260704T155137Z,25.4,86.8
20260704T155152Z,25.5,87.2
20260704T155207Z,25.5,87.5
20260704T155223Z,25.5,87.5
20260704T155237Z,25.5,87.7
20260704T155254Z,25.5,87.9
20260704T155308Z,25.6,88.1
20260704T155323Z,25.6,88.4
20260704T155338Z,25.6,88.6
20260704T155352Z,25.6,88.7
20260704T155408Z,25.6,88.9
20260704T155422Z,25.7,89.1
20260704T155438Z,25.7,89.2
20260704T155453Z,25.7,89.4
20260704T155507Z,25.7,89.5
20260704T155523Z,25.7,89.7
20260704T155537Z,25.8,89.7
20260704T155552Z,25.8,89.3
20260704T155608Z,25.8,88.0
20260704T155622Z,25.8,87.2
20260704T155638Z,25.7,86.5
20260704T155653Z,25.7,85.9
20260704T155708Z,25.7,84.8
20260704T155722Z,25.7,84.5
20260704T155738Z,25.7,83.5
20260704T155752Z,25.7,82.3
20260704T155807Z,25.6,81.4
20260704T155823Z,25.6,80.2
20260704T155838Z,25.5,79.1
20260704T155852Z,25.4,78.4
20260704T155908Z,25.4,77.9
20260704T155922Z,25.3,77.0
20260704T155938Z,25.2,76.1
20260704T155953Z,25.1,75.8
20260704T160007Z,25.0,75.1
20260704T160023Z,24.9,74.5
20260704T160037Z,24.9,74.2
20260704T160053Z,24.8,75.3
20260704T160108Z,24.8,76.3
20260704T160122Z,24.7,78.7
20260704T160138Z,24.7,80.3
20260704T160152Z,24.8,80.6
20260704T160208Z,24.8,80.9
20260704T160223Z,24.8,81.2
20260704T160238Z,24.8,81.4
20260704T160253Z,24.8,81.8
20260704T160308Z,24.8,82.6
20260704T160323Z,24.9,83.0
20260704T160338Z,24.9,83.2
20260704T160353Z,25.0,83.6
20260704T160408Z,25.0,84.0
20260704T160423Z,25.0,84.4
20260704T160438Z,25.1,84.6
20260704T160453Z,25.1,84.8
20260704T160508Z,25.1,85.3
20260704T160523Z,25.2,85.4
20260704T160538Z,25.2,85.5
20260704T160553Z,25.2,85.8
20260704T160608Z,25.3,85.9
20260704T160623Z,25.3,86.2
20260704T160638Z,25.3,86.4
20260704T160652Z,25.4,86.6
20260704T160708Z,25.4,86.9
20260704T160723Z,25.4,87.1
20260704T160738Z,25.4,87.2
20260704T160753Z,25.5,87.5
20260704T160808Z,25.5,87.8
20260704T160823Z,25.5,87.8
20260704T160838Z,25.5,88.0
20260704T160853Z,25.5,88.2
20260704T160908Z,25.6,88.6
20260704T160923Z,25.6,88.8
20260704T160938Z,25.6,88.8
20260704T160953Z,25.6,89.0
20260704T161008Z,25.6,89.0
20260704T161023Z,25.7,89.2
20260704T161038Z,25.7,89.4
20260704T161053Z,25.7,89.5
20260704T161108Z,25.7,89.6
20260704T161123Z,25.7,89.8
20260704T161138Z,25.8,89.9
20260704T161153Z,25.8,90.0
20260704T161208Z,25.8,90.1
20260704T161223Z,25.8,90.3
20260704T161238Z,25.8,89.7
20260704T161253Z,25.8,89.2
20260704T161308Z,25.8,88.0
20260704T161323Z,25.8,87.6
20260704T161338Z,25.8,86.8
20260704T161353Z,25.7,85.8
20260704T161408Z,25.7,85.0
20260704T161423Z,25.7,83.8
20260704T161438Z,25.7,82.7
20260704T161454Z,25.6,81.3
20260704T161508Z,25.5,80.9
20260704T161523Z,25.4,80.1
20260704T161538Z,25.3,78.9
20260704T161553Z,25.2,77.9
20260704T161608Z,25.1,77.6
20260704T161623Z,24.9,76.8
20260704T161638Z,24.8,76.3
20260704T161653Z,24.7,75.2
20260704T161708Z,24.6,75.2
20260704T161723Z,24.4,74.8
20260704T161738Z,24.4,76.1
20260704T161753Z,24.3,77.6
20260704T161808Z,24.3,79.3
20260704T161823Z,24.3,81.0
20260704T161838Z,24.3,81.5
20260704T161853Z,24.4,81.9
20260704T161908Z,24.4,82.1
20260704T161923Z,24.5,82.3
20260704T161938Z,24.5,82.5
20260704T161953Z,24.6,82.8
20260704T162008Z,24.6,83.2
20260704T162023Z,24.6,83.5
20260704T162038Z,24.7,83.8
20260704T162053Z,24.7,83.9
20260704T162108Z,24.8,84.1
20260704T162123Z,24.8,84.5
20260704T162138Z,24.8,84.7
20260704T162153Z,24.9,85.0
20260704T162208Z,24.9,85.3
20260704T162223Z,25.0,85.6
20260704T162238Z,25.0,85.8
20260704T162253Z,25.0,85.9
20260704T162308Z,25.1,86.2
20260704T162323Z,25.1,86.5
20260704T162338Z,25.1,86.6
20260704T162353Z,25.2,86.8
20260704T162408Z,25.2,87.0
20260704T162423Z,25.2,87.2
20260704T162438Z,25.3,87.2
20260704T162453Z,25.3,87.5
20260704T162508Z,25.3,87.6
20260704T162523Z,25.3,87.9
20260704T162538Z,25.4,88.0
20260704T162553Z,25.4,88.3
20260704T162608Z,25.4,88.5
20260704T162623Z,25.4,88.7
20260704T162638Z,25.5,88.8
20260704T162653Z,25.5,88.9
20260704T162708Z,25.5,89.2
20260704T162723Z,25.5,89.3
20260704T162738Z,25.5,89.5
20260704T162753Z,25.6,89.8
20260704T162808Z,25.6,89.9
20260704T162823Z,25.6,90.0
20260704T162838Z,25.6,90.1
20260704T162854Z,25.6,90.2
20260704T162908Z,25.6,90.3
20260704T162923Z,25.7,90.6
20260704T162938Z,25.7,90.7
20260704T162953Z,25.7,90.8
20260704T163008Z,25.7,90.9
20260704T163023Z,25.7,91.1
20260704T163038Z,25.7,91.2
20260704T163053Z,25.7,91.3
20260704T163108Z,25.8,90.8
20260704T163123Z,25.8,90.0
20260704T163138Z,25.7,89.0
20260704T163153Z,25.7,88.2
20260704T163208Z,25.7,87.2
20260704T163223Z,25.7,86.2
20260704T163238Z,25.6,85.1
20260704T163253Z,25.6,84.2
20260704T163308Z,25.5,82.9
20260704T163323Z,25.5,82.1
20260704T163338Z,25.4,81.3
20260704T163353Z,25.3,80.5
20260704T163408Z,25.2,79.8
20260704T163423Z,25.0,79.3
20260704T163438Z,24.9,78.3
20260704T163453Z,24.8,77.8
20260704T163508Z,24.7,76.9
20260704T163523Z,24.6,76.7
20260704T163538Z,24.5,76.0
20260704T163553Z,24.4,76.4
20260704T163608Z,24.3,77.6
20260704T163623Z,24.3,79.7
20260704T163638Z,24.3,81.6
20260704T163653Z,24.3,82.4
20260704T163708Z,24.4,82.7
20260704T163723Z,24.4,83.0
20260704T163738Z,24.5,83.1
20260704T163753Z,24.5,83.2
20260704T163808Z,24.6,83.3
20260704T163823Z,24.6,83.7
20260704T163838Z,24.6,84.0
20260704T163853Z,24.7,84.5
20260704T163908Z,24.7,84.8
20260704T163923Z,24.8,84.9
20260704T163938Z,24.8,85.0
20260704T163953Z,24.8,85.3
20260704T164008Z,24.9,85.7
20260704T164023Z,24.9,85.9
20260704T164038Z,25.0,86.1
20260704T164053Z,25.0,86.4
20260704T164108Z,25.0,86.6
20260704T164123Z,25.1,86.8
20260704T164138Z,25.1,87.0
20260704T164153Z,25.1,87.1
20260704T164208Z,25.1,87.4
20260704T164223Z,25.2,87.7
20260704T164238Z,25.2,87.8
20260704T164253Z,25.2,88.0
20260704T164308Z,25.3,88.2
20260704T164323Z,25.3,88.4
20260704T164338Z,25.3,88.6
20260704T164353Z,25.3,88.7
20260704T164408Z,25.4,89.0
20260704T164423Z,25.4,89.0
20260704T164438Z,25.4,89.2
20260704T164453Z,25.4,89.4
20260704T164508Z,25.5,89.5
20260704T164523Z,25.5,89.6
20260704T164538Z,25.5,90.0
20260704T164553Z,25.5,90.0
20260704T164608Z,25.5,90.1
20260704T164623Z,25.6,90.3
20260704T164638Z,25.6,90.4
20260704T164653Z,25.6,90.5
20260704T164708Z,25.6,90.8
20260704T164723Z,25.6,90.8
20260704T164738Z,25.7,91.0
20260704T164753Z,25.7,91.1
20260704T164808Z,25.7,91.3
20260704T164823Z,25.7,91.3
20260704T164838Z,25.7,91.6
20260704T164853Z,25.7,91.6
20260704T164908Z,25.7,91.8
20260704T164923Z,25.7,91.9
20260704T164938Z,25.8,92.0
20260704T164953Z,25.8,91.7
20260704T165008Z,25.8,91.5
20260704T165023Z,25.8,90.0
20260704T165038Z,25.7,89.3
20260704T165053Z,25.7,88.3
20260704T165108Z,25.7,87.7
20260704T165123Z,25.7,87.0
20260704T165138Z,25.6,85.9
20260704T165153Z,25.6,84.8
20260704T165208Z,25.6,83.9
20260704T165223Z,25.5,82.7
20260704T165238Z,25.5,81.3
20260704T165253Z,25.4,80.6
20260704T165308Z,25.3,79.6
20260704T165323Z,25.1,79.1
20260704T165338Z,25.0,78.3
20260704T165353Z,24.9,77.9
20260704T165408Z,24.7,77.3
20260704T165423Z,24.6,76.9
20260704T165438Z,24.5,76.8
20260704T165453Z,24.4,78.6
20260704T165508Z,24.3,80.1
20260704T165523Z,24.3,81.8
20260704T165538Z,24.4,82.8
20260704T165553Z,24.4,83.2
20260704T165608Z,24.5,83.4
20260704T165623Z,24.5,83.5
20260704T165638Z,24.6,83.9
20260704T165653Z,24.6,84.1
20260704T165708Z,24.6,84.4
20260704T165723Z,24.7,84.8
20260704T165738Z,24.7,85.0
20260704T165753Z,24.7,85.2
20260704T165808Z,24.8,85.6
20260704T165823Z,24.8,85.7
20260704T165838Z,24.8,86.0
20260704T165853Z,24.9,86.2
20260704T165908Z,24.9,86.4
20260704T165923Z,25.0,86.7
20260704T165938Z,25.0,86.9
20260704T165953Z,25.0,87.1
20260704T170008Z,25.1,87.3
20260704T170023Z,25.1,87.5
20260704T170038Z,25.1,87.6
20260704T170053Z,25.2,87.8
20260704T170108Z,25.2,88.1
20260704T170123Z,25.2,88.2
20260704T170138Z,25.2,88.5
20260704T170153Z,25.3,88.6
20260704T170208Z,25.3,88.8
20260704T170223Z,25.3,88.9
20260704T170238Z,25.4,89.1
20260704T170253Z,25.4,89.1
20260704T170308Z,25.4,89.4
20260704T170323Z,25.4,89.6
20260704T170338Z,25.4,89.7
20260704T170353Z,25.5,89.8
20260704T170408Z,25.5,89.8
20260704T170423Z,25.5,90.0
20260704T170438Z,25.5,90.2
20260704T170453Z,25.6,90.3
20260704T170508Z,25.6,90.5
20260704T170523Z,25.6,90.6
20260704T170538Z,25.6,90.8
20260704T170553Z,25.6,90.9
20260704T170608Z,25.6,91.0
20260704T170623Z,25.6,91.2
20260704T170638Z,25.7,91.4
20260704T170653Z,25.7,91.5
20260704T170708Z,25.7,91.6
20260704T170723Z,25.7,91.7
20260704T170738Z,25.7,91.8
20260704T170753Z,25.7,91.9
20260704T170808Z,25.7,92.1
20260704T170823Z,25.8,92.2
20260704T170838Z,25.8,92.3
20260704T170853Z,25.8,92.1
20260704T170908Z,25.8,91.7
20260704T170923Z,25.8,90.1
20260704T170938Z,25.7,89.7
20260704T170953Z,25.7,88.4
20260704T171008Z,25.7,87.9
20260704T171023Z,25.6,86.8
20260704T171038Z,25.6,86.0
20260704T171053Z,25.6,84.6
20260704T171108Z,25.5,83.5
20260704T171123Z,25.4,83.1
20260704T171138Z,25.3,81.9
20260704T171153Z,25.3,81.1
20260704T171208Z,25.2,80.3
20260704T171223Z,25.1,79.8
20260704T171238Z,25.0,78.7
20260704T171253Z,24.8,77.8
20260704T171308Z,24.7,77.5
20260704T171323Z,24.6,76.7
20260704T171338Z,24.5,76.8
20260704T171353Z,24.4,78.1
20260704T171408Z,24.3,79.7
20260704T171423Z,24.3,81.8
20260704T171438Z,24.4,82.7
20260704T171453Z,24.4,83.2
20260704T171508Z,24.4,83.5
20260704T171523Z,24.5,83.9
20260704T171538Z,24.5,83.9
20260704T171553Z,24.5,84.2
20260704T171608Z,24.6,84.7
20260704T171623Z,24.6,84.8
20260704T171638Z,24.7,85.1
20260704T171653Z,24.7,85.6
20260704T171708Z,24.7,85.6
20260704T171723Z,24.8,85.7
20260704T171738Z,24.8,86.0
20260704T171753Z,24.8,86.3
20260704T171808Z,24.9,86.4
20260704T171823Z,24.9,86.6
20260704T171838Z,25.0,86.9
20260704T171853Z,25.0,87.1
20260704T171908Z,25.0,87.2
20260704T171923Z,25.1,87.4
20260704T171938Z,25.1,87.6
20260704T171953Z,25.1,87.8
20260704T172008Z,25.2,88.0
20260704T172023Z,25.2,88.2
20260704T172038Z,25.2,88.4
20260704T172053Z,25.2,88.6
20260704T172108Z,25.3,88.7
20260704T172123Z,25.3,88.9
20260704T172138Z,25.3,89.1
20260704T172154Z,25.3,89.2
20260704T172208Z,25.4,89.4
20260704T172223Z,25.4,89.5
20260704T172238Z,25.4,89.8
20260704T172253Z,25.4,89.8
20260704T172308Z,25.5,90.0
20260704T172323Z,25.5,90.2
20260704T172338Z,25.5,90.3
20260704T172353Z,25.5,90.5
20260704T172408Z,25.5,90.8
20260704T172423Z,25.5,90.9
20260704T172438Z,25.5,91.1
20260704T172453Z,25.6,91.2
20260704T172508Z,25.6,91.3
20260704T172523Z,25.6,91.5
20260704T172538Z,25.6,91.5
20260704T172553Z,25.6,91.6
20260704T172608Z,25.7,91.7
20260704T172623Z,25.7,91.9
20260704T172638Z,25.7,91.9
20260704T172653Z,25.7,92.0
20260704T172708Z,25.7,92.1
20260704T172723Z,25.7,92.3
20260704T172738Z,25.7,92.3
20260704T172753Z,25.8,92.4
20260704T172808Z,25.8,91.8
20260704T172823Z,25.8,90.9
20260704T172838Z,25.8,89.9
20260704T172853Z,25.7,89.4
20260704T172908Z,25.7,88.5
20260704T172923Z,25.7,87.7
20260704T172938Z,25.7,86.6
20260704T172953Z,25.6,85.8
20260704T173008Z,25.6,85.0
20260704T173023Z,25.6,84.1
20260704T173038Z,25.5,82.6
20260704T173053Z,25.5,81.7
20260704T173108Z,25.4,80.6
20260704T173123Z,25.3,79.6
20260704T173138Z,25.2,78.9
20260704T173153Z,25.1,78.0
20260704T173208Z,25.0,77.5
20260704T173223Z,24.8,77.0
20260704T173238Z,24.7,76.5
20260704T173253Z,24.6,76.8
20260704T173308Z,24.6,78.2
20260704T173323Z,24.6,79.9
20260704T173338Z,24.6,81.8
20260704T173353Z,24.6,82.1
20260704T173408Z,24.6,82.6
20260704T173423Z,24.6,82.9
20260704T173438Z,24.6,83.3
20260704T173453Z,24.7,83.3
20260704T173508Z,24.7,83.5
20260704T173523Z,24.7,84.0
20260704T173538Z,24.7,84.2
20260704T173553Z,24.8,84.6
20260704T173608Z,24.8,84.8
20260704T173623Z,24.9,85.1
20260704T173638Z,24.9,85.6
20260704T173653Z,24.9,85.7
20260704T173708Z,24.9,86.0
20260704T173723Z,25.0,86.3
20260704T173738Z,25.0,86.5
20260704T173753Z,25.0,86.7
20260704T173808Z,25.1,86.7
20260704T173823Z,25.1,87.0
20260704T173838Z,25.1,87.2
20260704T173853Z,25.1,87.4
20260704T173908Z,25.2,87.6
20260704T173923Z,25.2,87.8
20260704T173938Z,25.2,88.0
20260704T173953Z,25.3,88.2
20260704T174008Z,25.3,88.4
20260704T174023Z,25.3,88.5
20260704T174038Z,25.3,88.6
20260704T174053Z,25.4,88.8
20260704T174108Z,25.4,89.0
20260704T174123Z,25.4,89.2
20260704T174138Z,25.4,89.2
20260704T174153Z,25.4,89.6
20260704T174208Z,25.4,89.7
20260704T174223Z,25.5,89.8
20260704T174238Z,25.5,90.0
20260704T174254Z,25.5,90.1
20260704T174308Z,25.5,90.3
20260704T174323Z,25.5,90.5
20260704T174338Z,25.5,90.5
20260704T174353Z,25.6,90.7
20260704T174408Z,25.6,90.7
20260704T174423Z,25.6,90.9
20260704T174438Z,25.6,91.1
20260704T174453Z,25.6,91.2
20260704T174508Z,25.6,91.3
20260704T174523Z,25.7,91.5
20260704T174538Z,25.7,91.5
20260704T174553Z,25.7,91.6
20260704T174608Z,25.7,91.8
20260704T174623Z,25.7,91.9
20260704T174638Z,25.7,91.9
20260704T174653Z,25.7,92.0
20260704T174708Z,25.8,92.1
20260704T174723Z,25.8,92.2
20260704T174738Z,25.8,92.0
20260704T174753Z,25.8,91.8
20260704T174808Z,25.8,90.7
20260704T174823Z,25.8,89.7
20260704T174838Z,25.8,88.7
20260704T174853Z,25.7,88.1
20260704T174908Z,25.7,87.1
20260704T174923Z,25.6,85.9
20260704T174938Z,25.6,84.6
20260704T174953Z,25.5,84.0
20260704T175008Z,25.5,83.0
20260704T175023Z,25.4,82.0
20260704T175038Z,25.3,81.1
20260704T175053Z,25.2,80.5
20260704T175108Z,25.1,79.6
20260704T175123Z,25.0,78.4
20260704T175138Z,24.9,78.0
20260704T175153Z,24.8,77.1
20260704T175208Z,24.6,76.8
20260704T175223Z,24.5,76.8
20260704T175238Z,24.4,78.3
20260704T175253Z,24.4,79.8
20260704T175308Z,24.4,81.8
20260704T175323Z,24.4,82.7
20260704T175338Z,24.5,83.1
20260704T175353Z,24.5,83.5
20260704T175408Z,24.5,83.5
20260704T175423Z,24.6,83.7
20260704T175438Z,24.6,84.0
20260704T175454Z,24.6,84.2
20260704T175509Z,24.7,84.5
20260704T175523Z,24.7,85.0
20260704T175538Z,24.8,85.0
20260704T175554Z,24.8,85.4
20260704T175609Z,24.8,85.6
20260704T175623Z,24.9,85.8
20260704T175638Z,24.9,86.2
20260704T175653Z,24.9,86.3
20260704T175708Z,25.0,86.4
20260704T175723Z,25.0,86.8
20260704T175738Z,25.0,86.8
20260704T175753Z,25.1,87.2
20260704T175808Z,25.1,87.4
20260704T175823Z,25.1,87.7
20260704T175838Z,25.1,88.0
20260704T175853Z,25.2,88.1
20260704T175908Z,25.2,88.2
20260704T175923Z,25.2,88.5
20260704T175938Z,25.2,88.5
20260704T175953Z,25.2,88.8
20260704T180008Z,25.3,88.8
20260704T180023Z,25.3,89.1
20260704T180038Z,25.3,89.2
20260704T180053Z,25.3,89.4
20260704T180108Z,25.4,89.6
20260704T180123Z,25.4,89.7
20260704T180138Z,25.4,89.8
20260704T180153Z,25.4,89.9
20260704T180208Z,25.5,90.1
20260704T180223Z,25.5,90.2
20260704T180238Z,25.5,90.4
20260704T180253Z,25.5,90.5
20260704T180308Z,25.5,90.6
20260704T180323Z,25.6,90.7
20260704T180338Z,25.6,90.8
20260704T180353Z,25.6,90.9
20260704T180408Z,25.6,91.1
20260704T180423Z,25.6,91.2
20260704T180438Z,25.6,91.2
20260704T180453Z,25.6,91.4
20260704T180508Z,25.7,91.5
20260704T180523Z,25.7,91.6
20260704T180538Z,25.7,91.6
20260704T180553Z,25.7,91.7
20260704T180608Z,25.7,91.8
20260704T180623Z,25.7,91.9
20260704T180638Z,25.7,92.0
20260704T180653Z,25.8,92.2
20260704T180708Z,25.8,91.9
20260704T180723Z,25.8,91.7
20260704T180738Z,25.8,90.4
20260704T180753Z,25.7,89.5
20260704T180808Z,25.7,88.8
20260704T180823Z,25.7,87.9
20260704T180838Z,25.6,87.2
20260704T180854Z,25.6,85.9
20260704T180909Z,25.6,84.6
20260704T180923Z,25.5,83.8
20260704T180938Z,25.4,82.7
20260704T180953Z,25.3,81.8
20260704T181008Z,25.2,80.8
20260704T181023Z,25.1,80.3
20260704T181038Z,25.1,79.6
20260704T181053Z,24.9,78.6
20260704T181108Z,24.8,78.1
20260704T181123Z,24.7,77.4
20260704T181138Z,24.6,76.9
20260704T181153Z,24.5,77.5
20260704T181208Z,24.4,78.9
20260704T181223Z,24.4,80.1
20260704T181238Z,24.4,81.8
20260704T181253Z,24.4,83.0
20260704T181308Z,24.5,83.3
20260704T181323Z,24.5,83.4
20260704T181338Z,24.5,83.7
20260704T181353Z,24.5,83.8
20260704T181408Z,24.6,84.2
20260704T181423Z,24.6,84.6
20260704T181438Z,24.6,84.8
20260704T181453Z,24.6,85.0
20260704T181508Z,24.7,85.2
20260704T181523Z,24.7,85.5
20260704T181538Z,24.8,85.7
20260704T181553Z,24.8,86.0
20260704T181608Z,24.9,86.2
20260704T181623Z,24.9,86.2
20260704T181638Z,24.9,86.5
20260704T181653Z,25.0,86.7
20260704T181708Z,25.0,86.9
20260704T181723Z,25.0,87.1
20260704T181738Z,25.1,87.5
20260704T181754Z,25.1,87.6
20260704T181809Z,25.1,87.9
20260704T181823Z,25.2,88.0
20260704T181838Z,25.2,88.2
20260704T181853Z,25.2,88.3
20260704T181908Z,25.2,88.4
20260704T181923Z,25.3,88.8
20260704T181938Z,25.3,88.9
20260704T181953Z,25.3,89.0
20260704T182008Z,25.3,89.2
20260704T182023Z,25.3,89.3
20260704T182038Z,25.4,89.6
20260704T182053Z,25.4,89.7
20260704T182108Z,25.4,89.8
20260704T182123Z,25.4,90.0
20260704T182138Z,25.4,90.2
20260704T182153Z,25.4,90.3
20260704T182208Z,25.5,90.5
20260704T182223Z,25.5,90.6
20260704T182238Z,25.5,90.7
20260704T182253Z,25.5,90.9
20260704T182308Z,25.5,91.0
20260704T182323Z,25.5,91.0
20260704T182338Z,25.6,91.1
20260704T182353Z,25.6,91.3
20260704T182408Z,25.6,91.5
20260704T182423Z,25.6,91.6
20260704T182438Z,25.6,91.7
20260704T182453Z,25.6,91.7
20260704T182508Z,25.6,91.9
20260704T182523Z,25.6,92.2
20260704T182538Z,25.7,92.1
20260704T182553Z,25.7,92.2
20260704T182608Z,25.7,92.4
20260704T182623Z,25.7,92.5
20260704T182638Z,25.7,92.6
20260704T182653Z,25.7,92.6
20260704T182708Z,25.7,92.8
20260704T182723Z,25.7,92.5
20260704T182738Z,25.7,92.2
20260704T182753Z,25.7,90.9
20260704T182808Z,25.7,90.0
20260704T182823Z,25.7,89.3
20260704T182838Z,25.7,88.5
20260704T182853Z,25.6,87.7
20260704T182908Z,25.6,86.0
20260704T182923Z,25.6,84.9
20260704T182938Z,25.5,84.3
20260704T182953Z,25.4,83.1
20260704T183008Z,25.4,82.7
20260704T183023Z,25.3,81.8
20260704T183038Z,25.3,80.8
20260704T183053Z,25.2,80.1
20260704T183108Z,25.1,78.8
20260704T183123Z,25.0,78.2
20260704T183138Z,24.9,77.3
20260704T183153Z,24.8,76.6
20260704T183208Z,24.7,77.2
20260704T183223Z,24.6,78.6
20260704T183238Z,24.6,79.6
20260704T183253Z,24.6,81.5
20260704T183308Z,24.6,82.4
20260704T183323Z,24.6,82.8
20260704T183338Z,24.6,83.0
20260704T183353Z,24.6,83.5
20260704T183408Z,24.6,83.7
20260704T183423Z,24.7,83.9
20260704T183438Z,24.7,84.5
20260704T183453Z,24.7,84.7
20260704T183508Z,24.7,85.0
20260704T183523Z,24.8,85.2
20260704T183538Z,24.8,85.5
20260704T183553Z,24.8,85.6
20260704T183608Z,24.9,86.1
20260704T183623Z,24.9,86.2
20260704T183638Z,24.9,86.4
20260704T183653Z,25.0,86.6
20260704T183708Z,25.0,87.0
20260704T183723Z,25.0,87.2
20260704T183738Z,25.1,87.3
20260704T183753Z,25.1,87.4
20260704T183808Z,25.1,87.7
20260704T183823Z,25.1,87.8
20260704T183838Z,25.2,88.1
20260704T183853Z,25.2,88.2
20260704T183908Z,25.2,88.5
20260704T183923Z,25.2,88.6
20260704T183938Z,25.3,88.8
20260704T183953Z,25.3,89.0
20260704T184008Z,25.3,89.0
20260704T184023Z,25.3,89.3
20260704T184038Z,25.3,89.6
20260704T184054Z,25.4,89.7
20260704T184109Z,25.4,89.8
20260704T184123Z,25.4,90.0
20260704T184138Z,25.4,90.0
20260704T184153Z,25.4,90.2
20260704T184208Z,25.4,90.3
20260704T184223Z,25.5,90.5
20260704T184238Z,25.5,90.6
20260704T184253Z,25.5,90.7
20260704T184308Z,25.5,90.8
20260704T184323Z,25.5,90.9
20260704T184338Z,25.6,91.0
20260704T184353Z,25.6,91.2
20260704T184408Z,25.6,91.3
20260704T184423Z,25.6,91.4
20260704T184438Z,25.6,91.6
20260704T184453Z,25.6,91.7
20260704T184508Z,25.6,91.9
20260704T184523Z,25.6,91.9
20260704T184538Z,25.7,92.0
20260704T184553Z,25.7,92.2
20260704T184608Z,25.7,92.2
20260704T184623Z,25.7,92.3
20260704T184638Z,25.7,92.4
20260704T184653Z,25.7,92.5
20260704T184708Z,25.7,92.5
20260704T184723Z,25.8,92.5
20260704T184738Z,25.8,92.5
20260704T184753Z,25.8,92.0
20260704T184808Z,25.8,90.8
20260704T184823Z,25.7,90.1
20260704T184838Z,25.7,89.4
20260704T184853Z,25.7,87.9
20260704T184908Z,25.7,87.6
20260704T184923Z,25.6,86.4
20260704T184938Z,25.6,85.7
20260704T184953Z,25.5,84.5
20260704T185008Z,25.5,83.3
20260704T185023Z,25.4,82.4
20260704T185038Z,25.4,81.3
20260704T185053Z,25.3,80.4
20260704T185108Z,25.2,79.7
20260704T185123Z,25.1,79.1
20260704T185138Z,25.0,78.5
20260704T185153Z,24.9,77.8
20260704T185208Z,24.8,77.0
20260704T185224Z,24.7,77.1
20260704T185238Z,24.6,78.4
20260704T185253Z,24.6,79.7
20260704T185308Z,24.6,80.9
20260704T185323Z,24.6,81.9
20260704T185338Z,24.6,82.6
20260704T185353Z,24.6,83.1
20260704T185408Z,24.6,83.2
20260704T185423Z,24.6,83.4
20260704T185438Z,24.7,83.8
20260704T185453Z,24.7,84.2
20260704T185508Z,24.7,84.4
20260704T185523Z,24.8,84.5
20260704T185538Z,24.8,84.8
20260704T185553Z,24.8,85.1
20260704T185608Z,24.9,85.5
20260704T185623Z,24.9,85.7
20260704T185638Z,24.9,85.9
20260704T185653Z,24.9,86.2
20260704T185708Z,25.0,86.3
20260704T185723Z,25.0,86.6
20260704T185738Z,25.0,86.8
20260704T185754Z,25.1,87.2
20260704T185808Z,25.1,87.1
20260704T185824Z,25.1,87.4
20260704T185838Z,25.2,87.6
20260704T185854Z,25.2,87.9
20260704T185908Z,25.2,88.1
20260704T185923Z,25.2,88.2
20260704T185938Z,25.2,88.4
20260704T185953Z,25.3,88.6
20260704T190008Z,25.3,88.7
20260704T190023Z,25.3,88.9
20260704T190038Z,25.3,88.9
20260704T190053Z,25.4,89.2
20260704T190108Z,25.4,89.4
20260704T190123Z,25.4,89.4
20260704T190138Z,25.4,89.6
20260704T190153Z,25.4,89.8
20260704T190208Z,25.5,90.0
20260704T190223Z,25.5,90.2
20260704T190239Z,25.5,90.3
20260704T190254Z,25.5,90.5
20260704T190308Z,25.5,90.6
20260704T190324Z,25.5,90.8
20260704T190338Z,25.5,90.9
20260704T190354Z,25.5,90.9
20260704T190408Z,25.6,91.1
20260704T190423Z,25.6,91.2
20260704T190439Z,25.6,91.3
20260704T190453Z,25.6,91.6
20260704T190509Z,25.6,91.6
20260704T190523Z,25.6,91.7
20260704T190539Z,25.6,91.9
20260704T190553Z,25.6,91.9
20260704T190609Z,25.6,92.1
20260704T190623Z,25.6,92.1
20260704T190638Z,25.7,92.2
20260704T190654Z,25.7,92.4
20260704T190708Z,25.7,92.4
20260704T190724Z,25.7,92.5
20260704T190738Z,25.7,92.7
20260704T190754Z,25.7,92.7
20260704T190808Z,25.7,92.8
20260704T190824Z,25.7,93.0
20260704T190838Z,25.7,92.8
20260704T190854Z,25.7,92.5
20260704T190908Z,25.7,91.2
20260704T190924Z,25.7,90.4
20260704T190938Z,25.7,89.9
20260704T190953Z,25.7,88.7
20260704T191009Z,25.6,87.9
20260704T191023Z,25.6,86.5
20260704T191038Z,25.6,85.9
20260704T191054Z,25.5,85.0
20260704T191108Z,25.5,83.8
20260704T191124Z,25.4,82.5
20260704T191138Z,25.3,82.0
20260704T191154Z,25.3,81.4
20260704T191208Z,25.2,80.0
20260704T191224Z,25.1,79.1
20260704T191238Z,25.0,78.2
20260704T191253Z,24.9,77.6
20260704T191309Z,24.8,77.2
20260704T191323Z,24.6,77.5
20260704T191339Z,24.6,78.6
20260704T191354Z,24.6,80.0
20260704T191408Z,24.6,81.8
20260704T191424Z,24.6,82.7
20260704T191438Z,24.6,83.2
20260704T191454Z,24.6,83.4
20260704T191508Z,24.6,83.7
20260704T191524Z,24.6,84.0
20260704T191538Z,24.6,84.1
20260704T191554Z,24.7,84.6
20260704T191608Z,24.7,85.0
20260704T191624Z,24.7,85.1
20260704T191638Z,24.7,85.4
20260704T191654Z,24.8,85.7
20260704T191708Z,24.8,85.9
20260704T191724Z,24.8,86.2
20260704T191738Z,24.9,86.3
20260704T191753Z,24.9,86.6
20260704T191809Z,25.0,86.7
20260704T191823Z,25.0,86.9
20260704T191839Z,25.0,87.4
20260704T191853Z,25.0,87.4
20260704T191909Z,25.1,87.5
20260704T191923Z,25.1,87.9
20260704T191939Z,25.1,88.0
20260704T191953Z,25.1,88.3
20260704T192009Z,25.2,88.3
20260704T192023Z,25.2,88.4
20260704T192039Z,25.2,88.7
20260704T192053Z,25.2,88.9
20260704T192109Z,25.3,89.0
20260704T192124Z,25.3,89.2
20260704T192138Z,25.3,89.5
20260704T192154Z,25.3,89.5
20260704T192208Z,25.3,89.7
20260704T192224Z,25.3,90.0
20260704T192238Z,25.3,90.0
20260704T192254Z,25.4,90.1
20260704T192309Z,25.4,90.2
20260704T192323Z,25.4,90.4
20260704T192339Z,25.4,90.5
20260704T192353Z,25.5,90.6
20260704T192409Z,25.5,90.8
20260704T192423Z,25.5,90.9
20260704T192439Z,25.5,91.0
20260704T192453Z,25.5,91.1
20260704T192509Z,25.5,91.3
20260704T192523Z,25.5,91.3
20260704T192539Z,25.6,91.5
20260704T192553Z,25.6,91.7
20260704T192609Z,25.6,91.7
20260704T192623Z,25.6,91.9
20260704T192639Z,25.6,92.0
20260704T192653Z,25.6,92.1
20260704T192709Z,25.6,92.2
20260704T192723Z,25.6,92.2
20260704T192739Z,25.7,92.3
20260704T192753Z,25.7,92.4
20260704T192809Z,25.7,92.4
20260704T192824Z,25.7,92.6
20260704T192839Z,25.7,92.6
20260704T192853Z,25.7,92.7
20260704T192908Z,25.7,92.8
20260704T192924Z,25.7,92.8
20260704T192938Z,25.7,92.8
20260704T192954Z,25.7,92.3
20260704T193008Z,25.7,91.0
20260704T193024Z,25.7,90.5
20260704T193038Z,25.7,89.8
20260704T193053Z,25.7,88.8
20260704T193109Z,25.7,87.6
20260704T193123Z,25.6,86.7
20260704T193138Z,25.6,85.9
20260704T193153Z,25.6,84.6
20260704T193208Z,25.5,84.1
20260704T193224Z,25.4,82.8
20260704T193238Z,25.4,82.1
20260704T193253Z,25.3,80.8
20260704T193309Z,25.2,80.2
20260704T193323Z,25.1,78.9
20260704T193339Z,25.0,78.3
20260704T193353Z,24.9,77.9
20260704T193409Z,24.8,77.2
20260704T193424Z,24.7,77.5
20260704T193438Z,24.6,78.8
20260704T193453Z,24.6,80.2
20260704T193509Z,24.6,81.6
20260704T193523Z,24.6,82.9
20260704T193539Z,24.5,83.2
20260704T193553Z,24.6,83.2
20260704T193609Z,24.6,83.5
20260704T193623Z,24.6,83.9
20260704T193639Z,24.6,84.3
20260704T193653Z,24.6,84.8
20260704T193709Z,24.7,85.0
20260704T193723Z,24.7,85.2
20260704T193739Z,24.7,85.4
20260704T193753Z,24.8,85.7
20260704T193808Z,24.8,86.1
20260704T193823Z,24.8,86.1
20260704T193839Z,24.9,86.4
20260704T193854Z,24.9,86.6
20260704T193908Z,24.9,86.8
20260704T193924Z,25.0,87.0
20260704T193938Z,25.0,87.2
20260704T193954Z,25.0,87.4
20260704T194008Z,25.1,87.6
20260704T194024Z,25.1,87.8
20260704T194038Z,25.1,87.9
20260704T194054Z,25.2,88.1
20260704T194108Z,25.2,88.4
20260704T194124Z,25.2,88.5
20260704T194138Z,25.2,88.6
20260704T194154Z,25.2,88.8
20260704T194208Z,25.3,89.0
20260704T194224Z,25.3,89.2
20260704T194238Z,25.3,89.4
20260704T194254Z,25.3,89.4
20260704T194308Z,25.3,89.7
20260704T194324Z,25.3,89.8
20260704T194338Z,25.4,90.0
20260704T194354Z,25.4,90.2
20260704T194408Z,25.4,90.2
20260704T194423Z,25.4,90.4
20260704T194438Z,25.4,90.5
20260704T194454Z,25.5,90.6
20260704T194508Z,25.5,90.7
20260704T194524Z,25.5,90.9
20260704T194538Z,25.5,91.0
20260704T194554Z,25.5,91.1
20260704T194608Z,25.5,91.3
20260704T194624Z,25.5,91.4
20260704T194638Z,25.5,91.4
20260704T194654Z,25.6,91.5
20260704T194708Z,25.6,91.7
20260704T194724Z,25.6,91.8
20260704T194738Z,25.6,91.9
20260704T194753Z,25.6,92.0
20260704T194808Z,25.6,92.1
20260704T194824Z,25.6,92.1
20260704T194838Z,25.7,92.1
20260704T194854Z,25.7,92.3
20260704T194908Z,25.7,92.4
20260704T194924Z,25.7,92.5
20260704T194938Z,25.7,92.5
20260704T194954Z,25.7,92.7
20260704T195008Z,25.7,92.7
20260704T195024Z,25.7,92.8
20260704T195038Z,25.7,92.9
20260704T195053Z,25.7,93.0
20260704T195109Z,25.8,92.3
20260704T195123Z,25.8,92.2
20260704T195139Z,25.7,90.7
20260704T195153Z,25.7,90.0
20260704T195208Z,25.7,89.6
20260704T195224Z,25.7,88.2
20260704T195238Z,25.6,87.6
20260704T195255Z,25.6,86.3
20260704T195309Z,25.5,85.3
20260704T195324Z,25.5,84.6
20260704T195338Z,25.4,83.6
20260704T195355Z,25.4,82.5
20260704T195409Z,25.3,81.8
20260704T195424Z,25.2,80.5
20260704T195439Z,25.1,79.8
20260704T195455Z,25.0,79.5
20260704T195509Z,25.0,78.8
20260704T195524Z,24.9,78.3
20260704T195538Z,24.8,79.0
20260704T195554Z,24.8,80.7
20260704T195608Z,24.8,82.6
20260704T195624Z,24.8,83.3
20260704T195638Z,24.8,84.2
20260704T195655Z,24.8,84.1
20260704T195709Z,24.8,84.3
20260704T195724Z,24.8,84.6
20260704T195738Z,24.8,85.0
20260704T195754Z,24.8,85.3
20260704T195808Z,24.9,85.6
20260704T195824Z,24.9,85.9
20260704T195838Z,24.9,86.1
20260704T195854Z,25.0,86.3
20260704T195908Z,25.0,86.6
20260704T195924Z,25.0,86.8
20260704T195939Z,25.0,87.2
20260704T195954Z,25.1,87.3
20260704T200009Z,25.1,87.6
20260704T200024Z,25.1,87.8
20260704T200155Z,25.3,88.8
20260704T200209Z,25.3,89.0
20260704T200224Z,25.3,89.2
20260704T200239Z,25.3,89.3
20260704T200254Z,25.4,89.4
20260704T200309Z,25.4,89.6
20260704T200324Z,25.4,89.8
20260704T200339Z,25.4,90.0
20260704T200354Z,25.4,90.2
20260704T200409Z,25.4,90.3
20260704T200424Z,25.5,90.4
20260704T200439Z,25.5,90.5
20260704T200454Z,25.5,90.6
20260704T200509Z,25.5,90.8
20260704T200524Z,25.5,90.8
20260704T200539Z,25.5,90.9
20260704T200554Z,25.5,91.1
20260704T200609Z,25.6,91.2
20260704T200624Z,25.6,91.4
20260704T200639Z,25.6,91.5
20260704T200654Z,25.6,91.6
20260704T200709Z,25.6,91.8
20260704T200724Z,25.6,91.9
20260704T200739Z,25.6,91.9
20260704T200754Z,25.7,92.0
20260704T200809Z,25.7,92.1
20260704T200824Z,25.7,92.3
20260704T200839Z,25.7,92.4
20260704T200854Z,25.7,92.4
20260704T200909Z,25.7,92.4
20260704T200924Z,25.7,92.5
20260704T200939Z,25.7,92.7
20260704T200954Z,25.7,92.6
20260704T201009Z,25.7,92.8
20260704T201024Z,25.8,92.8
20260704T201039Z,25.8,93.0
20260704T201054Z,25.8,93.0
20260704T201109Z,25.8,93.0
20260704T201124Z,25.8,93.1
20260704T201139Z,25.8,93.2
20260704T201154Z,25.8,93.3
20260704T201209Z,25.8,93.3
20260704T201224Z,25.8,93.4
20260704T201239Z,25.8,93.5
20260704T201254Z,25.9,93.6
20260704T201309Z,25.9,93.7
20260704T201324Z,25.8,93.6
20260704T201339Z,25.9,93.7
20260704T201354Z,25.9,93.8
20260704T201409Z,25.9,93.8
20260704T201424Z,25.9,93.8
20260704T201439Z,25.9,93.8
20260704T201454Z,25.9,94.0
20260704T201509Z,25.9,94.0
20260704T201524Z,25.9,94.1
20260704T201539Z,25.9,94.1
20260704T201554Z,26.0,94.1
20260704T201609Z,26.0,94.1
20260704T201624Z,26.0,94.2
20260704T201639Z,26.0,94.2
20260704T201654Z,26.0,94.2
20260704T201709Z,26.0,94.3
20260704T201724Z,26.0,94.3
20260704T201739Z,26.0,94.4
20260704T201754Z,26.0,94.4
20260704T201809Z,26.0,94.4
20260704T201824Z,26.0,94.5
20260704T201839Z,26.0,94.5
20260704T201854Z,26.0,94.4
20260704T201909Z,26.1,94.6
20260704T201924Z,26.1,94.6
20260704T201939Z,26.1,94.5
20260704T201954Z,26.1,94.6
20260704T202009Z,26.1,94.7
20260704T202024Z,26.1,94.7
20260704T202039Z,26.1,94.7
20260704T202054Z,26.1,94.8
20260704T202109Z,26.1,94.7
20260704T202124Z,26.1,94.8
20260704T202139Z,26.1,94.8
20260704T202154Z,26.1,94.8
20260704T202209Z,26.1,94.8
20260704T202224Z,26.1,94.9
20260704T202239Z,26.1,94.9
20260704T202254Z,26.2,95.0
20260704T202309Z,26.2,95.0
20260704T202324Z,26.2,95.0
20260704T202339Z,26.2,95.0
20260704T202354Z,26.2,95.0
20260704T202409Z,26.2,95.0
20260704T202424Z,26.2,95.1
20260704T202439Z,26.2,95.1
20260704T202454Z,26.2,95.1
20260704T202509Z,26.2,95.1
20260704T202524Z,26.2,95.1
20260704T202539Z,26.2,95.1
20260704T202554Z,26.2,95.2
20260704T202609Z,26.2,95.2
20260704T202624Z,26.2,95.2
20260704T202639Z,26.2,95.2
20260704T202654Z,26.2,95.3
20260704T202709Z,26.3,95.2
20260704T202724Z,26.2,95.3
20260704T202739Z,26.3,95.2
20260704T202754Z,26.3,95.3
20260704T202809Z,26.3,95.3
20260704T202824Z,26.3,95.3
20260704T202839Z,26.3,95.3
20260704T202854Z,26.3,95.3
20260704T202909Z,26.3,95.3
20260704T202924Z,26.3,95.3
20260704T202939Z,26.3,95.3
20260704T202954Z,26.3,95.3
20260704T203009Z,26.3,95.3
20260704T203024Z,26.3,95.3
20260704T203039Z,26.3,95.3
20260704T203054Z,26.3,95.4
20260704T203109Z,26.3,95.3
20260704T203124Z,26.3,95.3
20260704T203139Z,26.3,95.3
20260704T203154Z,26.3,95.3
20260704T203209Z,26.4,95.3
20260704T203224Z,26.3,95.3
20260704T203239Z,26.4,95.3
20260704T203254Z,26.4,95.3
20260704T203309Z,26.4,95.3
20260704T203324Z,26.4,95.3
20260704T203339Z,26.4,95.3
20260704T203354Z,26.4,95.3
20260704T203409Z,26.4,95.3
20260704T203424Z,26.4,95.3
20260704T203439Z,26.4,95.3
20260704T203454Z,26.4,95.4
20260704T203509Z,26.4,95.3
20260704T203524Z,26.4,95.4
20260704T203539Z,26.4,95.4
20260704T203554Z,26.4,95.4
20260704T203609Z,26.4,95.3
20260704T203624Z,26.4,95.4
20260704T203639Z,26.4,95.4
20260704T203654Z,26.4,95.3
20260704T203709Z,26.5,95.4
20260704T203724Z,26.5,95.3
20260704T203739Z,26.5,95.3
20260704T203754Z,26.5,95.3
20260704T203809Z,26.5,95.3
20260704T203824Z,26.5,95.3
20260704T203839Z,26.5,95.3
20260704T203854Z,26.5,95.3
20260704T203909Z,26.5,95.3
20260704T203924Z,26.5,95.3
20260704T203939Z,26.5,95.3
20260704T203954Z,26.5,95.2
20260704T204009Z,26.5,95.3
20260704T204024Z,26.5,95.2
20260704T204039Z,26.5,95.2
20260704T204054Z,26.5,95.2
20260704T204109Z,26.5,95.2
20260704T204124Z,26.5,95.2
20260704T204139Z,26.5,95.2
20260704T204154Z,26.5,95.2
20260704T204209Z,26.5,95.2
20260704T204224Z,26.5,95.2
20260704T204239Z,26.5,95.1
20260704T204254Z,26.6,95.2
20260704T204309Z,26.5,95.1
20260704T204324Z,26.6,95.2
20260704T204339Z,26.6,95.2
20260704T204354Z,26.6,95.1
20260704T204409Z,26.6,95.1
20260704T204424Z,26.6,95.1
20260704T204439Z,26.6,95.1
20260704T204454Z,26.6,95.0
20260704T204509Z,26.6,95.0
20260704T204524Z,26.6,95.0
20260704T204539Z,26.6,95.0
20260704T204554Z,26.6,95.0
20260704T204609Z,26.6,95.0
20260704T204624Z,26.6,95.0
20260704T204639Z,26.6,95.0
20260704T204654Z,26.6,94.9
20260704T204709Z,26.6,94.9
20260704T204724Z,26.6,94.9
20260704T204739Z,26.6,94.9
20260704T204754Z,26.6,94.6
20260704T204809Z,26.6,93.1
20260704T204824Z,26.6,92.6
20260704T204839Z,26.5,91.8
20260704T204854Z,26.5,90.7
20260704T204909Z,26.4,89.6
20260704T204924Z,26.4,88.6
20260704T204939Z,26.3,88.2
20260704T204954Z,26.2,87.3
20260704T205009Z,26.2,86.6
20260704T205024Z,26.1,86.0
20260704T205039Z,26.1,85.3
20260704T205054Z,26.0,84.1
20260704T205109Z,25.9,83.2
20260704T205124Z,25.8,82.2
20260704T205139Z,25.7,81.6
20260704T205154Z,25.7,82.4
20260704T205209Z,25.6,83.4
20260704T205224Z,25.6,84.7
20260704T205239Z,25.5,86.0
20260704T205254Z,25.5,86.7
20260704T205309Z,25.5,86.9
20260704T205324Z,25.5,87.2
20260704T205339Z,25.4,87.7
20260704T205354Z,25.4,88.0
20260704T205409Z,25.4,88.3
20260704T205424Z,25.4,88.7
20260704T205439Z,25.5,89.0
20260704T205454Z,25.5,89.2
20260704T205509Z,25.5,89.5
20260704T205524Z,25.5,89.9
20260704T205539Z,25.5,90.1
20260704T205554Z,25.5,90.2
20260704T205609Z,25.6,90.4
20260704T205624Z,25.6,90.7
20260704T205639Z,25.6,90.9
20260704T205653Z,25.6,91.2
20260704T205709Z,25.6,91.4
20260704T205724Z,25.6,91.5
20260704T205739Z,25.7,91.6
20260704T205754Z,25.7,91.8
20260704T205809Z,25.7,92.0
20260704T205824Z,25.7,92.1
20260704T205839Z,25.7,92.3
20260704T205854Z,25.8,92.3
20260704T205909Z,25.8,92.5
20260704T205924Z,25.8,92.7
20260704T205939Z,25.8,92.8
20260704T205954Z,25.8,92.8
20260704T210009Z,25.8,93.0
20260704T210024Z,25.8,93.0
20260704T210039Z,25.9,93.1
20260704T210054Z,25.9,93.2
20260704T210109Z,25.9,93.3
20260704T210124Z,25.9,93.4
20260704T210139Z,25.9,93.6
20260704T210154Z,25.9,93.7
20260704T210209Z,25.9,93.7
20260704T210224Z,25.9,93.8
20260704T210239Z,26.0,94.0
20260704T210254Z,26.0,94.0
20260704T210309Z,26.0,94.1
20260704T210324Z,26.0,94.1
20260704T210339Z,26.0,94.1
20260704T210354Z,26.0,94.3
20260704T210409Z,26.0,94.2
20260704T210424Z,26.0,94.4
20260704T210439Z,26.1,94.4
20260704T210454Z,26.1,94.5
20260704T210510Z,26.1,94.6
20260704T210524Z,26.1,94.6
20260704T210539Z,26.1,94.7
20260704T210554Z,26.1,94.7
20260704T210609Z,26.1,94.8
20260704T210624Z,26.1,94.8
20260704T210639Z,26.1,95.0
20260704T210654Z,26.1,95.0
20260704T210709Z,26.1,94.9
20260704T210724Z,26.1,95.0
20260704T210739Z,26.2,95.1
20260704T210754Z,26.2,95.1
20260704T210809Z,26.2,95.1
20260704T210824Z,26.2,95.2
20260704T210839Z,26.2,95.2
20260704T210854Z,26.2,95.2
20260704T210909Z,26.2,95.2
20260704T210924Z,26.2,95.3
20260704T210939Z,26.2,95.3
20260704T210954Z,26.2,95.3
20260704T211009Z,26.3,95.3
20260704T211024Z,26.3,95.2
20260704T211039Z,26.3,95.3
20260704T211054Z,26.3,95.3
20260704T211109Z,26.3,95.3
20260704T211124Z,26.3,95.2
20260704T211139Z,26.3,95.3
20260704T211154Z,26.3,95.3
20260704T211209Z,26.3,95.3
20260704T211224Z,26.3,95.3
20260704T211239Z,26.4,95.3
20260704T211254Z,26.4,95.3
20260704T211309Z,26.4,95.2
20260704T211324Z,26.4,95.2
20260704T211339Z,26.4,95.2
20260704T211354Z,26.4,95.2
20260704T211409Z,26.4,95.2
20260704T211424Z,26.4,95.2
20260704T211439Z,26.4,95.2
20260704T211454Z,26.4,95.1
20260704T211509Z,26.5,95.1
20260704T211524Z,26.5,95.1
20260704T211539Z,26.5,95.1
20260704T211554Z,26.5,95.1
20260704T211609Z,26.5,95.1
20260704T211624Z,26.5,95.1
20260704T211639Z,26.5,95.0
20260704T211654Z,26.5,95.0
20260704T211709Z,26.5,95.0
20260704T211724Z,26.5,95.0
20260704T211739Z,26.5,95.0
20260704T211754Z,26.5,95.0
20260704T211809Z,26.5,95.0
20260704T211824Z,26.6,95.0
20260704T211839Z,26.5,95.0
20260704T211854Z,26.6,95.0
20260704T211909Z,26.6,95.0
20260704T211924Z,26.6,94.9
20260704T211939Z,26.6,94.9
20260704T211954Z,26.6,94.9
20260704T212009Z,26.6,94.9
20260704T212024Z,26.6,94.9
20260704T212039Z,26.6,94.9
20260704T212054Z,26.6,94.9
20260704T212109Z,26.6,94.8
20260704T212124Z,26.6,94.1
20260704T212139Z,26.6,94.0
20260704T212154Z,26.6,92.6
20260704T212209Z,26.5,92.1
20260704T212224Z,26.5,90.7
20260704T212239Z,26.5,90.2
20260704T212254Z,26.4,89.5
20260704T212309Z,26.4,88.6
20260704T212324Z,26.3,87.5
20260704T212339Z,26.2,86.6
20260704T212354Z,26.1,85.6
20260704T212409Z,26.0,85.1
20260704T212424Z,26.0,84.3
20260704T212439Z,25.9,83.2
20260704T212454Z,25.8,83.0
20260704T212509Z,25.7,82.4
20260704T212524Z,25.6,81.2
20260704T212539Z,25.5,82.4
20260704T212554Z,25.5,84.1
20260704T212609Z,25.4,85.2
20260704T212624Z,25.4,86.4
20260704T212639Z,25.4,87.0
20260704T212654Z,25.4,87.2
20260704T212709Z,25.4,87.5
20260704T212724Z,25.4,87.8
20260704T212739Z,25.4,88.1
20260704T212754Z,25.4,88.4
20260704T212809Z,25.4,88.9
20260704T212824Z,25.4,89.1
20260704T212839Z,25.4,89.4
20260704T212854Z,25.5,89.6
20260704T212909Z,25.5,90.0
20260704T212924Z,25.5,90.2
20260704T212939Z,25.5,90.4
20260704T212954Z,25.5,90.5
20260704T213009Z,25.6,90.8
20260704T213024Z,25.6,90.9
20260704T213039Z,25.6,91.1
20260704T213054Z,25.6,91.3
20260704T213109Z,25.6,91.5
20260704T213124Z,25.7,91.6
20260704T213139Z,25.7,91.7
20260704T213154Z,25.7,92.0
20260704T213209Z,25.7,92.1
20260704T213224Z,25.7,92.2
20260704T213239Z,25.8,92.4
20260704T213254Z,25.8,92.5
20260704T213309Z,25.8,92.5
20260704T213324Z,25.8,92.7
20260704T213339Z,25.8,92.7
20260704T213354Z,25.9,92.8
20260704T213409Z,25.9,92.9
20260704T213424Z,25.9,93.0
20260704T213439Z,25.9,93.2
20260704T213454Z,25.9,93.3
20260704T213509Z,25.9,93.4
20260704T213524Z,26.0,93.5
20260704T213539Z,26.0,93.5
20260704T213554Z,26.0,93.7
20260704T213609Z,26.0,93.8
20260704T213624Z,26.0,93.9
20260704T213639Z,26.0,93.9
20260704T213654Z,26.0,94.0
20260704T213709Z,26.0,94.1
20260704T213724Z,26.1,94.1
20260704T213739Z,26.1,94.2
20260704T213754Z,26.1,94.2
20260704T213809Z,26.1,94.4
20260704T213824Z,26.1,94.4
20260704T213839Z,26.1,94.5
20260704T213854Z,26.1,94.6
20260704T213909Z,26.1,94.7
20260704T213924Z,26.1,94.7
20260704T213939Z,26.1,94.7
20260704T213954Z,26.2,94.8
20260704T214009Z,26.2,94.8
20260704T214024Z,26.2,94.9
20260704T214039Z,26.2,94.9
20260704T214054Z,26.2,94.9
20260704T214109Z,26.2,95.0
20260704T214124Z,26.2,95.1
20260704T214139Z,26.2,95.2
20260704T214154Z,26.2,95.2
20260704T214209Z,26.2,95.2
20260704T214224Z,26.2,95.2
20260704T214239Z,26.3,95.2
20260704T214254Z,26.3,95.2
20260704T214309Z,26.3,95.2
20260704T214324Z,26.3,95.2
20260704T214339Z,26.3,95.2
20260704T214354Z,26.3,95.2
20260704T214409Z,26.3,95.1
20260704T214424Z,26.3,95.2
20260704T214439Z,26.3,95.2
20260704T214454Z,26.3,95.3
20260704T214509Z,26.4,95.2
20260704T214524Z,26.4,95.2
20260704T214539Z,26.4,95.2
20260704T214554Z,26.4,95.2
20260704T214609Z,26.4,95.2
20260704T214624Z,26.4,95.2
20260704T214639Z,26.4,95.2
20260704T214654Z,26.4,95.2
20260704T214709Z,26.4,95.2
20260704T214724Z,26.4,95.2
20260704T214739Z,26.4,95.2
20260704T214754Z,26.4,95.2
20260704T214809Z,26.5,95.2
20260704T214824Z,26.5,95.1
20260704T214839Z,26.5,95.1
20260704T214854Z,26.5,95.1
20260704T214909Z,26.5,95.1
20260704T214924Z,26.5,95.1
20260704T214939Z,26.5,95.1
20260704T214954Z,26.5,95.0
20260704T215009Z,26.5,95.0
20260704T215024Z,26.5,95.0
20260704T215039Z,26.5,95.0
20260704T215054Z,26.5,95.0
20260704T215109Z,26.6,95.0
20260704T215124Z,26.6,95.0
20260704T215139Z,26.6,94.9
20260704T215154Z,26.6,94.9
20260704T215209Z,26.6,94.9
20260704T215224Z,26.6,94.9
20260704T215239Z,26.6,94.9
20260704T215254Z,26.6,94.9
20260704T215309Z,26.6,94.9
20260704T215324Z,26.6,94.9
20260704T215339Z,26.6,94.9
20260704T215354Z,26.6,94.8
20260704T215409Z,26.6,94.9
20260704T215424Z,26.6,94.1
20260704T215439Z,26.6,93.9
20260704T215454Z,26.6,92.7
20260704T215509Z,26.6,92.0
20260704T215524Z,26.5,91.2
20260704T215539Z,26.5,90.3
20260704T215554Z,26.4,89.1
20260704T215609Z,26.3,88.5
20260704T215624Z,26.3,87.7
20260704T215639Z,26.2,87.0
20260704T215654Z,26.2,85.8
20260704T215709Z,26.1,85.4
20260704T215724Z,26.0,84.2
20260704T215739Z,25.9,83.4
20260704T215754Z,25.9,82.7
20260704T215809Z,25.8,81.9
20260704T215824Z,25.7,81.3
20260704T215839Z,25.6,82.2
20260704T215854Z,25.6,83.5
20260704T215909Z,25.6,85.0
20260704T215924Z,25.5,86.0
20260704T215939Z,25.5,86.5
20260704T215954Z,25.5,87.0
20260704T220009Z,25.5,86.9
20260704T220024Z,25.5,87.4
20260704T220039Z,25.5,87.8
20260704T220054Z,25.5,88.2
20260704T220109Z,25.5,88.5
20260704T220124Z,25.5,88.8
20260704T220139Z,25.5,89.1
20260704T220154Z,25.5,89.4
20260704T220209Z,25.5,89.6
20260704T220224Z,25.5,89.8
20260704T220239Z,25.6,90.1
20260704T220254Z,25.6,90.3
20260704T220309Z,25.6,90.5
20260704T220324Z,25.6,90.7
20260704T220339Z,25.7,90.8
20260704T220354Z,25.7,91.0
20260704T220409Z,25.7,91.2
20260704T220424Z,25.7,91.4
20260704T220439Z,25.7,91.5
20260704T220454Z,25.8,91.7
20260704T220509Z,25.8,91.9
20260704T220524Z,25.8,92.1
20260704T220539Z,25.8,92.2
20260704T220554Z,25.8,92.3
20260704T220609Z,25.8,92.4
20260704T220624Z,25.8,92.6
20260704T220639Z,25.9,92.7
20260704T220654Z,25.9,92.8
20260704T220709Z,25.9,92.9
20260704T220724Z,25.9,93.0
20260704T220739Z,25.9,93.2
20260704T220754Z,25.9,93.3
20260704T220809Z,26.0,93.4
20260704T220824Z,26.0,93.5
20260704T220839Z,26.0,93.5
20260704T220854Z,26.0,93.7
20260704T220909Z,26.0,93.8
20260704T220924Z,26.0,93.9
20260704T220939Z,26.0,94.0
20260704T220954Z,26.0,94.1
20260704T221009Z,26.0,94.2
20260704T221024Z,26.0,94.3
20260704T221039Z,26.0,94.4
20260704T221054Z,26.1,94.4
20260704T221109Z,26.1,94.5
20260704T221124Z,26.1,94.6
20260704T221139Z,26.1,94.6
20260704T221154Z,26.1,94.7
20260704T221209Z,26.1,94.7
20260704T221224Z,26.1,94.7
20260704T221239Z,26.2,94.9
20260704T221254Z,26.2,94.9
20260704T221309Z,26.2,94.9
20260704T221324Z,26.2,95.0
20260704T221339Z,26.2,95.0
20260704T221354Z,26.2,95.0
20260704T221409Z,26.2,95.1
20260704T221424Z,26.2,95.1
20260704T221439Z,26.2,95.2
20260704T221454Z,26.2,95.2
20260704T221509Z,26.2,95.2
20260704T221524Z,26.3,95.2
20260704T221539Z,26.3,95.3
20260704T221554Z,26.3,95.3
20260704T221609Z,26.3,95.3
20260704T221624Z,26.3,95.4
20260704T221639Z,26.3,95.4
20260704T221654Z,26.3,95.4
20260704T221709Z,26.3,95.4
20260704T221724Z,26.3,95.3
20260704T221739Z,26.3,95.4
20260704T221754Z,26.3,95.4
20260704T221809Z,26.4,95.3
20260704T221824Z,26.4,95.4
20260704T221839Z,26.4,95.3
20260704T221854Z,26.4,95.4
20260704T221909Z,26.4,95.3
20260704T221924Z,26.4,95.3
20260704T221939Z,26.4,95.3
20260704T221954Z,26.4,95.3
20260704T222009Z,26.4,95.3
20260704T222024Z,26.5,95.3
20260704T222039Z,26.5,95.3
20260704T222054Z,26.5,95.3
20260704T222109Z,26.5,95.3
20260704T222124Z,26.5,95.3
20260704T222139Z,26.5,95.2
20260704T222154Z,26.5,95.2
20260704T222209Z,26.5,95.2
20260704T222224Z,26.5,95.2
20260704T222239Z,26.5,95.2
20260704T222254Z,26.5,95.2
20260704T222309Z,26.5,95.2
20260704T222324Z,26.6,95.2
20260704T222339Z,26.6,95.1
20260704T222354Z,26.6,95.1
20260704T222409Z,26.6,95.1
20260704T222424Z,26.6,95.1
20260704T222439Z,26.6,95.1
20260704T222454Z,26.6,95.0
20260704T222509Z,26.6,95.0
20260704T222524Z,26.6,95.0
20260704T222539Z,26.6,95.0
20260704T222554Z,26.6,94.9
20260704T222609Z,26.6,94.9
20260704T222624Z,26.7,94.7
20260704T222639Z,26.6,94.1
20260704T222654Z,26.6,92.7
20260704T222709Z,26.6,92.3
20260704T222724Z,26.6,91.0
20260704T222739Z,26.5,90.8
20260704T222754Z,26.4,89.5
20260704T222809Z,26.3,88.7
20260704T222824Z,26.3,88.0
20260704T222839Z,26.2,87.6
20260704T222854Z,26.2,86.4
20260704T222909Z,26.1,85.4
20260704T222924Z,26.0,84.3
20260704T222939Z,26.0,83.9
20260704T222954Z,25.9,83.2
20260704T223009Z,25.8,82.4
20260704T223024Z,25.7,80.9
20260704T223039Z,25.7,81.7
20260704T223054Z,25.6,83.0
20260704T223109Z,25.6,84.7
20260704T223124Z,25.6,85.4
20260704T223139Z,25.5,86.2
20260704T223154Z,25.5,86.6
20260704T223209Z,25.5,86.8
20260704T223224Z,25.5,87.2
20260704T223239Z,25.5,87.4
20260704T223254Z,25.5,87.9
20260704T223310Z,25.5,88.2
20260704T223324Z,25.5,88.4
20260704T223339Z,25.5,88.9
20260704T223354Z,25.5,89.2
20260704T223409Z,25.5,89.4
20260704T223424Z,25.6,89.7
20260704T223439Z,25.6,90.0
20260704T223454Z,25.6,90.2
20260704T223509Z,25.6,90.6
20260704T223524Z,25.6,90.7
20260704T223539Z,25.7,90.8
20260704T223554Z,25.7,91.1
20260704T223609Z,25.7,91.1
20260704T223624Z,25.7,91.4
20260704T223639Z,25.7,91.4
20260704T223654Z,25.8,91.8
20260704T223709Z,25.8,91.8
20260704T223724Z,25.8,92.0
20260704T223739Z,25.8,92.1
20260704T223754Z,25.8,92.3
20260704T223809Z,25.8,92.4
20260704T223824Z,25.9,92.5
20260704T223839Z,25.9,92.7
20260704T223854Z,25.9,92.8
20260704T223909Z,25.9,92.9
20260704T223924Z,25.9,93.0
20260704T223939Z,25.9,93.2
20260704T223954Z,26.0,93.2
20260704T224009Z,25.9,93.4
20260704T224024Z,26.0,93.5
20260704T224039Z,26.0,93.6
20260704T224054Z,26.0,93.7
20260704T224109Z,26.0,93.8
20260704T224124Z,26.0,93.9
20260704T224139Z,26.0,94.0
20260704T224154Z,26.0,94.1
20260704T224209Z,26.0,94.1
20260704T224224Z,26.1,94.2
20260704T224239Z,26.1,94.4
20260704T224254Z,26.1,94.4
20260704T224309Z,26.1,94.5
20260704T224324Z,26.1,94.6
20260704T224339Z,26.1,94.7
20260704T224354Z,26.1,94.7
20260704T224409Z,26.1,94.7
20260704T224424Z,26.1,94.8
20260704T224439Z,26.1,94.8
20260704T224454Z,26.2,94.9
20260704T224509Z,26.2,95.0
20260704T224524Z,26.2,95.1
20260704T224539Z,26.2,95.0
20260704T224554Z,26.2,95.1
20260704T224609Z,26.2,95.1
20260704T224624Z,26.2,95.1
20260704T224639Z,26.3,95.3
20260704T224654Z,26.2,95.2
20260704T224709Z,26.3,95.3
20260704T224724Z,26.3,95.3
20260704T224739Z,26.3,95.4
20260704T224754Z,26.3,95.4
20260704T224809Z,26.3,95.3
20260704T224824Z,26.3,95.4
20260704T224839Z,26.3,95.4
20260704T224854Z,26.3,95.5
20260704T224909Z,26.3,95.4
20260704T224924Z,26.3,95.4
20260704T224939Z,26.3,95.4
20260704T224954Z,26.4,95.5
20260704T225009Z,26.4,95.4
20260704T225024Z,26.4,95.4
20260704T225040Z,26.4,95.5
20260704T225054Z,26.4,95.5
20260704T225109Z,26.4,95.5
20260704T225124Z,26.4,95.4
20260704T225139Z,26.4,95.5
20260704T225154Z,26.4,95.5
20260704T225209Z,26.4,95.5
20260704T225224Z,26.4,95.5
20260704T225239Z,26.5,95.4
20260704T225254Z,26.5,95.4
20260704T225309Z,26.5,95.4
20260704T225324Z,26.5,95.4
20260704T225339Z,26.5,95.4
20260704T225354Z,26.5,95.4
20260704T225409Z,26.5,95.4
20260704T225424Z,26.5,95.4
20260704T225439Z,26.5,95.4
20260704T225454Z,26.5,95.4
20260704T225509Z,26.5,95.3
20260704T225524Z,26.5,95.3
20260704T225539Z,26.5,95.3
20260704T225554Z,26.6,95.3
20260704T225609Z,26.6,95.3
20260704T225624Z,26.6,95.2
20260704T225640Z,26.6,95.3
20260704T225654Z,26.6,95.2
20260704T225710Z,26.6,95.2
20260704T225724Z,26.6,95.2
20260704T225739Z,26.6,95.2
20260704T225754Z,26.6,94.4
20260704T225809Z,26.6,94.4
20260704T225824Z,26.6,92.8
20260704T225839Z,26.6,92.2
20260704T225855Z,26.5,91.6
20260704T225909Z,26.5,90.8
20260704T225925Z,26.5,89.8
20260704T225940Z,26.4,88.9
20260704T225954Z,26.4,87.8
20260704T230010Z,26.3,87.3
20260704T230024Z,26.2,85.8
20260704T230040Z,26.2,85.0
20260704T230054Z,26.1,84.2
20260704T230110Z,26.0,82.6
20260704T230124Z,25.9,81.9
20260704T230140Z,25.8,81.6
20260704T230154Z,25.7,80.2
20260704T230210Z,25.6,81.3
20260704T230224Z,25.5,83.4
20260704T230240Z,25.5,84.3
20260704T230254Z,25.5,86.2
20260704T230310Z,25.4,86.5
20260704T230324Z,25.4,86.8
20260704T230340Z,25.4,87.2
20260704T230354Z,25.4,87.5
20260704T230410Z,25.4,87.8
20260704T230424Z,25.4,88.2
20260704T230440Z,25.4,88.5
20260704T230454Z,25.5,88.8
20260704T230510Z,25.5,89.0
20260704T230524Z,25.5,89.3
20260704T230540Z,25.5,89.5
20260704T230554Z,25.6,89.8
20260704T230610Z,25.6,90.0
20260704T230624Z,25.6,90.2
20260704T230640Z,25.6,90.4
20260704T230654Z,25.6,90.5
20260704T230710Z,25.6,90.8
20260704T230724Z,25.7,90.8
20260704T230740Z,25.7,91.0
20260704T230754Z,25.7,91.2
20260704T230810Z,25.8,91.4
20260704T230824Z,25.8,91.5
20260704T230839Z,25.8,91.7
20260704T230854Z,25.8,91.9
20260704T230910Z,25.8,92.0
20260704T230924Z,25.8,92.1
20260704T230940Z,25.9,92.3
20260704T230954Z,25.9,92.4
20260704T231010Z,25.9,92.5
20260704T231024Z,25.9,92.7
20260704T231040Z,25.9,92.9
20260704T231054Z,25.9,93.0
20260704T231109Z,25.9,93.1
20260704T231125Z,26.0,93.2
20260704T231140Z,26.0,93.3
20260704T231155Z,26.0,93.4
20260704T231209Z,26.0,93.5
20260704T231225Z,26.0,93.7
20260704T231239Z,26.0,93.7
20260704T231255Z,26.0,93.8
20260704T231309Z,26.0,94.0
20260704T231325Z,26.1,94.1
20260704T231339Z,26.1,94.2
20260704T231355Z,26.1,94.3
20260704T231409Z,26.1,94.3
20260704T231425Z,26.1,94.4
20260704T231439Z,26.1,94.5
20260704T231454Z,26.1,94.6
20260704T231509Z,26.1,94.5
20260704T231525Z,26.1,94.6
20260704T231539Z,26.2,94.7
20260704T231555Z,26.2,94.8
20260704T231609Z,26.2,94.9
20260704T231625Z,26.2,95.0
20260704T231639Z,26.2,95.0
20260704T231655Z,26.2,95.1
20260704T231709Z,26.2,95.1
20260704T231725Z,26.2,95.2
20260704T231739Z,26.2,95.2
20260704T231755Z,26.2,95.3
20260704T231809Z,26.3,95.3
20260704T231824Z,26.3,95.4
20260704T231840Z,26.3,95.4
20260704T231854Z,26.3,95.4
20260704T231910Z,26.3,95.5
20260704T231924Z,26.3,95.5
20260704T231940Z,26.3,95.5
20260704T231954Z,26.3,95.5
20260704T232010Z,26.3,95.5
20260704T232025Z,26.3,95.6
20260704T232039Z,26.3,95.6
20260704T232055Z,26.3,95.6
20260704T232110Z,26.4,95.6
20260704T232125Z,26.4,95.7
20260704T232139Z,26.4,95.6
20260704T232155Z,26.4,95.6
20260704T232209Z,26.4,95.6
20260704T232225Z,26.4,95.6
20260704T232239Z,26.4,95.6
20260704T232255Z,26.4,95.6
20260704T232309Z,26.4,95.6
20260704T232325Z,26.4,95.6
20260704T232339Z,26.5,95.5
20260704T232355Z,26.5,95.5
20260704T232410Z,26.5,95.5
20260704T232425Z,26.5,95.5
20260704T232439Z,26.5,95.5
20260704T232455Z,26.5,95.5
20260704T232509Z,26.5,95.5
20260704T232525Z,26.5,95.5
20260704T232539Z,26.5,95.5
20260704T232555Z,26.6,95.4
20260704T232609Z,26.6,95.4
20260704T232625Z,26.6,95.5
20260704T232639Z,26.6,95.4
20260704T232655Z,26.6,95.4
20260704T232710Z,26.6,95.4
20260704T232724Z,26.6,95.4
20260704T232739Z,26.6,95.4
20260704T232755Z,26.6,95.4
20260704T232809Z,26.6,94.7
20260704T232825Z,26.6,94.7
20260704T232839Z,26.6,93.0
20260704T232855Z,26.6,92.7
20260704T232909Z,26.5,91.9
20260704T232925Z,26.5,91.0
20260704T232939Z,26.4,90.0
20260704T232955Z,26.4,88.7
20260704T233009Z,26.3,87.9
20260704T233025Z,26.3,86.9
20260704T233039Z,26.1,85.8
20260704T233054Z,26.1,85.2
20260704T233110Z,26.0,84.1
20260704T233124Z,25.9,83.7
20260704T233140Z,25.8,82.5
20260704T233154Z,25.7,81.6
20260704T233211Z,25.5,81.2
20260704T233225Z,25.4,81.0
20260704T233240Z,25.4,82.3
20260704T233254Z,25.3,83.9
20260704T233310Z,25.3,85.6
20260704T233324Z,25.3,86.7
20260704T233340Z,25.3,87.1
20260704T233355Z,25.3,87.2
20260704T233410Z,25.3,87.7
20260704T233424Z,25.3,87.8
20260704T233440Z,25.3,88.4
20260704T233454Z,25.3,89.3
20260704T233510Z,25.4,89.2
20260704T233524Z,25.4,89.5
20260704T233540Z,25.4,89.7
20260704T233554Z,25.5,90.0
20260704T233610Z,25.5,90.2
20260704T233624Z,25.5,90.4
20260704T233640Z,25.6,90.6
20260704T233654Z,25.6,90.8
20260704T233709Z,25.6,90.9
20260704T233725Z,25.6,91.1
20260704T233739Z,25.7,91.3
20260704T233754Z,25.7,91.6
20260704T233810Z,25.7,91.7
20260704T233824Z,25.7,91.8
20260704T233840Z,25.7,92.1
20260704T233854Z,25.8,92.2
20260704T233909Z,25.8,92.3
20260704T233925Z,25.8,92.6
20260704T233939Z,25.8,92.8
20260704T233955Z,25.9,92.9
20260704T234009Z,25.9,93.0
20260704T234025Z,25.9,93.1
20260704T234039Z,25.9,93.2
20260704T234055Z,25.9,93.4
20260704T234109Z,26.0,93.3
20260704T234125Z,25.9,93.6
20260704T234139Z,26.0,93.7
20260704T234155Z,26.0,93.9
20260704T234209Z,26.0,93.9
20260704T234225Z,26.0,94.0
20260704T234239Z,26.0,94.1
20260704T234255Z,26.1,94.2
20260704T234310Z,26.1,94.3
20260704T234325Z,26.1,94.4
20260704T234340Z,26.1,94.5
20260704T234355Z,26.1,94.6
20260704T234411Z,26.1,94.7
20260704T234425Z,26.1,94.7
20260704T234440Z,26.1,94.7
20260704T234454Z,26.1,94.9
20260704T234510Z,26.2,94.9
20260704T234524Z,26.2,95.0
20260704T234540Z,26.2,95.1
20260704T234554Z,26.2,95.1
20260704T234609Z,26.2,95.1
20260704T234625Z,26.2,95.3
20260704T234639Z,26.2,95.4
20260704T234655Z,26.2,95.4
20260704T234710Z,26.2,95.4
20260704T234725Z,26.2,95.4
20260704T234739Z,26.3,95.5
20260704T234755Z,26.3,95.6
20260704T234809Z,26.3,95.6
20260704T234825Z,26.3,95.7
20260704T234839Z,26.3,95.7
20260704T234855Z,26.3,95.7
20260704T234909Z,26.3,95.7
20260704T234925Z,26.3,95.7
20260704T234939Z,26.3,95.7
20260704T234954Z,26.3,95.8
20260704T235010Z,26.4,95.8
20260704T235025Z,26.4,95.9
20260704T235040Z,26.4,95.9
20260704T235054Z,26.4,95.9
20260704T235110Z,26.4,95.9
20260704T235124Z,26.4,95.9
20260704T235140Z,26.4,95.9
20260704T235154Z,26.4,95.9
20260704T235210Z,26.4,95.9
20260704T235224Z,26.4,95.9
20260704T235240Z,26.5,96.0
20260704T235255Z,26.5,95.9
20260704T235310Z,26.5,95.9
20260704T235325Z,26.5,95.9
20260704T235339Z,26.5,95.9
20260704T235355Z,26.5,95.9
20260704T235409Z,26.5,95.9
20260704T235425Z,26.5,95.9
20260704T235439Z,26.5,95.9
20260704T235455Z,26.5,95.8
20260704T235510Z,26.5,95.8
20260704T235524Z,26.6,95.8
20260704T235540Z,26.6,95.8
20260704T235555Z,26.6,95.8
20260704T235611Z,26.6,95.7
20260704T235625Z,26.6,95.8
20260704T235640Z,26.6,95.7
20260704T235655Z,26.6,95.7
20260704T235710Z,26.6,95.3
20260704T235725Z,26.6,93.8
20260704T235740Z,26.6,92.9
20260704T235755Z,26.5,92.3
20260704T235810Z,26.5,91.3
20260704T235825Z,26.4,90.6
20260704T235840Z,26.4,89.2
20260704T235855Z,26.3,88.6
20260704T235910Z,26.2,87.3
20260704T235925Z,26.1,86.8
20260704T235940Z,26.0,85.8
20260704T235955Z,26.0,85.0