Time,Temperature,Humidity
20260714T000010Z,24.6,78.6
20260714T000025Z,24.4,77.6
20260714T000040Z,24.3,78.5
20260714T000055Z,24.2,80.3
20260714T000110Z,24.2,81.9
20260714T000125Z,24.2,83.7
20260714T000140Z,24.2,84.7
20260714T000155Z,24.2,84.9
20260714T000210Z,24.3,85.2
20260714T000225Z,24.3,85.5
20260714T000240Z,24.4,85.6
20260714T000255Z,24.4,85.8
20260714T000310Z,24.4,86.0
20260714T000325Z,24.5,86.2
20260714T000340Z,24.5,86.7
20260714T000355Z,24.5,86.8
20260714T000410Z,24.6,87.2
20260714T000425Z,24.6,87.4
20260714T000440Z,24.7,87.7
20260714T000455Z,24.7,87.9
20260714T000510Z,24.8,88.2
20260714T000525Z,24.8,88.4
20260714T000540Z,24.8,88.6
20260714T000555Z,24.8,88.7
20260714T000610Z,24.9,88.9
20260714T000625Z,24.9,89.2
20260714T000640Z,24.9,89.3
20260714T000655Z,25.0,89.6
20260714T000710Z,25.0,89.6
20260714T000725Z,25.0,89.9
20260714T000740Z,25.0,90.0
20260714T000755Z,25.0,90.2
20260714T000810Z,25.1,90.5
20260714T000825Z,25.1,90.7
20260714T000840Z,25.1,90.8
20260714T000855Z,25.1,90.9
20260714T000910Z,25.1,91.0
20260714T000925Z,25.2,91.2
20260714T000940Z,25.2,91.4
20260714T000955Z,25.2,91.4
20260714T001010Z,25.2,91.6
20260714T001025Z,25.3,91.7
20260714T001040Z,25.3,91.8
20260714T001055Z,25.3,92.0
20260714T001110Z,25.3,92.1
20260714T001125Z,25.3,92.3
20260714T001140Z,25.3,92.4
20260714T001155Z,25.4,92.6
20260714T001210Z,25.4,92.6
20260714T001225Z,25.4,92.7
20260714T001240Z,25.4,92.8
20260714T001255Z,25.4,92.9
20260714T001310Z,25.5,93.0
20260714T001325Z,25.4,93.1
20260714T001340Z,25.5,93.1
20260714T001355Z,25.5,93.3
20260714T001410Z,25.5,93.4
20260714T001425Z,25.5,93.4
20260714T001440Z,25.5,93.4
20260714T001455Z,25.5,93.5
20260714T001510Z,25.6,93.6
20260714T001525Z,25.6,93.6
20260714T001540Z,25.6,93.9
20260714T001555Z,25.6,93.9
20260714T001610Z,25.6,93.3
20260714T001625Z,25.6,93.0
20260714T001640Z,25.6,91.7
20260714T001655Z,25.6,90.9
20260714T001710Z,25.6,90.0
20260714T001725Z,25.5,89.1
20260714T001740Z,25.5,88.0
20260714T001755Z,25.4,87.0
20260714T001810Z,25.4,86.1
20260714T001825Z,25.3,85.3
20260714T001840Z,25.3,84.5
20260714T001855Z,25.2,83.3
20260714T001910Z,25.1,81.9
20260714T001925Z,25.0,81.2
20260714T001940Z,24.9,80.3
20260714T001955Z,24.8,79.8
20260714T002010Z,24.6,79.0
20260714T002025Z,24.5,78.6
20260714T002040Z,24.3,78.2
20260714T002055Z,24.2,77.8
20260714T002110Z,24.1,79.0
20260714T002125Z,24.1,80.6
20260714T002140Z,24.1,81.7
20260714T002155Z,24.2,83.3
20260714T002210Z,24.2,85.6
20260714T002225Z,24.3,86.7
20260714T002240Z,24.4,86.6
20260714T002255Z,24.4,86.7
20260714T002310Z,24.5,86.8
20260714T002325Z,24.5,87.1
20260714T002340Z,24.6,87.3
20260714T002355Z,24.6,87.4
20260714T002410Z,24.7,87.6
20260714T002425Z,24.7,87.8
20260714T002440Z,24.7,88.1
20260714T002455Z,24.8,88.2
20260714T002510Z,24.8,88.4
20260714T002525Z,24.8,88.5
20260714T002540Z,24.9,88.7
20260714T002555Z,24.9,88.9
20260714T002610Z,24.9,89.1
20260714T002625Z,25.0,89.3
20260714T002640Z,25.0,89.4
20260714T002655Z,25.0,89.6
20260714T002710Z,25.0,89.6
20260714T002725Z,25.1,90.0
20260714T002740Z,25.1,90.2
20260714T002755Z,25.1,90.2
20260714T002810Z,25.1,90.4
20260714T002825Z,25.1,90.6
20260714T002840Z,25.2,90.8
20260714T002855Z,25.2,90.9
20260714T002910Z,25.2,91.2
20260714T002925Z,25.2,91.2
20260714T002940Z,25.3,91.4
20260714T002955Z,25.3,91.5
20260714T003010Z,25.3,91.6
20260714T003025Z,25.3,91.7
20260714T003040Z,25.3,91.8
20260714T003055Z,25.3,91.9
20260714T003110Z,25.4,92.1
20260714T003125Z,25.4,92.1
20260714T003140Z,25.4,92.2
20260714T003155Z,25.4,92.3
20260714T003210Z,25.4,92.5
20260714T003225Z,25.4,92.5
20260714T003240Z,25.4,92.6
20260714T003255Z,25.4,92.6
20260714T003310Z,25.5,92.8
20260714T003325Z,25.5,92.9
20260714T003340Z,25.5,93.0
20260714T003355Z,25.5,93.1
20260714T003410Z,25.5,93.2
20260714T003425Z,25.5,93.2
20260714T003440Z,25.5,93.2
20260714T003455Z,25.6,93.3
20260714T003510Z,25.6,93.4
20260714T003525Z,25.6,93.5
20260714T003540Z,25.6,93.6
20260714T003555Z,25.6,93.6
20260714T003610Z,25.6,93.5
20260714T003625Z,25.7,93.7
20260714T003640Z,25.6,93.0
20260714T003655Z,25.6,92.2
20260714T003710Z,25.6,91.2
20260714T003725Z,25.6,90.8
20260714T003740Z,25.6,89.6
20260714T003755Z,25.5,88.7
20260714T003810Z,25.5,87.2
20260714T003825Z,25.4,86.7
20260714T003840Z,25.4,86.1
20260714T003855Z,25.3,85.7
20260714T003910Z,25.3,85.4
20260714T003925Z,25.2,84.3
20260714T003940Z,25.2,83.7
20260714T003955Z,25.2,82.6
20260714T004010Z,25.1,81.5
20260714T004025Z,25.1,80.8
20260714T004040Z,25.1,79.1
20260714T004055Z,25.0,78.6
20260714T004110Z,25.0,77.8
20260714T004125Z,25.0,78.2
20260714T004140Z,25.0,80.5
20260714T004155Z,24.9,82.3
20260714T004210Z,24.9,83.1
20260714T004225Z,24.8,83.7
20260714T004240Z,24.8,84.0
20260714T004255Z,24.8,84.4
20260714T004310Z,24.8,84.9
20260714T004325Z,24.8,85.2
20260714T004340Z,24.8,85.5
20260714T004355Z,24.8,85.7
20260714T004410Z,24.8,86.1
20260714T004425Z,24.8,86.4
20260714T004440Z,24.8,86.5
20260714T004455Z,24.8,86.8
20260714T004510Z,24.9,87.0
20260714T004525Z,24.9,87.3
20260714T004540Z,24.9,87.4
20260714T004555Z,24.9,87.7
20260714T004610Z,25.0,87.9
20260714T004625Z,25.0,88.0
20260714T004640Z,25.0,88.2
20260714T004655Z,25.0,88.3
20260714T004710Z,25.0,88.5
20260714T004725Z,25.1,88.8
20260714T004740Z,25.1,89.0
20260714T004755Z,25.1,89.0
20260714T004810Z,25.1,89.3
20260714T004825Z,25.1,89.4
20260714T004840Z,25.2,89.6
20260714T004855Z,25.2,89.7
20260714T004910Z,25.2,89.8
20260714T004925Z,25.2,90.0
20260714T004940Z,25.2,90.1
20260714T004955Z,25.2,90.3
20260714T005010Z,25.2,90.6
20260714T005025Z,25.3,90.6
20260714T005040Z,25.3,90.8
20260714T005055Z,25.3,90.9
20260714T005110Z,25.3,91.0
20260714T005125Z,25.3,91.2
20260714T005140Z,25.3,91.3
20260714T005155Z,25.4,91.4
20260714T005210Z,25.4,91.5
20260714T005225Z,25.4,91.6
20260714T005240Z,25.4,91.8
20260714T005255Z,25.4,91.8
20260714T005310Z,25.4,91.9
20260714T005325Z,25.4,92.1
20260714T005340Z,25.4,92.1
20260714T005355Z,25.5,92.3
20260714T005410Z,25.5,92.2
20260714T005425Z,25.5,92.3
20260714T005440Z,25.5,92.4
20260714T005455Z,25.5,92.4
20260714T005510Z,25.5,92.5
20260714T005525Z,25.5,92.6
20260714T005540Z,25.6,92.7
20260714T005555Z,25.6,92.8
20260714T005610Z,25.6,92.9
20260714T005625Z,25.6,92.9
20260714T005640Z,25.6,92.9
20260714T005655Z,25.6,93.0
20260714T005710Z,25.6,93.1
20260714T005725Z,25.6,93.1
20260714T005740Z,25.6,93.2
20260714T005755Z,25.7,93.3
20260714T005810Z,25.7,93.3
20260714T005825Z,25.7,93.4
20260714T005840Z,25.7,93.3
20260714T005855Z,25.7,93.5
20260714T005910Z,25.7,93.5
20260714T005925Z,25.7,93.5
20260714T005940Z,25.7,93.6
20260714T005955Z,25.7,93.7
20260714T010010Z,25.7,93.7
20260714T010025Z,25.7,93.3
20260714T010040Z,25.7,93.0
20260714T010055Z,25.7,91.3
20260714T010110Z,25.7,90.9
20260714T010125Z,25.7,90.1
20260714T010140Z,25.7,89.0
20260714T010155Z,25.6,87.7
20260714T010210Z,25.6,86.6
20260714T010225Z,25.5,85.9
20260714T010240Z,25.4,84.9
20260714T010255Z,25.4,83.8
20260714T010310Z,25.3,83.1
20260714T010325Z,25.2,82.2
20260714T010340Z,25.1,81.2
20260714T010355Z,25.0,80.6
20260714T010410Z,24.9,79.4
20260714T010425Z,24.8,79.3
20260714T010440Z,24.7,79.0
20260714T010455Z,24.7,78.1
20260714T010510Z,24.6,78.9
20260714T010525Z,24.6,80.3
20260714T010540Z,24.5,82.1
20260714T010555Z,24.5,83.5
20260714T010610Z,24.5,84.3
20260714T010625Z,24.5,84.5
20260714T010640Z,24.5,84.7
20260714T010655Z,24.5,85.1
20260714T010710Z,24.6,85.2
20260714T010725Z,24.6,85.7
20260714T010740Z,24.6,85.8
20260714T010755Z,24.7,86.0
20260714T010810Z,24.7,86.2
20260714T010825Z,24.7,86.4
20260714T010840Z,24.8,86.5
20260714T010855Z,24.8,86.8
20260714T010910Z,24.8,87.2
20260714T010925Z,24.8,87.3
20260714T010940Z,24.8,87.4
20260714T010955Z,24.9,87.8
20260714T011010Z,24.9,87.9
20260714T011025Z,24.9,88.2
20260714T011040Z,25.0,88.1
20260714T011055Z,25.0,87.9
20260714T011110Z,25.0,87.9
20260714T011125Z,25.1,88.2
20260714T011140Z,25.1,88.4
20260714T011155Z,25.1,88.5
20260714T011210Z,25.1,88.7
20260714T011225Z,25.1,88.9
20260714T011240Z,25.2,88.6
20260714T011255Z,25.2,88.9
20260714T011310Z,25.2,89.1
20260714T011325Z,25.2,89.2
20260714T011340Z,25.2,89.4
20260714T011355Z,25.2,89.5
20260714T011410Z,25.3,89.7
20260714T011425Z,25.3,89.9
20260714T011440Z,25.3,90.0
20260714T011455Z,25.3,90.1
20260714T011510Z,25.3,90.3
20260714T011525Z,25.3,90.4
20260714T011540Z,25.3,90.7
20260714T011555Z,25.4,90.8
20260714T011610Z,25.4,90.8
20260714T011625Z,25.4,91.0
20260714T011640Z,25.4,91.1
20260714T011655Z,25.4,91.3
20260714T011710Z,25.4,91.4
20260714T011725Z,25.5,91.5
20260714T011740Z,25.5,91.6
20260714T011755Z,25.5,91.7
20260714T011810Z,25.5,91.9
20260714T011825Z,25.5,91.9
20260714T011840Z,25.5,91.9
20260714T011855Z,25.5,92.0
20260714T011910Z,25.6,92.1
20260714T011925Z,25.6,92.1
20260714T011940Z,25.6,92.2
20260714T011955Z,25.6,92.3
20260714T012010Z,25.6,92.4
20260714T012025Z,25.6,92.4
20260714T012040Z,25.7,92.5
20260714T012055Z,25.7,92.6
20260714T012110Z,25.7,92.6
20260714T012125Z,25.7,92.7
20260714T012140Z,25.7,92.8
20260714T012155Z,25.7,92.8
20260714T012210Z,25.7,92.4
20260714T012225Z,25.7,90.7
20260714T012240Z,25.7,90.0
20260714T012255Z,25.7,89.2
20260714T012310Z,25.7,88.4
20260714T012325Z,25.6,87.4
20260714T012340Z,25.6,86.7
20260714T012355Z,25.5,85.9
20260714T012410Z,25.5,84.8
20260714T012425Z,25.4,83.8
20260714T012440Z,25.4,83.0
20260714T012455Z,25.3,82.1
20260714T012510Z,25.3,82.7
20260714T012525Z,25.3,83.9
20260714T012540Z,25.3,85.1
20260714T012555Z,25.3,85.9
20260714T012610Z,25.2,86.1
20260714T012625Z,25.2,86.6
20260714T012640Z,25.2,87.0
20260714T012655Z,25.2,87.5
20260714T012710Z,25.2,87.7
20260714T012725Z,25.2,87.9
20260714T012740Z,25.2,88.2
20260714T012755Z,25.2,88.6
20260714T012810Z,25.2,88.9
20260714T012825Z,25.2,89.0
20260714T012840Z,25.3,89.4
20260714T012855Z,25.3,89.5
20260714T012910Z,25.3,89.9
20260714T012925Z,25.3,90.0
20260714T012940Z,25.3,90.3
20260714T012955Z,25.3,90.4
20260714T013010Z,25.4,90.5
20260714T013025Z,25.4,90.7
20260714T013040Z,25.4,90.9
20260714T013055Z,25.4,91.1
20260714T013110Z,25.4,91.2
20260714T013125Z,25.4,91.4
20260714T013140Z,25.5,91.4
20260714T013155Z,25.5,91.5
20260714T013210Z,25.5,91.7
20260714T013225Z,25.5,91.9
20260714T013240Z,25.5,92.0
20260714T013255Z,25.5,92.1
20260714T013310Z,25.5,92.2
20260714T013325Z,25.5,92.4
20260714T013340Z,25.6,92.4
20260714T013355Z,25.6,92.5
20260714T013410Z,25.6,92.6
20260714T013425Z,25.6,92.7
20260714T013440Z,25.6,92.8
20260714T013455Z,25.6,92.9
20260714T013510Z,25.7,92.9
20260714T013525Z,25.7,93.1
20260714T013540Z,25.7,93.1
20260714T013555Z,25.7,93.3
20260714T013610Z,25.7,93.2
20260714T013626Z,25.7,93.3
20260714T013640Z,25.7,93.4
20260714T013655Z,25.7,93.4
20260714T013710Z,25.8,93.4
20260714T013725Z,25.8,93.6
20260714T013740Z,25.8,93.6
20260714T013755Z,25.8,93.7
20260714T013810Z,25.8,93.7
20260714T013825Z,25.8,93.7
20260714T013840Z,25.8,93.7
20260714T013855Z,25.8,93.8
20260714T013910Z,25.8,93.9
20260714T013925Z,25.9,93.9
20260714T013940Z,25.9,93.9
20260714T013955Z,25.9,93.9
20260714T014010Z,25.9,93.9
20260714T014025Z,25.9,94.0
20260714T014040Z,25.9,94.1
20260714T014055Z,25.9,94.0
20260714T014110Z,25.9,94.1
20260714T014125Z,26.0,94.1
20260714T014140Z,26.0,94.2
20260714T014155Z,26.0,94.3
20260714T014211Z,26.0,94.2
20260714T014225Z,26.0,94.2
20260714T014241Z,26.0,94.2
20260714T014255Z,26.0,94.2
20260714T014310Z,26.0,94.2
20260714T014325Z,26.1,94.2
20260714T014340Z,26.1,94.3
20260714T014355Z,26.1,94.3
20260714T014410Z,26.1,94.3
20260714T014425Z,26.1,94.4
20260714T014440Z,26.1,94.3
20260714T014455Z,26.1,94.3
20260714T014511Z,26.1,94.4
20260714T014526Z,26.1,94.4
20260714T014540Z,26.1,94.4
20260714T014556Z,26.2,94.4
20260714T014610Z,26.2,94.4
20260714T014625Z,26.2,94.4
20260714T014640Z,26.2,94.4
20260714T014655Z,26.2,94.4
20260714T014710Z,26.2,94.4
20260714T014725Z,26.2,94.4
20260714T014740Z,26.2,94.4
20260714T014756Z,26.2,94.5
20260714T014810Z,26.2,94.4
20260714T014826Z,26.2,94.5
20260714T014840Z,26.2,94.4
20260714T014856Z,26.3,94.4
20260714T014910Z,26.3,94.4
20260714T014926Z,26.3,94.4
20260714T014940Z,26.3,94.4
20260714T014956Z,26.3,94.4
20260714T015010Z,26.3,94.4
20260714T015026Z,26.3,94.4
20260714T015040Z,26.3,94.4
20260714T015056Z,26.3,94.4
20260714T015110Z,26.3,94.4
20260714T015125Z,26.4,94.4
20260714T015140Z,26.4,94.3
20260714T015155Z,26.4,94.4
20260714T015210Z,26.4,94.3
20260714T015226Z,26.4,94.4
20260714T015240Z,26.4,94.3
20260714T015256Z,26.4,94.4
20260714T015310Z,26.4,94.3
20260714T015326Z,26.4,94.3
20260714T015340Z,26.4,94.3
20260714T015356Z,26.4,94.3
20260714T015410Z,26.4,94.2
20260714T015426Z,26.5,94.3
20260714T015440Z,26.5,94.2
20260714T015456Z,26.5,94.3
20260714T015510Z,26.5,94.2
20260714T015526Z,26.5,94.1
20260714T015540Z,26.5,94.1
20260714T015556Z,26.5,94.1
20260714T015610Z,26.5,94.0
20260714T015626Z,26.6,94.0
20260714T015640Z,26.6,93.9
20260714T015656Z,26.6,93.7
20260714T015710Z,26.6,93.1
20260714T015726Z,26.6,92.4
20260714T015740Z,26.6,91.1
20260714T015755Z,26.5,90.4
20260714T015811Z,26.5,89.2
20260714T015826Z,26.4,89.0
20260714T015840Z,26.4,87.8
20260714T015856Z,26.3,87.1
20260714T015910Z,26.2,86.7
20260714T015926Z,26.2,85.7
20260714T015940Z,26.1,85.2
20260714T015956Z,26.0,84.1
20260714T020011Z,25.9,83.6
20260714T020025Z,25.9,82.4
20260714T020041Z,25.8,82.0
20260714T020055Z,25.7,81.6
20260714T020111Z,25.6,80.4
20260714T020125Z,25.5,79.8
20260714T020140Z,25.4,79.3
20260714T020156Z,25.4,80.3
20260714T020210Z,25.3,81.7
20260714T020226Z,25.3,83.1
20260714T020241Z,25.2,84.2
20260714T020256Z,25.2,84.8
20260714T020310Z,25.2,85.1
20260714T020326Z,25.2,85.5
20260714T020341Z,25.2,85.9
20260714T020355Z,25.2,86.3
20260714T020411Z,25.2,86.7
20260714T020425Z,25.2,87.0
20260714T020440Z,25.2,87.3
20260714T020455Z,25.2,87.4
20260714T020510Z,25.2,88.0
20260714T020526Z,25.3,88.2
20260714T020540Z,25.3,88.5
20260714T020556Z,25.3,88.7
20260714T020610Z,25.3,89.0
20260714T020626Z,25.3,89.3
20260714T020641Z,25.4,89.4
20260714T020655Z,25.4,89.8
20260714T020711Z,25.4,90.0
20260714T020725Z,25.4,90.2
20260714T020741Z,25.4,90.2
20260714T020755Z,25.4,90.5
20260714T020811Z,25.4,90.7
20260714T020825Z,25.5,90.9
20260714T020841Z,25.5,90.9
20260714T020855Z,25.5,91.0
20260714T020911Z,25.5,91.3
20260714T020925Z,25.6,91.5
20260714T020941Z,25.6,91.7
20260714T020955Z,25.6,91.8
20260714T021011Z,25.6,91.9
20260714T021025Z,25.6,92.0
20260714T021040Z,25.6,92.1
20260714T021056Z,25.7,92.3
20260714T021110Z,25.7,92.4
20260714T021126Z,25.7,92.5
20260714T021140Z,25.7,92.6
20260714T021156Z,25.7,92.6
20260714T021210Z,25.7,92.8
20260714T021226Z,25.8,92.9
20260714T021241Z,25.8,93.0
20260714T021255Z,25.8,93.0
20260714T021310Z,25.8,93.1
20260714T021326Z,25.8,93.2
20260714T021340Z,25.8,93.3
20260714T021356Z,25.9,93.4
20260714T021410Z,25.9,93.3
20260714T021425Z,25.9,93.5
20260714T021441Z,25.9,93.5
20260714T021455Z,25.9,93.6
20260714T021511Z,25.9,93.7
20260714T021525Z,25.9,93.7
20260714T021540Z,26.0,93.6
20260714T021556Z,26.0,93.8
20260714T021611Z,26.0,93.8
20260714T021626Z,26.0,93.8
20260714T021640Z,26.0,93.8
20260714T021655Z,26.1,93.8
20260714T021710Z,26.1,93.8
20260714T021725Z,26.1,93.7
20260714T021741Z,26.1,93.7
20260714T021755Z,26.1,93.8
20260714T021811Z,26.1,93.7
20260714T021825Z,26.2,93.7
20260714T021841Z,26.2,93.8
20260714T021855Z,26.2,93.7
20260714T021911Z,26.2,93.7
20260714T021926Z,26.2,93.8
20260714T021940Z,26.2,93.8
20260714T021956Z,26.2,93.7
20260714T022010Z,26.2,93.7
20260714T022026Z,26.3,93.7
20260714T022041Z,26.3,93.7
20260714T022055Z,26.3,93.7
20260714T022111Z,26.3,93.7
20260714T022125Z,26.3,93.7
20260714T022140Z,26.3,93.7
20260714T022156Z,26.4,93.7
20260714T022210Z,26.4,93.7
20260714T022226Z,26.4,93.7
20260714T022241Z,26.4,93.7
20260714T022255Z,26.4,93.6
20260714T022311Z,26.4,93.7
20260714T022325Z,26.4,93.6
20260714T022341Z,26.4,93.6
20260714T022356Z,26.4,93.5
20260714T022410Z,26.5,93.5
20260714T022426Z,26.5,93.5
20260714T022440Z,26.5,93.5
20260714T022456Z,26.5,93.5
20260714T022510Z,26.5,93.5
20260714T022526Z,26.5,93.5
20260714T022540Z,26.5,93.5
20260714T022556Z,26.5,93.5
20260714T022610Z,26.5,93.4
20260714T022626Z,26.6,93.4
20260714T022641Z,26.6,92.7
20260714T022656Z,26.6,92.5
20260714T022710Z,26.6,91.1
20260714T022726Z,26.5,90.2
20260714T022740Z,26.5,89.5
20260714T022756Z,26.4,88.4
20260714T022810Z,26.4,87.9
20260714T022826Z,26.3,86.9
20260714T022840Z,26.2,85.8
20260714T022856Z,26.2,85.1
20260714T022910Z,26.1,84.5
20260714T022925Z,26.0,83.8
20260714T022940Z,25.9,83.5
20260714T022956Z,25.8,83.2
20260714T023010Z,25.8,81.1
20260714T023025Z,25.7,80.9
20260714T023041Z,25.5,80.2
20260714T023055Z,25.4,79.9
20260714T023111Z,25.4,78.8
20260714T023125Z,25.3,78.6
20260714T023141Z,25.2,77.5
20260714T023156Z,25.1,77.3
20260714T023210Z,25.0,77.6
20260714T023226Z,25.0,79.4
20260714T023242Z,25.0,81.1
20260714T023256Z,24.9,82.6
20260714T023310Z,24.9,83.2
20260714T023326Z,24.9,83.4
20260714T023340Z,25.0,83.9
20260714T023356Z,25.0,84.2
20260714T023410Z,25.0,84.6
20260714T023426Z,25.0,85.0
20260714T023440Z,25.0,85.5
20260714T023456Z,25.0,85.8
20260714T023510Z,25.1,86.1
20260714T023526Z,25.1,86.3
20260714T023541Z,25.1,86.9
20260714T023556Z,25.2,87.1
20260714T023610Z,25.2,87.5
20260714T023625Z,25.2,87.6
20260714T023640Z,25.2,87.9
20260714T023656Z,25.3,88.1
20260714T023710Z,25.3,88.4
20260714T023726Z,25.4,88.5
20260714T023740Z,25.4,88.8
20260714T023756Z,25.4,89.0
20260714T023811Z,25.4,89.1
20260714T023826Z,25.5,89.3
20260714T023841Z,25.5,89.6
20260714T023856Z,25.5,89.9
20260714T023911Z,25.5,89.9
20260714T023925Z,25.6,90.2
20260714T023940Z,25.6,90.6
20260714T023956Z,25.6,90.7
20260714T024010Z,25.6,91.0
20260714T024026Z,25.7,90.9
20260714T024041Z,25.7,91.0
20260714T024055Z,25.7,91.2
20260714T024111Z,25.8,91.4
20260714T024125Z,25.8,91.5
20260714T024141Z,25.8,91.5
20260714T024155Z,25.8,91.6
20260714T024210Z,25.8,91.7
20260714T024225Z,25.8,91.9
20260714T024241Z,25.9,92.0
20260714T024256Z,25.9,92.1
20260714T024311Z,25.9,92.3
20260714T024325Z,25.9,92.2
20260714T024342Z,25.9,92.4
20260714T024356Z,25.9,92.6
20260714T024411Z,25.9,92.6
20260714T024426Z,26.0,92.7
20260714T024440Z,26.0,92.8
20260714T024456Z,26.0,92.8
20260714T024511Z,26.0,92.8
20260714T024526Z,26.0,92.9
20260714T024541Z,26.0,93.0
20260714T024556Z,26.0,93.1
20260714T024611Z,26.1,93.1
20260714T024626Z,26.1,93.2
20260714T024641Z,26.1,93.2
20260714T024656Z,26.1,93.2
20260714T024711Z,26.1,93.3
20260714T024726Z,26.1,93.4
20260714T024741Z,26.1,93.4
20260714T024756Z,26.2,93.4
20260714T024811Z,26.2,93.4
20260714T024826Z,26.2,93.4
20260714T024841Z,26.2,93.4
20260714T024856Z,26.2,93.4
20260714T024911Z,26.2,93.4
20260714T024926Z,26.3,93.5
20260714T024941Z,26.3,93.5
20260714T024956Z,26.3,93.5
20260714T025011Z,26.3,93.4
20260714T025026Z,26.3,93.5
20260714T025041Z,26.3,93.4
20260714T025056Z,26.3,93.5
20260714T025111Z,26.3,93.4
20260714T025126Z,26.4,93.4
20260714T025141Z,26.4,93.4
20260714T025156Z,26.4,93.4
20260714T025211Z,26.4,93.3
20260714T025226Z,26.4,93.4
20260714T025241Z,26.4,93.3
20260714T025256Z,26.5,93.4
20260714T025311Z,26.5,93.2
20260714T025326Z,26.5,93.3
20260714T025341Z,26.5,93.2
20260714T025356Z,26.5,93.2
20260714T025411Z,26.5,93.2
20260714T025426Z,26.5,93.2
20260714T025441Z,26.6,93.2
20260714T025456Z,26.6,92.9
20260714T025511Z,26.6,92.6
20260714T025526Z,26.5,90.7
20260714T025541Z,26.5,89.8
20260714T025556Z,26.5,89.3
20260714T025611Z,26.4,88.2
20260714T025626Z,26.4,87.5
20260714T025641Z,26.3,86.9
20260714T025656Z,26.2,85.7
20260714T025711Z,26.2,85.2
20260714T025726Z,26.1,84.8
20260714T025741Z,26.0,83.5
20260714T025756Z,25.9,82.6
20260714T025811Z,25.8,82.6
20260714T025826Z,25.7,81.7
20260714T025841Z,25.7,81.2
20260714T025856Z,25.6,80.3
20260714T025911Z,25.5,79.4
20260714T025926Z,25.4,78.5
20260714T025941Z,25.4,78.0
20260714T025956Z,25.3,77.8
20260714T030011Z,25.2,77.3
20260714T030026Z,25.1,78.5
20260714T030042Z,25.1,79.8
20260714T030056Z,25.1,81.3
20260714T030111Z,25.1,82.7
20260714T030126Z,25.0,83.0
20260714T030141Z,25.1,83.5
20260714T030156Z,25.1,83.9
20260714T030211Z,25.1,84.4
20260714T030226Z,25.1,84.7
20260714T030241Z,25.1,85.3
20260714T030256Z,25.1,85.6
20260714T030311Z,25.1,85.7
20260714T030326Z,25.2,86.2
20260714T030341Z,25.2,86.4
20260714T030356Z,25.2,86.8
20260714T030411Z,25.3,87.1
20260714T030426Z,25.3,87.3
20260714T030441Z,25.3,87.5
20260714T030456Z,25.3,87.9
20260714T030511Z,25.4,88.1
20260714T030526Z,25.4,88.4
20260714T030541Z,25.4,88.6
20260714T030556Z,25.4,88.9
20260714T030611Z,25.5,89.0
20260714T030626Z,25.5,89.2
20260714T030641Z,25.5,89.4
20260714T030656Z,25.5,89.6
20260714T030711Z,25.6,89.9
20260714T030726Z,25.6,90.1
20260714T030741Z,25.6,90.3
20260714T030756Z,25.6,90.4
20260714T030811Z,25.6,90.5
20260714T030826Z,25.7,90.7
20260714T030841Z,25.7,90.8
20260714T030856Z,25.7,91.0
20260714T030911Z,25.7,91.2
20260714T030926Z,25.7,91.2
20260714T030941Z,25.8,91.4
20260714T030956Z,25.8,91.5
20260714T031011Z,25.8,91.7
20260714T031026Z,25.8,91.8
20260714T031041Z,25.8,91.9
20260714T031056Z,25.9,92.0
20260714T031111Z,25.9,92.1
20260714T031126Z,25.9,92.2
20260714T031141Z,25.9,92.4
20260714T031156Z,25.9,92.4
20260714T031211Z,25.9,92.4
20260714T031226Z,25.9,92.5
20260714T031241Z,26.0,92.6
20260714T031256Z,26.0,92.8
20260714T031311Z,26.0,93.0
20260714T031326Z,26.0,93.0
20260714T031341Z,26.0,93.0
20260714T031356Z,26.1,93.1
20260714T031411Z,26.1,93.2
20260714T031426Z,26.1,93.3
20260714T031441Z,26.1,93.2
20260714T031456Z,26.1,93.3
20260714T031511Z,26.1,93.2
20260714T031526Z,26.2,93.3
20260714T031541Z,26.2,93.5
20260714T031556Z,26.2,93.5
20260714T031611Z,26.2,93.5
20260714T031626Z,26.2,93.4
20260714T031641Z,26.3,93.5
20260714T031656Z,26.3,93.5
20260714T031711Z,26.3,93.5
20260714T031726Z,26.3,93.4
20260714T031741Z,26.3,93.5
20260714T031756Z,26.4,93.5
20260714T031811Z,26.4,93.5
20260714T031826Z,26.4,93.5
20260714T031841Z,26.4,93.5
20260714T031856Z,26.4,93.5
20260714T031911Z,26.4,93.5
20260714T031926Z,26.4,93.5
20260714T031941Z,26.4,93.5
20260714T031956Z,26.5,93.5
20260714T032011Z,26.5,93.5
20260714T032026Z,26.5,93.5
20260714T032041Z,26.5,93.2
20260714T032056Z,26.5,92.6
20260714T032111Z,26.5,91.1
20260714T032126Z,26.5,90.6
20260714T032141Z,26.4,89.5
20260714T032156Z,26.4,88.7
20260714T032211Z,26.3,88.0
20260714T032226Z,26.3,87.4
20260714T032241Z,26.2,86.2
20260714T032256Z,26.2,85.0
20260714T032311Z,26.1,84.5
20260714T032326Z,26.0,83.8
20260714T032341Z,25.9,83.3
20260714T032356Z,25.8,82.3
20260714T032411Z,25.7,81.7
20260714T032426Z,25.6,81.3
20260714T032441Z,25.6,80.6
20260714T032456Z,25.5,80.0
20260714T032511Z,25.4,79.0
20260714T032526Z,25.4,78.6
20260714T032541Z,25.3,77.9
20260714T032556Z,25.2,78.0
20260714T032611Z,25.1,80.0
20260714T032626Z,25.1,81.5
20260714T032641Z,25.1,83.0
20260714T032656Z,25.1,83.8
20260714T032711Z,25.0,84.0
20260714T032726Z,25.1,84.2
20260714T032741Z,25.1,84.8
20260714T032756Z,25.1,85.3
20260714T032811Z,25.1,85.6
20260714T032826Z,25.1,86.1
20260714T032841Z,25.2,86.5
20260714T032856Z,25.2,86.6
20260714T032911Z,25.2,86.9
20260714T032926Z,25.2,87.3
20260714T032941Z,25.3,87.6
20260714T032956Z,25.3,87.9
20260714T033011Z,25.3,88.1
20260714T033026Z,25.4,88.4
20260714T033041Z,25.4,88.6
20260714T033056Z,25.4,88.8
20260714T033111Z,25.4,88.8
20260714T033126Z,25.5,89.3
20260714T033141Z,25.5,89.5
20260714T033156Z,25.5,89.8
20260714T033211Z,25.6,90.2
20260714T033226Z,25.6,90.5
20260714T033241Z,25.6,90.7
20260714T033256Z,25.6,90.7
20260714T033311Z,25.7,90.8
20260714T033326Z,25.7,90.9
20260714T033341Z,25.7,91.2
20260714T033356Z,25.8,91.3
20260714T033411Z,25.8,91.3
20260714T033426Z,25.8,91.4
20260714T033441Z,25.8,91.7
20260714T033456Z,25.8,91.9
20260714T033511Z,25.8,91.9
20260714T033526Z,25.9,92.1
20260714T033541Z,25.9,92.2
20260714T033556Z,25.9,92.2
20260714T033611Z,25.9,92.3
20260714T033626Z,25.9,92.4
20260714T033641Z,25.9,92.6
20260714T033656Z,25.9,92.7
20260714T033711Z,26.0,92.8
20260714T033726Z,26.0,92.8
20260714T033741Z,26.0,92.9
20260714T033756Z,26.0,93.0
20260714T033811Z,26.0,93.1
20260714T033826Z,26.0,93.1
20260714T033841Z,26.1,93.2
20260714T033856Z,26.1,93.2
20260714T033911Z,26.1,93.3
20260714T033926Z,26.1,93.4
20260714T033941Z,26.1,93.5
20260714T033956Z,26.1,93.5
20260714T034011Z,26.1,93.6
20260714T034026Z,26.2,93.6
20260714T034041Z,26.1,93.7
20260714T034056Z,26.2,93.7
20260714T034111Z,26.2,93.7
20260714T034126Z,26.2,93.7
20260714T034141Z,26.2,93.8
20260714T034156Z,26.2,93.8
20260714T034211Z,26.2,93.8
20260714T034226Z,26.3,93.9
20260714T034241Z,26.3,93.9
20260714T034256Z,26.3,93.9
20260714T034311Z,26.3,93.9
20260714T034326Z,26.3,93.9
20260714T034341Z,26.3,93.9
20260714T034356Z,26.3,93.9
20260714T034411Z,26.3,93.9
20260714T034426Z,26.3,94.0
20260714T034441Z,26.3,93.9
20260714T034456Z,26.4,93.9
20260714T034511Z,26.4,94.0
20260714T034526Z,26.4,93.9
20260714T034541Z,26.4,93.9
20260714T034556Z,26.4,93.9
20260714T034611Z,26.4,93.9
20260714T034626Z,26.5,93.8
20260714T034641Z,26.5,93.9
20260714T034656Z,26.5,93.8
20260714T034711Z,26.5,93.8
20260714T034726Z,26.5,93.8
20260714T034741Z,26.5,92.9
20260714T034756Z,26.5,92.6
20260714T034811Z,26.5,91.3
20260714T034826Z,26.5,90.5
20260714T034841Z,26.4,90.2
20260714T034856Z,26.4,88.8
20260714T034911Z,26.3,88.5
20260714T034926Z,26.3,87.6
20260714T034941Z,26.2,86.4
20260714T034956Z,26.2,85.7
20260714T035011Z,26.1,85.0
20260714T035026Z,26.0,84.2
20260714T035041Z,26.0,83.6
20260714T035056Z,25.9,82.5
20260714T035111Z,25.8,81.7
20260714T035126Z,25.8,80.8
20260714T035141Z,25.7,80.5
20260714T035156Z,25.6,78.7
20260714T035211Z,25.5,78.4
20260714T035226Z,25.4,78.7
20260714T035241Z,25.4,80.5
20260714T035256Z,25.3,81.9
20260714T035311Z,25.3,83.3
20260714T035326Z,25.3,84.5
20260714T035341Z,25.3,84.7
20260714T035356Z,25.3,85.0
20260714T035411Z,25.3,85.7
20260714T035426Z,25.3,86.0
20260714T035441Z,25.3,86.4
20260714T035456Z,25.3,86.6
20260714T035511Z,25.3,87.2
20260714T035526Z,25.4,87.4
20260714T035541Z,25.4,87.9
20260714T035556Z,25.4,88.1
20260714T035611Z,25.4,88.4
20260714T035626Z,25.5,88.5
20260714T035641Z,25.5,88.9
20260714T035656Z,25.5,89.0
20260714T035711Z,25.5,89.4
20260714T035726Z,25.5,89.5
20260714T035741Z,25.6,89.7
20260714T035756Z,25.6,90.0
20260714T035811Z,25.6,90.2
20260714T035826Z,25.7,90.4
20260714T035841Z,25.7,90.7
20260714T035856Z,25.7,90.7
20260714T035911Z,25.7,90.8
20260714T035926Z,25.8,90.9
20260714T035941Z,25.8,91.3
20260714T035956Z,25.8,91.3
20260714T040011Z,25.8,91.5
20260714T040026Z,25.8,91.6
20260714T040041Z,25.9,91.7
20260714T040056Z,25.9,91.8
20260714T040111Z,25.9,92.1
20260714T040126Z,25.9,92.2
20260714T040141Z,26.0,92.2
20260714T040156Z,26.0,92.5
20260714T040211Z,26.0,92.6
20260714T040226Z,26.0,92.6
20260714T040241Z,26.0,92.9
20260714T040256Z,26.0,92.9
20260714T040311Z,26.1,93.1
20260714T040326Z,26.1,93.1
20260714T040341Z,26.1,93.2
20260714T040356Z,26.1,93.2
20260714T040411Z,26.1,93.4
20260714T040426Z,26.1,93.5
20260714T040441Z,26.1,93.4
20260714T040456Z,26.2,93.5
20260714T040511Z,26.2,93.6
20260714T040526Z,26.2,93.6
20260714T040541Z,26.2,93.7
20260714T040556Z,26.2,93.7
20260714T040611Z,26.3,93.8
20260714T040626Z,26.3,93.8
20260714T040641Z,26.3,93.8
20260714T040656Z,26.3,93.8
20260714T040711Z,26.3,93.9
20260714T040726Z,26.3,94.0
20260714T040741Z,26.4,94.0
20260714T040756Z,26.4,94.0
20260714T040811Z,26.4,94.0
20260714T040826Z,26.4,94.0
20260714T040841Z,26.4,94.1
20260714T040856Z,26.4,94.2
20260714T040911Z,26.4,94.1
20260714T040926Z,26.5,94.2
20260714T040941Z,26.5,94.1
20260714T040956Z,26.5,94.1
20260714T041011Z,26.5,94.1
20260714T041026Z,26.5,94.1
20260714T041041Z,26.5,93.1
20260714T041056Z,26.5,93.2
20260714T041111Z,26.5,91.4
20260714T041126Z,26.5,90.8
20260714T041141Z,26.4,89.8
20260714T041156Z,26.4,89.8
20260714T041211Z,26.4,88.0
20260714T041226Z,26.3,87.7
20260714T041242Z,26.2,87.1
20260714T041256Z,26.2,86.3
20260714T041311Z,26.1,85.5
20260714T041326Z,26.0,85.9
20260714T041341Z,26.0,84.5
20260714T041356Z,25.9,84.0
20260714T041411Z,25.9,83.4
20260714T041426Z,25.8,82.6
20260714T041441Z,25.7,81.3
20260714T041456Z,25.6,80.7
20260714T041511Z,25.5,80.0
20260714T041526Z,25.4,79.3
20260714T041541Z,25.3,79.2
20260714T041556Z,25.2,78.2
20260714T041611Z,25.1,78.1
20260714T041626Z,25.0,77.6
20260714T041641Z,25.0,76.9
20260714T041656Z,24.9,78.2
20260714T041711Z,24.9,80.1
20260714T041726Z,24.9,81.3
20260714T041741Z,24.9,82.7
20260714T041756Z,24.9,83.1
20260714T041811Z,25.0,83.9
20260714T041826Z,25.0,84.2
20260714T041841Z,25.0,84.7
20260714T041856Z,25.1,85.1
20260714T041911Z,25.1,85.8
20260714T041926Z,25.1,86.0
20260714T041941Z,25.2,86.2
20260714T041956Z,25.2,86.5
20260714T042011Z,25.3,86.8
20260714T042026Z,25.3,87.2
20260714T042041Z,25.3,87.6
20260714T042056Z,25.4,87.8
20260714T042111Z,25.4,87.9
20260714T042126Z,25.4,88.2
20260714T042141Z,25.5,88.6
20260714T042156Z,25.5,88.5
20260714T042211Z,25.5,88.7
20260714T042226Z,25.6,88.8
20260714T042241Z,25.6,89.2
20260714T042256Z,25.6,89.5
20260714T042311Z,25.6,89.7
20260714T042326Z,25.7,89.7
20260714T042342Z,25.7,89.9
20260714T042357Z,25.7,90.1
20260714T042411Z,25.7,90.2
20260714T042426Z,25.7,90.5
20260714T042441Z,25.8,90.7
20260714T042456Z,25.8,90.7
20260714T042511Z,25.8,90.9
20260714T042526Z,25.8,91.0
20260714T042541Z,25.9,91.1
20260714T042556Z,25.9,91.3
20260714T042611Z,25.9,91.4
20260714T042626Z,25.9,91.5
20260714T042642Z,25.9,91.6
20260714T042657Z,26.0,91.7
20260714T042711Z,26.0,91.9
20260714T042726Z,26.0,91.9
20260714T042741Z,26.0,92.0
20260714T042756Z,26.0,92.1
20260714T042811Z,26.0,92.3
20260714T042826Z,26.0,92.4
20260714T042841Z,26.1,92.4
20260714T042856Z,26.1,92.5
20260714T042911Z,26.1,92.6
20260714T042926Z,26.1,92.7
20260714T042941Z,26.1,92.8
20260714T042956Z,26.1,92.9
20260714T043011Z,26.2,92.9
20260714T043026Z,26.2,93.0
20260714T043041Z,26.2,93.0
20260714T043056Z,26.2,93.1
20260714T043111Z,26.2,93.1
20260714T043126Z,26.2,93.2
20260714T043141Z,26.2,93.2
20260714T043156Z,26.3,93.3
20260714T043211Z,26.3,93.3
20260714T043226Z,26.3,93.4
20260714T043241Z,26.3,93.5
20260714T043256Z,26.3,93.5
20260714T043311Z,26.3,93.6
20260714T043326Z,26.4,93.6
20260714T043341Z,26.4,93.7
20260714T043356Z,26.4,93.7
20260714T043411Z,26.4,93.6
20260714T043426Z,26.4,93.7
20260714T043441Z,26.4,93.8
20260714T043456Z,26.4,93.8
20260714T043511Z,26.4,93.7
20260714T043526Z,26.5,93.8
20260714T043541Z,26.5,93.8
20260714T043556Z,26.5,93.7
20260714T043611Z,26.5,93.7
20260714T043626Z,26.5,93.8
20260714T043641Z,26.5,93.8
20260714T043656Z,26.5,93.7
20260714T043711Z,26.6,93.7
20260714T043726Z,26.6,93.5
20260714T043741Z,26.6,93.1
20260714T043756Z,26.6,92.8
20260714T043811Z,26.6,90.6
20260714T043826Z,26.5,90.3
20260714T043841Z,26.5,89.3
20260714T043856Z,26.4,88.4
20260714T043911Z,26.4,87.3
20260714T043926Z,26.3,86.7
20260714T043941Z,26.3,86.1
20260714T043956Z,26.2,85.5
20260714T044011Z,26.1,84.8
20260714T044026Z,26.1,83.5
20260714T044041Z,26.0,82.5
20260714T044056Z,25.9,82.6
20260714T044111Z,25.9,81.4
20260714T044126Z,25.8,80.8
20260714T044141Z,25.7,79.7
20260714T044156Z,25.6,78.7
20260714T044211Z,25.5,78.6
20260714T044226Z,25.5,78.2
20260714T044241Z,25.4,77.5
20260714T044256Z,25.3,76.7
20260714T044311Z,25.2,77.8
20260714T044326Z,25.2,78.9
20260714T044341Z,25.2,81.0
20260714T044356Z,25.2,82.0
20260714T044411Z,25.2,82.7
20260714T044426Z,25.2,83.0
20260714T044441Z,25.2,83.0
20260714T044456Z,25.2,83.5
20260714T044511Z,25.2,83.9
20260714T044526Z,25.2,84.2
20260714T044541Z,25.3,84.7
20260714T044556Z,25.3,85.0
20260714T044611Z,25.3,85.4
20260714T044626Z,25.3,85.8
20260714T044641Z,25.4,85.9
20260714T044656Z,25.4,86.3
20260714T044711Z,25.4,86.7
20260714T044726Z,25.4,87.0
20260714T044741Z,25.5,87.2
20260714T044756Z,25.5,87.4
20260714T044811Z,25.5,87.6
20260714T044826Z,25.6,87.9
20260714T044841Z,25.6,88.1
20260714T044856Z,25.6,88.4
20260714T044911Z,25.6,88.7
20260714T044926Z,25.6,88.7
20260714T044941Z,25.7,89.1
20260714T044956Z,25.7,89.2
20260714T045011Z,25.7,89.1
20260714T045026Z,25.7,89.2
20260714T045041Z,25.8,89.1
20260714T045056Z,25.8,89.1
20260714T045111Z,25.8,89.3
20260714T045126Z,25.8,89.4
20260714T045141Z,25.9,89.5
20260714T045156Z,25.9,89.7
20260714T045211Z,25.9,89.8
20260714T045226Z,25.9,90.0
20260714T045241Z,25.9,90.2
20260714T045256Z,25.9,90.3
20260714T045311Z,25.9,90.4
20260714T045326Z,26.0,90.5
20260714T045341Z,26.0,90.7
20260714T045356Z,26.0,90.7
20260714T045411Z,26.0,90.8
20260714T045426Z,26.0,90.9
20260714T045441Z,26.0,90.8
20260714T045456Z,26.0,90.9
20260714T045511Z,26.1,90.9
20260714T045526Z,26.1,91.0
20260714T045541Z,26.1,91.0
20260714T045556Z,26.1,91.1
20260714T045611Z,26.1,91.2
20260714T045626Z,26.1,91.2
20260714T045641Z,26.2,91.3
20260714T045656Z,26.2,91.4
20260714T045711Z,26.2,91.4
20260714T045726Z,26.2,91.4
20260714T045742Z,26.2,91.5
20260714T045757Z,26.3,91.5
20260714T045811Z,26.3,91.5
20260714T045826Z,26.3,91.5
20260714T045841Z,26.3,91.5
20260714T045856Z,26.3,91.5
20260714T045911Z,26.4,91.5
20260714T045926Z,26.4,91.6
20260714T045941Z,26.4,91.5
20260714T045956Z,26.4,91.6
20260714T050011Z,26.4,91.5
20260714T050026Z,26.4,91.5
20260714T050041Z,26.5,91.5
20260714T050056Z,26.5,91.5
20260714T050111Z,26.5,91.5
20260714T050126Z,26.5,91.5
20260714T050141Z,26.5,91.6
20260714T050156Z,26.5,91.5
20260714T050211Z,26.6,91.5
20260714T050226Z,26.6,91.5
20260714T050241Z,26.6,91.5
20260714T050256Z,26.6,91.5
20260714T050311Z,26.6,91.2
20260714T050326Z,26.6,89.3
20260714T050341Z,26.6,88.7
20260714T050356Z,26.6,88.2
20260714T050411Z,26.5,86.9
20260714T050426Z,26.4,86.2
20260714T050441Z,26.4,85.6
20260714T050456Z,26.3,84.6
20260714T050511Z,26.3,83.7
20260714T050526Z,26.2,82.5
20260714T050541Z,26.1,82.3
20260714T050556Z,26.0,81.4
20260714T050611Z,26.0,80.6
20260714T050626Z,25.9,80.0
20260714T050641Z,25.8,79.8
20260714T050656Z,25.7,78.7
20260714T050711Z,25.7,78.2
20260714T050726Z,25.6,77.3
20260714T050741Z,25.5,77.0
20260714T050756Z,25.4,75.9
20260714T050811Z,25.3,75.7
20260714T050826Z,25.3,77.3
20260714T050841Z,25.3,79.3
20260714T050856Z,25.2,80.9
20260714T050911Z,25.2,82.0
20260714T050926Z,25.2,82.2
20260714T050941Z,25.2,82.7
20260714T050956Z,25.2,83.0
20260714T051011Z,25.3,83.3
20260714T051026Z,25.3,83.8
20260714T051041Z,25.3,84.1
20260714T051056Z,25.3,84.6
20260714T051111Z,25.3,85.0
20260714T051126Z,25.4,85.2
20260714T051141Z,25.4,85.4
20260714T051156Z,25.4,85.7
20260714T051211Z,25.4,86.0
20260714T051226Z,25.5,86.3
20260714T051241Z,25.5,86.5
20260714T051256Z,25.5,86.8
20260714T051311Z,25.5,87.0
20260714T051326Z,25.6,87.2
20260714T051341Z,25.6,87.4
20260714T051356Z,25.6,87.6
20260714T051411Z,25.7,87.9
20260714T051426Z,25.7,88.0
20260714T051441Z,25.7,88.2
20260714T051456Z,25.7,88.4
20260714T051511Z,25.8,88.6
20260714T051526Z,25.8,88.7
20260714T051541Z,25.8,88.9
20260714T051556Z,25.8,89.1
20260714T051611Z,25.8,89.3
20260714T051626Z,25.8,89.4
20260714T051641Z,25.9,89.7
20260714T051656Z,25.9,89.8
20260714T051711Z,25.9,89.9
20260714T051726Z,25.9,90.1
20260714T051741Z,26.0,90.2
20260714T051756Z,26.0,90.3
20260714T051811Z,26.0,90.3
20260714T051826Z,26.0,90.5
20260714T051841Z,26.1,90.5
20260714T051856Z,26.1,90.7
20260714T051911Z,26.1,90.7
20260714T051926Z,26.1,90.9
20260714T051941Z,26.1,90.9
20260714T051956Z,26.1,91.0
20260714T052011Z,26.2,91.0
20260714T052026Z,26.2,91.1
20260714T052041Z,26.2,91.1
20260714T052056Z,26.2,91.2
20260714T052111Z,26.2,91.2
20260714T052126Z,26.3,91.2
20260714T052141Z,26.3,91.3
20260714T052156Z,26.3,91.4
20260714T052211Z,26.3,91.4
20260714T052226Z,26.3,91.5
20260714T052241Z,26.3,91.5
20260714T052256Z,26.4,91.6
20260714T052311Z,26.4,91.6
20260714T052326Z,26.4,91.6
20260714T052341Z,26.4,91.6
20260714T052356Z,26.4,91.5
20260714T052411Z,26.5,91.5
20260714T052426Z,26.5,91.6
20260714T052441Z,26.5,91.6
20260714T052456Z,26.5,91.6
20260714T052511Z,26.5,91.5
20260714T052526Z,26.6,91.4
20260714T052541Z,26.6,91.5
20260714T052556Z,26.6,91.5
20260714T052611Z,26.6,91.4
20260714T052626Z,26.6,91.4
20260714T052641Z,26.6,91.4
20260714T052656Z,26.7,91.3
20260714T052711Z,26.7,91.0
20260714T052726Z,26.7,89.1
20260714T052741Z,26.6,88.4
20260714T052756Z,26.6,87.9
20260714T052812Z,26.5,87.0
20260714T052826Z,26.5,86.2
20260714T052841Z,26.4,85.5
20260714T052856Z,26.4,84.2
20260714T052911Z,26.3,83.7
20260714T052926Z,26.2,82.4
20260714T052941Z,26.1,81.8
20260714T052956Z,26.0,81.4
20260714T053011Z,25.9,80.6
20260714T053026Z,25.8,80.3
20260714T053041Z,25.7,79.5
20260714T053056Z,25.6,78.6
20260714T053111Z,25.5,78.4
20260714T053126Z,25.4,77.6
20260714T053141Z,25.3,76.7
20260714T053156Z,25.2,76.1
20260714T053211Z,25.0,76.4
20260714T053226Z,25.0,76.2
20260714T053241Z,25.0,78.2
20260714T053256Z,24.9,79.9
20260714T053311Z,25.0,80.8
20260714T053326Z,25.0,82.3
20260714T053341Z,25.0,82.2
20260714T053356Z,25.1,82.4
20260714T053411Z,25.1,83.0
20260714T053427Z,25.1,83.4
20260714T053441Z,25.2,83.6
20260714T053457Z,25.2,83.9
20260714T053511Z,25.3,84.3
20260714T053526Z,25.3,84.7
20260714T053541Z,25.4,85.0
20260714T053556Z,25.4,85.1
20260714T053611Z,25.4,85.4
20260714T053626Z,25.5,85.7
20260714T053641Z,25.5,86.1
20260714T053656Z,25.5,86.3
20260714T053711Z,25.6,86.4
20260714T053726Z,25.6,86.7
20260714T053741Z,25.6,86.9
20260714T053756Z,25.6,87.2
20260714T053811Z,25.7,87.5
20260714T053826Z,25.7,87.5
20260714T053841Z,25.7,87.7
20260714T053856Z,25.8,87.8
20260714T053911Z,25.8,88.1
20260714T053926Z,25.8,88.2
20260714T053942Z,25.9,88.5
20260714T053956Z,25.9,88.6
20260714T054011Z,25.9,88.9
20260714T054027Z,25.9,89.0
20260714T054041Z,26.0,89.0
20260714T054057Z,26.0,89.2
20260714T054111Z,26.0,89.3
20260714T054127Z,26.0,89.5
20260714T054141Z,26.1,89.5
20260714T054157Z,26.1,89.7
20260714T054211Z,26.1,89.8
20260714T054227Z,26.1,90.0
20260714T054241Z,26.1,90.0
20260714T054256Z,26.2,90.0
20260714T054311Z,26.2,90.2
20260714T054326Z,26.2,90.3
20260714T054341Z,26.2,90.3
20260714T054356Z,26.3,90.4
20260714T054411Z,26.3,90.6
20260714T054427Z,26.3,90.6
20260714T054442Z,26.3,90.6
20260714T054456Z,26.3,90.8
20260714T054512Z,26.3,90.9
20260714T054526Z,26.4,90.8
20260714T054542Z,26.4,90.9
20260714T054556Z,26.4,90.9
20260714T054612Z,26.4,91.0
20260714T054626Z,26.5,91.0
20260714T054642Z,26.5,91.2
20260714T054656Z,26.5,91.2
20260714T054712Z,26.5,91.2
20260714T054726Z,26.5,91.2
20260714T054742Z,26.6,91.2
20260714T054757Z,26.6,91.2
20260714T054811Z,26.6,91.2
20260714T054827Z,26.6,91.3
20260714T054841Z,26.6,91.2
20260714T054857Z,26.7,91.3
20260714T054911Z,26.7,91.3
20260714T054927Z,26.7,90.8
20260714T054941Z,26.7,89.7
20260714T054957Z,26.7,88.0
20260714T055011Z,26.6,87.8
20260714T055026Z,26.6,86.9
20260714T055041Z,26.5,86.0
20260714T055056Z,26.4,85.6
20260714T055112Z,26.4,84.4
20260714T055126Z,26.3,84.1
20260714T055142Z,26.3,83.4
20260714T055156Z,26.2,82.4
20260714T055212Z,26.1,81.6
20260714T055226Z,26.1,80.8
20260714T055242Z,26.0,79.9
20260714T055256Z,25.9,79.3
20260714T055312Z,25.8,78.4
20260714T055326Z,25.7,78.2
20260714T055342Z,25.5,78.7
20260714T055356Z,25.5,80.5
20260714T055412Z,25.5,82.4
20260714T055426Z,25.4,82.9
20260714T055442Z,25.4,83.5
20260714T055456Z,25.4,83.7
20260714T055512Z,25.5,84.2
20260714T055526Z,25.5,84.3
20260714T055541Z,25.5,84.7
20260714T055557Z,25.5,84.9
20260714T055611Z,25.5,85.1
20260714T055627Z,25.6,85.5
20260714T055643Z,25.6,85.8
20260714T055657Z,25.6,85.9
20260714T055712Z,25.6,86.2
20260714T055727Z,25.7,86.6
20260714T055743Z,25.7,86.6
20260714T055757Z,25.7,87.0
20260714T055812Z,25.7,87.4
20260714T055826Z,25.8,87.6
20260714T055842Z,25.8,87.6
20260714T055857Z,25.8,88.1
20260714T055911Z,25.8,88.2
20260714T055927Z,25.9,88.5
20260714T055941Z,25.9,88.6
20260714T055957Z,25.9,88.8
20260714T060011Z,25.9,89.1
20260714T060027Z,25.9,89.2
20260714T060041Z,26.0,89.4
20260714T060057Z,26.0,89.5
20260714T060111Z,26.0,89.7
20260714T060127Z,26.0,89.8
20260714T060141Z,26.0,89.9
20260714T060157Z,26.1,90.1
20260714T060211Z,26.1,90.2
20260714T060227Z,26.1,90.2
20260714T060242Z,26.1,90.5
20260714T060256Z,26.1,90.7
20260714T060311Z,26.1,90.7
20260714T060326Z,26.2,90.7
20260714T060342Z,26.2,90.8
20260714T060356Z,26.2,90.9
20260714T060412Z,26.2,91.0
20260714T060426Z,26.2,91.1
20260714T060442Z,26.3,91.2
20260714T060456Z,26.3,91.4
20260714T060512Z,26.3,91.3
20260714T060526Z,26.3,91.4
20260714T060542Z,26.3,91.4
20260714T060556Z,26.3,91.6
20260714T060612Z,26.3,91.5
20260714T060626Z,26.4,91.6
20260714T060642Z,26.4,91.6
20260714T060656Z,26.4,91.7
20260714T060711Z,26.4,91.6
20260714T060727Z,26.5,91.7
20260714T060741Z,26.5,91.7
20260714T060757Z,26.5,91.7
20260714T060811Z,26.5,91.7
20260714T060827Z,26.5,91.7
20260714T060842Z,26.6,91.7
20260714T060856Z,26.6,91.7
20260714T060912Z,26.6,91.7
20260714T060926Z,26.6,91.6
20260714T060941Z,26.6,91.6
20260714T060956Z,26.7,91.6
20260714T061012Z,26.6,90.8
20260714T061026Z,26.6,90.7
20260714T061041Z,26.6,89.2
20260714T061057Z,26.6,88.8
20260714T061111Z,26.6,87.8
20260714T061126Z,26.5,86.6
20260714T061142Z,26.5,85.4
20260714T061156Z,26.4,84.8
20260714T061212Z,26.3,83.7
20260714T061226Z,26.2,83.2
20260714T061242Z,26.1,82.2
20260714T061256Z,26.0,81.5
20260714T061312Z,25.9,80.7
20260714T061326Z,25.8,80.1
20260714T061342Z,25.7,79.3
20260714T061356Z,25.5,79.2
20260714T061412Z,25.4,78.2
20260714T061426Z,25.3,78.3
20260714T061442Z,25.2,77.7
20260714T061456Z,25.1,77.8
20260714T061512Z,25.1,80.3
20260714T061526Z,25.1,82.0
20260714T061542Z,25.1,83.4
20260714T061556Z,25.1,83.8
20260714T061612Z,25.1,84.4
20260714T061626Z,25.1,84.8
20260714T061641Z,25.2,84.7
20260714T061657Z,25.2,85.3
20260714T061711Z,25.2,85.3
20260714T061727Z,25.3,85.6
20260714T061741Z,25.3,86.1
20260714T061757Z,25.4,86.3
20260714T061811Z,25.4,86.4
20260714T061827Z,25.4,86.7
20260714T061841Z,25.5,86.9
20260714T061857Z,25.5,87.0
20260714T061911Z,25.5,87.4
20260714T061927Z,25.6,87.5
20260714T061941Z,25.6,87.6
20260714T061956Z,25.6,87.9
20260714T062012Z,25.7,88.1
20260714T062026Z,25.7,88.2
20260714T062041Z,25.7,88.6
20260714T062057Z,25.8,88.6
20260714T062111Z,25.8,88.9
20260714T062127Z,25.8,89.0
20260714T062141Z,25.8,89.2
20260714T062157Z,25.8,89.4
20260714T062211Z,25.9,89.6
20260714T062226Z,25.9,89.7
20260714T062241Z,25.9,89.8
20260714T062257Z,26.0,90.0
20260714T062311Z,26.0,90.2
20260714T062326Z,26.0,90.4
20260714T062342Z,26.0,90.4
20260714T062356Z,26.0,90.6
20260714T062412Z,26.1,90.7
20260714T062426Z,26.1,90.6
20260714T062442Z,26.1,90.9
20260714T062456Z,26.1,91.1
20260714T062512Z,26.1,91.1
20260714T062526Z,26.1,91.1
20260714T062542Z,26.2,91.3
20260714T062556Z,26.2,91.4
20260714T062612Z,26.2,91.5
20260714T062626Z,26.2,91.5
20260714T062642Z,26.2,91.6
20260714T062656Z,26.3,91.8
20260714T062712Z,26.3,91.8
20260714T062726Z,26.3,91.9
20260714T062742Z,26.3,91.8
20260714T062756Z,26.3,91.9
20260714T062812Z,26.4,92.0
20260714T062826Z,26.4,92.1
20260714T062841Z,26.4,92.0
20260714T062856Z,26.4,92.0
20260714T062912Z,26.4,92.1
20260714T062927Z,26.4,92.2
20260714T062941Z,26.5,92.1
20260714T062957Z,26.5,92.1
20260714T063011Z,26.5,92.1
20260714T063027Z,26.5,92.2
20260714T063042Z,26.5,92.2
20260714T063057Z,26.6,92.3
20260714T063111Z,26.6,92.2
20260714T063127Z,26.6,92.2
20260714T063141Z,26.6,92.2
20260714T063157Z,26.6,92.3
20260714T063211Z,26.6,92.2
20260714T063226Z,26.6,92.2
20260714T063241Z,26.6,91.3
20260714T063257Z,26.7,91.2
20260714T063311Z,26.6,90.0
20260714T063327Z,26.6,89.5
20260714T063342Z,26.6,88.7
20260714T063356Z,26.6,87.7
20260714T063412Z,26.5,86.4
20260714T063426Z,26.4,85.1
20260714T063442Z,26.3,84.3
20260714T063456Z,26.2,84.0
20260714T063512Z,26.1,82.8
20260714T063526Z,26.0,82.2
20260714T063542Z,26.0,81.8
20260714T063557Z,25.9,80.8
20260714T063611Z,25.7,80.3
20260714T063627Z,25.6,79.4
20260714T063642Z,25.6,78.8
20260714T063657Z,25.4,78.2
20260714T063712Z,25.3,77.6
20260714T063727Z,25.2,77.7
20260714T063741Z,25.1,79.5
20260714T063757Z,25.1,81.2
20260714T063812Z,25.1,82.8
20260714T063827Z,25.1,83.8
20260714T063841Z,25.2,84.1
20260714T063857Z,25.2,84.5
20260714T063912Z,25.2,84.7
20260714T063926Z,25.2,84.9
20260714T063943Z,25.3,85.3
20260714T063957Z,25.3,85.4
20260714T064012Z,25.3,85.8
20260714T064026Z,25.4,85.9
20260714T064042Z,25.4,86.2
20260714T064056Z,25.4,86.6
20260714T064112Z,25.5,86.7
20260714T064127Z,25.5,86.8
20260714T064142Z,25.5,87.2
20260714T064157Z,25.6,87.4
20260714T064212Z,25.6,87.7
20260714T064227Z,25.6,87.9
20260714T064242Z,25.6,88.1
20260714T064257Z,25.7,88.2
20260714T064312Z,25.7,88.5
20260714T064327Z,25.7,88.8
20260714T064342Z,25.7,89.0
20260714T064357Z,25.8,89.0
20260714T064412Z,25.8,89.2
20260714T064427Z,25.8,89.4
20260714T064442Z,25.8,89.6
20260714T064457Z,25.9,89.7
20260714T064512Z,25.9,89.9
20260714T064527Z,25.9,90.0
20260714T064542Z,25.9,90.2
20260714T064557Z,26.0,90.2
20260714T064612Z,26.0,90.3
20260714T064627Z,26.0,90.5
20260714T064642Z,26.0,90.5
20260714T064657Z,26.0,90.5
20260714T064712Z,26.0,90.8
20260714T064727Z,26.1,91.0
20260714T064742Z,26.1,91.0
20260714T064757Z,26.1,91.1
20260714T064812Z,26.1,91.2
20260714T064827Z,26.1,91.4
20260714T064842Z,26.1,91.6
20260714T064857Z,26.2,91.5
20260714T064912Z,26.2,91.6
20260714T064927Z,26.2,91.9
20260714T064942Z,26.2,91.8
20260714T064957Z,26.2,91.9
20260714T065012Z,26.3,92.0
20260714T065027Z,26.3,92.0
20260714T065042Z,26.3,92.0
20260714T065057Z,26.3,92.1
20260714T065112Z,26.3,92.0
20260714T065127Z,26.4,92.1
20260714T065142Z,26.4,92.0
20260714T065157Z,26.4,92.1
20260714T065212Z,26.4,92.0
20260714T065227Z,26.4,91.7
20260714T065242Z,26.5,91.7
20260714T065257Z,26.5,91.7
20260714T065312Z,26.5,91.6
20260714T065327Z,26.5,91.7
20260714T065342Z,26.5,91.6
20260714T065357Z,26.5,91.6
20260714T065412Z,26.5,91.5
20260714T065427Z,26.5,91.5
20260714T065442Z,26.5,91.5
20260714T065457Z,26.6,91.4
20260714T065512Z,26.6,91.4
20260714T065527Z,26.6,91.4
20260714T065542Z,26.6,91.3
20260714T065557Z,26.6,91.3
20260714T065612Z,26.6,91.3
20260714T065627Z,26.6,91.3
20260714T065642Z,26.6,91.2
20260714T065657Z,26.6,91.2
20260714T065712Z,26.6,91.2
20260714T065727Z,26.6,91.2
20260714T065742Z,26.7,90.9
20260714T065757Z,26.6,89.8
20260714T065812Z,26.6,89.0
20260714T065827Z,26.6,88.3
20260714T065842Z,26.6,87.3
20260714T065857Z,26.5,86.3
20260714T065912Z,26.5,84.9
20260714T065927Z,26.4,84.1
20260714T065942Z,26.3,83.1
20260714T065957Z,26.2,82.1
20260714T070012Z,26.0,81.7
20260714T070027Z,26.0,81.0
20260714T070042Z,25.8,80.2
20260714T070057Z,25.7,79.7
20260714T070112Z,25.6,79.2
20260714T070127Z,25.5,78.2
20260714T070142Z,25.4,78.0
20260714T070157Z,25.3,78.0
20260714T070212Z,25.2,79.7
20260714T070227Z,25.1,81.3
20260714T070242Z,25.1,83.1
20260714T070257Z,25.1,84.0
20260714T070312Z,25.2,84.2
20260714T070327Z,25.2,84.6
20260714T070342Z,25.2,84.8
20260714T070357Z,25.2,84.8
20260714T070412Z,25.2,85.3
20260714T070427Z,25.3,85.6
20260714T070442Z,25.3,85.8
20260714T070457Z,25.3,86.1
20260714T070512Z,25.4,86.4
20260714T070527Z,25.4,86.7
20260714T070542Z,25.4,86.8
20260714T070557Z,25.4,87.2
20260714T070612Z,25.5,87.2
20260714T070627Z,25.5,87.5
20260714T070642Z,25.5,87.6
20260714T070657Z,25.5,87.8
20260714T070712Z,25.6,88.0
20260714T070727Z,25.6,88.2
20260714T070742Z,25.6,88.5
20260714T070757Z,25.6,88.5
20260714T070812Z,25.7,88.6
20260714T070827Z,25.7,89.0
20260714T070842Z,25.7,89.1
20260714T070857Z,25.7,89.2
20260714T070912Z,25.7,89.3
20260714T070927Z,25.8,89.5
20260714T070942Z,25.8,89.7
20260714T070957Z,25.8,89.9
20260714T071012Z,25.8,90.0
20260714T071027Z,25.8,90.1
20260714T071042Z,25.9,90.3
20260714T071057Z,25.9,90.4
20260714T071112Z,25.9,90.5
20260714T071127Z,25.9,90.6
20260714T071142Z,25.9,90.6
20260714T071157Z,26.0,90.8
20260714T071212Z,26.0,91.0
20260714T071227Z,26.0,91.0
20260714T071242Z,26.0,91.2
20260714T071257Z,26.0,91.2
20260714T071312Z,26.0,91.2
20260714T071327Z,26.1,91.4
20260714T071342Z,26.1,91.4
20260714T071357Z,26.1,91.5
20260714T071412Z,26.1,91.4
20260714T071427Z,26.1,91.6
20260714T071442Z,26.1,91.5
20260714T071457Z,26.2,91.6
20260714T071512Z,26.2,91.6
20260714T071527Z,26.2,91.6
20260714T071542Z,26.2,91.7
20260714T071557Z,26.2,91.7
20260714T071612Z,26.2,91.7
20260714T071627Z,26.2,91.7
20260714T071642Z,26.3,91.9
20260714T071657Z,26.3,91.8
20260714T071712Z,26.3,91.8
20260714T071727Z,26.3,91.8
20260714T071742Z,26.3,91.9
20260714T071757Z,26.4,91.8
20260714T071812Z,26.4,91.8
20260714T071827Z,26.4,91.8
20260714T071842Z,26.4,91.8
20260714T071857Z,26.4,91.8
20260714T071912Z,26.4,91.7
20260714T071927Z,26.4,91.8
20260714T071942Z,26.4,91.8
20260714T071957Z,26.5,91.7
20260714T072012Z,26.5,91.8
20260714T072027Z,26.5,91.8
20260714T072042Z,26.5,91.7
20260714T072057Z,26.5,91.6
20260714T072112Z,26.5,91.7
20260714T072127Z,26.5,91.7
20260714T072142Z,26.5,91.6
20260714T072157Z,26.6,91.6
20260714T072212Z,26.6,91.6
20260714T072227Z,26.6,91.6
20260714T072242Z,26.6,91.6
20260714T072257Z,26.6,91.6
20260714T072312Z,26.6,91.6
20260714T072327Z,26.6,91.6
20260714T072342Z,26.6,91.6
20260714T072357Z,26.7,91.5
20260714T072412Z,26.7,91.5
20260714T072427Z,26.7,91.0
20260714T072442Z,26.7,90.4
20260714T072457Z,26.6,89.5
20260714T072512Z,26.6,88.7
20260714T072527Z,26.6,87.9
20260714T072542Z,26.5,87.1
20260714T072557Z,26.5,85.7
20260714T072612Z,26.4,84.9
20260714T072627Z,26.3,84.1
20260714T072642Z,26.2,83.0
20260714T072657Z,26.1,81.7
20260714T072712Z,26.0,82.0
20260714T072727Z,25.9,81.0
20260714T072742Z,25.8,80.6
20260714T072757Z,25.7,79.4
20260714T072812Z,25.6,79.0
20260714T072827Z,25.5,78.3
20260714T072842Z,25.4,78.0
20260714T072857Z,25.3,79.4
20260714T072912Z,25.3,81.0
20260714T072927Z,25.3,82.5
20260714T072942Z,25.2,83.8
20260714T072957Z,25.2,84.2
20260714T073012Z,25.2,84.5
20260714T073027Z,25.2,84.7
20260714T073042Z,25.2,85.0
20260714T073057Z,25.3,85.4
20260714T073112Z,25.3,85.8
20260714T073127Z,25.3,86.0
20260714T073142Z,25.3,86.4
20260714T073157Z,25.4,86.7
20260714T073212Z,25.4,86.9
20260714T073227Z,25.4,87.3
20260714T073242Z,25.4,87.4
20260714T073257Z,25.4,87.7
20260714T073312Z,25.5,87.9
20260714T073327Z,25.5,88.1
20260714T073342Z,25.5,88.3
20260714T073357Z,25.6,88.4
20260714T073412Z,25.6,88.8
20260714T073427Z,25.6,88.8
20260714T073442Z,25.6,89.0
20260714T073457Z,25.7,89.2
20260714T073512Z,25.7,89.4
20260714T073527Z,25.7,89.6
20260714T073542Z,25.7,89.7
20260714T073557Z,25.7,89.9
20260714T073612Z,25.7,90.0
20260714T073627Z,25.8,90.1
20260714T073642Z,25.8,90.3
20260714T073657Z,25.8,90.3
20260714T073712Z,25.8,90.5
20260714T073727Z,25.8,90.7
20260714T073742Z,25.8,90.7
20260714T073757Z,25.8,90.9
20260714T073812Z,25.9,91.0
20260714T073827Z,25.9,91.1
20260714T073842Z,25.9,91.2
20260714T073857Z,25.9,91.2
20260714T073912Z,25.9,91.3
20260714T073927Z,25.9,91.4
20260714T073942Z,26.0,91.5
20260714T073957Z,26.0,91.5
20260714T074012Z,26.0,91.7
20260714T074027Z,26.0,91.7
20260714T074042Z,26.0,91.8
20260714T074057Z,26.0,91.8
20260714T074112Z,26.1,91.9
20260714T074127Z,26.1,91.9
20260714T074142Z,26.1,91.9
20260714T074157Z,26.1,91.5
20260714T074212Z,26.1,91.1
20260714T074227Z,26.1,89.7
20260714T074242Z,26.1,88.3
20260714T074257Z,26.1,87.5
20260714T074312Z,26.0,86.7
20260714T074327Z,26.0,85.8
20260714T074342Z,25.9,84.7
20260714T074357Z,25.9,83.9
20260714T074412Z,25.8,82.8
20260714T074427Z,25.7,81.9
20260714T074442Z,25.6,81.2
20260714T074457Z,25.5,80.1
20260714T074512Z,25.4,79.9
20260714T074527Z,25.2,79.2
20260714T074542Z,25.1,78.5
20260714T074557Z,25.0,77.9
20260714T074612Z,24.9,77.1
20260714T074627Z,24.8,76.3
20260714T074642Z,24.7,76.2
20260714T074657Z,24.6,75.5
20260714T074712Z,24.5,75.1
20260714T074727Z,24.5,74.6
20260714T074742Z,24.4,73.9
20260714T074757Z,24.3,73.3
20260714T074812Z,24.2,73.1
20260714T074827Z,24.1,72.5
20260714T074842Z,24.0,72.2
20260714T074857Z,24.0,71.8
20260714T074912Z,23.9,70.9
20260714T074927Z,23.8,71.0
20260714T074942Z,23.7,70.3
20260714T074957Z,23.7,70.3
20260714T075012Z,23.6,70.3
20260714T075027Z,23.6,72.0
20260714T075042Z,23.6,73.2
20260714T075057Z,23.7,75.1
20260714T075112Z,23.7,76.6
20260714T075127Z,23.8,76.7
20260714T075142Z,23.9,77.2
20260714T075157Z,23.9,77.5
20260714T075212Z,24.0,77.7
20260714T075227Z,24.0,78.1
20260714T075242Z,24.1,78.3
20260714T075257Z,24.2,78.8
20260714T075312Z,24.2,79.4
20260714T075327Z,24.3,79.8
20260714T075342Z,24.3,80.1
20260714T075357Z,24.3,80.4
20260714T075412Z,24.4,81.0
20260714T075427Z,24.5,81.2
20260714T075442Z,24.5,81.4
20260714T075457Z,24.5,81.9
20260714T075512Z,24.6,82.3
20260714T075527Z,24.6,82.6
20260714T075542Z,24.6,82.8
20260714T075557Z,24.7,83.1
20260714T075612Z,24.7,83.3
20260714T075627Z,24.8,83.8
20260714T075642Z,24.8,83.9
20260714T075657Z,24.8,83.8
20260714T075712Z,24.8,82.6
20260714T075727Z,24.8,81.6
20260714T075742Z,24.8,81.4
20260714T075757Z,24.8,80.7
20260714T075812Z,24.8,79.8
20260714T075827Z,24.8,78.9
20260714T075842Z,24.8,77.4
20260714T075857Z,24.7,76.5
20260714T075912Z,24.7,75.9
20260714T075927Z,24.6,75.4
20260714T075942Z,24.6,74.4
20260714T075957Z,24.5,73.9
20260714T080012Z,24.5,73.1
20260714T080027Z,24.4,72.3
20260714T080042Z,24.3,71.9
20260714T080057Z,24.2,71.1
20260714T080112Z,24.1,71.0
20260714T080127Z,24.0,70.6
20260714T080142Z,23.9,70.1
20260714T080157Z,23.9,69.8
20260714T080212Z,23.8,70.9
20260714T080227Z,23.8,72.0
20260714T080242Z,23.8,73.5
20260714T080257Z,23.9,74.8
20260714T080312Z,24.0,76.1
20260714T080327Z,24.0,76.6
20260714T080342Z,24.1,77.0
20260714T080357Z,24.1,77.1
20260714T080412Z,24.1,77.7
20260714T080427Z,24.1,78.0
20260714T080442Z,24.2,78.5
20260714T080457Z,24.2,78.8
20260714T080512Z,24.3,79.2
20260714T080527Z,24.3,79.1
20260714T080542Z,24.3,80.0
20260714T080557Z,24.4,80.3
20260714T080612Z,24.4,81.0
20260714T080627Z,24.5,81.2
20260714T080642Z,24.5,81.4
20260714T080657Z,24.5,81.9
20260714T080712Z,24.5,82.4
20260714T080727Z,24.6,82.9
20260714T080742Z,24.6,83.0
20260714T080757Z,24.7,83.2
20260714T080812Z,24.7,83.6
20260714T080827Z,24.7,83.6
20260714T080842Z,24.7,84.2
20260714T080857Z,24.8,84.2
20260714T080912Z,24.8,83.8
20260714T080927Z,24.8,83.9
20260714T080942Z,24.8,82.6
20260714T080957Z,24.8,82.2
20260714T081012Z,24.8,81.6
20260714T081027Z,24.8,80.7
20260714T081042Z,24.9,79.6
20260714T081057Z,24.8,78.5
20260714T081112Z,24.8,77.5
20260714T081127Z,24.8,77.1
20260714T081142Z,24.7,76.0
20260714T081157Z,24.6,74.8
20260714T081212Z,24.6,74.1
20260714T081227Z,24.5,73.8
20260714T081242Z,24.4,73.2
20260714T081257Z,24.3,72.6
20260714T081312Z,24.2,71.9
20260714T081327Z,24.1,71.8
20260714T081342Z,24.0,71.2
20260714T081357Z,23.9,71.1
20260714T081412Z,23.8,72.5
20260714T081427Z,23.9,73.8
20260714T081442Z,23.9,76.2
20260714T081457Z,23.9,77.6
20260714T081512Z,24.0,78.1
20260714T081527Z,24.0,78.2
20260714T081542Z,24.1,78.4
20260714T081557Z,24.1,78.7
20260714T081612Z,24.2,79.4
20260714T081627Z,24.2,80.1
20260714T081642Z,24.3,80.5
20260714T081657Z,24.3,80.6
20260714T081712Z,24.3,80.8
20260714T081727Z,24.4,81.2
20260714T081742Z,24.4,81.3
20260714T081757Z,24.5,81.7
20260714T081812Z,24.5,81.9
20260714T081827Z,24.6,82.1
20260714T081842Z,24.6,82.4
20260714T081857Z,24.7,82.7
20260714T081912Z,24.7,83.1
20260714T081927Z,24.7,83.4
20260714T081942Z,24.8,83.5
20260714T081957Z,24.8,83.6
20260714T082012Z,24.8,84.0
20260714T082027Z,24.9,84.0
20260714T082042Z,24.9,83.8
20260714T082057Z,24.9,82.8
20260714T082112Z,24.9,82.2
20260714T082127Z,24.9,81.5
20260714T082142Z,24.9,80.4
20260714T082157Z,24.8,79.3
20260714T082212Z,24.8,78.5
20260714T082227Z,24.7,77.8
20260714T082242Z,24.7,77.3
20260714T082257Z,24.6,76.8
20260714T082312Z,24.5,76.4
20260714T082327Z,24.5,75.4
20260714T082342Z,24.4,74.2
20260714T082357Z,24.3,73.7
20260714T082412Z,24.3,73.1
20260714T082427Z,24.2,72.6
20260714T082442Z,24.1,71.7
20260714T082457Z,24.0,71.4
20260714T082512Z,24.0,70.7
20260714T082527Z,23.9,71.7
20260714T082542Z,23.9,72.9
20260714T082557Z,23.9,74.6
20260714T082612Z,23.9,76.4
20260714T082627Z,24.0,77.5
20260714T082642Z,24.0,78.3
20260714T082657Z,24.0,78.5
20260714T082712Z,24.1,78.4
20260714T082727Z,24.1,79.3
20260714T082742Z,24.1,79.4
20260714T082757Z,24.2,80.1
20260714T082812Z,24.2,80.1
20260714T082827Z,24.2,80.3
20260714T082842Z,24.3,80.6
20260714T082857Z,24.3,81.2
20260714T082912Z,24.4,81.7
20260714T082927Z,24.4,81.9
20260714T082942Z,24.4,82.2
20260714T082957Z,24.4,82.5
20260714T083012Z,24.5,82.7
20260714T083027Z,24.5,82.9
20260714T083042Z,24.5,83.4
20260714T083057Z,24.6,83.7
20260714T083112Z,24.6,83.8
20260714T083127Z,24.6,84.2
20260714T083142Z,24.7,84.3
20260714T083157Z,24.7,84.9
20260714T083212Z,24.7,84.7
20260714T083227Z,24.8,85.2
20260714T083242Z,24.8,85.4
20260714T083257Z,24.8,85.0
20260714T083312Z,24.8,84.8
20260714T083327Z,24.8,83.5
20260714T083341Z,24.9,83.0
20260714T083358Z,24.8,82.2
20260714T083412Z,24.8,81.6
20260714T083427Z,24.8,80.2
20260714T083442Z,24.8,79.6
20260714T083457Z,24.7,78.6
20260714T083512Z,24.7,77.2
20260714T083527Z,24.6,76.8
20260714T083542Z,24.6,76.0
20260714T083557Z,24.5,75.5
20260714T083612Z,24.4,74.6
20260714T083627Z,24.4,74.0
20260714T083642Z,24.3,73.2
20260714T083657Z,24.2,72.6
20260714T083712Z,24.1,72.3
20260714T083727Z,24.0,71.6
20260714T083742Z,24.0,71.9
20260714T083757Z,24.0,73.2
20260714T083812Z,23.9,74.3
20260714T083827Z,24.0,76.6
20260714T083842Z,24.0,77.8
20260714T083857Z,24.1,77.9
20260714T083912Z,24.1,78.8
20260714T083927Z,24.1,79.0
20260714T083942Z,24.1,79.3
20260714T083957Z,24.2,79.9
20260714T084012Z,24.2,79.9
20260714T084027Z,24.2,80.4
20260714T084042Z,24.2,80.6
20260714T084057Z,24.3,81.2
20260714T084112Z,24.3,81.4
20260714T084127Z,24.3,82.0
20260714T084142Z,24.4,82.1
20260714T084157Z,24.4,82.4
20260714T084212Z,24.5,82.8
20260714T084227Z,24.5,83.2
20260714T084242Z,24.5,83.2
20260714T084257Z,24.6,83.3
20260714T084312Z,24.6,83.7
20260714T084327Z,24.6,83.9
20260714T084342Z,24.6,84.2
20260714T084357Z,24.7,84.3
20260714T084412Z,24.7,84.5
20260714T084427Z,24.7,85.0
20260714T084442Z,24.7,85.1
20260714T084457Z,24.8,85.4
20260714T084512Z,24.8,85.8
20260714T084527Z,24.8,85.5
20260714T084542Z,24.8,85.3
20260714T084557Z,24.8,84.3
20260714T084612Z,24.8,83.7
20260714T084627Z,24.8,82.9
20260714T084642Z,24.8,82.1
20260714T084657Z,24.8,81.0
20260714T084712Z,24.7,79.9
20260714T084727Z,24.7,79.1
20260714T084742Z,24.7,78.2
20260714T084757Z,24.6,77.4
20260714T084812Z,24.5,76.4
20260714T084827Z,24.5,75.3
20260714T084842Z,24.4,75.0
20260714T084857Z,24.3,74.0
20260714T084912Z,24.2,73.5
20260714T084927Z,24.1,73.0
20260714T084942Z,24.0,72.6
20260714T084957Z,23.9,73.1
20260714T085012Z,23.9,74.1
20260714T085027Z,23.9,75.6
20260714T085042Z,23.9,77.5
20260714T085057Z,23.9,78.1
20260714T085112Z,24.0,78.5
20260714T085127Z,24.0,79.0
20260714T085142Z,24.1,79.4
20260714T085157Z,24.1,79.5
20260714T085212Z,24.1,79.8
20260714T085227Z,24.2,79.9
20260714T085242Z,24.2,80.5
20260714T085258Z,24.2,80.7
20260714T085313Z,24.2,81.0
20260714T085327Z,24.3,81.3
20260714T085342Z,24.3,81.6
20260714T085357Z,24.3,82.0
20260714T085412Z,24.3,82.1
20260714T085427Z,24.4,82.5
20260714T085442Z,24.4,83.2
20260714T085457Z,24.4,83.0
20260714T085512Z,24.5,83.3
20260714T085527Z,24.5,83.7
20260714T085542Z,24.5,84.1
20260714T085557Z,24.6,84.4
20260714T085612Z,24.6,84.6
20260714T085627Z,24.6,84.8
20260714T085642Z,24.6,85.0
20260714T085657Z,24.7,85.2
20260714T085712Z,24.7,85.5
20260714T085727Z,24.7,85.8
20260714T085742Z,24.7,86.0
20260714T085757Z,24.7,86.2
20260714T085812Z,24.8,86.4
20260714T085827Z,24.8,86.6
20260714T085842Z,24.8,86.2
20260714T085857Z,24.8,86.1
20260714T085912Z,24.8,85.1
20260714T085927Z,24.8,84.3
20260714T085942Z,24.9,83.8
20260714T085957Z,24.8,82.6
20260714T090012Z,24.8,81.6
20260714T090027Z,24.8,80.6
20260714T090042Z,24.8,79.8
20260714T090057Z,24.7,78.7
20260714T090112Z,24.7,77.8
20260714T090127Z,24.6,76.5
20260714T090142Z,24.5,75.8
20260714T090157Z,24.4,75.1
20260714T090212Z,24.3,74.8
20260714T090227Z,24.2,74.2
20260714T090242Z,24.1,73.5
20260714T090257Z,24.1,73.1
20260714T090312Z,24.0,74.1
20260714T090327Z,24.0,75.5
20260714T090342Z,24.0,77.1
20260714T090357Z,24.0,78.9
20260714T090412Z,24.0,79.3
20260714T090427Z,24.1,79.5
20260714T090442Z,24.1,80.1
20260714T090457Z,24.1,80.5
20260714T090512Z,24.1,80.6
20260714T090527Z,24.2,81.1
20260714T090542Z,24.2,81.2
20260714T090557Z,24.2,81.4
20260714T090612Z,24.2,82.1
20260714T090627Z,24.2,82.1
20260714T090642Z,24.3,82.2
20260714T090657Z,24.3,82.8
20260714T090712Z,24.4,83.1
20260714T090727Z,24.4,83.1
20260714T090742Z,24.5,83.6
20260714T090757Z,24.5,83.7
20260714T090812Z,24.5,84.1
20260714T090827Z,24.5,84.3
20260714T090842Z,24.6,84.5
20260714T090857Z,24.6,84.6
20260714T090912Z,24.6,84.9
20260714T090927Z,24.6,85.2
20260714T090942Z,24.6,85.5
20260714T090957Z,24.7,85.8
20260714T091012Z,24.7,86.0
20260714T091027Z,24.7,86.4
20260714T091042Z,24.7,86.3
20260714T091057Z,24.8,86.4
20260714T091112Z,24.8,86.6
20260714T091127Z,24.8,86.2
20260714T091142Z,24.9,86.1
20260714T091157Z,24.9,85.2
20260714T091212Z,24.9,84.2
20260714T091227Z,24.9,83.3
20260714T091242Z,24.9,82.2
20260714T091257Z,24.8,81.3
20260714T091312Z,24.8,80.6
20260714T091327Z,24.8,79.4
20260714T091342Z,24.7,79.0
20260714T091357Z,24.7,77.9
20260714T091412Z,24.6,76.8
20260714T091427Z,24.5,76.1
20260714T091442Z,24.5,75.6
20260714T091457Z,24.4,74.6
20260714T091512Z,24.3,74.2
20260714T091527Z,24.2,73.5
20260714T091542Z,24.1,72.9
20260714T091557Z,24.0,72.7
20260714T091612Z,24.0,73.3
20260714T091627Z,24.0,74.6
20260714T091642Z,24.0,76.7
20260714T091657Z,24.0,78.2
20260714T091712Z,24.0,78.8
20260714T091727Z,24.1,79.1
20260714T091742Z,24.1,79.5
20260714T091757Z,24.1,80.4
20260714T091812Z,24.1,80.6
20260714T091827Z,24.2,80.5
20260714T091842Z,24.2,81.1
20260714T091857Z,24.2,81.2
20260714T091912Z,24.3,81.6
20260714T091927Z,24.3,81.8
20260714T091942Z,24.4,82.1
20260714T091957Z,24.4,82.2
20260714T092012Z,24.5,82.6
20260714T092027Z,24.5,82.7
20260714T092042Z,24.5,83.4
20260714T092057Z,24.6,83.5
20260714T092112Z,24.6,83.8
20260714T092127Z,24.6,84.1
20260714T092142Z,24.7,84.3
20260714T092157Z,24.7,84.5
20260714T092212Z,24.7,85.0
20260714T092227Z,24.7,85.3
20260714T092242Z,24.8,85.5
20260714T092257Z,24.8,85.6
20260714T092312Z,24.8,85.7
20260714T092327Z,24.9,85.9
20260714T092342Z,24.9,85.8
20260714T092357Z,24.9,84.8
20260714T092412Z,24.9,83.9
20260714T092427Z,24.9,83.1
20260714T092442Z,24.9,82.3
20260714T092457Z,24.9,81.7
20260714T092512Z,24.9,80.4
20260714T092527Z,24.8,79.7
20260714T092542Z,24.8,78.4
20260714T092557Z,24.7,77.9
20260714T092612Z,24.7,76.9
20260714T092627Z,24.6,76.1
20260714T092642Z,24.5,75.6
20260714T092657Z,24.5,74.8
20260714T092712Z,24.4,74.0
20260714T092727Z,24.3,72.9
20260714T092742Z,24.2,72.6
20260714T092757Z,24.1,72.1
20260714T092812Z,24.0,72.7
20260714T092827Z,24.0,74.0
20260714T092842Z,24.0,75.5
20260714T092857Z,24.0,77.1
20260714T092912Z,24.0,78.1
20260714T092927Z,24.1,78.3
20260714T092942Z,24.1,78.9
20260714T092957Z,24.1,79.5
20260714T093012Z,24.1,79.8
20260714T093027Z,24.1,80.1
20260714T093042Z,24.1,80.3
20260714T093057Z,24.2,80.7
20260714T093112Z,24.2,80.9
20260714T093127Z,24.2,81.4
20260714T093142Z,24.3,81.4
20260714T093157Z,24.3,82.0
20260714T093213Z,24.3,82.3
20260714T093227Z,24.3,82.6
20260714T093242Z,24.4,82.8
20260714T093257Z,24.4,83.0
20260714T093312Z,24.4,83.4
20260714T093327Z,24.5,83.6
20260714T093342Z,24.5,84.0
20260714T093358Z,24.5,84.2
20260714T093413Z,24.5,84.2
20260714T093427Z,24.6,84.7
20260714T093442Z,24.6,85.1
20260714T093458Z,24.6,85.2
20260714T093513Z,24.6,85.4
20260714T093527Z,24.7,85.8
20260714T093542Z,24.7,85.8
20260714T093557Z,24.7,86.1
20260714T093612Z,24.7,86.4
20260714T093627Z,24.7,86.6
20260714T093642Z,24.7,86.7
20260714T093658Z,24.8,86.9
20260714T093712Z,24.8,87.0
20260714T093728Z,24.8,86.7
20260714T093743Z,24.8,86.8
20260714T093757Z,24.8,85.7
20260714T093812Z,24.8,84.7
20260714T093828Z,24.8,84.1
20260714T093842Z,24.8,83.3
20260714T093858Z,24.8,82.2
20260714T093912Z,24.8,81.1
20260714T093928Z,24.7,80.3
20260714T093942Z,24.7,79.4
20260714T093958Z,24.6,78.7
20260714T094012Z,24.6,77.7
20260714T094027Z,24.5,76.9
20260714T094043Z,24.4,75.6
20260714T094057Z,24.3,74.8
20260714T094113Z,24.2,74.1
20260714T094127Z,24.1,73.7
20260714T094143Z,24.0,73.8
20260714T094157Z,23.9,74.9
20260714T094213Z,23.9,76.7
20260714T094227Z,23.9,78.4
20260714T094243Z,23.9,79.6
20260714T094257Z,23.9,79.9
20260714T094312Z,24.0,80.3
20260714T094327Z,24.0,80.7
20260714T094343Z,24.0,81.1
20260714T094358Z,24.1,81.4
20260714T094412Z,24.1,81.5
20260714T094428Z,24.1,81.8
20260714T094442Z,24.1,82.2
20260714T094458Z,24.2,82.2
20260714T094512Z,24.2,82.4
20260714T094528Z,24.3,82.7
20260714T094542Z,24.3,83.1
20260714T094558Z,24.3,83.4
20260714T094612Z,24.4,83.7
20260714T094628Z,24.4,83.7
20260714T094642Z,24.4,83.9
20260714T094658Z,24.5,84.3
20260714T094713Z,24.5,84.5
20260714T094727Z,24.5,84.9
20260714T094743Z,24.5,85.2
20260714T094758Z,24.6,85.3
20260714T094812Z,24.6,85.6
20260714T094828Z,24.6,85.8
20260714T094842Z,24.6,86.0
20260714T094858Z,24.7,86.2
20260714T094913Z,24.7,86.5
20260714T094927Z,24.7,86.7
20260714T094943Z,24.7,87.0
20260714T094957Z,24.7,87.0
20260714T095012Z,24.7,87.2
20260714T095028Z,24.7,87.5
20260714T095042Z,24.8,87.8
20260714T095058Z,24.8,87.9
20260714T095113Z,24.8,87.4
20260714T095127Z,24.8,87.0
20260714T095143Z,24.8,85.9
20260714T095157Z,24.8,85.4
20260714T095213Z,24.8,84.5
20260714T095227Z,24.9,83.2
20260714T095243Z,24.8,82.2
20260714T095257Z,24.8,81.1
20260714T095313Z,24.7,80.4
20260714T095328Z,24.7,79.6
20260714T095342Z,24.6,79.2
20260714T095358Z,24.6,78.8
20260714T095412Z,24.5,77.8
20260714T095428Z,24.4,77.2
20260714T095442Z,24.4,76.9
20260714T095458Z,24.3,76.0
20260714T095512Z,24.3,75.3
20260714T095528Z,24.3,74.3
20260714T095543Z,24.2,75.7
20260714T095558Z,24.2,76.7
20260714T095612Z,24.2,78.8
20260714T095627Z,24.2,79.7
20260714T095642Z,24.2,80.5
20260714T095657Z,24.2,80.6
20260714T095713Z,24.2,81.1
20260714T095727Z,24.1,81.3
20260714T095743Z,24.2,81.7
20260714T095757Z,24.2,82.1
20260714T095813Z,24.2,82.6
20260714T095827Z,24.2,82.7
20260714T095843Z,24.3,83.0
20260714T095857Z,24.3,83.2
20260714T095913Z,24.3,83.5
20260714T095927Z,24.4,83.9
20260714T095942Z,24.4,84.1
20260714T095958Z,24.4,84.5
20260714T100012Z,24.5,84.6
20260714T100028Z,24.5,84.8
20260714T100042Z,24.5,85.0
20260714T100058Z,24.6,85.2
20260714T100112Z,24.6,85.5
20260714T100127Z,24.6,86.0
20260714T100143Z,24.7,85.9
20260714T100157Z,24.7,85.9
20260714T100213Z,24.8,86.2
20260714T100227Z,24.8,86.1
20260714T100242Z,24.8,86.3
20260714T100257Z,24.9,86.6
20260714T100312Z,24.9,86.7
20260714T100328Z,24.9,86.9
20260714T100342Z,24.9,86.9
20260714T100358Z,24.9,86.6
20260714T100412Z,25.0,86.0
20260714T100428Z,25.0,84.9
20260714T100442Z,24.9,84.3
20260714T100458Z,24.9,83.6
20260714T100512Z,24.9,82.6
20260714T100528Z,24.9,81.7
20260714T100542Z,24.9,80.7
20260714T100558Z,24.8,79.8
20260714T100612Z,24.8,79.0
20260714T100628Z,24.8,79.1
20260714T100642Z,24.7,78.1
20260714T100657Z,24.7,76.6
20260714T100713Z,24.6,75.4
20260714T100727Z,24.6,74.8
20260714T100743Z,24.5,74.1
20260714T100757Z,24.4,73.7
20260714T100813Z,24.3,74.9
20260714T100827Z,24.3,76.3
20260714T100842Z,24.3,78.0
20260714T100857Z,24.2,79.3
20260714T100913Z,24.2,79.6
20260714T100928Z,24.2,80.1
20260714T100942Z,24.2,80.3
20260714T100958Z,24.2,80.5
20260714T101012Z,24.2,80.8
20260714T101028Z,24.2,81.2
20260714T101042Z,24.2,81.5
20260714T101058Z,24.2,81.8
20260714T101112Z,24.3,82.2
20260714T101128Z,24.3,82.5
20260714T101142Z,24.3,83.3
20260714T101158Z,24.4,83.5
20260714T101212Z,24.4,83.5
20260714T101228Z,24.5,83.9
20260714T101242Z,24.5,84.0
20260714T101258Z,24.5,84.0
20260714T101312Z,24.6,84.2
20260714T101328Z,24.6,84.6
20260714T101342Z,24.6,84.7
20260714T101358Z,24.7,85.0
20260714T101412Z,24.7,85.0
20260714T101428Z,24.7,85.2
20260714T101442Z,24.8,85.4
20260714T101457Z,24.8,85.5
20260714T101513Z,24.8,85.8
20260714T101527Z,24.9,85.8
20260714T101543Z,24.9,86.0
20260714T101558Z,24.9,86.2
20260714T101612Z,25.0,86.2
20260714T101628Z,25.0,86.2
20260714T101642Z,25.0,86.6
20260714T101657Z,25.0,86.7
20260714T101713Z,25.1,86.9
20260714T101727Z,25.1,86.9
20260714T101743Z,25.1,86.6
20260714T101757Z,25.1,86.4
20260714T101813Z,25.1,85.1
20260714T101827Z,25.1,84.5
20260714T101842Z,25.1,83.5
20260714T101859Z,25.1,83.1
20260714T101913Z,25.0,81.8
20260714T101928Z,25.0,81.0
20260714T101942Z,25.0,80.5
20260714T101958Z,24.9,79.2
20260714T102012Z,24.9,78.5
20260714T102028Z,24.8,77.3
20260714T102042Z,24.8,76.7
20260714T102058Z,24.7,76.1
20260714T102112Z,24.7,75.2
20260714T102128Z,24.6,74.1
20260714T102142Z,24.5,73.7
20260714T102157Z,24.5,74.6
20260714T102212Z,24.4,76.5
20260714T102228Z,24.4,78.3
20260714T102242Z,24.4,78.7
20260714T102258Z,24.4,79.2
20260714T102312Z,24.5,79.5
20260714T102328Z,24.5,79.7
20260714T102342Z,24.5,80.0
20260714T102358Z,24.5,80.2
20260714T102412Z,24.5,80.5
20260714T102428Z,24.5,80.9
20260714T102442Z,24.6,81.1
20260714T102457Z,24.6,81.4
20260714T102512Z,24.6,81.7
20260714T102527Z,24.6,81.9
20260714T102543Z,24.7,82.1
20260714T102557Z,24.7,82.6
20260714T102613Z,24.7,82.8
20260714T102627Z,24.7,83.0
20260714T102643Z,24.8,83.2
20260714T102657Z,24.8,83.4
20260714T102713Z,24.8,83.6
20260714T102727Z,24.8,83.9
20260714T102743Z,24.9,84.0
20260714T102758Z,24.9,84.3
20260714T102812Z,24.9,84.5
20260714T102827Z,24.9,84.7
20260714T102843Z,24.9,84.9
20260714T102858Z,24.9,85.0
20260714T102913Z,25.0,85.3
20260714T102927Z,25.0,85.4
20260714T102943Z,25.0,85.7
20260714T102957Z,25.0,85.9
20260714T103013Z,25.0,85.9
20260714T103027Z,25.0,86.1
20260714T103043Z,25.1,86.2
20260714T103057Z,25.1,86.3
20260714T103113Z,25.1,86.4
20260714T103128Z,25.1,86.6
20260714T103142Z,25.1,86.6
20260714T103158Z,25.2,86.4
20260714T103212Z,25.2,85.1
20260714T103228Z,25.1,84.3
20260714T103242Z,25.1,84.0
20260714T103258Z,25.1,82.6
20260714T103312Z,25.1,81.7
20260714T103328Z,25.1,80.7
20260714T103342Z,25.0,80.2
20260714T103358Z,25.0,79.5
20260714T103413Z,25.0,78.5
20260714T103428Z,25.0,77.4
20260714T103443Z,24.9,76.4
20260714T103458Z,24.9,76.0
20260714T103513Z,24.8,74.4
20260714T103528Z,24.7,73.7
20260714T103543Z,24.6,73.1
20260714T103557Z,24.5,74.0
20260714T103613Z,24.5,75.9
20260714T103627Z,24.5,77.5
20260714T103643Z,24.5,78.5
20260714T103658Z,24.5,78.9
20260714T103713Z,24.5,79.2
20260714T103728Z,24.5,79.5
20260714T103743Z,24.5,79.7
20260714T103758Z,24.5,80.0
20260714T103813Z,24.5,80.3
20260714T103828Z,24.6,80.6
20260714T103843Z,24.6,80.9
20260714T103858Z,24.6,81.1
20260714T103913Z,24.6,81.4
20260714T103928Z,24.7,81.6
20260714T103943Z,24.7,81.9
20260714T103958Z,24.7,82.2
20260714T104013Z,24.8,82.5
20260714T104028Z,24.8,82.7
20260714T104043Z,24.8,83.1
20260714T104058Z,24.8,83.3
20260714T104113Z,24.8,83.5
20260714T104128Z,24.9,83.7
20260714T104143Z,24.9,83.8
20260714T104158Z,24.9,83.9
20260714T104213Z,24.9,84.1
20260714T104228Z,24.9,84.4
20260714T104243Z,25.0,84.6
20260714T104258Z,25.0,84.7
20260714T104313Z,25.0,85.0
20260714T104328Z,25.0,85.0
20260714T104343Z,25.0,85.3
20260714T104358Z,25.0,85.5
20260714T104413Z,25.0,85.7
20260714T104428Z,25.1,85.9
20260714T104443Z,25.1,86.0
20260714T104458Z,25.1,86.2
20260714T104513Z,25.1,86.5
20260714T104528Z,25.1,86.5
20260714T104543Z,25.1,86.7
20260714T104558Z,25.2,86.8
20260714T104613Z,25.2,86.7
20260714T104628Z,25.2,86.5
20260714T104643Z,25.2,85.2
20260714T104658Z,25.1,84.2
20260714T104713Z,25.1,83.6
20260714T104728Z,25.1,82.6
20260714T104743Z,25.1,81.7
20260714T104758Z,25.0,80.8
20260714T104813Z,25.0,79.9
20260714T104828Z,24.9,79.4
20260714T104843Z,24.9,77.9
20260714T104858Z,24.8,76.7
20260714T104913Z,24.7,76.1
20260714T104928Z,24.5,75.7
20260714T104943Z,24.4,74.9
20260714T104958Z,24.3,74.2
20260714T105013Z,24.2,74.8
20260714T105028Z,24.1,76.3
20260714T105043Z,24.1,78.1
20260714T105058Z,24.1,79.6
20260714T105113Z,24.1,80.3
20260714T105128Z,24.2,80.7
20260714T105143Z,24.2,80.7
20260714T105158Z,24.3,81.0
20260714T105213Z,24.3,81.1
20260714T105228Z,24.3,81.3
20260714T105243Z,24.4,81.8
20260714T105258Z,24.4,82.1
20260714T105313Z,24.5,82.1
20260714T105328Z,24.5,82.3
20260714T105343Z,24.5,82.4
20260714T105358Z,24.5,82.7
20260714T105413Z,24.6,82.9
20260714T105428Z,24.6,83.1
20260714T105443Z,24.7,83.4
20260714T105458Z,24.7,83.5
20260714T105513Z,24.7,83.7
20260714T105528Z,24.8,83.9
20260714T105543Z,24.8,84.2
20260714T105558Z,24.8,84.3
20260714T105613Z,24.8,84.6
20260714T105628Z,24.8,84.9
20260714T105643Z,24.9,85.0
20260714T105658Z,24.9,85.4
20260714T105713Z,24.9,85.5
20260714T105728Z,24.9,85.6
20260714T105743Z,24.9,85.9
20260714T105758Z,25.0,86.1
20260714T105813Z,25.0,86.2
20260714T105828Z,25.0,86.3
20260714T105843Z,25.0,86.5
20260714T105858Z,25.0,86.6
20260714T105913Z,25.1,86.7
20260714T105928Z,25.1,86.9
20260714T105943Z,25.1,87.0
20260714T105958Z,25.1,87.0
20260714T110013Z,25.1,86.8
20260714T110028Z,25.1,85.6
20260714T110043Z,25.1,84.8
20260714T110058Z,25.1,84.0
20260714T110113Z,25.1,83.1
20260714T110128Z,25.0,82.3
20260714T110143Z,25.0,81.3
20260714T110158Z,24.9,80.6
20260714T110213Z,24.9,79.9
20260714T110228Z,24.8,79.1
20260714T110243Z,24.8,77.8
20260714T110258Z,24.7,77.0
20260714T110313Z,24.6,76.3
20260714T110328Z,24.6,75.4
20260714T110343Z,24.4,74.5
20260714T110358Z,24.3,74.5
20260714T110413Z,24.3,75.5
20260714T110428Z,24.3,77.1
20260714T110443Z,24.2,78.1
20260714T110458Z,24.3,79.7
20260714T110513Z,24.3,80.3
20260714T110528Z,24.3,80.6
20260714T110543Z,24.3,80.9
20260714T110558Z,24.4,81.2
20260714T110613Z,24.4,81.2
20260714T110628Z,24.4,81.6
20260714T110643Z,24.4,81.9
20260714T110658Z,24.5,82.0
20260714T110713Z,24.5,82.3
20260714T110728Z,24.5,82.5
20260714T110743Z,24.6,82.8
20260714T110759Z,24.6,83.0
20260714T110813Z,24.6,83.2
20260714T110828Z,24.7,83.4
20260714T110843Z,24.7,83.8
20260714T110858Z,24.7,84.0
20260714T110913Z,24.7,84.2
20260714T110928Z,24.7,84.4
20260714T110943Z,24.8,84.6
20260714T110958Z,24.8,84.8
20260714T111013Z,24.8,85.0
20260714T111028Z,24.8,85.3
20260714T111043Z,24.8,85.5
20260714T111058Z,24.9,85.6
20260714T111113Z,24.9,85.9
20260714T111128Z,24.9,86.0
20260714T111143Z,24.9,86.2
20260714T111158Z,24.9,86.4
20260714T111213Z,24.9,86.5
20260714T111228Z,25.0,86.7
20260714T111243Z,25.0,87.0
20260714T111258Z,25.0,87.1
20260714T111313Z,25.0,87.2
20260714T111328Z,25.0,87.3
20260714T111343Z,25.1,87.5
20260714T111358Z,25.1,87.7
20260714T111413Z,25.1,87.8
20260714T111428Z,25.1,87.3
20260714T111443Z,25.1,86.8
20260714T111458Z,25.1,85.5
20260714T111513Z,25.1,85.0
20260714T111528Z,25.1,84.3
20260714T111543Z,25.0,83.2
20260714T111558Z,25.0,82.5
20260714T111613Z,25.0,81.3
20260714T111628Z,25.0,80.4
20260714T111643Z,24.9,79.6
20260714T111659Z,24.9,78.7
20260714T111713Z,24.8,77.8
20260714T111728Z,24.7,77.2
20260714T111743Z,24.7,76.2
20260714T111758Z,24.6,75.5
20260714T111813Z,24.5,74.9
20260714T111828Z,24.5,75.7
20260714T111843Z,24.4,76.9
20260714T111858Z,24.4,78.7
20260714T111913Z,24.4,79.8
20260714T111928Z,24.5,80.1
20260714T111943Z,24.4,80.4
20260714T111959Z,24.5,80.7
20260714T112013Z,24.5,80.9
20260714T112028Z,24.5,81.0
20260714T112043Z,24.5,81.5
20260714T112058Z,24.6,81.7
20260714T112113Z,24.6,81.9
20260714T112128Z,24.6,82.1
20260714T112143Z,24.7,82.3
20260714T112158Z,24.7,82.5
20260714T112213Z,24.7,82.9
20260714T112228Z,24.7,83.1
20260714T112243Z,24.7,83.3
20260714T112258Z,24.8,83.6
20260714T112313Z,24.8,83.8
20260714T112328Z,24.8,84.0
20260714T112343Z,24.8,84.2
20260714T112358Z,24.8,84.5
20260714T112413Z,24.9,84.7
20260714T112428Z,24.9,84.9
20260714T112443Z,24.9,85.1
20260714T112458Z,24.9,85.3
20260714T112513Z,24.9,85.6
20260714T112528Z,24.9,85.8
20260714T112543Z,25.0,85.9
20260714T112558Z,25.0,86.1
20260714T112613Z,25.0,86.3
20260714T112628Z,25.0,86.4
20260714T112643Z,25.0,86.7
20260714T112658Z,25.1,86.8
20260714T112713Z,25.1,86.9
20260714T112728Z,25.1,87.0
20260714T112743Z,25.1,87.2
20260714T112758Z,25.1,87.4
20260714T112813Z,25.1,87.5
20260714T112828Z,25.1,87.6
20260714T112843Z,25.1,87.8
20260714T112858Z,25.2,87.7
20260714T112913Z,25.1,87.2
20260714T112928Z,25.2,86.0
20260714T112943Z,25.1,85.2
20260714T112958Z,25.1,84.7
20260714T113013Z,25.1,83.6
20260714T113028Z,25.1,82.8
20260714T113043Z,25.0,82.1
20260714T113059Z,25.0,81.2
20260714T113113Z,25.0,80.3
20260714T113128Z,24.9,79.4
20260714T113143Z,24.9,78.4
20260714T113158Z,24.9,77.5
20260714T113213Z,24.8,76.7
20260714T113228Z,24.7,76.1
20260714T113243Z,24.6,75.2
20260714T113258Z,24.6,75.7
20260714T113313Z,24.5,76.7
20260714T113328Z,24.5,77.9
20260714T113343Z,24.5,79.1
20260714T113358Z,24.5,80.1
20260714T113413Z,24.5,80.3
20260714T113428Z,24.5,80.8
20260714T113443Z,24.5,81.2
20260714T113458Z,24.6,81.2
20260714T113513Z,24.6,81.4
20260714T113528Z,24.6,81.7
20260714T113543Z,24.6,82.0
20260714T113558Z,24.6,82.4
20260714T113613Z,24.7,82.6
20260714T113628Z,24.7,82.9
20260714T113643Z,24.7,83.1
20260714T113658Z,24.7,83.4
20260714T113713Z,24.8,83.5
20260714T113728Z,24.8,83.8
20260714T113743Z,24.8,84.1
20260714T113758Z,24.8,84.3
20260714T113813Z,24.8,84.6
20260714T113828Z,24.9,84.7
20260714T113843Z,24.9,85.2
20260714T113858Z,24.9,85.4
20260714T113913Z,24.9,85.6
20260714T113928Z,24.9,85.8
20260714T113943Z,24.9,85.9
20260714T113958Z,25.0,86.1
20260714T114013Z,25.0,86.2
20260714T114028Z,25.0,86.3
20260714T114043Z,25.0,86.5
20260714T114058Z,25.1,86.9
20260714T114113Z,25.1,86.9
20260714T114128Z,25.1,87.1
20260714T114143Z,25.1,87.2
20260714T114158Z,25.1,87.2
20260714T114213Z,25.1,87.3
20260714T114228Z,25.2,87.3
20260714T114243Z,25.2,87.4
20260714T114258Z,25.2,87.1
20260714T114313Z,25.2,87.3
20260714T114328Z,25.2,86.1
20260714T114343Z,25.2,84.9
20260714T114358Z,25.2,84.0
20260714T114413Z,25.1,83.7
20260714T114428Z,25.1,82.7
20260714T114443Z,25.1,81.6
20260714T114458Z,25.1,80.8
20260714T114513Z,25.0,80.1
20260714T114528Z,25.0,79.1
20260714T114543Z,25.0,78.4
20260714T114558Z,24.9,77.4
20260714T114613Z,24.8,76.6
20260714T114628Z,24.8,76.2
20260714T114643Z,24.7,75.4
20260714T114658Z,24.6,74.7
20260714T114713Z,24.6,75.4
20260714T114728Z,24.6,76.7
20260714T114743Z,24.5,78.4
20260714T114758Z,24.5,79.4
20260714T114813Z,24.5,79.8
20260714T114828Z,24.5,80.0
20260714T114843Z,24.6,80.2
20260714T114858Z,24.6,80.5
20260714T114913Z,24.6,80.9
20260714T114928Z,24.6,81.3
20260714T114943Z,24.6,81.6
20260714T114958Z,24.6,82.0
20260714T115013Z,24.6,82.1
20260714T115028Z,24.7,82.4
20260714T115043Z,24.7,82.7
20260714T115058Z,24.7,82.9
20260714T115113Z,24.7,83.1
20260714T115128Z,24.8,83.5
20260714T115143Z,24.8,83.6
20260714T115158Z,24.8,83.9
20260714T115213Z,24.8,84.1
20260714T115228Z,24.8,84.4
20260714T115243Z,24.9,84.7
20260714T115258Z,24.9,84.9
20260714T115313Z,24.9,85.1
20260714T115328Z,24.9,85.2
20260714T115343Z,24.9,85.6
20260714T115358Z,24.9,85.7
20260714T115413Z,25.0,85.9
20260714T115428Z,25.0,86.0
20260714T115443Z,25.0,86.2
20260714T115458Z,25.0,86.4
20260714T115513Z,25.0,86.5
20260714T115528Z,25.0,86.7
20260714T115543Z,25.1,86.9
20260714T115558Z,25.1,87.1
20260714T115613Z,25.1,87.2
20260714T115628Z,25.1,87.3
20260714T115643Z,25.1,87.3
20260714T115658Z,25.1,87.6
20260714T115713Z,25.2,87.3
20260714T115728Z,25.2,87.2
20260714T115743Z,25.2,85.9
20260714T115758Z,25.1,85.2
20260714T115813Z,25.1,84.5
20260714T115828Z,25.1,84.1
20260714T115843Z,25.1,82.7
20260714T115858Z,25.0,82.0
20260714T115913Z,25.0,81.2
20260714T115928Z,25.0,80.3
20260714T115943Z,24.9,79.5
20260714T115958Z,24.9,78.5
20260714T120013Z,24.8,77.4
20260714T120028Z,24.8,76.8
20260714T120043Z,24.7,75.8
20260714T120058Z,24.6,75.5
20260714T120113Z,24.6,74.3
20260714T120128Z,24.5,73.5
20260714T120143Z,24.4,74.0
20260714T120158Z,24.4,75.6
20260714T120213Z,24.3,76.9
20260714T120228Z,24.3,78.6
20260714T120243Z,24.4,79.1
20260714T120258Z,24.4,79.5
20260714T120313Z,24.4,79.8
20260714T120328Z,24.4,80.1
20260714T120343Z,24.4,80.4
20260714T120358Z,24.5,80.6
20260714T120413Z,24.5,80.7
20260714T120428Z,24.5,81.1
20260714T120443Z,24.5,81.4
20260714T120458Z,24.6,81.6
20260714T120513Z,24.6,81.9
20260714T120528Z,24.6,82.1
20260714T120543Z,24.7,82.4
20260714T120558Z,24.7,82.7
20260714T120613Z,24.7,82.9
20260714T120628Z,24.7,83.3
20260714T120643Z,24.7,83.5
20260714T120658Z,24.8,83.8
20260714T120713Z,24.8,84.0
20260714T120728Z,24.8,84.1
20260714T120743Z,24.8,84.3
20260714T120758Z,24.9,84.5
20260714T120813Z,24.9,84.8
20260714T120828Z,24.9,84.9
20260714T120843Z,24.9,85.0
20260714T120858Z,25.0,85.3
20260714T120913Z,25.0,85.5
20260714T120928Z,25.0,85.5
20260714T120943Z,25.0,85.8
20260714T120958Z,25.0,85.9
20260714T121013Z,25.0,86.2
20260714T121028Z,25.1,86.3
20260714T121043Z,25.1,86.4
20260714T121058Z,25.1,86.5
20260714T121113Z,25.1,86.8
20260714T121128Z,25.1,86.9
20260714T121143Z,25.1,87.2
20260714T121158Z,25.1,87.2
20260714T121213Z,25.1,87.3
20260714T121228Z,25.1,87.4
20260714T121243Z,25.2,87.1
20260714T121259Z,25.2,86.0
20260714T121313Z,25.1,85.3
20260714T121328Z,25.1,84.6
20260714T121343Z,25.1,83.9
20260714T121359Z,25.1,82.8
20260714T121413Z,25.0,81.7
20260714T121428Z,25.0,81.1
20260714T121443Z,25.0,80.2
20260714T121458Z,24.9,79.1
20260714T121513Z,24.9,78.2
20260714T121528Z,24.8,76.9
20260714T121543Z,24.7,75.6
20260714T121558Z,24.5,75.5
20260714T121613Z,24.4,75.6
20260714T121628Z,24.4,74.8
20260714T121643Z,24.3,75.6
20260714T121658Z,24.3,77.0
20260714T121713Z,24.3,78.5
20260714T121728Z,24.3,80.0
20260714T121743Z,24.3,80.5
20260714T121758Z,24.3,80.7
20260714T121813Z,24.3,81.0
20260714T121828Z,24.3,80.9
20260714T121843Z,24.4,81.1
20260714T121858Z,24.4,81.5
20260714T121913Z,24.4,81.8
20260714T121928Z,24.5,82.1
20260714T121943Z,24.5,82.4
20260714T121958Z,24.5,82.6
20260714T122013Z,24.5,82.9
20260714T122028Z,24.6,83.2
20260714T122043Z,24.6,83.4
20260714T122058Z,24.6,83.6
20260714T122113Z,24.7,83.9
20260714T122128Z,24.7,84.1
20260714T122143Z,24.7,84.4
20260714T122158Z,24.7,84.5
20260714T122213Z,24.8,84.8
20260714T122228Z,24.8,85.0
20260714T122243Z,24.8,85.2
20260714T122258Z,24.8,85.3
20260714T122313Z,24.8,85.6
20260714T122328Z,24.9,85.8
20260714T122343Z,24.9,85.9
20260714T122358Z,24.9,86.0
20260714T122413Z,24.9,86.3
20260714T122428Z,24.9,86.5
20260714T122443Z,24.9,86.6
20260714T122458Z,25.0,86.7
20260714T122513Z,25.0,87.0
20260714T122528Z,25.0,87.2
20260714T122543Z,25.0,87.2
20260714T122558Z,25.0,87.4
20260714T122613Z,25.1,87.6
20260714T122628Z,25.1,87.7
20260714T122643Z,25.1,87.7
20260714T122658Z,25.1,87.8
20260714T122713Z,25.1,87.4
20260714T122728Z,25.1,86.9
20260714T122743Z,25.1,85.6
20260714T122758Z,25.1,85.3
20260714T122813Z,25.1,84.5
20260714T122828Z,25.1,83.3
20260714T122843Z,25.0,82.5
20260714T122858Z,25.0,81.9
20260714T122913Z,24.9,81.2
20260714T122928Z,24.9,80.4
20260714T122943Z,24.9,79.4
20260714T122958Z,24.9,78.4
20260714T123013Z,24.8,77.3
20260714T123028Z,24.7,76.7
20260714T123043Z,24.6,75.6
20260714T123058Z,24.5,75.2
20260714T123113Z,24.4,75.2
20260714T123128Z,24.4,76.4
20260714T123143Z,24.4,77.6
20260714T123158Z,24.4,78.7
20260714T123213Z,24.4,79.8
20260714T123228Z,24.4,80.4
20260714T123243Z,24.4,80.6
20260714T123258Z,24.4,81.0
20260714T123313Z,24.4,81.1
20260714T123328Z,24.4,81.4
20260714T123343Z,24.5,81.6
20260714T123358Z,24.5,82.0
20260714T123413Z,24.5,82.2
20260714T123428Z,24.5,82.4
20260714T123443Z,24.6,82.8
20260714T123458Z,24.6,83.0
20260714T123513Z,24.6,83.3
20260714T123528Z,24.6,83.6
20260714T123543Z,24.7,83.8
20260714T123558Z,24.7,84.1
20260714T123613Z,24.7,84.3
20260714T123628Z,24.7,84.7
20260714T123643Z,24.7,84.7
20260714T123658Z,24.8,85.2
20260714T123713Z,24.8,85.3
20260714T123728Z,24.8,85.3
20260714T123743Z,24.8,85.7
20260714T123758Z,24.8,85.9
20260714T123813Z,24.8,86.0
20260714T123828Z,24.9,86.2
20260714T123843Z,24.9,86.5
20260714T123858Z,24.9,86.6
20260714T123913Z,24.9,86.7
20260714T123928Z,24.9,86.8
20260714T123943Z,25.0,86.9
20260714T123958Z,25.0,87.1
20260714T124013Z,25.0,87.2
20260714T124028Z,25.0,87.3
20260714T124043Z,25.0,87.6
20260714T124058Z,25.1,87.5
20260714T124113Z,25.1,87.8
20260714T124128Z,25.1,87.8
20260714T124143Z,25.1,87.7
20260714T124158Z,25.1,87.3
20260714T124213Z,25.1,86.2
20260714T124228Z,25.1,85.4
20260714T124243Z,25.1,85.0
20260714T124258Z,25.0,83.9
20260714T124313Z,25.0,83.0
20260714T124328Z,25.0,82.3
20260714T124343Z,24.9,81.5
20260714T124358Z,24.9,80.8
20260714T124413Z,24.9,80.3
20260714T124428Z,24.9,79.1
20260714T124443Z,24.8,77.9
20260714T124458Z,24.8,76.9
20260714T124513Z,24.7,75.9
20260714T124528Z,24.6,75.1
20260714T124543Z,24.5,74.6
20260714T124558Z,24.5,75.0
20260714T124613Z,24.4,76.4
20260714T124628Z,24.4,77.5
20260714T124643Z,24.4,79.0
20260714T124658Z,24.5,79.7
20260714T124713Z,24.5,80.2
20260714T124728Z,24.5,80.5
20260714T124743Z,24.5,80.6
20260714T124758Z,24.5,80.9
20260714T124813Z,24.5,81.5
20260714T124828Z,24.5,81.4
20260714T124843Z,24.5,81.7
20260714T124859Z,24.5,82.1
20260714T124914Z,24.6,82.4
20260714T124928Z,24.6,82.6
20260714T124943Z,24.6,82.9
20260714T124958Z,24.6,83.2
20260714T125013Z,24.6,83.4
20260714T125028Z,24.7,83.8
20260714T125043Z,24.7,84.1
20260714T125058Z,24.7,84.3
20260714T125113Z,24.7,84.6
20260714T125128Z,24.7,84.7
20260714T125143Z,24.8,84.9
20260714T125158Z,24.8,85.2
20260714T125213Z,24.8,85.5
20260714T125228Z,24.8,85.6
20260714T125243Z,24.8,85.8
20260714T125258Z,24.8,86.0
20260714T125313Z,24.9,86.3
20260714T125328Z,24.9,86.5
20260714T125343Z,24.9,86.7
20260714T125358Z,24.9,86.7
20260714T125413Z,24.9,86.8
20260714T125428Z,24.9,87.1
20260714T125443Z,25.0,87.3
20260714T125458Z,25.0,87.4
20260714T125513Z,25.0,87.6
20260714T125528Z,25.0,87.8
20260714T125543Z,25.0,88.0
20260714T125558Z,25.0,88.0
20260714T125613Z,25.0,87.9
20260714T125628Z,25.0,87.8
20260714T125643Z,25.0,86.4
20260714T125658Z,25.0,85.8
20260714T125713Z,25.0,85.1
20260714T125728Z,25.0,84.3
20260714T125743Z,25.0,83.4
20260714T125758Z,24.9,82.5
20260714T125813Z,24.9,81.7
20260714T125828Z,24.9,80.8
20260714T125843Z,24.8,79.8
20260714T125858Z,24.8,78.8
20260714T125913Z,24.8,77.7
20260714T125928Z,24.7,76.8
20260714T125943Z,24.7,76.1
20260714T125958Z,24.6,74.9
20260714T130013Z,24.5,75.0
20260714T130028Z,24.5,75.9
20260714T130043Z,24.4,77.3
20260714T130058Z,24.4,78.4
20260714T130113Z,24.5,79.6
20260714T130128Z,24.5,80.3
20260714T130143Z,24.5,80.6
20260714T130158Z,24.5,80.7
20260714T130213Z,24.5,81.0
20260714T130228Z,24.5,81.3
20260714T130243Z,24.5,81.7
20260714T130258Z,24.5,81.8
20260714T130313Z,24.6,82.1
20260714T130328Z,24.6,82.3
20260714T130343Z,24.6,82.6
20260714T130358Z,24.7,82.7
20260714T130413Z,24.7,83.2
20260714T130428Z,24.7,83.4
20260714T130443Z,24.7,83.5
20260714T130458Z,24.7,83.8
20260714T130513Z,24.8,84.0
20260714T130528Z,24.8,84.1
20260714T130543Z,24.8,84.4
20260714T130558Z,24.8,84.8
20260714T130613Z,24.8,84.9
20260714T130628Z,24.8,85.1
20260714T130643Z,24.9,85.4
20260714T130658Z,24.9,85.5
20260714T130713Z,24.9,85.8
20260714T130728Z,24.9,85.9
20260714T130743Z,24.9,86.2
20260714T130758Z,24.9,86.2
20260714T130813Z,24.9,86.4
20260714T130828Z,24.9,86.6
20260714T130843Z,25.0,86.9
20260714T130858Z,25.0,87.1
20260714T130913Z,25.0,87.2
20260714T130928Z,25.0,87.3
20260714T130943Z,25.0,87.5
20260714T130958Z,25.0,87.7
20260714T131013Z,25.0,87.7
20260714T131028Z,25.1,87.9
20260714T131043Z,25.1,88.1
20260714T131058Z,25.1,88.2
20260714T131113Z,25.1,88.3
20260714T131128Z,25.1,87.8
20260714T131143Z,25.1,87.1
20260714T131158Z,25.1,86.0
20260714T131213Z,25.1,85.5
20260714T131228Z,25.1,84.9
20260714T131243Z,25.0,84.0
20260714T131258Z,25.0,82.9
20260714T131313Z,25.0,81.9
20260714T131328Z,25.0,81.0
20260714T131343Z,25.0,79.8
20260714T131358Z,24.9,78.8
20260714T131413Z,24.9,78.1
20260714T131428Z,24.8,77.2
20260714T131443Z,24.8,76.3
20260714T131458Z,24.7,75.4
20260714T131513Z,24.6,74.5
20260714T131528Z,24.5,74.7
20260714T131543Z,24.5,75.9
20260714T131558Z,24.5,77.3
20260714T131613Z,24.4,78.5
20260714T131628Z,24.4,79.6
20260714T131643Z,24.4,80.1
20260714T131658Z,24.4,80.4
20260714T131713Z,24.4,80.7
20260714T131728Z,24.5,80.8
20260714T131743Z,24.5,80.9
20260714T131758Z,24.5,81.4
20260714T131813Z,24.5,81.7
20260714T131828Z,24.5,82.0
20260714T131843Z,24.5,82.4
20260714T131858Z,24.5,82.6
20260714T131913Z,24.6,83.0
20260714T131928Z,24.6,83.2
20260714T131943Z,24.6,83.4
20260714T131958Z,24.6,83.7
20260714T132013Z,24.7,83.8
20260714T132028Z,24.7,84.2
20260714T132043Z,24.7,84.4
20260714T132058Z,24.7,84.6
20260714T132113Z,24.7,85.0
20260714T132128Z,24.7,85.1
20260714T132143Z,24.8,85.3
20260714T132158Z,24.8,85.6
20260714T132213Z,24.8,85.8
20260714T132228Z,24.8,86.0
20260714T132243Z,24.8,86.2
20260714T132258Z,24.9,86.3
20260714T132313Z,24.9,86.6
20260714T132328Z,24.9,86.7
20260714T132343Z,24.9,86.9
20260714T132358Z,24.9,87.1
20260714T132413Z,24.9,87.2
20260714T132428Z,24.9,87.3
20260714T132443Z,25.0,87.5
20260714T132458Z,25.0,87.7
20260714T132513Z,25.0,87.9
20260714T132528Z,25.0,88.0
20260714T132543Z,25.0,88.0
20260714T132558Z,25.0,88.3
20260714T132613Z,25.1,88.3
20260714T132628Z,25.1,87.9
20260714T132643Z,25.1,87.2
20260714T132658Z,25.1,86.1
20260714T132713Z,25.1,85.7
20260714T132728Z,25.0,84.7
20260714T132743Z,25.0,83.8
20260714T132758Z,25.0,83.0
20260714T132813Z,24.9,82.4
20260714T132828Z,24.9,81.4
20260714T132843Z,24.9,80.7
20260714T132858Z,24.9,79.5
20260714T132913Z,24.8,78.8
20260714T132928Z,24.8,78.0
20260714T132943Z,24.7,76.8
20260714T132958Z,24.7,76.2
20260714T133014Z,24.6,75.3
20260714T133028Z,24.6,75.5
20260714T133044Z,24.5,76.6
20260714T133058Z,24.5,78.0
20260714T133114Z,24.5,79.0
20260714T133128Z,24.5,79.9
20260714T133143Z,24.5,80.3
20260714T133158Z,24.5,80.7
20260714T133213Z,24.5,80.9
20260714T133228Z,24.5,81.2
20260714T133244Z,24.5,81.3
20260714T133259Z,24.5,82.0
20260714T133313Z,24.6,82.2
20260714T133328Z,24.6,82.3
20260714T133344Z,24.6,82.8
20260714T133358Z,24.6,82.9
20260714T133414Z,24.7,83.1
20260714T133428Z,24.7,83.2
20260714T133443Z,24.7,83.4
20260714T133458Z,24.8,83.8
20260714T133513Z,24.8,83.9
20260714T133528Z,24.8,84.2
20260714T133544Z,24.8,84.4
20260714T133558Z,24.8,84.6
20260714T133613Z,24.8,84.9
20260714T133629Z,24.9,85.0
20260714T133643Z,24.9,85.4
20260714T133659Z,24.9,85.5
20260714T133713Z,24.9,85.6
20260714T133729Z,24.9,85.9
20260714T133743Z,24.9,86.0
20260714T133759Z,25.0,86.3
20260714T133813Z,25.0,86.5
20260714T133829Z,25.0,86.5
20260714T133843Z,25.0,86.7
20260714T133859Z,25.0,87.0
20260714T133913Z,25.0,87.1
20260714T133929Z,25.0,87.3
20260714T133944Z,25.1,87.4
20260714T133959Z,25.1,87.5
20260714T134013Z,25.1,87.8
20260714T134029Z,25.1,87.7
20260714T134043Z,25.1,87.8
20260714T134059Z,25.1,87.9
20260714T134113Z,25.1,88.1
20260714T134129Z,25.2,87.8
20260714T134143Z,25.2,87.6
20260714T134159Z,25.2,86.3
20260714T134213Z,25.2,85.5
20260714T134229Z,25.1,85.0
20260714T134243Z,25.1,83.7
20260714T134258Z,25.1,83.1
20260714T134314Z,25.1,82.4
20260714T134328Z,25.0,81.6
20260714T134344Z,25.0,80.4
20260714T134358Z,24.9,79.5
20260714T134414Z,24.9,78.6
20260714T134428Z,24.8,77.6
20260714T134444Z,24.7,76.9
20260714T134458Z,24.7,76.2
20260714T134514Z,24.6,75.2
20260714T134528Z,24.5,74.9
20260714T134543Z,24.5,75.8
20260714T134558Z,24.4,77.2
20260714T134613Z,24.4,79.0
20260714T134629Z,24.4,80.0
20260714T134643Z,24.4,80.6
20260714T134659Z,24.4,80.8
20260714T134713Z,24.4,81.1
20260714T134729Z,24.5,81.3
20260714T134743Z,24.5,81.4
20260714T134759Z,24.5,81.9
20260714T134813Z,24.5,82.2
20260714T134829Z,24.5,82.7
20260714T134843Z,24.6,82.9
20260714T134859Z,24.6,83.0
20260714T134913Z,24.6,83.3
20260714T134929Z,24.6,83.7
20260714T134943Z,24.7,83.7
20260714T134958Z,24.7,83.9
20260714T135014Z,24.7,84.4
20260714T135028Z,24.7,84.5
20260714T135044Z,24.7,84.7
20260714T135058Z,24.7,85.0
20260714T135114Z,24.8,85.3
20260714T135128Z,24.8,85.4
20260714T135144Z,24.8,85.6
20260714T135159Z,24.8,85.8
20260714T135213Z,24.8,86.0
20260714T135228Z,24.9,86.3
20260714T135243Z,24.8,86.5
20260714T135259Z,24.9,86.7
20260714T135313Z,24.9,86.8
20260714T135329Z,24.9,86.9
20260714T135343Z,24.9,87.2
20260714T135359Z,25.0,87.4
20260714T135413Z,25.0,87.4
20260714T135429Z,25.0,87.6
20260714T135443Z,25.0,87.8
20260714T135459Z,25.0,87.9
20260714T135513Z,25.0,88.0
20260714T135528Z,25.0,88.2
20260714T135544Z,25.0,87.8
20260714T135558Z,25.0,87.2
20260714T135614Z,25.0,86.1
20260714T135628Z,25.0,85.2
20260714T135644Z,25.0,84.5
20260714T135659Z,25.0,83.6
20260714T135714Z,24.9,82.8
20260714T135728Z,24.9,82.3
20260714T135744Z,24.9,81.5
20260714T135800Z,24.9,80.3
20260714T135814Z,24.8,79.5
20260714T135829Z,24.8,78.6
20260714T135843Z,24.8,77.9
20260714T135859Z,24.7,76.9
20260714T135913Z,24.7,76.3
20260714T135929Z,24.6,75.3
20260714T135943Z,24.5,74.8
20260714T135959Z,24.5,75.8
20260714T140013Z,24.5,77.5
20260714T140029Z,24.4,79.0
20260714T140043Z,24.4,79.8
20260714T140059Z,24.4,80.4
20260714T140114Z,24.4,80.7
20260714T140128Z,24.4,81.1
20260714T140144Z,24.4,81.4
20260714T140159Z,24.4,81.6
20260714T140213Z,24.4,81.8
20260714T140229Z,24.5,82.1
20260714T140243Z,24.5,82.4
20260714T140259Z,24.5,82.8
20260714T140313Z,24.5,83.1
20260714T140329Z,24.6,83.3
20260714T140343Z,24.6,83.5
20260714T140359Z,24.6,83.7
20260714T140414Z,24.7,84.1
20260714T140428Z,24.7,84.2
20260714T140444Z,24.7,84.4
20260714T140459Z,24.7,84.7
20260714T140513Z,24.8,85.0
20260714T140528Z,24.8,85.1
20260714T140544Z,24.8,85.3
20260714T140558Z,24.8,85.5
20260714T140614Z,24.8,85.8
20260714T140628Z,24.8,86.0
20260714T140644Z,24.8,86.1
20260714T140658Z,24.9,86.4
20260714T140714Z,24.9,86.5
20260714T140728Z,24.9,86.7
20260714T140744Z,24.9,86.8
20260714T140759Z,24.9,86.9
20260714T140813Z,25.0,87.1
20260714T140829Z,25.0,87.0
20260714T140843Z,25.0,87.2
20260714T140859Z,25.0,87.4
20260714T140913Z,25.0,87.7
20260714T140929Z,25.0,87.9
20260714T140943Z,25.0,88.0
20260714T140958Z,25.1,88.1
20260714T141014Z,25.1,87.5
20260714T141028Z,25.1,86.7
20260714T141044Z,25.1,85.8
20260714T141058Z,25.1,85.1
20260714T141114Z,25.0,84.3
20260714T141129Z,25.0,83.6
20260714T141143Z,25.0,82.3
20260714T141158Z,24.9,82.0
20260714T141214Z,24.9,81.2
20260714T141228Z,24.9,79.8
20260714T141244Z,24.8,78.8
20260714T141259Z,24.8,77.8
20260714T141314Z,24.7,76.9
20260714T141328Z,24.6,76.2
20260714T141344Z,24.5,75.8
20260714T141359Z,24.4,75.1
20260714T141414Z,24.3,75.1
20260714T141428Z,24.3,76.4
20260714T141444Z,24.3,77.6
20260714T141458Z,24.3,79.1
20260714T141514Z,24.3,79.9
20260714T141528Z,24.3,80.5
20260714T141544Z,24.3,80.8
20260714T141558Z,24.3,81.3
20260714T141614Z,24.3,81.4
20260714T141628Z,24.3,81.7
20260714T141644Z,24.4,81.8
20260714T141658Z,24.4,82.2
20260714T141714Z,24.4,82.5
20260714T141729Z,24.4,82.9
20260714T141744Z,24.5,83.0
20260714T141758Z,24.5,83.3
20260714T141813Z,24.5,83.7
20260714T141829Z,24.5,84.0
20260714T141843Z,24.6,84.3
20260714T141859Z,24.6,84.5
20260714T141913Z,24.6,84.7
20260714T141929Z,24.6,84.8
20260714T141943Z,24.7,85.1
20260714T141959Z,24.7,85.3
20260714T142013Z,24.7,85.4
20260714T142029Z,24.7,85.6
20260714T142043Z,24.8,85.7
20260714T142059Z,24.8,86.0
20260714T142114Z,24.8,86.3
20260714T142129Z,24.8,86.4
20260714T142144Z,24.8,86.5
20260714T142158Z,24.8,86.8
20260714T142214Z,24.9,86.9
20260714T142228Z,24.9,87.1
20260714T142244Z,24.9,87.2
20260714T142259Z,24.9,87.4
20260714T142313Z,24.9,87.5
20260714T142329Z,24.9,87.7
20260714T142343Z,25.0,87.7
20260714T142358Z,25.0,88.1
20260714T142414Z,25.0,88.2
20260714T142428Z,25.0,88.4
20260714T142444Z,25.0,88.4
20260714T142458Z,25.0,88.6
20260714T142514Z,25.0,88.0
20260714T142528Z,25.0,87.4
20260714T142544Z,25.0,86.2
20260714T142558Z,25.0,85.7
20260714T142614Z,25.0,84.6
20260714T142629Z,24.9,83.8
20260714T142644Z,24.9,83.0
20260714T142659Z,24.9,82.3
20260714T142714Z,24.8,81.4
20260714T142729Z,24.8,80.6
20260714T142744Z,24.8,79.5
20260714T142758Z,24.7,78.2
20260714T142814Z,24.6,77.4
20260714T142828Z,24.6,76.8
20260714T142844Z,24.5,76.0
20260714T142858Z,24.4,75.4
20260714T142914Z,24.3,75.3
20260714T142928Z,24.3,76.5
20260714T142944Z,24.2,78.2
20260714T142959Z,24.3,79.2
20260714T143014Z,24.3,80.5
20260714T143028Z,24.3,81.1
20260714T143043Z,24.3,81.3
20260714T143059Z,24.3,81.3
20260714T143113Z,24.4,81.7
20260714T143129Z,24.4,82.1
20260714T143143Z,24.4,82.3
20260714T143159Z,24.5,82.3
20260714T143213Z,24.5,82.6
20260714T143229Z,24.5,82.8
20260714T143244Z,24.6,83.2
20260714T143259Z,24.6,83.5
20260714T143314Z,24.6,83.7
20260714T143329Z,24.6,84.0
20260714T143344Z,24.6,84.4
20260714T143359Z,24.7,84.7
20260714T143414Z,24.7,84.7
20260714T143429Z,24.7,85.1
20260714T143444Z,24.7,85.3
20260714T143459Z,24.7,85.6
20260714T143514Z,24.8,85.8
20260714T143529Z,24.8,85.9
20260714T143544Z,24.8,86.2
20260714T143559Z,24.8,86.4
20260714T143614Z,24.8,86.6
20260714T143629Z,24.8,86.8
20260714T143644Z,24.8,86.9
20260714T143659Z,24.9,87.3
20260714T143714Z,24.9,87.4
20260714T143729Z,24.9,87.5
20260714T143744Z,24.9,87.6
20260714T143759Z,24.9,87.7
20260714T143814Z,24.9,87.8
20260714T143829Z,24.9,88.0
20260714T143844Z,25.0,88.3
20260714T143859Z,25.0,88.3
20260714T143914Z,25.0,88.6
20260714T143929Z,25.0,88.8
20260714T143944Z,25.0,88.1
20260714T143959Z,25.0,87.6
20260714T144014Z,25.0,86.3
20260714T144029Z,25.0,85.6
20260714T144044Z,25.0,85.0
20260714T144059Z,24.9,83.9
20260714T144114Z,24.9,83.1
20260714T144129Z,24.9,82.4
20260714T144144Z,24.8,81.6
20260714T144159Z,24.8,80.5
20260714T144214Z,24.7,80.2
20260714T144229Z,24.7,79.0
20260714T144244Z,24.6,77.5
20260714T144259Z,24.6,76.9
20260714T144314Z,24.4,76.2
20260714T144329Z,24.4,75.5
20260714T144344Z,24.3,74.7
20260714T144359Z,24.2,75.3
20260714T144414Z,24.1,76.7
20260714T144429Z,24.1,78.3
20260714T144444Z,24.1,79.7
20260714T144459Z,24.1,80.8
20260714T144514Z,24.2,81.2
20260714T144529Z,24.2,81.5
20260714T144544Z,24.2,81.8
20260714T144559Z,24.2,82.0
20260714T144614Z,24.3,82.4
20260714T144629Z,24.3,82.6
20260714T144644Z,24.4,83.0
20260714T144659Z,24.4,82.6
20260714T144714Z,24.5,83.3
20260714T144729Z,24.5,83.3
20260714T144744Z,24.5,83.6
20260714T144759Z,24.6,83.8
20260714T144814Z,24.6,84.2
20260714T144829Z,24.6,84.5
20260714T144844Z,24.6,84.7
20260714T144859Z,24.7,84.9
20260714T144914Z,24.7,85.3
20260714T144929Z,24.7,85.4
20260714T144944Z,24.7,85.6
20260714T144959Z,24.7,85.8
20260714T145014Z,24.8,86.0
20260714T145029Z,24.8,86.3
20260714T145044Z,24.8,86.4
20260714T145059Z,24.8,86.5
20260714T145114Z,24.8,86.7
20260714T145129Z,24.8,86.9
20260714T145144Z,24.9,87.0
20260714T145159Z,24.9,87.1
20260714T145214Z,24.9,87.3
20260714T145229Z,24.9,87.5
20260714T145244Z,24.9,87.7
20260714T145259Z,25.0,87.9
20260714T145314Z,25.0,88.0
20260714T145329Z,25.0,88.1
20260714T145344Z,25.0,88.1
20260714T145359Z,25.0,88.4
20260714T145414Z,25.0,88.5
20260714T145429Z,25.1,88.1
20260714T145444Z,25.1,88.2
20260714T145500Z,25.1,86.8
20260714T145514Z,25.1,85.9
20260714T145529Z,25.1,85.3
20260714T145544Z,25.0,84.5
20260714T145559Z,25.0,83.7
20260714T145614Z,25.0,82.8
20260714T145629Z,25.0,82.0
20260714T145644Z,25.0,81.3
20260714T145659Z,24.9,80.0
20260714T145714Z,24.9,79.1
20260714T145729Z,24.9,78.5
20260714T145744Z,24.9,77.7
20260714T145759Z,24.8,77.3
20260714T145814Z,24.8,76.3
20260714T145829Z,24.7,75.8
20260714T145844Z,24.7,75.5
20260714T145859Z,24.6,75.4
20260714T145914Z,24.6,75.7
20260714T145929Z,24.6,75.3
20260714T145944Z,24.6,78.0
20260714T145959Z,24.6,79.8
20260714T150014Z,24.6,80.2
20260714T150029Z,24.6,80.5
20260714T150044Z,24.6,80.9
20260714T150059Z,24.6,81.0
20260714T150114Z,24.6,81.2
20260714T150129Z,24.7,81.7
20260714T150144Z,24.7,82.0
20260714T150159Z,24.7,82.0
20260714T150214Z,24.7,82.5
20260714T150229Z,24.7,82.8
20260714T150244Z,24.7,83.1
20260714T150259Z,24.8,83.2
20260714T150314Z,24.8,83.6
20260714T150329Z,24.8,83.9
20260714T150344Z,24.8,84.2
20260714T150400Z,24.8,84.4
20260714T150414Z,24.8,84.6
20260714T150429Z,24.9,85.0
20260714T150444Z,24.9,85.0
20260714T150459Z,24.9,85.5
20260714T150514Z,24.9,85.7
20260714T150529Z,24.9,86.0
20260714T150544Z,24.9,86.1
20260714T150559Z,24.9,86.3
20260714T150614Z,24.9,86.5
20260714T150629Z,24.9,86.7
20260714T150644Z,24.9,87.1
20260714T150659Z,24.9,87.2
20260714T150714Z,25.0,87.4
20260714T150729Z,25.0,87.6
20260714T150744Z,25.0,87.7
20260714T150759Z,25.0,87.9
20260714T150814Z,25.0,88.0
20260714T150829Z,25.0,88.2
20260714T150844Z,25.0,88.4
20260714T150859Z,25.1,88.5
20260714T150914Z,25.1,87.9
20260714T150929Z,25.1,87.3
20260714T150944Z,25.1,85.9
20260714T150959Z,25.1,85.4
20260714T151014Z,25.1,84.8
20260714T151029Z,25.0,83.6
20260714T151044Z,25.0,83.3
20260714T151059Z,25.0,82.5
20260714T151114Z,25.0,81.4
20260714T151129Z,24.9,80.7
20260714T151144Z,24.9,80.0
20260714T151159Z,24.9,79.0
20260714T151214Z,24.8,78.4
20260714T151229Z,24.8,77.6
20260714T151244Z,24.7,76.1
20260714T151259Z,24.6,75.0
20260714T151314Z,24.6,74.6
20260714T151329Z,24.5,75.0
20260714T151344Z,24.5,76.6
20260714T151359Z,24.4,78.4
20260714T151414Z,24.5,79.7
20260714T151429Z,24.5,80.2
20260714T151444Z,24.5,80.6
20260714T151459Z,24.5,80.8
20260714T151514Z,24.5,80.8
20260714T151529Z,24.6,81.2
20260714T151544Z,24.6,81.4
20260714T151559Z,24.6,81.7
20260714T151614Z,24.6,82.0
20260714T151629Z,24.6,82.3
20260714T151644Z,24.6,82.8
20260714T151659Z,24.7,82.9
20260714T151714Z,24.7,83.1
20260714T151729Z,24.7,83.5
20260714T151744Z,24.7,83.8
20260714T151759Z,24.7,84.1
20260714T151814Z,24.7,84.2
20260714T151829Z,24.8,84.5
20260714T151844Z,24.8,84.9
20260714T151859Z,24.8,85.0
20260714T151914Z,24.8,85.2
20260714T151929Z,24.8,85.6
20260714T151944Z,24.8,85.8
20260714T151959Z,24.9,85.9
20260714T152014Z,24.9,86.2
20260714T152029Z,24.9,86.4
20260714T152044Z,24.9,86.5
20260714T152059Z,24.9,86.8
20260714T152114Z,24.9,86.9
20260714T152129Z,25.0,87.0
20260714T152144Z,25.0,87.1
20260714T152159Z,25.0,87.1
20260714T152214Z,25.0,87.4
20260714T152229Z,25.0,87.8
20260714T152244Z,25.0,87.9
20260714T152259Z,25.0,88.0
20260714T152314Z,25.1,88.0
20260714T152329Z,25.1,88.2
20260714T152344Z,25.1,88.5
20260714T152359Z,25.1,88.4
20260714T152414Z,25.1,87.9
20260714T152429Z,25.1,86.8
20260714T152444Z,25.1,85.8
20260714T152459Z,25.1,85.2
20260714T152514Z,25.1,84.3
20260714T152529Z,25.0,83.5
20260714T152544Z,25.0,83.1
20260714T152559Z,25.0,82.1
20260714T152614Z,24.9,81.3
20260714T152629Z,24.9,80.2
20260714T152644Z,24.9,79.0
20260714T152659Z,24.8,78.3
20260714T152714Z,24.7,77.3
20260714T152729Z,24.6,76.7
20260714T152744Z,24.6,76.2
20260714T152759Z,24.5,74.9
20260714T152814Z,24.4,75.0
20260714T152829Z,24.4,76.1
20260714T152844Z,24.4,77.1
20260714T152859Z,24.4,78.3
20260714T152914Z,24.4,79.6
20260714T152929Z,24.4,80.6
20260714T152944Z,24.4,80.8
20260714T152959Z,24.4,81.1
20260714T153014Z,24.4,81.3
20260714T153029Z,24.4,81.5
20260714T153044Z,24.5,81.8
20260714T153059Z,24.5,82.0
20260714T153114Z,24.5,82.4
20260714T153129Z,24.5,82.6
20260714T153144Z,24.6,83.0
20260714T153159Z,24.6,83.5
20260714T153214Z,24.6,83.6
20260714T153229Z,24.6,83.9
20260714T153244Z,24.6,84.2
20260714T153259Z,24.7,84.6
20260714T153314Z,24.7,84.8
20260714T153329Z,24.7,84.9
20260714T153344Z,24.7,85.2
20260714T153359Z,24.8,85.3
20260714T153414Z,24.8,85.6
20260714T153429Z,24.8,85.7
20260714T153444Z,24.8,86.0
20260714T153459Z,24.8,86.2
20260714T153514Z,24.9,86.4
20260714T153529Z,24.9,86.5
20260714T153544Z,24.9,86.6
20260714T153559Z,24.9,86.7
20260714T153614Z,24.9,87.0
20260714T153629Z,24.9,87.2
20260714T153644Z,25.0,87.3
20260714T153700Z,25.0,87.4
20260714T153714Z,25.0,87.7
20260714T153729Z,25.0,87.8
20260714T153744Z,25.0,87.9
20260714T153759Z,25.0,87.9
20260714T153814Z,25.1,88.1
20260714T153829Z,25.1,88.2
20260714T153844Z,25.1,87.9
20260714T153859Z,25.1,87.4
20260714T153914Z,25.1,86.3
20260714T153929Z,25.1,85.5
20260714T153944Z,25.0,84.8
20260714T153959Z,25.0,83.8
20260714T154014Z,25.0,82.8
20260714T154029Z,24.9,82.1
20260714T154044Z,24.9,81.5
20260714T154059Z,24.8,80.7
20260714T154114Z,24.8,79.8
20260714T154129Z,24.7,79.0
20260714T154144Z,24.7,78.6
20260714T154159Z,24.7,77.1
20260714T154214Z,24.6,76.1
20260714T154229Z,24.5,75.6
20260714T154244Z,24.4,74.9
20260714T154259Z,24.4,75.8
20260714T154314Z,24.4,77.3
20260714T154329Z,24.3,78.7
20260714T154344Z,24.3,79.7
20260714T154359Z,24.4,80.7
20260714T154414Z,24.4,81.1
20260714T154429Z,24.4,81.4
20260714T154444Z,24.4,81.4
20260714T154459Z,24.4,81.5
20260714T154514Z,24.4,81.9
20260714T154529Z,24.5,82.2
20260714T154544Z,24.5,82.6
20260714T154559Z,24.5,82.8
20260714T154614Z,24.5,83.1
20260714T154629Z,24.6,83.2
20260714T154644Z,24.6,83.6
20260714T154659Z,24.6,84.0
20260714T154714Z,24.6,84.4
20260714T154729Z,24.7,84.4
20260714T154744Z,24.7,84.7
20260714T154800Z,24.7,85.0
20260714T154815Z,24.7,85.1
20260714T154829Z,24.7,85.4
20260714T154844Z,24.8,85.5
20260714T154859Z,24.8,85.8
20260714T154914Z,24.8,86.0
20260714T154929Z,24.8,86.2
20260714T154944Z,24.8,86.3
20260714T154959Z,24.9,86.5
20260714T155014Z,24.9,86.9
20260714T155029Z,24.9,87.0
20260714T155044Z,24.9,87.2
20260714T155059Z,24.9,87.4
20260714T155114Z,24.9,87.5
20260714T155129Z,24.9,87.7
20260714T155144Z,25.0,87.7
20260714T155200Z,25.0,87.9
20260714T155215Z,25.0,87.9
20260714T155229Z,25.0,88.1
20260714T155244Z,25.0,88.3
20260714T155259Z,25.0,88.4
20260714T155314Z,25.1,88.1
20260714T155329Z,25.1,87.9
20260714T155344Z,25.0,86.9
20260714T155359Z,25.0,86.0
20260714T155414Z,25.0,85.2
20260714T155429Z,25.0,84.2
20260714T155444Z,24.9,83.4
20260714T155459Z,24.9,82.5
20260714T155514Z,24.8,81.2
20260714T155529Z,24.8,80.6
20260714T155544Z,24.7,79.8
20260714T155559Z,24.6,79.2
20260714T155614Z,24.6,78.5
20260714T155629Z,24.6,77.6
20260714T155644Z,24.5,76.9
20260714T155659Z,24.5,75.8
20260714T155714Z,24.4,75.2
20260714T155729Z,24.3,76.2
20260714T155744Z,24.3,77.2
20260714T155759Z,24.3,78.7
20260714T155814Z,24.4,80.0
20260714T155829Z,24.4,80.7
20260714T155844Z,24.4,81.1
20260714T155859Z,24.4,81.3
20260714T155914Z,24.4,81.7
20260714T155929Z,24.4,81.6
20260714T155944Z,24.4,81.8
20260714T155959Z,24.5,82.4
20260714T160014Z,24.5,82.6
20260714T160029Z,24.5,82.9
20260714T160044Z,24.5,83.4
20260714T160059Z,24.6,83.7
20260714T160114Z,24.6,83.9
20260714T160129Z,24.6,84.3
20260714T160144Z,24.6,84.4
20260714T160159Z,24.6,84.7
20260714T160214Z,24.6,84.9
20260714T160229Z,24.7,85.3
20260714T160244Z,24.7,85.4
20260714T160259Z,24.7,85.6
20260714T160314Z,24.7,86.0
20260714T160329Z,24.8,86.2
20260714T160344Z,24.8,86.3
20260714T160359Z,24.8,86.4
20260714T160414Z,24.8,86.6
20260714T160429Z,24.8,86.8
20260714T160444Z,24.9,86.9
20260714T160500Z,24.9,87.1
20260714T160514Z,24.9,87.2
20260714T160529Z,24.9,87.5
20260714T160544Z,24.9,87.5
20260714T160559Z,24.9,87.6
20260714T160614Z,25.0,87.7
20260714T160629Z,25.0,88.0
20260714T160644Z,25.0,88.0
20260714T160659Z,25.0,88.1
20260714T160714Z,25.0,88.3
20260714T160729Z,25.0,88.4
20260714T160744Z,25.0,88.1
20260714T160759Z,25.0,87.3
20260714T160814Z,25.0,86.5
20260714T160829Z,25.0,85.7
20260714T160844Z,25.0,85.0
20260714T160859Z,25.0,84.3
20260714T160914Z,25.0,83.6
20260714T160929Z,24.9,82.6
20260714T160944Z,24.9,81.8
20260714T160959Z,24.9,80.9
20260714T161014Z,24.9,80.2
20260714T161029Z,24.8,79.2
20260714T161044Z,24.8,77.9
20260714T161059Z,24.7,77.4
20260714T161114Z,24.7,76.0
20260714T161129Z,24.6,75.5
20260714T161144Z,24.6,75.5
20260714T161159Z,24.5,76.3
20260714T161214Z,24.5,78.0
20260714T161229Z,24.5,79.2
20260714T161244Z,24.5,79.9
20260714T161259Z,24.5,80.8
20260714T161314Z,24.5,81.2
20260714T161329Z,24.5,81.2
20260714T161344Z,24.5,81.6
20260714T161359Z,24.5,81.7
20260714T161414Z,24.6,81.8
20260714T161429Z,24.6,82.2
20260714T161444Z,24.6,82.4
20260714T161459Z,24.6,82.6
20260714T161514Z,24.7,83.1
20260714T161529Z,24.7,83.4
20260714T161544Z,24.7,83.6
20260714T161559Z,24.7,83.9
20260714T161614Z,24.7,84.3
20260714T161629Z,24.8,84.4
20260714T161644Z,24.8,84.8
20260714T161659Z,24.8,85.0
20260714T161714Z,24.8,85.3
20260714T161729Z,24.8,85.4
20260714T161744Z,24.8,85.6
20260714T161759Z,24.9,85.8
20260714T161814Z,24.9,86.0
20260714T161829Z,24.9,86.2
20260714T161844Z,24.9,86.4
20260714T161859Z,24.9,86.6
20260714T161914Z,24.9,86.9
20260714T161929Z,24.9,86.9
20260714T161944Z,25.0,86.9
20260714T161959Z,25.0,86.9
20260714T162014Z,25.0,87.5
20260714T162029Z,25.0,87.6
20260714T162044Z,25.0,87.8
20260714T162059Z,25.1,87.9
20260714T162114Z,25.1,88.1
20260714T162129Z,25.1,88.2
20260714T162144Z,25.1,88.4
20260714T162159Z,25.1,87.7
20260714T162214Z,25.1,87.5
20260714T162229Z,25.1,86.2
20260714T162244Z,25.1,85.5
20260714T162259Z,25.1,85.0
20260714T162314Z,25.0,84.0
20260714T162329Z,25.0,83.5
20260714T162344Z,25.0,82.5
20260714T162359Z,25.0,81.8
20260714T162414Z,24.9,80.9
20260714T162429Z,24.9,80.2
20260714T162444Z,24.9,79.5
20260714T162459Z,24.8,78.9
20260714T162514Z,24.7,77.5
20260714T162529Z,24.7,76.6
20260714T162544Z,24.6,76.0
20260714T162559Z,24.6,75.8
20260714T162614Z,24.5,75.8
20260714T162629Z,24.5,76.8
20260714T162644Z,24.5,78.0
20260714T162659Z,24.5,79.4
20260714T162714Z,24.5,80.4
20260714T162729Z,24.5,80.9
20260714T162744Z,24.5,81.1
20260714T162759Z,24.5,81.0
20260714T162814Z,24.5,81.5
20260714T162829Z,24.5,81.8
20260714T162844Z,24.6,81.9
20260714T162859Z,24.6,82.3
20260714T162914Z,24.6,82.6
20260714T162929Z,24.6,82.9
20260714T162944Z,24.6,83.1
20260714T162959Z,24.7,83.5
20260714T163014Z,24.7,83.8
20260714T163029Z,24.7,84.1
20260714T163044Z,24.7,84.3
20260714T163100Z,24.7,84.7
20260714T163115Z,24.7,84.9
20260714T163129Z,24.8,85.2
20260714T163144Z,24.8,85.4
20260714T163200Z,24.8,85.5
20260714T163215Z,24.8,85.9
20260714T163229Z,24.8,86.0
20260714T163244Z,24.9,86.2
20260714T163259Z,24.9,86.4
20260714T163314Z,24.9,86.5
20260714T163329Z,24.9,86.6
20260714T163344Z,24.9,86.8
20260714T163359Z,25.0,87.1
20260714T163414Z,25.0,87.3
20260714T163429Z,25.0,87.5
20260714T163444Z,25.0,87.6
20260714T163500Z,25.0,87.7
20260714T163515Z,25.0,88.0
20260714T163529Z,25.0,88.2
20260714T163544Z,25.1,88.2
20260714T163600Z,25.1,88.3
20260714T163615Z,25.1,88.1
20260714T163629Z,25.1,87.8
20260714T163644Z,25.1,87.0
20260714T163659Z,25.1,85.9
20260714T163714Z,25.1,85.1
20260714T163729Z,25.1,84.9
20260714T163744Z,25.1,83.8
20260714T163759Z,25.1,83.3
20260714T163814Z,25.0,82.6
20260714T163829Z,25.0,81.5
20260714T163844Z,25.0,80.6
20260714T163859Z,24.9,80.0
20260714T163914Z,24.9,78.7
20260714T163929Z,24.9,77.8
20260714T163944Z,24.8,77.0
20260714T163959Z,24.7,76.5
20260714T164014Z,24.7,75.5
20260714T164029Z,24.6,75.3
20260714T164044Z,24.6,76.2
20260714T164059Z,24.5,77.8
20260714T164114Z,24.5,78.6
20260714T164129Z,24.5,79.3
20260714T164144Z,24.5,80.2
20260714T164159Z,24.6,80.7
20260714T164214Z,24.5,80.9
20260714T164229Z,24.6,81.0
20260714T164244Z,24.6,81.4
20260714T164259Z,24.6,81.7
20260714T164314Z,24.6,82.0
20260714T164329Z,24.6,82.3
20260714T164344Z,24.6,82.6
20260714T164359Z,24.7,82.9
20260714T164414Z,24.7,83.3
20260714T164429Z,24.7,83.5
20260714T164444Z,24.7,83.8
20260714T164459Z,24.7,84.1
20260714T164514Z,24.7,84.3
20260714T164529Z,24.8,84.5
20260714T164544Z,24.8,84.8
20260714T164559Z,24.8,85.0
20260714T164614Z,24.8,85.3
20260714T164629Z,24.8,85.4
20260714T164644Z,24.8,85.5
20260714T164659Z,24.9,85.7
20260714T164714Z,24.9,85.9
20260714T164729Z,24.9,86.1
20260714T164744Z,24.9,86.4
20260714T164759Z,24.9,86.6
20260714T164814Z,24.9,86.8
20260714T164829Z,25.0,86.9
20260714T164844Z,25.0,87.1
20260714T164859Z,25.0,87.1
20260714T164914Z,25.0,87.3
20260714T164929Z,25.0,87.6
20260714T164944Z,25.0,87.5
20260714T164959Z,25.1,87.6
20260714T165014Z,25.1,87.8
20260714T165029Z,25.1,87.9
20260714T165044Z,25.1,88.2
20260714T165059Z,25.1,88.3
20260714T165114Z,25.1,87.9
20260714T165129Z,25.1,87.4
20260714T165144Z,25.1,86.3
20260714T165159Z,25.1,85.8
20260714T165214Z,25.1,85.2
20260714T165229Z,25.1,84.2
20260714T165244Z,25.1,83.3
20260714T165259Z,25.0,82.3
20260714T165314Z,25.0,81.3
20260714T165329Z,25.0,80.5
20260714T165344Z,24.9,79.7
20260714T165359Z,24.9,78.7
20260714T165414Z,24.8,78.1
20260714T165429Z,24.8,77.3
20260714T165444Z,24.7,76.2
20260714T165459Z,24.7,75.7
20260714T165514Z,24.6,75.0
20260714T165529Z,24.5,75.5
20260714T165544Z,24.5,77.3
20260714T165559Z,24.5,79.1
20260714T165614Z,24.5,79.9
20260714T165629Z,24.5,80.5
20260714T165644Z,24.5,80.8
20260714T165659Z,24.5,80.9
20260714T165714Z,24.5,81.3
20260714T165729Z,24.5,81.5
20260714T165744Z,24.5,81.8
20260714T165759Z,24.6,82.2
20260714T165814Z,24.6,82.6
20260714T165829Z,24.6,82.8
20260714T165844Z,24.6,83.0
20260714T165859Z,24.6,83.4
20260714T165914Z,24.7,83.7
20260714T165929Z,24.7,83.9
20260714T165944Z,24.7,84.3
20260714T165959Z,24.7,84.6
20260714T170014Z,24.7,84.8
20260714T170029Z,24.7,85.0
20260714T170044Z,24.7,85.2
20260714T170059Z,24.8,85.5
20260714T170114Z,24.8,85.7
20260714T170129Z,24.8,86.0
20260714T170144Z,24.8,86.1
20260714T170200Z,24.8,86.3
20260714T170215Z,24.9,86.6
20260714T170229Z,24.9,86.9
20260714T170244Z,24.9,87.0
20260714T170259Z,24.9,87.1
20260714T170314Z,24.9,87.4
20260714T170329Z,24.9,87.4
20260714T170344Z,24.9,87.6
20260714T170359Z,25.0,87.8
20260714T170414Z,25.0,87.9
20260714T170429Z,25.0,88.0
20260714T170444Z,25.0,88.2
20260714T170459Z,25.0,88.4
20260714T170514Z,25.0,88.3
20260714T170529Z,25.0,88.4
20260714T170544Z,25.1,87.9
20260714T170559Z,25.1,87.7
20260714T170614Z,25.0,86.5
20260714T170629Z,25.0,86.0
20260714T170644Z,25.0,85.3
20260714T170659Z,25.0,84.2
20260714T170714Z,24.9,83.3
20260714T170729Z,24.9,82.9
20260714T170744Z,24.9,81.7
20260714T170759Z,24.8,80.6
20260714T170814Z,24.8,79.7
20260714T170829Z,24.7,78.9
20260714T170844Z,24.7,78.4
20260714T170859Z,24.6,78.0
20260714T170914Z,24.6,76.9
20260714T170929Z,24.5,76.1
20260714T170944Z,24.5,75.8
20260714T170959Z,24.4,76.8
20260714T171014Z,24.4,78.2
20260714T171029Z,24.4,79.1
20260714T171044Z,24.4,80.3
20260714T171059Z,24.4,80.9
20260714T171114Z,24.4,81.1
20260714T171129Z,24.4,81.4
20260714T171144Z,24.4,81.7
20260714T171159Z,24.5,81.7
20260714T171214Z,24.5,82.2
20260714T171229Z,24.5,82.5
20260714T171244Z,24.5,82.7
20260714T171259Z,24.5,83.2
20260714T171314Z,24.5,83.4
20260714T171329Z,24.6,83.9
20260714T171344Z,24.6,84.1
20260714T171359Z,24.6,84.3
20260714T171414Z,24.6,84.6
20260714T171429Z,24.6,84.9
20260714T171444Z,24.6,85.2
20260714T171459Z,24.7,85.4
20260714T171514Z,24.7,85.7
20260714T171529Z,24.7,85.9
20260714T171544Z,24.7,86.2
20260714T171559Z,24.8,86.2
20260714T171614Z,24.8,86.4
20260714T171629Z,24.8,86.5
20260714T171644Z,24.8,86.8
20260714T171659Z,24.9,86.9
20260714T171714Z,24.9,86.9
20260714T171729Z,24.9,87.3
20260714T171744Z,24.9,87.4
20260714T171759Z,24.9,87.6
20260714T171814Z,24.9,87.8
20260714T171829Z,25.0,87.9
20260714T171844Z,24.9,88.2
20260714T171900Z,25.0,88.3
20260714T171915Z,25.0,88.4
20260714T171929Z,25.0,88.5
20260714T171944Z,25.0,88.6
20260714T171959Z,25.0,88.8
20260714T172014Z,25.0,88.8
20260714T172029Z,25.1,88.5
20260714T172044Z,25.1,88.4
20260714T172059Z,25.1,86.9
20260714T172114Z,25.0,86.4
20260714T172129Z,25.0,85.8
20260714T172144Z,25.0,84.7
20260714T172159Z,25.0,83.9
20260714T172214Z,25.0,83.0
20260714T172230Z,24.9,82.2
20260714T172244Z,24.9,81.3
20260714T172300Z,24.8,79.9
20260714T172314Z,24.7,79.4
20260714T172329Z,24.7,78.0
20260714T172344Z,24.6,77.5
20260714T172359Z,24.6,77.1
20260714T172414Z,24.5,76.3
20260714T172429Z,24.5,76.0
20260714T172444Z,24.4,76.4
20260714T172459Z,24.4,77.6
20260714T172514Z,24.4,78.4
20260714T172529Z,24.4,79.8
20260714T172544Z,24.4,80.8
20260714T172559Z,24.4,80.8
20260714T172614Z,24.5,81.0
20260714T172629Z,24.4,81.2
20260714T172644Z,24.5,81.5
20260714T172659Z,24.5,81.9
20260714T172714Z,24.5,82.2
20260714T172729Z,24.5,82.6
20260714T172744Z,24.5,82.8
20260714T172759Z,24.5,83.1
20260714T172815Z,24.6,83.4
20260714T172829Z,24.6,83.7
20260714T172845Z,24.6,84.0
20260714T172859Z,24.6,84.4
20260714T172915Z,24.6,84.6
20260714T172929Z,24.6,84.8
20260714T172945Z,24.7,85.0
20260714T172959Z,24.7,85.2
20260714T173014Z,24.7,85.4
20260714T173029Z,24.7,85.7
20260714T173044Z,24.7,85.9
20260714T173059Z,24.7,86.1
20260714T173114Z,24.8,86.3
20260714T173129Z,24.8,86.4
20260714T173145Z,24.8,86.6
20260714T173200Z,24.8,86.8
20260714T173214Z,24.8,87.0
20260714T173230Z,24.8,87.2
20260714T173245Z,24.9,87.4
20260714T173259Z,24.9,87.5
20260714T173315Z,24.9,87.7
20260714T173329Z,24.9,87.8
20260714T173345Z,24.9,88.0
20260714T173359Z,24.9,88.2
20260714T173415Z,25.0,88.1
20260714T173429Z,24.9,88.3
20260714T173445Z,25.0,88.4
20260714T173459Z,25.0,88.5
20260714T173515Z,25.0,88.6
20260714T173529Z,25.0,88.8
20260714T173545Z,25.0,89.0
20260714T173559Z,25.1,89.1
20260714T173615Z,25.1,88.9
20260714T173629Z,25.1,88.7
20260714T173645Z,25.1,87.6
20260714T173659Z,25.1,86.8
20260714T173715Z,25.1,86.1
20260714T173729Z,25.0,85.3
20260714T173745Z,25.0,84.6
20260714T173759Z,25.0,83.3
20260714T173815Z,24.9,82.7
20260714T173830Z,24.9,81.5
20260714T173845Z,24.9,80.8
20260714T173859Z,24.8,79.5
20260714T173914Z,24.7,78.8
20260714T173930Z,24.7,78.0
20260714T173944Z,24.6,77.4
20260714T174000Z,24.5,76.3
20260714T174014Z,24.5,75.9
20260714T174030Z,24.4,76.8
20260714T174044Z,24.3,78.1
20260714T174100Z,24.3,79.3
20260714T174114Z,24.3,80.2
20260714T174130Z,24.3,81.2
20260714T174144Z,24.3,81.5
20260714T174200Z,24.4,81.7
20260714T174214Z,24.4,82.0
20260714T174230Z,24.4,82.2
20260714T174244Z,24.4,82.5
20260714T174300Z,24.4,82.7
20260714T174314Z,24.5,83.1
20260714T174330Z,24.5,83.4
20260714T174344Z,24.5,83.6
20260714T174400Z,24.5,84.0
20260714T174414Z,24.5,84.2
20260714T174430Z,24.6,84.5
20260714T174444Z,24.6,84.6
20260714T174500Z,24.6,84.9
20260714T174515Z,24.6,85.2
20260714T174529Z,24.7,85.4
20260714T174545Z,24.7,85.6
20260714T174559Z,24.7,85.8
20260714T174615Z,24.7,86.0
20260714T174629Z,24.7,86.2
20260714T174645Z,24.8,86.4
20260714T174659Z,24.8,86.6
20260714T174715Z,24.8,86.7
20260714T174729Z,24.8,86.9
20260714T174745Z,24.8,87.2
20260714T174759Z,24.9,87.4
20260714T174815Z,24.9,87.4
20260714T174829Z,24.9,87.7
20260714T174845Z,24.9,87.8
20260714T174859Z,24.9,87.9
20260714T174915Z,24.9,88.3
20260714T174929Z,24.9,88.4
20260714T174945Z,25.0,88.3
20260714T174959Z,25.0,88.6
20260714T175015Z,25.0,88.7
20260714T175029Z,25.0,88.8
20260714T175045Z,25.0,88.9
20260714T175100Z,25.0,88.9
20260714T175114Z,25.0,89.2
20260714T175130Z,25.1,88.7
20260714T175145Z,25.0,87.8
20260714T175200Z,25.1,87.1
20260714T175214Z,25.1,86.6
20260714T175230Z,25.0,85.3
20260714T175244Z,25.0,84.5
20260714T175300Z,25.0,83.5
20260714T175314Z,24.9,82.4
20260714T175330Z,24.9,81.7
20260714T175345Z,24.8,80.9
20260714T175359Z,24.8,80.1
20260714T175415Z,24.8,79.3
20260714T175429Z,24.7,78.7
20260714T175445Z,24.7,78.3
20260714T175459Z,24.6,76.6
20260714T175515Z,24.6,76.2
20260714T175529Z,24.5,75.9
20260714T175545Z,24.5,76.7
20260714T175559Z,24.4,77.8
20260714T175615Z,24.4,79.5
20260714T175629Z,24.4,80.4
20260714T175645Z,24.4,81.0
20260714T175659Z,24.4,81.4
20260714T175715Z,24.4,81.3
20260714T175729Z,24.4,81.6
20260714T175744Z,24.4,82.0
20260714T175759Z,24.4,82.3
20260714T175815Z,24.4,82.5
20260714T175829Z,24.5,82.8
20260714T175845Z,24.5,83.4
20260714T175859Z,24.5,83.5
20260714T175915Z,24.5,83.8
20260714T175929Z,24.5,84.0
20260714T175945Z,24.6,84.4
20260714T175959Z,24.6,84.6
20260714T180015Z,24.6,84.9
20260714T180029Z,24.6,85.1
20260714T180045Z,24.7,85.3
20260714T180059Z,24.7,85.5
20260714T180115Z,24.7,85.7
20260714T180129Z,24.7,86.0
20260714T180145Z,24.7,86.2
20260714T180159Z,24.8,86.3
20260714T180215Z,24.8,86.4
20260714T180229Z,24.8,86.6
20260714T180245Z,24.8,87.0
20260714T180259Z,24.8,87.2
20260714T180315Z,24.9,87.3
20260714T180329Z,24.9,87.5
20260714T180345Z,24.9,87.7
20260714T180400Z,24.9,87.8
20260714T180414Z,24.9,87.9
20260714T180429Z,24.9,88.0
20260714T180444Z,24.9,88.3
20260714T180459Z,25.0,88.3
20260714T180515Z,25.0,88.5
20260714T180529Z,25.0,88.7
20260714T180545Z,25.0,88.7
20260714T180559Z,25.0,89.1
20260714T180615Z,25.0,88.9
20260714T180629Z,25.0,88.4
20260714T180645Z,25.0,87.7
20260714T180659Z,25.0,86.7
20260714T180715Z,25.0,86.2
20260714T180729Z,25.0,85.3
20260714T180745Z,24.9,84.7
20260714T180759Z,24.9,83.7
20260714T180815Z,24.9,82.7
20260714T180829Z,24.9,81.8
20260714T180845Z,24.8,81.3
20260714T180900Z,24.8,80.2
20260714T180914Z,24.8,79.7
20260714T180930Z,24.7,78.4
20260714T180944Z,24.7,77.6
20260714T181000Z,24.6,77.0
20260714T181014Z,24.6,76.3
20260714T181030Z,24.5,76.8
20260714T181044Z,24.5,77.5
20260714T181059Z,24.5,79.0
20260714T181114Z,24.5,80.4
20260714T181130Z,24.5,81.0
20260714T181144Z,24.5,81.5
20260714T181200Z,24.5,81.7
20260714T181214Z,24.5,82.0
20260714T181230Z,24.5,82.1
20260714T181244Z,24.5,82.5
20260714T181300Z,24.5,82.7
20260714T181314Z,24.5,83.2
20260714T181330Z,24.5,83.5
20260714T181344Z,24.5,83.8
20260714T181400Z,24.5,84.1
20260714T181414Z,24.6,84.5
20260714T181430Z,24.6,84.6
20260714T181444Z,24.6,84.8
20260714T181459Z,24.7,85.0
20260714T181515Z,24.7,85.3
20260714T181529Z,24.7,85.5
20260714T181545Z,24.7,85.8
20260714T181559Z,24.7,86.1
20260714T181615Z,24.7,86.2
20260714T181629Z,24.8,86.4
20260714T181645Z,24.8,86.5
20260714T181700Z,24.8,86.7
20260714T181715Z,24.8,87.0
20260714T181730Z,24.9,87.2
20260714T181744Z,24.9,87.4
20260714T181800Z,24.9,87.6
20260714T181814Z,24.9,87.8
20260714T181830Z,24.9,87.9
20260714T181844Z,24.9,88.1
20260714T181900Z,24.9,88.3
20260714T181914Z,24.9,88.6
20260714T181930Z,25.0,88.3
20260714T181944Z,25.0,88.6
20260714T182000Z,25.0,88.8
20260714T182014Z,25.0,88.8
20260714T182029Z,25.0,88.8
20260714T182045Z,25.0,88.8
20260714T182059Z,25.1,88.7
20260714T182115Z,25.1,88.7
20260714T182129Z,25.1,87.7
20260714T182145Z,25.1,86.9
20260714T182159Z,25.0,86.0
20260714T182215Z,25.0,85.1
20260714T182229Z,25.0,84.6
20260714T182245Z,24.9,83.7
20260714T182300Z,24.9,82.2
20260714T182315Z,24.9,81.9
20260714T182330Z,24.8,81.0
20260714T182344Z,24.8,80.1
20260714T182400Z,24.8,78.8
20260714T182414Z,24.7,77.8
20260714T182430Z,24.7,76.9
20260714T182444Z,24.6,76.3
20260714T182500Z,24.5,75.7
20260714T182515Z,24.5,76.2
20260714T182530Z,24.4,77.0
20260714T182545Z,24.4,78.4
20260714T182600Z,24.4,79.5
20260714T182614Z,24.4,80.6
20260714T182630Z,24.4,81.1
20260714T182644Z,24.4,81.3
20260714T182659Z,24.4,81.4
20260714T182715Z,24.4,81.7
20260714T182729Z,24.5,82.0
20260714T182745Z,24.5,82.3
20260714T182759Z,24.5,82.7
20260714T182815Z,24.5,83.1
20260714T182829Z,24.5,83.3
20260714T182845Z,24.5,83.7
20260714T182900Z,24.5,84.1
20260714T182915Z,24.6,84.4
20260714T182930Z,24.6,84.4
20260714T182945Z,24.6,84.6
20260714T183000Z,24.6,84.9
20260714T183015Z,24.6,85.2
20260714T183030Z,24.7,85.3
20260714T183045Z,24.7,85.4
20260714T183100Z,24.7,85.7
20260714T183115Z,24.7,85.9
20260714T183130Z,24.7,86.1
20260714T183145Z,24.8,86.3
20260714T183200Z,24.8,86.6
20260714T183215Z,24.8,86.8
20260714T183230Z,24.8,87.0
20260714T183245Z,24.8,87.0
20260714T183300Z,24.8,87.2
20260714T183315Z,24.9,87.4
20260714T183330Z,24.9,87.5
20260714T183345Z,24.9,87.6
20260714T183400Z,24.9,87.9
20260714T183415Z,24.9,88.0
20260714T183430Z,24.9,88.1
20260714T183445Z,25.0,88.1
20260714T183500Z,25.0,88.1
20260714T183515Z,25.0,88.5
20260714T183530Z,25.0,88.6
20260714T183545Z,25.0,88.7
20260714T183600Z,25.0,88.8
20260714T183615Z,25.0,88.9
20260714T183630Z,25.0,88.9
20260714T183645Z,25.1,88.6
20260714T183700Z,25.1,88.5
20260714T183715Z,25.1,87.5
20260714T183730Z,25.1,86.7
20260714T183745Z,25.0,85.8
20260714T183800Z,25.0,85.1
20260714T183815Z,25.0,84.2
20260714T183830Z,25.0,83.2
20260714T183845Z,24.9,82.7
20260714T183900Z,24.9,81.5
20260714T183915Z,24.9,81.0
20260714T183930Z,24.8,79.6
20260714T183945Z,24.7,79.0
20260714T184000Z,24.7,77.6
20260714T184015Z,24.6,76.8
20260714T184030Z,24.5,76.1
20260714T184045Z,24.4,75.7
20260714T184100Z,24.3,76.5
20260714T184115Z,24.3,78.0
20260714T184130Z,24.3,79.4
20260714T184145Z,24.3,80.9
20260714T184200Z,24.3,81.5
20260714T184215Z,24.3,81.8
20260714T184230Z,24.3,82.0
20260714T184245Z,24.3,82.1
20260714T184300Z,24.3,82.4
20260714T184315Z,24.4,82.8
20260714T184330Z,24.4,83.1
20260714T184345Z,24.4,83.3
20260714T184400Z,24.4,83.6
20260714T184415Z,24.4,83.9
20260714T184430Z,24.5,84.2
20260714T184445Z,24.5,84.3
20260714T184500Z,24.5,84.6
20260714T184515Z,24.6,84.8
20260714T184530Z,24.6,85.0
20260714T184545Z,24.6,85.2
20260714T184600Z,24.6,85.4
20260714T184615Z,24.7,85.7
20260714T184630Z,24.7,85.8
20260714T184645Z,24.7,86.1
20260714T184700Z,24.7,86.2
20260714T184715Z,24.7,86.3
20260714T184730Z,24.7,86.6
20260714T184745Z,24.8,86.7
20260714T184801Z,24.8,86.8
20260714T184815Z,24.8,86.8
20260714T184830Z,24.9,87.2
20260714T184845Z,24.9,87.4
20260714T184900Z,24.9,87.5
20260714T184915Z,24.9,87.5
20260714T184930Z,24.9,87.6
20260714T184945Z,24.9,87.9
20260714T185000Z,24.9,88.0
20260714T185015Z,25.0,88.0
20260714T185030Z,25.0,88.4
20260714T185045Z,25.0,88.5
20260714T185100Z,25.0,88.7
20260714T185115Z,25.0,88.8
20260714T185130Z,25.0,89.0
20260714T185145Z,25.0,88.9
20260714T185200Z,25.0,88.6
20260714T185215Z,25.0,87.8
20260714T185230Z,25.0,86.9
20260714T185245Z,25.0,86.4
20260714T185300Z,25.0,85.4
20260714T185315Z,25.0,84.7
20260714T185330Z,24.9,83.8
20260714T185345Z,24.9,82.9
20260714T185400Z,24.9,81.8
20260714T185415Z,24.9,81.2
20260714T185430Z,24.8,80.2
20260714T185445Z,24.8,79.0
20260714T185500Z,24.7,78.1
20260714T185515Z,24.7,77.5
20260714T185530Z,24.6,76.9
20260714T185545Z,24.5,75.8
20260714T185600Z,24.5,76.2
20260714T185615Z,24.5,77.1
20260714T185630Z,24.4,78.4
20260714T185645Z,24.4,79.5
20260714T185700Z,24.4,80.6
20260714T185715Z,24.4,81.0
20260714T185730Z,24.4,81.2
20260714T185745Z,24.4,81.4
20260714T185800Z,24.4,81.6
20260714T185815Z,24.4,82.0
20260714T185830Z,24.4,82.5
20260714T185845Z,24.4,82.8
20260714T185900Z,24.4,83.2
20260714T185915Z,24.4,83.5
20260714T185930Z,24.5,83.7
20260714T185945Z,24.5,84.0
20260714T190000Z,24.5,84.2
20260714T190015Z,24.5,84.4
20260714T190030Z,24.6,84.8
20260714T190045Z,24.6,84.9
20260714T190100Z,24.6,85.2
20260714T190115Z,24.6,85.4
20260714T190130Z,24.7,85.6
20260714T190145Z,24.7,85.7
20260714T190200Z,24.7,86.0
20260714T190215Z,24.7,86.3
20260714T190230Z,24.7,86.3
20260714T190245Z,24.7,86.5
20260714T190300Z,24.8,86.7
20260714T190315Z,24.8,86.8
20260714T190330Z,24.8,87.0
20260714T190345Z,24.8,87.3
20260714T190400Z,24.8,87.3
20260714T190415Z,24.8,87.4
20260714T190430Z,24.9,87.6
20260714T190445Z,24.9,87.8
20260714T190500Z,24.9,87.8
20260714T190515Z,24.9,88.0
20260714T190530Z,24.9,88.0
20260714T190545Z,24.9,88.1
20260714T190600Z,25.0,88.4
20260714T190615Z,25.0,88.5
20260714T190630Z,25.0,88.7
20260714T190645Z,25.0,88.8
20260714T190700Z,25.0,89.0
20260714T190715Z,25.0,89.2
20260714T190730Z,25.0,89.2
20260714T190745Z,25.0,88.8
20260714T190800Z,25.1,88.3
20260714T190815Z,25.1,87.2
20260714T190830Z,25.0,86.4
20260714T190845Z,25.0,85.5
20260714T190900Z,25.0,84.6
20260714T190915Z,24.9,84.1
20260714T190930Z,24.9,83.2
20260714T190945Z,24.9,82.3
20260714T191000Z,24.8,81.5
20260714T191015Z,24.8,80.7
20260714T191030Z,24.7,80.2
20260714T191045Z,24.7,78.8
20260714T191100Z,24.7,78.3
20260714T191115Z,24.6,76.9
20260714T191130Z,24.5,76.7
20260714T191145Z,24.4,76.4
20260714T191200Z,24.4,77.3
20260714T191215Z,24.3,78.5
20260714T191230Z,24.3,79.7
20260714T191245Z,24.3,80.7
20260714T191300Z,24.3,81.4
20260714T191315Z,24.3,81.6
20260714T191330Z,24.4,81.8
20260714T191345Z,24.4,82.2
20260714T191400Z,24.4,82.4
20260714T191415Z,24.4,82.6
20260714T191430Z,24.4,82.7
20260714T191445Z,24.4,83.0
20260714T191500Z,24.5,83.5
20260714T191515Z,24.5,83.5
20260714T191530Z,24.5,84.0
20260714T191545Z,24.5,84.2
20260714T191600Z,24.6,84.4
20260714T191615Z,24.6,84.7
20260714T191630Z,24.6,84.9
20260714T191645Z,24.6,85.2
20260714T191700Z,24.6,85.3
20260714T191715Z,24.6,85.6
20260714T191730Z,24.7,85.8
20260714T191745Z,24.7,86.1
20260714T191800Z,24.7,86.3
20260714T191815Z,24.7,86.4
20260714T191830Z,24.7,86.6
20260714T191845Z,24.8,86.7
20260714T191900Z,24.8,86.9
20260714T191915Z,24.8,87.0
20260714T191930Z,24.8,87.2
20260714T191945Z,24.8,87.4
20260714T192000Z,24.8,87.5
20260714T192015Z,24.9,87.8
20260714T192030Z,24.9,87.7
20260714T192045Z,24.9,88.1
20260714T192100Z,24.9,88.2
20260714T192115Z,24.9,88.2
20260714T192130Z,24.9,88.3
20260714T192145Z,24.9,88.6
20260714T192200Z,24.9,88.8
20260714T192215Z,25.0,89.0
20260714T192230Z,25.0,89.0
20260714T192245Z,25.0,89.2
20260714T192300Z,25.0,89.2
20260714T192315Z,25.0,89.1
20260714T192330Z,25.0,89.1
20260714T192345Z,25.0,89.1
20260714T192400Z,25.1,89.2
20260714T192415Z,25.1,88.8
20260714T192430Z,25.1,87.7
20260714T192445Z,25.1,87.0
20260714T192500Z,25.0,86.1
20260714T192515Z,25.0,85.2
20260714T192530Z,25.0,84.2
20260714T192545Z,25.0,83.5
20260714T192600Z,24.9,82.4
20260714T192615Z,24.9,81.6
20260714T192630Z,24.8,81.0
20260714T192645Z,24.8,80.0
20260714T192700Z,24.8,79.6
20260714T192715Z,24.7,78.2
20260714T192730Z,24.7,77.4
20260714T192745Z,24.6,76.6
20260714T192800Z,24.5,76.1
20260714T192815Z,24.4,76.8
20260714T192830Z,24.4,78.1
20260714T192845Z,24.4,79.5
20260714T192900Z,24.4,80.7
20260714T192915Z,24.4,81.2
20260714T192930Z,24.4,81.6
20260714T192945Z,24.4,81.8
20260714T193000Z,24.4,82.0
20260714T193015Z,24.4,82.1
20260714T193030Z,24.4,82.8
20260714T193045Z,24.5,82.8
20260714T193100Z,24.5,83.0
20260714T193115Z,24.5,83.3
20260714T193130Z,24.5,83.8
20260714T193145Z,24.5,83.8
20260714T193200Z,24.6,84.1
20260714T193215Z,24.6,84.4
20260714T193230Z,24.6,84.8
20260714T193245Z,24.6,84.9
20260714T193300Z,24.6,85.1
20260714T193315Z,24.7,85.4
20260714T193330Z,24.7,85.6
20260714T193345Z,24.7,85.9
20260714T193400Z,24.7,86.1
20260714T193415Z,24.7,86.1
20260714T193430Z,24.7,86.4
20260714T193445Z,24.8,86.6
20260714T193500Z,24.8,86.8
20260714T193515Z,24.8,87.1
20260714T193530Z,24.8,87.2
20260714T193545Z,24.8,87.3
20260714T193600Z,24.8,87.4
20260714T193615Z,24.8,87.7
20260714T193630Z,24.9,87.7
20260714T193645Z,24.9,87.9
20260714T193700Z,24.9,88.1
20260714T193715Z,24.9,88.3
20260714T193730Z,24.9,88.3
20260714T193745Z,24.9,88.5
20260714T193800Z,24.9,88.6
20260714T193815Z,24.9,88.8
20260714T193830Z,25.0,88.9
20260714T193845Z,25.0,89.0
20260714T193900Z,25.0,89.2
20260714T193915Z,25.0,89.3
20260714T193930Z,25.0,89.2
20260714T193945Z,25.0,89.2
20260714T194000Z,25.0,89.4
20260714T194015Z,25.1,89.2
20260714T194030Z,25.1,89.1
20260714T194045Z,25.1,88.2
20260714T194100Z,25.1,86.9
20260714T194115Z,25.0,86.3
20260714T194130Z,25.0,85.2
20260714T194145Z,25.0,84.7
20260714T194200Z,24.9,83.8
20260714T194215Z,24.9,82.9
20260714T194230Z,24.8,81.9
20260714T194245Z,24.8,81.3
20260714T194300Z,24.7,80.1
20260714T194315Z,24.6,79.4
20260714T194330Z,24.6,78.4
20260714T194345Z,24.5,77.8
20260714T194400Z,24.4,76.6
20260714T194415Z,24.4,76.3
20260714T194430Z,24.3,76.6
20260714T194445Z,24.3,77.6
20260714T194500Z,24.2,79.8
20260714T194515Z,24.2,80.9
20260714T194530Z,24.2,81.5
20260714T194545Z,24.2,81.9
20260714T194600Z,24.3,82.0
20260714T194615Z,24.3,82.3
20260714T194630Z,24.3,82.5
20260714T194645Z,24.3,82.7
20260714T194700Z,24.4,83.0
20260714T194715Z,24.4,83.3
20260714T194730Z,24.4,83.7
20260714T194745Z,24.5,83.7
20260714T194800Z,24.5,84.1
20260714T194815Z,24.5,84.4
20260714T194830Z,24.5,84.5
20260714T194845Z,24.6,84.8
20260714T194900Z,24.6,85.0
20260714T194915Z,24.6,85.2
20260714T194930Z,24.6,85.4
20260714T194945Z,24.7,85.5
20260714T195000Z,24.7,85.8
20260714T195015Z,24.7,86.0
20260714T195030Z,24.7,86.1
20260714T195045Z,24.8,86.3
20260714T195100Z,24.8,86.3
20260714T195115Z,24.8,86.6
20260714T195130Z,24.8,86.8
20260714T195145Z,24.8,86.9
20260714T195200Z,24.8,87.1
20260714T195215Z,24.8,87.2
20260714T195230Z,24.9,87.5
20260714T195245Z,24.9,87.7
20260714T195300Z,24.9,87.9
20260714T195315Z,24.9,87.9
20260714T195330Z,24.9,88.0
20260714T195345Z,24.9,88.0
20260714T195400Z,25.0,88.2
20260714T195415Z,25.0,88.3
20260714T195430Z,25.0,88.4
20260714T195445Z,25.0,88.7
20260714T195500Z,25.0,88.6
20260714T195515Z,25.0,88.8
20260714T195530Z,25.0,88.9
20260714T195545Z,25.1,89.2
20260714T195600Z,25.1,89.2
20260714T195615Z,25.1,89.3
20260714T195630Z,25.1,89.4
20260714T195645Z,25.1,89.5
20260714T195700Z,25.1,89.0
20260714T195715Z,25.1,88.2
20260714T195730Z,25.1,87.2
20260714T195745Z,25.1,86.4
20260714T195800Z,25.1,85.9
20260714T195815Z,25.1,85.0
20260714T195830Z,25.1,84.0
20260714T195845Z,25.0,83.3
20260714T195900Z,25.0,82.2
20260714T195915Z,25.0,81.5
20260714T195930Z,24.9,80.5
20260714T195945Z,24.9,79.4
20260714T200000Z,24.8,78.8
20260714T200015Z,24.8,77.7
20260714T200030Z,24.7,77.3
20260714T200045Z,24.6,76.6
20260714T200100Z,24.6,75.8
20260714T200115Z,24.5,76.3
20260714T200130Z,24.5,77.6
20260714T200145Z,24.5,78.8
20260714T200200Z,24.5,79.7
20260714T200215Z,24.5,81.1
20260714T200230Z,24.5,81.3
20260714T200245Z,24.5,81.3
20260714T200300Z,24.5,81.6
20260714T200315Z,24.5,81.8
20260714T200330Z,24.5,82.1
20260714T200345Z,24.5,82.5
20260714T200400Z,24.5,82.8
20260714T200415Z,24.5,83.1
20260714T200430Z,24.6,83.5
20260714T200445Z,24.6,83.7
20260714T200500Z,24.6,84.0
20260714T200515Z,24.6,84.3
20260714T200530Z,24.6,84.4
20260714T200545Z,24.6,84.7
20260714T200600Z,24.6,85.0
20260714T200615Z,24.7,85.2
20260714T200630Z,24.7,85.5
20260714T200645Z,24.7,85.6
20260714T200700Z,24.7,85.9
20260714T200715Z,24.7,86.0
20260714T200730Z,24.7,86.2
20260714T200745Z,24.8,86.5
20260714T200800Z,24.8,86.7
20260714T200815Z,24.8,86.7
20260714T200830Z,24.8,87.0
20260714T200845Z,24.8,87.1
20260714T200900Z,24.9,87.4
20260714T200915Z,24.9,87.5
20260714T200930Z,24.9,87.6
20260714T200945Z,24.9,87.7
20260714T201000Z,24.9,87.9
20260714T201015Z,24.9,87.9
20260714T201030Z,24.9,88.2
20260714T201045Z,25.0,88.3
20260714T201100Z,25.0,88.3
20260714T201115Z,25.0,88.5
20260714T201130Z,25.0,88.5
20260714T201145Z,25.0,88.9
20260714T201200Z,25.0,88.9
20260714T201215Z,25.0,88.8
20260714T201230Z,25.1,89.0
20260714T201245Z,25.1,89.4
20260714T201300Z,25.1,89.2
20260714T201315Z,25.1,89.5
20260714T201330Z,25.1,89.6
20260714T201345Z,25.1,89.7
20260714T201400Z,25.1,89.4
20260714T201415Z,25.1,89.1
20260714T201430Z,25.1,87.6
20260714T201445Z,25.1,87.0
20260714T201500Z,25.1,86.3
20260714T201515Z,25.0,85.5
20260714T201530Z,25.0,84.7
20260714T201545Z,25.0,84.0
20260714T201600Z,25.0,83.0
20260714T201615Z,24.9,82.0
20260714T201630Z,24.9,81.0
20260714T201645Z,24.9,80.1
20260714T201700Z,24.8,79.3
20260714T201715Z,24.8,78.5
20260714T201730Z,24.7,77.7
20260714T201745Z,24.7,76.8
20260714T201800Z,24.6,76.5
20260714T201815Z,24.6,77.2
20260714T201830Z,24.5,78.6
20260714T201845Z,24.5,80.0
20260714T201900Z,24.5,81.1
20260714T201915Z,24.5,81.7
20260714T201930Z,24.5,81.9
20260714T201945Z,24.5,82.2
20260714T202000Z,24.5,82.1
20260714T202015Z,24.5,82.6
20260714T202030Z,24.5,82.8
20260714T202045Z,24.5,83.0
20260714T202100Z,24.5,83.4
20260714T202115Z,24.5,83.8
20260714T202130Z,24.5,84.2
20260714T202145Z,24.5,84.3
20260714T202200Z,24.6,84.6
20260714T202215Z,24.6,84.8
20260714T202230Z,24.6,85.0
20260714T202245Z,24.6,85.1
20260714T202300Z,24.7,85.4
20260714T202315Z,24.7,85.6
20260714T202330Z,24.7,85.8
20260714T202345Z,24.7,85.9
20260714T202400Z,24.7,86.1
20260714T202415Z,24.8,86.4
20260714T202430Z,24.8,86.4
20260714T202445Z,24.8,86.6
20260714T202500Z,24.8,86.9
20260714T202515Z,24.8,87.0
20260714T202530Z,24.8,87.1
20260714T202545Z,24.9,87.3
20260714T202600Z,24.9,87.4
20260714T202615Z,24.9,87.6
20260714T202630Z,24.9,87.8
20260714T202645Z,24.9,88.0
20260714T202700Z,24.9,88.1
20260714T202715Z,24.9,88.3
20260714T202730Z,25.0,88.4
20260714T202745Z,25.0,88.3
20260714T202800Z,25.0,88.4
20260714T202815Z,25.0,88.7
20260714T202830Z,25.0,88.6
20260714T202845Z,25.0,88.6
20260714T202900Z,25.0,89.0
20260714T202915Z,25.1,89.2
20260714T202930Z,25.1,89.2
20260714T202945Z,25.1,89.4
20260714T203001Z,25.1,89.6
20260714T203016Z,25.1,89.7
20260714T203030Z,25.1,89.1
20260714T203045Z,25.1,89.1
20260714T203100Z,25.1,87.9
20260714T203115Z,25.1,87.2
20260714T203130Z,25.1,86.6
20260714T203145Z,25.1,85.5
20260714T203200Z,25.0,84.3
20260714T203215Z,25.0,83.5
20260714T203230Z,24.9,82.7
20260714T203245Z,24.9,81.7
20260714T203300Z,24.8,81.0
20260714T203315Z,24.8,80.1
20260714T203330Z,24.7,78.8
20260714T203345Z,24.7,78.5
20260714T203400Z,24.6,77.2
20260714T203415Z,24.5,77.1
20260714T203430Z,24.4,76.6
20260714T203445Z,24.3,77.0
20260714T203500Z,24.3,77.7
20260714T203515Z,24.3,79.0
20260714T203530Z,24.3,80.2
20260714T203545Z,24.4,81.2
20260714T203600Z,24.4,81.6
20260714T203615Z,24.4,81.8
20260714T203630Z,24.4,82.0
20260714T203645Z,24.4,82.1
20260714T203700Z,24.4,82.4
20260714T203715Z,24.5,82.8
20260714T203730Z,24.5,83.1
20260714T203745Z,24.5,83.3
20260714T203800Z,24.5,83.5
20260714T203815Z,24.5,84.0
20260714T203830Z,24.5,84.2
20260714T203845Z,24.5,84.4
20260714T203900Z,24.5,84.7
20260714T203915Z,24.6,85.0
20260714T203930Z,24.6,85.1
20260714T203945Z,24.6,85.2
20260714T204000Z,24.6,85.5
20260714T204015Z,24.7,85.7
20260714T204030Z,24.7,85.9
20260714T204045Z,24.7,86.0
20260714T204100Z,24.7,86.3
20260714T204115Z,24.7,86.4
20260714T204130Z,24.8,86.6
20260714T204145Z,24.8,86.9
20260714T204200Z,24.8,86.9
20260714T204215Z,24.8,87.1
20260714T204230Z,24.8,87.2
20260714T204245Z,24.8,87.5
20260714T204300Z,24.9,87.6
20260714T204315Z,24.9,87.7
20260714T204330Z,24.9,87.9
20260714T204345Z,24.9,88.1
20260714T204400Z,24.9,88.2
20260714T204415Z,25.0,88.4
20260714T204430Z,24.9,88.5
20260714T204445Z,25.0,88.6
20260714T204500Z,25.0,88.8
20260714T204515Z,25.0,88.8
20260714T204530Z,25.0,89.0
20260714T204545Z,25.0,89.1
20260714T204600Z,25.0,89.3
20260714T204615Z,25.0,89.4
20260714T204630Z,25.0,89.4
20260714T204645Z,25.1,89.6
20260714T204700Z,25.1,89.6
20260714T204715Z,25.1,89.2
20260714T204730Z,25.1,88.5
20260714T204745Z,25.1,87.5
20260714T204800Z,25.1,86.7
20260714T204815Z,25.0,86.2
20260714T204830Z,25.0,85.2
20260714T204845Z,25.0,84.4
20260714T204900Z,25.0,83.1
20260714T204915Z,24.9,82.2
20260714T204930Z,24.9,81.0
20260714T204945Z,24.8,80.6
20260714T205000Z,24.7,79.6
20260714T205015Z,24.7,79.0
20260714T205030Z,24.6,77.6
20260714T205045Z,24.5,77.3
20260714T205100Z,24.4,76.6
20260714T205115Z,24.4,77.1
20260714T205130Z,24.3,78.0
20260714T205145Z,24.3,79.3
20260714T205200Z,24.3,80.5
20260714T205215Z,24.3,81.2
20260714T205230Z,24.3,81.7
20260714T205245Z,24.3,82.2
20260714T205300Z,24.3,82.3
20260714T205315Z,24.3,82.4
20260714T205330Z,24.3,82.8
20260714T205345Z,24.4,82.9
20260714T205400Z,24.4,83.2
20260714T205415Z,24.4,83.6
20260714T205430Z,24.4,83.8
20260714T205445Z,24.5,84.0
20260714T205500Z,24.5,84.5
20260714T205515Z,24.5,84.7
20260714T205530Z,24.5,84.9
20260714T205545Z,24.5,85.1
20260714T205600Z,24.6,85.4
20260714T205615Z,24.6,85.6
20260714T205630Z,24.6,85.8
20260714T205645Z,24.6,86.1
20260714T205700Z,24.6,86.3
20260714T205715Z,24.6,86.4
20260714T205730Z,24.7,86.7
20260714T205745Z,24.7,86.8
20260714T205800Z,24.7,87.0
20260714T205815Z,24.7,87.3
20260714T205830Z,24.7,87.3
20260714T205845Z,24.8,87.5
20260714T205900Z,24.7,87.6
20260714T205915Z,24.8,87.8
20260714T205930Z,24.8,87.9
20260714T205945Z,24.8,88.0
20260714T210000Z,24.8,88.1
20260714T210015Z,24.9,88.3
20260714T210030Z,24.9,88.5
20260714T210045Z,24.9,88.5
20260714T210100Z,24.9,88.7
20260714T210115Z,24.9,88.8
20260714T210130Z,24.9,88.9
20260714T210145Z,24.9,89.2
20260714T210200Z,25.0,89.3
20260714T210215Z,25.0,89.4
20260714T210230Z,25.0,89.4
20260714T210245Z,25.0,89.5
20260714T210300Z,25.0,89.8
20260714T210315Z,25.0,89.8
20260714T210330Z,25.0,89.9
20260714T210345Z,25.0,89.4
20260714T210400Z,25.1,89.4
20260714T210415Z,25.1,88.2
20260714T210430Z,25.0,87.3
20260714T210445Z,25.0,86.6
20260714T210500Z,25.0,85.9
20260714T210515Z,25.0,85.1
20260714T210530Z,25.0,84.1
20260714T210545Z,24.9,82.9
20260714T210600Z,24.9,82.1
20260714T210615Z,24.8,81.2
20260714T210630Z,24.8,80.0
20260714T210645Z,24.7,79.3
20260714T210700Z,24.6,78.6
20260714T210715Z,24.6,77.8
20260714T210730Z,24.5,76.9
20260714T210745Z,24.5,77.2
20260714T210800Z,24.5,78.0
20260714T210815Z,24.5,79.0
20260714T210830Z,24.5,80.0
20260714T210845Z,24.5,81.0
20260714T210900Z,24.5,81.4
20260714T210915Z,24.5,81.4
20260714T210930Z,24.5,81.6
20260714T210945Z,24.5,82.0
20260714T211000Z,24.5,82.4
20260714T211015Z,24.5,82.7
20260714T211030Z,24.5,83.1
20260714T211045Z,24.5,83.5
20260714T211100Z,24.5,83.9
20260714T211115Z,24.5,84.1
20260714T211130Z,24.5,84.3
20260714T211145Z,24.5,84.7
20260714T211200Z,24.6,85.0
20260714T211215Z,24.6,85.3
20260714T211230Z,24.6,85.5
20260714T211245Z,24.6,85.8
20260714T211300Z,24.6,86.0
20260714T211315Z,24.7,86.1
20260714T211330Z,24.7,86.3
20260714T211345Z,24.7,86.5
20260714T211400Z,24.7,86.7
20260714T211415Z,24.7,86.8
20260714T211430Z,24.8,87.2
20260714T211445Z,24.8,87.3
20260714T211501Z,24.8,87.5
20260714T211515Z,24.8,87.6
20260714T211530Z,24.8,87.7
20260714T211545Z,24.8,87.8
20260714T211600Z,24.8,88.0
20260714T211615Z,24.9,88.2
20260714T211630Z,24.9,88.3
20260714T211645Z,24.9,88.6
20260714T211700Z,24.9,88.8
20260714T211715Z,24.9,88.9
20260714T211730Z,24.9,89.0
20260714T211745Z,24.9,89.2
20260714T211800Z,24.9,89.2
20260714T211815Z,25.0,89.3
20260714T211830Z,25.0,89.5
20260714T211845Z,25.0,89.7
20260714T211900Z,25.0,89.7
20260714T211915Z,25.0,89.7
20260714T211930Z,25.0,89.9
20260714T211945Z,25.0,90.0
20260714T212000Z,25.0,89.7
20260714T212015Z,25.1,89.4
20260714T212030Z,25.0,88.3
20260714T212045Z,25.0,87.5
20260714T212100Z,25.0,86.9
20260714T212116Z,25.0,85.8
20260714T212130Z,25.0,84.7
20260714T212145Z,24.9,83.9
20260714T212200Z,24.9,83.1
20260714T212215Z,24.8,82.5
20260714T212230Z,24.8,81.5
20260714T212245Z,24.7,80.4
20260714T212300Z,24.7,79.6
20260714T212315Z,24.6,79.1
20260714T212330Z,24.5,78.2
20260714T212345Z,24.5,77.3
20260714T212400Z,24.4,77.6
20260714T212415Z,24.4,79.0
20260714T212430Z,24.3,80.2
20260714T212446Z,24.3,80.8
20260714T212501Z,24.3,82.3
20260714T212515Z,24.3,82.7
20260714T212530Z,24.3,82.7
20260714T212545Z,24.3,83.0
20260714T212600Z,24.3,83.2
20260714T212615Z,24.3,83.3
20260714T212630Z,24.4,83.6
20260714T212645Z,24.4,84.0
20260714T212659Z,24.4,84.2
20260714T212715Z,24.4,84.5
20260714T212731Z,24.4,84.8
20260714T212745Z,24.5,84.9
20260714T212801Z,24.5,85.3
20260714T212815Z,24.5,85.5
20260714T212831Z,24.5,85.7
20260714T212845Z,24.6,86.0
20260714T212901Z,24.6,86.2
20260714T212915Z,24.6,86.4
20260714T212931Z,24.6,86.6
20260714T212945Z,24.6,86.9
20260714T213001Z,24.7,87.0
20260714T213015Z,24.7,87.2
20260714T213031Z,24.7,87.4
20260714T213045Z,24.7,87.6
20260714T213101Z,24.7,87.8
20260714T213116Z,24.7,87.8
20260714T213130Z,24.7,88.0
20260714T213145Z,24.8,88.2
20260714T213200Z,24.8,88.3
20260714T213215Z,24.8,88.5
20260714T213231Z,24.8,88.5
20260714T213245Z,24.8,88.8
20260714T213300Z,24.8,88.8
20260714T213316Z,24.9,88.9
20260714T213330Z,24.9,89.2
20260714T213346Z,24.9,89.2
20260714T213400Z,24.9,89.2
20260714T213416Z,24.9,89.4
20260714T213430Z,24.9,89.6
20260714T213446Z,24.9,89.7
20260714T213500Z,24.9,89.8
20260714T213515Z,25.0,90.0
20260714T213531Z,25.0,90.1
20260714T213545Z,25.0,90.3
20260714T213601Z,25.0,90.3
20260714T213615Z,25.0,89.9
20260714T213631Z,25.0,90.0
20260714T213645Z,25.0,88.7
20260714T213701Z,25.0,87.9
20260714T213716Z,25.0,87.3
20260714T213730Z,25.0,86.3
20260714T213746Z,25.0,85.4
20260714T213801Z,24.9,84.7
20260714T213816Z,24.9,84.0
20260714T213830Z,24.9,83.1
20260714T213846Z,24.9,82.0
20260714T213900Z,24.9,80.9
20260714T213916Z,24.8,79.8
20260714T213930Z,24.8,79.3
20260714T213946Z,24.7,78.2
20260714T214000Z,24.7,77.6
20260714T214016Z,24.6,76.9
20260714T214030Z,24.6,77.2
20260714T214046Z,24.6,78.3
20260714T214100Z,24.5,79.2
20260714T214115Z,24.5,80.0
20260714T214131Z,24.5,81.2
20260714T214145Z,24.5,81.3
20260714T214201Z,24.5,81.4
20260714T214215Z,24.5,82.2
20260714T214231Z,24.5,82.2
20260714T214245Z,24.5,82.3
20260714T214301Z,24.5,82.8
20260714T214315Z,24.6,83.2
20260714T214331Z,24.6,83.4
20260714T214345Z,24.6,83.8
20260714T214401Z,24.6,84.2
20260714T214416Z,24.6,84.4
20260714T214431Z,24.6,84.7
20260714T214445Z,24.6,85.0
20260714T214500Z,24.6,85.1
20260714T214516Z,24.6,85.4
20260714T214530Z,24.7,85.6
20260714T214546Z,24.7,85.9
20260714T214600Z,24.7,86.2
20260714T214616Z,24.7,86.3
20260714T214630Z,24.7,86.4
20260714T214646Z,24.7,86.7
20260714T214700Z,24.8,86.9
20260714T214716Z,24.8,87.0
20260714T214730Z,24.8,87.2
20260714T214745Z,24.8,87.2
20260714T214800Z,24.8,87.5
20260714T214816Z,24.9,87.6
20260714T214830Z,24.9,87.7
20260714T214846Z,24.9,87.8
20260714T214900Z,24.9,88.1
20260714T214916Z,24.9,88.2
20260714T214930Z,24.9,88.3
20260714T214946Z,24.9,88.4
20260714T215000Z,25.0,88.5
20260714T215016Z,25.0,88.5
20260714T215031Z,25.0,88.8
20260714T215046Z,25.0,88.9
20260714T215100Z,25.0,89.1
20260714T215116Z,25.0,89.2
20260714T215130Z,25.0,89.2
20260714T215146Z,25.0,89.4
20260714T215200Z,25.0,89.5
20260714T215216Z,25.1,89.7
20260714T215230Z,25.1,89.7
20260714T215246Z,25.1,89.8
20260714T215300Z,25.1,89.3
20260714T215316Z,25.1,88.3
20260714T215330Z,25.1,87.3
20260714T215346Z,25.0,86.9
20260714T215400Z,25.0,85.9
20260714T215415Z,25.0,84.8
20260714T215431Z,25.0,84.4
20260714T215445Z,24.9,83.0
20260714T215501Z,24.9,82.2
20260714T215515Z,24.9,81.3
20260714T215531Z,24.8,80.5
20260714T215545Z,24.8,79.7
20260714T215601Z,24.8,78.6
20260714T215616Z,24.7,77.7
20260714T215631Z,24.6,77.0
20260714T215645Z,24.6,76.1
20260714T215700Z,24.5,76.6
20260714T215715Z,24.5,77.7
20260714T215730Z,24.5,78.8
20260714T215746Z,24.5,79.7
20260714T215800Z,24.5,80.7
20260714T215816Z,24.5,81.3
20260714T215830Z,24.5,81.2
20260714T215846Z,24.5,81.6
20260714T215900Z,24.5,81.9
20260714T215916Z,24.5,82.3
20260714T215930Z,24.5,82.6
20260714T215946Z,24.5,83.0
20260714T220000Z,24.5,83.3
20260714T220015Z,24.6,83.6
20260714T220031Z,24.6,84.0
20260714T220045Z,24.6,84.3
20260714T220101Z,24.6,84.5
20260714T220115Z,24.6,84.8
20260714T220131Z,24.6,85.1
20260714T220146Z,24.6,85.3
20260714T220200Z,24.6,85.6
20260714T220216Z,24.7,85.6
20260714T220231Z,24.7,86.0
20260714T220245Z,24.7,86.3
20260714T220300Z,24.7,86.4
20260714T220315Z,24.7,86.7
20260714T220330Z,24.7,86.8
20260714T220346Z,24.8,87.0
20260714T220400Z,24.8,87.2
20260714T220415Z,24.8,87.4
20260714T220431Z,24.8,87.6
20260714T220445Z,24.8,87.8
20260714T220501Z,24.8,88.0
20260714T220515Z,24.8,88.2
20260714T220531Z,24.9,88.2
20260714T220545Z,24.9,88.3
20260714T220601Z,24.9,88.5
20260714T220615Z,24.9,88.7
20260714T220631Z,24.9,88.7
20260714T220646Z,25.0,88.9
20260714T220700Z,25.0,89.0
20260714T220716Z,25.0,89.0
20260714T220730Z,25.0,89.2
20260714T220746Z,25.0,89.3
20260714T220800Z,25.0,89.5
20260714T220815Z,25.0,89.4
20260714T220831Z,25.1,89.7
20260714T220845Z,25.1,89.0
20260714T220901Z,25.1,88.8
20260714T220916Z,25.1,87.5
20260714T220930Z,25.1,87.0
20260714T220946Z,25.1,85.8
20260714T221001Z,25.0,85.3
20260714T221015Z,25.0,84.6
20260714T221031Z,25.0,83.6
20260714T221045Z,25.0,82.9
20260714T221101Z,25.0,82.0
20260714T221115Z,24.9,81.1
20260714T221131Z,24.9,79.8
20260714T221145Z,24.8,78.5
20260714T221201Z,24.8,78.2
20260714T221215Z,24.7,77.2
20260714T221231Z,24.6,76.4
20260714T221246Z,24.5,75.8
20260714T221300Z,24.5,76.6
20260714T221316Z,24.4,77.9
20260714T221330Z,24.4,79.4
20260714T221346Z,24.4,80.5
20260714T221400Z,24.4,81.3
20260714T221415Z,24.4,81.6
20260714T221431Z,24.4,81.8
20260714T221445Z,24.4,82.1
20260714T221501Z,24.4,82.3
20260714T221516Z,24.4,82.6
20260714T221530Z,24.4,82.9
20260714T221546Z,24.5,83.1
20260714T221600Z,24.5,83.5
20260714T221615Z,24.5,83.7
20260714T221631Z,24.5,83.9
20260714T221645Z,24.6,84.2
20260714T221700Z,24.6,84.3
20260714T221716Z,24.6,84.6
20260714T221730Z,24.6,84.8
20260714T221746Z,24.6,85.1
20260714T221800Z,24.7,85.3
20260714T221816Z,24.7,85.5
20260714T221830Z,24.7,85.8
20260714T221846Z,24.7,85.9
20260714T221900Z,24.7,86.1
20260714T221916Z,24.8,86.4
20260714T221930Z,24.8,86.6
20260714T221946Z,24.8,86.7
20260714T222000Z,24.8,87.0
20260714T222016Z,24.8,87.1
20260714T222030Z,24.8,87.3
20260714T222046Z,24.8,87.5
20260714T222100Z,24.8,87.5
20260714T222116Z,24.9,87.7
20260714T222130Z,24.9,87.9
20260714T222146Z,24.9,88.0
20260714T222201Z,24.9,88.3
20260714T222216Z,24.9,88.4
20260714T222231Z,24.9,88.6
20260714T222246Z,24.9,88.6
20260714T222300Z,25.0,88.8
20260714T222316Z,25.0,88.8
20260714T222331Z,25.0,88.9
20260714T222346Z,25.0,88.9
20260714T222401Z,25.0,89.2
20260714T222416Z,25.0,89.2
20260714T222431Z,25.0,89.4
20260714T222445Z,25.0,88.9
20260714T222501Z,25.0,88.5
20260714T222517Z,25.0,87.2
20260714T222531Z,25.0,86.8
20260714T222546Z,25.0,85.6
20260714T222601Z,25.0,84.8
20260714T222617Z,24.9,84.2
20260714T222631Z,24.9,83.1
20260714T222646Z,24.9,82.2
20260714T222701Z,24.8,81.3
20260714T222716Z,24.8,80.3
20260714T222731Z,24.7,79.4
20260714T222746Z,24.6,78.7
20260714T222801Z,24.6,77.9
20260714T222816Z,24.5,77.0
20260714T222831Z,24.4,76.2
20260714T222846Z,24.4,76.4
20260714T222901Z,24.3,77.6
20260714T222916Z,24.3,79.0
20260714T222931Z,24.2,80.3
20260714T222946Z,24.3,81.3
20260714T223001Z,24.3,81.9
20260714T223016Z,24.3,82.2
20260714T223031Z,24.3,82.2
20260714T223046Z,24.3,82.5
20260714T223101Z,24.3,82.7
20260714T223116Z,24.3,83.0
20260714T223131Z,24.3,83.4
20260714T223146Z,24.4,83.6
20260714T223201Z,24.4,83.8
20260714T223216Z,24.4,84.2
20260714T223231Z,24.4,84.3
20260714T223246Z,24.5,84.6
20260714T223301Z,24.5,85.0
20260714T223316Z,24.5,85.2
20260714T223331Z,24.5,85.6
20260714T223346Z,24.5,85.6
20260714T223401Z,24.5,85.9
20260714T223416Z,24.6,86.1
20260714T223431Z,24.6,86.3
20260714T223446Z,24.6,86.5
20260714T223501Z,24.6,86.8
20260714T223516Z,24.7,86.8
20260714T223531Z,24.7,87.1
20260714T223546Z,24.7,87.2
20260714T223601Z,24.7,87.3
20260714T223616Z,24.7,87.7
20260714T223631Z,24.8,87.8
20260714T223646Z,24.8,87.9
20260714T223701Z,24.8,88.1
20260714T223716Z,24.8,88.2
20260714T223731Z,24.8,88.3
20260714T223746Z,24.8,88.4
20260714T223801Z,24.9,88.5
20260714T223816Z,24.9,88.7
20260714T223831Z,24.9,88.9
20260714T223846Z,24.9,89.0
20260714T223901Z,24.9,89.1
20260714T223916Z,24.9,89.2
20260714T223931Z,25.0,89.3
20260714T223946Z,25.0,89.5
20260714T224001Z,25.0,89.6
20260714T224016Z,25.0,89.1
20260714T224031Z,25.0,88.9
20260714T224046Z,25.0,87.4
20260714T224101Z,25.0,86.9
20260714T224116Z,25.0,86.4
20260714T224131Z,24.9,85.3
20260714T224146Z,24.9,84.5
20260714T224201Z,24.9,83.2
20260714T224216Z,24.8,82.5
20260714T224231Z,24.8,81.7
20260714T224246Z,24.7,80.8
20260714T224301Z,24.7,79.6
20260714T224316Z,24.6,78.9
20260714T224331Z,24.6,78.4
20260714T224346Z,24.5,77.4
20260714T224401Z,24.4,76.5
20260714T224416Z,24.4,76.4
20260714T224431Z,24.3,77.3
20260714T224446Z,24.3,78.6
20260714T224501Z,24.3,79.7
20260714T224516Z,24.3,81.0
20260714T224531Z,24.3,81.6
20260714T224546Z,24.3,81.8
20260714T224601Z,24.3,82.0
20260714T224616Z,24.3,82.4
20260714T224631Z,24.3,82.6
20260714T224646Z,24.3,82.8
20260714T224701Z,24.4,83.1
20260714T224716Z,24.4,83.4
20260714T224731Z,24.4,83.7
20260714T224746Z,24.4,84.1
20260714T224801Z,24.5,84.3
20260714T224816Z,24.5,84.5
20260714T224831Z,24.5,84.8
20260714T224846Z,24.5,85.1
20260714T224901Z,24.6,85.2
20260714T224916Z,24.6,85.5
20260714T224931Z,24.6,85.7
20260714T224946Z,24.6,85.9
20260714T225001Z,24.6,86.1
20260714T225016Z,24.7,86.4
20260714T225031Z,24.7,86.5
20260714T225046Z,24.7,86.6
20260714T225101Z,24.7,86.9
20260714T225116Z,24.7,87.0
20260714T225131Z,24.7,87.2
20260714T225146Z,24.8,87.4
20260714T225201Z,24.8,87.6
20260714T225216Z,24.8,87.7
20260714T225231Z,24.8,87.9
20260714T225246Z,24.8,88.0
20260714T225301Z,24.9,88.1
20260714T225316Z,24.9,88.4
20260714T225331Z,24.9,88.5
20260714T225346Z,24.9,88.7
20260714T225401Z,24.9,88.8
20260714T225416Z,24.9,88.8
20260714T225431Z,24.9,89.0
20260714T225446Z,25.0,89.2
20260714T225501Z,25.0,89.3
20260714T225516Z,25.0,89.4
20260714T225531Z,25.0,89.4
20260714T225546Z,25.0,89.6
20260714T225601Z,25.0,89.8
20260714T225616Z,25.0,89.9
20260714T225631Z,25.0,89.3
20260714T225646Z,25.0,89.3
20260714T225701Z,25.0,87.8
20260714T225716Z,25.0,87.3
20260714T225731Z,25.0,86.1
20260714T225746Z,25.0,85.3
20260714T225801Z,24.9,84.3
20260714T225816Z,24.9,83.7
20260714T225831Z,24.8,82.5
20260714T225846Z,24.8,81.9
20260714T225901Z,24.7,81.2
20260714T225916Z,24.7,80.3
20260714T225931Z,24.6,79.1
20260714T225946Z,24.6,78.3
20260714T230001Z,24.5,77.8
20260714T230016Z,24.4,77.3
20260714T230031Z,24.4,76.3
20260714T230046Z,24.4,76.7
20260714T230101Z,24.3,78.0
20260714T230116Z,24.3,79.0
20260714T230131Z,24.3,80.8
20260714T230146Z,24.3,81.3
20260714T230201Z,24.3,81.6
20260714T230216Z,24.3,81.8
20260714T230231Z,24.3,82.0
20260714T230246Z,24.3,82.5
20260714T230301Z,24.3,82.7
20260714T230316Z,24.3,83.0
20260714T230331Z,24.4,83.2
20260714T230346Z,24.4,83.7
20260714T230401Z,24.4,83.7
20260714T230416Z,24.4,84.3
20260714T230431Z,24.5,84.4
20260714T230446Z,24.5,84.8
20260714T230501Z,24.5,85.0
20260714T230516Z,24.5,85.2
20260714T230531Z,24.5,85.4
20260714T230546Z,24.5,85.8
20260714T230601Z,24.6,85.8
20260714T230616Z,24.6,86.1
20260714T230631Z,24.6,86.3
20260714T230646Z,24.6,86.6
20260714T230701Z,24.7,86.6
20260714T230716Z,24.7,86.9
20260714T230731Z,24.7,87.1
20260714T230746Z,24.7,87.3
20260714T230801Z,24.7,87.5
20260714T230816Z,24.7,87.7
20260714T230831Z,24.8,87.8
20260714T230846Z,24.8,88.0
20260714T230901Z,24.8,88.1
20260714T230916Z,24.8,88.3
20260714T230931Z,24.8,88.4
20260714T230946Z,24.9,88.6
20260714T231001Z,24.9,88.7
20260714T231016Z,24.9,88.8
20260714T231031Z,24.9,89.0
20260714T231046Z,24.9,89.2
20260714T231101Z,24.9,89.2
20260714T231116Z,24.9,89.2
20260714T231131Z,24.9,89.6
20260714T231146Z,25.0,89.7
20260714T231201Z,25.0,89.3
20260714T231216Z,25.0,89.3
20260714T231231Z,25.0,88.0
20260714T231246Z,25.0,87.1
20260714T231301Z,24.9,86.3
20260714T231316Z,24.9,85.5
20260714T231331Z,24.9,84.4
20260714T231346Z,24.9,83.9
20260714T231401Z,24.8,82.7
20260714T231416Z,24.8,81.9
20260714T231431Z,24.7,80.8
20260714T231446Z,24.7,80.1
20260714T231501Z,24.6,79.3
20260714T231516Z,24.6,78.5
20260714T231531Z,24.5,77.5
20260714T231546Z,24.4,76.5
20260714T231601Z,24.3,76.0
20260714T231616Z,24.2,76.8
20260714T231631Z,24.2,78.1
20260714T231646Z,24.2,79.6
20260714T231701Z,24.2,81.1
20260714T231716Z,24.2,81.7
20260714T231731Z,24.2,82.1
20260714T231746Z,24.2,82.3
20260714T231801Z,24.2,82.0
20260714T231816Z,24.2,82.5
20260714T231831Z,24.3,82.7
20260714T231846Z,24.3,83.0
20260714T231901Z,24.3,83.3
20260714T231916Z,24.3,83.3
20260714T231931Z,24.4,83.6
20260714T231946Z,24.4,84.1
20260714T232001Z,24.4,84.3
20260714T232016Z,24.4,84.5
20260714T232031Z,24.5,85.0
20260714T232046Z,24.5,85.2
20260714T232101Z,24.5,85.4
20260714T232116Z,24.5,85.7
20260714T232131Z,24.6,85.9
20260714T232146Z,24.6,86.1
20260714T232201Z,24.6,86.3
20260714T232217Z,24.6,86.5
20260714T232231Z,24.6,86.9
20260714T232246Z,24.6,87.0
20260714T232301Z,24.7,87.1
20260714T232316Z,24.7,87.3
20260714T232331Z,24.7,87.5
20260714T232346Z,24.7,87.7
20260714T232401Z,24.7,87.8
20260714T232417Z,24.8,87.9
20260714T232431Z,24.8,88.2
20260714T232446Z,24.8,88.2
20260714T232501Z,24.8,88.4
20260714T232516Z,24.8,88.5
20260714T232531Z,24.9,88.6
20260714T232546Z,24.9,88.9
20260714T232601Z,24.9,89.0
20260714T232617Z,24.9,89.1
20260714T232631Z,24.9,89.2
20260714T232646Z,24.9,89.4
20260714T232701Z,25.0,89.3
20260714T232716Z,25.0,88.9
20260714T232731Z,25.0,87.7
20260714T232746Z,25.0,87.0
20260714T232801Z,24.9,86.4
20260714T232816Z,24.9,85.6
20260714T232831Z,24.9,85.0
20260714T232846Z,24.9,83.6
20260714T232901Z,24.8,82.5
20260714T232916Z,24.8,82.0
20260714T232931Z,24.7,80.8
20260714T232946Z,24.7,80.1
20260714T233001Z,24.6,79.3
20260714T233016Z,24.6,78.7
20260714T233031Z,24.5,77.8
20260714T233046Z,24.5,77.0
20260714T233101Z,24.4,76.4
20260714T233116Z,24.4,76.5
20260714T233131Z,24.3,77.2
20260714T233146Z,24.3,78.0
20260714T233201Z,24.4,79.9
20260714T233216Z,24.4,80.9
20260714T233231Z,24.4,81.3
20260714T233246Z,24.4,81.6
20260714T233301Z,24.4,81.9
20260714T233316Z,24.4,82.1
20260714T233331Z,24.4,82.3
20260714T233346Z,24.4,82.5
20260714T233401Z,24.5,82.9
20260714T233416Z,24.5,83.0
20260714T233431Z,24.5,83.2
20260714T233446Z,24.5,83.5
20260714T233501Z,24.5,83.7
20260714T233516Z,24.5,84.1
20260714T233531Z,24.5,84.3
20260714T233546Z,24.6,84.6
20260714T233601Z,24.6,85.0
20260714T233616Z,24.6,85.1
20260714T233631Z,24.6,85.4
20260714T233646Z,24.6,85.6
20260714T233701Z,24.6,85.9
20260714T233716Z,24.7,86.1
20260714T233731Z,24.7,86.4
20260714T233746Z,24.7,86.5
20260714T233801Z,24.7,86.7
20260714T233816Z,24.7,86.9
20260714T233831Z,24.7,87.0
20260714T233846Z,24.8,87.3
20260714T233901Z,24.8,87.5
20260714T233916Z,24.8,87.6
20260714T233931Z,24.8,87.8
20260714T233946Z,24.8,87.9
20260714T234001Z,24.8,88.0
20260714T234016Z,24.8,88.2
20260714T234031Z,24.9,88.5
20260714T234046Z,24.9,88.6
20260714T234101Z,24.9,88.7
20260714T234116Z,24.9,88.9
20260714T234131Z,24.9,89.0
20260714T234146Z,24.9,89.1
20260714T234201Z,24.9,89.3
20260714T234216Z,25.0,89.3
20260714T234231Z,25.0,89.4
20260714T234246Z,25.0,89.7
20260714T234301Z,25.0,89.6
20260714T234316Z,25.0,89.2
20260714T234331Z,25.0,88.1
20260714T234346Z,25.0,87.3
20260714T234401Z,25.0,86.4
20260714T234416Z,25.0,85.5
20260714T234431Z,24.9,84.7
20260714T234446Z,24.9,83.8
20260714T234501Z,24.9,83.3
20260714T234516Z,24.8,82.2
20260714T234531Z,24.8,81.2
20260714T234546Z,24.8,80.2
20260714T234601Z,24.7,79.3
20260714T234616Z,24.7,78.4
20260714T234631Z,24.6,77.3
20260714T234646Z,24.5,76.6
20260714T234701Z,24.5,76.0
20260714T234716Z,24.4,76.5
20260714T234731Z,24.3,77.7
20260714T234746Z,24.3,79.0
20260714T234801Z,24.3,80.3
20260714T234816Z,24.3,81.2
20260714T234831Z,24.4,81.7
20260714T234846Z,24.4,81.9
20260714T234901Z,24.4,82.1
20260714T234916Z,24.4,82.5
20260714T234931Z,24.4,82.6
20260714T234946Z,24.4,83.0
20260714T235001Z,24.4,83.3
20260714T235016Z,24.4,83.4
20260714T235031Z,24.5,83.5
20260714T235046Z,24.5,83.8
20260714T235101Z,24.5,83.9
20260714T235116Z,24.5,84.3
20260714T235131Z,24.6,84.7
20260714T235146Z,24.6,84.8
20260714T235201Z,24.6,85.1
20260714T235216Z,24.6,85.5
20260714T235231Z,24.6,85.5
20260714T235246Z,24.7,85.6
20260714T235301Z,24.6,86.1
20260714T235316Z,24.7,86.2
20260714T235331Z,24.7,86.4
20260714T235346Z,24.7,86.7
20260714T235401Z,24.7,86.9
20260714T235416Z,24.7,87.1
20260714T235431Z,24.7,87.2
20260714T235446Z,24.8,87.4
20260714T235501Z,24.8,87.5
20260714T235516Z,24.8,87.7
20260714T235531Z,24.8,87.9
20260714T235546Z,24.8,88.0
20260714T235601Z,24.9,88.3
20260714T235616Z,24.9,88.4
20260714T235631Z,24.9,88.6
20260714T235646Z,24.9,88.7
20260714T235701Z,24.9,88.8
20260714T235716Z,24.9,89.0
20260714T235731Z,24.9,89.1
20260714T235746Z,25.0,89.3
20260714T235801Z,25.0,89.4
20260714T235816Z,25.0,89.4
20260714T235831Z,25.0,89.0
20260714T235846Z,25.0,88.1
20260714T235901Z,25.0,87.1
20260714T235916Z,25.0,86.3
20260714T235931Z,24.9,85.5
20260714T235946Z,24.9,84.6