Time,Temperature,Humidity
20260716T000011Z,25.4,93.1
20260716T000026Z,25.5,93.2
20260716T000041Z,25.5,93.2
20260716T000056Z,25.5,93.2
20260716T000111Z,25.5,93.2
20260716T000126Z,25.5,93.3
20260716T000141Z,25.6,93.3
20260716T000156Z,25.6,93.3
20260716T000211Z,25.6,93.4
20260716T000226Z,25.6,93.4
20260716T000241Z,25.6,93.3
20260716T000256Z,25.6,92.6
20260716T000311Z,25.7,92.6
20260716T000326Z,25.6,91.1
20260716T000341Z,25.6,90.8
20260716T000356Z,25.6,89.5
20260716T000411Z,25.5,88.9
20260716T000426Z,25.4,87.4
20260716T000441Z,25.4,86.8
20260716T000456Z,25.3,85.9
20260716T000511Z,25.2,85.0
20260716T000526Z,25.1,84.4
20260716T000541Z,24.9,84.1
20260716T000556Z,24.8,83.7
20260716T000611Z,24.8,83.5
20260716T000626Z,24.7,82.7
20260716T000641Z,24.7,82.0
20260716T000656Z,24.6,81.5
20260716T000711Z,24.6,80.5
20260716T000726Z,24.6,78.9
20260716T000741Z,24.6,78.9
20260716T000756Z,24.5,80.8
20260716T000811Z,24.5,82.1
20260716T000826Z,24.5,83.3
20260716T000841Z,24.5,84.2
20260716T000856Z,24.5,84.7
20260716T000911Z,24.5,85.0
20260716T000926Z,24.5,85.3
20260716T000941Z,24.5,85.7
20260716T000956Z,24.5,85.8
20260716T001011Z,24.5,86.0
20260716T001026Z,24.5,86.2
20260716T001041Z,24.5,86.8
20260716T001056Z,24.5,87.2
20260716T001111Z,24.6,87.5
20260716T001126Z,24.6,87.8
20260716T001141Z,24.6,87.9
20260716T001156Z,24.6,88.2
20260716T001211Z,24.7,88.3
20260716T001226Z,24.7,88.7
20260716T001241Z,24.7,88.9
20260716T001256Z,24.8,89.1
20260716T001311Z,24.8,89.3
20260716T001327Z,24.8,89.5
20260716T001341Z,24.8,89.8
20260716T001356Z,24.9,89.9
20260716T001411Z,24.9,90.1
20260716T001426Z,24.9,90.3
20260716T001441Z,24.9,90.4
20260716T001456Z,25.0,90.6
20260716T001511Z,25.0,90.7
20260716T001526Z,25.0,90.8
20260716T001541Z,25.0,91.1
20260716T001556Z,25.1,91.2
20260716T001611Z,25.1,91.3
20260716T001626Z,25.1,91.4
20260716T001641Z,25.1,91.5
20260716T001656Z,25.2,91.7
20260716T001711Z,25.2,91.8
20260716T001726Z,25.2,91.9
20260716T001741Z,25.2,92.0
20260716T001756Z,25.3,92.1
20260716T001811Z,25.3,92.3
20260716T001826Z,25.3,92.3
20260716T001841Z,25.3,92.2
20260716T001856Z,25.3,92.4
20260716T001911Z,25.4,92.4
20260716T001926Z,25.4,92.5
20260716T001941Z,25.4,92.5
20260716T001956Z,25.4,92.6
20260716T002011Z,25.4,92.6
20260716T002026Z,25.5,92.7
20260716T002041Z,25.5,92.7
20260716T002056Z,25.5,92.9
20260716T002111Z,25.5,92.8
20260716T002126Z,25.5,92.9
20260716T002141Z,25.5,92.9
20260716T002156Z,25.6,93.0
20260716T002211Z,25.6,93.0
20260716T002226Z,25.6,93.1
20260716T002241Z,25.6,93.1
20260716T002256Z,25.6,93.1
20260716T002311Z,25.6,93.2
20260716T002326Z,25.6,93.2
20260716T002341Z,25.6,92.7
20260716T002356Z,25.6,92.7
20260716T002411Z,25.6,90.9
20260716T002426Z,25.6,90.7
20260716T002441Z,25.6,90.0
20260716T002456Z,25.5,88.4
20260716T002511Z,25.5,87.1
20260716T002526Z,25.3,86.4
20260716T002541Z,25.2,85.5
20260716T002556Z,25.1,85.7
20260716T002611Z,25.1,85.1
20260716T002626Z,25.0,84.4
20260716T002641Z,24.9,83.9
20260716T002656Z,24.8,82.0
20260716T002711Z,24.7,82.2
20260716T002727Z,24.6,81.7
20260716T002742Z,24.6,80.9
20260716T002756Z,24.5,80.5
20260716T002811Z,24.4,79.2
20260716T002826Z,24.4,80.3
20260716T002841Z,24.4,81.5
20260716T002856Z,24.3,83.3
20260716T002911Z,24.3,84.7
20260716T002926Z,24.4,85.0
20260716T002941Z,24.4,85.2
20260716T002956Z,24.4,85.6
20260716T003011Z,24.4,85.8
20260716T003026Z,24.4,86.0
20260716T003041Z,24.4,86.4
20260716T003056Z,24.4,86.8
20260716T003111Z,24.5,86.8
20260716T003126Z,24.5,87.1
20260716T003141Z,24.5,87.2
20260716T003156Z,24.6,87.4
20260716T003211Z,24.6,87.7
20260716T003226Z,24.6,88.0
20260716T003241Z,24.6,88.5
20260716T003256Z,24.7,88.5
20260716T003311Z,24.7,88.8
20260716T003326Z,24.7,88.9
20260716T003341Z,24.8,89.2
20260716T003356Z,24.8,89.4
20260716T003411Z,24.8,89.6
20260716T003426Z,24.8,89.8
20260716T003441Z,24.9,90.0
20260716T003456Z,24.9,90.2
20260716T003511Z,24.9,90.3
20260716T003526Z,24.9,90.5
20260716T003541Z,24.9,90.6
20260716T003556Z,25.0,90.9
20260716T003611Z,25.0,90.9
20260716T003626Z,25.0,91.1
20260716T003641Z,25.0,91.4
20260716T003656Z,25.1,91.4
20260716T003711Z,25.1,91.6
20260716T003726Z,25.1,91.6
20260716T003741Z,25.1,91.8
20260716T003756Z,25.1,92.0
20260716T003811Z,25.2,91.9
20260716T003826Z,25.2,92.1
20260716T003841Z,25.2,92.1
20260716T003856Z,25.2,92.2
20260716T003911Z,25.2,92.4
20260716T003926Z,25.3,92.5
20260716T003941Z,25.3,92.5
20260716T003956Z,25.3,92.6
20260716T004011Z,25.3,92.7
20260716T004026Z,25.3,92.8
20260716T004041Z,25.3,92.9
20260716T004056Z,25.4,93.0
20260716T004111Z,25.4,93.0
20260716T004126Z,25.4,93.0
20260716T004141Z,25.4,93.0
20260716T004156Z,25.4,93.2
20260716T004211Z,25.4,93.2
20260716T004226Z,25.5,93.2
20260716T004241Z,25.5,93.2
20260716T004256Z,25.5,93.3
20260716T004311Z,25.5,93.3
20260716T004326Z,25.5,93.3
20260716T004341Z,25.6,93.4
20260716T004356Z,25.6,93.4
20260716T004411Z,25.6,93.4
20260716T004426Z,25.6,93.4
20260716T004441Z,25.6,93.4
20260716T004456Z,25.6,92.9
20260716T004511Z,25.6,93.0
20260716T004526Z,25.6,91.4
20260716T004541Z,25.6,90.3
20260716T004556Z,25.6,89.8
20260716T004611Z,25.5,88.6
20260716T004626Z,25.4,87.4
20260716T004641Z,25.3,87.0
20260716T004656Z,25.2,86.1
20260716T004711Z,25.1,85.1
20260716T004726Z,25.0,84.5
20260716T004741Z,24.9,84.1
20260716T004756Z,24.8,84.3
20260716T004811Z,24.7,83.2
20260716T004826Z,24.6,82.5
20260716T004841Z,24.5,81.7
20260716T004856Z,24.5,81.5
20260716T004911Z,24.4,80.6
20260716T004926Z,24.3,79.8
20260716T004941Z,24.3,79.7
20260716T004956Z,24.3,81.4
20260716T005011Z,24.3,83.0
20260716T005026Z,24.3,84.7
20260716T005041Z,24.3,85.5
20260716T005056Z,24.3,85.6
20260716T005111Z,24.3,85.8
20260716T005126Z,24.3,86.3
20260716T005141Z,24.3,86.3
20260716T005156Z,24.4,86.5
20260716T005211Z,24.4,86.7
20260716T005226Z,24.4,87.0
20260716T005241Z,24.5,87.1
20260716T005256Z,24.5,87.3
20260716T005311Z,24.5,87.5
20260716T005326Z,24.6,87.8
20260716T005341Z,24.6,88.1
20260716T005356Z,24.6,88.2
20260716T005411Z,24.6,88.6
20260716T005426Z,24.7,88.8
20260716T005441Z,24.7,89.0
20260716T005456Z,24.7,89.3
20260716T005511Z,24.8,89.6
20260716T005526Z,24.8,89.8
20260716T005541Z,24.8,90.0
20260716T005556Z,24.8,90.0
20260716T005611Z,24.9,90.3
20260716T005626Z,24.9,90.4
20260716T005641Z,24.9,90.6
20260716T005656Z,24.9,90.8
20260716T005711Z,24.9,91.0
20260716T005726Z,25.0,91.1
20260716T005741Z,25.0,91.3
20260716T005756Z,25.0,91.3
20260716T005811Z,25.0,91.5
20260716T005826Z,25.1,91.8
20260716T005841Z,25.1,91.8
20260716T005856Z,25.1,92.0
20260716T005911Z,25.1,92.0
20260716T005926Z,25.1,92.2
20260716T005941Z,25.2,92.3
20260716T005956Z,25.2,92.3
20260716T010011Z,25.2,92.4
20260716T010026Z,25.2,92.5
20260716T010041Z,25.2,92.7
20260716T010056Z,25.2,92.7
20260716T010111Z,25.3,92.8
20260716T010127Z,25.3,92.9
20260716T010142Z,25.3,92.9
20260716T010156Z,25.3,93.1
20260716T010211Z,25.3,93.1
20260716T010226Z,25.4,93.2
20260716T010241Z,25.4,93.2
20260716T010256Z,25.4,93.2
20260716T010311Z,25.4,93.3
20260716T010326Z,25.4,93.4
20260716T010341Z,25.4,93.3
20260716T010356Z,25.5,93.4
20260716T010411Z,25.5,93.4
20260716T010426Z,25.5,93.4
20260716T010441Z,25.5,93.4
20260716T010456Z,25.5,93.5
20260716T010511Z,25.5,93.4
20260716T010526Z,25.6,93.4
20260716T010541Z,25.6,93.4
20260716T010556Z,25.6,93.0
20260716T010611Z,25.6,91.4
20260716T010626Z,25.6,90.6
20260716T010641Z,25.5,90.2
20260716T010656Z,25.5,89.4
20260716T010711Z,25.4,88.0
20260716T010726Z,25.3,87.3
20260716T010741Z,25.3,86.5
20260716T010756Z,25.2,85.8
20260716T010811Z,25.1,85.0
20260716T010826Z,25.0,84.7
20260716T010841Z,24.9,83.4
20260716T010856Z,24.8,83.2
20260716T010911Z,24.7,82.7
20260716T010926Z,24.6,81.6
20260716T010941Z,24.5,81.2
20260716T010956Z,24.4,80.6
20260716T011011Z,24.3,80.0
20260716T011026Z,24.3,79.5
20260716T011041Z,24.2,81.3
20260716T011056Z,24.2,82.6
20260716T011111Z,24.1,84.2
20260716T011126Z,24.2,85.4
20260716T011141Z,24.2,85.7
20260716T011156Z,24.2,85.9
20260716T011211Z,24.2,86.3
20260716T011226Z,24.3,86.5
20260716T011241Z,24.3,86.7
20260716T011256Z,24.3,87.1
20260716T011311Z,24.3,87.3
20260716T011326Z,24.4,87.4
20260716T011341Z,24.4,87.5
20260716T011356Z,24.4,87.7
20260716T011411Z,24.5,88.1
20260716T011426Z,24.5,88.3
20260716T011441Z,24.6,88.6
20260716T011456Z,24.6,88.7
20260716T011511Z,24.6,88.9
20260716T011526Z,24.7,89.0
20260716T011541Z,24.7,89.3
20260716T011556Z,24.7,89.5
20260716T011611Z,24.8,89.7
20260716T011626Z,24.8,89.9
20260716T011641Z,24.8,90.1
20260716T011656Z,24.8,90.3
20260716T011711Z,24.9,90.5
20260716T011726Z,24.9,90.6
20260716T011741Z,24.9,90.7
20260716T011756Z,25.0,90.8
20260716T011811Z,25.0,91.1
20260716T011826Z,25.0,91.2
20260716T011841Z,25.0,91.4
20260716T011856Z,25.0,91.5
20260716T011911Z,25.1,91.7
20260716T011926Z,25.1,91.9
20260716T011941Z,25.1,91.8
20260716T011956Z,25.1,91.9
20260716T012011Z,25.1,92.1
20260716T012026Z,25.2,92.2
20260716T012041Z,25.2,92.3
20260716T012056Z,25.2,92.5
20260716T012111Z,25.2,92.6
20260716T012126Z,25.2,92.5
20260716T012141Z,25.3,92.7
20260716T012156Z,25.3,92.7
20260716T012211Z,25.3,92.8
20260716T012226Z,25.3,92.9
20260716T012241Z,25.3,93.0
20260716T012256Z,25.3,93.1
20260716T012311Z,25.4,93.1
20260716T012326Z,25.4,93.2
20260716T012341Z,25.4,93.3
20260716T012356Z,25.4,93.3
20260716T012411Z,25.4,93.3
20260716T012427Z,25.5,93.5
20260716T012442Z,25.5,93.4
20260716T012456Z,25.5,93.5
20260716T012511Z,25.5,93.4
20260716T012526Z,25.5,93.5
20260716T012541Z,25.5,93.6
20260716T012556Z,25.6,93.6
20260716T012611Z,25.6,93.5
20260716T012627Z,25.6,93.5
20260716T012642Z,25.6,93.0
20260716T012656Z,25.6,91.5
20260716T012711Z,25.6,91.3
20260716T012726Z,25.5,90.3
20260716T012741Z,25.5,89.6
20260716T012756Z,25.5,88.5
20260716T012811Z,25.4,87.0
20260716T012826Z,25.3,86.8
20260716T012841Z,25.2,85.2
20260716T012856Z,25.1,85.0
20260716T012911Z,25.0,84.8
20260716T012926Z,24.9,84.6
20260716T012941Z,24.8,83.2
20260716T012956Z,24.7,82.6
20260716T013011Z,24.6,81.4
20260716T013026Z,24.5,81.1
20260716T013041Z,24.5,80.8
20260716T013056Z,24.4,80.8
20260716T013111Z,24.4,80.2
20260716T013126Z,24.4,80.5
20260716T013141Z,24.3,82.1
20260716T013156Z,24.3,83.4
20260716T013211Z,24.3,84.8
20260716T013226Z,24.4,85.1
20260716T013241Z,24.4,85.2
20260716T013256Z,24.4,85.3
20260716T013311Z,24.4,85.5
20260716T013326Z,24.4,86.1
20260716T013341Z,24.5,86.2
20260716T013356Z,24.5,86.4
20260716T013411Z,24.5,86.9
20260716T013426Z,24.5,87.0
20260716T013441Z,24.6,87.3
20260716T013456Z,24.6,87.7
20260716T013511Z,24.6,88.1
20260716T013526Z,24.6,88.2
20260716T013541Z,24.6,88.6
20260716T013556Z,24.7,88.8
20260716T013611Z,24.7,89.0
20260716T013626Z,24.7,89.1
20260716T013641Z,24.8,89.3
20260716T013656Z,24.8,89.7
20260716T013711Z,24.8,89.8
20260716T013726Z,24.8,90.0
20260716T013741Z,24.9,90.1
20260716T013756Z,24.9,90.4
20260716T013811Z,24.9,90.4
20260716T013826Z,24.9,90.7
20260716T013841Z,25.0,90.9
20260716T013856Z,25.0,91.0
20260716T013911Z,25.0,91.3
20260716T013926Z,25.0,91.4
20260716T013941Z,25.0,91.5
20260716T013956Z,25.1,91.7
20260716T014011Z,25.1,91.9
20260716T014026Z,25.1,92.0
20260716T014041Z,25.1,92.0
20260716T014056Z,25.1,92.1
20260716T014111Z,25.2,92.2
20260716T014126Z,25.2,92.3
20260716T014141Z,25.2,92.4
20260716T014156Z,25.2,92.4
20260716T014211Z,25.2,92.7
20260716T014226Z,25.3,92.8
20260716T014241Z,25.3,92.8
20260716T014256Z,25.3,92.8
20260716T014311Z,25.3,93.0
20260716T014326Z,25.3,93.0
20260716T014341Z,25.4,93.1
20260716T014356Z,25.4,93.2
20260716T014411Z,25.4,93.1
20260716T014426Z,25.4,93.2
20260716T014441Z,25.4,93.2
20260716T014456Z,25.5,93.3
20260716T014511Z,25.5,93.4
20260716T014526Z,25.5,93.3
20260716T014541Z,25.5,93.4
20260716T014556Z,25.5,93.4
20260716T014611Z,25.5,93.5
20260716T014626Z,25.5,93.5
20260716T014641Z,25.6,93.4
20260716T014656Z,25.6,93.5
20260716T014711Z,25.6,93.1
20260716T014726Z,25.6,91.5
20260716T014741Z,25.6,90.9
20260716T014756Z,25.5,90.4
20260716T014811Z,25.5,89.3
20260716T014826Z,25.5,88.4
20260716T014841Z,25.4,87.5
20260716T014856Z,25.3,86.3
20260716T014911Z,25.2,86.6
20260716T014927Z,25.1,84.8
20260716T014942Z,25.0,85.4
20260716T014956Z,25.0,84.5
20260716T015011Z,24.9,83.4
20260716T015026Z,24.8,82.6
20260716T015041Z,24.8,82.2
20260716T015056Z,24.7,82.0
20260716T015111Z,24.7,80.4
20260716T015126Z,24.7,80.0
20260716T015141Z,24.6,79.2
20260716T015156Z,24.6,80.2
20260716T015211Z,24.6,81.6
20260716T015226Z,24.5,83.4
20260716T015241Z,24.5,84.3
20260716T015256Z,24.5,84.8
20260716T015311Z,24.5,85.0
20260716T015326Z,24.5,85.1
20260716T015341Z,24.5,85.4
20260716T015356Z,24.5,85.7
20260716T015411Z,24.5,85.8
20260716T015426Z,24.5,86.6
20260716T015441Z,24.6,86.8
20260716T015456Z,24.6,87.2
20260716T015511Z,24.6,87.5
20260716T015526Z,24.6,87.8
20260716T015541Z,24.6,88.1
20260716T015556Z,24.6,88.2
20260716T015611Z,24.7,88.7
20260716T015626Z,24.7,88.9
20260716T015641Z,24.7,89.1
20260716T015656Z,24.7,89.2
20260716T015711Z,24.8,89.6
20260716T015726Z,24.8,89.6
20260716T015741Z,24.8,90.0
20260716T015756Z,24.8,90.2
20260716T015811Z,24.9,90.4
20260716T015826Z,24.9,90.6
20260716T015841Z,24.9,90.6
20260716T015856Z,24.9,90.9
20260716T015911Z,24.9,91.1
20260716T015926Z,25.0,91.1
20260716T015941Z,25.0,91.5
20260716T015956Z,25.0,91.6
20260716T020011Z,25.0,91.6
20260716T020026Z,25.0,91.8
20260716T020041Z,25.1,91.8
20260716T020056Z,25.1,92.1
20260716T020111Z,25.1,92.2
20260716T020126Z,25.1,92.3
20260716T020141Z,25.1,92.4
20260716T020156Z,25.2,92.5
20260716T020211Z,25.2,92.6
20260716T020226Z,25.2,92.8
20260716T020241Z,25.2,92.8
20260716T020256Z,25.2,92.9
20260716T020311Z,25.3,92.9
20260716T020326Z,25.3,93.0
20260716T020341Z,25.3,93.1
20260716T020356Z,25.3,93.1
20260716T020411Z,25.3,93.2
20260716T020426Z,25.4,93.2
20260716T020441Z,25.4,93.3
20260716T020456Z,25.4,93.4
20260716T020511Z,25.4,93.4
20260716T020526Z,25.4,93.5
20260716T020541Z,25.5,93.5
20260716T020556Z,25.5,93.5
20260716T020611Z,25.5,93.5
20260716T020626Z,25.5,93.5
20260716T020641Z,25.5,93.6
20260716T020656Z,25.5,93.6
20260716T020712Z,25.6,93.6
20260716T020726Z,25.6,93.7
20260716T020741Z,25.6,93.7
20260716T020756Z,25.6,92.9
20260716T020811Z,25.6,92.2
20260716T020826Z,25.6,91.1
20260716T020841Z,25.5,90.5
20260716T020856Z,25.5,89.8
20260716T020911Z,25.5,89.0
20260716T020926Z,25.4,88.0
20260716T020941Z,25.3,87.2
20260716T020956Z,25.2,86.5
20260716T021011Z,25.1,85.2
20260716T021026Z,25.0,84.5
20260716T021041Z,24.9,84.3
20260716T021056Z,24.8,83.9
20260716T021111Z,24.7,84.0
20260716T021126Z,24.7,83.0
20260716T021141Z,24.7,82.3
20260716T021156Z,24.6,81.8
20260716T021211Z,24.6,80.7
20260716T021227Z,24.6,79.9
20260716T021241Z,24.6,79.6
20260716T021257Z,24.6,80.6
20260716T021311Z,24.6,82.3
20260716T021327Z,24.5,84.1
20260716T021341Z,24.5,84.6
20260716T021357Z,24.6,84.7
20260716T021411Z,24.5,85.2
20260716T021426Z,24.5,85.5
20260716T021441Z,24.5,85.7
20260716T021456Z,24.5,85.8
20260716T021511Z,24.5,86.2
20260716T021526Z,24.5,86.3
20260716T021541Z,24.6,86.8
20260716T021556Z,24.6,87.2
20260716T021611Z,24.6,87.3
20260716T021626Z,24.6,87.8
20260716T021641Z,24.7,88.2
20260716T021657Z,24.7,88.3
20260716T021711Z,24.7,88.5
20260716T021726Z,24.7,88.7
20260716T021742Z,24.7,89.0
20260716T021756Z,24.8,89.2
20260716T021812Z,24.8,89.5
20260716T021826Z,24.8,89.8
20260716T021842Z,24.8,89.9
20260716T021856Z,24.9,89.9
20260716T021912Z,24.9,90.3
20260716T021926Z,24.9,90.5
20260716T021942Z,24.9,90.6
20260716T021956Z,25.0,90.8
20260716T022012Z,25.0,91.0
20260716T022026Z,25.0,91.2
20260716T022042Z,25.0,91.3
20260716T022056Z,25.0,91.5
20260716T022112Z,25.1,91.6
20260716T022127Z,25.1,91.7
20260716T022142Z,25.1,91.9
20260716T022156Z,25.1,92.1
20260716T022212Z,25.2,92.1
20260716T022227Z,25.2,92.3
20260716T022241Z,25.2,92.4
20260716T022257Z,25.2,92.5
20260716T022311Z,25.2,92.6
20260716T022327Z,25.2,92.8
20260716T022342Z,25.2,92.8
20260716T022356Z,25.3,92.9
20260716T022412Z,25.3,93.0
20260716T022426Z,25.3,93.1
20260716T022442Z,25.3,93.1
20260716T022456Z,25.3,93.2
20260716T022512Z,25.4,93.2
20260716T022526Z,25.4,93.2
20260716T022542Z,25.4,93.3
20260716T022556Z,25.4,93.4
20260716T022612Z,25.4,93.4
20260716T022626Z,25.4,93.5
20260716T022642Z,25.5,93.5
20260716T022656Z,25.5,93.5
20260716T022712Z,25.5,93.6
20260716T022726Z,25.5,93.6
20260716T022742Z,25.5,93.6
20260716T022756Z,25.5,93.6
20260716T022812Z,25.6,93.6
20260716T022826Z,25.6,92.9
20260716T022842Z,25.6,91.7
20260716T022856Z,25.5,90.9
20260716T022912Z,25.5,90.2
20260716T022927Z,25.5,89.4
20260716T022941Z,25.4,88.7
20260716T022956Z,25.4,87.9
20260716T023011Z,25.3,86.4
20260716T023027Z,25.2,86.2
20260716T023042Z,25.1,85.7
20260716T023057Z,25.0,84.2
20260716T023111Z,24.9,84.5
20260716T023127Z,24.8,84.6
20260716T023141Z,24.8,84.0
20260716T023157Z,24.7,82.3
20260716T023211Z,24.7,81.1
20260716T023228Z,24.6,81.0
20260716T023242Z,24.6,79.8
20260716T023257Z,24.5,79.5
20260716T023311Z,24.5,80.2
20260716T023326Z,24.5,81.3
20260716T023342Z,24.4,83.1
20260716T023356Z,24.4,84.3
20260716T023412Z,24.4,84.9
20260716T023426Z,24.5,85.1
20260716T023442Z,24.5,85.2
20260716T023456Z,24.5,85.5
20260716T023512Z,24.5,85.8
20260716T023526Z,24.5,86.1
20260716T023542Z,24.5,86.4
20260716T023556Z,24.5,86.7
20260716T023611Z,24.6,87.0
20260716T023627Z,24.6,87.2
20260716T023642Z,24.6,87.7
20260716T023657Z,24.6,87.9
20260716T023712Z,24.6,88.1
20260716T023726Z,24.7,88.4
20260716T023742Z,24.7,88.7
20260716T023756Z,24.7,88.9
20260716T023812Z,24.8,89.0
20260716T023826Z,24.8,89.2
20260716T023842Z,24.8,89.4
20260716T023856Z,24.8,89.7
20260716T023912Z,24.9,90.0
20260716T023926Z,24.9,90.2
20260716T023941Z,24.9,90.3
20260716T023957Z,24.9,90.5
20260716T024011Z,24.9,90.7
20260716T024026Z,24.9,90.8
20260716T024042Z,25.0,91.0
20260716T024057Z,25.0,91.2
20260716T024111Z,25.0,91.4
20260716T024126Z,25.1,91.5
20260716T024142Z,25.1,91.5
20260716T024156Z,25.1,91.7
20260716T024212Z,25.1,91.9
20260716T024226Z,25.1,91.9
20260716T024241Z,25.1,92.1
20260716T024257Z,25.2,92.2
20260716T024312Z,25.2,92.3
20260716T024328Z,25.2,92.5
20260716T024342Z,25.2,92.6
20260716T024357Z,25.2,92.7
20260716T024411Z,25.3,92.7
20260716T024427Z,25.3,92.8
20260716T024441Z,25.3,92.9
20260716T024457Z,25.3,92.9
20260716T024511Z,25.3,93.0
20260716T024527Z,25.4,93.1
20260716T024541Z,25.4,93.1
20260716T024556Z,25.4,93.1
20260716T024611Z,25.4,93.2
20260716T024627Z,25.5,93.2
20260716T024641Z,25.5,93.2
20260716T024657Z,25.5,93.3
20260716T024711Z,25.5,93.4
20260716T024727Z,25.5,93.3
20260716T024741Z,25.6,93.4
20260716T024757Z,25.6,93.3
20260716T024811Z,25.6,93.1
20260716T024827Z,25.6,93.0
20260716T024841Z,25.6,91.4
20260716T024856Z,25.6,90.6
20260716T024912Z,25.6,89.5
20260716T024927Z,25.5,89.0
20260716T024941Z,25.5,88.3
20260716T024956Z,25.4,87.4
20260716T025012Z,25.3,86.2
20260716T025026Z,25.2,85.5
20260716T025042Z,25.1,85.9
20260716T025056Z,25.1,84.1
20260716T025112Z,25.0,83.7
20260716T025126Z,24.9,82.8
20260716T025142Z,24.8,82.4
20260716T025156Z,24.7,81.0
20260716T025212Z,24.7,81.3
20260716T025226Z,24.6,80.1
20260716T025242Z,24.5,79.5
20260716T025256Z,24.5,78.7
20260716T025311Z,24.4,80.1
20260716T025327Z,24.4,81.5
20260716T025341Z,24.3,83.3
20260716T025357Z,24.4,84.6
20260716T025411Z,24.4,84.9
20260716T025427Z,24.4,85.2
20260716T025441Z,24.4,85.3
20260716T025457Z,24.4,85.3
20260716T025511Z,24.4,85.7
20260716T025526Z,24.5,86.2
20260716T025541Z,24.5,86.3
20260716T025557Z,24.5,86.7
20260716T025611Z,24.5,86.9
20260716T025627Z,24.5,87.1
20260716T025641Z,24.6,87.2
20260716T025657Z,24.6,87.6
20260716T025712Z,24.6,87.8
20260716T025728Z,24.7,88.2
20260716T025742Z,24.7,88.3
20260716T025757Z,24.7,88.6
20260716T025811Z,24.8,88.8
20260716T025827Z,24.8,89.1
20260716T025841Z,24.8,89.2
20260716T025857Z,24.9,89.5
20260716T025911Z,24.9,89.6
20260716T025927Z,24.9,89.8
20260716T025941Z,24.9,89.9
20260716T025957Z,24.9,90.1
20260716T030011Z,25.0,90.4
20260716T030026Z,25.0,90.5
20260716T030042Z,25.0,90.5
20260716T030056Z,25.0,90.6
20260716T030112Z,25.1,90.8
20260716T030127Z,25.1,91.0
20260716T030141Z,25.1,91.1
20260716T030157Z,25.1,91.3
20260716T030212Z,25.1,91.5
20260716T030226Z,25.1,91.7
20260716T030242Z,25.2,91.6
20260716T030256Z,25.2,91.8
20260716T030312Z,25.2,92.0
20260716T030326Z,25.2,92.0
20260716T030342Z,25.2,92.1
20260716T030356Z,25.3,92.3
20260716T030412Z,25.3,92.3
20260716T030426Z,25.3,92.3
20260716T030442Z,25.3,92.4
20260716T030456Z,25.3,92.5
20260716T030511Z,25.4,92.7
20260716T030526Z,25.4,92.7
20260716T030542Z,25.4,92.7
20260716T030556Z,25.4,92.8
20260716T030612Z,25.4,92.8
20260716T030627Z,25.4,92.9
20260716T030642Z,25.5,92.9
20260716T030656Z,25.5,93.0
20260716T030712Z,25.5,93.0
20260716T030727Z,25.5,93.1
20260716T030741Z,25.5,93.1
20260716T030757Z,25.5,93.1
20260716T030811Z,25.6,93.2
20260716T030826Z,25.6,93.2
20260716T030842Z,25.6,92.9
20260716T030857Z,25.6,92.8
20260716T030912Z,25.6,91.1
20260716T030927Z,25.6,90.3
20260716T030942Z,25.5,89.8
20260716T030957Z,25.5,88.7
20260716T031012Z,25.4,87.8
20260716T031026Z,25.3,86.7
20260716T031042Z,25.3,85.3
20260716T031056Z,25.1,85.0
20260716T031112Z,25.0,84.8
20260716T031126Z,24.9,83.8
20260716T031142Z,24.8,83.6
20260716T031157Z,24.7,83.1
20260716T031211Z,24.7,82.5
20260716T031226Z,24.6,82.0
20260716T031242Z,24.6,80.2
20260716T031256Z,24.5,80.8
20260716T031312Z,24.4,80.7
20260716T031327Z,24.4,80.6
20260716T031341Z,24.4,81.9
20260716T031357Z,24.4,83.0
20260716T031411Z,24.4,84.3
20260716T031427Z,24.4,84.8
20260716T031442Z,24.4,85.0
20260716T031457Z,24.4,85.2
20260716T031512Z,24.4,85.5
20260716T031527Z,24.5,85.6
20260716T031542Z,24.5,85.8
20260716T031557Z,24.5,86.0
20260716T031612Z,24.5,86.4
20260716T031627Z,24.5,86.6
20260716T031642Z,24.6,86.9
20260716T031656Z,24.6,87.2
20260716T031712Z,24.6,87.5
20260716T031727Z,24.6,87.7
20260716T031742Z,24.7,88.0
20260716T031757Z,24.7,88.3
20260716T031812Z,24.7,88.5
20260716T031827Z,24.8,88.6
20260716T031842Z,24.8,88.8
20260716T031857Z,24.8,88.9
20260716T031912Z,24.9,89.2
20260716T031927Z,24.9,89.3
20260716T031942Z,24.9,89.5
20260716T031957Z,25.0,89.7
20260716T032012Z,25.0,89.9
20260716T032028Z,25.0,90.1
20260716T032042Z,25.0,90.1
20260716T032057Z,25.1,90.4
20260716T032112Z,25.1,90.5
20260716T032127Z,25.1,90.8
20260716T032142Z,25.1,90.9
20260716T032157Z,25.2,90.9
20260716T032212Z,25.2,91.1
20260716T032227Z,25.2,91.2
20260716T032242Z,25.2,91.3
20260716T032257Z,25.3,91.4
20260716T032312Z,25.3,91.5
20260716T032327Z,25.3,91.6
20260716T032342Z,25.4,91.7
20260716T032357Z,25.4,91.8
20260716T032412Z,25.4,91.9
20260716T032427Z,25.4,91.9
20260716T032442Z,25.5,92.0
20260716T032457Z,25.5,92.1
20260716T032512Z,25.5,92.2
20260716T032527Z,25.5,92.1
20260716T032542Z,25.6,92.2
20260716T032557Z,25.6,92.0
20260716T032612Z,25.6,92.1
20260716T032627Z,25.6,92.0
20260716T032642Z,25.6,92.1
20260716T032657Z,25.6,91.3
20260716T032712Z,25.6,91.1
20260716T032727Z,25.6,89.6
20260716T032742Z,25.6,89.1
20260716T032757Z,25.6,88.2
20260716T032812Z,25.5,86.9
20260716T032828Z,25.4,86.9
20260716T032842Z,25.4,85.7
20260716T032857Z,25.3,85.0
20260716T032912Z,25.2,84.5
20260716T032927Z,25.2,83.2
20260716T032942Z,25.1,82.3
20260716T032957Z,25.0,81.9
20260716T033012Z,24.9,81.6
20260716T033028Z,24.8,80.1
20260716T033042Z,24.7,80.5
20260716T033057Z,24.6,79.9
20260716T033112Z,24.6,79.8
20260716T033127Z,24.5,79.0
20260716T033142Z,24.5,77.9
20260716T033157Z,24.5,77.8
20260716T033212Z,24.5,79.4
20260716T033227Z,24.5,80.7
20260716T033242Z,24.5,82.3
20260716T033257Z,24.5,82.6
20260716T033312Z,24.5,82.9
20260716T033327Z,24.5,83.5
20260716T033342Z,24.5,83.6
20260716T033357Z,24.5,83.8
20260716T033412Z,24.5,84.4
20260716T033427Z,24.5,84.7
20260716T033442Z,24.6,85.0
20260716T033457Z,24.6,85.5
20260716T033512Z,24.6,85.7
20260716T033527Z,24.6,86.2
20260716T033542Z,24.7,86.4
20260716T033557Z,24.7,86.6
20260716T033612Z,24.7,86.9
20260716T033627Z,24.7,87.2
20260716T033642Z,24.8,87.4
20260716T033657Z,24.8,87.7
20260716T033712Z,24.8,87.8
20260716T033727Z,24.9,88.1
20260716T033742Z,24.9,88.1
20260716T033757Z,24.9,87.9
20260716T033812Z,24.9,88.2
20260716T033827Z,25.0,88.5
20260716T033842Z,25.0,88.6
20260716T033857Z,25.0,89.0
20260716T033912Z,25.0,89.1
20260716T033927Z,25.1,89.2
20260716T033942Z,25.1,89.4
20260716T033957Z,25.1,89.7
20260716T034012Z,25.1,89.8
20260716T034027Z,25.2,89.8
20260716T034042Z,25.2,90.0
20260716T034057Z,25.2,90.2
20260716T034112Z,25.2,90.4
20260716T034127Z,25.2,90.4
20260716T034142Z,25.3,90.4
20260716T034157Z,25.3,90.6
20260716T034212Z,25.3,90.7
20260716T034228Z,25.3,90.8
20260716T034242Z,25.4,90.8
20260716T034257Z,25.4,90.8
20260716T034312Z,25.4,91.0
20260716T034327Z,25.4,91.0
20260716T034342Z,25.5,91.1
20260716T034357Z,25.5,91.2
20260716T034412Z,25.5,91.2
20260716T034427Z,25.5,91.2
20260716T034442Z,25.6,91.3
20260716T034457Z,25.6,91.1
20260716T034512Z,25.6,90.4
20260716T034527Z,25.6,88.8
20260716T034542Z,25.6,88.2
20260716T034557Z,25.5,87.0
20260716T034612Z,25.5,86.4
20260716T034627Z,25.4,86.1
20260716T034642Z,25.4,85.1
20260716T034657Z,25.3,83.9
20260716T034712Z,25.2,82.9
20260716T034727Z,25.1,81.8
20260716T034742Z,25.0,81.5
20260716T034757Z,24.9,81.5
20260716T034812Z,24.8,81.2
20260716T034827Z,24.8,80.8
20260716T034842Z,24.8,79.8
20260716T034857Z,24.7,79.1
20260716T034912Z,24.7,78.0
20260716T034927Z,24.7,77.8
20260716T034942Z,24.6,76.6
20260716T034957Z,24.6,77.4
20260716T035012Z,24.6,78.4
20260716T035027Z,24.6,80.4
20260716T035042Z,24.6,81.4
20260716T035057Z,24.6,82.0
20260716T035112Z,24.6,82.1
20260716T035127Z,24.6,82.5
20260716T035142Z,24.6,83.0
20260716T035157Z,24.6,83.2
20260716T035212Z,24.6,83.6
20260716T035227Z,24.6,84.1
20260716T035242Z,24.6,84.3
20260716T035257Z,24.6,84.7
20260716T035312Z,24.6,85.0
20260716T035327Z,24.6,85.4
20260716T035342Z,24.7,85.5
20260716T035357Z,24.7,86.2
20260716T035412Z,24.7,86.3
20260716T035427Z,24.7,86.2
20260716T035442Z,24.7,86.8
20260716T035457Z,24.8,87.0
20260716T035512Z,24.8,87.3
20260716T035527Z,24.8,87.4
20260716T035542Z,24.8,87.5
20260716T035557Z,24.9,88.0
20260716T035612Z,24.9,88.2
20260716T035627Z,24.9,88.1
20260716T035642Z,24.9,88.4
20260716T035657Z,25.0,88.7
20260716T035712Z,25.0,88.8
20260716T035727Z,25.0,89.0
20260716T035742Z,25.0,89.1
20260716T035757Z,25.1,89.4
20260716T035812Z,25.1,89.6
20260716T035827Z,25.1,89.7
20260716T035842Z,25.1,89.8
20260716T035857Z,25.1,89.9
20260716T035912Z,25.1,90.0
20260716T035927Z,25.2,90.1
20260716T035942Z,25.2,90.3
20260716T035957Z,25.2,90.3
20260716T040012Z,25.2,90.4
20260716T040027Z,25.3,90.4
20260716T040042Z,25.3,90.5
20260716T040057Z,25.3,90.6
20260716T040112Z,25.3,90.6
20260716T040127Z,25.3,90.7
20260716T040142Z,25.4,90.8
20260716T040157Z,25.4,90.8
20260716T040212Z,25.4,90.8
20260716T040227Z,25.4,90.9
20260716T040242Z,25.5,90.8
20260716T040257Z,25.5,90.9
20260716T040312Z,25.5,91.0
20260716T040327Z,25.5,91.0
20260716T040342Z,25.5,91.0
20260716T040357Z,25.6,91.0
20260716T040412Z,25.6,90.9
20260716T040427Z,25.6,90.5
20260716T040442Z,25.6,88.9
20260716T040457Z,25.6,87.8
20260716T040512Z,25.5,87.8
20260716T040527Z,25.5,86.5
20260716T040542Z,25.4,86.0
20260716T040557Z,25.4,84.9
20260716T040612Z,25.3,83.8
20260716T040627Z,25.2,83.4
20260716T040642Z,25.1,83.0
20260716T040657Z,25.1,81.7
20260716T040712Z,25.0,81.7
20260716T040727Z,24.9,81.2
20260716T040742Z,24.9,80.1
20260716T040757Z,24.8,79.1
20260716T040812Z,24.8,78.7
20260716T040828Z,24.7,78.2
20260716T040842Z,24.7,77.0
20260716T040857Z,24.6,77.2
20260716T040912Z,24.6,78.5
20260716T040927Z,24.6,79.9
20260716T040942Z,24.6,81.8
20260716T040957Z,24.5,82.2
20260716T041012Z,24.5,82.5
20260716T041027Z,24.5,82.9
20260716T041042Z,24.5,82.9
20260716T041057Z,24.5,83.5
20260716T041112Z,24.5,83.7
20260716T041127Z,24.6,83.8
20260716T041142Z,24.6,84.4
20260716T041157Z,24.6,84.8
20260716T041212Z,24.6,85.0
20260716T041227Z,24.6,85.4
20260716T041242Z,24.6,85.6
20260716T041257Z,24.7,86.0
20260716T041312Z,24.7,86.4
20260716T041327Z,24.7,86.5
20260716T041342Z,24.7,86.9
20260716T041357Z,24.7,87.2
20260716T041412Z,24.8,87.3
20260716T041427Z,24.8,87.4
20260716T041442Z,24.8,87.6
20260716T041457Z,24.8,88.0
20260716T041512Z,24.9,88.2
20260716T041527Z,24.9,88.4
20260716T041542Z,24.9,88.6
20260716T041557Z,24.9,88.6
20260716T041612Z,25.0,88.8
20260716T041627Z,25.0,88.8
20260716T041642Z,25.0,89.0
20260716T041657Z,25.0,89.3
20260716T041712Z,25.1,89.4
20260716T041728Z,25.1,89.5
20260716T041743Z,25.1,89.6
20260716T041757Z,25.1,89.8
20260716T041812Z,25.2,89.9
20260716T041827Z,25.2,89.9
20260716T041842Z,25.2,90.0
20260716T041857Z,25.2,90.1
20260716T041912Z,25.3,90.1
20260716T041927Z,25.3,90.2
20260716T041942Z,25.3,90.3
20260716T041957Z,25.3,90.3
20260716T042012Z,25.4,90.4
20260716T042027Z,25.4,90.5
20260716T042042Z,25.5,90.5
20260716T042057Z,25.5,90.5
20260716T042112Z,25.5,90.4
20260716T042127Z,25.5,90.5
20260716T042142Z,25.6,90.5
20260716T042157Z,25.6,90.5
20260716T042212Z,25.6,90.5
20260716T042227Z,25.6,90.2
20260716T042242Z,25.6,88.2
20260716T042257Z,25.6,87.5
20260716T042312Z,25.6,87.0
20260716T042327Z,25.5,86.1
20260716T042342Z,25.5,85.2
20260716T042357Z,25.4,84.6
20260716T042412Z,25.3,83.9
20260716T042427Z,25.3,82.8
20260716T042442Z,25.2,81.7
20260716T042457Z,25.1,81.6
20260716T042512Z,25.0,81.3
20260716T042527Z,25.0,80.6
20260716T042542Z,24.9,79.8
20260716T042557Z,24.9,79.0
20260716T042612Z,24.9,78.3
20260716T042627Z,24.8,77.9
20260716T042642Z,24.8,77.2
20260716T042657Z,24.8,76.4
20260716T042712Z,24.7,75.9
20260716T042727Z,24.7,75.1
20260716T042742Z,24.7,74.9
20260716T042757Z,24.7,76.4
20260716T042812Z,24.7,78.4
20260716T042827Z,24.7,79.9
20260716T042842Z,24.7,80.2
20260716T042857Z,24.7,80.5
20260716T042912Z,24.7,80.7
20260716T042927Z,24.7,81.5
20260716T042942Z,24.7,81.9
20260716T042957Z,24.7,82.3
20260716T043012Z,24.7,82.6
20260716T043027Z,24.7,83.3
20260716T043042Z,24.7,83.6
20260716T043057Z,24.7,83.8
20260716T043112Z,24.7,84.6
20260716T043127Z,24.7,84.9
20260716T043142Z,24.8,85.1
20260716T043157Z,24.8,85.5
20260716T043212Z,24.8,85.7
20260716T043227Z,24.9,85.9
20260716T043242Z,24.9,86.3
20260716T043257Z,24.9,86.5
20260716T043312Z,24.9,86.7
20260716T043327Z,25.0,87.0
20260716T043342Z,25.0,87.3
20260716T043357Z,25.0,87.4
20260716T043412Z,25.0,87.5
20260716T043427Z,25.1,87.8
20260716T043442Z,25.1,88.0
20260716T043457Z,25.1,88.2
20260716T043512Z,25.1,88.3
20260716T043527Z,25.2,88.6
20260716T043542Z,25.2,88.7
20260716T043557Z,25.2,88.9
20260716T043612Z,25.3,89.0
20260716T043627Z,25.3,89.1
20260716T043642Z,25.3,89.3
20260716T043657Z,25.3,89.5
20260716T043712Z,25.3,89.7
20260716T043727Z,25.4,89.7
20260716T043742Z,25.4,89.7
20260716T043757Z,25.4,89.8
20260716T043812Z,25.4,90.0
20260716T043827Z,25.5,90.1
20260716T043842Z,25.5,90.0
20260716T043857Z,25.5,90.0
20260716T043912Z,25.5,90.2
20260716T043927Z,25.6,90.2
20260716T043942Z,25.6,90.3
20260716T043957Z,25.6,90.3
20260716T044012Z,25.6,90.0
20260716T044027Z,25.7,88.3
20260716T044042Z,25.6,87.5
20260716T044057Z,25.6,86.8
20260716T044112Z,25.6,85.7
20260716T044127Z,25.5,85.1
20260716T044142Z,25.4,84.5
20260716T044157Z,25.4,83.1
20260716T044212Z,25.3,82.7
20260716T044227Z,25.2,82.0
20260716T044242Z,25.1,81.9
20260716T044257Z,25.1,80.7
20260716T044312Z,25.0,80.5
20260716T044327Z,25.0,79.9
20260716T044342Z,25.0,79.1
20260716T044357Z,25.0,77.9
20260716T044412Z,24.9,77.3
20260716T044427Z,24.9,75.2
20260716T044442Z,24.8,75.7
20260716T044457Z,24.7,75.2
20260716T044512Z,24.7,74.5
20260716T044527Z,24.6,73.7
20260716T044542Z,24.6,73.5
20260716T044557Z,24.5,74.9
20260716T044612Z,24.5,76.6
20260716T044627Z,24.5,78.4
20260716T044642Z,24.5,79.0
20260716T044657Z,24.5,79.7
20260716T044712Z,24.5,79.9
20260716T044727Z,24.5,80.3
20260716T044742Z,24.5,81.0
20260716T044757Z,24.6,81.1
20260716T044812Z,24.6,81.9
20260716T044827Z,24.6,82.3
20260716T044842Z,24.6,82.6
20260716T044857Z,24.7,82.8
20260716T044912Z,24.7,83.2
20260716T044927Z,24.7,83.7
20260716T044942Z,24.7,84.1
20260716T044957Z,24.8,84.4
20260716T045012Z,24.8,84.6
20260716T045027Z,24.8,84.9
20260716T045042Z,24.9,85.1
20260716T045057Z,24.9,85.4
20260716T045112Z,24.9,85.7
20260716T045127Z,25.0,86.1
20260716T045142Z,25.0,86.3
20260716T045157Z,25.0,86.4
20260716T045212Z,25.1,86.6
20260716T045227Z,25.1,86.9
20260716T045242Z,25.1,87.1
20260716T045257Z,25.1,87.4
20260716T045312Z,25.2,87.5
20260716T045327Z,25.2,87.8
20260716T045342Z,25.2,88.0
20260716T045357Z,25.2,88.0
20260716T045412Z,25.2,88.3
20260716T045427Z,25.3,88.3
20260716T045442Z,25.3,88.5
20260716T045457Z,25.3,88.6
20260716T045512Z,25.4,88.7
20260716T045527Z,25.4,88.9
20260716T045542Z,25.4,88.9
20260716T045557Z,25.4,89.1
20260716T045612Z,25.5,89.2
20260716T045627Z,25.5,89.2
20260716T045642Z,25.5,89.3
20260716T045657Z,25.6,89.5
20260716T045712Z,25.6,89.5
20260716T045727Z,25.6,89.5
20260716T045742Z,25.6,89.6
20260716T045757Z,25.6,89.0
20260716T045812Z,25.7,87.9
20260716T045827Z,25.6,86.7
20260716T045842Z,25.6,85.8
20260716T045857Z,25.6,85.0
20260716T045912Z,25.5,83.9
20260716T045927Z,25.4,83.3
20260716T045942Z,25.3,83.1
20260716T045957Z,25.3,82.6
20260716T050012Z,25.2,81.5
20260716T050027Z,25.2,81.0
20260716T050042Z,25.1,80.3
20260716T050057Z,25.0,80.0
20260716T050112Z,25.0,79.4
20260716T050127Z,25.0,77.9
20260716T050142Z,24.9,77.3
20260716T050157Z,24.9,76.5
20260716T050212Z,24.9,75.9
20260716T050227Z,24.8,75.1
20260716T050242Z,24.7,74.5
20260716T050257Z,24.7,73.6
20260716T050312Z,24.6,73.1
20260716T050327Z,24.6,73.2
20260716T050342Z,24.6,75.2
20260716T050357Z,24.6,76.7
20260716T050412Z,24.6,78.3
20260716T050427Z,24.6,78.8
20260716T050442Z,24.6,79.3
20260716T050457Z,24.6,79.6
20260716T050512Z,24.6,80.0
20260716T050527Z,24.6,80.5
20260716T050542Z,24.6,80.8
20260716T050557Z,24.6,81.4
20260716T050612Z,24.6,81.7
20260716T050627Z,24.7,82.3
20260716T050642Z,24.7,82.5
20260716T050657Z,24.7,82.9
20260716T050712Z,24.7,83.2
20260716T050727Z,24.8,83.6
20260716T050742Z,24.8,84.0
20260716T050757Z,24.8,84.2
20260716T050812Z,24.8,84.5
20260716T050827Z,24.9,84.7
20260716T050842Z,24.9,84.9
20260716T050857Z,24.9,85.2
20260716T050912Z,25.0,85.5
20260716T050927Z,25.0,85.8
20260716T050942Z,25.0,86.0
20260716T050957Z,25.0,86.2
20260716T051012Z,25.1,86.3
20260716T051027Z,25.1,86.6
20260716T051042Z,25.1,86.7
20260716T051057Z,25.2,86.9
20260716T051112Z,25.2,87.0
20260716T051127Z,25.2,87.1
20260716T051142Z,25.2,87.1
20260716T051157Z,25.3,87.3
20260716T051212Z,25.3,87.6
20260716T051227Z,25.3,87.7
20260716T051242Z,25.3,87.8
20260716T051257Z,25.3,88.0
20260716T051312Z,25.4,88.0
20260716T051327Z,25.4,88.1
20260716T051342Z,25.4,88.2
20260716T051357Z,25.4,88.4
20260716T051412Z,25.4,88.4
20260716T051427Z,25.5,88.5
20260716T051442Z,25.5,88.6
20260716T051457Z,25.5,88.7
20260716T051512Z,25.5,88.7
20260716T051527Z,25.5,88.8
20260716T051542Z,25.6,88.8
20260716T051557Z,25.6,88.9
20260716T051612Z,25.6,88.1
20260716T051627Z,25.6,87.1
20260716T051642Z,25.6,86.1
20260716T051657Z,25.6,85.8
20260716T051712Z,25.5,85.0
20260716T051727Z,25.5,84.3
20260716T051742Z,25.4,83.2
20260716T051757Z,25.3,83.0
20260716T051812Z,25.3,81.8
20260716T051827Z,25.3,81.1
20260716T051842Z,25.2,79.6
20260716T051857Z,25.1,79.2
20260716T051912Z,25.0,78.4
20260716T051926Z,24.9,78.2
20260716T051942Z,24.8,77.5
20260716T051957Z,24.8,77.7
20260716T052012Z,24.8,76.6
20260716T052027Z,24.8,76.1
20260716T052042Z,24.8,75.5
20260716T052057Z,24.7,74.8
20260716T052112Z,24.7,73.9
20260716T052127Z,24.7,73.4
20260716T052142Z,24.7,72.8
20260716T052157Z,24.6,74.8
20260716T052212Z,24.6,76.7
20260716T052227Z,24.6,77.9
20260716T052242Z,24.6,78.8
20260716T052257Z,24.6,78.8
20260716T052312Z,24.6,79.3
20260716T052327Z,24.6,79.6
20260716T052342Z,24.6,80.2
20260716T052357Z,24.6,80.6
20260716T052412Z,24.6,81.1
20260716T052427Z,24.7,81.4
20260716T052442Z,24.7,82.0
20260716T052457Z,24.7,82.3
20260716T052512Z,24.7,82.5
20260716T052527Z,24.8,83.0
20260716T052542Z,24.8,83.3
20260716T052557Z,24.8,83.7
20260716T052612Z,24.8,84.0
20260716T052627Z,24.9,84.3
20260716T052642Z,24.9,84.5
20260716T052657Z,24.9,85.0
20260716T052712Z,25.0,85.2
20260716T052727Z,25.0,85.2
20260716T052742Z,25.0,85.5
20260716T052757Z,25.0,85.7
20260716T052812Z,25.1,86.0
20260716T052827Z,25.1,86.2
20260716T052842Z,25.1,86.5
20260716T052857Z,25.2,86.6
20260716T052912Z,25.2,86.8
20260716T052927Z,25.2,86.8
20260716T052942Z,25.3,87.1
20260716T052957Z,25.3,87.3
20260716T053012Z,25.3,87.3
20260716T053027Z,25.3,87.5
20260716T053042Z,25.4,87.8
20260716T053057Z,25.4,87.8
20260716T053112Z,25.4,88.0
20260716T053127Z,25.4,88.0
20260716T053142Z,25.5,88.1
20260716T053157Z,25.5,88.3
20260716T053212Z,25.5,88.4
20260716T053227Z,25.6,88.3
20260716T053242Z,25.6,88.4
20260716T053257Z,25.6,88.6
20260716T053312Z,25.6,88.6
20260716T053327Z,25.7,87.6
20260716T053342Z,25.7,87.4
20260716T053357Z,25.7,85.7
20260716T053412Z,25.6,84.6
20260716T053427Z,25.6,84.0
20260716T053442Z,25.5,83.6
20260716T053457Z,25.5,83.3
20260716T053512Z,25.4,82.6
20260716T053527Z,25.4,81.9
20260716T053542Z,25.3,81.4
20260716T053557Z,25.3,80.8
20260716T053612Z,25.3,80.1
20260716T053627Z,25.2,79.2
20260716T053642Z,25.2,78.1
20260716T053657Z,25.2,77.1
20260716T053712Z,25.1,76.6
20260716T053727Z,25.1,75.8
20260716T053742Z,25.0,75.5
20260716T053757Z,25.0,75.0
20260716T053812Z,25.0,74.0
20260716T053827Z,24.9,73.9
20260716T053842Z,24.9,73.0
20260716T053857Z,24.8,72.0
20260716T053912Z,24.8,71.2
20260716T053927Z,24.8,72.0
20260716T053942Z,24.7,74.1
20260716T053957Z,24.7,76.2
20260716T054012Z,24.7,77.0
20260716T054027Z,24.7,77.5
20260716T054042Z,24.7,77.8
20260716T054057Z,24.7,78.3
20260716T054112Z,24.7,78.7
20260716T054127Z,24.7,79.2
20260716T054142Z,24.7,79.8
20260716T054157Z,24.7,80.2
20260716T054212Z,24.8,80.8
20260716T054227Z,24.8,81.1
20260716T054242Z,24.8,81.4
20260716T054257Z,24.8,82.0
20260716T054312Z,24.8,82.2
20260716T054327Z,24.8,82.6
20260716T054342Z,24.9,82.9
20260716T054357Z,24.9,83.1
20260716T054412Z,24.9,83.5
20260716T054427Z,25.0,83.8
20260716T054442Z,25.0,84.1
20260716T054457Z,25.0,84.4
20260716T054512Z,25.0,84.6
20260716T054527Z,25.1,84.8
20260716T054542Z,25.1,85.2
20260716T054557Z,25.1,85.2
20260716T054612Z,25.2,85.2
20260716T054627Z,25.2,85.2
20260716T054642Z,25.2,85.5
20260716T054657Z,25.3,85.7
20260716T054712Z,25.3,85.8
20260716T054727Z,25.3,85.8
20260716T054742Z,25.3,86.0
20260716T054757Z,25.4,86.1
20260716T054812Z,25.4,86.3
20260716T054827Z,25.4,86.4
20260716T054842Z,25.5,86.6
20260716T054857Z,25.5,86.7
20260716T054912Z,25.5,86.8
20260716T054927Z,25.5,87.0
20260716T054942Z,25.6,87.1
20260716T054957Z,25.6,87.2
20260716T055012Z,25.6,87.2
20260716T055027Z,25.6,87.3
20260716T055042Z,25.6,87.4
20260716T055057Z,25.7,86.7
20260716T055112Z,25.7,85.6
20260716T055127Z,25.7,84.4
20260716T055142Z,25.6,84.0
20260716T055157Z,25.6,82.8
20260716T055212Z,25.5,82.6
20260716T055227Z,25.5,81.6
20260716T055242Z,25.4,80.8
20260716T055257Z,25.4,80.6
20260716T055312Z,25.3,79.6
20260716T055327Z,25.2,79.9
20260716T055342Z,25.2,78.8
20260716T055357Z,25.1,78.0
20260716T055412Z,25.1,77.8
20260716T055427Z,25.1,76.9
20260716T055442Z,25.1,75.7
20260716T055457Z,25.0,75.4
20260716T055512Z,25.0,74.4
20260716T055527Z,24.9,74.2
20260716T055542Z,24.9,73.6
20260716T055557Z,24.9,72.7
20260716T055612Z,24.8,71.6
20260716T055627Z,24.8,71.0
20260716T055642Z,24.7,70.5
20260716T055657Z,24.7,71.4
20260716T055712Z,24.7,73.2
20260716T055727Z,24.6,75.1
20260716T055742Z,24.7,76.4
20260716T055757Z,24.7,76.5
20260716T055812Z,24.7,76.9
20260716T055827Z,24.7,77.6
20260716T055842Z,24.7,78.2
20260716T055857Z,24.7,78.4
20260716T055912Z,24.7,79.0
20260716T055927Z,24.7,79.4
20260716T055942Z,24.7,79.7
20260716T055957Z,24.7,80.2
20260716T060012Z,24.8,80.7
20260716T060027Z,24.8,81.1
20260716T060042Z,24.8,81.4
20260716T060057Z,24.8,81.9
20260716T060112Z,24.8,82.2
20260716T060127Z,24.9,82.4
20260716T060142Z,24.9,82.7
20260716T060157Z,24.9,83.2
20260716T060212Z,25.0,83.4
20260716T060227Z,25.0,83.6
20260716T060242Z,25.0,83.8
20260716T060257Z,25.1,84.2
20260716T060312Z,25.1,84.4
20260716T060327Z,25.1,84.6
20260716T060342Z,25.2,84.7
20260716T060357Z,25.2,85.0
20260716T060412Z,25.2,84.9
20260716T060427Z,25.2,85.4
20260716T060442Z,25.3,85.6
20260716T060457Z,25.3,85.7
20260716T060512Z,25.3,86.0
20260716T060527Z,25.3,86.1
20260716T060542Z,25.4,86.2
20260716T060557Z,25.4,86.3
20260716T060612Z,25.4,86.5
20260716T060627Z,25.5,86.6
20260716T060642Z,25.5,86.6
20260716T060657Z,25.5,86.8
20260716T060712Z,25.5,86.8
20260716T060727Z,25.6,87.0
20260716T060742Z,25.6,87.1
20260716T060757Z,25.6,87.2
20260716T060812Z,25.7,87.2
20260716T060827Z,25.7,86.6
20260716T060842Z,25.7,85.6
20260716T060857Z,25.7,83.8
20260716T060912Z,25.7,83.3
20260716T060927Z,25.6,82.2
20260716T060942Z,25.6,81.3
20260716T060957Z,25.5,81.4
20260716T061012Z,25.5,80.7
20260716T061027Z,25.5,79.6
20260716T061043Z,25.4,79.0
20260716T061057Z,25.4,77.9
20260716T061113Z,25.4,77.0
20260716T061127Z,25.3,76.4
20260716T061143Z,25.3,75.3
20260716T061157Z,25.3,74.5
20260716T061212Z,25.2,73.3
20260716T061227Z,25.2,73.0
20260716T061242Z,25.1,72.7
20260716T061257Z,25.1,71.3
20260716T061312Z,25.0,71.4
20260716T061328Z,25.0,70.8
20260716T061343Z,24.9,70.8
20260716T061358Z,24.9,71.8
20260716T061412Z,24.8,73.5
20260716T061428Z,24.8,75.2
20260716T061442Z,24.8,76.0
20260716T061458Z,24.8,76.6
20260716T061512Z,24.8,76.8
20260716T061528Z,24.8,77.1
20260716T061542Z,24.8,77.9
20260716T061558Z,24.8,78.3
20260716T061612Z,24.8,78.6
20260716T061627Z,24.8,79.1
20260716T061642Z,24.8,79.3
20260716T061657Z,24.9,79.7
20260716T061712Z,24.9,79.6
20260716T061728Z,24.9,80.0
20260716T061742Z,24.9,80.4
20260716T061758Z,25.0,80.9
20260716T061812Z,25.0,81.2
20260716T061828Z,25.0,81.5
20260716T061842Z,25.0,81.8
20260716T061858Z,25.0,82.3
20260716T061912Z,25.1,82.5
20260716T061928Z,25.1,82.8
20260716T061942Z,25.1,83.2
20260716T061958Z,25.1,83.3
20260716T062013Z,25.1,83.7
20260716T062027Z,25.2,83.9
20260716T062043Z,25.2,84.2
20260716T062057Z,25.2,84.3
20260716T062113Z,25.2,84.6
20260716T062127Z,25.2,84.8
20260716T062143Z,25.3,85.0
20260716T062157Z,25.3,85.0
20260716T062213Z,25.3,85.0
20260716T062227Z,25.3,85.1
20260716T062242Z,25.4,85.3
20260716T062257Z,25.4,85.4
20260716T062313Z,25.4,85.5
20260716T062328Z,25.5,85.5
20260716T062342Z,25.5,85.6
20260716T062358Z,25.5,85.8
20260716T062412Z,25.6,86.0
20260716T062428Z,25.6,86.0
20260716T062442Z,25.6,86.1
20260716T062458Z,25.7,86.1
20260716T062512Z,25.7,86.2
20260716T062528Z,25.7,85.4
20260716T062542Z,25.7,84.7
20260716T062558Z,25.7,83.4
20260716T062612Z,25.7,83.3
20260716T062627Z,25.7,81.8
20260716T062642Z,25.6,81.4
20260716T062658Z,25.6,80.5
20260716T062712Z,25.5,80.3
20260716T062728Z,25.4,79.3
20260716T062742Z,25.4,78.8
20260716T062758Z,25.3,78.6
20260716T062812Z,25.3,78.1
20260716T062828Z,25.3,76.9
20260716T062842Z,25.2,76.6
20260716T062858Z,25.2,75.8
20260716T062913Z,25.2,74.6
20260716T062927Z,25.1,74.2
20260716T062942Z,25.1,73.2
20260716T062958Z,25.1,72.3
20260716T063012Z,25.0,72.1
20260716T063028Z,25.0,71.5
20260716T063042Z,25.0,70.9
20260716T063058Z,24.9,70.4
20260716T063112Z,24.8,69.6
20260716T063128Z,24.8,69.8
20260716T063142Z,24.7,72.0
20260716T063158Z,24.7,73.9
20260716T063212Z,24.8,75.1
20260716T063228Z,24.8,75.5
20260716T063243Z,24.8,76.4
20260716T063258Z,24.8,76.6
20260716T063313Z,24.8,77.0
20260716T063327Z,24.8,77.7
20260716T063343Z,24.8,78.4
20260716T063357Z,24.8,78.6
20260716T063413Z,24.8,78.9
20260716T063427Z,24.8,79.5
20260716T063442Z,24.9,80.1
20260716T063458Z,24.9,80.4
20260716T063512Z,24.9,80.8
20260716T063527Z,24.9,80.9
20260716T063542Z,25.0,81.4
20260716T063557Z,25.0,81.9
20260716T063612Z,25.0,82.1
20260716T063628Z,25.0,82.3
20260716T063642Z,25.0,82.8
20260716T063658Z,25.1,83.0
20260716T063712Z,25.1,83.4
20260716T063728Z,25.1,83.6
20260716T063742Z,25.2,83.7
20260716T063758Z,25.2,84.0
20260716T063812Z,25.2,84.4
20260716T063828Z,25.3,84.5
20260716T063842Z,25.3,84.7
20260716T063857Z,25.3,84.9
20260716T063913Z,25.3,85.1
20260716T063927Z,25.4,85.3
20260716T063943Z,25.4,85.4
20260716T063957Z,25.4,85.6
20260716T064013Z,25.5,85.7
20260716T064027Z,25.5,85.9
20260716T064044Z,25.5,86.1
20260716T064058Z,25.5,86.2
20260716T064113Z,25.6,86.2
20260716T064127Z,25.6,86.4
20260716T064143Z,25.6,86.4
20260716T064157Z,25.7,86.5
20260716T064213Z,25.7,86.4
20260716T064228Z,25.7,86.3
20260716T064242Z,25.7,84.0
20260716T064258Z,25.7,83.7
20260716T064312Z,25.7,82.4
20260716T064328Z,25.6,82.1
20260716T064343Z,25.6,81.5
20260716T064357Z,25.5,80.4
20260716T064413Z,25.4,79.9
20260716T064427Z,25.4,79.6
20260716T064443Z,25.3,78.8
20260716T064457Z,25.3,78.2
20260716T064512Z,25.2,77.2
20260716T064528Z,25.2,77.1
20260716T064542Z,25.2,76.0
20260716T064558Z,25.1,75.5
20260716T064612Z,25.1,74.7
20260716T064628Z,25.1,73.6
20260716T064642Z,25.1,73.3
20260716T064658Z,25.0,72.4
20260716T064712Z,25.0,72.4
20260716T064728Z,24.9,71.1
20260716T064743Z,24.9,70.4
20260716T064757Z,24.9,69.6
20260716T064812Z,24.8,69.7
20260716T064828Z,24.8,71.6
20260716T064843Z,24.8,73.6
20260716T064857Z,24.8,74.9
20260716T064913Z,24.8,75.4
20260716T064927Z,24.7,75.9
20260716T064943Z,24.7,76.3
20260716T064957Z,24.7,76.9
20260716T065013Z,24.8,77.3
20260716T065027Z,24.8,77.9
20260716T065043Z,24.8,78.3
20260716T065057Z,24.8,78.8
20260716T065113Z,24.8,79.3
20260716T065127Z,24.9,79.6
20260716T065142Z,24.9,79.8
20260716T065157Z,24.9,80.4
20260716T065213Z,24.9,80.6
20260716T065227Z,25.0,81.1
20260716T065243Z,25.0,81.4
20260716T065257Z,25.0,81.7
20260716T065313Z,25.0,82.0
20260716T065327Z,25.1,82.4
20260716T065343Z,25.1,82.7
20260716T065357Z,25.1,82.9
20260716T065413Z,25.1,83.3
20260716T065427Z,25.2,83.5
20260716T065442Z,25.2,83.7
20260716T065458Z,25.2,83.9
20260716T065512Z,25.2,84.2
20260716T065528Z,25.3,84.5
20260716T065542Z,25.3,84.6
20260716T065558Z,25.3,84.8
20260716T065612Z,25.3,85.0
20260716T065628Z,25.4,85.1
20260716T065642Z,25.4,85.4
20260716T065658Z,25.4,85.4
20260716T065712Z,25.5,85.6
20260716T065728Z,25.5,85.8
20260716T065742Z,25.5,85.8
20260716T065758Z,25.5,86.0
20260716T065813Z,25.6,86.1
20260716T065827Z,25.6,86.2
20260716T065842Z,25.6,86.2
20260716T065858Z,25.7,86.3
20260716T065912Z,25.7,86.2
20260716T065928Z,25.7,86.0
20260716T065943Z,25.7,84.1
20260716T065957Z,25.7,83.0
20260716T070013Z,25.7,82.6
20260716T070028Z,25.6,82.2
20260716T070042Z,25.6,81.3
20260716T070058Z,25.5,80.7
20260716T070112Z,25.5,79.9
20260716T070128Z,25.4,79.1
20260716T070143Z,25.4,78.8
20260716T070158Z,25.3,78.2
20260716T070212Z,25.3,77.6
20260716T070228Z,25.2,76.8
20260716T070242Z,25.2,75.4
20260716T070258Z,25.1,74.7
20260716T070312Z,25.1,73.8
20260716T070328Z,25.1,74.0
20260716T070342Z,25.0,73.2
20260716T070358Z,25.0,72.5
20260716T070412Z,25.0,71.8
20260716T070427Z,25.0,71.1
20260716T070443Z,24.9,70.2
20260716T070458Z,24.9,70.0
20260716T070512Z,24.8,70.0
20260716T070528Z,24.8,72.1
20260716T070542Z,24.8,73.6
20260716T070558Z,24.8,75.0
20260716T070612Z,24.8,75.7
20260716T070628Z,24.8,75.8
20260716T070642Z,24.8,76.6
20260716T070658Z,24.8,76.7
20260716T070713Z,24.8,77.4
20260716T070728Z,24.8,78.0
20260716T070743Z,24.8,78.4
20260716T070758Z,24.8,78.8
20260716T070813Z,24.9,79.2
20260716T070828Z,24.9,79.6
20260716T070842Z,24.9,79.9
20260716T070858Z,24.9,80.5
20260716T070912Z,24.9,80.8
20260716T070928Z,25.0,81.2
20260716T070942Z,25.0,81.5
20260716T070958Z,25.0,81.8
20260716T071012Z,25.0,82.1
20260716T071028Z,25.1,82.3
20260716T071043Z,25.1,82.6
20260716T071058Z,25.1,82.9
20260716T071113Z,25.1,83.2
20260716T071128Z,25.2,83.5
20260716T071143Z,25.2,83.5
20260716T071158Z,25.2,84.0
20260716T071213Z,25.3,84.2
20260716T071228Z,25.3,84.3
20260716T071243Z,25.3,84.6
20260716T071257Z,25.3,84.8
20260716T071313Z,25.4,84.5
20260716T071328Z,25.4,84.3
20260716T071343Z,25.4,84.6
20260716T071358Z,25.5,84.5
20260716T071413Z,25.5,84.3
20260716T071428Z,25.5,84.5
20260716T071443Z,25.5,84.6
20260716T071458Z,25.6,84.7
20260716T071513Z,25.6,84.9
20260716T071528Z,25.6,85.0
20260716T071543Z,25.6,85.0
20260716T071558Z,25.7,85.3
20260716T071613Z,25.7,85.3
20260716T071628Z,25.7,85.3
20260716T071643Z,25.8,84.8
20260716T071658Z,25.8,83.7
20260716T071713Z,25.7,82.6
20260716T071728Z,25.7,82.2
20260716T071743Z,25.7,81.4
20260716T071758Z,25.6,80.8
20260716T071813Z,25.6,79.9
20260716T071828Z,25.5,79.1
20260716T071843Z,25.5,78.7
20260716T071858Z,25.4,78.1
20260716T071913Z,25.3,77.6
20260716T071928Z,25.3,77.0
20260716T071943Z,25.3,76.6
20260716T071958Z,25.3,75.7
20260716T072013Z,25.2,74.5
20260716T072028Z,25.2,73.4
20260716T072043Z,25.1,72.7
20260716T072058Z,25.1,72.7
20260716T072113Z,25.1,71.8
20260716T072128Z,25.0,71.0
20260716T072143Z,25.0,70.1
20260716T072158Z,24.9,69.8
20260716T072213Z,24.9,69.4
20260716T072228Z,24.9,68.7
20260716T072243Z,24.8,69.2
20260716T072258Z,24.8,71.7
20260716T072313Z,24.8,73.3
20260716T072328Z,24.8,74.4
20260716T072343Z,24.8,74.6
20260716T072358Z,24.8,75.0
20260716T072413Z,24.8,75.8
20260716T072428Z,24.8,76.2
20260716T072443Z,24.8,76.7
20260716T072458Z,24.8,77.2
20260716T072513Z,24.8,77.5
20260716T072528Z,24.9,78.2
20260716T072543Z,24.9,78.6
20260716T072558Z,24.9,79.1
20260716T072613Z,24.9,79.4
20260716T072628Z,24.9,79.7
20260716T072643Z,25.0,80.0
20260716T072658Z,25.0,80.4
20260716T072713Z,25.0,80.8
20260716T072728Z,25.0,81.1
20260716T072743Z,25.1,81.4
20260716T072758Z,25.1,81.7
20260716T072813Z,25.1,82.1
20260716T072828Z,25.1,82.3
20260716T072843Z,25.2,82.6
20260716T072858Z,25.2,82.8
20260716T072913Z,25.2,83.2
20260716T072928Z,25.2,83.4
20260716T072943Z,25.3,83.6
20260716T072958Z,25.3,83.8
20260716T073013Z,25.3,84.0
20260716T073028Z,25.4,84.2
20260716T073043Z,25.4,84.2
20260716T073058Z,25.4,84.4
20260716T073113Z,25.4,84.6
20260716T073128Z,25.5,84.7
20260716T073143Z,25.5,84.8
20260716T073158Z,25.5,85.0
20260716T073213Z,25.6,85.0
20260716T073228Z,25.6,85.0
20260716T073243Z,25.6,85.1
20260716T073258Z,25.7,85.2
20260716T073313Z,25.7,85.3
20260716T073328Z,25.7,85.4
20260716T073343Z,25.8,84.6
20260716T073358Z,25.8,84.2
20260716T073413Z,25.7,82.7
20260716T073428Z,25.7,82.2
20260716T073443Z,25.7,81.3
20260716T073458Z,25.7,80.9
20260716T073513Z,25.6,79.8
20260716T073528Z,25.6,79.5
20260716T073543Z,25.5,79.0
20260716T073558Z,25.4,77.9
20260716T073613Z,25.4,77.0
20260716T073628Z,25.4,76.7
20260716T073643Z,25.3,76.5
20260716T073658Z,25.3,75.7
20260716T073713Z,25.3,74.1
20260716T073728Z,25.2,73.7
20260716T073743Z,25.2,72.5
20260716T073758Z,25.1,71.8
20260716T073813Z,25.1,72.0
20260716T073828Z,25.0,70.7
20260716T073843Z,25.0,70.3
20260716T073858Z,24.9,69.8
20260716T073913Z,24.9,69.4
20260716T073928Z,24.9,69.1
20260716T073943Z,24.8,71.2
20260716T073958Z,24.8,72.7
20260716T074013Z,24.8,74.3
20260716T074028Z,24.8,74.9
20260716T074043Z,24.8,75.3
20260716T074058Z,24.8,75.8
20260716T074113Z,24.8,76.2
20260716T074128Z,24.8,76.8
20260716T074143Z,24.8,77.3
20260716T074158Z,24.8,77.8
20260716T074213Z,24.8,77.9
20260716T074228Z,24.8,78.5
20260716T074243Z,24.9,78.7
20260716T074258Z,24.9,79.0
20260716T074313Z,24.9,79.5
20260716T074328Z,24.9,80.1
20260716T074343Z,24.9,80.3
20260716T074358Z,25.0,80.6
20260716T074413Z,25.0,80.9
20260716T074428Z,25.0,81.1
20260716T074443Z,25.1,81.5
20260716T074458Z,25.1,81.8
20260716T074513Z,25.1,82.1
20260716T074528Z,25.1,82.3
20260716T074543Z,25.1,82.7
20260716T074558Z,25.2,82.8
20260716T074613Z,25.2,83.0
20260716T074628Z,25.2,83.3
20260716T074643Z,25.2,83.5
20260716T074658Z,25.3,83.8
20260716T074713Z,25.3,83.9
20260716T074728Z,25.3,84.2
20260716T074743Z,25.3,84.3
20260716T074758Z,25.4,84.5
20260716T074813Z,25.4,84.5
20260716T074828Z,25.4,84.7
20260716T074843Z,25.4,84.8
20260716T074858Z,25.5,85.0
20260716T074913Z,25.5,85.0
20260716T074928Z,25.5,85.2
20260716T074943Z,25.6,85.3
20260716T074958Z,25.6,85.4
20260716T075013Z,25.6,85.4
20260716T075028Z,25.6,85.4
20260716T075043Z,25.7,85.4
20260716T075058Z,25.7,85.5
20260716T075113Z,25.7,85.0
20260716T075128Z,25.7,83.5
20260716T075143Z,25.7,82.5
20260716T075158Z,25.7,82.0
20260716T075213Z,25.6,81.4
20260716T075228Z,25.6,80.8
20260716T075243Z,25.5,80.4
20260716T075258Z,25.5,79.5
20260716T075313Z,25.5,79.1
20260716T075328Z,25.4,78.5
20260716T075343Z,25.4,77.7
20260716T075358Z,25.4,76.7
20260716T075413Z,25.4,76.0
20260716T075428Z,25.3,74.7
20260716T075443Z,25.3,73.6
20260716T075458Z,25.2,73.1
20260716T075513Z,25.2,72.8
20260716T075528Z,25.1,72.4
20260716T075543Z,25.1,71.2
20260716T075558Z,25.0,70.5
20260716T075613Z,24.9,70.1
20260716T075628Z,24.9,70.2
20260716T075643Z,24.9,72.1
20260716T075658Z,24.9,74.2
20260716T075713Z,24.9,75.2
20260716T075728Z,24.9,76.1
20260716T075743Z,24.9,76.2
20260716T075758Z,24.9,76.6
20260716T075813Z,24.9,77.3
20260716T075828Z,24.9,77.4
20260716T075843Z,24.9,77.8
20260716T075858Z,24.9,78.5
20260716T075913Z,24.9,78.9
20260716T075928Z,24.9,79.2
20260716T075943Z,24.9,79.8
20260716T075958Z,24.9,80.2
20260716T080013Z,24.9,80.5
20260716T080028Z,25.0,81.0
20260716T080043Z,25.0,81.2
20260716T080058Z,25.0,81.6
20260716T080113Z,25.0,81.9
20260716T080128Z,25.0,82.2
20260716T080143Z,25.1,82.5
20260716T080158Z,25.1,82.7
20260716T080213Z,25.1,83.0
20260716T080228Z,25.2,83.1
20260716T080243Z,25.2,83.3
20260716T080258Z,25.2,83.6
20260716T080313Z,25.3,83.8
20260716T080328Z,25.3,84.1
20260716T080343Z,25.3,84.2
20260716T080358Z,25.3,84.4
20260716T080413Z,25.4,84.6
20260716T080428Z,25.4,84.6
20260716T080443Z,25.4,84.8
20260716T080458Z,25.4,84.8
20260716T080513Z,25.5,85.1
20260716T080528Z,25.5,85.2
20260716T080543Z,25.5,85.2
20260716T080558Z,25.6,85.4
20260716T080613Z,25.6,85.4
20260716T080628Z,25.6,85.5
20260716T080643Z,25.7,85.6
20260716T080658Z,25.7,85.5
20260716T080713Z,25.7,85.7
20260716T080728Z,25.7,84.8
20260716T080743Z,25.8,84.5
20260716T080758Z,25.7,82.5
20260716T080813Z,25.7,82.1
20260716T080828Z,25.7,81.2
20260716T080843Z,25.6,80.9
20260716T080858Z,25.5,79.7
20260716T080913Z,25.5,79.7
20260716T080928Z,25.4,78.9
20260716T080943Z,25.4,78.2
20260716T080958Z,25.3,78.0
20260716T081013Z,25.3,77.3
20260716T081028Z,25.3,76.6
20260716T081043Z,25.2,75.4
20260716T081058Z,25.2,74.6
20260716T081113Z,25.2,74.2
20260716T081128Z,25.2,73.4
20260716T081143Z,25.1,72.4
20260716T081158Z,25.1,71.5
20260716T081213Z,25.1,71.1
20260716T081228Z,25.0,70.8
20260716T081243Z,25.0,70.0
20260716T081258Z,24.9,69.5
20260716T081313Z,24.9,69.7
20260716T081328Z,24.9,71.6
20260716T081343Z,24.9,73.9
20260716T081358Z,24.9,75.1
20260716T081413Z,24.9,75.3
20260716T081428Z,24.9,75.8
20260716T081443Z,24.9,76.3
20260716T081458Z,24.8,76.9
20260716T081513Z,24.8,77.5
20260716T081528Z,24.8,78.0
20260716T081543Z,24.8,78.4
20260716T081558Z,24.9,79.0
20260716T081613Z,24.9,79.3
20260716T081628Z,24.9,79.9
20260716T081643Z,24.9,80.0
20260716T081658Z,24.9,80.6
20260716T081713Z,25.0,81.0
20260716T081728Z,25.0,81.2
20260716T081743Z,25.0,81.5
20260716T081758Z,25.0,81.7
20260716T081813Z,25.1,82.2
20260716T081828Z,25.1,82.6
20260716T081843Z,25.1,82.7
20260716T081858Z,25.1,82.9
20260716T081913Z,25.1,83.1
20260716T081928Z,25.1,83.5
20260716T081943Z,25.2,83.7
20260716T081958Z,25.2,83.9
20260716T082013Z,25.2,84.2
20260716T082028Z,25.3,84.2
20260716T082043Z,25.3,84.5
20260716T082058Z,25.3,84.8
20260716T082113Z,25.4,84.7
20260716T082128Z,25.4,84.9
20260716T082143Z,25.4,84.9
20260716T082158Z,25.5,84.9
20260716T082213Z,25.5,84.9
20260716T082228Z,25.5,84.9
20260716T082243Z,25.5,84.8
20260716T082258Z,25.5,84.5
20260716T082313Z,25.6,84.6
20260716T082328Z,25.6,84.7
20260716T082343Z,25.6,84.6
20260716T082358Z,25.7,84.8
20260716T082413Z,25.7,84.9
20260716T082428Z,25.7,84.9
20260716T082443Z,25.7,85.0
20260716T082458Z,25.7,84.3
20260716T082513Z,25.8,84.0
20260716T082528Z,25.8,82.3
20260716T082543Z,25.7,82.0
20260716T082558Z,25.7,81.2
20260716T082613Z,25.6,81.0
20260716T082628Z,25.6,80.1
20260716T082643Z,25.5,79.6
20260716T082658Z,25.5,78.7
20260716T082713Z,25.4,78.3
20260716T082728Z,25.4,77.5
20260716T082743Z,25.3,76.7
20260716T082758Z,25.3,75.5
20260716T082813Z,25.3,75.4
20260716T082828Z,25.2,74.6
20260716T082843Z,25.2,73.0
20260716T082858Z,25.1,72.9
20260716T082913Z,25.1,72.7
20260716T082928Z,25.0,72.3
20260716T082943Z,25.0,70.9
20260716T082958Z,24.9,70.2
20260716T083013Z,24.9,69.4
20260716T083028Z,24.8,69.5
20260716T083043Z,24.8,69.9
20260716T083058Z,24.8,71.5
20260716T083113Z,24.8,73.5
20260716T083128Z,24.8,74.4
20260716T083143Z,24.8,75.2
20260716T083158Z,24.8,75.7
20260716T083213Z,24.8,76.2
20260716T083228Z,24.8,76.5
20260716T083243Z,24.8,77.0
20260716T083258Z,24.8,77.6
20260716T083313Z,24.8,78.0
20260716T083328Z,24.8,78.3
20260716T083343Z,24.8,78.7
20260716T083358Z,24.8,79.2
20260716T083413Z,24.9,79.9
20260716T083428Z,24.9,80.2
20260716T083443Z,24.9,80.5
20260716T083458Z,24.9,80.9
20260716T083513Z,24.9,81.3
20260716T083528Z,25.0,81.5
20260716T083543Z,25.0,82.0
20260716T083558Z,25.0,82.2
20260716T083613Z,25.1,82.6
20260716T083628Z,25.1,82.8
20260716T083643Z,25.1,83.1
20260716T083658Z,25.1,83.2
20260716T083713Z,25.1,83.5
20260716T083728Z,25.2,83.8
20260716T083743Z,25.2,83.8
20260716T083758Z,25.2,84.3
20260716T083813Z,25.3,84.3
20260716T083828Z,25.3,84.5
20260716T083843Z,25.3,84.7
20260716T083858Z,25.4,84.8
20260716T083913Z,25.4,85.0
20260716T083928Z,25.4,85.2
20260716T083943Z,25.4,85.2
20260716T083958Z,25.5,85.3
20260716T084013Z,25.5,85.4
20260716T084028Z,25.5,85.5
20260716T084044Z,25.6,85.5
20260716T084059Z,25.6,85.7
20260716T084113Z,25.6,85.7
20260716T084128Z,25.7,85.8
20260716T084143Z,25.7,85.8
20260716T084158Z,25.7,85.8
20260716T084213Z,25.7,85.6
20260716T084228Z,25.8,83.5
20260716T084243Z,25.7,83.2
20260716T084258Z,25.7,81.7
20260716T084313Z,25.6,81.4
20260716T084328Z,25.6,81.1
20260716T084343Z,25.5,80.3
20260716T084358Z,25.5,79.2
20260716T084413Z,25.4,78.9
20260716T084428Z,25.4,78.4
20260716T084443Z,25.3,78.1
20260716T084458Z,25.3,77.5
20260716T084513Z,25.3,76.7
20260716T084528Z,25.3,75.6
20260716T084543Z,25.3,74.0
20260716T084558Z,25.2,73.5
20260716T084613Z,25.2,73.2
20260716T084628Z,25.1,72.6
20260716T084643Z,25.1,71.9
20260716T084658Z,25.0,71.8
20260716T084713Z,25.0,70.9
20260716T084728Z,24.9,69.9
20260716T084743Z,24.8,69.5
20260716T084758Z,24.8,69.0
20260716T084813Z,24.8,69.9
20260716T084828Z,24.8,72.0
20260716T084843Z,24.8,73.6
20260716T084858Z,24.8,74.9
20260716T084913Z,24.8,75.2
20260716T084928Z,24.8,75.6
20260716T084943Z,24.8,76.0
20260716T084958Z,24.8,76.7
20260716T085013Z,24.8,77.3
20260716T085028Z,24.8,77.6
20260716T085043Z,24.8,78.1
20260716T085058Z,24.8,78.4
20260716T085113Z,24.9,79.2
20260716T085128Z,24.9,79.4
20260716T085143Z,24.9,80.1
20260716T085158Z,24.9,80.4
20260716T085213Z,24.9,81.0
20260716T085228Z,24.9,81.1
20260716T085243Z,24.9,81.4
20260716T085258Z,25.0,81.9
20260716T085313Z,25.0,82.1
20260716T085328Z,25.0,82.2
20260716T085343Z,25.0,82.7
20260716T085358Z,25.1,83.0
20260716T085413Z,25.1,83.2
20260716T085428Z,25.1,83.4
20260716T085443Z,25.2,83.9
20260716T085458Z,25.2,83.9
20260716T085513Z,25.2,84.1
20260716T085528Z,25.2,84.4
20260716T085543Z,25.3,84.7
20260716T085558Z,25.3,84.7
20260716T085613Z,25.3,84.8
20260716T085628Z,25.4,85.0
20260716T085643Z,25.4,85.1
20260716T085658Z,25.4,85.2
20260716T085713Z,25.5,85.4
20260716T085728Z,25.5,85.6
20260716T085743Z,25.5,85.7
20260716T085758Z,25.5,85.7
20260716T085813Z,25.6,85.8
20260716T085828Z,25.6,86.1
20260716T085843Z,25.6,86.0
20260716T085858Z,25.7,86.0
20260716T085913Z,25.7,86.1
20260716T085928Z,25.7,85.8
20260716T085943Z,25.7,84.2
20260716T085958Z,25.7,83.2
20260716T090013Z,25.7,82.6
20260716T090028Z,25.6,81.8
20260716T090043Z,25.6,80.8
20260716T090058Z,25.5,80.6
20260716T090113Z,25.5,79.6
20260716T090128Z,25.4,78.8
20260716T090143Z,25.4,78.4
20260716T090158Z,25.3,78.1
20260716T090213Z,25.3,77.4
20260716T090228Z,25.3,76.3
20260716T090243Z,25.3,75.1
20260716T090258Z,25.2,74.4
20260716T090313Z,25.2,74.0
20260716T090328Z,25.2,73.3
20260716T090343Z,25.1,72.7
20260716T090358Z,25.1,71.9
20260716T090413Z,25.1,71.4
20260716T090428Z,25.0,70.6
20260716T090443Z,24.9,69.9
20260716T090458Z,24.9,69.1
20260716T090513Z,24.8,70.4
20260716T090528Z,24.8,72.8
20260716T090543Z,24.8,74.4
20260716T090558Z,24.8,75.2
20260716T090613Z,24.8,75.8
20260716T090628Z,24.8,76.3
20260716T090643Z,24.8,76.5
20260716T090658Z,24.8,77.0
20260716T090713Z,24.8,77.6
20260716T090728Z,24.8,78.3
20260716T090743Z,24.8,78.6
20260716T090758Z,24.9,79.0
20260716T090813Z,24.9,79.6
20260716T090828Z,24.9,79.8
20260716T090843Z,24.9,80.4
20260716T090858Z,24.9,80.8
20260716T090913Z,24.9,81.1
20260716T090928Z,25.0,81.6
20260716T090943Z,25.0,81.7
20260716T090958Z,25.0,82.0
20260716T091013Z,25.0,82.5
20260716T091028Z,25.1,82.8
20260716T091043Z,25.1,83.1
20260716T091058Z,25.1,83.2
20260716T091113Z,25.1,83.5
20260716T091128Z,25.2,83.8
20260716T091143Z,25.2,84.0
20260716T091158Z,25.2,84.1
20260716T091213Z,25.2,84.4
20260716T091228Z,25.3,84.6
20260716T091243Z,25.3,84.9
20260716T091258Z,25.3,84.9
20260716T091313Z,25.3,85.1
20260716T091328Z,25.4,85.3
20260716T091343Z,25.4,85.5
20260716T091358Z,25.4,85.7
20260716T091413Z,25.5,85.6
20260716T091428Z,25.5,85.7
20260716T091443Z,25.5,86.0
20260716T091458Z,25.5,86.0
20260716T091513Z,25.6,86.1
20260716T091528Z,25.6,86.1
20260716T091543Z,25.6,86.1
20260716T091558Z,25.7,86.3
20260716T091613Z,25.7,85.5
20260716T091628Z,25.7,85.6
20260716T091643Z,25.7,83.3
20260716T091658Z,25.7,83.2
20260716T091713Z,25.6,82.5
20260716T091728Z,25.6,81.8
20260716T091743Z,25.5,80.5
20260716T091758Z,25.5,80.1
20260716T091813Z,25.4,79.3
20260716T091828Z,25.3,79.1
20260716T091843Z,25.3,78.5
20260716T091858Z,25.2,77.7
20260716T091913Z,25.2,76.8
20260716T091928Z,25.1,75.6
20260716T091943Z,25.1,75.2
20260716T091958Z,25.0,74.7
20260716T092013Z,25.0,74.2
20260716T092028Z,25.0,74.0
20260716T092043Z,24.9,73.1
20260716T092058Z,24.9,72.5
20260716T092113Z,24.9,71.7
20260716T092128Z,24.9,71.2
20260716T092143Z,24.9,69.9
20260716T092158Z,24.8,69.8
20260716T092213Z,24.8,71.6
20260716T092228Z,24.8,73.6
20260716T092243Z,24.8,75.0
20260716T092258Z,24.8,75.7
20260716T092313Z,24.8,76.0
20260716T092328Z,24.8,76.5
20260716T092343Z,24.8,76.9
20260716T092358Z,24.8,77.5
20260716T092413Z,24.8,77.9
20260716T092428Z,24.8,78.5
20260716T092443Z,24.8,79.0
20260716T092458Z,24.8,79.3
20260716T092513Z,24.8,79.7
20260716T092528Z,24.8,80.3
20260716T092543Z,24.9,80.6
20260716T092558Z,24.9,81.0
20260716T092613Z,24.9,81.2
20260716T092628Z,24.9,81.6
20260716T092643Z,24.9,82.0
20260716T092658Z,25.0,82.2
20260716T092713Z,25.0,82.4
20260716T092728Z,25.0,82.8
20260716T092743Z,25.0,83.1
20260716T092758Z,25.1,83.3
20260716T092813Z,25.1,83.6
20260716T092828Z,25.1,83.8
20260716T092843Z,25.1,84.0
20260716T092858Z,25.2,84.2
20260716T092913Z,25.2,84.4
20260716T092928Z,25.2,84.7
20260716T092943Z,25.3,84.7
20260716T092958Z,25.3,85.0
20260716T093013Z,25.3,85.1
20260716T093028Z,25.3,85.3
20260716T093043Z,25.4,85.5
20260716T093058Z,25.4,85.5
20260716T093113Z,25.4,85.6
20260716T093128Z,25.5,85.8
20260716T093143Z,25.5,85.9
20260716T093158Z,25.5,86.0
20260716T093213Z,25.6,86.0
20260716T093228Z,25.6,86.1
20260716T093243Z,25.6,86.2
20260716T093258Z,25.6,86.3
20260716T093313Z,25.7,86.3
20260716T093328Z,25.7,85.6
20260716T093343Z,25.7,84.7
20260716T093358Z,25.7,83.2
20260716T093413Z,25.7,82.9
20260716T093428Z,25.6,82.1
20260716T093443Z,25.6,81.4
20260716T093458Z,25.5,81.1
20260716T093513Z,25.4,80.1
20260716T093528Z,25.4,79.3
20260716T093543Z,25.3,79.0
20260716T093558Z,25.3,78.1
20260716T093613Z,25.2,77.5
20260716T093628Z,25.2,76.3
20260716T093643Z,25.1,75.7
20260716T093658Z,25.1,75.4
20260716T093713Z,25.1,74.7
20260716T093728Z,25.0,74.4
20260716T093743Z,25.0,73.2
20260716T093758Z,25.0,72.5
20260716T093813Z,24.9,72.0
20260716T093828Z,24.9,71.5
20260716T093843Z,24.9,70.7
20260716T093858Z,24.9,69.7
20260716T093913Z,24.8,69.2
20260716T093928Z,24.7,70.2
20260716T093944Z,24.7,72.5
20260716T093959Z,24.7,74.3
20260716T094013Z,24.7,75.4
20260716T094028Z,24.7,75.9
20260716T094043Z,24.7,76.1
20260716T094058Z,24.7,76.5
20260716T094113Z,24.7,77.1
20260716T094128Z,24.7,77.6
20260716T094143Z,24.7,78.0
20260716T094158Z,24.7,78.6
20260716T094213Z,24.8,79.0
20260716T094228Z,24.8,79.4
20260716T094243Z,24.8,79.7
20260716T094258Z,24.8,80.4
20260716T094313Z,24.8,80.4
20260716T094328Z,24.9,80.8
20260716T094343Z,24.9,81.4
20260716T094358Z,24.9,81.7
20260716T094413Z,24.9,82.0
20260716T094428Z,25.0,82.3
20260716T094443Z,25.0,82.8
20260716T094458Z,25.0,82.9
20260716T094513Z,25.0,83.2
20260716T094528Z,25.1,83.5
20260716T094543Z,25.1,83.8
20260716T094558Z,25.1,84.0
20260716T094613Z,25.1,84.1
20260716T094628Z,25.2,84.4
20260716T094643Z,25.2,84.6
20260716T094658Z,25.2,84.7
20260716T094713Z,25.2,85.0
20260716T094728Z,25.3,85.2
20260716T094743Z,25.3,85.4
20260716T094758Z,25.3,85.4
20260716T094813Z,25.3,85.6
20260716T094828Z,25.4,85.8
20260716T094843Z,25.4,85.7
20260716T094858Z,25.4,85.8
20260716T094913Z,25.5,86.0
20260716T094928Z,25.5,86.1
20260716T094944Z,25.5,86.2
20260716T094959Z,25.5,86.2
20260716T095013Z,25.6,86.4
20260716T095028Z,25.6,86.4
20260716T095043Z,25.6,86.4
20260716T095058Z,25.7,86.5
20260716T095113Z,25.7,85.7
20260716T095128Z,25.7,85.2
20260716T095143Z,25.7,83.8
20260716T095158Z,25.7,83.5
20260716T095213Z,25.6,82.4
20260716T095228Z,25.6,81.6
20260716T095244Z,25.5,81.3
20260716T095259Z,25.5,80.3
20260716T095313Z,25.4,79.8
20260716T095328Z,25.3,79.0
20260716T095343Z,25.3,78.2
20260716T095358Z,25.2,78.1
20260716T095413Z,25.2,77.3
20260716T095428Z,25.1,76.2
20260716T095443Z,25.1,74.7
20260716T095458Z,25.1,74.3
20260716T095513Z,25.0,74.0
20260716T095528Z,25.0,73.5
20260716T095543Z,25.0,72.6
20260716T095558Z,24.9,71.9
20260716T095613Z,24.9,71.5
20260716T095628Z,24.9,70.4
20260716T095643Z,24.8,70.1
20260716T095658Z,24.8,71.3
20260716T095714Z,24.8,73.5
20260716T095728Z,24.8,74.9
20260716T095743Z,24.8,75.6
20260716T095758Z,24.8,76.2
20260716T095813Z,24.8,76.3
20260716T095828Z,24.8,76.8
20260716T095843Z,24.8,77.3
20260716T095858Z,24.8,77.8
20260716T095913Z,24.8,78.6
20260716T095928Z,24.8,79.1
20260716T095943Z,24.8,79.5
20260716T095958Z,24.8,79.8
20260716T100013Z,24.8,80.3
20260716T100028Z,24.8,80.6
20260716T100043Z,24.9,81.2
20260716T100058Z,24.9,81.4
20260716T100113Z,24.9,81.9
20260716T100128Z,24.9,82.1
20260716T100143Z,24.9,82.5
20260716T100158Z,25.0,82.8
20260716T100213Z,25.0,83.1
20260716T100228Z,25.0,83.3
20260716T100245Z,25.0,83.5
20260716T100259Z,25.1,83.9
20260716T100313Z,25.1,84.2
20260716T100329Z,25.1,84.3
20260716T100344Z,25.1,84.5
20260716T100359Z,25.2,84.8
20260716T100413Z,25.2,84.9
20260716T100428Z,25.2,84.9
20260716T100444Z,25.2,85.2
20260716T100459Z,25.3,85.2
20260716T100513Z,25.3,85.4
20260716T100529Z,25.3,85.5
20260716T100543Z,25.4,85.5
20260716T100558Z,25.4,85.5
20260716T100613Z,25.4,85.5
20260716T100628Z,25.5,85.6
20260716T100643Z,25.5,85.7
20260716T100658Z,25.5,85.8
20260716T100713Z,25.5,85.9
20260716T100728Z,25.6,86.1
20260716T100743Z,25.6,86.1
20260716T100758Z,25.6,86.1
20260716T100814Z,25.6,86.3
20260716T100828Z,25.7,86.3
20260716T100843Z,25.7,86.1
20260716T100858Z,25.7,86.1
20260716T100913Z,25.7,84.0
20260716T100929Z,25.7,83.3
20260716T100943Z,25.7,82.4
20260716T100959Z,25.6,81.9
20260716T101013Z,25.6,81.1
20260716T101029Z,25.5,81.1
20260716T101043Z,25.4,80.0
20260716T101059Z,25.4,79.1
20260716T101113Z,25.4,78.4
20260716T101129Z,25.3,77.5
20260716T101143Z,25.3,76.0
20260716T101159Z,25.2,75.5
20260716T101213Z,25.1,75.4
20260716T101228Z,25.1,75.0
20260716T101243Z,25.0,73.6
20260716T101258Z,24.9,73.3
20260716T101314Z,24.9,72.6
20260716T101328Z,24.9,72.4
20260716T101344Z,24.9,71.6
20260716T101358Z,24.8,70.8
20260716T101414Z,24.8,70.7
20260716T101428Z,24.8,71.7
20260716T101445Z,24.8,73.7
20260716T101459Z,24.8,75.3
20260716T101514Z,24.8,76.0
20260716T101529Z,24.8,76.3
20260716T101543Z,24.8,76.8
20260716T101559Z,24.8,77.2
20260716T101613Z,24.8,77.7
20260716T101629Z,24.8,78.2
20260716T101643Z,24.8,78.6
20260716T101659Z,24.8,79.3
20260716T101713Z,24.8,79.6
20260716T101729Z,24.8,80.2
20260716T101744Z,24.8,80.4
20260716T101758Z,24.8,80.7
20260716T101814Z,24.8,81.2
20260716T101828Z,24.9,81.6
20260716T101844Z,24.9,81.8
20260716T101858Z,24.9,82.4
20260716T101913Z,24.9,82.7
20260716T101928Z,25.0,83.1
20260716T101944Z,25.0,83.2
20260716T101958Z,25.0,83.3
20260716T102014Z,25.0,83.7
20260716T102028Z,25.1,83.9
20260716T102044Z,25.1,84.3
20260716T102058Z,25.1,84.6
20260716T102114Z,25.1,84.7
20260716T102128Z,25.1,84.7
20260716T102143Z,25.2,85.0
20260716T102159Z,25.2,85.3
20260716T102213Z,25.2,85.3
20260716T102229Z,25.2,85.6
20260716T102243Z,25.3,85.8
20260716T102259Z,25.3,85.9
20260716T102313Z,25.3,85.9
20260716T102329Z,25.4,86.1
20260716T102343Z,25.4,86.2
20260716T102359Z,25.4,86.3
20260716T102414Z,25.4,86.4
20260716T102428Z,25.5,86.6
20260716T102443Z,25.5,86.6
20260716T102458Z,25.5,86.6
20260716T102513Z,25.5,86.7
20260716T102528Z,25.6,86.7
20260716T102544Z,25.6,86.9
20260716T102558Z,25.6,86.8
20260716T102614Z,25.6,86.9
20260716T102628Z,25.7,86.8
20260716T102644Z,25.7,86.4
20260716T102658Z,25.7,84.9
20260716T102714Z,25.7,84.0
20260716T102728Z,25.7,83.4
20260716T102743Z,25.6,82.8
20260716T102759Z,25.5,81.9
20260716T102813Z,25.5,81.6
20260716T102829Z,25.5,80.3
20260716T102843Z,25.4,79.8
20260716T102858Z,25.3,79.5
20260716T102913Z,25.3,78.3
20260716T102929Z,25.2,77.6
20260716T102944Z,25.2,76.6
20260716T102959Z,25.1,75.9
20260716T103013Z,25.1,75.6
20260716T103029Z,25.0,74.9
20260716T103044Z,25.0,73.9
20260716T103058Z,25.0,72.7
20260716T103114Z,24.9,72.3
20260716T103128Z,24.9,72.0
20260716T103144Z,24.8,71.9
20260716T103158Z,24.8,73.6
20260716T103214Z,24.8,75.4
20260716T103228Z,24.7,76.9
20260716T103244Z,24.7,77.8
20260716T103258Z,24.7,77.8
20260716T103314Z,24.7,78.3
20260716T103328Z,24.7,78.6
20260716T103344Z,24.7,79.0
20260716T103358Z,24.7,79.6
20260716T103413Z,24.7,80.0
20260716T103429Z,24.7,80.4
20260716T103443Z,24.7,80.8
20260716T103459Z,24.8,81.1
20260716T103513Z,24.8,81.7
20260716T103529Z,24.8,82.1
20260716T103543Z,24.8,82.3
20260716T103559Z,24.8,82.6
20260716T103613Z,24.8,82.9
20260716T103629Z,24.9,83.3
20260716T103643Z,24.9,83.6
20260716T103659Z,24.9,83.9
20260716T103713Z,24.9,84.2
20260716T103729Z,24.9,84.3
20260716T103743Z,25.0,84.7
20260716T103759Z,25.0,84.8
20260716T103813Z,25.0,85.0
20260716T103828Z,25.0,85.3
20260716T103844Z,25.1,85.6
20260716T103858Z,25.1,85.7
20260716T103914Z,25.1,85.8
20260716T103928Z,25.1,86.1
20260716T103944Z,25.1,86.1
20260716T103958Z,25.2,86.2
20260716T104014Z,25.2,86.4
20260716T104028Z,25.2,86.6
20260716T104044Z,25.2,86.5
20260716T104058Z,25.3,86.8
20260716T104114Z,25.3,86.8
20260716T104128Z,25.3,86.9
20260716T104145Z,25.3,87.1
20260716T104159Z,25.4,87.2
20260716T104214Z,25.4,87.2
20260716T104228Z,25.4,87.3
20260716T104245Z,25.4,87.2
20260716T104259Z,25.5,87.4
20260716T104314Z,25.5,87.4
20260716T104328Z,25.5,87.5
20260716T104344Z,25.6,87.4
20260716T104358Z,25.6,87.5
20260716T104414Z,25.6,87.5
20260716T104428Z,25.6,87.5
20260716T104443Z,25.7,87.6
20260716T104459Z,25.7,87.1
20260716T104513Z,25.7,86.9
20260716T104529Z,25.7,84.7
20260716T104543Z,25.7,84.2
20260716T104559Z,25.6,83.4
20260716T104613Z,25.5,83.0
20260716T104629Z,25.5,82.4
20260716T104643Z,25.4,81.4
20260716T104659Z,25.4,80.8
20260716T104713Z,25.3,80.0
20260716T104729Z,25.2,79.6
20260716T104743Z,25.2,78.4
20260716T104759Z,25.1,77.6
20260716T104813Z,25.0,77.3
20260716T104829Z,25.0,76.7
20260716T104843Z,24.9,76.3
20260716T104859Z,24.9,75.0
20260716T104913Z,24.9,74.1
20260716T104929Z,24.8,73.8
20260716T104943Z,24.8,73.1
20260716T104959Z,24.8,73.2
20260716T105013Z,24.8,74.3
20260716T105029Z,24.7,76.2
20260716T105043Z,24.8,77.6
20260716T105058Z,24.8,78.0
20260716T105114Z,24.8,78.4
20260716T105128Z,24.8,78.7
20260716T105144Z,24.7,79.3
20260716T105158Z,24.8,79.7
20260716T105214Z,24.8,80.1
20260716T105228Z,24.8,80.6
20260716T105244Z,24.8,80.9
20260716T105258Z,24.8,81.4
20260716T105313Z,24.8,82.0
20260716T105329Z,24.8,82.3
20260716T105345Z,24.8,82.6
20260716T105359Z,24.9,83.0
20260716T105413Z,24.9,83.1
20260716T105429Z,24.9,83.5
20260716T105444Z,24.9,83.9
20260716T105459Z,24.9,84.1
20260716T105513Z,25.0,84.3
20260716T105529Z,25.0,84.4
20260716T105544Z,25.0,84.9
20260716T105558Z,25.1,85.0
20260716T105614Z,25.1,85.0
20260716T105628Z,25.1,85.4
20260716T105644Z,25.1,85.6
20260716T105658Z,25.2,85.8
20260716T105713Z,25.2,86.0
20260716T105729Z,25.2,86.1
20260716T105743Z,25.3,86.1
20260716T105759Z,25.3,86.3
20260716T105813Z,25.3,86.5
20260716T105829Z,25.3,86.5
20260716T105843Z,25.4,86.6
20260716T105859Z,25.4,86.7
20260716T105913Z,25.4,86.6
20260716T105929Z,25.4,86.8
20260716T105944Z,25.5,86.8
20260716T105959Z,25.5,87.0
20260716T110014Z,25.5,86.9
20260716T110029Z,25.5,87.1
20260716T110044Z,25.6,87.2
20260716T110058Z,25.6,87.1
20260716T110114Z,25.6,87.1
20260716T110128Z,25.7,86.9
20260716T110144Z,25.7,86.8
20260716T110158Z,25.7,84.6
20260716T110214Z,25.6,83.6
20260716T110228Z,25.6,83.4
20260716T110243Z,25.5,82.6
20260716T110259Z,25.5,81.6
20260716T110313Z,25.4,81.3
20260716T110328Z,25.4,80.7
20260716T110343Z,25.3,79.9
20260716T110359Z,25.3,79.8
20260716T110413Z,25.2,78.5
20260716T110429Z,25.2,77.7
20260716T110443Z,25.1,76.7
20260716T110459Z,25.1,76.5
20260716T110513Z,25.0,75.4
20260716T110529Z,25.0,74.5
20260716T110544Z,25.0,73.9
20260716T110559Z,24.9,73.6
20260716T110614Z,24.9,73.2
20260716T110629Z,24.8,72.3
20260716T110644Z,24.8,71.8
20260716T110659Z,24.8,70.5
20260716T110714Z,24.8,71.5
20260716T110729Z,24.8,73.6
20260716T110744Z,24.8,75.6
20260716T110759Z,24.8,76.4
20260716T110813Z,24.8,76.6
20260716T110829Z,24.7,77.0
20260716T110844Z,24.7,77.5
20260716T110859Z,24.7,78.2
20260716T110913Z,24.7,78.6
20260716T110929Z,24.7,78.9
20260716T110944Z,24.7,79.6
20260716T110959Z,24.8,80.0
20260716T111014Z,24.8,80.3
20260716T111029Z,24.8,80.7
20260716T111044Z,24.8,81.1
20260716T111059Z,24.8,81.7
20260716T111114Z,24.9,81.9
20260716T111129Z,24.9,82.0
20260716T111144Z,24.9,82.4
20260716T111159Z,24.9,82.9
20260716T111214Z,24.9,83.1
20260716T111229Z,25.0,83.3
20260716T111244Z,25.0,83.6
20260716T111259Z,25.0,84.0
20260716T111314Z,25.0,84.2
20260716T111329Z,25.1,84.4
20260716T111344Z,25.1,84.8
20260716T111359Z,25.1,84.9
20260716T111414Z,25.1,85.1
20260716T111429Z,25.1,85.4
20260716T111444Z,25.2,85.5
20260716T111459Z,25.2,85.7
20260716T111514Z,25.2,85.9
20260716T111529Z,25.3,85.9
20260716T111544Z,25.3,86.2
20260716T111559Z,25.3,86.2
20260716T111614Z,25.3,86.5
20260716T111629Z,25.4,86.5
20260716T111644Z,25.4,86.5
20260716T111659Z,25.4,86.8
20260716T111714Z,25.4,86.8
20260716T111729Z,25.5,86.9
20260716T111744Z,25.5,87.1
20260716T111759Z,25.5,87.1
20260716T111814Z,25.6,87.1
20260716T111829Z,25.6,87.3
20260716T111844Z,25.6,87.3
20260716T111859Z,25.6,87.3
20260716T111914Z,25.7,87.4
20260716T111929Z,25.7,87.4
20260716T111944Z,25.7,86.8
20260716T111959Z,25.7,85.5
20260716T112014Z,25.7,84.6
20260716T112029Z,25.7,83.7
20260716T112044Z,25.6,82.8
20260716T112059Z,25.5,82.1
20260716T112114Z,25.5,82.1
20260716T112129Z,25.5,81.4
20260716T112144Z,25.4,79.9
20260716T112159Z,25.3,79.6
20260716T112214Z,25.3,79.2
20260716T112229Z,25.2,78.3
20260716T112244Z,25.2,77.3
20260716T112259Z,25.1,76.3
20260716T112314Z,25.0,76.0
20260716T112329Z,25.0,75.3
20260716T112344Z,24.9,74.9
20260716T112359Z,24.9,74.4
20260716T112414Z,24.9,73.8
20260716T112429Z,24.9,72.8
20260716T112444Z,24.8,71.6
20260716T112459Z,24.8,71.0
20260716T112514Z,24.8,71.8
20260716T112529Z,24.8,73.1
20260716T112544Z,24.8,75.0
20260716T112559Z,24.8,76.3
20260716T112614Z,24.8,76.8
20260716T112629Z,24.8,77.1
20260716T112644Z,24.8,77.4
20260716T112659Z,24.8,78.2
20260716T112714Z,24.8,78.5
20260716T112729Z,24.8,79.1
20260716T112744Z,24.8,79.5
20260716T112759Z,24.8,79.9
20260716T112814Z,24.8,80.4
20260716T112829Z,24.8,81.0
20260716T112844Z,24.8,81.3
20260716T112859Z,24.8,81.5
20260716T112914Z,24.9,81.9
20260716T112929Z,24.9,82.5
20260716T112944Z,24.9,82.7
20260716T112959Z,24.9,83.0
20260716T113014Z,24.9,83.2
20260716T113029Z,25.0,83.4
20260716T113044Z,25.0,83.7
20260716T113059Z,25.0,84.0
20260716T113114Z,25.0,84.4
20260716T113129Z,25.1,84.5
20260716T113144Z,25.1,84.7
20260716T113159Z,25.1,85.1
20260716T113214Z,25.1,85.1
20260716T113229Z,25.2,85.4
20260716T113244Z,25.2,85.7
20260716T113259Z,25.2,85.9
20260716T113314Z,25.3,85.9
20260716T113329Z,25.3,86.1
20260716T113344Z,25.3,86.3
20260716T113359Z,25.3,86.3
20260716T113414Z,25.4,86.6
20260716T113429Z,25.4,86.7
20260716T113444Z,25.4,86.7
20260716T113459Z,25.4,87.0
20260716T113514Z,25.5,86.9
20260716T113529Z,25.5,87.1
20260716T113544Z,25.5,87.1
20260716T113559Z,25.5,87.3
20260716T113614Z,25.6,87.4
20260716T113629Z,25.6,87.5
20260716T113644Z,25.6,87.4
20260716T113659Z,25.7,87.5
20260716T113714Z,25.7,87.4
20260716T113729Z,25.7,87.3
20260716T113744Z,25.7,85.4
20260716T113759Z,25.7,84.8
20260716T113814Z,25.7,83.9
20260716T113829Z,25.6,82.8
20260716T113844Z,25.6,82.5
20260716T113859Z,25.5,81.5
20260716T113914Z,25.5,80.7
20260716T113929Z,25.4,79.9
20260716T113944Z,25.3,79.7
20260716T113959Z,25.3,78.7
20260716T114014Z,25.2,78.3
20260716T114029Z,25.2,77.1
20260716T114044Z,25.1,76.5
20260716T114059Z,25.1,74.9
20260716T114114Z,25.0,75.3
20260716T114129Z,25.0,74.8
20260716T114144Z,24.9,73.7
20260716T114159Z,24.9,73.2
20260716T114214Z,24.8,72.8
20260716T114229Z,24.8,72.1
20260716T114244Z,24.8,71.3
20260716T114259Z,24.8,70.9
20260716T114314Z,24.8,72.3
20260716T114329Z,24.8,73.5
20260716T114344Z,24.8,75.1
20260716T114359Z,24.8,76.2
20260716T114414Z,24.8,76.5
20260716T114429Z,24.8,77.1
20260716T114444Z,24.8,77.7
20260716T114459Z,24.7,78.3
20260716T114514Z,24.7,78.7
20260716T114529Z,24.7,79.0
20260716T114544Z,24.7,79.6
20260716T114559Z,24.8,80.1
20260716T114614Z,24.8,80.5
20260716T114629Z,24.8,80.9
20260716T114644Z,24.8,81.4
20260716T114659Z,24.8,81.6
20260716T114714Z,24.8,82.0
20260716T114729Z,24.9,82.3
20260716T114744Z,24.9,82.6
20260716T114759Z,24.9,83.0
20260716T114814Z,24.9,83.1
20260716T114829Z,24.9,83.4
20260716T114844Z,25.0,83.9
20260716T114859Z,25.0,84.2
20260716T114914Z,25.0,84.3
20260716T114929Z,25.0,84.5
20260716T114944Z,25.1,84.8
20260716T114959Z,25.1,84.9
20260716T115014Z,25.1,85.3
20260716T115029Z,25.2,85.5
20260716T115044Z,25.2,85.6
20260716T115059Z,25.2,85.9
20260716T115114Z,25.2,86.0
20260716T115129Z,25.3,86.1
20260716T115144Z,25.3,86.4
20260716T115159Z,25.3,86.5
20260716T115214Z,25.3,86.6
20260716T115229Z,25.4,86.8
20260716T115245Z,25.4,86.9
20260716T115259Z,25.4,87.0
20260716T115314Z,25.4,87.1
20260716T115329Z,25.5,87.3
20260716T115344Z,25.5,87.3
20260716T115359Z,25.5,87.4
20260716T115414Z,25.6,87.5
20260716T115429Z,25.6,87.4
20260716T115444Z,25.6,87.5
20260716T115459Z,25.6,87.7
20260716T115514Z,25.7,87.7
20260716T115529Z,25.7,86.8
20260716T115544Z,25.7,86.3
20260716T115559Z,25.7,84.6
20260716T115614Z,25.6,84.4
20260716T115629Z,25.6,83.6
20260716T115644Z,25.5,82.9
20260716T115659Z,25.5,82.1
20260716T115714Z,25.4,81.6
20260716T115729Z,25.4,80.9
20260716T115744Z,25.3,80.5
20260716T115759Z,25.3,79.0
20260716T115814Z,25.2,78.2
20260716T115829Z,25.2,77.3
20260716T115844Z,25.1,76.5
20260716T115859Z,25.0,76.8
20260716T115914Z,24.9,75.3
20260716T115929Z,24.9,75.4
20260716T115944Z,24.8,74.4
20260716T115959Z,24.8,73.4
20260716T120014Z,24.7,73.2
20260716T120029Z,24.7,72.9
20260716T120044Z,24.7,72.1
20260716T120059Z,24.7,71.4
20260716T120114Z,24.7,72.1
20260716T120129Z,24.7,73.9
20260716T120144Z,24.7,75.7
20260716T120159Z,24.7,76.5
20260716T120214Z,24.6,76.8
20260716T120229Z,24.7,77.2
20260716T120244Z,24.6,77.7
20260716T120259Z,24.7,78.4
20260716T120314Z,24.7,79.0
20260716T120329Z,24.7,79.4
20260716T120344Z,24.7,79.8
20260716T120359Z,24.7,80.3
20260716T120414Z,24.7,80.5
20260716T120429Z,24.7,81.0
20260716T120444Z,24.8,81.4
20260716T120459Z,24.8,81.8
20260716T120514Z,24.8,82.1
20260716T120529Z,24.8,82.5
20260716T120544Z,24.9,82.7
20260716T120559Z,24.9,83.1
20260716T120614Z,24.9,83.4
20260716T120629Z,25.0,83.8
20260716T120644Z,25.0,84.0
20260716T120659Z,25.0,84.2
20260716T120714Z,25.0,84.4
20260716T120729Z,25.1,84.7
20260716T120744Z,25.1,84.9
20260716T120759Z,25.1,85.2
20260716T120814Z,25.1,85.4
20260716T120829Z,25.2,85.5
20260716T120844Z,25.2,85.9
20260716T120859Z,25.2,86.0
20260716T120914Z,25.3,86.3
20260716T120929Z,25.3,86.4
20260716T120944Z,25.3,86.7
20260716T120959Z,25.4,86.8
20260716T121014Z,25.4,86.6
20260716T121029Z,25.4,87.1
20260716T121044Z,25.4,87.2
20260716T121059Z,25.5,87.4
20260716T121114Z,25.5,87.5
20260716T121129Z,25.5,87.6
20260716T121144Z,25.6,87.5
20260716T121159Z,25.6,87.7
20260716T121214Z,25.6,87.7
20260716T121229Z,25.6,87.6
20260716T121244Z,25.6,87.5
20260716T121259Z,25.6,85.3
20260716T121314Z,25.6,85.0
20260716T121329Z,25.6,84.0
20260716T121344Z,25.5,83.3
20260716T121359Z,25.5,82.3
20260716T121414Z,25.4,81.8
20260716T121429Z,25.3,81.5
20260716T121444Z,25.3,80.2
20260716T121459Z,25.2,79.5
20260716T121514Z,25.1,79.3
20260716T121529Z,25.0,78.3
20260716T121544Z,25.0,77.6
20260716T121559Z,24.9,77.0
20260716T121614Z,24.8,76.4
20260716T121629Z,24.7,75.4
20260716T121644Z,24.7,74.8
20260716T121659Z,24.6,74.4
20260716T121714Z,24.5,74.0
20260716T121729Z,24.5,73.9
20260716T121745Z,24.4,72.9
20260716T121800Z,24.4,72.6
20260716T121814Z,24.4,74.2
20260716T121829Z,24.4,75.7
20260716T121844Z,24.4,77.0
20260716T121859Z,24.4,78.2
20260716T121914Z,24.4,78.7
20260716T121929Z,24.4,78.9
20260716T121944Z,24.4,79.5
20260716T121959Z,24.5,79.9
20260716T122014Z,24.5,80.3
20260716T122029Z,24.5,80.5
20260716T122044Z,24.6,81.0
20260716T122059Z,24.6,81.3
20260716T122114Z,24.6,81.7
20260716T122129Z,24.6,82.1
20260716T122144Z,24.7,82.6
20260716T122159Z,24.7,82.9
20260716T122214Z,24.7,83.1
20260716T122229Z,24.7,83.4
20260716T122244Z,24.8,83.7
20260716T122259Z,24.8,84.2
20260716T122314Z,24.8,84.5
20260716T122329Z,24.8,84.7
20260716T122344Z,24.9,85.0
20260716T122359Z,24.9,85.2
20260716T122414Z,24.9,85.5
20260716T122429Z,24.9,85.9
20260716T122444Z,25.0,86.1
20260716T122459Z,25.0,86.4
20260716T122514Z,25.0,86.5
20260716T122529Z,25.1,86.6
20260716T122544Z,25.1,86.8
20260716T122559Z,25.2,87.0
20260716T122614Z,25.2,87.2
20260716T122629Z,25.2,87.5
20260716T122644Z,25.2,87.6
20260716T122659Z,25.2,87.6
20260716T122714Z,25.3,87.8
20260716T122729Z,25.3,87.8
20260716T122744Z,25.3,88.0
20260716T122759Z,25.3,88.2
20260716T122814Z,25.4,88.3
20260716T122829Z,25.4,88.3
20260716T122844Z,25.4,88.4
20260716T122859Z,25.4,88.6
20260716T122914Z,25.5,88.7
20260716T122929Z,25.5,88.7
20260716T122944Z,25.5,88.9
20260716T122959Z,25.5,88.9
20260716T123014Z,25.6,88.5
20260716T123029Z,25.6,86.5
20260716T123044Z,25.5,85.9
20260716T123059Z,25.5,85.1
20260716T123114Z,25.4,84.6
20260716T123129Z,25.4,83.9
20260716T123144Z,25.3,83.1
20260716T123159Z,25.2,82.4
20260716T123214Z,25.2,81.9
20260716T123229Z,25.1,80.7
20260716T123244Z,25.1,80.3
20260716T123259Z,25.0,78.9
20260716T123314Z,24.9,78.1
20260716T123329Z,24.8,77.6
20260716T123344Z,24.7,77.2
20260716T123359Z,24.6,76.8
20260716T123414Z,24.6,75.4
20260716T123429Z,24.5,75.1
20260716T123444Z,24.4,74.2
20260716T123459Z,24.3,74.0
20260716T123514Z,24.2,74.1
20260716T123529Z,24.2,75.4
20260716T123544Z,24.2,77.0
20260716T123559Z,24.2,79.0
20260716T123614Z,24.3,79.5
20260716T123629Z,24.3,80.0
20260716T123644Z,24.3,80.3
20260716T123659Z,24.4,80.4
20260716T123714Z,24.4,81.1
20260716T123729Z,24.4,81.3
20260716T123744Z,24.5,81.8
20260716T123759Z,24.5,82.1
20260716T123814Z,24.5,82.5
20260716T123829Z,24.6,82.9
20260716T123844Z,24.6,83.1
20260716T123859Z,24.6,83.5
20260716T123914Z,24.7,83.9
20260716T123929Z,24.7,84.1
20260716T123944Z,24.8,84.5
20260716T123959Z,24.8,84.8
20260716T124014Z,24.8,85.0
20260716T124029Z,24.9,85.2
20260716T124044Z,24.9,85.6
20260716T124059Z,24.9,85.6
20260716T124114Z,24.9,86.0
20260716T124129Z,25.0,86.2
20260716T124144Z,25.0,86.3
20260716T124159Z,25.0,86.7
20260716T124214Z,25.0,86.8
20260716T124229Z,25.1,87.0
20260716T124244Z,25.1,87.2
20260716T124259Z,25.1,87.4
20260716T124314Z,25.1,87.5
20260716T124329Z,25.2,87.6
20260716T124344Z,25.2,87.9
20260716T124359Z,25.2,88.0
20260716T124414Z,25.2,88.2
20260716T124429Z,25.2,88.1
20260716T124444Z,25.3,88.6
20260716T124459Z,25.3,88.5
20260716T124514Z,25.3,88.6
20260716T124529Z,25.3,88.6
20260716T124544Z,25.4,88.8
20260716T124559Z,25.4,89.0
20260716T124614Z,25.4,89.0
20260716T124629Z,25.4,89.1
20260716T124644Z,25.5,89.1
20260716T124659Z,25.5,89.2
20260716T124714Z,25.5,89.3
20260716T124729Z,25.5,89.4
20260716T124744Z,25.5,89.4
20260716T124759Z,25.6,89.3
20260716T124814Z,25.6,89.1
20260716T124829Z,25.6,87.2
20260716T124844Z,25.5,86.5
20260716T124859Z,25.5,86.0
20260716T124914Z,25.5,84.9
20260716T124929Z,25.4,84.4
20260716T124944Z,25.4,84.1
20260716T124959Z,25.3,82.4
20260716T125014Z,25.2,81.4
20260716T125029Z,25.1,80.5
20260716T125044Z,25.0,79.4
20260716T125059Z,24.9,79.5
20260716T125114Z,24.8,78.2
20260716T125129Z,24.7,78.1
20260716T125144Z,24.6,77.8
20260716T125159Z,24.5,77.5
20260716T125214Z,24.4,76.6
20260716T125229Z,24.4,76.1
20260716T125244Z,24.3,75.4
20260716T125259Z,24.3,74.4
20260716T125314Z,24.2,74.1
20260716T125329Z,24.1,75.8
20260716T125344Z,24.1,77.3
20260716T125359Z,24.1,79.5
20260716T125414Z,24.2,80.3
20260716T125429Z,24.2,80.7
20260716T125444Z,24.2,80.7
20260716T125459Z,24.3,81.2
20260716T125514Z,24.3,81.7
20260716T125529Z,24.4,81.7
20260716T125544Z,24.4,82.1
20260716T125559Z,24.4,82.7
20260716T125614Z,24.5,83.0
20260716T125629Z,24.5,83.3
20260716T125644Z,24.6,83.6
20260716T125659Z,24.6,83.9
20260716T125714Z,24.6,84.1
20260716T125729Z,24.7,84.6
20260716T125744Z,24.7,84.8
20260716T125759Z,24.7,84.9
20260716T125814Z,24.7,85.2
20260716T125829Z,24.8,85.6
20260716T125844Z,24.8,85.9
20260716T125859Z,24.9,86.0
20260716T125914Z,24.9,86.2
20260716T125929Z,24.9,86.3
20260716T125944Z,24.9,86.7
20260716T125959Z,25.0,86.8
20260716T130014Z,25.0,87.0
20260716T130029Z,25.0,87.3
20260716T130044Z,25.0,87.5
20260716T130059Z,25.1,87.6
20260716T130114Z,25.1,87.8
20260716T130129Z,25.1,87.9
20260716T130144Z,25.1,88.0
20260716T130159Z,25.1,88.2
20260716T130214Z,25.2,88.4
20260716T130229Z,25.2,88.5
20260716T130244Z,25.2,88.6
20260716T130259Z,25.2,88.8
20260716T130314Z,25.3,88.9
20260716T130329Z,25.3,89.0
20260716T130344Z,25.3,89.1
20260716T130359Z,25.3,89.2
20260716T130414Z,25.4,89.3
20260716T130429Z,25.4,89.3
20260716T130444Z,25.4,89.4
20260716T130459Z,25.4,89.4
20260716T130514Z,25.5,89.5
20260716T130529Z,25.5,89.6
20260716T130544Z,25.5,89.7
20260716T130559Z,25.5,89.6
20260716T130614Z,25.6,89.7
20260716T130629Z,25.6,89.9
20260716T130644Z,25.6,89.1
20260716T130659Z,25.6,88.9
20260716T130714Z,25.6,87.2
20260716T130729Z,25.6,86.6
20260716T130744Z,25.5,86.4
20260716T130759Z,25.5,85.1
20260716T130814Z,25.4,84.3
20260716T130829Z,25.4,83.8
20260716T130844Z,25.3,82.9
20260716T130859Z,25.2,82.3
20260716T130914Z,25.2,81.1
20260716T130929Z,25.1,80.4
20260716T130944Z,25.0,79.8
20260716T130959Z,24.9,79.0
20260716T131014Z,24.8,78.2
20260716T131029Z,24.7,77.6
20260716T131044Z,24.6,77.2
20260716T131059Z,24.6,76.5
20260716T131114Z,24.5,75.8
20260716T131129Z,24.4,75.7
20260716T131144Z,24.4,74.7
20260716T131159Z,24.3,75.0
20260716T131214Z,24.3,76.5
20260716T131229Z,24.3,78.2
20260716T131244Z,24.3,79.3
20260716T131259Z,24.3,80.2
20260716T131314Z,24.3,80.7
20260716T131329Z,24.4,80.7
20260716T131344Z,24.4,81.1
20260716T131359Z,24.4,81.3
20260716T131414Z,24.5,82.2
20260716T131429Z,24.5,82.7
20260716T131444Z,24.5,84.9
20260716T131459Z,24.6,86.2
20260716T131514Z,24.7,86.4
20260716T131529Z,24.8,86.6
20260716T131544Z,24.8,86.4
20260716T131559Z,24.9,86.5
20260716T131614Z,24.9,87.0
20260716T131629Z,25.0,87.4
20260716T131644Z,25.0,87.9
20260716T131659Z,25.0,88.0
20260716T131714Z,25.1,88.2
20260716T131729Z,25.1,88.4
20260716T131744Z,25.1,88.7
20260716T131759Z,25.2,89.0
20260716T131814Z,25.2,89.1
20260716T131829Z,25.2,89.5
20260716T131844Z,25.2,89.5
20260716T131859Z,25.3,89.7
20260716T131914Z,25.3,90.1
20260716T131929Z,25.3,90.1
20260716T131944Z,25.3,90.4
20260716T131959Z,25.4,90.6
20260716T132014Z,25.4,90.7
20260716T132029Z,25.4,90.9
20260716T132044Z,25.4,91.1
20260716T132059Z,25.4,91.1
20260716T132114Z,25.5,91.2
20260716T132129Z,25.5,91.3
20260716T132144Z,25.5,91.3
20260716T132159Z,25.6,91.6
20260716T132214Z,25.6,91.6
20260716T132229Z,25.6,91.7
20260716T132244Z,25.6,91.6
20260716T132259Z,25.6,91.7
20260716T132314Z,25.7,91.8
20260716T132329Z,25.7,91.9
20260716T132344Z,25.7,92.0
20260716T132359Z,25.7,92.0
20260716T132414Z,25.7,92.2
20260716T132429Z,25.8,92.1
20260716T132444Z,25.8,92.1
20260716T132459Z,25.8,92.0
20260716T132514Z,25.8,92.3
20260716T132529Z,25.9,92.3
20260716T132544Z,25.9,92.2
20260716T132559Z,25.9,92.3
20260716T132614Z,25.9,92.2
20260716T132629Z,25.9,92.2
20260716T132644Z,26.0,92.3
20260716T132659Z,26.0,92.3
20260716T132714Z,26.0,92.2
20260716T132729Z,26.0,92.3
20260716T132744Z,26.1,92.4
20260716T132759Z,26.1,92.2
20260716T132814Z,26.1,92.3
20260716T132829Z,26.1,92.2
20260716T132844Z,26.1,92.3
20260716T132859Z,26.2,92.2
20260716T132914Z,26.2,92.2
20260716T132929Z,26.2,92.3
20260716T132944Z,26.2,92.2
20260716T132959Z,26.2,92.3
20260716T133014Z,26.2,92.2
20260716T133029Z,26.2,92.2
20260716T133044Z,26.3,92.2
20260716T133059Z,26.3,92.2
20260716T133114Z,26.3,92.1
20260716T133129Z,26.3,92.1
20260716T133144Z,26.3,92.1
20260716T133159Z,26.3,92.1
20260716T133214Z,26.3,92.1
20260716T133229Z,26.3,92.1
20260716T133244Z,26.4,92.1
20260716T133259Z,26.4,92.1
20260716T133314Z,26.4,92.1
20260716T133329Z,26.4,92.1
20260716T133344Z,26.5,92.0
20260716T133359Z,26.5,91.9
20260716T133414Z,26.5,91.9
20260716T133429Z,26.5,91.9
20260716T133444Z,26.5,91.9
20260716T133459Z,26.5,91.8
20260716T133514Z,26.6,91.8
20260716T133529Z,26.6,91.8
20260716T133544Z,26.6,91.7
20260716T133559Z,26.6,91.7
20260716T133614Z,26.6,91.7
20260716T133629Z,26.6,91.7
20260716T133644Z,26.6,91.7
20260716T133659Z,26.6,91.6
20260716T133714Z,26.7,91.6
20260716T133729Z,26.7,91.5
20260716T133744Z,26.7,91.5
20260716T133759Z,26.7,91.5
20260716T133814Z,26.7,91.5
20260716T133829Z,26.7,91.4
20260716T133844Z,26.7,91.4
20260716T133859Z,26.7,91.4
20260716T133914Z,26.8,91.4
20260716T133929Z,26.8,91.3
20260716T133944Z,26.8,91.3
20260716T133959Z,26.8,91.3
20260716T134014Z,26.8,91.2
20260716T134029Z,26.8,91.3
20260716T134044Z,26.8,91.2
20260716T134059Z,26.8,91.2
20260716T134114Z,26.8,91.1
20260716T134129Z,26.9,91.2
20260716T134144Z,26.9,91.1
20260716T134159Z,26.9,91.1
20260716T134214Z,26.9,91.1
20260716T134229Z,26.9,91.1
20260716T134244Z,26.9,91.0
20260716T134259Z,26.9,91.0
20260716T134314Z,26.9,90.9
20260716T134329Z,26.9,90.9
20260716T134344Z,27.0,90.9
20260716T134359Z,27.0,90.9
20260716T134414Z,27.0,90.9
20260716T134429Z,27.0,90.9
20260716T134444Z,27.0,90.8
20260716T134459Z,27.0,90.8
20260716T134514Z,27.0,90.8
20260716T134529Z,27.0,90.7
20260716T134544Z,27.0,90.7
20260716T134559Z,27.0,90.7
20260716T134614Z,27.0,90.7
20260716T134629Z,27.0,90.6
20260716T134644Z,27.0,90.6
20260716T134659Z,27.1,90.6
20260716T134714Z,27.1,90.5
20260716T134729Z,27.1,90.5
20260716T134744Z,27.1,90.5
20260716T134759Z,27.1,90.5
20260716T134814Z,27.1,90.5
20260716T134829Z,27.1,90.4
20260716T134844Z,27.1,90.4
20260716T134859Z,27.1,90.4
20260716T134914Z,27.1,90.4
20260716T134930Z,27.2,90.3
20260716T134944Z,27.2,90.3
20260716T134959Z,27.2,90.3
20260716T135014Z,27.2,90.3
20260716T135029Z,27.2,90.2
20260716T135044Z,27.2,90.2
20260716T135059Z,27.2,90.2
20260716T135114Z,27.2,90.1
20260716T135129Z,27.2,90.1
20260716T135144Z,27.2,90.1
20260716T135159Z,27.2,90.0
20260716T135214Z,27.2,90.0
20260716T135229Z,27.2,90.0
20260716T135244Z,27.3,90.0
20260716T135259Z,27.3,90.0
20260716T135314Z,27.3,89.9
20260716T135329Z,27.3,89.9
20260716T135344Z,27.3,89.9
20260716T135359Z,27.3,89.8
20260716T135414Z,27.3,89.8
20260716T135429Z,27.3,89.8
20260716T135444Z,27.3,89.8
20260716T135459Z,27.3,89.7
20260716T135514Z,27.3,89.7
20260716T135529Z,27.3,89.7
20260716T135544Z,27.3,89.7
20260716T135559Z,27.3,89.7
20260716T135614Z,27.4,89.6
20260716T135629Z,27.4,89.6
20260716T135644Z,27.4,89.6
20260716T135659Z,27.4,89.6
20260716T135714Z,27.4,89.5
20260716T135729Z,27.4,89.6
20260716T135744Z,27.4,89.5
20260716T135759Z,27.4,89.5
20260716T135814Z,27.4,89.5
20260716T135829Z,27.4,89.5
20260716T135844Z,27.4,89.5
20260716T135859Z,27.4,89.4
20260716T135914Z,27.4,89.4
20260716T135929Z,27.4,89.4
20260716T135944Z,27.4,89.4
20260716T135959Z,27.4,89.4
20260716T140014Z,27.4,89.3
20260716T140029Z,27.5,89.4
20260716T140044Z,27.5,89.3
20260716T140059Z,27.5,89.3
20260716T140114Z,27.5,89.3
20260716T140129Z,27.5,89.3
20260716T140145Z,27.5,89.3
20260716T140159Z,27.5,89.3
20260716T140215Z,27.5,89.2
20260716T140229Z,27.5,89.2
20260716T140244Z,27.5,89.2
20260716T140259Z,27.5,89.1
20260716T140314Z,27.5,89.1
20260716T140329Z,27.5,89.1
20260716T140344Z,27.5,89.1
20260716T140359Z,27.6,89.1
20260716T140414Z,27.6,89.0
20260716T140429Z,27.6,89.0
20260716T140444Z,27.6,89.0
20260716T140500Z,27.6,89.0
20260716T140514Z,27.6,89.0
20260716T140529Z,27.6,89.0
20260716T140545Z,27.6,88.9
20260716T140559Z,27.6,88.9
20260716T140615Z,27.6,88.9
20260716T140629Z,27.6,88.9
20260716T140645Z,27.6,88.9
20260716T140659Z,27.6,88.8
20260716T140715Z,27.6,88.8
20260716T140730Z,27.7,88.8
20260716T140744Z,27.7,88.8
20260716T140800Z,27.7,88.8
20260716T140814Z,27.7,88.7
20260716T140830Z,27.7,88.7
20260716T140844Z,27.7,88.7
20260716T140900Z,27.7,88.7
20260716T140915Z,27.7,88.7
20260716T140929Z,27.7,88.6
20260716T140945Z,27.7,88.6
20260716T140959Z,27.7,88.6
20260716T141015Z,27.7,88.6
20260716T141029Z,27.7,88.6
20260716T141045Z,27.7,88.6
20260716T141100Z,27.7,88.6
20260716T141114Z,27.7,88.6
20260716T141129Z,27.7,88.5
20260716T141144Z,27.7,88.5
20260716T141200Z,27.8,88.5
20260716T141214Z,27.7,88.5
20260716T141230Z,27.8,88.5
20260716T141245Z,27.8,88.5
20260716T141259Z,27.8,88.5
20260716T141315Z,27.8,88.5
20260716T141329Z,27.8,88.4
20260716T141345Z,27.8,88.4
20260716T141359Z,27.8,88.4
20260716T141415Z,27.8,88.4
20260716T141429Z,27.8,88.4
20260716T141444Z,27.8,88.4
20260716T141500Z,27.8,88.4
20260716T141514Z,27.8,88.4
20260716T141530Z,27.8,88.4
20260716T141544Z,27.8,88.4
20260716T141600Z,27.8,88.4
20260716T141614Z,27.8,87.8
20260716T141630Z,27.8,86.5
20260716T141644Z,27.7,85.8
20260716T141700Z,27.6,85.1
20260716T141714Z,27.5,85.3
20260716T141729Z,27.4,84.3
20260716T141744Z,27.3,83.6
20260716T141800Z,27.2,82.9
20260716T141814Z,27.0,82.8
20260716T141829Z,26.9,82.7
20260716T141844Z,26.8,81.5
20260716T141900Z,26.6,81.5
20260716T141914Z,26.5,81.8
20260716T141930Z,26.4,81.3
20260716T141944Z,26.3,80.1
20260716T142000Z,26.2,79.4
20260716T142015Z,26.1,78.8
20260716T142029Z,26.0,78.1
20260716T142045Z,25.9,79.9
20260716T142059Z,25.8,81.7
20260716T142114Z,25.7,83.3
20260716T142129Z,25.7,84.2
20260716T142144Z,25.7,84.7
20260716T142200Z,25.7,84.9
20260716T142214Z,25.7,85.4
20260716T142230Z,25.8,85.6
20260716T142246Z,25.8,85.9
20260716T142300Z,25.8,86.5
20260716T142315Z,25.8,86.8
20260716T142329Z,25.9,87.0
20260716T142345Z,25.9,87.2
20260716T142359Z,25.9,87.5
20260716T142415Z,25.9,87.8
20260716T142430Z,26.0,88.2
20260716T142444Z,26.0,88.4
20260716T142459Z,26.0,88.6
20260716T142515Z,26.1,88.8
20260716T142530Z,26.1,89.2
20260716T142544Z,26.1,89.5
20260716T142600Z,26.2,89.6
20260716T142615Z,26.2,89.8
20260716T142630Z,26.3,90.0
20260716T142644Z,26.3,90.1
20260716T142700Z,26.3,90.1
20260716T142714Z,26.3,90.2
20260716T142729Z,26.4,90.4
20260716T142745Z,26.4,90.5
20260716T142759Z,26.4,90.6
20260716T142815Z,26.4,90.6
20260716T142829Z,26.5,90.8
20260716T142845Z,26.5,90.8
20260716T142859Z,26.5,90.9
20260716T142915Z,26.5,91.0
20260716T142929Z,26.6,91.0
20260716T142944Z,26.6,91.1
20260716T143000Z,26.6,91.2
20260716T143014Z,26.6,91.3
20260716T143030Z,26.7,91.2
20260716T143045Z,26.7,91.3
20260716T143100Z,26.7,91.2
20260716T143115Z,26.7,91.3
20260716T143130Z,26.8,91.2
20260716T143145Z,26.8,91.2
20260716T143159Z,26.8,91.3
20260716T143215Z,26.9,91.2
20260716T143229Z,26.9,91.2
20260716T143245Z,26.9,91.2
20260716T143259Z,26.9,91.2
20260716T143315Z,26.9,91.1
20260716T143329Z,27.0,91.1
20260716T143346Z,27.0,91.1
20260716T143400Z,27.0,91.0
20260716T143414Z,27.0,91.0
20260716T143429Z,27.1,90.9
20260716T143446Z,27.1,90.9
20260716T143500Z,27.1,90.9
20260716T143515Z,27.1,90.8
20260716T143530Z,27.2,90.8
20260716T143545Z,27.2,90.7
20260716T143559Z,27.2,90.7
20260716T143615Z,27.2,90.6
20260716T143629Z,27.2,90.6
20260716T143644Z,27.2,90.6
20260716T143659Z,27.3,90.5
20260716T143714Z,27.3,90.5
20260716T143729Z,27.3,90.5
20260716T143744Z,27.3,90.4
20260716T143800Z,27.3,90.4
20260716T143814Z,27.4,90.3
20260716T143830Z,27.4,90.3
20260716T143844Z,27.4,90.2
20260716T143900Z,27.4,90.2
20260716T143914Z,27.4,90.2
20260716T143930Z,27.4,90.1
20260716T143944Z,27.4,90.1
20260716T144000Z,27.5,90.1
20260716T144014Z,27.5,90.0
20260716T144030Z,27.5,90.0
20260716T144044Z,27.5,90.0
20260716T144100Z,27.5,89.9
20260716T144114Z,27.5,89.9
20260716T144130Z,27.5,89.9
20260716T144144Z,27.6,89.8
20260716T144200Z,27.6,89.8
20260716T144214Z,27.6,89.8
20260716T144230Z,27.6,89.7
20260716T144244Z,27.6,89.8
20260716T144300Z,27.6,89.7
20260716T144314Z,27.6,89.7
20260716T144329Z,27.6,89.7
20260716T144344Z,27.6,89.6
20260716T144359Z,27.7,89.6
20260716T144414Z,27.7,89.6
20260716T144430Z,27.7,89.5
20260716T144446Z,27.7,89.5
20260716T144500Z,27.7,89.5
20260716T144515Z,27.7,89.5
20260716T144529Z,27.7,89.4
20260716T144545Z,27.7,89.4
20260716T144559Z,27.7,89.4
20260716T144615Z,27.7,89.4
20260716T144629Z,27.7,89.4
20260716T144645Z,27.8,89.4
20260716T144659Z,27.8,89.3
20260716T144715Z,27.8,89.3
20260716T144729Z,27.8,89.3
20260716T144744Z,27.8,89.3
20260716T144800Z,27.8,89.3
20260716T144814Z,27.8,89.2
20260716T144829Z,27.8,89.2
20260716T144845Z,27.8,89.2
20260716T144859Z,27.8,89.2
20260716T144914Z,27.8,88.6
20260716T144930Z,27.8,87.6
20260716T144945Z,27.8,86.5
20260716T144959Z,27.7,85.9
20260716T145014Z,27.6,85.0
20260716T145029Z,27.5,84.3
20260716T145045Z,27.3,84.1
20260716T145059Z,27.2,83.7
20260716T145115Z,27.0,83.2
20260716T145130Z,26.9,82.5
20260716T145144Z,26.8,82.4
20260716T145200Z,26.6,81.9
20260716T145214Z,26.5,81.6
20260716T145230Z,26.4,81.6
20260716T145244Z,26.4,81.0
20260716T145300Z,26.3,80.6
20260716T145314Z,26.2,79.4
20260716T145329Z,26.1,78.9
20260716T145345Z,26.0,78.6
20260716T145359Z,25.9,80.5
20260716T145415Z,25.9,81.8
20260716T145429Z,25.9,83.0
20260716T145444Z,25.8,83.8
20260716T145500Z,25.9,84.2
20260716T145514Z,25.9,84.6
20260716T145529Z,25.9,85.0
20260716T145545Z,25.9,85.4
20260716T145559Z,25.9,85.7
20260716T145614Z,25.9,86.1
20260716T145630Z,25.9,86.3
20260716T145645Z,26.0,86.7
20260716T145659Z,26.0,87.1
20260716T145715Z,26.0,87.3
20260716T145729Z,26.1,87.3
20260716T145745Z,26.1,87.7
20260716T145800Z,26.1,88.0
20260716T145815Z,26.1,88.3
20260716T145830Z,26.2,88.5
20260716T145845Z,26.2,88.6
20260716T145859Z,26.2,88.9
20260716T145915Z,26.3,89.0
20260716T145929Z,26.3,89.1
20260716T145945Z,26.3,89.4
20260716T145959Z,26.3,89.5
20260716T150014Z,26.4,89.7
20260716T150030Z,26.4,89.9
20260716T150044Z,26.4,90.0
20260716T150100Z,26.5,90.2
20260716T150114Z,26.5,90.2
20260716T150130Z,26.5,90.4
20260716T150144Z,26.5,90.5
20260716T150200Z,26.5,90.6
20260716T150215Z,26.6,90.7
20260716T150230Z,26.6,90.9
20260716T150245Z,26.6,90.8
20260716T150300Z,26.6,91.0
20260716T150315Z,26.7,91.2
20260716T150329Z,26.7,91.2
20260716T150344Z,26.7,91.2
20260716T150400Z,26.7,91.2
20260716T150414Z,26.8,91.3
20260716T150430Z,26.8,91.3
20260716T150445Z,26.8,91.3
20260716T150500Z,26.8,91.3
20260716T150514Z,26.9,91.3
20260716T150530Z,26.9,91.4
20260716T150545Z,26.9,91.3
20260716T150600Z,26.9,91.4
20260716T150615Z,26.9,91.3
20260716T150630Z,27.0,91.3
20260716T150645Z,27.0,91.3
20260716T150700Z,27.0,91.3
20260716T150715Z,27.0,91.4
20260716T150730Z,27.1,91.3
20260716T150745Z,27.1,91.2
20260716T150800Z,27.1,91.2
20260716T150815Z,27.1,91.2
20260716T150830Z,27.1,91.1
20260716T150845Z,27.2,91.2
20260716T150900Z,27.2,91.1
20260716T150915Z,27.2,91.1
20260716T150930Z,27.2,91.1
20260716T150945Z,27.2,91.0
20260716T151000Z,27.3,91.0
20260716T151015Z,27.3,90.9
20260716T151030Z,27.3,91.0
20260716T151045Z,27.3,90.9
20260716T151100Z,27.3,90.9
20260716T151115Z,27.3,90.9
20260716T151130Z,27.3,90.9
20260716T151145Z,27.3,90.8
20260716T151200Z,27.4,90.8
20260716T151215Z,27.4,90.8
20260716T151230Z,27.4,90.8
20260716T151245Z,27.4,90.7
20260716T151300Z,27.4,90.7
20260716T151315Z,27.4,90.7
20260716T151330Z,27.4,90.6
20260716T151345Z,27.5,90.6
20260716T151400Z,27.5,90.6
20260716T151415Z,27.5,90.6
20260716T151430Z,27.5,90.5
20260716T151445Z,27.5,90.5
20260716T151500Z,27.5,90.5
20260716T151515Z,27.5,90.5
20260716T151530Z,27.6,90.5
20260716T151545Z,27.6,90.4
20260716T151600Z,27.6,90.4
20260716T151615Z,27.6,90.4
20260716T151630Z,27.6,90.3
20260716T151645Z,27.6,90.3
20260716T151700Z,27.6,90.3
20260716T151715Z,27.6,90.3
20260716T151730Z,27.6,90.2
20260716T151745Z,27.6,90.2
20260716T151800Z,27.6,90.2
20260716T151815Z,27.7,90.2
20260716T151830Z,27.7,90.1
20260716T151845Z,27.7,90.1
20260716T151900Z,27.7,90.1
20260716T151915Z,27.7,90.1
20260716T151930Z,27.7,90.1
20260716T151945Z,27.7,90.0
20260716T152000Z,27.7,90.0
20260716T152015Z,27.7,90.0
20260716T152030Z,27.7,90.0
20260716T152045Z,27.7,90.0
20260716T152100Z,27.8,89.9
20260716T152115Z,27.8,90.0
20260716T152130Z,27.8,89.9
20260716T152145Z,27.8,89.9
20260716T152200Z,27.8,89.9
20260716T152215Z,27.8,89.9
20260716T152230Z,27.8,89.9
20260716T152245Z,27.8,89.8
20260716T152300Z,27.8,89.8
20260716T152315Z,27.8,89.8
20260716T152330Z,27.8,89.8
20260716T152345Z,27.8,89.8
20260716T152400Z,27.8,89.8
20260716T152415Z,27.8,89.5
20260716T152430Z,27.8,89.4
20260716T152445Z,27.8,87.0
20260716T152500Z,27.7,87.2
20260716T152515Z,27.6,85.8
20260716T152530Z,27.5,85.7
20260716T152545Z,27.4,84.7
20260716T152600Z,27.2,84.6
20260716T152615Z,27.1,84.2
20260716T152630Z,27.0,84.4
20260716T152645Z,26.9,83.1
20260716T152700Z,26.8,83.1
20260716T152715Z,26.6,82.3
20260716T152730Z,26.5,81.5
20260716T152745Z,26.4,80.9
20260716T152800Z,26.3,80.0
20260716T152815Z,26.2,80.0
20260716T152830Z,26.1,79.4
20260716T152845Z,26.0,79.1
20260716T152900Z,25.9,80.1
20260716T152915Z,25.8,82.0
20260716T152930Z,25.8,83.5
20260716T152945Z,25.8,84.4
20260716T153000Z,25.8,84.7
20260716T153015Z,25.8,85.3
20260716T153030Z,25.8,85.5
20260716T153045Z,25.9,85.9
20260716T153100Z,25.9,86.1
20260716T153115Z,25.9,86.6
20260716T153130Z,25.9,86.8
20260716T153145Z,26.0,87.1
20260716T153200Z,26.0,87.3
20260716T153215Z,26.0,87.6
20260716T153230Z,26.1,87.9
20260716T153245Z,26.1,88.2
20260716T153300Z,26.1,88.5
20260716T153315Z,26.2,88.5
20260716T153330Z,26.2,88.8
20260716T153345Z,26.2,89.0
20260716T153400Z,26.2,89.3
20260716T153415Z,26.3,89.4
20260716T153430Z,26.3,89.6
20260716T153445Z,26.3,89.7
20260716T153500Z,26.3,90.0
20260716T153515Z,26.4,90.0
20260716T153530Z,26.4,90.3
20260716T153545Z,26.4,90.4
20260716T153600Z,26.4,90.6
20260716T153615Z,26.5,90.7
20260716T153630Z,26.5,90.9
20260716T153645Z,26.5,91.0
20260716T153700Z,26.5,91.0
20260716T153715Z,26.5,91.2
20260716T153730Z,26.6,91.2
20260716T153745Z,26.6,91.0
20260716T153800Z,26.6,90.9
20260716T153815Z,26.6,88.3
20260716T153830Z,26.5,88.3
20260716T153845Z,26.5,87.4
20260716T153900Z,26.5,86.7
20260716T153915Z,26.4,85.3
20260716T153930Z,26.3,84.8
20260716T153945Z,26.3,84.6
20260716T154000Z,26.2,83.8
20260716T154015Z,26.1,83.7
20260716T154030Z,26.0,82.8
20260716T154045Z,26.0,82.1
20260716T154100Z,26.0,81.7
20260716T154115Z,25.9,80.2
20260716T154130Z,25.9,78.6
20260716T154145Z,25.8,79.0
20260716T154200Z,25.7,78.5
20260716T154215Z,25.6,77.8
20260716T154230Z,25.6,77.2
20260716T154245Z,25.5,76.3
20260716T154300Z,25.5,75.5
20260716T154315Z,25.4,75.4
20260716T154330Z,25.3,75.1
20260716T154345Z,25.3,74.7
20260716T154400Z,25.3,75.5
20260716T154415Z,25.3,77.4
20260716T154430Z,25.3,79.2
20260716T154445Z,25.3,79.8
20260716T154500Z,25.3,80.2
20260716T154515Z,25.3,80.6
20260716T154530Z,25.3,81.1
20260716T154545Z,25.4,81.3
20260716T154600Z,25.4,81.9
20260716T154615Z,25.4,82.3
20260716T154630Z,25.4,82.6
20260716T154645Z,25.4,83.1
20260716T154700Z,25.5,83.6
20260716T154715Z,25.5,83.9
20260716T154730Z,25.5,84.1
20260716T154745Z,25.6,84.4
20260716T154800Z,25.6,84.9
20260716T154815Z,25.6,85.3
20260716T154830Z,25.6,85.6
20260716T154845Z,25.7,85.7
20260716T154900Z,25.7,86.1
20260716T154915Z,25.7,86.2
20260716T154930Z,25.7,86.7
20260716T154945Z,25.8,86.8
20260716T155000Z,25.8,87.0
20260716T155015Z,25.8,87.3
20260716T155030Z,25.9,87.5
20260716T155045Z,25.9,87.7
20260716T155100Z,25.9,87.9
20260716T155115Z,25.9,88.1
20260716T155130Z,26.0,88.3
20260716T155145Z,26.0,88.5
20260716T155200Z,26.0,88.6
20260716T155215Z,26.0,88.9
20260716T155230Z,26.1,89.0
20260716T155245Z,26.1,89.2
20260716T155300Z,26.1,89.3
20260716T155315Z,26.1,89.4
20260716T155330Z,26.2,89.6
20260716T155345Z,26.2,89.7
20260716T155400Z,26.2,89.8
20260716T155415Z,26.2,90.0
20260716T155430Z,26.3,90.0
20260716T155445Z,26.3,90.3
20260716T155500Z,26.3,90.3
20260716T155515Z,26.3,90.4
20260716T155530Z,26.4,90.5
20260716T155545Z,26.4,90.6
20260716T155600Z,26.4,90.7
20260716T155615Z,26.4,90.7
20260716T155630Z,26.4,90.8
20260716T155645Z,26.5,90.8
20260716T155700Z,26.5,91.0
20260716T155715Z,26.5,91.0
20260716T155730Z,26.5,91.1
20260716T155745Z,26.5,91.1
20260716T155800Z,26.6,91.1
20260716T155815Z,26.6,91.1
20260716T155830Z,26.6,91.2
20260716T155845Z,26.6,91.2
20260716T155900Z,26.7,91.2
20260716T155915Z,26.7,90.7
20260716T155930Z,26.7,90.5
20260716T155945Z,26.7,88.5
20260716T160000Z,26.6,87.9
20260716T160015Z,26.6,87.2
20260716T160030Z,26.5,86.4
20260716T160045Z,26.4,85.3
20260716T160100Z,26.4,85.2
20260716T160115Z,26.3,84.4
20260716T160130Z,26.2,83.6
20260716T160145Z,26.1,83.2
20260716T160200Z,26.1,82.6
20260716T160215Z,26.0,81.8
20260716T160230Z,25.9,81.1
20260716T160245Z,25.8,80.2
20260716T160300Z,25.7,79.8
20260716T160315Z,25.7,78.4
20260716T160330Z,25.6,78.5
20260716T160345Z,25.5,77.6
20260716T160400Z,25.4,77.4
20260716T160415Z,25.4,76.8
20260716T160430Z,25.3,76.1
20260716T160445Z,25.3,75.5
20260716T160501Z,25.3,75.6
20260716T160515Z,25.3,76.9
20260716T160530Z,25.2,78.5
20260716T160545Z,25.2,79.8
20260716T160600Z,25.2,80.5
20260716T160615Z,25.2,80.8
20260716T160630Z,25.3,81.4
20260716T160645Z,25.3,81.5
20260716T160700Z,25.3,82.3
20260716T160715Z,25.3,82.8
20260716T160730Z,25.3,82.9
20260716T160745Z,25.3,83.4
20260716T160800Z,25.4,83.8
20260716T160815Z,25.4,84.2
20260716T160830Z,25.4,84.4
20260716T160845Z,25.5,84.7
20260716T160900Z,25.5,85.1
20260716T160915Z,25.5,85.5
20260716T160930Z,25.5,85.5
20260716T160945Z,25.6,85.9
20260716T161000Z,25.6,86.2
20260716T161015Z,25.6,86.4
20260716T161030Z,25.7,86.9
20260716T161045Z,25.7,87.0
20260716T161100Z,25.7,87.2
20260716T161115Z,25.7,87.5
20260716T161130Z,25.8,87.7
20260716T161145Z,25.8,88.0
20260716T161200Z,25.8,88.2
20260716T161215Z,25.8,88.3
20260716T161230Z,25.9,88.5
20260716T161245Z,25.9,88.7
20260716T161300Z,25.9,88.8
20260716T161315Z,26.0,89.0
20260716T161330Z,26.0,89.1
20260716T161345Z,26.0,89.4
20260716T161400Z,26.0,89.6
20260716T161415Z,26.1,89.5
20260716T161430Z,26.1,89.7
20260716T161445Z,26.1,89.9
20260716T161500Z,26.1,90.0
20260716T161515Z,26.1,90.1
20260716T161530Z,26.2,90.1
20260716T161545Z,26.2,90.3
20260716T161600Z,26.2,90.4
20260716T161615Z,26.2,90.5
20260716T161630Z,26.2,90.6
20260716T161645Z,26.3,90.7
20260716T161701Z,26.3,90.7
20260716T161716Z,26.3,90.9
20260716T161730Z,26.3,90.9
20260716T161745Z,26.3,91.0
20260716T161800Z,26.3,91.1
20260716T161815Z,26.4,91.2
20260716T161830Z,26.4,91.2
20260716T161845Z,26.4,91.2
20260716T161900Z,26.4,91.3
20260716T161915Z,26.4,91.3
20260716T161930Z,26.5,91.4
20260716T161945Z,26.5,91.4
20260716T162001Z,26.5,91.4
20260716T162016Z,26.5,91.5
20260716T162030Z,26.5,91.5
20260716T162045Z,26.6,91.5
20260716T162100Z,26.6,91.5
20260716T162115Z,26.6,91.5
20260716T162130Z,26.6,91.5
20260716T162145Z,26.6,91.6
20260716T162200Z,26.6,91.5
20260716T162215Z,26.7,91.5
20260716T162230Z,26.7,90.8
20260716T162245Z,26.7,89.8
20260716T162300Z,26.6,88.5
20260716T162315Z,26.6,88.0
20260716T162330Z,26.5,87.2
20260716T162345Z,26.5,86.6
20260716T162400Z,26.4,85.7
20260716T162415Z,26.3,85.4
20260716T162430Z,26.2,84.3
20260716T162445Z,26.1,84.5
20260716T162500Z,26.1,83.8
20260716T162515Z,26.0,83.2
20260716T162530Z,25.9,81.9
20260716T162545Z,25.9,81.3
20260716T162600Z,25.7,80.4
20260716T162615Z,25.7,79.8
20260716T162630Z,25.6,79.5
20260716T162645Z,25.5,78.9
20260716T162700Z,25.5,78.6
20260716T162715Z,25.4,78.9
20260716T162730Z,25.4,77.9
20260716T162745Z,25.4,77.4
20260716T162801Z,25.4,78.3
20260716T162815Z,25.4,79.4
20260716T162830Z,25.4,81.5
20260716T162845Z,25.4,82.3
20260716T162900Z,25.4,82.5
20260716T162915Z,25.4,82.5
20260716T162930Z,25.4,82.7
20260716T162945Z,25.4,83.0
20260716T163000Z,25.4,83.4
20260716T163015Z,25.4,84.0
20260716T163030Z,25.4,84.3
20260716T163045Z,25.4,84.7
20260716T163100Z,25.4,85.4
20260716T163115Z,25.5,85.7
20260716T163130Z,25.5,85.9
20260716T163145Z,25.5,86.2
20260716T163201Z,25.5,86.6
20260716T163216Z,25.5,86.7
20260716T163230Z,25.5,87.0
20260716T163245Z,25.6,87.4
20260716T163300Z,25.6,87.6
20260716T163315Z,25.6,87.7
20260716T163330Z,25.6,88.1
20260716T163345Z,25.6,88.4
20260716T163400Z,25.7,88.5
20260716T163415Z,25.7,88.8
20260716T163430Z,25.7,89.0
20260716T163445Z,25.7,89.3
20260716T163500Z,25.7,89.4
20260716T163515Z,25.7,89.7
20260716T163530Z,25.8,89.7
20260716T163545Z,25.8,89.9
20260716T163600Z,25.8,90.1
20260716T163615Z,25.8,90.3
20260716T163630Z,25.8,90.5
20260716T163645Z,25.9,90.6
20260716T163700Z,25.9,90.6
20260716T163715Z,25.9,90.9
20260716T163730Z,25.9,91.0
20260716T163745Z,25.9,91.1
20260716T163800Z,25.9,91.2
20260716T163815Z,26.0,91.3
20260716T163830Z,26.0,91.5
20260716T163845Z,26.0,91.5
20260716T163900Z,26.0,91.6
20260716T163915Z,26.0,91.7
20260716T163930Z,26.0,91.7
20260716T163945Z,26.1,91.8
20260716T164000Z,26.1,92.0
20260716T164015Z,26.1,92.0
20260716T164030Z,26.1,92.1
20260716T164045Z,26.1,92.1
20260716T164100Z,26.2,92.2
20260716T164115Z,26.2,92.3
20260716T164130Z,26.2,92.3
20260716T164145Z,26.2,92.3
20260716T164200Z,26.2,92.4
20260716T164215Z,26.2,92.4
20260716T164230Z,26.3,92.4
20260716T164245Z,26.3,92.5
20260716T164300Z,26.3,92.5
20260716T164315Z,26.3,92.4
20260716T164330Z,26.3,92.4
20260716T164345Z,26.3,92.5
20260716T164400Z,26.4,92.5
20260716T164415Z,26.4,92.6
20260716T164430Z,26.4,92.6
20260716T164445Z,26.4,92.6
20260716T164500Z,26.4,92.5
20260716T164515Z,26.4,92.6
20260716T164530Z,26.5,92.6
20260716T164545Z,26.5,92.6
20260716T164600Z,26.5,92.5
20260716T164615Z,26.5,92.5
20260716T164630Z,26.5,92.5
20260716T164645Z,26.5,92.5
20260716T164700Z,26.6,92.5
20260716T164715Z,26.6,92.5
20260716T164730Z,26.6,92.7
20260716T164745Z,26.6,92.7
20260716T164800Z,26.6,92.8
20260716T164815Z,26.6,92.8
20260716T164830Z,26.7,92.3
20260716T164845Z,26.7,92.1
20260716T164900Z,26.7,90.4
20260716T164915Z,26.6,90.3
20260716T164930Z,26.6,89.2
20260716T164945Z,26.5,88.7
20260716T165000Z,26.5,87.4
20260716T165015Z,26.4,86.6
20260716T165030Z,26.3,86.1
20260716T165045Z,26.2,85.7
20260716T165100Z,26.1,85.2
20260716T165115Z,26.1,84.3
20260716T165130Z,26.0,82.9
20260716T165145Z,25.9,82.4
20260716T165200Z,25.8,82.6
20260716T165215Z,25.7,81.5
20260716T165230Z,25.6,81.5
20260716T165245Z,25.6,80.8
20260716T165300Z,25.6,79.8
20260716T165315Z,25.5,78.9
20260716T165330Z,25.5,78.5
20260716T165345Z,25.4,78.2
20260716T165401Z,25.4,76.9
20260716T165415Z,25.3,77.0
20260716T165430Z,25.3,76.1
20260716T165445Z,25.3,75.0
20260716T165501Z,25.3,74.3
20260716T165516Z,25.3,73.3
20260716T165530Z,25.3,72.9
20260716T165545Z,25.3,72.2
20260716T165600Z,25.3,71.9
20260716T165615Z,25.3,72.4
20260716T165630Z,25.3,74.6
20260716T165645Z,25.3,76.8
20260716T165700Z,25.3,77.8
20260716T165715Z,25.3,77.9
20260716T165730Z,25.2,78.5
20260716T165745Z,25.2,79.1
20260716T165801Z,25.2,79.1
20260716T165816Z,25.2,80.1
20260716T165830Z,25.2,80.6
20260716T165845Z,25.2,81.0
20260716T165900Z,25.2,81.5
20260716T165915Z,25.2,81.9
20260716T165930Z,25.3,82.4
20260716T165945Z,25.3,82.8
20260716T170000Z,25.3,83.3
20260716T170015Z,25.3,83.8
20260716T170030Z,25.3,84.2
20260716T170045Z,25.3,84.7
20260716T170100Z,25.4,85.0
20260716T170115Z,25.4,85.5
20260716T170130Z,25.4,85.8
20260716T170145Z,25.4,86.1
20260716T170200Z,25.4,86.3
20260716T170215Z,25.4,86.8
20260716T170230Z,25.4,87.0
20260716T170245Z,25.5,87.3
20260716T170300Z,25.5,87.6
20260716T170315Z,25.5,87.9
20260716T170330Z,25.5,88.2
20260716T170345Z,25.5,88.4
20260716T170400Z,25.6,88.7
20260716T170415Z,25.6,89.0
20260716T170430Z,25.6,89.1
20260716T170445Z,25.6,89.4
20260716T170500Z,25.6,89.4
20260716T170515Z,25.7,89.6
20260716T170530Z,25.7,89.1
20260716T170545Z,25.7,88.4
20260716T170600Z,25.7,87.1
20260716T170615Z,25.7,86.6
20260716T170630Z,25.6,85.8
20260716T170645Z,25.6,84.3
20260716T170700Z,25.5,83.9
20260716T170715Z,25.5,83.2
20260716T170730Z,25.4,83.0
20260716T170745Z,25.4,82.7
20260716T170800Z,25.4,81.1
20260716T170815Z,25.4,80.1
20260716T170830Z,25.3,79.3
20260716T170845Z,25.3,79.0
20260716T170900Z,25.3,78.3
20260716T170915Z,25.3,77.6
20260716T170930Z,25.3,76.7
20260716T170945Z,25.4,76.1
20260716T171000Z,25.4,74.6
20260716T171015Z,25.3,73.7
20260716T171030Z,25.3,72.7
20260716T171045Z,25.2,73.4
20260716T171100Z,25.1,75.1
20260716T171115Z,25.1,76.4
20260716T171130Z,25.1,78.6
20260716T171145Z,25.1,78.9
20260716T171200Z,25.1,80.0
20260716T171215Z,25.1,80.4
20260716T171230Z,25.1,80.9
20260716T171245Z,25.1,81.4
20260716T171300Z,25.1,81.9
20260716T171315Z,25.1,82.2
20260716T171330Z,25.1,82.7
20260716T171345Z,25.1,82.8
20260716T171400Z,25.1,83.3
20260716T171415Z,25.1,83.7
20260716T171430Z,25.2,84.2
20260716T171445Z,25.1,84.5
20260716T171500Z,25.2,84.8
20260716T171515Z,25.2,85.0
20260716T171530Z,25.3,85.4
20260716T171545Z,25.3,85.7
20260716T171600Z,25.3,86.0
20260716T171615Z,25.3,86.2
20260716T171630Z,25.3,86.3
20260716T171645Z,25.4,86.7
20260716T171700Z,25.4,87.0
20260716T171715Z,25.4,87.2
20260716T171730Z,25.5,87.4
20260716T171745Z,25.5,87.7
20260716T171800Z,25.5,87.9
20260716T171815Z,25.6,88.1
20260716T171830Z,25.6,88.3
20260716T171845Z,25.6,88.6
20260716T171900Z,25.6,88.8
20260716T171915Z,25.6,88.9
20260716T171930Z,25.6,89.1
20260716T171945Z,25.7,89.3
20260716T172000Z,25.7,89.5
20260716T172015Z,25.7,89.6
20260716T172030Z,25.7,89.7
20260716T172045Z,25.7,90.1
20260716T172100Z,25.7,89.3
20260716T172115Z,25.8,88.4
20260716T172130Z,25.7,87.4
20260716T172145Z,25.7,87.1
20260716T172200Z,25.7,86.0
20260716T172215Z,25.6,84.8
20260716T172230Z,25.6,84.8
20260716T172245Z,25.5,82.7
20260716T172300Z,25.4,82.5
20260716T172315Z,25.4,82.4
20260716T172330Z,25.3,81.1
20260716T172345Z,25.3,80.6
20260716T172400Z,25.3,80.3
20260716T172415Z,25.3,79.4
20260716T172430Z,25.3,78.5
20260716T172445Z,25.3,78.0
20260716T172500Z,25.2,76.7
20260716T172515Z,25.2,75.6
20260716T172530Z,25.2,75.1
20260716T172545Z,25.1,74.2
20260716T172600Z,25.1,73.3
20260716T172615Z,25.0,74.7
20260716T172630Z,25.0,76.2
20260716T172645Z,25.0,78.7
20260716T172700Z,25.0,79.6
20260716T172715Z,25.0,80.1
20260716T172730Z,25.0,80.2
20260716T172745Z,25.0,80.2
20260716T172800Z,25.0,80.5
20260716T172815Z,25.0,81.1
20260716T172830Z,25.0,81.6
20260716T172845Z,25.1,81.8
20260716T172900Z,25.1,82.2
20260716T172915Z,25.1,82.6
20260716T172930Z,25.1,82.9
20260716T172945Z,25.1,83.4
20260716T173000Z,25.1,83.6
20260716T173015Z,25.2,83.9
20260716T173030Z,25.2,84.3
20260716T173045Z,25.2,84.7
20260716T173100Z,25.2,84.8
20260716T173115Z,25.2,85.3
20260716T173130Z,25.3,85.6
20260716T173145Z,25.3,85.9
20260716T173200Z,25.3,86.1
20260716T173215Z,25.3,86.3
20260716T173230Z,25.4,86.7
20260716T173245Z,25.4,87.0
20260716T173300Z,25.4,87.3
20260716T173315Z,25.4,87.5
20260716T173330Z,25.4,87.7
20260716T173345Z,25.4,87.9
20260716T173400Z,25.5,88.1
20260716T173415Z,25.5,88.3
20260716T173430Z,25.5,88.5
20260716T173445Z,25.5,88.8
20260716T173500Z,25.5,88.9
20260716T173515Z,25.5,89.1
20260716T173530Z,25.6,89.2
20260716T173545Z,25.6,89.5
20260716T173600Z,25.6,89.7
20260716T173615Z,25.6,89.9
20260716T173630Z,25.6,89.9
20260716T173645Z,25.6,90.2
20260716T173700Z,25.7,90.3
20260716T173715Z,25.7,90.5
20260716T173730Z,25.7,90.6
20260716T173745Z,25.7,89.7
20260716T173800Z,25.7,89.4
20260716T173815Z,25.7,88.3
20260716T173830Z,25.7,87.9
20260716T173845Z,25.6,86.6
20260716T173900Z,25.6,85.9
20260716T173915Z,25.5,85.0
20260716T173930Z,25.5,84.4
20260716T173945Z,25.4,83.7
20260716T174000Z,25.4,82.6
20260716T174015Z,25.3,82.2
20260716T174030Z,25.3,81.0
20260716T174045Z,25.2,80.1
20260716T174100Z,25.2,79.6
20260716T174115Z,25.2,78.7
20260716T174130Z,25.1,78.6
20260716T174145Z,25.1,77.6
20260716T174200Z,25.1,76.1
20260716T174215Z,25.1,76.1
20260716T174230Z,25.0,74.8
20260716T174245Z,25.0,74.9
20260716T174300Z,25.0,76.8
20260716T174315Z,24.9,78.6
20260716T174330Z,25.0,79.8
20260716T174345Z,25.0,80.4
20260716T174400Z,25.0,80.7
20260716T174415Z,25.0,80.8
20260716T174430Z,25.0,81.1
20260716T174445Z,25.0,81.8
20260716T174500Z,25.0,82.3
20260716T174515Z,25.0,82.3
20260716T174530Z,25.0,82.9
20260716T174545Z,25.0,83.3
20260716T174600Z,25.0,83.6
20260716T174615Z,25.0,84.1
20260716T174630Z,25.0,84.3
20260716T174645Z,25.0,84.6
20260716T174700Z,25.1,85.1
20260716T174715Z,25.1,85.3
20260716T174730Z,25.1,85.5
20260716T174745Z,25.1,85.9
20260716T174800Z,25.1,85.2
20260716T174815Z,25.2,85.1
20260716T174830Z,25.2,84.1
20260716T174845Z,25.2,84.1
20260716T174900Z,25.2,83.2
20260716T174915Z,25.2,82.1
20260716T174930Z,25.1,81.3
20260716T174945Z,25.1,80.4
20260716T175000Z,25.1,79.9
20260716T175015Z,25.0,79.3
20260716T175030Z,25.0,79.0
20260716T175045Z,25.0,77.9
20260716T175100Z,25.0,77.1
20260716T175115Z,25.0,76.5
20260716T175130Z,25.0,75.5
20260716T175145Z,24.9,74.6
20260716T175200Z,24.9,74.1
20260716T175215Z,24.9,73.3
20260716T175230Z,24.8,72.9
20260716T175245Z,24.8,72.1
20260716T175300Z,24.7,71.5
20260716T175315Z,24.7,70.9
20260716T175330Z,24.6,70.3
20260716T175345Z,24.5,70.9
20260716T175401Z,24.5,72.5
20260716T175415Z,24.5,74.6
20260716T175430Z,24.5,75.9
20260716T175445Z,24.5,76.6
20260716T175500Z,24.6,77.0
20260716T175515Z,24.6,77.3
20260716T175530Z,24.6,77.6
20260716T175545Z,24.6,78.2
20260716T175600Z,24.6,78.8
20260716T175615Z,24.6,79.0
20260716T175630Z,24.6,79.5
20260716T175645Z,24.6,79.6
20260716T175700Z,24.7,80.2
20260716T175715Z,24.7,80.5
20260716T175730Z,24.7,80.9
20260716T175745Z,24.7,81.1
20260716T175801Z,24.8,81.6
20260716T175815Z,24.8,82.0
20260716T175830Z,24.8,82.4
20260716T175845Z,24.8,82.8
20260716T175900Z,24.9,83.1
20260716T175916Z,24.9,83.3
20260716T175930Z,24.9,83.6
20260716T175946Z,25.0,83.8
20260716T180000Z,25.0,84.3
20260716T180016Z,25.0,84.5
20260716T180031Z,25.0,83.8
20260716T180045Z,25.0,83.6
20260716T180101Z,25.0,82.5
20260716T180115Z,25.0,81.9
20260716T180130Z,25.0,81.3
20260716T180145Z,25.0,80.5
20260716T180201Z,24.9,79.1
20260716T180215Z,24.8,79.3
20260716T180231Z,24.8,79.1
20260716T180245Z,24.8,78.2
20260716T180301Z,24.8,77.6
20260716T180315Z,24.8,76.5
20260716T180331Z,24.8,75.5
20260716T180345Z,24.8,74.7
20260716T180401Z,24.7,73.6
20260716T180416Z,24.7,73.4
20260716T180430Z,24.6,72.7
20260716T180446Z,24.6,71.4
20260716T180501Z,24.5,71.0
20260716T180515Z,24.4,71.8
20260716T180531Z,24.4,73.5
20260716T180546Z,24.4,75.6
20260716T180600Z,24.4,77.0
20260716T180616Z,24.4,77.5
20260716T180630Z,24.4,78.0
20260716T180646Z,24.5,77.8
20260716T180700Z,24.5,78.3
20260716T180716Z,24.5,78.7
20260716T180730Z,24.5,79.1
20260716T180746Z,24.5,79.4
20260716T180800Z,24.6,80.1
20260716T180816Z,24.6,80.2
20260716T180830Z,24.6,80.7
20260716T180846Z,24.6,81.0
20260716T180900Z,24.7,81.4
20260716T180916Z,24.7,81.7
20260716T180930Z,24.7,82.0
20260716T180946Z,24.7,82.4
20260716T181000Z,24.7,82.8
20260716T181016Z,24.8,82.8
20260716T181030Z,24.8,83.3
20260716T181045Z,24.8,83.4
20260716T181100Z,24.9,83.7
20260716T181115Z,24.9,84.1
20260716T181131Z,24.9,84.3
20260716T181145Z,24.9,84.7
20260716T181201Z,24.9,85.0
20260716T181215Z,25.0,85.2
20260716T181231Z,25.0,84.7
20260716T181245Z,25.0,84.9
20260716T181300Z,25.0,83.6
20260716T181316Z,25.0,83.3
20260716T181330Z,25.0,82.1
20260716T181346Z,24.9,80.9
20260716T181400Z,24.9,80.3
20260716T181415Z,24.8,79.7
20260716T181430Z,24.7,79.7
20260716T181446Z,24.7,78.8
20260716T181500Z,24.7,78.5
20260716T181516Z,24.7,77.6
20260716T181530Z,24.7,76.8
20260716T181546Z,24.7,75.4
20260716T181600Z,24.7,75.0
20260716T181616Z,24.6,74.1
20260716T181630Z,24.6,73.0
20260716T181646Z,24.6,72.4
20260716T181700Z,24.5,72.1
20260716T181716Z,24.5,73.3
20260716T181731Z,24.5,75.2
20260716T181745Z,24.5,77.3
20260716T181801Z,24.5,78.1
20260716T181815Z,24.5,78.3
20260716T181831Z,24.5,78.6
20260716T181845Z,24.5,79.0
20260716T181901Z,24.5,79.1
20260716T181915Z,24.5,79.5
20260716T181931Z,24.5,80.2
20260716T181945Z,24.5,80.4
20260716T182001Z,24.5,80.8
20260716T182015Z,24.5,81.0
20260716T182031Z,24.5,81.6
20260716T182046Z,24.5,82.0
20260716T182101Z,24.5,82.4
20260716T182115Z,24.6,82.6
20260716T182131Z,24.6,83.0
20260716T182145Z,24.6,83.3
20260716T182201Z,24.7,83.6
20260716T182215Z,24.7,83.9
20260716T182230Z,24.7,84.2
20260716T182246Z,24.7,84.6
20260716T182300Z,24.8,84.9
20260716T182316Z,24.8,85.1
20260716T182331Z,24.8,85.3
20260716T182346Z,24.8,85.6
20260716T182401Z,24.8,85.7
20260716T182416Z,24.9,86.3
20260716T182430Z,24.9,86.0
20260716T182446Z,24.9,85.9
20260716T182500Z,24.9,84.7
20260716T182516Z,24.9,84.0
20260716T182530Z,24.9,83.5
20260716T182545Z,24.9,82.6
20260716T182601Z,24.8,82.0
20260716T182615Z,24.8,80.8
20260716T182631Z,24.8,80.3
20260716T182645Z,24.7,79.9
20260716T182701Z,24.7,78.9
20260716T182716Z,24.7,78.0
20260716T182730Z,24.7,77.5
20260716T182746Z,24.7,76.6
20260716T182800Z,24.7,75.9
20260716T182816Z,24.7,74.6
20260716T182830Z,24.6,73.9
20260716T182846Z,24.6,73.3
20260716T182900Z,24.6,73.1
20260716T182916Z,24.6,73.9
20260716T182930Z,24.6,75.6
20260716T182946Z,24.6,77.1
20260716T183000Z,24.6,78.2
20260716T183016Z,24.6,78.7
20260716T183031Z,24.6,78.8
20260716T183045Z,24.6,79.1
20260716T183102Z,24.5,79.7
20260716T183116Z,24.6,80.0
20260716T183131Z,24.5,80.3
20260716T183145Z,24.5,80.7
20260716T183202Z,24.5,81.3
20260716T183216Z,24.5,81.5
20260716T183231Z,24.6,81.8
20260716T183245Z,24.6,82.3
20260716T183301Z,24.6,82.7
20260716T183315Z,24.6,82.9
20260716T183330Z,24.6,83.2
20260716T183346Z,24.7,83.7
20260716T183400Z,24.7,83.8
20260716T183416Z,24.7,84.1
20260716T183430Z,24.7,84.5
20260716T183446Z,24.7,84.8
20260716T183500Z,24.8,85.3
20260716T183516Z,24.8,85.4
20260716T183530Z,24.8,85.5
20260716T183546Z,24.8,86.1
20260716T183601Z,24.8,86.4
20260716T183615Z,24.8,86.4
20260716T183631Z,24.9,86.7
20260716T183645Z,24.9,86.7
20260716T183700Z,24.9,86.7
20260716T183716Z,24.9,85.3
20260716T183730Z,24.9,84.4
20260716T183746Z,24.9,84.0
20260716T183800Z,24.8,83.3
20260716T183816Z,24.8,82.5
20260716T183830Z,24.8,81.1
20260716T183846Z,24.8,81.1
20260716T183900Z,24.7,80.4
20260716T183916Z,24.7,79.2
20260716T183931Z,24.6,78.5
20260716T183946Z,24.6,77.7
20260716T184000Z,24.6,77.2
20260716T184016Z,24.6,76.4
20260716T184030Z,24.5,75.7
20260716T184046Z,24.5,74.7
20260716T184100Z,24.5,74.2
20260716T184116Z,24.4,73.4
20260716T184130Z,24.4,74.9
20260716T184146Z,24.3,76.6
20260716T184201Z,24.3,78.2
20260716T184215Z,24.4,79.5
20260716T184231Z,24.4,79.5
20260716T184246Z,24.4,79.5
20260716T184302Z,24.4,80.0
20260716T184316Z,24.4,80.3
20260716T184330Z,24.4,80.7
20260716T184346Z,24.4,80.8
20260716T184401Z,24.5,81.3
20260716T184416Z,24.5,81.6
20260716T184430Z,24.5,82.0
20260716T184446Z,24.5,82.4
20260716T184501Z,24.5,82.7
20260716T184516Z,24.6,83.0
20260716T184530Z,24.6,83.1
20260716T184546Z,24.6,83.6
20260716T184602Z,24.6,83.7
20260716T184616Z,24.7,84.2
20260716T184630Z,24.7,84.5
20260716T184646Z,24.7,84.9
20260716T184700Z,24.7,85.1
20260716T184716Z,24.7,85.5
20260716T184730Z,24.8,85.6
20260716T184746Z,24.8,85.8
20260716T184800Z,24.8,86.2
20260716T184816Z,24.8,86.5
20260716T184830Z,24.8,86.6
20260716T184845Z,24.8,87.1
20260716T184900Z,24.9,87.0
20260716T184916Z,24.9,87.2
20260716T184930Z,24.9,86.7
20260716T184946Z,24.9,86.4
20260716T185000Z,24.9,85.3
20260716T185016Z,24.9,84.8
20260716T185030Z,24.9,83.8
20260716T185046Z,24.8,82.8
20260716T185100Z,24.8,82.4
20260716T185116Z,24.7,81.8
20260716T185130Z,24.7,80.8
20260716T185145Z,24.7,80.2
20260716T185201Z,24.6,78.7
20260716T185215Z,24.6,78.5
20260716T185231Z,24.5,77.9
20260716T185246Z,24.5,77.1
20260716T185301Z,24.5,76.4
20260716T185315Z,24.5,76.1
20260716T185331Z,24.5,75.1
20260716T185345Z,24.4,74.1
20260716T185401Z,24.4,74.3
20260716T185415Z,24.4,75.9
20260716T185431Z,24.4,77.3
20260716T185445Z,24.4,78.7
20260716T185502Z,24.4,79.4
20260716T185516Z,24.4,79.7
20260716T185530Z,24.4,80.0
20260716T185546Z,24.4,80.3
20260716T185601Z,24.4,81.0
20260716T185616Z,24.4,81.1
20260716T185631Z,24.4,81.5
20260716T185646Z,24.4,82.0
20260716T185700Z,24.4,82.3
20260716T185716Z,24.5,82.7
20260716T185730Z,24.5,82.9
20260716T185746Z,24.5,83.4
20260716T185800Z,24.5,83.5
20260716T185816Z,24.5,83.9
20260716T185831Z,24.6,84.2
20260716T185846Z,24.6,84.6
20260716T185901Z,24.6,84.7
20260716T185916Z,24.6,85.1
20260716T185931Z,24.7,85.5
20260716T185946Z,24.7,85.5
20260716T190001Z,24.7,85.8
20260716T190016Z,24.7,86.1
20260716T190031Z,24.7,86.2
20260716T190046Z,24.8,86.5
20260716T190101Z,24.8,86.8
20260716T190116Z,24.8,87.0
20260716T190131Z,24.8,87.3
20260716T190146Z,24.9,87.4
20260716T190201Z,24.9,87.6
20260716T190216Z,24.9,87.1
20260716T190231Z,24.9,87.3
20260716T190246Z,24.9,86.0
20260716T190301Z,24.9,85.3
20260716T190316Z,24.9,84.2
20260716T190331Z,24.8,83.5
20260716T190346Z,24.8,82.5
20260716T190401Z,24.7,81.9
20260716T190416Z,24.7,81.3
20260716T190431Z,24.6,80.9
20260716T190446Z,24.6,80.0
20260716T190501Z,24.5,79.6
20260716T190516Z,24.5,78.6
20260716T190531Z,24.5,77.9
20260716T190546Z,24.4,77.3
20260716T190601Z,24.5,76.7
20260716T190616Z,24.5,75.9
20260716T190631Z,24.5,74.6
20260716T190646Z,24.4,75.0
20260716T190702Z,24.5,76.4
20260716T190716Z,24.5,77.8
20260716T190731Z,24.5,79.2
20260716T190746Z,24.5,79.8
20260716T190802Z,24.5,79.7
20260716T190816Z,24.5,80.3
20260716T190831Z,24.5,80.7
20260716T190846Z,24.5,81.1
20260716T190901Z,24.5,81.4
20260716T190916Z,24.5,81.7
20260716T190931Z,24.5,82.2
20260716T190946Z,24.5,82.5
20260716T191001Z,24.5,82.9
20260716T191016Z,24.5,83.2
20260716T191031Z,24.5,83.5
20260716T191046Z,24.5,83.9
20260716T191101Z,24.6,84.0
20260716T191116Z,24.6,84.5
20260716T191131Z,24.6,85.0
20260716T191146Z,24.6,85.2
20260716T191201Z,24.6,85.3
20260716T191216Z,24.7,85.6
20260716T191231Z,24.7,85.9
20260716T191246Z,24.7,86.2
20260716T191301Z,24.7,86.5
20260716T191316Z,24.7,86.8
20260716T191331Z,24.8,87.1
20260716T191346Z,24.8,87.2
20260716T191401Z,24.8,87.5
20260716T191416Z,24.8,87.6
20260716T191431Z,24.8,88.0
20260716T191446Z,24.8,88.2
20260716T191501Z,24.8,87.5
20260716T191516Z,24.8,87.0
20260716T191531Z,24.9,85.7
20260716T191546Z,24.8,85.1
20260716T191601Z,24.8,84.2
20260716T191616Z,24.8,83.0
20260716T191631Z,24.7,82.5
20260716T191646Z,24.7,81.5
20260716T191701Z,24.6,81.8
20260716T191716Z,24.6,81.2
20260716T191731Z,24.6,79.4
20260716T191746Z,24.6,79.1
20260716T191802Z,24.5,77.8
20260716T191816Z,24.5,77.2
20260716T191831Z,24.5,76.3
20260716T191846Z,24.5,76.0
20260716T191901Z,24.4,75.3
20260716T191916Z,24.4,74.6
20260716T191931Z,24.4,76.2
20260716T191946Z,24.4,77.2
20260716T192001Z,24.4,79.1
20260716T192016Z,24.4,79.9
20260716T192031Z,24.4,80.2
20260716T192046Z,24.4,80.4
20260716T192101Z,24.4,80.7
20260716T192116Z,24.4,81.2
20260716T192131Z,24.4,81.4
20260716T192146Z,24.4,81.7
20260716T192201Z,24.4,82.2
20260716T192216Z,24.4,82.7
20260716T192231Z,24.4,82.9
20260716T192246Z,24.4,83.2
20260716T192301Z,24.5,83.5
20260716T192316Z,24.5,83.9
20260716T192331Z,24.5,83.9
20260716T192346Z,24.5,84.4
20260716T192401Z,24.5,84.7
20260716T192416Z,24.6,85.1
20260716T192431Z,24.6,85.3
20260716T192446Z,24.6,85.7
20260716T192501Z,24.6,86.0
20260716T192516Z,24.6,86.3
20260716T192531Z,24.6,86.4
20260716T192546Z,24.6,86.8
20260716T192601Z,24.7,87.0
20260716T192616Z,24.7,87.2
20260716T192631Z,24.7,87.6
20260716T192646Z,24.7,87.6
20260716T192701Z,24.7,87.9
20260716T192716Z,24.7,88.0
20260716T192731Z,24.8,88.2
20260716T192746Z,24.8,88.3
20260716T192801Z,24.8,87.9
20260716T192816Z,24.8,86.9
20260716T192831Z,24.8,85.9
20260716T192846Z,24.8,85.3
20260716T192901Z,24.8,84.0
20260716T192916Z,24.8,83.4
20260716T192931Z,24.7,82.1
20260716T192946Z,24.6,82.2
20260716T193001Z,24.6,81.9
20260716T193016Z,24.6,80.5
20260716T193031Z,24.6,80.0
20260716T193046Z,24.5,78.8
20260716T193101Z,24.5,78.1
20260716T193116Z,24.5,77.4
20260716T193131Z,24.5,76.7
20260716T193146Z,24.5,75.0
20260716T193201Z,24.4,74.3
20260716T193216Z,24.3,75.0
20260716T193231Z,24.3,76.4
20260716T193246Z,24.3,78.1
20260716T193301Z,24.3,80.0
20260716T193316Z,24.3,80.4
20260716T193331Z,24.3,80.7
20260716T193346Z,24.3,81.0
20260716T193401Z,24.3,81.1
20260716T193416Z,24.3,81.6
20260716T193431Z,24.3,81.7
20260716T193446Z,24.3,82.0
20260716T193501Z,24.3,82.7
20260716T193516Z,24.3,82.6
20260716T193531Z,24.4,83.2
20260716T193546Z,24.4,83.6
20260716T193601Z,24.4,83.8
20260716T193616Z,24.4,84.2
20260716T193631Z,24.4,84.3
20260716T193646Z,24.5,84.7
20260716T193701Z,24.5,85.0
20260716T193716Z,24.5,85.2
20260716T193731Z,24.5,85.4
20260716T193746Z,24.5,85.8
20260716T193801Z,24.6,86.0
20260716T193816Z,24.6,86.4
20260716T193831Z,24.6,86.7
20260716T193846Z,24.6,86.8
20260716T193901Z,24.7,86.9
20260716T193916Z,24.7,87.0
20260716T193931Z,24.7,87.3
20260716T193946Z,24.8,87.6
20260716T194001Z,24.8,87.7
20260716T194016Z,24.8,88.0
20260716T194031Z,24.8,88.1
20260716T194046Z,24.8,87.4
20260716T194101Z,24.8,87.6
20260716T194116Z,24.8,86.1
20260716T194131Z,24.8,85.7
20260716T194146Z,24.8,84.8
20260716T194201Z,24.8,83.9
20260716T194216Z,24.7,82.9
20260716T194231Z,24.7,82.0
20260716T194246Z,24.6,81.5
20260716T194301Z,24.5,80.8
20260716T194316Z,24.5,80.6
20260716T194331Z,24.5,79.9
20260716T194346Z,24.5,78.8
20260716T194401Z,24.4,77.7
20260716T194416Z,24.4,76.9
20260716T194431Z,24.3,76.3
20260716T194446Z,24.3,75.6
20260716T194501Z,24.2,75.2
20260716T194516Z,24.2,76.4
20260716T194531Z,24.2,77.9
20260716T194546Z,24.2,79.5
20260716T194601Z,24.2,80.4
20260716T194616Z,24.2,81.0
20260716T194631Z,24.2,81.1
20260716T194646Z,24.2,81.4
20260716T194701Z,24.2,81.5
20260716T194716Z,24.2,82.0
20260716T194731Z,24.2,82.4
20260716T194746Z,24.2,82.9
20260716T194801Z,24.2,83.2
20260716T194816Z,24.3,83.5
20260716T194831Z,24.3,83.7
20260716T194846Z,24.3,84.1
20260716T194901Z,24.3,84.1
20260716T194916Z,24.4,84.6
20260716T194931Z,24.4,84.8
20260716T194946Z,24.4,85.1
20260716T195001Z,24.5,85.3
20260716T195016Z,24.5,85.6
20260716T195031Z,24.5,85.8
20260716T195046Z,24.5,86.1
20260716T195101Z,24.6,86.5
20260716T195116Z,24.6,86.8
20260716T195131Z,24.6,87.1
20260716T195146Z,24.6,87.1
20260716T195201Z,24.6,87.4
20260716T195216Z,24.6,87.5
20260716T195231Z,24.7,87.9
20260716T195246Z,24.7,88.0
20260716T195301Z,24.7,88.2
20260716T195316Z,24.7,88.6
20260716T195331Z,24.7,88.3
20260716T195346Z,24.7,88.2
20260716T195401Z,24.8,86.7
20260716T195416Z,24.7,86.2
20260716T195431Z,24.7,85.3
20260716T195446Z,24.7,84.3
20260716T195501Z,24.7,83.4
20260716T195516Z,24.6,82.6
20260716T195531Z,24.6,82.2
20260716T195546Z,24.5,81.9
20260716T195601Z,24.5,81.0
20260716T195616Z,24.5,79.8
20260716T195631Z,24.4,79.5
20260716T195646Z,24.4,78.4
20260716T195701Z,24.4,77.7
20260716T195716Z,24.4,76.6
20260716T195731Z,24.4,75.4
20260716T195746Z,24.3,75.1
20260716T195801Z,24.3,75.9
20260716T195816Z,24.3,77.5
20260716T195831Z,24.3,79.2
20260716T195846Z,24.3,80.2
20260716T195901Z,24.2,80.5
20260716T195916Z,24.2,80.8
20260716T195931Z,24.3,81.1
20260716T195946Z,24.3,81.5
20260716T200001Z,24.3,81.6
20260716T200016Z,24.3,82.0
20260716T200031Z,24.3,82.3
20260716T200046Z,24.3,82.9
20260716T200101Z,24.3,83.1
20260716T200116Z,24.3,83.2
20260716T200131Z,24.3,83.7
20260716T200146Z,24.4,84.2
20260716T200201Z,24.4,84.3
20260716T200216Z,24.4,84.5
20260716T200231Z,24.4,85.0
20260716T200246Z,24.5,85.1
20260716T200301Z,24.5,85.4
20260716T200316Z,24.5,85.8
20260716T200331Z,24.5,86.0
20260716T200346Z,24.6,86.3
20260716T200401Z,24.6,86.5
20260716T200416Z,24.6,86.8
20260716T200431Z,24.6,87.1
20260716T200446Z,24.6,87.4
20260716T200501Z,24.6,87.7
20260716T200516Z,24.7,87.9
20260716T200531Z,24.7,88.1
20260716T200546Z,24.7,88.3
20260716T200601Z,24.7,88.5
20260716T200616Z,24.7,88.6
20260716T200631Z,24.7,87.8
20260716T200646Z,24.7,87.8
20260716T200701Z,24.7,86.5
20260716T200716Z,24.7,85.8
20260716T200731Z,24.7,84.8
20260716T200746Z,24.6,84.0
20260716T200801Z,24.6,83.3
20260716T200816Z,24.5,82.8
20260716T200831Z,24.4,82.2
20260716T200846Z,24.4,80.9
20260716T200901Z,24.4,80.7
20260716T200916Z,24.3,80.4
20260716T200931Z,24.3,79.7
20260716T200946Z,24.3,78.5
20260716T201001Z,24.3,77.4
20260716T201016Z,24.3,76.9
20260716T201031Z,24.3,75.6
20260716T201046Z,24.2,75.8
20260716T201101Z,24.2,77.5
20260716T201116Z,24.2,78.8
20260716T201131Z,24.2,80.0
20260716T201146Z,24.2,81.2
20260716T201201Z,24.2,81.3
20260716T201216Z,24.2,81.8
20260716T201231Z,24.2,81.9
20260716T201246Z,24.2,82.2
20260716T201301Z,24.2,82.6
20260716T201316Z,24.2,82.8
20260716T201331Z,24.2,83.4
20260716T201346Z,24.2,83.8
20260716T201401Z,24.3,84.0
20260716T201416Z,24.3,84.3
20260716T201431Z,24.3,84.5
20260716T201446Z,24.3,85.0
20260716T201501Z,24.4,85.1
20260716T201516Z,24.4,85.3
20260716T201531Z,24.4,85.5
20260716T201546Z,24.4,85.9
20260716T201601Z,24.5,86.2
20260716T201616Z,24.5,86.3
20260716T201631Z,24.5,86.6
20260716T201646Z,24.5,86.7
20260716T201701Z,24.6,86.9
20260716T201716Z,24.6,87.0
20260716T201731Z,24.6,87.3
20260716T201746Z,24.7,87.5
20260716T201801Z,24.7,87.6
20260716T201816Z,24.7,88.0
20260716T201831Z,24.7,88.2
20260716T201846Z,24.7,88.4
20260716T201901Z,24.8,88.6
20260716T201916Z,24.8,88.7
20260716T201931Z,24.8,88.8
20260716T201946Z,24.8,88.3
20260716T202001Z,24.8,87.6
20260716T202016Z,24.8,86.4
20260716T202031Z,24.8,85.7
20260716T202046Z,24.7,84.6
20260716T202101Z,24.7,83.7
20260716T202116Z,24.6,83.0
20260716T202131Z,24.5,82.5
20260716T202146Z,24.5,81.7
20260716T202201Z,24.4,81.4
20260716T202216Z,24.4,80.9
20260716T202231Z,24.4,80.4
20260716T202246Z,24.4,79.0
20260716T202301Z,24.4,78.7
20260716T202316Z,24.4,77.5
20260716T202331Z,24.4,75.9
20260716T202346Z,24.3,75.4
20260716T202401Z,24.3,75.9
20260716T202416Z,24.2,77.5
20260716T202431Z,24.2,79.5
20260716T202446Z,24.2,80.7
20260716T202501Z,24.2,81.2
20260716T202516Z,24.2,81.4
20260716T202531Z,24.2,81.5
20260716T202546Z,24.2,81.9
20260716T202601Z,24.2,82.1
20260716T202616Z,24.2,82.5
20260716T202631Z,24.2,83.0
20260716T202646Z,24.2,83.4
20260716T202701Z,24.2,83.5
20260716T202716Z,24.3,83.7
20260716T202731Z,24.3,84.2
20260716T202746Z,24.3,84.5
20260716T202801Z,24.4,84.9
20260716T202816Z,24.4,85.0
20260716T202831Z,24.4,85.3
20260716T202846Z,24.4,85.6
20260716T202901Z,24.5,85.8
20260716T202916Z,24.5,86.0
20260716T202931Z,24.5,86.1
20260716T202946Z,24.5,86.6
20260716T203001Z,24.5,86.7
20260716T203016Z,24.6,87.1
20260716T203031Z,24.6,87.2
20260716T203046Z,24.6,87.3
20260716T203101Z,24.6,87.5
20260716T203116Z,24.7,87.8
20260716T203131Z,24.7,87.9
20260716T203146Z,24.7,88.1
20260716T203201Z,24.7,88.3
20260716T203216Z,24.8,88.5
20260716T203231Z,24.8,88.7
20260716T203246Z,24.8,88.8
20260716T203301Z,24.8,88.6
20260716T203316Z,24.8,88.6
20260716T203331Z,24.8,87.3
20260716T203346Z,24.8,86.4
20260716T203401Z,24.8,85.7
20260716T203416Z,24.8,84.7
20260716T203431Z,24.7,83.6
20260716T203446Z,24.6,83.3
20260716T203501Z,24.6,82.9
20260716T203516Z,24.5,82.4
20260716T203531Z,24.5,81.5
20260716T203546Z,24.5,79.6
20260716T203601Z,24.5,79.5
20260716T203616Z,24.4,79.0
20260716T203631Z,24.4,78.4
20260716T203646Z,24.4,77.0
20260716T203701Z,24.3,76.1
20260716T203716Z,24.3,75.4
20260716T203731Z,24.2,77.1
20260716T203746Z,24.2,78.5
20260716T203801Z,24.2,79.9
20260716T203816Z,24.2,81.1
20260716T203831Z,24.2,81.8
20260716T203846Z,24.2,81.9
20260716T203901Z,24.2,82.2
20260716T203916Z,24.2,82.1
20260716T203931Z,24.2,82.6
20260716T203946Z,24.2,83.1
20260716T204001Z,24.3,83.2
20260716T204016Z,24.2,83.7
20260716T204031Z,24.3,83.9
20260716T204046Z,24.3,84.5
20260716T204101Z,24.3,84.7
20260716T204116Z,24.3,85.0
20260716T204131Z,24.3,85.3
20260716T204146Z,24.4,85.6
20260716T204201Z,24.4,85.9
20260716T204216Z,24.4,86.0
20260716T204231Z,24.4,86.4
20260716T204246Z,24.5,86.5
20260716T204301Z,24.5,86.7
20260716T204316Z,24.5,87.0
20260716T204331Z,24.5,87.3
20260716T204346Z,24.5,87.4
20260716T204402Z,24.6,87.7
20260716T204417Z,24.6,88.0
20260716T204431Z,24.6,88.0
20260716T204446Z,24.6,88.2
20260716T204501Z,24.7,88.4
20260716T204516Z,24.7,88.7
20260716T204531Z,24.7,88.6
20260716T204546Z,24.7,88.7
20260716T204601Z,24.8,89.0
20260716T204616Z,24.8,89.0
20260716T204631Z,24.8,88.5
20260716T204646Z,24.8,88.6
20260716T204701Z,24.8,86.9
20260716T204716Z,24.8,86.4
20260716T204731Z,24.7,85.5
20260716T204746Z,24.7,84.4
20260716T204801Z,24.6,83.8
20260716T204816Z,24.6,84.2
20260716T204831Z,24.6,82.6
20260716T204846Z,24.5,81.7
20260716T204901Z,24.4,81.4
20260716T204916Z,24.4,80.7
20260716T204931Z,24.4,79.3
20260716T204946Z,24.4,78.7
20260716T205001Z,24.3,77.6
20260716T205016Z,24.3,77.1
20260716T205031Z,24.2,76.9
20260716T205046Z,24.2,76.6
20260716T205101Z,24.2,78.0
20260716T205116Z,24.2,79.0
20260716T205131Z,24.2,80.8
20260716T205146Z,24.2,81.6
20260716T205201Z,24.2,81.7
20260716T205216Z,24.2,82.1
20260716T205231Z,24.2,82.4
20260716T205246Z,24.2,82.6
20260716T205301Z,24.2,83.2
20260716T205316Z,24.2,83.5
20260716T205331Z,24.2,83.8
20260716T205346Z,24.2,84.2
20260716T205401Z,24.2,84.7
20260716T205416Z,24.2,84.8
20260716T205431Z,24.2,85.3
20260716T205446Z,24.3,85.4
20260716T205501Z,24.3,85.8
20260716T205516Z,24.3,86.0
20260716T205531Z,24.3,86.2
20260716T205546Z,24.3,86.2
20260716T205601Z,24.4,86.6
20260716T205616Z,24.4,86.9
20260716T205631Z,24.4,87.2
20260716T205646Z,24.5,87.3
20260716T205701Z,24.5,87.5
20260716T205716Z,24.5,87.9
20260716T205731Z,24.5,87.9
20260716T205746Z,24.5,88.1
20260716T205801Z,24.6,88.2
20260716T205816Z,24.6,88.4
20260716T205831Z,24.6,88.6
20260716T205846Z,24.7,88.9
20260716T205901Z,24.7,89.0
20260716T205916Z,24.7,89.2
20260716T205931Z,24.7,89.3
20260716T205946Z,24.7,89.5
20260716T210001Z,24.8,89.7
20260716T210016Z,24.7,89.0
20260716T210031Z,24.8,87.9
20260716T210046Z,24.7,87.1
20260716T210101Z,24.7,86.4
20260716T210116Z,24.7,85.5
20260716T210131Z,24.6,84.8
20260716T210146Z,24.6,83.8
20260716T210201Z,24.5,83.1
20260716T210216Z,24.4,82.8
20260716T210231Z,24.4,82.2
20260716T210246Z,24.3,81.6
20260716T210301Z,24.3,79.7
20260716T210316Z,24.2,79.5
20260716T210331Z,24.2,79.0
20260716T210346Z,24.1,78.3
20260716T210401Z,24.1,77.5
20260716T210416Z,24.1,77.1
20260716T210431Z,24.1,77.6
20260716T210446Z,24.1,79.0
20260716T210501Z,24.1,80.9
20260716T210516Z,24.1,81.6
20260716T210531Z,24.1,82.1
20260716T210546Z,24.1,82.4
20260716T210601Z,24.1,82.7
20260716T210616Z,24.1,82.9
20260716T210631Z,24.1,83.1
20260716T210646Z,24.1,83.5
20260716T210701Z,24.1,83.9
20260716T210716Z,24.2,84.2
20260716T210731Z,24.2,84.5
20260716T210746Z,24.2,84.5
20260716T210801Z,24.2,85.0
20260716T210816Z,24.2,85.5
20260716T210831Z,24.3,85.6
20260716T210846Z,24.3,85.7
20260716T210901Z,24.3,86.1
20260716T210916Z,24.4,86.5
20260716T210931Z,24.4,86.8
20260716T210946Z,24.4,87.1
20260716T211001Z,24.4,87.3
20260716T211016Z,24.4,87.4
20260716T211031Z,24.4,87.7
20260716T211046Z,24.5,87.8
20260716T211102Z,24.5,88.0
20260716T211117Z,24.5,88.1
20260716T211131Z,24.5,88.3
20260716T211146Z,24.6,88.4
20260716T211201Z,24.6,88.7
20260716T211216Z,24.6,88.9
20260716T211231Z,24.7,89.1
20260716T211246Z,24.7,89.4
20260716T211301Z,24.7,89.4
20260716T211316Z,24.7,89.7
20260716T211331Z,24.7,89.7
20260716T211346Z,24.7,89.9
20260716T211401Z,24.7,89.3
20260716T211416Z,24.8,88.4
20260716T211431Z,24.7,87.6
20260716T211446Z,24.7,86.8
20260716T211501Z,24.7,86.1
20260716T211516Z,24.6,85.1
20260716T211531Z,24.6,84.7
20260716T211546Z,24.5,83.8
20260716T211601Z,24.5,82.8
20260716T211616Z,24.4,82.3
20260716T211631Z,24.4,81.7
20260716T211646Z,24.4,81.0
20260716T211701Z,24.3,80.3
20260716T211716Z,24.3,79.1
20260716T211731Z,24.3,78.8
20260716T211746Z,24.3,77.6
20260716T211801Z,24.2,76.5
20260716T211816Z,24.2,76.8
20260716T211831Z,24.2,77.8
20260716T211846Z,24.2,79.2
20260716T211901Z,24.2,81.0
20260716T211916Z,24.3,81.8
20260716T211931Z,24.2,81.8
20260716T211946Z,24.2,81.6
20260716T212001Z,24.2,82.1
20260716T212016Z,24.2,82.5
20260716T212031Z,24.3,83.1
20260716T212046Z,24.3,82.8
20260716T212101Z,24.3,83.5
20260716T212116Z,24.3,84.0
20260716T212131Z,24.3,84.1
20260716T212146Z,24.3,84.6
20260716T212201Z,24.3,84.7
20260716T212216Z,24.4,84.9
20260716T212231Z,24.4,85.3
20260716T212246Z,24.4,85.5
20260716T212301Z,24.4,85.9
20260716T212316Z,24.4,86.0
20260716T212331Z,24.5,86.2
20260716T212346Z,24.5,86.6
20260716T212401Z,24.5,86.7
20260716T212416Z,24.6,86.7
20260716T212431Z,24.6,87.1
20260716T212446Z,24.6,87.4
20260716T212501Z,24.6,87.5
20260716T212516Z,24.6,87.8
20260716T212531Z,24.6,87.9
20260716T212546Z,24.7,88.1
20260716T212601Z,24.7,88.3
20260716T212616Z,24.7,88.3
20260716T212631Z,24.8,88.6
20260716T212646Z,24.8,88.7
20260716T212701Z,24.8,88.9
20260716T212716Z,24.8,89.0
20260716T212731Z,24.8,89.2
20260716T212746Z,24.9,89.3
20260716T212801Z,24.9,88.9
20260716T212816Z,24.9,87.8
20260716T212831Z,24.8,87.2
20260716T212846Z,24.8,85.9
20260716T212901Z,24.8,85.1
20260716T212916Z,24.7,84.3
20260716T212931Z,24.6,84.3
20260716T212946Z,24.6,82.9
20260716T213001Z,24.5,82.5
20260716T213016Z,24.4,82.0
20260716T213031Z,24.4,81.2
20260716T213046Z,24.3,79.9
20260716T213101Z,24.3,79.6
20260716T213116Z,24.2,79.2
20260716T213131Z,24.2,78.0
20260716T213146Z,24.2,77.0
20260716T213201Z,24.2,77.0
20260716T213216Z,24.1,78.3
20260716T213231Z,24.1,79.5
20260716T213246Z,24.1,81.3
20260716T213301Z,24.1,82.2
20260716T213316Z,24.1,82.1
20260716T213331Z,24.1,82.5
20260716T213346Z,24.1,82.5
20260716T213401Z,24.1,82.9
20260716T213416Z,24.1,83.4
20260716T213431Z,24.1,83.7
20260716T213446Z,24.2,83.9
20260716T213501Z,24.2,84.4
20260716T213516Z,24.2,84.5
20260716T213531Z,24.2,84.8
20260716T213546Z,24.2,85.1
20260716T213601Z,24.3,85.4
20260716T213616Z,24.3,85.7
20260716T213631Z,24.3,85.8
20260716T213646Z,24.3,86.0
20260716T213701Z,24.4,86.3
20260716T213716Z,24.4,86.6
20260716T213731Z,24.4,86.7
20260716T213746Z,24.4,87.0
20260716T213801Z,24.5,87.2
20260716T213816Z,24.5,87.4
20260716T213831Z,24.5,87.6
20260716T213846Z,24.6,87.8
20260716T213901Z,24.6,87.8
20260716T213916Z,24.6,87.9
20260716T213931Z,24.6,88.3
20260716T213946Z,24.6,88.4
20260716T214001Z,24.7,88.6
20260716T214016Z,24.7,88.9
20260716T214031Z,24.7,88.9
20260716T214046Z,24.8,89.1
20260716T214101Z,24.8,89.2
20260716T214116Z,24.8,89.3
20260716T214131Z,24.8,89.3
20260716T214146Z,24.8,89.1
20260716T214201Z,24.8,87.3
20260716T214216Z,24.8,87.1
20260716T214231Z,24.8,86.0
20260716T214246Z,24.7,85.5
20260716T214301Z,24.7,84.4
20260716T214316Z,24.6,83.6
20260716T214331Z,24.5,82.8
20260716T214346Z,24.5,82.5
20260716T214401Z,24.4,81.6
20260716T214416Z,24.4,81.1
20260716T214431Z,24.3,80.6
20260716T214446Z,24.3,80.1
20260716T214501Z,24.3,79.1
20260716T214516Z,24.2,78.0
20260716T214531Z,24.2,77.1
20260716T214546Z,24.1,76.6
20260716T214602Z,24.1,77.8
20260716T214616Z,24.1,79.2
20260716T214631Z,24.1,80.9
20260716T214646Z,24.1,81.8
20260716T214701Z,24.1,82.2
20260716T214716Z,24.1,82.2
20260716T214731Z,24.1,82.6
20260716T214746Z,24.1,82.8
20260716T214801Z,24.1,83.0
20260716T214816Z,24.1,83.7
20260716T214831Z,24.2,84.1
20260716T214846Z,24.2,84.2
20260716T214901Z,24.2,84.5
20260716T214916Z,24.2,85.0
20260716T214931Z,24.2,85.2
20260716T214946Z,24.3,85.2
20260716T215001Z,24.3,85.5
20260716T215016Z,24.3,85.8
20260716T215031Z,24.4,86.3
20260716T215046Z,24.4,86.3
20260716T215101Z,24.4,86.6
20260716T215116Z,24.4,86.7
20260716T215132Z,24.5,87.0
20260716T215146Z,24.5,87.4
20260716T215202Z,24.5,87.6
20260716T215216Z,24.5,87.7
20260716T215232Z,24.6,87.8
20260716T215246Z,24.6,88.1
20260716T215301Z,24.6,88.2
20260716T215316Z,24.6,88.2
20260716T215331Z,24.7,88.4
20260716T215346Z,24.7,88.7
20260716T215401Z,24.7,88.8
20260716T215416Z,24.7,88.9
20260716T215431Z,24.8,89.2
20260716T215446Z,24.8,89.3
20260716T215501Z,24.8,89.5
20260716T215516Z,24.8,89.4
20260716T215531Z,24.8,89.2
20260716T215546Z,24.8,87.9
20260716T215601Z,24.8,86.9
20260716T215617Z,24.8,86.2
20260716T215631Z,24.7,85.1
20260716T215647Z,24.7,84.0
20260716T215701Z,24.6,83.6
20260716T215717Z,24.5,82.7
20260716T215732Z,24.5,83.0
20260716T215746Z,24.4,81.8
20260716T215802Z,24.4,80.8
20260716T215816Z,24.3,80.7
20260716T215832Z,24.3,79.9
20260716T215846Z,24.3,78.6
20260716T215902Z,24.3,77.9
20260716T215916Z,24.2,77.1
20260716T215932Z,24.2,77.0
20260716T215946Z,24.2,78.0
20260716T220001Z,24.2,79.6
20260716T220016Z,24.2,81.1
20260716T220031Z,24.2,81.7
20260716T220046Z,24.2,82.1
20260716T220101Z,24.2,82.4
20260716T220117Z,24.2,82.8
20260716T220131Z,24.2,82.9
20260716T220147Z,24.2,83.2
20260716T220201Z,24.2,83.7
20260716T220217Z,24.2,84.1
20260716T220231Z,24.2,84.3
20260716T220247Z,24.2,84.7
20260716T220301Z,24.2,84.8
20260716T220316Z,24.3,85.2
20260716T220332Z,24.3,85.5
20260716T220346Z,24.3,85.7
20260716T220402Z,24.4,85.9
20260716T220416Z,24.4,86.4
20260716T220432Z,24.4,86.3
20260716T220446Z,24.4,86.7
20260716T220502Z,24.5,86.7
20260716T220516Z,24.5,87.0
20260716T220532Z,24.5,87.1
20260716T220546Z,24.6,87.3
20260716T220601Z,24.6,87.4
20260716T220617Z,24.6,87.5
20260716T220631Z,24.6,87.9
20260716T220647Z,24.7,88.1
20260716T220702Z,24.7,88.1
20260716T220717Z,24.7,88.5
20260716T220732Z,24.7,88.6
20260716T220746Z,24.8,88.9
20260716T220802Z,24.8,88.9
20260716T220816Z,24.8,89.3
20260716T220832Z,24.8,89.4
20260716T220846Z,24.8,88.7
20260716T220902Z,24.8,88.3
20260716T220916Z,24.8,87.0
20260716T220932Z,24.8,86.9
20260716T220946Z,24.8,85.7
20260716T221002Z,24.7,84.7
20260716T221017Z,24.7,83.4
20260716T221031Z,24.6,82.8
20260716T221047Z,24.5,82.3
20260716T221101Z,24.4,82.1
20260716T221117Z,24.4,81.0
20260716T221131Z,24.3,80.5
20260716T221147Z,24.3,80.1
20260716T221201Z,24.3,79.4
20260716T221217Z,24.3,78.4
20260716T221231Z,24.2,77.8
20260716T221247Z,24.2,76.3
20260716T221301Z,24.2,77.2
20260716T221317Z,24.2,78.3
20260716T221332Z,24.2,80.0
20260716T221346Z,24.2,81.5
20260716T221402Z,24.2,81.8
20260716T221416Z,24.2,82.0
20260716T221432Z,24.2,82.3
20260716T221446Z,24.2,82.6
20260716T221502Z,24.2,82.9
20260716T221516Z,24.2,83.2
20260716T221532Z,24.2,83.7
20260716T221546Z,24.2,84.0
20260716T221602Z,24.2,84.3
20260716T221616Z,24.2,84.6
20260716T221632Z,24.3,84.9
20260716T221647Z,24.3,85.1
20260716T221701Z,24.3,85.4
20260716T221717Z,24.3,85.4
20260716T221731Z,24.4,85.8
20260716T221747Z,24.4,86.1
20260716T221801Z,24.4,86.4
20260716T221817Z,24.4,86.6
20260716T221831Z,24.5,86.9
20260716T221847Z,24.5,86.9
20260716T221901Z,24.5,87.3
20260716T221917Z,24.5,87.5
20260716T221932Z,24.6,87.7
20260716T221946Z,24.6,87.8
20260716T222001Z,24.6,88.1
20260716T222016Z,24.6,88.2
20260716T222032Z,24.7,88.5
20260716T222046Z,24.7,88.6
20260716T222102Z,24.7,88.8
20260716T222116Z,24.7,89.0
20260716T222132Z,24.8,89.1
20260716T222146Z,24.8,89.2
20260716T222202Z,24.8,88.5
20260716T222216Z,24.8,88.2
20260716T222231Z,24.8,86.9
20260716T222247Z,24.8,86.6
20260716T222301Z,24.7,85.6
20260716T222317Z,24.7,84.9
20260716T222331Z,24.7,84.1
20260716T222347Z,24.6,83.4
20260716T222401Z,24.5,82.5
20260716T222417Z,24.5,81.8
20260716T222431Z,24.4,81.4
20260716T222447Z,24.4,80.1
20260716T222502Z,24.4,79.3
20260716T222516Z,24.3,79.1
20260716T222532Z,24.3,78.1
20260716T222546Z,24.2,77.2
20260716T222602Z,24.2,76.4
20260716T222616Z,24.1,76.6
20260716T222631Z,24.1,77.9
20260716T222647Z,24.1,79.6
20260716T222701Z,24.1,80.8
20260716T222717Z,24.1,81.7
20260716T222731Z,24.1,82.2
20260716T222747Z,24.1,82.2
20260716T222802Z,24.1,82.3
20260716T222816Z,24.2,82.4
20260716T222832Z,24.1,83.1
20260716T222846Z,24.2,83.6
20260716T222902Z,24.2,83.7
20260716T222917Z,24.2,84.1
20260716T222931Z,24.2,84.4
20260716T222947Z,24.2,84.6
20260716T223001Z,24.2,85.1
20260716T223017Z,24.3,85.2
20260716T223031Z,24.3,85.3
20260716T223047Z,24.3,85.7
20260716T223101Z,24.3,86.0
20260716T223117Z,24.4,86.1
20260716T223131Z,24.4,86.5
20260716T223147Z,24.4,86.6
20260716T223201Z,24.5,86.7
20260716T223217Z,24.5,87.2
20260716T223231Z,24.5,87.3
20260716T223247Z,24.5,87.7
20260716T223301Z,24.5,87.8
20260716T223317Z,24.5,87.9
20260716T223331Z,24.6,88.3
20260716T223347Z,24.6,88.4
20260716T223401Z,24.6,88.4
20260716T223417Z,24.6,88.8
20260716T223431Z,24.7,88.9
20260716T223447Z,24.7,89.0
20260716T223501Z,24.7,89.3
20260716T223517Z,24.7,89.4
20260716T223531Z,24.8,88.9
20260716T223547Z,24.7,89.0
20260716T223601Z,24.8,87.6
20260716T223617Z,24.7,87.2
20260716T223631Z,24.7,85.9
20260716T223647Z,24.7,85.0
20260716T223701Z,24.6,84.2
20260716T223717Z,24.5,83.4
20260716T223731Z,24.5,82.5
20260716T223747Z,24.4,82.3
20260716T223801Z,24.3,81.8
20260716T223817Z,24.3,80.3
20260716T223832Z,24.2,79.8
20260716T223846Z,24.2,79.4
20260716T223902Z,24.1,78.3
20260716T223916Z,24.1,77.6
20260716T223932Z,24.0,77.0
20260716T223946Z,24.0,76.9
20260716T224002Z,24.0,78.5
20260716T224016Z,23.9,80.0
20260716T224032Z,23.9,81.2
20260716T224046Z,23.9,82.1
20260716T224102Z,23.9,82.6
20260716T224116Z,23.9,82.8
20260716T224131Z,24.0,82.7
20260716T224146Z,24.0,83.2
20260716T224202Z,24.0,83.3
20260716T224216Z,24.0,83.7
20260716T224232Z,24.1,83.9
20260716T224246Z,24.1,84.0
20260716T224302Z,24.1,84.4
20260716T224316Z,24.2,84.8
20260716T224332Z,24.2,85.1
20260716T224346Z,24.2,85.4
20260716T224402Z,24.2,85.6
20260716T224416Z,24.3,85.9
20260716T224432Z,24.3,86.0
20260716T224446Z,24.3,86.4
20260716T224502Z,24.3,86.6
20260716T224517Z,24.3,86.9
20260716T224532Z,24.4,87.1
20260716T224546Z,24.4,87.3
20260716T224602Z,24.4,87.3
20260716T224616Z,24.5,87.8
20260716T224631Z,24.5,87.9
20260716T224647Z,24.5,88.1
20260716T224701Z,24.5,88.2
20260716T224717Z,24.6,88.5
20260716T224731Z,24.6,88.7
20260716T224747Z,24.6,88.8
20260716T224802Z,24.6,88.8
20260716T224817Z,24.7,89.1
20260716T224832Z,24.7,89.3
20260716T224846Z,24.7,89.4
20260716T224902Z,24.7,89.5
20260716T224916Z,24.7,88.9
20260716T224932Z,24.7,88.9
20260716T224946Z,24.7,87.5
20260716T225001Z,24.7,86.9
20260716T225017Z,24.7,85.9
20260716T225031Z,24.7,84.8
20260716T225047Z,24.6,84.0
20260716T225101Z,24.5,83.4
20260716T225116Z,24.5,82.4
20260716T225132Z,24.4,81.9
20260716T225147Z,24.3,80.8
20260716T225202Z,24.2,80.3
20260716T225216Z,24.2,80.2
20260716T225232Z,24.1,79.6
20260716T225246Z,24.0,78.5
20260716T225302Z,24.0,78.1
20260716T225316Z,24.0,77.6
20260716T225332Z,24.0,77.5
20260716T225347Z,24.0,79.0
20260716T225402Z,24.0,80.6
20260716T225417Z,24.0,81.9
20260716T225432Z,24.0,82.4
20260716T225447Z,24.0,82.6
20260716T225502Z,24.0,82.7
20260716T225517Z,24.0,83.2
20260716T225532Z,24.0,83.4
20260716T225547Z,24.0,83.8
20260716T225601Z,24.0,84.0
20260716T225617Z,24.0,84.5
20260716T225631Z,24.1,84.7
20260716T225647Z,24.1,85.0
20260716T225702Z,24.1,85.3
20260716T225716Z,24.1,85.6
20260716T225732Z,24.2,85.9
20260716T225747Z,24.2,85.9
20260716T225802Z,24.2,86.4
20260716T225817Z,24.3,86.3
20260716T225832Z,24.3,86.5
20260716T225847Z,24.3,87.0
20260716T225902Z,24.3,87.1
20260716T225917Z,24.4,87.5
20260716T225932Z,24.4,87.6
20260716T225947Z,24.4,87.7
20260716T230002Z,24.5,87.9
20260716T230017Z,24.5,88.1
20260716T230032Z,24.5,88.2
20260716T230047Z,24.5,88.4
20260716T230102Z,24.6,88.4
20260716T230117Z,24.6,88.8
20260716T230132Z,24.6,88.9
20260716T230147Z,24.7,89.0
20260716T230202Z,24.7,89.0
20260716T230217Z,24.7,89.3
20260716T230232Z,24.7,89.4
20260716T230247Z,24.8,89.6
20260716T230302Z,24.8,88.8
20260716T230317Z,24.8,88.8
20260716T230332Z,24.8,87.8
20260716T230347Z,24.7,86.9
20260716T230402Z,24.7,85.8
20260716T230417Z,24.7,85.0
20260716T230432Z,24.6,84.2
20260716T230447Z,24.5,83.6
20260716T230502Z,24.4,83.0
20260716T230517Z,24.4,82.5
20260716T230532Z,24.3,81.7
20260716T230547Z,24.3,80.9
20260716T230602Z,24.3,79.8
20260716T230617Z,24.2,79.3
20260716T230632Z,24.2,78.7
20260716T230647Z,24.1,77.4
20260716T230702Z,24.1,77.0
20260716T230717Z,24.0,76.8
20260716T230732Z,24.0,77.9
20260716T230747Z,24.0,79.4
20260716T230802Z,24.0,81.3
20260716T230817Z,24.0,82.2
20260716T230832Z,24.0,82.6
20260716T230847Z,24.0,82.6
20260716T230902Z,24.0,82.7
20260716T230917Z,24.1,83.1
20260716T230932Z,24.0,83.4
20260716T230947Z,24.1,83.9
20260716T231002Z,24.0,84.2
20260716T231017Z,24.1,84.6
20260716T231032Z,24.1,84.9
20260716T231047Z,24.1,85.2
20260716T231102Z,24.1,85.5
20260716T231117Z,24.2,85.6
20260716T231132Z,24.2,85.9
20260716T231147Z,24.2,86.3
20260716T231202Z,24.2,86.3
20260716T231217Z,24.3,86.7
20260716T231232Z,24.3,86.8
20260716T231247Z,24.3,86.9
20260716T231302Z,24.4,87.4
20260716T231317Z,24.4,87.5
20260716T231332Z,24.4,87.5
20260716T231347Z,24.4,87.9
20260716T231402Z,24.5,88.0
20260716T231417Z,24.5,88.0
20260716T231432Z,24.5,88.4
20260716T231447Z,24.5,88.4
20260716T231502Z,24.6,88.5
20260716T231517Z,24.6,88.8
20260716T231532Z,24.6,88.9
20260716T231547Z,24.6,89.0
20260716T231602Z,24.7,89.3
20260716T231617Z,24.7,89.2
20260716T231632Z,24.7,89.3
20260716T231647Z,24.7,89.3
20260716T231702Z,24.8,89.3
20260716T231717Z,24.7,87.7
20260716T231732Z,24.7,87.3
20260716T231747Z,24.7,86.2
20260716T231802Z,24.7,85.8
20260716T231817Z,24.6,84.5
20260716T231832Z,24.5,83.5
20260716T231847Z,24.4,83.0
20260716T231902Z,24.4,82.6
20260716T231917Z,24.3,81.7
20260716T231932Z,24.3,81.5
20260716T231947Z,24.2,80.6
20260716T232002Z,24.2,79.9
20260716T232017Z,24.1,79.0
20260716T232032Z,24.1,78.4
20260716T232047Z,24.1,77.7
20260716T232102Z,24.0,77.0
20260716T232117Z,24.0,77.7
20260716T232132Z,24.0,79.0
20260716T232147Z,24.0,81.1
20260716T232202Z,24.1,81.9
20260716T232217Z,24.1,82.5
20260716T232232Z,24.1,82.5
20260716T232247Z,24.1,82.7
20260716T232302Z,24.1,82.9
20260716T232317Z,24.1,83.3
20260716T232332Z,24.1,83.8
20260716T232347Z,24.1,84.0
20260716T232403Z,24.1,84.2
20260716T232417Z,24.1,84.8
20260716T232432Z,24.1,85.0
20260716T232447Z,24.1,85.3
20260716T232502Z,24.2,85.6
20260716T232517Z,24.2,85.7
20260716T232532Z,24.2,86.1
20260716T232547Z,24.3,86.5
20260716T232602Z,24.3,86.7
20260716T232617Z,24.3,87.0
20260716T232632Z,24.3,86.8
20260716T232647Z,24.4,87.2
20260716T232702Z,24.4,87.4
20260716T232717Z,24.4,87.5
20260716T232732Z,24.4,87.8
20260716T232747Z,24.5,87.9
20260716T232802Z,24.5,88.1
20260716T232817Z,24.5,88.4
20260716T232832Z,24.5,88.6
20260716T232847Z,24.6,88.7
20260716T232902Z,24.6,88.9
20260716T232917Z,24.6,89.1
20260716T232932Z,24.6,89.2
20260716T232947Z,24.7,89.4
20260716T233002Z,24.7,89.5
20260716T233017Z,24.7,89.7
20260716T233032Z,24.7,89.0
20260716T233047Z,24.7,88.6
20260716T233102Z,24.7,87.6
20260716T233117Z,24.7,86.7
20260716T233132Z,24.6,85.7
20260716T233147Z,24.6,85.0
20260716T233202Z,24.5,84.0
20260716T233217Z,24.5,83.5
20260716T233232Z,24.4,82.6
20260716T233247Z,24.3,82.0
20260716T233302Z,24.3,82.0
20260716T233317Z,24.2,80.5
20260716T233332Z,24.2,80.1
20260716T233347Z,24.2,79.8
20260716T233402Z,24.2,78.8
20260716T233417Z,24.1,77.8
20260716T233432Z,24.1,77.0
20260716T233447Z,24.1,77.3
20260716T233502Z,24.1,78.7
20260716T233517Z,24.1,80.6
20260716T233532Z,24.1,81.9
20260716T233547Z,24.1,82.3
20260716T233602Z,24.1,82.5
20260716T233617Z,24.1,82.8
20260716T233632Z,24.1,82.9
20260716T233647Z,24.1,83.4
20260716T233702Z,24.1,83.7
20260716T233717Z,24.1,84.1
20260716T233732Z,24.1,84.4
20260716T233747Z,24.2,84.7
20260716T233802Z,24.2,85.0
20260716T233817Z,24.2,85.2
20260716T233832Z,24.2,85.3
20260716T233847Z,24.2,85.8
20260716T233902Z,24.3,86.0
20260716T233917Z,24.3,86.3
20260716T233932Z,24.3,86.4
20260716T233947Z,24.4,86.9
20260716T234002Z,24.4,87.0
20260716T234017Z,24.4,87.3
20260716T234032Z,24.4,87.3
20260716T234047Z,24.4,87.5
20260716T234102Z,24.5,87.9
20260716T234117Z,24.5,87.8
20260716T234132Z,24.5,88.1
20260716T234147Z,24.5,88.3
20260716T234202Z,24.6,88.5
20260716T234217Z,24.6,88.6
20260716T234232Z,24.6,88.9
20260716T234247Z,24.7,89.0
20260716T234302Z,24.7,89.3
20260716T234317Z,24.7,89.3
20260716T234332Z,24.7,89.5
20260716T234347Z,24.7,88.9
20260716T234402Z,24.7,88.1
20260716T234417Z,24.7,87.7
20260716T234432Z,24.7,86.3
20260716T234447Z,24.6,85.5
20260716T234502Z,24.6,84.6
20260716T234517Z,24.5,84.1
20260716T234532Z,24.5,82.8
20260716T234547Z,24.4,82.3
20260716T234602Z,24.3,81.9
20260716T234617Z,24.3,81.6
20260716T234632Z,24.2,80.9
20260716T234647Z,24.2,80.2
20260716T234702Z,24.1,79.8
20260716T234717Z,24.1,78.9
20260716T234732Z,24.1,77.8
20260716T234747Z,24.1,77.0
20260716T234802Z,24.0,77.2
20260716T234817Z,24.0,79.0
20260716T234832Z,24.0,80.6
20260716T234847Z,24.0,81.5
20260716T234902Z,24.0,82.0
20260716T234917Z,24.0,82.5
20260716T234932Z,24.1,82.5
20260716T234947Z,24.1,82.8
20260716T235002Z,24.1,83.1
20260716T235017Z,24.1,83.0
20260716T235032Z,24.1,83.8
20260716T235047Z,24.1,84.1
20260716T235102Z,24.1,84.4
20260716T235117Z,24.1,84.7
20260716T235132Z,24.1,84.9
20260716T235147Z,24.2,85.2
20260716T235202Z,24.2,85.3
20260716T235217Z,24.2,85.7
20260716T235232Z,24.3,85.9
20260716T235247Z,24.3,85.9
20260716T235302Z,24.3,86.4
20260716T235317Z,24.3,86.7
20260716T235332Z,24.4,87.0
20260716T235347Z,24.4,87.0
20260716T235402Z,24.4,87.2
20260716T235417Z,24.4,87.4
20260716T235432Z,24.5,87.8
20260716T235447Z,24.5,87.7
20260716T235502Z,24.5,88.0
20260716T235517Z,24.5,88.1
20260716T235532Z,24.5,88.3
20260716T235547Z,24.6,88.4
20260716T235602Z,24.6,88.8
20260716T235617Z,24.6,88.9
20260716T235632Z,24.6,88.9
20260716T235647Z,24.7,89.2
20260716T235702Z,24.7,89.4
20260716T235717Z,24.7,89.4
20260716T235732Z,24.7,89.5
20260716T235747Z,24.7,88.9
20260716T235802Z,24.7,88.1
20260716T235817Z,24.7,87.1
20260716T235832Z,24.7,87.0
20260716T235847Z,24.7,85.7
20260716T235902Z,24.6,84.7
20260716T235917Z,24.6,83.8
20260716T235932Z,24.5,83.1
20260716T235947Z,24.4,82.8