Time,Temperature,Humidity
20260713T000004Z,26.5,96.5
20260713T000019Z,26.5,96.6
20260713T000034Z,26.5,96.6
20260713T000049Z,26.5,96.6
20260713T000104Z,26.6,96.7
20260713T000119Z,26.6,96.7
20260713T000134Z,26.5,96.8
20260713T000149Z,26.6,96.7
20260713T000204Z,26.6,96.7
20260713T000219Z,26.6,96.7
20260713T000234Z,26.6,96.7
20260713T000249Z,26.6,96.8
20260713T000304Z,26.6,96.8
20260713T000319Z,26.6,96.8
20260713T000334Z,26.6,96.8
20260713T000349Z,26.6,96.8
20260713T000404Z,26.7,96.7
20260713T000419Z,26.7,96.8
20260713T000434Z,26.7,96.7
20260713T000449Z,26.7,96.7
20260713T000504Z,26.7,95.9
20260713T000519Z,26.7,95.8
20260713T000534Z,26.6,94.2
20260713T000549Z,26.6,93.5
20260713T000604Z,26.6,93.2
20260713T000619Z,26.5,92.6
20260713T000634Z,26.5,91.8
20260713T000649Z,26.5,91.1
20260713T000704Z,26.4,89.9
20260713T000719Z,26.4,89.1
20260713T000734Z,26.4,87.7
20260713T000749Z,26.3,86.8
20260713T000804Z,26.3,85.9
20260713T000819Z,26.2,85.2
20260713T000834Z,26.2,84.3
20260713T000849Z,26.1,83.3
20260713T000904Z,26.0,82.3
20260713T000919Z,25.9,81.2
20260713T000934Z,25.8,80.2
20260713T000949Z,25.7,81.7
20260713T001004Z,25.6,83.9
20260713T001019Z,25.6,85.3
20260713T001034Z,25.5,86.4
20260713T001049Z,25.5,87.1
20260713T001104Z,25.5,87.6
20260713T001119Z,25.5,87.7
20260713T001134Z,25.5,88.1
20260713T001149Z,25.5,88.3
20260713T001204Z,25.5,88.6
20260713T001219Z,25.5,89.1
20260713T001234Z,25.5,89.5
20260713T001249Z,25.5,89.7
20260713T001304Z,25.6,89.8
20260713T001319Z,25.6,90.1
20260713T001334Z,25.6,90.4
20260713T001349Z,25.6,90.7
20260713T001404Z,25.7,90.8
20260713T001419Z,25.7,91.2
20260713T001434Z,25.7,91.3
20260713T001449Z,25.7,91.5
20260713T001504Z,25.7,91.7
20260713T001519Z,25.8,91.8
20260713T001534Z,25.8,92.0
20260713T001549Z,25.8,92.1
20260713T001604Z,25.9,92.2
20260713T001619Z,25.9,92.3
20260713T001634Z,25.9,92.6
20260713T001649Z,25.9,92.7
20260713T001704Z,26.0,92.9
20260713T001719Z,26.0,93.0
20260713T001734Z,26.0,93.2
20260713T001749Z,26.0,93.3
20260713T001804Z,26.0,93.4
20260713T001819Z,26.0,93.5
20260713T001834Z,26.1,93.7
20260713T001849Z,26.1,93.8
20260713T001904Z,26.1,93.9
20260713T001919Z,26.1,94.1
20260713T001934Z,26.1,94.3
20260713T001949Z,26.1,94.3
20260713T002004Z,26.1,94.4
20260713T002019Z,26.1,94.5
20260713T002034Z,26.2,94.5
20260713T002049Z,26.2,94.6
20260713T002104Z,26.2,94.6
20260713T002119Z,26.2,94.7
20260713T002134Z,26.2,94.9
20260713T002149Z,26.2,95.0
20260713T002204Z,26.2,95.1
20260713T002219Z,26.3,95.2
20260713T002234Z,26.3,95.2
20260713T002249Z,26.3,95.3
20260713T002304Z,26.3,95.4
20260713T002319Z,26.3,95.4
20260713T002334Z,26.3,95.5
20260713T002349Z,26.3,95.6
20260713T002404Z,26.3,95.6
20260713T002419Z,26.3,95.7
20260713T002434Z,26.3,95.7
20260713T002449Z,26.4,95.8
20260713T002504Z,26.4,95.9
20260713T002519Z,26.4,96.0
20260713T002534Z,26.4,96.0
20260713T002549Z,26.4,96.0
20260713T002604Z,26.4,96.1
20260713T002619Z,26.4,96.1
20260713T002634Z,26.4,96.0
20260713T002649Z,26.5,96.1
20260713T002704Z,26.5,96.1
20260713T002719Z,26.5,96.2
20260713T002734Z,26.5,96.3
20260713T002749Z,26.5,96.3
20260713T002805Z,26.5,96.3
20260713T002819Z,26.5,96.3
20260713T002834Z,26.5,96.4
20260713T002849Z,26.5,96.4
20260713T002904Z,26.5,96.4
20260713T002919Z,26.5,96.4
20260713T002934Z,26.5,96.5
20260713T002949Z,26.5,96.5
20260713T003004Z,26.6,96.5
20260713T003019Z,26.6,96.6
20260713T003034Z,26.6,96.6
20260713T003049Z,26.6,96.6
20260713T003104Z,26.6,96.6
20260713T003119Z,26.6,96.6
20260713T003134Z,26.6,96.7
20260713T003149Z,26.6,96.6
20260713T003204Z,26.6,96.6
20260713T003219Z,26.6,96.6
20260713T003234Z,26.6,96.6
20260713T003249Z,26.7,96.6
20260713T003304Z,26.7,96.7
20260713T003319Z,26.7,96.7
20260713T003334Z,26.7,96.6
20260713T003349Z,26.7,95.9
20260713T003404Z,26.7,95.5
20260713T003419Z,26.7,94.7
20260713T003434Z,26.6,93.6
20260713T003449Z,26.6,93.0
20260713T003504Z,26.6,92.5
20260713T003519Z,26.5,90.9
20260713T003534Z,26.5,90.5
20260713T003549Z,26.5,89.3
20260713T003604Z,26.4,88.6
20260713T003619Z,26.4,87.6
20260713T003634Z,26.3,86.7
20260713T003649Z,26.3,85.9
20260713T003704Z,26.2,85.4
20260713T003719Z,26.2,84.2
20260713T003734Z,26.1,83.2
20260713T003749Z,26.0,82.4
20260713T003804Z,25.9,81.2
20260713T003819Z,25.8,80.8
20260713T003834Z,25.7,81.6
20260713T003849Z,25.6,83.7
20260713T003904Z,25.6,85.0
20260713T003919Z,25.6,86.5
20260713T003934Z,25.6,86.9
20260713T003949Z,25.5,87.3
20260713T004004Z,25.5,87.6
20260713T004019Z,25.5,87.9
20260713T004034Z,25.5,88.3
20260713T004049Z,25.5,88.5
20260713T004104Z,25.6,88.7
20260713T004119Z,25.6,89.0
20260713T004134Z,25.6,89.2
20260713T004149Z,25.6,89.4
20260713T004204Z,25.7,89.7
20260713T004219Z,25.7,90.0
20260713T004234Z,25.7,90.2
20260713T004249Z,25.7,90.5
20260713T004304Z,25.7,90.7
20260713T004319Z,25.8,91.0
20260713T004334Z,25.8,91.1
20260713T004349Z,25.8,91.2
20260713T004404Z,25.8,91.4
20260713T004419Z,25.8,91.7
20260713T004434Z,25.9,91.8
20260713T004449Z,25.9,92.0
20260713T004504Z,25.9,92.1
20260713T004519Z,25.9,92.4
20260713T004534Z,25.9,92.6
20260713T004549Z,26.0,92.7
20260713T004604Z,26.0,92.8
20260713T004619Z,26.0,93.0
20260713T004634Z,26.0,93.2
20260713T004649Z,26.0,93.3
20260713T004704Z,26.0,93.4
20260713T004719Z,26.1,93.6
20260713T004734Z,26.1,93.6
20260713T004749Z,26.1,93.7
20260713T004804Z,26.1,93.9
20260713T004819Z,26.1,94.0
20260713T004834Z,26.1,94.1
20260713T004849Z,26.1,94.2
20260713T004904Z,26.1,94.4
20260713T004919Z,26.2,94.4
20260713T004934Z,26.2,94.6
20260713T004949Z,26.2,94.7
20260713T005004Z,26.2,94.7
20260713T005019Z,26.2,94.8
20260713T005034Z,26.2,95.0
20260713T005049Z,26.2,95.0
20260713T005104Z,26.2,95.2
20260713T005119Z,26.2,95.3
20260713T005134Z,26.2,95.4
20260713T005149Z,26.3,95.4
20260713T005204Z,26.3,95.4
20260713T005219Z,26.3,95.5
20260713T005234Z,26.3,95.6
20260713T005249Z,26.3,95.6
20260713T005304Z,26.3,95.6
20260713T005319Z,26.3,95.7
20260713T005334Z,26.4,95.7
20260713T005349Z,26.4,95.8
20260713T005404Z,26.4,95.9
20260713T005419Z,26.4,96.0
20260713T005434Z,26.4,96.0
20260713T005449Z,26.4,96.1
20260713T005504Z,26.4,96.0
20260713T005519Z,26.4,96.2
20260713T005534Z,26.4,96.2
20260713T005549Z,26.4,96.2
20260713T005604Z,26.4,96.2
20260713T005619Z,26.5,96.3
20260713T005634Z,26.5,96.3
20260713T005649Z,26.5,96.4
20260713T005704Z,26.5,96.4
20260713T005719Z,26.5,96.4
20260713T005734Z,26.5,96.5
20260713T005749Z,26.5,96.5
20260713T005804Z,26.5,96.6
20260713T005819Z,26.5,96.6
20260713T005834Z,26.5,96.6
20260713T005849Z,26.5,96.6
20260713T005904Z,26.6,96.6
20260713T005919Z,26.6,96.7
20260713T005934Z,26.6,96.8
20260713T005949Z,26.6,96.7
20260713T010004Z,26.6,96.8
20260713T010019Z,26.6,96.7
20260713T010034Z,26.6,96.7
20260713T010049Z,26.6,96.7
20260713T010104Z,26.6,96.7
20260713T010119Z,26.6,96.7
20260713T010134Z,26.6,96.7
20260713T010149Z,26.7,96.7
20260713T010204Z,26.7,96.7
20260713T010219Z,26.7,96.1
20260713T010234Z,26.7,94.8
20260713T010249Z,26.6,93.9
20260713T010304Z,26.6,93.3
20260713T010319Z,26.6,92.1
20260713T010334Z,26.5,91.6
20260713T010349Z,26.4,91.1
20260713T010404Z,26.4,90.0
20260713T010419Z,26.4,89.4
20260713T010434Z,26.3,88.4
20260713T010449Z,26.3,87.6
20260713T010504Z,26.2,86.6
20260713T010519Z,26.2,85.7
20260713T010534Z,26.1,84.6
20260713T010549Z,26.1,83.7
20260713T010604Z,26.0,83.2
20260713T010619Z,25.9,81.9
20260713T010634Z,25.8,81.1
20260713T010649Z,25.7,80.9
20260713T010704Z,25.7,82.7
20260713T010719Z,25.6,84.7
20260713T010734Z,25.6,85.7
20260713T010749Z,25.6,86.6
20260713T010804Z,25.5,87.0
20260713T010819Z,25.5,87.3
20260713T010834Z,25.5,87.6
20260713T010849Z,25.5,88.1
20260713T010904Z,25.5,88.3
20260713T010919Z,25.5,88.7
20260713T010934Z,25.6,89.0
20260713T010949Z,25.6,89.2
20260713T011004Z,25.6,89.5
20260713T011019Z,25.6,89.8
20260713T011034Z,25.6,90.0
20260713T011049Z,25.7,90.3
20260713T011104Z,25.7,90.4
20260713T011119Z,25.7,90.7
20260713T011134Z,25.7,90.9
20260713T011149Z,25.8,91.1
20260713T011204Z,25.8,91.4
20260713T011219Z,25.8,91.5
20260713T011234Z,25.8,91.6
20260713T011249Z,25.8,91.8
20260713T011304Z,25.8,92.0
20260713T011319Z,25.9,92.1
20260713T011334Z,25.9,92.4
20260713T011349Z,25.9,92.6
20260713T011404Z,25.9,92.8
20260713T011419Z,25.9,92.9
20260713T011434Z,25.9,93.0
20260713T011449Z,26.0,93.2
20260713T011504Z,26.0,93.2
20260713T011519Z,26.0,93.5
20260713T011534Z,26.0,93.5
20260713T011549Z,26.0,93.7
20260713T011604Z,26.0,93.7
20260713T011619Z,26.1,93.9
20260713T011634Z,26.1,94.1
20260713T011649Z,26.1,94.2
20260713T011704Z,26.1,94.3
20260713T011719Z,26.1,94.3
20260713T011734Z,26.1,94.6
20260713T011749Z,26.2,94.6
20260713T011804Z,26.2,94.7
20260713T011819Z,26.2,94.8
20260713T011834Z,26.2,94.9
20260713T011849Z,26.2,95.0
20260713T011904Z,26.2,95.1
20260713T011919Z,26.2,95.1
20260713T011934Z,26.2,95.2
20260713T011949Z,26.2,95.3
20260713T012004Z,26.3,95.5
20260713T012019Z,26.3,95.5
20260713T012034Z,26.3,95.6
20260713T012049Z,26.3,95.7
20260713T012104Z,26.3,95.7
20260713T012119Z,26.3,95.9
20260713T012134Z,26.3,95.9
20260713T012149Z,26.3,96.0
20260713T012204Z,26.3,96.0
20260713T012219Z,26.3,96.1
20260713T012234Z,26.4,96.2
20260713T012249Z,26.4,96.2
20260713T012304Z,26.4,96.3
20260713T012319Z,26.4,96.3
20260713T012334Z,26.4,96.4
20260713T012349Z,26.4,96.5
20260713T012404Z,26.4,96.4
20260713T012419Z,26.4,96.5
20260713T012434Z,26.4,96.5
20260713T012449Z,26.4,96.6
20260713T012504Z,26.4,96.6
20260713T012519Z,26.4,96.7
20260713T012534Z,26.5,96.7
20260713T012549Z,26.5,96.7
20260713T012604Z,26.5,96.8
20260713T012619Z,26.5,96.8
20260713T012634Z,26.5,96.8
20260713T012649Z,26.5,96.8
20260713T012704Z,26.5,96.9
20260713T012719Z,26.5,96.9
20260713T012734Z,26.5,96.9
20260713T012749Z,26.5,96.9
20260713T012804Z,26.6,97.0
20260713T012819Z,26.6,97.0
20260713T012834Z,26.6,96.9
20260713T012849Z,26.6,96.9
20260713T012904Z,26.6,96.9
20260713T012919Z,26.6,96.9
20260713T012934Z,26.6,97.0
20260713T012949Z,26.6,97.0
20260713T013004Z,26.6,97.0
20260713T013019Z,26.6,96.2
20260713T013034Z,26.6,96.1
20260713T013049Z,26.6,94.6
20260713T013104Z,26.6,93.9
20260713T013119Z,26.5,93.6
20260713T013134Z,26.5,92.4
20260713T013149Z,26.5,91.5
20260713T013204Z,26.4,90.5
20260713T013219Z,26.4,89.9
20260713T013234Z,26.3,89.0
20260713T013249Z,26.3,88.2
20260713T013304Z,26.3,87.5
20260713T013319Z,26.2,86.4
20260713T013334Z,26.2,85.1
20260713T013349Z,26.1,84.4
20260713T013404Z,26.0,83.7
20260713T013419Z,26.0,82.7
20260713T013434Z,25.9,81.4
20260713T013449Z,25.8,80.5
20260713T013504Z,25.7,80.3
20260713T013519Z,25.6,81.4
20260713T013534Z,25.6,83.1
20260713T013549Z,25.5,85.0
20260713T013604Z,25.5,86.0
20260713T013619Z,25.5,86.5
20260713T013634Z,25.5,87.1
20260713T013649Z,25.4,87.4
20260713T013704Z,25.5,87.7
20260713T013719Z,25.4,87.9
20260713T013734Z,25.5,88.2
20260713T013749Z,25.5,88.5
20260713T013804Z,25.5,88.7
20260713T013819Z,25.5,89.0
20260713T013834Z,25.6,89.1
20260713T013849Z,25.6,89.2
20260713T013904Z,25.6,89.6
20260713T013919Z,25.6,89.9
20260713T013934Z,25.7,90.2
20260713T013949Z,25.7,90.3
20260713T014004Z,25.7,90.6
20260713T014019Z,25.7,91.0
20260713T014034Z,25.7,91.1
20260713T014049Z,25.8,91.2
20260713T014104Z,25.8,91.5
20260713T014119Z,25.8,91.6
20260713T014134Z,25.8,91.8
20260713T014149Z,25.8,92.0
20260713T014204Z,25.9,92.3
20260713T014219Z,25.9,92.4
20260713T014234Z,25.9,92.5
20260713T014249Z,25.9,92.6
20260713T014304Z,25.9,92.8
20260713T014319Z,26.0,93.1
20260713T014334Z,26.0,93.2
20260713T014349Z,26.0,93.3
20260713T014404Z,26.0,93.4
20260713T014419Z,26.0,93.6
20260713T014434Z,26.0,93.7
20260713T014449Z,26.1,93.9
20260713T014504Z,26.1,93.9
20260713T014519Z,26.1,93.9
20260713T014534Z,26.1,94.1
20260713T014549Z,26.1,94.3
20260713T014604Z,26.1,94.4
20260713T014619Z,26.2,94.4
20260713T014634Z,26.2,94.5
20260713T014649Z,26.2,94.7
20260713T014704Z,26.2,94.8
20260713T014719Z,26.2,94.9
20260713T014734Z,26.2,95.0
20260713T014749Z,26.2,95.2
20260713T014804Z,26.2,95.1
20260713T014819Z,26.2,95.3
20260713T014834Z,26.2,95.3
20260713T014849Z,26.3,95.5
20260713T014904Z,26.3,95.5
20260713T014919Z,26.3,95.6
20260713T014934Z,26.3,95.7
20260713T014949Z,26.3,95.8
20260713T015004Z,26.3,95.9
20260713T015019Z,26.3,95.9
20260713T015034Z,26.3,96.0
20260713T015049Z,26.3,95.9
20260713T015104Z,26.3,96.0
20260713T015119Z,26.4,96.0
20260713T015134Z,26.4,96.1
20260713T015149Z,26.4,96.1
20260713T015204Z,26.4,96.2
20260713T015219Z,26.4,96.2
20260713T015234Z,26.4,96.4
20260713T015249Z,26.4,96.4
20260713T015304Z,26.4,96.5
20260713T015319Z,26.4,96.5
20260713T015334Z,26.4,96.5
20260713T015349Z,26.4,96.5
20260713T015404Z,26.5,96.5
20260713T015419Z,26.5,96.6
20260713T015434Z,26.5,96.6
20260713T015449Z,26.5,96.7
20260713T015504Z,26.5,96.7
20260713T015519Z,26.5,96.7
20260713T015534Z,26.5,96.7
20260713T015549Z,26.5,96.8
20260713T015604Z,26.5,96.8
20260713T015619Z,26.5,96.8
20260713T015634Z,26.6,96.1
20260713T015649Z,26.6,95.5
20260713T015704Z,26.5,94.2
20260713T015719Z,26.5,93.9
20260713T015734Z,26.5,92.6
20260713T015749Z,26.4,92.1
20260713T015804Z,26.4,91.0
20260713T015819Z,26.3,90.3
20260713T015834Z,26.3,89.4
20260713T015849Z,26.3,88.5
20260713T015904Z,26.2,87.4
20260713T015919Z,26.2,86.8
20260713T015934Z,26.1,85.8
20260713T015949Z,26.0,84.2
20260713T020004Z,25.9,83.2
20260713T020019Z,25.8,82.8
20260713T020034Z,25.7,81.8
20260713T020049Z,25.6,81.7
20260713T020104Z,25.5,80.4
20260713T020119Z,25.4,81.1
20260713T020134Z,25.4,82.6
20260713T020149Z,25.4,84.6
20260713T020204Z,25.4,86.0
20260713T020219Z,25.4,86.9
20260713T020234Z,25.4,87.3
20260713T020249Z,25.4,87.5
20260713T020304Z,25.4,88.0
20260713T020319Z,25.4,88.4
20260713T020334Z,25.4,88.7
20260713T020349Z,25.4,88.8
20260713T020404Z,25.4,89.4
20260713T020419Z,25.4,89.6
20260713T020434Z,25.5,89.9
20260713T020449Z,25.5,90.1
20260713T020504Z,25.5,90.1
20260713T020519Z,25.6,90.2
20260713T020535Z,25.6,90.4
20260713T020549Z,25.6,90.7
20260713T020604Z,25.7,90.9
20260713T020619Z,25.7,91.0
20260713T020634Z,25.7,91.2
20260713T020649Z,25.7,91.4
20260713T020704Z,25.7,91.5
20260713T020719Z,25.8,91.8
20260713T020734Z,25.8,91.9
20260713T020749Z,25.8,92.1
20260713T020804Z,25.8,92.2
20260713T020819Z,25.9,92.4
20260713T020834Z,25.9,92.6
20260713T020849Z,25.9,92.7
20260713T020904Z,25.9,92.8
20260713T020919Z,25.9,93.0
20260713T020934Z,26.0,93.1
20260713T020949Z,26.0,93.3
20260713T021004Z,26.0,93.4
20260713T021019Z,26.0,93.5
20260713T021034Z,26.0,93.7
20260713T021050Z,26.0,93.8
20260713T021104Z,26.0,94.0
20260713T021120Z,26.1,94.0
20260713T021134Z,26.1,94.2
20260713T021150Z,26.1,94.4
20260713T021204Z,26.1,94.3
20260713T021220Z,26.1,94.5
20260713T021234Z,26.1,94.5
20260713T021250Z,26.2,94.7
20260713T021304Z,26.2,94.8
20260713T021320Z,26.2,94.8
20260713T021334Z,26.2,94.8
20260713T021350Z,26.2,94.9
20260713T021405Z,26.2,95.0
20260713T021419Z,26.2,95.1
20260713T021434Z,26.3,95.2
20260713T021449Z,26.3,95.3
20260713T021505Z,26.3,95.4
20260713T021520Z,26.3,95.4
20260713T021534Z,26.3,95.4
20260713T021550Z,26.3,95.6
20260713T021604Z,26.3,95.6
20260713T021619Z,26.3,95.6
20260713T021635Z,26.3,95.7
20260713T021649Z,26.4,95.8
20260713T021705Z,26.4,95.8
20260713T021719Z,26.4,95.9
20260713T021735Z,26.4,96.0
20260713T021749Z,26.4,96.1
20260713T021805Z,26.4,96.1
20260713T021819Z,26.4,96.2
20260713T021835Z,26.4,96.3
20260713T021849Z,26.4,96.3
20260713T021904Z,26.5,96.3
20260713T021919Z,26.5,96.3
20260713T021935Z,26.5,96.4
20260713T021949Z,26.5,96.5
20260713T022004Z,26.5,96.5
20260713T022020Z,26.5,96.6
20260713T022035Z,26.5,96.6
20260713T022049Z,26.5,96.5
20260713T022106Z,26.5,96.6
20260713T022120Z,26.5,96.7
20260713T022135Z,26.5,96.7
20260713T022150Z,26.5,96.7
20260713T022204Z,26.6,96.7
20260713T022220Z,26.6,96.7
20260713T022234Z,26.6,96.8
20260713T022250Z,26.6,96.9
20260713T022304Z,26.6,96.8
20260713T022319Z,26.6,96.1
20260713T022334Z,26.6,94.8
20260713T022350Z,26.6,94.0
20260713T022404Z,26.6,93.3
20260713T022420Z,26.5,92.5
20260713T022434Z,26.5,92.0
20260713T022450Z,26.4,91.2
20260713T022504Z,26.4,90.2
20260713T022520Z,26.4,89.5
20260713T022534Z,26.4,88.3
20260713T022549Z,26.3,87.2
20260713T022605Z,26.3,86.7
20260713T022619Z,26.2,85.0
20260713T022635Z,26.1,84.2
20260713T022650Z,26.1,83.0
20260713T022704Z,26.0,82.1
20260713T022720Z,25.9,81.6
20260713T022734Z,25.8,80.8
20260713T022750Z,25.7,80.1
20260713T022804Z,25.6,80.2
20260713T022819Z,25.5,81.6
20260713T022835Z,25.5,83.7
20260713T022850Z,25.5,85.2
20260713T022904Z,25.5,85.9
20260713T022920Z,25.5,86.6
20260713T022934Z,25.5,86.9
20260713T022950Z,25.4,87.4
20260713T023004Z,25.5,87.6
20260713T023020Z,25.5,88.1
20260713T023034Z,25.5,88.4
20260713T023050Z,25.5,88.5
20260713T023104Z,25.5,89.0
20260713T023120Z,25.5,89.5
20260713T023134Z,25.6,89.6
20260713T023150Z,25.6,89.9
20260713T023205Z,25.6,90.1
20260713T023220Z,25.6,90.2
20260713T023234Z,25.7,90.5
20260713T023250Z,25.7,90.8
20260713T023305Z,25.7,90.9
20260713T023319Z,25.7,90.9
20260713T023335Z,25.8,91.2
20260713T023349Z,25.8,91.5
20260713T023405Z,25.8,91.6
20260713T023419Z,25.8,91.8
20260713T023434Z,25.8,91.8
20260713T023450Z,25.9,92.1
20260713T023504Z,25.9,92.2
20260713T023520Z,25.9,92.3
20260713T023534Z,25.9,92.6
20260713T023549Z,26.0,92.7
20260713T023605Z,26.0,92.9
20260713T023619Z,26.0,92.9
20260713T023635Z,26.0,93.2
20260713T023649Z,26.0,93.3
20260713T023705Z,26.0,93.5
20260713T023719Z,26.0,93.7
20260713T023735Z,26.1,93.8
20260713T023749Z,26.1,93.8
20260713T023805Z,26.1,93.9
20260713T023819Z,26.1,94.0
20260713T023834Z,26.1,94.1
20260713T023850Z,26.1,94.2
20260713T023904Z,26.2,94.4
20260713T023920Z,26.2,94.4
20260713T023934Z,26.2,94.5
20260713T023950Z,26.2,94.6
20260713T024004Z,26.2,94.8
20260713T024020Z,26.2,94.8
20260713T024034Z,26.2,94.9
20260713T024049Z,26.2,95.0
20260713T024104Z,26.3,95.1
20260713T024119Z,26.3,95.2
20260713T024135Z,26.3,95.2
20260713T024149Z,26.3,95.3
20260713T024204Z,26.3,95.4
20260713T024220Z,26.3,95.5
20260713T024235Z,26.3,95.6
20260713T024249Z,26.3,95.6
20260713T024305Z,26.4,95.8
20260713T024319Z,26.4,95.7
20260713T024335Z,26.4,95.8
20260713T024349Z,26.4,95.8
20260713T024405Z,26.4,96.0
20260713T024419Z,26.4,96.0
20260713T024435Z,26.4,95.9
20260713T024449Z,26.4,96.1
20260713T024505Z,26.4,96.1
20260713T024520Z,26.5,96.1
20260713T024534Z,26.5,96.2
20260713T024550Z,26.5,96.2
20260713T024605Z,26.5,96.3
20260713T024619Z,26.5,96.2
20260713T024635Z,26.5,96.3
20260713T024649Z,26.5,96.4
20260713T024706Z,26.5,96.4
20260713T024720Z,26.5,96.5
20260713T024734Z,26.5,96.5
20260713T024749Z,26.6,96.5
20260713T024804Z,26.6,96.6
20260713T024820Z,26.6,96.6
20260713T024834Z,26.6,96.6
20260713T024850Z,26.6,96.6
20260713T024904Z,26.6,96.6
20260713T024920Z,26.6,96.6
20260713T024934Z,26.6,95.8
20260713T024950Z,26.6,95.6
20260713T025004Z,26.6,94.1
20260713T025020Z,26.6,93.9
20260713T025034Z,26.5,92.7
20260713T025049Z,26.5,92.1
20260713T025104Z,26.5,91.3
20260713T025120Z,26.4,90.3
20260713T025134Z,26.4,89.7
20260713T025149Z,26.3,88.8
20260713T025205Z,26.3,87.1
20260713T025219Z,26.2,86.1
20260713T025235Z,26.1,85.8
20260713T025249Z,26.1,84.5
20260713T025305Z,26.0,83.6
20260713T025319Z,25.9,82.5
20260713T025335Z,25.8,81.5
20260713T025349Z,25.7,80.9
20260713T025404Z,25.6,80.6
20260713T025420Z,25.5,80.5
20260713T025435Z,25.4,82.5
20260713T025449Z,25.4,83.8
20260713T025505Z,25.4,85.5
20260713T025519Z,25.4,86.7
20260713T025535Z,25.4,87.3
20260713T025549Z,25.4,87.3
20260713T025605Z,25.4,87.9
20260713T025619Z,25.4,88.0
20260713T025635Z,25.4,88.4
20260713T025649Z,25.4,88.7
20260713T025704Z,25.4,89.1
20260713T025720Z,25.5,89.3
20260713T025734Z,25.5,89.3
20260713T025750Z,25.5,89.6
20260713T025805Z,25.6,89.7
20260713T025819Z,25.6,90.1
20260713T025835Z,25.6,90.1
20260713T025849Z,25.6,90.5
20260713T025905Z,25.7,90.8
20260713T025919Z,25.7,90.9
20260713T025935Z,25.7,91.0
20260713T025949Z,25.8,91.5
20260713T030004Z,25.8,91.7
20260713T030019Z,25.8,91.7
20260713T030034Z,25.8,91.8
20260713T030050Z,25.8,92.1
20260713T030105Z,25.9,92.2
20260713T030120Z,25.9,92.4
20260713T030134Z,25.9,92.5
20260713T030150Z,25.9,92.7
20260713T030205Z,26.0,92.9
20260713T030220Z,26.0,93.1
20260713T030234Z,26.0,93.2
20260713T030250Z,26.0,93.3
20260713T030304Z,26.0,93.3
20260713T030320Z,26.0,93.5
20260713T030334Z,26.1,93.6
20260713T030350Z,26.1,93.7
20260713T030405Z,26.1,93.9
20260713T030419Z,26.1,94.0
20260713T030435Z,26.1,94.0
20260713T030449Z,26.1,94.2
20260713T030505Z,26.2,94.3
20260713T030519Z,26.2,94.5
20260713T030535Z,26.2,94.5
20260713T030549Z,26.2,94.5
20260713T030605Z,26.2,94.6
20260713T030619Z,26.2,94.8
20260713T030635Z,26.2,94.9
20260713T030649Z,26.2,95.0
20260713T030705Z,26.3,95.1
20260713T030720Z,26.3,95.2
20260713T030735Z,26.3,95.2
20260713T030750Z,26.3,95.3
20260713T030805Z,26.3,95.4
20260713T030820Z,26.3,95.4
20260713T030834Z,26.3,95.5
20260713T030850Z,26.4,95.5
20260713T030904Z,26.4,95.8
20260713T030920Z,26.4,95.8
20260713T030935Z,26.4,95.7
20260713T030950Z,26.4,95.7
20260713T031004Z,26.4,95.9
20260713T031020Z,26.4,96.1
20260713T031034Z,26.4,96.0
20260713T031050Z,26.4,96.1
20260713T031105Z,26.4,96.1
20260713T031120Z,26.4,96.2
20260713T031134Z,26.4,96.2
20260713T031150Z,26.5,96.3
20260713T031205Z,26.5,96.3
20260713T031219Z,26.5,96.3
20260713T031235Z,26.5,96.4
20260713T031250Z,26.5,96.5
20260713T031305Z,26.5,96.5
20260713T031320Z,26.5,96.4
20260713T031335Z,26.5,96.5
20260713T031350Z,26.6,96.6
20260713T031405Z,26.5,96.6
20260713T031420Z,26.6,96.6
20260713T031435Z,26.6,96.7
20260713T031450Z,26.6,96.0
20260713T031505Z,26.6,95.9
20260713T031520Z,26.5,94.5
20260713T031535Z,26.5,93.9
20260713T031550Z,26.5,92.8
20260713T031605Z,26.5,92.4
20260713T031620Z,26.4,91.8
20260713T031635Z,26.4,91.1
20260713T031650Z,26.4,90.2
20260713T031705Z,26.4,88.9
20260713T031720Z,26.3,87.6
20260713T031735Z,26.3,86.5
20260713T031750Z,26.2,85.9
20260713T031805Z,26.2,85.4
20260713T031820Z,26.1,84.4
20260713T031835Z,26.1,83.5
20260713T031850Z,26.0,83.0
20260713T031905Z,26.0,81.6
20260713T031920Z,25.9,80.4
20260713T031935Z,25.8,80.8
20260713T031950Z,25.7,81.8
20260713T032005Z,25.7,84.0
20260713T032020Z,25.6,85.5
20260713T032035Z,25.6,86.2
20260713T032050Z,25.6,86.6
20260713T032105Z,25.6,86.7
20260713T032120Z,25.6,87.2
20260713T032135Z,25.6,87.7
20260713T032150Z,25.6,88.1
20260713T032205Z,25.6,88.5
20260713T032220Z,25.6,88.8
20260713T032235Z,25.6,89.1
20260713T032250Z,25.6,89.5
20260713T032305Z,25.6,89.5
20260713T032320Z,25.7,89.7
20260713T032335Z,25.7,89.9
20260713T032350Z,25.7,90.0
20260713T032405Z,25.7,90.3
20260713T032420Z,25.8,90.6
20260713T032435Z,25.8,90.7
20260713T032450Z,25.8,91.0
20260713T032505Z,25.8,91.2
20260713T032520Z,25.9,91.2
20260713T032535Z,25.9,91.6
20260713T032550Z,25.9,91.7
20260713T032605Z,25.9,92.0
20260713T032620Z,25.9,92.2
20260713T032635Z,26.0,92.3
20260713T032650Z,26.0,92.5
20260713T032705Z,26.0,92.5
20260713T032720Z,26.0,92.9
20260713T032735Z,26.0,92.9
20260713T032750Z,26.0,93.2
20260713T032805Z,26.1,93.3
20260713T032820Z,26.1,93.4
20260713T032835Z,26.1,93.6
20260713T032850Z,26.1,93.7
20260713T032905Z,26.1,93.9
20260713T032920Z,26.1,94.0
20260713T032935Z,26.1,94.2
20260713T032950Z,26.2,94.2
20260713T033005Z,26.2,94.4
20260713T033020Z,26.2,94.5
20260713T033035Z,26.2,94.6
20260713T033050Z,26.2,94.5
20260713T033105Z,26.2,94.7
20260713T033120Z,26.2,94.9
20260713T033135Z,26.3,94.9
20260713T033150Z,26.3,94.9
20260713T033205Z,26.3,95.1
20260713T033220Z,26.3,95.1
20260713T033235Z,26.3,95.4
20260713T033250Z,26.3,95.4
20260713T033305Z,26.3,95.3
20260713T033320Z,26.3,95.5
20260713T033335Z,26.4,95.6
20260713T033350Z,26.4,95.7
20260713T033405Z,26.4,95.8
20260713T033420Z,26.4,95.7
20260713T033435Z,26.4,95.8
20260713T033450Z,26.4,95.9
20260713T033505Z,26.4,96.0
20260713T033520Z,26.4,96.0
20260713T033535Z,26.4,96.1
20260713T033550Z,26.4,96.1
20260713T033605Z,26.5,96.1
20260713T033620Z,26.5,96.2
20260713T033635Z,26.5,96.1
20260713T033650Z,26.5,96.3
20260713T033705Z,26.5,96.3
20260713T033720Z,26.5,96.3
20260713T033735Z,26.5,96.4
20260713T033750Z,26.5,96.5
20260713T033805Z,26.6,96.6
20260713T033820Z,26.6,96.4
20260713T033835Z,26.6,95.6
20260713T033850Z,26.6,95.2
20260713T033905Z,26.6,94.1
20260713T033920Z,26.6,93.5
20260713T033935Z,26.5,92.4
20260713T033950Z,26.5,91.7
20260713T034005Z,26.4,90.8
20260713T034020Z,26.4,90.1
20260713T034035Z,26.4,88.9
20260713T034050Z,26.3,87.4
20260713T034105Z,26.2,86.7
20260713T034120Z,26.2,85.9
20260713T034135Z,26.1,84.7
20260713T034150Z,26.0,83.6
20260713T034205Z,25.9,83.2
20260713T034220Z,25.8,82.6
20260713T034235Z,25.7,81.8
20260713T034250Z,25.6,81.5
20260713T034305Z,25.6,80.3
20260713T034320Z,25.5,81.0
20260713T034335Z,25.4,82.6
20260713T034350Z,25.4,84.1
20260713T034405Z,25.4,85.8
20260713T034420Z,25.4,86.5
20260713T034435Z,25.4,87.1
20260713T034450Z,25.4,87.6
20260713T034505Z,25.4,87.8
20260713T034520Z,25.4,88.3
20260713T034535Z,25.4,88.4
20260713T034550Z,25.4,88.7
20260713T034605Z,25.5,88.9
20260713T034620Z,25.5,89.2
20260713T034635Z,25.5,89.4
20260713T034650Z,25.5,89.6
20260713T034706Z,25.6,89.8
20260713T034720Z,25.6,90.1
20260713T034735Z,25.6,90.2
20260713T034750Z,25.6,90.6
20260713T034805Z,25.6,91.0
20260713T034820Z,25.7,90.9
20260713T034835Z,25.7,91.1
20260713T034850Z,25.7,91.3
20260713T034905Z,25.8,91.5
20260713T034920Z,25.8,91.7
20260713T034935Z,25.8,91.9
20260713T034950Z,25.8,92.2
20260713T035005Z,25.8,92.1
20260713T035020Z,25.9,92.5
20260713T035035Z,25.9,92.6
20260713T035050Z,25.9,92.8
20260713T035105Z,25.9,92.9
20260713T035120Z,25.9,93.0
20260713T035135Z,25.9,93.1
20260713T035150Z,26.0,93.3
20260713T035205Z,26.0,93.3
20260713T035220Z,26.0,93.6
20260713T035235Z,26.0,93.7
20260713T035250Z,26.0,93.8
20260713T035305Z,26.1,94.0
20260713T035320Z,26.1,94.1
20260713T035335Z,26.1,94.2
20260713T035350Z,26.1,94.3
20260713T035405Z,26.1,94.5
20260713T035420Z,26.1,94.4
20260713T035435Z,26.1,94.6
20260713T035450Z,26.1,94.7
20260713T035505Z,26.2,94.8
20260713T035520Z,26.2,94.8
20260713T035535Z,26.2,94.9
20260713T035550Z,26.2,94.9
20260713T035605Z,26.2,95.0
20260713T035620Z,26.2,95.2
20260713T035635Z,26.2,95.5
20260713T035650Z,26.3,95.6
20260713T035705Z,26.3,95.6
20260713T035720Z,26.3,95.7
20260713T035735Z,26.3,95.8
20260713T035750Z,26.3,95.8
20260713T035805Z,26.4,95.8
20260713T035820Z,26.4,95.8
20260713T035835Z,26.4,95.9
20260713T035850Z,26.4,96.0
20260713T035905Z,26.4,96.0
20260713T035920Z,26.5,96.1
20260713T035935Z,26.5,96.2
20260713T035950Z,26.5,96.2
20260713T040005Z,26.5,96.1
20260713T040020Z,26.5,96.3
20260713T040035Z,26.5,96.1
20260713T040050Z,26.5,96.1
20260713T040105Z,26.6,96.3
20260713T040120Z,26.6,95.5
20260713T040135Z,26.6,94.6
20260713T040150Z,26.6,93.3
20260713T040205Z,26.5,93.0
20260713T040220Z,26.5,92.1
20260713T040235Z,26.5,90.8
20260713T040250Z,26.5,90.4
20260713T040305Z,26.4,89.4
20260713T040320Z,26.4,88.2
20260713T040335Z,26.3,87.5
20260713T040350Z,26.3,86.8
20260713T040405Z,26.1,85.7
20260713T040420Z,26.1,85.3
20260713T040435Z,26.0,85.0
20260713T040450Z,26.0,83.3
20260713T040505Z,25.9,82.5
20260713T040520Z,25.8,82.1
20260713T040535Z,25.8,81.6
20260713T040550Z,25.7,80.8
20260713T040605Z,25.6,80.0
20260713T040620Z,25.6,79.6
20260713T040635Z,25.5,78.5
20260713T040650Z,25.4,78.2
20260713T040705Z,25.3,77.9
20260713T040720Z,25.2,79.2
20260713T040735Z,25.2,81.4
20260713T040750Z,25.2,83.0
20260713T040805Z,25.2,84.1
20260713T040820Z,25.2,84.4
20260713T040835Z,25.3,84.9
20260713T040850Z,25.3,85.2
20260713T040905Z,25.3,85.5
20260713T040920Z,25.3,85.6
20260713T040935Z,25.4,86.0
20260713T040950Z,25.4,86.5
20260713T041005Z,25.4,86.8
20260713T041020Z,25.5,87.1
20260713T041035Z,25.5,87.4
20260713T041050Z,25.5,87.7
20260713T041105Z,25.6,88.1
20260713T041120Z,25.6,88.3
20260713T041135Z,25.7,88.5
20260713T041150Z,25.7,88.8
20260713T041205Z,25.7,89.0
20260713T041220Z,25.8,89.3
20260713T041235Z,25.8,89.7
20260713T041250Z,25.8,89.6
20260713T041305Z,25.9,89.9
20260713T041320Z,25.9,90.0
20260713T041335Z,25.9,90.1
20260713T041350Z,26.0,90.4
20260713T041405Z,26.0,90.4
20260713T041420Z,26.0,90.7
20260713T041435Z,26.1,90.8
20260713T041450Z,26.1,91.0
20260713T041505Z,26.1,91.2
20260713T041520Z,26.1,91.5
20260713T041535Z,26.2,91.5
20260713T041550Z,26.2,91.6
20260713T041605Z,26.2,91.9
20260713T041620Z,26.2,91.9
20260713T041635Z,26.3,92.1
20260713T041650Z,26.3,92.3
20260713T041706Z,26.3,92.4
20260713T041720Z,26.3,92.5
20260713T041735Z,26.4,92.5
20260713T041750Z,26.4,92.7
20260713T041805Z,26.4,92.7
20260713T041820Z,26.4,93.0
20260713T041835Z,26.5,93.0
20260713T041850Z,26.5,93.1
20260713T041905Z,26.5,93.3
20260713T041920Z,26.5,93.3
20260713T041935Z,26.5,93.5
20260713T041950Z,26.5,93.5
20260713T042005Z,26.6,93.6
20260713T042020Z,26.6,93.7
20260713T042035Z,26.6,93.8
20260713T042050Z,26.6,93.2
20260713T042105Z,26.6,91.7
20260713T042120Z,26.6,90.6
20260713T042135Z,26.5,90.4
20260713T042150Z,26.5,89.7
20260713T042205Z,26.5,88.4
20260713T042220Z,26.5,88.1
20260713T042235Z,26.4,87.1
20260713T042250Z,26.4,86.4
20260713T042305Z,26.3,85.2
20260713T042320Z,26.3,84.0
20260713T042335Z,26.2,83.5
20260713T042350Z,26.1,82.9
20260713T042405Z,26.0,81.6
20260713T042420Z,25.9,80.7
20260713T042435Z,25.8,80.6
20260713T042450Z,25.7,79.9
20260713T042505Z,25.6,79.3
20260713T042520Z,25.5,79.2
20260713T042535Z,25.4,78.8
20260713T042550Z,25.3,78.3
20260713T042605Z,25.2,77.8
20260713T042620Z,25.1,77.0
20260713T042635Z,25.1,76.8
20260713T042650Z,25.0,77.7
20260713T042705Z,25.0,79.3
20260713T042720Z,25.0,81.5
20260713T042735Z,25.1,82.2
20260713T042750Z,25.1,83.0
20260713T042805Z,25.2,83.6
20260713T042820Z,25.2,83.5
20260713T042835Z,25.2,84.1
20260713T042850Z,25.3,84.3
20260713T042905Z,25.3,84.8
20260713T042920Z,25.4,85.0
20260713T042935Z,25.4,85.4
20260713T042950Z,25.4,85.8
20260713T043005Z,25.5,85.7
20260713T043020Z,25.5,86.4
20260713T043035Z,25.6,86.5
20260713T043050Z,25.6,86.8
20260713T043106Z,25.6,87.1
20260713T043121Z,25.7,87.5
20260713T043135Z,25.7,87.8
20260713T043150Z,25.7,88.0
20260713T043205Z,25.8,88.3
20260713T043220Z,25.8,88.5
20260713T043235Z,25.9,88.8
20260713T043250Z,25.9,89.0
20260713T043305Z,25.9,89.2
20260713T043320Z,25.9,89.3
20260713T043335Z,26.0,89.6
20260713T043350Z,26.0,89.7
20260713T043405Z,26.1,89.9
20260713T043420Z,26.1,90.2
20260713T043435Z,26.1,90.3
20260713T043450Z,26.1,90.4
20260713T043505Z,26.2,90.6
20260713T043520Z,26.2,90.7
20260713T043535Z,26.2,91.0
20260713T043550Z,26.2,91.1
20260713T043605Z,26.2,91.3
20260713T043620Z,26.3,91.5
20260713T043635Z,26.3,91.7
20260713T043650Z,26.3,91.7
20260713T043705Z,26.3,91.9
20260713T043720Z,26.4,91.9
20260713T043735Z,26.4,92.1
20260713T043750Z,26.4,92.2
20260713T043805Z,26.4,92.3
20260713T043820Z,26.5,92.4
20260713T043835Z,26.5,92.6
20260713T043850Z,26.5,92.6
20260713T043905Z,26.5,92.7
20260713T043920Z,26.5,92.8
20260713T043935Z,26.6,92.9
20260713T043950Z,26.6,93.0
20260713T044005Z,26.6,93.2
20260713T044020Z,26.6,93.2
20260713T044035Z,26.6,92.7
20260713T044050Z,26.6,91.4
20260713T044105Z,26.6,90.2
20260713T044120Z,26.6,89.5
20260713T044135Z,26.5,88.4
20260713T044150Z,26.5,88.2
20260713T044205Z,26.4,87.2
20260713T044220Z,26.4,86.2
20260713T044235Z,26.3,85.3
20260713T044250Z,26.3,84.9
20260713T044305Z,26.3,83.6
20260713T044320Z,26.2,83.2
20260713T044335Z,26.1,82.2
20260713T044350Z,26.1,81.3
20260713T044405Z,26.0,80.9
20260713T044420Z,25.9,80.0
20260713T044435Z,25.9,79.2
20260713T044450Z,25.8,78.8
20260713T044505Z,25.7,78.3
20260713T044520Z,25.6,77.3
20260713T044535Z,25.5,76.7
20260713T044550Z,25.4,76.4
20260713T044605Z,25.4,75.6
20260713T044620Z,25.3,75.3
20260713T044635Z,25.2,75.6
20260713T044650Z,25.2,77.3
20260713T044705Z,25.2,78.9
20260713T044720Z,25.2,80.4
20260713T044735Z,25.2,81.4
20260713T044750Z,25.2,81.8
20260713T044805Z,25.2,82.5
20260713T044820Z,25.3,82.5
20260713T044835Z,25.3,83.0
20260713T044850Z,25.3,83.2
20260713T044905Z,25.4,83.4
20260713T044920Z,25.4,83.8
20260713T044935Z,25.5,84.4
20260713T044950Z,25.5,84.6
20260713T045005Z,25.5,85.1
20260713T045020Z,25.6,85.6
20260713T045035Z,25.6,85.8
20260713T045050Z,25.6,86.4
20260713T045105Z,25.7,86.3
20260713T045120Z,25.7,86.6
20260713T045135Z,25.7,86.8
20260713T045150Z,25.8,87.2
20260713T045205Z,25.8,87.5
20260713T045220Z,25.8,87.8
20260713T045235Z,25.9,88.1
20260713T045250Z,25.9,88.4
20260713T045305Z,25.9,88.6
20260713T045320Z,26.0,88.7
20260713T045335Z,26.0,88.9
20260713T045350Z,26.0,89.2
20260713T045405Z,26.0,89.4
20260713T045420Z,26.1,89.4
20260713T045435Z,26.1,89.7
20260713T045450Z,26.1,89.8
20260713T045505Z,26.2,90.0
20260713T045520Z,26.2,90.3
20260713T045535Z,26.2,90.4
20260713T045550Z,26.2,90.5
20260713T045605Z,26.3,90.8
20260713T045620Z,26.3,90.9
20260713T045635Z,26.3,91.1
20260713T045650Z,26.3,91.1
20260713T045705Z,26.3,91.3
20260713T045720Z,26.4,91.5
20260713T045735Z,26.4,91.7
20260713T045750Z,26.4,91.8
20260713T045805Z,26.4,91.8
20260713T045820Z,26.4,92.0
20260713T045835Z,26.5,92.1
20260713T045850Z,26.5,92.2
20260713T045905Z,26.5,92.4
20260713T045920Z,26.5,92.5
20260713T045935Z,26.5,92.6
20260713T045950Z,26.5,92.8
20260713T050005Z,26.6,92.8
20260713T050020Z,26.6,91.9
20260713T050035Z,26.6,91.4
20260713T050050Z,26.6,90.0
20260713T050105Z,26.5,89.4
20260713T050120Z,26.5,88.5
20260713T050135Z,26.5,88.0
20260713T050150Z,26.5,86.7
20260713T050205Z,26.4,85.7
20260713T050220Z,26.3,85.1
20260713T050235Z,26.3,84.6
20260713T050250Z,26.2,83.7
20260713T050305Z,26.2,82.4
20260713T050320Z,26.1,81.7
20260713T050335Z,26.1,81.3
20260713T050350Z,26.0,80.3
20260713T050405Z,25.9,79.7
20260713T050420Z,25.9,79.2
20260713T050435Z,25.8,78.4
20260713T050450Z,25.7,77.7
20260713T050505Z,25.7,77.3
20260713T050520Z,25.6,76.0
20260713T050535Z,25.5,75.8
20260713T050550Z,25.4,74.8
20260713T050605Z,25.3,75.1
20260713T050620Z,25.2,76.0
20260713T050635Z,25.2,77.8
20260713T050650Z,25.2,79.5
20260713T050705Z,25.2,80.9
20260713T050720Z,25.2,81.5
20260713T050735Z,25.2,81.8
20260713T050750Z,25.3,82.3
20260713T050805Z,25.3,82.8
20260713T050820Z,25.3,83.2
20260713T050835Z,25.4,83.5
20260713T050850Z,25.4,84.0
20260713T050905Z,25.4,84.3
20260713T050920Z,25.4,84.9
20260713T050935Z,25.5,85.0
20260713T050950Z,25.5,85.4
20260713T051005Z,25.5,85.7
20260713T051020Z,25.6,86.0
20260713T051035Z,25.6,86.6
20260713T051050Z,25.6,86.8
20260713T051105Z,25.6,87.1
20260713T051120Z,25.7,87.3
20260713T051135Z,25.7,87.6
20260713T051150Z,25.7,87.8
20260713T051205Z,25.7,88.1
20260713T051220Z,25.8,88.2
20260713T051235Z,25.8,88.4
20260713T051250Z,25.8,88.9
20260713T051305Z,25.9,89.2
20260713T051320Z,25.9,89.2
20260713T051335Z,25.9,89.4
20260713T051350Z,25.9,89.7
20260713T051406Z,26.0,89.9
20260713T051421Z,26.0,90.2
20260713T051435Z,26.0,90.4
20260713T051450Z,26.0,90.4
20260713T051505Z,26.1,90.6
20260713T051520Z,26.1,91.0
20260713T051535Z,26.1,90.9
20260713T051550Z,26.1,91.2
20260713T051605Z,26.1,91.4
20260713T051620Z,26.2,91.5
20260713T051635Z,26.2,91.7
20260713T051650Z,26.2,91.9
20260713T051706Z,26.2,92.1
20260713T051721Z,26.2,92.1
20260713T051735Z,26.2,92.3
20260713T051750Z,26.2,92.4
20260713T051805Z,26.3,92.5
20260713T051820Z,26.3,92.7
20260713T051835Z,26.3,92.7
20260713T051850Z,26.3,92.7
20260713T051905Z,26.3,93.0
20260713T051920Z,26.4,93.0
20260713T051935Z,26.4,93.1
20260713T051950Z,26.4,93.3
20260713T052005Z,26.4,93.4
20260713T052020Z,26.4,93.5
20260713T052035Z,26.4,93.6
20260713T052050Z,26.4,93.7
20260713T052105Z,26.5,93.7
20260713T052120Z,26.5,93.8
20260713T052135Z,26.5,93.8
20260713T052150Z,26.5,93.9
20260713T052205Z,26.5,93.0
20260713T052220Z,26.5,92.8
20260713T052235Z,26.5,91.7
20260713T052250Z,26.5,90.7
20260713T052305Z,26.4,89.8
20260713T052320Z,26.4,88.9
20260713T052335Z,26.4,87.9
20260713T052350Z,26.3,87.3
20260713T052405Z,26.3,85.8
20260713T052420Z,26.2,85.6
20260713T052435Z,26.2,84.0
20260713T052450Z,26.1,83.7
20260713T052505Z,26.0,82.1
20260713T052520Z,26.0,81.1
20260713T052535Z,25.9,80.4
20260713T052550Z,25.8,79.9
20260713T052605Z,25.7,79.1
20260713T052620Z,25.6,78.2
20260713T052635Z,25.5,77.9
20260713T052650Z,25.4,77.2
20260713T052705Z,25.3,77.7
20260713T052720Z,25.3,79.6
20260713T052735Z,25.3,81.4
20260713T052750Z,25.3,83.3
20260713T052805Z,25.3,83.8
20260713T052820Z,25.3,84.5
20260713T052835Z,25.3,84.7
20260713T052850Z,25.3,85.0
20260713T052905Z,25.3,85.5
20260713T052920Z,25.4,85.8
20260713T052935Z,25.4,86.0
20260713T052950Z,25.4,86.4
20260713T053005Z,25.4,86.7
20260713T053020Z,25.5,86.7
20260713T053035Z,25.5,87.1
20260713T053050Z,25.5,87.5
20260713T053105Z,25.6,87.7
20260713T053120Z,25.6,87.8
20260713T053135Z,25.6,88.1
20260713T053150Z,25.6,88.3
20260713T053205Z,25.7,88.5
20260713T053220Z,25.7,89.0
20260713T053235Z,25.8,89.1
20260713T053250Z,25.8,89.2
20260713T053305Z,25.8,89.5
20260713T053320Z,25.8,89.8
20260713T053335Z,25.8,90.0
20260713T053350Z,25.9,90.3
20260713T053405Z,25.9,90.5
20260713T053420Z,25.9,90.8
20260713T053435Z,25.9,91.0
20260713T053450Z,26.0,91.1
20260713T053505Z,26.0,91.2
20260713T053520Z,26.0,91.4
20260713T053535Z,26.0,91.8
20260713T053550Z,26.0,91.8
20260713T053605Z,26.1,91.9
20260713T053620Z,26.1,91.9
20260713T053635Z,26.1,92.3
20260713T053650Z,26.1,92.3
20260713T053705Z,26.1,92.4
20260713T053720Z,26.2,92.7
20260713T053735Z,26.2,92.7
20260713T053750Z,26.2,92.9
20260713T053806Z,26.2,92.9
20260713T053821Z,26.2,93.1
20260713T053835Z,26.2,93.3
20260713T053850Z,26.2,93.3
20260713T053905Z,26.2,93.4
20260713T053920Z,26.3,93.7
20260713T053935Z,26.3,93.7
20260713T053950Z,26.3,93.8
20260713T054005Z,26.3,93.9
20260713T054020Z,26.3,94.0
20260713T054035Z,26.3,94.1
20260713T054050Z,26.3,94.2
20260713T054105Z,26.3,94.2
20260713T054120Z,26.3,94.3
20260713T054135Z,26.3,94.4
20260713T054150Z,26.4,94.5
20260713T054205Z,26.4,94.6
20260713T054220Z,26.4,94.5
20260713T054235Z,26.4,94.6
20260713T054250Z,26.4,94.8
20260713T054305Z,26.4,94.9
20260713T054320Z,26.4,94.9
20260713T054335Z,26.4,95.0
20260713T054350Z,26.4,95.1
20260713T054405Z,26.4,95.1
20260713T054420Z,26.5,95.2
20260713T054435Z,26.5,95.3
20260713T054450Z,26.5,95.3
20260713T054505Z,26.5,95.4
20260713T054520Z,26.5,94.4
20260713T054535Z,26.5,94.1
20260713T054550Z,26.5,92.7
20260713T054605Z,26.4,92.2
20260713T054620Z,26.4,91.0
20260713T054635Z,26.4,90.4
20260713T054650Z,26.3,89.4
20260713T054705Z,26.3,87.9
20260713T054720Z,26.2,87.7
20260713T054735Z,26.2,86.8
20260713T054750Z,26.1,85.7
20260713T054805Z,26.0,85.1
20260713T054820Z,26.0,83.7
20260713T054835Z,25.9,82.8
20260713T054850Z,25.8,81.9
20260713T054905Z,25.7,81.3
20260713T054920Z,25.6,80.2
20260713T054935Z,25.4,79.6
20260713T054950Z,25.3,79.0
20260713T055005Z,25.2,79.9
20260713T055020Z,25.2,81.5
20260713T055035Z,25.2,83.2
20260713T055050Z,25.2,84.5
20260713T055105Z,25.2,85.2
20260713T055120Z,25.2,85.8
20260713T055135Z,25.2,86.3
20260713T055150Z,25.2,86.5
20260713T055205Z,25.2,87.0
20260713T055220Z,25.2,87.4
20260713T055235Z,25.3,87.4
20260713T055250Z,25.3,87.9
20260713T055305Z,25.3,88.1
20260713T055320Z,25.4,88.4
20260713T055335Z,25.4,88.5
20260713T055350Z,25.4,88.9
20260713T055405Z,25.5,89.1
20260713T055420Z,25.5,89.0
20260713T055435Z,25.5,89.4
20260713T055450Z,25.6,89.7
20260713T055505Z,25.6,90.0
20260713T055520Z,25.6,90.0
20260713T055535Z,25.6,90.3
20260713T055550Z,25.7,90.7
20260713T055605Z,25.7,90.6
20260713T055620Z,25.7,90.8
20260713T055635Z,25.8,90.9
20260713T055650Z,25.8,91.1
20260713T055705Z,25.8,91.5
20260713T055720Z,25.8,91.4
20260713T055735Z,25.8,91.7
20260713T055750Z,25.9,92.0
20260713T055805Z,25.9,92.0
20260713T055820Z,25.9,92.1
20260713T055835Z,25.9,92.3
20260713T055850Z,25.9,92.4
20260713T055905Z,26.0,92.7
20260713T055920Z,26.0,92.7
20260713T055935Z,26.0,92.7
20260713T055950Z,26.0,92.8
20260713T060005Z,26.0,93.0
20260713T060020Z,26.0,93.2
20260713T060035Z,26.0,93.2
20260713T060050Z,26.1,93.4
20260713T060105Z,26.1,93.5
20260713T060120Z,26.1,93.6
20260713T060135Z,26.1,93.7
20260713T060150Z,26.1,93.8
20260713T060205Z,26.1,93.9
20260713T060220Z,26.2,94.1
20260713T060235Z,26.2,94.2
20260713T060250Z,26.2,94.2
20260713T060306Z,26.2,94.3
20260713T060320Z,26.2,94.5
20260713T060336Z,26.2,94.6
20260713T060350Z,26.2,94.5
20260713T060405Z,26.3,94.6
20260713T060420Z,26.3,94.7
20260713T060435Z,26.3,94.8
20260713T060450Z,26.3,94.7
20260713T060505Z,26.3,94.8
20260713T060520Z,26.3,94.9
20260713T060535Z,26.3,95.0
20260713T060550Z,26.3,95.2
20260713T060605Z,26.3,95.2
20260713T060620Z,26.4,95.2
20260713T060635Z,26.4,95.2
20260713T060650Z,26.4,95.2
20260713T060705Z,26.4,95.3
20260713T060720Z,26.4,95.4
20260713T060735Z,26.4,95.4
20260713T060750Z,26.4,95.5
20260713T060805Z,26.4,95.5
20260713T060821Z,26.5,95.5
20260713T060836Z,26.5,95.6
20260713T060850Z,26.5,95.1
20260713T060905Z,26.5,95.1
20260713T060921Z,26.5,93.7
20260713T060935Z,26.5,92.5
20260713T060951Z,26.4,91.9
20260713T061005Z,26.4,90.9
20260713T061021Z,26.3,89.1
20260713T061035Z,26.3,88.7
20260713T061050Z,26.2,87.4
20260713T061105Z,26.1,86.9
20260713T061121Z,26.0,86.1
20260713T061135Z,25.9,85.6
20260713T061150Z,25.9,84.5
20260713T061207Z,25.8,83.8
20260713T061221Z,25.7,83.4
20260713T061235Z,25.6,83.2
20260713T061251Z,25.5,81.8
20260713T061306Z,25.5,80.7
20260713T061320Z,25.4,80.0
20260713T061336Z,25.3,79.7
20260713T061350Z,25.2,81.5
20260713T061405Z,25.2,83.4
20260713T061421Z,25.2,84.9
20260713T061436Z,25.2,85.3
20260713T061450Z,25.2,86.2
20260713T061506Z,25.2,86.6
20260713T061520Z,25.2,86.9
20260713T061536Z,25.2,87.2
20260713T061550Z,25.3,87.4
20260713T061606Z,25.3,88.0
20260713T061620Z,25.3,88.2
20260713T061636Z,25.3,88.3
20260713T061650Z,25.4,88.6
20260713T061706Z,25.4,88.8
20260713T061720Z,25.4,89.0
20260713T061736Z,25.4,89.2
20260713T061750Z,25.5,89.3
20260713T061805Z,25.5,89.6
20260713T061821Z,25.6,89.9
20260713T061835Z,25.6,89.8
20260713T061851Z,25.6,90.1
20260713T061905Z,25.7,90.5
20260713T061921Z,25.7,90.7
20260713T061935Z,25.7,90.6
20260713T061951Z,25.7,90.9
20260713T062005Z,25.8,91.0
20260713T062021Z,25.8,91.2
20260713T062036Z,25.8,91.4
20260713T062050Z,25.8,91.5
20260713T062105Z,25.9,91.7
20260713T062121Z,25.9,91.8
20260713T062136Z,25.9,92.0
20260713T062151Z,25.9,92.2
20260713T062205Z,25.9,92.3
20260713T062221Z,26.0,92.5
20260713T062235Z,26.0,92.6
20260713T062251Z,26.0,92.8
20260713T062305Z,26.0,92.9
20260713T062321Z,26.0,93.1
20260713T062335Z,26.0,93.1
20260713T062351Z,26.0,93.3
20260713T062405Z,26.1,93.5
20260713T062421Z,26.1,93.5
20260713T062435Z,26.1,93.6
20260713T062451Z,26.1,93.7
20260713T062506Z,26.1,93.8
20260713T062520Z,26.1,93.9
20260713T062536Z,26.2,94.0
20260713T062550Z,26.2,94.1
20260713T062605Z,26.2,94.1
20260713T062621Z,26.2,94.3
20260713T062635Z,26.2,94.4
20260713T062651Z,26.2,94.5
20260713T062706Z,26.2,94.5
20260713T062721Z,26.2,94.5
20260713T062736Z,26.2,94.7
20260713T062750Z,26.3,94.6
20260713T062806Z,26.3,94.8
20260713T062820Z,26.3,94.8
20260713T062836Z,26.3,94.9
20260713T062850Z,26.3,95.0
20260713T062906Z,26.3,94.9
20260713T062920Z,26.3,95.2
20260713T062936Z,26.3,95.2
20260713T062950Z,26.4,95.3
20260713T063006Z,26.4,95.2
20260713T063020Z,26.4,95.3
20260713T063036Z,26.4,95.4
20260713T063050Z,26.4,95.4
20260713T063106Z,26.4,95.4
20260713T063120Z,26.4,95.5
20260713T063136Z,26.4,95.5
20260713T063150Z,26.4,95.6
20260713T063206Z,26.4,94.8
20260713T063220Z,26.4,93.7
20260713T063236Z,26.4,92.9
20260713T063250Z,26.4,92.1
20260713T063306Z,26.3,91.3
20260713T063320Z,26.3,90.3
20260713T063336Z,26.2,89.1
20260713T063350Z,26.2,88.2
20260713T063406Z,26.2,87.9
20260713T063420Z,26.1,87.1
20260713T063436Z,26.1,86.0
20260713T063450Z,26.0,85.4
20260713T063506Z,26.0,84.0
20260713T063520Z,25.9,83.0
20260713T063536Z,25.8,82.3
20260713T063550Z,25.7,81.3
20260713T063606Z,25.7,80.1
20260713T063620Z,25.5,79.6
20260713T063636Z,25.4,79.2
20260713T063650Z,25.3,80.4
20260713T063706Z,25.3,81.7
20260713T063720Z,25.3,84.1
20260713T063736Z,25.3,85.0
20260713T063750Z,25.2,85.7
20260713T063806Z,25.2,86.0
20260713T063820Z,25.2,86.5
20260713T063836Z,25.2,86.8
20260713T063850Z,25.3,87.0
20260713T063906Z,25.3,87.5
20260713T063920Z,25.3,88.0
20260713T063936Z,25.3,88.1
20260713T063950Z,25.3,88.3
20260713T064007Z,25.4,88.5
20260713T064021Z,25.4,88.6
20260713T064036Z,25.4,88.9
20260713T064051Z,25.4,89.1
20260713T064105Z,25.5,89.4
20260713T064121Z,25.5,89.6
20260713T064135Z,25.5,89.8
20260713T064151Z,25.6,90.1
20260713T064205Z,25.6,90.3
20260713T064221Z,25.6,90.5
20260713T064235Z,25.6,90.6
20260713T064251Z,25.7,90.7
20260713T064304Z,25.7,91.0
20260713T064321Z,25.7,91.2
20260713T064335Z,25.7,91.5
20260713T064350Z,25.8,91.4
20260713T064406Z,25.8,91.5
20260713T064420Z,25.8,91.8
20260713T064436Z,25.8,92.0
20260713T064450Z,25.8,92.2
20260713T064506Z,25.9,92.3
20260713T064520Z,25.9,92.4
20260713T064536Z,25.9,92.6
20260713T064550Z,25.9,92.7
20260713T064606Z,25.9,92.8
20260713T064620Z,25.9,93.0
20260713T064636Z,26.0,93.2
20260713T064651Z,26.0,93.3
20260713T064706Z,26.0,93.4
20260713T064720Z,26.0,93.5
20260713T064736Z,26.0,93.6
20260713T064750Z,26.0,93.7
20260713T064806Z,26.0,93.8
20260713T064820Z,26.1,94.0
20260713T064836Z,26.1,94.2
20260713T064850Z,26.1,94.2
20260713T064906Z,26.1,94.4
20260713T064920Z,26.1,94.8
20260713T064936Z,26.2,94.7
20260713T064950Z,26.2,94.8
20260713T065005Z,26.2,95.0
20260713T065021Z,26.2,95.1
20260713T065035Z,26.2,95.4
20260713T065051Z,26.3,95.3
20260713T065105Z,26.3,95.2
20260713T065121Z,26.3,95.2
20260713T065135Z,26.3,95.3
20260713T065151Z,26.3,95.5
20260713T065205Z,26.4,95.7
20260713T065221Z,26.4,95.7
20260713T065235Z,26.4,95.1
20260713T065250Z,26.4,94.5
20260713T065306Z,26.4,93.3
20260713T065321Z,26.4,92.5
20260713T065335Z,26.4,92.0
20260713T065351Z,26.3,91.3
20260713T065405Z,26.3,89.8
20260713T065420Z,26.2,88.7
20260713T065436Z,26.2,87.5
20260713T065450Z,26.1,86.2
20260713T065506Z,26.0,86.5
20260713T065520Z,25.9,86.9
20260713T065536Z,25.8,85.7
20260713T065550Z,25.8,84.8
20260713T065606Z,25.7,83.3
20260713T065620Z,25.6,82.4
20260713T065635Z,25.5,81.5
20260713T065651Z,25.4,81.3
20260713T065705Z,25.3,82.8
20260713T065720Z,25.3,83.3
20260713T065736Z,25.3,83.6
20260713T065750Z,25.3,83.7
20260713T065806Z,25.3,83.5
20260713T065821Z,25.3,83.7
20260713T065835Z,25.4,89.7
20260713T065851Z,25.5,90.7
20260713T065905Z,25.6,91.0
20260713T065922Z,25.7,90.5
20260713T065936Z,25.8,90.5
20260713T065951Z,25.9,91.1
20260713T070006Z,25.9,90.4
20260713T070021Z,26.0,89.4
20260713T070035Z,26.0,89.8
20260713T070051Z,26.1,89.7
20260713T070105Z,26.1,90.4
20260713T070121Z,26.2,92.2
20260713T070135Z,26.2,93.4
20260713T070151Z,26.3,91.5
20260713T070205Z,26.3,90.3
20260713T070221Z,26.3,90.7
20260713T070235Z,26.4,91.0
20260713T070251Z,26.4,90.9
20260713T070305Z,26.4,91.4
20260713T070321Z,26.5,90.3
20260713T070335Z,26.5,89.9
20260713T070351Z,26.5,90.5
20260713T070405Z,26.5,92.1
20260713T070421Z,26.6,94.7
20260713T070435Z,26.6,93.1
20260713T070451Z,26.6,91.1
20260713T070506Z,26.7,94.5
20260713T070521Z,26.7,96.0
20260713T070536Z,26.8,95.3
20260713T070551Z,26.8,95.0
20260713T070606Z,26.8,95.0
20260713T070621Z,26.9,94.8
20260713T070636Z,26.9,95.5
20260713T070650Z,26.9,95.5
20260713T070706Z,26.9,95.0
20260713T070720Z,26.9,93.2
20260713T070736Z,27.0,94.2
20260713T070750Z,27.0,94.4
20260713T070806Z,27.0,95.0
20260713T070820Z,27.0,93.6
20260713T070836Z,27.0,94.5
20260713T070851Z,27.0,96.1
20260713T070906Z,27.0,94.6
20260713T070921Z,27.0,93.8
20260713T070936Z,27.0,94.0
20260713T070951Z,27.0,93.9
20260713T071006Z,27.0,94.1
20260713T071021Z,27.0,94.7
20260713T071036Z,27.0,95.7
20260713T071051Z,27.0,96.7
20260713T071106Z,27.0,94.6
20260713T071121Z,27.1,94.9
20260713T071136Z,27.1,96.2
20260713T071151Z,27.1,96.4
20260713T071206Z,27.1,95.3
20260713T071221Z,27.1,95.0
20260713T071236Z,27.1,95.0
20260713T071251Z,27.1,95.4
20260713T071306Z,27.1,95.5
20260713T071321Z,27.1,94.9
20260713T071336Z,27.1,96.5
20260713T071351Z,27.1,96.9
20260713T071406Z,27.2,96.8
20260713T071421Z,27.1,96.0
20260713T071436Z,27.1,95.6
20260713T071451Z,27.1,95.3
20260713T071506Z,27.2,96.4
20260713T071521Z,27.2,96.2
20260713T071536Z,27.1,95.1
20260713T071551Z,27.2,95.5
20260713T071606Z,27.2,96.7
20260713T071621Z,27.2,96.6
20260713T071636Z,27.2,95.3
20260713T071651Z,27.2,95.7
20260713T071706Z,27.2,96.9
20260713T071721Z,27.2,97.4
20260713T071736Z,27.2,97.4
20260713T071751Z,27.2,97.1
20260713T071806Z,27.2,96.7
20260713T071821Z,27.2,97.6
20260713T071836Z,27.2,97.4
20260713T071851Z,27.2,96.6
20260713T071906Z,27.2,96.2
20260713T071921Z,27.2,96.6
20260713T071936Z,27.2,95.9
20260713T071951Z,27.2,96.5
20260713T072006Z,27.2,96.9
20260713T072021Z,27.2,95.2
20260713T072036Z,27.2,97.9
20260713T072051Z,27.3,99.6
20260713T072106Z,27.3,98.6
20260713T072121Z,27.4,99.2
20260713T072136Z,27.5,98.9
20260713T072151Z,27.5,98.3
20260713T072206Z,27.6,96.2
20260713T072221Z,27.5,96.3
20260713T072236Z,27.6,95.0
20260713T072251Z,27.5,97.8
20260713T072306Z,27.6,97.8
20260713T072321Z,27.6,97.8
20260713T072336Z,27.6,98.3
20260713T072351Z,27.6,97.3
20260713T072406Z,27.6,97.7
20260713T072421Z,27.6,97.2
20260713T072436Z,27.6,95.7
20260713T072451Z,27.6,97.4
20260713T072506Z,27.6,94.9
20260713T072521Z,27.5,95.1
20260713T072536Z,27.5,94.9
20260713T072551Z,27.5,97.5
20260713T072606Z,27.5,97.8
20260713T072621Z,27.5,96.9
20260713T072636Z,27.5,95.7
20260713T072651Z,27.5,97.6
20260713T072706Z,27.5,97.0
20260713T072722Z,27.5,96.3
20260713T072736Z,27.5,96.1
20260713T072751Z,27.6,99.2
20260713T072806Z,27.6,99.2
20260713T072821Z,27.7,98.5
20260713T072836Z,27.7,98.1
20260713T072851Z,27.7,97.3
20260713T072906Z,27.7,96.2
20260713T072921Z,27.7,98.2
20260713T072936Z,27.7,97.8
20260713T072951Z,27.8,96.8
20260713T073006Z,27.8,97.3
20260713T073021Z,27.8,96.4
20260713T073036Z,27.7,97.4
20260713T073051Z,27.7,97.6
20260713T073106Z,27.7,94.7
20260713T073121Z,27.7,95.5
20260713T073136Z,27.7,97.4
20260713T073151Z,27.7,96.3
20260713T073206Z,27.6,97.1
20260713T073221Z,27.6,97.9
20260713T073236Z,27.6,97.4
20260713T073251Z,27.6,95.2
20260713T073306Z,27.6,97.1
20260713T073321Z,27.6,97.9
20260713T073336Z,27.6,97.6
20260713T073351Z,27.6,98.2
20260713T073406Z,27.6,97.7
20260713T073421Z,27.6,96.8
20260713T073436Z,27.6,96.6
20260713T073451Z,27.6,94.5
20260713T073506Z,27.6,98.7
20260713T073521Z,27.6,98.3
20260713T073536Z,27.6,98.2
20260713T073551Z,27.6,97.4
20260713T073606Z,27.6,98.5
20260713T073621Z,27.6,98.4
20260713T073636Z,27.7,99.5
20260713T073651Z,27.7,98.5
20260713T073706Z,27.7,97.0
20260713T073721Z,27.7,97.7
20260713T073736Z,27.8,98.2
20260713T073751Z,27.8,98.3
20260713T073806Z,27.8,98.0
20260713T073821Z,27.8,98.0
20260713T073836Z,27.8,98.2
20260713T073851Z,27.8,96.9
20260713T073906Z,27.7,95.9
20260713T073921Z,27.7,96.2
20260713T073936Z,27.7,96.8
20260713T073951Z,27.7,97.5
20260713T074006Z,27.7,97.8
20260713T074021Z,27.7,97.8
20260713T074036Z,27.7,97.6
20260713T074051Z,27.7,97.7
20260713T074106Z,27.7,96.5
20260713T074121Z,27.7,97.2
20260713T074136Z,27.7,96.8
20260713T074151Z,27.7,96.7
20260713T074206Z,27.7,97.3
20260713T074221Z,27.7,97.0
20260713T074236Z,27.6,96.9
20260713T074251Z,27.6,97.3
20260713T074306Z,27.6,97.7
20260713T074321Z,27.6,97.1
20260713T074336Z,27.6,97.6
20260713T074351Z,27.6,97.5
20260713T074406Z,27.6,96.5
20260713T074421Z,27.6,96.7
20260713T074436Z,27.6,97.3
20260713T074451Z,27.6,97.9
20260713T074506Z,27.6,98.0
20260713T074521Z,27.6,97.4
20260713T074536Z,27.6,97.2
20260713T074551Z,27.6,97.6
20260713T074606Z,27.6,97.0
20260713T074621Z,27.6,97.8
20260713T074636Z,27.6,97.9
20260713T074651Z,27.6,96.6
20260713T074706Z,27.6,96.6
20260713T074721Z,27.6,97.4
20260713T074736Z,27.6,97.9
20260713T074751Z,27.6,97.6
20260713T074806Z,27.6,97.8
20260713T074821Z,27.6,96.9
20260713T074836Z,27.6,97.5
20260713T074851Z,27.6,97.9
20260713T074906Z,27.6,97.5
20260713T074921Z,27.6,97.7
20260713T074936Z,27.6,98.4
20260713T074951Z,27.6,97.2
20260713T075006Z,27.6,96.5
20260713T075021Z,27.6,97.4
20260713T075036Z,27.6,98.0
20260713T075051Z,27.6,99.2
20260713T075106Z,27.6,99.9
20260713T075121Z,27.7,99.9
20260713T075136Z,27.8,97.5
20260713T075151Z,27.8,97.1
20260713T075206Z,27.8,98.3
20260713T075221Z,27.8,97.9
20260713T075236Z,27.9,98.2
20260713T075251Z,27.8,95.8
20260713T075306Z,27.8,97.0
20260713T075321Z,27.8,98.2
20260713T075336Z,27.8,97.5
20260713T075351Z,27.8,97.8
20260713T075406Z,27.8,98.1
20260713T075421Z,27.8,97.9
20260713T075436Z,27.8,97.3
20260713T075451Z,27.8,98.0
20260713T075506Z,27.8,98.8
20260713T075521Z,27.8,97.9
20260713T075536Z,27.8,96.8
20260713T075551Z,27.8,97.5
20260713T075606Z,27.8,98.0
20260713T075621Z,27.8,98.0
20260713T075636Z,27.8,98.6
20260713T075651Z,27.8,98.4
20260713T075706Z,27.8,98.1
20260713T075721Z,27.8,98.2
20260713T075736Z,27.8,98.4
20260713T075751Z,27.9,98.3
20260713T075806Z,27.8,97.6
20260713T075821Z,27.8,97.7
20260713T075836Z,27.8,97.6
20260713T075851Z,27.8,97.7
20260713T075906Z,27.8,97.1
20260713T075921Z,27.8,98.9
20260713T075936Z,27.9,98.4
20260713T075951Z,27.9,99.1
20260713T080006Z,27.9,97.8
20260713T080021Z,27.9,94.9
20260713T080036Z,27.9,99.0
20260713T080051Z,27.9,99.1
20260713T080106Z,27.9,97.7
20260713T080121Z,27.9,98.0
20260713T080136Z,27.9,96.8
20260713T080151Z,27.9,95.3
20260713T080206Z,27.9,97.1
20260713T080221Z,27.9,95.7
20260713T080236Z,27.9,97.0
20260713T080251Z,27.9,97.5
20260713T080306Z,27.9,96.9
20260713T080322Z,27.9,97.3
20260713T080336Z,27.9,97.9
20260713T080351Z,27.9,97.7
20260713T080406Z,27.9,97.5
20260713T080421Z,27.9,98.1
20260713T080436Z,27.9,98.3
20260713T080451Z,27.9,98.1
20260713T080506Z,27.9,98.0
20260713T080521Z,27.9,98.1
20260713T080536Z,27.9,98.2
20260713T080551Z,27.9,98.9
20260713T080606Z,27.9,97.2
20260713T080621Z,27.9,98.3
20260713T080636Z,27.9,98.1
20260713T080651Z,27.9,98.0
20260713T080706Z,27.9,98.0
20260713T080721Z,27.9,97.3
20260713T080736Z,27.9,97.3
20260713T080751Z,27.9,98.0
20260713T080806Z,27.9,97.8
20260713T080821Z,27.9,98.5
20260713T080836Z,27.9,97.8
20260713T080851Z,27.9,97.6
20260713T080906Z,27.9,98.4
20260713T080921Z,27.9,97.6
20260713T080936Z,27.9,97.4
20260713T080951Z,27.8,96.6
20260713T081006Z,27.8,97.4
20260713T081021Z,27.8,98.3
20260713T081036Z,27.8,98.6
20260713T081051Z,27.8,98.4
20260713T081106Z,27.8,97.4
20260713T081121Z,27.8,96.6
20260713T081136Z,27.8,97.1
20260713T081151Z,27.8,97.9
20260713T081206Z,27.8,98.0
20260713T081221Z,27.8,97.6
20260713T081236Z,27.8,98.5
20260713T081251Z,27.8,99.0
20260713T081306Z,27.8,98.8
20260713T081321Z,27.8,99.0
20260713T081336Z,27.8,97.8
20260713T081351Z,27.8,97.9
20260713T081406Z,27.8,98.2
20260713T081421Z,27.8,97.6
20260713T081436Z,27.8,98.0
20260713T081451Z,27.8,98.0
20260713T081506Z,27.8,97.2
20260713T081521Z,27.8,97.9
20260713T081536Z,27.8,98.0
20260713T081551Z,27.8,98.1
20260713T081606Z,27.8,97.5
20260713T081621Z,27.8,98.9
20260713T081636Z,27.8,99.5
20260713T081651Z,27.9,97.7
20260713T081706Z,27.9,98.7
20260713T081721Z,27.9,98.9
20260713T081736Z,27.9,98.7
20260713T081751Z,27.9,98.3
20260713T081806Z,27.9,98.3
20260713T081821Z,27.9,98.1
20260713T081836Z,27.9,98.3
20260713T081851Z,27.9,98.3
20260713T081906Z,27.9,98.2
20260713T081921Z,27.9,98.7
20260713T081936Z,27.9,98.2
20260713T081951Z,27.9,97.6
20260713T082006Z,27.9,98.5
20260713T082021Z,27.9,98.3
20260713T082036Z,27.9,97.9
20260713T082051Z,27.9,97.6
20260713T082106Z,27.9,98.4
20260713T082121Z,27.9,98.7
20260713T082136Z,27.9,97.9
20260713T082151Z,27.9,97.2
20260713T082206Z,27.9,97.9
20260713T082221Z,27.9,98.1
20260713T082236Z,27.9,96.5
20260713T082251Z,27.9,98.0
20260713T082306Z,27.9,98.3
20260713T082321Z,27.9,98.1
20260713T082336Z,27.9,98.8
20260713T082351Z,27.9,99.4
20260713T082406Z,28.0,99.0
20260713T082422Z,28.0,98.8
20260713T082436Z,28.0,97.8
20260713T082451Z,28.0,97.8
20260713T082506Z,28.0,96.9
20260713T082521Z,28.0,97.2
20260713T082536Z,28.0,98.4
20260713T082551Z,28.0,98.5
20260713T082606Z,28.0,97.3
20260713T082621Z,28.0,97.6
20260713T082636Z,28.0,97.6
20260713T082651Z,28.0,98.4
20260713T082706Z,28.0,98.3
20260713T082721Z,28.0,98.4
20260713T082736Z,28.0,98.3
20260713T082751Z,28.0,98.0
20260713T082806Z,28.0,98.3
20260713T082821Z,28.0,97.9
20260713T082836Z,28.0,97.9
20260713T082851Z,28.0,97.9
20260713T082906Z,28.0,97.5
20260713T082921Z,28.0,97.6
20260713T082936Z,28.0,98.0
20260713T082951Z,28.0,95.9
20260713T083006Z,28.0,96.7
20260713T083021Z,27.9,97.2
20260713T083036Z,28.0,98.7
20260713T083051Z,28.0,98.5
20260713T083106Z,28.0,98.7
20260713T083121Z,28.0,98.4
20260713T083136Z,28.0,98.7
20260713T083151Z,28.0,98.5
20260713T083206Z,28.0,98.2
20260713T083221Z,28.0,98.4
20260713T083236Z,28.0,98.1
20260713T083251Z,28.0,98.1
20260713T083306Z,28.0,97.8
20260713T083321Z,28.0,98.0
20260713T083336Z,28.0,97.1
20260713T083351Z,28.0,97.0
20260713T083406Z,28.0,96.5
20260713T083421Z,28.0,97.2
20260713T083436Z,28.0,96.8
20260713T083451Z,27.9,95.9
20260713T083506Z,27.9,96.7
20260713T083521Z,27.9,96.5
20260713T083536Z,27.9,98.4
20260713T083551Z,27.9,98.5
20260713T083606Z,27.9,98.9
20260713T083621Z,27.9,96.9
20260713T083636Z,27.9,97.8
20260713T083651Z,27.9,98.3
20260713T083706Z,27.9,98.8
20260713T083721Z,28.0,98.7
20260713T083736Z,28.0,98.5
20260713T083751Z,27.9,96.5
20260713T083806Z,27.9,98.0
20260713T083821Z,28.0,97.8
20260713T083836Z,28.0,98.5
20260713T083851Z,28.0,98.6
20260713T083906Z,28.0,98.2
20260713T083921Z,28.0,98.1
20260713T083936Z,28.0,98.1
20260713T083951Z,28.0,98.2
20260713T084006Z,28.0,98.3
20260713T084021Z,28.0,98.5
20260713T084036Z,28.0,96.7
20260713T084051Z,28.0,97.3
20260713T084106Z,28.0,96.4
20260713T084121Z,27.9,96.1
20260713T084136Z,27.9,95.4
20260713T084151Z,27.9,98.4
20260713T084206Z,27.9,97.9
20260713T084221Z,28.0,97.6
20260713T084236Z,28.0,98.7
20260713T084251Z,28.0,97.7
20260713T084306Z,28.0,97.6
20260713T084321Z,28.0,95.4
20260713T084336Z,28.0,98.4
20260713T084351Z,28.0,97.0
20260713T084406Z,28.0,96.5
20260713T084421Z,28.1,97.3
20260713T084436Z,28.0,98.1
20260713T084451Z,28.1,98.2
20260713T084506Z,28.1,97.7
20260713T084521Z,28.1,96.4
20260713T084536Z,28.1,96.8
20260713T084551Z,28.0,96.9
20260713T084606Z,28.0,97.7
20260713T084621Z,28.0,95.6
20260713T084636Z,28.0,96.3
20260713T084651Z,28.0,97.9
20260713T084706Z,28.0,96.4
20260713T084721Z,28.0,97.3
20260713T084736Z,28.0,96.6
20260713T084751Z,28.0,96.8
20260713T084806Z,28.0,97.1
20260713T084821Z,28.0,97.7
20260713T084836Z,28.0,95.7
20260713T084851Z,28.0,96.2
20260713T084906Z,28.0,96.2
20260713T084921Z,28.0,95.1
20260713T084936Z,28.0,94.6
20260713T084951Z,28.0,96.6
20260713T085006Z,28.0,98.1
20260713T085021Z,28.0,98.1
20260713T085036Z,28.0,96.5
20260713T085051Z,28.0,95.9
20260713T085106Z,28.0,96.8
20260713T085121Z,28.0,98.3
20260713T085136Z,28.0,98.2
20260713T085151Z,28.0,98.0
20260713T085206Z,28.0,97.8
20260713T085221Z,28.0,97.0
20260713T085236Z,28.0,97.9
20260713T085251Z,28.0,98.0
20260713T085306Z,28.0,97.4
20260713T085321Z,28.0,96.1
20260713T085336Z,28.0,96.6
20260713T085351Z,28.0,98.2
20260713T085406Z,28.0,98.2
20260713T085421Z,28.0,98.3
20260713T085436Z,28.0,98.0
20260713T085451Z,28.0,97.8
20260713T085506Z,28.0,96.2
20260713T085521Z,28.0,97.7
20260713T085536Z,28.1,97.7
20260713T085551Z,28.1,97.9
20260713T085606Z,28.1,98.2
20260713T085621Z,28.0,98.3
20260713T085636Z,28.1,98.2
20260713T085651Z,28.1,97.3
20260713T085706Z,28.1,98.7
20260713T085721Z,28.1,98.7
20260713T085736Z,28.1,98.1
20260713T085751Z,28.1,97.8
20260713T085806Z,28.1,96.9
20260713T085821Z,28.1,97.4
20260713T085836Z,28.1,97.0
20260713T085851Z,28.1,96.6
20260713T085906Z,28.1,95.0
20260713T085921Z,28.1,96.7
20260713T085936Z,28.1,97.0
20260713T085951Z,28.1,98.0
20260713T090006Z,28.1,97.6
20260713T090021Z,28.1,97.8
20260713T090036Z,28.1,98.1
20260713T090051Z,28.1,97.4
20260713T090106Z,28.1,96.9
20260713T090121Z,28.1,98.1
20260713T090136Z,28.1,97.6
20260713T090151Z,28.1,94.6
20260713T090206Z,28.0,94.0
20260713T090221Z,28.0,96.2
20260713T090236Z,28.0,95.8
20260713T090251Z,28.0,98.1
20260713T090306Z,28.0,97.2
20260713T090321Z,28.1,97.0
20260713T090336Z,28.1,96.0
20260713T090351Z,28.1,95.8
20260713T090406Z,28.1,97.7
20260713T090421Z,28.1,97.8
20260713T090436Z,28.1,95.5
20260713T090451Z,28.1,96.4
20260713T090506Z,28.1,98.1
20260713T090521Z,28.1,97.7
20260713T090536Z,28.1,97.7
20260713T090551Z,28.1,97.9
20260713T090606Z,28.1,96.9
20260713T090621Z,28.1,97.5
20260713T090636Z,28.1,98.0
20260713T090651Z,28.1,97.9
20260713T090706Z,28.1,97.3
20260713T090721Z,28.1,97.6
20260713T090736Z,28.1,97.8
20260713T090751Z,28.1,97.8
20260713T090806Z,28.1,97.7
20260713T090822Z,28.1,97.6
20260713T090837Z,28.1,97.8
20260713T090851Z,28.1,97.9
20260713T090906Z,28.1,98.0
20260713T090921Z,28.1,97.3
20260713T090936Z,28.1,96.8
20260713T090951Z,28.1,97.3
20260713T091006Z,28.1,95.8
20260713T091021Z,28.1,98.0
20260713T091036Z,28.1,97.1
20260713T091051Z,28.1,97.9
20260713T091106Z,28.1,96.1
20260713T091121Z,28.1,98.2
20260713T091136Z,28.2,98.0
20260713T091151Z,28.2,97.8
20260713T091206Z,28.2,97.7
20260713T091221Z,28.2,97.4
20260713T091236Z,28.2,97.3
20260713T091251Z,28.2,97.4
20260713T091306Z,28.2,97.4
20260713T091321Z,28.2,97.4
20260713T091336Z,28.2,97.6
20260713T091351Z,28.2,97.4
20260713T091406Z,28.2,97.1
20260713T091421Z,28.2,97.4
20260713T091436Z,28.2,96.9
20260713T091451Z,28.2,96.2
20260713T091506Z,28.2,97.2
20260713T091521Z,28.2,96.5
20260713T091536Z,28.2,97.6
20260713T091551Z,28.1,95.7
20260713T091606Z,28.1,96.3
20260713T091621Z,28.1,96.1
20260713T091636Z,28.1,97.3
20260713T091651Z,28.1,97.9
20260713T091706Z,28.2,97.7
20260713T091721Z,28.2,97.2
20260713T091736Z,28.2,97.1
20260713T091751Z,28.2,95.0
20260713T091806Z,28.2,95.4
20260713T091821Z,28.2,95.0
20260713T091836Z,28.2,94.1
20260713T091851Z,28.1,95.0
20260713T091906Z,28.1,96.7
20260713T091921Z,28.1,96.8
20260713T091936Z,28.1,97.3
20260713T091951Z,28.1,97.5
20260713T092006Z,28.1,96.6
20260713T092021Z,28.1,96.9
20260713T092036Z,28.1,96.5
20260713T092051Z,28.1,97.3
20260713T092106Z,28.1,97.4
20260713T092121Z,28.1,97.8
20260713T092136Z,28.1,96.8
20260713T092151Z,28.1,97.5
20260713T092206Z,28.1,97.6
20260713T092222Z,28.1,97.6
20260713T092237Z,28.1,96.7
20260713T092251Z,28.1,96.3
20260713T092306Z,28.1,96.6
20260713T092321Z,28.1,96.5
20260713T092336Z,28.1,97.4
20260713T092351Z,28.1,96.7
20260713T092406Z,28.1,96.7
20260713T092421Z,28.1,93.7
20260713T092436Z,28.1,96.0
20260713T092451Z,28.1,97.5
20260713T092506Z,28.1,96.9
20260713T092521Z,28.1,97.3
20260713T092536Z,28.1,97.3
20260713T092551Z,28.1,97.4
20260713T092606Z,28.1,96.6
20260713T092621Z,28.1,96.8
20260713T092636Z,28.1,96.6
20260713T092651Z,28.1,97.4
20260713T092706Z,28.2,97.5
20260713T092721Z,28.1,97.8
20260713T092736Z,28.1,97.6
20260713T092751Z,28.2,97.2
20260713T092806Z,28.2,96.9
20260713T092821Z,28.1,95.8
20260713T092836Z,28.1,96.4
20260713T092851Z,28.1,97.4
20260713T092906Z,28.1,95.8
20260713T092921Z,28.1,96.8
20260713T092936Z,28.1,95.4
20260713T092951Z,28.1,96.6
20260713T093006Z,28.1,96.6
20260713T093021Z,28.1,96.8
20260713T093036Z,28.1,95.7
20260713T093051Z,28.1,94.4
20260713T093106Z,28.1,94.4
20260713T093121Z,28.1,96.9
20260713T093136Z,28.1,95.1
20260713T093151Z,28.1,94.5
20260713T093206Z,28.1,95.5
20260713T093221Z,28.1,95.8
20260713T093236Z,28.1,96.3
20260713T093251Z,28.1,95.9
20260713T093306Z,28.1,95.2
20260713T093321Z,28.1,96.1
20260713T093336Z,28.1,94.4
20260713T093351Z,28.1,96.0
20260713T093406Z,28.1,94.6
20260713T093421Z,28.1,96.4
20260713T093436Z,28.1,96.1
20260713T093451Z,28.1,96.8
20260713T093506Z,28.1,96.6
20260713T093521Z,28.1,94.7
20260713T093536Z,28.1,94.8
20260713T093551Z,28.1,96.5
20260713T093606Z,28.1,96.8
20260713T093621Z,28.1,97.0
20260713T093636Z,28.1,95.8
20260713T093651Z,28.1,94.0
20260713T093706Z,28.1,95.7
20260713T093721Z,28.1,96.5
20260713T093736Z,28.1,94.8
20260713T093751Z,28.1,95.4
20260713T093806Z,28.1,94.8
20260713T093821Z,28.1,95.0
20260713T093836Z,28.1,94.4
20260713T093851Z,28.1,94.1
20260713T093906Z,28.1,95.0
20260713T093921Z,28.1,94.2
20260713T093936Z,28.1,96.4
20260713T093951Z,28.1,94.4
20260713T094006Z,28.1,96.4
20260713T094021Z,28.1,95.0
20260713T094036Z,28.1,91.8
20260713T094051Z,28.1,95.9
20260713T094106Z,28.1,95.9
20260713T094121Z,28.1,95.0
20260713T094136Z,28.1,95.4
20260713T094151Z,28.1,94.4
20260713T094206Z,28.1,95.1
20260713T094221Z,28.1,95.0
20260713T094236Z,28.1,94.6
20260713T094251Z,28.1,95.7
20260713T094306Z,28.1,93.6
20260713T094321Z,28.1,95.2
20260713T094336Z,28.1,95.3
20260713T094351Z,28.1,95.8
20260713T094406Z,28.1,95.6
20260713T094421Z,28.1,96.3
20260713T094436Z,28.1,95.8
20260713T094451Z,28.1,96.4
20260713T094506Z,28.1,96.6
20260713T094521Z,28.1,93.6
20260713T094536Z,28.1,93.5
20260713T094551Z,28.1,95.8
20260713T094606Z,28.1,95.2
20260713T094621Z,28.1,94.8
20260713T094636Z,28.1,94.8
20260713T094651Z,28.1,94.0
20260713T094706Z,28.1,93.2
20260713T094721Z,28.1,94.5
20260713T094736Z,28.1,95.7
20260713T094751Z,28.1,96.3
20260713T094806Z,28.1,95.2
20260713T094821Z,28.1,93.8
20260713T094836Z,28.1,94.7
20260713T094851Z,28.1,94.0
20260713T094906Z,28.1,94.9
20260713T094921Z,28.1,95.0
20260713T094936Z,28.1,94.9
20260713T094951Z,28.1,94.7
20260713T095006Z,28.1,96.1
20260713T095021Z,28.1,95.7
20260713T095036Z,28.1,93.8
20260713T095051Z,28.1,95.2
20260713T095106Z,28.1,95.0
20260713T095121Z,28.1,95.6
20260713T095136Z,28.1,94.8
20260713T095151Z,28.1,95.8
20260713T095206Z,28.1,94.2
20260713T095222Z,28.1,95.0
20260713T095237Z,28.1,94.9
20260713T095251Z,28.1,93.7
20260713T095306Z,28.1,93.2
20260713T095321Z,28.1,94.8
20260713T095336Z,28.1,94.8
20260713T095351Z,28.1,93.1
20260713T095406Z,28.1,95.0
20260713T095421Z,28.1,95.1
20260713T095436Z,28.1,96.4
20260713T095451Z,28.1,95.7
20260713T095506Z,28.1,94.7
20260713T095521Z,28.1,95.6
20260713T095536Z,28.1,95.8
20260713T095552Z,28.1,94.2
20260713T095606Z,28.1,95.3
20260713T095623Z,28.1,95.9
20260713T095637Z,28.1,94.9
20260713T095651Z,28.1,94.2
20260713T095706Z,28.1,96.2
20260713T095721Z,28.1,94.6
20260713T095736Z,28.1,95.2
20260713T095751Z,28.1,95.1
20260713T095806Z,28.1,96.8
20260713T095821Z,28.1,96.4
20260713T095836Z,28.1,96.8
20260713T095851Z,28.1,94.2
20260713T095906Z,28.1,94.7
20260713T095921Z,28.1,94.3
20260713T095936Z,28.1,95.4
20260713T095951Z,28.1,94.0
20260713T100006Z,28.1,93.4
20260713T100021Z,28.1,94.8
20260713T100036Z,28.1,95.9
20260713T100051Z,28.1,94.3
20260713T100106Z,28.1,96.4
20260713T100121Z,28.1,96.5
20260713T100137Z,28.1,95.4
20260713T100151Z,28.1,94.5
20260713T100207Z,28.1,96.7
20260713T100221Z,28.1,96.9
20260713T100236Z,28.1,96.0
20260713T100251Z,28.1,96.9
20260713T100306Z,28.1,97.0
20260713T100321Z,28.2,97.0
20260713T100336Z,28.1,97.1
20260713T100351Z,28.2,96.9
20260713T100406Z,28.2,96.9
20260713T100421Z,28.1,95.9
20260713T100437Z,28.1,96.3
20260713T100452Z,28.2,96.7
20260713T100506Z,28.1,96.8
20260713T100522Z,28.1,95.1
20260713T100536Z,28.1,94.7
20260713T100551Z,28.1,96.9
20260713T100607Z,28.1,96.7
20260713T100622Z,28.1,95.8
20260713T100637Z,28.1,96.6
20260713T100651Z,28.1,96.0
20260713T100706Z,28.1,97.2
20260713T100721Z,28.1,96.9
20260713T100737Z,28.1,96.0
20260713T100751Z,28.1,96.2
20260713T100807Z,28.1,96.7
20260713T100821Z,28.1,96.3
20260713T100837Z,28.1,96.3
20260713T100851Z,28.1,97.0
20260713T100907Z,28.1,96.0
20260713T100921Z,28.1,94.6
20260713T100937Z,28.1,96.6
20260713T100951Z,28.2,96.0
20260713T101007Z,28.2,96.7
20260713T101021Z,28.2,97.3
20260713T101037Z,28.2,95.5
20260713T101051Z,28.2,96.7
20260713T101106Z,28.2,93.3
20260713T101122Z,28.2,96.5
20260713T101136Z,28.2,95.3
20260713T101152Z,28.2,95.8
20260713T101206Z,28.2,95.9
20260713T101222Z,28.2,96.3
20260713T101236Z,28.2,95.5
20260713T101252Z,28.2,97.5
20260713T101306Z,28.2,96.8
20260713T101322Z,28.2,95.7
20260713T101336Z,28.2,96.3
20260713T101352Z,28.2,97.1
20260713T101406Z,28.2,97.4
20260713T101422Z,28.2,96.4
20260713T101436Z,28.2,96.1
20260713T101452Z,28.2,96.5
20260713T101506Z,28.2,95.6
20260713T101522Z,28.2,96.7
20260713T101536Z,28.2,97.1
20260713T101552Z,28.2,97.3
20260713T101606Z,28.3,97.0
20260713T101622Z,28.2,96.8
20260713T101636Z,28.2,96.0
20260713T101652Z,28.2,95.2
20260713T101706Z,28.2,94.9
20260713T101721Z,28.2,96.4
20260713T101736Z,28.2,96.6
20260713T101752Z,28.2,97.2
20260713T101806Z,28.2,97.1
20260713T101822Z,28.2,97.1
20260713T101836Z,28.2,97.2
20260713T101852Z,28.2,97.1
20260713T101906Z,28.2,97.2
20260713T101922Z,28.2,97.3
20260713T101936Z,28.2,97.2
20260713T101952Z,28.2,97.3
20260713T102007Z,28.2,97.3
20260713T102022Z,28.2,97.3
20260713T102036Z,28.2,97.6
20260713T102052Z,28.2,97.4
20260713T102106Z,28.2,97.3
20260713T102121Z,28.3,97.0
20260713T102137Z,28.3,97.0
20260713T102151Z,28.3,95.7
20260713T102207Z,28.2,96.9
20260713T102221Z,28.3,96.9
20260713T102237Z,28.3,97.2
20260713T102251Z,28.2,96.4
20260713T102307Z,28.2,96.2
20260713T102321Z,28.2,96.8
20260713T102336Z,28.2,97.3
20260713T102352Z,28.2,97.4
20260713T102406Z,28.2,97.4
20260713T102422Z,28.3,97.4
20260713T102436Z,28.3,97.3
20260713T102452Z,28.3,96.8
20260713T102506Z,28.3,97.2
20260713T102522Z,28.2,97.1
20260713T102536Z,28.2,97.1
20260713T102552Z,28.3,97.1
20260713T102606Z,28.3,97.5
20260713T102621Z,28.3,97.3
20260713T102637Z,28.3,97.2
20260713T102651Z,28.3,96.2
20260713T102707Z,28.2,96.9
20260713T102721Z,28.2,97.1
20260713T102737Z,28.2,97.2
20260713T102751Z,28.2,97.3
20260713T102807Z,28.2,97.4
20260713T102821Z,28.3,97.4
20260713T102837Z,28.2,95.6
20260713T102851Z,28.2,97.6
20260713T102907Z,28.2,97.4
20260713T102921Z,28.3,97.5
20260713T102937Z,28.3,96.6
20260713T102952Z,28.3,97.2
20260713T103006Z,28.3,97.2
20260713T103022Z,28.3,97.2
20260713T103036Z,28.3,97.1
20260713T103052Z,28.3,96.7
20260713T103106Z,28.3,96.9
20260713T103122Z,28.3,96.9
20260713T103136Z,28.3,96.7
20260713T103152Z,28.3,96.5
20260713T103206Z,28.3,96.9
20260713T103221Z,28.3,97.1
20260713T103237Z,28.3,97.2
20260713T103252Z,28.3,97.1
20260713T103306Z,28.3,97.1
20260713T103322Z,28.3,96.1
20260713T103336Z,28.3,95.7
20260713T103352Z,28.3,96.3
20260713T103406Z,28.3,97.0
20260713T103421Z,28.3,97.1
20260713T103437Z,28.3,97.2
20260713T103451Z,28.3,97.2
20260713T103507Z,28.3,97.0
20260713T103521Z,28.3,97.1
20260713T103536Z,28.3,97.1
20260713T103552Z,28.3,97.0
20260713T103606Z,28.3,97.0
20260713T103621Z,28.3,97.0
20260713T103636Z,28.3,97.1
20260713T103651Z,28.3,97.2
20260713T103707Z,28.3,96.9
20260713T103721Z,28.3,96.8
20260713T103737Z,28.3,96.9
20260713T103751Z,28.3,96.8
20260713T103807Z,28.3,97.1
20260713T103821Z,28.3,97.1
20260713T103837Z,28.3,97.3
20260713T103851Z,28.3,97.2
20260713T103907Z,28.3,97.3
20260713T103921Z,28.3,97.3
20260713T103937Z,28.3,97.2
20260713T103951Z,28.3,96.9
20260713T104007Z,28.3,97.3
20260713T104021Z,28.3,97.1
20260713T104037Z,28.3,96.8
20260713T104051Z,28.3,97.1
20260713T104107Z,28.3,97.0
20260713T104121Z,28.3,95.8
20260713T104137Z,28.3,97.3
20260713T104151Z,28.3,97.4
20260713T104207Z,28.3,97.2
20260713T104221Z,28.3,97.0
20260713T104237Z,28.3,96.8
20260713T104251Z,28.3,96.7
20260713T104306Z,28.3,97.0
20260713T104321Z,28.3,96.5
20260713T104337Z,28.3,97.0
20260713T104351Z,28.3,96.5
20260713T104407Z,28.3,97.0
20260713T104421Z,28.3,97.2
20260713T104437Z,28.3,96.7
20260713T104451Z,28.3,96.7
20260713T104507Z,28.3,95.4
20260713T104522Z,28.4,95.3
20260713T104536Z,28.3,94.9
20260713T104552Z,28.3,94.6
20260713T104606Z,28.3,96.5
20260713T104621Z,28.3,96.4
20260713T104637Z,28.3,95.3
20260713T104651Z,28.3,95.8
20260713T104707Z,28.3,95.0
20260713T104721Z,28.3,95.6
20260713T104737Z,28.3,96.6
20260713T104751Z,28.3,96.9
20260713T104807Z,28.3,96.9
20260713T104822Z,28.3,96.9
20260713T104836Z,28.3,96.8
20260713T104852Z,28.3,96.6
20260713T104906Z,28.3,96.7
20260713T104922Z,28.3,96.5
20260713T104936Z,28.3,96.5
20260713T104952Z,28.3,96.7
20260713T105006Z,28.3,96.5
20260713T105023Z,28.3,96.3
20260713T105037Z,28.3,96.6
20260713T105052Z,28.3,96.7
20260713T105106Z,28.3,96.8
20260713T105122Z,28.3,96.7
20260713T105136Z,28.3,96.3
20260713T105152Z,28.3,95.3
20260713T105207Z,28.3,96.8
20260713T105222Z,28.3,95.5
20260713T105236Z,28.3,94.7
20260713T105252Z,28.3,96.1
20260713T105306Z,28.3,96.0
20260713T105321Z,28.3,95.8
20260713T105337Z,28.3,96.5
20260713T105351Z,28.3,96.7
20260713T105407Z,28.3,96.9
20260713T105421Z,28.3,96.8
20260713T105437Z,28.3,96.8
20260713T105451Z,28.3,96.6
20260713T105507Z,28.3,96.5
20260713T105521Z,28.3,96.5
20260713T105536Z,28.3,96.6
20260713T105551Z,28.3,97.0
20260713T105607Z,28.3,96.9
20260713T105621Z,28.3,96.8
20260713T105637Z,28.3,96.2
20260713T105651Z,28.3,97.1
20260713T105707Z,28.3,95.7
20260713T105722Z,28.2,95.4
20260713T105736Z,28.2,94.6
20260713T105751Z,28.2,94.2
20260713T105807Z,28.1,93.6
20260713T105822Z,28.0,92.8
20260713T105837Z,28.0,92.4
20260713T105851Z,27.9,91.6
20260713T105907Z,27.8,91.3
20260713T105921Z,27.8,90.3
20260713T105937Z,27.7,90.2
20260713T105951Z,27.7,89.6
20260713T110007Z,27.6,88.8
20260713T110021Z,27.5,88.4
20260713T110037Z,27.5,87.5
20260713T110052Z,27.4,86.3
20260713T110107Z,27.4,85.8
20260713T110122Z,27.3,85.6
20260713T110137Z,27.2,84.6
20260713T110152Z,27.2,83.9
20260713T110207Z,27.1,82.8
20260713T110222Z,27.0,82.6
20260713T110237Z,26.9,81.5
20260713T110252Z,26.9,81.8
20260713T110307Z,26.8,81.2
20260713T110322Z,26.7,80.8
20260713T110337Z,26.7,80.4
20260713T110352Z,26.6,79.9
20260713T110407Z,26.5,79.2
20260713T110422Z,26.5,78.8
20260713T110437Z,26.4,78.4
20260713T110452Z,26.4,77.6
20260713T110507Z,26.3,76.7
20260713T110522Z,26.2,76.3
20260713T110537Z,26.1,75.7
20260713T110552Z,26.1,75.3
20260713T110607Z,26.0,74.8
20260713T110622Z,25.9,74.5
20260713T110637Z,25.9,73.7
20260713T110652Z,25.8,73.5
20260713T110707Z,25.8,72.8
20260713T110722Z,25.7,72.5
20260713T110737Z,25.7,72.6
20260713T110752Z,25.6,71.7
20260713T110807Z,25.6,71.0
20260713T110822Z,25.5,70.8
20260713T110837Z,25.5,70.5
20260713T110852Z,25.4,70.3
20260713T110907Z,25.4,69.9
20260713T110922Z,25.3,69.1
20260713T110937Z,25.3,70.1
20260713T110952Z,25.2,69.4
20260713T111007Z,25.2,69.0
20260713T111022Z,25.1,68.2
20260713T111037Z,25.1,68.0
20260713T111052Z,25.0,67.7
20260713T111107Z,25.0,68.3
20260713T111122Z,25.0,69.5
20260713T111137Z,25.0,71.1
20260713T111152Z,25.0,73.6
20260713T111207Z,25.0,74.5
20260713T111222Z,25.0,74.7
20260713T111237Z,25.1,75.3
20260713T111252Z,25.1,76.0
20260713T111307Z,25.1,76.1
20260713T111322Z,25.1,77.1
20260713T111337Z,25.2,77.6
20260713T111352Z,25.2,78.3
20260713T111407Z,25.3,78.8
20260713T111422Z,25.3,79.3
20260713T111437Z,25.4,79.7
20260713T111452Z,25.4,80.4
20260713T111507Z,25.4,80.9
20260713T111522Z,25.5,81.1
20260713T111537Z,25.5,81.6
20260713T111552Z,25.6,82.2
20260713T111607Z,25.6,82.5
20260713T111622Z,25.7,82.9
20260713T111637Z,25.7,83.2
20260713T111652Z,25.7,83.7
20260713T111707Z,25.8,84.1
20260713T111722Z,25.8,84.4
20260713T111737Z,25.8,84.9
20260713T111752Z,25.9,85.2
20260713T111807Z,25.9,85.8
20260713T111822Z,25.9,86.0
20260713T111837Z,26.0,86.2
20260713T111852Z,26.0,85.8
20260713T111907Z,26.0,84.8
20260713T111922Z,26.0,84.3
20260713T111937Z,26.0,84.0
20260713T111952Z,26.0,83.2
20260713T112007Z,26.0,82.4
20260713T112022Z,26.0,81.4
20260713T112037Z,26.0,80.8
20260713T112052Z,26.0,80.0
20260713T112107Z,26.0,79.4
20260713T112122Z,26.0,78.5
20260713T112137Z,25.9,77.8
20260713T112152Z,25.9,77.0
20260713T112207Z,25.8,75.9
20260713T112222Z,25.8,75.4
20260713T112237Z,25.7,74.9
20260713T112252Z,25.7,75.0
20260713T112307Z,25.6,74.5
20260713T112322Z,25.6,73.9
20260713T112337Z,25.6,73.0
20260713T112352Z,25.5,72.2
20260713T112407Z,25.4,71.7
20260713T112422Z,25.3,71.3
20260713T112437Z,25.3,70.7
20260713T112452Z,25.2,70.4
20260713T112507Z,25.1,69.9
20260713T112523Z,25.0,70.4
20260713T112537Z,25.0,71.7
20260713T112552Z,25.0,73.4
20260713T112607Z,25.0,74.9
20260713T112622Z,24.9,75.8
20260713T112637Z,24.9,76.6
20260713T112652Z,24.9,77.0
20260713T112707Z,25.0,77.5
20260713T112722Z,25.0,78.0
20260713T112737Z,25.0,78.6
20260713T112752Z,25.0,79.2
20260713T112807Z,25.0,79.8
20260713T112822Z,25.1,80.3
20260713T112837Z,25.1,80.6
20260713T112852Z,25.1,81.5
20260713T112907Z,25.2,81.8
20260713T112922Z,25.2,82.2
20260713T112937Z,25.2,82.7
20260713T112952Z,25.3,83.1
20260713T113007Z,25.3,83.8
20260713T113022Z,25.3,83.9
20260713T113037Z,25.4,84.3
20260713T113052Z,25.4,84.7
20260713T113107Z,25.4,85.0
20260713T113122Z,25.5,85.4
20260713T113137Z,25.5,85.6
20260713T113152Z,25.5,86.2
20260713T113207Z,25.6,86.2
20260713T113222Z,25.6,86.7
20260713T113237Z,25.6,86.9
20260713T113252Z,25.7,87.1
20260713T113307Z,25.7,87.6
20260713T113323Z,25.7,87.8
20260713T113337Z,25.7,88.2
20260713T113352Z,25.7,87.7
20260713T113407Z,25.8,87.6
20260713T113422Z,25.8,86.2
20260713T113437Z,25.7,85.7
20260713T113452Z,25.7,85.2
20260713T113507Z,25.7,84.1
20260713T113523Z,25.7,83.3
20260713T113537Z,25.7,82.2
20260713T113552Z,25.6,81.9
20260713T113607Z,25.6,80.8
20260713T113622Z,25.5,80.2
20260713T113637Z,25.5,79.0
20260713T113652Z,25.4,79.0
20260713T113707Z,25.3,78.0
20260713T113722Z,25.3,77.0
20260713T113737Z,25.2,76.6
20260713T113752Z,25.1,76.2
20260713T113807Z,25.1,75.5
20260713T113822Z,25.0,74.2
20260713T113837Z,25.0,74.0
20260713T113852Z,24.9,73.1
20260713T113907Z,24.8,73.0
20260713T113922Z,24.8,72.2
20260713T113937Z,24.7,72.4
20260713T113952Z,24.7,73.4
20260713T114007Z,24.7,75.0
20260713T114022Z,24.6,76.4
20260713T114037Z,24.7,77.8
20260713T114052Z,24.7,78.6
20260713T114107Z,24.7,79.1
20260713T114122Z,24.7,79.1
20260713T114137Z,24.7,79.6
20260713T114152Z,24.7,80.0
20260713T114207Z,24.8,80.6
20260713T114222Z,24.8,81.2
20260713T114237Z,24.8,81.6
20260713T114252Z,24.9,82.0
20260713T114307Z,24.9,82.4
20260713T114322Z,24.9,83.2
20260713T114337Z,25.0,83.3
20260713T114352Z,25.0,83.8
20260713T114407Z,25.1,84.0
20260713T114422Z,25.1,84.2
20260713T114437Z,25.1,84.7
20260713T114452Z,25.2,84.9
20260713T114507Z,25.2,85.4
20260713T114522Z,25.2,85.7
20260713T114537Z,25.3,86.1
20260713T114552Z,25.3,86.2
20260713T114607Z,25.3,86.5
20260713T114622Z,25.4,86.8
20260713T114637Z,25.4,87.1
20260713T114652Z,25.5,87.2
20260713T114707Z,25.5,87.5
20260713T114722Z,25.5,87.7
20260713T114737Z,25.5,88.0
20260713T114752Z,25.6,88.4
20260713T114807Z,25.6,88.7
20260713T114823Z,25.6,88.8
20260713T114837Z,25.6,89.1
20260713T114852Z,25.6,89.1
20260713T114907Z,25.7,89.4
20260713T114922Z,25.7,89.0
20260713T114937Z,25.7,87.8
20260713T114952Z,25.7,86.7
20260713T115007Z,25.7,86.3
20260713T115022Z,25.6,85.5
20260713T115037Z,25.6,85.1
20260713T115052Z,25.6,83.9
20260713T115107Z,25.6,83.0
20260713T115122Z,25.5,82.0
20260713T115137Z,25.5,80.8
20260713T115152Z,25.4,80.6
20260713T115207Z,25.3,79.6
20260713T115222Z,25.3,78.9
20260713T115237Z,25.2,78.1
20260713T115252Z,25.2,77.4
20260713T115307Z,25.1,76.6
20260713T115322Z,25.1,76.0
20260713T115337Z,25.0,75.5
20260713T115352Z,24.9,74.7
20260713T115407Z,24.9,75.0
20260713T115422Z,24.8,73.9
20260713T115437Z,24.8,73.7
20260713T115452Z,24.7,74.4
20260713T115507Z,24.7,75.8
20260713T115522Z,24.7,77.1
20260713T115537Z,24.7,78.8
20260713T115552Z,24.7,79.4
20260713T115607Z,24.7,80.1
20260713T115622Z,24.7,80.3
20260713T115637Z,24.8,80.8
20260713T115652Z,24.8,81.1
20260713T115707Z,24.8,81.5
20260713T115722Z,24.9,81.9
20260713T115737Z,24.9,82.2
20260713T115752Z,25.0,82.7
20260713T115807Z,25.1,82.9
20260713T115822Z,25.1,83.3
20260713T115837Z,25.1,83.7
20260713T115852Z,25.2,83.8
20260713T115907Z,25.2,84.0
20260713T115922Z,25.3,84.3
20260713T115937Z,25.3,84.9
20260713T115952Z,25.4,85.0
20260713T120007Z,25.4,85.4
20260713T120022Z,25.4,85.7
20260713T120037Z,25.5,86.0
20260713T120052Z,25.5,86.2
20260713T120107Z,25.6,86.4
20260713T120122Z,25.6,86.7
20260713T120137Z,25.6,86.9
20260713T120152Z,25.7,87.1
20260713T120207Z,25.7,87.4
20260713T120222Z,25.7,87.5
20260713T120237Z,25.7,87.8
20260713T120252Z,25.8,88.1
20260713T120307Z,25.8,88.3
20260713T120322Z,25.8,88.5
20260713T120337Z,25.8,88.8
20260713T120352Z,25.9,88.8
20260713T120407Z,25.9,89.1
20260713T120422Z,25.9,89.3
20260713T120437Z,25.9,88.7
20260713T120452Z,26.0,88.0
20260713T120507Z,25.9,87.0
20260713T120522Z,25.9,86.6
20260713T120537Z,25.9,86.2
20260713T120552Z,25.9,85.0
20260713T120607Z,25.9,84.3
20260713T120622Z,25.8,83.4
20260713T120637Z,25.8,82.4
20260713T120652Z,25.8,82.0
20260713T120707Z,25.7,81.0
20260713T120722Z,25.7,80.0
20260713T120737Z,25.7,79.2
20260713T120752Z,25.6,78.4
20260713T120807Z,25.5,77.8
20260713T120822Z,25.5,76.8
20260713T120837Z,25.4,76.3
20260713T120852Z,25.3,75.8
20260713T120907Z,25.3,75.3
20260713T120922Z,25.2,74.6
20260713T120937Z,25.1,73.8
20260713T120952Z,25.1,73.2
20260713T121007Z,25.0,73.8
20260713T121022Z,25.0,75.0
20260713T121037Z,25.0,77.0
20260713T121052Z,24.9,78.6
20260713T121107Z,24.9,79.3
20260713T121122Z,24.9,79.6
20260713T121137Z,24.9,79.8
20260713T121152Z,24.9,80.2
20260713T121207Z,25.0,80.6
20260713T121222Z,25.0,81.0
20260713T121237Z,25.0,81.4
20260713T121252Z,25.1,82.0
20260713T121307Z,25.1,82.3
20260713T121322Z,25.1,82.8
20260713T121337Z,25.2,83.0
20260713T121352Z,25.2,83.6
20260713T121407Z,25.2,83.8
20260713T121422Z,25.2,84.2
20260713T121437Z,25.3,84.3
20260713T121452Z,25.3,84.8
20260713T121507Z,25.3,85.1
20260713T121522Z,25.4,85.4
20260713T121537Z,25.4,85.6
20260713T121552Z,25.5,85.9
20260713T121607Z,25.5,86.2
20260713T121622Z,25.5,86.4
20260713T121637Z,25.5,86.7
20260713T121652Z,25.6,87.0
20260713T121707Z,25.6,87.2
20260713T121723Z,25.6,87.5
20260713T121738Z,25.6,87.8
20260713T121752Z,25.7,88.0
20260713T121807Z,25.7,88.2
20260713T121823Z,25.7,88.3
20260713T121838Z,25.7,88.6
20260713T121852Z,25.8,88.7
20260713T121907Z,25.8,89.1
20260713T121922Z,25.8,90.1
20260713T121937Z,25.9,90.3
20260713T121952Z,25.9,88.9
20260713T122007Z,25.9,88.3
20260713T122022Z,25.9,87.5
20260713T122037Z,25.9,86.3
20260713T122052Z,25.9,85.4
20260713T122107Z,25.8,84.3
20260713T122122Z,25.8,83.6
20260713T122137Z,25.7,83.9
20260713T122152Z,25.7,83.2
20260713T122207Z,25.7,81.5
20260713T122222Z,25.6,81.0
20260713T122237Z,25.5,80.4
20260713T122252Z,25.5,79.7
20260713T122307Z,25.4,78.9
20260713T122322Z,25.3,78.1
20260713T122337Z,25.3,77.5
20260713T122352Z,25.2,76.4
20260713T122407Z,25.1,76.4
20260713T122422Z,25.0,75.1
20260713T122437Z,25.0,74.9
20260713T122452Z,24.9,74.3
20260713T122507Z,24.8,73.5
20260713T122522Z,24.7,73.4
20260713T122537Z,24.6,74.8
20260713T122552Z,24.6,76.8
20260713T122607Z,24.6,78.7
20260713T122622Z,24.6,79.7
20260713T122637Z,24.6,79.8
20260713T122652Z,24.7,80.2
20260713T122707Z,24.7,80.5
20260713T122722Z,24.7,80.9
20260713T122737Z,24.7,81.1
20260713T122752Z,24.8,81.7
20260713T122807Z,24.8,82.0
20260713T122822Z,24.9,82.4
20260713T122837Z,24.9,83.0
20260713T122852Z,25.0,83.2
20260713T122907Z,25.0,83.6
20260713T122922Z,25.0,83.9
20260713T122937Z,25.1,84.2
20260713T122952Z,25.1,84.6
20260713T123007Z,25.2,84.8
20260713T123022Z,25.2,85.2
20260713T123037Z,25.2,85.4
20260713T123052Z,25.3,85.7
20260713T123107Z,25.3,85.9
20260713T123122Z,25.4,86.4
20260713T123137Z,25.4,86.6
20260713T123152Z,25.4,86.7
20260713T123207Z,25.4,87.0
20260713T123222Z,25.5,87.3
20260713T123237Z,25.5,87.4
20260713T123252Z,25.5,87.7
20260713T123307Z,25.6,87.9
20260713T123322Z,25.6,88.0
20260713T123337Z,25.6,88.4
20260713T123352Z,25.6,88.6
20260713T123407Z,25.7,88.8
20260713T123422Z,25.7,89.0
20260713T123437Z,25.7,89.2
20260713T123452Z,25.7,89.3
20260713T123507Z,25.7,89.5
20260713T123523Z,25.8,89.6
20260713T123537Z,25.8,89.8
20260713T123552Z,25.8,89.8
20260713T123607Z,25.8,90.2
20260713T123622Z,25.9,90.3
20260713T123637Z,25.9,90.4
20260713T123652Z,25.9,90.0
20260713T123707Z,25.9,89.8
20260713T123722Z,25.9,88.5
20260713T123737Z,25.9,87.9
20260713T123752Z,25.9,86.9
20260713T123807Z,25.9,86.4
20260713T123822Z,25.8,85.5
20260713T123837Z,25.8,85.0
20260713T123852Z,25.8,83.6
20260713T123907Z,25.7,83.0
20260713T123922Z,25.7,81.8
20260713T123937Z,25.6,80.9
20260713T123952Z,25.5,80.4
20260713T124007Z,25.5,79.5
20260713T124022Z,25.4,78.7
20260713T124037Z,25.3,78.4
20260713T124052Z,25.2,77.4
20260713T124107Z,25.1,76.6
20260713T124122Z,25.1,76.4
20260713T124137Z,25.0,75.6
20260713T124152Z,24.9,74.8
20260713T124207Z,24.9,76.0
20260713T124222Z,24.8,77.4
20260713T124237Z,24.8,78.6
20260713T124252Z,24.8,80.3
20260713T124307Z,24.8,80.6
20260713T124322Z,24.8,80.9
20260713T124337Z,24.8,81.1
20260713T124352Z,24.8,81.6
20260713T124407Z,24.8,82.2
20260713T124422Z,24.8,82.9
20260713T124437Z,24.8,83.1
20260713T124452Z,24.9,84.4
20260713T124507Z,24.9,84.7
20260713T124522Z,25.0,84.9
20260713T124537Z,25.0,85.3
20260713T124552Z,25.0,85.5
20260713T124607Z,25.1,85.9
20260713T124622Z,25.1,86.0
20260713T124637Z,25.2,86.2
20260713T124652Z,25.2,86.5
20260713T124707Z,25.2,86.8
20260713T124722Z,25.3,87.0
20260713T124737Z,25.3,87.3
20260713T124752Z,25.3,87.4
20260713T124807Z,25.3,87.7
20260713T124822Z,25.4,87.8
20260713T124837Z,25.4,88.0
20260713T124852Z,25.4,88.4
20260713T124907Z,25.4,88.5
20260713T124922Z,25.5,88.7
20260713T124937Z,25.5,88.9
20260713T124952Z,25.5,89.1
20260713T125007Z,25.6,89.3
20260713T125022Z,25.6,89.3
20260713T125037Z,25.6,89.5
20260713T125052Z,25.7,89.8
20260713T125107Z,25.7,89.8
20260713T125122Z,25.7,90.0
20260713T125137Z,25.7,90.2
20260713T125152Z,25.7,90.6
20260713T125207Z,25.7,90.7
20260713T125222Z,25.8,90.7
20260713T125237Z,25.8,90.8
20260713T125252Z,25.8,91.1
20260713T125307Z,25.8,91.2
20260713T125323Z,25.8,91.3
20260713T125338Z,25.8,91.4
20260713T125352Z,25.9,90.8
20260713T125407Z,25.9,90.5
20260713T125422Z,25.9,89.3
20260713T125437Z,25.9,88.7
20260713T125452Z,25.8,87.6
20260713T125507Z,25.8,86.5
20260713T125522Z,25.8,85.7
20260713T125537Z,25.7,84.9
20260713T125552Z,25.6,84.5
20260713T125607Z,25.6,84.1
20260713T125622Z,25.6,82.9
20260713T125637Z,25.5,81.7
20260713T125652Z,25.5,81.2
20260713T125707Z,25.4,80.0
20260713T125722Z,25.3,79.1
20260713T125737Z,25.3,78.5
20260713T125752Z,25.2,77.3
20260713T125807Z,25.1,77.4
20260713T125822Z,25.0,76.8
20260713T125837Z,24.9,76.5
20260713T125852Z,24.9,75.9
20260713T125907Z,24.8,76.9
20260713T125922Z,24.8,78.3
20260713T125937Z,24.8,79.6
20260713T125952Z,24.7,81.1
20260713T130007Z,24.7,81.7
20260713T130022Z,24.7,81.8
20260713T130037Z,24.7,82.4
20260713T130052Z,24.7,82.8
20260713T130107Z,24.7,83.3
20260713T130122Z,24.8,83.6
20260713T130137Z,24.8,84.1
20260713T130152Z,24.8,84.4
20260713T130207Z,24.8,84.8
20260713T130222Z,24.9,85.2
20260713T130237Z,24.9,85.5
20260713T130252Z,24.9,85.9
20260713T130307Z,25.0,86.1
20260713T130323Z,25.0,86.5
20260713T130338Z,25.0,86.6
20260713T130352Z,25.1,87.0
20260713T130407Z,25.1,87.2
20260713T130423Z,25.1,87.2
20260713T130438Z,25.2,87.4
20260713T130452Z,25.2,87.8
20260713T130507Z,25.2,88.0
20260713T130522Z,25.3,88.1
20260713T130537Z,25.3,88.4
20260713T130552Z,25.3,88.5
20260713T130607Z,25.4,88.8
20260713T130622Z,25.4,89.0
20260713T130637Z,25.4,89.2
20260713T130652Z,25.5,89.3
20260713T130707Z,25.5,89.4
20260713T130722Z,25.5,89.6
20260713T130737Z,25.6,89.8
20260713T130752Z,25.6,90.0
20260713T130807Z,25.6,90.2
20260713T130822Z,25.6,90.3
20260713T130837Z,25.6,90.4
20260713T130852Z,25.7,90.5
20260713T130907Z,25.7,90.7
20260713T130922Z,25.7,90.8
20260713T130937Z,25.7,91.0
20260713T130952Z,25.7,91.1
20260713T131007Z,25.8,91.2
20260713T131022Z,25.8,91.4
20260713T131037Z,25.8,91.5
20260713T131052Z,25.8,91.6
20260713T131107Z,25.8,91.7
20260713T131122Z,25.9,91.9
20260713T131137Z,25.9,92.0
20260713T131152Z,25.9,91.7
20260713T131207Z,25.9,91.4
20260713T131222Z,25.9,90.1
20260713T131237Z,25.9,89.4
20260713T131252Z,25.8,88.2
20260713T131307Z,25.8,87.7
20260713T131322Z,25.8,86.8
20260713T131337Z,25.7,86.2
20260713T131352Z,25.7,85.5
20260713T131407Z,25.6,84.4
20260713T131422Z,25.6,83.1
20260713T131437Z,25.5,82.3
20260713T131452Z,25.4,81.9
20260713T131507Z,25.4,80.8
20260713T131522Z,25.3,80.0
20260713T131537Z,25.2,79.6
20260713T131552Z,25.1,79.1
20260713T131607Z,25.1,78.2
20260713T131622Z,25.0,77.3
20260713T131637Z,24.9,76.8
20260713T131652Z,24.8,76.7
20260713T131707Z,24.8,78.2
20260713T131722Z,24.7,79.7
20260713T131737Z,24.7,80.7
20260713T131752Z,24.7,81.7
20260713T131807Z,24.7,82.2
20260713T131822Z,24.7,82.8
20260713T131837Z,24.7,83.1
20260713T131852Z,24.7,83.4
20260713T131907Z,24.8,83.8
20260713T131922Z,24.8,84.4
20260713T131937Z,24.8,84.6
20260713T131952Z,24.8,84.9
20260713T132007Z,24.9,85.5
20260713T132022Z,24.9,85.6
20260713T132037Z,25.0,85.9
20260713T132052Z,25.0,86.3
20260713T132107Z,25.0,86.5
20260713T132122Z,25.1,86.7
20260713T132137Z,25.1,87.0
20260713T132152Z,25.1,87.2
20260713T132207Z,25.2,87.4
20260713T132222Z,25.2,87.7
20260713T132237Z,25.2,87.8
20260713T132252Z,25.3,88.0
20260713T132307Z,25.3,88.3
20260713T132322Z,25.3,88.5
20260713T132337Z,25.4,88.7
20260713T132352Z,25.4,88.7
20260713T132407Z,25.4,89.0
20260713T132422Z,25.4,89.3
20260713T132437Z,25.5,89.5
20260713T132452Z,25.5,89.6
20260713T132507Z,25.5,89.7
20260713T132522Z,25.5,90.1
20260713T132537Z,25.6,90.2
20260713T132552Z,25.6,90.3
20260713T132607Z,25.6,90.5
20260713T132622Z,25.6,90.6
20260713T132637Z,25.6,90.8
20260713T132652Z,25.7,90.9
20260713T132707Z,25.7,91.0
20260713T132722Z,25.7,91.2
20260713T132737Z,25.7,91.3
20260713T132752Z,25.7,91.5
20260713T132807Z,25.8,91.5
20260713T132822Z,25.8,91.7
20260713T132837Z,25.8,91.9
20260713T132852Z,25.8,91.9
20260713T132907Z,25.8,92.0
20260713T132922Z,25.8,92.2
20260713T132937Z,25.9,92.2
20260713T132952Z,25.9,91.6
20260713T133007Z,25.9,91.3
20260713T133022Z,25.9,90.0
20260713T133037Z,25.9,89.4
20260713T133052Z,25.8,88.7
20260713T133107Z,25.8,87.9
20260713T133122Z,25.8,87.2
20260713T133137Z,25.7,86.0
20260713T133152Z,25.7,84.9
20260713T133207Z,25.6,83.7
20260713T133222Z,25.5,82.9
20260713T133237Z,25.4,82.3
20260713T133252Z,25.3,81.6
20260713T133307Z,25.3,80.8
20260713T133322Z,25.2,79.9
20260713T133337Z,25.1,79.0
20260713T133352Z,25.0,78.8
20260713T133407Z,24.9,78.3
20260713T133422Z,24.8,77.3
20260713T133437Z,24.8,77.0
20260713T133452Z,24.7,77.3
20260713T133507Z,24.7,78.5
20260713T133522Z,24.7,80.0
20260713T133537Z,24.6,81.0
20260713T133552Z,24.7,82.3
20260713T133607Z,24.7,82.7
20260713T133622Z,24.7,82.9
20260713T133637Z,24.7,82.8
20260713T133652Z,24.7,83.5
20260713T133707Z,24.8,83.7
20260713T133722Z,24.8,84.1
20260713T133737Z,24.8,84.5
20260713T133752Z,24.9,84.8
20260713T133807Z,24.9,85.0
20260713T133822Z,24.9,85.4
20260713T133837Z,25.0,85.6
20260713T133852Z,25.0,86.0
20260713T133907Z,25.0,86.3
20260713T133922Z,25.1,86.5
20260713T133937Z,25.1,86.8
20260713T133952Z,25.1,86.9
20260713T134007Z,25.2,87.3
20260713T134022Z,25.2,87.5
20260713T134037Z,25.2,87.7
20260713T134052Z,25.3,87.9
20260713T134107Z,25.3,88.2
20260713T134122Z,25.3,88.4
20260713T134137Z,25.3,88.5
20260713T134152Z,25.4,88.9
20260713T134207Z,25.4,89.0
20260713T134222Z,25.4,89.1
20260713T134237Z,25.4,89.2
20260713T134252Z,25.5,89.6
20260713T134307Z,25.5,89.8
20260713T134322Z,25.5,89.9
20260713T134337Z,25.5,90.1
20260713T134352Z,25.6,90.2
20260713T134407Z,25.6,90.5
20260713T134422Z,25.6,90.6
20260713T134437Z,25.6,90.7
20260713T134452Z,25.7,90.8
20260713T134507Z,25.7,90.9
20260713T134523Z,25.7,91.1
20260713T134538Z,25.7,91.1
20260713T134552Z,25.7,91.3
20260713T134607Z,25.7,91.5
20260713T134622Z,25.8,91.5
20260713T134637Z,25.8,91.8
20260713T134652Z,25.8,91.9
20260713T134707Z,25.8,91.9
20260713T134722Z,25.8,92.2
20260713T134738Z,25.8,92.2
20260713T134752Z,25.9,91.7
20260713T134807Z,25.9,91.4
20260713T134822Z,25.9,90.1
20260713T134837Z,25.9,89.5
20260713T134852Z,25.8,88.7
20260713T134907Z,25.8,87.8
20260713T134922Z,25.7,86.7
20260713T134937Z,25.7,86.0
20260713T134952Z,25.6,85.5
20260713T135007Z,25.6,84.4
20260713T135023Z,25.5,83.7
20260713T135038Z,25.5,83.1
20260713T135052Z,25.4,82.2
20260713T135107Z,25.4,81.6
20260713T135122Z,25.4,81.1
20260713T135137Z,25.3,79.6
20260713T135152Z,25.3,78.8
20260713T135207Z,25.2,78.3
20260713T135222Z,25.2,77.6
20260713T135237Z,25.1,76.7
20260713T135252Z,25.0,76.6
20260713T135307Z,25.0,78.0
20260713T135322Z,25.0,79.5
20260713T135338Z,24.9,80.6
20260713T135352Z,24.9,81.6
20260713T135408Z,24.9,82.3
20260713T135422Z,24.8,82.5
20260713T135437Z,24.8,82.8
20260713T135452Z,24.9,83.1
20260713T135507Z,24.9,83.3
20260713T135522Z,24.9,83.9
20260713T135537Z,24.9,84.2
20260713T135552Z,24.9,84.7
20260713T135607Z,24.9,84.9
20260713T135622Z,25.0,85.4
20260713T135637Z,25.0,85.6
20260713T135653Z,25.1,85.8
20260713T135708Z,25.1,86.0
20260713T135722Z,25.1,86.4
20260713T135737Z,25.1,86.7
20260713T135752Z,25.2,86.9
20260713T135807Z,25.2,87.1
20260713T135822Z,25.2,87.5
20260713T135837Z,25.3,87.7
20260713T135852Z,25.3,87.9
20260713T135907Z,25.3,88.1
20260713T135923Z,25.3,88.3
20260713T135938Z,25.4,88.6
20260713T135953Z,25.4,88.7
20260713T140007Z,25.4,89.0
20260713T140023Z,25.4,89.2
20260713T140037Z,25.4,89.4
20260713T140053Z,25.5,89.6
20260713T140107Z,25.5,89.7
20260713T140123Z,25.5,89.8
20260713T140137Z,25.5,90.0
20260713T140153Z,25.6,90.2
20260713T140207Z,25.6,90.4
20260713T140223Z,25.6,90.5
20260713T140237Z,25.6,90.7
20260713T140253Z,25.6,90.8
20260713T140307Z,25.6,90.9
20260713T140323Z,25.7,91.1
20260713T140337Z,25.7,91.2
20260713T140353Z,25.7,91.4
20260713T140408Z,25.7,91.4
20260713T140422Z,25.7,91.6
20260713T140438Z,25.8,91.7
20260713T140452Z,25.8,91.8
20260713T140508Z,25.8,91.8
20260713T140522Z,25.8,92.0
20260713T140538Z,25.8,92.1
20260713T140552Z,25.8,92.3
20260713T140608Z,25.9,92.4
20260713T140622Z,25.9,92.0
20260713T140638Z,25.9,91.8
20260713T140652Z,25.9,90.2
20260713T140708Z,25.9,89.8
20260713T140722Z,25.8,88.9
20260713T140738Z,25.8,87.9
20260713T140752Z,25.8,86.8
20260713T140808Z,25.7,86.0
20260713T140822Z,25.6,85.2
20260713T140838Z,25.6,84.5
20260713T140852Z,25.5,83.5
20260713T140908Z,25.5,82.5
20260713T140922Z,25.4,82.2
20260713T140938Z,25.3,81.7
20260713T140953Z,25.2,81.0
20260713T141008Z,25.1,80.5
20260713T141022Z,25.1,80.0
20260713T141037Z,25.1,79.1
20260713T141053Z,25.0,78.2
20260713T141107Z,25.0,77.3
20260713T141123Z,24.9,77.3
20260713T141137Z,24.9,78.3
20260713T141153Z,24.9,79.7
20260713T141207Z,24.8,81.0
20260713T141223Z,24.8,81.7
20260713T141237Z,24.8,82.2
20260713T141253Z,24.8,82.7
20260713T141307Z,24.8,83.0
20260713T141323Z,24.8,83.3
20260713T141337Z,24.8,83.8
20260713T141353Z,24.9,84.0
20260713T141407Z,24.9,84.5
20260713T141423Z,24.9,84.8
20260713T141437Z,24.9,85.1
20260713T141453Z,25.0,85.5
20260713T141507Z,25.0,85.9
20260713T141522Z,25.0,86.1
20260713T141538Z,25.1,86.3
20260713T141552Z,25.1,86.7
20260713T141607Z,25.1,86.9
20260713T141622Z,25.2,87.2
20260713T141637Z,25.2,87.3
20260713T141652Z,25.2,87.4
20260713T141708Z,25.3,87.7
20260713T141722Z,25.3,87.9
20260713T141738Z,25.3,88.2
20260713T141752Z,25.3,88.4
20260713T141808Z,25.4,88.6
20260713T141823Z,25.4,88.8
20260713T141837Z,25.4,89.0
20260713T141853Z,25.4,89.2
20260713T141907Z,25.5,89.4
20260713T141924Z,25.5,89.6
20260713T141938Z,25.5,89.7
20260713T141952Z,25.5,89.9
20260713T142007Z,25.5,90.2
20260713T142023Z,25.5,90.3
20260713T142037Z,25.6,90.4
20260713T142053Z,25.6,90.6
20260713T142107Z,25.6,90.8
20260713T142122Z,25.6,90.8
20260713T142138Z,25.6,91.1
20260713T142152Z,25.7,91.2
20260713T142207Z,25.7,91.3
20260713T142223Z,25.7,91.4
20260713T142237Z,25.7,91.4
20260713T142252Z,25.8,91.6
20260713T142308Z,25.8,91.7
20260713T142322Z,25.8,91.8
20260713T142338Z,25.8,91.8
20260713T142352Z,25.8,92.0
20260713T142408Z,25.9,92.1
20260713T142422Z,25.9,92.3
20260713T142438Z,25.9,92.3
20260713T142452Z,25.9,91.9
20260713T142508Z,25.9,91.8
20260713T142522Z,25.9,90.2
20260713T142538Z,25.9,89.7
20260713T142553Z,25.9,89.0
20260713T142607Z,25.9,88.1
20260713T142622Z,25.8,86.7
20260713T142637Z,25.8,86.4
20260713T142653Z,25.8,85.4
20260713T142707Z,25.7,84.6
20260713T142722Z,25.7,83.5
20260713T142738Z,25.6,83.2
20260713T142752Z,25.6,82.2
20260713T142808Z,25.5,81.5
20260713T142822Z,25.5,80.4
20260713T142838Z,25.4,80.1
20260713T142852Z,25.4,78.7
20260713T142907Z,25.4,78.0
20260713T142923Z,25.3,77.2
20260713T142938Z,25.3,76.7
20260713T142952Z,25.2,75.9
20260713T143008Z,25.2,76.6
20260713T143022Z,25.1,78.6
20260713T143037Z,25.1,79.7
20260713T143053Z,25.1,81.0
20260713T143107Z,25.0,81.7
20260713T143123Z,25.0,81.8
20260713T143137Z,25.0,82.2
20260713T143153Z,25.0,82.5
20260713T143207Z,25.0,82.8
20260713T143223Z,25.0,83.2
20260713T143237Z,25.1,83.7
20260713T143253Z,25.1,84.1
20260713T143307Z,25.1,84.5
20260713T143323Z,25.1,84.9
20260713T143337Z,25.2,85.2
20260713T143353Z,25.2,85.4
20260713T143407Z,25.2,85.7
20260713T143423Z,25.2,86.1
20260713T143437Z,25.3,86.3
20260713T143452Z,25.3,86.6
20260713T143508Z,25.3,86.8
20260713T143523Z,25.3,87.3
20260713T143537Z,25.3,87.4
20260713T143552Z,25.4,87.7
20260713T143607Z,25.4,88.0
20260713T143623Z,25.4,88.2
20260713T143637Z,25.4,88.4
20260713T143653Z,25.4,88.6
20260713T143707Z,25.5,88.7
20260713T143723Z,25.5,89.0
20260713T143737Z,25.5,89.2
20260713T143753Z,25.5,89.4
20260713T143807Z,25.5,89.5
20260713T143823Z,25.6,89.7
20260713T143837Z,25.6,89.8
20260713T143853Z,25.6,90.1
20260713T143907Z,25.6,90.2
20260713T143922Z,25.7,90.3
20260713T143938Z,25.7,90.5
20260713T143952Z,25.7,90.6
20260713T144008Z,25.7,90.7
20260713T144022Z,25.7,90.9
20260713T144038Z,25.7,91.0
20260713T144052Z,25.8,91.2
20260713T144108Z,25.8,91.4
20260713T144122Z,25.8,91.5
20260713T144137Z,25.8,91.6
20260713T144153Z,25.8,91.7
20260713T144208Z,25.8,91.8
20260713T144222Z,25.9,92.0
20260713T144238Z,25.9,92.0
20260713T144252Z,25.9,92.1
20260713T144308Z,25.9,91.7
20260713T144322Z,25.9,90.1
20260713T144338Z,25.8,89.7
20260713T144352Z,25.8,89.2
20260713T144408Z,25.8,88.9
20260713T144422Z,25.8,87.6
20260713T144438Z,25.7,87.3
20260713T144452Z,25.7,86.3
20260713T144508Z,25.7,85.7
20260713T144522Z,25.6,84.3
20260713T144537Z,25.6,83.7
20260713T144553Z,25.6,83.3
20260713T144607Z,25.5,82.5
20260713T144622Z,25.5,81.3
20260713T144638Z,25.5,80.0
20260713T144652Z,25.4,79.4
20260713T144708Z,25.3,78.5
20260713T144723Z,25.3,78.1
20260713T144737Z,25.2,77.1
20260713T144753Z,25.2,76.5
20260713T144808Z,25.1,76.2
20260713T144822Z,25.1,76.9
20260713T144838Z,25.1,78.3
20260713T144853Z,25.0,80.0
20260713T144907Z,25.0,80.9
20260713T144923Z,25.0,81.5
20260713T144937Z,24.9,82.0
20260713T144953Z,24.9,82.4
20260713T145008Z,24.9,82.7
20260713T145023Z,24.9,83.1
20260713T145038Z,24.9,83.4
20260713T145053Z,25.0,83.9
20260713T145107Z,25.0,84.3
20260713T145123Z,25.0,84.6
20260713T145138Z,25.0,84.8
20260713T145152Z,25.0,85.2
20260713T145208Z,25.1,85.6
20260713T145222Z,25.1,85.7
20260713T145238Z,25.1,86.2
20260713T145252Z,25.1,86.3
20260713T145308Z,25.2,86.6
20260713T145322Z,25.2,86.8
20260713T145338Z,25.2,87.1
20260713T145352Z,25.3,87.4
20260713T145407Z,25.3,87.7
20260713T145422Z,25.3,87.8
20260713T145438Z,25.3,88.0
20260713T145452Z,25.4,88.2
20260713T145508Z,25.4,88.4
20260713T145522Z,25.4,88.7
20260713T145538Z,25.5,88.8
20260713T145552Z,25.5,89.0
20260713T145608Z,25.5,89.2
20260713T145623Z,25.5,89.5
20260713T145638Z,25.6,89.6
20260713T145653Z,25.6,90.0
20260713T145708Z,25.6,90.0
20260713T145722Z,25.6,90.0
20260713T145738Z,25.7,90.2
20260713T145753Z,25.7,90.3
20260713T145808Z,25.7,90.4
20260713T145823Z,25.7,90.6
20260713T145838Z,25.7,90.8
20260713T145853Z,25.7,90.8
20260713T145908Z,25.8,91.0
20260713T145923Z,25.8,91.1
20260713T145938Z,25.8,91.2
20260713T145953Z,25.8,91.3
20260713T150007Z,25.8,91.5
20260713T150022Z,25.8,91.5
20260713T150038Z,25.8,91.8
20260713T150053Z,25.8,91.8
20260713T150108Z,25.8,91.9
20260713T150123Z,25.9,92.0
20260713T150138Z,25.9,91.4
20260713T150153Z,25.9,91.3
20260713T150208Z,25.8,89.8
20260713T150223Z,25.8,89.4
20260713T150238Z,25.8,88.5
20260713T150253Z,25.7,87.4
20260713T150308Z,25.7,86.8
20260713T150324Z,25.6,86.2
20260713T150338Z,25.6,85.4
20260713T150353Z,25.6,84.5
20260713T150408Z,25.5,83.5
20260713T150423Z,25.5,82.7
20260713T150438Z,25.4,81.5
20260713T150453Z,25.4,81.0
20260713T150508Z,25.3,80.2
20260713T150523Z,25.2,79.4
20260713T150538Z,25.2,78.6
20260713T150553Z,25.1,78.2
20260713T150608Z,25.0,77.0
20260713T150623Z,25.0,77.4
20260713T150638Z,24.9,78.8
20260713T150653Z,24.9,79.5
20260713T150708Z,24.8,81.0
20260713T150723Z,24.8,81.9
20260713T150738Z,24.8,82.5
20260713T150753Z,24.8,82.7
20260713T150808Z,24.8,83.1
20260713T150823Z,24.8,83.3
20260713T150838Z,24.8,83.9
20260713T150853Z,24.8,84.5
20260713T150908Z,24.8,85.6
20260713T150923Z,24.8,85.6
20260713T150938Z,24.9,86.1
20260713T150953Z,24.9,86.4
20260713T151008Z,24.9,87.1
20260713T151023Z,24.9,87.5
20260713T151038Z,25.0,87.7
20260713T151053Z,25.0,87.9
20260713T151108Z,25.0,88.3
20260713T151123Z,25.0,88.5
20260713T151138Z,25.1,88.9
20260713T151153Z,25.1,89.0
20260713T151208Z,25.1,89.2
20260713T151223Z,25.2,89.4
20260713T151238Z,25.2,89.5
20260713T151253Z,25.2,89.7
20260713T151308Z,25.3,90.0
20260713T151323Z,25.3,90.1
20260713T151338Z,25.3,90.3
20260713T151353Z,25.3,90.5
20260713T151408Z,25.4,90.7
20260713T151423Z,25.4,90.8
20260713T151438Z,25.4,91.0
20260713T151453Z,25.5,91.2
20260713T151508Z,25.5,91.3
20260713T151523Z,25.5,91.4
20260713T151538Z,25.5,91.5
20260713T151553Z,25.5,91.6
20260713T151608Z,25.6,91.8
20260713T151623Z,25.6,91.9
20260713T151638Z,25.6,92.0
20260713T151653Z,25.6,92.1
20260713T151708Z,25.6,92.0
20260713T151723Z,25.7,91.8
20260713T151738Z,25.7,90.2
20260713T151753Z,25.7,89.6
20260713T151808Z,25.6,88.7
20260713T151823Z,25.6,87.6
20260713T151838Z,25.6,87.2
20260713T151853Z,25.5,86.1
20260713T151908Z,25.5,85.1
20260713T151923Z,25.4,84.4
20260713T151938Z,25.4,83.5
20260713T151953Z,25.4,83.3
20260713T152008Z,25.4,81.9
20260713T152023Z,25.3,80.9
20260713T152038Z,25.3,80.3
20260713T152053Z,25.2,79.6
20260713T152108Z,25.2,78.8
20260713T152123Z,25.1,78.0
20260713T152138Z,25.1,77.0
20260713T152153Z,24.9,76.1
20260713T152208Z,24.9,75.8
20260713T152223Z,24.8,75.3
20260713T152238Z,24.7,74.8
20260713T152253Z,24.7,75.7
20260713T152308Z,24.7,76.8
20260713T152323Z,24.6,78.4
20260713T152338Z,24.6,79.5
20260713T152353Z,24.6,80.2
20260713T152408Z,24.6,80.8
20260713T152423Z,24.6,81.5
20260713T152438Z,24.6,81.9
20260713T152453Z,24.6,82.5
20260713T152508Z,24.6,83.0
20260713T152523Z,24.6,83.2
20260713T152538Z,24.7,83.9
20260713T152553Z,24.7,84.4
20260713T152608Z,24.7,84.7
20260713T152623Z,24.7,85.2
20260713T152638Z,24.7,85.5
20260713T152653Z,24.8,85.8
20260713T152708Z,24.8,86.2
20260713T152723Z,24.8,86.6
20260713T152738Z,24.9,86.9
20260713T152753Z,24.9,87.1
20260713T152808Z,24.9,87.3
20260713T152823Z,25.0,87.6
20260713T152838Z,25.0,87.9
20260713T152853Z,25.0,88.1
20260713T152908Z,25.1,88.5
20260713T152923Z,25.1,88.6
20260713T152938Z,25.1,88.9
20260713T152953Z,25.1,89.0
20260713T153008Z,25.2,89.3
20260713T153023Z,25.2,89.5
20260713T153038Z,25.2,89.7
20260713T153053Z,25.2,89.9
20260713T153108Z,25.3,90.1
20260713T153123Z,25.3,90.3
20260713T153138Z,25.3,90.5
20260713T153153Z,25.3,90.7
20260713T153208Z,25.4,90.8
20260713T153223Z,25.4,91.0
20260713T153238Z,25.4,91.1
20260713T153253Z,25.4,91.2
20260713T153308Z,25.5,91.4
20260713T153323Z,25.5,91.5
20260713T153338Z,25.5,91.7
20260713T153353Z,25.5,91.7
20260713T153408Z,25.6,91.4
20260713T153423Z,25.6,91.2
20260713T153438Z,25.6,89.6
20260713T153453Z,25.6,88.8
20260713T153508Z,25.5,88.3
20260713T153523Z,25.5,87.3
20260713T153538Z,25.5,85.8
20260713T153553Z,25.5,85.0
20260713T153608Z,25.4,84.4
20260713T153623Z,25.3,84.1
20260713T153638Z,25.3,83.4
20260713T153653Z,25.2,82.0
20260713T153708Z,25.2,81.6
20260713T153723Z,25.1,80.8
20260713T153738Z,25.1,80.3
20260713T153753Z,25.1,79.4
20260713T153808Z,25.0,78.4
20260713T153823Z,25.0,77.3
20260713T153838Z,25.0,76.8
20260713T153853Z,24.9,76.4
20260713T153908Z,24.9,75.5
20260713T153923Z,24.8,75.0
20260713T153938Z,24.8,73.9
20260713T153953Z,24.7,74.7
20260713T154008Z,24.7,75.8
20260713T154023Z,24.7,77.5
20260713T154038Z,24.6,79.0
20260713T154053Z,24.6,79.4
20260713T154108Z,24.6,80.1
20260713T154123Z,24.6,81.0
20260713T154138Z,24.6,81.0
20260713T154153Z,24.6,81.8
20260713T154208Z,24.6,82.3
20260713T154223Z,24.6,82.9
20260713T154238Z,24.6,83.2
20260713T154253Z,24.6,83.6
20260713T154308Z,24.7,84.0
20260713T154323Z,24.7,84.5
20260713T154338Z,24.7,85.0
20260713T154353Z,24.8,85.3
20260713T154408Z,24.8,85.5
20260713T154423Z,24.8,85.9
20260713T154438Z,24.8,86.2
20260713T154453Z,24.9,86.7
20260713T154508Z,24.9,86.8
20260713T154523Z,24.9,87.1
20260713T154538Z,25.0,87.4
20260713T154553Z,25.0,87.7
20260713T154608Z,25.0,88.0
20260713T154623Z,25.0,88.2
20260713T154638Z,25.1,88.4
20260713T154653Z,25.1,88.6
20260713T154708Z,25.1,88.9
20260713T154724Z,25.2,89.2
20260713T154738Z,25.2,89.4
20260713T154753Z,25.2,89.6
20260713T154808Z,25.2,89.7
20260713T154823Z,25.3,89.8
20260713T154838Z,25.3,90.0
20260713T154853Z,25.3,90.2
20260713T154908Z,25.3,90.5
20260713T154923Z,25.4,90.6
20260713T154938Z,25.4,90.7
20260713T154953Z,25.4,90.9
20260713T155008Z,25.4,91.2
20260713T155023Z,25.5,91.2
20260713T155038Z,25.5,91.3
20260713T155053Z,25.5,91.5
20260713T155108Z,25.5,91.6
20260713T155123Z,25.5,90.7
20260713T155138Z,25.6,90.7
20260713T155153Z,25.6,89.1
20260713T155208Z,25.5,88.6
20260713T155223Z,25.5,87.7
20260713T155238Z,25.5,86.9
20260713T155253Z,25.5,85.9
20260713T155308Z,25.5,84.8
20260713T155323Z,25.4,84.3
20260713T155338Z,25.3,83.4
20260713T155353Z,25.3,82.6
20260713T155408Z,25.2,81.8
20260713T155423Z,25.2,80.5
20260713T155438Z,25.0,79.5
20260713T155453Z,25.0,79.6
20260713T155508Z,24.9,79.1
20260713T155523Z,24.9,78.5
20260713T155538Z,24.8,77.3
20260713T155553Z,24.8,76.7
20260713T155608Z,24.7,76.0
20260713T155623Z,24.7,75.4
20260713T155638Z,24.6,75.0
20260713T155653Z,24.6,74.3
20260713T155708Z,24.5,74.6
20260713T155723Z,24.5,76.0
20260713T155738Z,24.5,77.5
20260713T155753Z,24.5,78.8
20260713T155808Z,24.4,79.7
20260713T155823Z,24.4,80.1
20260713T155838Z,24.4,80.6
20260713T155853Z,24.4,81.5
20260713T155908Z,24.4,81.8
20260713T155923Z,24.4,82.3
20260713T155938Z,24.5,82.6
20260713T155953Z,24.5,83.0
20260713T160008Z,24.5,83.7
20260713T160023Z,24.5,84.0
20260713T160038Z,24.6,84.5
20260713T160053Z,24.6,84.9
20260713T160108Z,24.6,85.2
20260713T160123Z,24.7,85.6
20260713T160138Z,24.7,85.9
20260713T160153Z,24.7,86.2
20260713T160208Z,24.7,86.6
20260713T160223Z,24.8,86.7
20260713T160238Z,24.8,87.1
20260713T160253Z,24.8,87.2
20260713T160308Z,24.9,87.4
20260713T160323Z,24.9,87.8
20260713T160338Z,24.9,88.3
20260713T160353Z,25.0,88.4
20260713T160408Z,25.0,88.6
20260713T160423Z,25.0,88.7
20260713T160438Z,25.0,89.1
20260713T160453Z,25.1,89.2
20260713T160508Z,25.1,89.3
20260713T160523Z,25.1,89.8
20260713T160538Z,25.1,89.9
20260713T160553Z,25.2,90.0
20260713T160608Z,25.2,90.2
20260713T160623Z,25.2,90.2
20260713T160638Z,25.2,90.5
20260713T160653Z,25.3,90.5
20260713T160708Z,25.3,90.8
20260713T160723Z,25.3,91.0
20260713T160738Z,25.3,91.1
20260713T160753Z,25.4,91.3
20260713T160808Z,25.4,91.3
20260713T160823Z,25.4,91.5
20260713T160838Z,25.4,91.6
20260713T160853Z,25.4,91.7
20260713T160908Z,25.5,91.6
20260713T160923Z,25.5,91.8
20260713T160938Z,25.5,91.4
20260713T160953Z,25.5,91.4
20260713T161008Z,25.5,89.7
20260713T161024Z,25.5,89.2
20260713T161038Z,25.5,88.5
20260713T161053Z,25.5,87.2
20260713T161108Z,25.4,86.1
20260713T161124Z,25.3,85.8
20260713T161138Z,25.3,85.1
20260713T161153Z,25.3,84.1
20260713T161208Z,25.2,83.2
20260713T161223Z,25.2,82.6
20260713T161238Z,25.1,81.7
20260713T161253Z,25.1,80.9
20260713T161308Z,25.0,80.3
20260713T161323Z,24.9,79.1
20260713T161338Z,24.9,79.0
20260713T161353Z,24.8,78.4
20260713T161408Z,24.7,77.6
20260713T161423Z,24.7,76.8
20260713T161438Z,24.7,75.8
20260713T161453Z,24.6,76.4
20260713T161508Z,24.6,77.4
20260713T161523Z,24.6,79.0
20260713T161538Z,24.6,80.3
20260713T161553Z,24.6,81.1
20260713T161608Z,24.6,81.5
20260713T161623Z,24.6,81.8
20260713T161638Z,24.6,82.1
20260713T161653Z,24.6,82.3
20260713T161708Z,24.6,82.8
20260713T161723Z,24.7,83.1
20260713T161738Z,24.7,83.5
20260713T161753Z,24.7,83.6
20260713T161808Z,24.7,84.1
20260713T161823Z,24.8,84.2
20260713T161838Z,24.8,84.5
20260713T161853Z,24.8,84.9
20260713T161908Z,24.9,85.2
20260713T161923Z,24.9,85.6
20260713T161938Z,24.9,85.8
20260713T161953Z,24.9,86.0
20260713T162008Z,24.9,86.4
20260713T162023Z,25.0,86.6
20260713T162038Z,25.0,86.9
20260713T162053Z,25.0,87.2
20260713T162108Z,25.1,87.3
20260713T162123Z,25.1,87.5
20260713T162138Z,25.1,87.9
20260713T162153Z,25.1,87.9
20260713T162208Z,25.2,88.2
20260713T162223Z,25.2,88.3
20260713T162238Z,25.2,88.4
20260713T162253Z,25.2,88.7
20260713T162308Z,25.3,88.7
20260713T162323Z,25.3,88.9
20260713T162338Z,25.3,89.2
20260713T162353Z,25.3,89.2
20260713T162408Z,25.4,89.4
20260713T162423Z,25.4,89.5
20260713T162438Z,25.4,89.6
20260713T162453Z,25.4,89.7
20260713T162508Z,25.5,89.9
20260713T162523Z,25.5,90.0
20260713T162538Z,25.5,90.1
20260713T162553Z,25.5,90.2
20260713T162608Z,25.5,90.5
20260713T162623Z,25.6,90.6
20260713T162638Z,25.6,90.6
20260713T162653Z,25.6,90.8
20260713T162708Z,25.6,90.9
20260713T162723Z,25.6,91.0
20260713T162738Z,25.6,91.1
20260713T162753Z,25.6,91.2
20260713T162808Z,25.7,91.4
20260713T162824Z,25.7,91.5
20260713T162839Z,25.7,91.5
20260713T162853Z,25.7,91.6
20260713T162908Z,25.7,91.8
20260713T162923Z,25.7,91.7
20260713T162938Z,25.8,91.3
20260713T162953Z,25.8,90.2
20260713T163008Z,25.7,89.2
20260713T163023Z,25.7,88.6
20260713T163038Z,25.7,88.1
20260713T163053Z,25.7,87.0
20260713T163108Z,25.6,85.9
20260713T163123Z,25.6,84.8
20260713T163138Z,25.5,83.9
20260713T163153Z,25.5,82.6
20260713T163208Z,25.5,82.2
20260713T163223Z,25.4,81.6
20260713T163238Z,25.3,80.5
20260713T163253Z,25.3,79.9
20260713T163308Z,25.2,79.1
20260713T163323Z,25.2,78.1
20260713T163338Z,25.1,77.3
20260713T163353Z,25.0,76.6
20260713T163408Z,24.9,75.9
20260713T163423Z,24.8,75.6
20260713T163438Z,24.7,76.9
20260713T163453Z,24.7,78.0
20260713T163508Z,24.7,79.8
20260713T163523Z,24.7,81.2
20260713T163538Z,24.6,81.9
20260713T163553Z,24.6,82.3
20260713T163608Z,24.6,82.5
20260713T163623Z,24.6,82.9
20260713T163638Z,24.6,83.1
20260713T163653Z,24.7,83.5
20260713T163708Z,24.7,83.8
20260713T163723Z,24.7,84.1
20260713T163738Z,24.8,84.5
20260713T163753Z,24.8,84.7
20260713T163808Z,24.8,85.0
20260713T163823Z,24.9,85.2
20260713T163838Z,24.9,85.5
20260713T163853Z,24.9,85.9
20260713T163908Z,25.0,86.0
20260713T163923Z,25.0,86.3
20260713T163938Z,25.0,86.5
20260713T163953Z,25.0,86.5
20260713T164008Z,25.1,86.8
20260713T164023Z,25.1,87.1
20260713T164038Z,25.1,87.4
20260713T164053Z,25.1,87.6
20260713T164108Z,25.2,87.8
20260713T164123Z,25.2,87.8
20260713T164138Z,25.2,88.1
20260713T164153Z,25.2,88.2
20260713T164208Z,25.3,88.4
20260713T164223Z,25.3,88.6
20260713T164238Z,25.3,88.8
20260713T164253Z,25.3,89.0
20260713T164308Z,25.3,89.1
20260713T164323Z,25.4,89.3
20260713T164338Z,25.4,89.4
20260713T164353Z,25.4,89.5
20260713T164408Z,25.4,89.8
20260713T164424Z,25.4,89.9
20260713T164438Z,25.5,90.0
20260713T164453Z,25.5,90.1
20260713T164508Z,25.5,90.2
20260713T164523Z,25.5,90.5
20260713T164538Z,25.5,90.5
20260713T164553Z,25.5,90.7
20260713T164608Z,25.6,90.6
20260713T164624Z,25.6,90.7
20260713T164639Z,25.6,90.8
20260713T164653Z,25.6,91.0
20260713T164708Z,25.6,91.1
20260713T164723Z,25.6,91.2
20260713T164738Z,25.7,91.3
20260713T164753Z,25.7,91.5
20260713T164808Z,25.7,91.5
20260713T164823Z,25.7,91.6
20260713T164838Z,25.7,91.8
20260713T164853Z,25.7,91.8
20260713T164908Z,25.7,92.0
20260713T164923Z,25.8,92.0
20260713T164938Z,25.8,92.1
20260713T164953Z,25.8,92.2
20260713T165008Z,25.8,92.3
20260713T165023Z,25.8,92.3
20260713T165038Z,25.8,92.3
20260713T165053Z,25.8,92.5
20260713T165108Z,25.9,92.2
20260713T165123Z,25.9,91.6
20260713T165138Z,25.9,90.1
20260713T165153Z,25.8,89.4
20260713T165208Z,25.8,89.0
20260713T165223Z,25.8,87.8
20260713T165238Z,25.7,86.8
20260713T165253Z,25.7,86.3
20260713T165308Z,25.6,85.9
20260713T165323Z,25.6,84.8
20260713T165338Z,25.6,84.2
20260713T165353Z,25.5,82.7
20260713T165408Z,25.5,81.9
20260713T165423Z,25.4,81.4
20260713T165438Z,25.4,80.6
20260713T165453Z,25.3,79.8
20260713T165508Z,25.3,78.3
20260713T165523Z,25.2,77.6
20260713T165538Z,25.1,77.0
20260713T165553Z,25.1,76.4
20260713T165608Z,25.0,75.8
20260713T165623Z,24.9,76.5
20260713T165638Z,24.9,77.7
20260713T165653Z,24.9,79.3
20260713T165708Z,24.8,81.1
20260713T165723Z,24.8,81.7
20260713T165738Z,24.8,82.1
20260713T165753Z,24.8,82.3
20260713T165808Z,24.8,82.5
20260713T165823Z,24.8,82.9
20260713T165838Z,24.8,83.4
20260713T165853Z,24.8,83.7
20260713T165908Z,24.8,84.1
20260713T165923Z,24.9,84.4
20260713T165938Z,24.9,84.7
20260713T165953Z,24.9,85.0
20260713T170008Z,25.0,85.2
20260713T170023Z,25.0,85.5
20260713T170038Z,25.0,85.9
20260713T170053Z,25.0,86.1
20260713T170108Z,25.1,86.3
20260713T170123Z,25.1,86.7
20260713T170138Z,25.1,86.9
20260713T170153Z,25.1,87.1
20260713T170208Z,25.2,87.3
20260713T170223Z,25.2,87.6
20260713T170238Z,25.2,87.8
20260713T170253Z,25.2,88.0
20260713T170308Z,25.2,88.2
20260713T170323Z,25.3,88.4
20260713T170338Z,25.3,88.4
20260713T170353Z,25.3,88.7
20260713T170408Z,25.3,88.9
20260713T170423Z,25.3,89.1
20260713T170438Z,25.4,89.3
20260713T170453Z,25.4,89.4
20260713T170508Z,25.4,89.6
20260713T170523Z,25.4,89.7
20260713T170538Z,25.4,89.9
20260713T170553Z,25.5,90.1
20260713T170608Z,25.5,90.2
20260713T170623Z,25.5,90.4
20260713T170638Z,25.5,90.5
20260713T170653Z,25.5,90.8
20260713T170708Z,25.5,90.7
20260713T170723Z,25.5,90.9
20260713T170738Z,25.6,91.0
20260713T170753Z,25.6,91.1
20260713T170808Z,25.6,91.2
20260713T170823Z,25.6,91.4
20260713T170838Z,25.6,91.3
20260713T170853Z,25.7,91.5
20260713T170908Z,25.7,91.7
20260713T170923Z,25.7,91.6
20260713T170938Z,25.7,91.7
20260713T170953Z,25.7,91.8
20260713T171008Z,25.7,92.0
20260713T171023Z,25.8,92.1
20260713T171038Z,25.8,92.1
20260713T171053Z,25.8,92.2
20260713T171108Z,25.8,92.3
20260713T171123Z,25.8,92.4
20260713T171138Z,25.8,92.5
20260713T171153Z,25.8,92.5
20260713T171208Z,25.9,92.5
20260713T171223Z,25.9,92.7
20260713T171238Z,25.9,92.1
20260713T171253Z,25.9,91.8
20260713T171308Z,25.9,90.6
20260713T171323Z,25.9,90.1
20260713T171338Z,25.9,89.1
20260713T171353Z,25.8,87.9
20260713T171408Z,25.8,87.6
20260713T171423Z,25.8,86.1
20260713T171438Z,25.8,85.3
20260713T171453Z,25.8,84.6
20260713T171508Z,25.7,83.6
20260713T171523Z,25.7,82.7
20260713T171538Z,25.6,82.3
20260713T171553Z,25.6,81.5
20260713T171608Z,25.5,80.3
20260713T171623Z,25.5,79.4
20260713T171638Z,25.4,78.8
20260713T171653Z,25.4,78.2
20260713T171708Z,25.4,77.3
20260713T171723Z,25.3,76.2
20260713T171738Z,25.2,77.1
20260713T171753Z,25.1,77.8
20260713T171808Z,25.1,78.8
20260713T171823Z,25.1,80.2
20260713T171838Z,25.1,81.1
20260713T171853Z,25.1,81.7
20260713T171908Z,25.1,82.1
20260713T171923Z,25.0,82.5
20260713T171938Z,25.0,83.0
20260713T171953Z,25.0,83.4
20260713T172008Z,25.0,83.9
20260713T172023Z,25.0,84.3
20260713T172038Z,25.0,84.5
20260713T172053Z,25.0,84.9
20260713T172108Z,25.1,85.2
20260713T172123Z,25.1,85.5
20260713T172138Z,25.1,85.8
20260713T172153Z,25.1,86.0
20260713T172208Z,25.1,86.2
20260713T172223Z,25.2,86.6
20260713T172238Z,25.1,86.9
20260713T172253Z,25.2,87.1
20260713T172308Z,25.2,87.3
20260713T172323Z,25.2,87.5
20260713T172338Z,25.2,87.7
20260713T172353Z,25.3,88.0
20260713T172408Z,25.3,88.3
20260713T172423Z,25.3,88.4
20260713T172438Z,25.3,88.7
20260713T172453Z,25.3,88.8
20260713T172508Z,25.3,89.0
20260713T172523Z,25.3,89.1
20260713T172538Z,25.4,89.3
20260713T172553Z,25.4,89.5
20260713T172608Z,25.4,89.6
20260713T172623Z,25.4,89.8
20260713T172638Z,25.4,90.0
20260713T172653Z,25.5,90.1
20260713T172708Z,25.5,90.2
20260713T172723Z,25.5,90.3
20260713T172738Z,25.5,90.6
20260713T172753Z,25.5,90.6
20260713T172808Z,25.5,90.7
20260713T172824Z,25.5,90.8
20260713T172839Z,25.6,91.1
20260713T172853Z,25.6,91.2
20260713T172908Z,25.6,91.4
20260713T172923Z,25.6,91.4
20260713T172938Z,25.6,91.4
20260713T172953Z,25.6,91.5
20260713T173008Z,25.6,91.7
20260713T173023Z,25.7,91.7
20260713T173038Z,25.7,91.9
20260713T173053Z,25.7,91.9
20260713T173108Z,25.7,92.0
20260713T173123Z,25.7,92.1
20260713T173138Z,25.7,92.1
20260713T173153Z,25.8,92.2
20260713T173208Z,25.8,92.2
20260713T173223Z,25.8,92.4
20260713T173238Z,25.8,92.4
20260713T173253Z,25.8,92.6
20260713T173308Z,25.8,92.7
20260713T173323Z,25.8,92.8
20260713T173338Z,25.8,92.9
20260713T173353Z,25.8,92.9
20260713T173408Z,25.9,92.7
20260713T173423Z,25.9,92.3
20260713T173438Z,25.9,90.8
20260713T173453Z,25.8,90.1
20260713T173508Z,25.8,89.5
20260713T173523Z,25.7,88.9
20260713T173538Z,25.7,87.8
20260713T173553Z,25.7,87.3
20260713T173608Z,25.6,87.1
20260713T173623Z,25.6,86.4
20260713T173638Z,25.6,85.0
20260713T173653Z,25.6,84.5
20260713T173708Z,25.5,82.4
20260713T173723Z,25.5,81.8
20260713T173738Z,25.4,80.8
20260713T173753Z,25.4,80.0
20260713T173808Z,25.3,79.3
20260713T173823Z,25.3,78.4
20260713T173838Z,25.2,77.5
20260713T173853Z,25.2,76.6
20260713T173908Z,25.1,76.9
20260713T173923Z,25.1,77.8
20260713T173938Z,25.0,78.6
20260713T173953Z,25.0,80.4
20260713T174008Z,25.0,81.6
20260713T174023Z,25.0,82.1
20260713T174038Z,25.0,82.5
20260713T174053Z,25.0,82.7
20260713T174108Z,25.0,82.8
20260713T174123Z,25.0,83.1
20260713T174138Z,25.0,83.5
20260713T174153Z,25.0,84.0
20260713T174208Z,25.0,84.3
20260713T174223Z,25.0,84.7
20260713T174238Z,25.0,85.0
20260713T174253Z,25.0,85.4
20260713T174308Z,25.1,85.5
20260713T174323Z,25.1,86.0
20260713T174338Z,25.1,86.3
20260713T174353Z,25.1,86.5
20260713T174408Z,25.1,86.7
20260713T174424Z,25.2,87.0
20260713T174439Z,25.2,87.1
20260713T174453Z,25.2,87.4
20260713T174508Z,25.2,87.5
20260713T174524Z,25.3,87.8
20260713T174538Z,25.3,88.0
20260713T174554Z,25.3,88.2
20260713T174608Z,25.3,88.3
20260713T174623Z,25.3,88.5
20260713T174638Z,25.4,88.7
20260713T174653Z,25.4,88.8
20260713T174708Z,25.4,89.1
20260713T174723Z,25.4,89.2
20260713T174738Z,25.4,89.5
20260713T174753Z,25.4,89.6
20260713T174808Z,25.5,89.8
20260713T174823Z,25.5,89.8
20260713T174838Z,25.5,90.0
20260713T174853Z,25.5,90.2
20260713T174908Z,25.5,90.3
20260713T174923Z,25.6,90.6
20260713T174938Z,25.6,90.7
20260713T174953Z,25.6,90.7
20260713T175008Z,25.6,90.9
20260713T175023Z,25.6,91.0
20260713T175038Z,25.6,90.8
20260713T175053Z,25.6,91.2
20260713T175108Z,25.7,91.2
20260713T175124Z,25.7,91.3
20260713T175139Z,25.7,91.4
20260713T175153Z,25.7,91.6
20260713T175209Z,25.8,91.6
20260713T175223Z,25.8,91.6
20260713T175238Z,25.8,91.8
20260713T175253Z,25.8,91.9
20260713T175309Z,25.8,92.1
20260713T175323Z,25.8,92.0
20260713T175338Z,25.8,92.1
20260713T175353Z,25.8,92.3
20260713T175408Z,25.8,92.4
20260713T175423Z,25.9,92.4
20260713T175438Z,25.9,92.6
20260713T175453Z,25.9,92.6
20260713T175508Z,25.9,92.7
20260713T175524Z,25.9,92.2
20260713T175539Z,25.9,92.0
20260713T175553Z,25.9,90.7
20260713T175609Z,25.9,90.1
20260713T175624Z,25.8,88.9
20260713T175638Z,25.8,88.1
20260713T175653Z,25.7,87.5
20260713T175709Z,25.7,86.3
20260713T175723Z,25.7,85.3
20260713T175739Z,25.6,84.4
20260713T175753Z,25.6,83.3
20260713T175809Z,25.5,82.0
20260713T175823Z,25.4,81.0
20260713T175839Z,25.3,80.0
20260713T175853Z,25.2,79.7
20260713T175909Z,25.1,78.8
20260713T175923Z,25.0,78.2
20260713T175939Z,24.8,77.8
20260713T175953Z,24.7,77.5
20260713T180008Z,24.7,77.8
20260713T180024Z,24.6,79.2
20260713T180038Z,24.6,80.1
20260713T180054Z,24.6,82.2
20260713T180108Z,24.6,83.2
20260713T180124Z,24.6,83.7
20260713T180138Z,24.6,83.8
20260713T180154Z,24.7,83.8
20260713T180208Z,24.7,84.0
20260713T180224Z,24.7,84.3
20260713T180238Z,24.7,84.5
20260713T180253Z,24.8,84.9
20260713T180308Z,24.8,85.3
20260713T180323Z,24.8,85.5
20260713T180339Z,24.9,85.7
20260713T180353Z,24.9,86.1
20260713T180409Z,24.9,86.2
20260713T180423Z,25.0,86.6
20260713T180439Z,25.0,86.7
20260713T180453Z,25.0,86.8
20260713T180509Z,25.0,87.1
20260713T180523Z,25.1,87.3
20260713T180539Z,25.1,87.5
20260713T180553Z,25.1,87.8
20260713T180609Z,25.2,87.9
20260713T180624Z,25.2,88.1
20260713T180638Z,25.2,88.2
20260713T180654Z,25.2,88.4
20260713T180708Z,25.3,88.7
20260713T180724Z,25.3,88.8
20260713T180738Z,25.3,89.0
20260713T180753Z,25.3,89.2
20260713T180809Z,25.4,89.3
20260713T180824Z,25.4,89.4
20260713T180838Z,25.4,89.6
20260713T180854Z,25.4,89.8
20260713T180909Z,25.4,89.9
20260713T180924Z,25.5,90.1
20260713T180938Z,25.5,90.3
20260713T180954Z,25.5,90.5
20260713T181008Z,25.5,90.5
20260713T181024Z,25.5,90.6
20260713T181038Z,25.5,90.9
20260713T181054Z,25.5,90.9
20260713T181108Z,25.5,91.1
20260713T181124Z,25.6,91.2
20260713T181138Z,25.6,91.2
20260713T181153Z,25.6,91.4
20260713T181208Z,25.6,91.5
20260713T181223Z,25.6,91.5
20260713T181238Z,25.7,91.7
20260713T181254Z,25.7,91.7
20260713T181308Z,25.7,91.8
20260713T181324Z,25.7,91.9
20260713T181338Z,25.7,92.1
20260713T181354Z,25.7,92.1
20260713T181408Z,25.7,92.3
20260713T181423Z,25.8,92.4
20260713T181439Z,25.8,92.4
20260713T181453Z,25.8,92.5
20260713T181508Z,25.8,92.6
20260713T181524Z,25.8,92.7
20260713T181538Z,25.8,92.7
20260713T181553Z,25.8,92.8
20260713T181609Z,25.9,92.8
20260713T181623Z,25.9,92.8
20260713T181639Z,25.9,92.6
20260713T181653Z,25.9,92.4
20260713T181709Z,25.9,91.0
20260713T181723Z,25.9,90.1
20260713T181739Z,25.8,89.5
20260713T181753Z,25.8,88.6
20260713T181809Z,25.8,87.1
20260713T181823Z,25.7,86.1
20260713T181839Z,25.7,85.1
20260713T181853Z,25.6,84.3
20260713T181908Z,25.6,83.0
20260713T181923Z,25.5,82.4
20260713T181939Z,25.4,81.2
20260713T181953Z,25.3,80.6
20260713T182009Z,25.2,79.7
20260713T182024Z,25.1,79.1
20260713T182038Z,25.0,78.5
20260713T182054Z,24.9,77.6
20260713T182108Z,24.8,76.9
20260713T182124Z,24.7,76.3
20260713T182139Z,24.6,77.5
20260713T182154Z,24.5,78.8
20260713T182208Z,24.5,80.5
20260713T182223Z,24.5,82.1
20260713T182239Z,24.5,83.0
20260713T182253Z,24.5,83.3
20260713T182309Z,24.5,83.2
20260713T182324Z,24.6,83.6
20260713T182339Z,24.6,83.9
20260713T182353Z,24.6,84.3
20260713T182409Z,24.7,84.7
20260713T182424Z,24.7,84.9
20260713T182439Z,24.8,85.2
20260713T182453Z,24.8,85.4
20260713T182509Z,24.8,85.6
20260713T182524Z,24.9,85.9
20260713T182538Z,24.9,86.2
20260713T182554Z,24.9,86.4
20260713T182608Z,25.0,86.6
20260713T182624Z,25.0,86.8
20260713T182638Z,25.1,87.1
20260713T182654Z,25.1,87.3
20260713T182708Z,25.1,87.3
20260713T182724Z,25.2,87.5
20260713T182738Z,25.2,87.7
20260713T182753Z,25.2,88.0
20260713T182809Z,25.2,88.2
20260713T182823Z,25.2,88.3
20260713T182839Z,25.3,88.5
20260713T182854Z,25.3,88.7
20260713T182908Z,25.3,88.9
20260713T182924Z,25.3,89.0
20260713T182938Z,25.3,89.2
20260713T182954Z,25.4,89.4
20260713T183008Z,25.4,89.5
20260713T183024Z,25.4,89.7
20260713T183038Z,25.4,89.9
20260713T183054Z,25.4,90.0
20260713T183108Z,25.5,90.2
20260713T183124Z,25.5,90.3
20260713T183138Z,25.5,90.4
20260713T183153Z,25.5,90.6
20260713T183208Z,25.5,90.7
20260713T183223Z,25.5,90.8
20260713T183239Z,25.5,90.9
20260713T183253Z,25.6,91.0
20260713T183309Z,25.6,91.2
20260713T183323Z,25.6,91.3
20260713T183339Z,25.6,91.4
20260713T183353Z,25.6,91.5
20260713T183409Z,25.6,91.6
20260713T183424Z,25.6,91.7
20260713T183439Z,25.7,91.8
20260713T183453Z,25.7,91.9
20260713T183508Z,25.7,92.0
20260713T183525Z,25.7,92.0
20260713T183539Z,25.7,92.2
20260713T183554Z,25.7,92.3
20260713T183608Z,25.7,92.4
20260713T183624Z,25.8,92.5
20260713T183638Z,25.8,92.6
20260713T183654Z,25.8,92.6
20260713T183708Z,25.8,92.8
20260713T183724Z,25.8,92.8
20260713T183738Z,25.8,92.9
20260713T183754Z,25.8,92.9
20260713T183808Z,25.8,93.0
20260713T183825Z,25.8,93.0
20260713T183839Z,25.9,93.1
20260713T183854Z,25.8,92.5
20260713T183908Z,25.9,92.0
20260713T183924Z,25.8,90.7
20260713T183939Z,25.8,89.7
20260713T183953Z,25.8,88.9
20260713T184009Z,25.8,88.2
20260713T184023Z,25.7,87.1
20260713T184039Z,25.6,86.0
20260713T184054Z,25.6,85.0
20260713T184109Z,25.6,84.4
20260713T184124Z,25.5,83.1
20260713T184138Z,25.4,82.2
20260713T184154Z,25.4,81.3
20260713T184208Z,25.3,80.6
20260713T184224Z,25.2,79.3
20260713T184238Z,25.1,78.6
20260713T184254Z,25.0,78.3
20260713T184308Z,24.9,77.5
20260713T184324Z,24.8,77.0
20260713T184338Z,24.7,77.0
20260713T184353Z,24.6,78.3
20260713T184409Z,24.6,79.5
20260713T184423Z,24.6,81.5
20260713T184438Z,24.6,82.4
20260713T184454Z,24.6,83.0
20260713T184508Z,24.6,83.1
20260713T184523Z,24.7,83.5
20260713T184539Z,24.7,83.9
20260713T184553Z,24.7,84.2
20260713T184609Z,24.7,84.5
20260713T184623Z,24.7,84.8
20260713T184639Z,24.8,85.0
20260713T184653Z,24.8,85.3
20260713T184709Z,24.9,85.7
20260713T184724Z,24.9,86.0
20260713T184738Z,24.9,86.2
20260713T184754Z,25.0,86.3
20260713T184809Z,25.0,86.6
20260713T184824Z,25.0,86.9
20260713T184839Z,25.1,87.1
20260713T184854Z,25.1,87.3
20260713T184908Z,25.1,87.5
20260713T184924Z,25.1,87.7
20260713T184938Z,25.2,87.9
20260713T184954Z,25.2,88.1
20260713T185008Z,25.2,88.3
20260713T185024Z,25.2,88.4
20260713T185038Z,25.3,88.7
20260713T185054Z,25.3,88.8
20260713T185109Z,25.3,89.0
20260713T185124Z,25.3,89.1
20260713T185138Z,25.3,89.2
20260713T185154Z,25.4,89.4
20260713T185208Z,25.4,89.5
20260713T185223Z,25.4,89.7
20260713T185239Z,25.4,89.9
20260713T185253Z,25.4,89.9
20260713T185309Z,25.5,90.2
20260713T185325Z,25.5,90.3
20260713T185339Z,25.5,90.5
20260713T185354Z,25.5,90.6
20260713T185409Z,25.5,90.6
20260713T185424Z,25.5,90.9
20260713T185439Z,25.6,90.9
20260713T185454Z,25.6,91.0
20260713T185509Z,25.6,91.1
20260713T185524Z,25.6,91.2
20260713T185539Z,25.6,91.4
20260713T185554Z,25.6,91.5
20260713T185608Z,25.7,91.6
20260713T185624Z,25.7,91.8
20260713T185639Z,25.7,91.9
20260713T185654Z,25.7,92.0
20260713T185709Z,25.7,92.2
20260713T185724Z,25.7,92.2
20260713T185739Z,25.7,92.4
20260713T185754Z,25.7,92.5
20260713T185809Z,25.7,92.5
20260713T185824Z,25.7,92.7
20260713T185839Z,25.7,92.7
20260713T185854Z,25.7,92.7
20260713T185909Z,25.8,92.8
20260713T185924Z,25.8,92.9
20260713T185939Z,25.8,92.9
20260713T185954Z,25.8,93.1
20260713T190009Z,25.8,93.1
20260713T190024Z,25.9,92.7
20260713T190039Z,25.8,92.4
20260713T190054Z,25.8,90.6
20260713T190109Z,25.8,90.0
20260713T190124Z,25.8,89.2
20260713T190139Z,25.7,88.4
20260713T190154Z,25.7,87.4
20260713T190209Z,25.7,86.3
20260713T190224Z,25.6,85.5
20260713T190239Z,25.6,85.0
20260713T190254Z,25.5,83.9
20260713T190309Z,25.5,82.6
20260713T190324Z,25.4,81.4
20260713T190339Z,25.3,80.3
20260713T190354Z,25.2,79.7
20260713T190409Z,25.1,78.8
20260713T190424Z,25.0,78.1
20260713T190439Z,24.9,77.6
20260713T190454Z,24.8,77.1
20260713T190509Z,24.7,76.9
20260713T190524Z,24.6,78.1
20260713T190539Z,24.6,79.3
20260713T190554Z,24.6,80.9
20260713T190609Z,24.6,82.5
20260713T190624Z,24.6,83.0
20260713T190639Z,24.6,83.2
20260713T190654Z,24.7,83.5
20260713T190709Z,24.7,83.8
20260713T190725Z,24.7,84.0
20260713T190739Z,24.7,84.5
20260713T190754Z,24.7,84.6
20260713T190809Z,24.8,85.1
20260713T190824Z,24.8,85.4
20260713T190839Z,24.8,85.8
20260713T190854Z,24.8,86.4
20260713T190909Z,24.9,86.4
20260713T190924Z,24.9,86.7
20260713T190939Z,24.9,86.9
20260713T190954Z,25.0,87.1
20260713T191009Z,25.0,87.4
20260713T191025Z,25.0,87.6
20260713T191039Z,25.0,87.7
20260713T191054Z,25.0,88.0
20260713T191109Z,25.1,88.1
20260713T191124Z,25.1,88.4
20260713T191139Z,25.1,88.5
20260713T191154Z,25.1,88.6
20260713T191209Z,25.2,88.8
20260713T191224Z,25.2,89.0
20260713T191239Z,25.2,89.3
20260713T191254Z,25.2,89.5
20260713T191309Z,25.3,89.6
20260713T191324Z,25.3,89.7
20260713T191339Z,25.3,89.8
20260713T191354Z,25.4,90.0
20260713T191409Z,25.4,90.1
20260713T191424Z,25.4,90.3
20260713T191439Z,25.4,90.4
20260713T191454Z,25.4,90.5
20260713T191509Z,25.5,90.7
20260713T191524Z,25.5,90.7
20260713T191539Z,25.5,90.9
20260713T191554Z,25.5,91.1
20260713T191609Z,25.5,91.1
20260713T191624Z,25.5,91.2
20260713T191639Z,25.6,91.3
20260713T191654Z,25.6,91.4
20260713T191709Z,25.6,91.6
20260713T191724Z,25.6,91.7
20260713T191739Z,25.6,91.8
20260713T191754Z,25.6,91.9
20260713T191809Z,25.7,91.9
20260713T191824Z,25.7,92.0
20260713T191839Z,25.7,92.1
20260713T191854Z,25.7,92.3
20260713T191909Z,25.7,92.3
20260713T191924Z,25.7,92.4
20260713T191939Z,25.7,92.4
20260713T191954Z,25.8,92.6
20260713T192009Z,25.8,92.6
20260713T192024Z,25.8,92.8
20260713T192039Z,25.8,92.8
20260713T192054Z,25.8,92.9
20260713T192109Z,25.8,93.0
20260713T192125Z,25.8,93.0
20260713T192139Z,25.8,93.1
20260713T192154Z,25.8,93.1
20260713T192209Z,25.8,93.2
20260713T192224Z,25.9,93.2
20260713T192239Z,25.9,92.6
20260713T192254Z,25.9,91.4
20260713T192309Z,25.8,90.7
20260713T192324Z,25.8,89.9
20260713T192339Z,25.8,88.8
20260713T192354Z,25.8,88.2
20260713T192409Z,25.7,87.0
20260713T192425Z,25.7,85.8
20260713T192439Z,25.7,84.6
20260713T192454Z,25.6,84.0
20260713T192509Z,25.6,83.4
20260713T192524Z,25.5,82.2
20260713T192539Z,25.4,81.1
20260713T192554Z,25.3,80.3
20260713T192609Z,25.2,79.3
20260713T192624Z,25.0,78.6
20260713T192639Z,24.9,78.3
20260713T192654Z,24.8,77.6
20260713T192709Z,24.7,76.9
20260713T192724Z,24.6,77.9
20260713T192739Z,24.5,79.5
20260713T192754Z,24.5,80.9
20260713T192809Z,24.5,82.5
20260713T192824Z,24.5,83.2
20260713T192839Z,24.5,83.5
20260713T192854Z,24.5,83.9
20260713T192909Z,24.6,84.3
20260713T192924Z,24.6,84.3
20260713T192939Z,24.6,84.6
20260713T192954Z,24.6,85.0
20260713T193009Z,24.7,85.4
20260713T193024Z,24.7,85.5
20260713T193039Z,24.7,85.8
20260713T193054Z,24.7,86.2
20260713T193109Z,24.8,86.4
20260713T193124Z,24.8,86.7
20260713T193139Z,24.9,87.0
20260713T193154Z,24.9,87.1
20260713T193209Z,24.9,87.2
20260713T193224Z,25.0,87.4
20260713T193239Z,25.0,87.7
20260713T193254Z,25.0,87.8
20260713T193309Z,25.1,88.0
20260713T193324Z,25.1,88.2
20260713T193339Z,25.1,88.4
20260713T193354Z,25.1,88.5
20260713T193409Z,25.2,88.6
20260713T193425Z,25.2,88.7
20260713T193439Z,25.2,88.9
20260713T193454Z,25.2,89.2
20260713T193509Z,25.3,89.3
20260713T193524Z,25.3,89.4
20260713T193539Z,25.3,89.5
20260713T193554Z,25.3,89.9
20260713T193609Z,25.3,90.0
20260713T193624Z,25.4,90.0
20260713T193639Z,25.4,90.3
20260713T193654Z,25.4,90.4
20260713T193709Z,25.4,90.6
20260713T193724Z,25.4,90.6
20260713T193739Z,25.4,90.9
20260713T193754Z,25.4,90.9
20260713T193809Z,25.4,91.1
20260713T193823Z,25.5,91.2
20260713T193839Z,25.5,91.3
20260713T193854Z,25.5,91.3
20260713T193909Z,25.5,91.4
20260713T193924Z,25.5,91.5
20260713T193939Z,25.5,91.7
20260713T193954Z,25.6,91.7
20260713T194009Z,25.6,91.9
20260713T194024Z,25.6,92.0
20260713T194039Z,25.6,92.1
20260713T194054Z,25.6,92.2
20260713T194109Z,25.6,92.2
20260713T194124Z,25.6,92.3
20260713T194139Z,25.6,92.4
20260713T194154Z,25.7,92.5
20260713T194209Z,25.7,92.6
20260713T194224Z,25.7,92.6
20260713T194239Z,25.7,92.8
20260713T194254Z,25.7,92.8
20260713T194309Z,25.7,92.9
20260713T194324Z,25.7,92.9
20260713T194339Z,25.7,93.0
20260713T194354Z,25.7,93.0
20260713T194409Z,25.8,93.1
20260713T194424Z,25.8,93.2
20260713T194439Z,25.8,93.2
20260713T194454Z,25.8,93.4
20260713T194509Z,25.8,93.4
20260713T194524Z,25.8,93.5
20260713T194539Z,25.8,93.5
20260713T194554Z,25.8,93.6
20260713T194609Z,25.8,93.6
20260713T194624Z,25.8,93.6
20260713T194639Z,25.8,93.0
20260713T194654Z,25.8,92.1
20260713T194709Z,25.8,91.2
20260713T194724Z,25.8,90.5
20260713T194739Z,25.7,89.6
20260713T194754Z,25.7,88.5
20260713T194809Z,25.7,87.6
20260713T194824Z,25.6,86.7
20260713T194839Z,25.6,85.9
20260713T194854Z,25.5,84.6
20260713T194909Z,25.5,83.8
20260713T194924Z,25.4,82.9
20260713T194939Z,25.3,81.8
20260713T194954Z,25.3,81.4
20260713T195009Z,25.2,80.9
20260713T195024Z,25.2,79.7
20260713T195039Z,25.1,78.8
20260713T195054Z,25.0,77.7
20260713T195109Z,24.9,77.8
20260713T195124Z,24.8,79.2
20260713T195139Z,24.8,80.7
20260713T195154Z,24.8,82.3
20260713T195209Z,24.7,83.2
20260713T195224Z,24.7,83.8
20260713T195239Z,24.7,84.1
20260713T195254Z,24.7,84.4
20260713T195309Z,24.7,84.6
20260713T195324Z,24.8,84.9
20260713T195339Z,24.8,85.1
20260713T195354Z,24.8,85.6
20260713T195409Z,24.8,86.0
20260713T195424Z,24.8,86.4
20260713T195439Z,24.8,86.7
20260713T195454Z,24.9,87.0
20260713T195509Z,24.9,87.2
20260713T195524Z,24.9,87.6
20260713T195539Z,25.0,87.6
20260713T195554Z,25.0,87.9
20260713T195609Z,25.0,88.2
20260713T195624Z,25.0,88.3
20260713T195640Z,25.0,88.5
20260713T195655Z,25.1,88.7
20260713T195709Z,25.1,88.9
20260713T195724Z,25.1,89.2
20260713T195739Z,25.1,89.2
20260713T195754Z,25.2,89.4
20260713T195809Z,25.2,89.6
20260713T195824Z,25.2,89.8
20260713T195839Z,25.2,89.8
20260713T195854Z,25.2,90.0
20260713T195909Z,25.3,90.1
20260713T195924Z,25.3,90.4
20260713T195939Z,25.3,90.6
20260713T195954Z,25.3,90.6
20260713T200009Z,25.3,90.8
20260713T200024Z,25.4,90.9
20260713T200039Z,25.4,91.1
20260713T200054Z,25.4,91.3
20260713T200109Z,25.4,91.4
20260713T200124Z,25.5,91.5
20260713T200139Z,25.5,91.5
20260713T200154Z,25.5,91.6
20260713T200209Z,25.5,91.8
20260713T200224Z,25.5,91.9
20260713T200239Z,25.6,92.0
20260713T200254Z,25.6,92.1
20260713T200309Z,25.6,92.1
20260713T200324Z,25.6,92.1
20260713T200339Z,25.6,92.3
20260713T200354Z,25.7,92.3
20260713T200409Z,25.7,92.5
20260713T200424Z,25.7,92.4
20260713T200439Z,25.7,92.6
20260713T200454Z,25.7,92.6
20260713T200509Z,25.7,92.7
20260713T200524Z,25.7,92.8
20260713T200539Z,25.7,92.9
20260713T200554Z,25.8,93.0
20260713T200609Z,25.8,93.1
20260713T200624Z,25.8,93.2
20260713T200639Z,25.8,93.3
20260713T200654Z,25.8,93.3
20260713T200709Z,25.8,93.4
20260713T200724Z,25.8,93.5
20260713T200739Z,25.8,93.5
20260713T200754Z,25.8,93.4
20260713T200809Z,25.8,93.6
20260713T200824Z,25.9,93.6
20260713T200839Z,25.9,93.7
20260713T200854Z,25.9,93.1
20260713T200909Z,25.9,92.5
20260713T200924Z,25.9,91.4
20260713T200939Z,25.9,90.6
20260713T200954Z,25.8,89.6
20260713T201009Z,25.8,88.6
20260713T201024Z,25.7,87.7
20260713T201039Z,25.7,86.9
20260713T201054Z,25.7,86.2
20260713T201109Z,25.6,84.8
20260713T201124Z,25.5,84.0
20260713T201139Z,25.5,82.7
20260713T201154Z,25.4,82.2
20260713T201209Z,25.3,81.3
20260713T201224Z,25.2,80.2
20260713T201239Z,25.1,79.7
20260713T201254Z,25.0,78.8
20260713T201309Z,24.9,78.1
20260713T201324Z,24.8,77.7
20260713T201339Z,24.7,78.4
20260713T201354Z,24.6,79.6
20260713T201409Z,24.6,80.8
20260713T201424Z,24.6,82.3
20260713T201439Z,24.6,83.4
20260713T201454Z,24.6,84.0
20260713T201509Z,24.6,84.1
20260713T201524Z,24.7,84.1
20260713T201539Z,24.7,84.4
20260713T201554Z,24.7,84.7
20260713T201609Z,24.7,85.4
20260713T201624Z,24.8,85.8
20260713T201639Z,24.8,86.0
20260713T201654Z,24.8,86.2
20260713T201709Z,24.8,86.7
20260713T201724Z,24.8,86.9
20260713T201739Z,24.9,87.1
20260713T201754Z,24.9,87.3
20260713T201809Z,24.9,87.6
20260713T201824Z,25.0,87.8
20260713T201839Z,25.0,88.0
20260713T201854Z,25.0,88.2
20260713T201909Z,25.0,88.2
20260713T201924Z,25.1,88.5
20260713T201939Z,25.1,88.6
20260713T201954Z,25.1,88.7
20260713T202009Z,25.1,89.0
20260713T202024Z,25.2,89.3
20260713T202039Z,25.2,89.4
20260713T202054Z,25.2,89.5
20260713T202109Z,25.2,89.6
20260713T202124Z,25.3,89.9
20260713T202139Z,25.3,89.9
20260713T202154Z,25.3,90.1
20260713T202209Z,25.3,90.3
20260713T202224Z,25.3,90.4
20260713T202239Z,25.4,90.5
20260713T202254Z,25.4,90.6
20260713T202309Z,25.4,90.8
20260713T202324Z,25.4,91.0
20260713T202339Z,25.4,91.0
20260713T202354Z,25.4,91.2
20260713T202409Z,25.5,91.3
20260713T202424Z,25.5,91.5
20260713T202439Z,25.5,91.6
20260713T202454Z,25.5,91.7
20260713T202509Z,25.5,91.8
20260713T202524Z,25.5,91.9
20260713T202540Z,25.6,91.9
20260713T202554Z,25.6,91.9
20260713T202609Z,25.6,92.2
20260713T202624Z,25.6,92.3
20260713T202639Z,25.6,92.3
20260713T202654Z,25.6,92.3
20260713T202709Z,25.6,92.5
20260713T202724Z,25.7,92.5
20260713T202739Z,25.7,92.7
20260713T202754Z,25.7,92.7
20260713T202809Z,25.7,92.8
20260713T202824Z,25.7,92.9
20260713T202839Z,25.7,92.9
20260713T202854Z,25.7,93.1
20260713T202909Z,25.7,93.1
20260713T202924Z,25.7,93.2
20260713T202939Z,25.8,93.3
20260713T202954Z,25.8,93.4
20260713T203009Z,25.8,93.4
20260713T203024Z,25.8,93.4
20260713T203039Z,25.8,93.5
20260713T203054Z,25.8,93.6
20260713T203109Z,25.9,93.6
20260713T203124Z,25.8,93.7
20260713T203139Z,25.9,93.7
20260713T203154Z,25.9,93.2
20260713T203209Z,25.9,92.9
20260713T203224Z,25.9,91.5
20260713T203239Z,25.8,90.9
20260713T203254Z,25.8,90.5
20260713T203309Z,25.8,89.3
20260713T203324Z,25.8,88.1
20260713T203339Z,25.7,87.3
20260713T203354Z,25.7,86.1
20260713T203409Z,25.6,85.3
20260713T203424Z,25.6,84.6
20260713T203439Z,25.5,83.1
20260713T203454Z,25.5,82.4
20260713T203509Z,25.4,81.2
20260713T203524Z,25.3,80.4
20260713T203539Z,25.2,79.9
20260713T203554Z,25.1,78.9
20260713T203609Z,25.1,78.4
20260713T203624Z,25.0,77.8
20260713T203639Z,24.9,78.6
20260713T203654Z,24.8,80.1
20260713T203709Z,24.8,81.3
20260713T203724Z,24.8,83.0
20260713T203739Z,24.8,83.7
20260713T203754Z,24.7,84.2
20260713T203809Z,24.7,84.2
20260713T203824Z,24.7,84.3
20260713T203839Z,24.8,84.8
20260713T203854Z,24.8,85.1
20260713T203909Z,24.8,85.7
20260713T203924Z,24.8,86.1
20260713T203939Z,24.8,86.2
20260713T203954Z,24.8,86.7
20260713T204009Z,24.9,86.9
20260713T204024Z,24.9,87.3
20260713T204040Z,24.9,87.4
20260713T204054Z,24.9,87.6
20260713T204109Z,25.0,87.8
20260713T204124Z,25.0,87.9
20260713T204139Z,25.0,88.3
20260713T204154Z,25.0,88.5
20260713T204209Z,25.1,88.6
20260713T204224Z,25.1,88.7
20260713T204239Z,25.1,88.9
20260713T204254Z,25.1,89.2
20260713T204309Z,25.2,89.3
20260713T204324Z,25.2,89.5
20260713T204339Z,25.2,89.5
20260713T204354Z,25.3,89.7
20260713T204409Z,25.3,89.8
20260713T204424Z,25.3,89.9
20260713T204439Z,25.3,90.1
20260713T204454Z,25.3,90.2
20260713T204509Z,25.4,90.3
20260713T204524Z,25.4,90.6
20260713T204539Z,25.4,90.6
20260713T204554Z,25.4,90.8
20260713T204609Z,25.4,90.9
20260713T204624Z,25.4,91.1
20260713T204639Z,25.5,91.2
20260713T204654Z,25.4,91.4
20260713T204709Z,25.5,91.5
20260713T204724Z,25.5,91.5
20260713T204739Z,25.5,91.7
20260713T204754Z,25.5,91.7
20260713T204809Z,25.5,91.9
20260713T204824Z,25.6,92.0
20260713T204839Z,25.6,92.1
20260713T204854Z,25.6,92.2
20260713T204909Z,25.6,92.3
20260713T204924Z,25.6,92.3
20260713T204939Z,25.6,92.4
20260713T204954Z,25.6,92.6
20260713T205009Z,25.6,92.6
20260713T205024Z,25.7,92.7
20260713T205039Z,25.7,92.8
20260713T205054Z,25.7,92.9
20260713T205109Z,25.7,93.0
20260713T205124Z,25.7,93.1
20260713T205139Z,25.7,93.1
20260713T205154Z,25.7,93.2
20260713T205209Z,25.7,93.3
20260713T205224Z,25.7,93.4
20260713T205239Z,25.7,93.4
20260713T205254Z,25.8,93.4
20260713T205309Z,25.8,93.5
20260713T205324Z,25.8,93.5
20260713T205339Z,25.8,93.6
20260713T205354Z,25.8,93.7
20260713T205409Z,25.8,93.8
20260713T205424Z,25.8,93.8
20260713T205439Z,25.8,93.9
20260713T205454Z,25.8,94.0
20260713T205509Z,25.8,94.0
20260713T205524Z,25.8,94.0
20260713T205539Z,25.8,93.4
20260713T205554Z,25.8,92.7
20260713T205609Z,25.8,91.8
20260713T205624Z,25.8,91.0
20260713T205639Z,25.8,90.0
20260713T205654Z,25.7,89.1
20260713T205709Z,25.7,87.8
20260713T205724Z,25.7,87.2
20260713T205739Z,25.6,86.1
20260713T205754Z,25.6,85.2
20260713T205809Z,25.5,83.9
20260713T205824Z,25.5,83.0
20260713T205839Z,25.4,81.8
20260713T205854Z,25.3,81.3
20260713T205909Z,25.2,80.2
20260713T205924Z,25.1,79.4
20260713T205939Z,25.0,78.9
20260713T205954Z,24.9,78.1
20260713T210009Z,24.7,78.4
20260713T210024Z,24.6,79.8
20260713T210039Z,24.6,80.8
20260713T210054Z,24.6,82.9
20260713T210109Z,24.6,83.5
20260713T210124Z,24.6,84.3
20260713T210139Z,24.6,84.8
20260713T210154Z,24.6,85.0
20260713T210209Z,24.6,85.2
20260713T210224Z,24.7,85.3
20260713T210239Z,24.7,85.6
20260713T210254Z,24.7,86.1
20260713T210309Z,24.7,86.3
20260713T210324Z,24.7,86.8
20260713T210339Z,24.8,87.1
20260713T210354Z,24.8,87.3
20260713T210409Z,24.8,87.6
20260713T210424Z,24.9,87.7
20260713T210439Z,24.9,87.8
20260713T210454Z,24.9,88.1
20260713T210509Z,25.0,88.2
20260713T210524Z,25.0,88.4
20260713T210539Z,25.0,88.6
20260713T210554Z,25.0,88.8
20260713T210609Z,25.1,89.0
20260713T210624Z,25.1,89.2
20260713T210639Z,25.2,89.4
20260713T210654Z,25.2,89.6
20260713T210709Z,25.2,89.7
20260713T210724Z,25.2,89.9
20260713T210739Z,25.2,90.0
20260713T210754Z,25.2,90.2
20260713T210809Z,25.3,90.4
20260713T210824Z,25.3,90.5
20260713T210839Z,25.3,90.7
20260713T210854Z,25.3,90.8
20260713T210909Z,25.3,90.9
20260713T210924Z,25.3,91.0
20260713T210939Z,25.4,91.2
20260713T210954Z,25.4,91.3
20260713T211009Z,25.4,91.5
20260713T211024Z,25.4,91.5
20260713T211039Z,25.4,91.7
20260713T211054Z,25.4,91.7
20260713T211109Z,25.5,91.8
20260713T211124Z,25.5,91.9
20260713T211139Z,25.5,92.0
20260713T211154Z,25.5,92.1
20260713T211209Z,25.5,92.3
20260713T211224Z,25.5,92.3
20260713T211239Z,25.5,92.5
20260713T211254Z,25.6,92.6
20260713T211309Z,25.6,92.7
20260713T211324Z,25.6,92.7
20260713T211339Z,25.6,92.7
20260713T211354Z,25.6,92.9
20260713T211409Z,25.6,93.0
20260713T211424Z,25.6,93.0
20260713T211439Z,25.7,93.1
20260713T211454Z,25.7,93.1
20260713T211509Z,25.7,93.2
20260713T211524Z,25.7,93.3
20260713T211539Z,25.7,93.4
20260713T211554Z,25.7,93.5
20260713T211609Z,25.7,93.6
20260713T211624Z,25.7,93.6
20260713T211639Z,25.7,93.7
20260713T211654Z,25.7,93.8
20260713T211709Z,25.8,93.8
20260713T211724Z,25.8,93.8
20260713T211739Z,25.8,93.9
20260713T211754Z,25.8,93.9
20260713T211809Z,25.8,94.0
20260713T211824Z,25.8,94.0
20260713T211839Z,25.8,94.1
20260713T211854Z,25.8,94.2
20260713T211909Z,25.8,94.0
20260713T211924Z,25.8,93.7
20260713T211939Z,25.8,92.4
20260713T211954Z,25.8,91.6
20260713T212009Z,25.8,90.6
20260713T212024Z,25.8,89.5
20260713T212039Z,25.7,89.3
20260713T212054Z,25.7,87.8
20260713T212109Z,25.6,86.8
20260713T212124Z,25.6,86.0
20260713T212140Z,25.6,85.2
20260713T212155Z,25.5,83.8
20260713T212209Z,25.4,82.6
20260713T212224Z,25.3,82.2
20260713T212240Z,25.3,81.4
20260713T212255Z,25.2,80.3
20260713T212309Z,25.0,79.7
20260713T212324Z,24.9,78.7
20260713T212340Z,24.8,77.8
20260713T212355Z,24.7,78.8
20260713T212409Z,24.6,80.3
20260713T212424Z,24.6,81.3
20260713T212439Z,24.6,83.2
20260713T212454Z,24.6,84.2
20260713T212509Z,24.6,84.5
20260713T212524Z,24.6,84.8
20260713T212539Z,24.6,85.0
20260713T212554Z,24.7,85.2
20260713T212609Z,24.7,85.7
20260713T212624Z,24.7,85.8
20260713T212639Z,24.7,86.2
20260713T212654Z,24.7,86.6
20260713T212709Z,24.8,86.9
20260713T212724Z,24.8,87.3
20260713T212739Z,24.8,87.5
20260713T212754Z,24.8,87.5
20260713T212809Z,24.9,87.9
20260713T212824Z,24.9,88.3
20260713T212839Z,24.9,88.3
20260713T212854Z,25.0,88.6
20260713T212909Z,25.0,88.8
20260713T212924Z,25.0,89.0
20260713T212939Z,25.0,89.0
20260713T212954Z,25.1,89.2
20260713T213009Z,25.1,89.4
20260713T213024Z,25.1,89.5
20260713T213039Z,25.1,89.8
20260713T213054Z,25.2,90.0
20260713T213109Z,25.2,90.0
20260713T213124Z,25.2,90.2
20260713T213139Z,25.2,90.4
20260713T213154Z,25.2,90.6
20260713T213209Z,25.3,90.8
20260713T213224Z,25.3,90.9
20260713T213239Z,25.3,90.9
20260713T213254Z,25.3,91.1
20260713T213309Z,25.3,91.2
20260713T213324Z,25.4,91.4
20260713T213339Z,25.4,91.5
20260713T213354Z,25.4,91.7
20260713T213409Z,25.4,91.8
20260713T213424Z,25.4,91.9
20260713T213439Z,25.4,91.9
20260713T213454Z,25.5,92.1
20260713T213509Z,25.5,92.1
20260713T213524Z,25.5,92.2
20260713T213539Z,25.5,92.4
20260713T213554Z,25.5,92.4
20260713T213609Z,25.6,92.5
20260713T213624Z,25.6,92.6
20260713T213639Z,25.6,92.7
20260713T213654Z,25.6,92.8
20260713T213709Z,25.6,92.9
20260713T213724Z,25.6,93.0
20260713T213739Z,25.6,93.0
20260713T213754Z,25.7,93.2
20260713T213809Z,25.7,93.2
20260713T213824Z,25.7,93.3
20260713T213839Z,25.7,93.3
20260713T213854Z,25.7,93.4
20260713T213909Z,25.7,93.5
20260713T213924Z,25.7,93.5
20260713T213939Z,25.7,93.5
20260713T213954Z,25.7,93.6
20260713T214009Z,25.8,93.7
20260713T214024Z,25.8,93.7
20260713T214039Z,25.8,93.8
20260713T214054Z,25.8,94.0
20260713T214109Z,25.8,93.9
20260713T214124Z,25.8,94.0
20260713T214139Z,25.8,94.0
20260713T214154Z,25.8,94.1
20260713T214209Z,25.8,94.2
20260713T214224Z,25.8,94.3
20260713T214239Z,25.8,94.2
20260713T214254Z,25.8,93.7
20260713T214309Z,25.8,92.5
20260713T214325Z,25.8,91.4
20260713T214339Z,25.8,90.7
20260713T214354Z,25.7,89.9
20260713T214409Z,25.7,88.9
20260713T214425Z,25.6,88.2
20260713T214439Z,25.6,86.9
20260713T214454Z,25.6,86.3
20260713T214509Z,25.5,85.0
20260713T214524Z,25.4,84.3
20260713T214539Z,25.3,82.8
20260713T214554Z,25.2,82.2
20260713T214609Z,25.1,81.2
20260713T214624Z,25.0,80.5
20260713T214639Z,24.9,79.7
20260713T214654Z,24.8,79.3
20260713T214709Z,24.6,78.6
20260713T214724Z,24.5,79.6
20260713T214739Z,24.4,81.0
20260713T214754Z,24.4,82.4
20260713T214809Z,24.4,83.8
20260713T214824Z,24.5,85.1
20260713T214840Z,24.5,85.7
20260713T214854Z,24.5,86.0
20260713T214910Z,24.5,86.1
20260713T214924Z,24.5,86.3
20260713T214939Z,24.6,86.4
20260713T214955Z,24.6,86.4
20260713T215009Z,24.6,86.7
20260713T215025Z,24.7,87.0
20260713T215039Z,24.7,87.2
20260713T215055Z,24.7,87.4
20260713T215109Z,24.8,87.7
20260713T215124Z,24.8,87.9
20260713T215139Z,24.9,88.1
20260713T215155Z,24.9,88.3
20260713T215209Z,24.9,88.5
20260713T215224Z,24.9,88.6
20260713T215239Z,25.0,88.8
20260713T215254Z,25.0,88.9
20260713T215310Z,25.0,89.0
20260713T215324Z,25.1,89.2
20260713T215340Z,25.1,89.4
20260713T215354Z,25.1,89.6
20260713T215410Z,25.2,89.8
20260713T215424Z,25.2,89.9
20260713T215439Z,25.2,90.1
20260713T215455Z,25.2,90.1
20260713T215509Z,25.3,90.3
20260713T215525Z,25.3,90.5
20260713T215540Z,25.3,90.6
20260713T215554Z,25.3,90.7
20260713T215610Z,25.4,90.8
20260713T215624Z,25.4,91.0
20260713T215640Z,25.4,91.1
20260713T215654Z,25.4,91.2
20260713T215710Z,25.4,91.3
20260713T215724Z,25.4,91.4
20260713T215740Z,25.4,91.6
20260713T215754Z,25.5,91.7
20260713T215810Z,25.5,91.8
20260713T215824Z,25.5,91.9
20260713T215839Z,25.5,92.0
20260713T215855Z,25.5,92.1
20260713T215909Z,25.5,92.1
20260713T215925Z,25.6,92.3
20260713T215939Z,25.6,92.4
20260713T215955Z,25.6,92.5
20260713T220009Z,25.6,92.5
20260713T220025Z,25.6,92.6
20260713T220039Z,25.6,92.9
20260713T220055Z,25.6,92.9
20260713T220110Z,25.6,93.0
20260713T220124Z,25.6,93.0
20260713T220139Z,25.6,93.2
20260713T220155Z,25.7,93.2
20260713T220210Z,25.7,93.2
20260713T220224Z,25.7,93.4
20260713T220240Z,25.7,93.4
20260713T220254Z,25.7,93.5
20260713T220310Z,25.7,93.5
20260713T220324Z,25.7,93.6
20260713T220340Z,25.7,93.7
20260713T220354Z,25.8,93.7
20260713T220410Z,25.8,93.7
20260713T220424Z,25.8,93.8
20260713T220440Z,25.8,93.8
20260713T220455Z,25.8,94.0
20260713T220509Z,25.8,94.0
20260713T220525Z,25.8,94.0
20260713T220539Z,25.8,94.0
20260713T220555Z,25.8,94.1
20260713T220609Z,25.8,93.4
20260713T220625Z,25.8,92.8
20260713T220640Z,25.8,92.1
20260713T220654Z,25.8,91.2
20260713T220710Z,25.8,90.5
20260713T220724Z,25.7,90.0
20260713T220740Z,25.7,89.0
20260713T220754Z,25.7,87.4
20260713T220810Z,25.6,87.1
20260713T220824Z,25.6,86.8
20260713T220839Z,25.6,85.7
20260713T220854Z,25.5,84.4
20260713T220910Z,25.5,83.2
20260713T220924Z,25.4,82.4
20260713T220940Z,25.4,82.0
20260713T220954Z,25.3,81.0
20260713T221010Z,25.3,80.0
20260713T221024Z,25.2,78.5
20260713T221040Z,25.1,77.6
20260713T221054Z,25.0,77.7
20260713T221110Z,24.9,78.8
20260713T221124Z,24.9,80.0
20260713T221140Z,24.9,81.7
20260713T221155Z,24.9,83.0
20260713T221210Z,24.9,83.6
20260713T221224Z,24.8,84.0
20260713T221240Z,24.8,84.1
20260713T221254Z,24.8,84.3
20260713T221310Z,24.9,84.5
20260713T221324Z,24.9,85.0
20260713T221340Z,24.9,85.4
20260713T221354Z,24.9,85.6
20260713T221410Z,24.9,86.1
20260713T221425Z,25.0,86.4
20260713T221440Z,25.0,86.6
20260713T221455Z,25.0,87.0
20260713T221509Z,25.0,87.2
20260713T221525Z,25.0,87.5
20260713T221539Z,25.1,87.7
20260713T221555Z,25.1,87.9
20260713T221609Z,25.1,88.1
20260713T221625Z,25.1,88.3
20260713T221639Z,25.1,88.5
20260713T221655Z,25.2,88.8
20260713T221709Z,25.2,88.9
20260713T221725Z,25.2,89.0
20260713T221739Z,25.2,89.3
20260713T221754Z,25.2,89.5
20260713T221809Z,25.3,89.6
20260713T221824Z,25.3,89.8
20260713T221840Z,25.3,90.0
20260713T221854Z,25.3,90.0
20260713T221910Z,25.4,90.2
20260713T221924Z,25.4,90.4
20260713T221940Z,25.4,90.5
20260713T221954Z,25.4,90.6
20260713T222010Z,25.4,90.7
20260713T222024Z,25.4,90.8
20260713T222039Z,25.5,91.0
20260713T222055Z,25.5,91.2
20260713T222109Z,25.5,91.3
20260713T222125Z,25.5,91.4
20260713T222139Z,25.5,91.5
20260713T222155Z,25.5,91.7
20260713T222209Z,25.5,91.7
20260713T222225Z,25.5,91.8
20260713T222239Z,25.6,92.0
20260713T222255Z,25.6,92.1
20260713T222309Z,25.6,92.1
20260713T222325Z,25.6,92.3
20260713T222339Z,25.6,92.3
20260713T222355Z,25.6,92.4
20260713T222409Z,25.6,92.5
20260713T222425Z,25.6,92.5
20260713T222440Z,25.7,92.6
20260713T222454Z,25.7,92.7
20260713T222510Z,25.7,92.8
20260713T222524Z,25.7,92.8
20260713T222540Z,25.7,93.0
20260713T222554Z,25.7,93.0
20260713T222610Z,25.7,93.1
20260713T222624Z,25.7,93.2
20260713T222640Z,25.7,93.3
20260713T222654Z,25.8,93.3
20260713T222709Z,25.8,93.4
20260713T222725Z,25.8,93.4
20260713T222740Z,25.8,93.6
20260713T222754Z,25.8,93.6
20260713T222810Z,25.8,93.7
20260713T222824Z,25.8,93.8
20260713T222840Z,25.8,93.8
20260713T222854Z,25.8,93.9
20260713T222910Z,25.8,93.8
20260713T222924Z,25.9,93.2
20260713T222940Z,25.8,92.2
20260713T222954Z,25.8,91.3
20260713T223010Z,25.8,90.6
20260713T223025Z,25.8,89.6
20260713T223039Z,25.7,88.3
20260713T223055Z,25.7,87.6
20260713T223109Z,25.6,86.3
20260713T223125Z,25.5,85.7
20260713T223139Z,25.5,84.1
20260713T223155Z,25.4,83.4
20260713T223209Z,25.3,82.5
20260713T223225Z,25.2,81.9
20260713T223239Z,25.1,80.6
20260713T223255Z,25.0,80.1
20260713T223309Z,24.8,79.2
20260713T223325Z,24.7,78.7
20260713T223340Z,24.5,78.4
20260713T223354Z,24.4,77.9
20260713T223410Z,24.2,79.6
20260713T223424Z,24.2,81.3
20260713T223440Z,24.2,83.1
20260713T223454Z,24.2,84.7
20260713T223510Z,24.3,85.1
20260713T223524Z,24.3,85.3
20260713T223539Z,24.4,85.4
20260713T223555Z,24.4,85.6
20260713T223609Z,24.4,85.7
20260713T223625Z,24.5,86.5
20260713T223639Z,24.5,86.4
20260713T223654Z,24.6,86.5
20260713T223709Z,24.6,86.9
20260713T223724Z,24.6,87.0
20260713T223739Z,24.7,87.3
20260713T223755Z,24.7,87.5
20260713T223809Z,24.8,87.9
20260713T223825Z,24.8,88.0
20260713T223839Z,24.8,88.3
20260713T223855Z,24.8,88.5
20260713T223909Z,24.9,88.8
20260713T223925Z,24.9,89.0
20260713T223939Z,24.9,89.1
20260713T223954Z,25.0,89.3
20260713T224010Z,25.0,89.4
20260713T224025Z,25.0,89.7
20260713T224040Z,25.1,89.8
20260713T224054Z,25.1,90.0
20260713T224110Z,25.1,90.0
20260713T224124Z,25.1,90.2
20260713T224140Z,25.2,90.4
20260713T224154Z,25.2,90.5
20260713T224210Z,25.2,90.6
20260713T224224Z,25.2,90.9
20260713T224240Z,25.3,90.9
20260713T224254Z,25.3,91.1
20260713T224309Z,25.3,91.2
20260713T224325Z,25.3,91.3
20260713T224339Z,25.4,91.4
20260713T224355Z,25.4,91.6
20260713T224409Z,25.4,91.6
20260713T224425Z,25.4,91.8
20260713T224439Z,25.4,91.8
20260713T224455Z,25.4,91.9
20260713T224509Z,25.5,92.0
20260713T224525Z,25.5,92.2
20260713T224539Z,25.5,92.3
20260713T224555Z,25.5,92.2
20260713T224610Z,25.5,92.3
20260713T224625Z,25.5,92.5
20260713T224640Z,25.6,92.5
20260713T224655Z,25.6,92.6
20260713T224710Z,25.6,92.7
20260713T224724Z,25.6,92.8
20260713T224740Z,25.6,92.9
20260713T224754Z,25.6,92.9
20260713T224810Z,25.6,93.0
20260713T224824Z,25.6,93.2
20260713T224840Z,25.6,93.2
20260713T224855Z,25.7,93.4
20260713T224909Z,25.7,93.5
20260713T224925Z,25.7,93.5
20260713T224940Z,25.7,93.6
20260713T224955Z,25.7,93.6
20260713T225010Z,25.7,93.6
20260713T225025Z,25.7,93.8
20260713T225040Z,25.7,93.8
20260713T225055Z,25.7,93.9
20260713T225110Z,25.8,93.9
20260713T225125Z,25.8,93.9
20260713T225140Z,25.8,94.1
20260713T225155Z,25.8,94.0
20260713T225210Z,25.8,93.5
20260713T225225Z,25.8,92.2
20260713T225240Z,25.8,91.5
20260713T225255Z,25.7,90.7
20260713T225310Z,25.7,89.8
20260713T225325Z,25.7,88.5
20260713T225340Z,25.6,88.1
20260713T225355Z,25.6,87.0
20260713T225410Z,25.5,86.0
20260713T225425Z,25.4,85.0
20260713T225440Z,25.4,83.9
20260713T225455Z,25.3,82.5
20260713T225510Z,25.2,81.8
20260713T225525Z,25.0,80.9
20260713T225540Z,24.9,79.9
20260713T225555Z,24.8,79.2
20260713T225610Z,24.6,79.0
20260713T225625Z,24.5,78.6
20260713T225640Z,24.3,78.0
20260713T225655Z,24.2,79.8
20260713T225710Z,24.1,81.5
20260713T225725Z,24.1,82.9
20260713T225740Z,24.2,84.6
20260713T225755Z,24.2,85.1
20260713T225810Z,24.2,85.6
20260713T225825Z,24.3,85.9
20260713T225840Z,24.3,85.8
20260713T225855Z,24.3,86.0
20260713T225910Z,24.4,86.1
20260713T225925Z,24.5,86.3
20260713T225940Z,24.5,86.7
20260713T225955Z,24.6,87.0
20260713T230010Z,24.6,87.1
20260713T230025Z,24.6,87.4
20260713T230040Z,24.7,87.6
20260713T230055Z,24.7,88.0
20260713T230110Z,24.7,88.2
20260713T230125Z,24.8,88.3
20260713T230140Z,24.8,88.5
20260713T230155Z,24.8,88.8
20260713T230210Z,24.9,88.9
20260713T230225Z,24.9,89.2
20260713T230240Z,24.9,89.3
20260713T230255Z,25.0,89.4
20260713T230310Z,25.0,89.7
20260713T230325Z,25.0,89.8
20260713T230340Z,25.0,90.0
20260713T230355Z,25.1,90.2
20260713T230410Z,25.1,90.4
20260713T230425Z,25.1,90.5
20260713T230441Z,25.1,90.6
20260713T230455Z,25.2,90.9
20260713T230510Z,25.2,90.9
20260713T230525Z,25.2,91.1
20260713T230540Z,25.2,91.3
20260713T230555Z,25.2,91.3
20260713T230610Z,25.3,91.4
20260713T230625Z,25.3,91.6
20260713T230640Z,25.3,91.8
20260713T230655Z,25.3,91.8
20260713T230710Z,25.3,91.9
20260713T230725Z,25.3,92.1
20260713T230740Z,25.4,92.1
20260713T230755Z,25.4,92.3
20260713T230810Z,25.4,92.4
20260713T230825Z,25.4,92.4
20260713T230840Z,25.4,92.5
20260713T230855Z,25.5,92.7
20260713T230910Z,25.5,92.7
20260713T230925Z,25.5,92.8
20260713T230940Z,25.5,92.9
20260713T230955Z,25.5,93.0
20260713T231010Z,25.5,93.1
20260713T231025Z,25.6,93.1
20260713T231040Z,25.6,93.2
20260713T231055Z,25.6,93.2
20260713T231110Z,25.6,93.4
20260713T231125Z,25.6,93.3
20260713T231140Z,25.6,93.5
20260713T231155Z,25.7,93.5
20260713T231210Z,25.7,93.6
20260713T231225Z,25.7,93.6
20260713T231240Z,25.7,93.7
20260713T231255Z,25.7,93.8
20260713T231310Z,25.7,93.8
20260713T231325Z,25.7,93.9
20260713T231340Z,25.7,93.2
20260713T231355Z,25.7,92.6
20260713T231410Z,25.7,91.4
20260713T231425Z,25.7,91.0
20260713T231440Z,25.6,89.9
20260713T231455Z,25.6,88.9
20260713T231510Z,25.6,87.7
20260713T231525Z,25.5,86.8
20260713T231540Z,25.4,85.8
20260713T231555Z,25.4,84.7
20260713T231610Z,25.3,83.6
20260713T231625Z,25.2,83.0
20260713T231640Z,25.2,81.8
20260713T231655Z,25.0,80.8
20260713T231710Z,24.9,80.4
20260713T231725Z,24.8,79.5
20260713T231740Z,24.6,79.1
20260713T231755Z,24.5,78.2
20260713T231810Z,24.4,78.2
20260713T231825Z,24.3,78.9
20260713T231840Z,24.3,80.3
20260713T231855Z,24.3,82.2
20260713T231910Z,24.3,83.5
20260713T231925Z,24.3,84.3
20260713T231940Z,24.3,84.8
20260713T231955Z,24.3,85.1
20260713T232010Z,24.3,85.4
20260713T232025Z,24.4,85.6
20260713T232040Z,24.4,85.7
20260713T232055Z,24.4,86.0
20260713T232110Z,24.5,86.3
20260713T232125Z,24.5,86.5
20260713T232140Z,24.6,86.8
20260713T232155Z,24.6,87.1
20260713T232210Z,24.6,87.3
20260713T232225Z,24.7,87.6
20260713T232240Z,24.7,87.9
20260713T232255Z,24.7,88.1
20260713T232310Z,24.8,88.4
20260713T232325Z,24.8,88.6
20260713T232340Z,24.8,88.7
20260713T232355Z,24.9,89.0
20260713T232410Z,24.9,89.1
20260713T232425Z,24.9,89.4
20260713T232440Z,25.0,89.5
20260713T232455Z,25.0,89.7
20260713T232510Z,25.0,89.9
20260713T232525Z,25.1,90.1
20260713T232540Z,25.1,90.2
20260713T232555Z,25.1,90.4
20260713T232610Z,25.1,90.6
20260713T232625Z,25.1,90.6
20260713T232640Z,25.2,90.8
20260713T232655Z,25.2,90.9
20260713T232710Z,25.2,91.1
20260713T232725Z,25.2,91.2
20260713T232740Z,25.2,91.3
20260713T232755Z,25.2,91.5
20260713T232810Z,25.3,91.7
20260713T232825Z,25.3,91.8
20260713T232840Z,25.3,92.0
20260713T232855Z,25.3,92.0
20260713T232910Z,25.3,92.1
20260713T232925Z,25.3,92.3
20260713T232940Z,25.3,92.3
20260713T232955Z,25.4,92.5
20260713T233010Z,25.4,92.5
20260713T233025Z,25.4,92.6
20260713T233040Z,25.4,92.7
20260713T233055Z,25.5,92.8
20260713T233110Z,25.5,92.9
20260713T233125Z,25.5,92.9
20260713T233140Z,25.5,93.0
20260713T233155Z,25.5,93.1
20260713T233210Z,25.5,93.1
20260713T233225Z,25.5,93.2
20260713T233240Z,25.6,93.3
20260713T233255Z,25.6,93.3
20260713T233310Z,25.6,93.5
20260713T233325Z,25.6,93.5
20260713T233340Z,25.6,93.6
20260713T233355Z,25.6,93.7
20260713T233410Z,25.6,93.8
20260713T233425Z,25.6,93.8
20260713T233440Z,25.6,93.9
20260713T233455Z,25.6,93.1
20260713T233510Z,25.6,93.0
20260713T233525Z,25.6,91.4
20260713T233540Z,25.6,90.9
20260713T233555Z,25.6,89.9
20260713T233610Z,25.5,89.7
20260713T233625Z,25.5,88.1
20260713T233640Z,25.5,87.0
20260713T233655Z,25.4,86.5
20260713T233710Z,25.4,85.5
20260713T233725Z,25.3,84.1
20260713T233741Z,25.2,82.8
20260713T233755Z,25.1,82.1
20260713T233810Z,25.0,81.2
20260713T233825Z,24.9,80.3
20260713T233840Z,24.8,79.8
20260713T233855Z,24.6,78.9
20260713T233910Z,24.5,78.6
20260713T233925Z,24.4,77.7
20260713T233940Z,24.2,79.0
20260713T233955Z,24.2,80.7
20260713T234010Z,24.2,82.6
20260713T234025Z,24.2,84.0
20260713T234040Z,24.2,85.1
20260713T234055Z,24.2,85.3
20260713T234110Z,24.3,85.4
20260713T234125Z,24.3,85.6
20260713T234140Z,24.4,85.8
20260713T234155Z,24.4,86.0
20260713T234210Z,24.5,86.2
20260713T234225Z,24.5,86.3
20260713T234240Z,24.6,86.7
20260713T234255Z,24.6,86.8
20260713T234310Z,24.6,87.0
20260713T234325Z,24.7,87.3
20260713T234340Z,24.7,87.5
20260713T234355Z,24.7,87.8
20260713T234410Z,24.8,88.0
20260713T234425Z,24.8,88.4
20260713T234440Z,24.8,88.4
20260713T234455Z,24.9,88.7
20260713T234510Z,24.9,89.1
20260713T234525Z,24.9,89.2
20260713T234540Z,24.9,89.4
20260713T234555Z,25.0,89.6
20260713T234610Z,25.0,89.7
20260713T234625Z,25.0,89.9
20260713T234640Z,25.0,90.1
20260713T234655Z,25.1,90.3
20260713T234710Z,25.1,90.4
20260713T234725Z,25.1,90.5
20260713T234740Z,25.1,90.6
20260713T234755Z,25.2,90.9
20260713T234810Z,25.2,91.0
20260713T234825Z,25.2,91.2
20260713T234840Z,25.2,91.2
20260713T234855Z,25.2,91.6
20260713T234910Z,25.2,91.6
20260713T234925Z,25.3,91.8
20260713T234940Z,25.3,91.8
20260713T234955Z,25.3,92.0
20260713T235010Z,25.3,92.3
20260713T235025Z,25.3,92.3
20260713T235040Z,25.3,92.4
20260713T235055Z,25.4,92.5
20260713T235110Z,25.4,92.6
20260713T235125Z,25.4,92.7
20260713T235140Z,25.4,92.8
20260713T235155Z,25.4,93.1
20260713T235210Z,25.4,93.1
20260713T235225Z,25.4,93.2
20260713T235240Z,25.4,93.3
20260713T235255Z,25.5,93.4
20260713T235310Z,25.5,93.5
20260713T235325Z,25.5,93.4
20260713T235340Z,25.5,93.5
20260713T235355Z,25.5,93.6
20260713T235410Z,25.5,93.8
20260713T235425Z,25.5,93.7
20260713T235440Z,25.6,93.8
20260713T235455Z,25.6,94.0
20260713T235510Z,25.6,94.0
20260713T235525Z,25.6,94.0
20260713T235540Z,25.6,94.1
20260713T235555Z,25.6,93.3
20260713T235610Z,25.6,92.8
20260713T235625Z,25.6,91.4
20260713T235640Z,25.6,91.0
20260713T235655Z,25.6,90.2
20260713T235710Z,25.5,89.5
20260713T235725Z,25.5,88.2
20260713T235740Z,25.5,87.7
20260713T235755Z,25.4,86.3
20260713T235810Z,25.4,85.3
20260713T235825Z,25.3,83.9
20260713T235840Z,25.2,82.8
20260713T235855Z,25.1,82.2
20260713T235910Z,25.0,81.2
20260713T235925Z,24.9,80.3
20260713T235940Z,24.8,79.7
20260713T235955Z,24.7,79.2