Time,Temperature,Humidity
20260710T000002Z,24.8,88.0
20260710T000017Z,24.8,88.2
20260710T000032Z,24.9,88.4
20260710T000047Z,24.9,88.5
20260710T000102Z,24.9,88.6
20260710T000117Z,24.9,88.8
20260710T000132Z,25.0,88.9
20260710T000147Z,25.0,89.2
20260710T000202Z,25.0,89.4
20260710T000217Z,25.0,89.5
20260710T000232Z,25.0,89.7
20260710T000247Z,25.0,89.9
20260710T000302Z,25.1,90.1
20260710T000317Z,25.1,90.2
20260710T000332Z,25.1,90.3
20260710T000347Z,25.1,90.4
20260710T000402Z,25.1,90.6
20260710T000417Z,25.1,90.7
20260710T000432Z,25.2,90.7
20260710T000447Z,25.2,91.0
20260710T000502Z,25.2,91.1
20260710T000517Z,25.2,91.2
20260710T000532Z,25.2,91.3
20260710T000547Z,25.2,91.4
20260710T000602Z,25.2,91.5
20260710T000617Z,25.3,91.7
20260710T000632Z,25.3,91.7
20260710T000647Z,25.3,91.7
20260710T000702Z,25.3,91.8
20260710T000717Z,25.3,91.9
20260710T000732Z,25.3,91.9
20260710T000747Z,25.4,92.0
20260710T000802Z,25.4,92.0
20260710T000817Z,25.4,92.1
20260710T000832Z,25.4,92.1
20260710T000847Z,25.4,92.3
20260710T000902Z,25.4,92.3
20260710T000917Z,25.4,92.2
20260710T000932Z,25.5,92.4
20260710T000947Z,25.5,92.4
20260710T001002Z,25.5,92.4
20260710T001017Z,25.5,92.4
20260710T001032Z,25.5,92.5
20260710T001047Z,25.5,92.5
20260710T001102Z,25.5,92.5
20260710T001117Z,25.5,92.5
20260710T001132Z,25.6,92.6
20260710T001147Z,25.6,92.7
20260710T001202Z,25.6,92.6
20260710T001217Z,25.6,92.6
20260710T001232Z,25.6,92.6
20260710T001247Z,25.6,92.6
20260710T001302Z,25.7,92.5
20260710T001317Z,25.6,92.1
20260710T001332Z,25.7,90.5
20260710T001347Z,25.6,89.6
20260710T001402Z,25.6,88.7
20260710T001417Z,25.5,87.7
20260710T001432Z,25.5,87.0
20260710T001447Z,25.5,86.3
20260710T001502Z,25.4,85.2
20260710T001517Z,25.4,84.3
20260710T001532Z,25.3,83.6
20260710T001547Z,25.3,82.4
20260710T001602Z,25.2,81.3
20260710T001617Z,25.1,80.2
20260710T001632Z,25.0,79.3
20260710T001647Z,24.9,78.5
20260710T001702Z,24.8,77.9
20260710T001717Z,24.7,77.7
20260710T001732Z,24.6,77.5
20260710T001747Z,24.5,77.2
20260710T001802Z,24.5,78.5
20260710T001817Z,24.5,79.5
20260710T001832Z,24.5,81.5
20260710T001847Z,24.5,82.5
20260710T001902Z,24.5,82.9
20260710T001917Z,24.5,83.1
20260710T001932Z,24.5,83.4
20260710T001947Z,24.5,83.7
20260710T002002Z,24.5,84.2
20260710T002017Z,24.5,84.5
20260710T002032Z,24.6,84.5
20260710T002047Z,24.6,84.9
20260710T002102Z,24.6,85.1
20260710T002117Z,24.7,85.4
20260710T002132Z,24.7,85.5
20260710T002147Z,24.7,85.9
20260710T002202Z,24.8,86.2
20260710T002217Z,24.8,86.2
20260710T002232Z,24.8,86.6
20260710T002247Z,24.8,86.9
20260710T002302Z,24.9,87.0
20260710T002317Z,24.9,87.2
20260710T002332Z,24.9,87.4
20260710T002347Z,24.9,87.9
20260710T002402Z,24.9,88.0
20260710T002417Z,25.0,88.1
20260710T002432Z,25.0,88.4
20260710T002447Z,25.0,88.5
20260710T002502Z,25.0,88.8
20260710T002517Z,25.1,89.0
20260710T002532Z,25.1,89.1
20260710T002547Z,25.1,89.2
20260710T002602Z,25.1,89.4
20260710T002617Z,25.2,89.5
20260710T002632Z,25.2,89.5
20260710T002647Z,25.2,89.7
20260710T002702Z,25.2,89.9
20260710T002717Z,25.2,90.0
20260710T002732Z,25.3,90.1
20260710T002747Z,25.3,90.2
20260710T002802Z,25.3,90.3
20260710T002817Z,25.3,90.4
20260710T002832Z,25.4,90.5
20260710T002847Z,25.3,90.6
20260710T002902Z,25.4,90.7
20260710T002917Z,25.4,90.9
20260710T002932Z,25.4,90.9
20260710T002947Z,25.4,91.0
20260710T003002Z,25.4,91.2
20260710T003017Z,25.4,91.3
20260710T003032Z,25.4,91.4
20260710T003047Z,25.4,91.5
20260710T003102Z,25.4,91.6
20260710T003117Z,25.4,91.7
20260710T003132Z,25.5,91.7
20260710T003147Z,25.4,91.8
20260710T003202Z,25.5,92.0
20260710T003217Z,25.5,92.0
20260710T003232Z,25.5,92.0
20260710T003247Z,25.5,92.1
20260710T003302Z,25.5,92.1
20260710T003317Z,25.5,92.1
20260710T003332Z,25.5,92.2
20260710T003347Z,25.5,92.3
20260710T003402Z,25.5,92.2
20260710T003417Z,25.5,92.4
20260710T003432Z,25.5,92.4
20260710T003447Z,25.6,92.4
20260710T003502Z,25.6,92.4
20260710T003517Z,25.6,92.5
20260710T003532Z,25.6,91.6
20260710T003547Z,25.6,91.4
20260710T003602Z,25.6,90.0
20260710T003617Z,25.5,89.4
20260710T003632Z,25.5,88.3
20260710T003647Z,25.5,87.6
20260710T003702Z,25.4,86.9
20260710T003717Z,25.4,85.5
20260710T003732Z,25.4,84.8
20260710T003747Z,25.3,84.2
20260710T003802Z,25.3,82.5
20260710T003817Z,25.2,81.6
20260710T003832Z,25.1,81.0
20260710T003847Z,25.1,79.8
20260710T003902Z,25.0,79.1
20260710T003917Z,24.9,77.8
20260710T003932Z,24.8,77.2
20260710T003947Z,24.7,76.4
20260710T004002Z,24.6,76.0
20260710T004018Z,24.6,77.2
20260710T004033Z,24.5,78.3
20260710T004047Z,24.5,80.4
20260710T004102Z,24.5,81.6
20260710T004117Z,24.5,82.1
20260710T004132Z,24.5,82.4
20260710T004147Z,24.5,83.0
20260710T004202Z,24.5,83.2
20260710T004217Z,24.5,83.5
20260710T004232Z,24.5,83.8
20260710T004247Z,24.5,83.8
20260710T004302Z,24.6,84.2
20260710T004317Z,24.6,84.4
20260710T004332Z,24.6,84.8
20260710T004347Z,24.6,85.1
20260710T004402Z,24.7,85.2
20260710T004417Z,24.7,85.4
20260710T004432Z,24.7,85.8
20260710T004447Z,24.7,86.0
20260710T004502Z,24.7,86.2
20260710T004517Z,24.8,86.5
20260710T004532Z,24.8,86.7
20260710T004547Z,24.8,87.0
20260710T004602Z,24.8,87.3
20260710T004617Z,24.9,87.4
20260710T004632Z,24.9,87.6
20260710T004647Z,24.9,87.9
20260710T004702Z,24.9,88.0
20260710T004717Z,24.9,88.2
20260710T004732Z,24.9,88.4
20260710T004747Z,24.9,88.6
20260710T004802Z,25.0,88.8
20260710T004817Z,25.0,89.0
20260710T004832Z,25.0,89.2
20260710T004847Z,25.0,89.3
20260710T004902Z,25.0,89.5
20260710T004917Z,25.0,89.7
20260710T004932Z,25.0,89.9
20260710T004947Z,25.1,90.0
20260710T005002Z,25.1,90.0
20260710T005017Z,25.1,90.1
20260710T005032Z,25.1,90.2
20260710T005048Z,25.1,90.4
20260710T005102Z,25.1,90.5
20260710T005119Z,25.1,90.6
20260710T005133Z,25.2,90.7
20260710T005147Z,25.2,90.8
20260710T005202Z,25.2,90.9
20260710T005217Z,25.2,90.9
20260710T005232Z,25.2,91.1
20260710T005247Z,25.2,91.2
20260710T005302Z,25.3,91.3
20260710T005317Z,25.3,91.2
20260710T005332Z,25.3,91.3
20260710T005347Z,25.3,91.4
20260710T005402Z,25.3,91.5
20260710T005417Z,25.3,91.6
20260710T005432Z,25.3,91.6
20260710T005447Z,25.4,91.7
20260710T005502Z,25.4,91.8
20260710T005517Z,25.4,91.8
20260710T005532Z,25.4,91.8
20260710T005547Z,25.4,91.8
20260710T005602Z,25.4,91.9
20260710T005617Z,25.4,92.0
20260710T005632Z,25.4,92.1
20260710T005647Z,25.5,92.1
20260710T005702Z,25.5,92.1
20260710T005717Z,25.5,92.1
20260710T005732Z,25.5,92.2
20260710T005747Z,25.5,92.2
20260710T005802Z,25.5,92.1
20260710T005817Z,25.5,92.1
20260710T005832Z,25.6,92.2
20260710T005847Z,25.6,92.2
20260710T005902Z,25.6,92.2
20260710T005917Z,25.6,92.2
20260710T005932Z,25.6,92.1
20260710T005947Z,25.6,92.2
20260710T010002Z,25.6,91.7
20260710T010017Z,25.6,91.5
20260710T010032Z,25.6,89.9
20260710T010047Z,25.6,89.2
20260710T010102Z,25.6,88.7
20260710T010117Z,25.5,87.5
20260710T010132Z,25.5,87.0
20260710T010147Z,25.5,86.0
20260710T010202Z,25.4,84.9
20260710T010217Z,25.4,84.1
20260710T010232Z,25.3,83.1
20260710T010247Z,25.3,81.7
20260710T010302Z,25.2,80.3
20260710T010318Z,25.1,79.6
20260710T010332Z,25.0,78.7
20260710T010347Z,24.9,78.2
20260710T010402Z,24.9,77.3
20260710T010417Z,24.8,76.5
20260710T010432Z,24.7,76.6
20260710T010447Z,24.6,77.7
20260710T010502Z,24.6,79.6
20260710T010517Z,24.6,81.0
20260710T010532Z,24.6,81.9
20260710T010547Z,24.6,82.6
20260710T010602Z,24.6,83.1
20260710T010618Z,24.6,83.2
20260710T010632Z,24.6,83.5
20260710T010648Z,24.6,84.0
20260710T010703Z,24.6,84.2
20260710T010718Z,24.6,84.4
20260710T010732Z,24.6,84.7
20260710T010748Z,24.6,84.8
20260710T010802Z,24.6,85.1
20260710T010818Z,24.7,85.3
20260710T010832Z,24.7,85.7
20260710T010848Z,24.7,85.8
20260710T010903Z,24.8,86.1
20260710T010917Z,24.8,86.4
20260710T010933Z,24.8,86.6
20260710T010947Z,24.8,86.8
20260710T011003Z,24.8,87.2
20260710T011017Z,24.8,87.2
20260710T011033Z,24.9,87.5
20260710T011047Z,24.9,87.6
20260710T011103Z,24.9,88.0
20260710T011118Z,24.9,88.2
20260710T011132Z,24.9,88.3
20260710T011148Z,25.0,88.5
20260710T011202Z,25.0,88.8
20260710T011218Z,25.0,88.9
20260710T011232Z,25.0,89.2
20260710T011248Z,25.0,89.2
20260710T011302Z,25.0,89.6
20260710T011319Z,25.0,89.6
20260710T011333Z,25.0,89.7
20260710T011347Z,25.1,89.8
20260710T011403Z,25.1,89.9
20260710T011417Z,25.1,90.1
20260710T011433Z,25.1,90.3
20260710T011447Z,25.1,90.3
20260710T011503Z,25.2,90.4
20260710T011517Z,25.2,90.5
20260710T011533Z,25.2,90.6
20260710T011547Z,25.2,90.8
20260710T011603Z,25.2,90.9
20260710T011618Z,25.2,91.0
20260710T011632Z,25.2,91.0
20260710T011648Z,25.3,91.2
20260710T011702Z,25.3,91.1
20260710T011718Z,25.3,91.2
20260710T011732Z,25.3,91.4
20260710T011748Z,25.3,91.4
20260710T011802Z,25.3,91.5
20260710T011817Z,25.3,91.6
20260710T011833Z,25.3,91.6
20260710T011847Z,25.4,91.6
20260710T011903Z,25.4,91.7
20260710T011917Z,25.4,91.7
20260710T011933Z,25.4,91.8
20260710T011948Z,25.4,91.8
20260710T012002Z,25.4,91.8
20260710T012017Z,25.4,91.9
20260710T012032Z,25.5,92.0
20260710T012048Z,25.5,92.0
20260710T012102Z,25.5,91.8
20260710T012118Z,25.5,92.0
20260710T012132Z,25.5,91.9
20260710T012148Z,25.5,91.9
20260710T012202Z,25.6,92.0
20260710T012218Z,25.6,92.0
20260710T012232Z,25.6,92.0
20260710T012248Z,25.6,91.9
20260710T012302Z,25.6,92.0
20260710T012317Z,25.6,92.0
20260710T012333Z,25.6,91.2
20260710T012347Z,25.6,91.1
20260710T012403Z,25.6,89.5
20260710T012418Z,25.6,88.9
20260710T012432Z,25.6,88.4
20260710T012447Z,25.6,87.3
20260710T012503Z,25.5,86.2
20260710T012517Z,25.5,85.4
20260710T012533Z,25.4,84.5
20260710T012547Z,25.4,83.4
20260710T012602Z,25.3,82.5
20260710T012618Z,25.3,81.5
20260710T012632Z,25.2,80.6
20260710T012648Z,25.1,79.5
20260710T012702Z,25.0,78.1
20260710T012718Z,24.9,77.6
20260710T012732Z,24.8,77.1
20260710T012748Z,24.7,76.6
20260710T012802Z,24.6,75.4
20260710T012818Z,24.6,76.9
20260710T012832Z,24.5,78.7
20260710T012848Z,24.5,80.3
20260710T012903Z,24.5,81.5
20260710T012917Z,24.5,82.1
20260710T012932Z,24.5,82.7
20260710T012948Z,24.5,83.0
20260710T013002Z,24.5,83.4
20260710T013018Z,24.5,83.7
20260710T013032Z,24.5,84.0
20260710T013048Z,24.5,84.2
20260710T013102Z,24.5,84.6
20260710T013118Z,24.6,84.8
20260710T013132Z,24.6,85.1
20260710T013148Z,24.6,85.3
20260710T013203Z,24.6,85.3
20260710T013218Z,24.7,85.7
20260710T013233Z,24.7,85.7
20260710T013247Z,24.7,86.2
20260710T013303Z,24.8,86.3
20260710T013317Z,24.8,86.6
20260710T013333Z,24.8,86.8
20260710T013347Z,24.8,87.1
20260710T013403Z,24.9,87.4
20260710T013417Z,24.9,87.5
20260710T013433Z,24.9,87.9
20260710T013447Z,24.9,87.8
20260710T013503Z,24.9,88.0
20260710T013517Z,25.0,88.2
20260710T013532Z,25.0,88.5
20260710T013548Z,25.0,88.6
20260710T013602Z,25.0,88.7
20260710T013618Z,25.0,89.0
20260710T013632Z,25.1,89.1
20260710T013648Z,25.1,89.2
20260710T013702Z,25.1,89.5
20260710T013718Z,25.1,89.6
20260710T013732Z,25.1,89.8
20260710T013748Z,25.1,90.0
20260710T013802Z,25.1,90.1
20260710T013818Z,25.1,90.2
20260710T013833Z,25.1,90.4
20260710T013847Z,25.1,90.6
20260710T013903Z,25.2,90.6
20260710T013917Z,25.2,90.7
20260710T013933Z,25.2,90.9
20260710T013947Z,25.2,90.9
20260710T014003Z,25.2,91.0
20260710T014017Z,25.2,91.0
20260710T014033Z,25.3,91.2
20260710T014047Z,25.3,91.3
20260710T014103Z,25.3,91.4
20260710T014117Z,25.3,91.4
20260710T014133Z,25.3,91.4
20260710T014147Z,25.3,91.5
20260710T014203Z,25.3,91.6
20260710T014217Z,25.4,91.6
20260710T014232Z,25.4,91.6
20260710T014248Z,25.4,91.8
20260710T014302Z,25.4,91.7
20260710T014318Z,25.4,91.8
20260710T014332Z,25.4,91.8
20260710T014348Z,25.5,91.8
20260710T014402Z,25.5,91.9
20260710T014418Z,25.5,91.9
20260710T014432Z,25.5,91.9
20260710T014447Z,25.5,91.8
20260710T014502Z,25.5,91.9
20260710T014517Z,25.5,92.0
20260710T014532Z,25.6,91.9
20260710T014548Z,25.6,91.9
20260710T014602Z,25.6,91.9
20260710T014618Z,25.6,91.8
20260710T014632Z,25.6,92.0
20260710T014648Z,25.6,91.0
20260710T014702Z,25.6,90.7
20260710T014718Z,25.6,89.6
20260710T014732Z,25.6,89.0
20260710T014748Z,25.6,88.0
20260710T014802Z,25.5,87.0
20260710T014818Z,25.5,86.2
20260710T014833Z,25.5,85.4
20260710T014847Z,25.4,84.3
20260710T014903Z,25.4,83.3
20260710T014918Z,25.3,82.5
20260710T014933Z,25.3,81.4
20260710T014947Z,25.2,80.4
20260710T015003Z,25.1,79.5
20260710T015017Z,25.1,78.5
20260710T015033Z,25.0,77.3
20260710T015047Z,24.9,77.3
20260710T015103Z,24.8,76.1
20260710T015117Z,24.7,76.2
20260710T015133Z,24.6,77.0
20260710T015147Z,24.6,78.9
20260710T015202Z,24.6,80.8
20260710T015217Z,24.6,81.7
20260710T015233Z,24.6,82.1
20260710T015247Z,24.6,82.5
20260710T015303Z,24.6,82.7
20260710T015317Z,24.6,83.0
20260710T015333Z,24.6,83.5
20260710T015347Z,24.6,83.8
20260710T015403Z,24.6,84.2
20260710T015417Z,24.6,84.3
20260710T015433Z,24.7,84.6
20260710T015447Z,24.7,84.7
20260710T015503Z,24.7,85.2
20260710T015518Z,24.8,85.4
20260710T015532Z,24.8,85.6
20260710T015548Z,24.8,85.8
20260710T015602Z,24.8,86.0
20260710T015618Z,24.9,86.2
20260710T015632Z,24.9,86.5
20260710T015648Z,24.9,86.7
20260710T015702Z,24.9,87.0
20260710T015718Z,24.9,87.2
20260710T015732Z,24.9,87.5
20260710T015747Z,25.0,87.7
20260710T015803Z,25.0,87.8
20260710T015817Z,25.0,88.1
20260710T015833Z,25.0,88.2
20260710T015847Z,25.0,88.4
20260710T015903Z,25.0,88.7
20260710T015917Z,25.1,88.8
20260710T015933Z,25.1,88.9
20260710T015948Z,25.1,89.1
20260710T020003Z,25.1,89.2
20260710T020017Z,25.1,89.4
20260710T020033Z,25.1,89.6
20260710T020047Z,25.1,89.7
20260710T020103Z,25.1,89.8
20260710T020117Z,25.2,90.0
20260710T020133Z,25.2,90.1
20260710T020147Z,25.2,90.2
20260710T020203Z,25.2,90.3
20260710T020218Z,25.2,90.4
20260710T020232Z,25.3,90.6
20260710T020248Z,25.3,90.7
20260710T020302Z,25.3,90.8
20260710T020317Z,25.3,90.9
20260710T020333Z,25.3,90.9
20260710T020348Z,25.3,91.0
20260710T020403Z,25.3,91.1
20260710T020418Z,25.3,91.2
20260710T020432Z,25.4,91.2
20260710T020448Z,25.4,91.4
20260710T020502Z,25.4,91.4
20260710T020518Z,25.4,91.3
20260710T020533Z,25.4,91.5
20260710T020548Z,25.4,91.5
20260710T020603Z,25.4,91.5
20260710T020618Z,25.5,91.5
20260710T020632Z,25.5,91.6
20260710T020648Z,25.5,91.6
20260710T020703Z,25.5,91.6
20260710T020718Z,25.5,91.6
20260710T020733Z,25.5,91.7
20260710T020748Z,25.6,91.6
20260710T020803Z,25.6,91.6
20260710T020818Z,25.6,91.7
20260710T020833Z,25.6,91.7
20260710T020848Z,25.6,91.6
20260710T020903Z,25.6,91.5
20260710T020918Z,25.6,91.5
20260710T020933Z,25.6,91.5
20260710T020948Z,25.7,91.0
20260710T021003Z,25.7,89.8
20260710T021018Z,25.6,88.7
20260710T021033Z,25.6,88.3
20260710T021048Z,25.6,87.4
20260710T021103Z,25.6,86.5
20260710T021118Z,25.5,85.7
20260710T021133Z,25.5,84.5
20260710T021148Z,25.4,83.7
20260710T021203Z,25.4,82.7
20260710T021218Z,25.3,81.6
20260710T021233Z,25.3,81.0
20260710T021248Z,25.2,79.5
20260710T021303Z,25.1,78.9
20260710T021318Z,25.0,78.4
20260710T021333Z,25.0,77.4
20260710T021348Z,24.9,76.5
20260710T021403Z,24.8,75.9
20260710T021418Z,24.7,75.8
20260710T021433Z,24.6,75.1
20260710T021448Z,24.6,74.1
20260710T021503Z,24.5,73.8
20260710T021518Z,24.4,73.2
20260710T021533Z,24.4,72.6
20260710T021548Z,24.3,72.1
20260710T021603Z,24.3,71.6
20260710T021618Z,24.2,71.0
20260710T021633Z,24.1,70.0
20260710T021648Z,24.0,70.3
20260710T021703Z,24.0,69.9
20260710T021718Z,23.9,70.7
20260710T021733Z,23.9,72.0
20260710T021748Z,23.9,73.4
20260710T021803Z,24.0,75.5
20260710T021818Z,24.0,76.4
20260710T021833Z,24.0,77.2
20260710T021848Z,24.0,77.5
20260710T021903Z,24.0,77.7
20260710T021918Z,24.1,78.4
20260710T021933Z,24.1,78.5
20260710T021948Z,24.1,79.0
20260710T022003Z,24.2,79.5
20260710T022018Z,24.2,79.7
20260710T022033Z,24.2,80.2
20260710T022048Z,24.3,80.5
20260710T022103Z,24.3,81.0
20260710T022118Z,24.3,81.3
20260710T022133Z,24.4,81.6
20260710T022148Z,24.4,82.1
20260710T022203Z,24.4,82.4
20260710T022218Z,24.4,82.7
20260710T022233Z,24.5,83.0
20260710T022248Z,24.5,83.2
20260710T022303Z,24.5,83.6
20260710T022318Z,24.5,84.0
20260710T022333Z,24.6,84.2
20260710T022348Z,24.6,84.5
20260710T022403Z,24.6,84.8
20260710T022418Z,24.6,85.0
20260710T022433Z,24.7,85.2
20260710T022448Z,24.7,85.4
20260710T022503Z,24.7,85.7
20260710T022519Z,24.7,85.3
20260710T022533Z,24.7,84.5
20260710T022548Z,24.8,83.3
20260710T022603Z,24.7,82.9
20260710T022618Z,24.7,82.3
20260710T022633Z,24.7,81.5
20260710T022648Z,24.7,80.4
20260710T022703Z,24.7,79.6
20260710T022718Z,24.7,78.5
20260710T022733Z,24.6,77.2
20260710T022748Z,24.6,77.1
20260710T022803Z,24.5,75.8
20260710T022818Z,24.4,74.7
20260710T022833Z,24.4,74.1
20260710T022848Z,24.3,73.3
20260710T022903Z,24.2,72.3
20260710T022918Z,24.1,72.0
20260710T022933Z,24.0,71.7
20260710T022948Z,24.0,72.6
20260710T023003Z,24.0,73.6
20260710T023018Z,24.0,76.3
20260710T023033Z,24.0,77.5
20260710T023048Z,24.0,78.1
20260710T023103Z,24.0,78.7
20260710T023118Z,24.0,78.8
20260710T023133Z,24.0,79.3
20260710T023148Z,24.0,79.8
20260710T023203Z,24.0,80.0
20260710T023218Z,24.1,80.3
20260710T023233Z,24.1,80.7
20260710T023248Z,24.1,80.8
20260710T023303Z,24.2,81.5
20260710T023318Z,24.2,81.5
20260710T023333Z,24.2,81.7
20260710T023348Z,24.3,82.2
20260710T023403Z,24.3,82.4
20260710T023418Z,24.3,82.7
20260710T023433Z,24.4,83.0
20260710T023448Z,24.4,83.1
20260710T023503Z,24.4,83.5
20260710T023518Z,24.5,83.6
20260710T023533Z,24.5,84.0
20260710T023548Z,24.5,84.1
20260710T023603Z,24.5,84.3
20260710T023618Z,24.6,84.7
20260710T023633Z,24.6,84.9
20260710T023648Z,24.6,85.3
20260710T023703Z,24.7,85.3
20260710T023718Z,24.7,85.5
20260710T023733Z,24.7,85.8
20260710T023748Z,24.7,86.1
20260710T023803Z,24.7,86.3
20260710T023818Z,24.8,85.6
20260710T023833Z,24.8,85.4
20260710T023848Z,24.8,84.0
20260710T023903Z,24.7,83.7
20260710T023918Z,24.7,83.1
20260710T023933Z,24.7,82.3
20260710T023948Z,24.7,81.0
20260710T024003Z,24.7,80.3
20260710T024019Z,24.7,79.3
20260710T024033Z,24.6,78.5
20260710T024048Z,24.6,77.3
20260710T024103Z,24.5,76.4
20260710T024118Z,24.5,75.4
20260710T024133Z,24.4,75.0
20260710T024148Z,24.4,74.1
20260710T024203Z,24.3,73.6
20260710T024218Z,24.2,72.7
20260710T024233Z,24.1,72.2
20260710T024248Z,24.1,72.9
20260710T024303Z,24.1,74.2
20260710T024318Z,24.1,76.5
20260710T024333Z,24.1,77.8
20260710T024348Z,24.1,78.6
20260710T024403Z,24.0,79.2
20260710T024418Z,24.0,79.5
20260710T024433Z,24.0,79.7
20260710T024448Z,24.1,79.6
20260710T024503Z,24.1,80.3
20260710T024518Z,24.1,80.6
20260710T024533Z,24.1,80.8
20260710T024548Z,24.2,81.1
20260710T024603Z,24.2,81.4
20260710T024618Z,24.2,81.7
20260710T024633Z,24.2,82.0
20260710T024648Z,24.3,82.4
20260710T024703Z,24.3,82.7
20260710T024718Z,24.3,82.9
20260710T024733Z,24.4,83.2
20260710T024748Z,24.4,83.6
20260710T024803Z,24.4,83.8
20260710T024818Z,24.4,84.0
20260710T024833Z,24.5,84.3
20260710T024848Z,24.5,84.4
20260710T024903Z,24.5,84.8
20260710T024918Z,24.6,84.8
20260710T024933Z,24.6,85.0
20260710T024948Z,24.6,85.3
20260710T025003Z,24.6,85.5
20260710T025018Z,24.6,85.7
20260710T025033Z,24.7,85.9
20260710T025048Z,24.7,86.1
20260710T025103Z,24.7,86.3
20260710T025118Z,24.7,86.6
20260710T025133Z,24.7,86.6
20260710T025148Z,24.7,86.3
20260710T025203Z,24.7,85.4
20260710T025217Z,24.7,84.2
20260710T025233Z,24.7,84.1
20260710T025248Z,24.7,82.9
20260710T025303Z,24.7,82.0
20260710T025318Z,24.7,81.1
20260710T025333Z,24.7,79.9
20260710T025348Z,24.7,79.2
20260710T025403Z,24.6,77.9
20260710T025418Z,24.6,77.0
20260710T025433Z,24.5,76.1
20260710T025448Z,24.4,75.4
20260710T025503Z,24.4,74.4
20260710T025518Z,24.3,73.7
20260710T025533Z,24.2,72.9
20260710T025548Z,24.1,72.5
20260710T025603Z,24.0,72.8
20260710T025618Z,24.0,74.3
20260710T025633Z,24.0,76.2
20260710T025648Z,24.0,78.0
20260710T025703Z,24.0,78.6
20260710T025718Z,24.0,79.1
20260710T025733Z,24.0,79.4
20260710T025748Z,24.0,80.0
20260710T025803Z,24.0,80.4
20260710T025818Z,24.0,80.7
20260710T025833Z,24.0,80.8
20260710T025848Z,24.0,81.4
20260710T025903Z,24.1,81.6
20260710T025918Z,24.1,81.7
20260710T025933Z,24.1,82.0
20260710T025948Z,24.2,82.1
20260710T030003Z,24.2,82.4
20260710T030018Z,24.2,82.7
20260710T030033Z,24.3,83.2
20260710T030048Z,24.3,83.2
20260710T030103Z,24.3,83.4
20260710T030118Z,24.4,83.8
20260710T030133Z,24.4,83.8
20260710T030148Z,24.4,84.2
20260710T030203Z,24.5,84.5
20260710T030218Z,24.5,84.8
20260710T030233Z,24.5,84.9
20260710T030248Z,24.5,85.0
20260710T030303Z,24.6,85.4
20260710T030318Z,24.6,85.7
20260710T030333Z,24.6,85.8
20260710T030348Z,24.6,86.0
20260710T030403Z,24.6,86.1
20260710T030418Z,24.7,86.4
20260710T030433Z,24.6,86.6
20260710T030448Z,24.7,86.6
20260710T030503Z,24.7,86.3
20260710T030518Z,24.7,86.3
20260710T030533Z,24.7,84.8
20260710T030548Z,24.7,84.2
20260710T030603Z,24.7,83.5
20260710T030618Z,24.7,82.8
20260710T030634Z,24.7,82.1
20260710T030648Z,24.7,80.8
20260710T030703Z,24.7,79.7
20260710T030718Z,24.6,79.1
20260710T030733Z,24.6,77.7
20260710T030748Z,24.5,76.9
20260710T030803Z,24.5,75.7
20260710T030818Z,24.4,75.1
20260710T030833Z,24.3,74.6
20260710T030848Z,24.3,74.2
20260710T030903Z,24.2,73.3
20260710T030918Z,24.1,72.5
20260710T030933Z,24.0,72.6
20260710T030948Z,24.0,73.8
20260710T031003Z,24.0,75.3
20260710T031018Z,24.0,77.3
20260710T031033Z,24.0,78.4
20260710T031048Z,24.0,78.7
20260710T031103Z,24.0,79.2
20260710T031118Z,24.0,79.5
20260710T031133Z,24.0,80.1
20260710T031148Z,24.0,80.1
20260710T031203Z,24.1,80.3
20260710T031218Z,24.1,80.5
20260710T031233Z,24.1,80.9
20260710T031248Z,24.2,81.1
20260710T031303Z,24.2,81.4
20260710T031318Z,24.2,82.0
20260710T031333Z,24.2,82.1
20260710T031348Z,24.3,82.5
20260710T031403Z,24.3,82.8
20260710T031418Z,24.3,83.0
20260710T031433Z,24.4,83.3
20260710T031448Z,24.4,83.5
20260710T031503Z,24.4,83.8
20260710T031518Z,24.4,84.1
20260710T031533Z,24.5,84.3
20260710T031548Z,24.5,84.3
20260710T031603Z,24.5,84.7
20260710T031618Z,24.5,84.9
20260710T031633Z,24.5,85.1
20260710T031648Z,24.6,85.3
20260710T031703Z,24.6,85.5
20260710T031718Z,24.6,85.7
20260710T031733Z,24.6,85.9
20260710T031748Z,24.7,86.0
20260710T031803Z,24.7,86.1
20260710T031818Z,24.7,86.1
20260710T031833Z,24.7,86.2
20260710T031848Z,24.7,85.7
20260710T031903Z,24.8,85.6
20260710T031918Z,24.8,83.9
20260710T031933Z,24.7,83.5
20260710T031948Z,24.7,83.1
20260710T032003Z,24.7,82.2
20260710T032018Z,24.7,80.8
20260710T032033Z,24.6,79.9
20260710T032048Z,24.6,79.2
20260710T032103Z,24.6,77.5
20260710T032118Z,24.5,76.5
20260710T032133Z,24.4,76.0
20260710T032148Z,24.3,75.9
20260710T032203Z,24.2,75.1
20260710T032218Z,24.1,74.2
20260710T032233Z,24.1,73.7
20260710T032248Z,24.0,73.5
20260710T032303Z,24.0,72.6
20260710T032318Z,23.9,72.2
20260710T032333Z,23.9,73.0
20260710T032348Z,23.9,74.3
20260710T032403Z,23.9,76.7
20260710T032418Z,23.9,77.8
20260710T032433Z,23.9,78.5
20260710T032448Z,23.9,78.8
20260710T032503Z,23.9,79.0
20260710T032518Z,23.9,79.1
20260710T032533Z,23.9,79.9
20260710T032548Z,24.0,80.0
20260710T032603Z,24.0,80.5
20260710T032618Z,24.0,80.7
20260710T032633Z,24.0,81.1
20260710T032648Z,24.1,81.6
20260710T032703Z,24.1,81.9
20260710T032718Z,24.2,82.4
20260710T032733Z,24.2,82.7
20260710T032748Z,24.2,82.9
20260710T032803Z,24.3,83.3
20260710T032818Z,24.3,83.3
20260710T032833Z,24.3,83.7
20260710T032848Z,24.3,83.6
20260710T032903Z,24.4,84.0
20260710T032918Z,24.4,84.1
20260710T032933Z,24.5,84.4
20260710T032948Z,24.5,84.3
20260710T033003Z,24.5,84.5
20260710T033018Z,24.5,84.6
20260710T033033Z,24.6,85.1
20260710T033048Z,24.6,85.3
20260710T033103Z,24.6,85.4
20260710T033118Z,24.6,84.8
20260710T033133Z,24.6,84.7
20260710T033148Z,24.7,83.1
20260710T033203Z,24.6,82.2
20260710T033218Z,24.7,81.8
20260710T033233Z,24.7,80.9
20260710T033248Z,24.7,79.9
20260710T033303Z,24.6,79.3
20260710T033318Z,24.6,78.3
20260710T033333Z,24.6,77.0
20260710T033348Z,24.6,76.6
20260710T033403Z,24.5,75.9
20260710T033418Z,24.5,75.0
20260710T033433Z,24.4,74.2
20260710T033448Z,24.4,73.4
20260710T033503Z,24.3,72.8
20260710T033518Z,24.3,72.1
20260710T033533Z,24.2,71.6
20260710T033548Z,24.2,70.9
20260710T033603Z,24.1,70.3
20260710T033618Z,24.0,69.8
20260710T033633Z,24.0,70.3
20260710T033648Z,24.0,71.5
20260710T033703Z,24.0,73.9
20260710T033718Z,24.0,75.0
20260710T033733Z,24.0,76.1
20260710T033748Z,24.0,76.4
20260710T033803Z,24.0,76.9
20260710T033818Z,24.0,77.4
20260710T033833Z,24.0,77.9
20260710T033848Z,24.0,78.5
20260710T033903Z,24.0,78.8
20260710T033918Z,24.0,79.0
20260710T033933Z,24.0,79.6
20260710T033948Z,24.1,80.0
20260710T034003Z,24.1,80.4
20260710T034018Z,24.1,80.6
20260710T034033Z,24.2,80.9
20260710T034048Z,24.2,81.2
20260710T034103Z,24.2,81.6
20260710T034118Z,24.3,82.0
20260710T034133Z,24.3,82.2
20260710T034148Z,24.3,82.6
20260710T034203Z,24.4,83.1
20260710T034218Z,24.4,83.0
20260710T034233Z,24.4,83.5
20260710T034248Z,24.5,83.5
20260710T034303Z,24.5,84.0
20260710T034318Z,24.5,84.2
20260710T034333Z,24.5,84.3
20260710T034348Z,24.6,84.3
20260710T034403Z,24.6,84.6
20260710T034418Z,24.7,84.7
20260710T034433Z,24.7,84.3
20260710T034448Z,24.7,83.3
20260710T034503Z,24.7,82.4
20260710T034518Z,24.7,81.6
20260710T034534Z,24.7,81.1
20260710T034548Z,24.7,79.8
20260710T034603Z,24.7,79.0
20260710T034618Z,24.7,78.2
20260710T034633Z,24.7,77.2
20260710T034648Z,24.6,76.7
20260710T034703Z,24.6,75.5
20260710T034718Z,24.5,74.9
20260710T034733Z,24.4,74.0
20260710T034748Z,24.4,73.3
20260710T034803Z,24.2,72.4
20260710T034818Z,24.1,72.1
20260710T034833Z,24.0,72.0
20260710T034848Z,23.9,70.9
20260710T034903Z,23.9,71.0
20260710T034918Z,23.8,70.2
20260710T034933Z,23.7,69.7
20260710T034948Z,23.6,69.7
20260710T035003Z,23.6,70.9
20260710T035018Z,23.6,73.5
20260710T035033Z,23.7,75.0
20260710T035048Z,23.7,75.9
20260710T035103Z,23.7,76.3
20260710T035118Z,23.8,77.0
20260710T035133Z,23.8,76.9
20260710T035148Z,23.9,77.3
20260710T035203Z,23.9,77.4
20260710T035218Z,24.0,77.6
20260710T035233Z,24.1,77.9
20260710T035248Z,24.1,78.1
20260710T035303Z,24.2,78.7
20260710T035318Z,24.2,79.0
20260710T035333Z,24.2,79.5
20260710T035348Z,24.3,79.8
20260710T035403Z,24.3,80.2
20260710T035418Z,24.4,80.5
20260710T035433Z,24.4,80.7
20260710T035448Z,24.4,81.0
20260710T035503Z,24.5,81.8
20260710T035518Z,24.5,81.5
20260710T035533Z,24.5,81.6
20260710T035548Z,24.6,82.2
20260710T035603Z,24.6,82.5
20260710T035618Z,24.6,82.9
20260710T035634Z,24.7,82.9
20260710T035648Z,24.7,83.1
20260710T035703Z,24.7,83.2
20260710T035718Z,24.8,83.2
20260710T035733Z,24.8,82.0
20260710T035748Z,24.8,81.1
20260710T035803Z,24.8,80.3
20260710T035818Z,24.8,79.6
20260710T035833Z,24.8,78.9
20260710T035848Z,24.8,78.4
20260710T035903Z,24.7,77.4
20260710T035918Z,24.7,76.4
20260710T035933Z,24.7,75.6
20260710T035948Z,24.6,74.8
20260710T040003Z,24.6,74.0
20260710T040018Z,24.5,73.4
20260710T040033Z,24.4,72.9
20260710T040048Z,24.4,71.6
20260710T040103Z,24.3,70.9
20260710T040118Z,24.1,70.9
20260710T040133Z,24.0,70.6
20260710T040148Z,24.0,69.7
20260710T040203Z,23.9,69.4
20260710T040218Z,23.8,68.9
20260710T040233Z,23.8,68.8
20260710T040248Z,23.7,70.1
20260710T040303Z,23.7,71.9
20260710T040318Z,23.7,72.8
20260710T040333Z,23.8,74.8
20260710T040348Z,23.8,75.6
20260710T040403Z,23.9,76.2
20260710T040418Z,23.9,76.2
20260710T040433Z,24.0,76.4
20260710T040448Z,24.0,76.8
20260710T040503Z,24.0,77.0
20260710T040518Z,24.1,77.5
20260710T040533Z,24.1,77.9
20260710T040548Z,24.2,78.5
20260710T040603Z,24.3,78.8
20260710T040618Z,24.3,78.8
20260710T040633Z,24.3,79.0
20260710T040648Z,24.4,79.4
20260710T040703Z,24.4,79.9
20260710T040718Z,24.4,80.3
20260710T040733Z,24.5,80.6
20260710T040748Z,24.5,80.7
20260710T040803Z,24.6,81.1
20260710T040818Z,24.6,81.3
20260710T040833Z,24.6,81.8
20260710T040848Z,24.7,82.0
20260710T040903Z,24.7,82.3
20260710T040918Z,24.7,82.4
20260710T040933Z,24.7,82.6
20260710T040948Z,24.8,82.1
20260710T041003Z,24.8,81.9
20260710T041018Z,24.8,80.4
20260710T041033Z,24.8,80.1
20260710T041048Z,24.8,79.1
20260710T041103Z,24.8,77.6
20260710T041118Z,24.8,77.4
20260710T041133Z,24.7,76.7
20260710T041148Z,24.7,75.9
20260710T041203Z,24.6,75.0
20260710T041218Z,24.6,74.3
20260710T041233Z,24.5,73.4
20260710T041248Z,24.5,72.6
20260710T041303Z,24.4,71.9
20260710T041318Z,24.3,71.1
20260710T041333Z,24.2,70.7
20260710T041348Z,24.1,70.5
20260710T041403Z,24.0,69.8
20260710T041418Z,24.0,69.5
20260710T041433Z,23.9,70.0
20260710T041448Z,23.9,71.6
20260710T041503Z,23.9,74.3
20260710T041518Z,23.9,75.3
20260710T041533Z,23.9,76.1
20260710T041548Z,23.9,76.2
20260710T041603Z,23.9,76.5
20260710T041618Z,23.9,76.8
20260710T041633Z,23.9,77.3
20260710T041648Z,24.0,77.6
20260710T041703Z,24.0,77.8
20260710T041718Z,24.0,78.3
20260710T041733Z,24.0,78.6
20260710T041748Z,24.0,78.8
20260710T041803Z,24.1,79.1
20260710T041818Z,24.1,79.7
20260710T041833Z,24.1,80.2
20260710T041848Z,24.2,80.3
20260710T041903Z,24.2,80.7
20260710T041918Z,24.2,80.9
20260710T041933Z,24.3,81.2
20260710T041948Z,24.3,81.3
20260710T042003Z,24.3,81.5
20260710T042018Z,24.3,81.9
20260710T042033Z,24.4,82.4
20260710T042048Z,24.4,82.5
20260710T042103Z,24.4,82.7
20260710T042118Z,24.5,82.8
20260710T042134Z,24.5,83.1
20260710T042149Z,24.5,83.8
20260710T042203Z,24.5,83.7
20260710T042218Z,24.6,83.8
20260710T042233Z,24.6,84.2
20260710T042248Z,24.6,84.4
20260710T042303Z,24.6,84.5
20260710T042318Z,24.6,84.7
20260710T042333Z,24.7,84.9
20260710T042348Z,24.7,84.8
20260710T042403Z,24.7,84.7
20260710T042418Z,24.7,83.6
20260710T042434Z,24.7,82.7
20260710T042449Z,24.7,82.0
20260710T042503Z,24.7,81.4
20260710T042518Z,24.7,80.6
20260710T042533Z,24.7,79.6
20260710T042548Z,24.7,78.9
20260710T042603Z,24.6,77.7
20260710T042618Z,24.6,76.6
20260710T042633Z,24.5,75.3
20260710T042648Z,24.5,74.8
20260710T042703Z,24.4,74.0
20260710T042718Z,24.3,73.2
20260710T042733Z,24.2,72.6
20260710T042748Z,24.0,71.9
20260710T042803Z,23.9,71.6
20260710T042818Z,23.9,72.2
20260710T042833Z,23.8,73.5
20260710T042848Z,23.8,75.3
20260710T042903Z,23.8,77.4
20260710T042918Z,23.9,78.0
20260710T042933Z,23.9,78.5
20260710T042948Z,23.9,78.8
20260710T043003Z,23.9,78.6
20260710T043018Z,23.9,78.9
20260710T043033Z,24.0,79.5
20260710T043048Z,24.0,79.4
20260710T043103Z,24.1,79.7
20260710T043118Z,24.1,79.6
20260710T043133Z,24.1,80.2
20260710T043148Z,24.1,80.7
20260710T043203Z,24.2,81.0
20260710T043218Z,24.2,81.6
20260710T043233Z,24.2,81.6
20260710T043248Z,24.3,81.9
20260710T043303Z,24.3,81.9
20260710T043318Z,24.3,82.2
20260710T043333Z,24.4,82.5
20260710T043348Z,24.4,82.9
20260710T043403Z,24.4,83.1
20260710T043418Z,24.5,83.5
20260710T043433Z,24.5,83.6
20260710T043448Z,24.5,83.7
20260710T043503Z,24.6,84.2
20260710T043518Z,24.6,84.3
20260710T043533Z,24.6,84.4
20260710T043548Z,24.6,84.7
20260710T043603Z,24.7,84.8
20260710T043618Z,24.7,85.2
20260710T043633Z,24.7,84.4
20260710T043648Z,24.7,83.6
20260710T043703Z,24.7,82.8
20260710T043718Z,24.7,82.2
20260710T043733Z,24.7,81.8
20260710T043748Z,24.7,81.0
20260710T043803Z,24.8,79.8
20260710T043818Z,24.7,79.1
20260710T043833Z,24.7,78.1
20260710T043848Z,24.7,77.0
20260710T043903Z,24.7,76.0
20260710T043918Z,24.6,75.3
20260710T043933Z,24.5,74.0
20260710T043948Z,24.4,73.8
20260710T044003Z,24.4,73.1
20260710T044018Z,24.3,72.3
20260710T044033Z,24.2,71.9
20260710T044048Z,24.2,71.4
20260710T044103Z,24.1,70.6
20260710T044118Z,24.0,70.1
20260710T044133Z,24.0,70.0
20260710T044148Z,23.9,70.9
20260710T044203Z,23.9,72.7
20260710T044218Z,23.9,74.8
20260710T044233Z,23.9,75.8
20260710T044248Z,23.9,76.2
20260710T044303Z,23.9,76.6
20260710T044318Z,24.0,77.0
20260710T044333Z,24.0,77.2
20260710T044348Z,24.0,78.0
20260710T044403Z,24.0,78.2
20260710T044418Z,24.1,78.7
20260710T044434Z,24.1,79.0
20260710T044449Z,24.1,79.7
20260710T044503Z,24.2,79.9
20260710T044518Z,24.2,80.3
20260710T044533Z,24.2,80.7
20260710T044548Z,24.3,80.9
20260710T044603Z,24.3,81.3
20260710T044618Z,24.3,81.5
20260710T044633Z,24.4,81.9
20260710T044648Z,24.4,82.3
20260710T044703Z,24.4,82.7
20260710T044718Z,24.5,83.1
20260710T044733Z,24.5,83.1
20260710T044748Z,24.5,83.5
20260710T044803Z,24.6,83.7
20260710T044818Z,24.6,83.8
20260710T044833Z,24.6,84.3
20260710T044848Z,24.7,84.6
20260710T044904Z,24.7,84.4
20260710T044918Z,24.7,83.8
20260710T044933Z,24.7,83.4
20260710T044948Z,24.7,82.0
20260710T045003Z,24.7,81.7
20260710T045018Z,24.7,81.0
20260710T045033Z,24.7,80.2
20260710T045048Z,24.7,79.0
20260710T045103Z,24.6,78.6
20260710T045118Z,24.6,77.5
20260710T045133Z,24.5,76.8
20260710T045148Z,24.5,75.5
20260710T045203Z,24.4,74.7
20260710T045218Z,24.4,74.4
20260710T045233Z,24.3,73.8
20260710T045248Z,24.2,72.6
20260710T045303Z,24.1,72.5
20260710T045318Z,24.0,71.6
20260710T045333Z,23.9,71.2
20260710T045348Z,23.9,70.9
20260710T045403Z,23.8,70.5
20260710T045418Z,23.7,70.3
20260710T045433Z,23.7,70.7
20260710T045448Z,23.7,71.9
20260710T045503Z,23.7,74.2
20260710T045518Z,23.8,75.3
20260710T045533Z,23.8,75.6
20260710T045548Z,23.8,76.3
20260710T045603Z,23.9,76.6
20260710T045618Z,23.9,76.5
20260710T045633Z,24.0,77.1
20260710T045648Z,24.0,77.9
20260710T045703Z,24.0,77.9
20260710T045718Z,24.1,78.1
20260710T045733Z,24.1,78.5
20260710T045748Z,24.2,79.1
20260710T045803Z,24.2,79.5
20260710T045818Z,24.2,79.9
20260710T045833Z,24.3,80.1
20260710T045848Z,24.3,80.4
20260710T045903Z,24.3,80.8
20260710T045918Z,24.4,81.0
20260710T045933Z,24.4,81.2
20260710T045948Z,24.5,81.4
20260710T050003Z,24.5,81.9
20260710T050018Z,24.5,82.0
20260710T050033Z,24.6,82.2
20260710T050049Z,24.6,82.5
20260710T050103Z,24.6,82.7
20260710T050119Z,24.7,82.9
20260710T050133Z,24.7,83.3
20260710T050149Z,24.7,83.4
20260710T050203Z,24.7,83.0
20260710T050219Z,24.7,83.1
20260710T050234Z,24.8,81.7
20260710T050248Z,24.8,80.7
20260710T050304Z,24.7,80.2
20260710T050318Z,24.8,79.8
20260710T050333Z,24.7,78.9
20260710T050348Z,24.7,78.2
20260710T050403Z,24.7,77.1
20260710T050418Z,24.7,76.3
20260710T050433Z,24.6,74.9
20260710T050448Z,24.6,73.9
20260710T050503Z,24.5,73.9
20260710T050518Z,24.3,73.0
20260710T050533Z,24.2,72.5
20260710T050549Z,24.2,72.0
20260710T050603Z,24.1,71.2
20260710T050618Z,24.0,71.1
20260710T050633Z,23.9,70.0
20260710T050649Z,23.8,69.8
20260710T050703Z,23.8,69.3
20260710T050719Z,23.7,69.3
20260710T050733Z,23.7,70.2
20260710T050749Z,23.7,70.9
20260710T050803Z,23.7,73.5
20260710T050819Z,23.8,74.9
20260710T050833Z,23.8,75.2
20260710T050849Z,23.8,75.3
20260710T050903Z,23.9,76.2
20260710T050919Z,23.9,76.3
20260710T050934Z,23.9,76.9
20260710T050948Z,24.0,77.5
20260710T051004Z,24.0,77.5
20260710T051018Z,24.0,78.0
20260710T051034Z,24.1,78.0
20260710T051048Z,24.1,78.5
20260710T051104Z,24.2,79.0
20260710T051118Z,24.2,79.1
20260710T051134Z,24.3,79.5
20260710T051148Z,24.3,80.0
20260710T051204Z,24.3,80.2
20260710T051218Z,24.4,80.7
20260710T051233Z,24.4,81.1
20260710T051249Z,24.4,81.1
20260710T051303Z,24.5,81.4
20260710T051319Z,24.5,81.6
20260710T051333Z,24.5,81.8
20260710T051349Z,24.6,82.1
20260710T051403Z,24.6,82.2
20260710T051419Z,24.7,82.5
20260710T051433Z,24.7,82.9
20260710T051449Z,24.7,83.1
20260710T051503Z,24.7,82.3
20260710T051518Z,24.8,81.9
20260710T051534Z,24.8,80.5
20260710T051548Z,24.8,80.0
20260710T051603Z,24.7,79.3
20260710T051619Z,24.7,78.5
20260710T051633Z,24.7,77.6
20260710T051649Z,24.7,77.0
20260710T051703Z,24.6,76.2
20260710T051719Z,24.6,75.2
20260710T051733Z,24.5,74.2
20260710T051749Z,24.4,73.8
20260710T051803Z,24.3,72.8
20260710T051819Z,24.2,72.3
20260710T051833Z,24.1,72.2
20260710T051848Z,24.0,71.5
20260710T051903Z,24.0,71.5
20260710T051919Z,23.9,70.7
20260710T051933Z,23.9,69.9
20260710T051949Z,23.8,69.3
20260710T052003Z,23.7,69.1
20260710T052019Z,23.7,68.7
20260710T052033Z,23.6,69.6
20260710T052049Z,23.6,71.3
20260710T052103Z,23.6,73.4
20260710T052119Z,23.7,74.5
20260710T052133Z,23.7,75.2
20260710T052148Z,23.8,75.4
20260710T052204Z,23.8,75.8
20260710T052218Z,23.9,75.9
20260710T052234Z,23.9,76.4
20260710T052248Z,24.0,76.8
20260710T052304Z,24.0,77.2
20260710T052318Z,24.1,77.8
20260710T052334Z,24.1,78.2
20260710T052348Z,24.1,78.1
20260710T052404Z,24.2,78.3
20260710T052418Z,24.2,78.8
20260710T052434Z,24.3,79.1
20260710T052448Z,24.3,79.7
20260710T052503Z,24.3,79.9
20260710T052519Z,24.4,80.2
20260710T052534Z,24.4,80.6
20260710T052548Z,24.4,80.7
20260710T052604Z,24.5,81.1
20260710T052618Z,24.5,81.4
20260710T052634Z,24.5,81.7
20260710T052648Z,24.6,81.9
20260710T052704Z,24.6,82.0
20260710T052718Z,24.6,82.3
20260710T052734Z,24.7,82.5
20260710T052748Z,24.7,82.4
20260710T052804Z,24.7,82.1
20260710T052818Z,24.7,81.0
20260710T052833Z,24.8,80.1
20260710T052849Z,24.7,79.8
20260710T052903Z,24.7,79.0
20260710T052919Z,24.7,77.6
20260710T052933Z,24.7,76.9
20260710T052949Z,24.6,76.5
20260710T053004Z,24.6,75.5
20260710T053018Z,24.5,74.8
20260710T053034Z,24.5,74.1
20260710T053048Z,24.4,73.2
20260710T053104Z,24.4,72.2
20260710T053118Z,24.3,71.7
20260710T053134Z,24.2,71.4
20260710T053148Z,24.1,71.0
20260710T053204Z,24.0,70.3
20260710T053218Z,23.9,69.7
20260710T053234Z,23.8,69.0
20260710T053248Z,23.7,68.8
20260710T053304Z,23.6,68.5
20260710T053318Z,23.5,68.6
20260710T053334Z,23.5,70.1
20260710T053348Z,23.5,71.8
20260710T053404Z,23.5,73.6
20260710T053418Z,23.6,74.6
20260710T053433Z,23.6,75.1
20260710T053448Z,23.7,75.6
20260710T053504Z,23.7,75.8
20260710T053518Z,23.8,76.2
20260710T053534Z,23.8,76.5
20260710T053548Z,23.9,76.8
20260710T053604Z,23.9,77.4
20260710T053619Z,24.0,77.6
20260710T053634Z,24.0,78.1
20260710T053648Z,24.0,78.6
20260710T053704Z,24.1,78.5
20260710T053718Z,24.1,79.2
20260710T053733Z,24.2,79.5
20260710T053748Z,24.2,79.6
20260710T053803Z,24.2,80.0
20260710T053819Z,24.3,80.3
20260710T053834Z,24.3,80.7
20260710T053848Z,24.4,81.0
20260710T053904Z,24.4,81.4
20260710T053918Z,24.4,81.6
20260710T053934Z,24.4,82.0
20260710T053948Z,24.5,82.2
20260710T054004Z,24.5,82.4
20260710T054018Z,24.5,82.5
20260710T054034Z,24.6,82.7
20260710T054048Z,24.6,83.1
20260710T054103Z,24.6,83.2
20260710T054119Z,24.6,82.7
20260710T054133Z,24.6,82.4
20260710T054149Z,24.6,80.9
20260710T054203Z,24.6,80.7
20260710T054219Z,24.6,80.0
20260710T054233Z,24.6,78.9
20260710T054249Z,24.6,77.8
20260710T054303Z,24.6,77.1
20260710T054319Z,24.6,76.7
20260710T054333Z,24.5,75.6
20260710T054348Z,24.5,74.7
20260710T054403Z,24.4,73.8
20260710T054419Z,24.3,73.4
20260710T054434Z,24.2,72.6
20260710T054449Z,24.1,72.1
20260710T054503Z,24.1,71.5
20260710T054519Z,24.0,70.9
20260710T054533Z,23.9,70.3
20260710T054549Z,23.9,69.7
20260710T054603Z,23.8,69.2
20260710T054619Z,23.7,68.6
20260710T054633Z,23.7,68.3
20260710T054649Z,23.6,68.9
20260710T054703Z,23.6,70.4
20260710T054719Z,23.6,72.3
20260710T054733Z,23.6,73.9
20260710T054748Z,23.6,74.7
20260710T054804Z,23.7,75.2
20260710T054818Z,23.7,75.7
20260710T054833Z,23.7,75.7
20260710T054849Z,23.8,76.2
20260710T054903Z,23.8,76.9
20260710T054918Z,23.8,77.5
20260710T054934Z,23.9,77.6
20260710T054948Z,23.9,78.2
20260710T055004Z,23.9,78.7
20260710T055019Z,24.0,78.9
20260710T055033Z,24.0,79.2
20260710T055049Z,24.0,79.6
20260710T055104Z,24.1,79.6
20260710T055118Z,24.1,80.0
20260710T055134Z,24.2,80.4
20260710T055148Z,24.2,80.9
20260710T055204Z,24.2,81.0
20260710T055218Z,24.3,81.2
20260710T055233Z,24.3,81.6
20260710T055249Z,24.3,82.0
20260710T055303Z,24.4,82.2
20260710T055319Z,24.4,82.4
20260710T055334Z,24.4,82.7
20260710T055348Z,24.4,82.8
20260710T055404Z,24.5,82.9
20260710T055418Z,24.5,83.2
20260710T055434Z,24.5,83.3
20260710T055448Z,24.6,82.9
20260710T055503Z,24.6,82.9
20260710T055519Z,24.6,81.0
20260710T055533Z,24.6,80.2
20260710T055549Z,24.5,80.2
20260710T055603Z,24.5,79.2
20260710T055619Z,24.5,78.5
20260710T055633Z,24.5,77.3
20260710T055648Z,24.4,76.6
20260710T055703Z,24.3,75.7
20260710T055719Z,24.3,75.1
20260710T055735Z,24.2,74.5
20260710T055749Z,24.1,73.7
20260710T055804Z,24.1,73.3
20260710T055819Z,24.0,72.6
20260710T055834Z,23.9,71.1
20260710T055848Z,23.9,71.1
20260710T055904Z,23.8,70.6
20260710T055918Z,23.8,70.1
20260710T055934Z,23.7,69.3
20260710T055948Z,23.6,69.2
20260710T060004Z,23.6,69.7
20260710T060018Z,23.6,71.3
20260710T060034Z,23.6,72.6
20260710T060048Z,23.6,74.8
20260710T060104Z,23.7,75.4
20260710T060118Z,23.7,75.7
20260710T060134Z,23.7,76.2
20260710T060148Z,23.7,76.5
20260710T060203Z,23.8,76.9
20260710T060219Z,23.8,77.1
20260710T060233Z,23.9,77.6
20260710T060249Z,23.9,78.2
20260710T060304Z,23.9,78.3
20260710T060319Z,24.0,78.8
20260710T060334Z,24.0,79.1
20260710T060349Z,24.1,79.2
20260710T060404Z,24.1,79.8
20260710T060419Z,24.1,80.0
20260710T060434Z,24.2,80.2
20260710T060449Z,24.2,80.7
20260710T060504Z,24.2,80.9
20260710T060519Z,24.3,81.4
20260710T060533Z,24.3,81.7
20260710T060549Z,24.4,81.7
20260710T060604Z,24.4,81.8
20260710T060619Z,24.4,82.0
20260710T060634Z,24.5,82.4
20260710T060649Z,24.5,82.7
20260710T060704Z,24.5,82.8
20260710T060719Z,24.5,83.1
20260710T060734Z,24.6,83.4
20260710T060749Z,24.6,83.5
20260710T060804Z,24.6,82.8
20260710T060819Z,24.7,83.0
20260710T060834Z,24.7,81.0
20260710T060849Z,24.7,80.7
20260710T060904Z,24.7,80.1
20260710T060919Z,24.6,79.6
20260710T060934Z,24.6,79.4
20260710T060949Z,24.6,77.9
20260710T061004Z,24.6,76.9
20260710T061019Z,24.6,76.1
20260710T061034Z,24.5,75.1
20260710T061049Z,24.5,74.2
20260710T061104Z,24.4,73.7
20260710T061119Z,24.3,72.8
20260710T061134Z,24.2,72.4
20260710T061149Z,24.1,71.7
20260710T061204Z,24.1,71.6
20260710T061219Z,24.0,71.1
20260710T061234Z,24.0,70.4
20260710T061249Z,24.0,69.6
20260710T061304Z,23.9,68.8
20260710T061319Z,23.9,69.3
20260710T061334Z,23.8,70.4
20260710T061349Z,23.8,72.4
20260710T061404Z,23.8,73.9
20260710T061419Z,23.9,74.8
20260710T061434Z,23.9,75.5
20260710T061449Z,23.9,75.3
20260710T061504Z,23.9,75.8
20260710T061519Z,24.0,76.3
20260710T061534Z,24.0,76.2
20260710T061549Z,24.1,76.5
20260710T061604Z,24.1,76.7
20260710T061619Z,24.2,77.0
20260710T061634Z,24.3,77.2
20260710T061649Z,24.3,78.3
20260710T061704Z,24.3,78.6
20260710T061719Z,24.4,79.3
20260710T061734Z,24.4,79.7
20260710T061749Z,24.4,79.9
20260710T061804Z,24.5,80.0
20260710T061819Z,24.5,80.1
20260710T061834Z,24.5,80.6
20260710T061849Z,24.6,80.9
20260710T061904Z,24.6,81.1
20260710T061919Z,24.6,81.4
20260710T061934Z,24.7,81.4
20260710T061949Z,24.7,81.9
20260710T062004Z,24.7,82.2
20260710T062019Z,24.8,82.2
20260710T062034Z,24.8,82.0
20260710T062049Z,24.8,81.0
20260710T062104Z,24.8,80.1
20260710T062119Z,24.8,79.7
20260710T062134Z,24.8,79.2
20260710T062149Z,24.8,77.3
20260710T062204Z,24.8,76.9
20260710T062219Z,24.7,76.3
20260710T062234Z,24.7,75.3
20260710T062249Z,24.6,74.7
20260710T062304Z,24.5,74.0
20260710T062319Z,24.5,73.1
20260710T062334Z,24.4,73.2
20260710T062349Z,24.3,74.8
20260710T062404Z,24.3,76.5
20260710T062419Z,24.3,77.8
20260710T062434Z,24.3,78.7
20260710T062449Z,24.3,79.1
20260710T062504Z,24.3,79.3
20260710T062519Z,24.3,79.5
20260710T062534Z,24.4,79.8
20260710T062549Z,24.4,80.1
20260710T062604Z,24.4,80.5
20260710T062619Z,24.4,80.9
20260710T062634Z,24.4,80.8
20260710T062649Z,24.4,81.4
20260710T062704Z,24.5,81.7
20260710T062719Z,24.5,82.2
20260710T062734Z,24.5,82.2
20260710T062749Z,24.5,82.3
20260710T062804Z,24.6,82.6
20260710T062819Z,24.6,82.8
20260710T062834Z,24.6,83.1
20260710T062849Z,24.6,83.4
20260710T062904Z,24.7,83.6
20260710T062919Z,24.7,83.7
20260710T062934Z,24.7,83.8
20260710T062949Z,24.7,84.0
20260710T063004Z,24.7,84.2
20260710T063019Z,24.8,84.6
20260710T063034Z,24.8,84.8
20260710T063049Z,24.8,84.8
20260710T063104Z,24.8,84.8
20260710T063119Z,24.9,85.2
20260710T063134Z,24.9,85.3
20260710T063149Z,24.9,85.4
20260710T063204Z,24.9,85.4
20260710T063219Z,24.9,85.6
20260710T063234Z,25.0,85.9
20260710T063249Z,25.0,86.1
20260710T063304Z,25.0,86.2
20260710T063319Z,25.0,86.3
20260710T063334Z,25.0,86.4
20260710T063349Z,25.0,86.7
20260710T063404Z,25.0,86.8
20260710T063419Z,25.1,86.9
20260710T063435Z,25.1,87.1
20260710T063449Z,25.1,87.1
20260710T063504Z,25.1,87.2
20260710T063519Z,25.1,87.5
20260710T063534Z,25.1,87.3
20260710T063549Z,25.2,87.5
20260710T063604Z,25.2,87.5
20260710T063619Z,25.2,87.5
20260710T063634Z,25.2,87.8
20260710T063649Z,25.2,87.8
20260710T063704Z,25.2,87.9
20260710T063719Z,25.3,87.9
20260710T063734Z,25.3,88.0
20260710T063749Z,25.3,88.2
20260710T063804Z,25.3,88.2
20260710T063819Z,25.3,88.3
20260710T063834Z,25.3,88.4
20260710T063849Z,25.3,88.4
20260710T063904Z,25.4,88.3
20260710T063919Z,25.4,88.5
20260710T063934Z,25.4,88.5
20260710T063949Z,25.4,88.6
20260710T064004Z,25.4,88.6
20260710T064019Z,25.4,88.7
20260710T064034Z,25.5,88.7
20260710T064049Z,25.5,88.8
20260710T064104Z,25.5,88.8
20260710T064119Z,25.5,88.9
20260710T064134Z,25.5,88.8
20260710T064149Z,25.5,88.9
20260710T064204Z,25.5,89.0
20260710T064219Z,25.6,89.0
20260710T064234Z,25.6,89.1
20260710T064249Z,25.6,89.0
20260710T064304Z,25.6,89.1
20260710T064319Z,25.6,89.0
20260710T064334Z,25.6,89.2
20260710T064349Z,25.6,89.2
20260710T064404Z,25.6,89.2
20260710T064419Z,25.7,89.2
20260710T064434Z,25.7,89.2
20260710T064449Z,25.7,89.2
20260710T064504Z,25.7,89.2
20260710T064519Z,25.7,89.2
20260710T064534Z,25.7,89.2
20260710T064549Z,25.7,89.2
20260710T064604Z,25.7,89.2
20260710T064619Z,25.8,89.3
20260710T064634Z,25.8,89.2
20260710T064649Z,25.8,89.2
20260710T064704Z,25.8,89.3
20260710T064719Z,25.8,89.3
20260710T064734Z,25.8,89.2
20260710T064749Z,25.8,89.2
20260710T064804Z,25.9,89.3
20260710T064819Z,25.9,89.3
20260710T064834Z,25.9,89.2
20260710T064849Z,25.9,89.1
20260710T064904Z,25.9,89.2
20260710T064919Z,25.9,89.2
20260710T064934Z,25.9,89.2
20260710T064949Z,25.9,89.1
20260710T065004Z,25.9,89.2
20260710T065019Z,26.0,89.1
20260710T065034Z,26.0,89.2
20260710T065049Z,26.0,89.2
20260710T065104Z,26.0,89.1
20260710T065119Z,26.0,89.0
20260710T065134Z,26.0,89.1
20260710T065149Z,26.0,89.0
20260710T065204Z,26.0,89.0
20260710T065219Z,26.0,88.9
20260710T065234Z,26.1,89.0
20260710T065249Z,26.1,89.0
20260710T065304Z,26.1,88.9
20260710T065319Z,26.1,88.9
20260710T065334Z,26.1,88.8
20260710T065349Z,26.1,88.8
20260710T065404Z,26.1,88.8
20260710T065419Z,26.1,88.8
20260710T065434Z,26.1,88.7
20260710T065449Z,26.1,88.7
20260710T065504Z,26.2,88.7
20260710T065519Z,26.2,88.6
20260710T065534Z,26.2,88.7
20260710T065549Z,26.2,88.6
20260710T065604Z,26.2,88.6
20260710T065619Z,26.2,88.5
20260710T065634Z,26.2,88.5
20260710T065649Z,26.2,88.4
20260710T065704Z,26.3,88.5
20260710T065719Z,26.2,88.4
20260710T065734Z,26.3,88.3
20260710T065749Z,26.3,88.4
20260710T065804Z,26.3,88.3
20260710T065819Z,26.3,88.3
20260710T065834Z,26.3,88.3
20260710T065849Z,26.3,88.3
20260710T065904Z,26.3,88.2
20260710T065919Z,26.3,88.2
20260710T065935Z,26.4,88.1
20260710T065950Z,26.4,88.1
20260710T070004Z,26.4,88.0
20260710T070019Z,26.4,88.0
20260710T070034Z,26.4,88.0
20260710T070049Z,26.4,88.0
20260710T070104Z,26.4,87.9
20260710T070119Z,26.4,87.9
20260710T070134Z,26.4,87.8
20260710T070149Z,26.4,87.8
20260710T070204Z,26.4,87.8
20260710T070219Z,26.4,87.8
20260710T070234Z,26.4,87.8
20260710T070249Z,26.5,87.7
20260710T070304Z,26.5,87.7
20260710T070319Z,26.5,87.7
20260710T070334Z,26.5,87.6
20260710T070349Z,26.5,87.6
20260710T070404Z,26.5,87.6
20260710T070419Z,26.5,87.6
20260710T070434Z,26.5,87.5
20260710T070449Z,26.5,87.5
20260710T070504Z,26.5,87.5
20260710T070519Z,26.5,87.4
20260710T070534Z,26.5,87.4
20260710T070549Z,26.5,87.3
20260710T070604Z,26.6,87.3
20260710T070619Z,26.5,87.3
20260710T070634Z,26.6,87.3
20260710T070649Z,26.6,87.3
20260710T070704Z,26.6,87.2
20260710T070719Z,26.6,87.1
20260710T070734Z,26.6,86.1
20260710T070749Z,26.5,85.4
20260710T070804Z,26.5,84.8
20260710T070819Z,26.4,84.1
20260710T070834Z,26.3,82.6
20260710T070849Z,26.3,81.6
20260710T070904Z,26.2,80.8
20260710T070919Z,26.1,80.4
20260710T070934Z,26.0,79.9
20260710T070949Z,25.9,78.9
20260710T071004Z,25.8,78.1
20260710T071019Z,25.6,77.3
20260710T071034Z,25.5,76.7
20260710T071049Z,25.3,76.4
20260710T071104Z,25.2,75.9
20260710T071119Z,25.1,76.6
20260710T071135Z,25.1,79.0
20260710T071149Z,25.1,80.2
20260710T071204Z,25.0,81.8
20260710T071219Z,25.0,82.5
20260710T071235Z,25.0,83.0
20260710T071249Z,25.1,83.2
20260710T071304Z,25.1,83.5
20260710T071319Z,25.1,83.7
20260710T071334Z,25.1,84.1
20260710T071349Z,25.1,84.4
20260710T071404Z,25.1,84.7
20260710T071419Z,25.1,84.9
20260710T071435Z,25.2,85.2
20260710T071449Z,25.2,85.5
20260710T071504Z,25.2,85.7
20260710T071519Z,25.2,85.8
20260710T071534Z,25.2,86.1
20260710T071549Z,25.3,86.4
20260710T071604Z,25.3,86.5
20260710T071619Z,25.3,86.9
20260710T071634Z,25.3,87.0
20260710T071649Z,25.3,87.1
20260710T071704Z,25.3,87.5
20260710T071719Z,25.4,87.6
20260710T071734Z,25.4,87.6
20260710T071749Z,25.4,87.9
20260710T071804Z,25.4,88.0
20260710T071819Z,25.4,88.2
20260710T071834Z,25.5,88.2
20260710T071849Z,25.5,88.3
20260710T071904Z,25.5,88.5
20260710T071919Z,25.5,88.5
20260710T071934Z,25.6,88.6
20260710T071949Z,25.6,88.8
20260710T072004Z,25.6,88.8
20260710T072019Z,25.6,88.8
20260710T072034Z,25.6,88.9
20260710T072049Z,25.6,89.0
20260710T072104Z,25.7,89.0
20260710T072119Z,25.7,89.1
20260710T072134Z,25.7,89.0
20260710T072149Z,25.7,89.0
20260710T072204Z,25.7,89.0
20260710T072219Z,25.8,89.0
20260710T072234Z,25.8,89.0
20260710T072249Z,25.8,89.0
20260710T072304Z,25.9,89.0
20260710T072319Z,25.9,88.9
20260710T072334Z,25.9,88.8
20260710T072349Z,25.9,88.8
20260710T072404Z,26.0,88.8
20260710T072419Z,26.0,88.7
20260710T072435Z,26.0,88.6
20260710T072450Z,26.0,88.6
20260710T072504Z,26.0,88.6
20260710T072519Z,26.1,88.5
20260710T072534Z,26.1,88.4
20260710T072549Z,26.1,88.3
20260710T072604Z,26.1,88.3
20260710T072619Z,26.2,88.2
20260710T072634Z,26.2,88.2
20260710T072649Z,26.2,88.1
20260710T072704Z,26.2,88.1
20260710T072719Z,26.2,88.0
20260710T072734Z,26.3,88.0
20260710T072749Z,26.3,88.0
20260710T072804Z,26.3,87.9
20260710T072819Z,26.3,87.9
20260710T072834Z,26.3,87.8
20260710T072849Z,26.3,87.8
20260710T072904Z,26.4,87.8
20260710T072919Z,26.4,87.7
20260710T072934Z,26.4,87.6
20260710T072949Z,26.4,87.6
20260710T073004Z,26.4,87.5
20260710T073019Z,26.4,87.5
20260710T073034Z,26.5,87.5
20260710T073049Z,26.5,87.4
20260710T073104Z,26.5,87.4
20260710T073119Z,26.5,87.4
20260710T073134Z,26.5,87.3
20260710T073149Z,26.5,87.3
20260710T073204Z,26.5,87.2
20260710T073219Z,26.5,87.2
20260710T073234Z,26.5,87.2
20260710T073249Z,26.6,87.1
20260710T073304Z,26.6,87.1
20260710T073319Z,26.6,87.1
20260710T073334Z,26.6,87.0
20260710T073349Z,26.6,87.0
20260710T073404Z,26.6,86.9
20260710T073419Z,26.6,86.6
20260710T073434Z,26.6,86.7
20260710T073449Z,26.6,85.0
20260710T073504Z,26.6,84.5
20260710T073519Z,26.5,84.0
20260710T073534Z,26.5,83.5
20260710T073549Z,26.4,81.6
20260710T073604Z,26.3,80.4
20260710T073619Z,26.2,80.0
20260710T073634Z,26.1,79.0
20260710T073649Z,26.0,78.7
20260710T073704Z,25.8,78.6
20260710T073719Z,25.8,78.3
20260710T073735Z,25.7,77.0
20260710T073749Z,25.6,76.7
20260710T073804Z,25.5,76.0
20260710T073819Z,25.4,75.6
20260710T073834Z,25.3,76.3
20260710T073849Z,25.3,78.2
20260710T073904Z,25.3,79.5
20260710T073919Z,25.2,81.0
20260710T073935Z,25.2,81.6
20260710T073949Z,25.2,81.8
20260710T074004Z,25.2,82.3
20260710T074019Z,25.2,82.8
20260710T074034Z,25.2,83.1
20260710T074049Z,25.2,83.6
20260710T074104Z,25.2,83.9
20260710T074119Z,25.2,84.0
20260710T074134Z,25.2,84.5
20260710T074149Z,25.3,84.7
20260710T074204Z,25.3,84.9
20260710T074219Z,25.3,85.2
20260710T074234Z,25.3,85.6
20260710T074249Z,25.3,85.7
20260710T074304Z,25.3,86.1
20260710T074319Z,25.4,86.1
20260710T074334Z,25.4,86.4
20260710T074349Z,25.4,86.7
20260710T074404Z,25.4,86.9
20260710T074419Z,25.4,86.9
20260710T074434Z,25.4,87.2
20260710T074449Z,25.5,87.5
20260710T074504Z,25.5,87.7
20260710T074519Z,25.5,87.8
20260710T074534Z,25.5,87.8
20260710T074549Z,25.6,88.0
20260710T074604Z,25.6,88.4
20260710T074619Z,25.6,88.3
20260710T074634Z,25.6,88.4
20260710T074649Z,25.6,88.5
20260710T074704Z,25.6,88.5
20260710T074719Z,25.7,88.7
20260710T074734Z,25.7,88.7
20260710T074749Z,25.7,88.8
20260710T074804Z,25.7,88.9
20260710T074819Z,25.8,88.0
20260710T074834Z,25.8,88.1
20260710T074849Z,25.8,85.8
20260710T074904Z,25.7,85.2
20260710T074919Z,25.7,85.2
20260710T074935Z,25.7,84.0
20260710T074950Z,25.7,83.1
20260710T075004Z,25.6,82.3
20260710T075019Z,25.6,81.5
20260710T075034Z,25.5,80.6
20260710T075049Z,25.5,79.9
20260710T075104Z,25.4,79.3
20260710T075119Z,25.4,78.8
20260710T075134Z,25.4,77.8
20260710T075149Z,25.3,77.8
20260710T075204Z,25.3,77.3
20260710T075219Z,25.2,76.1
20260710T075234Z,25.2,74.9
20260710T075249Z,25.1,74.2
20260710T075304Z,25.1,73.9
20260710T075319Z,25.0,73.5
20260710T075334Z,24.9,73.8
20260710T075349Z,24.9,72.4
20260710T075404Z,24.8,71.8
20260710T075419Z,24.7,71.7
20260710T075434Z,24.7,70.8
20260710T075449Z,24.6,70.9
20260710T075504Z,24.6,71.4
20260710T075519Z,24.6,74.1
20260710T075534Z,24.6,75.3
20260710T075549Z,24.6,75.5
20260710T075604Z,24.6,76.3
20260710T075619Z,24.7,77.3
20260710T075634Z,24.7,77.8
20260710T075649Z,24.7,78.2
20260710T075704Z,24.8,78.3
20260710T075719Z,24.8,78.9
20260710T075734Z,24.8,79.4
20260710T075749Z,24.9,79.6
20260710T075804Z,24.9,80.1
20260710T075819Z,24.9,80.6
20260710T075834Z,24.9,80.5
20260710T075849Z,25.0,80.7
20260710T075904Z,25.0,81.6
20260710T075919Z,25.1,81.9
20260710T075934Z,25.1,82.1
20260710T075949Z,25.1,82.5
20260710T080004Z,25.2,83.0
20260710T080019Z,25.2,82.8
20260710T080034Z,25.2,83.0
20260710T080049Z,25.3,83.6
20260710T080104Z,25.3,83.8
20260710T080119Z,25.3,84.3
20260710T080134Z,25.4,84.4
20260710T080149Z,25.4,84.3
20260710T080204Z,25.4,84.9
20260710T080219Z,25.4,85.1
20260710T080234Z,25.5,85.5
20260710T080249Z,25.5,85.8
20260710T080304Z,25.5,85.9
20260710T080319Z,25.5,86.1
20260710T080335Z,25.5,86.3
20260710T080350Z,25.5,86.6
20260710T080404Z,25.6,86.6
20260710T080419Z,25.6,86.8
20260710T080435Z,25.6,87.0
20260710T080450Z,25.6,86.5
20260710T080504Z,25.6,85.3
20260710T080519Z,25.6,84.0
20260710T080534Z,25.5,83.6
20260710T080549Z,25.5,82.8
20260710T080604Z,25.4,82.1
20260710T080619Z,25.4,81.0
20260710T080634Z,25.3,80.5
20260710T080649Z,25.2,79.8
20260710T080704Z,25.2,79.1
20260710T080719Z,25.1,78.5
20260710T080734Z,25.0,77.6
20260710T080749Z,24.9,77.3
20260710T080804Z,24.8,76.1
20260710T080819Z,24.7,75.3
20260710T080834Z,24.6,75.0
20260710T080849Z,24.5,74.8
20260710T080904Z,24.5,74.0
20260710T080919Z,24.3,73.3
20260710T080934Z,24.3,72.9
20260710T080949Z,24.2,72.2
20260710T081004Z,24.1,71.6
20260710T081019Z,24.1,71.6
20260710T081034Z,24.1,73.1
20260710T081049Z,24.1,74.9
20260710T081104Z,24.1,76.9
20260710T081119Z,24.2,77.8
20260710T081134Z,24.2,78.1
20260710T081149Z,24.2,78.8
20260710T081204Z,24.3,79.0
20260710T081219Z,24.3,79.0
20260710T081234Z,24.4,79.5
20260710T081249Z,24.4,79.9
20260710T081304Z,24.4,80.3
20260710T081319Z,24.5,80.4
20260710T081334Z,24.5,80.8
20260710T081349Z,24.6,80.9
20260710T081404Z,24.6,81.1
20260710T081419Z,24.7,81.6
20260710T081434Z,24.7,81.8
20260710T081449Z,24.7,82.0
20260710T081504Z,24.8,82.3
20260710T081519Z,24.8,82.6
20260710T081534Z,24.9,82.6
20260710T081549Z,24.9,83.0
20260710T081604Z,24.9,83.3
20260710T081619Z,25.0,83.6
20260710T081635Z,25.0,83.7
20260710T081650Z,25.0,83.9
20260710T081704Z,25.1,84.2
20260710T081719Z,25.1,84.4
20260710T081734Z,25.1,84.9
20260710T081749Z,25.2,85.0
20260710T081804Z,25.2,85.1
20260710T081819Z,25.2,85.4
20260710T081834Z,25.2,85.6
20260710T081849Z,25.3,85.7
20260710T081904Z,25.3,85.9
20260710T081919Z,25.3,86.1
20260710T081934Z,25.3,86.3
20260710T081949Z,25.3,86.4
20260710T082004Z,25.4,86.5
20260710T082019Z,25.4,86.7
20260710T082034Z,25.4,86.9
20260710T082049Z,25.4,87.1
20260710T082104Z,25.5,87.1
20260710T082119Z,25.5,87.2
20260710T082134Z,25.5,87.1
20260710T082149Z,25.5,87.2
20260710T082204Z,25.6,87.3
20260710T082219Z,25.6,87.0
20260710T082234Z,25.6,87.0
20260710T082249Z,25.6,85.2
20260710T082304Z,25.6,84.8
20260710T082319Z,25.5,84.0
20260710T082334Z,25.6,83.3
20260710T082349Z,25.5,82.0
20260710T082404Z,25.5,81.2
20260710T082419Z,25.5,80.2
20260710T082434Z,25.4,79.0
20260710T082449Z,25.3,77.8
20260710T082504Z,25.3,77.2
20260710T082519Z,25.2,76.7
20260710T082534Z,25.1,75.8
20260710T082549Z,25.0,75.1
20260710T082604Z,24.9,74.3
20260710T082619Z,24.8,73.7
20260710T082634Z,24.7,73.4
20260710T082649Z,24.6,73.0
20260710T082704Z,24.5,72.4
20260710T082719Z,24.5,71.9
20260710T082734Z,24.4,72.0
20260710T082749Z,24.3,73.8
20260710T082804Z,24.3,75.9
20260710T082819Z,24.3,77.6
20260710T082834Z,24.3,77.7
20260710T082849Z,24.4,78.5
20260710T082904Z,24.4,78.8
20260710T082919Z,24.4,79.2
20260710T082934Z,24.4,79.6
20260710T082949Z,24.4,79.9
20260710T083004Z,24.5,80.2
20260710T083019Z,24.5,80.5
20260710T083034Z,24.5,80.8
20260710T083049Z,24.6,81.2
20260710T083104Z,24.6,81.5
20260710T083119Z,24.6,81.5
20260710T083134Z,24.7,81.9
20260710T083149Z,24.7,82.2
20260710T083204Z,24.8,82.6
20260710T083219Z,24.8,82.9
20260710T083234Z,24.9,83.1
20260710T083249Z,24.9,83.2
20260710T083304Z,24.9,83.5
20260710T083319Z,25.0,83.8
20260710T083334Z,25.0,83.9
20260710T083349Z,25.0,84.1
20260710T083404Z,25.0,84.3
20260710T083419Z,25.1,84.5
20260710T083434Z,25.1,84.8
20260710T083449Z,25.1,84.9
20260710T083504Z,25.2,85.1
20260710T083519Z,25.2,85.3
20260710T083534Z,25.2,85.5
20260710T083549Z,25.3,85.7
20260710T083604Z,25.3,85.8
20260710T083619Z,25.3,86.0
20260710T083634Z,25.3,86.1
20260710T083649Z,25.4,86.4
20260710T083704Z,25.4,86.5
20260710T083719Z,25.4,86.7
20260710T083734Z,25.4,86.8
20260710T083749Z,25.4,86.9
20260710T083804Z,25.5,87.1
20260710T083819Z,25.5,87.2
20260710T083834Z,25.5,87.2
20260710T083849Z,25.5,87.3
20260710T083904Z,25.6,87.4
20260710T083919Z,25.6,87.6
20260710T083934Z,25.6,87.0
20260710T083949Z,25.6,86.1
20260710T084004Z,25.6,85.1
20260710T084019Z,25.6,84.6
20260710T084034Z,25.6,84.0
20260710T084049Z,25.6,82.6
20260710T084104Z,25.5,81.7
20260710T084119Z,25.5,81.4
20260710T084134Z,25.5,81.0
20260710T084149Z,25.4,79.6
20260710T084204Z,25.4,78.4
20260710T084219Z,25.4,77.7
20260710T084234Z,25.3,77.1
20260710T084249Z,25.3,76.5
20260710T084304Z,25.3,75.1
20260710T084319Z,25.2,74.7
20260710T084334Z,25.1,73.4
20260710T084349Z,25.0,73.1
20260710T084404Z,24.9,72.4
20260710T084419Z,24.9,72.0
20260710T084434Z,24.8,72.0
20260710T084449Z,24.7,73.4
20260710T084504Z,24.7,75.3
20260710T084519Z,24.7,77.0
20260710T084534Z,24.7,77.6
20260710T084549Z,24.6,78.5
20260710T084604Z,24.6,78.6
20260710T084619Z,24.6,78.9
20260710T084634Z,24.6,79.2
20260710T084649Z,24.6,79.7
20260710T084704Z,24.7,79.8
20260710T084719Z,24.7,80.4
20260710T084734Z,24.7,80.7
20260710T084749Z,24.7,81.0
20260710T084804Z,24.7,81.5
20260710T084819Z,24.8,81.7
20260710T084834Z,24.8,82.0
20260710T084849Z,24.9,82.4
20260710T084904Z,24.9,82.6
20260710T084919Z,24.9,82.9
20260710T084934Z,24.9,83.1
20260710T084949Z,24.9,83.3
20260710T085004Z,25.0,83.6
20260710T085019Z,25.0,83.9
20260710T085034Z,25.1,84.1
20260710T085049Z,25.1,84.5
20260710T085104Z,25.1,84.7
20260710T085119Z,25.1,84.9
20260710T085134Z,25.2,85.2
20260710T085149Z,25.2,85.2
20260710T085204Z,25.2,85.4
20260710T085219Z,25.2,85.6
20260710T085234Z,25.3,85.8
20260710T085249Z,25.3,86.1
20260710T085304Z,25.3,86.1
20260710T085320Z,25.3,86.4
20260710T085334Z,25.3,86.6
20260710T085350Z,25.4,86.7
20260710T085404Z,25.4,86.7
20260710T085419Z,25.4,86.9
20260710T085434Z,25.5,86.9
20260710T085449Z,25.5,87.3
20260710T085504Z,25.5,87.2
20260710T085519Z,25.5,87.2
20260710T085534Z,25.5,87.5
20260710T085549Z,25.6,87.7
20260710T085604Z,25.6,87.7
20260710T085619Z,25.6,87.7
20260710T085634Z,25.6,87.2
20260710T085649Z,25.6,86.2
20260710T085704Z,25.6,84.9
20260710T085719Z,25.6,84.8
20260710T085734Z,25.6,84.1
20260710T085749Z,25.6,83.2
20260710T085805Z,25.5,82.0
20260710T085819Z,25.5,81.2
20260710T085834Z,25.5,80.3
20260710T085849Z,25.4,79.2
20260710T085904Z,25.3,78.2
20260710T085920Z,25.2,78.0
20260710T085934Z,25.2,77.7
20260710T085950Z,25.1,76.1
20260710T090004Z,25.1,76.2
20260710T090019Z,25.0,75.2
20260710T090034Z,25.0,74.4
20260710T090049Z,24.9,73.3
20260710T090104Z,24.8,72.7
20260710T090119Z,24.7,72.3
20260710T090134Z,24.6,71.8
20260710T090150Z,24.6,71.0
20260710T090205Z,24.5,70.4
20260710T090220Z,24.4,71.5
20260710T090234Z,24.4,72.8
20260710T090250Z,24.4,74.7
20260710T090304Z,24.4,76.1
20260710T090320Z,24.4,76.7
20260710T090334Z,24.5,77.2
20260710T090350Z,24.5,77.8
20260710T090404Z,24.5,78.0
20260710T090420Z,24.5,78.2
20260710T090434Z,24.6,78.7
20260710T090450Z,24.6,79.0
20260710T090504Z,24.6,79.1
20260710T090520Z,24.7,79.8
20260710T090534Z,24.7,79.9
20260710T090550Z,24.7,80.5
20260710T090604Z,24.8,80.8
20260710T090620Z,24.8,81.1
20260710T090634Z,24.9,81.3
20260710T090650Z,24.9,81.6
20260710T090704Z,24.9,81.9
20260710T090720Z,24.9,82.1
20260710T090734Z,25.0,82.4
20260710T090750Z,25.0,82.6
20260710T090804Z,25.0,83.1
20260710T090820Z,25.1,83.2
20260710T090835Z,25.1,83.3
20260710T090850Z,25.1,83.6
20260710T090904Z,25.2,84.0
20260710T090920Z,25.2,84.0
20260710T090935Z,25.2,84.2
20260710T090949Z,25.2,84.4
20260710T091005Z,25.2,84.7
20260710T091019Z,25.3,84.7
20260710T091035Z,25.3,84.9
20260710T091049Z,25.3,85.1
20260710T091105Z,25.4,85.3
20260710T091119Z,25.4,85.5
20260710T091134Z,25.4,85.6
20260710T091150Z,25.4,85.8
20260710T091204Z,25.5,86.0
20260710T091220Z,25.5,86.2
20260710T091234Z,25.5,86.2
20260710T091250Z,25.5,86.3
20260710T091304Z,25.5,86.5
20260710T091320Z,25.6,86.5
20260710T091334Z,25.6,86.6
20260710T091350Z,25.6,86.6
20260710T091405Z,25.6,86.8
20260710T091419Z,25.6,86.9
20260710T091434Z,25.6,86.7
20260710T091450Z,25.7,86.6
20260710T091505Z,25.7,84.7
20260710T091519Z,25.7,84.0
20260710T091534Z,25.7,83.7
20260710T091550Z,25.6,82.5
20260710T091604Z,25.6,81.7
20260710T091620Z,25.5,80.7
20260710T091634Z,25.5,80.0
20260710T091650Z,25.5,79.3
20260710T091704Z,25.4,78.6
20260710T091720Z,25.4,77.5
20260710T091734Z,25.3,76.2
20260710T091750Z,25.2,75.6
20260710T091804Z,25.2,74.7
20260710T091820Z,25.1,74.6
20260710T091834Z,25.0,73.7
20260710T091850Z,24.9,73.5
20260710T091904Z,24.8,72.7
20260710T091920Z,24.8,72.3
20260710T091934Z,24.7,71.4
20260710T091949Z,24.7,70.7
20260710T092005Z,24.6,70.4
20260710T092019Z,24.5,70.4
20260710T092034Z,24.4,71.3
20260710T092050Z,24.4,73.4
20260710T092105Z,24.4,75.2
20260710T092120Z,24.4,76.2
20260710T092135Z,24.4,76.6
20260710T092149Z,24.4,76.9
20260710T092205Z,24.5,77.4
20260710T092219Z,24.5,77.7
20260710T092235Z,24.5,78.2
20260710T092250Z,24.5,78.3
20260710T092304Z,24.6,78.7
20260710T092320Z,24.6,79.2
20260710T092334Z,24.6,79.7
20260710T092349Z,24.7,80.0
20260710T092405Z,24.7,80.5
20260710T092419Z,24.7,80.7
20260710T092435Z,24.8,81.0
20260710T092449Z,24.8,81.4
20260710T092505Z,24.8,81.5
20260710T092519Z,24.9,81.9
20260710T092534Z,24.9,82.2
20260710T092550Z,24.9,82.3
20260710T092604Z,25.0,82.7
20260710T092620Z,25.0,82.9
20260710T092634Z,25.0,83.1
20260710T092650Z,25.0,83.4
20260710T092704Z,25.1,83.5
20260710T092719Z,25.1,84.0
20260710T092734Z,25.1,84.2
20260710T092750Z,25.2,84.3
20260710T092804Z,25.2,84.5
20260710T092820Z,25.2,84.6
20260710T092834Z,25.2,84.8
20260710T092850Z,25.3,85.1
20260710T092904Z,25.3,85.2
20260710T092920Z,25.3,85.5
20260710T092934Z,25.3,85.6
20260710T092950Z,25.3,85.8
20260710T093005Z,25.4,86.0
20260710T093019Z,25.4,86.2
20260710T093035Z,25.4,86.1
20260710T093049Z,25.4,86.4
20260710T093105Z,25.5,86.4
20260710T093119Z,25.5,86.6
20260710T093135Z,25.5,86.7
20260710T093149Z,25.5,86.9
20260710T093205Z,25.5,86.9
20260710T093219Z,25.6,87.0
20260710T093234Z,25.6,87.0
20260710T093250Z,25.6,86.9
20260710T093304Z,25.6,86.7
20260710T093320Z,25.6,84.9
20260710T093334Z,25.6,84.0
20260710T093349Z,25.6,83.5
20260710T093404Z,25.5,82.5
20260710T093419Z,25.5,82.0
20260710T093435Z,25.4,81.2
20260710T093449Z,25.4,80.5
20260710T093505Z,25.3,79.8
20260710T093519Z,25.3,79.0
20260710T093535Z,25.2,78.2
20260710T093549Z,25.2,77.2
20260710T093605Z,25.1,76.4
20260710T093619Z,25.0,76.0
20260710T093634Z,25.0,75.6
20260710T093649Z,25.0,74.7
20260710T093705Z,24.9,73.5
20260710T093719Z,24.8,73.1
20260710T093735Z,24.8,72.3
20260710T093749Z,24.7,72.1
20260710T093805Z,24.6,71.7
20260710T093819Z,24.6,71.3
20260710T093835Z,24.5,70.5
20260710T093849Z,24.5,71.6
20260710T093905Z,24.5,73.6
20260710T093919Z,24.5,75.2
20260710T093935Z,24.5,76.4
20260710T093949Z,24.5,76.7
20260710T094004Z,24.5,77.0
20260710T094019Z,24.5,77.7
20260710T094034Z,24.5,77.7
20260710T094050Z,24.5,78.0
20260710T094104Z,24.5,78.2
20260710T094120Z,24.6,78.9
20260710T094134Z,24.6,79.3
20260710T094150Z,24.7,79.4
20260710T094204Z,24.7,79.8
20260710T094220Z,24.7,80.1
20260710T094235Z,24.8,80.6
20260710T094250Z,24.8,80.7
20260710T094305Z,24.8,81.1
20260710T094319Z,24.8,81.6
20260710T094335Z,24.9,81.7
20260710T094350Z,24.9,81.9
20260710T094405Z,24.9,82.2
20260710T094419Z,25.0,82.6
20260710T094435Z,25.0,82.8
20260710T094449Z,25.0,83.2
20260710T094505Z,25.0,83.3
20260710T094519Z,25.1,83.6
20260710T094534Z,25.1,83.8
20260710T094550Z,25.1,83.9
20260710T094604Z,25.2,84.1
20260710T094620Z,25.2,84.5
20260710T094635Z,25.2,84.7
20260710T094649Z,25.2,84.8
20260710T094704Z,25.2,85.1
20260710T094720Z,25.3,85.4
20260710T094734Z,25.3,85.5
20260710T094749Z,25.3,85.6
20260710T094805Z,25.3,85.7
20260710T094819Z,25.4,85.9
20260710T094835Z,25.4,86.0
20260710T094849Z,25.4,86.1
20260710T094905Z,25.4,86.3
20260710T094919Z,25.4,86.4
20260710T094935Z,25.5,86.6
20260710T094949Z,25.5,86.6
20260710T095005Z,25.5,86.8
20260710T095019Z,25.5,86.9
20260710T095035Z,25.5,86.8
20260710T095049Z,25.5,87.1
20260710T095105Z,25.6,87.1
20260710T095119Z,25.6,87.1
20260710T095135Z,25.6,87.2
20260710T095149Z,25.6,86.4
20260710T095205Z,25.6,85.8
20260710T095219Z,25.6,85.1
20260710T095235Z,25.6,84.2
20260710T095249Z,25.6,83.1
20260710T095304Z,25.6,82.7
20260710T095320Z,25.6,81.6
20260710T095335Z,25.5,80.9
20260710T095349Z,25.5,80.2
20260710T095405Z,25.5,79.1
20260710T095419Z,25.4,77.9
20260710T095435Z,25.4,77.0
20260710T095449Z,25.3,76.3
20260710T095505Z,25.2,75.3
20260710T095519Z,25.1,74.8
20260710T095535Z,25.0,74.3
20260710T095549Z,25.0,73.5
20260710T095605Z,24.9,72.7
20260710T095620Z,24.8,72.6
20260710T095635Z,24.7,72.0
20260710T095649Z,24.6,72.1
20260710T095705Z,24.6,73.6
20260710T095719Z,24.6,75.2
20260710T095735Z,24.6,76.8
20260710T095749Z,24.6,77.5
20260710T095805Z,24.6,77.9
20260710T095819Z,24.6,78.3
20260710T095835Z,24.6,78.6
20260710T095850Z,24.6,79.2
20260710T095905Z,24.6,79.3
20260710T095920Z,24.7,79.8
20260710T095935Z,24.7,80.0
20260710T095950Z,24.7,80.4
20260710T100005Z,24.7,80.8
20260710T100020Z,24.8,81.3
20260710T100035Z,24.8,81.3
20260710T100050Z,24.8,81.5
20260710T100105Z,24.9,81.9
20260710T100120Z,24.9,82.4
20260710T100135Z,24.9,82.6
20260710T100150Z,24.9,82.9
20260710T100205Z,25.0,83.2
20260710T100220Z,25.0,83.4
20260710T100235Z,25.0,83.5
20260710T100250Z,25.0,83.7
20260710T100305Z,25.1,84.0
20260710T100320Z,25.1,84.3
20260710T100335Z,25.1,84.4
20260710T100350Z,25.1,84.6
20260710T100405Z,25.2,84.7
20260710T100420Z,25.2,85.0
20260710T100435Z,25.2,85.2
20260710T100450Z,25.2,85.5
20260710T100505Z,25.3,85.5
20260710T100520Z,25.3,85.8
20260710T100535Z,25.3,85.9
20260710T100550Z,25.3,86.1
20260710T100605Z,25.3,86.1
20260710T100620Z,25.3,86.4
20260710T100635Z,25.4,86.6
20260710T100650Z,25.4,86.6
20260710T100705Z,25.4,86.8
20260710T100720Z,25.4,86.8
20260710T100735Z,25.5,87.0
20260710T100750Z,25.5,87.0
20260710T100805Z,25.5,87.1
20260710T100820Z,25.5,87.1
20260710T100835Z,25.6,87.2
20260710T100850Z,25.6,87.3
20260710T100905Z,25.6,87.4
20260710T100920Z,25.6,87.5
20260710T100935Z,25.6,86.9
20260710T100950Z,25.6,85.9
20260710T101005Z,25.6,85.0
20260710T101020Z,25.6,84.5
20260710T101035Z,25.6,83.3
20260710T101050Z,25.6,82.6
20260710T101105Z,25.5,81.6
20260710T101120Z,25.5,81.5
20260710T101135Z,25.5,80.0
20260710T101150Z,25.4,79.2
20260710T101205Z,25.4,78.8
20260710T101220Z,25.3,77.6
20260710T101235Z,25.3,76.9
20260710T101250Z,25.2,76.0
20260710T101305Z,25.1,75.5
20260710T101320Z,25.0,74.4
20260710T101335Z,24.9,73.9
20260710T101350Z,24.9,73.2
20260710T101405Z,24.8,72.7
20260710T101420Z,24.7,72.5
20260710T101435Z,24.6,73.6
20260710T101450Z,24.6,75.8
20260710T101505Z,24.6,77.0
20260710T101520Z,24.6,78.1
20260710T101535Z,24.6,78.5
20260710T101550Z,24.6,78.9
20260710T101605Z,24.6,79.0
20260710T101620Z,24.6,79.4
20260710T101635Z,24.6,79.5
20260710T101650Z,24.6,80.1
20260710T101705Z,24.7,80.2
20260710T101720Z,24.7,80.8
20260710T101735Z,24.7,80.9
20260710T101750Z,24.8,81.4
20260710T101805Z,24.8,81.6
20260710T101820Z,24.8,81.8
20260710T101835Z,24.8,81.9
20260710T101850Z,24.9,82.2
20260710T101905Z,24.9,82.6
20260710T101920Z,24.9,83.0
20260710T101935Z,25.0,83.2
20260710T101950Z,25.0,83.7
20260710T102005Z,25.0,83.9
20260710T102020Z,25.0,84.0
20260710T102035Z,25.0,84.2
20260710T102050Z,25.1,84.4
20260710T102105Z,25.1,84.6
20260710T102120Z,25.1,84.8
20260710T102135Z,25.2,85.1
20260710T102150Z,25.1,85.3
20260710T102205Z,25.2,85.4
20260710T102220Z,25.2,85.7
20260710T102235Z,25.2,85.8
20260710T102250Z,25.2,86.0
20260710T102305Z,25.2,86.0
20260710T102320Z,25.3,86.2
20260710T102335Z,25.3,86.4
20260710T102350Z,25.3,86.6
20260710T102405Z,25.3,86.7
20260710T102420Z,25.3,86.8
20260710T102435Z,25.3,87.0
20260710T102450Z,25.4,87.1
20260710T102505Z,25.4,87.1
20260710T102520Z,25.4,87.3
20260710T102535Z,25.4,87.4
20260710T102550Z,25.4,87.4
20260710T102605Z,25.4,87.5
20260710T102620Z,25.5,87.6
20260710T102635Z,25.5,87.7
20260710T102650Z,25.5,87.7
20260710T102705Z,25.5,87.8
20260710T102720Z,25.5,87.8
20260710T102735Z,25.6,87.9
20260710T102750Z,25.6,87.8
20260710T102805Z,25.6,88.0
20260710T102820Z,25.6,87.9
20260710T102835Z,25.6,87.7
20260710T102850Z,25.6,86.2
20260710T102905Z,25.6,85.3
20260710T102920Z,25.6,84.3
20260710T102935Z,25.6,83.8
20260710T102950Z,25.5,83.0
20260710T103005Z,25.5,82.3
20260710T103020Z,25.5,81.6
20260710T103035Z,25.4,80.2
20260710T103050Z,25.4,79.5
20260710T103105Z,25.4,78.5
20260710T103120Z,25.3,77.6
20260710T103136Z,25.2,76.8
20260710T103150Z,25.1,76.1
20260710T103205Z,25.0,75.2
20260710T103220Z,24.9,74.4
20260710T103235Z,24.8,73.8
20260710T103250Z,24.7,73.5
20260710T103305Z,24.6,72.9
20260710T103320Z,24.5,74.0
20260710T103335Z,24.5,75.2
20260710T103350Z,24.5,77.4
20260710T103405Z,24.5,78.2
20260710T103420Z,24.5,79.1
20260710T103435Z,24.5,79.3
20260710T103450Z,24.5,79.6
20260710T103505Z,24.5,79.9
20260710T103520Z,24.6,80.1
20260710T103535Z,24.6,80.4
20260710T103550Z,24.6,80.5
20260710T103605Z,24.6,80.9
20260710T103620Z,24.7,81.2
20260710T103635Z,24.7,81.5
20260710T103650Z,24.7,82.0
20260710T103705Z,24.7,82.1
20260710T103720Z,24.8,82.5
20260710T103735Z,24.8,82.8
20260710T103750Z,24.8,83.2
20260710T103805Z,24.8,83.5
20260710T103820Z,24.9,83.6
20260710T103835Z,24.9,83.9
20260710T103850Z,24.9,84.3
20260710T103905Z,24.9,84.5
20260710T103920Z,25.0,84.9
20260710T103935Z,25.0,84.9
20260710T103950Z,25.0,85.2
20260710T104005Z,25.0,85.4
20260710T104020Z,25.0,85.5
20260710T104035Z,25.1,85.7
20260710T104050Z,25.1,86.0
20260710T104105Z,25.1,86.0
20260710T104120Z,25.1,86.2
20260710T104135Z,25.1,86.5
20260710T104150Z,25.2,86.6
20260710T104205Z,25.2,86.8
20260710T104220Z,25.2,87.0
20260710T104235Z,25.2,87.2
20260710T104250Z,25.2,87.2
20260710T104305Z,25.2,87.4
20260710T104320Z,25.2,87.4
20260710T104335Z,25.3,87.6
20260710T104350Z,25.3,87.6
20260710T104405Z,25.3,87.7
20260710T104420Z,25.3,87.8
20260710T104435Z,25.3,87.9
20260710T104450Z,25.4,87.9
20260710T104505Z,25.4,88.0
20260710T104520Z,25.4,88.0
20260710T104535Z,25.4,88.1
20260710T104550Z,25.4,88.1
20260710T104605Z,25.5,88.1
20260710T104620Z,25.5,88.3
20260710T104635Z,25.5,88.3
20260710T104650Z,25.5,88.4
20260710T104705Z,25.5,88.3
20260710T104720Z,25.6,87.8
20260710T104735Z,25.6,87.7
20260710T104750Z,25.6,87.8
20260710T104805Z,25.6,87.8
20260710T104820Z,25.6,87.8
20260710T104835Z,25.7,87.3
20260710T104850Z,25.7,86.0
20260710T104905Z,25.7,85.2
20260710T104920Z,25.7,84.6
20260710T104935Z,25.7,83.8
20260710T104950Z,25.6,82.6
20260710T105005Z,25.6,81.5
20260710T105020Z,25.5,81.0
20260710T105035Z,25.5,80.3
20260710T105050Z,25.4,79.9
20260710T105105Z,25.3,78.8
20260710T105120Z,25.3,78.4
20260710T105135Z,25.2,77.8
20260710T105150Z,25.2,77.1
20260710T105205Z,25.2,76.2
20260710T105220Z,25.1,74.9
20260710T105235Z,25.1,74.0
20260710T105250Z,25.0,72.8
20260710T105305Z,24.9,72.5
20260710T105320Z,24.8,72.2
20260710T105335Z,24.7,71.7
20260710T105350Z,24.6,71.5
20260710T105405Z,24.6,72.8
20260710T105420Z,24.6,74.1
20260710T105435Z,24.6,75.5
20260710T105450Z,24.6,76.8
20260710T105505Z,24.6,77.4
20260710T105520Z,24.6,78.0
20260710T105535Z,24.6,78.5
20260710T105550Z,24.6,78.9
20260710T105605Z,24.6,79.7
20260710T105620Z,24.6,79.8
20260710T105636Z,24.6,80.5
20260710T105650Z,24.7,80.9
20260710T105705Z,24.7,81.4
20260710T105720Z,24.7,81.8
20260710T105735Z,24.7,81.9
20260710T105750Z,24.8,82.3
20260710T105805Z,24.8,82.6
20260710T105820Z,24.8,82.9
20260710T105835Z,24.9,83.3
20260710T105850Z,24.9,83.7
20260710T105905Z,24.9,84.0
20260710T105920Z,25.0,84.4
20260710T105935Z,25.0,84.5
20260710T105950Z,25.0,84.6
20260710T110005Z,25.1,84.9
20260710T110020Z,25.1,85.1
20260710T110035Z,25.1,85.6
20260710T110050Z,25.1,85.7
20260710T110105Z,25.2,85.9
20260710T110120Z,25.2,86.1
20260710T110135Z,25.2,86.2
20260710T110150Z,25.2,86.5
20260710T110205Z,25.3,86.7
20260710T110220Z,25.3,87.0
20260710T110235Z,25.3,87.1
20260710T110250Z,25.4,87.2
20260710T110305Z,25.4,87.3
20260710T110320Z,25.4,87.5
20260710T110335Z,25.4,87.6
20260710T110350Z,25.4,87.7
20260710T110405Z,25.5,87.9
20260710T110420Z,25.5,87.9
20260710T110435Z,25.5,88.1
20260710T110450Z,25.6,88.3
20260710T110505Z,25.6,88.3
20260710T110520Z,25.6,88.3
20260710T110535Z,25.6,88.2
20260710T110550Z,25.6,87.9
20260710T110605Z,25.6,86.0
20260710T110620Z,25.6,85.0
20260710T110635Z,25.6,84.6
20260710T110650Z,25.5,83.9
20260710T110705Z,25.5,83.0
20260710T110720Z,25.4,82.2
20260710T110735Z,25.4,81.2
20260710T110750Z,25.3,80.5
20260710T110805Z,25.3,80.0
20260710T110820Z,25.2,79.0
20260710T110835Z,25.2,78.5
20260710T110850Z,25.1,77.8
20260710T110905Z,25.1,77.0
20260710T110920Z,25.0,76.0
20260710T110935Z,24.9,75.2
20260710T110950Z,24.9,74.4
20260710T111005Z,24.8,73.3
20260710T111020Z,24.7,72.7
20260710T111035Z,24.7,72.4
20260710T111050Z,24.6,71.4
20260710T111105Z,24.5,71.1
20260710T111120Z,24.5,71.3
20260710T111135Z,24.4,72.5
20260710T111150Z,24.4,74.0
20260710T111205Z,24.4,75.8
20260710T111220Z,24.4,76.6
20260710T111235Z,24.4,77.0
20260710T111250Z,24.4,77.0
20260710T111305Z,24.4,77.8
20260710T111320Z,24.4,78.0
20260710T111335Z,24.4,78.4
20260710T111350Z,24.4,78.8
20260710T111405Z,24.5,79.2
20260710T111420Z,24.5,79.9
20260710T111435Z,24.5,79.9
20260710T111450Z,24.5,80.6
20260710T111505Z,24.5,80.9
20260710T111520Z,24.6,81.1
20260710T111535Z,24.6,81.6
20260710T111550Z,24.6,82.0
20260710T111605Z,24.6,82.5
20260710T111620Z,24.6,82.6
20260710T111635Z,24.7,82.8
20260710T111650Z,24.7,83.3
20260710T111705Z,24.7,83.5
20260710T111720Z,24.8,83.6
20260710T111735Z,24.8,83.9
20260710T111750Z,24.8,84.2
20260710T111805Z,24.8,84.6
20260710T111820Z,24.8,84.7
20260710T111835Z,24.9,85.0
20260710T111850Z,24.9,85.2
20260710T111905Z,24.9,85.3
20260710T111920Z,25.0,85.6
20260710T111935Z,25.0,85.6
20260710T111950Z,25.0,85.9
20260710T112005Z,25.0,85.9
20260710T112020Z,25.1,86.3
20260710T112035Z,25.1,86.4
20260710T112050Z,25.1,86.6
20260710T112105Z,25.1,86.8
20260710T112120Z,25.2,86.8
20260710T112135Z,25.2,87.0
20260710T112150Z,25.2,87.0
20260710T112205Z,25.2,87.3
20260710T112220Z,25.2,87.3
20260710T112235Z,25.3,87.4
20260710T112250Z,25.3,87.7
20260710T112305Z,25.3,87.6
20260710T112320Z,25.3,87.6
20260710T112335Z,25.4,87.8
20260710T112350Z,25.4,87.8
20260710T112405Z,25.4,87.9
20260710T112420Z,25.4,87.9
20260710T112435Z,25.5,88.1
20260710T112450Z,25.5,88.1
20260710T112505Z,25.5,88.1
20260710T112520Z,25.5,88.2
20260710T112535Z,25.6,88.3
20260710T112550Z,25.6,88.3
20260710T112605Z,25.6,88.3
20260710T112620Z,25.6,87.6
20260710T112635Z,25.6,87.4
20260710T112650Z,25.6,85.8
20260710T112705Z,25.6,85.3
20260710T112720Z,25.6,84.3
20260710T112735Z,25.6,83.7
20260710T112750Z,25.5,83.0
20260710T112805Z,25.5,82.1
20260710T112820Z,25.5,81.2
20260710T112835Z,25.4,80.2
20260710T112850Z,25.4,79.7
20260710T112905Z,25.3,78.9
20260710T112920Z,25.2,78.1
20260710T112935Z,25.2,77.3
20260710T112950Z,25.1,76.4
20260710T113005Z,25.1,76.5
20260710T113020Z,25.1,75.4
20260710T113035Z,25.0,74.6
20260710T113050Z,25.0,74.1
20260710T113105Z,24.9,73.2
20260710T113120Z,24.9,73.1
20260710T113135Z,24.9,71.9
20260710T113150Z,24.8,72.3
20260710T113205Z,24.8,73.7
20260710T113220Z,24.8,75.5
20260710T113235Z,24.8,76.8
20260710T113250Z,24.8,77.5
20260710T113305Z,24.7,77.9
20260710T113320Z,24.7,78.3
20260710T113335Z,24.7,78.6
20260710T113350Z,24.7,79.0
20260710T113405Z,24.7,79.7
20260710T113420Z,24.7,80.0
20260710T113435Z,24.7,80.5
20260710T113450Z,24.8,80.8
20260710T113505Z,24.8,81.2
20260710T113520Z,24.8,81.6
20260710T113535Z,24.8,82.0
20260710T113550Z,24.8,82.1
20260710T113605Z,24.9,82.5
20260710T113620Z,24.9,82.9
20260710T113635Z,24.9,83.3
20260710T113650Z,24.9,83.5
20260710T113705Z,25.0,83.8
20260710T113720Z,25.0,84.4
20260710T113735Z,25.0,84.4
20260710T113750Z,25.0,84.7
20260710T113805Z,25.0,85.0
20260710T113820Z,25.1,85.2
20260710T113835Z,25.1,85.2
20260710T113850Z,25.1,85.4
20260710T113905Z,25.2,85.7
20260710T113920Z,25.2,86.0
20260710T113935Z,25.2,86.1
20260710T113950Z,25.2,86.2
20260710T114005Z,25.2,86.5
20260710T114020Z,25.3,86.7
20260710T114035Z,25.3,86.8
20260710T114050Z,25.3,87.0
20260710T114105Z,25.3,87.1
20260710T114120Z,25.4,87.3
20260710T114135Z,25.4,87.3
20260710T114150Z,25.4,87.5
20260710T114205Z,25.4,87.6
20260710T114220Z,25.4,87.7
20260710T114235Z,25.5,87.8
20260710T114250Z,25.5,87.9
20260710T114305Z,25.5,88.0
20260710T114320Z,25.5,88.1
20260710T114335Z,25.6,88.2
20260710T114350Z,25.6,88.2
20260710T114405Z,25.6,88.2
20260710T114420Z,25.6,87.5
20260710T114435Z,25.6,86.9
20260710T114450Z,25.6,85.9
20260710T114505Z,25.6,85.1
20260710T114520Z,25.6,84.1
20260710T114535Z,25.5,83.3
20260710T114550Z,25.5,82.4
20260710T114605Z,25.4,81.6
20260710T114620Z,25.4,81.0
20260710T114635Z,25.3,79.6
20260710T114650Z,25.3,79.3
20260710T114705Z,25.2,78.0
20260710T114720Z,25.1,77.7
20260710T114735Z,25.1,77.0
20260710T114750Z,25.0,75.9
20260710T114805Z,24.9,75.8
20260710T114820Z,24.9,75.4
20260710T114835Z,24.9,74.4
20260710T114850Z,24.8,73.3
20260710T114905Z,24.7,72.9
20260710T114920Z,24.7,71.9
20260710T114935Z,24.6,71.4
20260710T114950Z,24.5,71.8
20260710T115005Z,24.5,73.3
20260710T115020Z,24.5,75.1
20260710T115035Z,24.5,76.4
20260710T115050Z,24.5,77.5
20260710T115105Z,24.5,78.2
20260710T115120Z,24.5,78.5
20260710T115135Z,24.5,79.0
20260710T115150Z,24.5,79.4
20260710T115205Z,24.5,79.5
20260710T115220Z,24.6,79.9
20260710T115236Z,24.6,80.5
20260710T115251Z,24.6,81.0
20260710T115305Z,24.6,81.5
20260710T115320Z,24.7,81.5
20260710T115335Z,24.7,81.9
20260710T115350Z,24.7,82.4
20260710T115405Z,24.7,82.8
20260710T115420Z,24.8,83.1
20260710T115435Z,24.8,83.4
20260710T115450Z,24.8,83.4
20260710T115505Z,24.9,83.6
20260710T115520Z,24.9,84.1
20260710T115535Z,24.9,84.5
20260710T115550Z,24.9,84.5
20260710T115605Z,25.0,84.8
20260710T115620Z,25.0,84.8
20260710T115635Z,25.0,84.8
20260710T115650Z,25.1,84.4
20260710T115705Z,25.1,84.6
20260710T115720Z,25.1,84.5
20260710T115735Z,25.1,84.2
20260710T115750Z,25.1,84.3
20260710T115805Z,25.1,84.3
20260710T115820Z,25.1,84.4
20260710T115835Z,25.1,84.4
20260710T115850Z,25.2,84.6
20260710T115905Z,25.2,84.8
20260710T115920Z,25.2,85.0
20260710T115935Z,25.2,85.2
20260710T115950Z,25.2,85.4
20260710T120005Z,25.2,85.7
20260710T120020Z,25.2,85.8
20260710T120035Z,25.2,85.9
20260710T120050Z,25.3,86.0
20260710T120105Z,25.3,86.1
20260710T120120Z,25.3,86.3
20260710T120135Z,25.3,86.3
20260710T120150Z,25.3,86.4
20260710T120205Z,25.3,86.5
20260710T120220Z,25.4,86.6
20260710T120235Z,25.4,86.9
20260710T120250Z,25.4,86.9
20260710T120305Z,25.4,86.9
20260710T120320Z,25.4,87.0
20260710T120335Z,25.4,87.0
20260710T120350Z,25.5,87.1
20260710T120405Z,25.5,87.2
20260710T120420Z,25.5,87.2
20260710T120435Z,25.5,87.3
20260710T120450Z,25.5,87.3
20260710T120505Z,25.6,87.4
20260710T120520Z,25.6,87.4
20260710T120535Z,25.6,87.5
20260710T120550Z,25.6,87.5
20260710T120605Z,25.6,87.2
20260710T120620Z,25.6,85.4
20260710T120635Z,25.6,85.0
20260710T120650Z,25.6,84.2
20260710T120705Z,25.6,83.8
20260710T120720Z,25.5,82.0
20260710T120735Z,25.5,80.9
20260710T120750Z,25.4,80.4
20260710T120805Z,25.4,80.0
20260710T120820Z,25.3,78.7
20260710T120835Z,25.2,78.4
20260710T120850Z,25.2,77.1
20260710T120905Z,25.1,76.5
20260710T120920Z,25.0,76.6
20260710T120935Z,25.0,75.1
20260710T120950Z,24.9,74.5
20260710T121005Z,24.9,73.9
20260710T121020Z,24.8,72.7
20260710T121035Z,24.7,72.5
20260710T121050Z,24.7,72.2
20260710T121105Z,24.6,73.1
20260710T121120Z,24.6,74.3
20260710T121135Z,24.6,75.6
20260710T121150Z,24.6,76.8
20260710T121205Z,24.6,78.1
20260710T121220Z,24.6,78.0
20260710T121235Z,24.6,78.8
20260710T121250Z,24.6,79.1
20260710T121305Z,24.7,79.3
20260710T121320Z,24.7,79.9
20260710T121335Z,24.7,80.2
20260710T121350Z,24.7,80.8
20260710T121405Z,24.7,81.0
20260710T121420Z,24.8,81.5
20260710T121435Z,24.8,81.6
20260710T121450Z,24.8,82.1
20260710T121505Z,24.8,82.2
20260710T121520Z,24.9,82.8
20260710T121535Z,24.9,83.2
20260710T121550Z,24.9,83.5
20260710T121605Z,24.9,83.7
20260710T121620Z,25.0,84.0
20260710T121635Z,25.0,84.3
20260710T121650Z,25.0,84.5
20260710T121705Z,25.0,84.5
20260710T121720Z,25.1,85.0
20260710T121735Z,25.1,85.2
20260710T121750Z,25.1,85.5
20260710T121805Z,25.1,85.6
20260710T121820Z,25.2,85.8
20260710T121835Z,25.2,86.1
20260710T121850Z,25.2,86.3
20260710T121905Z,25.2,86.5
20260710T121920Z,25.2,86.6
20260710T121935Z,25.3,86.7
20260710T121950Z,25.3,87.0
20260710T122005Z,25.3,86.9
20260710T122020Z,25.3,87.2
20260710T122035Z,25.4,87.3
20260710T122050Z,25.4,87.3
20260710T122105Z,25.4,87.5
20260710T122120Z,25.4,87.4
20260710T122135Z,25.4,87.6
20260710T122150Z,25.5,87.5
20260710T122205Z,25.5,87.8
20260710T122220Z,25.5,87.7
20260710T122235Z,25.5,87.9
20260710T122250Z,25.5,87.9
20260710T122305Z,25.5,88.0
20260710T122320Z,25.6,87.5
20260710T122335Z,25.6,87.1
20260710T122350Z,25.5,84.5
20260710T122405Z,25.5,84.9
20260710T122420Z,25.5,84.2
20260710T122435Z,25.4,83.2
20260710T122450Z,25.4,82.1
20260710T122505Z,25.3,81.8
20260710T122520Z,25.3,81.3
20260710T122535Z,25.3,80.2
20260710T122550Z,25.2,78.9
20260710T122605Z,25.2,78.4
20260710T122620Z,25.1,77.1
20260710T122635Z,25.0,76.3
20260710T122650Z,24.9,75.5
20260710T122705Z,24.9,75.1
20260710T122720Z,24.8,74.8
20260710T122735Z,24.7,73.8
20260710T122750Z,24.7,73.7
20260710T122805Z,24.6,72.8
20260710T122820Z,24.5,72.2
20260710T122835Z,24.5,71.8
20260710T122850Z,24.4,71.3
20260710T122905Z,24.4,72.0
20260710T122920Z,24.4,74.1
20260710T122935Z,24.4,75.6
20260710T122950Z,24.3,76.8
20260710T123005Z,24.4,77.1
20260710T123020Z,24.4,77.9
20260710T123035Z,24.4,78.2
20260710T123050Z,24.4,78.5
20260710T123105Z,24.4,79.2
20260710T123120Z,24.4,79.7
20260710T123135Z,24.4,79.9
20260710T123150Z,24.4,80.7
20260710T123205Z,24.5,80.7
20260710T123220Z,24.5,81.3
20260710T123235Z,24.5,81.3
20260710T123250Z,24.6,81.8
20260710T123305Z,24.6,82.1
20260710T123320Z,24.6,82.2
20260710T123335Z,24.7,82.6
20260710T123350Z,24.7,82.8
20260710T123405Z,24.7,83.2
20260710T123420Z,24.7,83.5
20260710T123435Z,24.8,83.8
20260710T123450Z,24.8,84.1
20260710T123505Z,24.8,84.3
20260710T123520Z,24.8,84.5
20260710T123535Z,24.8,84.4
20260710T123550Z,24.9,85.0
20260710T123605Z,24.9,85.2
20260710T123620Z,24.9,85.3
20260710T123635Z,24.9,85.5
20260710T123650Z,25.0,85.8
20260710T123705Z,25.0,86.0
20260710T123720Z,25.0,86.0
20260710T123735Z,25.0,86.2
20260710T123750Z,25.0,86.3
20260710T123805Z,25.1,86.5
20260710T123820Z,25.1,86.8
20260710T123835Z,25.1,86.8
20260710T123850Z,25.1,87.0
20260710T123905Z,25.1,87.1
20260710T123920Z,25.2,87.1
20260710T123935Z,25.2,87.3
20260710T123950Z,25.2,87.6
20260710T124005Z,25.2,87.6
20260710T124020Z,25.2,87.5
20260710T124035Z,25.2,87.7
20260710T124050Z,25.3,87.9
20260710T124105Z,25.3,87.9
20260710T124120Z,25.3,88.0
20260710T124135Z,25.4,88.0
20260710T124150Z,25.4,88.0
20260710T124205Z,25.4,88.1
20260710T124220Z,25.4,88.0
20260710T124235Z,25.4,88.2
20260710T124250Z,25.5,88.3
20260710T124305Z,25.5,88.4
20260710T124320Z,25.5,88.4
20260710T124335Z,25.5,88.4
20260710T124350Z,25.5,88.5
20260710T124405Z,25.5,88.0
20260710T124420Z,25.6,86.6
20260710T124435Z,25.5,85.2
20260710T124451Z,25.5,85.2
20260710T124505Z,25.5,84.5
20260710T124520Z,25.4,83.4
20260710T124535Z,25.4,82.6
20260710T124551Z,25.4,81.2
20260710T124605Z,25.3,80.9
20260710T124620Z,25.2,79.5
20260710T124635Z,25.2,78.5
20260710T124650Z,25.1,78.6
20260710T124705Z,25.0,77.8
20260710T124720Z,25.0,77.9
20260710T124735Z,24.9,77.7
20260710T124750Z,24.9,77.3
20260710T124805Z,24.9,75.9
20260710T124821Z,24.8,76.3
20260710T124835Z,24.8,75.8
20260710T124850Z,24.7,75.9
20260710T124905Z,24.7,76.1
20260710T124920Z,24.7,75.8
20260710T124935Z,24.7,75.7
20260710T124950Z,24.7,75.8
20260710T125005Z,24.7,75.7
20260710T125020Z,24.6,75.5
20260710T125035Z,24.7,75.2
20260710T125050Z,24.7,75.0
20260710T125105Z,24.7,74.8
20260710T125121Z,24.7,74.9
20260710T125135Z,24.7,74.4
20260710T125151Z,24.7,74.5
20260710T125205Z,24.7,74.5
20260710T125220Z,24.7,74.1
20260710T125235Z,24.6,74.1
20260710T125250Z,24.7,73.7
20260710T125305Z,24.7,73.9
20260710T125320Z,24.7,73.8
20260710T125335Z,24.7,73.6
20260710T125350Z,24.7,73.5
20260710T125406Z,24.7,73.5
20260710T125420Z,24.7,73.2
20260710T125435Z,24.6,73.2
20260710T125450Z,24.6,73.1
20260710T125505Z,24.6,73.0
20260710T125521Z,24.6,73.1
20260710T125535Z,24.6,73.0
20260710T125550Z,24.6,72.8
20260710T125605Z,24.6,72.7
20260710T125620Z,24.6,72.7
20260710T125635Z,24.6,72.5
20260710T125650Z,24.6,72.5
20260710T125706Z,24.6,72.6
20260710T125720Z,24.6,72.3
20260710T125735Z,24.6,72.0
20260710T125751Z,24.6,72.1
20260710T125805Z,24.6,72.0
20260710T125821Z,24.6,71.9
20260710T125835Z,24.6,72.0
20260710T125851Z,24.6,72.0
20260710T125905Z,24.6,71.3
20260710T125921Z,24.6,71.5
20260710T125935Z,24.5,71.3
20260710T125951Z,24.5,71.3
20260710T130005Z,24.5,71.4
20260710T130021Z,24.5,71.4
20260710T130036Z,24.5,71.6
20260710T130050Z,24.5,71.2
20260710T130105Z,24.5,71.2
20260710T130120Z,24.5,71.1
20260710T130135Z,24.5,70.2
20260710T130151Z,24.5,69.7
20260710T130205Z,24.5,69.7
20260710T130221Z,24.5,69.2
20260710T130236Z,24.5,67.4
20260710T130250Z,24.4,67.2
20260710T130306Z,24.4,67.3
20260710T130320Z,24.4,67.1
20260710T130335Z,24.3,65.2
20260710T130351Z,24.2,64.9
20260710T130405Z,24.1,64.2
20260710T130421Z,24.0,64.1
20260710T130435Z,23.9,63.9
20260710T130451Z,23.8,63.4
20260710T130505Z,23.7,63.4
20260710T130521Z,23.6,63.0
20260710T130535Z,23.6,63.8
20260710T130551Z,23.5,65.2
20260710T130605Z,23.6,66.9
20260710T130621Z,23.6,69.5
20260710T130635Z,23.6,70.1
20260710T130651Z,23.6,71.0
20260710T130705Z,23.6,71.3
20260710T130721Z,23.7,71.8
20260710T130736Z,23.7,72.6
20260710T130750Z,23.7,73.4
20260710T130806Z,23.7,73.8
20260710T130820Z,23.7,74.1
20260710T130835Z,23.8,74.9
20260710T130851Z,23.8,75.3
20260710T130905Z,23.9,75.4
20260710T130921Z,23.9,75.8
20260710T130936Z,24.0,76.2
20260710T130950Z,24.0,76.6
20260710T131006Z,24.0,76.7
20260710T131020Z,24.1,77.4
20260710T131036Z,24.1,78.0
20260710T131050Z,24.2,78.2
20260710T131105Z,24.2,78.7
20260710T131121Z,24.2,79.0
20260710T131135Z,24.3,79.2
20260710T131151Z,24.3,79.9
20260710T131205Z,24.3,80.1
20260710T131221Z,24.3,80.5
20260710T131237Z,24.4,80.5
20260710T131251Z,24.4,81.0
20260710T131306Z,24.4,81.2
20260710T131321Z,24.5,81.4
20260710T131335Z,24.5,81.8
20260710T131350Z,24.5,82.1
20260710T131405Z,24.5,82.4
20260710T131420Z,24.6,82.6
20260710T131436Z,24.6,82.9
20260710T131450Z,24.6,83.1
20260710T131506Z,24.6,83.2
20260710T131520Z,24.7,83.4
20260710T131536Z,24.7,83.5
20260710T131550Z,24.7,83.9
20260710T131606Z,24.7,83.9
20260710T131620Z,24.8,84.3
20260710T131636Z,24.8,84.5
20260710T131650Z,24.8,84.7
20260710T131706Z,24.8,84.8
20260710T131720Z,24.9,85.0
20260710T131736Z,24.9,85.2
20260710T131750Z,24.9,85.3
20260710T131806Z,24.9,85.6
20260710T131820Z,24.9,85.7
20260710T131836Z,25.0,85.9
20260710T131850Z,25.0,86.0
20260710T131906Z,25.0,86.3
20260710T131920Z,25.0,86.3
20260710T131935Z,25.0,86.4
20260710T131951Z,25.1,86.5
20260710T132005Z,25.1,86.6
20260710T132021Z,25.1,86.8
20260710T132035Z,25.1,86.8
20260710T132050Z,25.2,87.1
20260710T132105Z,25.2,87.0
20260710T132121Z,25.2,87.0
20260710T132135Z,25.2,87.1
20260710T132151Z,25.2,87.1
20260710T132206Z,25.2,86.8
20260710T132220Z,25.3,87.0
20260710T132237Z,25.3,87.0
20260710T132251Z,25.3,87.2
20260710T132306Z,25.3,87.3
20260710T132320Z,25.3,87.3
20260710T132336Z,25.3,87.4
20260710T132351Z,25.4,87.5
20260710T132405Z,25.4,87.6
20260710T132421Z,25.4,87.6
20260710T132434Z,25.4,87.6
20260710T132451Z,25.4,87.5
20260710T132505Z,25.4,87.0
20260710T132521Z,25.4,85.6
20260710T132535Z,25.4,85.0
20260710T132551Z,25.4,84.1
20260710T132605Z,25.4,83.4
20260710T132620Z,25.4,82.8
20260710T132636Z,25.3,81.7
20260710T132651Z,25.3,81.2
20260710T132705Z,25.3,79.8
20260710T132721Z,25.2,78.8
20260710T132735Z,25.2,77.8
20260710T132751Z,25.1,77.2
20260710T132805Z,25.0,75.7
20260710T132821Z,24.9,75.0
20260710T132835Z,24.8,74.4
20260710T132851Z,24.8,74.1
20260710T132905Z,24.7,73.3
20260710T132921Z,24.6,72.4
20260710T132935Z,24.5,72.3
20260710T132950Z,24.4,73.6
20260710T133006Z,24.4,75.2
20260710T133020Z,24.4,77.2
20260710T133036Z,24.4,78.1
20260710T133050Z,24.4,78.5
20260710T133106Z,24.3,79.0
20260710T133120Z,24.3,79.1
20260710T133136Z,24.3,79.5
20260710T133151Z,24.3,80.0
20260710T133205Z,24.4,80.4
20260710T133220Z,24.4,80.6
20260710T133235Z,24.4,81.1
20260710T133251Z,24.4,81.3
20260710T133305Z,24.4,81.4
20260710T133320Z,24.5,81.9
20260710T133336Z,24.5,82.4
20260710T133350Z,24.5,82.8
20260710T133406Z,24.5,82.9
20260710T133420Z,24.5,83.3
20260710T133436Z,24.6,83.7
20260710T133450Z,24.6,83.6
20260710T133506Z,24.6,83.8
20260710T133520Z,24.6,83.9
20260710T133536Z,24.7,84.3
20260710T133550Z,24.7,84.6
20260710T133606Z,24.7,84.9
20260710T133620Z,24.7,85.0
20260710T133636Z,24.8,85.1
20260710T133650Z,24.8,85.3
20260710T133706Z,24.8,85.6
20260710T133720Z,24.8,86.0
20260710T133736Z,24.8,85.8
20260710T133750Z,24.9,86.0
20260710T133806Z,24.9,86.3
20260710T133820Z,24.9,86.3
20260710T133836Z,25.0,86.3
20260710T133850Z,25.0,86.5
20260710T133905Z,25.0,86.5
20260710T133921Z,25.0,86.7
20260710T133935Z,25.1,86.9
20260710T133951Z,25.1,87.0
20260710T134006Z,25.1,87.0
20260710T134020Z,25.1,87.0
20260710T134036Z,25.1,87.2
20260710T134050Z,25.1,87.3
20260710T134106Z,25.2,87.4
20260710T134120Z,25.2,87.5
20260710T134136Z,25.2,87.6
20260710T134150Z,25.2,87.7
20260710T134206Z,25.2,87.7
20260710T134220Z,25.2,87.8
20260710T134235Z,25.3,87.8
20260710T134251Z,25.3,87.8
20260710T134305Z,25.3,87.9
20260710T134321Z,25.3,87.9
20260710T134335Z,25.3,88.1
20260710T134351Z,25.3,88.0
20260710T134405Z,25.4,88.1
20260710T134421Z,25.4,88.1
20260710T134435Z,25.4,88.1
20260710T134451Z,25.4,88.2
20260710T134505Z,25.4,88.1
20260710T134521Z,25.5,88.1
20260710T134536Z,25.5,88.2
20260710T134551Z,25.5,88.1
20260710T134605Z,25.5,88.2
20260710T134620Z,25.5,88.2
20260710T134636Z,25.5,88.3
20260710T134650Z,25.5,88.2
20260710T134706Z,25.5,88.3
20260710T134720Z,25.6,88.3
20260710T134736Z,25.6,88.3
20260710T134750Z,25.6,88.2
20260710T134806Z,25.6,87.9
20260710T134821Z,25.6,86.5
20260710T134836Z,25.6,85.7
20260710T134851Z,25.5,84.8
20260710T134905Z,25.5,84.1
20260710T134921Z,25.4,83.1
20260710T134935Z,25.4,82.5
20260710T134951Z,25.3,82.0
20260710T135005Z,25.3,81.0
20260710T135021Z,25.3,79.5
20260710T135035Z,25.2,79.0
20260710T135051Z,25.1,77.9
20260710T135105Z,25.1,76.8
20260710T135121Z,25.0,75.9
20260710T135135Z,24.9,75.1
20260710T135151Z,24.8,74.7
20260710T135206Z,24.7,73.8
20260710T135221Z,24.6,73.0
20260710T135235Z,24.6,73.9
20260710T135251Z,24.5,75.5
20260710T135305Z,24.5,77.8
20260710T135321Z,24.4,79.1
20260710T135335Z,24.4,79.1
20260710T135351Z,24.4,79.6
20260710T135406Z,24.3,80.0
20260710T135421Z,24.3,80.3
20260710T135436Z,24.3,80.7
20260710T135451Z,24.3,81.0
20260710T135506Z,24.4,81.2
20260710T135521Z,24.4,81.7
20260710T135536Z,24.4,81.9
20260710T135551Z,24.4,82.2
20260710T135606Z,24.5,82.6
20260710T135621Z,24.5,83.0
20260710T135636Z,24.5,83.1
20260710T135651Z,24.5,83.4
20260710T135706Z,24.6,83.8
20260710T135721Z,24.6,83.8
20260710T135736Z,24.6,84.2
20260710T135751Z,24.6,84.5
20260710T135806Z,24.6,84.7
20260710T135821Z,24.7,84.9
20260710T135836Z,24.7,85.2
20260710T135851Z,24.7,85.4
20260710T135906Z,24.7,85.7
20260710T135921Z,24.7,85.9
20260710T135936Z,24.8,86.0
20260710T135951Z,24.8,86.2
20260710T140006Z,24.8,86.4
20260710T140021Z,24.8,86.5
20260710T140036Z,24.8,86.7
20260710T140051Z,24.9,87.1
20260710T140106Z,24.9,87.1
20260710T140121Z,24.9,87.1
20260710T140136Z,24.9,87.2
20260710T140151Z,24.9,87.6
20260710T140206Z,25.0,87.7
20260710T140221Z,25.0,87.7
20260710T140236Z,25.0,87.8
20260710T140251Z,25.0,87.8
20260710T140306Z,25.0,87.9
20260710T140321Z,25.0,88.0
20260710T140336Z,25.1,88.1
20260710T140352Z,25.1,88.1
20260710T140406Z,25.1,88.2
20260710T140421Z,25.1,88.3
20260710T140436Z,25.1,88.3
20260710T140451Z,25.2,88.3
20260710T140506Z,25.2,88.4
20260710T140521Z,25.2,88.4
20260710T140536Z,25.2,88.4
20260710T140551Z,25.3,88.5
20260710T140606Z,25.3,88.5
20260710T140621Z,25.3,88.5
20260710T140636Z,25.3,88.6
20260710T140651Z,25.3,88.6
20260710T140706Z,25.3,88.6
20260710T140721Z,25.4,88.6
20260710T140736Z,25.4,88.6
20260710T140751Z,25.4,88.5
20260710T140806Z,25.4,88.5
20260710T140821Z,25.4,88.6
20260710T140836Z,25.4,88.5
20260710T140851Z,25.5,88.5
20260710T140906Z,25.5,88.5
20260710T140921Z,25.5,88.5
20260710T140936Z,25.5,88.5
20260710T140951Z,25.5,88.5
20260710T141006Z,25.6,88.5
20260710T141021Z,25.6,88.5
20260710T141036Z,25.6,88.5
20260710T141051Z,25.6,88.5
20260710T141106Z,25.6,88.0
20260710T141121Z,25.6,88.1
20260710T141136Z,25.6,86.2
20260710T141151Z,25.6,85.8
20260710T141206Z,25.5,85.0
20260710T141221Z,25.5,84.1
20260710T141236Z,25.5,83.4
20260710T141251Z,25.5,82.5
20260710T141306Z,25.4,82.0
20260710T141321Z,25.4,80.9
20260710T141336Z,25.4,80.2
20260710T141351Z,25.3,78.3
20260710T141406Z,25.2,77.3
20260710T141421Z,25.1,76.5
20260710T141436Z,25.0,75.6
20260710T141451Z,24.9,74.8
20260710T141506Z,24.8,74.1
20260710T141521Z,24.7,73.6
20260710T141536Z,24.6,74.5
20260710T141551Z,24.5,76.6
20260710T141606Z,24.4,78.3
20260710T141621Z,24.4,79.5
20260710T141636Z,24.4,80.2
20260710T141651Z,24.4,80.6
20260710T141706Z,24.4,80.7
20260710T141721Z,24.4,81.0
20260710T141736Z,24.4,81.4
20260710T141751Z,24.4,81.7
20260710T141806Z,24.4,81.9
20260710T141821Z,24.4,82.3
20260710T141836Z,24.4,82.6
20260710T141852Z,24.5,83.0
20260710T141906Z,24.5,83.2
20260710T141921Z,24.5,83.4
20260710T141936Z,24.5,83.8
20260710T141951Z,24.6,84.1
20260710T142006Z,24.6,84.4
20260710T142021Z,24.6,84.7
20260710T142036Z,24.6,84.9
20260710T142051Z,24.7,85.3
20260710T142106Z,24.7,85.5
20260710T142121Z,24.7,85.6
20260710T142136Z,24.7,85.9
20260710T142151Z,24.7,86.0
20260710T142206Z,24.8,86.3
20260710T142221Z,24.8,86.6
20260710T142236Z,24.8,87.1
20260710T142251Z,24.8,87.1
20260710T142306Z,24.8,87.3
20260710T142321Z,24.9,87.6
20260710T142336Z,24.9,87.9
20260710T142351Z,24.9,87.9
20260710T142406Z,24.9,88.1
20260710T142421Z,25.0,88.2
20260710T142436Z,25.0,88.3
20260710T142451Z,25.0,88.5
20260710T142506Z,25.1,88.7
20260710T142521Z,25.1,88.8
20260710T142536Z,25.1,88.9
20260710T142551Z,25.2,89.0
20260710T142606Z,25.2,89.0
20260710T142621Z,25.2,89.2
20260710T142636Z,25.3,89.1
20260710T142651Z,25.3,89.2
20260710T142706Z,25.3,89.2
20260710T142721Z,25.3,89.3
20260710T142736Z,25.4,89.3
20260710T142751Z,25.4,89.3
20260710T142806Z,25.4,89.3
20260710T142821Z,25.4,89.3
20260710T142836Z,25.5,89.3
20260710T142851Z,25.5,89.3
20260710T142906Z,25.5,89.3
20260710T142921Z,25.6,89.4
20260710T142936Z,25.6,89.4
20260710T142951Z,25.6,89.3
20260710T143006Z,25.7,89.3
20260710T143021Z,25.7,89.0
20260710T143036Z,25.7,87.2
20260710T143051Z,25.7,86.5
20260710T143106Z,25.6,85.9
20260710T143121Z,25.6,84.8
20260710T143136Z,25.6,83.8
20260710T143151Z,25.5,83.1
20260710T143206Z,25.5,82.1
20260710T143221Z,25.5,81.6
20260710T143236Z,25.4,80.5
20260710T143251Z,25.3,79.8
20260710T143306Z,25.3,78.7
20260710T143321Z,25.2,78.3
20260710T143336Z,25.2,77.5
20260710T143351Z,25.1,76.6
20260710T143406Z,25.1,75.3
20260710T143421Z,25.0,75.5
20260710T143436Z,24.9,74.4
20260710T143451Z,24.9,73.6
20260710T143506Z,24.8,72.4
20260710T143521Z,24.7,72.4
20260710T143536Z,24.6,71.9
20260710T143551Z,24.5,71.8
20260710T143606Z,24.5,73.1
20260710T143621Z,24.5,75.1
20260710T143636Z,24.4,76.6
20260710T143651Z,24.4,77.6
20260710T143706Z,24.4,77.7
20260710T143721Z,24.4,78.6
20260710T143736Z,24.4,78.9
20260710T143751Z,24.5,79.2
20260710T143806Z,24.5,79.8
20260710T143821Z,24.5,80.0
20260710T143836Z,24.5,80.5
20260710T143851Z,24.5,80.8
20260710T143906Z,24.6,81.3
20260710T143921Z,24.6,81.6
20260710T143936Z,24.6,82.2
20260710T143951Z,24.7,82.4
20260710T144006Z,24.7,82.8
20260710T144021Z,24.7,82.8
20260710T144036Z,24.8,83.3
20260710T144051Z,24.8,83.6
20260710T144106Z,24.8,83.8
20260710T144121Z,24.9,84.2
20260710T144136Z,24.9,84.5
20260710T144151Z,24.9,84.8
20260710T144206Z,24.9,85.1
20260710T144221Z,25.0,85.1
20260710T144236Z,25.0,85.4
20260710T144251Z,25.0,85.6
20260710T144306Z,25.1,85.7
20260710T144321Z,25.1,86.0
20260710T144336Z,25.1,86.3
20260710T144351Z,25.1,86.5
20260710T144406Z,25.1,86.7
20260710T144421Z,25.2,86.8
20260710T144436Z,25.2,86.9
20260710T144451Z,25.2,87.0
20260710T144506Z,25.2,87.3
20260710T144521Z,25.3,87.4
20260710T144536Z,25.3,87.5
20260710T144551Z,25.3,87.6
20260710T144606Z,25.3,87.7
20260710T144621Z,25.4,87.9
20260710T144636Z,25.4,87.9
20260710T144651Z,25.4,88.1
20260710T144706Z,25.4,88.2
20260710T144721Z,25.5,88.3
20260710T144736Z,25.5,88.4
20260710T144751Z,25.5,88.4
20260710T144806Z,25.5,88.5
20260710T144821Z,25.6,88.6
20260710T144836Z,25.6,88.6
20260710T144851Z,25.6,88.7
20260710T144906Z,25.6,88.8
20260710T144921Z,25.7,88.2
20260710T144936Z,25.7,86.9
20260710T144951Z,25.6,86.2
20260710T145006Z,25.6,85.2
20260710T145021Z,25.6,84.5
20260710T145036Z,25.6,84.0
20260710T145051Z,25.5,82.9
20260710T145106Z,25.5,82.5
20260710T145121Z,25.5,81.3
20260710T145136Z,25.4,80.0
20260710T145151Z,25.4,79.0
20260710T145206Z,25.3,78.1
20260710T145221Z,25.2,77.7
20260710T145236Z,25.2,76.8
20260710T145251Z,25.1,76.0
20260710T145306Z,25.0,75.5
20260710T145321Z,24.9,74.6
20260710T145336Z,24.8,73.6
20260710T145351Z,24.7,73.6
20260710T145406Z,24.6,73.4
20260710T145421Z,24.5,71.9
20260710T145436Z,24.4,72.0
20260710T145451Z,24.4,71.6
20260710T145506Z,24.3,72.9
20260710T145521Z,24.2,74.0
20260710T145536Z,24.2,76.6
20260710T145551Z,24.2,77.8
20260710T145606Z,24.2,78.3
20260710T145621Z,24.2,78.6
20260710T145636Z,24.3,79.1
20260710T145651Z,24.3,79.4
20260710T145706Z,24.3,79.6
20260710T145721Z,24.3,79.9
20260710T145736Z,24.4,80.3
20260710T145751Z,24.4,80.6
20260710T145806Z,24.5,81.1
20260710T145821Z,24.5,81.3
20260710T145836Z,24.5,81.7
20260710T145852Z,24.6,81.8
20260710T145906Z,24.6,82.4
20260710T145921Z,24.6,82.5
20260710T145936Z,24.7,82.9
20260710T145951Z,24.7,83.1
20260710T150006Z,24.7,83.5
20260710T150021Z,24.8,83.8
20260710T150036Z,24.8,84.1
20260710T150051Z,24.8,84.4
20260710T150106Z,24.8,84.6
20260710T150121Z,24.8,84.7
20260710T150136Z,24.9,85.1
20260710T150151Z,24.9,85.4
20260710T150206Z,24.9,85.7
20260710T150221Z,24.9,85.8
20260710T150236Z,24.9,86.1
20260710T150251Z,25.0,86.3
20260710T150306Z,25.0,86.6
20260710T150321Z,25.0,86.6
20260710T150336Z,25.0,86.9
20260710T150351Z,25.0,87.0
20260710T150406Z,25.0,87.3
20260710T150421Z,25.1,87.3
20260710T150436Z,25.1,87.4
20260710T150451Z,25.1,87.5
20260710T150506Z,25.2,87.8
20260710T150521Z,25.2,87.9
20260710T150536Z,25.2,88.0
20260710T150551Z,25.2,88.2
20260710T150606Z,25.2,88.2
20260710T150621Z,25.2,88.4
20260710T150636Z,25.3,88.6
20260710T150651Z,25.3,88.6
20260710T150706Z,25.3,88.8
20260710T150721Z,25.3,88.9
20260710T150736Z,25.3,89.0
20260710T150751Z,25.3,89.0
20260710T150806Z,25.3,89.2
20260710T150821Z,25.4,89.3
20260710T150836Z,25.4,89.4
20260710T150851Z,25.4,89.4
20260710T150906Z,25.4,89.4
20260710T150921Z,25.4,89.4
20260710T150936Z,25.4,89.6
20260710T150951Z,25.4,89.6
20260710T151006Z,25.5,89.6
20260710T151021Z,25.5,89.8
20260710T151036Z,25.5,89.7
20260710T151051Z,25.5,89.8
20260710T151106Z,25.5,89.9
20260710T151121Z,25.6,89.9
20260710T151136Z,25.6,89.9
20260710T151151Z,25.6,90.0
20260710T151206Z,25.6,89.9
20260710T151221Z,25.6,89.4
20260710T151236Z,25.6,87.8
20260710T151251Z,25.6,87.0
20260710T151306Z,25.5,86.6
20260710T151321Z,25.5,85.5
20260710T151336Z,25.5,84.6
20260710T151351Z,25.4,84.0
20260710T151406Z,25.4,83.2
20260710T151421Z,25.3,82.7
20260710T151436Z,25.3,81.3
20260710T151451Z,25.3,80.4
20260710T151506Z,25.2,79.3
20260710T151521Z,25.2,78.6
20260710T151536Z,25.1,77.8
20260710T151551Z,25.1,76.8
20260710T151606Z,25.0,76.3
20260710T151621Z,24.9,75.7
20260710T151636Z,24.9,74.5
20260710T151651Z,24.8,75.1
20260710T151706Z,24.7,76.2
20260710T151721Z,24.7,77.8
20260710T151736Z,24.7,79.8
20260710T151751Z,24.7,79.8
20260710T151806Z,24.6,80.2
20260710T151821Z,24.6,80.4
20260710T151836Z,24.6,80.8
20260710T151851Z,24.6,81.2
20260710T151906Z,24.7,81.6
20260710T151921Z,24.7,81.9
20260710T151936Z,24.7,82.2
20260710T151951Z,24.7,82.7
20260710T152006Z,24.7,83.2
20260710T152021Z,24.7,83.4
20260710T152036Z,24.7,83.6
20260710T152051Z,24.8,83.9
20260710T152106Z,24.8,84.4
20260710T152121Z,24.8,84.5
20260710T152136Z,24.8,84.7
20260710T152151Z,24.8,85.2
20260710T152206Z,24.9,85.4
20260710T152221Z,24.9,85.4
20260710T152236Z,24.9,85.9
20260710T152251Z,24.9,86.1
20260710T152306Z,24.9,86.3
20260710T152321Z,24.9,86.7
20260710T152336Z,25.0,86.9
20260710T152352Z,25.0,87.0
20260710T152406Z,25.0,87.2
20260710T152421Z,25.0,87.5
20260710T152436Z,25.0,87.6
20260710T152451Z,25.0,87.8
20260710T152506Z,25.1,87.9
20260710T152521Z,25.1,88.1
20260710T152536Z,25.1,88.3
20260710T152551Z,25.1,88.4
20260710T152606Z,25.1,88.5
20260710T152621Z,25.2,88.6
20260710T152636Z,25.2,88.7
20260710T152651Z,25.2,88.9
20260710T152706Z,25.2,89.0
20260710T152721Z,25.2,89.2
20260710T152736Z,25.2,89.2
20260710T152751Z,25.3,89.4
20260710T152806Z,25.3,89.5
20260710T152821Z,25.3,89.5
20260710T152836Z,25.3,89.5
20260710T152851Z,25.3,89.6
20260710T152906Z,25.3,89.7
20260710T152921Z,25.3,89.8
20260710T152936Z,25.4,89.8
20260710T152951Z,25.4,90.0
20260710T153006Z,25.4,89.9
20260710T153021Z,25.4,90.1
20260710T153036Z,25.4,90.1
20260710T153051Z,25.4,90.1
20260710T153106Z,25.4,90.1
20260710T153121Z,25.5,90.2
20260710T153136Z,25.5,90.2
20260710T153151Z,25.5,90.3
20260710T153206Z,25.5,90.2
20260710T153221Z,25.5,90.2
20260710T153236Z,25.5,90.3
20260710T153251Z,25.5,90.4
20260710T153306Z,25.6,90.4
20260710T153321Z,25.6,90.4
20260710T153336Z,25.6,90.3
20260710T153351Z,25.6,90.4
20260710T153406Z,25.6,90.4
20260710T153421Z,25.6,89.6
20260710T153436Z,25.6,89.3
20260710T153451Z,25.6,87.8
20260710T153506Z,25.6,87.3
20260710T153521Z,25.6,86.5
20260710T153536Z,25.6,85.5
20260710T153551Z,25.5,84.4
20260710T153606Z,25.5,83.8
20260710T153621Z,25.5,83.1
20260710T153636Z,25.4,82.1
20260710T153651Z,25.4,81.2
20260710T153706Z,25.3,79.6
20260710T153721Z,25.2,79.2
20260710T153736Z,25.2,78.2
20260710T153751Z,25.1,77.0
20260710T153806Z,25.0,76.3
20260710T153821Z,24.9,75.8
20260710T153836Z,24.8,75.0
20260710T153851Z,24.7,75.3
20260710T153906Z,24.6,76.5
20260710T153921Z,24.6,78.2
20260710T153936Z,24.6,79.6
20260710T153951Z,24.6,80.5
20260710T154006Z,24.6,80.9
20260710T154021Z,24.6,81.1
20260710T154036Z,24.6,81.3
20260710T154051Z,24.6,81.6
20260710T154106Z,24.6,82.1
20260710T154121Z,24.6,82.5
20260710T154136Z,24.6,82.8
20260710T154151Z,24.6,83.2
20260710T154206Z,24.6,83.6
20260710T154221Z,24.7,84.0
20260710T154236Z,24.7,84.2
20260710T154251Z,24.7,84.5
20260710T154306Z,24.7,84.7
20260710T154321Z,24.7,85.0
20260710T154336Z,24.8,85.2
20260710T154351Z,24.8,85.6
20260710T154406Z,24.8,85.7
20260710T154421Z,24.8,85.8
20260710T154436Z,24.8,86.3
20260710T154451Z,24.9,86.6
20260710T154506Z,24.9,86.7
20260710T154521Z,24.9,86.8
20260710T154536Z,24.9,87.1
20260710T154551Z,24.9,87.3
20260710T154606Z,24.9,87.6
20260710T154621Z,25.0,87.6
20260710T154636Z,25.0,87.8
20260710T154651Z,25.0,87.9
20260710T154706Z,25.0,88.2
20260710T154721Z,25.1,88.3
20260710T154736Z,25.1,88.5
20260710T154751Z,25.1,88.7
20260710T154806Z,25.1,88.8
20260710T154821Z,25.1,88.9
20260710T154836Z,25.1,89.1
20260710T154851Z,25.1,89.2
20260710T154906Z,25.1,89.3
20260710T154921Z,25.2,89.3
20260710T154936Z,25.2,89.4
20260710T154951Z,25.2,89.5
20260710T155006Z,25.2,89.6
20260710T155021Z,25.2,89.7
20260710T155036Z,25.3,89.8
20260710T155051Z,25.3,89.9
20260710T155106Z,25.3,90.0
20260710T155121Z,25.3,90.1
20260710T155136Z,25.3,90.1
20260710T155151Z,25.3,90.2
20260710T155206Z,25.3,90.2
20260710T155221Z,25.4,90.3
20260710T155236Z,25.4,90.3
20260710T155251Z,25.4,90.4
20260710T155306Z,25.4,90.4
20260710T155321Z,25.4,90.4
20260710T155336Z,25.4,90.5
20260710T155351Z,25.5,90.4
20260710T155406Z,25.5,90.6
20260710T155421Z,25.5,90.6
20260710T155436Z,25.5,90.6
20260710T155451Z,25.5,90.5
20260710T155506Z,25.5,90.6
20260710T155521Z,25.6,90.6
20260710T155536Z,25.6,90.6
20260710T155551Z,25.6,90.5
20260710T155606Z,25.6,90.5
20260710T155621Z,25.6,90.5
20260710T155636Z,25.6,90.5
20260710T155651Z,25.6,90.5
20260710T155706Z,25.7,89.8
20260710T155721Z,25.6,89.4
20260710T155736Z,25.6,88.4
20260710T155751Z,25.6,87.6
20260710T155806Z,25.6,86.8
20260710T155821Z,25.6,85.6
20260710T155836Z,25.5,85.0
20260710T155851Z,25.5,84.1
20260710T155906Z,25.4,83.1
20260710T155921Z,25.4,82.5
20260710T155936Z,25.3,81.5
20260710T155951Z,25.2,80.7
20260710T160006Z,25.2,79.3
20260710T160021Z,25.1,78.5
20260710T160036Z,25.0,77.2
20260710T160051Z,24.9,76.7
20260710T160106Z,24.8,75.7
20260710T160121Z,24.7,75.2
20260710T160136Z,24.6,75.4
20260710T160151Z,24.5,76.9
20260710T160206Z,24.5,78.1
20260710T160221Z,24.5,80.4
20260710T160236Z,24.5,81.1
20260710T160251Z,24.4,81.5
20260710T160306Z,24.4,81.5
20260710T160321Z,24.4,81.8
20260710T160336Z,24.5,82.0
20260710T160351Z,24.5,82.4
20260710T160406Z,24.5,82.6
20260710T160421Z,24.5,83.1
20260710T160436Z,24.6,83.5
20260710T160451Z,24.6,83.7
20260710T160506Z,24.6,84.0
20260710T160521Z,24.6,84.3
20260710T160536Z,24.7,84.5
20260710T160551Z,24.7,84.7
20260710T160606Z,24.7,85.0
20260710T160621Z,24.7,85.4
20260710T160636Z,24.8,85.4
20260710T160651Z,24.8,85.8
20260710T160706Z,24.8,86.0
20260710T160721Z,24.8,86.3
20260710T160736Z,24.9,86.6
20260710T160751Z,24.9,86.7
20260710T160806Z,24.9,87.0
20260710T160821Z,24.9,87.2
20260710T160836Z,24.9,87.3
20260710T160851Z,24.9,87.6
20260710T160906Z,25.0,87.7
20260710T160921Z,25.0,87.9
20260710T160936Z,25.0,88.0
20260710T160951Z,25.0,88.3
20260710T161006Z,25.0,88.3
20260710T161021Z,25.0,88.6
20260710T161036Z,25.1,88.6
20260710T161051Z,25.1,88.9
20260710T161106Z,25.1,89.0
20260710T161121Z,25.1,89.1
20260710T161136Z,25.1,89.2
20260710T161151Z,25.2,89.4
20260710T161206Z,25.2,89.5
20260710T161221Z,25.2,89.5
20260710T161236Z,25.2,89.6
20260710T161251Z,25.2,89.7
20260710T161306Z,25.2,89.8
20260710T161321Z,25.2,90.0
20260710T161336Z,25.3,90.0
20260710T161351Z,25.3,90.2
20260710T161406Z,25.3,90.1
20260710T161421Z,25.3,90.2
20260710T161436Z,25.3,90.3
20260710T161451Z,25.3,90.3
20260710T161506Z,25.4,90.4
20260710T161521Z,25.4,90.4
20260710T161536Z,25.4,90.5
20260710T161551Z,25.4,90.5
20260710T161606Z,25.4,90.6
20260710T161621Z,25.4,90.6
20260710T161636Z,25.5,90.6
20260710T161651Z,25.5,90.7
20260710T161706Z,25.5,90.7
20260710T161721Z,25.5,90.7
20260710T161736Z,25.5,90.7
20260710T161751Z,25.5,90.7
20260710T161806Z,25.5,90.7
20260710T161821Z,25.6,90.8
20260710T161836Z,25.6,90.7
20260710T161851Z,25.6,90.7
20260710T161906Z,25.6,90.7
20260710T161921Z,25.6,90.7
20260710T161936Z,25.6,90.7
20260710T161951Z,25.7,90.7
20260710T162006Z,25.7,90.7
20260710T162021Z,25.7,90.6
20260710T162036Z,25.7,90.1
20260710T162051Z,25.7,88.7
20260710T162106Z,25.6,88.0
20260710T162121Z,25.6,87.3
20260710T162136Z,25.6,86.2
20260710T162151Z,25.6,85.5
20260710T162206Z,25.5,84.6
20260710T162221Z,25.5,84.0
20260710T162236Z,25.4,83.1
20260710T162251Z,25.4,82.0
20260710T162306Z,25.4,81.3
20260710T162321Z,25.3,80.1
20260710T162336Z,25.2,79.0
20260710T162351Z,25.1,78.1
20260710T162406Z,25.1,77.3
20260710T162421Z,25.0,76.6
20260710T162436Z,24.9,75.9
20260710T162451Z,24.8,75.0
20260710T162506Z,24.7,75.4
20260710T162521Z,24.6,76.9
20260710T162536Z,24.5,78.0
20260710T162551Z,24.5,79.7
20260710T162606Z,24.5,80.7
20260710T162621Z,24.5,81.1
20260710T162636Z,24.5,81.5
20260710T162652Z,24.5,81.6
20260710T162707Z,24.6,82.1
20260710T162721Z,24.6,82.4
20260710T162736Z,24.6,82.6
20260710T162751Z,24.6,83.1
20260710T162806Z,24.6,83.5
20260710T162821Z,24.6,83.8
20260710T162836Z,24.6,84.0
20260710T162851Z,24.7,84.4
20260710T162906Z,24.7,84.6
20260710T162921Z,24.7,85.0
20260710T162936Z,24.7,85.2
20260710T162951Z,24.7,85.4
20260710T163006Z,24.8,85.6
20260710T163021Z,24.8,85.9
20260710T163036Z,24.8,86.1
20260710T163051Z,24.8,86.4
20260710T163106Z,24.9,86.6
20260710T163121Z,24.9,86.9
20260710T163136Z,24.9,87.1
20260710T163151Z,24.9,87.2
20260710T163206Z,24.9,87.5
20260710T163221Z,24.9,87.6
20260710T163236Z,25.0,87.8
20260710T163251Z,25.0,88.1
20260710T163306Z,25.0,88.1
20260710T163321Z,25.0,88.4
20260710T163336Z,25.0,88.5
20260710T163351Z,25.0,88.8
20260710T163406Z,25.1,88.9
20260710T163421Z,25.1,89.0
20260710T163436Z,25.1,89.2
20260710T163451Z,25.2,89.3
20260710T163506Z,25.2,89.4
20260710T163521Z,25.2,89.5
20260710T163536Z,25.2,89.4
20260710T163551Z,25.3,89.6
20260710T163606Z,25.3,89.7
20260710T163621Z,25.3,89.8
20260710T163636Z,25.3,89.7
20260710T163651Z,25.4,89.8
20260710T163706Z,25.4,90.0
20260710T163721Z,25.4,90.0
20260710T163737Z,25.4,90.0
20260710T163752Z,25.5,90.0
20260710T163806Z,25.5,90.1
20260710T163821Z,25.5,90.1
20260710T163836Z,25.5,90.2
20260710T163851Z,25.5,90.3
20260710T163906Z,25.5,90.3
20260710T163921Z,25.6,90.3
20260710T163936Z,25.6,90.3
20260710T163951Z,25.6,90.4
20260710T164006Z,25.6,90.3
20260710T164021Z,25.6,90.5
20260710T164036Z,25.6,90.4
20260710T164051Z,25.7,90.4
20260710T164106Z,25.7,90.5
20260710T164121Z,25.7,90.6
20260710T164136Z,25.7,90.5
20260710T164151Z,25.7,90.6
20260710T164206Z,25.7,90.6
20260710T164221Z,25.7,90.3
20260710T164236Z,25.7,90.0
20260710T164251Z,25.8,88.4
20260710T164306Z,25.7,87.9
20260710T164321Z,25.7,87.4
20260710T164336Z,25.7,86.0
20260710T164352Z,25.6,85.8
20260710T164406Z,25.6,84.6
20260710T164421Z,25.6,83.6
20260710T164436Z,25.5,82.8
20260710T164451Z,25.5,82.2
20260710T164506Z,25.5,80.7
20260710T164521Z,25.4,79.9
20260710T164536Z,25.3,79.1
20260710T164551Z,25.3,78.0
20260710T164606Z,25.2,77.5
20260710T164621Z,25.1,76.5
20260710T164636Z,25.0,75.7
20260710T164651Z,24.9,74.6
20260710T164706Z,24.8,75.5
20260710T164721Z,24.8,76.7
20260710T164736Z,24.7,78.0
20260710T164751Z,24.7,79.6
20260710T164806Z,24.7,80.2
20260710T164821Z,24.7,80.7
20260710T164836Z,24.7,81.0
20260710T164851Z,24.7,81.5
20260710T164906Z,24.7,81.6
20260710T164922Z,24.7,82.0
20260710T164936Z,24.7,82.2
20260710T164952Z,24.7,82.8
20260710T165006Z,24.8,82.9
20260710T165022Z,24.8,83.2
20260710T165036Z,24.8,83.5
20260710T165052Z,24.9,83.9
20260710T165106Z,24.9,84.2
20260710T165122Z,24.9,84.3
20260710T165136Z,24.9,84.5
20260710T165152Z,25.0,84.8
20260710T165206Z,25.0,85.1
20260710T165221Z,25.0,85.4
20260710T165236Z,25.0,85.6
20260710T165251Z,25.0,85.7
20260710T165306Z,25.1,86.0
20260710T165321Z,25.1,86.1
20260710T165336Z,25.1,86.4
20260710T165352Z,25.1,86.8
20260710T165406Z,25.1,86.8
20260710T165422Z,25.1,87.0
20260710T165436Z,25.2,87.3
20260710T165452Z,25.2,87.5
20260710T165506Z,25.2,87.5
20260710T165522Z,25.2,87.6
20260710T165536Z,25.2,87.9
20260710T165551Z,25.3,88.0
20260710T165607Z,25.3,88.2
20260710T165621Z,25.3,88.2
20260710T165637Z,25.3,88.4
20260710T165652Z,25.3,88.6
20260710T165706Z,25.3,88.8
20260710T165722Z,25.4,88.9
20260710T165736Z,25.3,89.0
20260710T165751Z,25.4,89.1
20260710T165807Z,25.4,89.4
20260710T165821Z,25.4,89.5
20260710T165837Z,25.4,89.5
20260710T165851Z,25.4,89.6
20260710T165907Z,25.4,89.7
20260710T165921Z,25.4,89.9
20260710T165937Z,25.5,90.0
20260710T165951Z,25.5,90.0
20260710T170007Z,25.5,90.1
20260710T170021Z,25.5,90.1
20260710T170036Z,25.5,90.2
20260710T170051Z,25.5,90.3
20260710T170107Z,25.5,90.3
20260710T170121Z,25.6,90.4
20260710T170137Z,25.6,90.4
20260710T170151Z,25.6,90.5
20260710T170207Z,25.6,90.5
20260710T170221Z,25.6,90.5
20260710T170237Z,25.6,90.6
20260710T170251Z,25.6,90.6
20260710T170307Z,25.7,90.5
20260710T170321Z,25.7,90.6
20260710T170337Z,25.7,90.6
20260710T170351Z,25.7,90.6
20260710T170406Z,25.7,90.6
20260710T170422Z,25.7,90.5
20260710T170436Z,25.7,90.3
20260710T170452Z,25.7,88.9
20260710T170506Z,25.7,88.1
20260710T170521Z,25.7,87.3
20260710T170537Z,25.7,86.6
20260710T170551Z,25.7,85.3
20260710T170607Z,25.6,84.8
20260710T170622Z,25.6,83.6
20260710T170637Z,25.5,82.5
20260710T170652Z,25.5,81.4
20260710T170706Z,25.4,80.3
20260710T170722Z,25.4,79.6
20260710T170736Z,25.3,78.4
20260710T170752Z,25.2,77.5
20260710T170806Z,25.1,76.0
20260710T170822Z,25.0,75.8
20260710T170836Z,24.8,75.3
20260710T170852Z,24.7,74.3
20260710T170906Z,24.6,75.1
20260710T170922Z,24.5,77.1
20260710T170936Z,24.4,79.2
20260710T170952Z,24.4,80.5
20260710T171006Z,24.4,81.4
20260710T171021Z,24.4,81.8
20260710T171037Z,24.4,82.1
20260710T171051Z,24.4,82.1
20260710T171107Z,24.5,82.3
20260710T171121Z,24.5,82.6
20260710T171137Z,24.5,82.9
20260710T171151Z,24.6,83.1
20260710T171207Z,24.6,83.4
20260710T171221Z,24.7,83.6
20260710T171237Z,24.7,83.8
20260710T171251Z,24.7,84.2
20260710T171307Z,24.8,84.4
20260710T171321Z,24.8,84.7
20260710T171336Z,24.8,84.9
20260710T171352Z,24.9,85.1
20260710T171406Z,24.9,85.4
20260710T171422Z,24.9,85.7
20260710T171436Z,25.0,85.7
20260710T171452Z,25.0,86.0
20260710T171506Z,25.0,86.1
20260710T171522Z,25.0,86.4
20260710T171536Z,25.1,86.5
20260710T171552Z,25.1,86.7
20260710T171606Z,25.1,86.8
20260710T171622Z,25.1,87.2
20260710T171636Z,25.1,87.3
20260710T171651Z,25.1,87.5
20260710T171707Z,25.2,87.7
20260710T171721Z,25.2,87.9
20260710T171737Z,25.2,87.9
20260710T171751Z,25.2,88.2
20260710T171807Z,25.2,88.4
20260710T171821Z,25.2,88.6
20260710T171837Z,25.3,88.7
20260710T171851Z,25.3,88.8
20260710T171906Z,25.3,88.9
20260710T171922Z,25.3,89.0
20260710T171936Z,25.3,89.2
20260710T171951Z,25.3,89.3
20260710T172007Z,25.3,89.5
20260710T172021Z,25.3,89.5
20260710T172037Z,25.4,89.6
20260710T172051Z,25.4,89.7
20260710T172107Z,25.4,89.8
20260710T172121Z,25.4,89.9
20260710T172137Z,25.4,89.9
20260710T172151Z,25.4,90.0
20260710T172207Z,25.4,90.1
20260710T172221Z,25.5,90.1
20260710T172237Z,25.5,90.2
20260710T172251Z,25.5,90.3
20260710T172306Z,25.5,90.4
20260710T172322Z,25.5,90.4
20260710T172336Z,25.5,90.5
20260710T172352Z,25.5,90.5
20260710T172406Z,25.6,90.4
20260710T172422Z,25.6,90.6
20260710T172436Z,25.6,90.6
20260710T172452Z,25.6,90.6
20260710T172506Z,25.6,90.6
20260710T172522Z,25.6,90.7
20260710T172536Z,25.6,90.7
20260710T172552Z,25.6,90.7
20260710T172607Z,25.7,90.6
20260710T172621Z,25.7,90.6
20260710T172637Z,25.7,90.6
20260710T172651Z,25.7,90.6
20260710T172707Z,25.8,90.6
20260710T172721Z,25.8,90.0
20260710T172737Z,25.8,89.3
20260710T172751Z,25.8,88.1
20260710T172807Z,25.7,87.8
20260710T172821Z,25.7,86.7
20260710T172837Z,25.7,85.4
20260710T172851Z,25.7,84.6
20260710T172907Z,25.6,83.7
20260710T172921Z,25.6,82.5
20260710T172936Z,25.5,81.6
20260710T172952Z,25.4,80.5
20260710T173006Z,25.4,80.2
20260710T173022Z,25.3,79.0
20260710T173036Z,25.2,77.8
20260710T173052Z,25.2,77.5
20260710T173106Z,25.1,76.7
20260710T173122Z,25.0,75.9
20260710T173136Z,24.8,75.1
20260710T173152Z,24.7,74.8
20260710T173206Z,24.6,76.1
20260710T173222Z,24.6,77.5
20260710T173236Z,24.6,79.7
20260710T173251Z,24.6,80.6
20260710T173307Z,24.6,81.1
20260710T173321Z,24.6,81.3
20260710T173337Z,24.6,81.5
20260710T173351Z,24.7,81.6
20260710T173407Z,24.7,82.0
20260710T173421Z,24.7,82.5
20260710T173437Z,24.7,82.6
20260710T173451Z,24.7,83.0
20260710T173507Z,24.7,83.4
20260710T173521Z,24.7,83.5
20260710T173537Z,24.8,83.8
20260710T173551Z,24.8,84.2
20260710T173607Z,24.8,84.3
20260710T173621Z,24.8,84.9
20260710T173637Z,24.9,84.9
20260710T173651Z,24.9,85.1
20260710T173707Z,24.9,85.5
20260710T173721Z,24.9,85.8
20260710T173736Z,24.9,85.9
20260710T173752Z,24.9,86.1
20260710T173806Z,24.9,86.4
20260710T173822Z,25.0,86.7
20260710T173836Z,25.0,86.9
20260710T173851Z,25.0,87.2
20260710T173907Z,25.0,87.3
20260710T173921Z,25.0,87.5
20260710T173937Z,25.1,87.7
20260710T173951Z,25.1,87.9
20260710T174007Z,25.1,88.0
20260710T174022Z,25.1,88.2
20260710T174037Z,25.1,88.4
20260710T174052Z,25.1,88.6
20260710T174107Z,25.1,88.6
20260710T174121Z,25.2,88.7
20260710T174137Z,25.2,89.0
20260710T174153Z,25.2,89.0
20260710T174207Z,25.2,89.2
20260710T174222Z,25.2,89.3
20260710T174236Z,25.2,89.3
20260710T174252Z,25.3,89.6
20260710T174306Z,25.3,89.6
20260710T174322Z,25.3,89.8
20260710T174336Z,25.3,89.8
20260710T174352Z,25.3,89.9
20260710T174406Z,25.3,90.1
20260710T174422Z,25.3,90.2
20260710T174436Z,25.4,90.3
20260710T174451Z,25.4,90.3
20260710T174506Z,25.4,90.5
20260710T174522Z,25.4,90.6
20260710T174536Z,25.4,90.6
20260710T174552Z,25.4,90.6
20260710T174607Z,25.4,90.6
20260710T174622Z,25.4,90.7
20260710T174637Z,25.5,90.7
20260710T174651Z,25.5,90.7
20260710T174707Z,25.5,90.8
20260710T174721Z,25.5,90.8
20260710T174737Z,25.5,90.9
20260710T174751Z,25.5,90.9
20260710T174807Z,25.6,90.9
20260710T174821Z,25.6,91.0
20260710T174837Z,25.6,91.0
20260710T174851Z,25.6,91.0
20260710T174907Z,25.6,91.0
20260710T174921Z,25.6,91.0
20260710T174937Z,25.6,91.0
20260710T174951Z,25.6,91.0
20260710T175007Z,25.6,91.0
20260710T175021Z,25.7,91.0
20260710T175037Z,25.7,90.9
20260710T175052Z,25.7,90.6
20260710T175107Z,25.7,88.8
20260710T175122Z,25.7,88.2
20260710T175137Z,25.6,87.8
20260710T175152Z,25.6,87.2
20260710T175207Z,25.6,86.1
20260710T175222Z,25.6,85.2
20260710T175237Z,25.6,83.8
20260710T175252Z,25.5,82.9
20260710T175307Z,25.5,82.1
20260710T175322Z,25.4,81.1
20260710T175337Z,25.4,80.3
20260710T175352Z,25.3,79.0
20260710T175407Z,25.2,78.1
20260710T175422Z,25.1,77.1
20260710T175437Z,25.0,76.5
20260710T175452Z,24.9,75.6
20260710T175507Z,24.8,75.0
20260710T175522Z,24.7,76.5
20260710T175537Z,24.6,77.6
20260710T175552Z,24.6,79.3
20260710T175607Z,24.5,80.7
20260710T175622Z,24.6,81.4
20260710T175637Z,24.6,81.6
20260710T175652Z,24.6,81.9
20260710T175707Z,24.6,82.0
20260710T175722Z,24.6,82.4
20260710T175737Z,24.6,82.7
20260710T175752Z,24.7,82.9
20260710T175807Z,24.7,83.3
20260710T175822Z,24.7,83.5
20260710T175837Z,24.7,83.9
20260710T175852Z,24.7,84.2
20260710T175907Z,24.7,84.4
20260710T175922Z,24.8,84.8
20260710T175937Z,24.8,85.0
20260710T175952Z,24.8,85.2
20260710T180007Z,24.8,85.4
20260710T180022Z,24.9,85.7
20260710T180037Z,24.9,86.1
20260710T180052Z,24.9,86.1
20260710T180107Z,24.9,86.4
20260710T180122Z,25.0,86.7
20260710T180137Z,25.0,86.9
20260710T180152Z,25.0,87.1
20260710T180207Z,25.0,87.3
20260710T180222Z,25.0,87.6
20260710T180237Z,25.0,87.6
20260710T180252Z,25.0,88.0
20260710T180307Z,25.0,88.1
20260710T180322Z,25.0,88.4
20260710T180337Z,25.1,88.5
20260710T180352Z,25.1,88.6
20260710T180407Z,25.1,88.7
20260710T180422Z,25.1,89.0
20260710T180437Z,25.1,89.0
20260710T180452Z,25.1,89.3
20260710T180507Z,25.2,89.2
20260710T180522Z,25.2,89.5
20260710T180537Z,25.2,89.6
20260710T180552Z,25.2,89.6
20260710T180607Z,25.2,89.8
20260710T180622Z,25.2,89.9
20260710T180637Z,25.2,90.1
20260710T180653Z,25.3,90.2
20260710T180707Z,25.3,90.3
20260710T180722Z,25.3,90.3
20260710T180737Z,25.3,90.4
20260710T180752Z,25.3,90.4
20260710T180807Z,25.3,90.6
20260710T180822Z,25.4,90.6
20260710T180837Z,25.4,90.7
20260710T180852Z,25.4,90.8
20260710T180907Z,25.4,90.8
20260710T180922Z,25.4,90.9
20260710T180937Z,25.4,90.9
20260710T180952Z,25.4,91.0
20260710T181007Z,25.5,91.0
20260710T181022Z,25.5,91.0
20260710T181037Z,25.5,91.1
20260710T181052Z,25.5,91.1
20260710T181107Z,25.5,91.0
20260710T181122Z,25.5,91.2
20260710T181137Z,25.5,91.1
20260710T181152Z,25.6,91.1
20260710T181207Z,25.6,91.1
20260710T181222Z,25.6,91.1
20260710T181237Z,25.6,91.1
20260710T181252Z,25.6,91.2
20260710T181307Z,25.6,91.1
20260710T181322Z,25.7,91.1
20260710T181337Z,25.7,91.1
20260710T181352Z,25.7,91.1
20260710T181407Z,25.7,91.1
20260710T181422Z,25.7,91.0
20260710T181437Z,25.7,90.6
20260710T181452Z,25.7,89.2
20260710T181507Z,25.7,88.3
20260710T181522Z,25.7,88.0
20260710T181537Z,25.7,86.7
20260710T181552Z,25.6,85.7
20260710T181607Z,25.6,84.8
20260710T181622Z,25.5,84.5
20260710T181637Z,25.5,83.0
20260710T181652Z,25.5,82.3
20260710T181707Z,25.4,81.1
20260710T181722Z,25.3,80.0
20260710T181737Z,25.3,79.1
20260710T181752Z,25.2,78.8
20260710T181807Z,25.1,77.8
20260710T181822Z,25.0,77.0
20260710T181837Z,24.9,75.9
20260710T181852Z,24.8,75.5
20260710T181907Z,24.7,76.2
20260710T181922Z,24.6,77.4
20260710T181937Z,24.6,78.6
20260710T181952Z,24.6,80.5
20260710T182007Z,24.6,81.1
20260710T182022Z,24.6,81.3
20260710T182037Z,24.6,81.6
20260710T182052Z,24.7,81.9
20260710T182107Z,24.7,82.0
20260710T182122Z,24.7,82.4
20260710T182137Z,24.7,82.8
20260710T182152Z,24.7,83.3
20260710T182207Z,24.7,83.6
20260710T182222Z,24.7,83.8
20260710T182237Z,24.8,84.1
20260710T182252Z,24.8,84.5
20260710T182307Z,24.8,84.8
20260710T182322Z,24.8,85.1
20260710T182337Z,24.8,85.3
20260710T182352Z,24.9,85.6
20260710T182407Z,24.9,85.9
20260710T182422Z,24.9,86.1
20260710T182437Z,24.9,86.3
20260710T182452Z,24.9,86.5
20260710T182507Z,24.9,86.8
20260710T182522Z,24.9,87.1
20260710T182537Z,24.9,87.3
20260710T182552Z,25.0,87.5
20260710T182607Z,25.0,87.6
20260710T182622Z,25.0,87.8
20260710T182637Z,25.0,88.0
20260710T182652Z,25.0,88.1
20260710T182707Z,25.1,88.3
20260710T182722Z,25.1,88.5
20260710T182737Z,25.1,88.6
20260710T182752Z,25.1,88.8
20260710T182807Z,25.1,89.0
20260710T182822Z,25.1,89.2
20260710T182837Z,25.1,89.3
20260710T182852Z,25.2,89.5
20260710T182907Z,25.2,89.6
20260710T182922Z,25.2,89.7
20260710T182937Z,25.2,89.9
20260710T182952Z,25.2,89.9
20260710T183007Z,25.2,90.0
20260710T183022Z,25.2,90.1
20260710T183037Z,25.3,90.1
20260710T183052Z,25.3,90.3
20260710T183107Z,25.3,90.4
20260710T183122Z,25.3,90.4
20260710T183137Z,25.3,90.5
20260710T183152Z,25.3,90.5
20260710T183207Z,25.4,90.6
20260710T183222Z,25.4,90.7
20260710T183237Z,25.4,90.7
20260710T183252Z,25.4,90.7
20260710T183307Z,25.4,90.7
20260710T183322Z,25.5,90.8
20260710T183337Z,25.5,90.9
20260710T183352Z,25.5,90.9
20260710T183407Z,25.5,91.0
20260710T183422Z,25.5,90.9
20260710T183437Z,25.5,91.0
20260710T183452Z,25.6,91.0
20260710T183507Z,25.6,91.0
20260710T183522Z,25.6,91.1
20260710T183537Z,25.6,91.1
20260710T183552Z,25.6,91.1
20260710T183607Z,25.6,91.1
20260710T183622Z,25.6,91.2
20260710T183637Z,25.6,91.2
20260710T183652Z,25.6,91.1
20260710T183707Z,25.7,91.1
20260710T183722Z,25.7,91.1
20260710T183737Z,25.7,91.2
20260710T183752Z,25.7,91.1
20260710T183807Z,25.7,91.2
20260710T183822Z,25.7,90.5
20260710T183837Z,25.7,90.3
20260710T183852Z,25.7,88.8
20260710T183907Z,25.7,88.3
20260710T183922Z,25.7,87.3
20260710T183937Z,25.6,86.5
20260710T183952Z,25.6,85.9
20260710T184007Z,25.6,84.6
20260710T184022Z,25.5,83.5
20260710T184037Z,25.5,82.7
20260710T184052Z,25.4,81.7
20260710T184107Z,25.3,80.9
20260710T184122Z,25.3,80.0
20260710T184137Z,25.2,79.4
20260710T184152Z,25.1,78.7
20260710T184207Z,25.1,77.6
20260710T184222Z,25.0,77.0
20260710T184237Z,24.9,76.4
20260710T184252Z,24.8,76.1
20260710T184307Z,24.8,76.9
20260710T184322Z,24.7,77.9
20260710T184337Z,24.7,79.7
20260710T184352Z,24.7,81.0
20260710T184407Z,24.7,81.2
20260710T184422Z,24.7,81.5
20260710T184437Z,24.7,81.8
20260710T184452Z,24.7,82.2
20260710T184507Z,24.7,82.5
20260710T184522Z,24.7,82.7
20260710T184537Z,24.7,83.2
20260710T184552Z,24.7,83.6
20260710T184607Z,24.8,83.7
20260710T184622Z,24.8,84.1
20260710T184637Z,24.8,84.6
20260710T184652Z,24.8,84.8
20260710T184707Z,24.8,85.0
20260710T184722Z,24.9,85.4
20260710T184737Z,24.9,85.6
20260710T184752Z,24.9,85.8
20260710T184807Z,24.9,86.2
20260710T184822Z,24.9,86.4
20260710T184837Z,24.9,86.8
20260710T184852Z,24.9,86.8
20260710T184907Z,25.0,87.1
20260710T184922Z,25.0,87.1
20260710T184937Z,25.0,87.5
20260710T184952Z,25.0,87.7
20260710T185007Z,25.0,87.9
20260710T185022Z,25.0,88.1
20260710T185037Z,25.0,88.2
20260710T185052Z,25.1,88.4
20260710T185107Z,25.1,88.6
20260710T185122Z,25.1,88.8
20260710T185137Z,25.1,88.9
20260710T185152Z,25.1,89.1
20260710T185207Z,25.1,89.2
20260710T185222Z,25.2,89.3
20260710T185237Z,25.2,89.5
20260710T185252Z,25.2,89.6
20260710T185307Z,25.2,89.8
20260710T185322Z,25.2,89.8
20260710T185337Z,25.2,90.0
20260710T185352Z,25.3,90.1
20260710T185407Z,25.3,90.3
20260710T185422Z,25.3,90.4
20260710T185437Z,25.3,90.3
20260710T185452Z,25.3,90.4
20260710T185507Z,25.3,90.5
20260710T185522Z,25.3,90.6
20260710T185537Z,25.4,90.7
20260710T185552Z,25.4,90.8
20260710T185607Z,25.4,90.9
20260710T185622Z,25.4,90.9
20260710T185637Z,25.4,91.0
20260710T185652Z,25.4,91.0
20260710T185707Z,25.4,91.1
20260710T185722Z,25.5,91.1
20260710T185737Z,25.5,91.1
20260710T185752Z,25.5,91.2
20260710T185807Z,25.5,91.2
20260710T185822Z,25.5,91.3
20260710T185837Z,25.5,91.3
20260710T185852Z,25.5,91.3
20260710T185907Z,25.5,91.3
20260710T185922Z,25.6,91.4
20260710T185937Z,25.6,91.4
20260710T185952Z,25.6,91.4
20260710T190007Z,25.6,91.4
20260710T190022Z,25.6,91.4
20260710T190037Z,25.6,91.4
20260710T190052Z,25.7,91.4
20260710T190107Z,25.7,91.3
20260710T190122Z,25.7,91.3
20260710T190137Z,25.7,91.3
20260710T190152Z,25.7,90.5
20260710T190207Z,25.7,90.4
20260710T190222Z,25.7,88.9
20260710T190237Z,25.6,88.2
20260710T190252Z,25.6,87.5
20260710T190307Z,25.6,86.2
20260710T190322Z,25.6,85.7
20260710T190337Z,25.5,84.6
20260710T190352Z,25.5,83.8
20260710T190407Z,25.5,82.8
20260710T190422Z,25.4,81.6
20260710T190437Z,25.3,80.6
20260710T190452Z,25.3,79.4
20260710T190507Z,25.2,78.3
20260710T190522Z,25.0,78.0
20260710T190537Z,24.9,77.3
20260710T190552Z,24.8,76.6
20260710T190607Z,24.7,75.9
20260710T190622Z,24.6,76.0
20260710T190637Z,24.5,77.4
20260710T190652Z,24.5,79.0
20260710T190707Z,24.5,80.6
20260710T190722Z,24.4,82.0
20260710T190737Z,24.4,82.3
20260710T190752Z,24.4,82.4
20260710T190807Z,24.4,82.4
20260710T190822Z,24.4,82.8
20260710T190837Z,24.5,83.2
20260710T190852Z,24.5,83.3
20260710T190907Z,24.5,83.8
20260710T190922Z,24.5,84.2
20260710T190937Z,24.6,84.3
20260710T190952Z,24.6,84.7
20260710T191007Z,24.6,84.9
20260710T191022Z,24.7,85.3
20260710T191037Z,24.7,85.5
20260710T191052Z,24.7,85.7
20260710T191107Z,24.7,85.9
20260710T191122Z,24.8,86.1
20260710T191137Z,24.8,86.4
20260710T191152Z,24.8,86.5
20260710T191207Z,24.8,86.9
20260710T191222Z,24.9,86.9
20260710T191237Z,24.9,87.0
20260710T191252Z,24.9,87.2
20260710T191307Z,25.0,87.4
20260710T191322Z,25.0,87.7
20260710T191337Z,25.0,87.8
20260710T191352Z,25.0,87.9
20260710T191407Z,25.0,88.1
20260710T191422Z,25.1,88.3
20260710T191437Z,25.1,88.4
20260710T191453Z,25.1,88.6
20260710T191507Z,25.1,88.7
20260710T191522Z,25.1,88.9
20260710T191537Z,25.1,89.0
20260710T191552Z,25.2,89.2
20260710T191607Z,25.1,89.4
20260710T191622Z,25.2,89.4
20260710T191637Z,25.2,89.6
20260710T191652Z,25.2,89.7
20260710T191707Z,25.2,89.9
20260710T191722Z,25.2,90.0
20260710T191737Z,25.3,90.1
20260710T191752Z,25.3,90.2
20260710T191807Z,25.3,90.3
20260710T191822Z,25.3,90.3
20260710T191837Z,25.3,90.4
20260710T191852Z,25.3,90.5
20260710T191907Z,25.4,90.6
20260710T191922Z,25.4,90.7
20260710T191937Z,25.4,90.7
20260710T191952Z,25.4,90.7
20260710T192007Z,25.4,90.8
20260710T192022Z,25.4,90.9
20260710T192037Z,25.5,90.9
20260710T192052Z,25.5,90.9
20260710T192107Z,25.5,90.9
20260710T192122Z,25.5,91.0
20260710T192137Z,25.5,91.0
20260710T192152Z,25.5,91.0
20260710T192207Z,25.5,91.1
20260710T192222Z,25.6,91.0
20260710T192237Z,25.6,91.1
20260710T192252Z,25.6,91.2
20260710T192307Z,25.6,91.1
20260710T192322Z,25.6,91.1
20260710T192337Z,25.6,91.1
20260710T192352Z,25.6,91.2
20260710T192407Z,25.6,91.1
20260710T192422Z,25.7,91.2
20260710T192437Z,25.7,91.2
20260710T192452Z,25.7,91.2
20260710T192507Z,25.7,91.1
20260710T192522Z,25.7,91.1
20260710T192537Z,25.8,91.1
20260710T192552Z,25.8,91.1
20260710T192607Z,25.8,90.3
20260710T192622Z,25.8,90.0
20260710T192637Z,25.7,88.7
20260710T192652Z,25.7,88.1
20260710T192707Z,25.7,87.3
20260710T192722Z,25.6,86.3
20260710T192737Z,25.6,85.6
20260710T192752Z,25.6,84.8
20260710T192807Z,25.5,83.8
20260710T192822Z,25.5,83.0
20260710T192837Z,25.4,82.3
20260710T192852Z,25.4,81.2
20260710T192907Z,25.3,79.9
20260710T192922Z,25.2,78.6
20260710T192937Z,25.1,78.0
20260710T192952Z,25.0,77.3
20260710T193007Z,24.9,76.8
20260710T193022Z,24.8,76.0
20260710T193037Z,24.7,76.1
20260710T193052Z,24.6,77.5
20260710T193107Z,24.5,79.0
20260710T193122Z,24.5,80.6
20260710T193137Z,24.5,81.7
20260710T193152Z,24.5,82.2
20260710T193207Z,24.5,82.4
20260710T193222Z,24.5,82.6
20260710T193237Z,24.5,82.7
20260710T193252Z,24.5,83.0
20260710T193307Z,24.5,83.5
20260710T193322Z,24.6,83.7
20260710T193337Z,24.6,84.0
20260710T193352Z,24.6,84.3
20260710T193407Z,24.7,84.6
20260710T193422Z,24.7,84.8
20260710T193437Z,24.7,85.1
20260710T193452Z,24.8,85.4
20260710T193507Z,24.8,85.8
20260710T193522Z,24.8,86.0
20260710T193537Z,24.8,86.1
20260710T193552Z,24.9,86.3
20260710T193607Z,24.9,86.6
20260710T193622Z,24.9,86.8
20260710T193637Z,24.9,87.0
20260710T193652Z,24.9,87.2
20260710T193707Z,24.9,87.5
20260710T193722Z,25.0,87.7
20260710T193737Z,25.0,87.9
20260710T193752Z,25.0,88.1
20260710T193807Z,25.0,88.3
20260710T193822Z,25.0,88.3
20260710T193837Z,25.1,88.5
20260710T193853Z,25.1,88.8
20260710T193908Z,25.1,89.0
20260710T193922Z,25.1,89.0
20260710T193937Z,25.1,89.2
20260710T193952Z,25.1,89.4
20260710T194007Z,25.2,89.6
20260710T194022Z,25.2,89.6
20260710T194037Z,25.2,89.9
20260710T194052Z,25.2,89.9
20260710T194107Z,25.2,90.0
20260710T194122Z,25.2,90.1
20260710T194137Z,25.2,90.2
20260710T194152Z,25.2,90.4
20260710T194207Z,25.3,90.5
20260710T194222Z,25.3,90.5
20260710T194237Z,25.3,90.6
20260710T194252Z,25.3,90.7
20260710T194307Z,25.3,90.8
20260710T194322Z,25.3,90.9
20260710T194337Z,25.3,90.9
20260710T194352Z,25.4,90.9
20260710T194407Z,25.4,91.0
20260710T194422Z,25.4,91.2
20260710T194437Z,25.4,91.1
20260710T194452Z,25.4,91.2
20260710T194507Z,25.5,91.2
20260710T194522Z,25.5,91.3
20260710T194537Z,25.5,91.3
20260710T194552Z,25.5,91.3
20260710T194607Z,25.5,91.3
20260710T194622Z,25.5,91.4
20260710T194637Z,25.5,91.4
20260710T194652Z,25.5,91.5
20260710T194707Z,25.6,91.5
20260710T194722Z,25.6,91.4
20260710T194737Z,25.6,91.4
20260710T194752Z,25.6,91.4
20260710T194807Z,25.6,91.4
20260710T194822Z,25.6,91.4
20260710T194837Z,25.7,91.4
20260710T194852Z,25.7,91.4
20260710T194907Z,25.7,91.3
20260710T194922Z,25.7,91.3
20260710T194937Z,25.7,91.4
20260710T194952Z,25.7,91.3
20260710T195007Z,25.8,91.2
20260710T195022Z,25.8,90.8
20260710T195037Z,25.7,89.4
20260710T195052Z,25.7,88.7
20260710T195107Z,25.7,87.6
20260710T195122Z,25.7,87.0
20260710T195137Z,25.6,86.3
20260710T195152Z,25.6,85.3
20260710T195207Z,25.5,83.9
20260710T195222Z,25.5,83.3
20260710T195237Z,25.4,81.9
20260710T195253Z,25.4,81.0
20260710T195308Z,25.3,80.3
20260710T195322Z,25.2,79.0
20260710T195337Z,25.1,78.4
20260710T195353Z,25.0,77.6
20260710T195408Z,24.9,76.9
20260710T195422Z,24.8,76.1
20260710T195437Z,24.6,75.5
20260710T195452Z,24.5,76.8
20260710T195507Z,24.5,78.1
20260710T195522Z,24.4,79.9
20260710T195537Z,24.4,81.3
20260710T195552Z,24.4,82.2
20260710T195607Z,24.4,82.5
20260710T195622Z,24.4,82.7
20260710T195637Z,24.4,82.8
20260710T195652Z,24.5,82.9
20260710T195707Z,24.5,83.4
20260710T195722Z,24.5,83.5
20260710T195737Z,24.6,83.9
20260710T195752Z,24.6,84.0
20260710T195807Z,24.6,84.5
20260710T195822Z,24.7,84.6
20260710T195837Z,24.7,85.0
20260710T195852Z,24.7,85.4
20260710T195907Z,24.7,85.7
20260710T195922Z,24.8,85.8
20260710T195937Z,24.8,86.0
20260710T195952Z,24.8,86.3
20260710T200007Z,24.8,86.5
20260710T200022Z,24.9,86.7
20260710T200037Z,24.9,86.9
20260710T200052Z,24.9,87.1
20260710T200107Z,24.9,87.3
20260710T200122Z,25.0,87.4
20260710T200137Z,25.0,87.7
20260710T200152Z,25.0,87.9
20260710T200207Z,25.0,88.1
20260710T200222Z,25.0,88.3
20260710T200237Z,25.0,88.4
20260710T200253Z,25.0,88.5
20260710T200308Z,25.1,88.7
20260710T200322Z,25.1,88.8
20260710T200337Z,25.1,88.9
20260710T200352Z,25.1,89.1
20260710T200407Z,25.1,89.2
20260710T200422Z,25.2,89.4
20260710T200437Z,25.2,89.4
20260710T200452Z,25.2,89.6
20260710T200507Z,25.2,89.7
20260710T200522Z,25.2,89.8
20260710T200537Z,25.2,89.9
20260710T200552Z,25.3,89.9
20260710T200607Z,25.3,90.0
20260710T200622Z,25.3,90.1
20260710T200637Z,25.3,90.2
20260710T200652Z,25.3,90.2
20260710T200707Z,25.3,90.5
20260710T200722Z,25.4,90.5
20260710T200737Z,25.4,90.5
20260710T200753Z,25.4,90.6
20260710T200808Z,25.4,90.7
20260710T200822Z,25.4,90.7
20260710T200837Z,25.4,90.9
20260710T200852Z,25.4,90.8
20260710T200907Z,25.5,91.0
20260710T200922Z,25.5,91.0
20260710T200937Z,25.5,91.1
20260710T200952Z,25.5,91.1
20260710T201007Z,25.5,91.2
20260710T201022Z,25.5,91.3
20260710T201037Z,25.5,91.3
20260710T201052Z,25.5,91.4
20260710T201107Z,25.5,91.4
20260710T201122Z,25.6,91.4
20260710T201137Z,25.6,91.4
20260710T201152Z,25.6,91.3
20260710T201207Z,25.6,91.4
20260710T201222Z,25.6,91.4
20260710T201237Z,25.6,91.4
20260710T201252Z,25.6,91.4
20260710T201307Z,25.7,91.4
20260710T201322Z,25.7,91.3
20260710T201337Z,25.7,91.4
20260710T201352Z,25.7,91.3
20260710T201407Z,25.7,91.3
20260710T201422Z,25.7,91.3
20260710T201437Z,25.8,90.6
20260710T201452Z,25.8,90.4
20260710T201507Z,25.7,88.9
20260710T201522Z,25.7,88.4
20260710T201537Z,25.7,87.2
20260710T201552Z,25.6,86.4
20260710T201607Z,25.6,85.8
20260710T201622Z,25.5,85.0
20260710T201637Z,25.5,83.7
20260710T201652Z,25.4,82.9
20260710T201707Z,25.4,81.9
20260710T201722Z,25.3,80.9
20260710T201737Z,25.3,80.1
20260710T201752Z,25.2,78.7
20260710T201807Z,25.1,77.9
20260710T201822Z,25.0,77.0
20260710T201837Z,24.9,76.4
20260710T201852Z,24.7,75.5
20260710T201907Z,24.6,76.0
20260710T201922Z,24.6,77.4
20260710T201937Z,24.5,79.2
20260710T201952Z,24.5,80.5
20260710T202007Z,24.5,81.4
20260710T202022Z,24.5,81.9
20260710T202037Z,24.5,82.3
20260710T202052Z,24.5,82.6
20260710T202107Z,24.5,82.7
20260710T202122Z,24.5,83.1
20260710T202137Z,24.6,83.3
20260710T202152Z,24.6,83.6
20260710T202207Z,24.6,84.1
20260710T202222Z,24.6,84.2
20260710T202237Z,24.7,84.6
20260710T202252Z,24.7,84.7
20260710T202307Z,24.7,85.0
20260710T202322Z,24.7,85.3
20260710T202337Z,24.8,85.7
20260710T202352Z,24.8,86.0
20260710T202407Z,24.8,86.2
20260710T202422Z,24.8,86.4
20260710T202437Z,24.8,86.6
20260710T202452Z,24.9,86.8
20260710T202507Z,24.9,86.9
20260710T202522Z,24.9,87.1
20260710T202537Z,24.9,87.2
20260710T202552Z,25.0,87.5
20260710T202607Z,25.0,87.8
20260710T202622Z,25.0,87.9
20260710T202637Z,25.0,88.2
20260710T202652Z,25.0,88.2
20260710T202707Z,25.0,88.5
20260710T202722Z,25.1,88.6
20260710T202737Z,25.1,88.8
20260710T202752Z,25.1,88.9
20260710T202807Z,25.1,89.0
20260710T202822Z,25.1,89.1
20260710T202837Z,25.1,89.3
20260710T202852Z,25.2,89.4
20260710T202907Z,25.2,89.5
20260710T202922Z,25.2,89.5
20260710T202937Z,25.2,89.8
20260710T202952Z,25.2,89.9
20260710T203007Z,25.2,90.0
20260710T203022Z,25.2,90.1
20260710T203037Z,25.3,90.3
20260710T203052Z,25.3,90.3
20260710T203107Z,25.3,90.4
20260710T203122Z,25.3,90.4
20260710T203137Z,25.3,90.5
20260710T203152Z,25.4,90.6
20260710T203207Z,25.4,90.7
20260710T203222Z,25.4,90.8
20260710T203237Z,25.4,90.9
20260710T203252Z,25.4,90.9
20260710T203307Z,25.4,91.0
20260710T203322Z,25.4,91.1
20260710T203337Z,25.5,91.2
20260710T203352Z,25.4,91.2
20260710T203407Z,25.5,91.3
20260710T203422Z,25.5,91.3
20260710T203437Z,25.5,91.3
20260710T203452Z,25.5,91.3
20260710T203507Z,25.5,91.4
20260710T203522Z,25.5,91.4
20260710T203537Z,25.5,91.4
20260710T203552Z,25.6,91.5
20260710T203608Z,25.6,91.5
20260710T203622Z,25.6,91.5
20260710T203637Z,25.6,91.5
20260710T203652Z,25.6,91.5
20260710T203707Z,25.6,91.5
20260710T203722Z,25.6,91.5
20260710T203737Z,25.6,91.5
20260710T203752Z,25.7,91.5
20260710T203807Z,25.7,91.5
20260710T203822Z,25.7,91.5
20260710T203837Z,25.7,91.5
20260710T203852Z,25.7,91.5
20260710T203907Z,25.8,91.5
20260710T203922Z,25.8,91.5
20260710T203937Z,25.8,90.8
20260710T203952Z,25.8,90.8
20260710T204007Z,25.7,89.1
20260710T204022Z,25.7,88.9
20260710T204037Z,25.7,87.6
20260710T204052Z,25.7,86.8
20260710T204108Z,25.7,86.2
20260710T204122Z,25.6,85.3
20260710T204138Z,25.6,84.3
20260710T204152Z,25.5,82.7
20260710T204207Z,25.4,81.9
20260710T204222Z,25.4,81.2
20260710T204237Z,25.3,80.5
20260710T204252Z,25.2,79.2
20260710T204307Z,25.1,78.4
20260710T204322Z,25.1,77.8
20260710T204337Z,25.0,76.8
20260710T204352Z,24.8,75.9
20260710T204407Z,24.7,75.3
20260710T204422Z,24.6,76.8
20260710T204437Z,24.6,78.2
20260710T204452Z,24.6,80.0
20260710T204507Z,24.5,80.8
20260710T204522Z,24.5,81.5
20260710T204537Z,24.5,82.0
20260710T204552Z,24.5,82.2
20260710T204608Z,24.5,82.4
20260710T204622Z,24.5,82.9
20260710T204638Z,24.5,83.4
20260710T204653Z,24.6,83.5
20260710T204707Z,24.6,83.8
20260710T204723Z,24.6,84.3
20260710T204737Z,24.6,84.5
20260710T204753Z,24.6,84.8
20260710T204807Z,24.7,85.2
20260710T204823Z,24.7,85.4
20260710T204837Z,24.7,85.6
20260710T204852Z,24.7,85.9
20260710T204908Z,24.8,86.2
20260710T204922Z,24.8,86.2
20260710T204937Z,24.8,86.5
20260710T204952Z,24.8,86.8
20260710T205008Z,24.8,86.9
20260710T205022Z,24.9,87.2
20260710T205038Z,24.9,87.4
20260710T205054Z,24.9,87.6
20260710T205108Z,24.9,87.9
20260710T205123Z,24.9,88.0
20260710T205137Z,24.9,88.1
20260710T205153Z,25.0,88.3
20260710T205207Z,25.0,88.3
20260710T205223Z,25.0,88.5
20260710T205237Z,25.0,88.7
20260710T205252Z,25.0,88.9
20260710T205308Z,25.1,89.0
20260710T205322Z,25.1,89.2
20260710T205337Z,25.1,89.3
20260710T205353Z,25.1,89.4
20260710T205407Z,25.1,89.4
20260710T205423Z,25.1,89.6
20260710T205437Z,25.1,89.7
20260710T205453Z,25.2,89.8
20260710T205507Z,25.2,89.9
20260710T205523Z,25.2,89.9
20260710T205537Z,25.2,90.2
20260710T205554Z,25.2,90.2
20260710T205608Z,25.3,90.3
20260710T205623Z,25.3,90.3
20260710T205637Z,25.3,90.4
20260710T205652Z,25.3,90.5
20260710T205708Z,25.3,90.6
20260710T205722Z,25.3,90.7
20260710T205738Z,25.4,90.7
20260710T205753Z,25.4,90.8
20260710T205807Z,25.4,90.8
20260710T205823Z,25.4,90.9
20260710T205837Z,25.4,91.1
20260710T205852Z,25.4,91.2
20260710T205907Z,25.4,91.2
20260710T205922Z,25.4,91.2
20260710T205938Z,25.4,91.3
20260710T205952Z,25.5,91.3
20260710T210008Z,25.5,91.4
20260710T210022Z,25.5,91.4
20260710T210038Z,25.5,91.4
20260710T210052Z,25.5,91.4
20260710T210108Z,25.5,91.5
20260710T210122Z,25.5,91.6
20260710T210138Z,25.5,91.6
20260710T210152Z,25.5,91.6
20260710T210208Z,25.5,91.6
20260710T210222Z,25.6,91.6
20260710T210237Z,25.6,91.6
20260710T210252Z,25.6,91.5
20260710T210308Z,25.6,91.6
20260710T210323Z,25.6,91.6
20260710T210337Z,25.6,91.6
20260710T210353Z,25.6,91.6
20260710T210407Z,25.7,91.5
20260710T210423Z,25.7,91.5
20260710T210437Z,25.7,91.5
20260710T210452Z,25.7,91.5
20260710T210508Z,25.7,91.4
20260710T210522Z,25.7,91.5
20260710T210537Z,25.7,91.4
20260710T210553Z,25.7,91.0
20260710T210607Z,25.8,89.8
20260710T210623Z,25.7,88.8
20260710T210637Z,25.7,88.2
20260710T210653Z,25.7,87.7
20260710T210707Z,25.6,86.6
20260710T210723Z,25.6,85.1
20260710T210737Z,25.6,84.2
20260710T210753Z,25.5,83.2
20260710T210807Z,25.5,82.6
20260710T210823Z,25.4,81.4
20260710T210837Z,25.4,80.5
20260710T210852Z,25.3,79.0
20260710T210907Z,25.3,78.1
20260710T210923Z,25.2,77.3
20260710T210937Z,25.1,76.7
20260710T210952Z,25.0,75.6
20260710T211008Z,25.0,75.8
20260710T211022Z,24.9,76.7
20260710T211038Z,24.9,77.9
20260710T211053Z,24.8,79.1
20260710T211107Z,24.9,80.6
20260710T211122Z,24.8,81.1
20260710T211138Z,24.8,81.4
20260710T211153Z,24.8,81.9
20260710T211208Z,24.8,82.4
20260710T211222Z,24.8,82.6
20260710T211238Z,24.8,83.0
20260710T211252Z,24.8,83.6
20260710T211308Z,24.8,83.8
20260710T211322Z,24.8,84.0
20260710T211338Z,24.8,84.3
20260710T211352Z,24.8,84.8
20260710T211408Z,24.8,85.2
20260710T211422Z,24.8,85.4
20260710T211438Z,24.9,85.6
20260710T211452Z,24.9,85.8
20260710T211507Z,24.9,86.2
20260710T211523Z,24.9,86.4
20260710T211538Z,24.9,86.6
20260710T211552Z,24.9,86.8
20260710T211608Z,24.9,87.0
20260710T211622Z,25.0,87.1
20260710T211637Z,25.0,87.5
20260710T211652Z,25.0,87.6
20260710T211708Z,25.0,87.7
20260710T211722Z,25.0,87.8
20260710T211738Z,25.0,88.1
20260710T211752Z,25.1,88.3
20260710T211808Z,25.1,88.4
20260710T211822Z,25.1,88.5
20260710T211838Z,25.1,88.7
20260710T211852Z,25.1,88.8
20260710T211907Z,25.2,89.2
20260710T211923Z,25.2,89.1
20260710T211937Z,25.2,89.2
20260710T211953Z,25.2,89.4
20260710T212007Z,25.2,89.5
20260710T212023Z,25.2,89.6
20260710T212037Z,25.2,89.7
20260710T212053Z,25.2,89.9
20260710T212107Z,25.3,90.0
20260710T212122Z,25.3,90.2
20260710T212137Z,25.3,90.2
20260710T212153Z,25.3,90.3
20260710T212208Z,25.3,90.3
20260710T212222Z,25.3,90.4
20260710T212238Z,25.3,90.6
20260710T212252Z,25.3,90.6
20260710T212308Z,25.4,90.7
20260710T212322Z,25.4,90.8
20260710T212338Z,25.4,90.8
20260710T212352Z,25.4,90.9
20260710T212408Z,25.4,91.0
20260710T212422Z,25.4,91.1
20260710T212438Z,25.4,91.1
20260710T212452Z,25.4,91.2
20260710T212508Z,25.5,91.3
20260710T212522Z,25.5,91.3
20260710T212538Z,25.5,91.3
20260710T212552Z,25.5,91.3
20260710T212608Z,25.5,91.4
20260710T212622Z,25.5,91.4
20260710T212638Z,25.5,91.5
20260710T212652Z,25.5,91.5
20260710T212708Z,25.5,91.5
20260710T212722Z,25.5,91.6
20260710T212737Z,25.6,91.6
20260710T212752Z,25.6,91.7
20260710T212808Z,25.6,91.6
20260710T212822Z,25.6,91.6
20260710T212838Z,25.6,91.6
20260710T212853Z,25.6,91.6
20260710T212907Z,25.6,91.6
20260710T212923Z,25.7,91.6
20260710T212937Z,25.7,91.6
20260710T212952Z,25.7,91.5
20260710T213008Z,25.7,91.5
20260710T213022Z,25.7,91.5
20260710T213038Z,25.8,91.5
20260710T213052Z,25.7,91.5
20260710T213107Z,25.7,91.5
20260710T213123Z,25.8,90.9
20260710T213137Z,25.7,90.0
20260710T213153Z,25.7,88.9
20260710T213207Z,25.7,88.5
20260710T213223Z,25.7,87.1
20260710T213237Z,25.6,86.3
20260710T213253Z,25.6,85.5
20260710T213307Z,25.6,84.1
20260710T213323Z,25.5,83.3
20260710T213337Z,25.4,82.4
20260710T213353Z,25.4,81.1
20260710T213407Z,25.3,80.5
20260710T213422Z,25.2,79.0
20260710T213438Z,25.1,78.1
20260710T213453Z,25.0,77.5
20260710T213507Z,24.9,76.2
20260710T213523Z,24.7,75.8
20260710T213537Z,24.6,76.3
20260710T213553Z,24.5,78.1
20260710T213607Z,24.4,79.4
20260710T213623Z,24.4,80.9
20260710T213637Z,24.4,82.0
20260710T213653Z,24.4,82.7
20260710T213707Z,24.5,82.9
20260710T213723Z,24.5,83.0
20260710T213738Z,24.5,83.1
20260710T213752Z,24.5,83.7
20260710T213808Z,24.5,84.0
20260710T213822Z,24.5,84.3
20260710T213838Z,24.6,84.6
20260710T213852Z,24.6,84.9
20260710T213908Z,24.6,85.2
20260710T213922Z,24.6,85.5
20260710T213938Z,24.7,85.7
20260710T213952Z,24.7,86.0
20260710T214008Z,24.7,86.2
20260710T214022Z,24.8,86.2
20260710T214038Z,24.8,86.5
20260710T214053Z,24.8,86.7
20260710T214107Z,24.8,87.0
20260710T214123Z,24.9,87.2
20260710T214137Z,24.9,87.4
20260710T214153Z,24.9,87.5
20260710T214207Z,24.9,87.7
20260710T214223Z,24.9,87.8
20260710T214237Z,25.0,88.1
20260710T214253Z,25.0,88.2
20260710T214307Z,25.0,88.4
20260710T214323Z,25.0,88.5
20260710T214338Z,25.0,88.6
20260710T214353Z,25.1,88.6
20260710T214408Z,25.1,88.9
20260710T214423Z,25.1,89.0
20260710T214438Z,25.1,89.3
20260710T214453Z,25.1,89.3
20260710T214508Z,25.2,89.5
20260710T214522Z,25.2,89.7
20260710T214538Z,25.2,89.6
20260710T214552Z,25.2,89.9
20260710T214608Z,25.2,90.0
20260710T214622Z,25.2,90.1
20260710T214638Z,25.2,90.3
20260710T214653Z,25.3,90.3
20260710T214708Z,25.3,90.5
20260710T214723Z,25.3,90.6
20260710T214738Z,25.3,90.6
20260710T214753Z,25.3,90.6
20260710T214808Z,25.3,90.8
20260710T214823Z,25.3,90.8
20260710T214838Z,25.4,90.9
20260710T214853Z,25.4,91.0
20260710T214908Z,25.4,91.0
20260710T214923Z,25.4,91.1
20260710T214938Z,25.4,91.3
20260710T214953Z,25.4,91.3
20260710T215008Z,25.4,91.4
20260710T215023Z,25.4,91.4
20260710T215038Z,25.5,91.4
20260710T215053Z,25.5,91.5
20260710T215108Z,25.5,91.5
20260710T215123Z,25.5,91.5
20260710T215138Z,25.5,91.5
20260710T215153Z,25.5,91.6
20260710T215208Z,25.5,91.6
20260710T215223Z,25.5,91.6
20260710T215238Z,25.6,91.6
20260710T215253Z,25.6,91.7
20260710T215308Z,25.6,91.6
20260710T215323Z,25.6,91.7
20260710T215338Z,25.6,91.7
20260710T215353Z,25.6,91.7
20260710T215408Z,25.6,91.7
20260710T215423Z,25.6,91.7
20260710T215438Z,25.7,91.7
20260710T215453Z,25.7,91.7
20260710T215508Z,25.7,91.7
20260710T215523Z,25.7,91.7
20260710T215538Z,25.7,91.6
20260710T215553Z,25.7,91.7
20260710T215608Z,25.8,91.6
20260710T215623Z,25.8,91.6
20260710T215638Z,25.8,91.6
20260710T215653Z,25.8,91.0
20260710T215708Z,25.8,89.8
20260710T215723Z,25.7,88.9
20260710T215738Z,25.7,88.3
20260710T215753Z,25.7,87.5
20260710T215808Z,25.7,87.2
20260710T215823Z,25.6,85.7
20260710T215838Z,25.6,84.6
20260710T215853Z,25.5,83.7
20260710T215908Z,25.5,82.9
20260710T215923Z,25.4,82.0
20260710T215938Z,25.4,80.9
20260710T215953Z,25.3,79.3
20260710T220008Z,25.2,78.6
20260710T220023Z,25.1,78.0
20260710T220038Z,25.0,76.9
20260710T220053Z,24.8,75.9
20260710T220108Z,24.7,75.4
20260710T220123Z,24.5,77.0
20260710T220138Z,24.5,78.5
20260710T220153Z,24.4,80.0
20260710T220208Z,24.4,81.6
20260710T220223Z,24.4,82.3
20260710T220238Z,24.4,82.6
20260710T220253Z,24.5,82.8
20260710T220308Z,24.5,83.0
20260710T220323Z,24.5,83.3
20260710T220338Z,24.5,83.7
20260710T220353Z,24.5,84.3
20260710T220408Z,24.6,84.4
20260710T220423Z,24.6,84.6
20260710T220438Z,24.6,84.9
20260710T220453Z,24.7,85.2
20260710T220508Z,24.7,85.4
20260710T220523Z,24.7,85.6
20260710T220538Z,24.8,85.9
20260710T220553Z,24.8,86.0
20260710T220608Z,24.8,86.1
20260710T220623Z,24.9,86.5
20260710T220638Z,24.9,86.7
20260710T220653Z,24.9,86.8
20260710T220708Z,24.9,87.1
20260710T220723Z,24.9,87.3
20260710T220738Z,24.9,87.4
20260710T220753Z,25.0,87.5
20260710T220808Z,25.0,87.7
20260710T220823Z,25.0,87.9
20260710T220838Z,25.0,88.1
20260710T220853Z,25.0,88.3
20260710T220908Z,25.1,88.6
20260710T220923Z,25.1,88.7
20260710T220938Z,25.1,88.9
20260710T220953Z,25.1,89.1
20260710T221008Z,25.1,89.1
20260710T221023Z,25.1,89.3
20260710T221038Z,25.1,89.4
20260710T221053Z,25.2,89.6
20260710T221108Z,25.2,89.7
20260710T221123Z,25.2,89.8
20260710T221138Z,25.2,89.9
20260710T221153Z,25.2,90.2
20260710T221208Z,25.2,90.2
20260710T221223Z,25.3,90.4
20260710T221238Z,25.2,90.5
20260710T221253Z,25.3,90.5
20260710T221308Z,25.3,90.7
20260710T221323Z,25.3,90.8
20260710T221338Z,25.3,90.8
20260710T221353Z,25.3,90.9
20260710T221408Z,25.3,90.9
20260710T221423Z,25.3,91.0
20260710T221438Z,25.4,91.0
20260710T221453Z,25.4,91.2
20260710T221508Z,25.4,91.2
20260710T221523Z,25.4,91.2
20260710T221538Z,25.4,91.3
20260710T221553Z,25.4,91.4
20260710T221608Z,25.4,91.4
20260710T221623Z,25.5,91.5
20260710T221638Z,25.5,91.5
20260710T221653Z,25.5,91.6
20260710T221708Z,25.5,91.6
20260710T221723Z,25.5,91.7
20260710T221738Z,25.5,91.7
20260710T221753Z,25.5,91.7
20260710T221808Z,25.5,91.8
20260710T221823Z,25.5,91.7
20260710T221838Z,25.5,91.8
20260710T221853Z,25.6,91.8
20260710T221908Z,25.6,91.8
20260710T221923Z,25.6,91.8
20260710T221938Z,25.6,91.8
20260710T221953Z,25.6,91.7
20260710T222008Z,25.6,91.7
20260710T222023Z,25.7,91.8
20260710T222038Z,25.7,91.8
20260710T222053Z,25.7,91.8
20260710T222108Z,25.7,91.8
20260710T222123Z,25.7,91.8
20260710T222138Z,25.7,91.8
20260710T222153Z,25.7,91.7
20260710T222208Z,25.8,91.7
20260710T222223Z,25.8,91.1
20260710T222238Z,25.8,90.3
20260710T222253Z,25.8,89.3
20260710T222308Z,25.7,88.7
20260710T222323Z,25.7,87.5
20260710T222338Z,25.6,86.5
20260710T222353Z,25.6,85.6
20260710T222408Z,25.6,84.8
20260710T222423Z,25.5,84.1
20260710T222438Z,25.5,83.2
20260710T222453Z,25.4,81.9
20260710T222508Z,25.4,80.6
20260710T222523Z,25.3,79.7
20260710T222538Z,25.2,79.1
20260710T222553Z,25.1,78.2
20260710T222608Z,25.0,77.5
20260710T222623Z,24.9,76.4
20260710T222638Z,24.8,76.0
20260710T222653Z,24.7,76.8
20260710T222708Z,24.7,78.0
20260710T222723Z,24.7,79.4
20260710T222738Z,24.7,81.0
20260710T222753Z,24.7,81.8
20260710T222808Z,24.7,82.1
20260710T222823Z,24.7,82.4
20260710T222838Z,24.6,82.8
20260710T222853Z,24.6,83.0
20260710T222908Z,24.6,83.3
20260710T222923Z,24.7,83.7
20260710T222938Z,24.7,84.2
20260710T222953Z,24.7,84.6
20260710T223008Z,24.7,85.0
20260710T223023Z,24.7,85.1
20260710T223038Z,24.7,85.5
20260710T223053Z,24.7,85.8
20260710T223108Z,24.8,86.1
20260710T223123Z,24.8,86.3
20260710T223138Z,24.8,86.6
20260710T223153Z,24.8,86.8
20260710T223208Z,24.8,87.0
20260710T223223Z,24.9,87.3
20260710T223238Z,24.9,87.4
20260710T223253Z,24.9,87.6
20260710T223308Z,24.9,87.9
20260710T223323Z,24.9,88.0
20260710T223338Z,25.0,88.2
20260710T223353Z,25.0,88.4
20260710T223408Z,25.0,88.6
20260710T223423Z,25.0,88.6
20260710T223438Z,25.0,88.9
20260710T223453Z,25.0,89.2
20260710T223508Z,25.1,89.3
20260710T223523Z,25.1,89.4
20260710T223538Z,25.1,89.6
20260710T223553Z,25.1,89.7
20260710T223608Z,25.1,89.8
20260710T223623Z,25.1,89.9
20260710T223638Z,25.2,90.0
20260710T223653Z,25.2,90.2
20260710T223708Z,25.2,90.3
20260710T223723Z,25.2,90.4
20260710T223738Z,25.2,90.5
20260710T223753Z,25.2,90.8
20260710T223808Z,25.2,90.8
20260710T223823Z,25.2,91.0
20260710T223838Z,25.3,91.0
20260710T223853Z,25.3,91.1
20260710T223908Z,25.3,91.1
20260710T223923Z,25.3,91.2
20260710T223938Z,25.3,91.3
20260710T223953Z,25.3,91.4
20260710T224008Z,25.3,91.4
20260710T224023Z,25.4,91.5
20260710T224038Z,25.4,91.6
20260710T224053Z,25.4,91.6
20260710T224108Z,25.4,91.6
20260710T224123Z,25.4,91.7
20260710T224138Z,25.4,91.7
20260710T224153Z,25.4,91.7
20260710T224208Z,25.5,91.8
20260710T224223Z,25.5,91.7
20260710T224238Z,25.5,91.9
20260710T224253Z,25.5,91.8
20260710T224308Z,25.5,91.9
20260710T224323Z,25.5,91.9
20260710T224338Z,25.5,92.0
20260710T224353Z,25.6,91.9
20260710T224408Z,25.6,91.9
20260710T224423Z,25.6,92.0
20260710T224438Z,25.6,92.0
20260710T224453Z,25.6,92.0
20260710T224508Z,25.6,92.0
20260710T224523Z,25.6,92.0
20260710T224538Z,25.7,92.0
20260710T224553Z,25.7,91.9
20260710T224608Z,25.7,91.9
20260710T224623Z,25.7,92.0
20260710T224638Z,25.7,91.9
20260710T224653Z,25.7,91.9
20260710T224708Z,25.7,91.9
20260710T224723Z,25.7,91.3
20260710T224738Z,25.7,89.9
20260710T224753Z,25.7,89.0
20260710T224808Z,25.7,88.5
20260710T224823Z,25.7,87.2
20260710T224838Z,25.6,86.5
20260710T224853Z,25.6,85.1
20260710T224908Z,25.5,84.9
20260710T224923Z,25.5,83.6
20260710T224938Z,25.5,82.7
20260710T224953Z,25.4,81.7
20260710T225008Z,25.3,80.3
20260710T225023Z,25.3,79.6
20260710T225038Z,25.2,78.7
20260710T225053Z,25.1,77.9
20260710T225108Z,24.9,76.9
20260710T225123Z,24.8,76.1
20260710T225138Z,24.7,76.2
20260710T225153Z,24.6,77.4
20260710T225208Z,24.5,79.0
20260710T225223Z,24.5,80.5
20260710T225238Z,24.5,81.6
20260710T225253Z,24.5,82.2
20260710T225308Z,24.5,82.6
20260710T225323Z,24.5,82.6
20260710T225338Z,24.6,83.1
20260710T225353Z,24.6,83.3
20260710T225408Z,24.6,83.7
20260710T225423Z,24.6,84.1
20260710T225438Z,24.6,84.6
20260710T225453Z,24.6,85.0
20260710T225508Z,24.7,85.1
20260710T225523Z,24.7,85.6
20260710T225538Z,24.7,85.8
20260710T225553Z,24.7,86.0
20260710T225608Z,24.7,86.2
20260710T225623Z,24.8,86.5
20260710T225638Z,24.8,86.7
20260710T225653Z,24.8,87.0
20260710T225708Z,24.8,87.3
20260710T225723Z,24.8,87.4
20260710T225738Z,24.9,87.7
20260710T225753Z,24.9,87.8
20260710T225808Z,24.9,87.9
20260710T225823Z,24.9,88.3
20260710T225838Z,24.9,88.5
20260710T225853Z,24.9,88.6
20260710T225908Z,25.0,88.8
20260710T225923Z,25.0,89.0
20260710T225938Z,25.0,89.1
20260710T225953Z,25.0,89.3
20260710T230008Z,25.0,89.4
20260710T230023Z,25.1,89.6
20260710T230038Z,25.1,89.7
20260710T230053Z,25.1,90.0
20260710T230108Z,25.1,90.0
20260710T230123Z,25.1,90.1
20260710T230138Z,25.1,90.2
20260710T230153Z,25.2,90.2
20260710T230208Z,25.2,90.4
20260710T230223Z,25.2,90.6
20260710T230238Z,25.2,90.8
20260710T230253Z,25.2,90.9
20260710T230308Z,25.2,91.0
20260710T230323Z,25.2,91.1
20260710T230338Z,25.2,91.1
20260710T230354Z,25.3,91.3
20260710T230408Z,25.3,91.3
20260710T230423Z,25.3,91.4
20260710T230438Z,25.3,91.5
20260710T230453Z,25.3,91.7
20260710T230508Z,25.3,91.7
20260710T230523Z,25.3,91.8
20260710T230538Z,25.4,91.8
20260710T230553Z,25.4,91.9
20260710T230608Z,25.4,92.0
20260710T230623Z,25.4,92.0
20260710T230638Z,25.4,92.0
20260710T230653Z,25.4,92.1
20260710T230708Z,25.4,92.1
20260710T230723Z,25.4,92.1
20260710T230738Z,25.5,92.2
20260710T230753Z,25.5,92.2
20260710T230808Z,25.5,92.2
20260710T230823Z,25.5,92.2
20260710T230838Z,25.5,92.3
20260710T230853Z,25.5,92.2
20260710T230908Z,25.5,92.3
20260710T230923Z,25.6,92.2
20260710T230938Z,25.6,92.2
20260710T230953Z,25.6,92.2
20260710T231008Z,25.6,92.3
20260710T231023Z,25.6,92.3
20260710T231038Z,25.6,92.3
20260710T231053Z,25.6,92.3
20260710T231108Z,25.6,92.3
20260710T231123Z,25.7,92.3
20260710T231138Z,25.7,92.3
20260710T231154Z,25.7,92.3
20260710T231209Z,25.7,92.2
20260710T231223Z,25.7,92.2
20260710T231238Z,25.7,91.5
20260710T231253Z,25.7,90.7
20260710T231308Z,25.7,89.6
20260710T231323Z,25.7,88.6
20260710T231338Z,25.7,88.2
20260710T231354Z,25.6,87.1
20260710T231409Z,25.6,85.9
20260710T231423Z,25.5,84.8
20260710T231438Z,25.5,84.9
20260710T231453Z,25.4,83.0
20260710T231508Z,25.4,82.3
20260710T231523Z,25.3,81.3
20260710T231538Z,25.2,80.4
20260710T231553Z,25.2,79.5
20260710T231608Z,25.1,78.8
20260710T231623Z,25.0,77.8
20260710T231638Z,24.9,76.6
20260710T231653Z,24.8,75.9
20260710T231708Z,24.7,76.9
20260710T231723Z,24.6,78.8
20260710T231738Z,24.5,80.6
20260710T231753Z,24.5,81.4
20260710T231808Z,24.5,82.3
20260710T231823Z,24.5,82.8
20260710T231838Z,24.5,83.2
20260710T231853Z,24.5,83.4
20260710T231908Z,24.5,83.5
20260710T231923Z,24.5,83.7
20260710T231938Z,24.6,84.1
20260710T231953Z,24.6,84.5
20260710T232008Z,24.6,84.7
20260710T232023Z,24.7,85.0
20260710T232038Z,24.7,85.1
20260710T232053Z,24.7,85.5
20260710T232108Z,24.8,85.8
20260710T232123Z,24.8,86.0
20260710T232138Z,24.8,86.2
20260710T232153Z,24.8,86.4
20260710T232208Z,24.8,86.7
20260710T232223Z,24.9,86.9
20260710T232238Z,24.9,87.2
20260710T232253Z,24.9,87.3
20260710T232308Z,24.9,87.5
20260710T232323Z,25.0,87.6
20260710T232338Z,25.0,88.0
20260710T232353Z,25.0,88.1
20260710T232408Z,25.0,88.3
20260710T232423Z,25.0,88.4
20260710T232438Z,25.0,88.6
20260710T232453Z,25.1,88.8
20260710T232508Z,25.1,89.1
20260710T232523Z,25.1,89.3
20260710T232538Z,25.1,89.3
20260710T232553Z,25.1,89.4
20260710T232608Z,25.1,89.6
20260710T232623Z,25.2,89.7
20260710T232638Z,25.2,89.8
20260710T232653Z,25.2,89.9
20260710T232708Z,25.2,90.0
20260710T232723Z,25.2,90.1
20260710T232738Z,25.3,90.2
20260710T232753Z,25.3,90.3
20260710T232808Z,25.3,90.4
20260710T232823Z,25.3,90.5
20260710T232838Z,25.3,90.6
20260710T232853Z,25.4,90.7
20260710T232908Z,25.4,90.8
20260710T232923Z,25.4,90.9
20260710T232938Z,25.4,91.0
20260710T232953Z,25.4,91.0
20260710T233008Z,25.4,91.2
20260710T233023Z,25.4,91.2
20260710T233038Z,25.4,91.3
20260710T233053Z,25.5,91.4
20260710T233108Z,25.5,91.4
20260710T233123Z,25.5,91.5
20260710T233138Z,25.5,91.5
20260710T233153Z,25.5,91.6
20260710T233208Z,25.5,91.7
20260710T233223Z,25.5,91.7
20260710T233238Z,25.5,91.8
20260710T233253Z,25.5,91.8
20260710T233308Z,25.5,91.9
20260710T233323Z,25.6,91.9
20260710T233338Z,25.6,91.9
20260710T233353Z,25.6,91.9
20260710T233408Z,25.6,92.0
20260710T233423Z,25.6,92.0
20260710T233438Z,25.6,92.0
20260710T233453Z,25.6,92.0
20260710T233508Z,25.6,92.0
20260710T233523Z,25.6,92.0
20260710T233538Z,25.7,92.0
20260710T233553Z,25.7,92.0
20260710T233608Z,25.7,91.9
20260710T233623Z,25.7,91.9
20260710T233638Z,25.7,92.0
20260710T233653Z,25.8,92.0
20260710T233708Z,25.7,92.0
20260710T233723Z,25.8,92.0
20260710T233738Z,25.8,91.8
20260710T233753Z,25.8,91.5
20260710T233808Z,25.8,90.2
20260710T233823Z,25.7,89.4
20260710T233838Z,25.7,88.8
20260710T233854Z,25.7,87.3
20260710T233909Z,25.7,86.8
20260710T233923Z,25.6,86.1
20260710T233938Z,25.6,85.0
20260710T233953Z,25.6,83.7
20260710T234008Z,25.5,83.1
20260710T234023Z,25.5,81.7
20260710T234038Z,25.4,80.4
20260710T234053Z,25.3,79.3
20260710T234108Z,25.3,78.6
20260710T234123Z,25.2,78.0
20260710T234138Z,25.1,76.9
20260710T234153Z,25.0,76.5
20260710T234208Z,24.9,76.0
20260710T234223Z,24.8,76.7
20260710T234238Z,24.8,78.0
20260710T234253Z,24.8,79.0
20260710T234308Z,24.7,80.6
20260710T234323Z,24.7,81.6
20260710T234338Z,24.7,82.1
20260710T234353Z,24.7,82.4
20260710T234408Z,24.7,82.8
20260710T234423Z,24.7,83.0
20260710T234438Z,24.7,83.1
20260710T234453Z,24.7,83.7
20260710T234508Z,24.7,83.9
20260710T234523Z,24.7,84.3
20260710T234538Z,24.7,84.6
20260710T234553Z,24.8,85.0
20260710T234608Z,24.8,85.3
20260710T234623Z,24.8,85.7
20260710T234638Z,24.8,85.8
20260710T234653Z,24.8,86.1
20260710T234708Z,24.8,86.4
20260710T234723Z,24.8,86.7
20260710T234738Z,24.9,86.9
20260710T234753Z,24.9,87.1
20260710T234808Z,24.9,87.3
20260710T234823Z,24.9,87.6
20260710T234838Z,24.9,87.7
20260710T234853Z,25.0,88.0
20260710T234908Z,25.0,88.0
20260710T234923Z,25.0,88.2
20260710T234938Z,25.0,88.4
20260710T234954Z,25.0,88.6
20260710T235009Z,25.1,88.7
20260710T235023Z,25.1,89.0
20260710T235038Z,25.1,89.1
20260710T235054Z,25.1,89.2
20260710T235109Z,25.1,89.4
20260710T235123Z,25.2,89.6
20260710T235138Z,25.2,89.5
20260710T235153Z,25.2,89.7
20260710T235208Z,25.2,89.8
20260710T235223Z,25.2,90.0
20260710T235238Z,25.2,90.2
20260710T235253Z,25.2,90.3
20260710T235308Z,25.3,90.4
20260710T235323Z,25.3,90.6
20260710T235338Z,25.3,90.6
20260710T235354Z,25.3,90.8
20260710T235409Z,25.3,90.9
20260710T235423Z,25.3,91.1
20260710T235438Z,25.3,91.2
20260710T235453Z,25.3,91.1
20260710T235508Z,25.3,91.3
20260710T235523Z,25.3,91.4
20260710T235538Z,25.4,91.5
20260710T235553Z,25.4,91.5
20260710T235608Z,25.4,91.7
20260710T235623Z,25.4,91.7
20260710T235638Z,25.4,91.7
20260710T235653Z,25.4,91.8
20260710T235708Z,25.4,92.0
20260710T235723Z,25.5,92.0
20260710T235738Z,25.5,92.0
20260710T235753Z,25.5,92.1
20260710T235808Z,25.5,92.2
20260710T235823Z,25.5,92.2
20260710T235838Z,25.5,92.2
20260710T235853Z,25.5,92.3
20260710T235908Z,25.5,92.3
20260710T235923Z,25.5,92.3
20260710T235938Z,25.5,92.4
20260710T235953Z,25.6,92.4