Time,Temperature,Humidity
20260722T000006Z,27.7,91.7
20260722T000021Z,27.7,91.7
20260722T000036Z,27.7,91.7
20260722T000051Z,27.7,91.7
20260722T000106Z,27.7,91.6
20260722T000121Z,27.7,91.6
20260722T000136Z,27.7,91.6
20260722T000151Z,27.7,91.6
20260722T000206Z,27.7,91.6
20260722T000221Z,27.7,90.6
20260722T000236Z,27.7,90.8
20260722T000251Z,27.7,88.9
20260722T000306Z,27.7,88.4
20260722T000321Z,27.6,88.4
20260722T000336Z,27.6,87.4
20260722T000351Z,27.5,85.9
20260722T000406Z,27.5,85.8
20260722T000421Z,27.4,84.3
20260722T000436Z,27.3,83.8
20260722T000452Z,27.2,82.4
20260722T000506Z,27.1,81.3
20260722T000521Z,27.0,80.6
20260722T000536Z,26.9,79.8
20260722T000551Z,26.8,79.8
20260722T000606Z,26.6,79.4
20260722T000621Z,26.6,78.7
20260722T000636Z,26.5,78.4
20260722T000651Z,26.4,78.0
20260722T000706Z,26.3,79.2
20260722T000721Z,26.3,80.3
20260722T000736Z,26.3,82.5
20260722T000751Z,26.3,83.9
20260722T000806Z,26.3,84.6
20260722T000821Z,26.3,84.6
20260722T000836Z,26.3,85.0
20260722T000851Z,26.4,85.3
20260722T000906Z,26.4,85.3
20260722T000921Z,26.4,85.5
20260722T000936Z,26.4,85.9
20260722T000951Z,26.4,86.1
20260722T001006Z,26.4,86.3
20260722T001021Z,26.4,86.6
20260722T001036Z,26.4,86.5
20260722T001051Z,26.4,86.4
20260722T001106Z,26.4,87.1
20260722T001121Z,26.5,87.4
20260722T001136Z,26.5,87.2
20260722T001151Z,26.5,87.8
20260722T001206Z,26.5,87.7
20260722T001221Z,26.5,87.7
20260722T001236Z,26.6,87.7
20260722T001251Z,26.6,88.2
20260722T001306Z,26.6,88.5
20260722T001321Z,26.6,88.7
20260722T001336Z,26.6,89.0
20260722T001351Z,26.6,89.0
20260722T001406Z,26.7,89.2
20260722T001421Z,26.7,89.3
20260722T001436Z,26.7,89.4
20260722T001451Z,26.7,89.7
20260722T001506Z,26.7,89.8
20260722T001521Z,26.7,89.9
20260722T001536Z,26.7,90.0
20260722T001551Z,26.7,90.2
20260722T001606Z,26.7,90.2
20260722T001621Z,26.8,90.5
20260722T001636Z,26.8,90.5
20260722T001651Z,26.8,90.7
20260722T001706Z,26.8,90.8
20260722T001721Z,26.8,90.8
20260722T001736Z,26.8,91.0
20260722T001751Z,26.9,91.2
20260722T001806Z,26.9,91.3
20260722T001821Z,26.9,91.4
20260722T001836Z,26.9,91.6
20260722T001851Z,26.9,91.6
20260722T001906Z,26.9,91.7
20260722T001921Z,26.9,91.8
20260722T001936Z,26.9,91.9
20260722T001951Z,27.0,92.0
20260722T002006Z,27.0,92.0
20260722T002021Z,27.0,92.1
20260722T002036Z,27.0,92.2
20260722T002051Z,27.0,92.3
20260722T002106Z,27.0,92.3
20260722T002121Z,27.0,92.3
20260722T002136Z,27.0,92.4
20260722T002151Z,27.0,92.4
20260722T002206Z,27.0,92.5
20260722T002221Z,27.1,92.6
20260722T002236Z,27.1,92.6
20260722T002252Z,27.1,92.6
20260722T002306Z,27.1,92.7
20260722T002321Z,27.1,92.7
20260722T002336Z,27.1,92.8
20260722T002351Z,27.1,92.9
20260722T002406Z,27.1,92.8
20260722T002421Z,27.1,92.9
20260722T002436Z,27.2,92.8
20260722T002451Z,27.2,92.8
20260722T002506Z,27.2,92.8
20260722T002521Z,27.2,92.9
20260722T002536Z,27.2,92.8
20260722T002551Z,27.2,92.8
20260722T002606Z,27.2,92.9
20260722T002621Z,27.2,92.8
20260722T002636Z,27.2,92.9
20260722T002651Z,27.3,92.9
20260722T002706Z,27.3,92.8
20260722T002721Z,27.3,92.8
20260722T002736Z,27.3,92.9
20260722T002751Z,27.3,92.8
20260722T002806Z,27.3,92.8
20260722T002821Z,27.3,92.8
20260722T002836Z,27.4,92.8
20260722T002851Z,27.4,92.8
20260722T002906Z,27.4,92.7
20260722T002921Z,27.4,92.8
20260722T002936Z,27.4,92.7
20260722T002951Z,27.4,92.7
20260722T003006Z,27.4,92.7
20260722T003021Z,27.4,92.7
20260722T003036Z,27.5,92.6
20260722T003051Z,27.5,92.6
20260722T003106Z,27.5,92.6
20260722T003121Z,27.5,92.6
20260722T003136Z,27.5,92.5
20260722T003151Z,27.5,92.5
20260722T003206Z,27.5,92.4
20260722T003221Z,27.5,92.5
20260722T003236Z,27.5,92.4
20260722T003251Z,27.5,92.4
20260722T003306Z,27.6,92.4
20260722T003321Z,27.6,92.4
20260722T003336Z,27.6,92.4
20260722T003351Z,27.6,92.4
20260722T003406Z,27.6,92.3
20260722T003421Z,27.6,92.3
20260722T003436Z,27.6,92.3
20260722T003451Z,27.6,92.3
20260722T003506Z,27.6,92.3
20260722T003521Z,27.6,92.2
20260722T003536Z,27.6,92.2
20260722T003551Z,27.6,92.3
20260722T003606Z,27.7,92.2
20260722T003621Z,27.7,92.2
20260722T003636Z,27.7,92.2
20260722T003651Z,27.7,92.2
20260722T003706Z,27.7,92.1
20260722T003721Z,27.7,92.1
20260722T003736Z,27.7,92.1
20260722T003751Z,27.7,92.1
20260722T003806Z,27.7,92.1
20260722T003821Z,27.7,92.1
20260722T003836Z,27.7,92.1
20260722T003851Z,27.7,92.0
20260722T003906Z,27.7,91.5
20260722T003921Z,27.7,89.9
20260722T003936Z,27.7,89.2
20260722T003951Z,27.6,88.5
20260722T004006Z,27.6,87.9
20260722T004021Z,27.5,87.2
20260722T004036Z,27.4,86.6
20260722T004051Z,27.4,85.7
20260722T004106Z,27.3,84.3
20260722T004121Z,27.2,83.5
20260722T004136Z,27.2,82.7
20260722T004151Z,27.1,81.4
20260722T004206Z,27.0,80.6
20260722T004221Z,26.9,80.4
20260722T004236Z,26.8,79.7
20260722T004251Z,26.6,78.3
20260722T004306Z,26.5,78.1
20260722T004321Z,26.4,77.4
20260722T004336Z,26.3,78.1
20260722T004351Z,26.2,80.8
20260722T004406Z,26.2,82.3
20260722T004421Z,26.2,83.8
20260722T004436Z,26.3,84.7
20260722T004452Z,26.3,85.1
20260722T004506Z,26.3,85.2
20260722T004521Z,26.3,85.4
20260722T004536Z,26.3,85.8
20260722T004551Z,26.3,86.1
20260722T004606Z,26.3,86.2
20260722T004621Z,26.4,86.1
20260722T004636Z,26.4,86.5
20260722T004651Z,26.4,86.6
20260722T004706Z,26.4,86.9
20260722T004721Z,26.4,86.9
20260722T004736Z,26.4,87.2
20260722T004751Z,26.4,87.6
20260722T004806Z,26.5,87.6
20260722T004821Z,26.5,87.6
20260722T004836Z,26.5,87.6
20260722T004851Z,26.5,87.8
20260722T004906Z,26.5,88.4
20260722T004921Z,26.6,88.1
20260722T004936Z,26.6,88.3
20260722T004951Z,26.6,88.7
20260722T005006Z,26.6,88.7
20260722T005021Z,26.6,88.9
20260722T005036Z,26.6,89.1
20260722T005051Z,26.7,89.3
20260722T005106Z,26.7,89.5
20260722T005121Z,26.7,89.5
20260722T005136Z,26.7,89.7
20260722T005151Z,26.7,89.9
20260722T005206Z,26.7,90.0
20260722T005221Z,26.7,90.3
20260722T005236Z,26.7,90.4
20260722T005251Z,26.7,90.4
20260722T005306Z,26.8,90.5
20260722T005321Z,26.8,90.7
20260722T005336Z,26.8,90.8
20260722T005351Z,26.8,91.0
20260722T005406Z,26.8,91.1
20260722T005421Z,26.8,91.3
20260722T005436Z,26.8,91.4
20260722T005451Z,26.8,91.6
20260722T005506Z,26.8,91.7
20260722T005521Z,26.9,91.8
20260722T005536Z,26.9,91.8
20260722T005551Z,26.9,91.9
20260722T005606Z,26.9,92.1
20260722T005621Z,26.9,92.1
20260722T005636Z,26.9,92.2
20260722T005651Z,26.9,92.2
20260722T005706Z,27.0,92.3
20260722T005721Z,27.0,92.5
20260722T005736Z,27.0,92.5
20260722T005751Z,27.0,92.6
20260722T005806Z,27.0,92.6
20260722T005821Z,27.0,92.7
20260722T005836Z,27.0,92.8
20260722T005851Z,27.0,92.9
20260722T005906Z,27.0,92.8
20260722T005921Z,27.0,92.9
20260722T005936Z,27.0,93.0
20260722T005951Z,27.1,93.0
20260722T010006Z,27.1,93.0
20260722T010021Z,27.1,92.9
20260722T010036Z,27.1,93.1
20260722T010051Z,27.1,93.1
20260722T010106Z,27.1,93.1
20260722T010121Z,27.1,93.1
20260722T010136Z,27.1,93.1
20260722T010151Z,27.2,93.2
20260722T010206Z,27.2,93.2
20260722T010221Z,27.2,93.2
20260722T010236Z,27.2,93.2
20260722T010251Z,27.2,93.2
20260722T010306Z,27.2,93.2
20260722T010321Z,27.2,93.2
20260722T010336Z,27.2,93.3
20260722T010351Z,27.3,93.2
20260722T010406Z,27.3,93.2
20260722T010421Z,27.3,93.2
20260722T010436Z,27.3,93.2
20260722T010451Z,27.3,93.1
20260722T010506Z,27.3,93.1
20260722T010521Z,27.3,93.1
20260722T010536Z,27.4,93.1
20260722T010551Z,27.3,93.1
20260722T010606Z,27.4,93.1
20260722T010621Z,27.4,93.0
20260722T010636Z,27.4,93.0
20260722T010651Z,27.4,93.0
20260722T010706Z,27.4,93.0
20260722T010721Z,27.4,92.9
20260722T010736Z,27.4,93.0
20260722T010751Z,27.4,93.0
20260722T010806Z,27.5,92.9
20260722T010821Z,27.5,92.9
20260722T010836Z,27.5,92.9
20260722T010851Z,27.5,92.9
20260722T010906Z,27.5,92.8
20260722T010921Z,27.5,92.9
20260722T010936Z,27.5,92.8
20260722T010951Z,27.5,92.8
20260722T011006Z,27.5,92.8
20260722T011021Z,27.5,92.8
20260722T011036Z,27.6,92.7
20260722T011052Z,27.6,92.7
20260722T011106Z,27.6,92.7
20260722T011121Z,27.6,92.7
20260722T011136Z,27.6,92.7
20260722T011151Z,27.6,92.7
20260722T011206Z,27.6,92.6
20260722T011221Z,27.6,92.6
20260722T011236Z,27.6,92.6
20260722T011251Z,27.6,92.6
20260722T011306Z,27.6,92.6
20260722T011321Z,27.6,92.5
20260722T011336Z,27.7,92.5
20260722T011352Z,27.7,92.5
20260722T011406Z,27.7,92.5
20260722T011421Z,27.7,92.4
20260722T011436Z,27.7,92.4
20260722T011451Z,27.7,92.5
20260722T011506Z,27.7,92.4
20260722T011521Z,27.7,92.4
20260722T011536Z,27.7,91.5
20260722T011552Z,27.7,91.4
20260722T011607Z,27.7,89.4
20260722T011621Z,27.6,89.3
20260722T011636Z,27.6,88.7
20260722T011651Z,27.5,87.6
20260722T011706Z,27.4,86.0
20260722T011721Z,27.4,85.3
20260722T011736Z,27.3,85.3
20260722T011751Z,27.2,83.6
20260722T011806Z,27.1,82.4
20260722T011821Z,27.0,81.9
20260722T011836Z,26.9,81.1
20260722T011851Z,26.8,80.9
20260722T011906Z,26.6,80.5
20260722T011921Z,26.5,79.8
20260722T011936Z,26.4,79.1
20260722T011951Z,26.3,78.6
20260722T012006Z,26.2,78.5
20260722T012021Z,26.1,79.9
20260722T012036Z,26.1,82.2
20260722T012051Z,26.1,83.6
20260722T012106Z,26.2,84.7
20260722T012121Z,26.2,85.3
20260722T012136Z,26.2,85.4
20260722T012151Z,26.2,85.6
20260722T012206Z,26.3,86.0
20260722T012221Z,26.3,86.1
20260722T012236Z,26.3,86.4
20260722T012251Z,26.3,86.7
20260722T012306Z,26.3,86.8
20260722T012321Z,26.3,86.7
20260722T012336Z,26.3,87.1
20260722T012351Z,26.4,86.9
20260722T012406Z,26.4,87.3
20260722T012421Z,26.4,87.5
20260722T012436Z,26.4,87.6
20260722T012451Z,26.5,88.0
20260722T012506Z,26.5,88.1
20260722T012521Z,26.5,88.4
20260722T012536Z,26.5,88.1
20260722T012551Z,26.5,88.4
20260722T012606Z,26.5,88.8
20260722T012621Z,26.5,88.9
20260722T012636Z,26.6,89.0
20260722T012651Z,26.6,89.3
20260722T012706Z,26.6,89.2
20260722T012721Z,26.6,89.5
20260722T012736Z,26.6,89.6
20260722T012751Z,26.7,89.7
20260722T012806Z,26.7,89.8
20260722T012821Z,26.7,90.2
20260722T012836Z,26.7,90.3
20260722T012851Z,26.7,90.3
20260722T012906Z,26.7,90.6
20260722T012921Z,26.7,90.6
20260722T012936Z,26.7,90.7
20260722T012951Z,26.7,90.8
20260722T013006Z,26.8,91.0
20260722T013021Z,26.8,91.2
20260722T013036Z,26.8,91.2
20260722T013051Z,26.8,91.4
20260722T013106Z,26.8,91.5
20260722T013121Z,26.9,91.6
20260722T013136Z,26.8,91.7
20260722T013151Z,26.9,91.9
20260722T013206Z,26.9,91.9
20260722T013221Z,26.9,92.0
20260722T013236Z,26.9,92.1
20260722T013251Z,26.9,92.3
20260722T013306Z,26.9,92.4
20260722T013321Z,26.9,92.5
20260722T013336Z,26.9,92.5
20260722T013351Z,27.0,92.6
20260722T013406Z,27.0,92.7
20260722T013421Z,27.0,92.7
20260722T013436Z,27.0,92.8
20260722T013451Z,27.0,92.8
20260722T013506Z,27.0,92.8
20260722T013521Z,27.0,92.9
20260722T013536Z,27.0,92.9
20260722T013551Z,27.1,92.9
20260722T013606Z,27.1,93.1
20260722T013621Z,27.1,93.1
20260722T013636Z,27.1,93.0
20260722T013651Z,27.1,93.1
20260722T013706Z,27.1,93.1
20260722T013721Z,27.2,93.2
20260722T013736Z,27.2,93.3
20260722T013751Z,27.2,93.3
20260722T013806Z,27.2,93.2
20260722T013821Z,27.2,93.2
20260722T013836Z,27.2,93.3
20260722T013852Z,27.2,93.3
20260722T013906Z,27.2,93.3
20260722T013921Z,27.3,93.3
20260722T013936Z,27.3,93.4
20260722T013951Z,27.3,93.4
20260722T014006Z,27.3,93.4
20260722T014021Z,27.3,93.3
20260722T014036Z,27.3,93.3
20260722T014051Z,27.3,93.4
20260722T014106Z,27.3,93.3
20260722T014121Z,27.3,93.3
20260722T014136Z,27.3,93.3
20260722T014151Z,27.4,93.3
20260722T014206Z,27.4,93.3
20260722T014221Z,27.4,93.3
20260722T014236Z,27.4,93.3
20260722T014251Z,27.4,93.3
20260722T014306Z,27.4,93.2
20260722T014321Z,27.4,93.2
20260722T014336Z,27.5,93.2
20260722T014351Z,27.5,93.2
20260722T014406Z,27.5,93.2
20260722T014421Z,27.5,93.1
20260722T014436Z,27.5,93.1
20260722T014451Z,27.5,93.1
20260722T014506Z,27.5,93.1
20260722T014521Z,27.5,93.1
20260722T014536Z,27.5,93.1
20260722T014551Z,27.5,93.1
20260722T014606Z,27.6,93.1
20260722T014621Z,27.6,93.0
20260722T014636Z,27.6,93.0
20260722T014651Z,27.6,93.0
20260722T014706Z,27.6,93.0
20260722T014721Z,27.6,92.9
20260722T014736Z,27.6,92.9
20260722T014751Z,27.6,92.9
20260722T014806Z,27.6,92.9
20260722T014821Z,27.6,92.9
20260722T014836Z,27.7,92.9
20260722T014851Z,27.6,92.8
20260722T014906Z,27.7,92.8
20260722T014921Z,27.7,92.9
20260722T014936Z,27.7,92.8
20260722T014951Z,27.7,92.8
20260722T015006Z,27.7,92.8
20260722T015021Z,27.7,92.8
20260722T015036Z,27.7,92.8
20260722T015051Z,27.7,92.2
20260722T015106Z,27.7,92.3
20260722T015121Z,27.7,90.8
20260722T015136Z,27.7,90.1
20260722T015151Z,27.6,89.6
20260722T015206Z,27.6,88.8
20260722T015221Z,27.5,87.7
20260722T015236Z,27.4,86.2
20260722T015251Z,27.4,85.2
20260722T015306Z,27.3,84.4
20260722T015321Z,27.2,83.1
20260722T015336Z,27.1,83.0
20260722T015351Z,27.0,81.9
20260722T015406Z,26.9,81.6
20260722T015421Z,26.8,80.6
20260722T015436Z,26.7,80.5
20260722T015451Z,26.6,79.3
20260722T015506Z,26.5,78.3
20260722T015521Z,26.4,78.6
20260722T015536Z,26.3,79.1
20260722T015551Z,26.2,78.6
20260722T015606Z,26.1,78.2
20260722T015621Z,26.0,78.5
20260722T015636Z,26.0,78.4
20260722T015651Z,25.9,77.0
20260722T015706Z,25.9,76.5
20260722T015721Z,25.9,76.6
20260722T015736Z,25.8,75.4
20260722T015751Z,25.8,74.8
20260722T015806Z,25.7,74.6
20260722T015821Z,25.7,76.7
20260722T015836Z,25.7,78.5
20260722T015851Z,25.7,79.6
20260722T015906Z,25.7,80.8
20260722T015921Z,25.7,80.8
20260722T015936Z,25.7,81.5
20260722T015951Z,25.7,81.6
20260722T020006Z,25.7,82.2
20260722T020021Z,25.7,82.4
20260722T020036Z,25.7,83.0
20260722T020051Z,25.7,83.2
20260722T020106Z,25.7,83.4
20260722T020121Z,25.7,84.0
20260722T020136Z,25.8,84.7
20260722T020151Z,25.8,84.8
20260722T020206Z,25.8,85.1
20260722T020221Z,25.8,85.4
20260722T020236Z,25.9,85.8
20260722T020251Z,25.9,86.5
20260722T020306Z,25.9,86.6
20260722T020321Z,25.9,86.8
20260722T020336Z,26.0,87.2
20260722T020351Z,26.0,87.5
20260722T020406Z,26.0,87.6
20260722T020421Z,26.0,87.9
20260722T020436Z,26.1,88.2
20260722T020451Z,26.1,88.5
20260722T020506Z,26.1,88.7
20260722T020521Z,26.2,88.9
20260722T020536Z,26.2,89.0
20260722T020551Z,26.2,89.3
20260722T020606Z,26.2,89.6
20260722T020621Z,26.3,89.6
20260722T020636Z,26.3,89.8
20260722T020651Z,26.3,90.0
20260722T020706Z,26.3,90.2
20260722T020721Z,26.4,90.3
20260722T020736Z,26.4,90.5
20260722T020751Z,26.4,90.6
20260722T020806Z,26.4,90.7
20260722T020821Z,26.4,91.1
20260722T020836Z,26.4,91.1
20260722T020851Z,26.5,91.2
20260722T020906Z,26.5,91.3
20260722T020921Z,26.5,91.5
20260722T020936Z,26.5,91.6
20260722T020951Z,26.6,91.7
20260722T021006Z,26.6,91.4
20260722T021021Z,26.6,91.3
20260722T021036Z,26.6,89.5
20260722T021051Z,26.6,88.8
20260722T021106Z,26.6,88.6
20260722T021121Z,26.5,87.7
20260722T021136Z,26.5,86.0
20260722T021151Z,26.4,85.2
20260722T021206Z,26.3,84.2
20260722T021221Z,26.2,83.8
20260722T021236Z,26.1,83.7
20260722T021251Z,26.1,82.7
20260722T021306Z,26.0,82.4
20260722T021321Z,26.0,81.7
20260722T021336Z,25.9,80.8
20260722T021351Z,25.8,80.6
20260722T021406Z,25.8,79.7
20260722T021421Z,25.8,79.3
20260722T021436Z,25.7,78.7
20260722T021451Z,25.7,78.0
20260722T021506Z,25.7,76.9
20260722T021521Z,25.6,77.4
20260722T021536Z,25.6,78.8
20260722T021551Z,25.6,80.6
20260722T021606Z,25.6,81.7
20260722T021621Z,25.6,82.2
20260722T021636Z,25.6,82.7
20260722T021651Z,25.6,83.2
20260722T021706Z,25.6,82.9
20260722T021721Z,25.6,83.7
20260722T021736Z,25.6,83.8
20260722T021751Z,25.6,84.1
20260722T021806Z,25.6,84.7
20260722T021821Z,25.6,85.0
20260722T021836Z,25.7,85.3
20260722T021851Z,25.7,85.6
20260722T021906Z,25.7,85.7
20260722T021921Z,25.8,85.9
20260722T021936Z,25.8,86.6
20260722T021951Z,25.8,86.7
20260722T022006Z,25.9,86.9
20260722T022021Z,25.9,87.0
20260722T022036Z,25.9,87.5
20260722T022051Z,25.9,87.6
20260722T022106Z,26.0,88.1
20260722T022121Z,26.0,88.2
20260722T022136Z,26.0,88.5
20260722T022151Z,26.0,88.6
20260722T022206Z,26.1,88.9
20260722T022221Z,26.1,89.1
20260722T022236Z,26.1,89.3
20260722T022251Z,26.1,89.6
20260722T022306Z,26.2,89.7
20260722T022321Z,26.2,89.8
20260722T022336Z,26.2,90.0
20260722T022351Z,26.2,90.3
20260722T022406Z,26.2,90.5
20260722T022421Z,26.3,90.5
20260722T022436Z,26.3,90.7
20260722T022451Z,26.3,90.9
20260722T022506Z,26.3,90.9
20260722T022521Z,26.3,91.1
20260722T022536Z,26.4,91.2
20260722T022551Z,26.4,91.3
20260722T022606Z,26.4,91.5
20260722T022621Z,26.4,91.6
20260722T022636Z,26.5,91.8
20260722T022651Z,26.5,91.7
20260722T022706Z,26.5,91.8
20260722T022721Z,26.5,91.9
20260722T022736Z,26.5,92.0
20260722T022751Z,26.6,91.9
20260722T022806Z,26.6,91.6
20260722T022821Z,26.5,89.6
20260722T022836Z,26.5,89.5
20260722T022851Z,26.5,88.8
20260722T022906Z,26.5,87.7
20260722T022921Z,26.4,86.5
20260722T022936Z,26.3,85.7
20260722T022951Z,26.3,85.2
20260722T023006Z,26.2,84.2
20260722T023021Z,26.1,83.6
20260722T023036Z,26.0,82.8
20260722T023051Z,25.9,82.6
20260722T023106Z,25.8,82.6
20260722T023121Z,25.7,82.1
20260722T023136Z,25.7,81.4
20260722T023151Z,25.6,80.6
20260722T023206Z,25.6,79.6
20260722T023221Z,25.6,79.3
20260722T023236Z,25.6,78.4
20260722T023251Z,25.6,78.0
20260722T023306Z,25.5,78.0
20260722T023321Z,25.5,79.6
20260722T023336Z,25.5,80.8
20260722T023351Z,25.5,82.3
20260722T023406Z,25.5,82.7
20260722T023421Z,25.5,83.0
20260722T023436Z,25.5,83.2
20260722T023451Z,25.5,83.6
20260722T023506Z,25.5,84.3
20260722T023521Z,25.5,84.4
20260722T023536Z,25.5,84.5
20260722T023551Z,25.5,84.7
20260722T023606Z,25.6,85.1
20260722T023621Z,25.6,85.9
20260722T023636Z,25.6,86.0
20260722T023651Z,25.6,86.2
20260722T023706Z,25.7,86.5
20260722T023721Z,25.7,86.6
20260722T023736Z,25.7,87.0
20260722T023751Z,25.8,87.5
20260722T023806Z,25.8,87.5
20260722T023821Z,25.8,87.8
20260722T023836Z,25.9,88.2
20260722T023851Z,25.9,88.3
20260722T023906Z,25.9,88.7
20260722T023921Z,25.9,88.8
20260722T023936Z,26.0,89.1
20260722T023951Z,26.0,89.3
20260722T024007Z,26.0,89.4
20260722T024021Z,26.1,89.6
20260722T024036Z,26.1,89.7
20260722T024051Z,26.1,89.9
20260722T024106Z,26.1,90.0
20260722T024121Z,26.2,90.3
20260722T024136Z,26.2,90.4
20260722T024151Z,26.2,90.6
20260722T024206Z,26.2,90.7
20260722T024221Z,26.3,90.6
20260722T024236Z,26.3,90.9
20260722T024251Z,26.3,91.1
20260722T024306Z,26.3,91.1
20260722T024321Z,26.4,91.2
20260722T024336Z,26.4,91.2
20260722T024351Z,26.4,91.4
20260722T024406Z,26.4,91.5
20260722T024421Z,26.4,91.7
20260722T024436Z,26.5,91.8
20260722T024451Z,26.5,91.9
20260722T024506Z,26.5,91.8
20260722T024522Z,26.5,92.0
20260722T024537Z,26.5,92.1
20260722T024551Z,26.5,92.1
20260722T024607Z,26.6,92.2
20260722T024621Z,26.6,91.7
20260722T024637Z,26.6,90.3
20260722T024651Z,26.5,89.4
20260722T024706Z,26.5,89.3
20260722T024721Z,26.5,88.2
20260722T024736Z,26.4,87.0
20260722T024751Z,26.3,86.6
20260722T024806Z,26.2,84.9
20260722T024821Z,26.2,84.9
20260722T024837Z,26.1,84.3
20260722T024852Z,26.0,83.0
20260722T024906Z,25.9,83.3
20260722T024922Z,25.8,82.2
20260722T024936Z,25.7,83.4
20260722T024951Z,25.7,85.1
20260722T025007Z,25.7,86.2
20260722T025021Z,25.7,87.0
20260722T025036Z,25.7,87.5
20260722T025053Z,25.7,88.1
20260722T025107Z,25.8,88.1
20260722T025121Z,25.8,88.2
20260722T025137Z,25.8,88.3
20260722T025152Z,25.8,88.6
20260722T025206Z,25.8,88.9
20260722T025222Z,25.9,89.3
20260722T025236Z,25.9,89.4
20260722T025252Z,25.9,89.5
20260722T025306Z,25.9,89.9
20260722T025322Z,26.0,90.2
20260722T025336Z,26.0,90.3
20260722T025351Z,26.0,90.3
20260722T025407Z,26.0,90.7
20260722T025421Z,26.0,90.8
20260722T025436Z,26.1,91.0
20260722T025451Z,26.1,91.1
20260722T025507Z,26.1,91.4
20260722T025522Z,26.1,91.4
20260722T025536Z,26.2,91.5
20260722T025552Z,26.2,91.7
20260722T025606Z,26.2,92.0
20260722T025621Z,26.2,92.0
20260722T025637Z,26.2,92.2
20260722T025651Z,26.3,92.3
20260722T025707Z,26.3,92.6
20260722T025721Z,26.3,92.7
20260722T025736Z,26.3,92.8
20260722T025751Z,26.4,92.8
20260722T025807Z,26.4,92.8
20260722T025821Z,26.4,92.8
20260722T025837Z,26.4,93.0
20260722T025851Z,26.5,93.1
20260722T025907Z,26.5,93.1
20260722T025921Z,26.5,93.2
20260722T025937Z,26.5,93.2
20260722T025951Z,26.5,93.2
20260722T030007Z,26.5,93.3
20260722T030021Z,26.6,93.4
20260722T030037Z,26.6,93.5
20260722T030051Z,26.6,93.5
20260722T030107Z,26.6,93.6
20260722T030121Z,26.6,93.6
20260722T030136Z,26.6,93.8
20260722T030151Z,26.7,93.7
20260722T030207Z,26.6,93.7
20260722T030221Z,26.7,93.8
20260722T030237Z,26.7,93.9
20260722T030251Z,26.7,93.9
20260722T030307Z,26.7,93.9
20260722T030321Z,26.7,93.9
20260722T030337Z,26.8,93.9
20260722T030351Z,26.8,94.0
20260722T030407Z,26.8,93.9
20260722T030422Z,26.8,93.9
20260722T030437Z,26.8,94.0
20260722T030451Z,26.8,94.0
20260722T030507Z,26.8,94.0
20260722T030521Z,26.9,94.0
20260722T030537Z,26.9,94.0
20260722T030551Z,26.9,94.0
20260722T030607Z,26.9,94.0
20260722T030621Z,26.9,94.1
20260722T030637Z,26.9,94.0
20260722T030651Z,26.9,94.0
20260722T030707Z,26.9,94.1
20260722T030721Z,27.0,94.0
20260722T030736Z,27.0,94.1
20260722T030751Z,27.0,94.0
20260722T030806Z,27.0,94.0
20260722T030822Z,27.0,94.0
20260722T030836Z,27.0,94.0
20260722T030852Z,27.0,94.0
20260722T030906Z,27.0,93.9
20260722T030922Z,27.1,94.0
20260722T030936Z,27.1,94.0
20260722T030952Z,27.1,93.9
20260722T031006Z,27.1,93.9
20260722T031021Z,27.1,93.9
20260722T031036Z,27.1,93.8
20260722T031052Z,27.1,93.9
20260722T031106Z,27.1,93.9
20260722T031122Z,27.1,93.9
20260722T031136Z,27.2,93.8
20260722T031152Z,27.2,93.8
20260722T031206Z,27.2,93.8
20260722T031222Z,27.2,93.8
20260722T031236Z,27.2,93.7
20260722T031251Z,27.2,93.7
20260722T031307Z,27.2,93.7
20260722T031321Z,27.2,93.7
20260722T031337Z,27.2,93.6
20260722T031352Z,27.3,93.6
20260722T031406Z,27.3,93.6
20260722T031422Z,27.3,93.6
20260722T031436Z,27.3,93.5
20260722T031451Z,27.3,93.5
20260722T031507Z,27.3,93.5
20260722T031521Z,27.3,93.5
20260722T031537Z,27.3,93.4
20260722T031551Z,27.3,93.5
20260722T031607Z,27.4,93.4
20260722T031621Z,27.3,93.4
20260722T031637Z,27.3,93.3
20260722T031651Z,27.3,93.4
20260722T031707Z,27.4,93.3
20260722T031721Z,27.4,93.3
20260722T031737Z,27.4,93.3
20260722T031752Z,27.4,93.3
20260722T031807Z,27.4,93.2
20260722T031821Z,27.4,93.2
20260722T031837Z,27.4,93.2
20260722T031852Z,27.4,93.1
20260722T031907Z,27.4,93.1
20260722T031921Z,27.4,93.1
20260722T031937Z,27.5,93.1
20260722T031952Z,27.5,93.1
20260722T032007Z,27.5,93.1
20260722T032021Z,27.5,93.1
20260722T032037Z,27.5,93.0
20260722T032051Z,27.5,93.0
20260722T032107Z,27.5,93.0
20260722T032121Z,27.5,92.9
20260722T032137Z,27.5,93.0
20260722T032151Z,27.5,92.9
20260722T032207Z,27.5,92.9
20260722T032221Z,27.5,92.8
20260722T032237Z,27.5,92.8
20260722T032252Z,27.6,92.8
20260722T032306Z,27.6,92.8
20260722T032322Z,27.6,92.8
20260722T032336Z,27.6,92.7
20260722T032352Z,27.6,92.8
20260722T032406Z,27.6,92.7
20260722T032422Z,27.6,92.7
20260722T032436Z,27.6,92.7
20260722T032452Z,27.6,92.7
20260722T032506Z,27.6,92.6
20260722T032522Z,27.6,92.7
20260722T032536Z,27.6,92.6
20260722T032551Z,27.6,92.7
20260722T032607Z,27.6,92.6
20260722T032621Z,27.6,92.6
20260722T032637Z,27.6,92.6
20260722T032652Z,27.6,92.6
20260722T032706Z,27.6,92.6
20260722T032722Z,27.6,92.5
20260722T032736Z,27.7,92.5
20260722T032751Z,27.7,92.5
20260722T032807Z,27.7,91.9
20260722T032821Z,27.6,91.2
20260722T032837Z,27.6,90.3
20260722T032851Z,27.6,89.8
20260722T032907Z,27.5,89.1
20260722T032921Z,27.4,88.8
20260722T032937Z,27.3,87.7
20260722T032951Z,27.2,86.8
20260722T033007Z,27.1,86.6
20260722T033021Z,26.9,85.6
20260722T033037Z,26.8,85.2
20260722T033051Z,26.7,84.7
20260722T033107Z,26.6,84.1
20260722T033121Z,26.4,83.1
20260722T033137Z,26.3,83.2
20260722T033151Z,26.2,82.9
20260722T033207Z,26.1,81.8
20260722T033221Z,26.0,83.5
20260722T033237Z,26.0,85.1
20260722T033252Z,26.0,86.3
20260722T033306Z,25.9,87.8
20260722T033321Z,25.9,88.0
20260722T033336Z,25.9,88.3
20260722T033353Z,25.9,88.4
20260722T033407Z,26.0,88.7
20260722T033422Z,26.0,89.0
20260722T033436Z,26.0,89.3
20260722T033451Z,26.0,89.5
20260722T033507Z,26.0,89.6
20260722T033521Z,26.1,89.8
20260722T033537Z,26.1,90.1
20260722T033552Z,26.1,90.2
20260722T033607Z,26.2,90.6
20260722T033622Z,26.2,90.9
20260722T033636Z,26.2,90.9
20260722T033652Z,26.2,91.1
20260722T033706Z,26.2,91.2
20260722T033722Z,26.3,91.2
20260722T033736Z,26.3,91.5
20260722T033752Z,26.3,91.8
20260722T033806Z,26.4,92.1
20260722T033822Z,26.4,92.3
20260722T033836Z,26.4,92.3
20260722T033851Z,26.4,92.4
20260722T033907Z,26.4,92.6
20260722T033921Z,26.5,92.8
20260722T033937Z,26.5,92.8
20260722T033952Z,26.5,93.0
20260722T034006Z,26.5,93.1
20260722T034022Z,26.6,93.2
20260722T034036Z,26.6,93.2
20260722T034051Z,26.6,93.4
20260722T034107Z,26.6,93.5
20260722T034121Z,26.6,93.5
20260722T034137Z,26.6,93.6
20260722T034152Z,26.7,93.6
20260722T034207Z,26.7,93.7
20260722T034222Z,26.7,93.8
20260722T034237Z,26.7,93.8
20260722T034252Z,26.7,93.6
20260722T034306Z,26.7,91.5
20260722T034322Z,26.7,90.7
20260722T034336Z,26.7,90.6
20260722T034352Z,26.6,89.1
20260722T034406Z,26.6,88.1
20260722T034422Z,26.5,87.6
20260722T034436Z,26.4,86.9
20260722T034452Z,26.4,86.5
20260722T034506Z,26.3,85.9
20260722T034522Z,26.3,85.2
20260722T034537Z,26.2,84.4
20260722T034552Z,26.1,84.3
20260722T034606Z,26.1,83.3
20260722T034622Z,26.0,82.8
20260722T034636Z,26.0,81.5
20260722T034652Z,25.9,80.5
20260722T034706Z,25.8,80.1
20260722T034722Z,25.7,80.1
20260722T034737Z,25.7,79.6
20260722T034751Z,25.6,78.7
20260722T034807Z,25.6,78.1
20260722T034822Z,25.5,77.7
20260722T034837Z,25.5,77.4
20260722T034852Z,25.5,77.3
20260722T034907Z,25.4,76.8
20260722T034922Z,25.4,76.4
20260722T034937Z,25.4,75.1
20260722T034952Z,25.3,75.9
20260722T035007Z,25.3,77.9
20260722T035022Z,25.3,79.5
20260722T035037Z,25.3,80.5
20260722T035052Z,25.3,81.1
20260722T035107Z,25.3,81.2
20260722T035122Z,25.3,82.3
20260722T035137Z,25.3,82.5
20260722T035152Z,25.4,82.7
20260722T035207Z,25.4,83.0
20260722T035222Z,25.4,83.5
20260722T035237Z,25.4,84.2
20260722T035252Z,25.5,84.6
20260722T035307Z,25.5,85.3
20260722T035322Z,25.5,85.6
20260722T035337Z,25.6,86.0
20260722T035352Z,25.6,86.2
20260722T035407Z,25.6,86.8
20260722T035422Z,25.7,87.1
20260722T035437Z,25.7,87.2
20260722T035452Z,25.8,87.5
20260722T035507Z,25.8,87.9
20260722T035522Z,25.8,88.0
20260722T035537Z,25.9,88.4
20260722T035552Z,25.9,88.7
20260722T035607Z,25.9,88.9
20260722T035622Z,26.0,88.8
20260722T035637Z,26.0,89.2
20260722T035652Z,26.1,89.5
20260722T035707Z,26.1,89.7
20260722T035722Z,26.1,89.9
20260722T035737Z,26.2,90.1
20260722T035752Z,26.2,90.2
20260722T035807Z,26.2,90.3
20260722T035822Z,26.3,90.5
20260722T035837Z,26.3,90.6
20260722T035852Z,26.3,90.9
20260722T035907Z,26.3,91.0
20260722T035922Z,26.4,91.1
20260722T035937Z,26.4,91.2
20260722T035952Z,26.4,91.2
20260722T040007Z,26.4,91.5
20260722T040022Z,26.5,91.6
20260722T040037Z,26.5,91.7
20260722T040052Z,26.5,90.9
20260722T040107Z,26.5,89.5
20260722T040122Z,26.5,88.8
20260722T040137Z,26.5,87.8
20260722T040152Z,26.4,87.0
20260722T040207Z,26.4,86.7
20260722T040222Z,26.3,85.3
20260722T040237Z,26.2,85.0
20260722T040252Z,26.2,84.5
20260722T040307Z,26.1,83.9
20260722T040322Z,26.1,83.0
20260722T040337Z,26.0,82.6
20260722T040352Z,26.0,82.5
20260722T040407Z,25.9,81.4
20260722T040422Z,25.9,80.6
20260722T040437Z,25.8,80.2
20260722T040452Z,25.8,79.2
20260722T040507Z,25.7,78.7
20260722T040522Z,25.7,77.5
20260722T040537Z,25.6,76.9
20260722T040552Z,25.6,75.9
20260722T040607Z,25.5,75.4
20260722T040622Z,25.4,75.2
20260722T040637Z,25.4,75.2
20260722T040652Z,25.3,74.6
20260722T040707Z,25.3,74.6
20260722T040722Z,25.3,76.8
20260722T040737Z,25.3,78.6
20260722T040752Z,25.3,80.0
20260722T040807Z,25.3,80.4
20260722T040822Z,25.3,80.8
20260722T040837Z,25.3,81.2
20260722T040852Z,25.3,81.6
20260722T040907Z,25.3,82.1
20260722T040922Z,25.4,82.7
20260722T040937Z,25.4,83.0
20260722T040952Z,25.4,83.5
20260722T041007Z,25.5,83.8
20260722T041022Z,25.5,84.0
20260722T041037Z,25.5,84.5
20260722T041052Z,25.6,85.0
20260722T041107Z,25.6,85.2
20260722T041122Z,25.6,85.6
20260722T041137Z,25.7,85.8
20260722T041152Z,25.7,86.2
20260722T041207Z,25.7,86.4
20260722T041222Z,25.8,86.8
20260722T041237Z,25.8,87.0
20260722T041252Z,25.8,87.3
20260722T041307Z,25.8,87.5
20260722T041322Z,25.9,87.8
20260722T041337Z,25.9,87.9
20260722T041352Z,25.9,88.1
20260722T041407Z,26.0,88.3
20260722T041422Z,26.0,88.5
20260722T041437Z,26.0,88.9
20260722T041453Z,26.1,89.0
20260722T041507Z,26.1,89.1
20260722T041522Z,26.1,89.3
20260722T041537Z,26.2,89.6
20260722T041552Z,26.2,89.6
20260722T041607Z,26.2,89.8
20260722T041622Z,26.2,89.9
20260722T041637Z,26.3,90.1
20260722T041652Z,26.3,90.3
20260722T041707Z,26.3,90.3
20260722T041722Z,26.3,90.5
20260722T041737Z,26.4,90.6
20260722T041752Z,26.4,90.7
20260722T041807Z,26.4,90.9
20260722T041822Z,26.4,90.1
20260722T041837Z,26.4,88.7
20260722T041852Z,26.4,87.5
20260722T041907Z,26.4,87.1
20260722T041922Z,26.3,86.5
20260722T041937Z,26.3,86.0
20260722T041952Z,26.2,84.9
20260722T042007Z,26.2,84.3
20260722T042022Z,26.1,83.8
20260722T042037Z,26.0,83.0
20260722T042052Z,26.0,82.6
20260722T042107Z,25.9,81.6
20260722T042122Z,25.8,81.4
20260722T042137Z,25.8,80.2
20260722T042152Z,25.7,79.8
20260722T042207Z,25.7,79.2
20260722T042222Z,25.6,79.0
20260722T042237Z,25.6,78.2
20260722T042252Z,25.5,77.3
20260722T042307Z,25.5,76.9
20260722T042322Z,25.4,76.3
20260722T042337Z,25.4,75.7
20260722T042352Z,25.4,74.7
20260722T042407Z,25.4,73.9
20260722T042422Z,25.3,73.3
20260722T042437Z,25.3,74.3
20260722T042452Z,25.2,76.3
20260722T042507Z,25.2,77.9
20260722T042522Z,25.2,79.1
20260722T042537Z,25.2,79.8
20260722T042553Z,25.2,80.2
20260722T042607Z,25.2,80.7
20260722T042622Z,25.2,81.0
20260722T042637Z,25.3,81.7
20260722T042652Z,25.3,81.9
20260722T042707Z,25.3,82.3
20260722T042722Z,25.3,82.8
20260722T042737Z,25.3,83.4
20260722T042752Z,25.4,83.7
20260722T042807Z,25.4,84.2
20260722T042822Z,25.4,84.4
20260722T042837Z,25.5,84.9
20260722T042852Z,25.5,85.0
20260722T042907Z,25.5,85.4
20260722T042922Z,25.6,85.7
20260722T042937Z,25.6,86.1
20260722T042952Z,25.6,86.1
20260722T043007Z,25.7,86.7
20260722T043022Z,25.7,87.0
20260722T043037Z,25.8,86.9
20260722T043052Z,25.8,87.3
20260722T043107Z,25.8,87.6
20260722T043122Z,25.8,87.7
20260722T043137Z,25.9,88.1
20260722T043152Z,25.9,88.2
20260722T043207Z,26.0,88.3
20260722T043222Z,26.0,88.7
20260722T043237Z,26.0,88.8
20260722T043252Z,26.0,89.0
20260722T043307Z,26.1,88.8
20260722T043322Z,26.1,89.2
20260722T043337Z,26.1,89.4
20260722T043352Z,26.2,89.6
20260722T043407Z,26.2,89.6
20260722T043422Z,26.2,89.8
20260722T043437Z,26.2,90.0
20260722T043452Z,26.3,90.0
20260722T043507Z,26.3,90.3
20260722T043522Z,26.3,90.3
20260722T043537Z,26.4,90.5
20260722T043552Z,26.4,90.4
20260722T043607Z,26.4,90.7
20260722T043622Z,26.4,90.7
20260722T043637Z,26.5,90.6
20260722T043652Z,26.5,90.3
20260722T043707Z,26.5,88.3
20260722T043722Z,26.4,87.2
20260722T043737Z,26.4,86.6
20260722T043752Z,26.3,85.9
20260722T043807Z,26.3,85.8
20260722T043822Z,26.2,84.8
20260722T043837Z,26.2,83.7
20260722T043852Z,26.1,83.2
20260722T043907Z,26.0,82.6
20260722T043922Z,25.9,82.2
20260722T043937Z,25.9,81.7
20260722T043952Z,25.8,81.0
20260722T044007Z,25.8,80.3
20260722T044022Z,25.7,80.0
20260722T044037Z,25.6,79.3
20260722T044052Z,25.6,78.8
20260722T044107Z,25.6,78.1
20260722T044122Z,25.5,77.1
20260722T044137Z,25.5,76.3
20260722T044153Z,25.5,75.4
20260722T044207Z,25.4,74.8
20260722T044222Z,25.4,74.2
20260722T044237Z,25.3,73.6
20260722T044252Z,25.2,73.3
20260722T044307Z,25.2,75.3
20260722T044322Z,25.2,77.5
20260722T044337Z,25.1,78.7
20260722T044353Z,25.1,80.0
20260722T044407Z,25.2,80.1
20260722T044422Z,25.2,80.7
20260722T044437Z,25.2,80.9
20260722T044452Z,25.2,81.6
20260722T044507Z,25.2,81.8
20260722T044522Z,25.3,82.6
20260722T044537Z,25.3,82.9
20260722T044552Z,25.3,83.2
20260722T044607Z,25.3,83.7
20260722T044622Z,25.4,84.0
20260722T044637Z,25.4,84.2
20260722T044652Z,25.5,84.7
20260722T044707Z,25.5,85.1
20260722T044722Z,25.5,85.3
20260722T044737Z,25.6,85.5
20260722T044752Z,25.6,85.7
20260722T044807Z,25.7,86.1
20260722T044822Z,25.7,86.1
20260722T044837Z,25.7,86.8
20260722T044852Z,25.8,87.0
20260722T044907Z,25.8,87.1
20260722T044922Z,25.8,87.3
20260722T044937Z,25.8,87.6
20260722T044952Z,25.9,87.8
20260722T045007Z,25.9,88.0
20260722T045022Z,25.9,88.1
20260722T045037Z,26.0,88.4
20260722T045052Z,26.0,88.5
20260722T045107Z,26.0,88.7
20260722T045122Z,26.1,88.9
20260722T045137Z,26.1,89.0
20260722T045152Z,26.1,89.1
20260722T045207Z,26.2,89.2
20260722T045222Z,26.2,89.4
20260722T045237Z,26.2,89.6
20260722T045252Z,26.3,89.7
20260722T045307Z,26.3,89.8
20260722T045322Z,26.3,89.9
20260722T045337Z,26.3,90.0
20260722T045352Z,26.4,90.1
20260722T045407Z,26.4,90.2
20260722T045422Z,26.4,90.4
20260722T045437Z,26.4,89.3
20260722T045452Z,26.4,88.9
20260722T045507Z,26.4,87.6
20260722T045522Z,26.4,87.1
20260722T045537Z,26.4,85.9
20260722T045552Z,26.3,85.3
20260722T045607Z,26.2,84.9
20260722T045622Z,26.2,84.2
20260722T045637Z,26.1,83.5
20260722T045652Z,26.0,82.9
20260722T045707Z,25.9,82.5
20260722T045722Z,25.9,81.8
20260722T045737Z,25.8,81.0
20260722T045752Z,25.8,80.7
20260722T045807Z,25.7,79.8
20260722T045822Z,25.7,79.2
20260722T045837Z,25.6,78.5
20260722T045852Z,25.6,78.1
20260722T045907Z,25.5,77.2
20260722T045922Z,25.5,76.0
20260722T045937Z,25.4,76.1
20260722T045952Z,25.4,75.7
20260722T050007Z,25.3,74.8
20260722T050022Z,25.3,74.3
20260722T050037Z,25.3,74.0
20260722T050052Z,25.2,73.5
20260722T050107Z,25.2,72.6
20260722T050122Z,25.1,74.7
20260722T050137Z,25.1,76.5
20260722T050152Z,25.1,77.9
20260722T050207Z,25.1,78.9
20260722T050222Z,25.1,79.3
20260722T050237Z,25.1,79.6
20260722T050252Z,25.1,80.1
20260722T050307Z,25.1,80.5
20260722T050322Z,25.2,81.1
20260722T050337Z,25.2,81.6
20260722T050352Z,25.2,82.1
20260722T050407Z,25.3,82.4
20260722T050422Z,25.3,82.9
20260722T050437Z,25.3,83.3
20260722T050452Z,25.4,83.6
20260722T050507Z,25.4,84.0
20260722T050522Z,25.4,84.3
20260722T050537Z,25.5,84.7
20260722T050552Z,25.5,85.0
20260722T050607Z,25.6,85.2
20260722T050622Z,25.6,85.5
20260722T050637Z,25.6,85.6
20260722T050652Z,25.6,86.0
20260722T050707Z,25.7,86.3
20260722T050722Z,25.7,86.6
20260722T050737Z,25.8,86.7
20260722T050752Z,25.8,87.0
20260722T050807Z,25.8,87.2
20260722T050822Z,25.8,87.5
20260722T050837Z,25.9,87.7
20260722T050852Z,25.9,87.7
20260722T050907Z,26.0,88.1
20260722T050922Z,26.0,88.4
20260722T050937Z,26.0,88.6
20260722T050952Z,26.0,88.6
20260722T051007Z,26.1,88.7
20260722T051022Z,26.1,88.9
20260722T051037Z,26.1,89.1
20260722T051052Z,26.2,89.2
20260722T051107Z,26.2,89.4
20260722T051122Z,26.2,89.4
20260722T051137Z,26.2,89.6
20260722T051152Z,26.3,89.7
20260722T051207Z,26.3,89.7
20260722T051222Z,26.3,89.9
20260722T051237Z,26.4,90.1
20260722T051252Z,26.4,90.1
20260722T051307Z,26.4,89.1
20260722T051322Z,26.4,88.9
20260722T051337Z,26.4,86.9
20260722T051352Z,26.4,86.7
20260722T051407Z,26.3,85.7
20260722T051422Z,26.3,85.0
20260722T051437Z,26.2,84.4
20260722T051452Z,26.1,84.1
20260722T051507Z,26.1,83.3
20260722T051522Z,26.0,82.2
20260722T051537Z,25.9,82.3
20260722T051552Z,25.9,81.4
20260722T051607Z,25.8,81.0
20260722T051622Z,25.8,80.0
20260722T051637Z,25.7,79.7
20260722T051652Z,25.7,78.8
20260722T051707Z,25.6,78.0
20260722T051722Z,25.6,77.7
20260722T051737Z,25.5,77.3
20260722T051752Z,25.5,76.5
20260722T051807Z,25.4,75.5
20260722T051822Z,25.4,75.3
20260722T051837Z,25.4,74.4
20260722T051852Z,25.3,74.0
20260722T051907Z,25.3,73.4
20260722T051922Z,25.2,72.5
20260722T051937Z,25.2,72.4
20260722T051952Z,25.2,73.7
20260722T052007Z,25.2,75.4
20260722T052022Z,25.2,77.0
20260722T052037Z,25.1,78.1
20260722T052052Z,25.1,78.6
20260722T052107Z,25.2,79.1
20260722T052122Z,25.2,79.5
20260722T052137Z,25.2,80.0
20260722T052152Z,25.2,80.6
20260722T052207Z,25.2,81.1
20260722T052222Z,25.2,81.5
20260722T052237Z,25.3,82.0
20260722T052252Z,25.3,82.1
20260722T052307Z,25.3,82.7
20260722T052322Z,25.4,82.9
20260722T052337Z,25.4,83.5
20260722T052352Z,25.4,83.8
20260722T052407Z,25.5,84.2
20260722T052422Z,25.5,84.4
20260722T052437Z,25.5,84.9
20260722T052452Z,25.6,85.2
20260722T052507Z,25.6,85.3
20260722T052522Z,25.6,85.6
20260722T052537Z,25.7,86.1
20260722T052552Z,25.7,86.3
20260722T052607Z,25.8,86.4
20260722T052622Z,25.8,86.5
20260722T052637Z,25.8,87.0
20260722T052652Z,25.8,87.1
20260722T052707Z,25.9,87.3
20260722T052722Z,25.9,87.6
20260722T052737Z,26.0,87.8
20260722T052752Z,26.0,87.8
20260722T052807Z,26.0,88.0
20260722T052822Z,26.0,88.3
20260722T052837Z,26.1,88.3
20260722T052852Z,26.1,88.5
20260722T052907Z,26.1,88.7
20260722T052922Z,26.2,88.8
20260722T052937Z,26.2,88.9
20260722T052952Z,26.2,89.0
20260722T053007Z,26.3,89.2
20260722T053022Z,26.3,89.5
20260722T053037Z,26.3,89.3
20260722T053052Z,26.3,89.6
20260722T053107Z,26.4,88.8
20260722T053122Z,26.4,88.9
20260722T053137Z,26.3,86.9
20260722T053152Z,26.3,86.9
20260722T053207Z,26.3,85.5
20260722T053222Z,26.2,85.2
20260722T053237Z,26.2,84.4
20260722T053252Z,26.1,83.5
20260722T053307Z,26.1,82.8
20260722T053322Z,26.0,82.2
20260722T053337Z,26.0,81.6
20260722T053352Z,25.9,80.8
20260722T053407Z,25.8,80.1
20260722T053422Z,25.8,79.1
20260722T053437Z,25.7,78.8
20260722T053452Z,25.6,77.9
20260722T053507Z,25.6,77.2
20260722T053522Z,25.5,76.7
20260722T053537Z,25.4,76.3
20260722T053552Z,25.4,75.8
20260722T053607Z,25.3,75.0
20260722T053622Z,25.2,74.3
20260722T053637Z,25.2,73.1
20260722T053652Z,25.1,73.1
20260722T053707Z,25.0,74.9
20260722T053722Z,25.0,76.7
20260722T053737Z,25.0,78.3
20260722T053752Z,25.0,79.6
20260722T053807Z,25.0,80.2
20260722T053822Z,25.0,80.3
20260722T053837Z,25.0,81.2
20260722T053852Z,25.0,81.6
20260722T053907Z,25.1,81.7
20260722T053922Z,25.1,82.4
20260722T053937Z,25.2,82.6
20260722T053953Z,25.2,82.8
20260722T054008Z,25.3,83.1
20260722T054022Z,25.3,83.6
20260722T054037Z,25.3,83.9
20260722T054052Z,25.4,84.0
20260722T054107Z,25.4,84.5
20260722T054122Z,25.5,84.5
20260722T054137Z,25.5,85.0
20260722T054152Z,25.5,85.4
20260722T054207Z,25.6,85.5
20260722T054222Z,25.6,86.0
20260722T054237Z,25.7,85.9
20260722T054252Z,25.7,86.3
20260722T054307Z,25.7,86.5
20260722T054322Z,25.8,86.8
20260722T054337Z,25.8,87.0
20260722T054352Z,25.8,87.2
20260722T054407Z,25.9,87.7
20260722T054422Z,25.9,87.8
20260722T054437Z,26.0,88.0
20260722T054452Z,26.0,88.1
20260722T054507Z,26.0,88.2
20260722T054522Z,26.0,88.4
20260722T054537Z,26.1,88.5
20260722T054552Z,26.1,88.7
20260722T054607Z,26.1,89.0
20260722T054622Z,26.2,89.0
20260722T054637Z,26.2,89.0
20260722T054652Z,26.2,89.2
20260722T054707Z,26.3,89.4
20260722T054722Z,26.3,89.5
20260722T054737Z,26.3,88.9
20260722T054752Z,26.3,87.5
20260722T054807Z,26.3,86.5
20260722T054822Z,26.3,85.9
20260722T054837Z,26.3,85.3
20260722T054852Z,26.2,84.5
20260722T054907Z,26.2,83.5
20260722T054922Z,26.1,82.7
20260722T054937Z,26.0,82.1
20260722T054952Z,26.0,81.7
20260722T055007Z,25.9,81.0
20260722T055022Z,25.8,80.2
20260722T055037Z,25.8,80.1
20260722T055052Z,25.7,79.3
20260722T055107Z,25.6,78.6
20260722T055122Z,25.6,78.2
20260722T055137Z,25.5,76.8
20260722T055152Z,25.4,76.5
20260722T055207Z,25.3,76.4
20260722T055222Z,25.3,75.5
20260722T055237Z,25.2,74.6
20260722T055252Z,25.1,74.7
20260722T055307Z,25.0,74.3
20260722T055322Z,25.0,75.6
20260722T055337Z,25.0,77.5
20260722T055351Z,25.0,79.3
20260722T055408Z,25.0,80.5
20260722T055422Z,25.0,80.8
20260722T055437Z,25.1,81.3
20260722T055452Z,25.1,81.3
20260722T055507Z,25.2,81.8
20260722T055522Z,25.2,82.0
20260722T055537Z,25.2,82.5
20260722T055552Z,25.3,83.0
20260722T055607Z,25.3,83.2
20260722T055622Z,25.3,83.3
20260722T055637Z,25.4,83.6
20260722T055652Z,25.4,84.1
20260722T055707Z,25.4,84.7
20260722T055722Z,25.5,84.7
20260722T055737Z,25.5,84.8
20260722T055752Z,25.6,85.1
20260722T055807Z,25.6,85.6
20260722T055822Z,25.6,85.6
20260722T055837Z,25.7,85.9
20260722T055852Z,25.7,86.5
20260722T055907Z,25.7,86.7
20260722T055922Z,25.7,86.5
20260722T055937Z,25.8,87.0
20260722T055952Z,25.8,87.3
20260722T060007Z,25.9,87.3
20260722T060022Z,25.9,87.8
20260722T060037Z,25.9,87.7
20260722T060052Z,25.9,88.1
20260722T060107Z,26.0,88.3
20260722T060122Z,26.0,88.2
20260722T060137Z,26.0,88.6
20260722T060152Z,26.0,88.8
20260722T060207Z,26.1,88.9
20260722T060222Z,26.1,89.1
20260722T060237Z,26.1,89.1
20260722T060252Z,26.2,89.2
20260722T060307Z,26.2,89.8
20260722T060322Z,26.2,89.8
20260722T060337Z,26.3,89.7
20260722T060352Z,26.3,89.9
20260722T060407Z,26.3,90.0
20260722T060422Z,26.4,90.2
20260722T060437Z,26.4,89.2
20260722T060452Z,26.4,89.4
20260722T060507Z,26.4,87.6
20260722T060522Z,26.4,87.4
20260722T060537Z,26.3,85.9
20260722T060552Z,26.3,85.5
20260722T060607Z,26.2,84.8
20260722T060622Z,26.2,84.0
20260722T060637Z,26.1,82.9
20260722T060652Z,26.0,82.1
20260722T060707Z,26.0,81.8
20260722T060722Z,25.9,81.1
20260722T060737Z,25.8,80.5
20260722T060752Z,25.8,79.9
20260722T060807Z,25.7,79.4
20260722T060822Z,25.6,78.6
20260722T060837Z,25.6,78.1
20260722T060852Z,25.6,77.7
20260722T060907Z,25.5,76.8
20260722T060922Z,25.5,76.5
20260722T060937Z,25.4,75.7
20260722T060952Z,25.4,75.6
20260722T061007Z,25.4,74.9
20260722T061022Z,25.3,74.4
20260722T061037Z,25.3,75.7
20260722T061052Z,25.3,77.5
20260722T061108Z,25.3,79.0
20260722T061123Z,25.3,79.8
20260722T061137Z,25.3,79.8
20260722T061152Z,25.3,80.4
20260722T061208Z,25.3,80.9
20260722T061223Z,25.3,81.0
20260722T061237Z,25.3,81.3
20260722T061252Z,25.4,81.6
20260722T061307Z,25.4,82.8
20260722T061322Z,25.4,83.0
20260722T061337Z,25.5,83.7
20260722T061352Z,25.5,83.9
20260722T061407Z,25.5,84.2
20260722T061422Z,25.5,84.6
20260722T061437Z,25.6,85.0
20260722T061452Z,25.6,85.4
20260722T061507Z,25.6,85.8
20260722T061522Z,25.7,85.7
20260722T061537Z,25.7,86.2
20260722T061552Z,25.7,86.3
20260722T061607Z,25.7,86.7
20260722T061622Z,25.8,86.8
20260722T061637Z,25.8,87.3
20260722T061652Z,25.8,87.2
20260722T061707Z,25.8,87.5
20260722T061722Z,25.9,87.7
20260722T061737Z,25.9,88.0
20260722T061752Z,25.9,88.2
20260722T061807Z,26.0,88.3
20260722T061822Z,26.0,88.5
20260722T061837Z,26.0,88.8
20260722T061852Z,26.0,88.8
20260722T061907Z,26.1,89.0
20260722T061922Z,26.1,89.2
20260722T061937Z,26.1,89.3
20260722T061952Z,26.1,89.4
20260722T062007Z,26.2,89.6
20260722T062022Z,26.2,89.9
20260722T062037Z,26.2,89.7
20260722T062052Z,26.3,90.0
20260722T062107Z,26.3,90.2
20260722T062122Z,26.3,90.1
20260722T062137Z,26.3,90.4
20260722T062152Z,26.3,90.3
20260722T062207Z,26.4,90.4
20260722T062222Z,26.4,90.5
20260722T062237Z,26.4,90.5
20260722T062252Z,26.4,89.7
20260722T062307Z,26.5,89.6
20260722T062322Z,26.4,87.9
20260722T062337Z,26.4,87.6
20260722T062352Z,26.4,86.2
20260722T062408Z,26.3,85.9
20260722T062423Z,26.2,85.4
20260722T062437Z,26.2,84.7
20260722T062452Z,26.1,84.2
20260722T062507Z,26.1,83.1
20260722T062522Z,26.0,82.6
20260722T062537Z,26.0,81.4
20260722T062552Z,25.9,81.5
20260722T062607Z,25.9,80.3
20260722T062622Z,25.8,80.0
20260722T062637Z,25.8,79.2
20260722T062652Z,25.7,77.7
20260722T062707Z,25.7,77.1
20260722T062722Z,25.6,77.1
20260722T062737Z,25.5,76.2
20260722T062752Z,25.5,75.7
20260722T062807Z,25.4,74.9
20260722T062822Z,25.4,75.2
20260722T062837Z,25.3,77.0
20260722T062852Z,25.3,78.8
20260722T062907Z,25.3,80.0
20260722T062922Z,25.3,80.6
20260722T062937Z,25.3,81.2
20260722T062952Z,25.3,81.5
20260722T063007Z,25.3,81.7
20260722T063022Z,25.3,82.1
20260722T063037Z,25.3,82.5
20260722T063052Z,25.3,83.0
20260722T063107Z,25.3,83.4
20260722T063122Z,25.3,83.9
20260722T063137Z,25.4,84.1
20260722T063152Z,25.4,84.5
20260722T063208Z,25.4,85.0
20260722T063222Z,25.5,85.0
20260722T063237Z,25.5,85.5
20260722T063252Z,25.5,86.0
20260722T063307Z,25.5,86.2
20260722T063322Z,25.6,86.3
20260722T063337Z,25.6,86.7
20260722T063352Z,25.7,86.9
20260722T063407Z,25.7,87.2
20260722T063422Z,25.7,87.1
20260722T063437Z,25.7,87.4
20260722T063452Z,25.8,87.7
20260722T063507Z,25.8,88.0
20260722T063522Z,25.8,88.2
20260722T063537Z,25.9,88.5
20260722T063552Z,25.9,88.5
20260722T063607Z,25.9,88.6
20260722T063622Z,25.9,88.7
20260722T063637Z,26.0,89.1
20260722T063652Z,26.0,89.0
20260722T063707Z,26.0,89.3
20260722T063722Z,26.1,89.3
20260722T063737Z,26.1,89.6
20260722T063753Z,26.1,89.6
20260722T063807Z,26.1,89.8
20260722T063823Z,26.2,90.0
20260722T063837Z,26.2,90.1
20260722T063852Z,26.2,90.1
20260722T063907Z,26.3,90.2
20260722T063922Z,26.3,90.3
20260722T063937Z,26.3,90.4
20260722T063952Z,26.3,90.4
20260722T064007Z,26.4,90.6
20260722T064022Z,26.4,90.7
20260722T064037Z,26.4,89.6
20260722T064052Z,26.4,89.6
20260722T064107Z,26.4,88.1
20260722T064122Z,26.4,87.9
20260722T064137Z,26.3,86.7
20260722T064152Z,26.3,86.0
20260722T064207Z,26.2,84.7
20260722T064222Z,26.2,84.2
20260722T064237Z,26.1,83.6
20260722T064252Z,26.0,83.2
20260722T064307Z,25.9,82.4
20260722T064323Z,25.9,82.1
20260722T064337Z,25.8,81.2
20260722T064353Z,25.8,80.5
20260722T064408Z,25.7,79.6
20260722T064422Z,25.7,79.0
20260722T064438Z,25.6,77.9
20260722T064453Z,25.5,78.1
20260722T064507Z,25.5,77.4
20260722T064523Z,25.5,76.6
20260722T064537Z,25.4,75.9
20260722T064553Z,25.4,75.2
20260722T064607Z,25.3,75.0
20260722T064623Z,25.3,76.5
20260722T064637Z,25.3,77.9
20260722T064652Z,25.2,79.7
20260722T064707Z,25.2,80.5
20260722T064722Z,25.2,81.0
20260722T064737Z,25.2,81.3
20260722T064752Z,25.3,81.6
20260722T064808Z,25.2,81.9
20260722T064822Z,25.3,82.5
20260722T064838Z,25.3,83.0
20260722T064852Z,25.3,83.1
20260722T064907Z,25.3,83.6
20260722T064923Z,25.4,84.1
20260722T064937Z,25.4,84.2
20260722T064953Z,25.4,84.4
20260722T065008Z,25.5,85.1
20260722T065022Z,25.5,85.3
20260722T065038Z,25.5,85.4
20260722T065052Z,25.6,85.9
20260722T065108Z,25.6,86.0
20260722T065122Z,25.6,86.3
20260722T065138Z,25.7,86.5
20260722T065152Z,25.7,87.0
20260722T065208Z,25.7,87.1
20260722T065222Z,25.7,87.2
20260722T065238Z,25.8,87.8
20260722T065252Z,25.8,87.8
20260722T065308Z,25.8,87.9
20260722T065322Z,25.9,88.1
20260722T065338Z,25.9,88.4
20260722T065352Z,25.9,88.4
20260722T065407Z,25.9,88.6
20260722T065423Z,26.0,88.9
20260722T065437Z,26.0,88.9
20260722T065453Z,26.0,88.9
20260722T065508Z,26.1,89.4
20260722T065522Z,26.1,89.5
20260722T065538Z,26.1,89.6
20260722T065552Z,26.1,89.6
20260722T065608Z,26.2,89.9
20260722T065622Z,26.2,90.0
20260722T065638Z,26.2,90.0
20260722T065652Z,26.2,90.2
20260722T065708Z,26.3,90.2
20260722T065722Z,26.3,90.4
20260722T065737Z,26.3,90.4
20260722T065753Z,26.3,90.6
20260722T065807Z,26.4,90.6
20260722T065823Z,26.4,89.8
20260722T065838Z,26.4,89.6
20260722T065853Z,26.4,88.0
20260722T065907Z,26.4,87.5
20260722T065923Z,26.3,86.8
20260722T065937Z,26.3,86.3
20260722T065952Z,26.2,84.9
20260722T070007Z,26.2,84.6
20260722T070022Z,26.1,83.6
20260722T070037Z,26.0,82.8
20260722T070052Z,26.0,82.5
20260722T070108Z,25.9,81.8
20260722T070122Z,25.8,80.7
20260722T070138Z,25.8,80.7
20260722T070152Z,25.7,80.0
20260722T070208Z,25.6,79.5
20260722T070222Z,25.6,78.6
20260722T070238Z,25.6,78.1
20260722T070252Z,25.5,77.0
20260722T070308Z,25.5,75.9
20260722T070322Z,25.4,75.5
20260722T070338Z,25.3,75.5
20260722T070352Z,25.3,75.1
20260722T070408Z,25.2,76.3
20260722T070422Z,25.2,78.3
20260722T070438Z,25.2,79.1
20260722T070452Z,25.2,81.1
20260722T070509Z,25.2,81.8
20260722T070523Z,25.2,82.0
20260722T070538Z,25.3,82.3
20260722T070553Z,25.3,82.7
20260722T070607Z,25.3,82.8
20260722T070622Z,25.3,83.2
20260722T070637Z,25.3,83.6
20260722T070652Z,25.4,84.2
20260722T070709Z,25.4,84.5
20260722T070723Z,25.4,84.6
20260722T070738Z,25.5,85.3
20260722T070752Z,25.5,85.5
20260722T070808Z,25.5,85.8
20260722T070822Z,25.6,85.8
20260722T070838Z,25.6,86.3
20260722T070853Z,25.6,86.7
20260722T070908Z,25.7,87.0
20260722T070922Z,25.7,87.1
20260722T070938Z,25.7,87.1
20260722T070952Z,25.7,87.7
20260722T071009Z,25.8,87.7
20260722T071023Z,25.8,87.8
20260722T071038Z,25.8,88.3
20260722T071052Z,25.9,88.4
20260722T071108Z,25.9,88.4
20260722T071122Z,25.9,88.7
20260722T071138Z,25.9,89.0
20260722T071152Z,26.0,89.3
20260722T071208Z,26.0,89.2
20260722T071222Z,26.0,89.4
20260722T071238Z,26.1,89.6
20260722T071252Z,26.1,89.7
20260722T071307Z,26.1,89.7
20260722T071323Z,26.2,89.9
20260722T071338Z,26.2,90.1
20260722T071352Z,26.2,90.0
20260722T071408Z,26.2,90.3
20260722T071422Z,26.2,90.4
20260722T071438Z,26.3,90.5
20260722T071452Z,26.3,90.4
20260722T071507Z,26.3,90.6
20260722T071523Z,26.3,90.7
20260722T071537Z,26.4,90.9
20260722T071553Z,26.4,90.8
20260722T071607Z,26.4,90.9
20260722T071623Z,26.4,90.2
20260722T071637Z,26.4,89.1
20260722T071653Z,26.4,88.3
20260722T071707Z,26.4,87.7
20260722T071723Z,26.4,86.9
20260722T071737Z,26.3,86.5
20260722T071753Z,26.3,84.9
20260722T071807Z,26.2,84.8
20260722T071823Z,26.1,83.5
20260722T071837Z,26.0,82.9
20260722T071853Z,26.0,82.4
20260722T071907Z,25.9,81.4
20260722T071922Z,25.8,81.4
20260722T071938Z,25.8,80.6
20260722T071953Z,25.7,79.8
20260722T072007Z,25.6,79.2
20260722T072023Z,25.6,79.1
20260722T072038Z,25.6,78.4
20260722T072053Z,25.5,77.7
20260722T072108Z,25.5,77.0
20260722T072123Z,25.4,76.0
20260722T072138Z,25.4,75.0
20260722T072152Z,25.4,75.0
20260722T072208Z,25.3,76.9
20260722T072222Z,25.3,78.6
20260722T072238Z,25.3,79.9
20260722T072252Z,25.3,80.9
20260722T072307Z,25.3,81.5
20260722T072323Z,25.3,81.6
20260722T072337Z,25.3,82.1
20260722T072353Z,25.3,82.4
20260722T072407Z,25.3,83.0
20260722T072423Z,25.3,83.3
20260722T072437Z,25.3,83.6
20260722T072453Z,25.3,84.0
20260722T072507Z,25.4,84.4
20260722T072522Z,25.4,84.6
20260722T072537Z,25.4,85.2
20260722T072553Z,25.5,85.2
20260722T072607Z,25.5,85.5
20260722T072623Z,25.5,85.9
20260722T072637Z,25.5,86.1
20260722T072653Z,25.6,86.3
20260722T072707Z,25.6,86.6
20260722T072723Z,25.7,86.9
20260722T072737Z,25.7,87.2
20260722T072752Z,25.7,87.5
20260722T072808Z,25.8,87.5
20260722T072823Z,25.8,87.8
20260722T072838Z,25.8,88.1
20260722T072852Z,25.8,88.3
20260722T072907Z,25.9,88.5
20260722T072923Z,25.9,88.7
20260722T072937Z,25.9,88.8
20260722T072953Z,25.9,89.1
20260722T073007Z,26.0,89.3
20260722T073023Z,26.0,89.5
20260722T073038Z,26.0,89.6
20260722T073052Z,26.1,89.6
20260722T073108Z,26.1,89.8
20260722T073122Z,26.1,89.9
20260722T073138Z,26.2,90.0
20260722T073153Z,26.2,90.1
20260722T073207Z,26.2,90.1
20260722T073223Z,26.2,90.3
20260722T073238Z,26.2,90.4
20260722T073252Z,26.3,90.5
20260722T073307Z,26.3,90.4
20260722T073323Z,26.3,90.6
20260722T073337Z,26.4,90.7
20260722T073353Z,26.4,90.7
20260722T073408Z,26.4,90.4
20260722T073423Z,26.4,88.8
20260722T073438Z,26.4,88.1
20260722T073453Z,26.3,87.0
20260722T073507Z,26.3,86.2
20260722T073523Z,26.2,86.0
20260722T073537Z,26.2,84.7
20260722T073553Z,26.1,83.7
20260722T073607Z,26.0,83.3
20260722T073623Z,26.0,83.1
20260722T073637Z,25.9,82.2
20260722T073653Z,25.8,81.0
20260722T073707Z,25.8,80.8
20260722T073722Z,25.7,80.4
20260722T073738Z,25.7,79.3
20260722T073752Z,25.6,78.6
20260722T073808Z,25.5,78.2
20260722T073822Z,25.5,77.9
20260722T073837Z,25.4,77.0
20260722T073853Z,25.4,76.7
20260722T073908Z,25.4,75.8
20260722T073922Z,25.4,75.3
20260722T073938Z,25.3,76.3
20260722T073953Z,25.3,77.5
20260722T074008Z,25.3,79.9
20260722T074023Z,25.3,81.2
20260722T074038Z,25.3,81.6
20260722T074053Z,25.3,82.0
20260722T074108Z,25.3,82.5
20260722T074123Z,25.4,82.9
20260722T074138Z,25.4,83.2
20260722T074153Z,25.4,83.9
20260722T074208Z,25.4,84.1
20260722T074223Z,25.4,84.4
20260722T074238Z,25.5,85.0
20260722T074252Z,25.5,85.2
20260722T074308Z,25.5,85.5
20260722T074322Z,25.6,86.1
20260722T074338Z,25.6,86.4
20260722T074352Z,25.6,86.6
20260722T074408Z,25.7,86.8
20260722T074423Z,25.7,87.0
20260722T074438Z,25.7,87.2
20260722T074453Z,25.8,87.5
20260722T074508Z,25.8,87.9
20260722T074523Z,25.8,88.0
20260722T074538Z,25.9,88.2
20260722T074553Z,25.9,88.5
20260722T074608Z,26.0,88.7
20260722T074623Z,26.0,88.8
20260722T074638Z,26.0,89.1
20260722T074653Z,26.1,89.2
20260722T074708Z,26.1,89.3
20260722T074723Z,26.1,89.7
20260722T074738Z,26.1,89.8
20260722T074753Z,26.2,89.8
20260722T074808Z,26.2,90.1
20260722T074823Z,26.3,90.3
20260722T074838Z,26.3,90.3
20260722T074853Z,26.3,90.4
20260722T074908Z,26.3,90.6
20260722T074923Z,26.4,90.8
20260722T074938Z,26.4,90.8
20260722T074953Z,26.4,90.8
20260722T075008Z,26.4,90.3
20260722T075023Z,26.4,89.0
20260722T075038Z,26.4,88.3
20260722T075053Z,26.4,87.9
20260722T075108Z,26.4,87.0
20260722T075123Z,26.3,85.9
20260722T075138Z,26.3,85.4
20260722T075153Z,26.2,84.2
20260722T075208Z,26.1,83.3
20260722T075223Z,26.1,82.7
20260722T075238Z,26.0,82.8
20260722T075253Z,25.9,81.1
20260722T075308Z,25.9,80.9
20260722T075323Z,25.8,80.3
20260722T075338Z,25.7,79.3
20260722T075353Z,25.6,79.5
20260722T075408Z,25.5,78.7
20260722T075423Z,25.5,79.0
20260722T075438Z,25.4,77.5
20260722T075453Z,25.4,77.2
20260722T075508Z,25.4,76.1
20260722T075523Z,25.3,76.4
20260722T075538Z,25.3,76.2
20260722T075553Z,25.3,76.0
20260722T075608Z,25.2,77.9
20260722T075623Z,25.2,79.6
20260722T075638Z,25.2,80.4
20260722T075653Z,25.2,81.0
20260722T075708Z,25.2,81.2
20260722T075723Z,25.2,81.7
20260722T075738Z,25.2,81.9
20260722T075753Z,25.2,82.5
20260722T075808Z,25.3,82.6
20260722T075823Z,25.3,83.1
20260722T075838Z,25.3,83.4
20260722T075853Z,25.4,83.8
20260722T075908Z,25.4,84.3
20260722T075923Z,25.5,84.6
20260722T075938Z,25.5,85.0
20260722T075953Z,25.5,85.2
20260722T080008Z,25.6,85.6
20260722T080023Z,25.6,85.8
20260722T080038Z,25.7,86.0
20260722T080053Z,25.7,86.1
20260722T080108Z,25.7,86.4
20260722T080123Z,25.8,86.7
20260722T080138Z,25.8,86.8
20260722T080153Z,25.9,87.1
20260722T080208Z,25.9,87.2
20260722T080223Z,25.9,87.5
20260722T080238Z,26.0,87.8
20260722T080253Z,26.0,87.8
20260722T080308Z,26.0,88.0
20260722T080323Z,26.1,88.4
20260722T080338Z,26.1,88.5
20260722T080353Z,26.1,88.7
20260722T080408Z,26.1,88.8
20260722T080423Z,26.2,89.0
20260722T080438Z,26.2,89.2
20260722T080453Z,26.3,89.3
20260722T080508Z,26.3,89.4
20260722T080523Z,26.3,89.6
20260722T080538Z,26.3,89.6
20260722T080553Z,26.4,89.8
20260722T080608Z,26.4,89.8
20260722T080623Z,26.4,90.1
20260722T080638Z,26.4,90.0
20260722T080653Z,26.5,90.0
20260722T080708Z,26.5,89.7
20260722T080723Z,26.5,87.7
20260722T080738Z,26.5,87.4
20260722T080753Z,26.4,86.4
20260722T080808Z,26.4,85.5
20260722T080823Z,26.3,84.3
20260722T080838Z,26.2,84.5
20260722T080853Z,26.2,83.6
20260722T080908Z,26.1,82.9
20260722T080923Z,26.0,82.2
20260722T080938Z,25.9,81.3
20260722T080953Z,25.9,81.1
20260722T081008Z,25.8,80.9
20260722T081023Z,25.7,80.1
20260722T081038Z,25.7,79.4
20260722T081053Z,25.6,78.6
20260722T081108Z,25.6,77.9
20260722T081123Z,25.5,77.4
20260722T081138Z,25.5,77.3
20260722T081153Z,25.4,76.7
20260722T081208Z,25.4,76.3
20260722T081223Z,25.3,75.2
20260722T081238Z,25.3,75.7
20260722T081253Z,25.3,77.5
20260722T081308Z,25.2,79.1
20260722T081323Z,25.2,80.6
20260722T081338Z,25.2,80.9
20260722T081353Z,25.2,81.5
20260722T081408Z,25.2,81.8
20260722T081423Z,25.2,82.0
20260722T081438Z,25.2,82.5
20260722T081453Z,25.2,82.7
20260722T081508Z,25.3,83.1
20260722T081523Z,25.3,83.2
20260722T081538Z,25.3,84.0
20260722T081553Z,25.4,84.0
20260722T081608Z,25.4,84.4
20260722T081623Z,25.5,85.0
20260722T081638Z,25.5,85.2
20260722T081653Z,25.6,85.6
20260722T081708Z,25.6,85.7
20260722T081723Z,25.6,85.6
20260722T081738Z,25.7,86.3
20260722T081753Z,25.7,86.4
20260722T081808Z,25.8,86.6
20260722T081823Z,25.8,86.9
20260722T081838Z,25.8,87.1
20260722T081853Z,25.9,87.4
20260722T081908Z,25.9,87.5
20260722T081923Z,25.9,87.7
20260722T081938Z,26.0,87.9
20260722T081953Z,26.0,88.1
20260722T082008Z,26.0,88.5
20260722T082023Z,26.1,88.6
20260722T082038Z,26.1,88.7
20260722T082053Z,26.1,89.0
20260722T082108Z,26.2,89.1
20260722T082123Z,26.2,89.3
20260722T082138Z,26.2,89.4
20260722T082153Z,26.2,89.3
20260722T082208Z,26.3,89.7
20260722T082223Z,26.3,89.9
20260722T082238Z,26.3,89.8
20260722T082253Z,26.4,89.9
20260722T082308Z,26.4,90.1
20260722T082323Z,26.4,90.2
20260722T082338Z,26.4,89.7
20260722T082353Z,26.4,87.8
20260722T082408Z,26.4,87.3
20260722T082423Z,26.4,86.4
20260722T082438Z,26.3,85.5
20260722T082453Z,26.2,84.9
20260722T082508Z,26.2,83.8
20260722T082523Z,26.1,83.9
20260722T082538Z,26.0,83.4
20260722T082553Z,25.9,82.6
20260722T082608Z,25.9,81.7
20260722T082623Z,25.8,80.8
20260722T082638Z,25.7,80.1
20260722T082653Z,25.6,80.0
20260722T082708Z,25.6,79.4
20260722T082723Z,25.5,79.4
20260722T082738Z,25.5,78.5
20260722T082753Z,25.4,77.7
20260722T082808Z,25.4,76.8
20260722T082823Z,25.3,76.3
20260722T082838Z,25.3,76.2
20260722T082853Z,25.3,75.9
20260722T082908Z,25.2,75.3
20260722T082923Z,25.2,76.9
20260722T082938Z,25.2,78.7
20260722T082953Z,25.2,79.6
20260722T083008Z,25.2,80.6
20260722T083023Z,25.2,80.7
20260722T083038Z,25.2,81.3
20260722T083053Z,25.2,82.1
20260722T083108Z,25.2,81.9
20260722T083123Z,25.2,82.6
20260722T083138Z,25.3,82.7
20260722T083153Z,25.3,82.9
20260722T083208Z,25.3,83.5
20260722T083223Z,25.4,84.0
20260722T083238Z,25.4,83.9
20260722T083253Z,25.4,84.7
20260722T083308Z,25.5,84.9
20260722T083323Z,25.5,85.2
20260722T083338Z,25.5,85.5
20260722T083353Z,25.6,86.0
20260722T083408Z,25.6,86.1
20260722T083423Z,25.6,86.3
20260722T083438Z,25.6,86.7
20260722T083453Z,25.7,87.0
20260722T083508Z,25.7,87.1
20260722T083523Z,25.8,87.4
20260722T083538Z,25.8,87.6
20260722T083553Z,25.8,87.7
20260722T083608Z,25.9,88.1
20260722T083623Z,25.9,88.3
20260722T083638Z,25.9,88.5
20260722T083653Z,26.0,88.5
20260722T083708Z,26.0,88.8
20260722T083723Z,26.0,89.0
20260722T083738Z,26.1,89.0
20260722T083753Z,26.1,89.1
20260722T083808Z,26.1,89.4
20260722T083823Z,26.1,89.4
20260722T083838Z,26.2,89.7
20260722T083853Z,26.2,89.7
20260722T083908Z,26.2,90.0
20260722T083923Z,26.2,90.1
20260722T083938Z,26.3,90.2
20260722T083953Z,26.3,90.5
20260722T084008Z,26.3,90.5
20260722T084023Z,26.3,90.5
20260722T084038Z,26.4,90.7
20260722T084053Z,26.4,90.8
20260722T084108Z,26.4,90.9
20260722T084123Z,26.4,90.8
20260722T084138Z,26.4,90.5
20260722T084153Z,26.4,88.7
20260722T084208Z,26.4,87.7
20260722T084223Z,26.3,86.9
20260722T084238Z,26.3,86.7
20260722T084253Z,26.2,85.5
20260722T084308Z,26.2,85.2
20260722T084323Z,26.1,83.9
20260722T084338Z,26.0,83.6
20260722T084353Z,25.9,83.1
20260722T084408Z,25.8,82.7
20260722T084423Z,25.7,82.0
20260722T084438Z,25.6,81.7
20260722T084453Z,25.6,81.2
20260722T084508Z,25.6,80.2
20260722T084523Z,25.5,79.3
20260722T084538Z,25.5,78.7
20260722T084553Z,25.4,77.6
20260722T084608Z,25.4,77.4
20260722T084623Z,25.3,77.0
20260722T084638Z,25.3,76.1
20260722T084653Z,25.2,76.5
20260722T084708Z,25.2,77.8
20260722T084723Z,25.2,79.5
20260722T084738Z,25.2,80.5
20260722T084753Z,25.2,81.8
20260722T084808Z,25.2,81.8
20260722T084823Z,25.2,82.2
20260722T084838Z,25.2,82.7
20260722T084853Z,25.2,83.1
20260722T084908Z,25.2,83.4
20260722T084923Z,25.3,83.6
20260722T084938Z,25.3,84.0
20260722T084953Z,25.3,84.4
20260722T085008Z,25.3,85.0
20260722T085023Z,25.4,85.2
20260722T085038Z,25.4,85.4
20260722T085053Z,25.4,86.1
20260722T085108Z,25.5,86.2
20260722T085123Z,25.5,86.2
20260722T085138Z,25.6,86.4
20260722T085153Z,25.6,86.8
20260722T085208Z,25.6,87.1
20260722T085223Z,25.7,87.5
20260722T085238Z,25.7,87.6
20260722T085253Z,25.7,87.7
20260722T085308Z,25.8,88.1
20260722T085323Z,25.8,88.2
20260722T085338Z,25.9,88.5
20260722T085353Z,25.9,88.6
20260722T085408Z,25.9,88.7
20260722T085423Z,26.0,88.8
20260722T085438Z,26.0,89.2
20260722T085453Z,26.0,89.2
20260722T085508Z,26.1,89.4
20260722T085523Z,26.1,89.4
20260722T085538Z,26.1,89.7
20260722T085553Z,26.1,89.9
20260722T085608Z,26.2,90.0
20260722T085623Z,26.2,89.9
20260722T085638Z,26.3,90.0
20260722T085653Z,26.3,90.2
20260722T085708Z,26.3,90.4
20260722T085723Z,26.3,90.4
20260722T085738Z,26.4,90.4
20260722T085753Z,26.4,90.6
20260722T085808Z,26.4,90.7
20260722T085823Z,26.4,90.7
20260722T085838Z,26.5,90.7
20260722T085853Z,26.5,90.4
20260722T085908Z,26.5,88.5
20260722T085923Z,26.5,88.0
20260722T085938Z,26.4,87.5
20260722T085953Z,26.4,86.0
20260722T090008Z,26.3,85.2
20260722T090023Z,26.2,84.7
20260722T090038Z,26.1,83.8
20260722T090053Z,26.0,83.8
20260722T090108Z,25.9,82.8
20260722T090123Z,25.8,82.3
20260722T090138Z,25.8,82.2
20260722T090153Z,25.7,81.7
20260722T090208Z,25.6,81.7
20260722T090223Z,25.6,80.5
20260722T090238Z,25.6,79.9
20260722T090253Z,25.5,79.5
20260722T090308Z,25.5,78.7
20260722T090323Z,25.5,77.9
20260722T090338Z,25.5,77.2
20260722T090353Z,25.5,75.8
20260722T090408Z,25.4,77.1
20260722T090423Z,25.4,78.5
20260722T090438Z,25.4,80.0
20260722T090453Z,25.4,81.2
20260722T090508Z,25.4,81.7
20260722T090523Z,25.3,81.9
20260722T090538Z,25.3,82.2
20260722T090553Z,25.3,82.6
20260722T090608Z,25.3,83.1
20260722T090623Z,25.4,83.4
20260722T090638Z,25.4,84.0
20260722T090653Z,25.4,84.3
20260722T090708Z,25.4,84.5
20260722T090723Z,25.5,85.2
20260722T090738Z,25.5,85.4
20260722T090753Z,25.5,85.7
20260722T090808Z,25.6,86.0
20260722T090823Z,25.6,86.4
20260722T090838Z,25.6,86.5
20260722T090853Z,25.6,86.8
20260722T090908Z,25.7,87.2
20260722T090923Z,25.7,87.2
20260722T090938Z,25.8,87.4
20260722T090953Z,25.8,87.8
20260722T091008Z,25.8,87.9
20260722T091023Z,25.8,88.2
20260722T091038Z,25.9,88.3
20260722T091053Z,25.9,88.5
20260722T091108Z,26.0,88.7
20260722T091123Z,26.0,89.0
20260722T091138Z,26.0,89.1
20260722T091153Z,26.1,89.3
20260722T091208Z,26.1,89.4
20260722T091223Z,26.1,89.5
20260722T091238Z,26.1,89.7
20260722T091253Z,26.1,90.0
20260722T091308Z,26.2,90.0
20260722T091323Z,26.2,90.1
20260722T091338Z,26.2,90.4
20260722T091353Z,26.3,90.5
20260722T091408Z,26.3,90.5
20260722T091423Z,26.3,90.8
20260722T091438Z,26.3,90.9
20260722T091453Z,26.3,90.9
20260722T091509Z,26.4,91.0
20260722T091524Z,26.4,91.1
20260722T091538Z,26.4,91.2
20260722T091553Z,26.4,91.3
20260722T091608Z,26.5,90.7
20260722T091623Z,26.5,90.6
20260722T091638Z,26.4,89.0
20260722T091653Z,26.4,88.2
20260722T091708Z,26.4,87.8
20260722T091723Z,26.3,87.0
20260722T091738Z,26.3,86.0
20260722T091753Z,26.2,85.5
20260722T091808Z,26.1,84.2
20260722T091823Z,26.0,83.1
20260722T091838Z,25.9,82.4
20260722T091853Z,25.8,82.7
20260722T091908Z,25.7,81.9
20260722T091923Z,25.6,81.8
20260722T091938Z,25.6,81.1
20260722T091953Z,25.6,80.9
20260722T092008Z,25.5,79.8
20260722T092023Z,25.5,78.9
20260722T092038Z,25.5,78.4
20260722T092053Z,25.5,78.0
20260722T092108Z,25.4,77.2
20260722T092123Z,25.4,76.7
20260722T092138Z,25.4,78.3
20260722T092153Z,25.4,80.0
20260722T092208Z,25.3,81.5
20260722T092223Z,25.3,82.1
20260722T092238Z,25.3,82.3
20260722T092253Z,25.3,82.6
20260722T092308Z,25.3,83.3
20260722T092323Z,25.3,83.7
20260722T092338Z,25.3,83.9
20260722T092353Z,25.3,84.2
20260722T092408Z,25.4,84.6
20260722T092423Z,25.4,85.1
20260722T092438Z,25.4,85.3
20260722T092453Z,25.5,85.4
20260722T092508Z,25.5,85.9
20260722T092523Z,25.5,86.4
20260722T092538Z,25.6,86.5
20260722T092553Z,25.6,86.8
20260722T092608Z,25.6,87.1
20260722T092623Z,25.6,87.5
20260722T092638Z,25.7,87.7
20260722T092653Z,25.7,87.7
20260722T092708Z,25.7,87.9
20260722T092723Z,25.8,88.4
20260722T092738Z,25.8,88.6
20260722T092753Z,25.8,88.6
20260722T092808Z,25.9,88.9
20260722T092823Z,25.9,89.1
20260722T092838Z,25.9,89.3
20260722T092853Z,26.0,89.5
20260722T092908Z,26.0,89.5
20260722T092923Z,26.0,89.8
20260722T092938Z,26.1,90.0
20260722T092953Z,26.1,90.0
20260722T093008Z,26.1,90.2
20260722T093023Z,26.1,90.4
20260722T093038Z,26.2,90.5
20260722T093053Z,26.2,90.6
20260722T093108Z,26.2,90.7
20260722T093123Z,26.3,90.7
20260722T093138Z,26.3,90.9
20260722T093153Z,26.3,91.0
20260722T093208Z,26.3,91.1
20260722T093223Z,26.4,91.2
20260722T093238Z,26.4,91.2
20260722T093253Z,26.4,91.4
20260722T093308Z,26.4,91.4
20260722T093323Z,26.4,91.5
20260722T093338Z,26.5,91.6
20260722T093353Z,26.5,90.9
20260722T093408Z,26.5,89.6
20260722T093423Z,26.5,89.4
20260722T093438Z,26.5,88.2
20260722T093453Z,26.4,86.9
20260722T093508Z,26.4,86.1
20260722T093523Z,26.3,84.7
20260722T093538Z,26.2,84.7
20260722T093553Z,26.1,84.0
20260722T093608Z,26.0,83.6
20260722T093623Z,25.9,83.2
20260722T093638Z,25.8,82.1
20260722T093653Z,25.7,81.8
20260722T093708Z,25.6,81.2
20260722T093723Z,25.6,81.2
20260722T093738Z,25.5,80.3
20260722T093753Z,25.5,79.9
20260722T093809Z,25.5,79.6
20260722T093824Z,25.4,78.8
20260722T093838Z,25.4,77.8
20260722T093853Z,25.4,77.0
20260722T093908Z,25.4,78.5
20260722T093923Z,25.4,80.1
20260722T093938Z,25.3,81.4
20260722T093953Z,25.3,82.2
20260722T094008Z,25.3,82.6
20260722T094023Z,25.3,82.6
20260722T094038Z,25.3,83.2
20260722T094053Z,25.3,83.4
20260722T094108Z,25.3,83.9
20260722T094123Z,25.4,84.5
20260722T094138Z,25.4,84.7
20260722T094153Z,25.4,85.0
20260722T094208Z,25.4,85.4
20260722T094223Z,25.4,85.6
20260722T094238Z,25.5,86.0
20260722T094253Z,25.5,86.4
20260722T094308Z,25.6,86.6
20260722T094323Z,25.6,86.8
20260722T094338Z,25.7,87.0
20260722T094353Z,25.7,87.4
20260722T094408Z,25.7,87.5
20260722T094423Z,25.8,87.8
20260722T094438Z,25.8,88.1
20260722T094453Z,25.8,88.3
20260722T094508Z,25.9,88.5
20260722T094523Z,25.9,88.5
20260722T094538Z,25.9,88.8
20260722T094553Z,26.0,89.0
20260722T094608Z,26.0,89.3
20260722T094623Z,26.0,89.3
20260722T094638Z,26.1,89.6
20260722T094653Z,26.1,89.7
20260722T094708Z,26.1,89.9
20260722T094723Z,26.1,90.1
20260722T094738Z,26.1,90.1
20260722T094753Z,26.2,90.3
20260722T094808Z,26.2,90.4
20260722T094823Z,26.2,90.5
20260722T094838Z,26.3,90.7
20260722T094853Z,26.3,90.9
20260722T094908Z,26.3,90.9
20260722T094923Z,26.3,91.0
20260722T094938Z,26.3,91.1
20260722T094953Z,26.4,91.3
20260722T095008Z,26.4,91.3
20260722T095023Z,26.4,91.3
20260722T095038Z,26.4,91.4
20260722T095053Z,26.5,91.5
20260722T095108Z,26.5,90.6
20260722T095123Z,26.5,89.4
20260722T095138Z,26.5,88.8
20260722T095153Z,26.4,88.2
20260722T095208Z,26.4,87.1
20260722T095223Z,26.3,86.5
20260722T095238Z,26.3,85.8
20260722T095253Z,26.2,84.4
20260722T095308Z,26.1,84.1
20260722T095323Z,26.0,83.1
20260722T095338Z,25.9,82.7
20260722T095353Z,25.8,82.0
20260722T095408Z,25.7,81.1
20260722T095423Z,25.6,80.7
20260722T095438Z,25.5,80.6
20260722T095453Z,25.4,80.1
20260722T095508Z,25.4,79.6
20260722T095523Z,25.3,78.8
20260722T095538Z,25.2,78.3
20260722T095553Z,25.2,78.4
20260722T095608Z,25.2,78.5
20260722T095623Z,25.2,79.9
20260722T095638Z,25.1,81.1
20260722T095653Z,25.1,82.4
20260722T095708Z,25.1,82.7
20260722T095723Z,25.1,83.1
20260722T095738Z,25.1,83.5
20260722T095753Z,25.1,83.7
20260722T095808Z,25.2,84.2
20260722T095823Z,25.2,84.5
20260722T095838Z,25.2,84.9
20260722T095853Z,25.2,85.4
20260722T095908Z,25.3,85.6
20260722T095923Z,25.3,85.9
20260722T095938Z,25.4,86.3
20260722T095953Z,25.4,86.6
20260722T100008Z,25.4,86.9
20260722T100023Z,25.5,87.9
20260722T100038Z,25.5,88.1
20260722T100053Z,25.6,88.1
20260722T100108Z,25.6,88.4
20260722T100123Z,25.7,88.9
20260722T100138Z,25.7,88.9
20260722T100153Z,25.8,89.4
20260722T100208Z,25.8,89.6
20260722T100223Z,25.9,89.6
20260722T100238Z,25.9,89.7
20260722T100253Z,26.0,89.8
20260722T100308Z,26.0,89.9
20260722T100323Z,26.1,90.3
20260722T100338Z,26.1,91.0
20260722T100353Z,26.1,90.9
20260722T100408Z,26.2,90.8
20260722T100423Z,26.2,91.0
20260722T100438Z,26.3,91.1
20260722T100453Z,26.3,91.2
20260722T100508Z,26.3,91.3
20260722T100523Z,26.3,90.7
20260722T100538Z,26.3,89.5
20260722T100553Z,26.3,88.4
20260722T100608Z,26.3,87.7
20260722T100623Z,26.3,87.2
20260722T100638Z,26.2,85.5
20260722T100653Z,26.1,84.8
20260722T100708Z,26.0,84.9
20260722T100723Z,25.9,83.9
20260722T100738Z,25.8,83.8
20260722T100753Z,25.8,82.6
20260722T100808Z,25.7,82.7
20260722T100823Z,25.7,81.3
20260722T100838Z,25.6,80.9
20260722T100853Z,25.5,79.7
20260722T100908Z,25.5,79.1
20260722T100923Z,25.4,79.2
20260722T100938Z,25.3,77.7
20260722T100953Z,25.2,77.5
20260722T101008Z,25.1,78.7
20260722T101023Z,25.1,80.2
20260722T101038Z,25.1,81.8
20260722T101053Z,25.0,83.1
20260722T101108Z,25.1,83.4
20260722T101123Z,25.1,83.7
20260722T101138Z,25.1,83.7
20260722T101153Z,25.1,84.4
20260722T101208Z,25.2,84.5
20260722T101223Z,25.2,85.0
20260722T101238Z,25.2,85.3
20260722T101253Z,25.3,85.7
20260722T101308Z,25.3,86.1
20260722T101323Z,25.3,86.4
20260722T101338Z,25.4,86.4
20260722T101353Z,25.4,86.9
20260722T101408Z,25.4,87.3
20260722T101423Z,25.5,87.8
20260722T101438Z,25.5,87.9
20260722T101453Z,25.6,88.4
20260722T101508Z,25.6,88.5
20260722T101523Z,25.7,88.8
20260722T101538Z,25.7,88.9
20260722T101553Z,25.7,89.3
20260722T101608Z,25.8,89.6
20260722T101623Z,25.8,89.6
20260722T101638Z,25.9,89.6
20260722T101653Z,25.9,90.0
20260722T101708Z,25.9,90.2
20260722T101723Z,26.0,90.2
20260722T101738Z,26.0,90.6
20260722T101753Z,26.0,90.8
20260722T101808Z,26.1,90.9
20260722T101823Z,26.1,91.0
20260722T101838Z,26.1,91.4
20260722T101853Z,26.1,91.2
20260722T101908Z,26.2,91.6
20260722T101923Z,26.2,91.4
20260722T101938Z,26.2,91.5
20260722T101953Z,26.3,91.6
20260722T102008Z,26.3,91.7
20260722T102023Z,26.3,91.9
20260722T102038Z,26.3,92.1
20260722T102053Z,26.3,91.5
20260722T102109Z,26.3,91.3
20260722T102124Z,26.3,89.8
20260722T102138Z,26.3,89.5
20260722T102153Z,26.3,88.0
20260722T102208Z,26.2,87.3
20260722T102223Z,26.2,86.7
20260722T102238Z,26.1,85.9
20260722T102253Z,26.0,85.3
20260722T102308Z,26.0,84.2
20260722T102323Z,25.9,84.3
20260722T102338Z,25.8,83.5
20260722T102353Z,25.7,82.8
20260722T102409Z,25.6,82.3
20260722T102423Z,25.6,82.2
20260722T102438Z,25.5,81.6
20260722T102453Z,25.5,81.4
20260722T102509Z,25.5,80.4
20260722T102524Z,25.5,80.0
20260722T102538Z,25.5,79.2
20260722T102553Z,25.5,77.5
20260722T102608Z,25.5,77.5
20260722T102623Z,25.4,76.9
20260722T102638Z,25.4,75.5
20260722T102653Z,25.4,75.1
20260722T102708Z,25.4,74.5
20260722T102723Z,25.3,74.1
20260722T102738Z,25.3,73.4
20260722T102753Z,25.3,72.7
20260722T102808Z,25.2,72.5
20260722T102823Z,25.2,71.7
20260722T102838Z,25.2,71.6
20260722T102853Z,25.1,71.1
20260722T102908Z,25.1,70.9
20260722T102923Z,25.1,70.5
20260722T102939Z,25.1,69.6
20260722T102953Z,25.1,70.3
20260722T103009Z,25.1,71.8
20260722T103023Z,25.0,73.8
20260722T103039Z,25.0,75.3
20260722T103053Z,25.0,76.0
20260722T103108Z,24.9,76.4
20260722T103123Z,24.9,77.1
20260722T103138Z,24.9,77.9
20260722T103153Z,24.9,78.2
20260722T103208Z,24.9,78.5
20260722T103223Z,24.9,79.4
20260722T103238Z,24.9,79.8
20260722T103253Z,24.9,80.3
20260722T103309Z,24.9,80.9
20260722T103324Z,25.0,81.3
20260722T103338Z,25.0,82.1
20260722T103353Z,25.0,82.4
20260722T103408Z,25.0,82.8
20260722T103423Z,25.1,83.2
20260722T103438Z,25.1,83.6
20260722T103453Z,25.1,84.1
20260722T103508Z,25.2,84.3
20260722T103523Z,25.2,84.8
20260722T103538Z,25.2,85.2
20260722T103554Z,25.3,85.4
20260722T103610Z,25.3,85.5
20260722T103624Z,25.3,86.3
20260722T103639Z,25.4,86.5
20260722T103653Z,25.4,86.4
20260722T103709Z,25.4,86.3
20260722T103723Z,25.4,84.4
20260722T103738Z,25.4,84.1
20260722T103753Z,25.4,83.3
20260722T103809Z,25.4,82.4
20260722T103823Z,25.4,81.6
20260722T103838Z,25.4,81.0
20260722T103853Z,25.3,80.4
20260722T103909Z,25.2,79.4
20260722T103923Z,25.2,78.5
20260722T103939Z,25.1,78.1
20260722T103953Z,25.1,77.5
20260722T104008Z,25.0,77.0
20260722T104023Z,24.9,76.4
20260722T104038Z,24.9,76.1
20260722T104053Z,24.9,75.5
20260722T104109Z,24.8,74.7
20260722T104123Z,24.8,73.8
20260722T104139Z,24.7,73.7
20260722T104153Z,24.6,73.5
20260722T104209Z,24.6,73.4
20260722T104223Z,24.6,72.9
20260722T104239Z,24.6,72.1
20260722T104253Z,24.6,71.2
20260722T104308Z,24.6,70.8
20260722T104323Z,24.6,70.5
20260722T104339Z,24.7,69.5
20260722T104353Z,24.6,69.0
20260722T104408Z,24.7,69.5
20260722T104424Z,24.7,71.4
20260722T104438Z,24.7,72.4
20260722T104454Z,24.6,74.4
20260722T104509Z,24.7,75.5
20260722T104523Z,24.7,75.9
20260722T104539Z,24.7,76.1
20260722T104553Z,24.7,77.2
20260722T104609Z,24.7,77.6
20260722T104623Z,24.7,78.4
20260722T104639Z,24.8,78.8
20260722T104653Z,24.8,79.4
20260722T104708Z,24.8,79.9
20260722T104724Z,24.8,80.6
20260722T104738Z,24.9,80.8
20260722T104754Z,24.9,81.3
20260722T104808Z,24.9,81.8
20260722T104824Z,25.0,82.1
20260722T104838Z,25.0,82.2
20260722T104854Z,25.1,82.8
20260722T104908Z,25.1,83.2
20260722T104923Z,25.2,83.4
20260722T104939Z,25.2,83.8
20260722T104953Z,25.2,84.3
20260722T105008Z,25.3,84.6
20260722T105024Z,25.3,84.7
20260722T105038Z,25.4,85.0
20260722T105054Z,25.4,85.3
20260722T105109Z,25.4,84.6
20260722T105123Z,25.4,84.5
20260722T105139Z,25.5,83.2
20260722T105153Z,25.5,82.8
20260722T105209Z,25.4,81.9
20260722T105223Z,25.4,81.2
20260722T105239Z,25.4,80.3
20260722T105253Z,25.4,79.5
20260722T105308Z,25.3,78.9
20260722T105324Z,25.2,78.1
20260722T105338Z,25.2,77.6
20260722T105354Z,25.1,77.1
20260722T105408Z,25.0,76.6
20260722T105424Z,25.0,76.2
20260722T105439Z,25.0,75.7
20260722T105453Z,24.9,75.4
20260722T105509Z,24.9,74.9
20260722T105523Z,24.9,74.2
20260722T105539Z,25.0,73.2
20260722T105553Z,24.9,73.4
20260722T105609Z,24.9,73.8
20260722T105623Z,24.9,72.4
20260722T105638Z,24.8,71.9
20260722T105654Z,24.7,71.7
20260722T105708Z,24.7,71.4
20260722T105724Z,24.7,70.5
20260722T105738Z,24.6,70.2
20260722T105754Z,24.6,69.3
20260722T105808Z,24.6,69.2
20260722T105824Z,24.6,68.8
20260722T105838Z,24.6,68.8
20260722T105854Z,24.6,70.8
20260722T105908Z,24.6,72.8
20260722T105923Z,24.6,74.1
20260722T105939Z,24.6,75.2
20260722T105954Z,24.6,75.5
20260722T110008Z,24.6,75.6
20260722T110024Z,24.6,76.3
20260722T110039Z,24.6,77.1
20260722T110054Z,24.6,77.5
20260722T110108Z,24.6,78.2
20260722T110124Z,24.6,78.7
20260722T110138Z,24.7,79.2
20260722T110154Z,24.7,79.5
20260722T110208Z,24.7,79.9
20260722T110224Z,24.8,80.7
20260722T110238Z,24.8,81.2
20260722T110253Z,24.8,81.6
20260722T110309Z,24.8,81.9
20260722T110324Z,24.9,82.3
20260722T110338Z,24.9,83.0
20260722T110353Z,24.9,83.0
20260722T110409Z,25.0,83.3
20260722T110423Z,25.0,83.7
20260722T110439Z,25.1,84.2
20260722T110453Z,25.1,84.4
20260722T110508Z,25.1,84.7
20260722T110524Z,25.1,84.9
20260722T110538Z,25.2,85.6
20260722T110553Z,25.2,85.6
20260722T110608Z,25.3,85.8
20260722T110623Z,25.3,86.0
20260722T110638Z,25.3,86.2
20260722T110653Z,25.4,85.4
20260722T110709Z,25.4,85.3
20260722T110723Z,25.4,84.1
20260722T110739Z,25.4,83.6
20260722T110753Z,25.4,82.6
20260722T110809Z,25.4,81.6
20260722T110823Z,25.3,80.8
20260722T110839Z,25.3,80.0
20260722T110853Z,25.2,79.4
20260722T110909Z,25.2,78.5
20260722T110924Z,25.1,78.5
20260722T110938Z,25.1,77.6
20260722T110954Z,25.0,77.5
20260722T111008Z,25.0,76.4
20260722T111024Z,25.0,76.1
20260722T111038Z,25.0,75.0
20260722T111054Z,25.0,74.2
20260722T111108Z,24.9,73.6
20260722T111124Z,24.9,72.8
20260722T111138Z,24.9,72.4
20260722T111153Z,24.9,71.6
20260722T111208Z,24.9,70.9
20260722T111223Z,24.9,69.9
20260722T111239Z,24.9,70.9
20260722T111253Z,24.8,72.6
20260722T111309Z,24.8,74.1
20260722T111323Z,24.7,75.2
20260722T111339Z,24.7,75.9
20260722T111353Z,24.7,76.4
20260722T111409Z,24.7,76.9
20260722T111423Z,24.6,77.2
20260722T111439Z,24.6,77.7
20260722T111453Z,24.6,78.6
20260722T111509Z,24.6,79.3
20260722T111523Z,24.6,79.6
20260722T111539Z,24.6,79.8
20260722T111553Z,24.7,80.7
20260722T111608Z,24.7,81.3
20260722T111624Z,24.7,81.6
20260722T111638Z,24.7,82.3
20260722T111654Z,24.7,82.3
20260722T111708Z,24.8,82.9
20260722T111724Z,24.8,83.4
20260722T111738Z,24.8,83.5
20260722T111754Z,24.8,83.8
20260722T111808Z,24.9,84.2
20260722T111823Z,24.9,84.7
20260722T111838Z,24.9,84.9
20260722T111853Z,25.0,85.2
20260722T111909Z,25.0,85.4
20260722T111923Z,25.0,85.8
20260722T111939Z,25.1,86.0
20260722T111953Z,25.1,86.1
20260722T112009Z,25.1,86.2
20260722T112024Z,25.2,86.6
20260722T112039Z,25.2,86.7
20260722T112053Z,25.2,86.9
20260722T112109Z,25.2,87.2
20260722T112123Z,25.3,87.3
20260722T112138Z,25.3,87.7
20260722T112153Z,25.3,87.9
20260722T112209Z,25.4,86.8
20260722T112223Z,25.4,86.7
20260722T112239Z,25.4,85.5
20260722T112253Z,25.3,84.8
20260722T112308Z,25.3,83.9
20260722T112324Z,25.3,83.4
20260722T112338Z,25.3,82.1
20260722T112354Z,25.2,81.6
20260722T112408Z,25.2,80.5
20260722T112424Z,25.1,79.8
20260722T112439Z,25.0,78.9
20260722T112453Z,24.9,78.4
20260722T112509Z,24.8,78.4
20260722T112523Z,24.7,77.7
20260722T112539Z,24.7,77.5
20260722T112553Z,24.7,76.2
20260722T112608Z,24.6,75.6
20260722T112624Z,24.6,75.3
20260722T112638Z,24.6,74.7
20260722T112654Z,24.6,73.1
20260722T112708Z,24.6,73.2
20260722T112724Z,24.5,71.6
20260722T112738Z,24.5,71.2
20260722T112754Z,24.4,72.2
20260722T112809Z,24.3,73.9
20260722T112823Z,24.3,75.6
20260722T112839Z,24.3,77.4
20260722T112853Z,24.3,77.9
20260722T112908Z,24.3,78.5
20260722T112924Z,24.3,78.7
20260722T112938Z,24.3,79.1
20260722T112954Z,24.4,79.7
20260722T113009Z,24.4,80.3
20260722T113024Z,24.4,80.8
20260722T113038Z,24.4,81.2
20260722T113054Z,24.5,81.5
20260722T113109Z,24.5,81.9
20260722T113124Z,24.5,82.5
20260722T113139Z,24.6,82.9
20260722T113153Z,24.6,83.2
20260722T113209Z,24.6,83.5
20260722T113224Z,24.7,84.0
20260722T113239Z,24.7,84.1
20260722T113254Z,24.7,84.4
20260722T113309Z,24.8,84.7
20260722T113323Z,24.8,85.1
20260722T113339Z,24.8,85.0
20260722T113353Z,24.9,85.6
20260722T113409Z,24.9,85.9
20260722T113423Z,24.9,86.2
20260722T113438Z,25.0,86.4
20260722T113453Z,25.0,86.5
20260722T113509Z,25.0,86.7
20260722T113523Z,25.1,87.0
20260722T113539Z,25.1,87.3
20260722T113553Z,25.1,87.4
20260722T113609Z,25.2,87.5
20260722T113623Z,25.2,88.0
20260722T113639Z,25.2,87.9
20260722T113653Z,25.3,88.1
20260722T113709Z,25.3,88.4
20260722T113724Z,25.3,88.2
20260722T113739Z,25.3,88.1
20260722T113754Z,25.3,86.7
20260722T113809Z,25.4,86.2
20260722T113824Z,25.4,85.0
20260722T113839Z,25.4,84.3
20260722T113854Z,25.4,83.2
20260722T113909Z,25.4,82.2
20260722T113924Z,25.3,81.3
20260722T113939Z,25.2,80.3
20260722T113954Z,25.2,79.8
20260722T114009Z,25.1,79.0
20260722T114024Z,25.1,78.8
20260722T114039Z,25.0,77.6
20260722T114054Z,24.9,76.8
20260722T114109Z,24.9,77.2
20260722T114124Z,24.8,76.7
20260722T114139Z,24.8,75.4
20260722T114154Z,24.8,74.2
20260722T114209Z,24.8,73.9
20260722T114224Z,24.7,73.5
20260722T114239Z,24.7,72.4
20260722T114254Z,24.6,71.7
20260722T114310Z,24.6,71.2
20260722T114324Z,24.5,72.9
20260722T114339Z,24.5,74.8
20260722T114354Z,24.4,75.9
20260722T114409Z,24.4,77.3
20260722T114424Z,24.4,77.9
20260722T114439Z,24.4,78.4
20260722T114454Z,24.4,78.8
20260722T114509Z,24.4,79.3
20260722T114524Z,24.4,80.1
20260722T114539Z,24.4,80.5
20260722T114554Z,24.4,81.1
20260722T114610Z,24.4,81.1
20260722T114624Z,24.5,81.9
20260722T114639Z,24.5,82.3
20260722T114654Z,24.5,82.7
20260722T114710Z,24.6,83.1
20260722T114724Z,24.6,83.3
20260722T114739Z,24.6,83.5
20260722T114754Z,24.7,83.9
20260722T114809Z,24.7,84.1
20260722T114824Z,24.7,84.7
20260722T114839Z,24.8,84.9
20260722T114854Z,24.8,85.0
20260722T114909Z,24.8,85.5
20260722T114924Z,24.9,85.7
20260722T114939Z,24.9,85.8
20260722T114954Z,24.9,86.1
20260722T115009Z,25.0,86.5
20260722T115024Z,25.0,86.7
20260722T115039Z,25.0,86.8
20260722T115054Z,25.1,87.2
20260722T115109Z,25.1,87.5
20260722T115124Z,25.1,87.4
20260722T115139Z,25.1,87.6
20260722T115154Z,25.2,87.9
20260722T115209Z,25.2,88.0
20260722T115224Z,25.3,88.3
20260722T115239Z,25.3,88.3
20260722T115254Z,25.3,88.4
20260722T115309Z,25.3,87.9
20260722T115324Z,25.3,88.1
20260722T115339Z,25.3,85.9
20260722T115354Z,25.3,86.0
20260722T115409Z,25.3,84.7
20260722T115424Z,25.3,84.3
20260722T115439Z,25.2,83.4
20260722T115454Z,25.2,82.3
20260722T115509Z,25.1,82.2
20260722T115524Z,25.1,80.8
20260722T115539Z,25.0,79.7
20260722T115554Z,24.9,79.4
20260722T115609Z,24.9,79.1
20260722T115624Z,24.8,78.7
20260722T115639Z,24.7,78.2
20260722T115654Z,24.7,77.6
20260722T115709Z,24.7,76.2
20260722T115724Z,24.6,74.6
20260722T115739Z,24.5,75.3
20260722T115754Z,24.5,74.5
20260722T115809Z,24.4,73.7
20260722T115824Z,24.4,73.3
20260722T115839Z,24.4,72.4
20260722T115854Z,24.3,73.2
20260722T115910Z,24.3,74.5
20260722T115924Z,24.3,76.1
20260722T115939Z,24.3,77.5
20260722T115954Z,24.3,78.3
20260722T120010Z,24.3,78.9
20260722T120024Z,24.3,79.1
20260722T120039Z,24.3,79.7
20260722T120054Z,24.3,80.1
20260722T120109Z,24.3,80.7
20260722T120124Z,24.3,81.0
20260722T120139Z,24.4,81.7
20260722T120154Z,24.4,82.1
20260722T120209Z,24.4,82.5
20260722T120224Z,24.5,82.7
20260722T120239Z,24.5,83.1
20260722T120254Z,24.5,83.5
20260722T120309Z,24.6,84.0
20260722T120324Z,24.6,84.2
20260722T120339Z,24.6,84.5
20260722T120354Z,24.7,84.9
20260722T120409Z,24.7,85.1
20260722T120424Z,24.7,85.5
20260722T120439Z,24.8,85.8
20260722T120454Z,24.8,85.8
20260722T120509Z,24.8,86.1
20260722T120524Z,24.9,86.4
20260722T120539Z,24.9,86.6
20260722T120554Z,24.9,86.9
20260722T120609Z,25.0,87.0
20260722T120624Z,25.0,87.1
20260722T120639Z,25.1,87.3
20260722T120654Z,25.1,87.8
20260722T120709Z,25.1,87.8
20260722T120724Z,25.1,88.0
20260722T120739Z,25.2,88.3
20260722T120754Z,25.2,88.2
20260722T120809Z,25.2,88.5
20260722T120824Z,25.3,88.5
20260722T120839Z,25.3,88.8
20260722T120854Z,25.3,89.0
20260722T120910Z,25.3,88.2
20260722T120924Z,25.3,88.1
20260722T120939Z,25.3,86.3
20260722T120954Z,25.3,86.0
20260722T121009Z,25.3,84.7
20260722T121024Z,25.3,84.4
20260722T121039Z,25.2,83.7
20260722T121054Z,25.2,82.2
20260722T121109Z,25.1,81.8
20260722T121124Z,25.0,80.9
20260722T121139Z,25.0,80.7
20260722T121154Z,24.9,79.7
20260722T121209Z,24.8,79.0
20260722T121224Z,24.8,78.6
20260722T121239Z,24.7,78.0
20260722T121254Z,24.6,77.9
20260722T121309Z,24.6,76.0
20260722T121324Z,24.6,75.8
20260722T121339Z,24.6,75.0
20260722T121354Z,24.5,73.7
20260722T121409Z,24.4,73.0
20260722T121424Z,24.3,72.8
20260722T121439Z,24.2,73.3
20260722T121454Z,24.1,75.3
20260722T121509Z,24.1,76.5
20260722T121524Z,24.1,78.0
20260722T121539Z,24.1,79.3
20260722T121554Z,24.1,79.8
20260722T121609Z,24.2,79.9
20260722T121624Z,24.2,80.3
20260722T121639Z,24.2,80.8
20260722T121654Z,24.3,81.4
20260722T121709Z,24.3,81.6
20260722T121724Z,24.3,82.1
20260722T121739Z,24.4,82.7
20260722T121754Z,24.4,83.0
20260722T121809Z,24.4,83.3
20260722T121824Z,24.5,83.7
20260722T121839Z,24.5,84.2
20260722T121854Z,24.5,84.4
20260722T121909Z,24.6,84.6
20260722T121924Z,24.6,85.1
20260722T121939Z,24.6,85.2
20260722T121954Z,24.7,85.7
20260722T122009Z,24.7,85.8
20260722T122024Z,24.8,86.1
20260722T122039Z,24.8,86.4
20260722T122054Z,24.8,86.7
20260722T122109Z,24.9,86.8
20260722T122124Z,24.9,87.1
20260722T122139Z,24.9,87.3
20260722T122154Z,25.0,87.5
20260722T122209Z,25.0,87.6
20260722T122224Z,25.0,87.7
20260722T122239Z,25.1,88.0
20260722T122254Z,25.1,88.2
20260722T122309Z,25.1,88.4
20260722T122324Z,25.2,88.5
20260722T122339Z,25.2,88.7
20260722T122354Z,25.2,88.9
20260722T122409Z,25.3,89.1
20260722T122424Z,25.3,89.1
20260722T122439Z,25.3,89.2
20260722T122454Z,25.3,88.3
20260722T122509Z,25.4,87.6
20260722T122524Z,25.3,86.5
20260722T122539Z,25.3,86.4
20260722T122554Z,25.3,85.1
20260722T122609Z,25.3,84.8
20260722T122624Z,25.2,83.8
20260722T122639Z,25.2,82.5
20260722T122654Z,25.1,82.0
20260722T122709Z,25.1,80.6
20260722T122724Z,25.0,80.3
20260722T122739Z,24.9,80.3
20260722T122754Z,24.8,79.3
20260722T122809Z,24.7,78.8
20260722T122824Z,24.7,78.2
20260722T122839Z,24.6,77.9
20260722T122854Z,24.6,77.3
20260722T122909Z,24.6,76.7
20260722T122924Z,24.6,75.6
20260722T122939Z,24.6,73.7
20260722T122954Z,24.5,72.9
20260722T123009Z,24.4,73.2
20260722T123024Z,24.4,73.6
20260722T123039Z,24.3,75.2
20260722T123054Z,24.3,76.9
20260722T123109Z,24.3,78.3
20260722T123124Z,24.3,79.3
20260722T123139Z,24.3,79.6
20260722T123154Z,24.3,80.2
20260722T123209Z,24.3,80.3
20260722T123224Z,24.3,80.8
20260722T123239Z,24.4,81.2
20260722T123254Z,24.3,82.0
20260722T123309Z,24.4,82.4
20260722T123324Z,24.4,82.7
20260722T123339Z,24.4,83.0
20260722T123354Z,24.5,83.8
20260722T123409Z,24.5,83.9
20260722T123424Z,24.5,84.2
20260722T123439Z,24.6,84.5
20260722T123454Z,24.6,84.9
20260722T123510Z,24.6,85.2
20260722T123525Z,24.7,85.6
20260722T123539Z,24.7,85.6
20260722T123554Z,24.8,85.9
20260722T123609Z,24.8,86.3
20260722T123624Z,24.8,86.6
20260722T123639Z,24.8,86.6
20260722T123654Z,24.9,87.0
20260722T123709Z,24.9,87.2
20260722T123724Z,24.9,87.4
20260722T123739Z,25.0,87.7
20260722T123754Z,25.0,87.8
20260722T123809Z,25.0,88.0
20260722T123824Z,25.1,88.2
20260722T123839Z,25.1,88.4
20260722T123854Z,25.1,88.5
20260722T123909Z,25.2,88.7
20260722T123924Z,25.2,88.9
20260722T123939Z,25.2,89.1
20260722T123954Z,25.2,89.2
20260722T124009Z,25.3,89.2
20260722T124024Z,25.3,89.3
20260722T124039Z,25.3,88.5
20260722T124054Z,25.3,88.8
20260722T124109Z,25.3,86.8
20260722T124124Z,25.3,86.6
20260722T124139Z,25.3,85.3
20260722T124154Z,25.3,84.8
20260722T124209Z,25.2,84.0
20260722T124224Z,25.2,82.8
20260722T124239Z,25.1,82.4
20260722T124254Z,25.0,81.5
20260722T124309Z,25.0,80.8
20260722T124324Z,24.9,80.0
20260722T124339Z,24.8,79.9
20260722T124354Z,24.7,78.6
20260722T124409Z,24.6,78.7
20260722T124424Z,24.5,78.4
20260722T124439Z,24.5,77.7
20260722T124454Z,24.4,76.8
20260722T124509Z,24.3,76.7
20260722T124524Z,24.3,76.4
20260722T124539Z,24.3,75.6
20260722T124554Z,24.3,74.5
20260722T124609Z,24.2,73.9
20260722T124624Z,24.2,73.8
20260722T124639Z,24.2,72.1
20260722T124654Z,24.2,71.5
20260722T124709Z,24.1,72.2
20260722T124724Z,24.0,74.0
20260722T124739Z,24.0,76.1
20260722T124754Z,24.0,77.7
20260722T124810Z,24.1,78.1
20260722T124825Z,24.1,79.2
20260722T124839Z,24.2,79.5
20260722T124854Z,24.2,79.6
20260722T124909Z,24.2,80.3
20260722T124924Z,24.2,80.8
20260722T124939Z,24.3,81.5
20260722T124954Z,24.3,81.7
20260722T125010Z,24.3,82.3
20260722T125024Z,24.3,82.5
20260722T125039Z,24.4,82.7
20260722T125054Z,24.4,83.2
20260722T125109Z,24.5,83.5
20260722T125124Z,24.5,84.0
20260722T125139Z,24.5,84.5
20260722T125154Z,24.6,84.6
20260722T125209Z,24.6,84.8
20260722T125224Z,24.6,85.3
20260722T125239Z,24.7,85.5
20260722T125254Z,24.7,86.0
20260722T125309Z,24.7,86.4
20260722T125324Z,24.8,86.2
20260722T125339Z,24.8,86.7
20260722T125354Z,24.8,86.8
20260722T125409Z,24.9,87.3
20260722T125424Z,24.9,87.3
20260722T125439Z,24.9,87.4
20260722T125454Z,25.0,87.6
20260722T125509Z,25.0,87.9
20260722T125524Z,25.0,88.3
20260722T125539Z,25.1,88.3
20260722T125554Z,25.1,88.5
20260722T125609Z,25.1,88.7
20260722T125624Z,25.1,88.7
20260722T125639Z,25.2,88.8
20260722T125654Z,25.2,89.2
20260722T125709Z,25.2,89.1
20260722T125724Z,25.2,89.4
20260722T125739Z,25.3,89.5
20260722T125754Z,25.3,89.6
20260722T125809Z,25.3,89.7
20260722T125824Z,25.3,89.9
20260722T125839Z,25.4,89.9
20260722T125854Z,25.4,90.1
20260722T125909Z,25.4,90.2
20260722T125924Z,25.5,90.3
20260722T125939Z,25.5,90.4
20260722T125954Z,25.5,90.5
20260722T130009Z,25.5,90.5
20260722T130024Z,25.5,90.6
20260722T130039Z,25.6,90.8
20260722T130054Z,25.6,90.8
20260722T130109Z,25.6,90.9
20260722T130124Z,25.6,90.9
20260722T130139Z,25.6,91.0
20260722T130154Z,25.7,91.0
20260722T130209Z,25.7,91.1
20260722T130224Z,25.7,91.2
20260722T130239Z,25.8,91.3
20260722T130254Z,25.8,91.3
20260722T130309Z,25.8,91.4
20260722T130324Z,25.8,91.4
20260722T130339Z,25.8,91.5
20260722T130354Z,25.9,91.5
20260722T130409Z,25.9,91.5
20260722T130424Z,25.9,91.6
20260722T130439Z,25.9,91.7
20260722T130454Z,25.9,91.6
20260722T130509Z,25.9,91.7
20260722T130524Z,26.0,91.8
20260722T130539Z,26.0,91.8
20260722T130554Z,26.0,91.8
20260722T130609Z,26.0,91.8
20260722T130624Z,26.0,91.8
20260722T130639Z,26.0,91.8
20260722T130654Z,26.1,91.8
20260722T130709Z,26.1,92.0
20260722T130724Z,26.1,91.9
20260722T130739Z,26.1,91.9
20260722T130754Z,26.1,91.8
20260722T130809Z,26.2,91.9
20260722T130824Z,26.2,91.9
20260722T130839Z,26.2,91.8
20260722T130854Z,26.3,91.8
20260722T130909Z,26.3,91.7
20260722T130924Z,26.3,91.8
20260722T130939Z,26.3,91.8
20260722T130954Z,26.3,91.6
20260722T131009Z,26.3,91.8
20260722T131024Z,26.4,91.7
20260722T131039Z,26.4,91.7
20260722T131054Z,26.4,91.7
20260722T131109Z,26.4,91.6
20260722T131124Z,26.4,91.6
20260722T131139Z,26.5,91.6
20260722T131154Z,26.5,91.6
20260722T131209Z,26.5,91.6
20260722T131224Z,26.5,91.6
20260722T131239Z,26.5,91.5
20260722T131254Z,26.6,91.6
20260722T131309Z,26.6,91.5
20260722T131324Z,26.6,91.6
20260722T131339Z,26.6,91.6
20260722T131354Z,26.6,91.6
20260722T131409Z,26.6,91.6
20260722T131424Z,26.6,91.5
20260722T131439Z,26.6,91.5
20260722T131454Z,26.7,91.5
20260722T131509Z,26.7,91.5
20260722T131524Z,26.7,91.4
20260722T131539Z,26.7,91.4
20260722T131554Z,26.7,91.5
20260722T131609Z,26.7,91.4
20260722T131624Z,26.7,91.4
20260722T131639Z,26.7,91.4
20260722T131654Z,26.7,91.4
20260722T131709Z,26.7,91.5
20260722T131724Z,26.7,91.5
20260722T131739Z,26.7,91.5
20260722T131754Z,26.7,91.5
20260722T131809Z,26.7,91.6
20260722T131824Z,26.7,91.6
20260722T131839Z,26.7,91.6
20260722T131854Z,26.7,91.7
20260722T131909Z,26.7,91.7
20260722T131924Z,26.7,91.7
20260722T131939Z,26.7,91.7
20260722T131954Z,26.7,91.7
20260722T132009Z,26.7,91.7
20260722T132024Z,26.7,91.8
20260722T132039Z,26.7,91.7
20260722T132054Z,26.7,91.8
20260722T132109Z,26.7,91.8
20260722T132124Z,26.7,91.8
20260722T132139Z,26.7,91.8
20260722T132154Z,26.7,91.8
20260722T132209Z,26.7,91.8
20260722T132224Z,26.7,91.8
20260722T132239Z,26.8,91.8
20260722T132254Z,26.8,91.8
20260722T132309Z,26.8,91.8
20260722T132324Z,26.8,91.8
20260722T132339Z,26.8,91.7
20260722T132354Z,26.8,91.8
20260722T132409Z,26.8,91.8
20260722T132424Z,26.8,91.8
20260722T132439Z,26.8,91.7
20260722T132454Z,26.8,91.7
20260722T132509Z,26.8,91.8
20260722T132524Z,26.8,91.8
20260722T132539Z,26.8,91.7
20260722T132554Z,26.8,91.7
20260722T132609Z,26.8,91.7
20260722T132624Z,26.8,91.7
20260722T132639Z,26.8,91.7
20260722T132654Z,26.8,91.7
20260722T132709Z,26.8,91.7
20260722T132724Z,26.8,91.7
20260722T132739Z,26.8,91.7
20260722T132754Z,26.8,91.7
20260722T132809Z,26.9,91.6
20260722T132824Z,26.9,91.6
20260722T132839Z,26.9,91.6
20260722T132854Z,26.9,91.6
20260722T132909Z,26.9,91.6
20260722T132924Z,26.9,91.6
20260722T132939Z,26.9,91.5
20260722T132954Z,26.9,91.6
20260722T133009Z,26.9,91.5
20260722T133024Z,26.9,91.5
20260722T133039Z,26.9,91.5
20260722T133054Z,26.9,91.5
20260722T133109Z,26.9,91.5
20260722T133124Z,26.9,91.5
20260722T133139Z,26.9,91.5
20260722T133154Z,26.9,91.5
20260722T133210Z,26.9,91.4
20260722T133225Z,26.9,91.4
20260722T133239Z,26.9,91.5
20260722T133254Z,26.9,91.5
20260722T133309Z,27.0,91.4
20260722T133324Z,27.0,91.4
20260722T133339Z,27.0,91.4
20260722T133354Z,27.0,91.4
20260722T133409Z,27.0,91.4
20260722T133424Z,27.0,91.4
20260722T133439Z,27.0,91.4
20260722T133454Z,27.0,91.4
20260722T133509Z,27.0,91.4
20260722T133524Z,27.0,91.3
20260722T133539Z,27.0,91.4
20260722T133554Z,27.0,91.3
20260722T133609Z,27.0,91.3
20260722T133624Z,27.0,91.3
20260722T133639Z,27.0,91.3
20260722T133654Z,27.0,91.3
20260722T133709Z,27.0,91.3
20260722T133724Z,27.0,91.3
20260722T133739Z,27.0,91.3
20260722T133754Z,27.0,91.3
20260722T133809Z,27.0,91.3
20260722T133824Z,27.0,91.2
20260722T133839Z,27.0,91.3
20260722T133854Z,27.0,91.2
20260722T133909Z,27.1,91.2
20260722T133924Z,27.0,91.2
20260722T133939Z,27.0,91.2
20260722T133954Z,27.1,91.2
20260722T134009Z,27.1,91.2
20260722T134024Z,27.1,91.2
20260722T134039Z,27.1,91.2
20260722T134054Z,27.1,91.2
20260722T134109Z,27.1,91.2
20260722T134124Z,27.1,91.2
20260722T134139Z,27.1,91.1
20260722T134154Z,27.1,91.1
20260722T134209Z,27.1,91.1
20260722T134224Z,27.1,91.1
20260722T134239Z,27.1,91.1
20260722T134254Z,27.1,91.1
20260722T134309Z,27.1,91.1
20260722T134324Z,27.1,91.0
20260722T134339Z,27.1,91.0
20260722T134354Z,27.1,91.0
20260722T134409Z,27.1,91.0
20260722T134424Z,27.1,91.1
20260722T134439Z,27.1,91.1
20260722T134454Z,27.1,91.1
20260722T134509Z,27.1,91.1
20260722T134524Z,27.1,91.0
20260722T134539Z,27.1,91.0
20260722T134554Z,27.2,91.0
20260722T134609Z,27.2,91.0
20260722T134624Z,27.2,90.9
20260722T134639Z,27.1,91.0
20260722T134654Z,27.2,91.0
20260722T134709Z,27.2,90.9
20260722T134724Z,27.2,90.9
20260722T134739Z,27.2,91.0
20260722T134754Z,27.2,90.9
20260722T134809Z,27.2,90.9
20260722T134824Z,27.2,90.9
20260722T134839Z,27.2,90.9
20260722T134854Z,27.2,90.9
20260722T134909Z,27.2,90.9
20260722T134924Z,27.2,90.9
20260722T134939Z,27.2,90.9
20260722T134954Z,27.2,90.9
20260722T135009Z,27.2,90.9
20260722T135024Z,27.2,90.8
20260722T135039Z,27.2,90.9
20260722T135054Z,27.2,90.8
20260722T135109Z,27.2,90.8
20260722T135124Z,27.2,90.8
20260722T135139Z,27.2,90.8
20260722T135154Z,27.2,90.8
20260722T135209Z,27.2,90.8
20260722T135224Z,27.2,90.8
20260722T135239Z,27.2,90.8
20260722T135254Z,27.2,90.8
20260722T135309Z,27.2,90.8
20260722T135324Z,27.2,90.8
20260722T135339Z,27.2,90.8
20260722T135354Z,27.2,90.8
20260722T135409Z,27.2,90.7
20260722T135424Z,27.2,90.7
20260722T135439Z,27.2,90.7
20260722T135454Z,27.2,90.7
20260722T135509Z,27.2,90.7
20260722T135524Z,27.2,90.7
20260722T135539Z,27.2,90.7
20260722T135554Z,27.2,90.7
20260722T135610Z,27.2,90.7
20260722T135625Z,27.2,90.7
20260722T135639Z,27.3,90.6
20260722T135654Z,27.2,90.6
20260722T135709Z,27.2,90.6
20260722T135724Z,27.3,90.6
20260722T135739Z,27.3,90.6
20260722T135754Z,27.3,90.6
20260722T135809Z,27.3,90.6
20260722T135824Z,27.3,90.6
20260722T135839Z,27.3,90.6
20260722T135854Z,27.3,90.6
20260722T135909Z,27.3,90.6
20260722T135924Z,27.3,90.5
20260722T135939Z,27.3,90.5
20260722T135954Z,27.3,90.6
20260722T140009Z,27.3,90.5
20260722T140024Z,27.3,90.5
20260722T140039Z,27.3,90.5
20260722T140054Z,27.3,90.5
20260722T140110Z,27.3,90.5
20260722T140125Z,27.3,90.5
20260722T140139Z,27.3,90.5
20260722T140154Z,27.3,90.5
20260722T140209Z,27.3,90.5
20260722T140224Z,27.3,90.5
20260722T140239Z,27.3,90.5
20260722T140254Z,27.3,90.5
20260722T140309Z,27.3,90.4
20260722T140324Z,27.3,90.4
20260722T140339Z,27.3,90.4
20260722T140354Z,27.3,90.4
20260722T140409Z,27.3,90.4
20260722T140424Z,27.3,90.4
20260722T140439Z,27.3,90.4
20260722T140454Z,27.3,90.4
20260722T140509Z,27.4,90.3
20260722T140524Z,27.4,90.4
20260722T140539Z,27.4,90.3
20260722T140554Z,27.3,90.3
20260722T140609Z,27.3,90.3
20260722T140624Z,27.3,90.3
20260722T140639Z,27.4,90.3
20260722T140654Z,27.4,90.3
20260722T140709Z,27.4,90.3
20260722T140724Z,27.4,90.3
20260722T140739Z,27.4,90.3
20260722T140754Z,27.4,90.3
20260722T140809Z,27.4,90.3
20260722T140824Z,27.4,90.3
20260722T140839Z,27.4,90.3
20260722T140854Z,27.4,90.3
20260722T140909Z,27.4,90.3
20260722T140924Z,27.4,90.3
20260722T140939Z,27.4,90.2
20260722T140954Z,27.4,90.2
20260722T141009Z,27.4,90.2
20260722T141024Z,27.4,90.2
20260722T141039Z,27.4,90.2
20260722T141054Z,27.4,90.2
20260722T141109Z,27.4,90.2
20260722T141124Z,27.4,90.2
20260722T141139Z,27.4,90.2
20260722T141154Z,27.4,90.2
20260722T141209Z,27.4,90.2
20260722T141224Z,27.4,90.2
20260722T141239Z,27.4,90.2
20260722T141254Z,27.4,90.2
20260722T141309Z,27.4,90.2
20260722T141324Z,27.4,90.2
20260722T141339Z,27.4,90.1
20260722T141354Z,27.4,90.1
20260722T141409Z,27.4,90.2
20260722T141424Z,27.4,90.1
20260722T141439Z,27.4,90.1
20260722T141454Z,27.4,90.1
20260722T141509Z,27.4,90.1
20260722T141524Z,27.4,90.1
20260722T141539Z,27.4,90.1
20260722T141554Z,27.4,90.1
20260722T141609Z,27.4,90.1
20260722T141624Z,27.4,90.1
20260722T141639Z,27.4,90.1
20260722T141654Z,27.5,90.1
20260722T141709Z,27.5,90.1
20260722T141724Z,27.5,90.1
20260722T141739Z,27.5,90.0
20260722T141754Z,27.5,90.0
20260722T141809Z,27.5,90.0
20260722T141824Z,27.5,90.0
20260722T141839Z,27.4,90.0
20260722T141854Z,27.5,90.0
20260722T141909Z,27.5,90.0
20260722T141924Z,27.5,90.0
20260722T141939Z,27.5,90.0
20260722T141954Z,27.5,90.0
20260722T142009Z,27.5,90.0
20260722T142024Z,27.5,90.0
20260722T142039Z,27.5,90.0
20260722T142054Z,27.5,90.0
20260722T142109Z,27.5,90.0
20260722T142124Z,27.5,90.0
20260722T142139Z,27.5,90.0
20260722T142154Z,27.5,90.0
20260722T142209Z,27.5,89.9
20260722T142224Z,27.5,89.9
20260722T142239Z,27.5,89.9
20260722T142254Z,27.5,89.9
20260722T142309Z,27.5,89.9
20260722T142324Z,27.5,89.9
20260722T142339Z,27.5,89.9
20260722T142354Z,27.5,89.9
20260722T142409Z,27.5,89.9
20260722T142424Z,27.5,89.9
20260722T142439Z,27.5,89.9
20260722T142454Z,27.5,89.9
20260722T142509Z,27.5,89.9
20260722T142524Z,27.5,89.9
20260722T142539Z,27.5,89.9
20260722T142554Z,27.5,89.9
20260722T142609Z,27.5,89.9
20260722T142624Z,27.5,89.9
20260722T142639Z,27.5,89.9
20260722T142654Z,27.5,89.8
20260722T142709Z,27.5,89.9
20260722T142724Z,27.5,89.9
20260722T142739Z,27.5,89.9
20260722T142755Z,27.5,89.9
20260722T142809Z,27.5,89.9
20260722T142824Z,27.5,89.9
20260722T142839Z,27.5,89.9
20260722T142854Z,27.5,89.8
20260722T142909Z,27.5,89.8
20260722T142924Z,27.5,89.9
20260722T142939Z,27.5,89.8
20260722T142954Z,27.5,89.8
20260722T143009Z,27.5,89.8
20260722T143024Z,27.5,89.8
20260722T143039Z,27.6,89.8
20260722T143054Z,27.5,89.9
20260722T143109Z,27.5,89.8
20260722T143124Z,27.6,89.8
20260722T143139Z,27.5,89.8
20260722T143154Z,27.5,89.8
20260722T143209Z,27.6,89.8
20260722T143224Z,27.6,89.8
20260722T143239Z,27.6,89.8
20260722T143254Z,27.6,89.8
20260722T143309Z,27.6,89.8
20260722T143324Z,27.6,89.8
20260722T143339Z,27.6,89.8
20260722T143354Z,27.6,89.8
20260722T143410Z,27.6,89.8
20260722T143424Z,27.6,89.8
20260722T143440Z,27.6,89.7
20260722T143454Z,27.6,89.7
20260722T143510Z,27.5,88.3
20260722T143524Z,27.5,87.9
20260722T143539Z,27.4,88.0
20260722T143554Z,27.4,87.4
20260722T143610Z,27.3,85.7
20260722T143624Z,27.2,85.1
20260722T143640Z,27.1,84.3
20260722T143654Z,27.0,84.3
20260722T143710Z,26.8,83.5
20260722T143724Z,26.7,82.5
20260722T143740Z,26.5,82.2
20260722T143754Z,26.4,81.9
20260722T143810Z,26.2,82.1
20260722T143824Z,26.1,81.1
20260722T143839Z,26.0,83.2
20260722T143855Z,25.9,84.3
20260722T143911Z,25.8,85.6
20260722T143925Z,25.8,86.6
20260722T143939Z,25.8,86.8
20260722T143954Z,25.8,87.5
20260722T144010Z,25.8,87.7
20260722T144024Z,25.8,88.1
20260722T144040Z,25.8,88.4
20260722T144054Z,25.8,88.7
20260722T144110Z,25.8,89.0
20260722T144124Z,25.9,89.2
20260722T144140Z,25.9,89.6
20260722T144154Z,25.9,89.8
20260722T144210Z,25.9,90.0
20260722T144224Z,25.9,90.5
20260722T144239Z,26.0,90.5
20260722T144254Z,26.0,90.7
20260722T144309Z,26.0,91.0
20260722T144325Z,26.0,91.1
20260722T144339Z,26.0,91.3
20260722T144355Z,26.1,91.5
20260722T144410Z,26.1,91.5
20260722T144424Z,26.1,91.8
20260722T144440Z,26.1,91.9
20260722T144454Z,26.1,92.0
20260722T144509Z,26.2,92.1
20260722T144525Z,26.2,92.2
20260722T144540Z,26.2,92.5
20260722T144554Z,26.2,91.6
20260722T144610Z,26.3,91.8
20260722T144624Z,26.3,90.3
20260722T144640Z,26.3,90.6
20260722T144654Z,26.3,89.0
20260722T144710Z,26.3,87.7
20260722T144724Z,26.2,86.9
20260722T144740Z,26.1,86.3
20260722T144754Z,26.0,84.9
20260722T144810Z,26.0,84.8
20260722T144824Z,25.9,84.0
20260722T144840Z,25.8,83.7
20260722T144854Z,25.7,82.7
20260722T144910Z,25.6,83.0
20260722T144924Z,25.5,82.4
20260722T144939Z,25.5,81.6
20260722T144955Z,25.4,81.9
20260722T145009Z,25.3,80.8
20260722T145025Z,25.3,80.8
20260722T145039Z,25.2,79.1
20260722T145055Z,25.2,79.0
20260722T145109Z,25.1,78.6
20260722T145125Z,25.0,77.4
20260722T145139Z,25.0,76.8
20260722T145154Z,24.9,77.2
20260722T145209Z,24.8,76.0
20260722T145225Z,24.8,76.4
20260722T145239Z,24.8,75.1
20260722T145255Z,24.7,75.3
20260722T145309Z,24.7,74.7
20260722T145325Z,24.7,73.9
20260722T145339Z,24.7,73.8
20260722T145355Z,24.7,72.1
20260722T145409Z,24.7,72.1
20260722T145425Z,24.7,71.4
20260722T145439Z,24.7,71.3
20260722T145454Z,24.7,70.0
20260722T145510Z,24.7,69.4
20260722T145524Z,24.7,68.8
20260722T145540Z,24.7,68.4
20260722T145554Z,24.7,67.4
20260722T145610Z,24.6,66.9
20260722T145624Z,24.5,67.0
20260722T145640Z,24.5,66.5
20260722T145654Z,24.5,66.3
20260722T145710Z,24.4,68.1
20260722T145724Z,24.4,70.1
20260722T145740Z,24.5,71.7
20260722T145755Z,24.5,72.9
20260722T145809Z,24.5,73.6
20260722T145824Z,24.6,73.9
20260722T145839Z,24.6,74.3
20260722T145854Z,24.6,75.2
20260722T145910Z,24.6,75.6
20260722T145924Z,24.6,76.0
20260722T145940Z,24.6,76.7
20260722T145954Z,24.6,77.1
20260722T150010Z,24.7,77.8
20260722T150024Z,24.7,78.1
20260722T150040Z,24.7,78.6
20260722T150054Z,24.7,79.4
20260722T150109Z,24.8,79.6
20260722T150125Z,24.8,80.0
20260722T150139Z,24.8,80.4
20260722T150154Z,24.9,80.7
20260722T150209Z,24.9,80.6
20260722T150225Z,24.9,79.7
20260722T150239Z,24.9,79.2
20260722T150255Z,24.9,78.4
20260722T150310Z,24.9,77.2
20260722T150324Z,24.9,76.8
20260722T150340Z,24.8,76.5
20260722T150354Z,24.8,75.7
20260722T150409Z,24.7,75.6
20260722T150425Z,24.7,74.9
20260722T150439Z,24.7,74.7
20260722T150454Z,24.7,74.0
20260722T150509Z,24.7,73.2
20260722T150525Z,24.7,72.3
20260722T150539Z,24.7,71.4
20260722T150555Z,24.7,70.5
20260722T150609Z,24.7,69.9
20260722T150625Z,24.6,69.5
20260722T150639Z,24.6,69.2
20260722T150655Z,24.6,68.8
20260722T150709Z,24.6,67.8
20260722T150725Z,24.5,67.4
20260722T150739Z,24.5,69.2
20260722T150755Z,24.5,71.0
20260722T150809Z,24.5,73.0
20260722T150824Z,24.5,74.1
20260722T150840Z,24.5,74.4
20260722T150854Z,24.5,74.9
20260722T150910Z,24.5,75.1
20260722T150924Z,24.5,75.9
20260722T150940Z,24.5,76.2
20260722T150954Z,24.5,76.8
20260722T151010Z,24.6,77.2
20260722T151024Z,24.6,77.6
20260722T151040Z,24.6,78.1
20260722T151054Z,24.6,78.6
20260722T151109Z,24.6,78.7
20260722T151124Z,24.7,79.6
20260722T151140Z,24.7,79.9
20260722T151154Z,24.7,80.4
20260722T151210Z,24.7,80.6
20260722T151224Z,24.8,81.1
20260722T151240Z,24.8,81.4
20260722T151254Z,24.8,81.6
20260722T151310Z,24.9,81.4
20260722T151324Z,24.9,80.5
20260722T151340Z,24.9,80.0
20260722T151354Z,24.9,79.2
20260722T151410Z,24.9,78.3
20260722T151424Z,24.8,77.7
20260722T151440Z,24.8,77.2
20260722T151455Z,24.8,76.3
20260722T151510Z,24.7,76.7
20260722T151524Z,24.7,75.1
20260722T151539Z,24.6,75.3
20260722T151555Z,24.6,74.2
20260722T151610Z,24.5,74.2
20260722T151624Z,24.5,73.3
20260722T151639Z,24.5,72.5
20260722T151655Z,24.5,71.9
20260722T151710Z,24.5,71.4
20260722T151725Z,24.5,70.0
20260722T151739Z,24.5,69.9
20260722T151754Z,24.4,69.3
20260722T151811Z,24.4,69.2
20260722T151825Z,24.4,70.6
20260722T151840Z,24.4,72.3
20260722T151854Z,24.4,74.0
20260722T151911Z,24.4,74.5
20260722T151925Z,24.4,74.5
20260722T151940Z,24.5,75.9
20260722T151954Z,24.5,76.4
20260722T152011Z,24.5,77.2
20260722T152025Z,24.5,77.8
20260722T152040Z,24.5,78.2
20260722T152054Z,24.6,78.7
20260722T152109Z,24.6,79.2
20260722T152124Z,24.6,79.5
20260722T152139Z,24.6,80.1
20260722T152155Z,24.7,80.5
20260722T152209Z,24.7,80.8
20260722T152225Z,24.7,81.1
20260722T152239Z,24.8,81.7
20260722T152255Z,24.8,81.9
20260722T152310Z,24.8,82.1
20260722T152324Z,24.9,82.5
20260722T152340Z,24.9,82.8
20260722T152354Z,24.9,83.1
20260722T152409Z,24.9,83.3
20260722T152425Z,25.0,83.8
20260722T152440Z,25.0,83.9
20260722T152455Z,25.1,84.3
20260722T152510Z,25.1,84.5
20260722T152525Z,25.1,84.7
20260722T152539Z,25.1,85.1
20260722T152555Z,25.2,85.2
20260722T152609Z,25.2,85.4
20260722T152625Z,25.2,85.6
20260722T152639Z,25.3,86.0
20260722T152654Z,25.3,86.2
20260722T152709Z,25.3,86.3
20260722T152724Z,25.3,86.6
20260722T152740Z,25.4,86.9
20260722T152754Z,25.4,87.0
20260722T152809Z,25.4,87.2
20260722T152825Z,25.4,87.3
20260722T152839Z,25.5,87.6
20260722T152855Z,25.5,87.6
20260722T152909Z,25.5,88.1
20260722T152925Z,25.5,88.1
20260722T152939Z,25.6,88.3
20260722T152955Z,25.6,88.3
20260722T153011Z,25.6,88.6
20260722T153025Z,25.6,88.7
20260722T153040Z,25.6,88.9
20260722T153055Z,25.6,89.2
20260722T153110Z,25.6,89.2
20260722T153125Z,25.7,89.4
20260722T153140Z,25.7,89.6
20260722T153154Z,25.7,89.6
20260722T153210Z,25.7,89.6
20260722T153224Z,25.8,89.8
20260722T153240Z,25.8,90.0
20260722T153254Z,25.8,90.1
20260722T153310Z,25.8,90.1
20260722T153325Z,25.8,90.2
20260722T153340Z,25.9,90.4
20260722T153355Z,25.9,90.4
20260722T153410Z,25.9,90.7
20260722T153425Z,25.9,90.5
20260722T153440Z,25.9,90.7
20260722T153455Z,26.0,90.9
20260722T153510Z,25.9,90.8
20260722T153524Z,26.0,90.8
20260722T153540Z,26.0,91.0
20260722T153554Z,26.0,91.1
20260722T153610Z,26.0,91.2
20260722T153625Z,26.0,91.4
20260722T153640Z,26.0,91.4
20260722T153655Z,26.1,91.3
20260722T153710Z,26.1,91.5
20260722T153725Z,26.1,91.5
20260722T153740Z,26.1,91.5
20260722T153755Z,26.1,91.6
20260722T153810Z,26.1,91.6
20260722T153825Z,26.1,91.7
20260722T153840Z,26.1,91.8
20260722T153855Z,26.2,91.8
20260722T153910Z,26.2,91.8
20260722T153925Z,26.2,91.8
20260722T153940Z,26.2,91.9
20260722T153955Z,26.2,91.9
20260722T154010Z,26.2,91.9
20260722T154025Z,26.2,91.9
20260722T154040Z,26.3,92.1
20260722T154055Z,26.3,92.1
20260722T154110Z,26.3,92.1
20260722T154125Z,26.3,92.1
20260722T154140Z,26.3,92.0
20260722T154155Z,26.3,92.1
20260722T154210Z,26.3,92.1
20260722T154225Z,26.3,92.1
20260722T154240Z,26.4,92.2
20260722T154255Z,26.4,92.2
20260722T154310Z,26.4,92.2
20260722T154325Z,26.4,92.3
20260722T154340Z,26.4,92.1
20260722T154355Z,26.4,92.2
20260722T154410Z,26.4,92.2
20260722T154425Z,26.4,92.3
20260722T154440Z,26.5,92.0
20260722T154455Z,26.4,90.7
20260722T154510Z,26.4,89.8
20260722T154525Z,26.4,89.1
20260722T154540Z,26.3,88.4
20260722T154555Z,26.3,86.9
20260722T154610Z,26.2,86.1
20260722T154625Z,26.0,85.4
20260722T154640Z,25.9,85.3
20260722T154655Z,25.8,84.3
20260722T154710Z,25.7,83.8
20260722T154725Z,25.6,83.0
20260722T154740Z,25.4,82.7
20260722T154755Z,25.3,82.4
20260722T154810Z,25.2,81.7
20260722T154825Z,25.1,81.3
20260722T154840Z,25.1,80.8
20260722T154855Z,25.0,80.2
20260722T154910Z,24.9,79.6
20260722T154925Z,24.9,78.1
20260722T154940Z,24.8,77.8
20260722T154955Z,24.7,77.8
20260722T155010Z,24.6,77.2
20260722T155025Z,24.6,76.8
20260722T155040Z,24.6,75.2
20260722T155055Z,24.5,75.2
20260722T155110Z,24.4,73.7
20260722T155125Z,24.4,73.7
20260722T155140Z,24.3,73.0
20260722T155155Z,24.3,72.9
20260722T155210Z,24.3,71.8
20260722T155225Z,24.2,71.2
20260722T155240Z,24.2,70.8
20260722T155255Z,24.2,70.7
20260722T155310Z,24.2,72.4
20260722T155325Z,24.2,73.7
20260722T155340Z,24.3,75.5
20260722T155355Z,24.3,76.3
20260722T155410Z,24.3,76.6
20260722T155425Z,24.3,77.4
20260722T155440Z,24.3,77.8
20260722T155455Z,24.3,78.3
20260722T155510Z,24.3,78.8
20260722T155525Z,24.4,78.8
20260722T155540Z,24.4,79.2
20260722T155555Z,24.4,79.9
20260722T155610Z,24.4,80.3
20260722T155625Z,24.4,80.7
20260722T155640Z,24.5,81.2
20260722T155655Z,24.5,81.7
20260722T155710Z,24.5,82.2
20260722T155725Z,24.5,82.6
20260722T155740Z,24.6,83.0
20260722T155755Z,24.6,83.1
20260722T155810Z,24.6,83.4
20260722T155825Z,24.6,83.9
20260722T155840Z,24.7,84.1
20260722T155855Z,24.7,84.5
20260722T155910Z,24.7,84.0
20260722T155925Z,24.8,83.8
20260722T155940Z,24.8,82.8
20260722T155955Z,24.8,82.6
20260722T160010Z,24.8,81.2
20260722T160025Z,24.7,79.9
20260722T160040Z,24.7,79.2
20260722T160055Z,24.6,79.4
20260722T160110Z,24.6,78.9
20260722T160125Z,24.6,77.6
20260722T160140Z,24.5,77.1
20260722T160155Z,24.5,75.9
20260722T160210Z,24.4,75.7
20260722T160225Z,24.4,74.8
20260722T160240Z,24.3,74.3
20260722T160255Z,24.3,73.6
20260722T160310Z,24.3,73.0
20260722T160325Z,24.3,72.1
20260722T160340Z,24.3,71.5
20260722T160355Z,24.2,72.5
20260722T160410Z,24.2,74.1
20260722T160425Z,24.3,76.3
20260722T160440Z,24.3,76.7
20260722T160455Z,24.3,77.2
20260722T160511Z,24.3,77.8
20260722T160525Z,24.3,78.0
20260722T160540Z,24.3,78.4
20260722T160555Z,24.3,78.7
20260722T160610Z,24.3,79.6
20260722T160625Z,24.3,79.8
20260722T160640Z,24.3,80.3
20260722T160655Z,24.3,80.5
20260722T160710Z,24.4,81.1
20260722T160725Z,24.4,81.8
20260722T160740Z,24.4,82.0
20260722T160755Z,24.4,82.4
20260722T160810Z,24.4,82.4
20260722T160825Z,24.5,82.8
20260722T160840Z,24.5,83.2
20260722T160855Z,24.5,83.7
20260722T160910Z,24.6,83.9
20260722T160925Z,24.6,84.9
20260722T160940Z,24.6,84.9
20260722T160955Z,24.7,85.4
20260722T161010Z,24.7,84.8
20260722T161025Z,24.7,85.2
20260722T161040Z,24.8,84.5
20260722T161055Z,24.8,83.4
20260722T161110Z,24.8,82.8
20260722T161125Z,24.8,81.8
20260722T161140Z,24.7,81.4
20260722T161155Z,24.7,80.4
20260722T161210Z,24.6,79.5
20260722T161225Z,24.6,79.4
20260722T161240Z,24.5,78.6
20260722T161255Z,24.5,78.2
20260722T161310Z,24.4,77.8
20260722T161325Z,24.4,77.4
20260722T161340Z,24.4,76.5
20260722T161355Z,24.3,76.1
20260722T161410Z,24.3,75.4
20260722T161425Z,24.4,74.5
20260722T161440Z,24.4,73.7
20260722T161455Z,24.4,72.9
20260722T161510Z,24.4,72.4
20260722T161525Z,24.4,71.8
20260722T161540Z,24.4,72.1
20260722T161555Z,24.5,73.5
20260722T161610Z,24.4,74.5
20260722T161625Z,24.5,76.3
20260722T161640Z,24.4,77.0
20260722T161655Z,24.4,77.4
20260722T161710Z,24.4,77.5
20260722T161725Z,24.4,78.1
20260722T161740Z,24.4,78.6
20260722T161755Z,24.4,79.3
20260722T161810Z,24.4,79.5
20260722T161825Z,24.4,80.1
20260722T161840Z,24.4,80.7
20260722T161855Z,24.4,80.9
20260722T161910Z,24.4,81.4
20260722T161925Z,24.4,82.0
20260722T161940Z,24.4,82.4
20260722T161955Z,24.5,82.5
20260722T162010Z,24.5,82.9
20260722T162025Z,24.5,83.2
20260722T162040Z,24.6,83.7
20260722T162055Z,24.6,83.9
20260722T162110Z,24.6,84.0
20260722T162125Z,24.6,84.3
20260722T162140Z,24.7,85.0
20260722T162155Z,24.7,85.1
20260722T162210Z,24.8,85.3
20260722T162225Z,24.8,85.0
20260722T162240Z,24.8,85.2
20260722T162255Z,24.8,83.5
20260722T162310Z,24.8,83.0
20260722T162325Z,24.8,82.0
20260722T162340Z,24.7,81.6
20260722T162355Z,24.7,80.6
20260722T162410Z,24.6,80.6
20260722T162425Z,24.6,79.9
20260722T162440Z,24.6,79.1
20260722T162455Z,24.6,78.5
20260722T162510Z,24.5,77.8
20260722T162525Z,24.5,77.0
20260722T162540Z,24.5,76.3
20260722T162555Z,24.5,75.9
20260722T162610Z,24.4,74.8
20260722T162625Z,24.4,74.2
20260722T162640Z,24.4,73.2
20260722T162655Z,24.4,72.4
20260722T162710Z,24.4,72.0
20260722T162725Z,24.3,72.9
20260722T162740Z,24.3,74.6
20260722T162755Z,24.3,76.0
20260722T162810Z,24.3,77.3
20260722T162825Z,24.3,77.7
20260722T162840Z,24.3,77.9
20260722T162855Z,24.3,78.5
20260722T162910Z,24.3,79.1
20260722T162925Z,24.2,79.6
20260722T162940Z,24.2,80.3
20260722T162955Z,24.2,80.5
20260722T163010Z,24.2,80.7
20260722T163025Z,24.3,81.0
20260722T163040Z,24.3,81.5
20260722T163055Z,24.3,81.9
20260722T163110Z,24.4,82.1
20260722T163125Z,24.4,82.7
20260722T163140Z,24.4,83.1
20260722T163155Z,24.5,83.3
20260722T163210Z,24.5,83.5
20260722T163225Z,24.5,84.0
20260722T163240Z,24.6,84.2
20260722T163255Z,24.6,84.4
20260722T163310Z,24.6,84.8
20260722T163325Z,24.6,85.1
20260722T163340Z,24.7,85.4
20260722T163355Z,24.7,85.5
20260722T163410Z,24.7,85.6
20260722T163425Z,24.8,85.9
20260722T163440Z,24.8,85.7
20260722T163455Z,24.8,85.9
20260722T163510Z,24.8,84.2
20260722T163525Z,24.8,83.7
20260722T163540Z,24.8,82.9
20260722T163555Z,24.7,82.3
20260722T163610Z,24.7,81.5
20260722T163625Z,24.6,80.7
20260722T163640Z,24.6,80.2
20260722T163655Z,24.5,79.7
20260722T163711Z,24.5,78.6
20260722T163725Z,24.4,78.3
20260722T163740Z,24.3,77.8
20260722T163755Z,24.3,77.2
20260722T163810Z,24.3,76.5
20260722T163825Z,24.2,75.4
20260722T163840Z,24.2,74.8
20260722T163855Z,24.2,74.3
20260722T163910Z,24.2,73.7
20260722T163925Z,24.1,73.7
20260722T163940Z,24.1,75.4
20260722T163955Z,24.1,76.9
20260722T164010Z,24.1,78.0
20260722T164025Z,24.1,78.8
20260722T164040Z,24.1,79.3
20260722T164055Z,24.1,79.6
20260722T164110Z,24.1,79.9
20260722T164125Z,24.1,80.2
20260722T164140Z,24.1,80.6
20260722T164155Z,24.1,81.1
20260722T164210Z,24.1,81.4
20260722T164225Z,24.2,81.9
20260722T164240Z,24.2,82.2
20260722T164255Z,24.2,82.6
20260722T164310Z,24.3,83.0
20260722T164325Z,24.3,83.2
20260722T164340Z,24.3,83.4
20260722T164355Z,24.4,83.7
20260722T164410Z,24.4,83.9
20260722T164425Z,24.5,84.4
20260722T164440Z,24.5,84.8
20260722T164455Z,24.5,85.1
20260722T164510Z,24.5,85.3
20260722T164525Z,24.6,85.5
20260722T164540Z,24.6,85.8
20260722T164555Z,24.6,86.2
20260722T164610Z,24.7,86.2
20260722T164625Z,24.7,86.5
20260722T164640Z,24.7,86.6
20260722T164655Z,24.8,85.9
20260722T164710Z,24.8,85.8
20260722T164725Z,24.8,84.6
20260722T164740Z,24.7,84.0
20260722T164755Z,24.7,83.1
20260722T164810Z,24.7,82.3
20260722T164825Z,24.6,82.2
20260722T164840Z,24.6,81.0
20260722T164855Z,24.5,80.0
20260722T164910Z,24.5,79.9
20260722T164925Z,24.4,79.0
20260722T164940Z,24.3,78.2
20260722T164955Z,24.3,78.3
20260722T165010Z,24.2,76.7
20260722T165025Z,24.2,76.4
20260722T165040Z,24.1,75.9
20260722T165055Z,24.1,75.1
20260722T165110Z,24.0,74.5
20260722T165125Z,24.0,73.8
20260722T165140Z,23.9,74.6
20260722T165155Z,23.9,76.1
20260722T165210Z,23.9,77.2
20260722T165225Z,23.9,78.9
20260722T165240Z,23.9,80.0
20260722T165255Z,23.9,80.2
20260722T165310Z,23.9,80.3
20260722T165325Z,23.9,80.4
20260722T165340Z,24.0,80.6
20260722T165355Z,24.0,81.0
20260722T165410Z,24.0,81.5
20260722T165425Z,24.1,82.0
20260722T165440Z,24.1,82.3
20260722T165455Z,24.1,82.8
20260722T165510Z,24.2,82.9
20260722T165525Z,24.2,83.5
20260722T165540Z,24.2,83.7
20260722T165555Z,24.2,84.0
20260722T165610Z,24.3,84.1
20260722T165625Z,24.3,84.6
20260722T165640Z,24.4,84.9
20260722T165655Z,24.4,84.8
20260722T165710Z,24.4,85.3
20260722T165725Z,24.5,85.2
20260722T165740Z,24.5,85.5
20260722T165755Z,24.5,86.0
20260722T165810Z,24.6,86.2
20260722T165825Z,24.6,86.4
20260722T165840Z,24.6,86.6
20260722T165855Z,24.7,86.8
20260722T165910Z,24.7,87.1
20260722T165925Z,24.7,86.7
20260722T165940Z,24.8,86.8
20260722T165955Z,24.7,85.4
20260722T170010Z,24.7,84.9
20260722T170025Z,24.7,84.0
20260722T170040Z,24.7,82.9
20260722T170055Z,24.6,82.4
20260722T170110Z,24.6,82.0
20260722T170125Z,24.5,80.8
20260722T170140Z,24.4,80.4
20260722T170155Z,24.4,79.5
20260722T170210Z,24.3,79.0
20260722T170225Z,24.2,78.1
20260722T170240Z,24.2,78.0
20260722T170255Z,24.2,77.3
20260722T170310Z,24.1,76.5
20260722T170325Z,24.1,75.9
20260722T170340Z,24.1,75.0
20260722T170355Z,24.0,73.9
20260722T170410Z,24.0,75.4
20260722T170425Z,24.0,76.6
20260722T170440Z,23.9,78.1
20260722T170455Z,23.9,79.1
20260722T170510Z,23.9,80.2
20260722T170525Z,23.9,80.3
20260722T170540Z,24.0,80.3
20260722T170555Z,24.0,81.0
20260722T170610Z,24.0,81.3
20260722T170625Z,24.0,81.6
20260722T170640Z,24.0,82.3
20260722T170655Z,24.1,82.4
20260722T170710Z,24.1,82.7
20260722T170725Z,24.1,83.0
20260722T170740Z,24.2,83.3
20260722T170755Z,24.2,83.8
20260722T170810Z,24.2,84.0
20260722T170825Z,24.3,84.3
20260722T170840Z,24.3,84.7
20260722T170855Z,24.3,84.8
20260722T170910Z,24.4,85.2
20260722T170925Z,24.4,85.2
20260722T170940Z,24.4,85.4
20260722T170955Z,24.5,85.8
20260722T171010Z,24.5,86.2
20260722T171025Z,24.5,86.4
20260722T171040Z,24.6,86.5
20260722T171055Z,24.6,86.7
20260722T171110Z,24.6,87.1
20260722T171125Z,24.6,87.0
20260722T171140Z,24.7,87.4
20260722T171155Z,24.7,87.3
20260722T171210Z,24.7,87.1
20260722T171225Z,24.7,85.5
20260722T171240Z,24.7,84.9
20260722T171255Z,24.7,84.1
20260722T171310Z,24.6,83.4
20260722T171325Z,24.6,83.5
20260722T171340Z,24.6,82.1
20260722T171355Z,24.5,81.2
20260722T171410Z,24.5,81.1
20260722T171425Z,24.4,80.4
20260722T171440Z,24.4,79.4
20260722T171455Z,24.3,78.5
20260722T171510Z,24.3,77.8
20260722T171525Z,24.2,77.5
20260722T171540Z,24.2,76.7
20260722T171555Z,24.2,76.1
20260722T171610Z,24.1,75.4
20260722T171625Z,24.1,74.5
20260722T171640Z,24.1,75.6
20260722T171655Z,24.1,77.1
20260722T171711Z,24.0,78.2
20260722T171725Z,24.0,79.3
20260722T171740Z,24.0,79.9
20260722T171755Z,24.0,80.3
20260722T171810Z,24.0,80.7
20260722T171825Z,24.0,80.8
20260722T171840Z,24.0,81.3
20260722T171855Z,24.0,81.5
20260722T171910Z,24.1,82.1
20260722T171925Z,24.1,82.3
20260722T171940Z,24.1,82.7
20260722T171955Z,24.1,83.1
20260722T172010Z,24.2,83.4
20260722T172025Z,24.2,83.7
20260722T172040Z,24.2,84.3
20260722T172055Z,24.3,84.4
20260722T172110Z,24.3,84.7
20260722T172125Z,24.3,85.0
20260722T172140Z,24.4,85.2
20260722T172155Z,24.4,85.5
20260722T172210Z,24.4,85.7
20260722T172225Z,24.5,86.0
20260722T172240Z,24.5,86.1
20260722T172255Z,24.5,86.6
20260722T172310Z,24.5,86.7
20260722T172325Z,24.5,86.8
20260722T172340Z,24.6,87.1
20260722T172355Z,24.6,87.2
20260722T172410Z,24.7,87.4
20260722T172425Z,24.7,87.7
20260722T172440Z,24.7,87.8
20260722T172455Z,24.7,87.2
20260722T172510Z,24.7,86.6
20260722T172525Z,24.7,85.4
20260722T172540Z,24.7,84.8
20260722T172555Z,24.7,85.0
20260722T172610Z,24.7,84.2
20260722T172625Z,24.6,83.0
20260722T172640Z,24.6,82.3
20260722T172655Z,24.5,81.8
20260722T172710Z,24.5,81.4
20260722T172725Z,24.5,80.3
20260722T172740Z,24.4,79.3
20260722T172755Z,24.3,79.4
20260722T172810Z,24.3,79.1
20260722T172825Z,24.3,78.5
20260722T172840Z,24.2,77.3
20260722T172855Z,24.2,76.3
20260722T172910Z,24.2,76.4
20260722T172925Z,24.2,75.2
20260722T172940Z,24.2,74.6
20260722T172955Z,24.2,73.6
20260722T173011Z,24.2,74.7
20260722T173026Z,24.2,76.1
20260722T173040Z,24.2,78.1
20260722T173055Z,24.2,78.7
20260722T173110Z,24.1,79.2
20260722T173125Z,24.1,79.8
20260722T173140Z,24.1,80.1
20260722T173155Z,24.1,80.5
20260722T173211Z,24.1,81.1
20260722T173226Z,24.0,81.3
20260722T173240Z,24.0,81.8
20260722T173255Z,24.1,82.1
20260722T173310Z,24.1,82.6
20260722T173325Z,24.1,83.1
20260722T173340Z,24.1,83.3
20260722T173355Z,24.1,83.5
20260722T173410Z,24.2,83.8
20260722T173425Z,24.2,84.3
20260722T173440Z,24.3,84.5
20260722T173455Z,24.3,84.7
20260722T173510Z,24.3,85.1
20260722T173525Z,24.4,85.4
20260722T173540Z,24.4,85.6
20260722T173555Z,24.4,85.7
20260722T173610Z,24.5,86.2
20260722T173625Z,24.5,86.5
20260722T173640Z,24.5,86.7
20260722T173655Z,24.5,86.6
20260722T173710Z,24.6,87.0
20260722T173725Z,24.6,87.5
20260722T173740Z,24.6,87.3
20260722T173755Z,24.6,87.5
20260722T173810Z,24.7,87.8
20260722T173825Z,24.7,87.9
20260722T173840Z,24.7,87.3
20260722T173855Z,24.7,86.9
20260722T173910Z,24.7,85.8
20260722T173925Z,24.7,85.2
20260722T173940Z,24.7,83.8
20260722T173955Z,24.6,83.2
20260722T174010Z,24.6,82.3
20260722T174025Z,24.5,81.8
20260722T174040Z,24.4,81.0
20260722T174055Z,24.3,80.4
20260722T174110Z,24.2,79.5
20260722T174125Z,24.2,80.1
20260722T174140Z,24.2,79.4
20260722T174155Z,24.1,78.7
20260722T174210Z,24.1,77.8
20260722T174225Z,24.1,76.7
20260722T174240Z,24.1,75.7
20260722T174255Z,24.0,75.0
20260722T174310Z,24.0,75.7
20260722T174325Z,24.0,77.6
20260722T174340Z,24.0,79.0
20260722T174355Z,24.0,79.8
20260722T174410Z,23.9,80.7
20260722T174425Z,23.9,80.7
20260722T174440Z,24.0,81.4
20260722T174455Z,23.9,81.5
20260722T174510Z,23.9,82.2
20260722T174525Z,24.0,82.4
20260722T174540Z,24.0,82.7
20260722T174555Z,24.0,83.2
20260722T174610Z,24.0,83.4
20260722T174625Z,24.0,83.8
20260722T174640Z,24.1,83.8
20260722T174655Z,24.1,84.3
20260722T174709Z,24.1,84.7
20260722T174726Z,24.2,84.8
20260722T174740Z,24.2,85.1
20260722T174755Z,24.2,85.5
20260722T174810Z,24.3,85.7
20260722T174825Z,24.3,85.9
20260722T174840Z,24.4,86.3
20260722T174855Z,24.4,86.4
20260722T174910Z,24.4,86.8
20260722T174925Z,24.4,86.8
20260722T174940Z,24.5,87.1
20260722T174955Z,24.5,87.4
20260722T175010Z,24.5,87.4
20260722T175025Z,24.6,87.9
20260722T175040Z,24.6,87.7
20260722T175055Z,24.7,87.7
20260722T175110Z,24.7,87.9
20260722T175125Z,24.7,88.0
20260722T175140Z,24.8,88.2
20260722T175155Z,24.8,88.3
20260722T175210Z,24.8,88.4
20260722T175225Z,24.8,88.6
20260722T175240Z,24.9,88.6
20260722T175255Z,24.9,88.8
20260722T175310Z,24.9,88.8
20260722T175325Z,24.9,88.9
20260722T175340Z,24.9,89.2
20260722T175355Z,24.9,89.2
20260722T175410Z,24.9,89.2
20260722T175425Z,25.0,89.4
20260722T175440Z,25.0,89.5
20260722T175455Z,25.0,89.6
20260722T175510Z,25.0,89.7
20260722T175525Z,25.1,89.9
20260722T175540Z,25.1,89.7
20260722T175555Z,25.1,90.0
20260722T175610Z,25.1,89.8
20260722T175625Z,25.1,90.1
20260722T175640Z,25.1,90.2
20260722T175655Z,25.2,90.4
20260722T175710Z,25.2,90.3
20260722T175725Z,25.2,90.4
20260722T175740Z,25.2,90.6
20260722T175755Z,25.2,90.4
20260722T175810Z,25.2,90.6
20260722T175825Z,25.2,90.8
20260722T175840Z,25.3,90.9
20260722T175855Z,25.3,90.9
20260722T175910Z,25.3,90.8
20260722T175925Z,25.3,91.1
20260722T175940Z,25.3,91.1
20260722T175955Z,25.3,91.1
20260722T180010Z,25.3,91.1
20260722T180025Z,25.4,91.2
20260722T180040Z,25.4,91.5
20260722T180055Z,25.4,91.5
20260722T180110Z,25.4,91.5
20260722T180125Z,25.4,91.5
20260722T180140Z,25.4,91.6
20260722T180155Z,25.4,91.6
20260722T180210Z,25.5,91.8
20260722T180225Z,25.5,91.8
20260722T180240Z,25.5,91.8
20260722T180255Z,25.5,91.9
20260722T180310Z,25.5,91.9
20260722T180325Z,25.5,91.9
20260722T180340Z,25.5,91.9
20260722T180355Z,25.5,92.1
20260722T180410Z,25.5,92.1
20260722T180425Z,25.6,92.2
20260722T180440Z,25.6,92.3
20260722T180455Z,25.6,92.2
20260722T180510Z,25.6,92.3
20260722T180525Z,25.6,92.3
20260722T180540Z,25.6,92.3
20260722T180555Z,25.6,92.5
20260722T180610Z,25.6,92.5
20260722T180625Z,25.6,92.5
20260722T180640Z,25.6,92.7
20260722T180655Z,25.7,92.6
20260722T180710Z,25.7,92.4
20260722T180725Z,25.7,92.5
20260722T180740Z,25.7,92.5
20260722T180755Z,25.7,92.7
20260722T180810Z,25.7,92.6
20260722T180825Z,25.7,92.5
20260722T180840Z,25.7,92.5
20260722T180855Z,25.8,92.7
20260722T180910Z,25.8,92.7
20260722T180925Z,25.8,92.7
20260722T180940Z,25.8,92.8
20260722T180955Z,25.8,92.7
20260722T181010Z,25.8,92.8
20260722T181025Z,25.8,92.7
20260722T181040Z,25.8,92.7
20260722T181055Z,25.9,92.8
20260722T181110Z,25.9,92.9
20260722T181125Z,25.9,92.9
20260722T181140Z,25.9,92.9
20260722T181155Z,25.9,92.9
20260722T181210Z,25.9,93.0
20260722T181225Z,25.9,93.0
20260722T181240Z,25.9,93.0
20260722T181255Z,25.9,93.0
20260722T181310Z,25.9,92.8
20260722T181325Z,25.9,92.9
20260722T181340Z,26.0,92.9
20260722T181355Z,26.0,93.0
20260722T181410Z,26.0,93.0
20260722T181425Z,26.0,93.0
20260722T181440Z,26.0,93.1
20260722T181455Z,26.0,93.1
20260722T181510Z,26.0,93.1
20260722T181525Z,26.0,93.2
20260722T181540Z,26.0,93.2
20260722T181555Z,26.0,93.1
20260722T181610Z,26.0,93.1
20260722T181625Z,26.0,93.2
20260722T181640Z,26.0,93.3
20260722T181655Z,26.0,93.2
20260722T181710Z,26.1,93.2
20260722T181725Z,26.1,93.2
20260722T181740Z,26.1,93.2
20260722T181755Z,26.1,93.2
20260722T181810Z,26.1,93.3
20260722T181825Z,26.1,93.3
20260722T181840Z,26.1,93.2
20260722T181855Z,26.1,93.2
20260722T181910Z,26.1,93.2
20260722T181925Z,26.1,93.3
20260722T181940Z,26.1,93.3
20260722T181955Z,26.1,93.2
20260722T182010Z,26.1,93.2
20260722T182025Z,26.1,93.3
20260722T182040Z,26.2,93.3
20260722T182055Z,26.2,93.2
20260722T182110Z,26.2,93.2
20260722T182125Z,26.2,93.2
20260722T182140Z,26.2,93.2
20260722T182155Z,26.2,93.2
20260722T182210Z,26.2,93.3
20260722T182225Z,26.2,93.2
20260722T182240Z,26.2,93.2
20260722T182255Z,26.2,93.2
20260722T182310Z,26.2,93.2
20260722T182325Z,26.2,93.2
20260722T182340Z,26.3,93.2
20260722T182355Z,26.3,93.2
20260722T182410Z,26.3,93.3
20260722T182425Z,26.3,93.2
20260722T182440Z,26.3,93.2
20260722T182455Z,26.3,93.2
20260722T182510Z,26.3,93.2
20260722T182525Z,26.3,93.2
20260722T182540Z,26.3,93.1
20260722T182555Z,26.3,93.3
20260722T182611Z,26.3,93.2
20260722T182626Z,26.3,93.2
20260722T182640Z,26.3,93.1
20260722T182656Z,26.3,93.1
20260722T182710Z,26.3,93.2
20260722T182725Z,26.3,93.2
20260722T182740Z,26.4,93.2
20260722T182755Z,26.4,93.1
20260722T182810Z,26.4,93.1
20260722T182826Z,26.4,93.1
20260722T182841Z,26.4,93.1
20260722T182855Z,26.4,93.0
20260722T182911Z,26.4,93.1
20260722T182926Z,26.4,93.1
20260722T182940Z,26.4,93.1
20260722T182955Z,26.4,93.1
20260722T183011Z,26.4,93.0
20260722T183025Z,26.5,93.0
20260722T183040Z,26.4,93.1
20260722T183055Z,26.5,93.0
20260722T183110Z,26.4,93.0
20260722T183125Z,26.5,93.0
20260722T183141Z,26.5,93.0
20260722T183155Z,26.5,93.0
20260722T183211Z,26.5,93.0
20260722T183226Z,26.5,93.0
20260722T183240Z,26.5,93.0
20260722T183256Z,26.5,93.0
20260722T183310Z,26.5,93.0
20260722T183326Z,26.5,93.0
20260722T183340Z,26.5,93.0
20260722T183356Z,26.5,93.0
20260722T183410Z,26.5,92.9
20260722T183426Z,26.5,93.0
20260722T183440Z,26.5,93.0
20260722T183456Z,26.5,93.0
20260722T183510Z,26.5,93.0
20260722T183525Z,26.5,93.0
20260722T183540Z,26.5,92.9
20260722T183556Z,26.6,93.0
20260722T183610Z,26.6,93.0
20260722T183626Z,26.6,93.0
20260722T183640Z,26.6,92.9
20260722T183656Z,26.6,92.9
20260722T183710Z,26.6,92.8
20260722T183726Z,26.6,92.9
20260722T183740Z,26.6,92.8
20260722T183756Z,26.6,92.9
20260722T183811Z,26.6,92.9
20260722T183826Z,26.6,92.8
20260722T183840Z,26.6,92.9
20260722T183856Z,26.6,92.0
20260722T183910Z,26.6,91.7
20260722T183926Z,26.6,90.9
20260722T183940Z,26.6,90.4
20260722T183956Z,26.5,89.2
20260722T184010Z,26.4,87.8
20260722T184026Z,26.4,87.5
20260722T184040Z,26.3,88.2
20260722T184056Z,26.3,87.0
20260722T184110Z,26.2,84.9
20260722T184126Z,26.1,84.1
20260722T184140Z,26.1,83.9
20260722T184155Z,26.0,82.6
20260722T184210Z,25.9,81.3
20260722T184226Z,25.8,81.1
20260722T184240Z,25.7,79.9
20260722T184256Z,25.6,79.1
20260722T184310Z,25.5,78.6
20260722T184326Z,25.4,78.6
20260722T184340Z,25.3,80.8
20260722T184356Z,25.3,82.4
20260722T184410Z,25.3,83.6
20260722T184426Z,25.3,85.1
20260722T184440Z,25.3,85.4
20260722T184456Z,25.3,85.9
20260722T184510Z,25.3,85.9
20260722T184526Z,25.3,85.9
20260722T184540Z,25.3,86.0
20260722T184556Z,25.3,86.2
20260722T184610Z,25.3,86.7
20260722T184626Z,25.3,87.1
20260722T184640Z,25.3,87.1
20260722T184656Z,25.3,87.3
20260722T184710Z,25.3,87.5
20260722T184726Z,25.3,87.9
20260722T184740Z,25.3,88.0
20260722T184755Z,25.3,88.2
20260722T184811Z,25.4,88.3
20260722T184825Z,25.4,88.4
20260722T184841Z,25.4,88.6
20260722T184855Z,25.4,88.9
20260722T184911Z,25.5,89.0
20260722T184925Z,25.5,89.2
20260722T184941Z,25.5,89.4
20260722T184955Z,25.5,89.6
20260722T185011Z,25.5,89.7
20260722T185025Z,25.5,89.8
20260722T185041Z,25.6,90.0
20260722T185056Z,25.6,89.8
20260722T185111Z,25.6,90.2
20260722T185126Z,25.6,90.3
20260722T185140Z,25.6,90.5
20260722T185156Z,25.6,90.7
20260722T185210Z,25.7,90.6
20260722T185226Z,25.7,90.9
20260722T185240Z,25.7,90.9
20260722T185256Z,25.7,91.1
20260722T185310Z,25.7,91.0
20260722T185326Z,25.7,91.1
20260722T185340Z,25.7,91.3
20260722T185356Z,25.8,91.3
20260722T185410Z,25.8,91.5
20260722T185426Z,25.8,91.7
20260722T185441Z,25.8,91.7
20260722T185455Z,25.8,91.7
20260722T185510Z,25.8,91.7
20260722T185526Z,25.9,91.9
20260722T185540Z,25.9,92.0
20260722T185556Z,25.9,92.2
20260722T185611Z,25.9,92.0
20260722T185625Z,25.9,92.2
20260722T185641Z,25.9,92.2
20260722T185655Z,25.9,92.4
20260722T185711Z,25.9,92.5
20260722T185726Z,25.9,92.5
20260722T185740Z,26.0,92.5
20260722T185756Z,26.0,92.6
20260722T185810Z,26.0,92.7
20260722T185826Z,26.0,92.8
20260722T185840Z,26.0,92.8
20260722T185856Z,26.0,92.7
20260722T185910Z,26.0,92.8
20260722T185926Z,26.1,93.0
20260722T185940Z,26.1,93.1
20260722T185956Z,26.1,93.1
20260722T190010Z,26.1,93.0
20260722T190025Z,26.1,93.2
20260722T190041Z,26.1,93.2
20260722T190055Z,26.1,93.2
20260722T190110Z,26.1,93.3
20260722T190125Z,26.1,93.4
20260722T190141Z,26.1,93.3
20260722T190155Z,26.1,93.4
20260722T190210Z,26.1,93.4
20260722T190226Z,26.2,93.4
20260722T190240Z,26.2,93.4
20260722T190256Z,26.2,93.5
20260722T190310Z,26.2,93.5
20260722T190325Z,26.2,93.4
20260722T190341Z,26.2,93.5
20260722T190355Z,26.2,93.5
20260722T190411Z,26.2,93.5
20260722T190425Z,26.2,93.4
20260722T190441Z,26.3,93.5
20260722T190456Z,26.3,93.6
20260722T190510Z,26.3,93.5
20260722T190526Z,26.3,93.5
20260722T190540Z,26.3,93.5
20260722T190556Z,26.3,93.4
20260722T190610Z,26.3,93.4
20260722T190626Z,26.3,93.5
20260722T190641Z,26.3,93.5
20260722T190655Z,26.4,93.5
20260722T190710Z,26.4,93.4
20260722T190725Z,26.4,93.4
20260722T190740Z,26.4,93.3
20260722T190756Z,26.4,93.4
20260722T190810Z,26.4,93.4
20260722T190826Z,26.4,93.4
20260722T190840Z,26.4,93.4
20260722T190856Z,26.4,93.4
20260722T190910Z,26.4,93.4
20260722T190926Z,26.5,93.4
20260722T190940Z,26.5,93.3
20260722T190956Z,26.5,93.3
20260722T191011Z,26.5,93.3
20260722T191025Z,26.5,93.3
20260722T191041Z,26.5,93.3
20260722T191055Z,26.5,93.3
20260722T191111Z,26.5,93.3
20260722T191125Z,26.5,93.3
20260722T191141Z,26.5,93.3
20260722T191155Z,26.5,93.3
20260722T191211Z,26.5,93.2
20260722T191225Z,26.6,93.2
20260722T191241Z,26.6,93.2
20260722T191255Z,26.6,93.1
20260722T191311Z,26.6,93.2
20260722T191325Z,26.6,93.1
20260722T191341Z,26.6,93.1
20260722T191355Z,26.6,93.1
20260722T191411Z,26.6,93.1
20260722T191425Z,26.6,93.1
20260722T191441Z,26.6,93.1
20260722T191455Z,26.6,93.1
20260722T191511Z,26.6,93.1
20260722T191525Z,26.6,93.0
20260722T191541Z,26.6,93.1
20260722T191555Z,26.7,93.1
20260722T191611Z,26.7,93.1
20260722T191626Z,26.7,93.1
20260722T191641Z,26.7,93.1
20260722T191656Z,26.7,93.0
20260722T191711Z,26.7,93.0
20260722T191726Z,26.7,93.0
20260722T191740Z,26.7,93.0
20260722T191756Z,26.7,93.0
20260722T191810Z,26.7,93.0
20260722T191826Z,26.7,93.0
20260722T191840Z,26.7,93.0
20260722T191856Z,26.7,93.0
20260722T191910Z,26.7,93.0
20260722T191926Z,26.7,92.9
20260722T191941Z,26.7,93.0
20260722T191956Z,26.7,92.9
20260722T192011Z,26.7,92.9
20260722T192025Z,26.8,92.9
20260722T192041Z,26.8,92.9
20260722T192055Z,26.8,92.9
20260722T192111Z,26.8,92.9
20260722T192125Z,26.8,93.0
20260722T192141Z,26.8,92.9
20260722T192155Z,26.8,92.8
20260722T192211Z,26.8,92.8
20260722T192225Z,26.8,92.8
20260722T192241Z,26.8,92.8
20260722T192256Z,26.8,92.8
20260722T192311Z,26.9,92.7
20260722T192326Z,26.9,92.7
20260722T192341Z,26.9,92.6
20260722T192355Z,26.9,92.7
20260722T192411Z,26.9,92.7
20260722T192425Z,26.9,92.6
20260722T192441Z,26.9,92.6
20260722T192455Z,26.9,92.6
20260722T192511Z,26.9,92.5
20260722T192525Z,26.9,92.6
20260722T192541Z,26.9,92.5
20260722T192555Z,26.9,92.5
20260722T192610Z,26.9,92.6
20260722T192625Z,26.9,92.6
20260722T192641Z,26.9,92.5
20260722T192656Z,26.9,92.5
20260722T192710Z,26.9,92.5
20260722T192726Z,26.9,92.5
20260722T192740Z,26.9,92.5
20260722T192755Z,26.9,92.5
20260722T192811Z,27.0,92.5
20260722T192825Z,27.0,92.5
20260722T192841Z,26.9,92.5
20260722T192856Z,27.0,92.5
20260722T192911Z,27.0,92.5
20260722T192926Z,27.0,92.5
20260722T192941Z,27.0,92.5
20260722T192956Z,27.0,92.5
20260722T193011Z,27.0,92.5
20260722T193128Z,27.0,92.4
20260722T193142Z,27.0,92.4
20260722T193157Z,27.0,92.4
20260722T193212Z,27.0,92.4
20260722T193226Z,27.0,92.4
20260722T193242Z,27.0,92.4
20260722T193257Z,27.0,92.4
20260722T193312Z,27.0,92.4
20260722T193327Z,27.0,92.4
20260722T193342Z,27.0,92.4
20260722T193357Z,27.0,92.4
20260722T193412Z,27.0,92.3
20260722T193427Z,27.0,92.4
20260722T193442Z,27.0,92.4
20260722T193457Z,27.0,92.4
20260722T193512Z,27.0,92.4
20260722T193527Z,27.0,92.4
20260722T193542Z,27.0,92.3
20260722T193557Z,27.1,92.3
20260722T193612Z,27.0,92.3
20260722T193627Z,27.1,92.3
20260722T193642Z,27.1,92.3
20260722T193657Z,27.1,92.3
20260722T193712Z,27.1,92.3
20260722T193727Z,27.1,92.3
20260722T193742Z,27.1,92.2
20260722T193757Z,27.1,92.3
20260722T193812Z,27.1,92.3
20260722T193827Z,27.1,92.2
20260722T193842Z,27.1,92.2
20260722T193857Z,27.1,92.3
20260722T193912Z,27.1,92.3
20260722T193927Z,27.1,92.3
20260722T193942Z,27.1,92.2
20260722T193957Z,27.1,92.3
20260722T194012Z,27.1,92.3
20260722T194027Z,27.1,92.2
20260722T194042Z,27.1,92.2
20260722T194057Z,27.1,92.2
20260722T194112Z,27.1,92.2
20260722T194127Z,27.1,92.2
20260722T194142Z,27.1,92.1
20260722T194157Z,27.2,92.1
20260722T194212Z,27.2,92.1
20260722T194227Z,27.2,92.1
20260722T194242Z,27.2,92.1
20260722T194257Z,27.2,92.1
20260722T194312Z,27.2,92.1
20260722T194327Z,27.2,92.1
20260722T194343Z,27.2,92.1
20260722T194357Z,27.2,92.1
20260722T194412Z,27.2,92.2
20260722T194427Z,27.2,92.1
20260722T194443Z,27.2,92.1
20260722T194457Z,27.2,92.1
20260722T194512Z,27.2,92.1
20260722T194527Z,27.2,92.1
20260722T194543Z,27.2,92.1
20260722T194557Z,27.2,92.0
20260722T194612Z,27.2,92.0
20260722T194627Z,27.2,92.0
20260722T194642Z,27.2,92.1
20260722T194657Z,27.2,92.1
20260722T194712Z,27.2,92.1
20260722T194727Z,27.2,92.1
20260722T194742Z,27.2,92.1
20260722T194757Z,27.2,92.1
20260722T194812Z,27.2,92.1
20260722T194827Z,27.2,92.1
20260722T194843Z,27.2,92.1
20260722T194857Z,27.2,92.1
20260722T194912Z,27.2,92.1
20260722T194927Z,27.2,92.1
20260722T194942Z,27.2,92.1
20260722T194957Z,27.2,92.1
20260722T195012Z,27.2,92.1
20260722T195027Z,27.2,92.1
20260722T195042Z,27.2,92.0
20260722T195057Z,27.2,92.0
20260722T195112Z,27.2,92.1
20260722T195127Z,27.2,92.1
20260722T195142Z,27.2,92.1
20260722T195157Z,27.2,92.0
20260722T195212Z,27.2,92.0
20260722T195227Z,27.2,92.0
20260722T195242Z,27.2,92.0
20260722T195257Z,27.2,92.1
20260722T195312Z,27.3,92.0
20260722T195327Z,27.3,92.0
20260722T195342Z,27.3,92.0
20260722T195357Z,27.3,92.1
20260722T195412Z,27.3,92.0
20260722T195427Z,27.2,92.0
20260722T195442Z,27.3,92.0
20260722T195457Z,27.3,92.0
20260722T195512Z,27.3,92.0
20260722T195527Z,27.3,92.0
20260722T195542Z,27.3,92.0
20260722T195557Z,27.3,92.0
20260722T195612Z,27.3,92.0
20260722T195627Z,27.3,92.0
20260722T195642Z,27.3,92.0
20260722T195657Z,27.3,92.0
20260722T195712Z,27.3,92.0
20260722T195727Z,27.3,92.0
20260722T195742Z,27.3,91.9
20260722T195757Z,27.3,91.9
20260722T195812Z,27.3,91.9
20260722T195827Z,27.3,91.9
20260722T195842Z,27.3,91.9
20260722T195857Z,27.3,91.9
20260722T195912Z,27.3,91.9
20260722T195927Z,27.3,91.9
20260722T195942Z,27.3,91.8
20260722T195957Z,27.3,91.8
20260722T200012Z,27.4,91.8
20260722T200027Z,27.4,91.8
20260722T200042Z,27.3,91.8
20260722T200057Z,27.4,91.8
20260722T200112Z,27.4,91.8
20260722T200127Z,27.4,91.8
20260722T200142Z,27.4,91.8
20260722T200157Z,27.4,91.8
20260722T200212Z,27.4,91.7
20260722T200227Z,27.4,91.8
20260722T200242Z,27.4,91.8
20260722T200257Z,27.4,91.8
20260722T200312Z,27.4,91.8
20260722T200327Z,27.4,91.8
20260722T200342Z,27.4,91.8
20260722T200357Z,27.4,91.7
20260722T200412Z,27.4,91.8
20260722T200427Z,27.4,91.8
20260722T200442Z,27.4,91.7
20260722T200457Z,27.4,91.7
20260722T200512Z,27.4,91.7
20260722T200527Z,27.4,91.7
20260722T200542Z,27.4,91.7
20260722T200557Z,27.4,91.7
20260722T200612Z,27.4,91.7
20260722T200627Z,27.4,91.7
20260722T200642Z,27.4,91.7
20260722T200657Z,27.4,91.7
20260722T200712Z,27.4,91.7
20260722T200727Z,27.4,91.7
20260722T200742Z,27.4,91.7
20260722T200757Z,27.4,91.7
20260722T200812Z,27.4,91.7
20260722T200827Z,27.4,91.6
20260722T200842Z,27.4,91.6
20260722T200857Z,27.4,91.6
20260722T200912Z,27.4,91.6
20260722T200927Z,27.4,91.6
20260722T200942Z,27.4,91.6
20260722T200957Z,27.4,91.6
20260722T201012Z,27.4,91.6
20260722T201027Z,27.4,91.6
20260722T201042Z,27.4,91.6
20260722T201057Z,27.4,91.6
20260722T201112Z,27.4,91.6
20260722T201127Z,27.4,91.6
20260722T201142Z,27.4,91.6
20260722T201157Z,27.4,91.6
20260722T201212Z,27.4,91.6
20260722T201227Z,27.4,91.5
20260722T201242Z,27.5,91.5
20260722T201257Z,27.4,91.5
20260722T201312Z,27.5,91.5
20260722T201327Z,27.5,91.5
20260722T201342Z,27.5,91.5
20260722T201357Z,27.5,91.5
20260722T201412Z,27.5,91.5
20260722T201427Z,27.5,91.5
20260722T201442Z,27.5,91.5
20260722T201457Z,27.5,91.5
20260722T201512Z,27.5,91.5
20260722T201527Z,27.5,91.5
20260722T201542Z,27.5,91.5
20260722T201557Z,27.5,91.5
20260722T201612Z,27.5,91.5
20260722T201627Z,27.5,91.5
20260722T201642Z,27.5,91.5
20260722T201657Z,27.5,91.4
20260722T201712Z,27.5,91.4
20260722T201727Z,27.5,91.4
20260722T201742Z,27.5,91.4
20260722T201757Z,27.5,91.5
20260722T201812Z,27.5,91.4
20260722T201827Z,27.5,91.4
20260722T201842Z,27.5,91.4
20260722T201857Z,27.5,91.4
20260722T201912Z,27.5,91.4
20260722T201927Z,27.5,91.4
20260722T201942Z,27.5,91.4
20260722T201957Z,27.5,91.3
20260722T202012Z,27.5,91.3
20260722T202027Z,27.5,91.3
20260722T202042Z,27.5,91.3
20260722T202057Z,27.5,91.3
20260722T202112Z,27.5,91.3
20260722T202127Z,27.5,91.3
20260722T202142Z,27.5,91.3
20260722T202157Z,27.5,91.3
20260722T202212Z,27.5,91.3
20260722T202227Z,27.5,91.3
20260722T202242Z,27.5,91.3
20260722T202257Z,27.6,91.3
20260722T202312Z,27.5,91.3
20260722T202327Z,27.5,91.3
20260722T202342Z,27.6,91.2
20260722T202357Z,27.6,91.3
20260722T202412Z,27.6,91.2
20260722T202427Z,27.6,91.2
20260722T202442Z,27.6,91.2
20260722T202457Z,27.5,91.2
20260722T202512Z,27.6,91.2
20260722T202527Z,27.6,91.2
20260722T202542Z,27.6,91.2
20260722T202557Z,27.6,91.2
20260722T202612Z,27.6,91.2
20260722T202627Z,27.6,91.2
20260722T202642Z,27.6,91.2
20260722T202657Z,27.6,91.2
20260722T202712Z,27.6,91.2
20260722T202727Z,27.6,91.2
20260722T202742Z,27.6,91.2
20260722T202757Z,27.6,91.2
20260722T202812Z,27.6,91.2
20260722T202827Z,27.6,91.1
20260722T202842Z,27.6,91.2
20260722T202857Z,27.6,91.2
20260722T202912Z,27.6,91.2
20260722T202927Z,27.6,91.2
20260722T202942Z,27.6,91.2
20260722T202957Z,27.6,91.1
20260722T203012Z,27.6,91.1
20260722T203027Z,27.6,91.1
20260722T203042Z,27.6,91.1
20260722T203057Z,27.6,91.1
20260722T203112Z,27.6,91.1
20260722T203127Z,27.6,91.1
20260722T203142Z,27.6,91.1
20260722T203157Z,27.6,91.1
20260722T203212Z,27.6,91.1
20260722T203227Z,27.6,91.1
20260722T203242Z,27.6,91.1
20260722T203257Z,27.6,91.1
20260722T203312Z,27.6,91.1
20260722T203327Z,27.6,91.1
20260722T203342Z,27.6,91.1
20260722T203357Z,27.6,91.1
20260722T203412Z,27.6,91.1
20260722T203427Z,27.6,91.1
20260722T203442Z,27.6,91.1
20260722T203457Z,27.6,91.1
20260722T203512Z,27.6,91.1
20260722T203527Z,27.6,91.1
20260722T203542Z,27.6,91.1
20260722T203557Z,27.6,91.1
20260722T203612Z,27.6,91.1
20260722T203627Z,27.6,91.0
20260722T203642Z,27.6,91.0
20260722T203657Z,27.6,91.0
20260722T203712Z,27.6,91.0
20260722T203727Z,27.6,91.0
20260722T203742Z,27.6,91.0
20260722T203757Z,27.6,91.0
20260722T203812Z,27.6,91.0
20260722T203827Z,27.6,91.0
20260722T203842Z,27.7,91.0
20260722T203857Z,27.7,91.0
20260722T203912Z,27.6,91.0
20260722T203927Z,27.6,91.0
20260722T203942Z,27.7,91.0
20260722T203957Z,27.6,91.0
20260722T204012Z,27.6,91.0
20260722T204027Z,27.7,91.0
20260722T204042Z,27.6,91.0
20260722T204057Z,27.6,91.0
20260722T204112Z,27.7,91.0
20260722T204127Z,27.7,91.0
20260722T204142Z,27.6,91.0
20260722T204157Z,27.7,91.0
20260722T204212Z,27.7,91.0
20260722T204227Z,27.6,91.0
20260722T204242Z,27.7,91.0
20260722T204257Z,27.7,91.0
20260722T204312Z,27.7,91.0
20260722T204327Z,27.6,91.0
20260722T204343Z,27.7,91.0
20260722T204357Z,27.7,91.0
20260722T204412Z,27.7,91.0
20260722T204427Z,27.7,91.0
20260722T204442Z,27.7,91.0
20260722T204457Z,27.6,91.0
20260722T204512Z,27.7,91.0
20260722T204527Z,27.7,91.0
20260722T204542Z,27.7,91.0
20260722T204557Z,27.7,91.0
20260722T204612Z,27.7,91.0
20260722T204627Z,27.7,90.9
20260722T204642Z,27.7,90.9
20260722T204657Z,27.7,90.9
20260722T204712Z,27.7,90.9
20260722T204727Z,27.7,90.9
20260722T204742Z,27.7,90.9
20260722T204757Z,27.7,90.9
20260722T204812Z,27.7,90.9
20260722T204827Z,27.7,90.9
20260722T204842Z,27.7,90.9
20260722T204857Z,27.7,90.9
20260722T204912Z,27.7,90.9
20260722T204927Z,27.7,90.9
20260722T204942Z,27.7,90.9
20260722T204957Z,27.7,90.9
20260722T205012Z,27.7,90.9
20260722T205027Z,27.7,90.9
20260722T205042Z,27.7,90.9
20260722T205057Z,27.7,90.9
20260722T205112Z,27.7,90.9
20260722T205127Z,27.7,90.9
20260722T205142Z,27.7,90.9
20260722T205157Z,27.7,90.9
20260722T205212Z,27.7,90.9
20260722T205227Z,27.7,90.9
20260722T205242Z,27.7,90.9
20260722T205257Z,27.7,90.9
20260722T205312Z,27.7,90.9
20260722T205327Z,27.7,90.9
20260722T205342Z,27.7,90.9
20260722T205357Z,27.7,90.9
20260722T205412Z,27.7,90.9
20260722T205427Z,27.7,90.9
20260722T205443Z,27.7,90.9
20260722T205457Z,27.7,90.9
20260722T205512Z,27.7,90.9
20260722T205527Z,27.7,90.9
20260722T205543Z,27.7,90.9
20260722T205558Z,27.7,90.9
20260722T205612Z,27.7,90.9
20260722T205627Z,27.7,90.9
20260722T205642Z,27.7,90.9
20260722T205657Z,27.7,90.9
20260722T205712Z,27.7,90.9
20260722T205727Z,27.7,90.9
20260722T205742Z,27.7,90.9
20260722T205757Z,27.7,90.9
20260722T205812Z,27.7,90.9
20260722T205827Z,27.7,90.8
20260722T205842Z,27.7,90.9
20260722T205857Z,27.7,90.9
20260722T205912Z,27.7,90.9
20260722T205927Z,27.7,90.9
20260722T205942Z,27.7,90.8
20260722T205957Z,27.7,90.8
20260722T210012Z,27.7,90.8
20260722T210027Z,27.8,90.8
20260722T210042Z,27.7,90.8
20260722T210057Z,27.7,90.8
20260722T210112Z,27.8,90.8
20260722T210127Z,27.7,90.8
20260722T210142Z,27.8,90.8
20260722T210157Z,27.8,90.8
20260722T210212Z,27.8,90.8
20260722T210227Z,27.7,90.8
20260722T210242Z,27.8,90.8
20260722T210257Z,27.8,90.8
20260722T210312Z,27.8,90.8
20260722T210327Z,27.8,90.8
20260722T210342Z,27.8,90.8
20260722T210357Z,27.8,90.8
20260722T210412Z,27.8,90.8
20260722T210427Z,27.8,90.8
20260722T210442Z,27.8,90.8
20260722T210457Z,27.8,90.8
20260722T210512Z,27.8,90.8
20260722T210527Z,27.8,90.8
20260722T210542Z,27.8,90.8
20260722T210557Z,27.8,90.8
20260722T210612Z,27.8,90.8
20260722T210627Z,27.8,90.8
20260722T210642Z,27.8,90.8
20260722T210657Z,27.8,90.8
20260722T210712Z,27.8,90.8
20260722T210727Z,27.8,90.8
20260722T210742Z,27.8,90.8
20260722T210757Z,27.8,90.8
20260722T210812Z,27.8,90.8
20260722T210827Z,27.8,90.7
20260722T210842Z,27.8,90.8
20260722T210857Z,27.8,90.8
20260722T210912Z,27.8,90.8
20260722T210927Z,27.8,90.8
20260722T210942Z,27.8,90.8
20260722T210957Z,27.8,90.8
20260722T211012Z,27.8,90.8
20260722T211027Z,27.8,90.8
20260722T211042Z,27.8,90.7
20260722T211057Z,27.8,90.8
20260722T211112Z,27.8,90.7
20260722T211127Z,27.8,90.7
20260722T211142Z,27.8,90.7
20260722T211157Z,27.8,90.7
20260722T211212Z,27.8,90.7
20260722T211227Z,27.8,90.7
20260722T211242Z,27.8,90.8
20260722T211257Z,27.8,90.7
20260722T211312Z,27.8,90.7
20260722T211327Z,27.8,90.7
20260722T211342Z,27.8,90.7
20260722T211357Z,27.8,90.7
20260722T211412Z,27.8,90.7
20260722T211427Z,27.8,90.7
20260722T211442Z,27.8,90.7
20260722T211457Z,27.8,90.7
20260722T211512Z,27.8,90.7
20260722T211527Z,27.8,90.7
20260722T211542Z,27.8,90.7
20260722T211557Z,27.8,90.7
20260722T211612Z,27.8,90.7
20260722T211628Z,27.8,90.7
20260722T211642Z,27.8,90.6
20260722T211658Z,27.8,90.6
20260722T211712Z,27.8,90.6
20260722T211728Z,27.8,90.6
20260722T211742Z,27.8,90.6
20260722T211757Z,27.8,90.6
20260722T211812Z,27.8,90.6
20260722T211827Z,27.8,90.6
20260722T211842Z,27.8,90.6
20260722T211857Z,27.8,90.6
20260722T211912Z,27.8,90.6
20260722T211927Z,27.9,90.6
20260722T211942Z,27.9,90.6
20260722T211958Z,27.8,90.6
20260722T212012Z,27.9,90.6
20260722T212027Z,27.8,90.6
20260722T212043Z,27.8,90.6
20260722T212057Z,27.8,90.6
20260722T212113Z,27.8,90.6
20260722T212127Z,27.9,90.6
20260722T212143Z,27.8,90.6
20260722T212157Z,27.8,90.6
20260722T212213Z,27.9,90.6
20260722T212227Z,27.8,90.6
20260722T212243Z,27.8,90.6
20260722T212257Z,27.8,90.6
20260722T212313Z,27.8,90.6
20260722T212327Z,27.9,90.6
20260722T212343Z,27.9,90.6
20260722T212357Z,27.9,90.6
20260722T212412Z,27.9,90.6
20260722T212428Z,27.9,90.6
20260722T212442Z,27.9,90.6
20260722T212458Z,27.9,90.6
20260722T212513Z,27.9,90.6
20260722T212527Z,27.9,90.6
20260722T212543Z,27.9,90.6
20260722T212557Z,27.9,90.6
20260722T212613Z,27.9,90.6
20260722T212627Z,27.9,90.6
20260722T212643Z,27.9,90.6
20260722T212657Z,27.9,90.6
20260722T212713Z,27.9,90.6
20260722T212728Z,27.9,90.6
20260722T212743Z,27.9,90.6
20260722T212757Z,27.9,90.6
20260722T212813Z,27.9,90.6
20260722T212827Z,27.9,90.6
20260722T212843Z,27.9,90.6
20260722T212857Z,27.9,90.6
20260722T212913Z,27.9,90.6
20260722T212927Z,27.9,90.6
20260722T212943Z,27.9,90.6
20260722T212957Z,27.9,90.6
20260722T213013Z,27.9,90.6
20260722T213027Z,27.9,90.6
20260722T213043Z,27.9,90.6
20260722T213057Z,27.9,90.6
20260722T213113Z,27.9,90.6
20260722T213127Z,27.9,90.6
20260722T213143Z,27.9,90.6
20260722T213157Z,27.9,90.5
20260722T213213Z,27.9,90.6
20260722T213227Z,27.9,90.5
20260722T213243Z,27.9,90.5
20260722T213257Z,27.9,90.6
20260722T213312Z,27.9,90.5
20260722T213327Z,27.9,90.5
20260722T213342Z,27.9,90.5
20260722T213357Z,27.9,90.5
20260722T213413Z,27.9,90.5
20260722T213427Z,27.9,90.5
20260722T213442Z,27.9,90.5
20260722T213458Z,27.9,90.5
20260722T213512Z,27.9,90.5
20260722T213528Z,27.9,90.5
20260722T213542Z,27.9,90.5
20260722T213558Z,27.9,90.5
20260722T213612Z,27.9,90.5
20260722T213627Z,27.9,90.5
20260722T213643Z,27.9,90.5
20260722T213657Z,27.9,90.5
20260722T213713Z,27.9,90.5
20260722T213727Z,27.9,90.5
20260722T213743Z,27.9,90.5
20260722T213757Z,27.9,90.5
20260722T213813Z,27.9,90.5
20260722T213827Z,27.9,90.5
20260722T213843Z,27.9,90.5
20260722T213857Z,27.9,90.5
20260722T213913Z,27.9,90.5
20260722T213927Z,27.9,90.5
20260722T213943Z,27.9,90.5
20260722T213957Z,27.9,90.5
20260722T214012Z,27.9,90.5
20260722T214027Z,27.9,90.5
20260722T214044Z,27.9,90.5
20260722T214058Z,27.9,90.5
20260722T214113Z,27.9,90.5
20260722T214127Z,27.9,90.5
20260722T214143Z,27.9,90.4
20260722T214157Z,27.9,90.5
20260722T214213Z,27.9,90.5
20260722T214227Z,27.9,90.5
20260722T214243Z,27.9,90.5
20260722T214257Z,27.9,90.5
20260722T214312Z,27.9,90.5
20260722T214328Z,27.9,90.5
20260722T214342Z,27.9,90.5
20260722T214358Z,27.9,90.5
20260722T214412Z,27.9,90.4
20260722T214428Z,27.9,90.4
20260722T214442Z,27.9,90.4
20260722T214458Z,27.9,90.4
20260722T214512Z,27.9,90.4
20260722T214528Z,27.9,90.4
20260722T214542Z,27.9,90.4
20260722T214557Z,28.0,90.4
20260722T214612Z,28.0,90.4
20260722T214627Z,27.9,90.4
20260722T214643Z,27.9,90.4
20260722T214657Z,28.0,90.4
20260722T214713Z,28.0,90.4
20260722T214727Z,27.9,90.4
20260722T214743Z,28.0,90.4
20260722T214757Z,27.9,90.4
20260722T214813Z,27.9,90.4
20260722T214827Z,27.9,90.4
20260722T214843Z,27.9,90.4
20260722T214857Z,27.9,90.4
20260722T214913Z,27.9,90.4
20260722T214927Z,28.0,90.4
20260722T214943Z,28.0,90.4
20260722T214958Z,28.0,90.4
20260722T215012Z,27.9,90.4
20260722T215028Z,28.0,90.4
20260722T215043Z,28.0,90.4
20260722T215058Z,28.0,90.4
20260722T215112Z,28.0,90.4
20260722T215128Z,28.0,90.4
20260722T215143Z,28.0,90.4
20260722T215157Z,28.0,90.4
20260722T215212Z,28.0,90.4
20260722T215228Z,27.9,90.4
20260722T215242Z,28.0,90.4
20260722T215258Z,28.0,90.4
20260722T215312Z,27.9,90.4
20260722T215328Z,28.0,90.4
20260722T215343Z,28.0,90.4
20260722T215357Z,28.0,90.4
20260722T215413Z,28.0,90.4
20260722T215427Z,28.0,90.4
20260722T215443Z,28.0,90.4
20260722T215457Z,28.0,90.4
20260722T215513Z,28.0,90.4
20260722T215527Z,28.0,90.4
20260722T215542Z,28.0,90.4
20260722T215558Z,28.0,90.4
20260722T215613Z,28.0,90.4
20260722T215627Z,28.0,90.4
20260722T215643Z,28.0,90.4
20260722T215657Z,28.0,90.4
20260722T215713Z,28.0,90.4
20260722T215727Z,28.0,90.4
20260722T215743Z,28.0,90.4
20260722T215757Z,28.0,90.4
20260722T215813Z,28.0,90.4
20260722T215827Z,28.0,90.4
20260722T215842Z,28.0,90.4
20260722T215857Z,28.0,90.4
20260722T215913Z,28.0,90.4
20260722T215927Z,28.0,90.4
20260722T215943Z,28.0,90.4
20260722T215957Z,28.0,90.4
20260722T220013Z,28.0,90.4
20260722T220027Z,28.0,90.4
20260722T220042Z,28.0,90.4
20260722T220058Z,28.0,90.4
20260722T220112Z,28.0,90.3
20260722T220128Z,28.0,90.4
20260722T220142Z,28.0,90.4
20260722T220158Z,28.0,90.3
20260722T220212Z,28.0,90.3
20260722T220227Z,28.0,90.3
20260722T220242Z,28.0,90.3
20260722T220258Z,28.0,90.3
20260722T220312Z,28.0,90.3
20260722T220328Z,28.0,90.3
20260722T220342Z,28.0,90.3
20260722T220358Z,28.0,90.3
20260722T220412Z,28.0,90.3
20260722T220428Z,28.0,90.3
20260722T220442Z,28.0,90.3
20260722T220458Z,28.0,90.3
20260722T220512Z,28.0,90.3
20260722T220528Z,28.0,90.3
20260722T220543Z,28.0,90.3
20260722T220557Z,28.0,90.3
20260722T220613Z,28.0,90.3
20260722T220627Z,28.0,90.3
20260722T220643Z,28.0,90.3
20260722T220657Z,28.0,90.3
20260722T220713Z,28.0,90.3
20260722T220727Z,28.0,90.3
20260722T220743Z,28.0,90.3
20260722T220757Z,28.0,90.3
20260722T220812Z,28.0,90.3
20260722T220827Z,28.0,90.3
20260722T220843Z,28.0,90.3
20260722T220858Z,28.0,90.3
20260722T220912Z,28.0,90.3
20260722T220928Z,28.0,90.3
20260722T220942Z,28.0,90.3
20260722T220958Z,28.0,90.3
20260722T221012Z,28.0,90.2
20260722T221028Z,28.0,90.3
20260722T221042Z,28.1,90.3
20260722T221058Z,28.1,90.3
20260722T221112Z,28.0,90.3
20260722T221127Z,28.1,90.3
20260722T221142Z,28.1,90.3
20260722T221158Z,28.0,90.3
20260722T221212Z,28.0,90.3
20260722T221228Z,28.1,90.3
20260722T221243Z,28.1,90.3
20260722T221258Z,28.1,90.3
20260722T221312Z,28.0,90.3
20260722T221328Z,28.1,90.2
20260722T221342Z,28.1,90.3
20260722T221358Z,28.1,90.2
20260722T221412Z,28.1,90.3
20260722T221428Z,28.1,90.3
20260722T221443Z,28.0,90.3
20260722T221457Z,28.1,90.3
20260722T221513Z,28.1,90.3
20260722T221527Z,28.1,90.2
20260722T221543Z,28.1,90.2
20260722T221557Z,28.1,90.2
20260722T221613Z,28.1,90.2
20260722T221627Z,28.1,90.2
20260722T221643Z,28.1,90.2
20260722T221657Z,28.1,90.2
20260722T221713Z,28.1,90.2
20260722T221727Z,28.1,90.2
20260722T221743Z,28.1,90.2
20260722T221758Z,28.1,90.2
20260722T221813Z,28.1,90.2
20260722T221828Z,28.1,90.2
20260722T221842Z,28.1,90.2
20260722T221858Z,28.1,90.2
20260722T221913Z,28.1,90.2
20260722T221928Z,28.1,90.2
20260722T221943Z,28.1,90.2
20260722T221957Z,28.1,90.2
20260722T222013Z,28.1,90.2
20260722T222027Z,28.1,90.2
20260722T222043Z,28.1,90.2
20260722T222058Z,28.1,90.2
20260722T222113Z,28.1,90.2
20260722T222128Z,28.1,90.2
20260722T222143Z,28.1,90.2
20260722T222158Z,28.1,90.2
20260722T222213Z,28.1,90.2
20260722T222228Z,28.1,90.2
20260722T222243Z,28.1,90.2
20260722T222258Z,28.1,90.2
20260722T222313Z,28.1,90.2
20260722T222328Z,28.1,90.2
20260722T222343Z,28.1,90.2
20260722T222358Z,28.1,90.2
20260722T222413Z,28.1,90.2
20260722T222428Z,28.1,90.2
20260722T222444Z,28.1,90.2
20260722T222458Z,28.1,90.2
20260722T222513Z,28.1,90.2
20260722T222528Z,28.1,90.2
20260722T222543Z,28.1,90.2
20260722T222558Z,28.1,90.2
20260722T222613Z,28.1,90.2
20260722T222628Z,28.1,90.2
20260722T222644Z,28.1,90.2
20260722T222658Z,28.1,90.2
20260722T222713Z,28.1,90.2
20260722T222728Z,28.1,90.2
20260722T222743Z,28.1,90.2
20260722T222758Z,28.1,90.2
20260722T222813Z,28.1,90.2
20260722T222828Z,28.1,90.2
20260722T222843Z,28.1,90.2
20260722T222858Z,28.1,90.2
20260722T222913Z,28.1,90.2
20260722T222928Z,28.1,90.2
20260722T222943Z,28.1,90.2
20260722T222958Z,28.1,90.2
20260722T223013Z,28.1,90.2
20260722T223028Z,28.1,90.2
20260722T223043Z,28.1,90.2
20260722T223058Z,28.1,90.2
20260722T223113Z,28.1,90.2
20260722T223128Z,28.1,90.2
20260722T223143Z,28.1,90.2
20260722T223158Z,28.1,90.2
20260722T223213Z,28.1,90.2
20260722T223228Z,28.1,90.2
20260722T223243Z,28.1,90.2
20260722T223258Z,28.1,90.2
20260722T223313Z,28.1,90.2
20260722T223328Z,28.1,90.2
20260722T223343Z,28.1,90.2
20260722T223358Z,28.1,90.2
20260722T223413Z,28.1,90.2
20260722T223428Z,28.1,90.2
20260722T223443Z,28.1,90.2
20260722T223458Z,28.1,90.2
20260722T223513Z,28.1,90.2
20260722T223528Z,28.2,90.2
20260722T223543Z,28.1,90.1
20260722T223558Z,28.1,90.2
20260722T223613Z,28.2,90.2
20260722T223628Z,28.2,90.1
20260722T223643Z,28.2,90.1
20260722T223658Z,28.2,90.1
20260722T223713Z,28.2,90.1
20260722T223728Z,28.2,90.1
20260722T223743Z,28.2,90.1
20260722T223758Z,28.2,90.1
20260722T223813Z,28.2,90.1
20260722T223828Z,28.2,90.2
20260722T223843Z,28.2,90.1
20260722T223858Z,28.1,90.1
20260722T223913Z,28.2,90.1
20260722T223928Z,28.2,90.1
20260722T223943Z,28.2,90.1
20260722T223958Z,28.2,90.1
20260722T224013Z,28.2,90.1
20260722T224028Z,28.2,90.2
20260722T224043Z,28.2,90.1
20260722T224058Z,28.2,90.1
20260722T224113Z,28.2,90.2
20260722T224128Z,28.2,90.2
20260722T224143Z,28.2,90.1
20260722T224158Z,28.2,90.1
20260722T224213Z,28.2,90.1
20260722T224228Z,28.2,90.2
20260722T224243Z,28.2,90.2
20260722T224258Z,28.2,90.2
20260722T224313Z,28.2,90.2
20260722T224328Z,28.2,90.2
20260722T224343Z,28.2,90.2
20260722T224358Z,28.2,90.2
20260722T224413Z,28.2,90.2
20260722T224428Z,28.2,90.2
20260722T224443Z,28.2,90.2
20260722T224458Z,28.2,90.1
20260722T224513Z,28.2,90.1
20260722T224528Z,28.2,90.1
20260722T224543Z,28.2,90.1
20260722T224558Z,28.2,90.1
20260722T224613Z,28.2,90.1
20260722T224628Z,28.2,90.1
20260722T224643Z,28.2,90.1
20260722T224658Z,28.2,90.1
20260722T224713Z,28.2,90.1
20260722T224728Z,28.2,90.1
20260722T224743Z,28.2,90.1
20260722T224758Z,28.2,90.1
20260722T224813Z,28.2,90.1
20260722T224828Z,28.2,90.1
20260722T224843Z,28.2,90.1
20260722T224858Z,28.2,90.1
20260722T224913Z,28.2,90.1
20260722T224928Z,28.2,90.1
20260722T224943Z,28.2,90.1
20260722T224958Z,28.2,90.1
20260722T225013Z,28.2,90.0
20260722T225028Z,28.2,90.1
20260722T225043Z,28.2,88.9
20260722T225058Z,28.1,87.8
20260722T225113Z,28.1,87.8
20260722T225128Z,28.0,87.4
20260722T225143Z,27.9,86.0
20260722T225158Z,27.9,84.9
20260722T225213Z,27.8,84.7
20260722T225228Z,27.7,84.0
20260722T225243Z,27.6,83.4
20260722T225258Z,27.5,82.5
20260722T225313Z,27.4,82.0
20260722T225328Z,27.3,82.6
20260722T225343Z,27.2,81.8
20260722T225358Z,27.1,80.9
20260722T225413Z,27.1,80.2
20260722T225428Z,27.0,80.6
20260722T225443Z,26.9,78.5
20260722T225458Z,26.9,78.6
20260722T225513Z,26.8,78.6
20260722T225528Z,26.7,77.7
20260722T225543Z,26.6,76.6
20260722T225558Z,26.6,76.4
20260722T225613Z,26.5,77.0
20260722T225628Z,26.4,79.3
20260722T225643Z,26.4,80.6
20260722T225658Z,26.4,81.3
20260722T225713Z,26.5,82.3
20260722T225728Z,26.5,82.5
20260722T225743Z,26.5,82.8
20260722T225758Z,26.5,83.2
20260722T225813Z,26.4,83.7
20260722T225828Z,26.4,84.1
20260722T225843Z,26.4,84.1
20260722T225858Z,26.4,84.4
20260722T225913Z,26.4,84.6
20260722T225928Z,26.4,84.8
20260722T225943Z,26.5,84.9
20260722T225958Z,26.4,85.3
20260722T230013Z,26.5,85.5
20260722T230028Z,26.5,85.8
20260722T230043Z,26.5,86.1
20260722T230058Z,26.5,86.3
20260722T230113Z,26.5,86.7
20260722T230128Z,26.5,86.8
20260722T230143Z,26.5,86.9
20260722T230158Z,26.6,87.2
20260722T230213Z,26.6,87.3
20260722T230228Z,26.6,87.5
20260722T230243Z,26.6,87.8
20260722T230258Z,26.6,88.0
20260722T230313Z,26.6,88.1
20260722T230328Z,26.6,88.4
20260722T230343Z,26.7,88.5
20260722T230358Z,26.7,88.3
20260722T230413Z,26.7,88.7
20260722T230428Z,26.7,88.7
20260722T230443Z,26.7,88.9
20260722T230458Z,26.8,89.1
20260722T230513Z,26.8,89.3
20260722T230528Z,26.8,89.4
20260722T230543Z,26.8,89.5
20260722T230558Z,26.8,89.6
20260722T230613Z,26.8,89.8
20260722T230628Z,26.8,89.9
20260722T230643Z,26.9,90.2
20260722T230658Z,26.9,89.9
20260722T230713Z,26.9,90.2
20260722T230728Z,26.9,90.3
20260722T230743Z,26.9,90.4
20260722T230758Z,26.9,90.5
20260722T230813Z,27.0,90.6
20260722T230828Z,27.0,90.7
20260722T230843Z,27.0,90.8
20260722T230858Z,27.0,90.9
20260722T230913Z,27.0,91.0
20260722T230928Z,27.0,91.0
20260722T230943Z,27.0,91.1
20260722T230958Z,27.0,91.2
20260722T231013Z,27.0,91.3
20260722T231028Z,27.0,91.3
20260722T231043Z,27.1,91.4
20260722T231058Z,27.1,91.5
20260722T231113Z,27.1,91.6
20260722T231128Z,27.1,91.6
20260722T231143Z,27.1,91.7
20260722T231158Z,27.1,91.8
20260722T231213Z,27.1,91.8
20260722T231228Z,27.2,91.9
20260722T231243Z,27.2,92.0
20260722T231258Z,27.2,92.0
20260722T231313Z,27.2,92.0
20260722T231328Z,27.2,92.1
20260722T231343Z,27.2,92.2
20260722T231358Z,27.2,92.2
20260722T231413Z,27.2,92.3
20260722T231428Z,27.2,92.3
20260722T231443Z,27.2,92.3
20260722T231458Z,27.2,92.3
20260722T231513Z,27.3,92.3
20260722T231528Z,27.3,92.4
20260722T231543Z,27.3,92.4
20260722T231558Z,27.3,92.4
20260722T231613Z,27.3,92.4
20260722T231628Z,27.3,92.4
20260722T231643Z,27.3,92.4
20260722T231658Z,27.3,92.4
20260722T231713Z,27.3,92.4
20260722T231728Z,27.4,92.4
20260722T231743Z,27.4,92.4
20260722T231758Z,27.4,92.4
20260722T231813Z,27.4,92.4
20260722T231828Z,27.4,92.4
20260722T231843Z,27.4,92.4
20260722T231858Z,27.4,92.3
20260722T231913Z,27.4,92.3
20260722T231928Z,27.4,92.3
20260722T231943Z,27.5,92.3
20260722T231958Z,27.5,92.3
20260722T232013Z,27.5,92.3
20260722T232028Z,27.5,92.3
20260722T232043Z,27.5,92.2
20260722T232058Z,27.5,92.2
20260722T232113Z,27.5,92.2
20260722T232128Z,27.5,92.2
20260722T232143Z,27.5,92.2
20260722T232158Z,27.6,92.2
20260722T232213Z,27.6,92.1
20260722T232228Z,27.6,92.1
20260722T232243Z,27.6,92.1
20260722T232258Z,27.6,92.1
20260722T232313Z,27.6,92.1
20260722T232328Z,27.6,92.1
20260722T232343Z,27.6,92.1
20260722T232358Z,27.6,92.1
20260722T232413Z,27.6,92.1
20260722T232428Z,27.6,92.0
20260722T232443Z,27.7,92.0
20260722T232458Z,27.7,92.0
20260722T232513Z,27.7,92.0
20260722T232528Z,27.7,92.0
20260722T232543Z,27.7,92.0
20260722T232558Z,27.7,92.0
20260722T232613Z,27.7,91.9
20260722T232628Z,27.7,92.0
20260722T232643Z,27.7,92.0
20260722T232658Z,27.7,91.9
20260722T232713Z,27.7,90.9
20260722T232728Z,27.7,91.0
20260722T232743Z,27.7,89.3
20260722T232758Z,27.6,89.6
20260722T232813Z,27.6,88.0
20260722T232828Z,27.5,87.4
20260722T232843Z,27.5,87.1
20260722T232858Z,27.4,86.3
20260722T232913Z,27.4,85.2
20260722T232928Z,27.3,84.1
20260722T232943Z,27.2,82.5
20260722T232958Z,27.1,84.0
20260722T233013Z,27.1,81.5
20260722T233028Z,27.0,81.7
20260722T233043Z,26.9,80.3
20260722T233058Z,26.8,80.0
20260722T233113Z,26.8,78.7
20260722T233128Z,26.6,78.3
20260722T233143Z,26.5,78.1
20260722T233158Z,26.5,81.0
20260722T233213Z,26.4,82.7
20260722T233228Z,26.4,83.8
20260722T233243Z,26.4,84.5
20260722T233258Z,26.4,85.0
20260722T233313Z,26.4,85.3
20260722T233328Z,26.4,85.4
20260722T233344Z,26.4,85.9
20260722T233359Z,26.3,86.1
20260722T233413Z,26.3,86.3
20260722T233428Z,26.3,86.3
20260722T233443Z,26.3,86.7
20260722T233458Z,26.3,86.8
20260722T233513Z,26.4,87.1
20260722T233528Z,26.4,87.3
20260722T233543Z,26.4,87.4
20260722T233558Z,26.4,87.7
20260722T233613Z,26.4,87.9
20260722T233628Z,26.5,87.9
20260722T233643Z,26.5,88.1
20260722T233658Z,26.5,88.3
20260722T233713Z,26.5,88.4
20260722T233728Z,26.5,88.6
20260722T233743Z,26.6,88.5
20260722T233758Z,26.6,88.9
20260722T233813Z,26.6,89.0
20260722T233828Z,26.6,89.0
20260722T233843Z,26.7,89.3
20260722T233858Z,26.7,89.5
20260722T233913Z,26.7,89.6
20260722T233928Z,26.7,89.9
20260722T233943Z,26.7,90.1
20260722T233958Z,26.7,89.9
20260722T234013Z,26.7,90.1
20260722T234028Z,26.7,90.4
20260722T234043Z,26.8,90.6
20260722T234058Z,26.8,90.8
20260722T234113Z,26.8,90.8
20260722T234128Z,26.8,91.0
20260722T234143Z,26.8,91.0
20260722T234158Z,26.8,91.2
20260722T234213Z,26.8,91.3
20260722T234228Z,26.8,91.4
20260722T234243Z,26.8,91.4
20260722T234258Z,26.9,91.6
20260722T234313Z,26.9,91.6
20260722T234328Z,26.9,91.7
20260722T234343Z,26.9,91.9
20260722T234358Z,26.9,91.9
20260722T234413Z,26.9,92.0
20260722T234428Z,26.9,92.0
20260722T234443Z,26.9,92.1
20260722T234458Z,26.9,92.2
20260722T234513Z,26.9,92.3
20260722T234528Z,27.0,92.4
20260722T234543Z,27.0,92.5
20260722T234558Z,27.0,92.6
20260722T234613Z,27.0,92.7
20260722T234628Z,27.0,92.8
20260722T234643Z,27.0,92.8
20260722T234658Z,27.0,92.9
20260722T234713Z,27.0,92.9
20260722T234728Z,27.0,93.0
20260722T234743Z,27.0,93.1
20260722T234758Z,27.1,93.1
20260722T234813Z,27.0,93.1
20260722T234828Z,27.1,93.1
20260722T234843Z,27.1,93.2
20260722T234858Z,27.1,93.2
20260722T234913Z,27.1,93.2
20260722T234928Z,27.1,93.3
20260722T234943Z,27.1,93.3
20260722T234958Z,27.1,93.3
20260722T235013Z,27.1,93.3
20260722T235028Z,27.2,93.3
20260722T235043Z,27.2,93.3
20260722T235058Z,27.2,93.3
20260722T235113Z,27.2,93.3
20260722T235128Z,27.2,93.3
20260722T235143Z,27.2,93.3
20260722T235158Z,27.2,93.4
20260722T235213Z,27.3,93.3
20260722T235228Z,27.3,93.4
20260722T235243Z,27.3,93.4
20260722T235258Z,27.3,93.4
20260722T235313Z,27.3,93.4
20260722T235328Z,27.3,93.3
20260722T235343Z,27.3,93.4
20260722T235358Z,27.3,93.3
20260722T235413Z,27.3,93.3
20260722T235428Z,27.3,93.3
20260722T235443Z,27.3,93.3
20260722T235458Z,27.4,93.3
20260722T235513Z,27.4,93.3
20260722T235528Z,27.4,93.3
20260722T235544Z,27.4,93.3
20260722T235558Z,27.4,93.2
20260722T235613Z,27.4,93.2
20260722T235628Z,27.4,93.2
20260722T235643Z,27.4,93.2
20260722T235658Z,27.4,93.2
20260722T235713Z,27.5,93.1
20260722T235728Z,27.5,93.1
20260722T235743Z,27.5,93.1
20260722T235758Z,27.5,93.1
20260722T235813Z,27.5,93.1
20260722T235828Z,27.5,93.1
20260722T235843Z,27.5,93.0
20260722T235858Z,27.5,93.0
20260722T235913Z,27.5,93.0
20260722T235928Z,27.5,93.0
20260722T235943Z,27.5,92.9
20260722T235958Z,27.5,92.9