Time,Temperature,Humidity
20260729T000014Z,26.1,90.9
20260729T000029Z,26.1,90.9
20260729T000044Z,26.1,91.0
20260729T000059Z,26.2,91.2
20260729T000114Z,26.2,91.4
20260729T000129Z,26.2,91.3
20260729T000144Z,26.2,91.5
20260729T000159Z,26.2,91.4
20260729T000214Z,26.2,91.7
20260729T000229Z,26.2,91.7
20260729T000244Z,26.2,91.8
20260729T000259Z,26.3,91.9
20260729T000314Z,26.3,92.1
20260729T000329Z,26.3,92.0
20260729T000344Z,26.3,92.1
20260729T000359Z,26.3,92.2
20260729T000414Z,26.3,92.2
20260729T000429Z,26.3,92.2
20260729T000444Z,26.3,92.3
20260729T000459Z,26.4,92.4
20260729T000514Z,26.4,92.4
20260729T000529Z,26.4,92.5
20260729T000544Z,26.4,92.6
20260729T000559Z,26.4,92.7
20260729T000614Z,26.4,92.8
20260729T000629Z,26.4,92.7
20260729T000644Z,26.4,92.7
20260729T000659Z,26.4,92.8
20260729T000714Z,26.4,92.8
20260729T000729Z,26.5,92.9
20260729T000744Z,26.5,92.8
20260729T000759Z,26.5,92.9
20260729T000814Z,26.5,92.9
20260729T000829Z,26.5,92.9
20260729T000844Z,26.5,92.9
20260729T000859Z,26.6,92.9
20260729T000914Z,26.6,92.9
20260729T000929Z,26.6,93.0
20260729T000944Z,26.6,93.0
20260729T000959Z,26.6,93.0
20260729T001014Z,26.6,93.1
20260729T001029Z,26.6,93.1
20260729T001044Z,26.6,93.0
20260729T001059Z,26.7,93.0
20260729T001114Z,26.7,93.1
20260729T001129Z,26.7,93.1
20260729T001144Z,26.7,92.4
20260729T001159Z,26.7,90.7
20260729T001214Z,26.6,90.2
20260729T001229Z,26.6,89.3
20260729T001244Z,26.6,88.4
20260729T001259Z,26.5,87.9
20260729T001314Z,26.5,87.3
20260729T001329Z,26.5,86.0
20260729T001344Z,26.4,85.0
20260729T001359Z,26.4,84.1
20260729T001414Z,26.3,83.5
20260729T001429Z,26.2,82.8
20260729T001444Z,26.1,81.7
20260729T001459Z,26.1,81.4
20260729T001514Z,26.0,80.6
20260729T001529Z,25.9,79.9
20260729T001544Z,25.8,78.9
20260729T001559Z,25.7,78.3
20260729T001614Z,25.6,78.0
20260729T001629Z,25.5,77.7
20260729T001644Z,25.4,77.7
20260729T001659Z,25.4,78.7
20260729T001714Z,25.4,80.7
20260729T001729Z,25.4,82.3
20260729T001744Z,25.4,83.4
20260729T001759Z,25.4,83.7
20260729T001814Z,25.4,84.1
20260729T001829Z,25.4,84.3
20260729T001844Z,25.4,84.6
20260729T001859Z,25.4,84.9
20260729T001914Z,25.5,84.9
20260729T001929Z,25.4,85.3
20260729T001944Z,25.5,85.4
20260729T001959Z,25.5,85.7
20260729T002014Z,25.5,86.1
20260729T002029Z,25.5,86.5
20260729T002044Z,25.5,86.6
20260729T002059Z,25.5,86.8
20260729T002114Z,25.6,87.0
20260729T002129Z,25.6,87.0
20260729T002144Z,25.6,87.4
20260729T002159Z,25.6,87.7
20260729T002214Z,25.7,87.6
20260729T002229Z,25.7,87.9
20260729T002244Z,25.7,88.2
20260729T002259Z,25.7,88.3
20260729T002314Z,25.8,88.3
20260729T002329Z,25.8,88.5
20260729T002344Z,25.8,88.7
20260729T002359Z,25.8,88.8
20260729T002414Z,25.8,88.9
20260729T002429Z,25.9,88.8
20260729T002444Z,25.9,89.1
20260729T002459Z,25.9,89.1
20260729T002514Z,25.9,89.4
20260729T002529Z,26.0,89.5
20260729T002544Z,26.0,89.5
20260729T002559Z,26.0,89.8
20260729T002614Z,26.0,90.0
20260729T002629Z,26.0,90.1
20260729T002644Z,26.1,90.2
20260729T002659Z,26.1,90.4
20260729T002714Z,26.1,90.5
20260729T002729Z,26.1,90.6
20260729T002744Z,26.1,90.6
20260729T002759Z,26.1,90.8
20260729T002814Z,26.1,90.9
20260729T002829Z,26.2,90.9
20260729T002844Z,26.2,91.0
20260729T002859Z,26.2,91.1
20260729T002914Z,26.2,91.1
20260729T002929Z,26.2,91.2
20260729T002944Z,26.2,91.2
20260729T002959Z,26.2,91.3
20260729T003014Z,26.3,91.5
20260729T003029Z,26.3,91.5
20260729T003044Z,26.3,91.7
20260729T003059Z,26.3,91.6
20260729T003114Z,26.3,91.7
20260729T003129Z,26.3,92.0
20260729T003144Z,26.3,92.1
20260729T003159Z,26.3,92.2
20260729T003214Z,26.3,92.1
20260729T003229Z,26.3,92.3
20260729T003244Z,26.4,92.3
20260729T003259Z,26.4,92.4
20260729T003314Z,26.4,92.4
20260729T003329Z,26.4,92.6
20260729T003344Z,26.4,92.6
20260729T003359Z,26.4,92.7
20260729T003414Z,26.4,92.7
20260729T003429Z,26.4,92.7
20260729T003444Z,26.4,92.8
20260729T003459Z,26.4,92.8
20260729T003514Z,26.5,92.8
20260729T003529Z,26.5,92.9
20260729T003544Z,26.5,92.8
20260729T003559Z,26.5,93.0
20260729T003614Z,26.5,93.0
20260729T003629Z,26.5,93.0
20260729T003644Z,26.6,93.0
20260729T003659Z,26.6,92.9
20260729T003714Z,26.6,93.0
20260729T003729Z,26.6,93.0
20260729T003744Z,26.6,93.0
20260729T003759Z,26.6,93.0
20260729T003814Z,26.6,93.1
20260729T003829Z,26.6,93.1
20260729T003844Z,26.7,93.1
20260729T003859Z,26.7,93.0
20260729T003914Z,26.7,92.3
20260729T003929Z,26.7,91.0
20260729T003944Z,26.6,90.4
20260729T003959Z,26.6,90.0
20260729T004014Z,26.6,88.7
20260729T004029Z,26.5,87.7
20260729T004044Z,26.5,86.8
20260729T004059Z,26.4,85.6
20260729T004114Z,26.4,85.1
20260729T004129Z,26.3,84.8
20260729T004144Z,26.2,83.7
20260729T004159Z,26.2,83.0
20260729T004214Z,26.1,82.6
20260729T004229Z,26.0,80.9
20260729T004244Z,25.9,80.9
20260729T004259Z,25.8,79.9
20260729T004314Z,25.8,79.4
20260729T004329Z,25.7,79.9
20260729T004344Z,25.6,79.0
20260729T004359Z,25.5,78.4
20260729T004414Z,25.5,78.2
20260729T004429Z,25.4,77.5
20260729T004444Z,25.3,76.8
20260729T004459Z,25.3,77.1
20260729T004514Z,25.2,76.0
20260729T004529Z,25.2,75.0
20260729T004544Z,25.1,74.8
20260729T004559Z,25.0,74.6
20260729T004614Z,25.0,73.5
20260729T004629Z,24.9,73.3
20260729T004644Z,24.8,73.0
20260729T004659Z,24.8,74.6
20260729T004714Z,24.7,76.4
20260729T004729Z,24.7,78.4
20260729T004744Z,24.7,79.6
20260729T004759Z,24.7,80.1
20260729T004814Z,24.7,80.5
20260729T004829Z,24.8,80.8
20260729T004844Z,24.8,80.9
20260729T004859Z,24.8,81.5
20260729T004914Z,24.8,82.0
20260729T004929Z,24.8,82.4
20260729T004944Z,24.9,82.7
20260729T004959Z,24.9,83.3
20260729T005014Z,24.9,83.2
20260729T005029Z,24.9,83.8
20260729T005044Z,25.0,83.8
20260729T005059Z,25.0,84.5
20260729T005114Z,25.0,84.9
20260729T005129Z,25.1,85.0
20260729T005144Z,25.1,85.0
20260729T005159Z,25.1,85.7
20260729T005214Z,25.2,85.9
20260729T005229Z,25.2,86.2
20260729T005244Z,25.2,86.7
20260729T005259Z,25.2,86.6
20260729T005314Z,25.3,86.9
20260729T005329Z,25.3,87.1
20260729T005344Z,25.3,87.7
20260729T005359Z,25.4,87.8
20260729T005414Z,25.4,87.9
20260729T005429Z,25.5,88.1
20260729T005444Z,25.5,88.3
20260729T005459Z,25.5,88.4
20260729T005514Z,25.5,88.7
20260729T005529Z,25.6,88.9
20260729T005544Z,25.6,89.0
20260729T005559Z,25.6,89.3
20260729T005614Z,25.6,89.4
20260729T005629Z,25.7,89.6
20260729T005644Z,25.7,88.9
20260729T005659Z,25.7,89.0
20260729T005714Z,25.7,87.8
20260729T005729Z,25.7,87.2
20260729T005744Z,25.7,85.9
20260729T005759Z,25.6,85.0
20260729T005814Z,25.6,84.3
20260729T005829Z,25.5,84.3
20260729T005844Z,25.4,83.3
20260729T005859Z,25.4,82.1
20260729T005914Z,25.3,81.6
20260729T005929Z,25.2,81.6
20260729T005944Z,25.2,81.1
20260729T005959Z,25.1,80.3
20260729T010014Z,25.1,79.6
20260729T010029Z,25.0,78.5
20260729T010044Z,25.0,78.1
20260729T010059Z,24.9,77.8
20260729T010114Z,24.8,77.1
20260729T010129Z,24.8,76.2
20260729T010144Z,24.8,75.8
20260729T010159Z,24.8,75.4
20260729T010214Z,24.8,75.1
20260729T010229Z,24.8,75.5
20260729T010244Z,24.8,77.0
20260729T010259Z,24.8,78.8
20260729T010314Z,24.8,79.7
20260729T010329Z,24.8,80.1
20260729T010344Z,24.8,80.3
20260729T010359Z,24.8,81.0
20260729T010414Z,24.8,81.3
20260729T010429Z,24.8,81.7
20260729T010444Z,24.8,82.3
20260729T010459Z,24.8,82.7
20260729T010514Z,24.8,82.9
20260729T010529Z,24.8,83.3
20260729T010544Z,24.9,83.6
20260729T010559Z,24.9,83.9
20260729T010614Z,24.9,84.3
20260729T010629Z,24.9,84.6
20260729T010644Z,25.0,85.3
20260729T010659Z,25.0,85.4
20260729T010714Z,25.0,85.5
20260729T010729Z,25.1,85.9
20260729T010744Z,25.1,85.8
20260729T010759Z,25.1,86.4
20260729T010814Z,25.2,86.9
20260729T010829Z,25.2,86.9
20260729T010844Z,25.2,87.2
20260729T010859Z,25.2,87.5
20260729T010914Z,25.3,87.7
20260729T010929Z,25.3,87.9
20260729T010944Z,25.3,88.2
20260729T010959Z,25.3,88.4
20260729T011014Z,25.4,88.7
20260729T011029Z,25.4,88.8
20260729T011044Z,25.4,88.9
20260729T011059Z,25.5,89.0
20260729T011114Z,25.5,89.2
20260729T011129Z,25.5,89.4
20260729T011144Z,25.5,89.5
20260729T011159Z,25.5,89.7
20260729T011214Z,25.6,89.9
20260729T011229Z,25.6,89.9
20260729T011244Z,25.6,89.5
20260729T011259Z,25.6,87.9
20260729T011314Z,25.6,87.3
20260729T011330Z,25.6,86.8
20260729T011345Z,25.5,86.0
20260729T011359Z,25.5,85.4
20260729T011414Z,25.4,84.1
20260729T011429Z,25.3,83.3
20260729T011444Z,25.3,82.8
20260729T011459Z,25.2,82.0
20260729T011514Z,25.1,82.0
20260729T011529Z,25.0,81.2
20260729T011544Z,25.0,80.8
20260729T011559Z,24.9,80.0
20260729T011614Z,24.8,80.3
20260729T011629Z,24.8,79.1
20260729T011644Z,24.8,78.4
20260729T011659Z,24.8,77.7
20260729T011714Z,24.8,77.2
20260729T011729Z,24.7,75.7
20260729T011744Z,24.7,75.8
20260729T011759Z,24.6,74.8
20260729T011814Z,24.6,74.8
20260729T011829Z,24.6,76.7
20260729T011844Z,24.6,78.5
20260729T011859Z,24.6,80.0
20260729T011914Z,24.6,80.5
20260729T011929Z,24.6,81.1
20260729T011944Z,24.6,81.3
20260729T011959Z,24.6,81.8
20260729T012014Z,24.6,82.2
20260729T012029Z,24.6,82.8
20260729T012044Z,24.6,82.9
20260729T012059Z,24.6,83.2
20260729T012114Z,24.7,83.5
20260729T012129Z,24.7,83.8
20260729T012144Z,24.7,84.1
20260729T012159Z,24.8,84.3
20260729T012214Z,24.8,84.8
20260729T012229Z,24.8,85.1
20260729T012244Z,24.9,85.3
20260729T012259Z,24.9,85.5
20260729T012314Z,24.9,85.9
20260729T012329Z,24.9,86.2
20260729T012344Z,25.0,86.3
20260729T012359Z,25.0,86.8
20260729T012414Z,25.0,87.0
20260729T012429Z,25.1,87.1
20260729T012444Z,25.1,87.5
20260729T012459Z,25.1,87.7
20260729T012514Z,25.1,87.9
20260729T012529Z,25.2,88.0
20260729T012544Z,25.2,88.2
20260729T012559Z,25.2,88.3
20260729T012614Z,25.3,88.5
20260729T012629Z,25.3,88.7
20260729T012644Z,25.3,88.9
20260729T012659Z,25.4,89.0
20260729T012714Z,25.4,89.3
20260729T012729Z,25.4,89.5
20260729T012744Z,25.4,89.5
20260729T012759Z,25.4,89.7
20260729T012814Z,25.4,89.8
20260729T012829Z,25.5,90.0
20260729T012844Z,25.5,90.1
20260729T012859Z,25.5,90.2
20260729T012914Z,25.5,89.6
20260729T012929Z,25.5,88.6
20260729T012944Z,25.5,87.5
20260729T012959Z,25.5,87.3
20260729T013014Z,25.4,86.2
20260729T013029Z,25.4,85.5
20260729T013044Z,25.3,84.6
20260729T013059Z,25.3,83.7
20260729T013114Z,25.2,83.7
20260729T013129Z,25.1,83.3
20260729T013144Z,25.0,82.5
20260729T013159Z,25.0,81.6
20260729T013214Z,24.9,81.0
20260729T013229Z,24.8,81.2
20260729T013244Z,24.8,81.0
20260729T013259Z,24.7,79.5
20260729T013314Z,24.7,79.4
20260729T013330Z,24.6,78.5
20260729T013345Z,24.6,78.1
20260729T013359Z,24.6,77.4
20260729T013414Z,24.6,76.5
20260729T013429Z,24.6,76.1
20260729T013444Z,24.5,75.0
20260729T013459Z,24.5,74.9
20260729T013514Z,24.5,74.0
20260729T013529Z,24.5,75.6
20260729T013544Z,24.5,77.4
20260729T013559Z,24.6,78.9
20260729T013614Z,24.6,79.6
20260729T013629Z,24.6,80.1
20260729T013644Z,24.5,80.4
20260729T013659Z,24.5,80.9
20260729T013714Z,24.5,81.5
20260729T013729Z,24.5,81.6
20260729T013744Z,24.6,81.8
20260729T013759Z,24.6,82.6
20260729T013814Z,24.6,82.8
20260729T013829Z,24.6,83.2
20260729T013844Z,24.6,83.7
20260729T013859Z,24.7,83.9
20260729T013914Z,24.7,84.5
20260729T013929Z,24.7,84.7
20260729T013944Z,24.8,85.3
20260729T013959Z,24.8,85.4
20260729T014014Z,24.8,85.8
20260729T014029Z,24.8,86.2
20260729T014044Z,24.9,86.3
20260729T014059Z,24.9,86.5
20260729T014114Z,24.9,87.2
20260729T014129Z,25.0,87.3
20260729T014144Z,25.0,87.8
20260729T014159Z,25.0,87.8
20260729T014214Z,25.1,88.1
20260729T014229Z,25.1,88.4
20260729T014244Z,25.1,88.6
20260729T014259Z,25.2,88.8
20260729T014314Z,25.2,89.1
20260729T014329Z,25.2,89.2
20260729T014344Z,25.3,89.2
20260729T014359Z,25.3,89.5
20260729T014414Z,25.3,89.6
20260729T014429Z,25.4,89.7
20260729T014444Z,25.4,89.8
20260729T014459Z,25.4,89.1
20260729T014514Z,25.4,89.3
20260729T014529Z,25.4,87.1
20260729T014544Z,25.4,86.9
20260729T014559Z,25.4,86.1
20260729T014614Z,25.3,85.6
20260729T014629Z,25.3,85.0
20260729T014644Z,25.2,83.9
20260729T014659Z,25.2,83.1
20260729T014714Z,25.1,82.8
20260729T014729Z,25.0,81.1
20260729T014744Z,24.9,80.5
20260729T014759Z,24.8,80.4
20260729T014814Z,24.7,79.8
20260729T014829Z,24.7,78.9
20260729T014844Z,24.6,78.7
20260729T014859Z,24.5,77.8
20260729T014914Z,24.4,77.4
20260729T014929Z,24.3,76.8
20260729T014944Z,24.3,76.6
20260729T014959Z,24.2,76.3
20260729T015014Z,24.2,76.4
20260729T015029Z,24.2,75.1
20260729T015044Z,24.2,74.3
20260729T015059Z,24.1,73.9
20260729T015114Z,24.1,74.6
20260729T015129Z,24.1,76.5
20260729T015144Z,24.1,78.2
20260729T015159Z,24.1,79.6
20260729T015214Z,24.1,80.0
20260729T015229Z,24.2,80.6
20260729T015244Z,24.2,81.2
20260729T015259Z,24.2,81.2
20260729T015314Z,24.3,81.6
20260729T015329Z,24.3,82.0
20260729T015344Z,24.4,82.1
20260729T015359Z,24.4,82.8
20260729T015414Z,24.4,83.0
20260729T015429Z,24.5,83.1
20260729T015444Z,24.5,83.9
20260729T015459Z,24.6,84.1
20260729T015514Z,24.6,84.6
20260729T015529Z,24.7,84.8
20260729T015544Z,24.7,85.1
20260729T015600Z,24.8,85.3
20260729T015614Z,24.8,85.8
20260729T015631Z,24.8,86.1
20260729T015645Z,24.8,86.0
20260729T015659Z,24.9,86.5
20260729T015714Z,24.9,86.7
20260729T015731Z,25.0,87.0
20260729T015745Z,25.0,87.3
20260729T015759Z,25.0,87.5
20260729T015814Z,25.1,87.8
20260729T015829Z,25.1,88.0
20260729T015845Z,25.1,88.1
20260729T015859Z,25.2,88.4
20260729T015914Z,25.2,88.5
20260729T015930Z,25.2,88.5
20260729T015944Z,25.3,88.8
20260729T020000Z,25.3,88.8
20260729T020014Z,25.3,89.1
20260729T020030Z,25.4,89.3
20260729T020045Z,25.4,89.5
20260729T020059Z,25.4,88.3
20260729T020114Z,25.4,88.4
20260729T020130Z,25.4,86.9
20260729T020144Z,25.4,86.8
20260729T020200Z,25.4,85.7
20260729T020214Z,25.4,84.8
20260729T020230Z,25.3,84.0
20260729T020244Z,25.3,83.3
20260729T020300Z,25.2,82.9
20260729T020314Z,25.1,81.9
20260729T020330Z,25.0,81.3
20260729T020344Z,24.9,80.5
20260729T020400Z,24.8,80.0
20260729T020414Z,24.7,79.7
20260729T020429Z,24.6,78.9
20260729T020445Z,24.6,78.4
20260729T020459Z,24.5,77.8
20260729T020515Z,24.4,77.4
20260729T020529Z,24.4,76.8
20260729T020545Z,24.3,76.4
20260729T020559Z,24.3,76.0
20260729T020615Z,24.2,75.6
20260729T020631Z,24.2,75.3
20260729T020645Z,24.2,74.1
20260729T020700Z,24.1,73.4
20260729T020714Z,24.1,73.2
20260729T020730Z,24.0,73.8
20260729T020744Z,24.0,75.6
20260729T020800Z,24.0,77.5
20260729T020814Z,24.1,79.0
20260729T020830Z,24.1,79.5
20260729T020844Z,24.1,80.0
20260729T020900Z,24.2,80.3
20260729T020914Z,24.2,80.7
20260729T020930Z,24.2,81.2
20260729T020944Z,24.3,81.2
20260729T021000Z,24.3,81.9
20260729T021014Z,24.4,82.4
20260729T021029Z,24.4,82.5
20260729T021044Z,24.4,82.9
20260729T021100Z,24.5,83.5
20260729T021114Z,24.5,84.0
20260729T021129Z,24.6,84.3
20260729T021145Z,24.6,84.5
20260729T021159Z,24.6,84.6
20260729T021215Z,24.7,85.3
20260729T021230Z,24.7,85.2
20260729T021244Z,24.8,85.5
20260729T021259Z,24.8,86.1
20260729T021315Z,24.9,86.1
20260729T021329Z,24.9,86.2
20260729T021344Z,24.9,86.8
20260729T021400Z,25.0,86.9
20260729T021414Z,25.0,87.2
20260729T021430Z,25.0,87.3
20260729T021444Z,25.1,87.7
20260729T021500Z,25.1,87.9
20260729T021514Z,25.1,88.1
20260729T021530Z,25.2,88.1
20260729T021544Z,25.2,88.3
20260729T021600Z,25.3,88.5
20260729T021614Z,25.3,88.6
20260729T021630Z,25.3,88.9
20260729T021644Z,25.3,88.1
20260729T021659Z,25.4,87.5
20260729T021715Z,25.4,86.5
20260729T021730Z,25.3,85.6
20260729T021744Z,25.3,85.1
20260729T021800Z,25.3,84.1
20260729T021815Z,25.2,83.3
20260729T021830Z,25.2,82.6
20260729T021844Z,25.1,82.0
20260729T021900Z,25.0,81.3
20260729T021914Z,25.0,80.6
20260729T021930Z,24.9,80.0
20260729T021944Z,24.8,79.5
20260729T021959Z,24.8,79.6
20260729T022014Z,24.8,78.6
20260729T022030Z,24.7,77.7
20260729T022044Z,24.7,77.3
20260729T022059Z,24.7,76.4
20260729T022115Z,24.7,75.3
20260729T022129Z,24.6,74.4
20260729T022145Z,24.6,74.4
20260729T022159Z,24.5,73.9
20260729T022215Z,24.5,73.7
20260729T022229Z,24.5,74.3
20260729T022245Z,24.4,76.1
20260729T022259Z,24.4,77.9
20260729T022314Z,24.4,78.9
20260729T022330Z,24.4,79.6
20260729T022344Z,24.4,80.0
20260729T022400Z,24.4,80.5
20260729T022414Z,24.4,81.4
20260729T022430Z,24.4,81.5
20260729T022445Z,24.4,81.8
20260729T022459Z,24.5,82.3
20260729T022515Z,24.5,82.5
20260729T022529Z,24.5,83.2
20260729T022545Z,24.6,83.5
20260729T022559Z,24.6,83.8
20260729T022614Z,24.6,83.9
20260729T022629Z,24.7,84.4
20260729T022644Z,24.7,84.5
20260729T022700Z,24.8,84.7
20260729T022714Z,24.8,84.9
20260729T022730Z,24.9,85.2
20260729T022744Z,24.9,85.7
20260729T022800Z,24.9,86.0
20260729T022814Z,25.0,86.2
20260729T022830Z,25.0,86.4
20260729T022844Z,25.0,86.7
20260729T022900Z,25.1,87.0
20260729T022914Z,25.1,87.3
20260729T022930Z,25.1,87.5
20260729T022944Z,25.2,87.6
20260729T022959Z,25.2,87.9
20260729T023015Z,25.2,88.0
20260729T023029Z,25.3,88.2
20260729T023044Z,25.3,88.4
20260729T023100Z,25.3,88.3
20260729T023114Z,25.3,88.6
20260729T023130Z,25.4,88.9
20260729T023144Z,25.4,88.4
20260729T023200Z,25.4,88.7
20260729T023214Z,25.4,86.4
20260729T023230Z,25.4,86.0
20260729T023244Z,25.4,85.2
20260729T023300Z,25.3,84.5
20260729T023314Z,25.3,83.4
20260729T023330Z,25.2,82.9
20260729T023344Z,25.1,82.8
20260729T023400Z,25.1,81.4
20260729T023414Z,25.0,81.1
20260729T023430Z,24.9,80.5
20260729T023444Z,24.8,79.7
20260729T023500Z,24.8,79.2
20260729T023514Z,24.7,79.0
20260729T023529Z,24.6,78.2
20260729T023545Z,24.6,77.7
20260729T023559Z,24.5,77.0
20260729T023615Z,24.4,76.2
20260729T023630Z,24.4,76.0
20260729T023644Z,24.3,75.4
20260729T023700Z,24.3,74.9
20260729T023714Z,24.3,74.6
20260729T023729Z,24.2,75.2
20260729T023745Z,24.2,77.0
20260729T023759Z,24.2,78.7
20260729T023815Z,24.3,79.4
20260729T023830Z,24.3,80.0
20260729T023844Z,24.3,80.5
20260729T023900Z,24.3,81.2
20260729T023914Z,24.3,81.4
20260729T023929Z,24.3,81.9
20260729T023944Z,24.4,82.4
20260729T024000Z,24.4,82.8
20260729T024014Z,24.4,83.1
20260729T024030Z,24.5,83.5
20260729T024045Z,24.5,84.0
20260729T024059Z,24.6,83.9
20260729T024115Z,24.6,84.0
20260729T024129Z,24.6,84.4
20260729T024144Z,24.7,84.7
20260729T024200Z,24.7,84.8
20260729T024214Z,24.8,85.4
20260729T024229Z,24.8,85.9
20260729T024244Z,24.9,85.8
20260729T024300Z,24.9,86.1
20260729T024314Z,25.0,86.5
20260729T024329Z,25.0,86.4
20260729T024345Z,25.1,86.8
20260729T024359Z,25.1,87.0
20260729T024414Z,25.1,87.1
20260729T024430Z,25.1,87.6
20260729T024444Z,25.2,87.5
20260729T024500Z,25.2,87.9
20260729T024514Z,25.2,88.0
20260729T024529Z,25.3,88.3
20260729T024544Z,25.3,88.4
20260729T024600Z,25.3,88.7
20260729T024614Z,25.3,89.0
20260729T024630Z,25.3,88.9
20260729T024645Z,25.4,89.2
20260729T024700Z,25.4,89.3
20260729T024714Z,25.4,89.5
20260729T024730Z,25.4,89.7
20260729T024744Z,25.4,89.7
20260729T024800Z,25.5,90.0
20260729T024815Z,25.5,90.0
20260729T024830Z,25.5,90.2
20260729T024845Z,25.5,90.3
20260729T024859Z,25.6,90.4
20260729T024914Z,25.6,90.5
20260729T024930Z,25.6,90.5
20260729T024945Z,25.6,90.7
20260729T024959Z,25.6,90.8
20260729T025015Z,25.7,90.9
20260729T025029Z,25.7,90.9
20260729T025045Z,25.7,91.1
20260729T025059Z,25.7,91.1
20260729T025115Z,25.7,91.2
20260729T025130Z,25.8,91.3
20260729T025144Z,25.8,91.3
20260729T025200Z,25.8,91.4
20260729T025215Z,25.8,91.5
20260729T025230Z,25.8,91.5
20260729T025245Z,25.8,91.6
20260729T025300Z,25.9,91.6
20260729T025315Z,25.9,91.7
20260729T025331Z,25.9,91.7
20260729T025345Z,25.9,91.8
20260729T025359Z,25.9,91.8
20260729T025415Z,25.9,91.9
20260729T025429Z,26.0,91.9
20260729T025445Z,26.0,91.9
20260729T025500Z,26.0,92.0
20260729T025514Z,26.0,92.0
20260729T025529Z,26.0,92.0
20260729T025545Z,26.0,92.1
20260729T025559Z,26.0,92.1
20260729T025614Z,26.1,92.1
20260729T025629Z,26.1,92.1
20260729T025645Z,26.1,92.1
20260729T025659Z,26.1,92.2
20260729T025715Z,26.1,92.2
20260729T025730Z,26.2,92.2
20260729T025744Z,26.2,92.2
20260729T025800Z,26.2,92.2
20260729T025815Z,26.2,92.2
20260729T025830Z,26.2,92.2
20260729T025845Z,26.2,92.3
20260729T025900Z,26.2,92.2
20260729T025915Z,26.3,92.2
20260729T025930Z,26.3,92.3
20260729T025945Z,26.3,92.2
20260729T030000Z,26.3,92.2
20260729T030015Z,26.3,92.3
20260729T030030Z,26.3,92.3
20260729T030045Z,26.3,92.2
20260729T030059Z,26.3,92.3
20260729T030115Z,26.4,92.2
20260729T030130Z,26.4,92.3
20260729T030145Z,26.4,92.2
20260729T030200Z,26.4,92.3
20260729T030215Z,26.4,92.2
20260729T030230Z,26.4,92.2
20260729T030245Z,26.4,92.2
20260729T030300Z,26.5,92.2
20260729T030315Z,26.5,92.2
20260729T030330Z,26.5,92.2
20260729T030345Z,26.5,92.1
20260729T030400Z,26.5,92.2
20260729T030415Z,26.5,92.1
20260729T030430Z,26.5,92.1
20260729T030445Z,26.5,92.1
20260729T030500Z,26.6,92.1
20260729T030515Z,26.6,92.1
20260729T030530Z,26.6,92.1
20260729T030545Z,26.6,92.0
20260729T030600Z,26.6,92.0
20260729T030615Z,26.6,92.1
20260729T030630Z,26.6,92.0
20260729T030645Z,26.6,92.0
20260729T030700Z,26.7,91.9
20260729T030715Z,26.7,91.9
20260729T030730Z,26.7,91.9
20260729T030745Z,26.7,91.9
20260729T030800Z,26.7,91.9
20260729T030815Z,26.7,91.9
20260729T030830Z,26.7,91.8
20260729T030845Z,26.7,91.8
20260729T030900Z,26.7,91.8
20260729T030915Z,26.7,91.8
20260729T030930Z,26.8,91.7
20260729T030945Z,26.8,91.7
20260729T031000Z,26.8,91.7
20260729T031015Z,26.8,91.7
20260729T031030Z,26.8,91.7
20260729T031045Z,26.8,91.6
20260729T031100Z,26.8,91.6
20260729T031115Z,26.8,91.6
20260729T031130Z,26.8,91.5
20260729T031145Z,26.8,91.5
20260729T031200Z,26.9,91.5
20260729T031215Z,26.9,91.5
20260729T031230Z,26.9,91.5
20260729T031245Z,26.9,91.5
20260729T031300Z,26.9,91.4
20260729T031315Z,26.9,91.4
20260729T031330Z,26.9,91.4
20260729T031345Z,26.9,91.3
20260729T031400Z,26.9,91.3
20260729T031415Z,26.9,91.3
20260729T031430Z,26.9,91.3
20260729T031445Z,26.9,91.3
20260729T031500Z,27.0,91.2
20260729T031515Z,27.0,91.2
20260729T031530Z,27.0,91.2
20260729T031545Z,27.0,91.1
20260729T031600Z,27.0,91.2
20260729T031615Z,27.0,91.1
20260729T031630Z,27.0,91.1
20260729T031645Z,27.0,91.1
20260729T031700Z,27.0,91.1
20260729T031715Z,27.0,91.0
20260729T031730Z,27.0,91.0
20260729T031745Z,27.0,91.0
20260729T031800Z,27.0,91.0
20260729T031815Z,27.1,90.9
20260729T031830Z,27.1,90.9
20260729T031845Z,27.1,90.9
20260729T031900Z,27.1,90.9
20260729T031915Z,27.1,90.9
20260729T031930Z,27.1,90.9
20260729T031945Z,27.1,90.9
20260729T032000Z,27.1,90.8
20260729T032015Z,27.1,90.8
20260729T032030Z,27.1,90.8
20260729T032045Z,27.1,90.8
20260729T032100Z,27.1,90.7
20260729T032115Z,27.1,90.7
20260729T032130Z,27.1,90.7
20260729T032145Z,27.2,90.7
20260729T032200Z,27.2,90.7
20260729T032215Z,27.2,90.7
20260729T032230Z,27.2,90.6
20260729T032245Z,27.2,90.6
20260729T032300Z,27.2,90.6
20260729T032315Z,27.2,90.6
20260729T032330Z,27.2,90.6
20260729T032345Z,27.2,90.5
20260729T032400Z,27.2,90.5
20260729T032415Z,27.2,90.5
20260729T032430Z,27.2,90.5
20260729T032445Z,27.2,90.5
20260729T032500Z,27.2,90.5
20260729T032515Z,27.2,90.5
20260729T032530Z,27.2,90.5
20260729T032545Z,27.2,90.5
20260729T032600Z,27.3,90.4
20260729T032615Z,27.3,90.4
20260729T032630Z,27.2,90.4
20260729T032645Z,27.3,90.4
20260729T032700Z,27.3,90.3
20260729T032715Z,27.3,90.3
20260729T032730Z,27.3,90.3
20260729T032745Z,27.3,90.3
20260729T032800Z,27.3,90.3
20260729T032815Z,27.3,90.3
20260729T032830Z,27.3,90.3
20260729T032845Z,27.3,90.3
20260729T032900Z,27.3,90.2
20260729T032915Z,27.3,90.2
20260729T032930Z,27.3,90.2
20260729T032945Z,27.3,90.2
20260729T033000Z,27.3,90.2
20260729T033015Z,27.3,90.2
20260729T033031Z,27.3,90.2
20260729T033045Z,27.3,90.2
20260729T033100Z,27.3,90.2
20260729T033115Z,27.3,90.1
20260729T033130Z,27.3,90.1
20260729T033145Z,27.3,90.1
20260729T033200Z,27.4,90.1
20260729T033215Z,27.4,90.1
20260729T033230Z,27.4,90.1
20260729T033245Z,27.4,90.0
20260729T033300Z,27.4,90.1
20260729T033315Z,27.4,90.0
20260729T033330Z,27.4,90.0
20260729T033345Z,27.4,90.0
20260729T033400Z,27.4,90.0
20260729T033415Z,27.4,90.0
20260729T033430Z,27.4,90.0
20260729T033445Z,27.4,90.0
20260729T033500Z,27.4,89.9
20260729T033515Z,27.4,89.9
20260729T033530Z,27.4,89.9
20260729T033545Z,27.4,89.9
20260729T033600Z,27.4,89.9
20260729T033615Z,27.4,89.8
20260729T033630Z,27.4,89.9
20260729T033645Z,27.4,89.8
20260729T033700Z,27.4,89.8
20260729T033715Z,27.4,89.8
20260729T033730Z,27.5,89.8
20260729T033745Z,27.5,89.8
20260729T033800Z,27.4,89.7
20260729T033815Z,27.5,89.8
20260729T033830Z,27.5,89.7
20260729T033845Z,27.5,89.7
20260729T033900Z,27.5,89.7
20260729T033915Z,27.5,89.7
20260729T033930Z,27.5,89.7
20260729T033945Z,27.5,89.7
20260729T034000Z,27.5,89.7
20260729T034015Z,27.5,89.7
20260729T034030Z,27.5,89.7
20260729T034045Z,27.5,89.6
20260729T034100Z,27.5,89.6
20260729T034115Z,27.5,89.6
20260729T034130Z,27.5,89.6
20260729T034145Z,27.5,89.6
20260729T034200Z,27.5,89.6
20260729T034215Z,27.5,89.6
20260729T034230Z,27.5,89.6
20260729T034245Z,27.5,89.6
20260729T034300Z,27.5,89.6
20260729T034315Z,27.5,89.5
20260729T034330Z,27.5,89.5
20260729T034345Z,27.5,89.5
20260729T034400Z,27.5,89.5
20260729T034415Z,27.5,89.5
20260729T034430Z,27.5,89.5
20260729T034445Z,27.6,89.5
20260729T034500Z,27.5,89.5
20260729T034515Z,27.5,89.5
20260729T034531Z,27.6,89.4
20260729T034545Z,27.6,89.5
20260729T034600Z,27.5,89.4
20260729T034615Z,27.6,89.4
20260729T034630Z,27.6,89.4
20260729T034645Z,27.6,89.4
20260729T034700Z,27.6,89.4
20260729T034715Z,27.6,89.4
20260729T034730Z,27.6,89.3
20260729T034745Z,27.6,89.3
20260729T034800Z,27.6,89.3
20260729T034815Z,27.6,89.3
20260729T034830Z,27.6,89.3
20260729T034845Z,27.6,89.3
20260729T034900Z,27.6,89.3
20260729T034915Z,27.6,89.3
20260729T034930Z,27.6,89.2
20260729T034945Z,27.6,89.2
20260729T035000Z,27.6,89.2
20260729T035015Z,27.6,89.2
20260729T035030Z,27.6,88.7
20260729T035045Z,27.6,88.0
20260729T035100Z,27.5,87.2
20260729T035115Z,27.5,86.8
20260729T035130Z,27.4,86.4
20260729T035145Z,27.3,85.9
20260729T035200Z,27.2,85.4
20260729T035215Z,27.1,84.7
20260729T035230Z,27.0,84.5
20260729T035245Z,26.9,83.1
20260729T035300Z,26.7,82.6
20260729T035315Z,26.6,82.4
20260729T035330Z,26.4,82.1
20260729T035345Z,26.3,81.3
20260729T035400Z,26.1,81.7
20260729T035415Z,26.0,81.5
20260729T035430Z,25.9,80.6
20260729T035445Z,25.7,82.4
20260729T035500Z,25.7,83.9
20260729T035515Z,25.6,85.3
20260729T035530Z,25.6,86.5
20260729T035545Z,25.6,87.1
20260729T035600Z,25.6,87.3
20260729T035615Z,25.6,87.3
20260729T035630Z,25.7,87.9
20260729T035645Z,25.7,88.1
20260729T035700Z,25.7,88.3
20260729T035715Z,25.7,88.7
20260729T035731Z,25.8,88.9
20260729T035745Z,25.8,89.2
20260729T035800Z,25.8,89.5
20260729T035815Z,25.9,89.6
20260729T035831Z,25.9,89.7
20260729T035846Z,25.9,89.9
20260729T035900Z,26.0,90.2
20260729T035915Z,26.0,90.4
20260729T035930Z,26.0,90.5
20260729T035945Z,26.0,90.7
20260729T040000Z,26.1,90.8
20260729T040015Z,26.1,90.9
20260729T040030Z,26.1,91.2
20260729T040045Z,26.2,91.1
20260729T040100Z,26.2,91.4
20260729T040115Z,26.2,91.4
20260729T040130Z,26.2,91.4
20260729T040145Z,26.3,91.6
20260729T040200Z,26.3,91.6
20260729T040215Z,26.3,91.7
20260729T040230Z,26.3,91.7
20260729T040245Z,26.4,91.8
20260729T040300Z,26.4,91.8
20260729T040315Z,26.4,91.8
20260729T040330Z,26.5,91.9
20260729T040345Z,26.5,91.8
20260729T040400Z,26.5,91.9
20260729T040415Z,26.5,91.9
20260729T040430Z,26.5,92.0
20260729T040445Z,26.6,91.9
20260729T040500Z,26.6,91.9
20260729T040515Z,26.6,91.9
20260729T040530Z,26.6,91.9
20260729T040545Z,26.7,91.8
20260729T040600Z,26.7,91.8
20260729T040615Z,26.7,91.8
20260729T040630Z,26.7,91.7
20260729T040645Z,26.8,91.7
20260729T040700Z,26.8,91.7
20260729T040715Z,26.8,91.6
20260729T040730Z,26.8,91.7
20260729T040745Z,26.9,91.6
20260729T040800Z,26.9,91.5
20260729T040815Z,26.9,91.5
20260729T040830Z,26.9,91.5
20260729T040845Z,26.9,91.4
20260729T040900Z,27.0,91.3
20260729T040915Z,27.0,91.3
20260729T040930Z,27.0,91.3
20260729T040945Z,27.0,91.3
20260729T041000Z,27.0,91.3
20260729T041015Z,27.1,91.2
20260729T041030Z,27.1,91.2
20260729T041045Z,27.1,91.1
20260729T041100Z,27.1,91.1
20260729T041115Z,27.1,91.1
20260729T041130Z,27.1,91.1
20260729T041145Z,27.1,91.0
20260729T041200Z,27.1,91.0
20260729T041215Z,27.2,91.0
20260729T041230Z,27.2,91.0
20260729T041245Z,27.2,90.9
20260729T041300Z,27.2,90.9
20260729T041315Z,27.2,90.9
20260729T041330Z,27.2,90.8
20260729T041345Z,27.2,90.8
20260729T041400Z,27.2,90.8
20260729T041415Z,27.3,90.8
20260729T041430Z,27.3,90.7
20260729T041445Z,27.3,90.7
20260729T041500Z,27.3,90.7
20260729T041515Z,27.3,90.7
20260729T041530Z,27.3,90.6
20260729T041545Z,27.3,90.6
20260729T041600Z,27.3,90.6
20260729T041615Z,27.4,90.6
20260729T041630Z,27.4,90.5
20260729T041645Z,27.4,90.5
20260729T041700Z,27.4,90.4
20260729T041715Z,27.4,90.4
20260729T041730Z,27.4,90.4
20260729T041745Z,27.4,90.4
20260729T041800Z,27.4,90.4
20260729T041815Z,27.4,90.3
20260729T041830Z,27.4,90.3
20260729T041845Z,27.4,90.3
20260729T041900Z,27.4,90.3
20260729T041915Z,27.4,90.3
20260729T041931Z,27.5,90.2
20260729T041945Z,27.5,90.2
20260729T042000Z,27.5,90.2
20260729T042015Z,27.5,90.2
20260729T042030Z,27.5,90.2
20260729T042045Z,27.5,90.2
20260729T042100Z,27.5,90.2
20260729T042115Z,27.5,90.1
20260729T042130Z,27.5,90.1
20260729T042145Z,27.5,90.1
20260729T042200Z,27.5,90.1
20260729T042215Z,27.5,90.1
20260729T042231Z,27.5,90.1
20260729T042245Z,27.5,90.0
20260729T042300Z,27.6,90.0
20260729T042315Z,27.6,90.0
20260729T042330Z,27.6,90.0
20260729T042345Z,27.6,90.0
20260729T042400Z,27.6,90.0
20260729T042415Z,27.6,89.9
20260729T042430Z,27.6,89.9
20260729T042445Z,27.6,89.9
20260729T042500Z,27.6,89.9
20260729T042515Z,27.6,89.9
20260729T042530Z,27.6,89.9
20260729T042545Z,27.6,89.9
20260729T042600Z,27.6,89.9
20260729T042615Z,27.6,89.8
20260729T042630Z,27.6,89.8
20260729T042645Z,27.6,89.8
20260729T042700Z,27.6,89.8
20260729T042715Z,27.6,89.8
20260729T042730Z,27.6,89.8
20260729T042745Z,27.6,89.8
20260729T042800Z,27.6,89.3
20260729T042815Z,27.6,89.6
20260729T042830Z,27.6,87.6
20260729T042845Z,27.5,87.6
20260729T042900Z,27.5,87.0
20260729T042915Z,27.4,86.3
20260729T042930Z,27.3,86.0
20260729T042945Z,27.2,85.1
20260729T043000Z,27.1,84.2
20260729T043015Z,26.9,83.7
20260729T043030Z,26.8,83.5
20260729T043045Z,26.6,82.7
20260729T043100Z,26.5,82.2
20260729T043115Z,26.3,81.9
20260729T043130Z,26.2,81.6
20260729T043145Z,26.1,81.5
20260729T043200Z,25.9,80.8
20260729T043215Z,25.8,80.3
20260729T043230Z,25.7,82.6
20260729T043245Z,25.7,84.2
20260729T043300Z,25.6,85.8
20260729T043315Z,25.6,86.6
20260729T043330Z,25.6,86.9
20260729T043345Z,25.6,87.1
20260729T043400Z,25.7,87.5
20260729T043415Z,25.7,87.9
20260729T043430Z,25.7,88.1
20260729T043445Z,25.7,88.4
20260729T043500Z,25.8,88.7
20260729T043515Z,25.8,88.8
20260729T043530Z,25.9,89.1
20260729T043545Z,25.9,89.3
20260729T043600Z,25.9,89.4
20260729T043615Z,26.0,89.7
20260729T043630Z,26.0,89.8
20260729T043645Z,26.0,90.1
20260729T043700Z,26.1,90.1
20260729T043715Z,26.1,90.4
20260729T043731Z,26.1,90.6
20260729T043745Z,26.2,90.8
20260729T043800Z,26.2,91.0
20260729T043815Z,26.2,91.0
20260729T043830Z,26.2,91.2
20260729T043845Z,26.3,91.3
20260729T043900Z,26.3,91.4
20260729T043915Z,26.3,91.6
20260729T043930Z,26.3,91.6
20260729T043945Z,26.4,91.6
20260729T044000Z,26.4,91.8
20260729T044015Z,26.4,91.9
20260729T044030Z,26.4,91.9
20260729T044045Z,26.5,92.0
20260729T044100Z,26.5,92.0
20260729T044115Z,26.5,92.0
20260729T044130Z,26.5,92.1
20260729T044145Z,26.5,92.2
20260729T044200Z,26.6,92.1
20260729T044215Z,26.6,92.2
20260729T044230Z,26.6,92.2
20260729T044245Z,26.7,92.2
20260729T044300Z,26.7,92.2
20260729T044315Z,26.7,92.2
20260729T044330Z,26.7,92.2
20260729T044345Z,26.7,92.1
20260729T044400Z,26.8,92.1
20260729T044415Z,26.8,92.2
20260729T044430Z,26.8,92.1
20260729T044445Z,26.8,92.0
20260729T044500Z,26.8,92.0
20260729T044515Z,26.9,92.0
20260729T044530Z,26.9,92.0
20260729T044545Z,26.9,92.0
20260729T044600Z,26.9,92.0
20260729T044615Z,27.0,92.0
20260729T044630Z,27.0,91.9
20260729T044645Z,27.0,91.9
20260729T044700Z,27.0,91.8
20260729T044715Z,27.0,91.8
20260729T044731Z,27.0,91.8
20260729T044745Z,27.0,91.7
20260729T044800Z,27.1,91.7
20260729T044815Z,27.1,91.7
20260729T044830Z,27.1,91.6
20260729T044845Z,27.1,91.6
20260729T044900Z,27.1,91.6
20260729T044915Z,27.2,91.5
20260729T044930Z,27.2,91.5
20260729T044945Z,27.2,91.5
20260729T045000Z,27.2,91.4
20260729T045015Z,27.2,91.4
20260729T045030Z,27.2,91.4
20260729T045045Z,27.3,91.4
20260729T045100Z,27.3,91.3
20260729T045115Z,27.3,91.3
20260729T045130Z,27.3,91.2
20260729T045145Z,27.3,91.2
20260729T045200Z,27.3,91.2
20260729T045215Z,27.3,91.2
20260729T045230Z,27.3,91.2
20260729T045245Z,27.3,91.2
20260729T045300Z,27.3,91.1
20260729T045315Z,27.4,91.1
20260729T045330Z,27.4,91.0
20260729T045345Z,27.4,91.0
20260729T045400Z,27.4,91.0
20260729T045415Z,27.4,90.9
20260729T045430Z,27.4,90.9
20260729T045445Z,27.4,90.9
20260729T045500Z,27.4,90.9
20260729T045515Z,27.4,90.9
20260729T045530Z,27.4,90.9
20260729T045545Z,27.5,90.8
20260729T045600Z,27.5,90.8
20260729T045615Z,27.5,90.8
20260729T045630Z,27.5,90.8
20260729T045645Z,27.5,90.8
20260729T045700Z,27.5,90.7
20260729T045715Z,27.5,90.7
20260729T045731Z,27.5,90.7
20260729T045746Z,27.5,90.7
20260729T045800Z,27.5,90.7
20260729T045815Z,27.5,90.7
20260729T045830Z,27.5,90.6
20260729T045845Z,27.5,90.6
20260729T045900Z,27.6,90.6
20260729T045915Z,27.6,90.6
20260729T045930Z,27.6,90.6
20260729T045945Z,27.6,90.5
20260729T050000Z,27.6,90.5
20260729T050015Z,27.6,90.5
20260729T050030Z,27.6,90.5
20260729T050045Z,27.6,90.5
20260729T050100Z,27.6,90.4
20260729T050115Z,27.6,90.4
20260729T050130Z,27.6,90.4
20260729T050145Z,27.6,90.4
20260729T050200Z,27.6,90.4
20260729T050215Z,27.6,90.3
20260729T050230Z,27.6,90.4
20260729T050245Z,27.6,90.3
20260729T050300Z,27.6,90.2
20260729T050315Z,27.6,90.3
20260729T050330Z,27.6,88.5
20260729T050345Z,27.5,88.2
20260729T050400Z,27.5,87.6
20260729T050415Z,27.4,87.2
20260729T050430Z,27.3,87.4
20260729T050445Z,27.2,85.6
20260729T050500Z,27.1,84.9
20260729T050515Z,27.0,84.8
20260729T050530Z,26.8,83.9
20260729T050545Z,26.7,82.7
20260729T050600Z,26.6,83.5
20260729T050615Z,26.4,82.9
20260729T050630Z,26.3,82.2
20260729T050645Z,26.2,81.9
20260729T050700Z,26.0,81.0
20260729T050715Z,25.9,81.1
20260729T050730Z,25.8,82.0
20260729T050745Z,25.7,83.7
20260729T050800Z,25.7,85.1
20260729T050815Z,25.6,86.0
20260729T050830Z,25.7,86.8
20260729T050845Z,25.7,87.2
20260729T050900Z,25.7,87.3
20260729T050915Z,25.7,87.3
20260729T050930Z,25.8,87.4
20260729T050945Z,25.8,88.0
20260729T051000Z,25.8,88.5
20260729T051015Z,25.8,88.5
20260729T051030Z,25.9,88.9
20260729T051045Z,25.9,89.0
20260729T051100Z,25.9,89.4
20260729T051115Z,26.0,89.5
20260729T051130Z,26.0,89.7
20260729T051145Z,26.0,89.9
20260729T051200Z,26.1,90.1
20260729T051215Z,26.1,90.4
20260729T051230Z,26.1,90.6
20260729T051245Z,26.2,90.5
20260729T051300Z,26.2,90.8
20260729T051315Z,26.2,91.0
20260729T051330Z,26.2,91.0
20260729T051345Z,26.3,91.3
20260729T051400Z,26.3,91.3
20260729T051415Z,26.3,91.4
20260729T051430Z,26.3,91.6
20260729T051445Z,26.4,91.7
20260729T051500Z,26.4,91.7
20260729T051515Z,26.4,91.9
20260729T051530Z,26.4,92.0
20260729T051545Z,26.4,92.1
20260729T051600Z,26.5,92.1
20260729T051615Z,26.5,92.2
20260729T051630Z,26.5,92.2
20260729T051645Z,26.5,92.3
20260729T051700Z,26.6,92.2
20260729T051715Z,26.6,92.3
20260729T051730Z,26.6,92.3
20260729T051745Z,26.6,92.3
20260729T051800Z,26.7,92.4
20260729T051815Z,26.7,92.3
20260729T051830Z,26.7,92.3
20260729T051845Z,26.8,92.3
20260729T051900Z,26.8,92.3
20260729T051915Z,26.8,92.3
20260729T051930Z,26.8,92.3
20260729T051945Z,26.8,92.2
20260729T052000Z,26.9,92.2
20260729T052015Z,26.9,92.2
20260729T052030Z,26.9,92.2
20260729T052045Z,26.9,92.1
20260729T052100Z,26.9,92.1
20260729T052115Z,27.0,92.1
20260729T052130Z,27.0,92.0
20260729T052145Z,27.0,92.0
20260729T052200Z,27.0,92.0
20260729T052215Z,27.1,92.0
20260729T052230Z,27.1,91.9
20260729T052245Z,27.1,91.9
20260729T052300Z,27.1,91.9
20260729T052315Z,27.1,91.8
20260729T052330Z,27.2,91.7
20260729T052345Z,27.2,91.7
20260729T052400Z,27.2,91.7
20260729T052415Z,27.2,91.7
20260729T052430Z,27.2,91.7
20260729T052445Z,27.2,91.6
20260729T052500Z,27.3,91.6
20260729T052515Z,27.3,91.5
20260729T052530Z,27.3,91.5
20260729T052545Z,27.3,91.4
20260729T052600Z,27.3,91.4
20260729T052615Z,27.3,91.4
20260729T052630Z,27.4,91.4
20260729T052645Z,27.4,91.3
20260729T052700Z,27.4,91.3
20260729T052715Z,27.4,91.3
20260729T052730Z,27.4,91.3
20260729T052745Z,27.4,91.2
20260729T052800Z,27.4,91.2
20260729T052815Z,27.5,91.1
20260729T052830Z,27.5,91.1
20260729T052845Z,27.5,91.1
20260729T052900Z,27.5,91.0
20260729T052915Z,27.5,91.0
20260729T052930Z,27.5,91.0
20260729T052945Z,27.5,90.9
20260729T053000Z,27.6,90.9
20260729T053015Z,27.6,90.9
20260729T053030Z,27.6,90.8
20260729T053045Z,27.6,90.8
20260729T053100Z,27.6,90.8
20260729T053115Z,27.6,90.7
20260729T053130Z,27.6,90.7
20260729T053145Z,27.6,90.7
20260729T053200Z,27.6,90.6
20260729T053215Z,27.7,90.6
20260729T053230Z,27.7,90.6
20260729T053245Z,27.7,90.5
20260729T053300Z,27.7,90.5
20260729T053315Z,27.7,90.3
20260729T053330Z,27.6,88.7
20260729T053345Z,27.6,88.1
20260729T053400Z,27.5,87.8
20260729T053415Z,27.4,87.2
20260729T053430Z,27.4,86.5
20260729T053445Z,27.3,86.1
20260729T053500Z,27.2,85.3
20260729T053515Z,27.1,84.5
20260729T053530Z,26.9,84.1
20260729T053545Z,26.8,83.1
20260729T053600Z,26.7,82.9
20260729T053616Z,26.5,82.1
20260729T053630Z,26.4,82.0
20260729T053645Z,26.3,81.7
20260729T053700Z,26.1,81.5
20260729T053715Z,26.0,80.9
20260729T053730Z,25.9,81.0
20260729T053745Z,25.8,80.9
20260729T053800Z,25.7,83.1
20260729T053815Z,25.7,84.9
20260729T053830Z,25.7,85.7
20260729T053845Z,25.7,86.1
20260729T053900Z,25.7,86.5
20260729T053915Z,25.7,86.9
20260729T053930Z,25.8,87.4
20260729T053945Z,25.8,87.3
20260729T054000Z,25.8,87.8
20260729T054015Z,25.9,88.0
20260729T054030Z,25.9,88.3
20260729T054045Z,26.0,88.6
20260729T054100Z,26.0,88.6
20260729T054115Z,26.0,88.9
20260729T054130Z,26.1,89.3
20260729T054145Z,26.1,89.4
20260729T054200Z,26.1,89.6
20260729T054216Z,26.2,89.7
20260729T054230Z,26.2,90.1
20260729T054245Z,26.2,90.2
20260729T054300Z,26.3,90.3
20260729T054315Z,26.3,90.4
20260729T054330Z,26.3,90.6
20260729T054345Z,26.3,90.7
20260729T054400Z,26.4,91.0
20260729T054415Z,26.4,91.0
20260729T054430Z,26.4,91.2
20260729T054445Z,26.4,91.3
20260729T054500Z,26.5,91.4
20260729T054515Z,26.5,91.5
20260729T054530Z,26.5,91.7
20260729T054545Z,26.5,91.6
20260729T054600Z,26.6,91.8
20260729T054615Z,26.6,91.9
20260729T054630Z,26.6,91.8
20260729T054645Z,26.6,92.0
20260729T054700Z,26.7,92.1
20260729T054715Z,26.7,92.0
20260729T054730Z,26.7,92.1
20260729T054745Z,26.7,92.1
20260729T054800Z,26.7,92.1
20260729T054815Z,26.8,92.1
20260729T054830Z,26.8,92.1
20260729T054845Z,26.8,92.2
20260729T054900Z,26.8,92.1
20260729T054915Z,26.9,92.1
20260729T054931Z,26.9,92.2
20260729T054946Z,26.9,92.1
20260729T055000Z,27.0,92.1
20260729T055015Z,27.0,92.1
20260729T055030Z,27.0,92.1
20260729T055045Z,27.0,92.0
20260729T055100Z,27.0,92.0
20260729T055115Z,27.0,92.0
20260729T055130Z,27.1,91.9
20260729T055145Z,27.1,92.0
20260729T055200Z,27.1,91.9
20260729T055215Z,27.1,91.9
20260729T055230Z,27.1,91.9
20260729T055245Z,27.2,91.8
20260729T055300Z,27.2,91.8
20260729T055315Z,27.2,91.8
20260729T055331Z,27.2,91.8
20260729T055346Z,27.2,91.8
20260729T055401Z,27.3,91.7
20260729T055415Z,27.3,91.7
20260729T055431Z,27.3,91.7
20260729T055445Z,27.3,91.6
20260729T055501Z,27.3,91.6
20260729T055515Z,27.3,91.6
20260729T055530Z,27.4,91.5
20260729T055545Z,27.4,91.5
20260729T055600Z,27.4,91.5
20260729T055615Z,27.4,91.5
20260729T055630Z,27.4,91.4
20260729T055645Z,27.4,91.4
20260729T055701Z,27.4,91.4
20260729T055715Z,27.4,91.3
20260729T055730Z,27.5,91.3
20260729T055746Z,27.5,91.3
20260729T055800Z,27.5,91.2
20260729T055815Z,27.5,91.2
20260729T055830Z,27.5,91.2
20260729T055846Z,27.5,91.2
20260729T055900Z,27.5,91.2
20260729T055916Z,27.5,91.1
20260729T055931Z,27.5,91.1
20260729T055945Z,27.5,91.1
20260729T060001Z,27.6,91.0
20260729T060016Z,27.6,91.0
20260729T060031Z,27.6,91.0
20260729T060045Z,27.6,91.0
20260729T060101Z,27.6,91.0
20260729T060115Z,27.6,90.9
20260729T060132Z,27.6,90.9
20260729T060146Z,27.6,90.9
20260729T060201Z,27.6,90.9
20260729T060215Z,27.6,90.8
20260729T060232Z,27.6,90.8
20260729T060246Z,27.6,90.4
20260729T060300Z,27.6,90.6
20260729T060316Z,27.6,88.5
20260729T060331Z,27.6,88.6
20260729T060345Z,27.5,87.2
20260729T060401Z,27.4,86.4
20260729T060415Z,27.3,86.3
20260729T060430Z,27.2,86.2
20260729T060446Z,27.1,85.1
20260729T060500Z,27.0,84.3
20260729T060516Z,26.9,83.5
20260729T060530Z,26.7,83.6
20260729T060546Z,26.6,82.9
20260729T060600Z,26.4,82.3
20260729T060616Z,26.3,81.8
20260729T060630Z,26.2,81.5
20260729T060645Z,26.1,81.5
20260729T060701Z,25.9,80.9
20260729T060715Z,25.9,81.1
20260729T060731Z,25.8,82.7
20260729T060745Z,25.7,84.1
20260729T060801Z,25.7,85.7
20260729T060815Z,25.7,86.4
20260729T060831Z,25.7,86.5
20260729T060845Z,25.8,86.8
20260729T060901Z,25.8,86.8
20260729T060915Z,25.8,87.3
20260729T060931Z,25.8,87.5
20260729T060945Z,25.9,87.9
20260729T061000Z,25.9,88.2
20260729T061016Z,25.9,88.5
20260729T061031Z,26.0,88.7
20260729T061045Z,26.0,89.0
20260729T061101Z,26.0,89.3
20260729T061115Z,26.1,89.3
20260729T061131Z,26.1,89.7
20260729T061146Z,26.1,90.0
20260729T061200Z,26.1,89.9
20260729T061216Z,26.2,90.3
20260729T061230Z,26.2,90.2
20260729T061245Z,26.2,90.6
20260729T061300Z,26.3,90.6
20260729T061316Z,26.3,90.8
20260729T061330Z,26.3,91.0
20260729T061346Z,26.3,91.1
20260729T061400Z,26.4,91.3
20260729T061416Z,26.4,91.4
20260729T061431Z,26.4,91.5
20260729T061446Z,26.5,91.6
20260729T061500Z,26.5,91.7
20260729T061516Z,26.5,91.7
20260729T061530Z,26.5,91.8
20260729T061546Z,26.6,91.9
20260729T061600Z,26.6,92.0
20260729T061616Z,26.6,92.1
20260729T061631Z,26.6,92.1
20260729T061645Z,26.6,92.1
20260729T061701Z,26.7,92.2
20260729T061715Z,26.7,92.3
20260729T061730Z,26.7,92.3
20260729T061746Z,26.7,92.3
20260729T061800Z,26.7,92.3
20260729T061816Z,26.8,92.3
20260729T061830Z,26.8,92.3
20260729T061846Z,26.8,92.4
20260729T061900Z,26.8,92.3
20260729T061916Z,26.9,92.4
20260729T061930Z,26.9,92.4
20260729T061946Z,26.9,92.4
20260729T062000Z,26.9,92.3
20260729T062016Z,27.0,92.3
20260729T062030Z,27.0,92.3
20260729T062046Z,27.0,92.3
20260729T062100Z,27.0,92.2
20260729T062116Z,27.0,92.2
20260729T062130Z,27.1,92.2
20260729T062146Z,27.1,92.1
20260729T062200Z,27.1,92.1
20260729T062216Z,27.1,92.1
20260729T062231Z,27.1,92.1
20260729T062245Z,27.2,92.0
20260729T062300Z,27.2,92.1
20260729T062316Z,27.2,92.0
20260729T062330Z,27.2,92.0
20260729T062346Z,27.2,91.9
20260729T062400Z,27.2,91.9
20260729T062416Z,27.3,91.9
20260729T062430Z,27.3,91.9
20260729T062446Z,27.3,91.8
20260729T062500Z,27.3,91.8
20260729T062516Z,27.3,91.8
20260729T062531Z,27.3,91.8
20260729T062545Z,27.3,91.7
20260729T062601Z,27.4,91.7
20260729T062615Z,27.4,91.7
20260729T062631Z,27.4,91.6
20260729T062645Z,27.4,91.6
20260729T062701Z,27.4,91.6
20260729T062715Z,27.4,91.6
20260729T062731Z,27.4,91.6
20260729T062745Z,27.4,91.5
20260729T062801Z,27.5,91.5
20260729T062815Z,27.5,91.5
20260729T062830Z,27.5,91.5
20260729T062846Z,27.5,91.5
20260729T062901Z,27.5,91.4
20260729T062915Z,27.5,91.4
20260729T062931Z,27.5,91.3
20260729T062945Z,27.5,91.3
20260729T063001Z,27.6,91.3
20260729T063015Z,27.6,91.3
20260729T063031Z,27.6,91.2
20260729T063045Z,27.6,91.2
20260729T063101Z,27.6,91.2
20260729T063115Z,27.6,91.2
20260729T063131Z,27.6,91.2
20260729T063145Z,27.6,91.2
20260729T063201Z,27.6,91.1
20260729T063215Z,27.6,91.1
20260729T063231Z,27.6,91.1
20260729T063245Z,27.6,91.1
20260729T063301Z,27.6,91.0
20260729T063315Z,27.6,91.1
20260729T063331Z,27.6,91.0
20260729T063345Z,27.6,91.0
20260729T063401Z,27.7,90.1
20260729T063415Z,27.6,89.7
20260729T063431Z,27.6,88.3
20260729T063445Z,27.5,88.2
20260729T063501Z,27.5,87.4
20260729T063515Z,27.3,87.0
20260729T063531Z,27.3,87.1
20260729T063546Z,27.1,85.9
20260729T063600Z,27.0,85.3
20260729T063616Z,26.9,84.6
20260729T063631Z,26.8,83.5
20260729T063645Z,26.6,83.4
20260729T063701Z,26.5,83.3
20260729T063715Z,26.4,82.4
20260729T063731Z,26.2,82.4
20260729T063745Z,26.1,82.2
20260729T063800Z,26.0,81.5
20260729T063816Z,25.9,81.0
20260729T063830Z,25.8,81.7
20260729T063846Z,25.7,83.5
20260729T063900Z,25.7,85.2
20260729T063916Z,25.7,86.3
20260729T063930Z,25.7,86.9
20260729T063946Z,25.7,87.4
20260729T064000Z,25.7,87.6
20260729T064016Z,25.8,87.7
20260729T064030Z,25.8,88.1
20260729T064046Z,25.8,88.3
20260729T064100Z,25.9,88.4
20260729T064116Z,25.9,88.8
20260729T064131Z,25.9,88.9
20260729T064145Z,26.0,89.1
20260729T064200Z,26.0,89.3
20260729T064216Z,26.0,89.6
20260729T064231Z,26.1,89.8
20260729T064245Z,26.1,89.9
20260729T064301Z,26.1,90.2
20260729T064315Z,26.2,90.3
20260729T064330Z,26.2,90.4
20260729T064346Z,26.2,90.7
20260729T064400Z,26.2,90.9
20260729T064416Z,26.3,90.8
20260729T064430Z,26.3,91.1
20260729T064446Z,26.3,91.3
20260729T064501Z,26.4,91.3
20260729T064515Z,26.4,91.5
20260729T064531Z,26.4,91.8
20260729T064545Z,26.4,91.8
20260729T064601Z,26.5,91.9
20260729T064615Z,26.5,92.0
20260729T064631Z,26.5,92.1
20260729T064646Z,26.5,92.1
20260729T064700Z,26.5,92.2
20260729T064716Z,26.5,92.3
20260729T064730Z,26.6,92.4
20260729T064745Z,26.6,92.4
20260729T064801Z,26.6,92.5
20260729T064816Z,26.6,92.5
20260729T064831Z,26.7,92.5
20260729T064846Z,26.7,92.5
20260729T064901Z,26.7,92.6
20260729T064915Z,26.7,92.5
20260729T064931Z,26.8,92.6
20260729T064945Z,26.8,92.6
20260729T065001Z,26.8,92.6
20260729T065015Z,26.8,92.5
20260729T065031Z,26.9,92.5
20260729T065046Z,26.9,92.6
20260729T065101Z,26.9,92.5
20260729T065116Z,26.9,92.5
20260729T065132Z,26.9,92.5
20260729T065146Z,27.0,92.5
20260729T065201Z,27.0,92.5
20260729T065215Z,27.0,92.5
20260729T065231Z,27.0,92.4
20260729T065246Z,27.0,92.4
20260729T065300Z,27.1,92.4
20260729T065316Z,27.1,92.4
20260729T065330Z,27.1,92.3
20260729T065346Z,27.1,92.3
20260729T065401Z,27.1,92.3
20260729T065416Z,27.2,92.3
20260729T065431Z,27.2,92.2
20260729T065446Z,27.2,92.2
20260729T065501Z,27.2,92.2
20260729T065516Z,27.2,92.1
20260729T065531Z,27.3,92.1
20260729T065546Z,27.3,92.1
20260729T065601Z,27.3,92.1
20260729T065616Z,27.3,92.1
20260729T065631Z,27.3,92.1
20260729T065646Z,27.3,92.0
20260729T065701Z,27.3,91.9
20260729T065716Z,27.4,91.9
20260729T065731Z,27.4,91.9
20260729T065746Z,27.4,91.9
20260729T065801Z,27.4,91.8
20260729T065816Z,27.4,91.8
20260729T065831Z,27.4,91.8
20260729T065846Z,27.4,91.8
20260729T065901Z,27.4,91.8
20260729T065916Z,27.5,91.8
20260729T065931Z,27.5,91.7
20260729T065946Z,27.5,91.7
20260729T070001Z,27.5,91.7
20260729T070016Z,27.5,91.6
20260729T070031Z,27.5,91.6
20260729T070046Z,27.5,91.6
20260729T070101Z,27.5,91.5
20260729T070116Z,27.5,91.5
20260729T070131Z,27.6,91.5
20260729T070146Z,27.6,91.5
20260729T070201Z,27.6,91.4
20260729T070216Z,27.6,91.5
20260729T070232Z,27.6,91.4
20260729T070246Z,27.6,91.4
20260729T070301Z,27.6,91.4
20260729T070316Z,27.6,91.4
20260729T070331Z,27.6,91.3
20260729T070346Z,27.6,91.3
20260729T070401Z,27.6,91.3
20260729T070416Z,27.6,91.3
20260729T070431Z,27.7,91.2
20260729T070446Z,27.7,91.2
20260729T070501Z,27.7,91.2
20260729T070516Z,27.7,91.2
20260729T070531Z,27.7,90.7
20260729T070546Z,27.7,89.7
20260729T070601Z,27.6,88.9
20260729T070616Z,27.6,88.9
20260729T070631Z,27.5,87.9
20260729T070646Z,27.4,87.3
20260729T070701Z,27.3,86.5
20260729T070716Z,27.2,85.7
20260729T070731Z,27.1,84.6
20260729T070746Z,26.9,84.6
20260729T070801Z,26.8,83.7
20260729T070816Z,26.7,83.0
20260729T070831Z,26.5,82.5
20260729T070846Z,26.4,82.8
20260729T070901Z,26.2,82.8
20260729T070916Z,26.1,81.6
20260729T070931Z,26.0,81.7
20260729T070946Z,25.9,80.9
20260729T071001Z,25.8,81.9
20260729T071016Z,25.7,83.7
20260729T071031Z,25.7,85.1
20260729T071046Z,25.7,86.2
20260729T071101Z,25.7,86.7
20260729T071116Z,25.7,87.0
20260729T071131Z,25.7,87.4
20260729T071146Z,25.8,87.6
20260729T071201Z,25.8,87.9
20260729T071216Z,25.8,88.2
20260729T071231Z,25.8,88.4
20260729T071246Z,25.9,88.6
20260729T071301Z,25.9,88.8
20260729T071316Z,26.0,88.8
20260729T071331Z,26.0,89.4
20260729T071346Z,26.0,89.4
20260729T071401Z,26.1,89.7
20260729T071416Z,26.1,89.9
20260729T071431Z,26.1,90.2
20260729T071446Z,26.1,90.2
20260729T071501Z,26.2,90.4
20260729T071516Z,26.2,90.6
20260729T071532Z,26.2,90.9
20260729T071546Z,26.3,90.9
20260729T071601Z,26.3,91.1
20260729T071616Z,26.3,91.3
20260729T071630Z,26.4,91.4
20260729T071646Z,26.4,91.5
20260729T071701Z,26.4,91.6
20260729T071716Z,26.4,91.8
20260729T071731Z,26.5,91.9
20260729T071746Z,26.5,91.9
20260729T071801Z,26.5,92.1
20260729T071816Z,26.5,92.2
20260729T071831Z,26.5,92.3
20260729T071846Z,26.5,92.4
20260729T071901Z,26.6,92.4
20260729T071916Z,26.6,92.4
20260729T071931Z,26.6,92.5
20260729T071946Z,26.6,92.6
20260729T072001Z,26.7,92.6
20260729T072016Z,26.7,92.6
20260729T072031Z,26.7,92.6
20260729T072046Z,26.7,92.6
20260729T072101Z,26.8,92.7
20260729T072116Z,26.8,92.7
20260729T072131Z,26.8,92.7
20260729T072146Z,26.8,92.7
20260729T072201Z,26.9,92.7
20260729T072216Z,26.9,92.6
20260729T072231Z,26.9,92.7
20260729T072246Z,26.9,92.6
20260729T072301Z,27.0,92.6
20260729T072316Z,27.0,92.6
20260729T072331Z,27.0,92.6
20260729T072346Z,27.0,92.5
20260729T072401Z,27.0,92.5
20260729T072416Z,27.0,92.5
20260729T072431Z,27.1,92.5
20260729T072446Z,27.1,92.5
20260729T072501Z,27.1,92.5
20260729T072516Z,27.1,92.4
20260729T072531Z,27.1,92.4
20260729T072546Z,27.2,92.4
20260729T072601Z,27.2,92.4
20260729T072616Z,27.2,92.3
20260729T072631Z,27.2,92.3
20260729T072646Z,27.2,92.3
20260729T072701Z,27.2,92.2
20260729T072716Z,27.3,92.2
20260729T072731Z,27.3,92.2
20260729T072746Z,27.3,92.2
20260729T072801Z,27.3,92.2
20260729T072816Z,27.3,92.1
20260729T072831Z,27.3,92.1
20260729T072846Z,27.3,92.1
20260729T072901Z,27.4,92.0
20260729T072916Z,27.4,92.0
20260729T072931Z,27.4,92.0
20260729T072946Z,27.4,92.0
20260729T073001Z,27.4,91.9
20260729T073016Z,27.4,91.9
20260729T073031Z,27.4,91.9
20260729T073046Z,27.5,91.8
20260729T073101Z,27.5,91.8
20260729T073116Z,27.5,91.8
20260729T073131Z,27.5,91.7
20260729T073146Z,27.5,91.7
20260729T073201Z,27.5,91.7
20260729T073216Z,27.5,91.7
20260729T073231Z,27.5,91.7
20260729T073246Z,27.5,91.6
20260729T073301Z,27.5,91.6
20260729T073316Z,27.6,91.6
20260729T073331Z,27.6,91.6
20260729T073347Z,27.6,91.5
20260729T073401Z,27.6,91.5
20260729T073416Z,27.6,91.5
20260729T073431Z,27.6,91.5
20260729T073446Z,27.6,91.4
20260729T073501Z,27.6,91.4
20260729T073516Z,27.6,91.4
20260729T073531Z,27.6,91.4
20260729T073546Z,27.6,91.3
20260729T073601Z,27.7,91.3
20260729T073616Z,27.7,91.3
20260729T073631Z,27.7,91.3
20260729T073646Z,27.7,90.6
20260729T073701Z,27.7,90.7
20260729T073716Z,27.6,89.3
20260729T073731Z,27.6,88.8
20260729T073746Z,27.5,88.3
20260729T073801Z,27.4,87.5
20260729T073816Z,27.4,87.1
20260729T073831Z,27.3,86.0
20260729T073846Z,27.2,85.5
20260729T073901Z,27.0,85.2
20260729T073916Z,26.9,84.2
20260729T073931Z,26.7,83.7
20260729T073946Z,26.6,82.9
20260729T074001Z,26.5,82.2
20260729T074016Z,26.3,82.2
20260729T074031Z,26.2,82.3
20260729T074046Z,26.1,81.9
20260729T074101Z,26.0,81.9
20260729T074116Z,25.9,81.6
20260729T074131Z,25.8,83.4
20260729T074146Z,25.8,84.2
20260729T074201Z,25.8,86.3
20260729T074216Z,25.8,86.9
20260729T074231Z,25.8,87.0
20260729T074246Z,25.8,87.3
20260729T074301Z,25.8,87.4
20260729T074316Z,25.8,87.8
20260729T074331Z,25.9,88.0
20260729T074346Z,25.9,88.3
20260729T074401Z,25.9,88.5
20260729T074416Z,26.0,88.7
20260729T074431Z,26.0,89.0
20260729T074446Z,26.0,89.3
20260729T074501Z,26.1,89.5
20260729T074516Z,26.1,89.6
20260729T074531Z,26.1,89.9
20260729T074547Z,26.2,90.1
20260729T074601Z,26.2,90.2
20260729T074616Z,26.2,90.4
20260729T074631Z,26.2,90.6
20260729T074646Z,26.3,90.8
20260729T074701Z,26.3,91.0
20260729T074716Z,26.3,91.1
20260729T074731Z,26.4,91.2
20260729T074746Z,26.4,91.4
20260729T074801Z,26.4,91.5
20260729T074816Z,26.4,91.5
20260729T074831Z,26.5,91.8
20260729T074846Z,26.5,92.0
20260729T074901Z,26.5,91.9
20260729T074916Z,26.5,92.1
20260729T074931Z,26.5,92.2
20260729T074946Z,26.5,92.1
20260729T075001Z,26.6,92.3
20260729T075016Z,26.6,92.4
20260729T075031Z,26.6,92.4
20260729T075046Z,26.6,92.5
20260729T075101Z,26.7,92.6
20260729T075116Z,26.7,92.6
20260729T075131Z,26.7,92.7
20260729T075146Z,26.7,92.7
20260729T075201Z,26.8,92.7
20260729T075216Z,26.8,92.8
20260729T075231Z,26.8,92.7
20260729T075246Z,26.8,92.8
20260729T075301Z,26.8,92.8
20260729T075316Z,26.9,92.8
20260729T075331Z,26.9,92.8
20260729T075346Z,26.9,92.7
20260729T075401Z,26.9,92.7
20260729T075416Z,27.0,92.7
20260729T075431Z,27.0,92.7
20260729T075446Z,27.0,92.7
20260729T075501Z,27.0,92.7
20260729T075516Z,27.0,92.6
20260729T075531Z,27.1,92.6
20260729T075546Z,27.1,92.6
20260729T075601Z,27.1,92.5
20260729T075616Z,27.1,92.5
20260729T075631Z,27.1,92.5
20260729T075646Z,27.2,92.5
20260729T075701Z,27.2,92.5
20260729T075716Z,27.2,92.4
20260729T075731Z,27.2,92.4
20260729T075746Z,27.2,92.4
20260729T075801Z,27.2,92.4
20260729T075816Z,27.3,92.3
20260729T075831Z,27.3,92.3
20260729T075847Z,27.3,92.3
20260729T075902Z,27.3,92.2
20260729T075916Z,27.3,92.2
20260729T075931Z,27.3,92.2
20260729T075946Z,27.3,92.1
20260729T080001Z,27.3,92.1
20260729T080016Z,27.4,92.1
20260729T080031Z,27.4,92.1
20260729T080047Z,27.4,92.0
20260729T080101Z,27.4,92.0
20260729T080116Z,27.4,92.0
20260729T080131Z,27.4,92.0
20260729T080146Z,27.5,91.9
20260729T080201Z,27.5,91.9
20260729T080216Z,27.5,91.9
20260729T080231Z,27.5,91.9
20260729T080246Z,27.5,91.8
20260729T080301Z,27.5,91.8
20260729T080316Z,27.5,91.8
20260729T080331Z,27.5,91.8
20260729T080346Z,27.5,91.8
20260729T080401Z,27.5,91.7
20260729T080416Z,27.5,91.7
20260729T080431Z,27.6,91.7
20260729T080446Z,27.6,91.6
20260729T080501Z,27.6,91.6
20260729T080516Z,27.6,91.6
20260729T080531Z,27.6,91.6
20260729T080546Z,27.6,91.6
20260729T080601Z,27.6,91.6
20260729T080616Z,27.6,91.5
20260729T080631Z,27.6,91.5
20260729T080646Z,27.6,91.5
20260729T080701Z,27.7,91.4
20260729T080716Z,27.7,91.4
20260729T080731Z,27.7,91.4
20260729T080746Z,27.7,91.4
20260729T080801Z,27.7,91.3
20260729T080816Z,27.7,90.8
20260729T080831Z,27.6,89.9
20260729T080846Z,27.6,88.9
20260729T080901Z,27.6,88.8
20260729T080916Z,27.5,88.0
20260729T080931Z,27.4,87.6
20260729T080946Z,27.3,86.8
20260729T081001Z,27.2,86.9
20260729T081016Z,27.1,85.4
20260729T081031Z,27.0,84.9
20260729T081046Z,26.9,83.7
20260729T081101Z,26.7,83.1
20260729T081116Z,26.6,83.2
20260729T081131Z,26.4,82.8
20260729T081146Z,26.3,82.3
20260729T081201Z,26.1,82.4
20260729T081216Z,26.0,82.1
20260729T081231Z,25.9,81.9
20260729T081246Z,25.8,81.8
20260729T081301Z,25.7,83.5
20260729T081316Z,25.7,85.3
20260729T081331Z,25.7,86.5
20260729T081346Z,25.7,86.7
20260729T081401Z,25.7,87.3
20260729T081416Z,25.7,87.3
20260729T081431Z,25.8,87.6
20260729T081446Z,25.8,88.0
20260729T081501Z,25.8,88.3
20260729T081516Z,25.9,88.3
20260729T081531Z,25.9,88.3
20260729T081546Z,25.9,88.9
20260729T081601Z,26.0,89.2
20260729T081616Z,26.0,89.3
20260729T081631Z,26.0,89.6
20260729T081646Z,26.1,89.8
20260729T081701Z,26.1,90.0
20260729T081716Z,26.1,90.2
20260729T081731Z,26.2,90.3
20260729T081746Z,26.2,90.7
20260729T081801Z,26.2,90.8
20260729T081816Z,26.3,90.9
20260729T081831Z,26.3,91.1
20260729T081846Z,26.3,91.2
20260729T081901Z,26.3,91.3
20260729T081916Z,26.4,91.4
20260729T081931Z,26.4,91.6
20260729T081946Z,26.4,91.7
20260729T082001Z,26.4,91.9
20260729T082016Z,26.4,91.8
20260729T082031Z,26.5,92.1
20260729T082046Z,26.5,92.2
20260729T082101Z,26.5,92.2
20260729T082116Z,26.6,92.2
20260729T082131Z,26.6,92.4
20260729T082146Z,26.6,92.5
20260729T082201Z,26.6,92.5
20260729T082216Z,26.6,92.6
20260729T082231Z,26.7,92.6
20260729T082246Z,26.7,92.6
20260729T082301Z,26.7,92.6
20260729T082316Z,26.7,92.8
20260729T082331Z,26.7,92.7
20260729T082346Z,26.8,92.7
20260729T082401Z,26.8,92.8
20260729T082416Z,26.8,92.7
20260729T082431Z,26.8,92.7
20260729T082446Z,26.8,92.8
20260729T082501Z,26.9,92.7
20260729T082516Z,26.9,92.7
20260729T082531Z,26.9,92.7
20260729T082546Z,26.9,92.7
20260729T082601Z,27.0,92.7
20260729T082616Z,27.0,92.7
20260729T082631Z,27.0,92.6
20260729T082646Z,27.0,92.6
20260729T082701Z,27.1,92.6
20260729T082716Z,27.1,92.5
20260729T082731Z,27.1,92.5
20260729T082746Z,27.1,92.5
20260729T082801Z,27.1,92.5
20260729T082816Z,27.1,92.5
20260729T082831Z,27.2,92.4
20260729T082846Z,27.2,92.4
20260729T082901Z,27.2,92.4
20260729T082916Z,27.2,92.4
20260729T082931Z,27.2,92.4
20260729T082946Z,27.2,92.3
20260729T083001Z,27.3,92.3
20260729T083016Z,27.3,92.2
20260729T083031Z,27.3,92.2
20260729T083046Z,27.3,92.2
20260729T083101Z,27.3,92.2
20260729T083116Z,27.3,92.1
20260729T083131Z,27.4,92.1
20260729T083146Z,27.3,92.0
20260729T083201Z,27.4,92.1
20260729T083216Z,27.4,92.0
20260729T083231Z,27.4,92.0
20260729T083246Z,27.4,92.0
20260729T083301Z,27.4,91.9
20260729T083316Z,27.4,91.9
20260729T083331Z,27.4,91.9
20260729T083346Z,27.5,91.9
20260729T083401Z,27.5,91.9
20260729T083416Z,27.5,91.8
20260729T083431Z,27.5,91.8
20260729T083446Z,27.5,91.8
20260729T083501Z,27.5,91.7
20260729T083516Z,27.5,91.8
20260729T083531Z,27.5,91.7
20260729T083546Z,27.5,91.7
20260729T083601Z,27.5,91.7
20260729T083616Z,27.6,91.6
20260729T083631Z,27.6,91.6
20260729T083646Z,27.6,91.6
20260729T083701Z,27.6,91.5
20260729T083716Z,27.6,91.5
20260729T083731Z,27.6,91.5
20260729T083746Z,27.6,91.5
20260729T083801Z,27.6,91.4
20260729T083816Z,27.6,91.4
20260729T083831Z,27.6,91.4
20260729T083846Z,27.6,91.4
20260729T083901Z,27.7,91.4
20260729T083916Z,27.7,91.4
20260729T083931Z,27.7,91.3
20260729T083946Z,27.6,90.4
20260729T084001Z,27.6,90.8
20260729T084016Z,27.6,89.2
20260729T084031Z,27.6,88.8
20260729T084046Z,27.5,88.1
20260729T084101Z,27.4,87.6
20260729T084116Z,27.3,87.0
20260729T084131Z,27.2,86.9
20260729T084146Z,27.1,85.4
20260729T084201Z,27.0,85.0
20260729T084216Z,26.9,84.3
20260729T084231Z,26.7,83.5
20260729T084246Z,26.6,83.4
20260729T084301Z,26.5,83.5
20260729T084316Z,26.3,82.9
20260729T084331Z,26.2,82.1
20260729T084346Z,26.1,81.7
20260729T084401Z,26.0,81.2
20260729T084416Z,25.9,82.2
20260729T084431Z,25.8,83.7
20260729T084446Z,25.8,85.3
20260729T084501Z,25.7,86.1
20260729T084516Z,25.7,87.0
20260729T084531Z,25.7,87.1
20260729T084546Z,25.8,87.5
20260729T084601Z,25.8,87.7
20260729T084616Z,25.8,87.9
20260729T084631Z,25.8,88.2
20260729T084646Z,25.9,88.7
20260729T084701Z,25.9,88.8
20260729T084716Z,25.9,89.1
20260729T084731Z,26.0,89.2
20260729T084746Z,26.0,89.6
20260729T084801Z,26.0,89.7
20260729T084816Z,26.1,90.1
20260729T084831Z,26.1,90.1
20260729T084846Z,26.1,90.4
20260729T084901Z,26.1,90.5
20260729T084916Z,26.2,90.6
20260729T084931Z,26.2,90.7
20260729T084946Z,26.2,91.1
20260729T085001Z,26.3,91.2
20260729T085016Z,26.3,91.2
20260729T085031Z,26.3,91.5
20260729T085046Z,26.3,91.5
20260729T085101Z,26.4,91.7
20260729T085116Z,26.4,91.8
20260729T085131Z,26.4,91.9
20260729T085146Z,26.4,92.1
20260729T085201Z,26.5,92.2
20260729T085216Z,26.5,92.3
20260729T085231Z,26.5,92.4
20260729T085246Z,26.5,92.5
20260729T085301Z,26.5,92.5
20260729T085316Z,26.6,92.5
20260729T085331Z,26.6,92.6
20260729T085346Z,26.6,92.7
20260729T085401Z,26.6,92.7
20260729T085416Z,26.6,92.8
20260729T085431Z,26.7,92.8
20260729T085446Z,26.7,92.8
20260729T085501Z,26.7,92.8
20260729T085516Z,26.7,92.9
20260729T085531Z,26.8,92.8
20260729T085546Z,26.8,92.8
20260729T085601Z,26.8,92.8
20260729T085616Z,26.8,92.8
20260729T085631Z,26.9,92.9
20260729T085646Z,26.9,92.7
20260729T085701Z,26.9,92.8
20260729T085716Z,26.9,92.8
20260729T085731Z,26.9,92.8
20260729T085746Z,27.0,92.8
20260729T085801Z,27.0,92.7
20260729T085816Z,27.0,92.7
20260729T085831Z,27.0,92.7
20260729T085846Z,27.0,92.7
20260729T085901Z,27.1,92.6
20260729T085916Z,27.1,92.6
20260729T085931Z,27.1,92.6
20260729T085946Z,27.1,92.6
20260729T090001Z,27.1,92.5
20260729T090016Z,27.1,92.5
20260729T090031Z,27.2,92.5
20260729T090046Z,27.2,92.4
20260729T090101Z,27.2,92.4
20260729T090116Z,27.2,92.4
20260729T090131Z,27.2,92.3
20260729T090146Z,27.2,92.3
20260729T090201Z,27.3,92.3
20260729T090216Z,27.3,92.3
20260729T090231Z,27.3,92.2
20260729T090246Z,27.3,92.2
20260729T090301Z,27.3,92.2
20260729T090316Z,27.3,92.2
20260729T090331Z,27.3,92.1
20260729T090347Z,27.4,92.1
20260729T090402Z,27.4,92.1
20260729T090416Z,27.4,92.0
20260729T090431Z,27.4,92.0
20260729T090446Z,27.4,92.0
20260729T090501Z,27.4,92.0
20260729T090516Z,27.4,91.9
20260729T090531Z,27.4,91.9
20260729T090546Z,27.4,91.9
20260729T090601Z,27.4,91.9
20260729T090616Z,27.5,91.9
20260729T090631Z,27.5,91.8
20260729T090646Z,27.5,91.8
20260729T090701Z,27.5,91.8
20260729T090716Z,27.5,91.8
20260729T090731Z,27.5,91.7
20260729T090746Z,27.5,91.7
20260729T090801Z,27.5,91.7
20260729T090816Z,27.5,91.7
20260729T090831Z,27.5,91.6
20260729T090846Z,27.6,91.6
20260729T090901Z,27.6,91.6
20260729T090916Z,27.6,91.6
20260729T090931Z,27.6,91.6
20260729T090946Z,27.6,91.6
20260729T091001Z,27.6,91.6
20260729T091016Z,27.6,91.5
20260729T091031Z,27.6,91.3
20260729T091046Z,27.6,89.6
20260729T091101Z,27.6,88.8
20260729T091116Z,27.5,88.6
20260729T091131Z,27.4,88.4
20260729T091146Z,27.4,87.4
20260729T091201Z,27.3,86.5
20260729T091216Z,27.2,86.5
20260729T091231Z,27.1,85.3
20260729T091246Z,27.0,84.9
20260729T091301Z,26.8,84.1
20260729T091316Z,26.7,83.7
20260729T091331Z,26.6,83.5
20260729T091347Z,26.5,83.4
20260729T091402Z,26.4,82.2
20260729T091416Z,26.3,82.1
20260729T091431Z,26.1,81.8
20260729T091446Z,26.0,81.7
20260729T091501Z,25.9,80.7
20260729T091516Z,25.8,80.7
20260729T091531Z,25.7,82.5
20260729T091546Z,25.7,83.5
20260729T091601Z,25.7,84.8
20260729T091616Z,25.7,86.1
20260729T091631Z,25.7,86.5
20260729T091646Z,25.7,86.8
20260729T091701Z,25.8,87.0
20260729T091716Z,25.8,87.3
20260729T091731Z,25.8,87.5
20260729T091746Z,25.8,87.8
20260729T091801Z,25.9,88.2
20260729T091816Z,25.9,88.4
20260729T091831Z,26.0,88.7
20260729T091846Z,26.0,88.9
20260729T091901Z,26.0,89.1
20260729T091916Z,26.1,89.4
20260729T091931Z,26.1,89.6
20260729T091946Z,26.2,89.7
20260729T092001Z,26.2,89.9
20260729T092016Z,26.2,90.2
20260729T092031Z,26.3,90.4
20260729T092046Z,26.3,90.5
20260729T092101Z,26.3,90.6
20260729T092116Z,26.4,90.9
20260729T092131Z,26.4,90.9
20260729T092146Z,26.4,91.2
20260729T092201Z,26.5,91.3
20260729T092216Z,26.5,91.3
20260729T092231Z,26.5,91.4
20260729T092246Z,26.5,91.5
20260729T092301Z,26.6,91.7
20260729T092316Z,26.6,91.9
20260729T092331Z,26.6,91.9
20260729T092346Z,26.6,92.1
20260729T092401Z,26.7,92.1
20260729T092416Z,26.7,92.2
20260729T092431Z,26.7,92.3
20260729T092446Z,26.7,92.3
20260729T092501Z,26.8,92.4
20260729T092516Z,26.8,92.5
20260729T092531Z,26.8,92.5
20260729T092546Z,26.8,92.5
20260729T092601Z,26.9,92.5
20260729T092616Z,26.9,92.6
20260729T092631Z,26.9,92.6
20260729T092646Z,26.9,92.6
20260729T092701Z,26.9,92.6
20260729T092716Z,27.0,92.6
20260729T092731Z,27.0,92.7
20260729T092746Z,27.0,92.5
20260729T092801Z,27.1,92.6
20260729T092816Z,27.1,92.6
20260729T092831Z,27.1,92.6
20260729T092846Z,27.1,92.5
20260729T092901Z,27.2,92.5
20260729T092916Z,27.2,92.5
20260729T092931Z,27.2,92.4
20260729T092946Z,27.2,92.4
20260729T093001Z,27.2,92.4
20260729T093016Z,27.3,92.4
20260729T093031Z,27.3,92.4
20260729T093046Z,27.3,92.3
20260729T093101Z,27.3,92.3
20260729T093116Z,27.4,92.3
20260729T093131Z,27.4,92.2
20260729T093146Z,27.4,92.2
20260729T093201Z,27.4,92.2
20260729T093216Z,27.4,92.2
20260729T093231Z,27.5,92.1
20260729T093246Z,27.5,92.1
20260729T093301Z,27.5,92.0
20260729T093316Z,27.5,92.0
20260729T093331Z,27.5,92.0
20260729T093346Z,27.6,91.9
20260729T093401Z,27.6,91.9
20260729T093416Z,27.6,91.9
20260729T093431Z,27.6,91.9
20260729T093446Z,27.6,91.8
20260729T093501Z,27.6,91.8
20260729T093516Z,27.6,91.8
20260729T093531Z,27.7,91.8
20260729T093546Z,27.7,91.7
20260729T093601Z,27.7,91.0
20260729T093616Z,27.7,90.0
20260729T093631Z,27.6,89.2
20260729T093646Z,27.6,88.6
20260729T093701Z,27.5,88.0
20260729T093716Z,27.4,87.6
20260729T093731Z,27.3,86.7
20260729T093746Z,27.2,86.4
20260729T093801Z,27.1,85.8
20260729T093816Z,27.0,85.3
20260729T093831Z,26.9,84.3
20260729T093846Z,26.8,83.8
20260729T093901Z,26.7,82.8
20260729T093916Z,26.6,83.1
20260729T093931Z,26.4,82.4
20260729T093946Z,26.3,82.1
20260729T094001Z,26.2,82.1
20260729T094016Z,26.1,81.7
20260729T094031Z,26.1,81.3
20260729T094046Z,26.0,80.1
20260729T094101Z,25.9,79.5
20260729T094116Z,25.8,80.5
20260729T094131Z,25.7,83.1
20260729T094146Z,25.7,84.2
20260729T094201Z,25.7,85.6
20260729T094216Z,25.7,86.0
20260729T094231Z,25.7,86.2
20260729T094246Z,25.8,86.8
20260729T094301Z,25.8,87.0
20260729T094316Z,25.9,87.1
20260729T094331Z,25.9,87.6
20260729T094346Z,25.9,88.0
20260729T094401Z,26.0,88.1
20260729T094416Z,26.1,88.3
20260729T094431Z,26.1,88.8
20260729T094446Z,26.1,88.7
20260729T094501Z,26.2,89.1
20260729T094516Z,26.2,89.5
20260729T094531Z,26.3,89.6
20260729T094546Z,26.3,89.6
20260729T094601Z,26.3,90.0
20260729T094617Z,26.4,90.1
20260729T094631Z,26.4,90.4
20260729T094647Z,26.4,90.6
20260729T094701Z,26.5,90.7
20260729T094716Z,26.5,91.0
20260729T094731Z,26.5,91.1
20260729T094746Z,26.6,91.3
20260729T094801Z,26.6,91.4
20260729T094816Z,26.6,91.5
20260729T094831Z,26.7,91.8
20260729T094846Z,26.7,91.8
20260729T094901Z,26.7,91.9
20260729T094917Z,26.7,92.1
20260729T094931Z,26.7,92.1
20260729T094947Z,26.8,92.2
20260729T095001Z,26.8,92.4
20260729T095017Z,26.8,92.4
20260729T095031Z,26.8,92.5
20260729T095047Z,26.9,92.6
20260729T095101Z,26.9,92.7
20260729T095117Z,26.9,92.7
20260729T095131Z,26.9,92.9
20260729T095146Z,26.9,92.8
20260729T095201Z,27.0,92.9
20260729T095217Z,27.0,93.0
20260729T095231Z,27.0,93.0
20260729T095247Z,27.0,93.0
20260729T095301Z,27.0,93.1
20260729T095317Z,27.0,93.1
20260729T095331Z,27.1,93.1
20260729T095346Z,27.1,93.1
20260729T095402Z,27.1,93.1
20260729T095416Z,27.1,93.1
20260729T095432Z,27.2,93.1
20260729T095446Z,27.2,93.1
20260729T095502Z,27.2,93.1
20260729T095516Z,27.2,93.1
20260729T095532Z,27.2,93.0
20260729T095546Z,27.3,93.0
20260729T095601Z,27.3,92.9
20260729T095617Z,27.3,93.0
20260729T095631Z,27.3,92.9
20260729T095647Z,27.3,93.0
20260729T095701Z,27.4,93.0
20260729T095717Z,27.4,92.9
20260729T095732Z,27.4,92.9
20260729T095747Z,27.4,92.9
20260729T095801Z,27.5,92.8
20260729T095817Z,27.5,92.8
20260729T095832Z,27.5,92.8
20260729T095847Z,27.5,92.7
20260729T095901Z,27.5,92.7
20260729T095917Z,27.5,92.7
20260729T095931Z,27.6,92.7
20260729T095947Z,27.6,92.7
20260729T100001Z,27.6,92.6
20260729T100017Z,27.6,92.6
20260729T100031Z,27.6,92.6
20260729T100047Z,27.6,92.5
20260729T100101Z,27.6,92.5
20260729T100117Z,27.7,91.6
20260729T100131Z,27.6,91.1
20260729T100146Z,27.6,89.7
20260729T100202Z,27.5,89.4
20260729T100217Z,27.5,88.5
20260729T100231Z,27.4,88.0
20260729T100246Z,27.3,87.5
20260729T100301Z,27.2,86.5
20260729T100317Z,27.1,85.9
20260729T100331Z,27.0,85.6
20260729T100347Z,26.9,85.5
20260729T100401Z,26.8,84.5
20260729T100417Z,26.7,84.1
20260729T100431Z,26.6,82.7
20260729T100447Z,26.5,83.0
20260729T100502Z,26.4,82.7
20260729T100516Z,26.3,82.1
20260729T100532Z,26.2,81.7
20260729T100546Z,26.1,81.0
20260729T100601Z,26.0,80.2
20260729T100617Z,25.9,80.1
20260729T100631Z,25.8,80.4
20260729T100647Z,25.8,82.0
20260729T100701Z,25.7,83.3
20260729T100717Z,25.7,84.8
20260729T100731Z,25.7,85.1
20260729T100747Z,25.7,85.7
20260729T100801Z,25.8,85.9
20260729T100817Z,25.8,86.6
20260729T100831Z,25.8,86.6
20260729T100846Z,25.8,87.0
20260729T100902Z,25.9,87.4
20260729T100916Z,25.9,87.5
20260729T100931Z,26.0,88.0
20260729T100947Z,26.0,88.2
20260729T101001Z,26.0,88.4
20260729T101017Z,26.1,88.7
20260729T101031Z,26.1,89.0
20260729T101047Z,26.2,89.1
20260729T101101Z,26.2,89.2
20260729T101116Z,26.3,89.5
20260729T101132Z,26.3,89.7
20260729T101146Z,26.3,89.9
20260729T101202Z,26.4,90.1
20260729T101216Z,26.4,90.3
20260729T101232Z,26.4,90.5
20260729T101246Z,26.5,90.5
20260729T101302Z,26.5,90.8
20260729T101316Z,26.5,90.8
20260729T101332Z,26.6,91.0
20260729T101346Z,26.6,91.1
20260729T101402Z,26.6,91.2
20260729T101416Z,26.6,91.3
20260729T101432Z,26.7,91.4
20260729T101446Z,26.7,91.7
20260729T101502Z,26.7,91.8
20260729T101516Z,26.7,92.0
20260729T101531Z,26.8,92.1
20260729T101547Z,26.8,92.1
20260729T101601Z,26.8,92.1
20260729T101617Z,26.8,92.3
20260729T101631Z,26.9,92.2
20260729T101647Z,26.9,92.3
20260729T101702Z,26.9,92.4
20260729T101716Z,27.0,92.4
20260729T101732Z,27.0,92.4
20260729T101747Z,27.0,92.5
20260729T101801Z,27.0,92.4
20260729T101817Z,27.1,92.4
20260729T101831Z,27.1,92.4
20260729T101847Z,27.1,92.4
20260729T101901Z,27.1,92.5
20260729T101917Z,27.2,92.5
20260729T101931Z,27.2,92.4
20260729T101947Z,27.2,92.5
20260729T102001Z,27.2,92.5
20260729T102017Z,27.3,92.4
20260729T102031Z,27.3,92.4
20260729T102047Z,27.3,92.4
20260729T102102Z,27.3,92.3
20260729T102116Z,27.4,92.2
20260729T102132Z,27.4,92.2
20260729T102146Z,27.4,92.2
20260729T102202Z,27.4,92.2
20260729T102217Z,27.4,92.2
20260729T102231Z,27.5,92.2
20260729T102247Z,27.5,92.0
20260729T102302Z,27.5,92.1
20260729T102316Z,27.5,92.0
20260729T102332Z,27.6,92.0
20260729T102346Z,27.6,92.0
20260729T102402Z,27.6,92.0
20260729T102416Z,27.6,91.3
20260729T102432Z,27.6,89.8
20260729T102447Z,27.5,89.1
20260729T102501Z,27.5,88.1
20260729T102517Z,27.4,87.9
20260729T102531Z,27.3,87.1
20260729T102547Z,27.2,86.7
20260729T102601Z,27.1,85.8
20260729T102617Z,27.1,85.4
20260729T102631Z,27.0,85.1
20260729T102647Z,26.9,84.3
20260729T102701Z,26.8,83.7
20260729T102717Z,26.7,83.3
20260729T102731Z,26.6,82.6
20260729T102747Z,26.5,81.6
20260729T102801Z,26.4,81.3
20260729T102816Z,26.3,81.3
20260729T102831Z,26.2,80.5
20260729T102847Z,26.1,80.6
20260729T102901Z,26.0,79.4
20260729T102917Z,25.9,79.6
20260729T102931Z,25.8,80.8
20260729T102948Z,25.8,81.9
20260729T103002Z,25.8,83.1
20260729T103017Z,25.7,84.7
20260729T103031Z,25.7,84.6
20260729T103047Z,25.8,85.0
20260729T103101Z,25.8,85.6
20260729T103117Z,25.8,85.8
20260729T103131Z,25.8,86.4
20260729T103146Z,25.9,86.6
20260729T103202Z,25.9,86.8
20260729T103216Z,25.9,87.2
20260729T103232Z,26.0,87.6
20260729T103246Z,26.0,87.8
20260729T103302Z,26.0,88.1
20260729T103316Z,26.1,88.4
20260729T103332Z,26.1,88.4
20260729T103346Z,26.2,88.7
20260729T103402Z,26.2,89.0
20260729T103417Z,26.3,89.1
20260729T103431Z,26.3,89.3
20260729T103446Z,26.3,89.6
20260729T103502Z,26.4,89.8
20260729T103516Z,26.4,89.9
20260729T103532Z,26.4,90.0
20260729T103546Z,26.4,90.3
20260729T103602Z,26.5,90.4
20260729T103617Z,26.5,90.6
20260729T103631Z,26.5,90.7
20260729T103647Z,26.5,90.9
20260729T103701Z,26.6,90.9
20260729T103717Z,26.6,91.0
20260729T103732Z,26.6,91.2
20260729T103747Z,26.7,91.3
20260729T103801Z,26.7,91.4
20260729T103817Z,26.7,91.6
20260729T103831Z,26.7,91.6
20260729T103846Z,26.8,91.7
20260729T103902Z,26.8,91.8
20260729T103916Z,26.8,91.9
20260729T103931Z,26.8,92.0
20260729T103947Z,26.8,91.9
20260729T104001Z,26.9,92.0
20260729T104017Z,26.9,92.1
20260729T104032Z,26.9,92.0
20260729T104047Z,27.0,92.1
20260729T104102Z,27.0,92.1
20260729T104117Z,27.0,92.1
20260729T104131Z,27.0,92.1
20260729T104147Z,27.1,92.2
20260729T104201Z,27.1,92.1
20260729T104217Z,27.1,92.1
20260729T104231Z,27.1,92.1
20260729T104247Z,27.2,92.1
20260729T104301Z,27.2,92.2
20260729T104317Z,27.2,92.1
20260729T104332Z,27.2,92.1
20260729T104346Z,27.2,92.1
20260729T104402Z,27.3,92.1
20260729T104416Z,27.3,92.0
20260729T104432Z,27.3,92.0
20260729T104447Z,27.3,91.9
20260729T104502Z,27.4,91.9
20260729T104516Z,27.4,91.9
20260729T104532Z,27.4,91.9
20260729T104546Z,27.4,91.9
20260729T104602Z,27.5,91.9
20260729T104617Z,27.5,91.8
20260729T104632Z,27.5,91.9
20260729T104647Z,27.5,91.8
20260729T104702Z,27.5,91.8
20260729T104717Z,27.5,91.7
20260729T104731Z,27.6,91.7
20260729T104746Z,27.6,91.7
20260729T104802Z,27.6,91.6
20260729T104816Z,27.6,91.6
20260729T104832Z,27.6,91.6
20260729T104847Z,27.6,91.2
20260729T104902Z,27.6,90.9
20260729T104917Z,27.6,89.1
20260729T104932Z,27.6,88.8
20260729T104947Z,27.5,87.9
20260729T105002Z,27.4,87.2
20260729T105017Z,27.4,86.5
20260729T105032Z,27.3,86.2
20260729T105047Z,27.2,85.3
20260729T105102Z,27.1,83.7
20260729T105117Z,27.0,83.9
20260729T105132Z,26.9,83.1
20260729T105147Z,26.8,83.0
20260729T105202Z,26.6,82.4
20260729T105217Z,26.5,81.9
20260729T105232Z,26.4,81.1
20260729T105247Z,26.3,80.9
20260729T105302Z,26.2,80.3
20260729T105317Z,26.1,79.8
20260729T105332Z,26.0,80.3
20260729T105347Z,25.9,79.4
20260729T105402Z,25.8,79.7
20260729T105417Z,25.7,81.0
20260729T105432Z,25.7,82.7
20260729T105447Z,25.7,84.3
20260729T105502Z,25.7,84.7
20260729T105517Z,25.7,84.9
20260729T105532Z,25.7,85.4
20260729T105547Z,25.7,85.9
20260729T105602Z,25.7,86.2
20260729T105617Z,25.8,86.4
20260729T105632Z,25.8,86.9
20260729T105647Z,25.9,87.4
20260729T105702Z,25.9,87.4
20260729T105717Z,26.0,87.7
20260729T105732Z,26.0,88.1
20260729T105747Z,26.0,88.2
20260729T105802Z,26.1,88.4
20260729T105817Z,26.1,88.7
20260729T105832Z,26.1,88.9
20260729T105847Z,26.2,89.1
20260729T105902Z,26.2,89.3
20260729T105917Z,26.3,89.3
20260729T105932Z,26.3,89.7
20260729T105947Z,26.3,89.9
20260729T110002Z,26.4,89.8
20260729T110017Z,26.4,90.2
20260729T110032Z,26.4,90.3
20260729T110047Z,26.5,90.4
20260729T110102Z,26.5,90.7
20260729T110117Z,26.5,90.7
20260729T110132Z,26.6,90.9
20260729T110147Z,26.6,91.0
20260729T110202Z,26.6,91.1
20260729T110217Z,26.6,91.2
20260729T110232Z,26.7,91.3
20260729T110247Z,26.7,91.5
20260729T110302Z,26.7,91.5
20260729T110317Z,26.7,91.6
20260729T110332Z,26.8,91.7
20260729T110347Z,26.8,91.8
20260729T110402Z,26.8,91.8
20260729T110417Z,26.8,91.9
20260729T110432Z,26.9,91.9
20260729T110447Z,26.9,92.0
20260729T110502Z,26.9,92.0
20260729T110517Z,26.9,92.1
20260729T110532Z,27.0,92.1
20260729T110547Z,27.0,92.1
20260729T110602Z,27.0,92.0
20260729T110617Z,27.0,92.1
20260729T110632Z,27.1,92.1
20260729T110647Z,27.1,92.1
20260729T110702Z,27.1,92.1
20260729T110717Z,27.1,92.1
20260729T110732Z,27.2,92.0
20260729T110747Z,27.2,92.0
20260729T110802Z,27.2,92.0
20260729T110817Z,27.3,92.0
20260729T110832Z,27.3,92.0
20260729T110847Z,27.3,92.0
20260729T110902Z,27.3,91.9
20260729T110917Z,27.3,91.9
20260729T110932Z,27.3,91.9
20260729T110947Z,27.4,91.9
20260729T111002Z,27.4,91.8
20260729T111017Z,27.4,91.9
20260729T111032Z,27.4,91.8
20260729T111047Z,27.5,91.8
20260729T111102Z,27.5,91.8
20260729T111117Z,27.5,91.7
20260729T111132Z,27.5,91.7
20260729T111147Z,27.5,91.7
20260729T111202Z,27.6,91.7
20260729T111217Z,27.6,91.7
20260729T111232Z,27.6,91.6
20260729T111247Z,27.6,91.7
20260729T111302Z,27.6,91.6
20260729T111317Z,27.6,91.5
20260729T111332Z,27.7,91.3
20260729T111347Z,27.6,88.9
20260729T111402Z,27.6,88.3
20260729T111417Z,27.5,87.6
20260729T111432Z,27.4,87.3
20260729T111447Z,27.3,86.4
20260729T111502Z,27.2,85.9
20260729T111517Z,27.1,85.2
20260729T111532Z,27.1,85.6
20260729T111547Z,27.0,84.5
20260729T111602Z,26.9,83.7
20260729T111617Z,26.8,84.4
20260729T111632Z,26.7,82.7
20260729T111647Z,26.6,82.2
20260729T111702Z,26.5,81.8
20260729T111717Z,26.4,81.0
20260729T111732Z,26.3,80.8
20260729T111747Z,26.2,80.1
20260729T111802Z,26.1,79.3
20260729T111817Z,26.0,78.8
20260729T111832Z,25.9,78.8
20260729T111847Z,25.8,79.7
20260729T111902Z,25.8,81.2
20260729T111917Z,25.7,82.7
20260729T111932Z,25.7,84.0
20260729T111947Z,25.7,84.1
20260729T112002Z,25.7,85.0
20260729T112017Z,25.8,85.0
20260729T112032Z,25.8,85.3
20260729T112047Z,25.8,85.7
20260729T112102Z,25.8,86.2
20260729T112117Z,25.9,86.7
20260729T112132Z,25.9,86.8
20260729T112147Z,26.0,87.2
20260729T112202Z,26.0,87.5
20260729T112217Z,26.0,87.7
20260729T112232Z,26.1,87.9
20260729T112247Z,26.1,88.2
20260729T112302Z,26.1,88.5
20260729T112317Z,26.2,88.6
20260729T112332Z,26.2,88.8
20260729T112347Z,26.2,89.0
20260729T112402Z,26.3,89.3
20260729T112417Z,26.3,89.4
20260729T112432Z,26.3,89.7
20260729T112447Z,26.4,89.9
20260729T112502Z,26.4,90.0
20260729T112517Z,26.4,90.2
20260729T112532Z,26.5,90.4
20260729T112547Z,26.5,90.5
20260729T112602Z,26.5,90.6
20260729T112617Z,26.6,90.7
20260729T112632Z,26.6,90.9
20260729T112647Z,26.6,91.0
20260729T112702Z,26.6,91.1
20260729T112717Z,26.7,91.2
20260729T112732Z,26.7,91.3
20260729T112747Z,26.7,91.4
20260729T112802Z,26.7,91.6
20260729T112817Z,26.8,91.6
20260729T112832Z,26.8,91.8
20260729T112847Z,26.8,91.7
20260729T112902Z,26.8,91.8
20260729T112917Z,26.9,91.8
20260729T112932Z,26.9,91.9
20260729T112947Z,26.9,91.9
20260729T113002Z,26.9,92.0
20260729T113017Z,27.0,92.0
20260729T113032Z,27.0,92.0
20260729T113047Z,27.0,92.0
20260729T113102Z,27.0,92.1
20260729T113117Z,27.1,92.0
20260729T113132Z,27.1,92.0
20260729T113147Z,27.1,92.1
20260729T113202Z,27.1,92.0
20260729T113217Z,27.1,92.1
20260729T113232Z,27.2,92.0
20260729T113247Z,27.2,92.1
20260729T113302Z,27.2,92.0
20260729T113317Z,27.3,92.0
20260729T113332Z,27.2,92.0
20260729T113347Z,27.3,92.0
20260729T113402Z,27.3,92.0
20260729T113417Z,27.3,92.0
20260729T113432Z,27.3,91.9
20260729T113447Z,27.4,91.9
20260729T113502Z,27.4,91.9
20260729T113517Z,27.4,91.9
20260729T113532Z,27.4,91.9
20260729T113547Z,27.4,91.9
20260729T113602Z,27.4,91.8
20260729T113617Z,27.5,91.9
20260729T113632Z,27.5,91.8
20260729T113647Z,27.5,91.8
20260729T113702Z,27.5,91.8
20260729T113717Z,27.5,91.7
20260729T113732Z,27.5,91.7
20260729T113747Z,27.6,91.7
20260729T113802Z,27.6,91.7
20260729T113817Z,27.6,91.7
20260729T113832Z,27.6,91.7
20260729T113847Z,27.6,91.7
20260729T113902Z,27.6,91.7
20260729T113917Z,27.6,91.1
20260729T113932Z,27.6,89.7
20260729T113947Z,27.6,88.6
20260729T114002Z,27.5,88.4
20260729T114017Z,27.4,87.5
20260729T114032Z,27.3,87.0
20260729T114047Z,27.2,86.2
20260729T114102Z,27.1,86.1
20260729T114117Z,27.0,85.0
20260729T114132Z,26.9,84.5
20260729T114147Z,26.8,84.1
20260729T114202Z,26.7,83.4
20260729T114217Z,26.6,82.5
20260729T114232Z,26.5,83.2
20260729T114247Z,26.4,82.1
20260729T114302Z,26.3,81.9
20260729T114317Z,26.2,81.1
20260729T114332Z,26.1,80.8
20260729T114347Z,26.0,80.3
20260729T114402Z,25.9,79.4
20260729T114417Z,25.8,80.8
20260729T114432Z,25.8,81.8
20260729T114447Z,25.8,83.3
20260729T114502Z,25.8,84.3
20260729T114517Z,25.8,84.8
20260729T114532Z,25.8,85.2
20260729T114547Z,25.8,85.6
20260729T114602Z,25.8,86.1
20260729T114617Z,25.8,86.3
20260729T114632Z,25.9,86.8
20260729T114648Z,25.9,86.9
20260729T114702Z,25.9,87.5
20260729T114717Z,25.9,87.5
20260729T114732Z,26.0,87.7
20260729T114747Z,26.0,88.3
20260729T114802Z,26.0,88.4
20260729T114817Z,26.1,88.6
20260729T114832Z,26.1,88.8
20260729T114847Z,26.1,89.1
20260729T114902Z,26.2,89.2
20260729T114917Z,26.2,89.5
20260729T114932Z,26.2,89.7
20260729T114947Z,26.3,89.9
20260729T115002Z,26.3,89.8
20260729T115017Z,26.3,90.2
20260729T115032Z,26.3,90.4
20260729T115047Z,26.4,90.5
20260729T115102Z,26.4,90.7
20260729T115117Z,26.4,90.9
20260729T115132Z,26.5,91.0
20260729T115147Z,26.5,91.1
20260729T115202Z,26.5,91.4
20260729T115217Z,26.5,91.5
20260729T115232Z,26.6,91.5
20260729T115247Z,26.6,91.7
20260729T115302Z,26.6,91.7
20260729T115317Z,26.6,91.8
20260729T115332Z,26.7,91.9
20260729T115347Z,26.7,92.0
20260729T115402Z,26.7,92.0
20260729T115417Z,26.7,92.2
20260729T115432Z,26.8,92.2
20260729T115447Z,26.8,92.2
20260729T115502Z,26.8,92.3
20260729T115517Z,26.8,92.3
20260729T115532Z,26.8,92.3
20260729T115547Z,26.9,92.4
20260729T115602Z,26.9,92.4
20260729T115617Z,26.9,92.4
20260729T115632Z,26.9,92.4
20260729T115647Z,27.0,92.4
20260729T115702Z,27.0,92.4
20260729T115717Z,27.0,92.3
20260729T115732Z,27.0,92.4
20260729T115747Z,27.0,92.4
20260729T115802Z,27.1,92.3
20260729T115817Z,27.1,92.3
20260729T115832Z,27.1,92.3
20260729T115847Z,27.2,92.3
20260729T115902Z,27.2,92.2
20260729T115917Z,27.2,92.3
20260729T115932Z,27.2,92.2
20260729T115947Z,27.3,92.2
20260729T120002Z,27.3,92.2
20260729T120017Z,27.3,92.2
20260729T120032Z,27.3,92.1
20260729T120047Z,27.3,92.1
20260729T120102Z,27.4,92.0
20260729T120117Z,27.4,92.0
20260729T120132Z,27.4,92.0
20260729T120147Z,27.4,92.0
20260729T120202Z,27.4,92.0
20260729T120217Z,27.5,91.9
20260729T120232Z,27.5,92.0
20260729T120247Z,27.5,91.9
20260729T120302Z,27.5,91.9
20260729T120317Z,27.5,91.8
20260729T120332Z,27.6,91.8
20260729T120347Z,27.6,91.8
20260729T120402Z,27.6,91.7
20260729T120417Z,27.6,91.7
20260729T120432Z,27.6,91.7
20260729T120447Z,27.6,91.7
20260729T120502Z,27.7,91.7
20260729T120517Z,27.6,90.9
20260729T120532Z,27.6,89.9
20260729T120547Z,27.6,89.1
20260729T120602Z,27.5,88.8
20260729T120617Z,27.4,87.6
20260729T120632Z,27.3,87.0
20260729T120647Z,27.3,86.9
20260729T120702Z,27.2,86.4
20260729T120717Z,27.1,86.0
20260729T120732Z,27.0,85.4
20260729T120747Z,26.9,84.4
20260729T120802Z,26.8,84.0
20260729T120817Z,26.7,82.8
20260729T120832Z,26.5,83.0
20260729T120847Z,26.4,82.9
20260729T120902Z,26.3,81.9
20260729T120917Z,26.2,81.7
20260729T120932Z,26.1,81.1
20260729T120947Z,26.0,80.5
20260729T121002Z,25.9,80.5
20260729T121017Z,25.8,81.6
20260729T121032Z,25.8,83.0
20260729T121047Z,25.7,84.2
20260729T121102Z,25.7,85.4
20260729T121117Z,25.7,85.6
20260729T121132Z,25.8,86.0
20260729T121147Z,25.8,86.2
20260729T121202Z,25.8,86.7
20260729T121217Z,25.8,87.0
20260729T121232Z,25.9,87.2
20260729T121247Z,25.9,87.5
20260729T121302Z,25.9,88.0
20260729T121317Z,26.0,88.2
20260729T121332Z,26.0,88.4
20260729T121347Z,26.0,88.6
20260729T121402Z,26.1,89.0
20260729T121417Z,26.1,89.4
20260729T121432Z,26.1,89.5
20260729T121447Z,26.2,89.8
20260729T121502Z,26.2,89.9
20260729T121517Z,26.2,90.1
20260729T121532Z,26.3,90.2
20260729T121547Z,26.3,90.4
20260729T121602Z,26.3,90.5
20260729T121617Z,26.4,90.7
20260729T121632Z,26.4,90.9
20260729T121647Z,26.4,91.0
20260729T121702Z,26.4,91.0
20260729T121717Z,26.5,91.2
20260729T121732Z,26.5,91.4
20260729T121747Z,26.5,91.5
20260729T121802Z,26.6,91.6
20260729T121817Z,26.6,91.8
20260729T121832Z,26.6,91.8
20260729T121847Z,26.6,91.8
20260729T121902Z,26.7,92.0
20260729T121917Z,26.7,92.1
20260729T121932Z,26.7,92.1
20260729T121947Z,26.7,92.3
20260729T122002Z,26.8,92.3
20260729T122017Z,26.8,92.2
20260729T122032Z,26.8,92.3
20260729T122047Z,26.8,92.4
20260729T122102Z,26.9,92.4
20260729T122117Z,26.9,92.4
20260729T122132Z,26.9,92.4
20260729T122147Z,27.0,92.4
20260729T122202Z,27.0,92.5
20260729T122217Z,27.0,92.5
20260729T122232Z,27.0,92.6
20260729T122247Z,27.0,92.6
20260729T122302Z,27.1,92.5
20260729T122317Z,27.1,92.5
20260729T122332Z,27.1,92.5
20260729T122347Z,27.2,92.5
20260729T122402Z,27.2,92.5
20260729T122417Z,27.2,92.4
20260729T122432Z,27.2,92.4
20260729T122447Z,27.3,92.4
20260729T122502Z,27.3,92.4
20260729T122517Z,27.3,92.3
20260729T122532Z,27.3,92.3
20260729T122547Z,27.4,92.3
20260729T122602Z,27.4,92.2
20260729T122617Z,27.4,92.3
20260729T122632Z,27.4,92.2
20260729T122647Z,27.4,92.1
20260729T122702Z,27.4,92.1
20260729T122717Z,27.5,92.2
20260729T122732Z,27.5,92.1
20260729T122747Z,27.5,92.1
20260729T122802Z,27.5,92.1
20260729T122817Z,27.5,92.1
20260729T122832Z,27.5,92.1
20260729T122847Z,27.5,92.0
20260729T122902Z,27.5,92.1
20260729T122917Z,27.6,92.0
20260729T122932Z,27.6,92.0
20260729T122947Z,27.6,92.0
20260729T123002Z,27.6,91.9
20260729T123017Z,27.6,91.4
20260729T123032Z,27.6,91.3
20260729T123047Z,27.6,90.3
20260729T123102Z,27.6,88.9
20260729T123117Z,27.6,88.3
20260729T123132Z,27.5,88.2
20260729T123147Z,27.4,86.6
20260729T123202Z,27.3,85.8
20260729T123217Z,27.2,85.1
20260729T123232Z,27.0,85.0
20260729T123247Z,26.9,84.7
20260729T123302Z,26.8,84.3
20260729T123317Z,26.7,83.4
20260729T123332Z,26.6,83.1
20260729T123347Z,26.5,83.0
20260729T123402Z,26.4,82.8
20260729T123417Z,26.4,82.6
20260729T123432Z,26.3,81.8
20260729T123448Z,26.2,81.4
20260729T123502Z,26.2,82.3
20260729T123517Z,26.1,83.7
20260729T123532Z,26.1,84.8
20260729T123547Z,26.1,85.9
20260729T123602Z,26.1,85.8
20260729T123617Z,26.1,86.4
20260729T123632Z,26.0,86.6
20260729T123647Z,26.0,87.0
20260729T123702Z,26.0,87.6
20260729T123717Z,26.1,87.8
20260729T123732Z,26.1,88.2
20260729T123747Z,26.1,88.6
20260729T123802Z,26.1,88.9
20260729T123817Z,26.1,89.1
20260729T123832Z,26.1,89.3
20260729T123847Z,26.2,89.7
20260729T123902Z,26.2,89.8
20260729T123917Z,26.2,90.0
20260729T123932Z,26.2,90.3
20260729T123947Z,26.2,90.5
20260729T124002Z,26.3,90.6
20260729T124017Z,26.3,90.9
20260729T124032Z,26.3,91.1
20260729T124047Z,26.3,91.1
20260729T124102Z,26.4,91.3
20260729T124117Z,26.4,91.4
20260729T124132Z,26.4,91.7
20260729T124147Z,26.4,91.7
20260729T124202Z,26.5,91.9
20260729T124217Z,26.5,92.0
20260729T124232Z,26.5,92.0
20260729T124247Z,26.5,92.2
20260729T124302Z,26.5,92.3
20260729T124317Z,26.6,92.3
20260729T124332Z,26.6,92.4
20260729T124347Z,26.6,92.4
20260729T124402Z,26.6,92.5
20260729T124417Z,26.7,92.6
20260729T124432Z,26.7,92.7
20260729T124447Z,26.7,92.7
20260729T124502Z,26.7,92.7
20260729T124517Z,26.8,92.8
20260729T124532Z,26.8,92.9
20260729T124547Z,26.8,92.8
20260729T124602Z,26.8,92.8
20260729T124617Z,26.9,92.8
20260729T124632Z,26.9,92.9
20260729T124647Z,26.9,92.9
20260729T124702Z,26.9,92.9
20260729T124717Z,26.9,92.9
20260729T124732Z,27.0,92.9
20260729T124748Z,27.0,92.9
20260729T124803Z,27.0,92.9
20260729T124817Z,27.0,92.9
20260729T124832Z,27.0,92.9
20260729T124847Z,27.1,92.8
20260729T124902Z,27.1,92.8
20260729T124917Z,27.1,92.8
20260729T124932Z,27.1,92.8
20260729T124947Z,27.1,92.8
20260729T125002Z,27.1,92.8
20260729T125017Z,27.2,92.8
20260729T125032Z,27.2,92.8
20260729T125047Z,27.2,92.7
20260729T125102Z,27.2,92.7
20260729T125117Z,27.2,92.7
20260729T125132Z,27.3,92.7
20260729T125147Z,27.3,92.7
20260729T125202Z,27.3,92.6
20260729T125217Z,27.3,92.6
20260729T125232Z,27.3,92.5
20260729T125247Z,27.3,92.5
20260729T125302Z,27.3,92.5
20260729T125317Z,27.4,92.5
20260729T125332Z,27.4,92.5
20260729T125347Z,27.4,92.5
20260729T125402Z,27.4,92.4
20260729T125417Z,27.4,92.4
20260729T125432Z,27.4,92.3
20260729T125447Z,27.4,92.3
20260729T125502Z,27.5,92.3
20260729T125517Z,27.5,92.3
20260729T125532Z,27.5,92.3
20260729T125547Z,27.5,92.3
20260729T125602Z,27.5,92.2
20260729T125617Z,27.5,92.2
20260729T125632Z,27.5,92.2
20260729T125647Z,27.5,92.2
20260729T125702Z,27.6,92.1
20260729T125717Z,27.6,92.1
20260729T125732Z,27.6,92.1
20260729T125747Z,27.6,92.1
20260729T125802Z,27.6,92.1
20260729T125817Z,27.6,92.0
20260729T125832Z,27.6,92.0
20260729T125847Z,27.6,91.4
20260729T125902Z,27.6,90.8
20260729T125917Z,27.6,89.8
20260729T125932Z,27.5,89.5
20260729T125947Z,27.5,88.0
20260729T130002Z,27.4,88.3
20260729T130017Z,27.3,86.8
20260729T130032Z,27.2,86.5
20260729T130047Z,27.1,85.3
20260729T130102Z,27.0,85.0
20260729T130117Z,26.9,84.1
20260729T130132Z,26.8,83.5
20260729T130147Z,26.6,83.7
20260729T130202Z,26.5,83.4
20260729T130217Z,26.4,82.9
20260729T130232Z,26.2,82.4
20260729T130247Z,26.2,81.5
20260729T130302Z,26.1,81.4
20260729T130317Z,26.0,82.9
20260729T130332Z,26.0,84.3
20260729T130347Z,25.9,85.3
20260729T130402Z,25.9,86.3
20260729T130417Z,25.9,86.7
20260729T130432Z,25.9,87.1
20260729T130447Z,25.9,87.4
20260729T130502Z,25.9,87.6
20260729T130517Z,25.9,88.2
20260729T130532Z,26.0,88.4
20260729T130547Z,26.0,88.7
20260729T130602Z,26.0,88.8
20260729T130617Z,26.0,89.3
20260729T130632Z,26.1,89.4
20260729T130647Z,26.1,89.6
20260729T130702Z,26.1,90.0
20260729T130717Z,26.1,90.2
20260729T130732Z,26.2,90.3
20260729T130747Z,26.2,90.5
20260729T130802Z,26.2,90.8
20260729T130817Z,26.2,90.9
20260729T130832Z,26.3,91.0
20260729T130847Z,26.3,91.2
20260729T130902Z,26.4,91.4
20260729T130917Z,26.4,91.6
20260729T130932Z,26.4,91.7
20260729T130947Z,26.4,91.8
20260729T131002Z,26.4,91.9
20260729T131017Z,26.5,91.9
20260729T131032Z,26.5,92.2
20260729T131047Z,26.5,92.3
20260729T131102Z,26.5,92.4
20260729T131117Z,26.6,92.4
20260729T131132Z,26.6,92.5
20260729T131147Z,26.6,92.6
20260729T131202Z,26.6,92.7
20260729T131217Z,26.6,92.8
20260729T131232Z,26.7,92.8
20260729T131248Z,26.7,93.0
20260729T131303Z,26.7,92.9
20260729T131317Z,26.7,93.0
20260729T131332Z,26.8,93.0
20260729T131347Z,26.8,93.0
20260729T131402Z,26.8,93.0
20260729T131417Z,26.8,93.1
20260729T131432Z,26.8,93.1
20260729T131447Z,26.9,93.1
20260729T131502Z,26.9,93.1
20260729T131517Z,26.9,93.1
20260729T131532Z,26.9,93.1
20260729T131547Z,26.9,93.1
20260729T131602Z,27.0,93.1
20260729T131617Z,27.0,93.1
20260729T131632Z,27.0,93.1
20260729T131647Z,27.0,93.0
20260729T131702Z,27.1,93.0
20260729T131717Z,27.1,93.0
20260729T131732Z,27.1,93.0
20260729T131747Z,27.1,92.9
20260729T131802Z,27.1,92.9
20260729T131817Z,27.1,92.9
20260729T131832Z,27.2,92.9
20260729T131847Z,27.2,92.9
20260729T131902Z,27.2,92.8
20260729T131917Z,27.2,92.9
20260729T131932Z,27.2,92.8
20260729T131947Z,27.3,92.8
20260729T132002Z,27.3,92.7
20260729T132017Z,27.3,92.7
20260729T132032Z,27.3,92.7
20260729T132047Z,27.3,92.7
20260729T132102Z,27.3,92.7
20260729T132117Z,27.3,92.6
20260729T132132Z,27.4,92.6
20260729T132147Z,27.4,92.6
20260729T132202Z,27.4,92.6
20260729T132217Z,27.4,92.6
20260729T132232Z,27.4,92.5
20260729T132247Z,27.4,92.5
20260729T132302Z,27.4,92.5
20260729T132317Z,27.5,92.5
20260729T132332Z,27.5,92.5
20260729T132347Z,27.5,92.5
20260729T132402Z,27.5,92.5
20260729T132417Z,27.5,92.4
20260729T132432Z,27.5,92.4
20260729T132447Z,27.5,92.4
20260729T132502Z,27.5,92.4
20260729T132517Z,27.5,92.4
20260729T132532Z,27.5,92.3
20260729T132547Z,27.6,92.3
20260729T132602Z,27.6,92.3
20260729T132617Z,27.6,92.3
20260729T132632Z,27.6,92.2
20260729T132647Z,27.6,92.2
20260729T132702Z,27.6,92.2
20260729T132717Z,27.6,91.8
20260729T132732Z,27.6,90.1
20260729T132747Z,27.5,89.7
20260729T132802Z,27.5,89.0
20260729T132817Z,27.4,88.3
20260729T132832Z,27.3,88.0
20260729T132847Z,27.3,87.4
20260729T132902Z,27.2,86.3
20260729T132917Z,27.0,85.9
20260729T132932Z,26.9,85.1
20260729T132947Z,26.8,84.8
20260729T133002Z,26.7,84.8
20260729T133017Z,26.6,83.9
20260729T133032Z,26.5,83.8
20260729T133047Z,26.4,83.0
20260729T133102Z,26.3,82.5
20260729T133117Z,26.2,82.0
20260729T133132Z,26.1,82.2
20260729T133147Z,26.0,83.5
20260729T133202Z,26.0,84.3
20260729T133217Z,26.0,85.9
20260729T133232Z,25.9,86.6
20260729T133248Z,25.9,86.8
20260729T133302Z,25.9,87.2
20260729T133317Z,25.9,87.5
20260729T133332Z,25.9,88.2
20260729T133347Z,25.9,88.2
20260729T133402Z,26.0,88.6
20260729T133417Z,26.0,88.9
20260729T133432Z,26.0,89.2
20260729T133447Z,26.0,89.4
20260729T133502Z,26.0,89.7
20260729T133517Z,26.1,90.0
20260729T133532Z,26.1,90.2
20260729T133547Z,26.1,90.5
20260729T133602Z,26.2,90.6
20260729T133617Z,26.2,90.8
20260729T133632Z,26.2,91.1
20260729T133647Z,26.2,91.2
20260729T133702Z,26.3,91.4
20260729T133717Z,26.3,91.5
20260729T133732Z,26.3,91.6
20260729T133747Z,26.3,91.7
20260729T133802Z,26.4,91.9
20260729T133817Z,26.4,92.1
20260729T133832Z,26.4,92.1
20260729T133848Z,26.5,92.2
20260729T133902Z,26.5,92.4
20260729T133917Z,26.5,92.5
20260729T133932Z,26.5,92.6
20260729T133947Z,26.5,92.7
20260729T134002Z,26.6,92.8
20260729T134017Z,26.6,92.9
20260729T134032Z,26.6,92.9
20260729T134048Z,26.7,93.0
20260729T134103Z,26.7,93.0
20260729T134117Z,26.7,93.1
20260729T134132Z,26.7,93.1
20260729T134148Z,26.7,93.2
20260729T134203Z,26.7,93.3
20260729T134217Z,26.8,93.3
20260729T134232Z,26.8,93.3
20260729T134247Z,26.8,93.3
20260729T134302Z,26.8,93.3
20260729T134317Z,26.9,93.2
20260729T134332Z,26.9,93.2
20260729T134347Z,26.9,93.3
20260729T134403Z,26.9,93.3
20260729T134418Z,27.0,93.3
20260729T134432Z,27.0,93.3
20260729T134448Z,27.0,93.3
20260729T134502Z,27.0,93.3
20260729T134518Z,27.0,93.2
20260729T134532Z,27.1,93.1
20260729T134547Z,27.1,93.2
20260729T134603Z,27.1,93.1
20260729T134617Z,27.1,93.0
20260729T134633Z,27.1,93.1
20260729T134648Z,27.2,93.0
20260729T134702Z,27.2,93.0
20260729T134718Z,27.2,93.0
20260729T134732Z,27.2,93.0
20260729T134748Z,27.3,92.9
20260729T134802Z,27.3,92.9
20260729T134818Z,27.3,92.9
20260729T134832Z,27.3,92.9
20260729T134847Z,27.3,92.8
20260729T134903Z,27.3,92.8
20260729T134917Z,27.3,92.7
20260729T134933Z,27.3,92.8
20260729T134947Z,27.4,92.7
20260729T135003Z,27.4,92.7
20260729T135017Z,27.4,92.7
20260729T135032Z,27.4,92.7
20260729T135049Z,27.4,92.6
20260729T135103Z,27.5,92.6
20260729T135118Z,27.5,92.6
20260729T135132Z,27.5,92.6
20260729T135147Z,27.5,92.5
20260729T135203Z,27.5,92.5
20260729T135217Z,27.5,92.5
20260729T135233Z,27.5,92.5
20260729T135247Z,27.5,92.5
20260729T135303Z,27.5,92.5
20260729T135318Z,27.6,92.5
20260729T135332Z,27.6,92.4
20260729T135348Z,27.6,92.4
20260729T135402Z,27.6,92.4
20260729T135418Z,27.6,92.3
20260729T135432Z,27.6,92.3
20260729T135448Z,27.6,92.3
20260729T135503Z,27.6,92.3
20260729T135518Z,27.6,92.3
20260729T135533Z,27.6,92.0
20260729T135548Z,27.6,91.7
20260729T135602Z,27.6,90.2
20260729T135618Z,27.6,89.5
20260729T135632Z,27.5,88.9
20260729T135648Z,27.4,88.4
20260729T135702Z,27.4,87.9
20260729T135718Z,27.3,86.8
20260729T135732Z,27.1,85.8
20260729T135748Z,27.0,85.3
20260729T135802Z,26.9,85.3
20260729T135818Z,26.8,84.8
20260729T135832Z,26.7,84.7
20260729T135847Z,26.6,84.6
20260729T135902Z,26.5,83.7
20260729T135918Z,26.5,83.3
20260729T135932Z,26.4,82.4
20260729T135948Z,26.4,81.9
20260729T140002Z,26.3,83.1
20260729T140018Z,26.3,84.1
20260729T140032Z,26.2,85.1
20260729T140048Z,26.2,86.0
20260729T140102Z,26.1,86.6
20260729T140118Z,26.1,86.9
20260729T140132Z,26.1,87.3
20260729T140148Z,26.1,87.7
20260729T140202Z,26.1,88.1
20260729T140218Z,26.1,88.6
20260729T140232Z,26.1,88.8
20260729T140248Z,26.1,89.2
20260729T140302Z,26.1,89.3
20260729T140318Z,26.1,89.8
20260729T140332Z,26.1,90.0
20260729T140348Z,26.2,90.2
20260729T140402Z,26.2,90.7
20260729T140417Z,26.2,90.8
20260729T140433Z,26.2,91.0
20260729T140448Z,26.3,91.2
20260729T140502Z,26.3,91.3
20260729T140517Z,26.3,91.5
20260729T140532Z,26.3,91.7
20260729T140548Z,26.4,91.8
20260729T140602Z,26.4,91.9
20260729T140618Z,26.4,92.1
20260729T140632Z,26.4,92.3
20260729T140647Z,26.5,92.5
20260729T140703Z,26.5,92.5
20260729T140717Z,26.5,92.6
20260729T140733Z,26.5,92.7
20260729T140747Z,26.6,92.8
20260729T140802Z,26.6,93.0
20260729T140817Z,26.6,93.0
20260729T140833Z,26.6,93.0
20260729T140847Z,26.7,93.1
20260729T140903Z,26.7,93.2
20260729T140917Z,26.7,93.2
20260729T140933Z,26.7,93.3
20260729T140947Z,26.7,93.3
20260729T141003Z,26.8,93.4
20260729T141017Z,26.8,93.3
20260729T141033Z,26.8,93.4
20260729T141047Z,26.8,93.5
20260729T141103Z,26.9,93.5
20260729T141117Z,26.9,93.5
20260729T141133Z,26.9,93.5
20260729T141148Z,26.9,93.5
20260729T141202Z,26.9,93.5
20260729T141217Z,26.9,93.4
20260729T141233Z,27.0,93.5
20260729T141247Z,27.0,93.4
20260729T141303Z,27.0,93.4
20260729T141317Z,27.0,93.4
20260729T141333Z,27.1,93.4
20260729T141348Z,27.1,93.4
20260729T141402Z,27.1,93.3
20260729T141417Z,27.1,93.3
20260729T141433Z,27.2,93.3
20260729T141447Z,27.2,93.3
20260729T141502Z,27.2,93.3
20260729T141518Z,27.2,93.2
20260729T141532Z,27.2,93.2
20260729T141548Z,27.2,93.1
20260729T141602Z,27.3,93.1
20260729T141618Z,27.3,93.1
20260729T141632Z,27.3,93.1
20260729T141648Z,27.3,93.1
20260729T141702Z,27.3,93.0
20260729T141718Z,27.3,93.0
20260729T141732Z,27.4,93.0
20260729T141747Z,27.4,93.0
20260729T141803Z,27.4,93.0
20260729T141818Z,27.4,92.9
20260729T141832Z,27.4,92.9
20260729T141849Z,27.4,92.9
20260729T141903Z,27.4,92.9
20260729T141918Z,27.4,92.8
20260729T141932Z,27.5,92.8
20260729T141948Z,27.5,92.8
20260729T142002Z,27.5,92.7
20260729T142018Z,27.5,92.7
20260729T142033Z,27.5,92.7
20260729T142047Z,27.5,92.7
20260729T142103Z,27.5,92.7
20260729T142117Z,27.5,92.6
20260729T142133Z,27.6,92.6
20260729T142147Z,27.6,92.6
20260729T142203Z,27.6,92.5
20260729T142217Z,27.6,92.5
20260729T142233Z,27.6,92.5
20260729T142247Z,27.6,92.6
20260729T142303Z,27.6,92.5
20260729T142317Z,27.6,92.3
20260729T142333Z,27.6,90.7
20260729T142348Z,27.6,89.9
20260729T142402Z,27.5,89.6
20260729T142418Z,27.4,88.9
20260729T142432Z,27.4,88.5
20260729T142448Z,27.3,88.3
20260729T142502Z,27.2,87.0
20260729T142517Z,27.1,86.5
20260729T142532Z,27.0,86.1
20260729T142547Z,26.9,85.2
20260729T142603Z,26.7,84.2
20260729T142618Z,26.6,84.4
20260729T142632Z,26.5,84.3
20260729T142647Z,26.4,84.0
20260729T142703Z,26.4,83.5
20260729T142717Z,26.3,82.1
20260729T142733Z,26.2,81.9
20260729T142747Z,26.1,81.7
20260729T142803Z,26.0,82.9
20260729T142817Z,26.0,84.1
20260729T142833Z,25.9,85.5
20260729T142848Z,25.9,86.3
20260729T142903Z,25.9,86.9
20260729T142917Z,25.9,87.4
20260729T142933Z,25.9,87.4
20260729T142947Z,26.0,87.7
20260729T143003Z,26.0,88.3
20260729T143017Z,26.0,88.5
20260729T143033Z,26.0,89.0
20260729T143048Z,26.0,89.2
20260729T143103Z,26.1,89.3
20260729T143117Z,26.1,89.6
20260729T143133Z,26.2,90.0
20260729T143148Z,26.2,90.4
20260729T143202Z,26.2,90.6
20260729T143218Z,26.2,90.7
20260729T143232Z,26.3,91.0
20260729T143248Z,26.3,91.3
20260729T143302Z,26.3,91.3
20260729T143317Z,26.4,91.5
20260729T143333Z,26.4,91.8
20260729T143347Z,26.4,91.9
20260729T143402Z,26.4,92.0
20260729T143418Z,26.5,92.2
20260729T143433Z,26.5,92.4
20260729T143447Z,26.5,92.5
20260729T143503Z,26.5,92.5
20260729T143518Z,26.6,92.7
20260729T143533Z,26.6,92.9
20260729T143547Z,26.6,92.9
20260729T143603Z,26.6,93.1
20260729T143617Z,26.7,93.2
20260729T143633Z,26.7,93.4
20260729T143648Z,26.7,93.4
20260729T143702Z,26.7,93.4
20260729T143717Z,26.7,93.6
20260729T143733Z,26.8,93.6
20260729T143748Z,26.8,93.7
20260729T143802Z,26.8,93.8
20260729T143818Z,26.8,93.9
20260729T143832Z,26.9,93.9
20260729T143847Z,26.9,93.9
20260729T143903Z,26.9,94.0
20260729T143917Z,26.9,94.0
20260729T143933Z,27.0,94.0
20260729T143947Z,27.0,94.1
20260729T144003Z,27.0,94.0
20260729T144018Z,27.0,94.0
20260729T144033Z,27.0,94.0
20260729T144048Z,27.0,94.1
20260729T144103Z,27.1,94.0
20260729T144118Z,27.1,94.0
20260729T144133Z,27.1,94.0
20260729T144148Z,27.1,94.0
20260729T144203Z,27.2,94.0
20260729T144217Z,27.2,94.0
20260729T144233Z,27.2,93.9
20260729T144248Z,27.2,93.9
20260729T144303Z,27.3,93.9
20260729T144318Z,27.3,93.9
20260729T144333Z,27.3,93.9
20260729T144348Z,27.3,93.8
20260729T144403Z,27.3,93.8
20260729T144417Z,27.4,93.8
20260729T144433Z,27.4,93.8
20260729T144447Z,27.4,93.7
20260729T144503Z,27.4,93.7
20260729T144517Z,27.4,93.7
20260729T144533Z,27.5,93.7
20260729T144548Z,27.5,93.7
20260729T144603Z,27.5,93.6
20260729T144618Z,27.5,93.6
20260729T144633Z,27.5,93.6
20260729T144648Z,27.5,93.5
20260729T144703Z,27.5,93.4
20260729T144718Z,27.5,93.4
20260729T144733Z,27.6,93.4
20260729T144748Z,27.6,93.3
20260729T144803Z,27.6,93.3
20260729T144818Z,27.6,92.3
20260729T144833Z,27.6,92.4
20260729T144848Z,27.6,90.5
20260729T144903Z,27.5,90.4
20260729T144918Z,27.4,89.9
20260729T144933Z,27.4,89.3
20260729T144948Z,27.3,88.8
20260729T145003Z,27.2,87.6
20260729T145018Z,27.1,86.3
20260729T145033Z,27.0,85.9
20260729T145048Z,26.9,86.0
20260729T145103Z,26.8,85.6
20260729T145118Z,26.7,85.1
20260729T145133Z,26.6,84.5
20260729T145149Z,26.5,83.3
20260729T145203Z,26.4,83.8
20260729T145218Z,26.3,83.3
20260729T145233Z,26.2,82.6
20260729T145248Z,26.2,83.5
20260729T145303Z,26.1,84.6
20260729T145318Z,26.1,85.0
20260729T145333Z,26.1,86.6
20260729T145348Z,26.1,86.8
20260729T145403Z,26.0,87.4
20260729T145418Z,26.0,87.6
20260729T145433Z,26.0,88.0
20260729T145448Z,26.0,88.5
20260729T145503Z,26.0,88.9
20260729T145518Z,26.1,89.1
20260729T145533Z,26.1,89.6
20260729T145548Z,26.1,89.8
20260729T145603Z,26.1,89.9
20260729T145618Z,26.2,90.2
20260729T145633Z,26.2,90.5
20260729T145649Z,26.2,90.7
20260729T145703Z,26.3,91.0
20260729T145718Z,26.3,91.1
20260729T145733Z,26.3,91.2
20260729T145748Z,26.3,91.4
20260729T145803Z,26.4,91.7
20260729T145818Z,26.4,91.7
20260729T145833Z,26.4,91.9
20260729T145848Z,26.4,92.0
20260729T145903Z,26.5,92.2
20260729T145918Z,26.5,92.4
20260729T145933Z,26.5,92.5
20260729T145948Z,26.5,92.6
20260729T150003Z,26.6,92.9
20260729T150018Z,26.6,92.9
20260729T150033Z,26.6,93.0
20260729T150048Z,26.6,93.1
20260729T150103Z,26.6,93.3
20260729T150118Z,26.6,93.3
20260729T150133Z,26.7,93.5
20260729T150148Z,26.7,93.5
20260729T150203Z,26.7,93.6
20260729T150218Z,26.7,93.7
20260729T150233Z,26.7,93.7
20260729T150248Z,26.8,93.7
20260729T150303Z,26.8,93.7
20260729T150318Z,26.8,93.8
20260729T150333Z,26.8,93.8
20260729T150348Z,26.8,93.9
20260729T150403Z,26.9,93.9
20260729T150418Z,26.9,93.9
20260729T150433Z,26.9,93.9
20260729T150448Z,26.9,93.9
20260729T150503Z,27.0,93.9
20260729T150518Z,27.0,93.9
20260729T150533Z,27.0,93.9
20260729T150548Z,27.0,93.8
20260729T150603Z,27.0,93.9
20260729T150618Z,27.0,93.8
20260729T150633Z,27.1,93.8
20260729T150648Z,27.1,93.7
20260729T150703Z,27.1,93.7
20260729T150718Z,27.1,93.7
20260729T150733Z,27.2,93.7
20260729T150748Z,27.2,93.7
20260729T150803Z,27.2,93.6
20260729T150818Z,27.2,93.6
20260729T150833Z,27.2,93.5
20260729T150848Z,27.2,93.6
20260729T150903Z,27.3,93.5
20260729T150918Z,27.3,93.5
20260729T150933Z,27.3,93.5
20260729T150948Z,27.3,93.4
20260729T151003Z,27.3,93.4
20260729T151018Z,27.3,93.4
20260729T151033Z,27.3,93.4
20260729T151048Z,27.4,93.3
20260729T151103Z,27.4,93.4
20260729T151118Z,27.4,93.3
20260729T151133Z,27.4,93.3
20260729T151148Z,27.4,93.3
20260729T151203Z,27.4,93.3
20260729T151218Z,27.4,93.3
20260729T151233Z,27.5,93.2
20260729T151248Z,27.5,93.2
20260729T151303Z,27.5,93.1
20260729T151318Z,27.5,93.1
20260729T151333Z,27.5,93.1
20260729T151348Z,27.5,93.0
20260729T151403Z,27.5,93.0
20260729T151418Z,27.6,93.0
20260729T151433Z,27.6,92.9
20260729T151448Z,27.6,92.9
20260729T151503Z,27.6,92.9
20260729T151518Z,27.6,92.8
20260729T151533Z,27.6,92.8
20260729T151548Z,27.6,92.8
20260729T151603Z,27.6,92.6
20260729T151618Z,27.6,91.0
20260729T151633Z,27.6,90.1
20260729T151648Z,27.5,89.7
20260729T151703Z,27.5,89.4
20260729T151718Z,27.4,88.1
20260729T151733Z,27.3,87.9
20260729T151748Z,27.2,87.0
20260729T151803Z,27.1,86.4
20260729T151818Z,27.0,86.0
20260729T151833Z,26.9,84.9
20260729T151848Z,26.8,84.8
20260729T151903Z,26.7,84.4
20260729T151918Z,26.6,83.9
20260729T151933Z,26.5,83.7
20260729T151948Z,26.3,82.7
20260729T152003Z,26.3,82.5
20260729T152018Z,26.2,82.6
20260729T152033Z,26.1,81.9
20260729T152048Z,26.0,81.9
20260729T152103Z,25.9,83.4
20260729T152118Z,25.9,84.9
20260729T152133Z,25.9,85.7
20260729T152148Z,25.9,86.6
20260729T152203Z,25.9,87.0
20260729T152218Z,25.9,87.6
20260729T152233Z,25.9,87.8
20260729T152248Z,25.9,88.2
20260729T152303Z,25.9,88.7
20260729T152318Z,26.0,88.8
20260729T152333Z,26.0,89.2
20260729T152348Z,26.0,89.4
20260729T152403Z,26.1,89.8
20260729T152418Z,26.1,90.2
20260729T152433Z,26.1,90.4
20260729T152448Z,26.2,90.3
20260729T152503Z,26.2,90.7
20260729T152518Z,26.3,91.0
20260729T152533Z,26.3,91.1
20260729T152548Z,26.3,91.2
20260729T152603Z,26.4,91.4
20260729T152618Z,26.4,91.8
20260729T152633Z,26.4,91.8
20260729T152648Z,26.4,92.0
20260729T152703Z,26.4,92.2
20260729T152718Z,26.5,92.3
20260729T152733Z,26.5,92.5
20260729T152748Z,26.6,92.7
20260729T152803Z,26.6,92.7
20260729T152818Z,26.6,92.8
20260729T152833Z,26.6,93.0
20260729T152848Z,26.7,93.1
20260729T152903Z,26.7,93.3
20260729T152918Z,26.7,93.4
20260729T152933Z,26.7,93.4
20260729T152948Z,26.7,93.5
20260729T153003Z,26.8,93.8
20260729T153018Z,26.8,93.8
20260729T153033Z,26.8,93.8
20260729T153048Z,26.8,93.9
20260729T153103Z,26.9,93.9
20260729T153118Z,26.9,94.0
20260729T153133Z,26.9,94.1
20260729T153148Z,26.9,94.1
20260729T153203Z,27.0,94.1
20260729T153218Z,27.0,94.2
20260729T153233Z,27.0,94.2
20260729T153248Z,27.0,94.3
20260729T153303Z,27.1,94.3
20260729T153318Z,27.1,94.2
20260729T153333Z,27.1,94.2
20260729T153348Z,27.1,94.2
20260729T153403Z,27.1,94.2
20260729T153418Z,27.2,94.2
20260729T153433Z,27.2,94.3
20260729T153448Z,27.2,94.2
20260729T153503Z,27.2,94.1
20260729T153518Z,27.2,94.1
20260729T153533Z,27.3,94.1
20260729T153548Z,27.3,94.1
20260729T153603Z,27.3,94.1
20260729T153618Z,27.3,94.1
20260729T153633Z,27.4,94.0
20260729T153648Z,27.4,94.0
20260729T153703Z,27.4,94.0
20260729T153718Z,27.4,93.9
20260729T153733Z,27.4,93.9
20260729T153748Z,27.5,93.9
20260729T153803Z,27.5,93.9
20260729T153818Z,27.5,93.9
20260729T153833Z,27.5,93.8
20260729T153848Z,27.5,93.8
20260729T153903Z,27.5,93.7
20260729T153918Z,27.6,93.7
20260729T153933Z,27.6,93.7
20260729T153948Z,27.6,93.6
20260729T154003Z,27.6,93.6
20260729T154018Z,27.6,93.6
20260729T154033Z,27.7,93.6
20260729T154048Z,27.7,93.2
20260729T154103Z,27.7,93.1
20260729T154118Z,27.6,90.9
20260729T154133Z,27.6,90.5
20260729T154148Z,27.5,89.5
20260729T154203Z,27.4,89.3
20260729T154218Z,27.3,88.8
20260729T154233Z,27.2,87.8
20260729T154248Z,27.2,87.4
20260729T154303Z,27.1,86.5
20260729T154318Z,27.0,86.1
20260729T154333Z,26.9,85.5
20260729T154348Z,26.8,85.1
20260729T154403Z,26.6,84.9
20260729T154418Z,26.6,84.4
20260729T154433Z,26.5,84.1
20260729T154448Z,26.4,83.1
20260729T154503Z,26.3,83.0
20260729T154518Z,26.2,82.8
20260729T154533Z,26.1,81.5
20260729T154548Z,26.1,81.4
20260729T154603Z,26.0,82.1
20260729T154618Z,26.0,82.8
20260729T154633Z,25.9,84.2
20260729T154648Z,25.9,85.5
20260729T154703Z,25.9,85.9
20260729T154718Z,25.9,86.5
20260729T154733Z,25.9,86.8
20260729T154748Z,25.9,86.9
20260729T154803Z,26.0,87.4
20260729T154818Z,26.0,87.8
20260729T154833Z,26.0,88.2
20260729T154848Z,26.1,88.1
20260729T154903Z,26.1,87.0
20260729T154918Z,26.2,87.3
20260729T154933Z,26.2,85.1
20260729T154948Z,26.2,84.7
20260729T155003Z,26.2,84.5
20260729T155018Z,26.2,84.0
20260729T155033Z,26.2,82.7
20260729T155048Z,26.2,82.2
20260729T155103Z,26.2,81.4
20260729T155118Z,26.2,80.1
20260729T155133Z,26.1,79.4
20260729T155148Z,26.1,78.4
20260729T155203Z,26.1,77.4
20260729T155218Z,26.0,76.6
20260729T155233Z,25.9,76.4
20260729T155248Z,25.9,75.9
20260729T155303Z,25.8,75.6
20260729T155318Z,25.8,74.7
20260729T155333Z,25.7,73.5
20260729T155348Z,25.6,73.2
20260729T155403Z,25.6,73.1
20260729T155418Z,25.5,72.6
20260729T155433Z,25.4,72.0
20260729T155448Z,25.3,71.6
20260729T155503Z,25.3,71.2
20260729T155518Z,25.2,70.9
20260729T155533Z,25.2,70.4
20260729T155548Z,25.1,69.4
20260729T155603Z,25.0,69.6
20260729T155618Z,25.0,69.1
20260729T155633Z,24.9,68.5
20260729T155648Z,24.8,68.1
20260729T155703Z,24.8,67.6
20260729T155718Z,24.7,67.4
20260729T155733Z,24.6,67.2
20260729T155748Z,24.6,67.1
20260729T155803Z,24.5,66.5
20260729T155818Z,24.4,66.0
20260729T155833Z,24.4,65.7
20260729T155848Z,24.3,65.7
20260729T155903Z,24.2,65.7
20260729T155918Z,24.1,65.7
20260729T155933Z,24.1,65.2
20260729T155948Z,24.1,64.9
20260729T160003Z,24.0,64.7
20260729T160018Z,24.0,64.5
20260729T160033Z,24.0,64.0
20260729T160048Z,23.9,63.5
20260729T160103Z,23.9,63.8
20260729T160118Z,23.8,65.3
20260729T160133Z,23.9,67.0
20260729T160148Z,23.9,68.2
20260729T160203Z,24.0,69.9
20260729T160218Z,24.1,71.6
20260729T160233Z,24.2,72.1
20260729T160248Z,24.3,72.1
20260729T160303Z,24.4,72.5
20260729T160318Z,24.5,73.1
20260729T160333Z,24.6,73.4
20260729T160348Z,24.7,74.3
20260729T160403Z,24.8,74.6
20260729T160418Z,24.8,75.0
20260729T160433Z,24.9,75.1
20260729T160448Z,25.0,76.1
20260729T160503Z,25.0,76.6
20260729T160518Z,25.1,77.1
20260729T160533Z,25.1,77.3
20260729T160548Z,25.1,77.7
20260729T160603Z,25.2,78.0
20260729T160618Z,25.2,78.3
20260729T160633Z,25.3,78.7
20260729T160648Z,25.3,78.9
20260729T160703Z,25.4,79.1
20260729T160718Z,25.4,79.6
20260729T160733Z,25.4,80.1
20260729T160749Z,25.5,80.4
20260729T160803Z,25.5,80.4
20260729T160818Z,25.6,80.9
20260729T160833Z,25.6,80.9
20260729T160848Z,25.6,80.4
20260729T160903Z,25.6,79.3
20260729T160918Z,25.6,78.3
20260729T160933Z,25.7,78.0
20260729T160948Z,25.7,77.8
20260729T161003Z,25.7,76.7
20260729T161018Z,25.6,75.8
20260729T161033Z,25.6,74.8
20260729T161048Z,25.6,74.3
20260729T161103Z,25.6,73.6
20260729T161118Z,25.5,73.0
20260729T161133Z,25.5,72.1
20260729T161148Z,25.4,71.9
20260729T161203Z,25.3,71.2
20260729T161218Z,25.3,70.7
20260729T161233Z,25.2,69.8
20260729T161248Z,25.1,69.6
20260729T161303Z,25.0,69.0
20260729T161318Z,25.0,68.7
20260729T161333Z,24.9,68.4
20260729T161348Z,24.8,67.7
20260729T161403Z,24.8,67.2
20260729T161418Z,24.7,66.8
20260729T161433Z,24.6,66.3
20260729T161448Z,24.6,66.2
20260729T161503Z,24.5,65.8
20260729T161518Z,24.4,65.6
20260729T161533Z,24.4,65.4
20260729T161548Z,24.3,64.9
20260729T161603Z,24.2,64.7
20260729T161618Z,24.2,64.2
20260729T161633Z,24.1,63.9
20260729T161648Z,24.1,63.9
20260729T161703Z,24.0,64.9
20260729T161718Z,24.0,66.2
20260729T161733Z,24.1,67.7
20260729T161748Z,24.1,68.9
20260729T161803Z,24.2,70.2
20260729T161818Z,24.3,71.6
20260729T161833Z,24.4,72.1
20260729T161848Z,24.5,72.6
20260729T161903Z,24.6,72.8
20260729T161918Z,24.6,72.9
20260729T161933Z,24.7,73.3
20260729T161948Z,24.8,74.2
20260729T162003Z,24.8,74.8
20260729T162018Z,24.9,75.1
20260729T162033Z,24.9,75.9
20260729T162048Z,25.0,76.2
20260729T162103Z,25.0,76.5
20260729T162118Z,25.0,76.8
20260729T162133Z,25.1,77.4
20260729T162148Z,25.1,77.5
20260729T162203Z,25.1,78.0
20260729T162218Z,25.2,78.1
20260729T162233Z,25.2,78.6
20260729T162248Z,25.2,78.7
20260729T162303Z,25.3,79.1
20260729T162318Z,25.3,79.5
20260729T162333Z,25.3,79.8
20260729T162348Z,25.4,80.3
20260729T162403Z,25.4,80.3
20260729T162418Z,25.4,80.7
20260729T162433Z,25.5,80.8
20260729T162448Z,25.5,81.4
20260729T162503Z,25.5,81.6
20260729T162518Z,25.5,81.9
20260729T162533Z,25.6,82.1
20260729T162548Z,25.6,81.3
20260729T162603Z,25.6,81.5
20260729T162618Z,25.6,79.9
20260729T162633Z,25.6,79.1
20260729T162648Z,25.6,78.7
20260729T162703Z,25.6,78.5
20260729T162718Z,25.6,77.5
20260729T162733Z,25.6,76.8
20260729T162748Z,25.6,75.9
20260729T162803Z,25.5,75.0
20260729T162818Z,25.5,73.9
20260729T162833Z,25.4,73.5
20260729T162848Z,25.4,72.9
20260729T162903Z,25.3,72.1
20260729T162918Z,25.2,71.6
20260729T162933Z,25.2,70.9
20260729T162948Z,25.1,70.5
20260729T163003Z,25.0,70.0
20260729T163018Z,25.0,69.5
20260729T163033Z,24.9,69.0
20260729T163048Z,24.8,68.7
20260729T163103Z,24.7,68.0
20260729T163118Z,24.7,67.8
20260729T163133Z,24.6,67.3
20260729T163148Z,24.6,66.9
20260729T163203Z,24.5,66.7
20260729T163218Z,24.4,66.3
20260729T163233Z,24.4,65.7
20260729T163248Z,24.3,65.6
20260729T163303Z,24.2,66.7
20260729T163318Z,24.2,68.3
20260729T163333Z,24.3,70.5
20260729T163349Z,24.3,71.7
20260729T163404Z,24.4,72.2
20260729T163418Z,24.5,72.7
20260729T163433Z,24.5,73.2
20260729T163448Z,24.6,73.4
20260729T163503Z,24.7,73.7
20260729T163518Z,24.8,74.2
20260729T163533Z,24.9,74.8
20260729T163548Z,24.9,75.0
20260729T163603Z,25.0,75.7
20260729T163618Z,25.0,76.2
20260729T163633Z,25.1,76.7
20260729T163648Z,25.1,77.2
20260729T163703Z,25.1,77.4
20260729T163718Z,25.1,77.7
20260729T163733Z,25.1,78.1
20260729T163748Z,25.2,78.2
20260729T163803Z,25.2,78.7
20260729T163818Z,25.2,78.9
20260729T163833Z,25.2,78.9
20260729T163848Z,25.3,79.5
20260729T163903Z,25.3,80.0
20260729T163918Z,25.3,80.2
20260729T163933Z,25.4,80.7
20260729T163948Z,25.4,81.0
20260729T164003Z,25.4,81.2
20260729T164018Z,25.4,81.6
20260729T164033Z,25.5,81.6
20260729T164048Z,25.5,82.0
20260729T164103Z,25.5,82.3
20260729T164118Z,25.5,82.6
20260729T164133Z,25.6,82.8
20260729T164148Z,25.6,83.2
20260729T164203Z,25.6,83.3
20260729T164218Z,25.6,83.6
20260729T164233Z,25.6,83.7
20260729T164248Z,25.7,84.0
20260729T164303Z,25.7,84.3
20260729T164318Z,25.7,84.3
20260729T164333Z,25.7,84.3
20260729T164348Z,25.8,84.6
20260729T164403Z,25.8,85.1
20260729T164418Z,25.8,85.3
20260729T164433Z,25.8,85.4
20260729T164448Z,25.8,85.5
20260729T164503Z,25.8,85.8
20260729T164518Z,25.9,86.0
20260729T164533Z,25.9,86.1
20260729T164548Z,25.9,86.3
20260729T164603Z,25.9,86.4
20260729T164618Z,25.9,86.6
20260729T164633Z,26.0,86.9
20260729T164648Z,26.0,86.7
20260729T164703Z,26.0,87.0
20260729T164718Z,26.0,87.3
20260729T164733Z,26.0,87.3
20260729T164748Z,26.0,87.5
20260729T164803Z,26.1,87.5
20260729T164818Z,26.1,87.8
20260729T164833Z,26.1,88.0
20260729T164848Z,26.1,88.2
20260729T164903Z,26.1,88.3
20260729T164918Z,26.1,88.3
20260729T164933Z,26.1,88.5
20260729T164948Z,26.2,88.5
20260729T165003Z,26.1,88.9
20260729T165018Z,26.2,88.9
20260729T165033Z,26.2,89.0
20260729T165048Z,26.2,89.1
20260729T165103Z,26.2,89.2
20260729T165118Z,26.2,89.3
20260729T165133Z,26.2,89.4
20260729T165148Z,26.3,89.5
20260729T165203Z,26.3,89.5
20260729T165218Z,26.3,89.6
20260729T165233Z,26.3,89.7
20260729T165248Z,26.3,89.7
20260729T165303Z,26.3,89.9
20260729T165318Z,26.3,90.0
20260729T165333Z,26.3,90.1
20260729T165348Z,26.4,90.1
20260729T165403Z,26.4,90.1
20260729T165418Z,26.4,90.3
20260729T165433Z,26.4,90.3
20260729T165448Z,26.4,90.3
20260729T165503Z,26.4,90.4
20260729T165518Z,26.5,90.5
20260729T165533Z,26.5,90.5
20260729T165548Z,26.5,90.5
20260729T165603Z,26.5,90.6
20260729T165618Z,26.5,90.6
20260729T165633Z,26.5,90.6
20260729T165648Z,26.5,90.8
20260729T165703Z,26.6,90.6
20260729T165718Z,26.6,90.8
20260729T165733Z,26.6,90.8
20260729T165748Z,26.6,90.9
20260729T165803Z,26.6,91.0
20260729T165818Z,26.6,91.0
20260729T165833Z,26.6,91.0
20260729T165848Z,26.7,91.1
20260729T165903Z,26.7,91.2
20260729T165918Z,26.7,91.2
20260729T165933Z,26.7,91.2
20260729T165948Z,26.7,91.2
20260729T170003Z,26.7,91.2
20260729T170018Z,26.7,91.3
20260729T170033Z,26.7,91.3
20260729T170048Z,26.7,91.4
20260729T170103Z,26.8,91.4
20260729T170118Z,26.8,91.3
20260729T170133Z,26.8,91.3
20260729T170148Z,26.8,91.4
20260729T170203Z,26.8,91.5
20260729T170218Z,26.8,91.5
20260729T170233Z,26.8,91.5
20260729T170248Z,26.8,91.5
20260729T170303Z,26.8,91.5
20260729T170318Z,26.9,91.5
20260729T170333Z,26.9,91.5
20260729T170348Z,26.9,91.5
20260729T170403Z,26.9,91.5
20260729T170418Z,26.9,91.5
20260729T170433Z,26.9,91.5
20260729T170448Z,26.9,91.6
20260729T170503Z,26.9,91.6
20260729T170518Z,27.0,91.5
20260729T170533Z,27.0,91.5
20260729T170548Z,27.0,91.5
20260729T170603Z,27.0,91.5
20260729T170618Z,27.0,91.6
20260729T170633Z,27.0,91.5
20260729T170648Z,27.0,91.6
20260729T170703Z,27.0,91.6
20260729T170718Z,27.0,91.5
20260729T170733Z,27.0,91.5
20260729T170748Z,27.0,91.5
20260729T170803Z,27.1,91.5
20260729T170818Z,27.1,91.5
20260729T170833Z,27.1,91.5
20260729T170848Z,27.1,91.5
20260729T170903Z,27.1,91.5
20260729T170918Z,27.1,91.5
20260729T170933Z,27.1,91.4
20260729T170948Z,27.1,91.5
20260729T171003Z,27.1,91.5
20260729T171018Z,27.2,91.5
20260729T171033Z,27.2,91.4
20260729T171049Z,27.2,91.4
20260729T171104Z,27.2,91.4
20260729T171118Z,27.2,91.4
20260729T171133Z,27.2,91.3
20260729T171148Z,27.2,91.3
20260729T171203Z,27.2,91.3
20260729T171218Z,27.2,91.3
20260729T171233Z,27.3,91.3
20260729T171248Z,27.3,91.3
20260729T171303Z,27.3,91.2
20260729T171318Z,27.3,91.2
20260729T171333Z,27.3,91.2
20260729T171348Z,27.3,91.2
20260729T171403Z,27.3,91.2
20260729T171418Z,27.3,91.2
20260729T171433Z,27.3,91.1
20260729T171448Z,27.4,91.1
20260729T171503Z,27.4,91.1
20260729T171518Z,27.4,91.1
20260729T171533Z,27.4,91.0
20260729T171548Z,27.4,91.0
20260729T171603Z,27.4,91.0
20260729T171618Z,27.4,91.0
20260729T171633Z,27.4,91.0
20260729T171648Z,27.4,91.0
20260729T171703Z,27.4,91.0
20260729T171718Z,27.4,91.0
20260729T171733Z,27.5,90.9
20260729T171748Z,27.5,90.9
20260729T171803Z,27.5,90.9
20260729T171818Z,27.5,90.9
20260729T171833Z,27.5,90.8
20260729T171848Z,27.5,90.8
20260729T171903Z,27.5,90.9
20260729T171918Z,27.5,90.8
20260729T171933Z,27.5,90.8
20260729T171948Z,27.5,90.8
20260729T172003Z,27.5,90.8
20260729T172018Z,27.6,90.8
20260729T172033Z,27.6,90.8
20260729T172048Z,27.5,90.7
20260729T172103Z,27.6,90.7
20260729T172118Z,27.6,90.7
20260729T172133Z,27.6,90.8
20260729T172149Z,27.6,90.7
20260729T172204Z,27.6,90.8
20260729T172218Z,27.6,90.7
20260729T172233Z,27.6,90.7
20260729T172248Z,27.6,90.7
20260729T172303Z,27.6,90.7
20260729T172318Z,27.6,90.7
20260729T172333Z,27.6,90.6
20260729T172348Z,27.7,90.7
20260729T172403Z,27.7,90.2
20260729T172418Z,27.6,90.3
20260729T172433Z,27.6,87.7
20260729T172449Z,27.6,87.8
20260729T172504Z,27.6,87.2
20260729T172518Z,27.5,86.2
20260729T172533Z,27.4,85.8
20260729T172548Z,27.4,84.5
20260729T172603Z,27.3,84.7
20260729T172618Z,27.2,83.8
20260729T172633Z,27.2,82.9
20260729T172648Z,27.1,82.5
20260729T172703Z,27.0,82.0
20260729T172718Z,26.9,81.8
20260729T172733Z,26.8,80.6
20260729T172748Z,26.7,80.6
20260729T172803Z,26.7,79.6
20260729T172818Z,26.6,79.1
20260729T172833Z,26.5,77.6
20260729T172848Z,26.5,76.9
20260729T172903Z,26.4,76.5
20260729T172918Z,26.3,75.5
20260729T172933Z,26.3,76.5
20260729T172948Z,26.2,77.6
20260729T173003Z,26.2,79.5
20260729T173018Z,26.2,80.9
20260729T173033Z,26.2,81.6
20260729T173048Z,26.2,82.1
20260729T173103Z,26.2,82.4
20260729T173118Z,26.2,82.7
20260729T173133Z,26.2,83.3
20260729T173148Z,26.2,83.6
20260729T173203Z,26.2,83.7
20260729T173218Z,26.2,84.1
20260729T173233Z,26.2,84.2
20260729T173248Z,26.2,84.7
20260729T173303Z,26.2,85.0
20260729T173318Z,26.3,85.3
20260729T173333Z,26.3,85.5
20260729T173348Z,26.3,85.6
20260729T173403Z,26.3,86.2
20260729T173418Z,26.3,86.3
20260729T173433Z,26.4,86.5
20260729T173448Z,26.4,86.7
20260729T173503Z,26.4,86.8
20260729T173518Z,26.4,87.0
20260729T173533Z,26.5,87.2
20260729T173548Z,26.5,87.3
20260729T173604Z,26.5,87.5
20260729T173618Z,26.5,87.7
20260729T173634Z,26.5,88.0
20260729T173648Z,26.5,88.0
20260729T173704Z,26.5,88.3
20260729T173718Z,26.5,88.5
20260729T173733Z,26.5,88.7
20260729T173748Z,26.6,88.8
20260729T173803Z,26.6,89.0
20260729T173818Z,26.6,89.2
20260729T173833Z,26.6,89.4
20260729T173848Z,26.6,89.5
20260729T173903Z,26.6,89.7
20260729T173918Z,26.6,89.7
20260729T173933Z,26.6,90.0
20260729T173948Z,26.6,90.1
20260729T174003Z,26.6,90.3
20260729T174018Z,26.6,90.4
20260729T174033Z,26.7,90.5
20260729T174048Z,26.7,90.6
20260729T174103Z,26.7,90.7
20260729T174119Z,26.7,90.8
20260729T174133Z,26.7,90.9
20260729T174149Z,26.7,91.1
20260729T174203Z,26.7,91.1
20260729T174218Z,26.7,91.2
20260729T174234Z,26.7,91.3
20260729T174248Z,26.7,91.3
20260729T174304Z,26.8,91.5
20260729T174318Z,26.8,91.5
20260729T174334Z,26.8,91.4
20260729T174348Z,26.8,91.6
20260729T174403Z,26.8,91.7
20260729T174418Z,26.8,91.6
20260729T174434Z,26.8,91.8
20260729T174448Z,26.8,91.9
20260729T174504Z,26.8,91.8
20260729T174518Z,26.9,91.9
20260729T174534Z,26.9,91.9
20260729T174548Z,26.9,92.0
20260729T174604Z,26.9,92.0
20260729T174618Z,26.9,92.0
20260729T174634Z,26.9,92.0
20260729T174649Z,26.9,92.0
20260729T174703Z,26.9,92.0
20260729T174719Z,26.9,92.1
20260729T174733Z,26.9,92.1
20260729T174748Z,27.0,92.1
20260729T174804Z,27.0,92.0
20260729T174819Z,27.0,91.9
20260729T174834Z,27.0,92.0
20260729T174848Z,27.0,92.0
20260729T174904Z,27.0,92.0
20260729T174918Z,27.0,92.0
20260729T174934Z,27.0,92.0
20260729T174948Z,27.0,92.0
20260729T175004Z,27.1,92.2
20260729T175018Z,27.1,92.1
20260729T175034Z,27.1,92.1
20260729T175048Z,27.1,92.2
20260729T175104Z,27.1,92.1
20260729T175118Z,27.2,92.1
20260729T175134Z,27.2,92.1
20260729T175148Z,27.2,92.0
20260729T175204Z,27.2,92.0
20260729T175218Z,27.2,92.1
20260729T175234Z,27.2,92.0
20260729T175248Z,27.3,92.0
20260729T175304Z,27.3,92.0
20260729T175318Z,27.3,91.9
20260729T175334Z,27.3,91.9
20260729T175348Z,27.3,91.9
20260729T175404Z,27.3,91.8
20260729T175418Z,27.3,91.8
20260729T175434Z,27.3,91.8
20260729T175448Z,27.4,91.7
20260729T175504Z,27.4,91.7
20260729T175518Z,27.4,91.7
20260729T175534Z,27.4,91.7
20260729T175548Z,27.4,91.6
20260729T175604Z,27.4,91.7
20260729T175618Z,27.4,91.6
20260729T175634Z,27.4,91.6
20260729T175648Z,27.4,91.6
20260729T175704Z,27.5,91.6
20260729T175718Z,27.5,91.6
20260729T175733Z,27.5,91.6
20260729T175749Z,27.5,91.5
20260729T175804Z,27.5,91.6
20260729T175818Z,27.5,91.6
20260729T175834Z,27.5,91.6
20260729T175848Z,27.5,91.6
20260729T175904Z,27.5,91.6
20260729T175918Z,27.5,91.5
20260729T175934Z,27.5,91.5
20260729T175949Z,27.5,91.4
20260729T180003Z,27.6,91.5
20260729T180019Z,27.6,91.5
20260729T180034Z,27.6,91.5
20260729T180049Z,27.6,91.4
20260729T180104Z,27.6,91.5
20260729T180118Z,27.6,91.4
20260729T180134Z,27.6,91.4
20260729T180148Z,27.6,91.4
20260729T180204Z,27.6,91.5
20260729T180218Z,27.6,91.5
20260729T180234Z,27.6,91.4
20260729T180248Z,27.6,91.4
20260729T180304Z,27.6,91.4
20260729T180318Z,27.6,91.3
20260729T180334Z,27.6,91.4
20260729T180348Z,27.6,91.4
20260729T180404Z,27.6,91.4
20260729T180418Z,27.6,91.3
20260729T180434Z,27.6,91.3
20260729T180448Z,27.7,91.3
20260729T180504Z,27.7,91.3
20260729T180518Z,27.7,91.4
20260729T180534Z,27.7,91.3
20260729T180548Z,27.6,91.4
20260729T180604Z,27.7,91.4
20260729T180618Z,27.7,91.4
20260729T180634Z,27.7,91.4
20260729T180649Z,27.7,91.3
20260729T180703Z,27.7,91.4
20260729T180719Z,27.7,91.4
20260729T180733Z,27.7,91.5
20260729T180748Z,27.7,91.4
20260729T180804Z,27.7,91.4
20260729T180818Z,27.7,91.4
20260729T180834Z,27.7,91.4
20260729T180848Z,27.7,91.4
20260729T180904Z,27.7,91.3
20260729T180918Z,27.7,91.3
20260729T180934Z,27.7,91.3
20260729T180948Z,27.7,91.4
20260729T181003Z,27.7,91.4
20260729T181018Z,27.7,91.3
20260729T181034Z,27.7,91.3
20260729T181049Z,27.7,91.3
20260729T181103Z,27.7,91.3
20260729T181119Z,27.7,91.3
20260729T181133Z,27.7,91.3
20260729T181149Z,27.7,91.4
20260729T181203Z,27.7,91.4
20260729T181219Z,27.7,91.4
20260729T181233Z,27.7,91.4
20260729T181249Z,27.7,91.4
20260729T181303Z,27.7,91.4
20260729T181319Z,27.7,91.4
20260729T181334Z,27.8,91.3
20260729T181348Z,27.7,91.3
20260729T181404Z,27.8,91.3
20260729T181418Z,27.8,91.3
20260729T181434Z,27.8,91.3
20260729T181448Z,27.8,91.3
20260729T181504Z,27.8,91.3
20260729T181518Z,27.8,91.3
20260729T181534Z,27.8,91.3
20260729T181549Z,27.8,91.3
20260729T181604Z,27.8,91.3
20260729T181618Z,27.8,91.2
20260729T181634Z,27.8,91.2
20260729T181649Z,27.8,91.3
20260729T181704Z,27.8,91.3
20260729T181718Z,27.8,91.2
20260729T181734Z,27.8,91.3
20260729T181749Z,27.8,91.3
20260729T181804Z,27.8,91.3
20260729T181818Z,27.8,91.3
20260729T181834Z,27.8,91.3
20260729T181848Z,27.8,91.3
20260729T181904Z,27.8,91.2
20260729T181918Z,27.8,91.2
20260729T181934Z,27.8,91.3
20260729T181948Z,27.8,91.2
20260729T182004Z,27.8,91.3
20260729T182019Z,27.8,91.3
20260729T182033Z,27.8,91.2
20260729T182049Z,27.8,91.3
20260729T182103Z,27.8,91.3
20260729T182118Z,27.8,91.2
20260729T182134Z,27.8,91.2
20260729T182148Z,27.8,91.2
20260729T182204Z,27.8,91.2
20260729T182218Z,27.8,91.2
20260729T182234Z,27.9,91.2
20260729T182248Z,27.8,91.2
20260729T182304Z,27.8,91.2
20260729T182319Z,27.8,91.2
20260729T182333Z,27.9,91.2
20260729T182349Z,27.9,91.2
20260729T182403Z,27.9,91.3
20260729T182419Z,27.9,91.2
20260729T182433Z,27.8,91.3
20260729T182449Z,27.9,91.2
20260729T182503Z,27.9,91.2
20260729T182519Z,27.9,91.2
20260729T182533Z,27.9,91.2
20260729T182549Z,27.9,91.2
20260729T182603Z,27.9,91.3
20260729T182618Z,27.9,91.3
20260729T182633Z,27.9,91.2
20260729T182649Z,27.9,91.2
20260729T182703Z,27.9,91.2
20260729T182719Z,27.9,91.2
20260729T182733Z,27.9,91.2
20260729T182749Z,27.9,91.2
20260729T182803Z,27.9,91.2
20260729T182819Z,27.9,91.2
20260729T182833Z,27.9,91.2
20260729T182849Z,27.9,91.2
20260729T182903Z,27.9,91.2
20260729T182919Z,27.9,91.2
20260729T182933Z,27.9,91.2
20260729T182948Z,27.9,91.2
20260729T183004Z,27.9,91.2
20260729T183018Z,27.9,91.2
20260729T183034Z,27.9,91.2
20260729T183048Z,27.9,91.2
20260729T183104Z,27.9,91.2
20260729T183118Z,27.9,91.2
20260729T183134Z,27.9,91.2
20260729T183147Z,27.9,91.2
20260729T183204Z,27.9,91.2
20260729T183219Z,27.9,91.2
20260729T183233Z,27.9,91.2
20260729T183249Z,27.9,91.2
20260729T183304Z,27.9,91.2
20260729T183319Z,27.9,91.2
20260729T183334Z,27.9,91.2
20260729T183348Z,27.9,91.2
20260729T183404Z,27.9,91.2
20260729T183418Z,27.9,91.1
20260729T183434Z,27.9,91.1
20260729T183448Z,27.9,91.1
20260729T183504Z,27.9,91.2
20260729T183518Z,27.9,91.2
20260729T183534Z,28.0,91.1
20260729T183549Z,28.0,91.1
20260729T183604Z,28.0,91.1
20260729T183618Z,28.0,91.1
20260729T183633Z,28.0,91.1
20260729T183649Z,28.0,91.1
20260729T183704Z,27.9,91.1
20260729T183719Z,28.0,91.1
20260729T183733Z,28.0,91.1
20260729T183749Z,28.0,91.1
20260729T183803Z,28.0,91.1
20260729T183819Z,28.0,91.0
20260729T183834Z,28.0,91.1
20260729T183849Z,28.0,91.0
20260729T183904Z,28.0,91.1
20260729T183919Z,28.0,91.0
20260729T183934Z,28.0,91.0
20260729T183949Z,28.0,91.0
20260729T184004Z,28.0,91.0
20260729T184019Z,28.0,91.0
20260729T184033Z,28.0,91.0
20260729T184049Z,28.0,91.0
20260729T184103Z,28.0,91.0
20260729T184119Z,28.0,91.0
20260729T184133Z,28.0,90.9
20260729T184149Z,28.0,91.0
20260729T184204Z,28.0,91.0
20260729T184219Z,28.0,90.9
20260729T184234Z,28.0,90.9
20260729T184249Z,28.0,90.9
20260729T184305Z,28.0,90.9
20260729T184319Z,28.0,90.9
20260729T184334Z,28.0,91.0
20260729T184349Z,28.0,90.9
20260729T184404Z,28.0,91.0
20260729T184419Z,28.0,91.0
20260729T184434Z,28.1,90.9
20260729T184449Z,28.1,90.9
20260729T184504Z,28.0,90.9
20260729T184519Z,28.1,90.9
20260729T184534Z,28.1,90.9
20260729T184549Z,28.1,90.9
20260729T184605Z,28.1,90.9
20260729T184619Z,28.1,90.9
20260729T184634Z,28.1,90.9
20260729T184649Z,28.1,90.9
20260729T184704Z,28.1,90.9
20260729T184719Z,28.1,90.9
20260729T184734Z,28.1,90.9
20260729T184749Z,28.1,90.9
20260729T184804Z,28.1,90.9
20260729T184819Z,28.1,90.9
20260729T184834Z,28.1,90.9
20260729T184849Z,28.1,90.9
20260729T184904Z,28.1,90.9
20260729T184919Z,28.1,90.9
20260729T184934Z,28.1,91.0
20260729T184949Z,28.1,91.0
20260729T185004Z,28.1,91.0
20260729T185019Z,28.1,91.0
20260729T185034Z,28.1,91.0
20260729T185049Z,28.1,91.0
20260729T185104Z,28.1,91.0
20260729T185119Z,28.1,91.0
20260729T185134Z,28.1,91.0
20260729T185149Z,28.1,91.0
20260729T185204Z,28.1,91.0
20260729T185219Z,28.1,91.0
20260729T185234Z,28.1,91.0
20260729T185249Z,28.1,91.0
20260729T185304Z,28.1,91.0
20260729T185319Z,28.1,91.0
20260729T185334Z,28.1,91.1
20260729T185349Z,28.1,91.1
20260729T185405Z,28.1,91.1
20260729T185419Z,28.1,91.0
20260729T185434Z,28.1,91.0
20260729T185449Z,28.1,91.1
20260729T185505Z,28.1,91.0
20260729T185519Z,28.1,91.0
20260729T185534Z,28.1,91.2
20260729T185549Z,28.1,91.1
20260729T185605Z,28.1,91.1
20260729T185619Z,28.1,91.0
20260729T185634Z,28.1,91.1
20260729T185649Z,28.1,91.0
20260729T185704Z,28.1,91.0
20260729T185719Z,28.1,91.2
20260729T185734Z,28.1,91.1
20260729T185749Z,28.1,91.1
20260729T185805Z,28.1,91.1
20260729T185819Z,28.1,91.2
20260729T185834Z,28.1,91.1
20260729T185849Z,28.1,91.1
20260729T185904Z,28.1,91.1
20260729T185919Z,28.1,91.1
20260729T185934Z,28.1,91.0
20260729T185949Z,28.1,91.0
20260729T190004Z,28.1,91.1
20260729T190019Z,28.1,91.1
20260729T190034Z,28.1,91.2
20260729T190049Z,28.1,91.2
20260729T190104Z,28.1,91.1
20260729T190119Z,28.1,91.1
20260729T190134Z,28.1,91.2
20260729T190149Z,28.1,91.2
20260729T190204Z,28.1,91.2
20260729T190219Z,28.1,91.2
20260729T190234Z,28.1,91.1
20260729T190249Z,28.2,91.1
20260729T190304Z,28.1,91.1
20260729T190319Z,28.1,91.1
20260729T190334Z,28.2,91.1
20260729T190349Z,28.2,91.2
20260729T190404Z,28.2,91.2
20260729T190419Z,28.2,91.2
20260729T190434Z,28.2,91.1
20260729T190449Z,28.2,91.3
20260729T190504Z,28.2,91.2
20260729T190519Z,28.2,91.2
20260729T190534Z,28.2,91.2
20260729T190549Z,28.2,91.1
20260729T190604Z,28.1,91.1
20260729T190619Z,28.2,91.1
20260729T190634Z,28.2,91.2
20260729T190649Z,28.2,91.1
20260729T190704Z,28.2,91.2
20260729T190719Z,28.2,91.2
20260729T190734Z,28.2,91.1
20260729T190749Z,28.2,91.2
20260729T190804Z,28.2,91.2
20260729T190819Z,28.2,91.2
20260729T190834Z,28.2,91.1
20260729T190849Z,28.2,91.1
20260729T190904Z,28.2,91.2
20260729T190919Z,28.2,91.3
20260729T190934Z,28.1,91.2
20260729T190949Z,28.2,91.2
20260729T191004Z,28.2,91.1
20260729T191019Z,28.2,91.1
20260729T191034Z,28.2,91.1
20260729T191049Z,28.2,91.3
20260729T191104Z,28.2,91.1
20260729T191119Z,28.2,91.2
20260729T191134Z,28.2,91.3
20260729T191149Z,28.2,91.2
20260729T191204Z,28.2,91.2
20260729T191219Z,28.2,91.2
20260729T191234Z,28.2,91.2
20260729T191249Z,28.2,91.2
20260729T191304Z,28.2,91.2
20260729T191319Z,28.2,91.2
20260729T191334Z,28.2,91.2
20260729T191349Z,28.2,91.2
20260729T191404Z,28.2,91.3
20260729T191419Z,28.2,91.3
20260729T191434Z,28.2,91.3
20260729T191449Z,28.2,91.3
20260729T191504Z,28.2,91.2
20260729T191519Z,28.2,91.2
20260729T191534Z,28.2,91.2
20260729T191549Z,28.2,91.3
20260729T191604Z,28.2,91.2
20260729T191619Z,28.2,91.2
20260729T191634Z,28.2,91.3
20260729T191649Z,28.2,91.3
20260729T191704Z,28.2,91.3
20260729T191719Z,28.2,91.2
20260729T191734Z,28.2,91.2
20260729T191749Z,28.2,91.2
20260729T191804Z,28.2,91.2
20260729T191819Z,28.2,91.2
20260729T191834Z,28.2,91.2
20260729T191849Z,28.2,91.3
20260729T191904Z,28.2,91.3
20260729T191919Z,28.2,91.3
20260729T191934Z,28.2,91.3
20260729T191949Z,28.2,91.3
20260729T192004Z,28.2,91.2
20260729T192019Z,28.2,91.2
20260729T192034Z,28.2,91.2
20260729T192049Z,28.2,91.2
20260729T192104Z,28.2,91.2
20260729T192119Z,28.2,91.3
20260729T192134Z,28.2,91.2
20260729T192149Z,28.2,91.3
20260729T192204Z,28.2,91.3
20260729T192219Z,28.2,91.4
20260729T192234Z,28.2,91.3
20260729T192249Z,28.2,91.3
20260729T192304Z,28.2,91.2
20260729T192319Z,28.2,91.3
20260729T192334Z,28.2,91.2
20260729T192349Z,28.2,91.2
20260729T192404Z,28.2,91.2
20260729T192419Z,28.2,91.3
20260729T192434Z,28.2,91.2
20260729T192449Z,28.2,91.3
20260729T192504Z,28.2,91.2
20260729T192519Z,28.2,91.3
20260729T192534Z,28.2,91.4
20260729T192549Z,28.2,91.3
20260729T192604Z,28.2,91.3
20260729T192619Z,28.2,91.4
20260729T192634Z,28.2,91.3
20260729T192649Z,28.2,91.4
20260729T192704Z,28.2,91.3
20260729T192719Z,28.2,91.3
20260729T192734Z,28.2,91.4
20260729T192749Z,28.2,91.5
20260729T192804Z,28.3,91.4
20260729T192819Z,28.3,91.4
20260729T192834Z,28.3,91.3
20260729T192849Z,28.3,91.4
20260729T192904Z,28.3,91.3
20260729T192919Z,28.3,91.3
20260729T192934Z,28.3,91.4
20260729T192949Z,28.3,91.3
20260729T193004Z,28.3,91.3
20260729T193019Z,28.3,91.3
20260729T193139Z,28.3,91.3
20260729T193154Z,28.3,91.3
20260729T193208Z,28.3,91.3
20260729T193223Z,28.3,91.3
20260729T193237Z,28.3,91.2
20260729T193253Z,28.3,91.2
20260729T193308Z,28.3,91.2
20260729T193323Z,28.3,91.2
20260729T193338Z,28.3,91.2
20260729T193353Z,28.3,91.2
20260729T193408Z,28.3,91.2
20260729T193423Z,28.3,91.2
20260729T193438Z,28.3,91.2
20260729T193453Z,28.3,91.2
20260729T193508Z,28.3,91.1
20260729T193523Z,28.3,91.1
20260729T193538Z,28.3,91.1
20260729T193553Z,28.3,91.1
20260729T193608Z,28.3,91.1
20260729T193623Z,28.3,91.2
20260729T193638Z,28.3,91.1
20260729T193653Z,28.3,91.1
20260729T193708Z,28.3,91.2
20260729T193723Z,28.3,91.1
20260729T193738Z,28.3,91.1
20260729T193753Z,28.3,91.1
20260729T193808Z,28.3,91.1
20260729T193823Z,28.3,91.1
20260729T193838Z,28.3,91.1
20260729T193853Z,28.3,91.1
20260729T193908Z,28.3,91.0
20260729T193923Z,28.3,91.0
20260729T193938Z,28.3,91.0
20260729T193953Z,28.3,91.0
20260729T194008Z,28.3,91.0
20260729T194023Z,28.3,91.0
20260729T194038Z,28.3,91.0
20260729T194053Z,28.3,91.0
20260729T194108Z,28.3,91.0
20260729T194123Z,28.3,91.0
20260729T194138Z,28.3,91.0
20260729T194153Z,28.3,91.0
20260729T194208Z,28.3,91.0
20260729T194223Z,28.3,90.9
20260729T194238Z,28.3,90.9
20260729T194253Z,28.3,91.0
20260729T194308Z,28.3,90.9
20260729T194323Z,28.4,90.9
20260729T194338Z,28.3,90.9
20260729T194353Z,28.3,90.9
20260729T194408Z,28.3,91.0
20260729T194423Z,28.4,90.9
20260729T194438Z,28.4,90.9
20260729T194453Z,28.4,90.9
20260729T194508Z,28.3,90.9
20260729T194523Z,28.3,90.9
20260729T194538Z,28.4,90.9
20260729T194553Z,28.4,90.8
20260729T194608Z,28.4,90.9
20260729T194623Z,28.4,90.9
20260729T194638Z,28.4,90.8
20260729T194653Z,28.4,90.8
20260729T194708Z,28.4,90.8
20260729T194723Z,28.4,90.8
20260729T194738Z,28.4,90.8
20260729T194753Z,28.4,90.8
20260729T194808Z,28.4,90.8
20260729T194823Z,28.3,90.8
20260729T194838Z,28.4,90.8
20260729T194853Z,28.4,90.8
20260729T194908Z,28.4,90.8
20260729T194923Z,28.4,90.8
20260729T194938Z,28.4,90.8
20260729T194953Z,28.4,90.8
20260729T195008Z,28.4,90.8
20260729T195023Z,28.4,90.8
20260729T195038Z,28.4,90.8
20260729T195053Z,28.4,90.8
20260729T195108Z,28.4,90.8
20260729T195123Z,28.4,90.8
20260729T195138Z,28.4,90.8
20260729T195153Z,28.4,90.7
20260729T195208Z,28.4,90.7
20260729T195223Z,28.4,90.7
20260729T195238Z,28.4,90.7
20260729T195253Z,28.4,90.7
20260729T195308Z,28.4,90.7
20260729T195323Z,28.4,90.7
20260729T195338Z,28.4,90.7
20260729T195353Z,28.4,90.7
20260729T195408Z,28.4,90.7
20260729T195423Z,28.4,90.7
20260729T195438Z,28.4,90.7
20260729T195453Z,28.4,90.7
20260729T195508Z,28.4,90.7
20260729T195523Z,28.4,90.7
20260729T195538Z,28.4,90.7
20260729T195553Z,28.4,90.7
20260729T195608Z,28.4,90.7
20260729T195623Z,28.4,90.7
20260729T195638Z,28.4,90.6
20260729T195653Z,28.4,90.6
20260729T195708Z,28.4,90.6
20260729T195723Z,28.4,90.6
20260729T195738Z,28.4,90.6
20260729T195753Z,28.4,90.6
20260729T195808Z,28.4,90.6
20260729T195823Z,28.4,90.6
20260729T195838Z,28.4,90.6
20260729T195853Z,28.4,90.6
20260729T195908Z,28.4,90.6
20260729T195923Z,28.4,90.6
20260729T195938Z,28.4,90.6
20260729T195953Z,28.4,90.6
20260729T200008Z,28.4,90.6
20260729T200023Z,28.4,90.6
20260729T200038Z,28.4,90.6
20260729T200053Z,28.4,90.6
20260729T200108Z,28.4,90.6
20260729T200123Z,28.4,90.6
20260729T200138Z,28.4,90.6
20260729T200153Z,28.4,90.6
20260729T200208Z,28.4,90.5
20260729T200223Z,28.4,90.5
20260729T200238Z,28.4,90.6
20260729T200253Z,28.4,90.5
20260729T200308Z,28.4,90.5
20260729T200323Z,28.4,90.5
20260729T200338Z,28.4,90.6
20260729T200353Z,28.4,90.6
20260729T200408Z,28.4,90.6
20260729T200423Z,28.4,90.5
20260729T200438Z,28.4,90.6
20260729T200453Z,28.4,90.6
20260729T200508Z,28.4,90.6
20260729T200523Z,28.4,90.6
20260729T200538Z,28.4,90.6
20260729T200553Z,28.4,90.6
20260729T200608Z,28.4,90.6
20260729T200623Z,28.4,90.6
20260729T200638Z,28.4,90.6
20260729T200653Z,28.4,90.6
20260729T200708Z,28.4,90.6
20260729T200723Z,28.4,90.6
20260729T200738Z,28.4,90.6
20260729T200753Z,28.4,90.6
20260729T200808Z,28.4,90.6
20260729T200823Z,28.4,90.5
20260729T200838Z,28.4,90.5
20260729T200853Z,28.4,90.5
20260729T200908Z,28.4,90.5
20260729T200923Z,28.4,90.5
20260729T200938Z,28.4,90.5
20260729T200953Z,28.4,90.5
20260729T201008Z,28.4,90.6
20260729T201023Z,28.4,90.6
20260729T201038Z,28.4,90.6
20260729T201053Z,28.4,90.6
20260729T201108Z,28.4,90.5
20260729T201123Z,28.4,90.5
20260729T201138Z,28.4,90.5
20260729T201153Z,28.4,90.5
20260729T201208Z,28.4,90.5
20260729T201223Z,28.4,90.6
20260729T201238Z,28.4,90.6
20260729T201253Z,28.4,90.5
20260729T201308Z,28.4,90.5
20260729T201323Z,28.4,90.5
20260729T201338Z,28.4,90.5
20260729T201353Z,28.4,90.5
20260729T201408Z,28.4,90.5
20260729T201423Z,28.4,90.5
20260729T201438Z,28.4,90.5
20260729T201453Z,28.4,90.5
20260729T201508Z,28.4,90.5
20260729T201523Z,28.4,90.5
20260729T201538Z,28.4,90.5
20260729T201553Z,28.4,90.5
20260729T201608Z,28.4,90.5
20260729T201623Z,28.4,90.5
20260729T201638Z,28.4,90.5
20260729T201654Z,28.4,90.5
20260729T201708Z,28.4,90.5
20260729T201723Z,28.4,90.5
20260729T201738Z,28.4,90.5
20260729T201753Z,28.4,90.5
20260729T201808Z,28.4,90.5
20260729T201823Z,28.4,90.5
20260729T201838Z,28.4,90.5
20260729T201853Z,28.4,90.5
20260729T201908Z,28.4,90.5
20260729T201923Z,28.4,90.5
20260729T201938Z,28.4,90.5
20260729T201953Z,28.4,90.5
20260729T202008Z,28.4,90.5
20260729T202023Z,28.4,90.5
20260729T202038Z,28.4,90.5
20260729T202053Z,28.4,90.5
20260729T202108Z,28.4,90.5
20260729T202123Z,28.4,90.5
20260729T202138Z,28.4,90.5
20260729T202153Z,28.4,90.4
20260729T202208Z,28.4,90.5
20260729T202223Z,28.4,90.5
20260729T202238Z,28.4,90.5
20260729T202253Z,28.4,90.5
20260729T202308Z,28.4,90.5
20260729T202323Z,28.4,90.4
20260729T202338Z,28.4,90.5
20260729T202353Z,28.4,90.5
20260729T202408Z,28.4,90.5
20260729T202423Z,28.4,90.5
20260729T202438Z,28.4,90.5
20260729T202453Z,28.4,90.4
20260729T202508Z,28.4,90.4
20260729T202523Z,28.4,90.4
20260729T202538Z,28.4,90.5
20260729T202553Z,28.4,90.5
20260729T202608Z,28.4,90.4
20260729T202623Z,28.4,90.4
20260729T202638Z,28.4,90.4
20260729T202653Z,28.4,90.5
20260729T202708Z,28.4,90.4
20260729T202723Z,28.4,90.5
20260729T202738Z,28.4,90.5
20260729T202753Z,28.4,90.5
20260729T202808Z,28.4,90.5
20260729T202823Z,28.4,90.4
20260729T202838Z,28.4,90.5
20260729T202853Z,28.4,90.4
20260729T202908Z,28.4,90.4
20260729T202923Z,28.4,90.4
20260729T202938Z,28.4,90.4
20260729T202953Z,28.4,90.4
20260729T203008Z,28.4,90.5
20260729T203023Z,28.4,90.4
20260729T203038Z,28.4,90.4
20260729T203053Z,28.4,90.4
20260729T203108Z,28.4,90.4
20260729T203123Z,28.4,90.4
20260729T203138Z,28.4,90.4
20260729T203153Z,28.4,90.4
20260729T203208Z,28.4,90.4
20260729T203223Z,28.4,90.4
20260729T203238Z,28.4,90.4
20260729T203253Z,28.4,90.4
20260729T203308Z,28.4,90.4
20260729T203323Z,28.4,90.4
20260729T203338Z,28.4,90.5
20260729T203354Z,28.4,90.4
20260729T203408Z,28.4,90.4
20260729T203423Z,28.4,90.4
20260729T203438Z,28.4,90.4
20260729T203453Z,28.4,90.4
20260729T203508Z,28.4,90.4
20260729T203523Z,28.4,90.4
20260729T203538Z,28.4,90.4
20260729T203553Z,28.4,90.4
20260729T203608Z,28.4,90.4
20260729T203623Z,28.4,90.4
20260729T203638Z,28.4,90.4
20260729T203653Z,28.4,90.4
20260729T203708Z,28.4,90.4
20260729T203723Z,28.4,90.4
20260729T203738Z,28.4,90.4
20260729T203753Z,28.4,90.4
20260729T203808Z,28.4,90.4
20260729T203823Z,28.4,90.4
20260729T203838Z,28.4,90.4
20260729T203853Z,28.4,90.4
20260729T203908Z,28.4,90.4
20260729T203923Z,28.4,90.4
20260729T203938Z,28.4,90.4
20260729T203953Z,28.4,90.4
20260729T204008Z,28.4,90.3
20260729T204023Z,28.4,90.4
20260729T204038Z,28.4,90.4
20260729T204053Z,28.4,90.4
20260729T204108Z,28.4,90.4
20260729T204123Z,28.4,90.4
20260729T204138Z,28.4,90.4
20260729T204153Z,28.4,90.4
20260729T204208Z,28.4,90.4
20260729T204223Z,28.4,90.4
20260729T204238Z,28.4,90.5
20260729T204253Z,28.4,90.4
20260729T204308Z,28.4,90.4
20260729T204323Z,28.4,90.4
20260729T204338Z,28.4,90.4
20260729T204353Z,28.4,90.4
20260729T204408Z,28.5,90.1
20260729T204423Z,28.4,89.9
20260729T204438Z,28.4,88.6
20260729T204453Z,28.4,88.4
20260729T204508Z,28.3,87.0
20260729T204523Z,28.3,87.1
20260729T204538Z,28.2,85.8
20260729T204553Z,28.1,85.8
20260729T204608Z,28.1,85.4
20260729T204623Z,28.0,84.6
20260729T204638Z,28.0,84.3
20260729T204653Z,28.0,83.2
20260729T204708Z,27.9,82.7
20260729T204723Z,27.9,81.8
20260729T204738Z,27.8,80.9
20260729T204753Z,27.8,80.3
20260729T204808Z,27.7,79.1
20260729T204823Z,27.6,77.8
20260729T204838Z,27.4,77.6
20260729T204853Z,27.3,76.7
20260729T204908Z,27.2,76.4
20260729T204923Z,27.1,76.3
20260729T204938Z,27.0,75.2
20260729T204953Z,26.9,74.5
20260729T205008Z,26.8,74.7
20260729T205023Z,26.7,75.0
20260729T205038Z,26.6,74.8
20260729T205053Z,26.6,77.4
20260729T205108Z,26.5,78.4
20260729T205123Z,26.6,79.9
20260729T205138Z,26.6,80.9
20260729T205153Z,26.6,81.3
20260729T205208Z,26.6,81.8
20260729T205223Z,26.7,81.8
20260729T205238Z,26.6,82.0
20260729T205253Z,26.7,82.4
20260729T205308Z,26.7,82.4
20260729T205323Z,26.7,82.8
20260729T205338Z,26.7,83.0
20260729T205353Z,26.7,83.1
20260729T205408Z,26.7,83.7
20260729T205423Z,26.7,84.1
20260729T205438Z,26.7,84.4
20260729T205453Z,26.7,84.6
20260729T205508Z,26.7,84.8
20260729T205523Z,26.7,85.1
20260729T205538Z,26.7,85.1
20260729T205553Z,26.8,85.4
20260729T205608Z,26.8,85.8
20260729T205623Z,26.8,85.8
20260729T205638Z,26.8,86.1
20260729T205653Z,26.8,86.3
20260729T205708Z,26.8,86.6
20260729T205723Z,26.9,86.9
20260729T205738Z,26.9,86.8
20260729T205753Z,26.9,87.0
20260729T205808Z,26.9,87.4
20260729T205823Z,26.9,87.3
20260729T205838Z,27.0,87.5
20260729T205853Z,27.0,87.5
20260729T205908Z,27.0,88.0
20260729T205923Z,27.0,88.3
20260729T205938Z,27.0,88.3
20260729T205953Z,27.0,88.6
20260729T210008Z,27.1,88.7
20260729T210023Z,27.1,88.9
20260729T210038Z,27.1,88.9
20260729T210053Z,27.1,89.2
20260729T210108Z,27.1,89.1
20260729T210123Z,27.1,89.2
20260729T210138Z,27.1,89.4
20260729T210153Z,27.1,89.6
20260729T210208Z,27.2,89.8
20260729T210223Z,27.2,89.8
20260729T210238Z,27.2,89.8
20260729T210254Z,27.2,90.0
20260729T210308Z,27.2,90.2
20260729T210323Z,27.2,90.3
20260729T210338Z,27.2,90.4
20260729T210353Z,27.2,90.3
20260729T210408Z,27.2,90.4
20260729T210423Z,27.3,90.5
20260729T210438Z,27.3,90.7
20260729T210453Z,27.3,90.6
20260729T210508Z,27.3,90.9
20260729T210523Z,27.3,90.9
20260729T210538Z,27.3,91.0
20260729T210553Z,27.3,91.2
20260729T210608Z,27.3,91.1
20260729T210623Z,27.4,91.1
20260729T210638Z,27.4,91.2
20260729T210653Z,27.4,91.3
20260729T210708Z,27.4,91.4
20260729T210723Z,27.4,91.4
20260729T210738Z,27.4,91.5
20260729T210753Z,27.4,91.5
20260729T210808Z,27.4,91.5
20260729T210823Z,27.4,91.5
20260729T210838Z,27.4,91.6
20260729T210853Z,27.5,91.6
20260729T210908Z,27.5,91.6
20260729T210923Z,27.5,91.6
20260729T210938Z,27.5,91.6
20260729T210953Z,27.5,91.6
20260729T211008Z,27.5,91.6
20260729T211023Z,27.5,91.7
20260729T211038Z,27.5,91.6
20260729T211053Z,27.5,91.7
20260729T211108Z,27.6,91.7
20260729T211123Z,27.6,91.7
20260729T211138Z,27.6,91.7
20260729T211153Z,27.6,91.7
20260729T211208Z,27.6,91.6
20260729T211223Z,27.6,91.6
20260729T211238Z,27.6,91.6
20260729T211253Z,27.6,91.7
20260729T211308Z,27.7,91.6
20260729T211323Z,27.7,91.6
20260729T211338Z,27.7,91.6
20260729T211353Z,27.7,91.6
20260729T211408Z,27.7,91.5
20260729T211423Z,27.7,91.6
20260729T211438Z,27.7,91.5
20260729T211453Z,27.7,91.6
20260729T211508Z,27.7,91.5
20260729T211523Z,27.8,91.5
20260729T211538Z,27.7,91.5
20260729T211553Z,27.7,91.5
20260729T211608Z,27.8,91.5
20260729T211623Z,27.8,91.5
20260729T211638Z,27.8,91.5
20260729T211653Z,27.8,91.5
20260729T211708Z,27.8,91.4
20260729T211723Z,27.8,91.4
20260729T211738Z,27.8,91.4
20260729T211753Z,27.8,91.4
20260729T211808Z,27.8,91.4
20260729T211823Z,27.8,91.2
20260729T211838Z,27.8,90.4
20260729T211853Z,27.8,89.2
20260729T211908Z,27.8,88.9
20260729T211923Z,27.7,88.4
20260729T211938Z,27.7,87.2
20260729T211953Z,27.7,87.1
20260729T212008Z,27.7,85.3
20260729T212023Z,27.6,84.8
20260729T212038Z,27.5,83.6
20260729T212053Z,27.5,82.7
20260729T212108Z,27.4,81.4
20260729T212123Z,27.3,80.6
20260729T212138Z,27.2,80.3
20260729T212153Z,27.1,80.1
20260729T212208Z,27.0,78.5
20260729T212223Z,26.9,77.9
20260729T212238Z,26.9,78.2
20260729T212253Z,26.8,77.2
20260729T212308Z,26.7,78.1
20260729T212323Z,26.6,79.7
20260729T212338Z,26.6,80.8
20260729T212353Z,26.6,82.1
20260729T212409Z,26.6,83.0
20260729T212423Z,26.6,83.6
20260729T212439Z,26.6,84.0
20260729T212453Z,26.6,84.0
20260729T212508Z,26.5,84.2
20260729T212523Z,26.5,84.4
20260729T212538Z,26.6,84.6
20260729T212553Z,26.6,85.1
20260729T212609Z,26.6,85.2
20260729T212623Z,26.6,85.3
20260729T212638Z,26.6,85.7
20260729T212653Z,26.5,85.9
20260729T212708Z,26.6,86.3
20260729T212723Z,26.6,86.5
20260729T212738Z,26.6,86.9
20260729T212753Z,26.6,86.9
20260729T212808Z,26.6,87.2
20260729T212823Z,26.6,87.5
20260729T212838Z,26.6,87.6
20260729T212854Z,26.6,87.7
20260729T212909Z,26.6,87.9
20260729T212924Z,26.6,88.2
20260729T212938Z,26.7,88.4
20260729T212953Z,26.7,88.5
20260729T213009Z,26.7,88.7
20260729T213023Z,26.7,88.9
20260729T213039Z,26.7,89.1
20260729T213054Z,26.7,89.3
20260729T213109Z,26.8,89.3
20260729T213123Z,26.7,89.6
20260729T213139Z,26.8,89.6
20260729T213153Z,26.8,89.6
20260729T213209Z,26.8,89.8
20260729T213224Z,26.8,89.8
20260729T213239Z,26.8,90.1
20260729T213253Z,26.8,90.1
20260729T213309Z,26.9,90.3
20260729T213323Z,26.9,90.4
20260729T213339Z,26.9,90.3
20260729T213353Z,26.9,90.6
20260729T213409Z,26.9,90.7
20260729T213423Z,26.9,90.6
20260729T213439Z,26.9,90.9
20260729T213453Z,27.0,90.9
20260729T213509Z,26.9,91.0
20260729T213523Z,27.0,91.1
20260729T213538Z,27.0,91.2
20260729T213553Z,27.0,91.3
20260729T213609Z,27.0,91.4
20260729T213624Z,27.0,91.5
20260729T213638Z,27.0,91.6
20260729T213654Z,27.0,91.6
20260729T213708Z,27.0,91.8
20260729T213724Z,27.1,91.8
20260729T213738Z,27.1,91.8
20260729T213753Z,27.1,91.9
20260729T213809Z,27.1,92.0
20260729T213823Z,27.1,92.1
20260729T213839Z,27.1,92.2
20260729T213853Z,27.1,92.2
20260729T213908Z,27.1,92.2
20260729T213924Z,27.1,92.4
20260729T213939Z,27.1,92.4
20260729T213953Z,27.1,92.3
20260729T214009Z,27.1,92.3
20260729T214023Z,27.2,92.4
20260729T214039Z,27.2,92.4
20260729T214053Z,27.2,92.5
20260729T214109Z,27.2,92.5
20260729T214123Z,27.2,92.5
20260729T214139Z,27.2,92.5
20260729T214153Z,27.2,92.5
20260729T214209Z,27.2,92.5
20260729T214224Z,27.2,92.5
20260729T214238Z,27.3,92.5
20260729T214254Z,27.3,92.5
20260729T214308Z,27.3,92.5
20260729T214324Z,27.3,92.5
20260729T214338Z,27.3,92.5
20260729T214354Z,27.3,92.5
20260729T214408Z,27.3,92.5
20260729T214424Z,27.3,92.5
20260729T214438Z,27.4,92.5
20260729T214454Z,27.4,92.5
20260729T214508Z,27.4,92.5
20260729T214523Z,27.4,92.5
20260729T214539Z,27.4,92.5
20260729T214554Z,27.4,92.5
20260729T214609Z,27.4,92.5
20260729T214623Z,27.4,92.5
20260729T214639Z,27.4,92.5
20260729T214653Z,27.5,92.4
20260729T214708Z,27.5,92.4
20260729T214724Z,27.5,92.4
20260729T214738Z,27.5,92.4
20260729T214753Z,27.5,92.4
20260729T214809Z,27.5,92.4
20260729T214823Z,27.5,92.3
20260729T214838Z,27.5,92.3
20260729T214854Z,27.5,92.3
20260729T214908Z,27.5,92.3
20260729T214924Z,27.5,92.3
20260729T214938Z,27.6,92.3
20260729T214954Z,27.6,92.3
20260729T215008Z,27.6,92.3
20260729T215024Z,27.5,92.2
20260729T215038Z,27.6,92.3
20260729T215054Z,27.6,92.3
20260729T215108Z,27.6,92.3
20260729T215124Z,27.6,92.3
20260729T215138Z,27.6,92.3
20260729T215154Z,27.6,92.2
20260729T215209Z,27.6,92.3
20260729T215223Z,27.6,92.3
20260729T215238Z,27.6,92.3
20260729T215254Z,27.6,92.2
20260729T215308Z,27.7,92.2
20260729T215324Z,27.7,92.2
20260729T215338Z,27.7,92.1
20260729T215354Z,27.7,92.2
20260729T215408Z,27.7,92.1
20260729T215424Z,27.7,92.1
20260729T215438Z,27.7,92.1
20260729T215453Z,27.7,92.0
20260729T215509Z,27.7,92.1
20260729T215523Z,27.7,92.0
20260729T215539Z,27.7,92.0
20260729T215553Z,27.7,92.0
20260729T215609Z,27.8,92.0
20260729T215623Z,27.8,92.0
20260729T215639Z,27.8,91.9
20260729T215653Z,27.8,92.0
20260729T215709Z,27.8,91.9
20260729T215723Z,27.8,92.0
20260729T215739Z,27.8,91.9
20260729T215754Z,27.8,91.9
20260729T215809Z,27.8,91.9
20260729T215823Z,27.8,91.9
20260729T215838Z,27.8,91.9
20260729T215854Z,27.8,91.9
20260729T215908Z,27.8,91.9
20260729T215924Z,27.8,91.9
20260729T215938Z,27.8,90.6
20260729T215954Z,27.8,90.7
20260729T220008Z,27.8,90.4
20260729T220024Z,27.8,88.9
20260729T220038Z,27.7,88.9
20260729T220054Z,27.7,88.0
20260729T220108Z,27.7,87.3
20260729T220123Z,27.7,85.8
20260729T220139Z,27.6,84.0
20260729T220153Z,27.5,83.0
20260729T220209Z,27.4,82.3
20260729T220223Z,27.3,82.0
20260729T220239Z,27.2,81.3
20260729T220254Z,27.1,80.5
20260729T220309Z,27.0,80.2
20260729T220323Z,26.9,79.6
20260729T220339Z,26.8,78.7
20260729T220353Z,26.7,78.5
20260729T220409Z,26.5,78.6
20260729T220423Z,26.5,79.9
20260729T220439Z,26.4,81.1
20260729T220454Z,26.4,82.3
20260729T220508Z,26.4,83.7
20260729T220524Z,26.4,84.4
20260729T220538Z,26.4,84.7
20260729T220554Z,26.4,84.9
20260729T220608Z,26.5,85.1
20260729T220624Z,26.5,85.1
20260729T220638Z,26.5,85.4
20260729T220653Z,26.5,85.4
20260729T220709Z,26.5,85.7
20260729T220723Z,26.5,86.1
20260729T220739Z,26.5,86.4
20260729T220754Z,26.5,86.5
20260729T220808Z,26.5,86.7
20260729T220824Z,26.5,87.1
20260729T220838Z,26.5,87.1
20260729T220853Z,26.6,87.4
20260729T220909Z,26.6,87.7
20260729T220923Z,26.6,87.6
20260729T220939Z,26.6,87.9
20260729T220953Z,26.6,88.1
20260729T221009Z,26.6,88.1
20260729T221023Z,26.6,88.5
20260729T221039Z,26.7,88.6
20260729T221053Z,26.7,88.9
20260729T221109Z,26.7,89.0
20260729T221123Z,26.7,89.2
20260729T221139Z,26.7,89.3
20260729T221153Z,26.7,89.5
20260729T221209Z,26.8,89.5
20260729T221223Z,26.8,89.6
20260729T221239Z,26.8,89.8
20260729T221253Z,26.8,89.8
20260729T221309Z,26.8,89.8
20260729T221323Z,26.8,90.0
20260729T221339Z,26.9,90.2
20260729T221354Z,26.9,90.4
20260729T221409Z,26.9,90.6
20260729T221424Z,26.9,90.6
20260729T221439Z,26.9,90.6
20260729T221454Z,26.9,90.8
20260729T221508Z,27.0,90.8
20260729T221524Z,27.0,91.0
20260729T221538Z,27.0,91.0
20260729T221553Z,27.0,90.9
20260729T221609Z,27.0,91.2
20260729T221623Z,27.0,91.2
20260729T221639Z,27.0,91.4
20260729T221653Z,27.0,91.4
20260729T221709Z,27.0,91.5
20260729T221723Z,27.1,91.6
20260729T221739Z,27.1,91.7
20260729T221754Z,27.1,91.8
20260729T221808Z,27.1,91.9
20260729T221824Z,27.1,91.9
20260729T221838Z,27.1,92.0
20260729T221853Z,27.1,92.3
20260729T221909Z,27.1,92.1
20260729T221923Z,27.1,92.2
20260729T221939Z,27.1,92.3
20260729T221954Z,27.1,92.3
20260729T222008Z,27.2,92.4
20260729T222024Z,27.2,92.5
20260729T222039Z,27.2,92.5
20260729T222054Z,27.2,92.5
20260729T222109Z,27.2,92.5
20260729T222124Z,27.2,92.6
20260729T222138Z,27.2,92.5
20260729T222154Z,27.2,92.5
20260729T222208Z,27.2,92.6
20260729T222224Z,27.3,92.6
20260729T222239Z,27.3,92.6
20260729T222253Z,27.3,92.6
20260729T222309Z,27.3,92.6
20260729T222323Z,27.3,92.6
20260729T222338Z,27.3,92.7
20260729T222354Z,27.3,92.6
20260729T222408Z,27.3,92.7
20260729T222424Z,27.3,92.6
20260729T222439Z,27.3,92.7
20260729T222453Z,27.4,92.7
20260729T222509Z,27.4,92.6
20260729T222523Z,27.4,92.6
20260729T222539Z,27.4,92.6
20260729T222554Z,27.4,92.6
20260729T222609Z,27.4,92.6
20260729T222624Z,27.4,92.6
20260729T222639Z,27.4,92.6
20260729T222654Z,27.4,92.5
20260729T222709Z,27.5,92.5
20260729T222724Z,27.5,92.6
20260729T222739Z,27.5,92.5
20260729T222754Z,27.5,92.5
20260729T222808Z,27.5,92.5
20260729T222824Z,27.5,92.5
20260729T222839Z,27.5,92.5
20260729T222854Z,27.5,92.5
20260729T222908Z,27.5,92.5
20260729T222924Z,27.5,92.4
20260729T222938Z,27.5,92.5
20260729T222954Z,27.6,92.5
20260729T223009Z,27.6,92.5
20260729T223024Z,27.6,92.4
20260729T223039Z,27.6,92.4
20260729T223054Z,27.6,92.4
20260729T223109Z,27.6,92.4
20260729T223124Z,27.6,92.4
20260729T223139Z,27.6,92.4
20260729T223154Z,27.6,92.4
20260729T223209Z,27.6,92.3
20260729T223224Z,27.6,92.3
20260729T223239Z,27.6,92.3
20260729T223254Z,27.6,92.3
20260729T223309Z,27.6,92.3
20260729T223324Z,27.7,92.3
20260729T223339Z,27.7,92.3
20260729T223354Z,27.7,92.3
20260729T223409Z,27.7,92.3
20260729T223424Z,27.7,92.3
20260729T223439Z,27.7,92.3
20260729T223454Z,27.7,92.3
20260729T223509Z,27.7,92.3
20260729T223524Z,27.7,92.2
20260729T223539Z,27.7,92.2
20260729T223554Z,27.7,92.2
20260729T223609Z,27.7,92.2
20260729T223624Z,27.7,92.2
20260729T223639Z,27.7,92.2
20260729T223654Z,27.7,92.1
20260729T223709Z,27.7,92.2
20260729T223724Z,27.8,92.2
20260729T223739Z,27.7,92.1
20260729T223754Z,27.8,92.1
20260729T223809Z,27.8,92.1
20260729T223824Z,27.8,92.1
20260729T223839Z,27.8,92.1
20260729T223854Z,27.8,92.1
20260729T223909Z,27.8,92.1
20260729T223924Z,27.8,91.0
20260729T223939Z,27.8,91.3
20260729T223954Z,27.8,89.7
20260729T224009Z,27.7,89.4
20260729T224024Z,27.6,89.3
20260729T224039Z,27.6,87.8
20260729T224054Z,27.5,87.5
20260729T224109Z,27.5,86.7
20260729T224124Z,27.4,85.1
20260729T224139Z,27.3,84.5
20260729T224154Z,27.3,83.9
20260729T224209Z,27.2,82.4
20260729T224224Z,27.1,82.3
20260729T224239Z,27.0,81.3
20260729T224254Z,26.9,80.9
20260729T224309Z,26.8,80.4
20260729T224324Z,26.7,79.9
20260729T224339Z,26.6,79.7
20260729T224354Z,26.6,78.4
20260729T224409Z,26.5,78.9
20260729T224424Z,26.4,80.3
20260729T224439Z,26.4,82.4
20260729T224454Z,26.4,83.7
20260729T224509Z,26.5,84.5
20260729T224524Z,26.5,84.7
20260729T224539Z,26.5,85.2
20260729T224554Z,26.5,85.3
20260729T224609Z,26.5,85.5
20260729T224624Z,26.5,85.6
20260729T224639Z,26.5,85.7
20260729T224654Z,26.5,86.2
20260729T224709Z,26.5,86.1
20260729T224724Z,26.5,86.7
20260729T224739Z,26.5,87.0
20260729T224754Z,26.5,87.0
20260729T224809Z,26.5,87.3
20260729T224824Z,26.5,87.5
20260729T224839Z,26.5,87.6
20260729T224854Z,26.5,87.7
20260729T224909Z,26.5,88.1
20260729T224924Z,26.6,88.5
20260729T224939Z,26.6,88.5
20260729T224954Z,26.6,88.7
20260729T225009Z,26.6,89.0
20260729T225024Z,26.6,89.1
20260729T225039Z,26.6,89.2
20260729T225054Z,26.6,89.4
20260729T225109Z,26.7,89.6
20260729T225124Z,26.7,89.7
20260729T225139Z,26.7,89.9
20260729T225154Z,26.7,89.9
20260729T225209Z,26.7,90.2
20260729T225224Z,26.7,90.4
20260729T225239Z,26.8,90.6
20260729T225254Z,26.8,90.5
20260729T225309Z,26.8,90.7
20260729T225324Z,26.8,90.9
20260729T225339Z,26.8,91.0
20260729T225354Z,26.8,91.0
20260729T225409Z,26.8,91.2
20260729T225424Z,26.8,91.3
20260729T225439Z,26.8,91.4
20260729T225454Z,26.9,91.5
20260729T225509Z,26.9,91.6
20260729T225524Z,26.9,91.6
20260729T225539Z,26.9,91.8
20260729T225554Z,26.9,91.9
20260729T225609Z,26.9,92.0
20260729T225624Z,26.9,92.0
20260729T225639Z,26.9,92.2
20260729T225654Z,26.9,92.2
20260729T225709Z,27.0,92.3
20260729T225724Z,27.0,92.4
20260729T225739Z,27.0,92.5
20260729T225754Z,27.0,92.5
20260729T225809Z,27.0,92.6
20260729T225824Z,27.0,92.6
20260729T225839Z,27.0,92.8
20260729T225855Z,27.0,92.8
20260729T225909Z,27.0,92.8
20260729T225924Z,27.1,92.8
20260729T225939Z,27.1,92.9
20260729T225954Z,27.1,92.9
20260729T230009Z,27.1,92.9
20260729T230024Z,27.1,93.0
20260729T230039Z,27.1,93.0
20260729T230054Z,27.1,93.0
20260729T230109Z,27.1,93.0
20260729T230124Z,27.2,93.1
20260729T230139Z,27.2,93.0
20260729T230154Z,27.2,93.1
20260729T230209Z,27.2,93.1
20260729T230224Z,27.2,93.1
20260729T230239Z,27.2,93.2
20260729T230254Z,27.2,93.1
20260729T230309Z,27.2,93.1
20260729T230324Z,27.2,93.2
20260729T230339Z,27.3,93.1
20260729T230354Z,27.3,93.1
20260729T230409Z,27.3,93.1
20260729T230424Z,27.3,93.1
20260729T230439Z,27.3,93.1
20260729T230454Z,27.3,93.1
20260729T230509Z,27.3,93.1
20260729T230524Z,27.3,93.1
20260729T230539Z,27.4,93.1
20260729T230554Z,27.4,93.1
20260729T230609Z,27.4,93.0
20260729T230624Z,27.4,93.0
20260729T230639Z,27.4,93.0
20260729T230654Z,27.4,93.0
20260729T230709Z,27.4,93.0
20260729T230724Z,27.4,92.9
20260729T230739Z,27.4,92.9
20260729T230755Z,27.5,92.9
20260729T230809Z,27.5,92.9
20260729T230824Z,27.5,92.8
20260729T230839Z,27.5,92.8
20260729T230855Z,27.5,92.8
20260729T230909Z,27.5,92.8
20260729T230924Z,27.5,92.8
20260729T230939Z,27.5,92.8
20260729T230954Z,27.5,92.8
20260729T231009Z,27.5,92.7
20260729T231024Z,27.6,92.7
20260729T231039Z,27.6,92.7
20260729T231054Z,27.6,92.7
20260729T231109Z,27.6,92.6
20260729T231124Z,27.6,92.6
20260729T231139Z,27.6,92.6
20260729T231154Z,27.6,92.6
20260729T231209Z,27.6,92.6
20260729T231224Z,27.6,92.6
20260729T231239Z,27.6,92.6
20260729T231254Z,27.6,92.5
20260729T231309Z,27.7,92.5
20260729T231324Z,27.7,92.6
20260729T231339Z,27.7,92.5
20260729T231354Z,27.7,92.5
20260729T231409Z,27.7,92.5
20260729T231424Z,27.7,92.5
20260729T231439Z,27.7,92.5
20260729T231454Z,27.7,92.5
20260729T231509Z,27.7,92.5
20260729T231524Z,27.7,92.5
20260729T231539Z,27.7,92.4
20260729T231554Z,27.7,92.4
20260729T231609Z,27.7,92.4
20260729T231624Z,27.7,92.4
20260729T231639Z,27.7,92.4
20260729T231654Z,27.7,92.4
20260729T231709Z,27.7,92.4
20260729T231724Z,27.7,92.4
20260729T231739Z,27.7,92.4
20260729T231754Z,27.7,91.7
20260729T231809Z,27.7,90.5
20260729T231824Z,27.7,89.5
20260729T231839Z,27.6,89.2
20260729T231854Z,27.6,87.9
20260729T231909Z,27.5,87.4
20260729T231924Z,27.4,86.8
20260729T231939Z,27.3,85.3
20260729T231954Z,27.3,84.5
20260729T232009Z,27.2,84.8
20260729T232024Z,27.1,83.3
20260729T232039Z,27.0,82.4
20260729T232054Z,26.9,82.4
20260729T232109Z,26.8,81.8
20260729T232124Z,26.7,81.1
20260729T232139Z,26.6,81.0
20260729T232154Z,26.5,79.6
20260729T232209Z,26.4,80.0
20260729T232224Z,26.3,79.1
20260729T232239Z,26.3,79.6
20260729T232254Z,26.2,80.7
20260729T232309Z,26.2,82.4
20260729T232324Z,26.2,84.2
20260729T232339Z,26.2,85.0
20260729T232354Z,26.2,85.1
20260729T232409Z,26.2,85.3
20260729T232424Z,26.2,85.7
20260729T232439Z,26.3,85.9
20260729T232454Z,26.3,85.7
20260729T232509Z,26.3,86.2
20260729T232524Z,26.3,86.5
20260729T232539Z,26.3,86.5
20260729T232554Z,26.4,87.0
20260729T232609Z,26.4,86.9
20260729T232624Z,26.4,87.1
20260729T232639Z,26.4,87.5
20260729T232654Z,26.4,87.7
20260729T232709Z,26.4,88.0
20260729T232724Z,26.4,88.0
20260729T232739Z,26.5,88.1
20260729T232754Z,26.5,88.2
20260729T232809Z,26.5,88.3
20260729T232824Z,26.5,88.5
20260729T232839Z,26.5,88.6
20260729T232854Z,26.6,88.9
20260729T232909Z,26.6,89.2
20260729T232924Z,26.6,89.2
20260729T232939Z,26.6,89.3
20260729T232954Z,26.6,89.5
20260729T233009Z,26.7,89.5
20260729T233024Z,26.7,89.8
20260729T233039Z,26.7,89.8
20260729T233054Z,26.7,90.2
20260729T233109Z,26.7,90.1
20260729T233124Z,26.7,90.3
20260729T233139Z,26.8,90.5
20260729T233154Z,26.8,90.6
20260729T233209Z,26.8,90.8
20260729T233224Z,26.8,90.8
20260729T233239Z,26.8,90.9
20260729T233254Z,26.8,90.9
20260729T233309Z,26.8,91.1
20260729T233324Z,26.9,91.3
20260729T233339Z,26.9,91.4
20260729T233354Z,26.9,91.6
20260729T233409Z,26.9,91.7
20260729T233424Z,26.9,91.7
20260729T233439Z,26.9,91.9
20260729T233454Z,26.9,91.9
20260729T233509Z,26.9,92.1
20260729T233524Z,26.9,92.2
20260729T233539Z,27.0,92.2
20260729T233554Z,27.0,92.3
20260729T233609Z,27.0,92.4
20260729T233624Z,27.0,92.4
20260729T233639Z,27.0,92.6
20260729T233654Z,27.0,92.6
20260729T233709Z,27.0,92.6
20260729T233724Z,27.0,92.8
20260729T233739Z,27.0,92.7
20260729T233754Z,27.1,92.8
20260729T233809Z,27.1,93.0
20260729T233824Z,27.1,93.0
20260729T233839Z,27.1,93.0
20260729T233854Z,27.1,93.0
20260729T233909Z,27.1,93.1
20260729T233924Z,27.1,93.1
20260729T233939Z,27.1,93.1
20260729T233954Z,27.1,93.1
20260729T234009Z,27.1,93.1
20260729T234024Z,27.2,93.1
20260729T234039Z,27.2,93.3
20260729T234054Z,27.2,93.2
20260729T234109Z,27.2,93.3
20260729T234124Z,27.2,93.2
20260729T234139Z,27.2,93.2
20260729T234154Z,27.2,93.2
20260729T234209Z,27.2,93.2
20260729T234224Z,27.3,93.2
20260729T234239Z,27.3,93.3
20260729T234254Z,27.3,93.2
20260729T234309Z,27.3,93.2
20260729T234324Z,27.3,93.2
20260729T234339Z,27.3,93.1
20260729T234354Z,27.3,93.1
20260729T234409Z,27.3,93.2
20260729T234424Z,27.3,93.1
20260729T234439Z,27.4,93.1
20260729T234454Z,27.4,93.1
20260729T234509Z,27.4,93.1
20260729T234524Z,27.4,93.1
20260729T234539Z,27.4,93.1
20260729T234554Z,27.4,93.1
20260729T234609Z,27.4,93.1
20260729T234624Z,27.4,93.0
20260729T234639Z,27.4,93.1
20260729T234654Z,27.5,93.0
20260729T234709Z,27.5,93.0
20260729T234724Z,27.5,92.3
20260729T234739Z,27.5,91.3
20260729T234754Z,27.4,90.6
20260729T234809Z,27.4,90.3
20260729T234824Z,27.3,89.1
20260729T234839Z,27.2,88.6
20260729T234854Z,27.2,87.8
20260729T234909Z,27.0,87.0
20260729T234924Z,27.0,87.3
20260729T234939Z,26.9,85.9
20260729T234954Z,26.8,85.0
20260729T235009Z,26.7,84.8
20260729T235024Z,26.6,84.1
20260729T235039Z,26.5,82.8
20260729T235054Z,26.4,83.1
20260729T235109Z,26.2,82.8
20260729T235124Z,26.2,81.6
20260729T235139Z,26.1,82.4
20260729T235155Z,26.0,81.2
20260729T235209Z,26.0,80.9
20260729T235224Z,25.9,80.9
20260729T235239Z,25.9,79.9
20260729T235254Z,25.9,79.2
20260729T235309Z,25.8,78.8
20260729T235324Z,25.8,77.5
20260729T235339Z,25.7,76.9
20260729T235355Z,25.7,76.6
20260729T235410Z,25.6,76.9
20260729T235424Z,25.6,78.2
20260729T235439Z,25.6,79.5
20260729T235454Z,25.6,81.2
20260729T235509Z,25.6,81.9
20260729T235524Z,25.6,82.3
20260729T235539Z,25.6,82.6
20260729T235555Z,25.6,82.8
20260729T235610Z,25.6,83.2
20260729T235624Z,25.6,83.5
20260729T235639Z,25.7,84.2
20260729T235654Z,25.7,84.3
20260729T235709Z,25.7,84.6
20260729T235724Z,25.7,85.1
20260729T235739Z,25.8,85.4
20260729T235754Z,25.8,85.9
20260729T235809Z,25.8,86.3
20260729T235824Z,25.8,86.5
20260729T235839Z,25.9,86.8
20260729T235854Z,25.9,87.0
20260729T235909Z,25.9,87.1
20260729T235924Z,25.9,87.5
20260729T235939Z,26.0,87.9
20260729T235954Z,26.0,88.3