Time,Temperature,Humidity
20260804T000005Z,26.5,92.1
20260804T000020Z,26.5,92.1
20260804T000035Z,26.5,92.2
20260804T000050Z,26.5,92.0
20260804T000105Z,26.5,92.0
20260804T000120Z,26.6,92.0
20260804T000135Z,26.6,92.1
20260804T000150Z,26.6,92.1
20260804T000205Z,26.6,91.5
20260804T000220Z,26.6,91.4
20260804T000235Z,26.6,89.0
20260804T000250Z,26.5,88.6
20260804T000305Z,26.5,88.1
20260804T000320Z,26.4,87.1
20260804T000335Z,26.4,86.2
20260804T000350Z,26.3,85.5
20260804T000405Z,26.2,84.8
20260804T000420Z,26.1,84.4
20260804T000435Z,26.1,83.6
20260804T000450Z,26.0,82.7
20260804T000505Z,25.9,81.9
20260804T000520Z,25.8,81.1
20260804T000535Z,25.7,80.5
20260804T000550Z,25.6,79.6
20260804T000605Z,25.5,79.3
20260804T000620Z,25.3,79.0
20260804T000635Z,25.2,78.0
20260804T000650Z,25.1,77.3
20260804T000705Z,25.0,77.6
20260804T000720Z,24.9,77.0
20260804T000735Z,24.8,77.7
20260804T000750Z,24.7,80.3
20260804T000805Z,24.6,82.2
20260804T000820Z,24.7,83.6
20260804T000835Z,24.7,84.3
20260804T000850Z,24.7,84.4
20260804T000905Z,24.8,84.7
20260804T000920Z,24.8,84.6
20260804T000935Z,24.8,84.6
20260804T000950Z,24.9,84.9
20260804T001005Z,24.9,85.4
20260804T001020Z,25.0,85.2
20260804T001035Z,25.0,85.6
20260804T001050Z,25.1,85.6
20260804T001105Z,25.1,85.8
20260804T001120Z,25.2,86.1
20260804T001135Z,25.2,86.2
20260804T001150Z,25.2,86.6
20260804T001205Z,25.3,86.5
20260804T001220Z,25.3,86.8
20260804T001235Z,25.4,87.0
20260804T001250Z,25.4,86.9
20260804T001305Z,25.4,87.0
20260804T001320Z,25.5,87.3
20260804T001335Z,25.5,87.3
20260804T001350Z,25.5,87.4
20260804T001405Z,25.6,87.6
20260804T001420Z,25.6,87.6
20260804T001435Z,25.6,87.7
20260804T001450Z,25.6,87.9
20260804T001505Z,25.7,88.3
20260804T001520Z,25.7,88.3
20260804T001535Z,25.7,88.5
20260804T001550Z,25.7,88.6
20260804T001605Z,25.8,88.8
20260804T001620Z,25.8,88.8
20260804T001635Z,25.8,89.0
20260804T001650Z,25.8,89.2
20260804T001705Z,25.8,89.3
20260804T001720Z,25.9,89.6
20260804T001735Z,25.9,89.7
20260804T001750Z,25.9,89.6
20260804T001805Z,25.9,89.9
20260804T001820Z,25.9,90.1
20260804T001835Z,25.9,90.0
20260804T001850Z,26.0,90.3
20260804T001905Z,26.0,90.4
20260804T001920Z,26.0,90.5
20260804T001935Z,26.0,90.6
20260804T001950Z,26.0,90.8
20260804T002005Z,26.0,90.9
20260804T002020Z,26.0,91.0
20260804T002035Z,26.0,91.1
20260804T002050Z,26.1,91.2
20260804T002105Z,26.1,91.4
20260804T002120Z,26.1,91.4
20260804T002135Z,26.1,91.3
20260804T002150Z,26.1,91.4
20260804T002205Z,26.1,91.5
20260804T002220Z,26.2,91.6
20260804T002235Z,26.2,91.5
20260804T002250Z,26.2,91.7
20260804T002305Z,26.2,91.6
20260804T002320Z,26.2,91.8
20260804T002335Z,26.2,91.9
20260804T002350Z,26.2,92.0
20260804T002405Z,26.3,92.1
20260804T002420Z,26.3,92.0
20260804T002435Z,26.3,92.1
20260804T002450Z,26.3,92.1
20260804T002505Z,26.3,92.1
20260804T002520Z,26.3,92.1
20260804T002535Z,26.3,92.0
20260804T002550Z,26.4,92.1
20260804T002605Z,26.4,92.1
20260804T002620Z,26.4,92.1
20260804T002635Z,26.4,92.1
20260804T002650Z,26.4,92.1
20260804T002705Z,26.4,92.3
20260804T002720Z,26.5,92.2
20260804T002735Z,26.5,92.1
20260804T002750Z,26.5,92.1
20260804T002805Z,26.5,92.2
20260804T002820Z,26.5,92.2
20260804T002835Z,26.5,92.2
20260804T002850Z,26.5,92.2
20260804T002905Z,26.5,92.2
20260804T002920Z,26.5,91.1
20260804T002935Z,26.6,90.5
20260804T002950Z,26.5,89.0
20260804T003005Z,26.5,88.4
20260804T003020Z,26.5,87.8
20260804T003035Z,26.4,86.8
20260804T003050Z,26.3,86.5
20260804T003105Z,26.3,85.4
20260804T003120Z,26.2,84.6
20260804T003135Z,26.1,83.2
20260804T003150Z,26.0,82.7
20260804T003205Z,25.9,81.8
20260804T003220Z,25.8,81.2
20260804T003235Z,25.7,81.1
20260804T003250Z,25.6,79.7
20260804T003305Z,25.5,79.8
20260804T003320Z,25.4,79.3
20260804T003335Z,25.3,78.4
20260804T003350Z,25.1,77.9
20260804T003405Z,25.0,77.1
20260804T003420Z,24.9,76.9
20260804T003435Z,24.8,77.0
20260804T003450Z,24.7,79.4
20260804T003505Z,24.7,82.1
20260804T003520Z,24.7,83.3
20260804T003535Z,24.7,84.5
20260804T003550Z,24.7,84.7
20260804T003605Z,24.7,84.8
20260804T003620Z,24.8,84.9
20260804T003635Z,24.8,85.2
20260804T003650Z,24.9,85.5
20260804T003705Z,24.9,85.5
20260804T003720Z,25.0,85.8
20260804T003735Z,25.0,85.8
20260804T003750Z,25.1,86.0
20260804T003805Z,25.1,85.9
20260804T003820Z,25.1,86.4
20260804T003835Z,25.2,86.4
20260804T003850Z,25.2,86.7
20260804T003905Z,25.3,86.6
20260804T003920Z,25.3,87.0
20260804T003935Z,25.3,86.7
20260804T003950Z,25.4,87.0
20260804T004005Z,25.4,87.1
20260804T004020Z,25.4,87.4
20260804T004035Z,25.5,87.5
20260804T004050Z,25.5,87.7
20260804T004105Z,25.5,87.7
20260804T004120Z,25.6,88.1
20260804T004135Z,25.6,88.3
20260804T004150Z,25.6,88.2
20260804T004205Z,25.6,88.2
20260804T004220Z,25.7,88.4
20260804T004235Z,25.7,88.6
20260804T004250Z,25.7,88.6
20260804T004305Z,25.7,89.0
20260804T004320Z,25.8,89.0
20260804T004335Z,25.8,89.3
20260804T004350Z,25.8,89.5
20260804T004405Z,25.8,89.3
20260804T004420Z,25.8,89.5
20260804T004435Z,25.9,89.5
20260804T004450Z,25.9,89.7
20260804T004505Z,25.9,89.9
20260804T004520Z,25.9,90.0
20260804T004535Z,25.9,90.2
20260804T004550Z,26.0,90.3
20260804T004605Z,26.0,90.4
20260804T004620Z,26.0,90.7
20260804T004635Z,26.0,90.6
20260804T004650Z,26.0,90.8
20260804T004705Z,26.0,90.9
20260804T004720Z,26.1,91.0
20260804T004735Z,26.1,91.0
20260804T004750Z,26.1,91.2
20260804T004805Z,26.1,91.3
20260804T004820Z,26.2,91.2
20260804T004835Z,26.2,91.4
20260804T004850Z,26.2,91.4
20260804T004905Z,26.2,91.6
20260804T004920Z,26.2,91.7
20260804T004935Z,26.2,91.8
20260804T004950Z,26.2,91.7
20260804T005005Z,26.3,91.8
20260804T005020Z,26.3,91.7
20260804T005035Z,26.3,91.9
20260804T005050Z,26.3,92.0
20260804T005105Z,26.3,91.9
20260804T005120Z,26.3,91.9
20260804T005135Z,26.3,92.1
20260804T005150Z,26.4,92.0
20260804T005205Z,26.4,92.1
20260804T005220Z,26.4,92.1
20260804T005235Z,26.4,92.1
20260804T005250Z,26.4,92.1
20260804T005305Z,26.5,92.1
20260804T005320Z,26.5,92.1
20260804T005335Z,26.5,92.1
20260804T005350Z,26.5,92.1
20260804T005405Z,26.5,92.1
20260804T005420Z,26.5,92.1
20260804T005435Z,26.5,91.1
20260804T005450Z,26.5,91.2
20260804T005505Z,26.5,89.3
20260804T005520Z,26.5,89.0
20260804T005535Z,26.5,88.6
20260804T005550Z,26.4,87.0
20260804T005605Z,26.4,86.5
20260804T005620Z,26.4,85.5
20260804T005635Z,26.3,84.1
20260804T005650Z,26.2,83.9
20260804T005705Z,26.1,83.6
20260804T005720Z,26.0,81.9
20260804T005735Z,26.0,81.6
20260804T005750Z,25.9,80.7
20260804T005805Z,25.8,80.4
20260804T005820Z,25.7,79.4
20260804T005835Z,25.6,79.1
20260804T005850Z,25.5,78.4
20260804T005905Z,25.4,77.8
20260804T005920Z,25.2,77.5
20260804T005935Z,25.1,76.8
20260804T005950Z,25.0,76.7
20260804T010005Z,24.9,76.6
20260804T010020Z,24.8,78.9
20260804T010035Z,24.8,80.7
20260804T010050Z,24.8,82.2
20260804T010105Z,24.8,83.3
20260804T010120Z,24.8,83.8
20260804T010135Z,24.8,84.0
20260804T010150Z,24.9,84.3
20260804T010205Z,24.9,84.4
20260804T010220Z,24.9,84.5
20260804T010235Z,25.0,84.7
20260804T010250Z,25.0,84.9
20260804T010305Z,25.1,85.0
20260804T010320Z,25.1,85.4
20260804T010335Z,25.1,85.6
20260804T010350Z,25.2,85.9
20260804T010405Z,25.2,85.9
20260804T010420Z,25.3,86.0
20260804T010435Z,25.3,86.4
20260804T010450Z,25.3,86.6
20260804T010505Z,25.4,86.6
20260804T010520Z,25.4,86.7
20260804T010535Z,25.4,87.0
20260804T010550Z,25.5,86.9
20260804T010605Z,25.5,87.0
20260804T010620Z,25.5,87.2
20260804T010635Z,25.6,87.5
20260804T010650Z,25.6,87.4
20260804T010705Z,25.7,87.4
20260804T010720Z,25.7,87.6
20260804T010735Z,25.7,88.0
20260804T010750Z,25.7,87.9
20260804T010805Z,25.8,88.0
20260804T010820Z,25.8,88.2
20260804T010835Z,25.8,88.4
20260804T010850Z,25.8,88.5
20260804T010905Z,25.9,88.7
20260804T010920Z,25.9,88.9
20260804T010935Z,25.9,88.9
20260804T010950Z,25.9,89.2
20260804T011005Z,25.9,89.5
20260804T011020Z,25.9,89.3
20260804T011035Z,26.0,89.5
20260804T011050Z,26.0,89.6
20260804T011105Z,26.0,89.8
20260804T011120Z,26.0,89.9
20260804T011135Z,26.0,90.1
20260804T011150Z,26.0,90.1
20260804T011205Z,26.1,90.3
20260804T011220Z,26.1,90.4
20260804T011235Z,26.1,90.6
20260804T011250Z,26.1,90.4
20260804T011305Z,26.1,90.7
20260804T011320Z,26.1,90.9
20260804T011335Z,26.2,90.8
20260804T011350Z,26.2,90.9
20260804T011405Z,26.2,91.1
20260804T011420Z,26.2,91.1
20260804T011435Z,26.2,91.2
20260804T011450Z,26.2,91.2
20260804T011505Z,26.2,91.2
20260804T011520Z,26.2,90.5
20260804T011535Z,26.2,90.4
20260804T011550Z,26.2,88.6
20260804T011605Z,26.2,88.1
20260804T011620Z,26.1,87.8
20260804T011635Z,26.0,86.7
20260804T011650Z,25.9,86.5
20260804T011705Z,25.8,85.1
20260804T011720Z,25.7,84.5
20260804T011735Z,25.6,84.4
20260804T011750Z,25.5,83.8
20260804T011805Z,25.4,82.9
20260804T011820Z,25.2,83.0
20260804T011835Z,25.1,82.0
20260804T011850Z,25.0,81.4
20260804T011905Z,24.9,81.6
20260804T011920Z,24.8,79.9
20260804T011935Z,24.7,80.6
20260804T011950Z,24.7,79.9
20260804T012005Z,24.6,79.8
20260804T012020Z,24.6,78.8
20260804T012035Z,24.5,78.2
20260804T012050Z,24.5,77.7
20260804T012105Z,24.5,77.3
20260804T012120Z,24.4,76.4
20260804T012135Z,24.4,76.1
20260804T012150Z,24.3,75.0
20260804T012205Z,24.3,74.2
20260804T012220Z,24.2,74.0
20260804T012235Z,24.1,74.0
20260804T012250Z,24.1,76.3
20260804T012305Z,24.0,78.5
20260804T012320Z,24.0,80.5
20260804T012335Z,24.0,81.0
20260804T012350Z,24.0,81.4
20260804T012405Z,24.1,82.0
20260804T012420Z,24.1,82.1
20260804T012435Z,24.2,82.2
20260804T012450Z,24.2,82.5
20260804T012505Z,24.3,82.8
20260804T012520Z,24.3,83.3
20260804T012535Z,24.4,83.7
20260804T012550Z,24.4,83.8
20260804T012605Z,24.5,84.2
20260804T012620Z,24.6,84.4
20260804T012635Z,24.7,84.8
20260804T012650Z,24.7,85.1
20260804T012705Z,24.8,85.1
20260804T012720Z,24.8,85.6
20260804T012735Z,24.9,85.8
20260804T012750Z,24.9,86.1
20260804T012805Z,24.9,86.4
20260804T012820Z,25.0,86.7
20260804T012835Z,25.0,86.9
20260804T012850Z,25.0,87.2
20260804T012905Z,25.1,87.4
20260804T012920Z,25.1,87.6
20260804T012935Z,25.2,87.8
20260804T012950Z,25.2,88.2
20260804T013005Z,25.2,88.3
20260804T013020Z,25.3,88.5
20260804T013035Z,25.3,88.6
20260804T013050Z,25.3,88.7
20260804T013105Z,25.3,88.9
20260804T013120Z,25.4,89.0
20260804T013135Z,25.4,89.2
20260804T013150Z,25.4,89.3
20260804T013205Z,25.5,88.8
20260804T013220Z,25.5,89.1
20260804T013235Z,25.5,86.8
20260804T013250Z,25.5,86.5
20260804T013305Z,25.4,85.4
20260804T013320Z,25.3,84.8
20260804T013335Z,25.3,84.2
20260804T013350Z,25.2,83.5
20260804T013405Z,25.1,82.4
20260804T013420Z,25.0,81.9
20260804T013435Z,24.9,82.0
20260804T013450Z,24.8,81.2
20260804T013505Z,24.8,80.9
20260804T013520Z,24.7,79.9
20260804T013535Z,24.6,79.3
20260804T013550Z,24.6,78.7
20260804T013605Z,24.5,78.0
20260804T013620Z,24.4,77.7
20260804T013635Z,24.4,77.1
20260804T013650Z,24.3,76.8
20260804T013705Z,24.3,76.5
20260804T013720Z,24.2,75.5
20260804T013735Z,24.2,75.1
20260804T013750Z,24.1,74.1
20260804T013805Z,24.0,76.3
20260804T013820Z,24.0,78.5
20260804T013835Z,24.0,80.7
20260804T013850Z,24.0,81.5
20260804T013905Z,24.0,81.5
20260804T013920Z,24.1,82.3
20260804T013935Z,24.1,82.1
20260804T013950Z,24.2,82.6
20260804T014005Z,24.2,82.8
20260804T014020Z,24.3,83.0
20260804T014035Z,24.3,83.3
20260804T014050Z,24.4,83.8
20260804T014105Z,24.4,84.1
20260804T014120Z,24.5,83.9
20260804T014135Z,24.5,84.3
20260804T014150Z,24.6,84.9
20260804T014205Z,24.6,85.1
20260804T014220Z,24.7,85.3
20260804T014235Z,24.7,85.6
20260804T014250Z,24.8,85.8
20260804T014305Z,24.8,86.2
20260804T014320Z,24.8,86.4
20260804T014335Z,24.9,86.5
20260804T014350Z,24.9,86.8
20260804T014405Z,25.0,87.0
20260804T014420Z,25.0,87.3
20260804T014435Z,25.0,87.6
20260804T014450Z,25.1,87.8
20260804T014505Z,25.1,87.8
20260804T014520Z,25.1,88.1
20260804T014535Z,25.2,88.5
20260804T014550Z,25.2,88.5
20260804T014605Z,25.2,88.6
20260804T014620Z,25.3,88.8
20260804T014635Z,25.3,88.9
20260804T014650Z,25.3,89.2
20260804T014705Z,25.3,89.3
20260804T014720Z,25.4,89.4
20260804T014735Z,25.4,89.5
20260804T014750Z,25.4,89.6
20260804T014805Z,25.4,88.6
20260804T014820Z,25.5,88.6
20260804T014835Z,25.4,87.2
20260804T014850Z,25.4,86.9
20260804T014905Z,25.4,85.9
20260804T014920Z,25.3,84.7
20260804T014935Z,25.2,84.2
20260804T014950Z,25.1,83.7
20260804T015005Z,25.0,82.3
20260804T015020Z,24.9,82.1
20260804T015035Z,24.8,81.5
20260804T015050Z,24.7,81.5
20260804T015105Z,24.6,80.5
20260804T015120Z,24.6,80.3
20260804T015135Z,24.5,80.1
20260804T015150Z,24.4,79.2
20260804T015205Z,24.3,78.8
20260804T015220Z,24.2,78.1
20260804T015235Z,24.2,77.9
20260804T015250Z,24.1,77.4
20260804T015305Z,24.1,76.5
20260804T015320Z,24.0,76.3
20260804T015335Z,24.0,75.6
20260804T015350Z,24.0,77.9
20260804T015405Z,23.9,79.4
20260804T015420Z,24.0,81.6
20260804T015435Z,24.0,81.9
20260804T015450Z,24.0,82.5
20260804T015505Z,24.1,82.8
20260804T015520Z,24.1,82.9
20260804T015535Z,24.1,83.2
20260804T015550Z,24.2,83.7
20260804T015605Z,24.2,83.5
20260804T015620Z,24.3,83.9
20260804T015635Z,24.3,84.1
20260804T015650Z,24.4,84.3
20260804T015705Z,24.4,84.7
20260804T015720Z,24.5,84.9
20260804T015735Z,24.5,85.4
20260804T015750Z,24.6,85.4
20260804T015805Z,24.6,85.4
20260804T015820Z,24.7,85.7
20260804T015835Z,24.7,86.2
20260804T015850Z,24.8,86.4
20260804T015905Z,24.8,86.5
20260804T015920Z,24.9,87.1
20260804T015935Z,24.9,87.0
20260804T015950Z,24.9,87.4
20260804T020005Z,25.0,87.5
20260804T020020Z,25.0,87.8
20260804T020035Z,25.0,88.0
20260804T020050Z,25.1,88.1
20260804T020105Z,25.1,88.3
20260804T020120Z,25.2,88.5
20260804T020135Z,25.2,88.6
20260804T020150Z,25.2,88.9
20260804T020205Z,25.2,89.2
20260804T020220Z,25.2,89.1
20260804T020235Z,25.3,89.2
20260804T020250Z,25.3,89.4
20260804T020305Z,25.3,89.5
20260804T020320Z,25.4,89.7
20260804T020335Z,25.4,89.7
20260804T020350Z,25.4,89.8
20260804T020405Z,25.4,89.9
20260804T020420Z,25.5,89.3
20260804T020435Z,25.5,89.6
20260804T020450Z,25.5,87.5
20260804T020505Z,25.5,87.0
20260804T020520Z,25.4,86.1
20260804T020535Z,25.4,85.4
20260804T020550Z,25.3,84.6
20260804T020605Z,25.2,84.2
20260804T020620Z,25.1,83.2
20260804T020635Z,25.0,82.6
20260804T020650Z,24.9,82.4
20260804T020705Z,24.8,81.2
20260804T020720Z,24.7,80.8
20260804T020735Z,24.6,80.4
20260804T020750Z,24.5,80.1
20260804T020805Z,24.4,80.0
20260804T020820Z,24.3,79.1
20260804T020835Z,24.3,78.7
20260804T020850Z,24.2,78.7
20260804T020905Z,24.2,77.8
20260804T020920Z,24.1,76.9
20260804T020935Z,24.1,76.2
20260804T020950Z,24.0,75.8
20260804T021005Z,23.9,77.8
20260804T021020Z,23.9,80.1
20260804T021035Z,23.9,81.8
20260804T021050Z,23.9,82.9
20260804T021105Z,23.9,82.9
20260804T021120Z,24.0,83.3
20260804T021135Z,24.0,83.3
20260804T021150Z,24.1,83.9
20260804T021205Z,24.1,83.8
20260804T021220Z,24.1,84.3
20260804T021235Z,24.2,84.6
20260804T021250Z,24.2,84.7
20260804T021305Z,24.3,85.1
20260804T021320Z,24.3,85.3
20260804T021335Z,24.4,85.2
20260804T021350Z,24.5,85.9
20260804T021405Z,24.5,86.1
20260804T021420Z,24.6,86.2
20260804T021435Z,24.6,86.5
20260804T021450Z,24.7,86.5
20260804T021505Z,24.7,86.7
20260804T021520Z,24.8,87.0
20260804T021535Z,24.8,87.1
20260804T021550Z,24.8,87.5
20260804T021605Z,24.9,87.6
20260804T021620Z,24.9,87.7
20260804T021635Z,25.0,88.1
20260804T021650Z,25.0,88.2
20260804T021705Z,25.0,88.4
20260804T021720Z,25.1,88.4
20260804T021735Z,25.1,88.7
20260804T021750Z,25.1,88.9
20260804T021805Z,25.2,89.1
20260804T021820Z,25.2,89.2
20260804T021835Z,25.2,89.4
20260804T021850Z,25.2,89.4
20260804T021905Z,25.3,89.7
20260804T021920Z,25.3,89.7
20260804T021935Z,25.3,89.8
20260804T021950Z,25.3,89.9
20260804T022005Z,25.4,90.0
20260804T022020Z,25.4,90.1
20260804T022035Z,25.4,89.9
20260804T022050Z,25.5,89.9
20260804T022105Z,25.5,88.0
20260804T022120Z,25.4,87.2
20260804T022135Z,25.4,86.5
20260804T022150Z,25.3,85.7
20260804T022205Z,25.3,84.7
20260804T022220Z,25.2,84.1
20260804T022235Z,25.1,83.2
20260804T022250Z,25.0,82.4
20260804T022305Z,24.9,81.9
20260804T022320Z,24.8,81.7
20260804T022335Z,24.7,80.8
20260804T022350Z,24.6,80.6
20260804T022405Z,24.5,79.7
20260804T022420Z,24.4,79.4
20260804T022435Z,24.3,79.4
20260804T022450Z,24.2,78.8
20260804T022505Z,24.1,78.5
20260804T022520Z,24.0,77.9
20260804T022535Z,24.0,77.5
20260804T022550Z,23.9,76.7
20260804T022605Z,23.9,76.0
20260804T022620Z,23.9,77.5
20260804T022635Z,23.8,79.2
20260804T022650Z,23.8,81.7
20260804T022705Z,23.9,82.6
20260804T022720Z,23.9,82.9
20260804T022735Z,23.9,83.3
20260804T022750Z,24.0,83.3
20260804T022805Z,24.0,83.4
20260804T022820Z,24.1,83.8
20260804T022835Z,24.1,84.1
20260804T022850Z,24.2,84.4
20260804T022905Z,24.2,84.5
20260804T022920Z,24.3,84.8
20260804T022935Z,24.3,84.8
20260804T022950Z,24.4,85.0
20260804T023005Z,24.5,85.6
20260804T023020Z,24.5,86.0
20260804T023035Z,24.6,86.2
20260804T023050Z,24.6,86.4
20260804T023105Z,24.7,86.5
20260804T023120Z,24.7,86.9
20260804T023135Z,24.7,87.1
20260804T023150Z,24.8,87.3
20260804T023205Z,24.8,87.4
20260804T023220Z,24.9,87.7
20260804T023235Z,24.9,88.0
20260804T023250Z,24.9,88.3
20260804T023305Z,25.0,88.4
20260804T023320Z,25.0,88.5
20260804T023335Z,25.0,88.9
20260804T023350Z,25.1,88.9
20260804T023405Z,25.1,89.0
20260804T023420Z,25.1,89.1
20260804T023435Z,25.2,89.2
20260804T023450Z,25.2,89.4
20260804T023505Z,25.2,89.5
20260804T023520Z,25.2,89.7
20260804T023535Z,25.3,89.7
20260804T023550Z,25.3,89.9
20260804T023605Z,25.3,90.0
20260804T023620Z,25.4,90.1
20260804T023635Z,25.4,90.2
20260804T023650Z,25.4,89.8
20260804T023705Z,25.4,90.0
20260804T023720Z,25.4,88.2
20260804T023735Z,25.4,87.4
20260804T023750Z,25.4,86.8
20260804T023805Z,25.3,85.7
20260804T023820Z,25.3,84.7
20260804T023835Z,25.2,84.0
20260804T023850Z,25.1,83.2
20260804T023905Z,25.0,82.9
20260804T023920Z,24.9,82.3
20260804T023935Z,24.8,81.8
20260804T023950Z,24.7,81.1
20260804T024005Z,24.6,80.8
20260804T024020Z,24.5,80.4
20260804T024035Z,24.4,80.2
20260804T024050Z,24.3,79.3
20260804T024105Z,24.3,78.6
20260804T024120Z,24.2,77.8
20260804T024135Z,24.2,77.9
20260804T024150Z,24.1,76.9
20260804T024205Z,24.0,76.2
20260804T024220Z,24.0,76.0
20260804T024235Z,24.0,78.1
20260804T024250Z,23.9,80.7
20260804T024305Z,23.9,82.5
20260804T024320Z,24.0,82.8
20260804T024335Z,24.0,83.3
20260804T024350Z,24.0,83.7
20260804T024405Z,24.1,83.7
20260804T024420Z,24.2,84.3
20260804T024435Z,24.2,84.2
20260804T024450Z,24.3,84.9
20260804T024505Z,24.3,85.4
20260804T024520Z,24.4,85.5
20260804T024535Z,24.4,85.9
20260804T024550Z,24.5,86.2
20260804T024605Z,24.5,86.6
20260804T024620Z,24.6,86.8
20260804T024635Z,24.7,87.1
20260804T024650Z,24.7,87.2
20260804T024705Z,24.8,87.4
20260804T024720Z,24.8,87.8
20260804T024735Z,24.9,88.0
20260804T024751Z,24.9,88.1
20260804T024805Z,25.0,88.2
20260804T024821Z,25.0,88.4
20260804T024835Z,25.1,88.7
20260804T024851Z,25.1,88.6
20260804T024906Z,25.1,88.8
20260804T024921Z,25.2,89.0
20260804T024936Z,25.2,89.0
20260804T024951Z,25.3,89.5
20260804T025006Z,25.3,89.5
20260804T025021Z,25.3,89.6
20260804T025036Z,25.4,89.8
20260804T025051Z,25.4,89.3
20260804T025106Z,25.5,89.4
20260804T025121Z,25.5,87.7
20260804T025136Z,25.4,86.7
20260804T025151Z,25.4,86.1
20260804T025206Z,25.4,85.5
20260804T025221Z,25.3,84.9
20260804T025236Z,25.2,83.5
20260804T025251Z,25.2,82.8
20260804T025306Z,25.0,82.8
20260804T025321Z,25.0,81.9
20260804T025336Z,24.9,81.6
20260804T025351Z,24.8,81.0
20260804T025406Z,24.7,80.4
20260804T025421Z,24.6,79.6
20260804T025436Z,24.5,79.1
20260804T025451Z,24.5,78.9
20260804T025506Z,24.4,78.0
20260804T025521Z,24.3,77.4
20260804T025536Z,24.2,77.2
20260804T025551Z,24.2,76.6
20260804T025606Z,24.1,76.0
20260804T025621Z,24.0,75.7
20260804T025636Z,23.9,75.6
20260804T025651Z,23.9,75.1
20260804T025706Z,23.8,77.1
20260804T025721Z,23.8,79.0
20260804T025736Z,23.8,80.4
20260804T025751Z,23.8,81.6
20260804T025806Z,23.8,82.0
20260804T025821Z,23.9,82.4
20260804T025836Z,23.9,82.8
20260804T025851Z,24.0,82.7
20260804T025906Z,24.0,83.2
20260804T025921Z,24.1,83.6
20260804T025936Z,24.2,83.6
20260804T025951Z,24.2,84.1
20260804T030006Z,24.3,84.4
20260804T030021Z,24.3,84.7
20260804T030036Z,24.4,85.1
20260804T030051Z,24.4,85.3
20260804T030106Z,24.5,85.6
20260804T030121Z,24.5,85.9
20260804T030136Z,24.6,86.0
20260804T030151Z,24.6,86.8
20260804T030206Z,24.7,87.3
20260804T030221Z,24.8,87.4
20260804T030236Z,24.8,87.2
20260804T030251Z,24.9,87.4
20260804T030306Z,24.9,87.5
20260804T030321Z,25.0,87.8
20260804T030336Z,25.0,88.0
20260804T030351Z,25.0,88.2
20260804T030406Z,25.0,88.3
20260804T030421Z,25.1,88.5
20260804T030436Z,25.1,88.8
20260804T030451Z,25.1,88.9
20260804T030506Z,25.2,89.1
20260804T030521Z,25.2,89.0
20260804T030536Z,25.2,89.2
20260804T030551Z,25.2,89.5
20260804T030606Z,25.3,89.5
20260804T030621Z,25.3,89.7
20260804T030636Z,25.3,89.7
20260804T030651Z,25.3,89.7
20260804T030706Z,25.3,89.8
20260804T030721Z,25.4,89.5
20260804T030736Z,25.3,87.7
20260804T030751Z,25.3,87.0
20260804T030806Z,25.3,86.4
20260804T030821Z,25.2,85.5
20260804T030836Z,25.2,84.9
20260804T030851Z,25.1,84.2
20260804T030906Z,25.0,83.6
20260804T030921Z,24.9,82.9
20260804T030936Z,24.8,82.1
20260804T030951Z,24.6,81.8
20260804T031006Z,24.5,81.1
20260804T031021Z,24.4,80.4
20260804T031036Z,24.3,80.1
20260804T031051Z,24.1,80.1
20260804T031106Z,24.1,79.4
20260804T031121Z,24.0,79.2
20260804T031136Z,24.0,78.7
20260804T031151Z,23.9,78.0
20260804T031206Z,23.9,77.3
20260804T031221Z,23.8,76.9
20260804T031236Z,23.8,76.6
20260804T031251Z,23.7,76.0
20260804T031306Z,23.7,78.2
20260804T031321Z,23.7,80.0
20260804T031336Z,23.7,81.9
20260804T031351Z,23.7,82.4
20260804T031406Z,23.7,82.9
20260804T031421Z,23.8,83.3
20260804T031436Z,23.8,83.3
20260804T031451Z,23.9,83.6
20260804T031506Z,23.9,83.8
20260804T031521Z,24.0,84.0
20260804T031536Z,24.0,84.3
20260804T031551Z,24.1,84.7
20260804T031606Z,24.1,85.1
20260804T031621Z,24.2,85.2
20260804T031636Z,24.3,85.7
20260804T031651Z,24.3,85.9
20260804T031706Z,24.4,85.9
20260804T031721Z,24.4,86.4
20260804T031736Z,24.5,86.3
20260804T031751Z,24.5,86.7
20260804T031806Z,24.5,87.0
20260804T031821Z,24.6,86.9
20260804T031836Z,24.6,87.2
20260804T031851Z,24.7,87.4
20260804T031906Z,24.7,87.6
20260804T031921Z,24.7,87.8
20260804T031936Z,24.8,87.9
20260804T031951Z,24.8,88.2
20260804T032006Z,24.9,88.3
20260804T032021Z,24.9,88.4
20260804T032036Z,24.9,88.6
20260804T032051Z,25.0,88.7
20260804T032106Z,25.0,88.8
20260804T032121Z,25.0,89.0
20260804T032136Z,25.1,89.2
20260804T032151Z,25.1,89.1
20260804T032206Z,25.1,89.2
20260804T032221Z,25.1,89.5
20260804T032236Z,25.2,89.6
20260804T032251Z,25.2,89.5
20260804T032306Z,25.2,89.6
20260804T032321Z,25.3,89.7
20260804T032336Z,25.3,89.9
20260804T032351Z,25.3,89.9
20260804T032406Z,25.4,89.8
20260804T032421Z,25.4,89.4
20260804T032436Z,25.4,89.7
20260804T032451Z,25.4,87.6
20260804T032506Z,25.4,86.9
20260804T032521Z,25.3,86.1
20260804T032536Z,25.3,85.6
20260804T032551Z,25.2,84.5
20260804T032606Z,25.1,84.0
20260804T032621Z,25.0,83.1
20260804T032636Z,24.9,82.8
20260804T032651Z,24.8,82.3
20260804T032706Z,24.7,81.4
20260804T032721Z,24.6,81.4
20260804T032736Z,24.5,80.2
20260804T032751Z,24.3,80.0
20260804T032806Z,24.2,79.9
20260804T032821Z,24.2,79.2
20260804T032836Z,24.0,78.7
20260804T032851Z,24.0,78.4
20260804T032906Z,23.9,77.7
20260804T032921Z,23.9,77.1
20260804T032936Z,23.8,77.2
20260804T032951Z,23.7,76.7
20260804T033006Z,23.7,78.3
20260804T033021Z,23.7,80.4
20260804T033036Z,23.7,82.2
20260804T033051Z,23.7,83.1
20260804T033106Z,23.8,83.5
20260804T033121Z,23.8,83.7
20260804T033136Z,23.9,83.6
20260804T033151Z,23.9,84.0
20260804T033206Z,24.0,84.2
20260804T033221Z,24.0,84.4
20260804T033236Z,24.0,84.9
20260804T033251Z,24.1,85.3
20260804T033306Z,24.1,85.3
20260804T033321Z,24.2,85.6
20260804T033336Z,24.3,85.9
20260804T033351Z,24.3,86.3
20260804T033406Z,24.4,86.5
20260804T033421Z,24.4,86.6
20260804T033436Z,24.4,87.1
20260804T033451Z,24.5,87.2
20260804T033506Z,24.5,87.3
20260804T033521Z,24.6,87.6
20260804T033536Z,24.6,87.7
20260804T033551Z,24.7,87.7
20260804T033606Z,24.7,88.1
20260804T033621Z,24.7,88.1
20260804T033636Z,24.8,88.3
20260804T033651Z,24.8,88.5
20260804T033706Z,24.9,88.5
20260804T033721Z,24.9,88.8
20260804T033736Z,24.9,88.8
20260804T033751Z,25.0,89.0
20260804T033806Z,25.0,89.2
20260804T033821Z,25.1,89.1
20260804T033836Z,25.1,89.2
20260804T033851Z,25.1,89.3
20260804T033906Z,25.2,89.8
20260804T033921Z,25.2,89.6
20260804T033936Z,25.2,89.7
20260804T033951Z,25.3,89.8
20260804T034006Z,25.3,89.8
20260804T034021Z,25.3,89.9
20260804T034036Z,25.4,89.4
20260804T034051Z,25.4,88.1
20260804T034106Z,25.4,87.0
20260804T034121Z,25.4,86.3
20260804T034136Z,25.3,85.8
20260804T034151Z,25.3,84.5
20260804T034206Z,25.2,84.2
20260804T034221Z,25.1,83.4
20260804T034236Z,25.0,82.7
20260804T034251Z,25.0,82.2
20260804T034306Z,24.9,81.9
20260804T034321Z,24.8,80.8
20260804T034336Z,24.8,80.6
20260804T034351Z,24.7,80.0
20260804T034406Z,24.6,79.5
20260804T034421Z,24.5,78.9
20260804T034436Z,24.4,78.1
20260804T034451Z,24.4,77.5
20260804T034506Z,24.3,77.0
20260804T034521Z,24.2,76.7
20260804T034536Z,24.1,76.2
20260804T034551Z,24.1,75.4
20260804T034606Z,24.0,75.2
20260804T034621Z,23.9,75.0
20260804T034636Z,23.9,74.4
20260804T034651Z,23.8,74.0
20260804T034706Z,23.7,73.1
20260804T034721Z,23.7,72.9
20260804T034736Z,23.6,72.6
20260804T034751Z,23.6,74.7
20260804T034806Z,23.5,76.8
20260804T034821Z,23.5,78.9
20260804T034836Z,23.6,79.7
20260804T034851Z,23.6,80.4
20260804T034906Z,23.7,80.1
20260804T034921Z,23.7,80.8
20260804T034936Z,23.8,81.2
20260804T034951Z,23.9,81.4
20260804T035006Z,23.9,82.0
20260804T035021Z,24.0,82.2
20260804T035036Z,24.0,82.7
20260804T035051Z,24.1,83.1
20260804T035106Z,24.2,83.4
20260804T035121Z,24.2,83.8
20260804T035136Z,24.3,84.1
20260804T035151Z,24.3,84.3
20260804T035206Z,24.4,84.6
20260804T035221Z,24.4,85.1
20260804T035236Z,24.5,85.1
20260804T035251Z,24.5,85.6
20260804T035306Z,24.6,85.9
20260804T035321Z,24.7,86.0
20260804T035336Z,24.7,86.3
20260804T035351Z,24.7,86.7
20260804T035406Z,24.8,86.7
20260804T035421Z,24.8,87.0
20260804T035436Z,24.8,87.3
20260804T035451Z,24.9,87.4
20260804T035506Z,24.9,87.6
20260804T035521Z,25.0,87.8
20260804T035536Z,25.0,87.9
20260804T035551Z,25.0,88.2
20260804T035606Z,25.1,88.1
20260804T035621Z,25.1,88.4
20260804T035636Z,25.1,88.5
20260804T035651Z,25.2,88.5
20260804T035706Z,25.2,88.8
20260804T035721Z,25.3,88.0
20260804T035736Z,25.3,87.7
20260804T035751Z,25.3,86.1
20260804T035806Z,25.3,85.7
20260804T035821Z,25.2,85.0
20260804T035836Z,25.2,84.2
20260804T035851Z,25.1,83.4
20260804T035906Z,25.1,82.7
20260804T035921Z,25.0,82.2
20260804T035936Z,24.9,81.5
20260804T035951Z,24.8,80.9
20260804T040006Z,24.8,80.9
20260804T040021Z,24.7,79.6
20260804T040036Z,24.6,79.1
20260804T040051Z,24.5,78.7
20260804T040106Z,24.5,78.1
20260804T040121Z,24.4,77.6
20260804T040136Z,24.4,76.7
20260804T040151Z,24.3,76.3
20260804T040206Z,24.2,75.9
20260804T040221Z,24.1,75.7
20260804T040236Z,24.0,74.7
20260804T040251Z,24.0,74.7
20260804T040306Z,23.9,74.5
20260804T040321Z,23.9,73.3
20260804T040336Z,23.8,72.8
20260804T040351Z,23.7,72.5
20260804T040406Z,23.7,72.2
20260804T040421Z,23.6,73.5
20260804T040436Z,23.6,75.9
20260804T040451Z,23.6,78.4
20260804T040506Z,23.6,79.3
20260804T040521Z,23.6,79.7
20260804T040536Z,23.7,79.9
20260804T040551Z,23.7,80.5
20260804T040606Z,23.8,80.6
20260804T040621Z,23.9,81.3
20260804T040636Z,23.9,81.5
20260804T040651Z,24.0,81.9
20260804T040706Z,24.1,82.4
20260804T040721Z,24.1,82.7
20260804T040736Z,24.2,83.1
20260804T040751Z,24.3,83.5
20260804T040806Z,24.3,83.8
20260804T040821Z,24.4,84.1
20260804T040836Z,24.4,84.2
20260804T040851Z,24.5,84.6
20260804T040906Z,24.5,84.9
20260804T040921Z,24.6,85.3
20260804T040936Z,24.6,85.4
20260804T040951Z,24.7,85.8
20260804T041006Z,24.7,85.6
20260804T041021Z,24.7,86.1
20260804T041036Z,24.8,86.2
20260804T041051Z,24.8,86.4
20260804T041106Z,24.9,86.7
20260804T041121Z,24.9,86.8
20260804T041136Z,25.0,87.1
20260804T041151Z,25.0,87.4
20260804T041206Z,25.0,87.5
20260804T041221Z,25.1,87.6
20260804T041236Z,25.1,87.7
20260804T041251Z,25.1,87.9
20260804T041306Z,25.2,87.9
20260804T041321Z,25.2,88.0
20260804T041336Z,25.2,88.1
20260804T041351Z,25.3,88.0
20260804T041406Z,25.3,87.9
20260804T041421Z,25.3,85.8
20260804T041436Z,25.3,85.1
20260804T041451Z,25.3,84.8
20260804T041506Z,25.2,83.7
20260804T041521Z,25.1,82.6
20260804T041536Z,25.1,82.6
20260804T041551Z,25.0,81.9
20260804T041606Z,24.9,81.0
20260804T041621Z,24.8,80.7
20260804T041636Z,24.8,80.1
20260804T041651Z,24.7,79.2
20260804T041706Z,24.6,78.6
20260804T041721Z,24.5,78.3
20260804T041736Z,24.4,77.5
20260804T041751Z,24.3,76.8
20260804T041806Z,24.2,77.0
20260804T041821Z,24.1,76.5
20260804T041836Z,24.0,75.9
20260804T041851Z,24.0,75.3
20260804T041906Z,23.9,74.6
20260804T041921Z,23.8,74.1
20260804T041936Z,23.8,74.2
20260804T041951Z,23.7,74.1
20260804T042006Z,23.7,73.5
20260804T042021Z,23.6,73.0
20260804T042036Z,23.6,75.7
20260804T042051Z,23.6,78.0
20260804T042106Z,23.6,79.4
20260804T042121Z,23.6,79.9
20260804T042136Z,23.7,80.1
20260804T042151Z,23.7,80.7
20260804T042206Z,23.8,81.2
20260804T042221Z,23.9,81.4
20260804T042236Z,23.9,82.0
20260804T042251Z,24.0,81.8
20260804T042306Z,24.1,82.4
20260804T042321Z,24.1,82.9
20260804T042336Z,24.2,83.2
20260804T042351Z,24.2,83.4
20260804T042406Z,24.3,83.9
20260804T042421Z,24.3,84.1
20260804T042436Z,24.4,84.7
20260804T042451Z,24.5,84.6
20260804T042506Z,24.5,85.0
20260804T042521Z,24.6,85.3
20260804T042536Z,24.6,85.6
20260804T042551Z,24.7,85.7
20260804T042606Z,24.7,85.9
20260804T042621Z,24.7,86.1
20260804T042636Z,24.8,86.4
20260804T042651Z,24.8,86.8
20260804T042706Z,24.9,86.9
20260804T042721Z,24.9,87.1
20260804T042736Z,25.0,87.1
20260804T042751Z,25.0,87.4
20260804T042806Z,25.0,87.6
20260804T042821Z,25.1,87.7
20260804T042836Z,25.1,87.8
20260804T042851Z,25.2,87.9
20260804T042906Z,25.2,88.0
20260804T042921Z,25.2,88.1
20260804T042936Z,25.3,88.0
20260804T042951Z,25.3,87.8
20260804T043006Z,25.3,86.2
20260804T043021Z,25.3,85.3
20260804T043036Z,25.3,84.7
20260804T043051Z,25.2,84.1
20260804T043106Z,25.2,83.0
20260804T043121Z,25.1,82.5
20260804T043136Z,25.0,81.9
20260804T043151Z,25.0,81.5
20260804T043206Z,24.9,80.4
20260804T043221Z,24.8,80.4
20260804T043236Z,24.8,79.7
20260804T043251Z,24.7,78.9
20260804T043306Z,24.6,78.5
20260804T043321Z,24.6,78.2
20260804T043336Z,24.5,77.4
20260804T043351Z,24.5,76.9
20260804T043406Z,24.4,76.2
20260804T043421Z,24.4,75.7
20260804T043436Z,24.3,75.0
20260804T043451Z,24.2,74.4
20260804T043506Z,24.1,74.0
20260804T043521Z,24.1,73.6
20260804T043536Z,24.0,73.1
20260804T043551Z,23.9,72.6
20260804T043606Z,23.9,72.5
20260804T043621Z,23.8,72.2
20260804T043636Z,23.7,71.5
20260804T043651Z,23.6,71.0
20260804T043706Z,23.6,70.8
20260804T043721Z,23.5,71.6
20260804T043736Z,23.5,74.5
20260804T043751Z,23.5,76.9
20260804T043806Z,23.5,78.1
20260804T043821Z,23.6,78.6
20260804T043836Z,23.6,78.5
20260804T043851Z,23.7,79.1
20260804T043906Z,23.7,79.7
20260804T043921Z,23.8,80.0
20260804T043936Z,23.9,80.7
20260804T043951Z,23.9,80.8
20260804T044006Z,24.0,81.1
20260804T044021Z,24.0,81.7
20260804T044036Z,24.1,81.8
20260804T044051Z,24.1,82.3
20260804T044106Z,24.2,82.5
20260804T044121Z,24.3,82.8
20260804T044136Z,24.3,83.0
20260804T044151Z,24.4,83.7
20260804T044206Z,24.4,84.0
20260804T044221Z,24.5,84.0
20260804T044236Z,24.5,84.4
20260804T044251Z,24.6,84.8
20260804T044306Z,24.6,85.2
20260804T044321Z,24.7,85.3
20260804T044336Z,24.7,85.3
20260804T044351Z,24.8,85.7
20260804T044406Z,24.8,86.0
20260804T044421Z,24.9,86.0
20260804T044436Z,24.9,86.4
20260804T044451Z,24.9,86.3
20260804T044506Z,25.0,86.5
20260804T044521Z,25.0,86.8
20260804T044536Z,25.1,86.9
20260804T044551Z,25.1,87.0
20260804T044606Z,25.1,87.1
20260804T044621Z,25.2,87.2
20260804T044636Z,25.2,87.5
20260804T044651Z,25.3,87.5
20260804T044706Z,25.3,86.9
20260804T044721Z,25.3,85.8
20260804T044736Z,25.3,84.8
20260804T044751Z,25.3,84.4
20260804T044806Z,25.2,83.4
20260804T044821Z,25.2,82.5
20260804T044836Z,25.1,82.0
20260804T044851Z,25.1,81.4
20260804T044906Z,25.0,81.0
20260804T044921Z,24.9,80.1
20260804T044936Z,24.8,79.7
20260804T044951Z,24.8,79.5
20260804T045006Z,24.7,78.5
20260804T045021Z,24.6,78.1
20260804T045036Z,24.5,77.6
20260804T045051Z,24.5,77.1
20260804T045106Z,24.4,76.6
20260804T045121Z,24.3,76.2
20260804T045136Z,24.3,75.5
20260804T045151Z,24.2,75.1
20260804T045206Z,24.1,74.4
20260804T045221Z,24.1,74.0
20260804T045236Z,24.0,73.7
20260804T045251Z,23.9,73.0
20260804T045306Z,23.9,72.6
20260804T045321Z,23.8,72.3
20260804T045336Z,23.8,72.2
20260804T045351Z,23.7,71.6
20260804T045406Z,23.6,71.2
20260804T045421Z,23.6,70.4
20260804T045436Z,23.5,70.4
20260804T045451Z,23.5,72.8
20260804T045506Z,23.5,75.6
20260804T045521Z,23.5,77.2
20260804T045536Z,23.5,77.8
20260804T045551Z,23.6,78.3
20260804T045606Z,23.6,78.6
20260804T045621Z,23.7,79.1
20260804T045636Z,23.8,79.5
20260804T045651Z,23.8,79.9
20260804T045706Z,23.9,80.3
20260804T045721Z,23.9,81.0
20260804T045736Z,24.0,81.0
20260804T045751Z,24.1,81.5
20260804T045806Z,24.1,81.9
20260804T045821Z,24.2,82.5
20260804T045836Z,24.2,82.5
20260804T045851Z,24.3,83.0
20260804T045906Z,24.4,83.4
20260804T045921Z,24.4,83.5
20260804T045936Z,24.5,83.7
20260804T045951Z,24.5,84.1
20260804T050006Z,24.6,84.4
20260804T050021Z,24.6,84.6
20260804T050036Z,24.7,85.1
20260804T050051Z,24.7,85.2
20260804T050106Z,24.8,85.5
20260804T050121Z,24.8,85.6
20260804T050136Z,24.9,85.8
20260804T050151Z,24.9,86.0
20260804T050206Z,25.0,86.2
20260804T050221Z,25.0,86.3
20260804T050236Z,25.0,86.7
20260804T050251Z,25.1,86.7
20260804T050306Z,25.1,86.8
20260804T050321Z,25.2,87.0
20260804T050336Z,25.2,87.1
20260804T050351Z,25.2,87.2
20260804T050406Z,25.3,87.2
20260804T050421Z,25.3,86.4
20260804T050436Z,25.3,86.4
20260804T050451Z,25.3,84.5
20260804T050506Z,25.3,84.3
20260804T050521Z,25.3,83.1
20260804T050536Z,25.2,82.8
20260804T050551Z,25.2,81.9
20260804T050606Z,25.1,81.2
20260804T050621Z,25.0,80.8
20260804T050636Z,24.9,79.8
20260804T050651Z,24.9,80.1
20260804T050706Z,24.8,79.0
20260804T050721Z,24.7,78.5
20260804T050736Z,24.6,78.1
20260804T050751Z,24.6,78.1
20260804T050806Z,24.5,77.1
20260804T050821Z,24.4,76.7
20260804T050836Z,24.4,76.2
20260804T050851Z,24.3,75.6
20260804T050906Z,24.2,74.9
20260804T050921Z,24.2,74.5
20260804T050936Z,24.1,74.0
20260804T050951Z,24.1,73.8
20260804T051006Z,24.0,73.0
20260804T051021Z,23.9,72.0
20260804T051036Z,23.9,72.2
20260804T051051Z,23.8,71.7
20260804T051106Z,23.7,72.4
20260804T051121Z,23.7,74.6
20260804T051136Z,23.7,76.4
20260804T051151Z,23.7,78.3
20260804T051206Z,23.8,79.0
20260804T051221Z,23.8,79.5
20260804T051236Z,23.9,79.7
20260804T051251Z,23.9,80.0
20260804T051306Z,24.0,80.3
20260804T051321Z,24.0,80.6
20260804T051336Z,24.1,81.5
20260804T051351Z,24.2,82.0
20260804T051406Z,24.2,82.3
20260804T051421Z,24.3,82.6
20260804T051436Z,24.4,82.9
20260804T051451Z,24.4,83.2
20260804T051506Z,24.5,83.8
20260804T051521Z,24.5,83.9
20260804T051536Z,24.5,84.2
20260804T051551Z,24.6,84.4
20260804T051606Z,24.7,84.8
20260804T051621Z,24.7,84.7
20260804T051636Z,24.7,85.3
20260804T051651Z,24.8,85.4
20260804T051706Z,24.8,85.8
20260804T051721Z,24.9,85.8
20260804T051736Z,24.9,86.2
20260804T051751Z,24.9,86.2
20260804T051806Z,25.0,86.4
20260804T051821Z,25.0,86.6
20260804T051836Z,25.1,86.7
20260804T051851Z,25.1,86.9
20260804T051906Z,25.1,87.0
20260804T051921Z,25.2,87.1
20260804T051936Z,25.2,87.3
20260804T051951Z,25.3,87.3
20260804T052006Z,25.3,87.4
20260804T052021Z,25.4,87.7
20260804T052036Z,25.4,87.6
20260804T052051Z,25.4,87.7
20260804T052106Z,25.5,87.7
20260804T052121Z,25.5,88.2
20260804T052136Z,25.5,88.1
20260804T052151Z,25.6,88.2
20260804T052206Z,25.6,88.2
20260804T052221Z,25.7,88.3
20260804T052236Z,25.7,88.3
20260804T052251Z,25.8,88.4
20260804T052306Z,25.8,88.4
20260804T052321Z,25.8,88.4
20260804T052336Z,25.9,88.4
20260804T052351Z,25.9,88.4
20260804T052406Z,25.9,88.5
20260804T052421Z,26.0,88.6
20260804T052436Z,26.0,88.5
20260804T052451Z,26.0,88.5
20260804T052506Z,26.1,88.5
20260804T052521Z,26.1,88.5
20260804T052536Z,26.1,88.5
20260804T052551Z,26.2,88.5
20260804T052606Z,26.2,88.5
20260804T052621Z,26.2,88.5
20260804T052636Z,26.3,88.5
20260804T052651Z,26.3,88.5
20260804T052706Z,26.3,88.4
20260804T052721Z,26.3,88.4
20260804T052736Z,26.4,88.4
20260804T052751Z,26.4,88.5
20260804T052806Z,26.4,88.4
20260804T052821Z,26.4,88.4
20260804T052836Z,26.5,88.4
20260804T052851Z,26.5,88.4
20260804T052906Z,26.5,87.6
20260804T052921Z,26.5,86.7
20260804T052936Z,26.5,85.5
20260804T052951Z,26.4,85.3
20260804T053006Z,26.3,84.6
20260804T053021Z,26.2,83.8
20260804T053036Z,26.1,83.3
20260804T053051Z,26.0,82.8
20260804T053106Z,25.9,82.4
20260804T053121Z,25.8,82.0
20260804T053136Z,25.7,81.5
20260804T053151Z,25.6,81.0
20260804T053206Z,25.6,80.4
20260804T053221Z,25.5,80.2
20260804T053236Z,25.4,79.1
20260804T053251Z,25.3,78.8
20260804T053306Z,25.2,78.7
20260804T053321Z,25.1,78.1
20260804T053336Z,25.0,77.2
20260804T053351Z,24.9,77.3
20260804T053406Z,24.8,76.0
20260804T053421Z,24.7,75.4
20260804T053436Z,24.7,74.7
20260804T053451Z,24.6,74.7
20260804T053506Z,24.5,76.1
20260804T053521Z,24.4,78.4
20260804T053536Z,24.4,80.2
20260804T053551Z,24.4,81.8
20260804T053606Z,24.4,81.8
20260804T053621Z,24.5,82.3
20260804T053636Z,24.5,82.5
20260804T053651Z,24.6,83.2
20260804T053706Z,24.6,83.5
20260804T053721Z,24.7,84.0
20260804T053736Z,24.7,84.2
20260804T053751Z,24.8,84.5
20260804T053806Z,24.8,84.9
20260804T053821Z,24.9,85.2
20260804T053836Z,24.9,85.5
20260804T053851Z,25.0,85.8
20260804T053906Z,25.0,86.2
20260804T053921Z,25.1,86.2
20260804T053936Z,25.1,86.6
20260804T053951Z,25.2,86.8
20260804T054006Z,25.2,87.1
20260804T054021Z,25.3,87.3
20260804T054036Z,25.3,87.4
20260804T054051Z,25.3,87.6
20260804T054106Z,25.4,87.9
20260804T054121Z,25.4,87.9
20260804T054136Z,25.5,87.8
20260804T054151Z,25.5,88.2
20260804T054206Z,25.6,88.2
20260804T054221Z,25.6,88.4
20260804T054236Z,25.6,88.3
20260804T054251Z,25.7,88.6
20260804T054306Z,25.7,88.5
20260804T054321Z,25.8,88.7
20260804T054336Z,25.8,88.7
20260804T054351Z,25.8,88.8
20260804T054406Z,25.9,88.8
20260804T054421Z,25.9,88.8
20260804T054436Z,26.0,88.7
20260804T054451Z,26.0,88.7
20260804T054506Z,26.1,88.7
20260804T054521Z,26.1,88.9
20260804T054536Z,26.1,88.8
20260804T054551Z,26.2,88.8
20260804T054606Z,26.2,88.8
20260804T054621Z,26.2,88.8
20260804T054636Z,26.3,88.8
20260804T054651Z,26.3,88.8
20260804T054706Z,26.4,88.7
20260804T054721Z,26.4,88.8
20260804T054736Z,26.4,88.7
20260804T054751Z,26.5,88.7
20260804T054806Z,26.5,88.5
20260804T054821Z,26.5,88.5
20260804T054836Z,26.5,86.1
20260804T054851Z,26.5,85.8
20260804T054906Z,26.4,85.2
20260804T054921Z,26.3,84.7
20260804T054936Z,26.3,84.0
20260804T054951Z,26.2,83.1
20260804T055006Z,26.1,82.7
20260804T055021Z,26.0,82.1
20260804T055036Z,25.9,81.7
20260804T055051Z,25.8,81.3
20260804T055106Z,25.7,81.0
20260804T055121Z,25.6,80.0
20260804T055136Z,25.5,79.9
20260804T055151Z,25.4,78.5
20260804T055206Z,25.3,78.8
20260804T055221Z,25.3,77.7
20260804T055236Z,25.2,77.5
20260804T055251Z,25.1,76.7
20260804T055306Z,25.0,75.9
20260804T055321Z,24.9,75.9
20260804T055336Z,24.8,75.7
20260804T055351Z,24.7,75.4
20260804T055406Z,24.6,74.8
20260804T055421Z,24.5,76.6
20260804T055436Z,24.5,79.4
20260804T055451Z,24.5,81.0
20260804T055506Z,24.5,81.5
20260804T055521Z,24.5,82.3
20260804T055536Z,24.6,82.5
20260804T055551Z,24.6,83.3
20260804T055606Z,24.7,83.2
20260804T055621Z,24.7,83.6
20260804T055636Z,24.8,83.9
20260804T055651Z,24.8,84.2
20260804T055706Z,24.9,84.4
20260804T055721Z,25.0,85.1
20260804T055736Z,25.0,85.4
20260804T055751Z,25.1,85.7
20260804T055806Z,25.1,85.8
20260804T055821Z,25.2,86.1
20260804T055836Z,25.2,86.4
20260804T055851Z,25.3,86.6
20260804T055906Z,25.3,86.7
20260804T055921Z,25.4,87.1
20260804T055936Z,25.4,87.3
20260804T055951Z,25.5,87.2
20260804T060006Z,25.5,87.6
20260804T060021Z,25.6,87.6
20260804T060036Z,25.6,87.8
20260804T060051Z,25.7,88.0
20260804T060106Z,25.7,88.0
20260804T060121Z,25.8,88.4
20260804T060136Z,25.8,88.2
20260804T060151Z,25.8,88.5
20260804T060206Z,25.9,88.4
20260804T060221Z,25.9,88.5
20260804T060236Z,26.0,88.5
20260804T060251Z,26.0,88.6
20260804T060306Z,26.1,88.7
20260804T060321Z,26.1,88.6
20260804T060336Z,26.2,88.6
20260804T060351Z,26.2,88.7
20260804T060406Z,26.2,88.6
20260804T060421Z,26.3,88.6
20260804T060436Z,26.3,88.6
20260804T060451Z,26.4,88.6
20260804T060506Z,26.4,88.5
20260804T060521Z,26.5,88.6
20260804T060536Z,26.5,87.9
20260804T060551Z,26.5,88.1
20260804T060606Z,26.5,85.7
20260804T060621Z,26.4,85.5
20260804T060636Z,26.4,84.4
20260804T060651Z,26.3,84.2
20260804T060706Z,26.3,83.4
20260804T060721Z,26.2,83.4
20260804T060736Z,26.1,82.5
20260804T060751Z,26.0,82.2
20260804T060806Z,25.9,81.4
20260804T060821Z,25.8,80.8
20260804T060836Z,25.8,80.4
20260804T060851Z,25.7,79.5
20260804T060906Z,25.6,79.1
20260804T060921Z,25.5,78.8
20260804T060936Z,25.4,78.1
20260804T060951Z,25.4,78.0
20260804T061006Z,25.3,77.1
20260804T061021Z,25.2,76.8
20260804T061036Z,25.1,75.9
20260804T061051Z,25.1,75.2
20260804T061106Z,25.0,75.1
20260804T061121Z,24.9,74.4
20260804T061136Z,24.7,73.9
20260804T061151Z,24.7,73.7
20260804T061206Z,24.6,73.7
20260804T061221Z,24.5,76.4
20260804T061236Z,24.5,78.5
20260804T061251Z,24.5,80.6
20260804T061306Z,24.5,80.9
20260804T061321Z,24.6,81.3
20260804T061336Z,24.6,81.9
20260804T061351Z,24.7,82.2
20260804T061406Z,24.7,82.5
20260804T061421Z,24.8,82.7
20260804T061436Z,24.8,83.1
20260804T061451Z,24.9,83.4
20260804T061506Z,24.9,83.5
20260804T061521Z,25.0,84.0
20260804T061536Z,25.0,84.4
20260804T061551Z,25.1,84.9
20260804T061606Z,25.1,85.1
20260804T061621Z,25.2,85.5
20260804T061636Z,25.2,85.4
20260804T061651Z,25.3,85.8
20260804T061706Z,25.3,86.1
20260804T061721Z,25.4,86.2
20260804T061736Z,25.4,86.4
20260804T061751Z,25.4,86.6
20260804T061806Z,25.5,86.8
20260804T061821Z,25.5,87.2
20260804T061836Z,25.6,87.2
20260804T061851Z,25.6,87.3
20260804T061906Z,25.7,87.5
20260804T061921Z,25.7,87.5
20260804T061936Z,25.7,87.7
20260804T061951Z,25.8,87.8
20260804T062006Z,25.8,87.7
20260804T062021Z,25.8,88.0
20260804T062036Z,25.9,88.0
20260804T062051Z,25.9,88.2
20260804T062106Z,26.0,88.2
20260804T062121Z,26.0,88.2
20260804T062136Z,26.1,88.2
20260804T062151Z,26.1,88.2
20260804T062206Z,26.1,88.2
20260804T062221Z,26.2,88.3
20260804T062236Z,26.2,88.2
20260804T062251Z,26.2,88.3
20260804T062306Z,26.3,88.2
20260804T062321Z,26.3,88.3
20260804T062336Z,26.4,88.2
20260804T062351Z,26.4,88.3
20260804T062406Z,26.4,88.1
20260804T062421Z,26.4,87.9
20260804T062436Z,26.5,86.0
20260804T062451Z,26.4,85.2
20260804T062506Z,26.4,84.5
20260804T062521Z,26.3,84.4
20260804T062536Z,26.2,83.5
20260804T062551Z,26.2,83.0
20260804T062606Z,26.1,82.8
20260804T062621Z,26.0,81.8
20260804T062636Z,25.9,81.4
20260804T062651Z,25.8,80.5
20260804T062706Z,25.7,80.6
20260804T062721Z,25.6,80.1
20260804T062736Z,25.5,79.5
20260804T062751Z,25.4,79.1
20260804T062806Z,25.3,78.3
20260804T062821Z,25.3,77.6
20260804T062836Z,25.2,77.6
20260804T062851Z,25.1,76.5
20260804T062906Z,25.0,76.2
20260804T062921Z,25.0,76.0
20260804T062936Z,24.9,75.8
20260804T062951Z,24.8,75.6
20260804T063006Z,24.8,74.7
20260804T063021Z,24.7,74.3
20260804T063036Z,24.6,74.2
20260804T063051Z,24.6,73.6
20260804T063106Z,24.5,73.0
20260804T063121Z,24.5,73.5
20260804T063136Z,24.4,75.8
20260804T063151Z,24.4,77.5
20260804T063206Z,24.5,79.4
20260804T063221Z,24.5,79.8
20260804T063236Z,24.5,80.1
20260804T063251Z,24.6,80.8
20260804T063306Z,24.6,81.1
20260804T063321Z,24.7,81.6
20260804T063336Z,24.8,81.7
20260804T063351Z,24.8,82.4
20260804T063406Z,24.9,82.8
20260804T063421Z,24.9,83.0
20260804T063436Z,25.0,83.3
20260804T063451Z,25.0,83.8
20260804T063506Z,25.1,83.9
20260804T063521Z,25.2,84.2
20260804T063536Z,25.2,84.6
20260804T063551Z,25.3,85.0
20260804T063606Z,25.3,85.0
20260804T063621Z,25.4,85.3
20260804T063636Z,25.4,85.7
20260804T063651Z,25.5,85.7
20260804T063706Z,25.5,86.0
20260804T063721Z,25.5,85.9
20260804T063736Z,25.6,86.4
20260804T063751Z,25.7,86.4
20260804T063806Z,25.7,86.7
20260804T063821Z,25.7,86.9
20260804T063836Z,25.8,87.0
20260804T063851Z,25.8,87.2
20260804T063906Z,25.9,87.3
20260804T063921Z,25.9,87.3
20260804T063936Z,25.9,87.5
20260804T063951Z,26.0,87.5
20260804T064006Z,26.0,87.6
20260804T064021Z,26.1,87.7
20260804T064036Z,26.1,87.7
20260804T064051Z,26.2,87.7
20260804T064106Z,26.2,87.8
20260804T064121Z,26.3,87.8
20260804T064136Z,26.3,87.9
20260804T064151Z,26.3,87.8
20260804T064206Z,26.4,87.9
20260804T064221Z,26.4,87.7
20260804T064236Z,26.4,87.0
20260804T064251Z,26.5,86.1
20260804T064306Z,26.5,84.7
20260804T064321Z,26.4,84.0
20260804T064337Z,26.3,83.7
20260804T064351Z,26.3,83.2
20260804T064407Z,26.2,82.9
20260804T064421Z,26.1,81.9
20260804T064437Z,26.0,81.6
20260804T064452Z,25.9,80.9
20260804T064507Z,25.9,80.8
20260804T064522Z,25.8,80.2
20260804T064537Z,25.7,79.6
20260804T064552Z,25.6,79.1
20260804T064607Z,25.5,78.2
20260804T064622Z,25.4,77.9
20260804T064637Z,25.3,77.3
20260804T064652Z,25.2,77.2
20260804T064707Z,25.1,76.7
20260804T064722Z,25.1,75.7
20260804T064737Z,25.0,75.7
20260804T064752Z,24.9,75.3
20260804T064807Z,24.9,75.0
20260804T064822Z,24.8,74.7
20260804T064837Z,24.7,73.4
20260804T064852Z,24.7,73.4
20260804T064907Z,24.6,72.5
20260804T064922Z,24.5,72.5
20260804T064937Z,24.5,72.4
20260804T064952Z,24.4,73.0
20260804T065007Z,24.4,75.5
20260804T065022Z,24.4,77.2
20260804T065037Z,24.4,79.0
20260804T065052Z,24.5,79.2
20260804T065107Z,24.5,79.6
20260804T065122Z,24.6,80.3
20260804T065137Z,24.6,80.5
20260804T065152Z,24.7,80.9
20260804T065207Z,24.8,81.5
20260804T065222Z,24.8,81.7
20260804T065237Z,24.9,82.0
20260804T065252Z,24.9,82.5
20260804T065307Z,25.0,82.8
20260804T065322Z,25.1,83.3
20260804T065337Z,25.1,83.4
20260804T065352Z,25.2,83.8
20260804T065407Z,25.2,84.1
20260804T065422Z,25.3,84.4
20260804T065437Z,25.3,84.5
20260804T065452Z,25.4,84.8
20260804T065507Z,25.4,85.2
20260804T065522Z,25.5,85.2
20260804T065537Z,25.5,85.5
20260804T065552Z,25.6,85.7
20260804T065607Z,25.6,86.1
20260804T065622Z,25.7,86.1
20260804T065637Z,25.7,86.1
20260804T065652Z,25.7,86.5
20260804T065707Z,25.8,86.7
20260804T065722Z,25.8,86.8
20260804T065737Z,25.9,86.9
20260804T065752Z,25.9,86.8
20260804T065807Z,26.0,87.2
20260804T065822Z,26.0,87.2
20260804T065837Z,26.1,87.4
20260804T065852Z,26.1,87.5
20260804T065907Z,26.1,87.4
20260804T065922Z,26.2,87.4
20260804T065937Z,26.2,87.4
20260804T065952Z,26.3,87.4
20260804T070007Z,26.3,87.5
20260804T070022Z,26.4,87.4
20260804T070037Z,26.4,87.1
20260804T070052Z,26.5,87.2
20260804T070107Z,26.5,84.9
20260804T070122Z,26.4,84.3
20260804T070137Z,26.4,83.6
20260804T070152Z,26.3,82.9
20260804T070207Z,26.2,82.3
20260804T070222Z,26.2,82.4
20260804T070237Z,26.1,81.3
20260804T070252Z,26.0,81.0
20260804T070307Z,25.9,79.9
20260804T070322Z,25.8,79.9
20260804T070337Z,25.7,79.1
20260804T070352Z,25.6,78.8
20260804T070407Z,25.6,78.6
20260804T070422Z,25.5,77.9
20260804T070437Z,25.4,77.5
20260804T070452Z,25.3,77.4
20260804T070507Z,25.2,76.2
20260804T070522Z,25.1,75.9
20260804T070537Z,25.0,75.7
20260804T070552Z,25.0,75.1
20260804T070607Z,24.9,74.7
20260804T070622Z,24.8,74.0
20260804T070637Z,24.7,73.8
20260804T070652Z,24.7,73.7
20260804T070707Z,24.6,73.5
20260804T070722Z,24.6,73.0
20260804T070737Z,24.5,72.5
20260804T070752Z,24.5,72.5
20260804T070807Z,24.4,73.0
20260804T070822Z,24.4,75.1
20260804T070837Z,24.4,77.5
20260804T070852Z,24.4,78.0
20260804T070907Z,24.5,79.0
20260804T070922Z,24.5,79.2
20260804T070937Z,24.6,79.7
20260804T070952Z,24.7,79.8
20260804T071007Z,24.7,80.5
20260804T071022Z,24.8,81.3
20260804T071037Z,24.9,81.3
20260804T071052Z,24.9,82.0
20260804T071107Z,25.0,82.2
20260804T071122Z,25.1,82.7
20260804T071137Z,25.1,82.8
20260804T071152Z,25.2,83.5
20260804T071207Z,25.2,83.7
20260804T071222Z,25.3,84.0
20260804T071237Z,25.3,84.2
20260804T071252Z,25.4,84.6
20260804T071307Z,25.4,84.9
20260804T071322Z,25.4,84.8
20260804T071337Z,25.5,85.4
20260804T071352Z,25.5,85.4
20260804T071407Z,25.6,85.7
20260804T071422Z,25.6,85.8
20260804T071437Z,25.7,86.0
20260804T071452Z,25.7,86.3
20260804T071507Z,25.8,86.4
20260804T071522Z,25.8,86.4
20260804T071537Z,25.8,86.8
20260804T071552Z,25.9,86.7
20260804T071607Z,25.9,86.8
20260804T071622Z,25.9,87.1
20260804T071637Z,26.0,87.1
20260804T071652Z,26.0,87.1
20260804T071707Z,26.1,87.2
20260804T071722Z,26.1,87.4
20260804T071737Z,26.1,87.3
20260804T071752Z,26.2,87.4
20260804T071807Z,26.2,87.3
20260804T071822Z,26.3,87.4
20260804T071837Z,26.3,87.5
20260804T071852Z,26.3,87.5
20260804T071907Z,26.4,86.4
20260804T071922Z,26.4,86.3
20260804T071937Z,26.4,84.8
20260804T071952Z,26.3,84.5
20260804T072007Z,26.3,83.4
20260804T072022Z,26.3,82.7
20260804T072037Z,26.2,82.6
20260804T072052Z,26.1,82.1
20260804T072107Z,26.0,81.0
20260804T072122Z,26.0,80.8
20260804T072137Z,25.9,80.0
20260804T072152Z,25.8,79.4
20260804T072207Z,25.7,78.6
20260804T072222Z,25.7,78.1
20260804T072237Z,25.6,77.7
20260804T072252Z,25.5,77.5
20260804T072307Z,25.4,77.3
20260804T072322Z,25.3,76.3
20260804T072337Z,25.3,75.8
20260804T072352Z,25.2,75.4
20260804T072407Z,25.1,74.5
20260804T072422Z,25.0,74.5
20260804T072437Z,25.0,73.9
20260804T072452Z,24.9,73.8
20260804T072507Z,24.8,73.2
20260804T072522Z,24.8,72.4
20260804T072537Z,24.7,72.1
20260804T072552Z,24.6,71.8
20260804T072607Z,24.5,71.2
20260804T072622Z,24.5,73.9
20260804T072637Z,24.4,76.0
20260804T072652Z,24.4,77.8
20260804T072707Z,24.5,78.7
20260804T072722Z,24.5,78.8
20260804T072737Z,24.5,79.5
20260804T072752Z,24.6,79.7
20260804T072807Z,24.7,80.5
20260804T072822Z,24.7,81.0
20260804T072837Z,24.8,81.2
20260804T072852Z,24.8,81.6
20260804T072907Z,24.9,82.2
20260804T072922Z,25.0,82.4
20260804T072937Z,25.0,82.7
20260804T072952Z,25.1,83.1
20260804T073007Z,25.1,83.5
20260804T073022Z,25.2,83.6
20260804T073037Z,25.2,83.9
20260804T073052Z,25.3,84.2
20260804T073107Z,25.3,84.3
20260804T073122Z,25.4,84.8
20260804T073137Z,25.4,85.0
20260804T073152Z,25.4,85.4
20260804T073207Z,25.5,85.5
20260804T073222Z,25.5,85.8
20260804T073237Z,25.6,85.9
20260804T073252Z,25.6,86.2
20260804T073307Z,25.7,86.1
20260804T073322Z,25.7,86.4
20260804T073337Z,25.8,86.6
20260804T073352Z,25.8,86.8
20260804T073407Z,25.8,86.9
20260804T073422Z,25.9,86.8
20260804T073437Z,25.9,86.9
20260804T073452Z,26.0,87.0
20260804T073507Z,26.0,87.2
20260804T073522Z,26.1,87.2
20260804T073537Z,26.1,87.1
20260804T073552Z,26.1,87.3
20260804T073607Z,26.2,87.2
20260804T073622Z,26.2,87.3
20260804T073637Z,26.3,87.3
20260804T073652Z,26.3,87.4
20260804T073707Z,26.3,87.3
20260804T073722Z,26.4,86.4
20260804T073737Z,26.4,86.8
20260804T073752Z,26.4,84.9
20260804T073807Z,26.4,84.2
20260804T073822Z,26.3,83.7
20260804T073837Z,26.3,82.6
20260804T073852Z,26.2,82.3
20260804T073907Z,26.1,81.2
20260804T073922Z,26.0,81.2
20260804T073937Z,25.9,80.2
20260804T073952Z,25.8,80.1
20260804T074007Z,25.7,79.1
20260804T074022Z,25.7,79.2
20260804T074037Z,25.6,78.4
20260804T074052Z,25.5,78.1
20260804T074107Z,25.4,77.8
20260804T074122Z,25.3,76.7
20260804T074137Z,25.2,76.2
20260804T074152Z,25.1,75.8
20260804T074207Z,25.0,75.5
20260804T074222Z,24.9,75.8
20260804T074237Z,24.8,74.1
20260804T074252Z,24.7,74.4
20260804T074307Z,24.6,73.9
20260804T074322Z,24.5,73.4
20260804T074337Z,24.5,73.5
20260804T074352Z,24.4,73.0
20260804T074407Z,24.4,74.6
20260804T074422Z,24.3,77.4
20260804T074437Z,24.4,79.2
20260804T074452Z,24.4,80.6
20260804T074507Z,24.5,81.0
20260804T074522Z,24.5,80.8
20260804T074537Z,24.5,81.2
20260804T074552Z,24.6,81.7
20260804T074607Z,24.7,82.1
20260804T074622Z,24.8,82.4
20260804T074637Z,24.8,82.8
20260804T074652Z,24.9,83.2
20260804T074707Z,25.0,83.6
20260804T074722Z,25.0,83.7
20260804T074737Z,25.1,84.2
20260804T074752Z,25.2,84.6
20260804T074807Z,25.2,85.0
20260804T074822Z,25.3,84.9
20260804T074837Z,25.3,85.2
20260804T074852Z,25.4,85.6
20260804T074907Z,25.4,85.6
20260804T074922Z,25.5,86.0
20260804T074937Z,25.5,86.2
20260804T074952Z,25.6,86.4
20260804T075007Z,25.6,86.5
20260804T075022Z,25.7,86.5
20260804T075037Z,25.7,87.0
20260804T075052Z,25.8,87.3
20260804T075107Z,25.8,87.4
20260804T075122Z,25.9,87.3
20260804T075137Z,25.9,87.5
20260804T075152Z,26.0,87.8
20260804T075207Z,26.0,87.7
20260804T075222Z,26.1,87.8
20260804T075237Z,26.1,87.9
20260804T075252Z,26.2,88.1
20260804T075307Z,26.2,88.0
20260804T075322Z,26.2,88.1
20260804T075337Z,26.3,87.3
20260804T075352Z,26.3,86.2
20260804T075407Z,26.3,85.0
20260804T075422Z,26.2,84.3
20260804T075437Z,26.2,83.3
20260804T075452Z,26.1,83.3
20260804T075507Z,26.0,82.2
20260804T075522Z,25.9,81.9
20260804T075537Z,25.9,81.7
20260804T075552Z,25.8,80.7
20260804T075607Z,25.7,80.1
20260804T075622Z,25.6,79.8
20260804T075637Z,25.5,79.1
20260804T075652Z,25.5,78.8
20260804T075707Z,25.4,78.1
20260804T075722Z,25.3,77.8
20260804T075737Z,25.2,77.5
20260804T075752Z,25.2,76.2
20260804T075807Z,25.1,76.3
20260804T075822Z,25.0,76.1
20260804T075837Z,24.9,75.4
20260804T075852Z,24.9,75.1
20260804T075907Z,24.8,74.4
20260804T075922Z,24.8,74.1
20260804T075937Z,24.7,73.6
20260804T075952Z,24.7,73.0
20260804T080007Z,24.6,72.7
20260804T080022Z,24.6,72.4
20260804T080037Z,24.5,73.4
20260804T080052Z,24.5,75.5
20260804T080107Z,24.5,77.4
20260804T080122Z,24.5,78.5
20260804T080137Z,24.6,79.1
20260804T080152Z,24.6,79.4
20260804T080207Z,24.7,79.9
20260804T080222Z,24.7,80.3
20260804T080237Z,24.8,80.7
20260804T080252Z,24.8,81.2
20260804T080307Z,24.9,81.5
20260804T080322Z,25.0,81.8
20260804T080337Z,25.0,82.3
20260804T080352Z,25.1,82.7
20260804T080407Z,25.1,82.9
20260804T080422Z,25.2,83.3
20260804T080437Z,25.2,83.6
20260804T080452Z,25.3,84.1
20260804T080507Z,25.3,84.2
20260804T080522Z,25.4,84.4
20260804T080537Z,25.4,84.9
20260804T080552Z,25.5,85.0
20260804T080607Z,25.5,85.4
20260804T080622Z,25.6,85.6
20260804T080637Z,25.6,86.0
20260804T080652Z,25.7,86.0
20260804T080707Z,25.7,86.3
20260804T080722Z,25.8,86.3
20260804T080737Z,25.8,86.5
20260804T080752Z,25.8,86.7
20260804T080807Z,25.9,86.8
20260804T080822Z,25.9,86.9
20260804T080837Z,25.9,87.0
20260804T080852Z,26.0,87.2
20260804T080907Z,26.0,87.2
20260804T080922Z,26.1,87.2
20260804T080937Z,26.1,87.4
20260804T080952Z,26.1,87.4
20260804T081007Z,26.2,87.5
20260804T081022Z,26.2,87.4
20260804T081037Z,26.2,87.5
20260804T081052Z,26.3,87.4
20260804T081107Z,26.3,87.6
20260804T081122Z,26.4,87.5
20260804T081137Z,26.4,86.5
20260804T081152Z,26.4,86.2
20260804T081207Z,26.4,84.8
20260804T081222Z,26.3,84.4
20260804T081237Z,26.3,83.6
20260804T081252Z,26.2,82.9
20260804T081307Z,26.2,82.4
20260804T081322Z,26.1,81.3
20260804T081337Z,26.0,80.8
20260804T081352Z,25.9,80.2
20260804T081407Z,25.8,79.9
20260804T081422Z,25.7,79.5
20260804T081437Z,25.7,78.7
20260804T081452Z,25.6,78.3
20260804T081507Z,25.5,77.8
20260804T081522Z,25.4,77.5
20260804T081537Z,25.3,76.8
20260804T081552Z,25.3,76.4
20260804T081607Z,25.2,75.7
20260804T081622Z,25.1,75.8
20260804T081637Z,25.0,74.9
20260804T081652Z,25.0,74.6
20260804T081707Z,24.9,73.5
20260804T081722Z,24.8,73.1
20260804T081737Z,24.7,72.4
20260804T081752Z,24.6,72.6
20260804T081807Z,24.6,74.8
20260804T081822Z,24.5,77.2
20260804T081837Z,24.5,78.7
20260804T081852Z,24.5,79.9
20260804T081907Z,24.5,79.9
20260804T081922Z,24.6,80.9
20260804T081937Z,24.6,80.8
20260804T081952Z,24.7,81.2
20260804T082007Z,24.7,81.8
20260804T082022Z,24.7,82.2
20260804T082037Z,24.8,82.7
20260804T082052Z,24.9,83.0
20260804T082107Z,24.9,83.1
20260804T082122Z,25.0,83.8
20260804T082137Z,25.0,83.9
20260804T082152Z,25.1,84.0
20260804T082207Z,25.1,84.6
20260804T082222Z,25.2,84.8
20260804T082237Z,25.2,84.9
20260804T082252Z,25.3,85.0
20260804T082307Z,25.3,85.3
20260804T082322Z,25.4,85.8
20260804T082337Z,25.4,85.7
20260804T082352Z,25.5,86.0
20260804T082407Z,25.5,86.4
20260804T082422Z,25.5,86.4
20260804T082437Z,25.6,86.5
20260804T082452Z,25.6,86.8
20260804T082507Z,25.7,87.0
20260804T082522Z,25.7,87.0
20260804T082537Z,25.7,87.2
20260804T082552Z,25.8,87.3
20260804T082607Z,25.8,87.4
20260804T082622Z,25.9,87.4
20260804T082637Z,25.9,87.4
20260804T082652Z,26.0,87.5
20260804T082707Z,26.0,87.6
20260804T082722Z,26.1,87.6
20260804T082737Z,26.1,87.7
20260804T082752Z,26.1,87.6
20260804T082807Z,26.2,87.7
20260804T082822Z,26.2,87.7
20260804T082837Z,26.2,87.7
20260804T082852Z,26.3,87.7
20260804T082907Z,26.3,87.8
20260804T082922Z,26.4,87.8
20260804T082937Z,26.4,87.7
20260804T082952Z,26.4,87.5
20260804T083007Z,26.5,87.5
20260804T083022Z,26.5,85.3
20260804T083037Z,26.4,84.8
20260804T083052Z,26.4,84.3
20260804T083107Z,26.3,83.7
20260804T083122Z,26.2,82.7
20260804T083137Z,26.2,82.1
20260804T083152Z,26.1,81.5
20260804T083207Z,26.0,80.8
20260804T083222Z,25.9,81.2
20260804T083237Z,25.8,80.0
20260804T083252Z,25.7,79.5
20260804T083307Z,25.7,79.1
20260804T083322Z,25.6,78.5
20260804T083337Z,25.5,78.0
20260804T083352Z,25.4,77.5
20260804T083407Z,25.3,76.4
20260804T083422Z,25.2,75.8
20260804T083437Z,25.1,75.8
20260804T083452Z,25.0,75.5
20260804T083507Z,24.9,75.0
20260804T083522Z,24.8,74.6
20260804T083537Z,24.7,74.0
20260804T083552Z,24.6,73.6
20260804T083607Z,24.5,73.2
20260804T083622Z,24.4,72.7
20260804T083637Z,24.3,75.6
20260804T083652Z,24.3,77.7
20260804T083707Z,24.3,79.5
20260804T083722Z,24.3,80.4
20260804T083737Z,24.4,80.4
20260804T083752Z,24.4,81.0
20260804T083807Z,24.4,81.3
20260804T083822Z,24.5,81.7
20260804T083837Z,24.6,82.1
20260804T083852Z,24.6,82.6
20260804T083907Z,24.7,82.9
20260804T083922Z,24.8,83.2
20260804T083937Z,24.8,83.3
20260804T083952Z,24.9,83.9
20260804T084007Z,25.0,84.1
20260804T084022Z,25.0,84.3
20260804T084037Z,25.1,84.7
20260804T084052Z,25.1,85.0
20260804T084107Z,25.2,85.1
20260804T084122Z,25.2,85.3
20260804T084137Z,25.2,85.7
20260804T084152Z,25.3,85.9
20260804T084207Z,25.3,86.2
20260804T084222Z,25.4,86.2
20260804T084237Z,25.4,86.5
20260804T084252Z,25.5,86.5
20260804T084307Z,25.5,86.8
20260804T084322Z,25.5,86.8
20260804T084337Z,25.6,87.0
20260804T084352Z,25.6,87.1
20260804T084407Z,25.7,87.3
20260804T084422Z,25.7,87.3
20260804T084437Z,25.8,87.4
20260804T084452Z,25.8,87.6
20260804T084507Z,25.9,87.5
20260804T084522Z,25.9,87.5
20260804T084537Z,25.9,87.7
20260804T084552Z,26.0,87.8
20260804T084607Z,26.0,87.8
20260804T084622Z,26.1,87.8
20260804T084637Z,26.1,87.9
20260804T084652Z,26.2,87.9
20260804T084707Z,26.2,87.9
20260804T084722Z,26.3,87.9
20260804T084737Z,26.3,87.8
20260804T084752Z,26.3,87.8
20260804T084807Z,26.4,87.4
20260804T084822Z,26.4,87.5
20260804T084837Z,26.4,85.2
20260804T084852Z,26.4,84.9
20260804T084907Z,26.3,84.4
20260804T084922Z,26.3,83.5
20260804T084937Z,26.2,82.5
20260804T084952Z,26.2,82.1
20260804T085007Z,26.1,82.0
20260804T085022Z,26.0,81.0
20260804T085037Z,25.9,80.8
20260804T085052Z,25.8,80.1
20260804T085107Z,25.7,79.9
20260804T085122Z,25.7,79.0
20260804T085137Z,25.6,78.4
20260804T085152Z,25.5,78.1
20260804T085207Z,25.4,77.4
20260804T085222Z,25.3,76.6
20260804T085237Z,25.2,76.1
20260804T085252Z,25.1,75.4
20260804T085307Z,25.0,75.4
20260804T085322Z,24.9,75.2
20260804T085337Z,24.9,74.3
20260804T085352Z,24.8,74.0
20260804T085407Z,24.7,73.4
20260804T085422Z,24.6,73.4
20260804T085437Z,24.5,73.7
20260804T085452Z,24.5,76.5
20260804T085507Z,24.4,78.7
20260804T085522Z,24.4,80.4
20260804T085537Z,24.5,80.5
20260804T085552Z,24.5,80.6
20260804T085607Z,24.5,81.3
20260804T085622Z,24.6,81.9
20260804T085637Z,24.6,81.8
20260804T085652Z,24.7,82.6
20260804T085707Z,24.7,82.9
20260804T085722Z,24.8,82.9
20260804T085737Z,24.9,83.8
20260804T085752Z,24.9,83.7
20260804T085807Z,25.0,84.1
20260804T085822Z,25.1,84.6
20260804T085837Z,25.1,84.8
20260804T085852Z,25.1,84.9
20260804T085907Z,25.2,85.3
20260804T085922Z,25.2,85.6
20260804T085937Z,25.3,85.9
20260804T085952Z,25.3,85.9
20260804T090007Z,25.4,86.2
20260804T090022Z,25.4,86.3
20260804T090037Z,25.5,86.6
20260804T090052Z,25.5,86.7
20260804T090107Z,25.6,87.1
20260804T090122Z,25.6,87.1
20260804T090137Z,25.7,87.2
20260804T090152Z,25.7,87.4
20260804T090207Z,25.7,87.5
20260804T090222Z,25.8,87.5
20260804T090237Z,25.8,87.7
20260804T090252Z,25.9,87.7
20260804T090307Z,25.9,87.7
20260804T090322Z,26.0,87.8
20260804T090337Z,26.0,87.9
20260804T090352Z,26.0,87.9
20260804T090407Z,26.1,87.9
20260804T090422Z,26.1,88.0
20260804T090437Z,26.2,88.0
20260804T090452Z,26.2,87.9
20260804T090507Z,26.3,88.0
20260804T090522Z,26.3,87.9
20260804T090537Z,26.4,87.9
20260804T090552Z,26.4,87.6
20260804T090607Z,26.4,86.0
20260804T090622Z,26.4,85.0
20260804T090637Z,26.4,84.5
20260804T090652Z,26.3,83.4
20260804T090707Z,26.2,83.0
20260804T090722Z,26.2,82.7
20260804T090737Z,26.1,81.7
20260804T090752Z,26.0,81.3
20260804T090807Z,25.9,80.7
20260804T090822Z,25.8,79.9
20260804T090837Z,25.7,79.8
20260804T090852Z,25.6,79.2
20260804T090907Z,25.6,78.6
20260804T090922Z,25.5,78.0
20260804T090937Z,25.4,77.7
20260804T090952Z,25.3,77.2
20260804T091007Z,25.2,76.7
20260804T091022Z,25.1,76.4
20260804T091037Z,25.0,75.8
20260804T091052Z,24.9,75.4
20260804T091107Z,24.9,75.4
20260804T091122Z,24.8,74.8
20260804T091137Z,24.7,74.5
20260804T091152Z,24.7,74.2
20260804T091207Z,24.6,73.3
20260804T091222Z,24.6,72.9
20260804T091237Z,24.6,72.4
20260804T091252Z,24.5,74.2
20260804T091307Z,24.5,76.2
20260804T091322Z,24.4,77.7
20260804T091337Z,24.4,79.1
20260804T091352Z,24.5,79.7
20260804T091407Z,24.5,79.6
20260804T091422Z,24.5,79.8
20260804T091437Z,24.6,80.6
20260804T091452Z,24.6,81.0
20260804T091507Z,24.7,81.4
20260804T091522Z,24.7,81.7
20260804T091537Z,24.7,82.4
20260804T091552Z,24.8,83.0
20260804T091607Z,24.8,83.1
20260804T091622Z,24.9,83.5
20260804T091637Z,24.9,83.7
20260804T091652Z,25.0,84.0
20260804T091707Z,25.0,84.2
20260804T091722Z,25.1,84.5
20260804T091737Z,25.1,84.9
20260804T091752Z,25.1,85.2
20260804T091807Z,25.2,85.4
20260804T091822Z,25.2,85.7
20260804T091837Z,25.3,85.8
20260804T091852Z,25.3,86.0
20260804T091907Z,25.3,86.4
20260804T091922Z,25.4,86.4
20260804T091937Z,25.4,86.8
20260804T091952Z,25.5,86.8
20260804T092007Z,25.5,86.9
20260804T092022Z,25.6,87.1
20260804T092037Z,25.6,87.2
20260804T092052Z,25.6,87.3
20260804T092107Z,25.7,87.5
20260804T092122Z,25.7,87.5
20260804T092137Z,25.7,87.6
20260804T092152Z,25.8,87.6
20260804T092207Z,25.8,87.8
20260804T092222Z,25.9,87.9
20260804T092237Z,25.9,87.7
20260804T092252Z,25.9,87.8
20260804T092307Z,26.0,87.8
20260804T092322Z,26.0,87.9
20260804T092337Z,26.1,87.9
20260804T092352Z,26.1,87.9
20260804T092407Z,26.2,87.9
20260804T092422Z,26.2,87.9
20260804T092437Z,26.2,87.8
20260804T092452Z,26.3,87.9
20260804T092507Z,26.3,87.8
20260804T092522Z,26.3,87.8
20260804T092537Z,26.4,87.8
20260804T092552Z,26.4,87.8
20260804T092607Z,26.4,87.1
20260804T092622Z,26.4,86.0
20260804T092637Z,26.4,84.5
20260804T092652Z,26.3,84.8
20260804T092707Z,26.3,83.3
20260804T092722Z,26.2,83.2
20260804T092737Z,26.1,82.5
20260804T092752Z,26.0,81.9
20260804T092807Z,25.9,81.4
20260804T092822Z,25.9,81.0
20260804T092837Z,25.7,80.5
20260804T092852Z,25.7,79.4
20260804T092907Z,25.5,79.2
20260804T092922Z,25.4,79.0
20260804T092937Z,25.3,78.5
20260804T092952Z,25.3,77.1
20260804T093007Z,25.1,77.0
20260804T093022Z,25.0,76.9
20260804T093037Z,24.9,76.1
20260804T093052Z,24.8,76.1
20260804T093107Z,24.7,75.4
20260804T093122Z,24.6,75.5
20260804T093137Z,24.6,74.8
20260804T093152Z,24.5,74.6
20260804T093207Z,24.4,76.9
20260804T093222Z,24.4,79.0
20260804T093237Z,24.4,80.4
20260804T093252Z,24.4,81.4
20260804T093307Z,24.4,81.8
20260804T093322Z,24.5,82.1
20260804T093337Z,24.5,82.4
20260804T093352Z,24.6,82.8
20260804T093407Z,24.6,83.1
20260804T093422Z,24.7,83.3
20260804T093437Z,24.7,83.8
20260804T093452Z,24.8,84.0
20260804T093507Z,24.8,84.4
20260804T093522Z,24.9,84.7
20260804T093537Z,24.9,85.2
20260804T093552Z,25.0,85.2
20260804T093607Z,25.0,85.5
20260804T093622Z,25.1,85.8
20260804T093637Z,25.1,86.1
20260804T093652Z,25.2,86.1
20260804T093707Z,25.2,86.4
20260804T093722Z,25.3,86.7
20260804T093737Z,25.3,86.8
20260804T093752Z,25.3,87.1
20260804T093807Z,25.4,87.2
20260804T093822Z,25.4,87.2
20260804T093837Z,25.5,87.6
20260804T093852Z,25.5,87.7
20260804T093907Z,25.6,87.7
20260804T093922Z,25.6,87.8
20260804T093937Z,25.6,88.0
20260804T093952Z,25.7,88.0
20260804T094007Z,25.7,88.2
20260804T094022Z,25.7,88.2
20260804T094037Z,25.8,88.2
20260804T094052Z,25.8,88.3
20260804T094107Z,25.9,88.3
20260804T094122Z,25.9,88.4
20260804T094137Z,26.0,88.2
20260804T094152Z,26.0,88.4
20260804T094207Z,26.0,88.3
20260804T094222Z,26.1,88.4
20260804T094237Z,26.1,88.3
20260804T094252Z,26.2,88.3
20260804T094307Z,26.2,88.3
20260804T094322Z,26.2,88.2
20260804T094337Z,26.3,88.3
20260804T094352Z,26.3,88.3
20260804T094407Z,26.4,88.2
20260804T094422Z,26.4,88.3
20260804T094437Z,26.4,87.4
20260804T094452Z,26.4,86.5
20260804T094507Z,26.4,85.3
20260804T094522Z,26.3,85.3
20260804T094537Z,26.3,84.0
20260804T094552Z,26.2,83.9
20260804T094607Z,26.1,82.9
20260804T094622Z,26.0,82.8
20260804T094637Z,25.9,81.9
20260804T094652Z,25.8,81.6
20260804T094707Z,25.7,80.8
20260804T094722Z,25.6,80.1
20260804T094737Z,25.5,80.1
20260804T094752Z,25.4,79.1
20260804T094807Z,25.2,78.8
20260804T094822Z,25.1,77.9
20260804T094837Z,25.0,77.6
20260804T094852Z,24.9,77.4
20260804T094907Z,24.8,76.6
20260804T094922Z,24.7,76.7
20260804T094937Z,24.6,76.2
20260804T094952Z,24.5,75.3
20260804T095007Z,24.4,75.4
20260804T095022Z,24.4,76.8
20260804T095037Z,24.3,78.9
20260804T095052Z,24.3,80.9
20260804T095107Z,24.3,81.8
20260804T095122Z,24.4,82.3
20260804T095137Z,24.4,82.4
20260804T095152Z,24.5,82.5
20260804T095207Z,24.5,83.0
20260804T095222Z,24.6,83.5
20260804T095237Z,24.6,83.9
20260804T095252Z,24.7,84.1
20260804T095307Z,24.7,84.4
20260804T095322Z,24.8,85.0
20260804T095337Z,24.8,85.1
20260804T095352Z,24.9,85.4
20260804T095407Z,24.9,85.8
20260804T095422Z,25.0,85.9
20260804T095437Z,25.0,86.2
20260804T095452Z,25.1,86.7
20260804T095507Z,25.1,86.6
20260804T095522Z,25.2,86.8
20260804T095537Z,25.2,87.0
20260804T095552Z,25.2,87.4
20260804T095607Z,25.3,87.5
20260804T095622Z,25.3,87.6
20260804T095637Z,25.4,87.7
20260804T095652Z,25.4,88.0
20260804T095707Z,25.5,88.1
20260804T095722Z,25.5,88.2
20260804T095737Z,25.5,88.3
20260804T095752Z,25.6,88.4
20260804T095807Z,25.6,88.5
20260804T095822Z,25.7,88.6
20260804T095837Z,25.7,88.6
20260804T095852Z,25.7,88.7
20260804T095907Z,25.8,88.8
20260804T095922Z,25.8,88.7
20260804T095937Z,25.9,88.8
20260804T095952Z,25.9,88.9
20260804T100007Z,25.9,88.8
20260804T100022Z,26.0,88.8
20260804T100037Z,26.0,88.8
20260804T100052Z,26.0,88.7
20260804T100107Z,26.1,88.8
20260804T100122Z,26.1,88.8
20260804T100137Z,26.2,88.7
20260804T100152Z,26.2,88.7
20260804T100207Z,26.2,88.7
20260804T100222Z,26.3,88.7
20260804T100237Z,26.3,88.7
20260804T100252Z,26.4,88.5
20260804T100307Z,26.4,88.4
20260804T100322Z,26.4,86.4
20260804T100337Z,26.3,85.9
20260804T100352Z,26.3,85.0
20260804T100407Z,26.2,84.2
20260804T100422Z,26.1,83.3
20260804T100437Z,26.0,83.0
20260804T100452Z,25.9,82.3
20260804T100507Z,25.8,82.0
20260804T100522Z,25.6,81.2
20260804T100537Z,25.5,80.9
20260804T100552Z,25.4,80.0
20260804T100607Z,25.2,79.8
20260804T100622Z,25.1,79.2
20260804T100637Z,25.0,78.9
20260804T100652Z,24.9,78.9
20260804T100707Z,24.8,78.6
20260804T100722Z,24.7,77.7
20260804T100737Z,24.6,77.3
20260804T100752Z,24.5,76.6
20260804T100807Z,24.4,76.5
20260804T100822Z,24.3,76.2
20260804T100837Z,24.3,75.7
20260804T100852Z,24.3,77.6
20260804T100907Z,24.2,79.6
20260804T100922Z,24.2,81.5
20260804T100937Z,24.2,82.4
20260804T100952Z,24.3,82.6
20260804T101007Z,24.3,82.7
20260804T101022Z,24.4,83.0
20260804T101037Z,24.4,83.5
20260804T101052Z,24.5,83.9
20260804T101107Z,24.6,84.1
20260804T101122Z,24.6,84.6
20260804T101137Z,24.7,84.5
20260804T101152Z,24.7,85.1
20260804T101207Z,24.8,85.3
20260804T101222Z,24.8,85.5
20260804T101237Z,24.9,85.9
20260804T101252Z,24.9,86.1
20260804T101307Z,25.0,86.4
20260804T101322Z,25.0,86.6
20260804T101337Z,25.1,86.8
20260804T101352Z,25.1,86.9
20260804T101407Z,25.2,87.3
20260804T101422Z,25.2,87.5
20260804T101437Z,25.2,87.6
20260804T101452Z,25.3,87.8
20260804T101507Z,25.3,88.0
20260804T101522Z,25.4,88.0
20260804T101537Z,25.4,88.3
20260804T101552Z,25.4,88.5
20260804T101607Z,25.5,88.6
20260804T101622Z,25.5,88.6
20260804T101637Z,25.5,88.7
20260804T101652Z,25.6,88.8
20260804T101707Z,25.6,88.8
20260804T101722Z,25.7,88.9
20260804T101737Z,25.7,88.9
20260804T101752Z,25.8,89.0
20260804T101807Z,25.8,89.0
20260804T101822Z,25.8,89.0
20260804T101837Z,25.9,89.1
20260804T101852Z,25.9,89.0
20260804T101907Z,26.0,89.1
20260804T101922Z,26.0,89.0
20260804T101937Z,26.0,89.0
20260804T101952Z,26.1,89.1
20260804T102007Z,26.1,89.0
20260804T102022Z,26.1,89.0
20260804T102037Z,26.2,89.0
20260804T102052Z,26.2,88.9
20260804T102107Z,26.3,88.9
20260804T102122Z,26.3,88.9
20260804T102137Z,26.3,88.8
20260804T102152Z,26.4,88.8
20260804T102207Z,26.4,88.8
20260804T102222Z,26.4,88.1
20260804T102237Z,26.4,87.0
20260804T102252Z,26.3,85.5
20260804T102307Z,26.3,85.4
20260804T102322Z,26.2,84.5
20260804T102337Z,26.1,84.0
20260804T102352Z,26.0,83.1
20260804T102407Z,25.9,83.1
20260804T102422Z,25.8,82.1
20260804T102437Z,25.7,81.7
20260804T102452Z,25.5,81.2
20260804T102507Z,25.4,80.8
20260804T102522Z,25.3,79.9
20260804T102537Z,25.1,79.3
20260804T102552Z,25.0,79.7
20260804T102607Z,24.9,78.8
20260804T102622Z,24.8,78.4
20260804T102637Z,24.6,78.1
20260804T102652Z,24.5,77.6
20260804T102707Z,24.4,77.7
20260804T102722Z,24.3,77.1
20260804T102737Z,24.2,76.6
20260804T102752Z,24.1,76.1
20260804T102807Z,24.0,78.3
20260804T102822Z,24.0,79.8
20260804T102837Z,24.0,82.3
20260804T102852Z,24.1,82.9
20260804T102907Z,24.1,83.3
20260804T102922Z,24.2,83.6
20260804T102937Z,24.2,83.7
20260804T102952Z,24.3,84.1
20260804T103007Z,24.4,84.5
20260804T103022Z,24.4,84.5
20260804T103037Z,24.5,84.9
20260804T103052Z,24.6,85.2
20260804T103107Z,24.6,85.5
20260804T103122Z,24.7,85.8
20260804T103137Z,24.8,86.1
20260804T103152Z,24.8,86.2
20260804T103207Z,24.9,86.3
20260804T103222Z,24.9,86.8
20260804T103237Z,25.0,86.9
20260804T103252Z,25.0,87.1
20260804T103307Z,25.1,87.3
20260804T103322Z,25.1,87.4
20260804T103337Z,25.2,87.7
20260804T103352Z,25.2,88.1
20260804T103407Z,25.2,88.0
20260804T103422Z,25.3,88.1
20260804T103437Z,25.3,88.4
20260804T103452Z,25.4,88.5
20260804T103507Z,25.4,88.7
20260804T103522Z,25.4,88.8
20260804T103537Z,25.5,88.8
20260804T103552Z,25.5,89.0
20260804T103607Z,25.6,89.0
20260804T103622Z,25.6,89.1
20260804T103637Z,25.6,89.1
20260804T103652Z,25.7,89.2
20260804T103707Z,25.7,89.2
20260804T103722Z,25.8,89.2
20260804T103737Z,25.8,89.2
20260804T103752Z,25.8,89.2
20260804T103807Z,25.9,89.3
20260804T103822Z,25.9,89.2
20260804T103837Z,25.9,89.2
20260804T103852Z,26.0,89.2
20260804T103907Z,26.1,89.2
20260804T103922Z,26.1,89.2
20260804T103937Z,26.1,89.2
20260804T103952Z,26.2,89.2
20260804T104007Z,26.2,89.1
20260804T104022Z,26.2,89.1
20260804T104037Z,26.3,89.1
20260804T104052Z,26.3,89.1
20260804T104107Z,26.3,89.1
20260804T104122Z,26.3,89.0
20260804T104137Z,26.4,89.0
20260804T104152Z,26.4,88.1
20260804T104207Z,26.4,87.7
20260804T104222Z,26.4,86.3
20260804T104237Z,26.3,85.5
20260804T104253Z,26.3,85.0
20260804T104308Z,26.2,84.4
20260804T104323Z,26.1,84.1
20260804T104338Z,26.0,82.9
20260804T104353Z,25.9,81.9
20260804T104408Z,25.7,80.9
20260804T104423Z,25.6,81.3
20260804T104438Z,25.4,81.1
20260804T104453Z,25.3,80.4
20260804T104508Z,25.2,79.6
20260804T104523Z,25.0,79.8
20260804T104538Z,24.9,79.2
20260804T104553Z,24.8,79.5
20260804T104608Z,24.7,78.5
20260804T104623Z,24.6,77.6
20260804T104638Z,24.5,77.3
20260804T104653Z,24.3,77.1
20260804T104708Z,24.2,76.6
20260804T104723Z,24.2,77.8
20260804T104738Z,24.1,80.2
20260804T104753Z,24.1,82.0
20260804T104808Z,24.1,83.3
20260804T104823Z,24.2,83.8
20260804T104838Z,24.2,83.8
20260804T104853Z,24.3,83.7
20260804T104908Z,24.3,84.6
20260804T104923Z,24.4,84.5
20260804T104938Z,24.5,85.0
20260804T104953Z,24.5,85.3
20260804T105008Z,24.6,85.7
20260804T105023Z,24.7,85.9
20260804T105038Z,24.7,86.1
20260804T105053Z,24.8,86.2
20260804T105108Z,24.8,86.6
20260804T105123Z,24.9,86.7
20260804T105138Z,24.9,86.9
20260804T105153Z,25.0,87.2
20260804T105208Z,25.0,87.4
20260804T105223Z,25.1,87.6
20260804T105238Z,25.1,88.0
20260804T105253Z,25.2,88.0
20260804T105308Z,25.2,88.3
20260804T105323Z,25.3,88.5
20260804T105338Z,25.3,88.6
20260804T105353Z,25.3,88.7
20260804T105408Z,25.4,88.9
20260804T105423Z,25.4,89.0
20260804T105438Z,25.5,89.0
20260804T105453Z,25.5,89.2
20260804T105508Z,25.5,89.2
20260804T105523Z,25.6,89.4
20260804T105538Z,25.6,89.4
20260804T105553Z,25.7,89.5
20260804T105608Z,25.7,89.5
20260804T105623Z,25.7,89.5
20260804T105638Z,25.8,89.6
20260804T105653Z,25.8,89.6
20260804T105708Z,25.8,89.6
20260804T105723Z,25.9,89.6
20260804T105738Z,25.9,89.6
20260804T105753Z,26.0,89.6
20260804T105808Z,26.0,89.6
20260804T105823Z,26.0,89.6
20260804T105838Z,26.1,89.5
20260804T105853Z,26.1,89.5
20260804T105908Z,26.1,89.5
20260804T105923Z,26.2,89.5
20260804T105938Z,26.2,89.5
20260804T105953Z,26.2,89.5
20260804T110008Z,26.3,89.4
20260804T110023Z,26.3,89.4
20260804T110038Z,26.3,89.4
20260804T110053Z,26.4,89.4
20260804T110108Z,26.4,89.4
20260804T110123Z,26.4,88.8
20260804T110138Z,26.4,87.2
20260804T110153Z,26.4,86.5
20260804T110208Z,26.3,86.0
20260804T110223Z,26.3,85.1
20260804T110238Z,26.2,84.4
20260804T110253Z,26.1,84.1
20260804T110308Z,25.9,83.0
20260804T110323Z,25.8,82.8
20260804T110338Z,25.7,82.1
20260804T110353Z,25.6,81.5
20260804T110408Z,25.4,81.1
20260804T110423Z,25.3,80.3
20260804T110438Z,25.2,80.2
20260804T110453Z,25.0,79.5
20260804T110508Z,24.9,79.1
20260804T110523Z,24.8,78.7
20260804T110538Z,24.7,77.9
20260804T110553Z,24.5,78.0
20260804T110608Z,24.4,77.7
20260804T110623Z,24.3,77.6
20260804T110638Z,24.2,76.8
20260804T110653Z,24.1,77.1
20260804T110708Z,24.1,79.4
20260804T110723Z,24.1,81.7
20260804T110738Z,24.1,82.8
20260804T110753Z,24.1,83.4
20260804T110808Z,24.2,83.7
20260804T110823Z,24.2,84.1
20260804T110838Z,24.3,84.3
20260804T110853Z,24.4,84.7
20260804T110908Z,24.4,84.8
20260804T110923Z,24.5,85.2
20260804T110938Z,24.6,85.7
20260804T110953Z,24.6,85.9
20260804T111008Z,24.7,85.7
20260804T111023Z,24.7,86.2
20260804T111038Z,24.8,86.6
20260804T111053Z,24.8,86.9
20260804T111108Z,24.9,87.1
20260804T111123Z,24.9,87.2
20260804T111138Z,25.0,87.4
20260804T111153Z,25.0,87.7
20260804T111208Z,25.1,87.8
20260804T111223Z,25.1,88.1
20260804T111238Z,25.2,88.3
20260804T111253Z,25.2,88.4
20260804T111308Z,25.3,88.6
20260804T111323Z,25.3,88.7
20260804T111338Z,25.4,89.0
20260804T111353Z,25.4,89.0
20260804T111408Z,25.4,89.2
20260804T111423Z,25.5,89.3
20260804T111438Z,25.5,89.3
20260804T111453Z,25.5,89.5
20260804T111508Z,25.6,89.6
20260804T111523Z,25.6,89.8
20260804T111538Z,25.6,89.6
20260804T111553Z,25.7,89.7
20260804T111608Z,25.7,89.8
20260804T111623Z,25.8,89.8
20260804T111638Z,25.8,89.9
20260804T111653Z,25.8,89.8
20260804T111708Z,25.9,89.8
20260804T111723Z,25.9,89.8
20260804T111738Z,25.9,89.8
20260804T111753Z,26.0,89.8
20260804T111808Z,26.0,89.8
20260804T111823Z,26.1,89.8
20260804T111838Z,26.1,89.8
20260804T111853Z,26.1,89.7
20260804T111908Z,26.2,89.7
20260804T111923Z,26.2,89.7
20260804T111938Z,26.2,89.7
20260804T111953Z,26.2,89.7
20260804T112008Z,26.3,89.6
20260804T112023Z,26.3,89.6
20260804T112038Z,26.3,89.6
20260804T112053Z,26.4,89.6
20260804T112108Z,26.4,88.6
20260804T112123Z,26.4,88.3
20260804T112138Z,26.4,86.6
20260804T112153Z,26.3,86.5
20260804T112208Z,26.2,85.3
20260804T112223Z,26.1,84.9
20260804T112238Z,26.1,84.0
20260804T112253Z,25.9,84.1
20260804T112308Z,25.8,83.3
20260804T112323Z,25.7,82.4
20260804T112338Z,25.6,81.9
20260804T112353Z,25.5,81.7
20260804T112408Z,25.3,81.0
20260804T112423Z,25.2,80.5
20260804T112438Z,25.1,79.8
20260804T112453Z,24.9,79.7
20260804T112508Z,24.8,79.4
20260804T112523Z,24.7,79.2
20260804T112538Z,24.6,77.9
20260804T112553Z,24.5,78.0
20260804T112608Z,24.4,77.3
20260804T112623Z,24.3,77.2
20260804T112638Z,24.2,78.3
20260804T112653Z,24.1,80.5
20260804T112708Z,24.1,82.2
20260804T112723Z,24.1,83.4
20260804T112738Z,24.2,84.0
20260804T112753Z,24.2,84.1
20260804T112808Z,24.3,84.4
20260804T112823Z,24.4,84.7
20260804T112838Z,24.4,84.9
20260804T112853Z,24.5,85.1
20260804T112908Z,24.5,85.9
20260804T112923Z,24.6,86.0
20260804T112938Z,24.7,86.3
20260804T112953Z,24.7,86.6
20260804T113008Z,24.8,86.8
20260804T113023Z,24.8,87.0
20260804T113038Z,24.9,87.3
20260804T113053Z,24.9,87.5
20260804T113108Z,25.0,87.7
20260804T113123Z,25.0,87.9
20260804T113138Z,25.1,88.1
20260804T113153Z,25.1,88.1
20260804T113208Z,25.2,88.6
20260804T113223Z,25.2,88.7
20260804T113238Z,25.2,88.8
20260804T113253Z,25.3,88.9
20260804T113308Z,25.3,89.2
20260804T113323Z,25.4,89.4
20260804T113338Z,25.4,89.4
20260804T113353Z,25.4,89.6
20260804T113408Z,25.5,89.5
20260804T113423Z,25.5,89.7
20260804T113438Z,25.5,89.8
20260804T113453Z,25.6,89.9
20260804T113508Z,25.6,89.9
20260804T113523Z,25.6,90.0
20260804T113538Z,25.7,90.0
20260804T113553Z,25.7,90.0
20260804T113608Z,25.8,90.1
20260804T113623Z,25.8,90.2
20260804T113638Z,25.8,90.1
20260804T113653Z,25.9,90.1
20260804T113708Z,25.9,90.1
20260804T113723Z,25.9,90.1
20260804T113738Z,26.0,90.1
20260804T113753Z,26.0,90.1
20260804T113808Z,26.1,90.1
20260804T113823Z,26.1,90.1
20260804T113838Z,26.1,90.0
20260804T113853Z,26.2,90.0
20260804T113908Z,26.2,90.0
20260804T113923Z,26.2,89.9
20260804T113938Z,26.3,90.0
20260804T113953Z,26.3,89.9
20260804T114008Z,26.3,89.9
20260804T114023Z,26.4,89.8
20260804T114038Z,26.4,89.7
20260804T114053Z,26.4,89.6
20260804T114108Z,26.4,87.5
20260804T114123Z,26.4,86.9
20260804T114138Z,26.3,86.2
20260804T114153Z,26.2,85.6
20260804T114208Z,26.1,84.5
20260804T114223Z,26.0,84.0
20260804T114238Z,25.9,83.2
20260804T114253Z,25.8,82.7
20260804T114308Z,25.6,82.3
20260804T114323Z,25.5,81.7
20260804T114338Z,25.3,81.5
20260804T114353Z,25.2,80.8
20260804T114408Z,25.1,80.6
20260804T114423Z,24.9,80.1
20260804T114438Z,24.8,79.5
20260804T114453Z,24.7,79.2
20260804T114508Z,24.6,78.4
20260804T114523Z,24.5,78.8
20260804T114538Z,24.3,77.6
20260804T114553Z,24.3,77.5
20260804T114608Z,24.2,77.3
20260804T114623Z,24.1,79.6
20260804T114638Z,24.0,81.3
20260804T114653Z,24.0,83.2
20260804T114708Z,24.1,84.3
20260804T114723Z,24.1,84.5
20260804T114738Z,24.2,84.4
20260804T114753Z,24.3,84.7
20260804T114808Z,24.3,85.5
20260804T114823Z,24.4,85.5
20260804T114838Z,24.4,85.7
20260804T114853Z,24.5,86.1
20260804T114908Z,24.6,86.3
20260804T114923Z,24.7,86.6
20260804T114938Z,24.7,86.9
20260804T114953Z,24.8,87.1
20260804T115008Z,24.9,87.5
20260804T115023Z,24.9,87.6
20260804T115038Z,25.0,87.7
20260804T115053Z,25.0,88.0
20260804T115108Z,25.0,88.3
20260804T115123Z,25.1,88.4
20260804T115138Z,25.2,88.5
20260804T115153Z,25.2,88.9
20260804T115208Z,25.2,89.1
20260804T115223Z,25.3,89.2
20260804T115238Z,25.3,89.0
20260804T115253Z,25.4,89.4
20260804T115308Z,25.4,89.6
20260804T115323Z,25.4,89.8
20260804T115338Z,25.5,89.9
20260804T115353Z,25.5,89.9
20260804T115408Z,25.5,90.0
20260804T115423Z,25.6,90.2
20260804T115438Z,25.6,90.1
20260804T115453Z,25.6,90.3
20260804T115508Z,25.7,90.3
20260804T115523Z,25.7,90.3
20260804T115538Z,25.7,90.4
20260804T115553Z,25.8,90.4
20260804T115608Z,25.8,90.4
20260804T115623Z,25.8,90.4
20260804T115638Z,25.9,90.5
20260804T115653Z,25.9,90.4
20260804T115708Z,26.0,90.3
20260804T115723Z,26.0,90.3
20260804T115738Z,26.0,90.3
20260804T115753Z,26.1,90.3
20260804T115808Z,26.1,90.2
20260804T115823Z,26.1,90.2
20260804T115838Z,26.2,90.2
20260804T115853Z,26.2,90.1
20260804T115908Z,26.2,90.1
20260804T115923Z,26.3,90.1
20260804T115938Z,26.3,90.1
20260804T115953Z,26.3,90.1
20260804T120008Z,26.4,90.0
20260804T120023Z,26.4,90.0
20260804T120038Z,26.4,89.8
20260804T120053Z,26.4,87.3
20260804T120108Z,26.4,86.9
20260804T120123Z,26.3,86.1
20260804T120138Z,26.2,85.6
20260804T120153Z,26.1,84.8
20260804T120208Z,26.0,84.7
20260804T120223Z,25.9,83.4
20260804T120238Z,25.8,83.5
20260804T120253Z,25.8,82.7
20260804T120308Z,25.6,82.3
20260804T120323Z,25.5,82.0
20260804T120338Z,25.4,81.1
20260804T120353Z,25.3,80.9
20260804T120408Z,25.2,80.7
20260804T120423Z,25.1,79.4
20260804T120438Z,25.0,79.2
20260804T120453Z,24.9,79.0
20260804T120508Z,24.9,78.5
20260804T120523Z,24.8,78.3
20260804T120538Z,24.7,77.6
20260804T120553Z,24.6,77.2
20260804T120608Z,24.6,76.9
20260804T120623Z,24.5,76.2
20260804T120638Z,24.4,75.4
20260804T120653Z,24.3,75.6
20260804T120708Z,24.3,78.2
20260804T120723Z,24.2,79.9
20260804T120738Z,24.2,81.5
20260804T120753Z,24.3,82.2
20260804T120808Z,24.3,82.6
20260804T120823Z,24.4,82.6
20260804T120838Z,24.4,83.1
20260804T120853Z,24.5,83.5
20260804T120908Z,24.6,84.2
20260804T120923Z,24.6,84.5
20260804T120938Z,24.7,84.6
20260804T120953Z,24.7,85.1
20260804T121008Z,24.8,85.5
20260804T121023Z,24.8,85.6
20260804T121038Z,24.9,86.0
20260804T121053Z,25.0,86.3
20260804T121108Z,25.0,86.5
20260804T121123Z,25.1,86.7
20260804T121138Z,25.1,87.0
20260804T121153Z,25.2,87.3
20260804T121208Z,25.2,87.6
20260804T121223Z,25.3,87.8
20260804T121238Z,25.3,87.9
20260804T121253Z,25.3,88.1
20260804T121308Z,25.4,88.2
20260804T121323Z,25.4,88.5
20260804T121338Z,25.5,88.7
20260804T121353Z,25.5,89.0
20260804T121408Z,25.5,89.1
20260804T121423Z,25.6,89.3
20260804T121438Z,25.6,89.4
20260804T121453Z,25.6,89.6
20260804T121508Z,25.7,89.7
20260804T121523Z,25.7,89.9
20260804T121538Z,25.8,89.9
20260804T121553Z,25.8,90.1
20260804T121608Z,25.8,90.0
20260804T121623Z,25.9,90.3
20260804T121638Z,25.9,90.2
20260804T121653Z,25.9,90.3
20260804T121708Z,26.0,90.3
20260804T121723Z,26.0,90.4
20260804T121738Z,26.0,90.3
20260804T121753Z,26.1,90.4
20260804T121808Z,26.1,90.4
20260804T121823Z,26.2,90.4
20260804T121838Z,26.2,90.3
20260804T121853Z,26.2,90.3
20260804T121908Z,26.3,90.2
20260804T121923Z,26.3,90.3
20260804T121938Z,26.3,90.3
20260804T121953Z,26.4,90.3
20260804T122008Z,26.4,89.7
20260804T122023Z,26.4,89.6
20260804T122038Z,26.4,87.4
20260804T122053Z,26.4,87.0
20260804T122108Z,26.3,86.3
20260804T122123Z,26.2,85.2
20260804T122138Z,26.1,85.1
20260804T122153Z,26.1,84.4
20260804T122208Z,26.0,83.6
20260804T122223Z,25.9,83.0
20260804T122238Z,25.8,82.4
20260804T122253Z,25.6,81.7
20260804T122308Z,25.5,80.9
20260804T122323Z,25.4,81.1
20260804T122338Z,25.3,80.3
20260804T122353Z,25.2,81.0
20260804T122408Z,25.1,79.6
20260804T122423Z,24.9,79.1
20260804T122438Z,24.9,79.5
20260804T122453Z,24.8,78.7
20260804T122508Z,24.7,77.7
20260804T122523Z,24.6,77.4
20260804T122538Z,24.4,77.4
20260804T122553Z,24.3,77.1
20260804T122608Z,24.3,76.6
20260804T122623Z,24.2,75.7
20260804T122638Z,24.1,75.2
20260804T122653Z,24.0,76.9
20260804T122708Z,24.0,78.9
20260804T122723Z,24.0,81.2
20260804T122738Z,24.0,81.8
20260804T122753Z,24.0,82.3
20260804T122808Z,24.1,82.6
20260804T122823Z,24.2,83.3
20260804T122838Z,24.3,83.4
20260804T122853Z,24.3,83.8
20260804T122908Z,24.4,84.3
20260804T122923Z,24.5,84.5
20260804T122938Z,24.5,84.7
20260804T122953Z,24.6,85.2
20260804T123008Z,24.7,85.4
20260804T123023Z,24.8,85.9
20260804T123038Z,24.8,86.0
20260804T123053Z,24.9,86.3
20260804T123108Z,24.9,86.6
20260804T123123Z,25.0,86.8
20260804T123138Z,25.0,87.1
20260804T123153Z,25.1,87.3
20260804T123208Z,25.2,87.6
20260804T123223Z,25.2,87.7
20260804T123238Z,25.2,88.1
20260804T123253Z,25.3,88.2
20260804T123308Z,25.3,88.3
20260804T123323Z,25.3,88.7
20260804T123338Z,25.4,88.6
20260804T123353Z,25.4,88.9
20260804T123408Z,25.5,89.2
20260804T123423Z,25.5,89.3
20260804T123438Z,25.6,89.3
20260804T123453Z,25.6,89.6
20260804T123508Z,25.6,89.5
20260804T123523Z,25.7,89.7
20260804T123538Z,25.7,89.8
20260804T123553Z,25.7,89.8
20260804T123608Z,25.8,89.9
20260804T123623Z,25.8,90.0
20260804T123638Z,25.9,90.1
20260804T123653Z,25.9,90.1
20260804T123708Z,25.9,90.3
20260804T123723Z,26.0,90.2
20260804T123738Z,26.0,90.2
20260804T123753Z,26.0,90.3
20260804T123808Z,26.1,90.3
20260804T123823Z,26.1,90.3
20260804T123838Z,26.1,90.3
20260804T123853Z,26.2,90.2
20260804T123908Z,26.2,90.3
20260804T123923Z,26.3,90.2
20260804T123938Z,26.3,90.2
20260804T123953Z,26.3,90.2
20260804T124008Z,26.4,90.2
20260804T124023Z,26.4,90.1
20260804T124038Z,26.4,89.6
20260804T124053Z,26.4,89.4
20260804T124108Z,26.4,87.1
20260804T124123Z,26.4,86.5
20260804T124138Z,26.3,85.7
20260804T124153Z,26.2,85.4
20260804T124208Z,26.1,84.5
20260804T124223Z,26.0,84.2
20260804T124238Z,25.9,83.3
20260804T124253Z,25.8,83.0
20260804T124308Z,25.6,82.4
20260804T124323Z,25.5,81.9
20260804T124338Z,25.4,81.4
20260804T124353Z,25.3,80.4
20260804T124408Z,25.2,80.8
20260804T124423Z,25.1,80.3
20260804T124438Z,25.0,79.3
20260804T124453Z,24.9,78.9
20260804T124508Z,24.8,78.1
20260804T124523Z,24.6,78.2
20260804T124538Z,24.5,77.2
20260804T124553Z,24.4,77.1
20260804T124608Z,24.4,76.9
20260804T124623Z,24.3,76.8
20260804T124638Z,24.2,76.5
20260804T124653Z,24.2,76.5
20260804T124708Z,24.2,78.3
20260804T124723Z,24.1,80.4
20260804T124738Z,24.2,81.7
20260804T124753Z,24.2,82.3
20260804T124808Z,24.3,82.8
20260804T124823Z,24.3,83.0
20260804T124838Z,24.4,83.5
20260804T124853Z,24.4,83.8
20260804T124908Z,24.5,83.9
20260804T124923Z,24.5,84.3
20260804T124938Z,24.6,84.7
20260804T124953Z,24.7,85.0
20260804T125008Z,24.7,85.4
20260804T125023Z,24.8,85.8
20260804T125038Z,24.8,86.2
20260804T125053Z,24.9,86.2
20260804T125108Z,25.0,86.7
20260804T125123Z,25.0,86.8
20260804T125138Z,25.1,86.9
20260804T125153Z,25.1,87.4
20260804T125208Z,25.2,87.4
20260804T125223Z,25.2,87.7
20260804T125238Z,25.3,87.8
20260804T125253Z,25.3,88.1
20260804T125308Z,25.3,88.2
20260804T125323Z,25.4,88.5
20260804T125338Z,25.4,88.7
20260804T125353Z,25.5,88.8
20260804T125408Z,25.5,89.0
20260804T125423Z,25.5,89.0
20260804T125438Z,25.6,89.1
20260804T125453Z,25.6,89.2
20260804T125508Z,25.7,89.4
20260804T125523Z,25.7,89.6
20260804T125538Z,25.7,89.5
20260804T125553Z,25.8,89.7
20260804T125608Z,25.8,89.8
20260804T125623Z,25.8,89.8
20260804T125638Z,25.9,89.8
20260804T125653Z,25.9,89.8
20260804T125708Z,26.0,89.8
20260804T125723Z,26.0,89.9
20260804T125738Z,26.0,89.8
20260804T125753Z,26.1,89.8
20260804T125808Z,26.1,89.9
20260804T125823Z,26.2,89.8
20260804T125838Z,26.2,89.8
20260804T125853Z,26.2,89.8
20260804T125908Z,26.3,89.8
20260804T125923Z,26.3,89.7
20260804T125938Z,26.4,89.7
20260804T125953Z,26.4,89.7
20260804T130008Z,26.4,89.7
20260804T130023Z,26.4,88.7
20260804T130038Z,26.4,87.9
20260804T130053Z,26.4,86.3
20260804T130108Z,26.4,85.9
20260804T130123Z,26.3,84.8
20260804T130138Z,26.2,84.9
20260804T130153Z,26.1,83.9
20260804T130208Z,26.0,83.1
20260804T130223Z,25.9,82.6
20260804T130238Z,25.8,82.2
20260804T130253Z,25.7,81.6
20260804T130308Z,25.6,81.3
20260804T130323Z,25.5,81.2
20260804T130338Z,25.4,80.3
20260804T130353Z,25.3,79.8
20260804T130408Z,25.2,79.3
20260804T130423Z,25.1,78.9
20260804T130438Z,25.0,77.9
20260804T130453Z,24.9,77.4
20260804T130508Z,24.8,77.4
20260804T130523Z,24.7,76.4
20260804T130538Z,24.6,75.6
20260804T130553Z,24.5,75.5
20260804T130608Z,24.4,75.4
20260804T130623Z,24.3,74.9
20260804T130638Z,24.2,75.6
20260804T130653Z,24.1,77.8
20260804T130708Z,24.1,79.9
20260804T130723Z,24.1,80.9
20260804T130738Z,24.2,82.0
20260804T130753Z,24.2,82.4
20260804T130808Z,24.3,82.5
20260804T130823Z,24.4,82.7
20260804T130838Z,24.4,83.6
20260804T130853Z,24.5,83.7
20260804T130908Z,24.6,84.0
20260804T130923Z,24.7,84.5
20260804T130938Z,24.7,84.8
20260804T130953Z,24.8,84.9
20260804T131008Z,24.9,85.3
20260804T131023Z,24.9,85.7
20260804T131038Z,25.0,86.3
20260804T131053Z,25.1,86.5
20260804T131108Z,25.1,86.7
20260804T131123Z,25.2,86.8
20260804T131138Z,25.2,86.9
20260804T131153Z,25.3,87.2
20260804T131208Z,25.3,87.2
20260804T131223Z,25.4,87.6
20260804T131238Z,25.4,87.8
20260804T131253Z,25.4,88.0
20260804T131308Z,25.5,88.1
20260804T131323Z,25.5,88.4
20260804T131338Z,25.6,88.6
20260804T131353Z,25.6,88.7
20260804T131408Z,25.6,88.7
20260804T131423Z,25.7,88.8
20260804T131438Z,25.7,89.0
20260804T131453Z,25.8,89.1
20260804T131508Z,25.8,89.2
20260804T131523Z,25.8,89.3
20260804T131538Z,25.9,89.3
20260804T131553Z,25.9,89.4
20260804T131608Z,25.9,89.4
20260804T131623Z,26.0,89.5
20260804T131638Z,26.0,89.6
20260804T131653Z,26.0,89.6
20260804T131708Z,26.1,89.6
20260804T131723Z,26.1,89.7
20260804T131738Z,26.1,89.6
20260804T131753Z,26.2,89.6
20260804T131808Z,26.2,89.5
20260804T131823Z,26.2,89.6
20260804T131838Z,26.3,89.5
20260804T131853Z,26.3,89.6
20260804T131908Z,26.4,88.8
20260804T131923Z,26.4,88.1
20260804T131938Z,26.4,86.7
20260804T131953Z,26.3,85.9
20260804T132008Z,26.3,85.5
20260804T132023Z,26.2,84.3
20260804T132038Z,26.1,83.7
20260804T132053Z,26.0,83.2
20260804T132108Z,25.8,82.3
20260804T132123Z,25.7,81.8
20260804T132138Z,25.6,81.1
20260804T132153Z,25.4,80.6
20260804T132208Z,25.3,80.2
20260804T132223Z,25.1,79.7
20260804T132238Z,25.0,79.8
20260804T132253Z,24.9,78.3
20260804T132308Z,24.7,78.8
20260804T132323Z,24.6,78.7
20260804T132338Z,24.5,78.6
20260804T132353Z,24.4,77.3
20260804T132408Z,24.3,76.8
20260804T132423Z,24.2,76.4
20260804T132438Z,24.1,79.0
20260804T132453Z,24.1,81.4
20260804T132508Z,24.1,82.3
20260804T132523Z,24.2,83.4
20260804T132538Z,24.2,83.8
20260804T132553Z,24.2,84.4
20260804T132608Z,24.3,84.1
20260804T132623Z,24.4,84.5
20260804T132638Z,24.4,85.2
20260804T132653Z,24.5,85.2
20260804T132708Z,24.6,85.6
20260804T132723Z,24.6,85.7
20260804T132738Z,24.7,86.3
20260804T132753Z,24.8,86.4
20260804T132808Z,24.8,86.7
20260804T132823Z,24.9,86.6
20260804T132838Z,24.9,87.0
20260804T132853Z,25.0,87.3
20260804T132908Z,25.0,87.6
20260804T132923Z,25.1,87.8
20260804T132938Z,25.1,87.9
20260804T132953Z,25.2,88.1
20260804T133008Z,25.2,88.2
20260804T133023Z,25.3,88.6
20260804T133038Z,25.3,88.8
20260804T133053Z,25.3,88.9
20260804T133108Z,25.4,89.0
20260804T133123Z,25.4,89.2
20260804T133138Z,25.4,89.3
20260804T133153Z,25.5,89.4
20260804T133208Z,25.5,89.5
20260804T133223Z,25.5,89.5
20260804T133238Z,25.6,89.6
20260804T133253Z,25.6,89.8
20260804T133308Z,25.6,89.9
20260804T133323Z,25.7,89.9
20260804T133338Z,25.7,89.9
20260804T133353Z,25.8,90.0
20260804T133408Z,25.8,89.9
20260804T133423Z,25.8,90.0
20260804T133438Z,25.9,89.9
20260804T133453Z,25.9,89.9
20260804T133508Z,25.9,89.9
20260804T133523Z,26.0,90.0
20260804T133538Z,26.0,89.9
20260804T133553Z,26.1,89.9
20260804T133608Z,26.1,89.9
20260804T133623Z,26.1,89.9
20260804T133638Z,26.2,89.9
20260804T133653Z,26.2,89.8
20260804T133708Z,26.2,89.8
20260804T133723Z,26.2,89.8
20260804T133738Z,26.3,89.7
20260804T133753Z,26.3,89.7
20260804T133808Z,26.3,89.7
20260804T133823Z,26.4,89.7
20260804T133838Z,26.4,89.4
20260804T133853Z,26.4,89.3
20260804T133908Z,26.4,87.1
20260804T133923Z,26.3,86.7
20260804T133938Z,26.3,85.6
20260804T133953Z,26.2,85.2
20260804T134008Z,26.1,84.5
20260804T134023Z,26.0,84.0
20260804T134038Z,25.9,83.2
20260804T134053Z,25.8,82.4
20260804T134108Z,25.6,82.2
20260804T134123Z,25.5,81.8
20260804T134138Z,25.4,81.0
20260804T134153Z,25.2,81.2
20260804T134208Z,25.1,79.4
20260804T134223Z,25.0,79.2
20260804T134238Z,24.8,78.8
20260804T134253Z,24.6,78.8
20260804T134308Z,24.5,77.5
20260804T134323Z,24.3,78.2
20260804T134338Z,24.3,78.1
20260804T134353Z,24.2,77.6
20260804T134408Z,24.1,80.0
20260804T134423Z,24.1,82.0
20260804T134438Z,24.1,83.7
20260804T134453Z,24.1,84.2
20260804T134508Z,24.2,84.3
20260804T134523Z,24.2,84.7
20260804T134538Z,24.3,85.0
20260804T134553Z,24.4,85.5
20260804T134608Z,24.4,85.7
20260804T134623Z,24.5,86.1
20260804T134638Z,24.6,86.1
20260804T134653Z,24.6,86.5
20260804T134708Z,24.7,86.7
20260804T134723Z,24.8,86.9
20260804T134738Z,24.8,87.1
20260804T134753Z,24.9,87.7
20260804T134808Z,25.0,87.6
20260804T134823Z,25.0,87.6
20260804T134838Z,25.0,88.1
20260804T134853Z,25.1,88.3
20260804T134908Z,25.1,88.5
20260804T134923Z,25.2,88.6
20260804T134938Z,25.2,88.8
20260804T134953Z,25.3,89.0
20260804T135008Z,25.3,89.1
20260804T135023Z,25.3,89.3
20260804T135038Z,25.4,89.5
20260804T135053Z,25.4,89.5
20260804T135108Z,25.4,89.6
20260804T135123Z,25.5,89.8
20260804T135138Z,25.5,90.0
20260804T135153Z,25.6,90.0
20260804T135208Z,25.6,90.1
20260804T135223Z,25.6,90.2
20260804T135238Z,25.6,90.1
20260804T135253Z,25.7,90.1
20260804T135308Z,25.7,90.3
20260804T135323Z,25.8,90.2
20260804T135338Z,25.8,90.1
20260804T135353Z,25.9,90.1
20260804T135408Z,25.9,90.1
20260804T135423Z,25.9,90.1
20260804T135438Z,26.0,90.2
20260804T135453Z,26.0,90.1
20260804T135508Z,26.0,90.1
20260804T135523Z,26.1,90.0
20260804T135538Z,26.1,90.0
20260804T135553Z,26.1,90.0
20260804T135608Z,26.2,90.0
20260804T135623Z,26.2,90.0
20260804T135638Z,26.2,89.9
20260804T135653Z,26.3,89.9
20260804T135708Z,26.3,89.9
20260804T135723Z,26.3,89.8
20260804T135738Z,26.4,89.8
20260804T135753Z,26.4,89.6
20260804T135808Z,26.4,89.6
20260804T135823Z,26.4,87.2
20260804T135838Z,26.3,87.0
20260804T135853Z,26.3,85.8
20260804T135908Z,26.2,85.4
20260804T135923Z,26.1,84.7
20260804T135938Z,26.0,84.0
20260804T135953Z,25.9,83.5
20260804T140008Z,25.7,82.9
20260804T140023Z,25.6,82.0
20260804T140038Z,25.5,81.4
20260804T140053Z,25.3,81.0
20260804T140108Z,25.2,80.4
20260804T140123Z,25.0,80.4
20260804T140138Z,24.9,80.3
20260804T140153Z,24.8,79.8
20260804T140208Z,24.7,78.5
20260804T140223Z,24.5,78.0
20260804T140238Z,24.4,78.1
20260804T140253Z,24.3,78.0
20260804T140308Z,24.2,77.0
20260804T140323Z,24.1,79.7
20260804T140338Z,24.1,81.6
20260804T140353Z,24.0,83.2
20260804T140408Z,24.1,84.2
20260804T140423Z,24.1,84.8
20260804T140438Z,24.2,84.6
20260804T140453Z,24.3,84.9
20260804T140508Z,24.4,85.2
20260804T140523Z,24.4,85.5
20260804T140538Z,24.5,85.8
20260804T140553Z,24.6,85.8
20260804T140608Z,24.6,86.5
20260804T140623Z,24.7,86.6
20260804T140638Z,24.8,86.7
20260804T140653Z,24.8,87.1
20260804T140708Z,24.9,87.5
20260804T140723Z,24.9,87.5
20260804T140738Z,25.0,87.6
20260804T140753Z,25.0,88.0
20260804T140808Z,25.1,88.0
20260804T140823Z,25.1,88.4
20260804T140838Z,25.2,88.6
20260804T140853Z,25.2,88.9
20260804T140908Z,25.2,88.9
20260804T140923Z,25.3,89.2
20260804T140938Z,25.3,89.2
20260804T140953Z,25.3,89.3
20260804T141008Z,25.4,89.5
20260804T141023Z,25.4,89.7
20260804T141038Z,25.5,89.7
20260804T141053Z,25.5,89.9
20260804T141108Z,25.5,90.0
20260804T141123Z,25.6,90.1
20260804T141138Z,25.6,90.0
20260804T141153Z,25.6,90.2
20260804T141208Z,25.7,90.2
20260804T141223Z,25.7,90.3
20260804T141238Z,25.7,90.3
20260804T141253Z,25.8,90.3
20260804T141308Z,25.8,90.3
20260804T141323Z,25.9,90.3
20260804T141338Z,25.9,90.2
20260804T141353Z,25.9,90.3
20260804T141408Z,26.0,90.3
20260804T141423Z,26.0,90.2
20260804T141438Z,26.0,90.2
20260804T141453Z,26.1,90.2
20260804T141508Z,26.1,90.2
20260804T141523Z,26.1,90.1
20260804T141538Z,26.2,90.1
20260804T141553Z,26.2,90.1
20260804T141608Z,26.2,90.0
20260804T141623Z,26.3,90.0
20260804T141638Z,26.3,89.9
20260804T141653Z,26.3,89.9
20260804T141708Z,26.4,89.9
20260804T141723Z,26.4,89.7
20260804T141738Z,26.4,89.7
20260804T141753Z,26.4,87.5
20260804T141808Z,26.4,86.9
20260804T141823Z,26.3,86.3
20260804T141838Z,26.2,85.3
20260804T141853Z,26.1,84.7
20260804T141908Z,26.0,84.1
20260804T141923Z,25.9,83.4
20260804T141938Z,25.8,82.6
20260804T141953Z,25.6,82.2
20260804T142008Z,25.5,81.7
20260804T142023Z,25.3,81.3
20260804T142038Z,25.1,80.6
20260804T142053Z,25.0,80.4
20260804T142108Z,24.8,80.6
20260804T142123Z,24.7,80.5
20260804T142138Z,24.7,80.2
20260804T142153Z,24.6,79.2
20260804T142208Z,24.5,78.6
20260804T142223Z,24.4,78.0
20260804T142238Z,24.3,78.0
20260804T142253Z,24.2,77.0
20260804T142308Z,24.1,79.3
20260804T142323Z,24.1,81.5
20260804T142338Z,24.1,82.9
20260804T142353Z,24.1,84.0
20260804T142408Z,24.2,84.0
20260804T142423Z,24.2,84.4
20260804T142438Z,24.3,85.1
20260804T142453Z,24.4,84.9
20260804T142508Z,24.4,85.3
20260804T142523Z,24.5,85.6
20260804T142538Z,24.5,85.7
20260804T142553Z,24.6,86.2
20260804T142608Z,24.7,86.2
20260804T142623Z,24.7,86.7
20260804T142638Z,24.8,87.1
20260804T142653Z,24.8,87.1
20260804T142708Z,24.9,87.5
20260804T142723Z,24.9,87.7
20260804T142738Z,25.0,88.0
20260804T142753Z,25.0,88.2
20260804T142808Z,25.1,88.1
20260804T142823Z,25.1,88.6
20260804T142838Z,25.2,88.8
20260804T142853Z,25.2,89.0
20260804T142908Z,25.2,88.9
20260804T142923Z,25.3,89.2
20260804T142938Z,25.3,89.4
20260804T142953Z,25.4,89.5
20260804T143008Z,25.4,89.5
20260804T143023Z,25.4,89.7
20260804T143038Z,25.5,89.9
20260804T143053Z,25.5,90.0
20260804T143108Z,25.5,90.0
20260804T143123Z,25.6,90.2
20260804T143138Z,25.6,90.2
20260804T143153Z,25.6,90.1
20260804T143208Z,25.7,90.3
20260804T143223Z,25.7,90.3
20260804T143238Z,25.8,90.3
20260804T143253Z,25.8,90.3
20260804T143308Z,25.8,90.3
20260804T143323Z,25.9,90.3
20260804T143338Z,25.9,90.4
20260804T143353Z,25.9,90.3
20260804T143408Z,26.0,90.3
20260804T143423Z,26.0,90.3
20260804T143438Z,26.0,90.3
20260804T143453Z,26.1,90.3
20260804T143508Z,26.1,90.2
20260804T143523Z,26.1,90.2
20260804T143538Z,26.2,90.2
20260804T143553Z,26.2,90.1
20260804T143608Z,26.2,90.1
20260804T143623Z,26.3,90.1
20260804T143638Z,26.3,90.0
20260804T143653Z,26.3,90.1
20260804T143708Z,26.4,90.0
20260804T143723Z,26.4,89.4
20260804T143738Z,26.4,88.4
20260804T143753Z,26.4,86.9
20260804T143808Z,26.3,86.3
20260804T143823Z,26.2,85.7
20260804T143839Z,26.1,85.1
20260804T143853Z,26.0,84.6
20260804T143908Z,25.9,84.1
20260804T143923Z,25.8,83.4
20260804T143938Z,25.7,82.8
20260804T143954Z,25.6,82.4
20260804T144009Z,25.5,82.1
20260804T144024Z,25.3,81.5
20260804T144039Z,25.2,80.7
20260804T144054Z,25.1,80.3
20260804T144109Z,25.0,80.4
20260804T144124Z,24.9,79.4
20260804T144139Z,24.8,79.0
20260804T144154Z,24.7,78.7
20260804T144209Z,24.6,77.7
20260804T144224Z,24.5,77.7
20260804T144239Z,24.4,77.3
20260804T144254Z,24.3,77.0
20260804T144309Z,24.2,76.8
20260804T144324Z,24.2,79.1
20260804T144339Z,24.2,80.6
20260804T144354Z,24.2,82.3
20260804T144409Z,24.2,83.5
20260804T144424Z,24.3,83.7
20260804T144439Z,24.3,83.9
20260804T144454Z,24.4,84.3
20260804T144509Z,24.4,84.4
20260804T144524Z,24.5,84.8
20260804T144539Z,24.6,85.1
20260804T144554Z,24.6,85.5
20260804T144609Z,24.7,86.0
20260804T144624Z,24.8,86.0
20260804T144639Z,24.8,86.8
20260804T144654Z,24.9,87.2
20260804T144709Z,25.0,87.2
20260804T144724Z,25.0,87.3
20260804T144739Z,25.1,87.7
20260804T144754Z,25.1,88.4
20260804T144809Z,25.2,88.4
20260804T144824Z,25.3,88.5
20260804T144839Z,25.3,88.8
20260804T144854Z,25.3,89.0
20260804T144909Z,25.4,89.1
20260804T144924Z,25.5,89.2
20260804T144939Z,25.5,89.5
20260804T144954Z,25.5,89.7
20260804T145009Z,25.6,89.8
20260804T145024Z,25.6,90.2
20260804T145039Z,25.6,90.2
20260804T145054Z,25.7,90.4
20260804T145109Z,25.7,90.4
20260804T145124Z,25.8,90.6
20260804T145139Z,25.8,90.7
20260804T145154Z,25.9,90.6
20260804T145209Z,25.9,90.8
20260804T145224Z,25.9,90.9
20260804T145239Z,26.0,90.8
20260804T145254Z,26.0,90.9
20260804T145309Z,26.0,90.9
20260804T145324Z,26.1,91.0
20260804T145339Z,26.1,91.0
20260804T145354Z,26.2,90.9
20260804T145409Z,26.2,90.9
20260804T145424Z,26.2,91.0
20260804T145439Z,26.3,90.9
20260804T145454Z,26.3,90.9
20260804T145509Z,26.3,90.9
20260804T145524Z,26.4,90.9
20260804T145539Z,26.4,89.9
20260804T145554Z,26.4,89.2
20260804T145609Z,26.4,87.8
20260804T145624Z,26.3,87.2
20260804T145639Z,26.3,86.6
20260804T145654Z,26.2,85.8
20260804T145709Z,26.1,84.7
20260804T145724Z,26.0,84.3
20260804T145739Z,25.9,84.2
20260804T145754Z,25.8,83.6
20260804T145809Z,25.7,82.9
20260804T145824Z,25.6,82.4
20260804T145839Z,25.5,82.0
20260804T145854Z,25.4,81.9
20260804T145909Z,25.3,80.8
20260804T145924Z,25.2,80.7
20260804T145939Z,25.1,79.9
20260804T145954Z,25.0,79.5
20260804T150009Z,24.9,79.2
20260804T150024Z,24.9,78.2
20260804T150039Z,24.8,78.1
20260804T150054Z,24.7,77.6
20260804T150109Z,24.6,77.2
20260804T150124Z,24.5,76.9
20260804T150139Z,24.5,76.1
20260804T150154Z,24.4,76.1
20260804T150209Z,24.3,77.6
20260804T150224Z,24.3,79.1
20260804T150239Z,24.3,81.1
20260804T150254Z,24.4,81.8
20260804T150309Z,24.4,82.4
20260804T150324Z,24.4,82.8
20260804T150339Z,24.5,83.2
20260804T150354Z,24.6,83.7
20260804T150409Z,24.6,84.1
20260804T150424Z,24.7,84.7
20260804T150439Z,24.7,84.6
20260804T150454Z,24.8,85.2
20260804T150509Z,24.9,85.2
20260804T150524Z,24.9,85.9
20260804T150539Z,25.0,86.1
20260804T150554Z,25.0,86.3
20260804T150609Z,25.1,87.1
20260804T150624Z,25.2,87.0
20260804T150639Z,25.2,87.5
20260804T150654Z,25.3,87.6
20260804T150709Z,25.3,87.8
20260804T150724Z,25.4,88.1
20260804T150739Z,25.4,88.2
20260804T150754Z,25.5,88.7
20260804T150809Z,25.5,88.6
20260804T150824Z,25.5,88.9
20260804T150839Z,25.6,89.0
20260804T150854Z,25.6,89.2
20260804T150909Z,25.7,89.4
20260804T150924Z,25.7,89.5
20260804T150939Z,25.8,89.7
20260804T150954Z,25.8,89.8
20260804T151009Z,25.8,89.8
20260804T151024Z,25.8,90.0
20260804T151039Z,25.9,90.1
20260804T151054Z,25.9,90.2
20260804T151109Z,26.0,90.2
20260804T151124Z,26.0,90.3
20260804T151139Z,26.0,90.4
20260804T151154Z,26.1,90.4
20260804T151209Z,26.1,90.4
20260804T151224Z,26.1,90.4
20260804T151239Z,26.2,90.4
20260804T151254Z,26.2,90.5
20260804T151309Z,26.3,90.5
20260804T151324Z,26.3,90.5
20260804T151339Z,26.3,90.5
20260804T151354Z,26.4,90.5
20260804T151409Z,26.4,90.4
20260804T151424Z,26.4,90.0
20260804T151439Z,26.4,88.4
20260804T151454Z,26.4,87.6
20260804T151509Z,26.4,86.7
20260804T151524Z,26.3,85.7
20260804T151539Z,26.2,84.9
20260804T151554Z,26.1,84.4
20260804T151609Z,26.0,84.0
20260804T151624Z,25.9,83.3
20260804T151639Z,25.8,82.3
20260804T151654Z,25.6,82.2
20260804T151709Z,25.5,81.6
20260804T151724Z,25.4,81.8
20260804T151739Z,25.3,81.0
20260804T151754Z,25.2,80.2
20260804T151809Z,25.0,80.1
20260804T151824Z,24.9,79.7
20260804T151839Z,24.8,78.9
20260804T151854Z,24.7,78.6
20260804T151909Z,24.6,78.2
20260804T151924Z,24.5,77.9
20260804T151939Z,24.4,77.3
20260804T151954Z,24.3,76.6
20260804T152009Z,24.2,76.7
20260804T152024Z,24.1,76.0
20260804T152039Z,24.0,77.2
20260804T152054Z,23.9,79.0
20260804T152109Z,23.9,81.4
20260804T152124Z,23.9,82.5
20260804T152139Z,24.0,83.2
20260804T152154Z,24.0,83.5
20260804T152209Z,24.1,83.6
20260804T152224Z,24.2,84.2
20260804T152239Z,24.2,84.6
20260804T152254Z,24.3,85.0
20260804T152309Z,24.4,85.1
20260804T152324Z,24.5,85.7
20260804T152339Z,24.5,85.8
20260804T152354Z,24.6,86.0
20260804T152409Z,24.7,86.4
20260804T152424Z,24.7,86.3
20260804T152439Z,24.8,86.7
20260804T152454Z,24.9,87.0
20260804T152509Z,24.9,87.3
20260804T152524Z,25.0,87.5
20260804T152539Z,25.0,87.7
20260804T152554Z,25.1,87.6
20260804T152609Z,25.1,88.1
20260804T152624Z,25.2,88.3
20260804T152639Z,25.2,88.5
20260804T152654Z,25.3,88.6
20260804T152709Z,25.3,88.8
20260804T152724Z,25.4,89.0
20260804T152739Z,25.4,89.1
20260804T152754Z,25.4,89.2
20260804T152809Z,25.5,89.4
20260804T152824Z,25.5,89.5
20260804T152839Z,25.6,89.6
20260804T152854Z,25.6,89.7
20260804T152909Z,25.6,89.8
20260804T152924Z,25.7,89.7
20260804T152939Z,25.7,89.9
20260804T152954Z,25.8,89.9
20260804T153009Z,25.8,89.9
20260804T153024Z,25.8,89.9
20260804T153039Z,25.9,90.0
20260804T153054Z,25.9,90.0
20260804T153109Z,26.0,90.0
20260804T153124Z,26.0,90.0
20260804T153139Z,26.0,90.0
20260804T153154Z,26.1,90.0
20260804T153209Z,26.1,90.0
20260804T153224Z,26.2,89.9
20260804T153239Z,26.2,90.0
20260804T153254Z,26.2,89.9
20260804T153309Z,26.3,90.0
20260804T153324Z,26.3,90.0
20260804T153339Z,26.3,89.9
20260804T153354Z,26.4,89.9
20260804T153409Z,26.4,89.9
20260804T153424Z,26.4,88.9
20260804T153439Z,26.4,87.9
20260804T153454Z,26.4,86.8
20260804T153509Z,26.3,86.3
20260804T153524Z,26.3,85.4
20260804T153539Z,26.2,84.7
20260804T153554Z,26.1,84.1
20260804T153609Z,26.0,83.6
20260804T153624Z,25.9,82.6
20260804T153639Z,25.7,81.8
20260804T153654Z,25.6,81.5
20260804T153709Z,25.4,81.2
20260804T153724Z,25.3,80.7
20260804T153739Z,25.2,80.1
20260804T153754Z,25.0,80.4
20260804T153809Z,24.9,79.5
20260804T153824Z,24.8,79.1
20260804T153839Z,24.6,78.7
20260804T153854Z,24.5,78.2
20260804T153909Z,24.4,78.2
20260804T153924Z,24.3,77.6
20260804T153939Z,24.2,77.0
20260804T153954Z,24.1,77.0
20260804T154009Z,24.0,76.3
20260804T154024Z,23.9,78.2
20260804T154039Z,23.8,80.1
20260804T154054Z,23.9,82.5
20260804T154109Z,23.9,82.8
20260804T154124Z,23.9,83.6
20260804T154139Z,24.0,83.8
20260804T154154Z,24.1,84.0
20260804T154209Z,24.2,84.5
20260804T154224Z,24.2,84.6
20260804T154239Z,24.3,85.2
20260804T154254Z,24.4,85.5
20260804T154309Z,24.5,85.7
20260804T154324Z,24.5,86.0
20260804T154339Z,24.6,86.2
20260804T154354Z,24.7,86.7
20260804T154409Z,24.8,86.7
20260804T154424Z,24.8,86.8
20260804T154439Z,24.9,87.3
20260804T154454Z,24.9,87.4
20260804T154509Z,25.0,87.6
20260804T154524Z,25.0,87.9
20260804T154539Z,25.1,88.0
20260804T154554Z,25.2,88.2
20260804T154609Z,25.2,88.3
20260804T154624Z,25.2,88.3
20260804T154639Z,25.3,88.7
20260804T154654Z,25.3,88.8
20260804T154709Z,25.4,89.0
20260804T154724Z,25.4,89.0
20260804T154739Z,25.4,89.2
20260804T154754Z,25.5,89.3
20260804T154809Z,25.5,89.5
20260804T154824Z,25.6,89.5
20260804T154839Z,25.6,89.6
20260804T154854Z,25.7,89.6
20260804T154909Z,25.7,89.8
20260804T154924Z,25.7,89.9
20260804T154939Z,25.8,89.9
20260804T154954Z,25.8,89.9
20260804T155009Z,25.8,90.0
20260804T155024Z,25.9,89.9
20260804T155039Z,25.9,89.9
20260804T155054Z,26.0,90.0
20260804T155109Z,26.0,90.0
20260804T155124Z,26.0,90.0
20260804T155139Z,26.1,90.0
20260804T155154Z,26.1,90.0
20260804T155209Z,26.2,89.9
20260804T155224Z,26.2,89.9
20260804T155239Z,26.2,89.9
20260804T155254Z,26.2,89.9
20260804T155309Z,26.3,89.8
20260804T155324Z,26.3,89.8
20260804T155339Z,26.4,89.8
20260804T155354Z,26.4,89.8
20260804T155409Z,26.4,88.8
20260804T155424Z,26.4,88.4
20260804T155439Z,26.4,86.6
20260804T155454Z,26.4,86.3
20260804T155509Z,26.3,85.4
20260804T155524Z,26.2,84.8
20260804T155539Z,26.1,84.1
20260804T155554Z,26.0,83.5
20260804T155609Z,25.9,83.0
20260804T155624Z,25.8,82.6
20260804T155639Z,25.7,81.9
20260804T155654Z,25.5,81.2
20260804T155709Z,25.4,80.7
20260804T155724Z,25.3,80.4
20260804T155739Z,25.1,80.2
20260804T155754Z,25.0,79.4
20260804T155809Z,24.9,79.3
20260804T155824Z,24.8,79.0
20260804T155839Z,24.6,78.5
20260804T155854Z,24.5,77.6
20260804T155909Z,24.4,77.3
20260804T155924Z,24.3,77.3
20260804T155939Z,24.2,76.5
20260804T155954Z,24.1,76.3
20260804T160009Z,24.0,77.3
20260804T160024Z,24.0,79.4
20260804T160039Z,23.9,81.5
20260804T160054Z,23.9,82.5
20260804T160109Z,24.0,83.0
20260804T160124Z,24.0,83.4
20260804T160139Z,24.1,83.8
20260804T160154Z,24.2,83.8
20260804T160209Z,24.3,84.6
20260804T160224Z,24.4,84.9
20260804T160239Z,24.4,85.1
20260804T160254Z,24.5,85.4
20260804T160309Z,24.6,85.5
20260804T160324Z,24.6,85.9
20260804T160339Z,24.7,86.0
20260804T160354Z,24.8,86.4
20260804T160409Z,24.9,86.7
20260804T160424Z,24.9,86.9
20260804T160439Z,25.0,87.1
20260804T160454Z,25.0,87.5
20260804T160509Z,25.0,87.6
20260804T160524Z,25.1,87.7
20260804T160539Z,25.2,87.9
20260804T160554Z,25.2,88.2
20260804T160609Z,25.2,88.4
20260804T160624Z,25.3,88.6
20260804T160639Z,25.3,88.8
20260804T160654Z,25.4,88.8
20260804T160709Z,25.4,88.9
20260804T160724Z,25.4,89.1
20260804T160739Z,25.4,89.3
20260804T160754Z,25.5,89.4
20260804T160809Z,25.6,89.4
20260804T160824Z,25.6,89.5
20260804T160839Z,25.6,89.6
20260804T160854Z,25.7,89.8
20260804T160909Z,25.7,89.7
20260804T160924Z,25.8,89.8
20260804T160939Z,25.8,89.8
20260804T160954Z,25.8,89.8
20260804T161009Z,25.9,89.9
20260804T161024Z,25.9,89.9
20260804T161039Z,26.0,89.9
20260804T161054Z,26.0,89.9
20260804T161109Z,26.1,89.9
20260804T161124Z,26.1,89.9
20260804T161139Z,26.1,89.8
20260804T161154Z,26.2,89.8
20260804T161209Z,26.2,89.7
20260804T161224Z,26.3,89.7
20260804T161239Z,26.3,89.6
20260804T161254Z,26.3,89.7
20260804T161309Z,26.4,89.6
20260804T161324Z,26.4,89.4
20260804T161339Z,26.4,89.3
20260804T161354Z,26.4,87.1
20260804T161409Z,26.4,86.3
20260804T161424Z,26.3,85.8
20260804T161439Z,26.3,85.1
20260804T161454Z,26.2,84.5
20260804T161509Z,26.1,83.9
20260804T161524Z,26.0,82.8
20260804T161539Z,25.8,82.2
20260804T161554Z,25.7,81.2
20260804T161609Z,25.5,81.0
20260804T161624Z,25.4,80.6
20260804T161639Z,25.2,80.3
20260804T161654Z,25.1,80.2
20260804T161709Z,25.0,79.7
20260804T161724Z,24.9,79.6
20260804T161739Z,24.8,78.6
20260804T161754Z,24.7,78.4
20260804T161809Z,24.5,78.4
20260804T161824Z,24.5,77.1
20260804T161839Z,24.3,76.8
20260804T161854Z,24.2,76.8
20260804T161909Z,24.1,79.2
20260804T161924Z,24.1,81.0
20260804T161939Z,24.1,82.2
20260804T161954Z,24.1,83.3
20260804T162009Z,24.2,83.9
20260804T162024Z,24.3,84.1
20260804T162039Z,24.3,84.4
20260804T162054Z,24.4,84.8
20260804T162109Z,24.5,85.1
20260804T162124Z,24.6,85.4
20260804T162139Z,24.6,85.6
20260804T162154Z,24.7,86.0
20260804T162209Z,24.8,86.3
20260804T162224Z,24.9,86.6
20260804T162239Z,25.0,86.9
20260804T162254Z,25.0,86.9
20260804T162309Z,25.1,87.2
20260804T162324Z,25.2,87.4
20260804T162339Z,25.2,87.7
20260804T162354Z,25.3,87.7
20260804T162409Z,25.3,87.9
20260804T162424Z,25.4,88.0
20260804T162439Z,25.4,88.3
20260804T162454Z,25.4,88.5
20260804T162509Z,25.5,88.6
20260804T162524Z,25.5,88.7
20260804T162539Z,25.5,88.8
20260804T162554Z,25.6,89.0
20260804T162609Z,25.6,89.2
20260804T162624Z,25.6,89.3
20260804T162639Z,25.7,89.4
20260804T162654Z,25.7,89.6
20260804T162709Z,25.7,89.6
20260804T162724Z,25.8,89.8
20260804T162739Z,25.8,89.7
20260804T162754Z,25.9,89.9
20260804T162809Z,25.9,90.0
20260804T162824Z,25.9,89.9
20260804T162839Z,26.0,89.9
20260804T162854Z,26.0,90.0
20260804T162909Z,26.0,89.9
20260804T162924Z,26.1,90.0
20260804T162939Z,26.1,90.0
20260804T162954Z,26.1,89.9
20260804T163009Z,26.2,90.0
20260804T163024Z,26.2,89.9
20260804T163039Z,26.2,90.0
20260804T163054Z,26.3,89.9
20260804T163109Z,26.3,89.9
20260804T163124Z,26.3,89.9
20260804T163139Z,26.4,89.8
20260804T163154Z,26.4,89.3
20260804T163209Z,26.4,89.1
20260804T163224Z,26.4,86.7
20260804T163239Z,26.4,86.4
20260804T163254Z,26.3,86.0
20260804T163309Z,26.2,85.3
20260804T163324Z,26.1,84.3
20260804T163339Z,26.0,83.8
20260804T163354Z,25.9,83.1
20260804T163409Z,25.8,82.1
20260804T163424Z,25.7,82.8
20260804T163439Z,25.6,81.0
20260804T163454Z,25.4,80.5
20260804T163509Z,25.3,80.1
20260804T163524Z,25.1,80.2
20260804T163539Z,25.0,79.7
20260804T163554Z,24.9,78.9
20260804T163609Z,24.7,79.0
20260804T163624Z,24.6,78.9
20260804T163639Z,24.5,77.6
20260804T163654Z,24.4,77.5
20260804T163709Z,24.3,77.0
20260804T163724Z,24.2,77.0
20260804T163739Z,24.1,79.6
20260804T163754Z,24.1,81.3
20260804T163809Z,24.1,82.9
20260804T163824Z,24.1,83.3
20260804T163839Z,24.2,83.8
20260804T163854Z,24.2,84.6
20260804T163909Z,24.3,84.3
20260804T163924Z,24.4,84.5
20260804T163939Z,24.4,85.1
20260804T163954Z,24.5,85.4
20260804T164009Z,24.6,85.6
20260804T164024Z,24.6,85.8
20260804T164039Z,24.7,86.3
20260804T164054Z,24.8,86.5
20260804T164109Z,24.8,86.6
20260804T164124Z,24.9,87.0
20260804T164139Z,25.0,87.6
20260804T164154Z,25.0,87.3
20260804T164209Z,25.1,88.0
20260804T164224Z,25.1,88.2
20260804T164239Z,25.2,88.4
20260804T164254Z,25.3,88.4
20260804T164309Z,25.3,88.6
20260804T164324Z,25.4,88.7
20260804T164339Z,25.4,88.8
20260804T164354Z,25.5,89.4
20260804T164409Z,25.5,89.2
20260804T164424Z,25.6,89.4
20260804T164439Z,25.6,89.6
20260804T164454Z,25.7,89.6
20260804T164509Z,25.7,89.7
20260804T164524Z,25.7,89.8
20260804T164539Z,25.8,89.9
20260804T164554Z,25.8,89.8
20260804T164609Z,25.8,90.2
20260804T164624Z,25.9,90.2
20260804T164639Z,25.9,90.2
20260804T164654Z,26.0,90.2
20260804T164709Z,26.0,90.3
20260804T164724Z,26.1,90.3
20260804T164739Z,26.1,90.3
20260804T164754Z,26.1,90.3
20260804T164809Z,26.2,90.3
20260804T164824Z,26.2,90.3
20260804T164839Z,26.3,90.3
20260804T164854Z,26.3,90.3
20260804T164909Z,26.3,90.3
20260804T164924Z,26.4,89.6
20260804T164939Z,26.4,88.0
20260804T164954Z,26.3,86.9
20260804T165009Z,26.3,86.2
20260804T165024Z,26.2,86.3
20260804T165039Z,26.2,84.9
20260804T165054Z,26.1,84.7
20260804T165109Z,26.0,83.6
20260804T165124Z,25.9,82.8
20260804T165139Z,25.8,81.8
20260804T165154Z,25.7,81.9
20260804T165209Z,25.5,81.6
20260804T165224Z,25.4,80.8
20260804T165239Z,25.3,80.2
20260804T165254Z,25.2,79.4
20260804T165309Z,25.1,79.8
20260804T165324Z,25.0,78.4
20260804T165339Z,24.9,78.3
20260804T165354Z,24.7,78.0
20260804T165409Z,24.6,78.2
20260804T165424Z,24.5,77.8
20260804T165439Z,24.5,77.2
20260804T165454Z,24.3,76.1
20260804T165509Z,24.3,78.2
20260804T165524Z,24.2,79.9
20260804T165539Z,24.2,81.6
20260804T165554Z,24.2,82.2
20260804T165609Z,24.2,83.5
20260804T165624Z,24.3,83.8
20260804T165639Z,24.3,84.2
20260804T165654Z,24.4,84.7
20260804T165709Z,24.5,85.0
20260804T165724Z,24.5,85.6
20260804T165739Z,24.6,85.6
20260804T165754Z,24.7,86.0
20260804T165809Z,24.7,86.1
20260804T165824Z,24.8,86.3
20260804T165839Z,24.9,86.7
20260804T165854Z,25.0,86.8
20260804T165909Z,25.0,87.2
20260804T165924Z,25.1,87.4
20260804T165939Z,25.1,87.3
20260804T165954Z,25.2,87.7
20260804T170009Z,25.2,87.9
20260804T170024Z,25.3,88.0
20260804T170039Z,25.3,88.4
20260804T170054Z,25.4,88.4
20260804T170109Z,25.4,88.5
20260804T170124Z,25.5,88.8
20260804T170139Z,25.5,88.5
20260804T170154Z,25.5,88.1
20260804T170209Z,25.6,86.3
20260804T170224Z,25.6,85.4
20260804T170239Z,25.6,84.6
20260804T170254Z,25.6,83.8
20260804T170309Z,25.6,83.3
20260804T170324Z,25.5,82.3
20260804T170339Z,25.5,81.1
20260804T170354Z,25.5,80.7
20260804T170409Z,25.4,79.5
20260804T170424Z,25.3,78.2
20260804T170439Z,25.3,77.9
20260804T170454Z,25.2,76.7
20260804T170509Z,25.1,76.7
20260804T170524Z,25.0,76.5
20260804T170539Z,25.0,75.6
20260804T170554Z,24.9,75.5
20260804T170609Z,24.8,74.7
20260804T170624Z,24.7,73.8
20260804T170639Z,24.6,73.0
20260804T170654Z,24.5,73.1
20260804T170709Z,24.4,72.5
20260804T170724Z,24.3,72.4
20260804T170739Z,24.2,71.6
20260804T170754Z,24.1,71.5
20260804T170809Z,24.1,71.2
20260804T170824Z,24.0,70.3
20260804T170839Z,23.9,70.0
20260804T170854Z,23.8,69.5
20260804T170909Z,23.7,69.6
20260804T170924Z,23.6,68.9
20260804T170939Z,23.5,69.1
20260804T170954Z,23.5,68.5
20260804T171009Z,23.4,69.3
20260804T171024Z,23.4,72.4
20260804T171039Z,23.4,74.1
20260804T171054Z,23.4,76.1
20260804T171109Z,23.4,76.7
20260804T171124Z,23.5,76.6
20260804T171139Z,23.6,77.1
20260804T171154Z,23.7,77.1
20260804T171209Z,23.7,77.6
20260804T171224Z,23.8,77.5
20260804T171239Z,23.9,78.1
20260804T171254Z,24.0,78.1
20260804T171309Z,24.0,78.5
20260804T171324Z,24.1,78.9
20260804T171339Z,24.2,78.9
20260804T171354Z,24.2,79.3
20260804T171409Z,24.3,80.0
20260804T171424Z,24.4,80.0
20260804T171439Z,24.4,80.1
20260804T171454Z,24.5,80.6
20260804T171509Z,24.5,80.9
20260804T171524Z,24.6,81.1
20260804T171539Z,24.6,81.4
20260804T171554Z,24.7,81.8
20260804T171609Z,24.7,81.8
20260804T171624Z,24.8,81.9
20260804T171639Z,24.8,82.1
20260804T171654Z,24.9,82.4
20260804T171709Z,24.9,82.7
20260804T171724Z,24.9,83.1
20260804T171739Z,24.9,83.2
20260804T171754Z,25.0,83.6
20260804T171809Z,25.0,83.8
20260804T171824Z,25.1,84.0
20260804T171839Z,25.1,84.1
20260804T171854Z,25.1,84.2
20260804T171909Z,25.2,84.7
20260804T171924Z,25.2,84.6
20260804T171939Z,25.2,84.8
20260804T171954Z,25.3,84.9
20260804T172009Z,25.3,85.2
20260804T172024Z,25.3,85.4
20260804T172039Z,25.3,84.6
20260804T172054Z,25.4,84.8
20260804T172109Z,25.3,83.0
20260804T172124Z,25.4,82.4
20260804T172139Z,25.3,81.4
20260804T172154Z,25.3,81.1
20260804T172209Z,25.3,80.2
20260804T172224Z,25.2,79.9
20260804T172239Z,25.2,78.8
20260804T172254Z,25.1,78.3
20260804T172309Z,25.1,77.8
20260804T172324Z,25.0,76.3
20260804T172339Z,25.0,75.7
20260804T172354Z,24.9,75.4
20260804T172409Z,24.8,74.4
20260804T172424Z,24.7,74.0
20260804T172439Z,24.6,73.5
20260804T172454Z,24.6,72.9
20260804T172509Z,24.5,72.6
20260804T172524Z,24.4,72.2
20260804T172539Z,24.3,71.6
20260804T172554Z,24.2,70.8
20260804T172609Z,24.1,70.5
20260804T172624Z,24.0,70.4
20260804T172639Z,23.9,69.7
20260804T172654Z,23.8,69.6
20260804T172709Z,23.7,71.4
20260804T172724Z,23.7,73.3
20260804T172739Z,23.7,75.9
20260804T172754Z,23.7,77.2
20260804T172809Z,23.7,77.6
20260804T172824Z,23.8,77.9
20260804T172839Z,23.8,78.0
20260804T172854Z,23.9,78.2
20260804T172909Z,23.9,78.2
20260804T172924Z,24.0,78.8
20260804T172939Z,24.0,78.9
20260804T172954Z,24.1,79.5
20260804T173009Z,24.2,79.7
20260804T173024Z,24.2,79.8
20260804T173039Z,24.3,79.7
20260804T173054Z,24.3,80.1
20260804T173109Z,24.4,80.8
20260804T173124Z,24.4,80.5
20260804T173139Z,24.5,81.1
20260804T173154Z,24.6,81.1
20260804T173209Z,24.6,81.4
20260804T173224Z,24.7,81.9
20260804T173239Z,24.7,81.9
20260804T173254Z,24.7,81.9
20260804T173309Z,24.8,82.2
20260804T173324Z,24.8,82.5
20260804T173339Z,24.8,82.8
20260804T173354Z,24.9,82.8
20260804T173409Z,24.9,83.4
20260804T173424Z,25.0,83.5
20260804T173439Z,25.0,83.8
20260804T173454Z,25.0,84.2
20260804T173509Z,25.0,84.4
20260804T173524Z,25.1,84.4
20260804T173539Z,25.1,84.6
20260804T173554Z,25.1,85.0
20260804T173609Z,25.1,85.3
20260804T173624Z,25.2,85.2
20260804T173639Z,25.2,85.6
20260804T173654Z,25.2,85.7
20260804T173709Z,25.2,86.0
20260804T173724Z,25.3,86.0
20260804T173739Z,25.3,86.0
20260804T173754Z,25.3,86.4
20260804T173809Z,25.3,86.5
20260804T173824Z,25.4,86.6
20260804T173839Z,25.4,86.4
20260804T173854Z,25.4,86.1
20260804T173909Z,25.4,84.1
20260804T173924Z,25.4,83.6
20260804T173939Z,25.4,82.9
20260804T173954Z,25.4,82.4
20260804T174009Z,25.3,82.2
20260804T174024Z,25.3,80.3
20260804T174039Z,25.3,80.3
20260804T174054Z,25.2,78.9
20260804T174109Z,25.2,78.0
20260804T174124Z,25.1,77.5
20260804T174139Z,25.0,76.1
20260804T174154Z,24.9,76.1
20260804T174209Z,24.8,74.9
20260804T174224Z,24.7,74.3
20260804T174239Z,24.6,74.3
20260804T174254Z,24.5,74.5
20260804T174309Z,24.3,73.4
20260804T174324Z,24.2,73.1
20260804T174339Z,24.1,72.7
20260804T174354Z,24.0,72.2
20260804T174409Z,23.9,71.9
20260804T174424Z,23.8,71.4
20260804T174439Z,23.7,71.4
20260804T174454Z,23.6,70.7
20260804T174509Z,23.5,73.0
20260804T174524Z,23.5,75.4
20260804T174539Z,23.5,77.3
20260804T174554Z,23.5,78.2
20260804T174609Z,23.5,79.0
20260804T174624Z,23.6,78.9
20260804T174639Z,23.7,79.7
20260804T174654Z,23.7,79.5
20260804T174709Z,23.8,79.8
20260804T174724Z,23.8,79.7
20260804T174739Z,23.9,79.8
20260804T174754Z,24.0,79.9
20260804T174809Z,24.0,80.7
20260804T174824Z,24.1,80.8
20260804T174839Z,24.2,80.9
20260804T174854Z,24.3,81.2
20260804T174909Z,24.3,81.0
20260804T174924Z,24.4,81.5
20260804T174939Z,24.4,81.6
20260804T174954Z,24.5,81.9
20260804T175009Z,24.5,82.1
20260804T175024Z,24.6,82.1
20260804T175039Z,24.6,82.5
20260804T175054Z,24.7,82.6
20260804T175109Z,24.7,82.8
20260804T175124Z,24.7,83.0
20260804T175139Z,24.8,83.1
20260804T175154Z,24.8,83.5
20260804T175209Z,24.8,83.9
20260804T175224Z,24.8,84.0
20260804T175239Z,24.9,84.3
20260804T175254Z,24.9,84.5
20260804T175309Z,24.9,84.7
20260804T175324Z,25.0,84.9
20260804T175339Z,25.0,85.0
20260804T175354Z,25.0,85.1
20260804T175409Z,25.0,85.5
20260804T175424Z,25.1,85.8
20260804T175439Z,25.1,85.7
20260804T175454Z,25.1,85.8
20260804T175509Z,25.1,86.1
20260804T175524Z,25.2,86.1
20260804T175539Z,25.2,86.2
20260804T175554Z,25.2,86.4
20260804T175609Z,25.2,86.4
20260804T175624Z,25.3,86.9
20260804T175639Z,25.3,87.0
20260804T175654Z,25.3,87.1
20260804T175709Z,25.3,87.3
20260804T175724Z,25.3,87.3
20260804T175739Z,25.3,87.3
20260804T175754Z,25.4,87.7
20260804T175809Z,25.4,87.7
20260804T175824Z,25.4,86.6
20260804T175839Z,25.4,86.4
20260804T175854Z,25.4,85.2
20260804T175909Z,25.4,84.1
20260804T175924Z,25.4,83.0
20260804T175939Z,25.3,82.4
20260804T175954Z,25.3,81.6
20260804T180009Z,25.3,80.4
20260804T180024Z,25.2,80.3
20260804T180039Z,25.1,79.5
20260804T180054Z,25.1,78.7
20260804T180109Z,25.0,78.0
20260804T180124Z,24.9,78.3
20260804T180139Z,24.9,80.6
20260804T180154Z,24.8,82.4
20260804T180209Z,24.8,83.7
20260804T180224Z,24.8,84.0
20260804T180239Z,24.8,84.1
20260804T180254Z,24.8,84.3
20260804T180309Z,24.8,84.6
20260804T180324Z,24.8,84.5
20260804T180339Z,24.8,84.6
20260804T180354Z,24.9,84.9
20260804T180409Z,24.9,85.1
20260804T180424Z,24.9,85.5
20260804T180439Z,24.9,85.8
20260804T180454Z,25.0,86.1
20260804T180509Z,25.0,86.1
20260804T180524Z,25.0,86.4
20260804T180539Z,25.0,86.7
20260804T180554Z,25.0,86.9
20260804T180609Z,25.1,87.0
20260804T180624Z,25.1,87.2
20260804T180639Z,25.2,87.1
20260804T180654Z,25.2,87.3
20260804T180709Z,25.2,87.4
20260804T180724Z,25.2,87.4
20260804T180739Z,25.3,87.6
20260804T180754Z,25.3,87.6
20260804T180809Z,25.3,88.0
20260804T180824Z,25.3,88.2
20260804T180839Z,25.4,88.1
20260804T180854Z,25.4,88.2
20260804T180909Z,25.4,88.4
20260804T180924Z,25.5,88.6
20260804T180939Z,25.5,88.4
20260804T180954Z,25.5,88.8
20260804T181009Z,25.5,89.0
20260804T181024Z,25.5,89.0
20260804T181039Z,25.5,89.1
20260804T181054Z,25.6,89.1
20260804T181109Z,25.6,89.2
20260804T181124Z,25.6,89.2
20260804T181139Z,25.6,89.5
20260804T181154Z,25.6,89.7
20260804T181209Z,25.7,89.6
20260804T181224Z,25.7,89.8
20260804T181239Z,25.7,89.9
20260804T181254Z,25.7,90.0
20260804T181309Z,25.7,90.1
20260804T181324Z,25.7,90.0
20260804T181339Z,25.8,90.2
20260804T181354Z,25.8,90.2
20260804T181409Z,25.8,90.4
20260804T181424Z,25.8,90.4
20260804T181439Z,25.8,90.4
20260804T181454Z,25.8,90.6
20260804T181509Z,25.9,90.4
20260804T181524Z,25.9,90.5
20260804T181539Z,25.9,90.6
20260804T181554Z,25.9,90.6
20260804T181609Z,25.9,90.6
20260804T181624Z,25.9,90.7
20260804T181639Z,26.0,90.8
20260804T181654Z,26.0,90.9
20260804T181709Z,26.0,90.8
20260804T181724Z,26.0,90.9
20260804T181739Z,26.0,90.9
20260804T181754Z,26.0,91.0
20260804T181809Z,26.0,91.0
20260804T181824Z,26.1,91.1
20260804T181839Z,26.1,91.1
20260804T181854Z,26.1,91.2
20260804T181909Z,26.1,91.1
20260804T181924Z,26.1,91.1
20260804T181939Z,26.1,91.2
20260804T181954Z,26.1,91.1
20260804T182009Z,26.1,91.2
20260804T182024Z,26.2,91.2
20260804T182039Z,26.2,91.3
20260804T182054Z,26.2,91.3
20260804T182109Z,26.2,91.3
20260804T182124Z,26.2,91.3
20260804T182139Z,26.2,91.3
20260804T182154Z,26.2,91.3
20260804T182209Z,26.3,91.3
20260804T182224Z,26.3,91.4
20260804T182239Z,26.3,91.4
20260804T182254Z,26.3,91.3
20260804T182309Z,26.3,91.4
20260804T182324Z,26.3,91.3
20260804T182339Z,26.3,91.3
20260804T182354Z,26.4,91.4
20260804T182409Z,26.4,91.4
20260804T182424Z,26.4,91.3
20260804T182439Z,26.4,91.4
20260804T182454Z,26.4,91.3
20260804T182509Z,26.4,91.3
20260804T182524Z,26.4,91.4
20260804T182539Z,26.4,91.3
20260804T182554Z,26.4,91.3
20260804T182609Z,26.4,91.3
20260804T182624Z,26.5,91.4
20260804T182639Z,26.5,91.3
20260804T182654Z,26.5,91.4
20260804T182709Z,26.5,91.4
20260804T182724Z,26.5,91.3
20260804T182739Z,26.5,91.3
20260804T182754Z,26.5,91.3
20260804T182809Z,26.5,90.2
20260804T182824Z,26.5,90.0
20260804T182839Z,26.5,88.1
20260804T182854Z,26.5,88.0
20260804T182909Z,26.4,86.8
20260804T182924Z,26.3,86.5
20260804T182939Z,26.3,85.9
20260804T182954Z,26.2,84.9
20260804T183009Z,26.1,84.2
20260804T183024Z,26.1,83.3
20260804T183039Z,26.0,82.5
20260804T183054Z,25.9,81.8
20260804T183109Z,25.8,81.1
20260804T183124Z,25.7,81.3
20260804T183139Z,25.6,80.5
20260804T183154Z,25.5,79.7
20260804T183209Z,25.4,79.1
20260804T183224Z,25.3,78.1
20260804T183239Z,25.2,78.0
20260804T183254Z,25.1,77.3
20260804T183309Z,24.9,77.9
20260804T183324Z,24.9,80.1
20260804T183339Z,24.8,82.7
20260804T183354Z,24.8,83.7
20260804T183409Z,24.7,84.5
20260804T183424Z,24.7,84.7
20260804T183439Z,24.7,84.8
20260804T183454Z,24.8,85.2
20260804T183509Z,24.8,85.1
20260804T183524Z,24.8,85.4
20260804T183539Z,24.8,85.4
20260804T183554Z,24.8,86.0
20260804T183609Z,24.9,86.0
20260804T183625Z,24.9,86.5
20260804T183640Z,24.9,86.6
20260804T183655Z,24.9,86.6
20260804T183710Z,25.0,87.0
20260804T183725Z,25.0,87.3
20260804T183740Z,25.1,87.4
20260804T183755Z,25.1,87.8
20260804T183810Z,25.1,87.8
20260804T183825Z,25.1,87.7
20260804T183840Z,25.2,87.7
20260804T183855Z,25.2,88.2
20260804T183910Z,25.3,88.0
20260804T183925Z,25.3,88.4
20260804T183940Z,25.3,88.6
20260804T183955Z,25.4,88.6
20260804T184010Z,25.4,88.8
20260804T184025Z,25.4,88.9
20260804T184040Z,25.4,89.1
20260804T184055Z,25.5,89.2
20260804T184110Z,25.5,89.4
20260804T184125Z,25.5,89.4
20260804T184140Z,25.6,89.6
20260804T184155Z,25.6,89.6
20260804T184210Z,25.6,89.9
20260804T184225Z,25.6,90.0
20260804T184240Z,25.6,90.1
20260804T184255Z,25.7,90.0
20260804T184310Z,25.7,90.2
20260804T184325Z,25.7,90.3
20260804T184340Z,25.7,90.3
20260804T184355Z,25.7,90.6
20260804T184410Z,25.7,90.6
20260804T184425Z,25.8,90.7
20260804T184440Z,25.8,90.9
20260804T184455Z,25.8,90.9
20260804T184510Z,25.8,90.9
20260804T184525Z,25.9,91.0
20260804T184540Z,25.9,91.2
20260804T184555Z,25.9,91.3
20260804T184610Z,25.9,91.2
20260804T184625Z,25.9,91.3
20260804T184640Z,25.9,91.4
20260804T184655Z,26.0,91.5
20260804T184710Z,26.0,91.5
20260804T184725Z,26.0,91.5
20260804T184740Z,26.0,91.4
20260804T184755Z,26.0,91.6
20260804T184810Z,26.0,91.6
20260804T184825Z,26.1,91.7
20260804T184840Z,26.1,91.6
20260804T184855Z,26.1,91.7
20260804T184910Z,26.1,91.6
20260804T184925Z,26.1,91.6
20260804T184940Z,26.2,91.7
20260804T184955Z,26.2,91.7
20260804T185010Z,26.2,91.8
20260804T185025Z,26.2,91.8
20260804T185040Z,26.2,91.7
20260804T185055Z,26.2,91.7
20260804T185110Z,26.3,91.7
20260804T185125Z,26.3,91.8
20260804T185140Z,26.3,91.8
20260804T185155Z,26.3,91.8
20260804T185210Z,26.3,91.8
20260804T185225Z,26.4,91.7
20260804T185240Z,26.4,91.8
20260804T185255Z,26.4,91.7
20260804T185310Z,26.4,91.8
20260804T185325Z,26.4,91.7
20260804T185340Z,26.4,91.7
20260804T185355Z,26.4,91.7
20260804T185410Z,26.4,91.7
20260804T185425Z,26.5,91.8
20260804T185440Z,26.5,91.8
20260804T185455Z,26.5,91.7
20260804T185510Z,26.5,91.7
20260804T185525Z,26.5,91.7
20260804T185540Z,26.5,91.7
20260804T185555Z,26.5,90.2
20260804T185610Z,26.5,90.7
20260804T185625Z,26.5,89.1
20260804T185640Z,26.4,88.0
20260804T185655Z,26.4,87.5
20260804T185710Z,26.4,86.7
20260804T185725Z,26.3,85.9
20260804T185740Z,26.2,85.4
20260804T185755Z,26.1,83.9
20260804T185810Z,26.1,84.0
20260804T185825Z,26.0,83.1
20260804T185840Z,25.9,82.3
20260804T185855Z,25.8,81.7
20260804T185910Z,25.7,81.0
20260804T185925Z,25.6,80.6
20260804T185940Z,25.5,80.2
20260804T185955Z,25.4,79.7
20260804T190010Z,25.3,78.8
20260804T190025Z,25.2,78.5
20260804T190040Z,25.1,78.0
20260804T190055Z,25.0,78.0
20260804T190110Z,24.9,79.3
20260804T190125Z,24.8,81.7
20260804T190140Z,24.8,83.1
20260804T190155Z,24.8,83.9
20260804T190210Z,24.8,84.3
20260804T190225Z,24.8,84.8
20260804T190240Z,24.8,84.8
20260804T190255Z,24.8,85.3
20260804T190310Z,24.9,85.4
20260804T190325Z,24.9,85.5
20260804T190340Z,24.9,85.7
20260804T190355Z,24.9,85.9
20260804T190410Z,25.0,85.9
20260804T190425Z,25.0,86.6
20260804T190440Z,25.0,86.6
20260804T190455Z,25.1,86.8
20260804T190510Z,25.1,87.1
20260804T190525Z,25.2,87.0
20260804T190540Z,25.2,87.2
20260804T190555Z,25.2,87.5
20260804T190610Z,25.2,87.8
20260804T190625Z,25.3,87.9
20260804T190640Z,25.3,88.0
20260804T190655Z,25.3,88.3
20260804T190710Z,25.4,88.4
20260804T190725Z,25.4,88.6
20260804T190740Z,25.4,88.7
20260804T190755Z,25.5,88.8
20260804T190810Z,25.5,89.0
20260804T190825Z,25.5,89.0
20260804T190840Z,25.5,89.3
20260804T190855Z,25.6,89.4
20260804T190910Z,25.6,89.4
20260804T190925Z,25.6,89.6
20260804T190940Z,25.6,89.7
20260804T190955Z,25.7,89.8
20260804T191010Z,25.7,89.8
20260804T191025Z,25.7,89.9
20260804T191040Z,25.7,90.0
20260804T191055Z,25.8,90.2
20260804T191110Z,25.8,90.2
20260804T191125Z,25.8,90.4
20260804T191140Z,25.8,90.5
20260804T191155Z,25.8,90.5
20260804T191210Z,25.9,90.7
20260804T191225Z,25.9,90.8
20260804T191240Z,25.9,90.9
20260804T191255Z,25.9,90.9
20260804T191310Z,25.9,91.0
20260804T191325Z,26.0,91.1
20260804T191340Z,26.0,91.1
20260804T191355Z,26.0,91.2
20260804T191410Z,26.0,91.2
20260804T191425Z,26.0,91.3
20260804T191440Z,26.0,91.5
20260804T191455Z,26.0,91.5
20260804T191510Z,26.1,91.5
20260804T191525Z,26.1,91.5
20260804T191540Z,26.1,91.7
20260804T191555Z,26.1,91.7
20260804T191610Z,26.1,91.8
20260804T191625Z,26.1,91.7
20260804T191640Z,26.2,91.7
20260804T191655Z,26.2,91.8
20260804T191710Z,26.2,91.7
20260804T191725Z,26.2,91.8
20260804T191740Z,26.2,91.8
20260804T191755Z,26.3,91.7
20260804T191810Z,26.3,91.7
20260804T191825Z,26.3,91.7
20260804T191840Z,26.3,91.7
20260804T191855Z,26.3,91.7
20260804T191910Z,26.3,91.8
20260804T191925Z,26.4,91.7
20260804T191940Z,26.4,91.7
20260804T191955Z,26.4,91.7
20260804T192010Z,26.4,91.7
20260804T192025Z,26.4,91.6
20260804T192040Z,26.5,91.7
20260804T192055Z,26.5,91.7
20260804T192110Z,26.5,91.7
20260804T192125Z,26.5,91.6
20260804T192140Z,26.5,91.6
20260804T192155Z,26.5,91.7
20260804T192210Z,26.5,91.7
20260804T192225Z,26.6,91.6
20260804T192240Z,26.6,91.6
20260804T192255Z,26.6,91.6
20260804T192310Z,26.6,91.6
20260804T192325Z,26.6,91.6
20260804T192340Z,26.6,91.6
20260804T192355Z,26.6,91.5
20260804T192410Z,26.6,91.5
20260804T192425Z,26.6,91.5
20260804T192440Z,26.6,91.6
20260804T192455Z,26.7,91.5
20260804T192510Z,26.7,91.5
20260804T192525Z,26.7,91.4
20260804T192540Z,26.7,91.5
20260804T192555Z,26.7,91.5
20260804T192610Z,26.7,91.4
20260804T192625Z,26.7,91.5
20260804T192640Z,26.7,91.5
20260804T192655Z,26.8,91.4
20260804T192710Z,26.8,91.4
20260804T192725Z,26.8,91.4
20260804T192740Z,26.8,91.4
20260804T192755Z,26.8,91.4
20260804T192810Z,26.8,91.4
20260804T192825Z,26.8,91.4
20260804T192840Z,26.8,91.3
20260804T192855Z,26.9,91.3
20260804T192910Z,26.8,91.3
20260804T192925Z,26.9,91.3
20260804T192940Z,26.9,91.3
20260804T192955Z,26.9,91.3
20260804T193010Z,26.9,91.3
20260804T193025Z,26.9,91.2
20260804T193040Z,26.9,91.2
20260804T193055Z,26.9,91.2
20260804T193110Z,26.9,91.2
20260804T193125Z,26.9,91.1
20260804T193140Z,27.0,91.2
20260804T193155Z,27.0,91.2
20260804T193210Z,27.0,91.2
20260804T193225Z,27.0,91.2
20260804T193240Z,27.0,91.1
20260804T193255Z,27.0,91.1
20260804T193310Z,27.0,91.1
20260804T193325Z,27.0,91.1
20260804T193340Z,27.0,91.1
20260804T193355Z,27.0,91.0
20260804T193410Z,27.0,91.0
20260804T193425Z,27.0,91.0
20260804T193440Z,27.0,91.0
20260804T193455Z,27.1,91.0
20260804T193510Z,27.1,91.0
20260804T193525Z,27.1,91.0
20260804T193540Z,27.1,91.0
20260804T193555Z,27.1,90.9
20260804T193610Z,27.1,91.0
20260804T193625Z,27.1,91.0
20260804T193640Z,27.1,90.9
20260804T193655Z,27.1,90.9
20260804T193710Z,27.1,90.9
20260804T193725Z,27.1,90.9
20260804T193740Z,27.1,90.9
20260804T193755Z,27.1,90.9
20260804T193810Z,27.1,90.9
20260804T193825Z,27.1,90.9
20260804T193840Z,27.1,90.9
20260804T193855Z,27.2,90.9
20260804T193910Z,27.1,90.9
20260804T193925Z,27.2,90.9
20260804T193940Z,27.2,90.9
20260804T193955Z,27.2,90.9
20260804T194010Z,27.2,90.9
20260804T194025Z,27.2,90.9
20260804T194040Z,27.2,90.9
20260804T194055Z,27.2,90.9
20260804T194110Z,27.2,90.9
20260804T194125Z,27.2,90.9
20260804T194140Z,27.2,90.8
20260804T194155Z,27.2,90.8
20260804T194210Z,27.2,90.8
20260804T194225Z,27.2,90.9
20260804T194240Z,27.2,90.8
20260804T194255Z,27.2,90.9
20260804T194310Z,27.2,90.8
20260804T194325Z,27.2,90.8
20260804T194340Z,27.2,90.9
20260804T194355Z,27.2,90.8
20260804T194410Z,27.2,90.8
20260804T194425Z,27.2,90.8
20260804T194440Z,27.3,90.8
20260804T194455Z,27.2,90.8
20260804T194510Z,27.3,90.8
20260804T194525Z,27.2,90.8
20260804T194540Z,27.3,90.8
20260804T194555Z,27.3,90.8
20260804T194610Z,27.3,90.8
20260804T194625Z,27.3,90.8
20260804T194640Z,27.3,90.8
20260804T194655Z,27.3,90.8
20260804T194710Z,27.3,90.9
20260804T194725Z,27.3,90.8
20260804T194740Z,27.3,90.8
20260804T194755Z,27.3,90.8
20260804T194810Z,27.3,90.8
20260804T194825Z,27.3,90.8
20260804T194840Z,27.3,90.8
20260804T194855Z,27.3,90.7
20260804T194910Z,27.3,90.7
20260804T194925Z,27.3,90.8
20260804T194940Z,27.3,90.8
20260804T194955Z,27.3,90.8
20260804T195010Z,27.3,90.8
20260804T195025Z,27.3,90.8
20260804T195040Z,27.3,90.8
20260804T195055Z,27.4,90.8
20260804T195110Z,27.3,90.8
20260804T195125Z,27.4,90.8
20260804T195140Z,27.3,90.8
20260804T195155Z,27.4,90.7
20260804T195210Z,27.4,90.8
20260804T195225Z,27.4,90.7
20260804T195240Z,27.4,90.8
20260804T195255Z,27.4,90.7
20260804T195310Z,27.4,90.8
20260804T195325Z,27.4,90.8
20260804T195340Z,27.4,90.8
20260804T195355Z,27.4,90.8
20260804T195410Z,27.4,90.8
20260804T195425Z,27.4,90.7
20260804T195440Z,27.4,90.7
20260804T195455Z,27.4,90.8
20260804T195510Z,27.4,90.7
20260804T195525Z,27.4,90.7
20260804T195540Z,27.4,90.8
20260804T195555Z,27.4,90.7
20260804T195610Z,27.4,90.8
20260804T195625Z,27.4,90.8
20260804T195640Z,27.4,90.8
20260804T195655Z,27.5,90.8
20260804T195710Z,27.5,90.8
20260804T195725Z,27.5,90.7
20260804T195740Z,27.5,90.7
20260804T195755Z,27.5,90.7
20260804T195810Z,27.5,90.7
20260804T195825Z,27.5,90.7
20260804T195840Z,27.5,90.7
20260804T195855Z,27.5,90.7
20260804T195910Z,27.5,90.7
20260804T195925Z,27.5,90.7
20260804T195940Z,27.5,90.7
20260804T195955Z,27.5,90.7
20260804T200010Z,27.5,90.7
20260804T200025Z,27.5,90.6
20260804T200040Z,27.5,90.6
20260804T200055Z,27.5,90.6
20260804T200110Z,27.5,90.6
20260804T200125Z,27.5,90.6
20260804T200140Z,27.5,90.6
20260804T200155Z,27.5,90.6
20260804T200210Z,27.5,90.6
20260804T200225Z,27.5,90.7
20260804T200240Z,27.5,90.7
20260804T200255Z,27.5,90.6
20260804T200310Z,27.5,90.7
20260804T200325Z,27.5,90.6
20260804T200340Z,27.5,90.6
20260804T200355Z,27.5,90.7
20260804T200410Z,27.5,90.6
20260804T200425Z,27.5,90.6
20260804T200440Z,27.5,90.6
20260804T200455Z,27.5,90.6
20260804T200510Z,27.5,90.6
20260804T200525Z,27.5,90.6
20260804T200540Z,27.5,90.6
20260804T200555Z,27.5,90.6
20260804T200610Z,27.5,90.6
20260804T200625Z,27.5,90.6
20260804T200640Z,27.5,90.6
20260804T200655Z,27.5,90.5
20260804T200710Z,27.5,90.6
20260804T200725Z,27.5,90.5
20260804T200740Z,27.5,90.5
20260804T200755Z,27.6,90.5
20260804T200810Z,27.6,90.5
20260804T200825Z,27.6,90.5
20260804T200840Z,27.6,90.5
20260804T200855Z,27.6,90.5
20260804T200910Z,27.6,90.5
20260804T200925Z,27.6,90.4
20260804T200940Z,27.6,90.4
20260804T200955Z,27.6,90.5
20260804T201010Z,27.6,90.5
20260804T201025Z,27.6,89.2
20260804T201040Z,27.6,89.7
20260804T201055Z,27.5,87.6
20260804T201110Z,27.5,87.4
20260804T201125Z,27.4,86.5
20260804T201140Z,27.3,85.6
20260804T201155Z,27.2,85.7
20260804T201210Z,27.2,84.7
20260804T201225Z,27.1,84.7
20260804T201240Z,27.0,83.2
20260804T201255Z,26.9,82.7
20260804T201310Z,26.8,82.1
20260804T201325Z,26.7,81.4
20260804T201340Z,26.5,81.6
20260804T201355Z,26.5,80.5
20260804T201410Z,26.4,80.2
20260804T201425Z,26.3,79.6
20260804T201440Z,26.1,79.1
20260804T201455Z,26.0,79.2
20260804T201510Z,25.9,81.7
20260804T201525Z,25.9,83.3
20260804T201540Z,25.8,84.6
20260804T201555Z,25.8,85.5
20260804T201610Z,25.7,85.7
20260804T201625Z,25.7,86.2
20260804T201640Z,25.7,86.1
20260804T201655Z,25.7,86.4
20260804T201710Z,25.7,86.2
20260804T201725Z,25.7,86.7
20260804T201740Z,25.8,87.1
20260804T201755Z,25.8,87.6
20260804T201810Z,25.8,87.4
20260804T201825Z,25.8,87.8
20260804T201840Z,25.8,88.1
20260804T201855Z,25.9,88.3
20260804T201910Z,25.9,88.3
20260804T201925Z,25.9,88.5
20260804T201940Z,25.9,88.6
20260804T201955Z,26.0,89.0
20260804T202010Z,26.0,89.1
20260804T202025Z,26.0,89.3
20260804T202040Z,26.0,89.3
20260804T202055Z,26.1,89.3
20260804T202110Z,26.1,89.5
20260804T202125Z,26.2,89.8
20260804T202140Z,26.2,90.0
20260804T202155Z,26.2,89.9
20260804T202210Z,26.2,90.2
20260804T202225Z,26.2,90.3
20260804T202240Z,26.2,90.4
20260804T202255Z,26.3,90.5
20260804T202310Z,26.3,90.6
20260804T202325Z,26.3,90.8
20260804T202340Z,26.3,90.8
20260804T202355Z,26.3,90.9
20260804T202410Z,26.4,91.1
20260804T202425Z,26.4,91.2
20260804T202440Z,26.4,91.3
20260804T202455Z,26.4,91.4
20260804T202510Z,26.4,91.5
20260804T202525Z,26.4,91.5
20260804T202540Z,26.4,91.7
20260804T202555Z,26.5,91.8
20260804T202610Z,26.5,91.9
20260804T202625Z,26.5,91.9
20260804T202640Z,26.5,92.0
20260804T202655Z,26.5,92.0
20260804T202710Z,26.6,92.1
20260804T202725Z,26.6,92.1
20260804T202740Z,26.6,92.2
20260804T202755Z,26.6,92.1
20260804T202810Z,26.6,92.2
20260804T202825Z,26.6,92.2
20260804T202840Z,26.7,92.2
20260804T202855Z,26.7,92.2
20260804T202910Z,26.7,92.1
20260804T202925Z,26.7,92.1
20260804T202940Z,26.7,92.2
20260804T202955Z,26.8,92.2
20260804T203010Z,26.8,92.2
20260804T203025Z,26.8,92.2
20260804T203040Z,26.8,92.1
20260804T203055Z,26.8,92.1
20260804T203110Z,26.9,92.1
20260804T203125Z,26.9,92.1
20260804T203140Z,26.9,92.0
20260804T203155Z,26.9,92.0
20260804T203210Z,26.9,92.1
20260804T203225Z,27.0,92.0
20260804T203240Z,27.0,92.0
20260804T203255Z,27.0,92.0
20260804T203310Z,27.0,91.9
20260804T203325Z,27.0,91.9
20260804T203340Z,27.0,91.9
20260804T203355Z,27.0,91.9
20260804T203410Z,27.0,91.9
20260804T203425Z,27.1,91.8
20260804T203440Z,27.1,91.7
20260804T203455Z,27.1,91.7
20260804T203510Z,27.1,91.7
20260804T203525Z,27.1,91.7
20260804T203540Z,27.1,91.6
20260804T203555Z,27.2,91.6
20260804T203610Z,27.2,91.5
20260804T203625Z,27.2,91.6
20260804T203640Z,27.2,91.5
20260804T203655Z,27.2,91.5
20260804T203710Z,27.2,91.5
20260804T203725Z,27.2,91.5
20260804T203740Z,27.3,91.5
20260804T203755Z,27.3,91.4
20260804T203810Z,27.3,91.4
20260804T203825Z,27.3,91.3
20260804T203840Z,27.3,91.4
20260804T203855Z,27.3,91.3
20260804T203910Z,27.3,91.3
20260804T203925Z,27.3,91.3
20260804T203940Z,27.3,91.3
20260804T203955Z,27.3,91.3
20260804T204010Z,27.3,91.2
20260804T204025Z,27.3,91.2
20260804T204040Z,27.3,91.2
20260804T204055Z,27.3,91.2
20260804T204110Z,27.4,91.1
20260804T204125Z,27.4,91.2
20260804T204140Z,27.4,91.1
20260804T204155Z,27.4,91.1
20260804T204210Z,27.4,91.1
20260804T204225Z,27.4,91.1
20260804T204240Z,27.4,91.0
20260804T204255Z,27.4,91.0
20260804T204310Z,27.4,91.0
20260804T204325Z,27.4,91.0
20260804T204340Z,27.4,91.0
20260804T204355Z,27.4,91.0
20260804T204410Z,27.4,91.0
20260804T204425Z,27.4,91.0
20260804T204440Z,27.5,90.9
20260804T204455Z,27.5,90.9
20260804T204510Z,27.5,90.9
20260804T204525Z,27.5,90.9
20260804T204540Z,27.5,90.9
20260804T204555Z,27.5,90.9
20260804T204610Z,27.5,90.9
20260804T204625Z,27.5,90.9
20260804T204640Z,27.5,90.8
20260804T204655Z,27.5,90.8
20260804T204710Z,27.5,90.8
20260804T204725Z,27.5,90.8
20260804T204740Z,27.5,90.8
20260804T204755Z,27.5,90.8
20260804T204810Z,27.5,90.7
20260804T204825Z,27.6,90.7
20260804T204840Z,27.6,90.7
20260804T204855Z,27.6,90.7
20260804T204910Z,27.6,90.7
20260804T204925Z,27.6,90.7
20260804T204940Z,27.6,90.7
20260804T204955Z,27.6,90.7
20260804T205010Z,27.6,90.6
20260804T205025Z,27.6,90.6
20260804T205040Z,27.6,90.6
20260804T205055Z,27.6,90.6
20260804T205110Z,27.6,90.6
20260804T205125Z,27.6,90.6
20260804T205140Z,27.6,90.6
20260804T205155Z,27.6,90.6
20260804T205210Z,27.6,90.6
20260804T205225Z,27.6,90.6
20260804T205240Z,27.6,90.5
20260804T205255Z,27.6,90.5
20260804T205310Z,27.6,90.5
20260804T205325Z,27.6,90.5
20260804T205340Z,27.6,89.8
20260804T205355Z,27.6,89.3
20260804T205410Z,27.6,87.6
20260804T205425Z,27.5,87.3
20260804T205440Z,27.4,87.2
20260804T205455Z,27.3,86.2
20260804T205510Z,27.3,85.5
20260804T205525Z,27.2,84.8
20260804T205540Z,27.1,84.5
20260804T205555Z,27.0,83.2
20260804T205610Z,26.9,82.7
20260804T205625Z,26.8,81.2
20260804T205640Z,26.7,81.4
20260804T205655Z,26.6,81.2
20260804T205710Z,26.4,80.6
20260804T205725Z,26.3,80.2
20260804T205740Z,26.2,79.5
20260804T205755Z,26.1,78.4
20260804T205810Z,26.0,79.5
20260804T205825Z,25.9,82.6
20260804T205840Z,25.9,84.3
20260804T205855Z,25.8,85.3
20260804T205910Z,25.8,85.6
20260804T205925Z,25.8,85.8
20260804T205940Z,25.8,86.1
20260804T205955Z,25.8,86.3
20260804T210010Z,25.8,86.4
20260804T210025Z,25.8,86.7
20260804T210040Z,25.8,87.0
20260804T210055Z,25.8,87.4
20260804T210110Z,25.8,87.3
20260804T210125Z,25.8,87.9
20260804T210140Z,25.8,87.9
20260804T210155Z,25.9,88.2
20260804T210210Z,25.9,88.5
20260804T210225Z,25.9,88.6
20260804T210240Z,26.0,88.7
20260804T210255Z,26.0,88.8
20260804T210310Z,26.0,89.0
20260804T210325Z,26.0,89.0
20260804T210340Z,26.1,89.3
20260804T210355Z,26.1,89.4
20260804T210410Z,26.1,89.6
20260804T210425Z,26.2,89.7
20260804T210440Z,26.2,90.0
20260804T210455Z,26.2,89.9
20260804T210510Z,26.2,89.9
20260804T210525Z,26.3,90.2
20260804T210540Z,26.3,90.4
20260804T210555Z,26.3,90.5
20260804T210610Z,26.3,90.6
20260804T210625Z,26.3,90.6
20260804T210640Z,26.4,90.8
20260804T210655Z,26.4,91.0
20260804T210710Z,26.4,90.9
20260804T210725Z,26.4,91.1
20260804T210740Z,26.4,91.1
20260804T210755Z,26.5,91.3
20260804T210810Z,26.5,91.4
20260804T210825Z,26.5,91.4
20260804T210840Z,26.5,91.6
20260804T210855Z,26.5,91.7
20260804T210910Z,26.5,91.7
20260804T210925Z,26.6,91.7
20260804T210940Z,26.6,91.9
20260804T210955Z,26.6,91.9
20260804T211010Z,26.6,91.9
20260804T211025Z,26.6,92.0
20260804T211040Z,26.6,92.0
20260804T211055Z,26.6,92.0
20260804T211110Z,26.7,92.2
20260804T211125Z,26.7,92.1
20260804T211140Z,26.7,92.2
20260804T211155Z,26.7,92.2
20260804T211210Z,26.7,92.2
20260804T211225Z,26.8,92.2
20260804T211240Z,26.8,92.2
20260804T211255Z,26.8,92.3
20260804T211310Z,26.8,92.3
20260804T211325Z,26.8,92.2
20260804T211340Z,26.8,92.2
20260804T211355Z,26.8,92.3
20260804T211410Z,26.9,92.3
20260804T211425Z,26.9,92.2
20260804T211440Z,26.9,92.2
20260804T211455Z,26.9,92.2
20260804T211510Z,26.9,92.1
20260804T211525Z,27.0,92.1
20260804T211540Z,26.9,92.1
20260804T211555Z,27.0,92.1
20260804T211610Z,27.0,92.1
20260804T211625Z,27.0,92.1
20260804T211640Z,27.0,92.1
20260804T211655Z,27.0,92.0
20260804T211710Z,27.0,92.0
20260804T211725Z,27.1,92.0
20260804T211740Z,27.1,92.0
20260804T211755Z,27.1,92.0
20260804T211810Z,27.1,91.9
20260804T211825Z,27.1,91.9
20260804T211840Z,27.1,91.9
20260804T211855Z,27.1,91.8
20260804T211910Z,27.2,91.8
20260804T211925Z,27.2,91.8
20260804T211940Z,27.2,91.8
20260804T211955Z,27.2,91.8
20260804T212010Z,27.2,91.7
20260804T212025Z,27.2,91.7
20260804T212040Z,27.2,91.7
20260804T212055Z,27.2,91.7
20260804T212110Z,27.3,91.6
20260804T212125Z,27.3,91.6
20260804T212140Z,27.3,91.6
20260804T212155Z,27.3,91.6
20260804T212210Z,27.3,91.5
20260804T212225Z,27.3,91.5
20260804T212240Z,27.3,91.5
20260804T212255Z,27.3,91.5
20260804T212310Z,27.3,91.5
20260804T212325Z,27.3,91.5
20260804T212340Z,27.3,91.4
20260804T212355Z,27.3,91.4
20260804T212410Z,27.4,91.4
20260804T212425Z,27.4,91.4
20260804T212440Z,27.4,91.4
20260804T212455Z,27.4,91.3
20260804T212510Z,27.4,91.3
20260804T212525Z,27.4,91.3
20260804T212540Z,27.4,91.3
20260804T212555Z,27.4,91.3
20260804T212610Z,27.4,91.3
20260804T212625Z,27.4,91.2
20260804T212640Z,27.4,91.2
20260804T212655Z,27.4,91.2
20260804T212710Z,27.4,91.2
20260804T212725Z,27.5,91.1
20260804T212740Z,27.5,91.2
20260804T212755Z,27.5,91.1
20260804T212810Z,27.5,91.1
20260804T212825Z,27.5,91.1
20260804T212840Z,27.5,91.1
20260804T212855Z,27.5,91.1
20260804T212910Z,27.5,91.1
20260804T212925Z,27.5,91.0
20260804T212940Z,27.5,91.1
20260804T212955Z,27.5,91.0
20260804T213010Z,27.5,91.0
20260804T213025Z,27.5,91.0
20260804T213040Z,27.5,91.0
20260804T213055Z,27.6,90.9
20260804T213110Z,27.5,91.0
20260804T213125Z,27.6,90.9
20260804T213140Z,27.6,90.9
20260804T213155Z,27.6,90.9
20260804T213210Z,27.6,90.9
20260804T213225Z,27.6,90.9
20260804T213240Z,27.6,90.9
20260804T213255Z,27.6,90.9
20260804T213310Z,27.6,90.8
20260804T213325Z,27.6,90.9
20260804T213340Z,27.6,90.9
20260804T213355Z,27.6,90.9
20260804T213410Z,27.6,90.8
20260804T213425Z,27.6,90.8
20260804T213440Z,27.6,90.8
20260804T213455Z,27.6,90.8
20260804T213510Z,27.6,90.8
20260804T213525Z,27.6,90.8
20260804T213540Z,27.6,90.8
20260804T213555Z,27.6,90.8
20260804T213610Z,27.6,90.8
20260804T213625Z,27.6,90.8
20260804T213640Z,27.6,90.8
20260804T213655Z,27.6,90.7
20260804T213710Z,27.7,90.3
20260804T213725Z,27.6,88.7
20260804T213740Z,27.6,87.9
20260804T213755Z,27.5,87.1
20260804T213810Z,27.4,86.2
20260804T213825Z,27.4,85.9
20260804T213840Z,27.3,85.4
20260804T213855Z,27.2,85.2
20260804T213910Z,27.1,84.5
20260804T213925Z,27.1,83.5
20260804T213940Z,27.0,82.7
20260804T213955Z,26.9,82.3
20260804T214010Z,26.8,81.4
20260804T214025Z,26.7,81.4
20260804T214040Z,26.6,79.9
20260804T214055Z,26.4,79.6
20260804T214110Z,26.3,79.2
20260804T214125Z,26.2,78.6
20260804T214140Z,26.1,79.9
20260804T214155Z,26.0,82.0
20260804T214210Z,25.9,83.9
20260804T214225Z,25.9,84.8
20260804T214240Z,25.8,85.4
20260804T214255Z,25.8,85.9
20260804T214310Z,25.8,86.0
20260804T214325Z,25.8,86.1
20260804T214340Z,25.8,86.2
20260804T214355Z,25.8,86.6
20260804T214410Z,25.8,86.8
20260804T214425Z,25.8,87.0
20260804T214440Z,25.8,87.2
20260804T214455Z,25.9,87.5
20260804T214510Z,25.9,87.5
20260804T214525Z,25.9,87.7
20260804T214540Z,26.0,87.9
20260804T214555Z,26.0,88.2
20260804T214610Z,26.0,88.3
20260804T214625Z,26.1,88.5
20260804T214640Z,26.1,88.8
20260804T214655Z,26.1,88.8
20260804T214710Z,26.1,89.0
20260804T214725Z,26.2,89.2
20260804T214740Z,26.2,89.2
20260804T214755Z,26.2,89.3
20260804T214810Z,26.2,89.5
20260804T214825Z,26.3,89.8
20260804T214840Z,26.3,89.8
20260804T214855Z,26.3,90.1
20260804T214910Z,26.3,90.2
20260804T214925Z,26.4,90.1
20260804T214940Z,26.4,90.2
20260804T214955Z,26.4,90.5
20260804T215010Z,26.4,90.6
20260804T215025Z,26.5,90.8
20260804T215040Z,26.4,90.8
20260804T215055Z,26.5,90.9
20260804T215110Z,26.5,90.9
20260804T215125Z,26.5,91.0
20260804T215140Z,26.5,91.2
20260804T215155Z,26.6,91.3
20260804T215210Z,26.6,91.3
20260804T215225Z,26.6,91.3
20260804T215240Z,26.6,91.6
20260804T215255Z,26.6,91.7
20260804T215310Z,26.6,91.8
20260804T215325Z,26.6,91.8
20260804T215340Z,26.7,91.8
20260804T215355Z,26.7,91.9
20260804T215410Z,26.7,92.0
20260804T215425Z,26.7,92.0
20260804T215440Z,26.7,92.1
20260804T215455Z,26.7,92.1
20260804T215510Z,26.7,92.2
20260804T215525Z,26.7,92.2
20260804T215540Z,26.8,92.3
20260804T215555Z,26.8,92.3
20260804T215610Z,26.8,92.3
20260804T215625Z,26.8,92.4
20260804T215640Z,26.8,92.4
20260804T215655Z,26.8,92.3
20260804T215710Z,26.8,92.4
20260804T215725Z,26.9,92.4
20260804T215740Z,26.9,92.4
20260804T215755Z,26.9,92.4
20260804T215810Z,26.9,92.3
20260804T215825Z,26.9,92.3
20260804T215840Z,26.9,92.3
20260804T215855Z,26.9,92.3
20260804T215910Z,27.0,92.4
20260804T215925Z,27.0,92.3
20260804T215940Z,27.0,92.3
20260804T215955Z,27.0,92.3
20260804T220010Z,27.0,92.2
20260804T220025Z,27.0,92.2
20260804T220040Z,27.0,92.2
20260804T220055Z,27.1,92.2
20260804T220110Z,27.1,92.2
20260804T220125Z,27.1,91.1
20260804T220140Z,27.1,90.6
20260804T220155Z,27.0,88.6
20260804T220210Z,27.0,88.3
20260804T220225Z,26.9,87.7
20260804T220240Z,26.9,86.7
20260804T220255Z,26.8,86.5
20260804T220310Z,26.8,85.3
20260804T220325Z,26.7,84.2
20260804T220340Z,26.6,84.0
20260804T220355Z,26.5,83.1
20260804T220410Z,26.4,82.5
20260804T220425Z,26.3,81.8
20260804T220440Z,26.2,81.4
20260804T220455Z,26.1,80.5
20260804T220510Z,26.0,81.0
20260804T220525Z,25.9,80.2
20260804T220540Z,25.8,79.7
20260804T220555Z,25.7,78.7
20260804T220610Z,25.6,77.7
20260804T220625Z,25.4,77.3
20260804T220640Z,25.3,77.5
20260804T220655Z,25.2,76.4
20260804T220710Z,25.1,75.9
20260804T220725Z,25.0,75.5
20260804T220740Z,24.9,75.1
20260804T220755Z,24.7,74.8
20260804T220810Z,24.7,75.1
20260804T220825Z,24.6,78.1
20260804T220840Z,24.6,80.3
20260804T220855Z,24.6,81.9
20260804T220910Z,24.6,82.4
20260804T220925Z,24.6,82.7
20260804T220940Z,24.6,83.2
20260804T220955Z,24.7,83.0
20260804T221010Z,24.7,83.1
20260804T221025Z,24.8,83.2
20260804T221040Z,24.8,83.4
20260804T221055Z,24.9,83.6
20260804T221110Z,24.9,83.8
20260804T221125Z,25.0,84.1
20260804T221140Z,25.1,84.7
20260804T221155Z,25.1,84.4
20260804T221210Z,25.2,84.7
20260804T221225Z,25.2,85.1
20260804T221240Z,25.3,85.2
20260804T221255Z,25.3,85.4
20260804T221310Z,25.3,85.5
20260804T221325Z,25.4,85.8
20260804T221340Z,25.4,85.7
20260804T221355Z,25.5,85.8
20260804T221410Z,25.5,86.0
20260804T221425Z,25.6,86.1
20260804T221440Z,25.6,86.6
20260804T221455Z,25.6,86.5
20260804T221510Z,25.7,86.9
20260804T221525Z,25.7,86.9
20260804T221540Z,25.7,87.2
20260804T221555Z,25.8,87.2
20260804T221610Z,25.8,87.5
20260804T221625Z,25.8,87.7
20260804T221640Z,25.9,87.8
20260804T221655Z,25.9,87.7
20260804T221710Z,25.9,88.0
20260804T221725Z,25.9,88.1
20260804T221740Z,26.0,88.3
20260804T221755Z,26.0,88.4
20260804T221810Z,26.0,88.6
20260804T221825Z,26.0,88.5
20260804T221840Z,26.0,88.9
20260804T221855Z,26.1,89.0
20260804T221910Z,26.1,89.2
20260804T221925Z,26.1,89.3
20260804T221940Z,26.1,89.4
20260804T221955Z,26.1,89.6
20260804T222010Z,26.2,89.6
20260804T222025Z,26.2,89.7
20260804T222040Z,26.2,89.8
20260804T222055Z,26.2,89.9
20260804T222110Z,26.2,90.1
20260804T222125Z,26.2,90.2
20260804T222140Z,26.2,90.3
20260804T222155Z,26.3,90.2
20260804T222210Z,26.3,90.5
20260804T222225Z,26.3,90.5
20260804T222240Z,26.3,90.5
20260804T222255Z,26.3,90.5
20260804T222310Z,26.4,90.6
20260804T222325Z,26.4,90.7
20260804T222340Z,26.4,90.7
20260804T222355Z,26.4,90.7
20260804T222410Z,26.4,90.9
20260804T222425Z,26.4,90.9
20260804T222440Z,26.4,90.9
20260804T222455Z,26.5,91.0
20260804T222510Z,26.5,90.9
20260804T222525Z,26.5,91.0
20260804T222540Z,26.5,91.1
20260804T222555Z,26.5,91.1
20260804T222610Z,26.6,91.1
20260804T222625Z,26.6,91.0
20260804T222640Z,26.6,90.3
20260804T222655Z,26.6,88.9
20260804T222710Z,26.5,87.9
20260804T222725Z,26.5,86.8
20260804T222740Z,26.4,86.7
20260804T222755Z,26.4,86.2
20260804T222810Z,26.3,85.4
20260804T222825Z,26.3,84.1
20260804T222840Z,26.3,83.6
20260804T222855Z,26.2,82.3
20260804T222910Z,26.1,81.5
20260804T222925Z,26.0,80.1
20260804T222940Z,25.9,80.0
20260804T222955Z,25.8,79.6
20260804T223010Z,25.7,78.6
20260804T223025Z,25.6,78.6
20260804T223041Z,25.5,78.6
20260804T223055Z,25.4,77.5
20260804T223110Z,25.3,77.3
20260804T223125Z,25.2,76.3
20260804T223141Z,25.1,75.7
20260804T223156Z,24.9,76.3
20260804T223211Z,24.9,78.6
20260804T223226Z,24.8,80.2
20260804T223241Z,24.8,82.2
20260804T223256Z,24.8,83.2
20260804T223311Z,24.8,83.2
20260804T223326Z,24.8,83.4
20260804T223341Z,24.8,83.6
20260804T223356Z,24.9,83.7
20260804T223411Z,24.9,83.7
20260804T223426Z,24.9,84.1
20260804T223441Z,25.0,84.0
20260804T223456Z,25.0,84.3
20260804T223511Z,25.1,84.7
20260804T223526Z,25.1,85.1
20260804T223541Z,25.2,85.0
20260804T223556Z,25.2,85.2
20260804T223611Z,25.2,85.4
20260804T223626Z,25.3,85.4
20260804T223641Z,25.3,85.7
20260804T223656Z,25.4,86.0
20260804T223711Z,25.4,85.9
20260804T223726Z,25.4,86.4
20260804T223741Z,25.5,86.5
20260804T223756Z,25.5,86.7
20260804T223811Z,25.5,86.7
20260804T223826Z,25.6,87.1
20260804T223841Z,25.6,87.2
20260804T223856Z,25.7,87.3
20260804T223911Z,25.7,87.6
20260804T223926Z,25.7,87.7
20260804T223941Z,25.7,87.7
20260804T223956Z,25.8,87.9
20260804T224011Z,25.8,88.0
20260804T224026Z,25.8,88.3
20260804T224041Z,25.8,88.3
20260804T224056Z,25.9,88.5
20260804T224111Z,25.9,88.8
20260804T224126Z,25.9,89.0
20260804T224141Z,25.9,89.0
20260804T224156Z,25.9,89.2
20260804T224211Z,26.0,89.1
20260804T224226Z,26.0,89.5
20260804T224241Z,26.0,89.5
20260804T224256Z,26.0,89.6
20260804T224311Z,26.0,89.7
20260804T224326Z,26.1,89.8
20260804T224341Z,26.1,89.9
20260804T224356Z,26.1,90.1
20260804T224411Z,26.1,90.1
20260804T224426Z,26.1,90.2
20260804T224441Z,26.2,90.3
20260804T224456Z,26.2,90.4
20260804T224511Z,26.2,90.3
20260804T224526Z,26.2,90.5
20260804T224541Z,26.2,90.6
20260804T224556Z,26.2,90.6
20260804T224611Z,26.3,90.7
20260804T224626Z,26.3,90.7
20260804T224641Z,26.3,90.8
20260804T224656Z,26.3,90.9
20260804T224711Z,26.3,90.8
20260804T224726Z,26.3,90.9
20260804T224741Z,26.4,90.9
20260804T224756Z,26.4,90.9
20260804T224811Z,26.4,90.8
20260804T224826Z,26.4,91.0
20260804T224841Z,26.4,91.0
20260804T224856Z,26.5,90.9
20260804T224911Z,26.5,91.1
20260804T224926Z,26.5,91.0
20260804T224941Z,26.5,91.0
20260804T224956Z,26.5,91.1
20260804T225011Z,26.6,91.1
20260804T225026Z,26.6,91.1
20260804T225041Z,26.6,91.0
20260804T225056Z,26.6,91.1
20260804T225111Z,26.6,90.4
20260804T225126Z,26.6,90.4
20260804T225141Z,26.6,87.8
20260804T225156Z,26.6,87.3
20260804T225211Z,26.5,87.2
20260804T225226Z,26.5,86.2
20260804T225241Z,26.4,85.5
20260804T225256Z,26.4,85.1
20260804T225311Z,26.3,84.0
20260804T225326Z,26.2,82.8
20260804T225341Z,26.2,82.1
20260804T225356Z,26.1,81.7
20260804T225411Z,26.0,81.2
20260804T225426Z,25.9,80.5
20260804T225441Z,25.8,80.0
20260804T225456Z,25.7,79.2
20260804T225511Z,25.6,79.2
20260804T225526Z,25.5,77.5
20260804T225541Z,25.4,77.5
20260804T225556Z,25.3,76.4
20260804T225611Z,25.2,75.9
20260804T225626Z,25.1,76.0
20260804T225641Z,25.0,77.8
20260804T225656Z,24.9,79.6
20260804T225711Z,24.9,81.9
20260804T225726Z,24.9,82.7
20260804T225741Z,24.9,83.2
20260804T225756Z,24.9,83.4
20260804T225811Z,24.9,83.8
20260804T225826Z,24.9,84.1
20260804T225841Z,24.9,83.8
20260804T225856Z,25.0,83.8
20260804T225911Z,25.0,84.1
20260804T225926Z,25.0,84.4
20260804T225941Z,25.1,84.9
20260804T225956Z,25.1,85.4
20260804T230011Z,25.1,85.1
20260804T230026Z,25.2,85.6
20260804T230041Z,25.2,85.8
20260804T230056Z,25.3,86.0
20260804T230111Z,25.3,86.4
20260804T230126Z,25.3,86.2
20260804T230141Z,25.4,86.4
20260804T230156Z,25.4,86.7
20260804T230211Z,25.4,86.8
20260804T230226Z,25.5,87.2
20260804T230241Z,25.5,87.2
20260804T230256Z,25.5,87.3
20260804T230311Z,25.6,87.3
20260804T230326Z,25.6,87.7
20260804T230341Z,25.6,87.7
20260804T230356Z,25.7,87.8
20260804T230411Z,25.7,88.0
20260804T230426Z,25.7,88.3
20260804T230441Z,25.8,88.4
20260804T230456Z,25.8,88.6
20260804T230511Z,25.8,88.6
20260804T230526Z,25.8,88.6
20260804T230541Z,25.9,88.9
20260804T230556Z,25.9,88.9
20260804T230611Z,25.9,89.0
20260804T230626Z,25.9,89.3
20260804T230641Z,25.9,89.3
20260804T230656Z,26.0,89.3
20260804T230711Z,26.0,89.5
20260804T230726Z,26.0,89.5
20260804T230741Z,26.0,89.6
20260804T230756Z,26.0,89.8
20260804T230811Z,26.0,90.0
20260804T230826Z,26.1,90.0
20260804T230841Z,26.1,90.2
20260804T230856Z,26.1,90.1
20260804T230911Z,26.1,90.3
20260804T230926Z,26.1,90.3
20260804T230941Z,26.2,90.3
20260804T230956Z,26.2,90.4
20260804T231011Z,26.2,90.7
20260804T231026Z,26.2,90.7
20260804T231041Z,26.2,90.7
20260804T231056Z,26.2,90.7
20260804T231111Z,26.2,90.8
20260804T231126Z,26.3,90.9
20260804T231141Z,26.3,90.9
20260804T231156Z,26.3,91.0
20260804T231211Z,26.3,91.0
20260804T231226Z,26.3,91.0
20260804T231241Z,26.4,91.0
20260804T231256Z,26.4,90.9
20260804T231311Z,26.4,91.0
20260804T231326Z,26.4,91.1
20260804T231341Z,26.4,91.0
20260804T231356Z,26.5,91.0
20260804T231411Z,26.5,91.0
20260804T231426Z,26.5,91.0
20260804T231441Z,26.5,91.0
20260804T231456Z,26.5,91.0
20260804T231511Z,26.5,91.0
20260804T231526Z,26.5,91.0
20260804T231541Z,26.6,91.0
20260804T231556Z,26.6,91.0
20260804T231611Z,26.6,91.0
20260804T231626Z,26.6,91.0
20260804T231641Z,26.6,91.0
20260804T231656Z,26.6,90.1
20260804T231711Z,26.6,89.0
20260804T231726Z,26.6,87.3
20260804T231741Z,26.5,87.2
20260804T231756Z,26.5,87.0
20260804T231811Z,26.4,85.7
20260804T231826Z,26.4,85.4
20260804T231841Z,26.3,84.1
20260804T231856Z,26.3,83.7
20260804T231911Z,26.2,82.4
20260804T231926Z,26.1,81.9
20260804T231941Z,26.0,81.0
20260804T231956Z,25.9,80.5
20260804T232011Z,25.8,79.8
20260804T232026Z,25.7,78.8
20260804T232041Z,25.6,78.5
20260804T232056Z,25.5,77.9
20260804T232111Z,25.4,77.5
20260804T232126Z,25.3,77.0
20260804T232141Z,25.1,76.3
20260804T232156Z,25.0,76.2
20260804T232211Z,25.0,76.8
20260804T232226Z,24.9,79.5
20260804T232241Z,24.8,81.5
20260804T232256Z,24.8,82.8
20260804T232311Z,24.8,83.4
20260804T232326Z,24.8,83.4
20260804T232341Z,24.9,83.9
20260804T232356Z,24.9,83.9
20260804T232411Z,24.9,83.9
20260804T232426Z,24.9,84.1
20260804T232441Z,25.0,84.2
20260804T232456Z,25.0,84.7
20260804T232511Z,25.0,85.1
20260804T232526Z,25.1,85.3
20260804T232541Z,25.1,85.4
20260804T232556Z,25.1,85.7
20260804T232611Z,25.2,85.8
20260804T232626Z,25.2,86.2
20260804T232641Z,25.3,86.2
20260804T232656Z,25.3,86.4
20260804T232711Z,25.3,86.7
20260804T232726Z,25.4,87.0
20260804T232741Z,25.4,86.7
20260804T232756Z,25.4,87.0
20260804T232811Z,25.5,87.0
20260804T232826Z,25.5,87.2
20260804T232841Z,25.6,87.3
20260804T232856Z,25.6,87.5
20260804T232911Z,25.6,87.6
20260804T232926Z,25.7,87.8
20260804T232941Z,25.7,87.9
20260804T232956Z,25.7,88.1
20260804T233011Z,25.7,88.1
20260804T233026Z,25.8,88.3
20260804T233041Z,25.8,88.5
20260804T233056Z,25.8,88.6
20260804T233111Z,25.8,88.6
20260804T233126Z,25.8,89.0
20260804T233141Z,25.9,88.9
20260804T233156Z,25.9,89.2
20260804T233211Z,25.9,89.4
20260804T233226Z,25.9,89.4
20260804T233241Z,25.9,89.5
20260804T233256Z,25.9,89.8
20260804T233311Z,26.0,90.0
20260804T233326Z,26.0,89.8
20260804T233341Z,26.0,90.2
20260804T233356Z,26.0,90.1
20260804T233411Z,26.0,90.3
20260804T233426Z,26.0,90.4
20260804T233441Z,26.0,90.4
20260804T233456Z,26.1,90.4
20260804T233511Z,26.1,90.6
20260804T233526Z,26.1,90.7
20260804T233541Z,26.1,90.7
20260804T233556Z,26.1,90.8
20260804T233611Z,26.2,91.0
20260804T233626Z,26.2,90.9
20260804T233641Z,26.2,91.0
20260804T233656Z,26.2,91.0
20260804T233711Z,26.2,91.1
20260804T233726Z,26.3,91.2
20260804T233741Z,26.3,91.1
20260804T233756Z,26.3,91.1
20260804T233811Z,26.3,91.2
20260804T233826Z,26.3,91.2
20260804T233841Z,26.3,91.3
20260804T233856Z,26.4,91.1
20260804T233911Z,26.4,91.2
20260804T233926Z,26.4,91.1
20260804T233941Z,26.4,91.2
20260804T233956Z,26.4,91.2
20260804T234011Z,26.4,91.2
20260804T234026Z,26.5,91.2
20260804T234041Z,26.5,91.2
20260804T234056Z,26.5,91.2
20260804T234111Z,26.5,91.1
20260804T234126Z,26.5,91.2
20260804T234141Z,26.5,91.1
20260804T234156Z,26.6,91.1
20260804T234211Z,26.6,91.1
20260804T234226Z,26.6,91.1
20260804T234241Z,26.6,91.1
20260804T234256Z,26.6,91.1
20260804T234311Z,26.6,90.0
20260804T234326Z,26.6,89.8
20260804T234341Z,26.6,87.7
20260804T234356Z,26.5,87.8
20260804T234411Z,26.5,87.2
20260804T234426Z,26.5,86.0
20260804T234441Z,26.4,85.4
20260804T234456Z,26.4,84.7
20260804T234511Z,26.3,83.5
20260804T234526Z,26.2,82.5
20260804T234541Z,26.1,82.4
20260804T234556Z,26.0,81.0
20260804T234611Z,25.9,80.4
20260804T234626Z,25.8,79.9
20260804T234641Z,25.7,79.4
20260804T234656Z,25.6,78.7
20260804T234711Z,25.5,78.4
20260804T234726Z,25.4,77.6
20260804T234741Z,25.3,77.0
20260804T234756Z,25.2,76.2
20260804T234811Z,25.0,76.4
20260804T234826Z,24.9,77.4
20260804T234841Z,24.8,79.3
20260804T234856Z,24.8,81.7
20260804T234911Z,24.8,83.0
20260804T234926Z,24.8,83.5
20260804T234941Z,24.8,83.9
20260804T234956Z,24.8,83.9
20260804T235011Z,24.8,84.2
20260804T235026Z,24.9,83.9
20260804T235041Z,24.9,84.0
20260804T235056Z,25.0,84.5
20260804T235111Z,25.0,84.5
20260804T235126Z,25.0,85.1
20260804T235141Z,25.1,85.2
20260804T235156Z,25.1,85.4
20260804T235211Z,25.1,85.3
20260804T235226Z,25.2,85.7
20260804T235241Z,25.2,85.9
20260804T235256Z,25.3,86.0
20260804T235311Z,25.3,86.3
20260804T235326Z,25.3,86.6
20260804T235341Z,25.4,86.7
20260804T235356Z,25.4,87.1
20260804T235411Z,25.4,87.1
20260804T235426Z,25.4,87.3
20260804T235441Z,25.5,87.6
20260804T235456Z,25.5,87.4
20260804T235511Z,25.5,87.9
20260804T235526Z,25.6,87.8
20260804T235541Z,25.6,88.0
20260804T235556Z,25.6,88.0
20260804T235611Z,25.6,88.2
20260804T235626Z,25.7,88.4
20260804T235641Z,25.7,88.6
20260804T235656Z,25.7,88.8
20260804T235711Z,25.7,88.8
20260804T235726Z,25.8,89.2
20260804T235741Z,25.8,89.0
20260804T235756Z,25.8,89.3
20260804T235811Z,25.8,89.4
20260804T235826Z,25.8,89.5
20260804T235841Z,25.9,89.6
20260804T235856Z,25.9,89.7
20260804T235911Z,25.9,89.8
20260804T235926Z,25.9,89.9
20260804T235941Z,25.9,90.0
20260804T235956Z,25.9,90.1